"","INPUT1A","INPUT1B","INPUT1C","INPUT2A","INPUT2B","INPUT2C","M10BM1","M10BM2","M10GUT","M10L","M10LN1","M10LN2","M10LUNG","M10S","M11BM1","M11BM2","M11GUT","M11L","M11LN1","M11LN2","M11LUNG","M11S","M12BM1","M12BM2","M12GUT","M12L","M12LN1","M12LN2","M12LUNG","M12S","M12SKIN1","M12SKIN10","M12SKIN11","M12SKIN12","M12SKIN2","M12SKIN3","M12SKIN4","M12SKIN5","M12SKIN6","M12SKIN7","M12SKIN8","M12SKIN9","M13BM1","M13BM2","M13GUT","M13L","M13LN1","M13LN2","M13LUNG","M13S","M13SKIN1","M13SKIN10","M13SKIN11","M13SKIN12","M13SKIN2","M13SKIN3","M13SKIN4","M13SKIN5","M13SKIN6","M13SKIN7","M13SKIN8","M13SKIN9","M14BM1","M14BM2","M14GUT","M14L","M14LN1","M14LN2","M14LUNG","M14S","M14SKIN1","M14SKIN10","M14SKIN11","M14SKIN12","M14SKIN2","M14SKIN3","M14SKIN4","M14SKIN5","M14SKIN6","M14SKIN7","M14SKIN8","M14SKIN9","M15BM1","M15BM2","M15GUT","M15L","M15LN1","M15LN2","M15LUNG","M15S","M15SKIN1","M15SKIN2","M15SKIN3","M15SKIN4","M15SKIN5","M15SKIN6","M16BM1","M16BM2","M16GUT","M16L","M16LN1","M16LN2","M16LUNG","M16S","M16SKIN1","M16SKIN2","M16SKIN3","M16SKIN4","M16SKIN5","M16SKIN6","M17BM1","M17BM2","M17GUT","M17L","M17LN1","M17LN2","M17LUNG","M17S","M17SKIN1","M17SKIN2","M17SKIN3","M17SKIN4","M17SKIN5","M17SKIN6","M18BM1","M18BM2","M18GUT","M18L","M18LN1","M18LN2","M18LUNG","M18S","M18SKIN1","M18SKIN2","M18SKIN3","M18SKIN4","M18SKIN5","M18SKIN6","M19BM1","M19BM2","M19GUT","M19L","M19LN1","M19LN2","M19LUNG","M19S","M19SKIN1","M19SKIN2","M19SKIN3","M19SKIN4","M19SKIN5","M19SKIN6","M1BM1","M1BM2","M1GUT","M1L","M1LN1","M1LN2","M1LUNG","M1S","M1SKIN1","M1SKIN10","M1SKIN11","M1SKIN12","M1SKIN2","M1SKIN3","M1SKIN4","M1SKIN5","M1SKIN6","M1SKIN7","M1SKIN8","M1SKIN9","M20BM1","M20BM2","M20GUT","M20L","M20LN1","M20LN2","M20LUNG","M20S","M20SKIN1","M20SKIN2","M20SKIN3","M20SKIN4","M20SKIN5","M20SKIN6","M21BM1","M21BM2","M21GUT","M21L","M21LN1","M21LN2","M21LUNG","M21S","M21SKIN1","M21SKIN10","M21SKIN11","M21SKIN12","M21SKIN2","M21SKIN3","M21SKIN4","M21SKIN5","M21SKIN6","M21SKIN7","M21SKIN8","M21SKIN9","M22BM1","M22BM2","M22GUT","M22L","M22LN1","M22LN2","M22LUNG","M22S","M22SKIN1","M22SKIN10","M22SKIN11","M22SKIN12","M22SKIN2","M22SKIN3","M22SKIN4","M22SKIN5","M22SKIN6","M22SKIN7","M22SKIN8","M22SKIN9","M23BM1","M23BM2","M23GUT","M23L","M23LN1","M23LN2","M23LUNG","M23S","M23SKIN1","M23SKIN10","M23SKIN11","M23SKIN12","M23SKIN2","M23SKIN3","M23SKIN4","M23SKIN5","M23SKIN6","M23SKIN7","M23SKIN8","M23SKIN9","M24BM1","M24BM2","M24GUT","M24L","M24LN1","M24LN2","M24LUNG","M24S","M24SKIN1","M24SKIN10","M24SKIN11","M24SKIN12","M24SKIN2","M24SKIN3","M24SKIN4","M24SKIN5","M24SKIN6","M24SKIN7","M24SKIN8","M24SKIN9","M25BM1","M25BM2","M25GUT","M25L","M25LN1","M25LN2","M25LUNG","M25S","M25SKIN1","M25SKIN10","M25SKIN11","M25SKIN12","M25SKIN2","M25SKIN3","M25SKIN4","M25SKIN5","M25SKIN6","M25SKIN7","M25SKIN8","M25SKIN9","M2BM1","M2BM2","M2GUT","M2L","M2LN1","M2LN2","M2LUNG","M2S","M2SKIN1","M2SKIN10","M2SKIN11","M2SKIN12","M2SKIN2","M2SKIN3","M2SKIN4","M2SKIN5","M2SKIN6","M2SKIN7","M2SKIN8","M2SKIN9","M3BM1","M3BM2","M3GUT","M3L","M3LN1","M3LN2","M3LUNG","M3S","M3SKIN1","M3SKIN10","M3SKIN11","M3SKIN12","M3SKIN2","M3SKIN3","M3SKIN4","M3SKIN5","M3SKIN6","M3SKIN7","M3SKIN8","M3SKIN9","M5BM1","M5BM2","M5GUT","M5L","M5LN1","M5LN2","M5LUNG","M5S","M5SKIN1","M5SKIN10","M5SKIN11","M5SKIN12","M5SKIN2","M5SKIN3","M5SKIN4","M5SKIN5","M5SKIN6","M5SKIN7","M5SKIN8","M5SKIN9","M6BM1","M6BM2","M6GUT","M6L","M6LN1","M6LN2","M6LUNG","M6S","M7BM1","M7BM2","M7GUT","M7L","M7LN1","M7LN2","M7LUNG","M7S","M8BM1","M8BM2","M8GUT","M8L","M8LN1","M8LN2","M8LUNG","M8S","M9BM1","M9BM2","M9GUT","M9L","M9LN1","M9LN2","M9LUNG","M9S"
"CGTGGATTGGAACAGCTTCT",7,21,44,56,20,44,22,18,3,10,20,22,25,8,15,21,3,12,263,26,27,10,14,19,6,22,29,12,10902,21,20,14,37,29819,22370,43456,17,12699,7400,20,18,26,15,14,1,2,48896,8,10,6,30227,11,33,9162,17594,15,14,16,28177,18,23,22,23,12,16043,10,15,11,15257,10,30,32,32,32,32,20,84779,1684,33,15,17969,23430,15,17,1,10,18,169,21,4,7939,13865,6283,24442,6356,25,14578,25,5,13,33867,6091,14,8,0,21628,30243,11629,11249,82,33,18,9,19,378,3093,31,20,17525,23091,13679,22822,38,28121,22,14,5,9,383,12,17,274,24774,14511,22420,18055,12722,11819,25,19,53,12,7930,90,21,11,14576,580,38362,0,13489,31442,12,13,26,19,15,18,5713,13,17,9,5103,20,26,7,10,15,12,2108,14072,4162,24,15,5,11,3142,26,1338,5,13,29036,6089,33483,13508,41409,20804,16333,3,20,36,22,0,19,33,19512,10726,18899,5310,7113,3338,10050,29,13458,10185,31272,16,10,5,6877,19,7803,15107,533,4164,19,29,25,8786,0,698,11350,26,20,21006,39,15,15,3,13,24,26528,13,6,20,26,22,29,44,16,16089,7428,35761,24,20,42,28,40,9,29,27118,12289,58178,14,21335,6800,33565,17784,101959,36,11699,32,3952,14983,30,23796,12,12,0,13,19,15,11777,10,12,8,28,11,46676,5,11,2546,6935,12,2625,19,12,17,27,16,18570,7072,13,14,24,19,26,6522,56515,1225,21,7170,25,11825,13646,5651,17,12,16,12,29,14,1,15,58343,21,12,22,18,16,10315,20,1106,2518,60348,16,24,19,25,11,14,3047,8,0,25512,8,10,8,1377,12,8421,41,12860,13,18,9,18,15,2,8,11,19,10,6,16,16,2,3,13,17,24334,6,11,12,0,7,15,13,13,80,8,10,1,6,11,17,12,2
"TTCTACCGAGTCCTCGTAGA",0,0,13,15,10,5,8,4,3,9,27,5,39033,12,2,0,0,2,2576,6,8,3,30,4,0,4,2,5,2054,4,6,5,10,8,7407,2,6,2830,11,2,1,9,13,1,1,2,0,0,6,2,14,19,67888,27,1482,11,13,12,18141,9069,12,22,27,3,0,2,4,5,8,5,0,3,5,3,2,5,4,0,4,0,0,2,41,5,1,8,125,2,3,6,20270,3741,6433,9694,12302,4,4506,1,0,5,25,4,5,2,38041,6538,15,1977,18,16,4,3,0,7,32,4,9,2,5992,32,0,9112,1,380,3,5,1,6,21,3718,7,152,5402,6431,5199,12106,3979,10,4,4,0,4,31551,4,11,5,4882,9540,5980,16,1760,6319,7,2,7,9,0,8630,2780,3,5,6,4752,28,4,1,4,2,6,10,4796,5,5,7,1,6,20,2,3,171,7,7554,7152,6335,2014,8765,126,6355,1,16,70782,12,15,11,11,19,19242,10108,21664,1630,6,63,9369,8573,5252,17,5,5,0,4,18,9,9,1286,3836,9,20,6,10647,10,9046,6131,15,9,7832,13728,2,4,1,5,24,4,12,2,6,19,15,43316,15,14,11,5,15130,11,7,15,7,10,4061,9,15989,9,20106,6,1318,10,16,18032,2,17495,7,11,11,10,10,11485,4,3,0,7,59690,12,11,2,1,0,13,3,6,3,2,1,10,15141,2,14,8,12,6,7,4,16,3,5,1,15,12,1521,1,0,1,2718,4,4098,9,10,3,6,3,12,0,11221,2,3,2,9,17,14,10,4,10321,5,16,34,12,6,10,8,6,5,0,1444,1,4,6,0,1,2,1806,4,8549,10,2061,3,3,0,3,5,1,4,18,2,5,8,2,5,0,6,29,3,34802,2,0,2,0,4,15,4,8,0,7,5,0,2,18,5,6,4
"GGGCTTGGACTTAGTGAAAG",4,4,9,4,6,8,16,10,0,11,4,7,6,1,5,9,0,3,6,8,3,2,8,5,2,202,94621,14,9,8,5,1,8,26277,1876,1,4,4,4462,4,4,4,1,8,0,3,6,7,2,1,7,29983,13,3800,5,8,9,8,9575,2922,4,9,2,2,1,1,7,9,26628,2,5,4,4,6,2,1,1,3,3,3,1,1,2,7,0,1,20,21,1,2,1,7,17662,7,7,8,3511,6,1,1,4,6091,5,2,11624,3291,6073,5,11,5635,10,2,0,2,27,297,4,1,3250,9712,16895,7,5070,5621,5,6,0,4,8,282,2,0,15679,2950,13409,6645,8,5698,9,3,1,3,1,1,5,5,8733,8837,15,10088,2617,6,2,3,11,8,2,4,3,8,5,7,11,4,14,5,7,7,4,1329,2898,2,15,9,0,4,3,5,3,1,9077,14904,8,9144,1079,7547,3518,4301,0,1,10,1307,7,6,3,8,9495,12,6845,819,1,6,4243,3380,1,8,11,9,0,7,7,5,5087,4,1,5,6,10,10662,8005,7966,0,4,2,1,4,20,1,0,4,2,4,0,1,9,7,6,13,5,1,4,4428,8894,4,1,3,13,7,0,4,8,5,6,1,3812,4,12,45027,10,9,7,5,12,6,1,0,13,10,0,1,4,8,9,3,4,5,4157,12686,7,7,5,4387,2,3,2,8,0,3,8,8,12332,8,1,1,2,5,9,736,2,0,5,1058,1,5056,11,2,0,4,2,5,0,6245,1,5,7,5,6,8,4,3,5,1,6,4,10719,1,0,2,6,4,4,177,6,1779,4,6,4,8,29,3,6,6,14,2,13851,2,9,5,0,2,2,8,4,2,6,5,1,1,5,321,9212,2,9,2,1,1,2,3,3,1,7,4,0,3,5,5,5,0
"AACGCTGACCACAAGTTCGA",1,5,19,25,26,6,5,3,2,14,7,5,29,6,4,2,7,9,18259,7,19,3,5,2,6,4,4,2,2166,1,11,9,8,7,13791,17675,7,9,4194,8,4,11,1,7,2,5,2,2,4,1,6,11,0,7,3197,3,3,7,18071,1628,3,10,2,3,3,10,5,0,10,2,2,4,5,4,11,2,5,2,8,0,0,3,7,2,5,10,0,0,23,1,6041,3478,1,3384,3,6,5769,2,5,8,4,5,30,3,6526,11629,39037,20325,14,3,9,7,9,12,3202,11,65899,6,7,1780,8738,9675,2,6739,4,3,8,8,4,1,25,2,3,6,8,4826,8847,6894,5,7,1,9,3317,404,39152,3,5083,17036,6080,10,2846,7,1,2,3,8,2,11,2206,4,8,3,11,11,1,3,5,5,6,5836,3937,5,4,1,27,7,21,2,20,2,2,1,6,6,2,0,10,4777,36053,19,4,9,20,9,19226,24889,11113,20,4985,3400,13277,10128,12,7,7,14,3,0,115,1889,2,2,26,1332,13001,5,10,6,1116,8,2,7239,10,2,4,8,3,2,2,6,3,5,23,1,6,9,10,7,14,3,2,1,15439,3,2,4,11,5422,5,16,10,3,26,7,2974,17883,13,28946,15,8923,17,8,4558,13,4,13679,8,9,5,16,10,6,14235,5,11,12,5920,27611,12,8,9,3,3,8,7,24192,8,6,6,8,4,12,10,11,5,9,71,11,2,0,1,1232,0,15,12,7,2,2,5,3,2,12,12,2,3,5,1,4,5,2,2,2,5,5,1,1,0,2,10,4,1,11226,12,471,455,14,8,7,321,10,7,7,3925,6,6,4727,4,1,7,7,6,14657,8,3,6,3,5,10,10,4,67847,3,1,1,3,5,5,2,17,1,8,3,7,5,3,6578,26,3
"GACCCAACAAAGTGTTCACC",4,7,59,46,47,44,37,33,9,2788,36,36,55546,33,35,25,4,16,5762,2224,36,15,33,17,1,26,35,27,19410,19,5236,76,79,56290,37950,45,69656,7546,10018,154780,16923,88,30,21,4,18,97853,23,26,23,88865,68,31332,23356,17812,20468,60,41,34932,20968,51607,55,26,18,1,16,36,49334,28,18,31,30,35,43,42,8716,13801,6496,33,13439,27,28289,42,21,219,24,40,1725,927,10,41824,18170,40653,23095,59685,57,26720,39,3,31,8398,28,44522,30,34,18086,31868,11275,25339,12620,55,26,9,25,5298,37519,32,18,13240,27210,30975,14147,18196,27580,30,27,2,28,8014,20757,44684,293,16364,27663,22222,14019,15408,17736,34,33,5,108,15051,208,12478,3448,32918,42119,46375,15065,8790,18561,19,35,43,31,11,34578,6635,35,52,32,49,36905,248,9924,43,14273,58,15572,27324,39,28,32,4,3243,31728,351,6807,14,17370,23760,18171,57770,21975,33086,5749,29311,9,30594,44,30,51,14,1331,33188,9946,81246,17111,14175,0,11266,22120,27769,17667,21572,55,42,5,26984,21870,16392,28519,30,16187,31,35,32,7595,14488,37867,6916,45,42,11772,31,47,33,4,3460,16802,17,28,20,46,23512,72,58,5706,18504,11998,25715,57793,44239,50,55,55,28,5,20,22548,19,29380,21,33411,86059,26795,57318,48190,24032,14311,9438,26747,56,4198,38639,42,28,6,26,36,23,44,25,24364,56237,24539,10717,1375,19,63003,25,3271,7733,38,25019,15,38,41,31,17880,6606,20,44,70277,35,9684,14212,29,43,22,7407,21,4128,12815,4642,13,48,43,35,17,19404,26,31,31143,39,9255,35,21,23,6760,14300,21,45505,20507,89134,22,27,37,44,21,23834,23,2138,11917,22,31,1095,1133,41555,24705,21491,12751,37,34437,8105,23,8,3,13,24,18,25,10,17,23,1,11,22,17,28854,15,26,21,0,14,32296,15,22,18,20,24,1,14,34,14,18,180
"GTGGTACACTATACGGTTGC",1,5,16,23,36,18,21,10,4,23,15,10,27,17,19,1,0,14,445,9,0,5,16,9,0,13,18,3558,6866,3,14,15,19,15,18542,13,19,6661,6309,14,11,12,13,7,1,11,19,21,16,11,29,35,34,22,24654,11,42481,25,18965,23899,18,27,11,12,1,10,15,5,13,3,13,40072,17,16,15,12449,15,2169,17,12,7,17,14,13,1,22,80,164,16,26,6370,17636,18780,1286,37429,37,13198,12,3,17,10,3100,9,3,12217,10867,7721,7576,17480,14791,14,10,1,21,838,1728,22,6,5238,4501,20520,4603,7904,26099,13,3,0,9,25440,6,12,7,14985,11563,20391,12699,20514,7821,29,7,2,18019,15106,100,16,12,19497,40955,26251,23290,10171,6552,8,12,14,13,7,8687,9,10,30476,36366,2922,23,17,8833,12,15,25,4668,7367,17,20,4,2,7637,12594,19,19,180,9954,5192,6818,9,153,40323,30,11896,2,20,26,18,23860,15,26,15874,25544,10226,24942,3880,6409,25602,8053,21781,22,28852,14,5,5,2000,8031,15,16259,1307,8314,18,23,20,4203,386,18952,15539,14,17,12,16,16,2,0,15,5,11,6,2,22,30,28,21,33247,15,7914,9377,28604,27,18,29,26,8,0,27,9220,2268,26,11,11126,13983,20,48708,629,10,27,23,4267,20,11,19088,15,15,2,29,24,19,23544,14,13,37708,15013,12,19,7,13,12,14,17,5,13,12,21,22,18,6102,5464,7,10,5,19,9389,41,14,5,4,1431,12,22,12455,7791,8,11,12,20,10,16,8,7,14,16,11,254,11,8,11,27126,12,17,20,29187,14,19,20,23,7,3466,13,1974,15,9,9,7273,12,20718,13,16,3877,7,8,8629,16,8,0,11,10,16510,13,0,13,12,0,20,17,8,49481,8,11,6,0,13,10,3,9,101,18051,15,1,66385,13,2,18,5
"AACGACACATGGACGTACCA",5,12,75,64,90,26,60,39,7,36,46,51,62579,35,33,20,0,15,8517,8307,53,19,47,23,3,27,94642,0,26788,37,4999,85,67,58360,34786,17781,68569,7177,10633,45109,8353,69,44,12,7,28,30,16,32,19,26735,57,33716,2297,30154,61,54,38,53382,33324,28637,62,41,29,5,21,30,35,52,25,41,41355,51,65,59530,26780,38,39,46,39,21639,45707,44,23,0,26,3357,212,53,27,61496,17717,53259,16863,29610,19323,26453,29,15,21717,5222,9801,17941,29,6180,31246,46893,35763,47299,24964,60,43,7,34,17945,10000,34549,33,23290,24949,23719,24785,22214,27154,39,21,0,27,68748,1973,36,22,25969,32607,43141,24191,3034,20147,57,46,6,42,7555,36,24769,9940,56103,48290,22991,55644,14874,34492,16,30,33,29,18,21318,5252,26,32,38,52,55,50989,10039,35391,8649,53,9354,29385,6420,22,27,3,18580,25377,1221,18359,1079,40915,22776,29826,49714,27698,74731,13027,27436,5,40,67,30,17291,39,32018,14224,12020,21571,13428,9366,7090,10181,4781,29327,5269,31219,43,3573,4,5828,10728,30,12326,2078,7824,26,45,38,13972,28,35412,14018,32,41,20,34,31,30,1,18,30,28,36,1296,63,45910,0,88,68,10640,34074,13798,70193,39996,46,52,64,40,3,54,13892,24,58508,1715,23894,18287,11996,82813,55,18721,12948,59,21009,43106,1898,38007,61,39,4,30,59489,32,32344,21,27,33,7650,32,24958,16,62183,32,46,15542,714,40,24,51,33,34,5716,5485,24,55,33,32,37,7449,54,7942,82124,3702,47,20752,50,5311,29,47,29,38,3759,21738,17,33,17,60,52,31115,11869,13,10577,29,44309,47,61,60875,10,39,44,44,6808,43144,13,2679,14437,34899,26,13299,3285,28,23058,44,19721,20,37,9669,30,15,0,25,27,18,33,14,26,33,1,18,42,21482,74622,18,32,34,1,18,49960,26,41,18,26,29,1,34,2154,21,31,2245
"TTAGCGTCTCCCTACACCTT",5,3,25,19,28,17,10,7,1,7,7,164,19531,4,9,6,4,2,1,2425,17,2,7,8,5,3,3,7,5046,5,9449,32,22,18,14126,17,25,4090,24388,21,29231,28,11,6,1,5,7,7,13,5,14,16,16946,28,13975,10584,20353,18,18352,8943,24,18,3,5,1,5,6,4,27527,3,19,21,33,14,18,8315,0,1961,17,94908,5091,22,4,8,4,2,7,130,25,35,4149,6,14399,4147,13328,18763,9481,3,2,2,9,2933,20,11,1,9334,10066,6,13064,18,10,8,15791,9,4,5304,21,26,12,24,13,16629,17,9810,7,11,0,8,6,11,42798,180,14644,12472,10,10,6152,6657,12,10,4,4,9437,155,25653,9,10263,6,6156,6,6,6,1,12,16,8,14,11568,11282,17,21,19,5495,111,13,37233,22,15,17,10,15033,10,5,4,2,1,5,212,12,4,4692,4249,7340,4441,14,3350,12377,9137,3,13,12,23,24,9,10,7004,26,22,5770,4104,16,10262,4909,16,9642,9215,7,7,6,13,13,5,20,4,4328,7,5,8,4648,8,6,7978,7,11,31,5,12,7,1,5,7,23176,13,6,19,24262,27,8408,32039,9703,18,11,19384,11277,18,19,10,11,5650,4,15194,8,12,4,18833,34124,25,6777,20,19,25,13,15566,31483,9051,14548,6,12,10,7,2316,9,14178,11,18,16,9128,39671,32,27,30072,19,23,17,2090,22,5,9,21,8,13278,13413,9,16,14,1,17,1591,11,18887,20,8314,18,2339,13,4600,0,9,17,11,11,5,9,11,4,10,17,16,3,4,1,2451,2,2506,20941,13,5,10,19,15,17,2376,14,4132,27,12,17,14075,1363,20969,4001,27,14462,16928,19034,15,2,3,3,2,8,7,6,2,5,5,3,1,12,10,1690,5,4,3,0,1,4,5,16,6,5,4860,2,2,2,13,13,395
"TAGCGGCTTCCCTAACCATA",0,9,18,6,23,11,9,7,0,11,9,17,12,7,2,1,1,9,4,8,11,1,7,6,0,7,6,5,4987,1,9,6,11,28335,6095,4,3,9,8,8,6,9,8,11,0,5,10,3,3,4,29317,27,29,21,7666,17,22402,48085,22082,6204,30081,34,7,11,0,10,4,12,7,4,90,4,6,10,6,3605,2,9,6,0,9,3,5,23,1,9,3,3,7,2,222,10813,3,7,6487,13,4148,20,0,21489,15,3099,14,4,21724,12678,7087,12,10172,17636,6,12,2,14,298,3371,22747,12,16,9698,14748,1318,8,25370,9,1,1,5,7,3708,7,13,26065,35892,5310,10150,9278,5979,7,6,3,7,147,8,925,3556,9673,20,7727,16395,5529,24,4,6,11,22,2,3984,4276,4,2,18,22,32,4,1,3,8,7,2689,4987,3960,8,12,6,4667,15,284,11,10,3656,19026,13,12347,10849,17167,2558,7044,7,14,9,17,7,8,18,17810,10456,23,10021,1447,13129,5683,14931,6189,3687,27,2,8,13,4744,4,14,9063,3,24228,10,11,12,4607,10,7,14131,14,8,3718,13,10,10,1,15,11,11,24722,347,9792,8,7,20,5,6,8067,9174,16475,4,12,16,8,10,3993,8,10,9,7,5,6095,9923,12,9330,18,16,12,18,20,14,9,16979,2,9,2,7,7,6,4,3,11,7,8,13530,8,5,4,9,12,3,2980,16546,3,4,8,16,6291,7280,3,12,7,10,15,1450,6,5,5,3310,9,1043,19,1524,8,12,7,16,2,11,5,6,12,8,3,7,12,8,33184,13,13,11,4,7,3,6,10,16,4,2276,7,6,12,4,6,5,375,42470,8101,13,4175,3,5,6,6,5,1,5,3,7,8,1,7,5,1,9,6,5,5776,0,7,1,1,5,21751,9,12,1,6,5,0,5,2,13,13,1
"TCGTGTCAACAGTGCGACTA",13,10,41,18,35,24,23,17,9,6,32,28,28,19,18,11,6,14,27,21,20,19,29,20,11,4,20,19,15868,22,16,14,21,35,22726,11,19,7290,27,12,7,17,29,16,6,11,9,5,8,9,31153,52914,18230,11554,19759,0,48,82048,57911,18015,41,71,20,24,9,12,19,14,18,8,15,21,22,7482,31,12942,16,6797,36,16,5853,15769,28,26,8,9,18,3339,18,17,18738,24658,9351,32878,46139,23,15699,23,16,14,23375,10697,11334,20,2270,11349,23079,20421,8753,13671,28,20,67587,16,8008,6325,78072,23,27908,25343,20822,12227,16040,20290,9806,18,5,12,27888,11384,22,599,27213,18095,59273,35862,49,16783,21,15,11,12,33158,794,12,12701,18452,20232,19602,23046,4548,29741,10,34,19,27,8,29,0,8,15,40834,13270,46,11,10,12,11,7,11342,10998,31,22,19,41,22,12499,361,27,19,9056,22437,21958,13120,9320,61371,10396,25518,17,26,47,9059,29,20,38118,26294,36865,75488,5446,6229,37560,22425,10699,9195,21514,38589,19,24,8,5913,21817,27,36470,2042,9077,16,24,37,4560,417,19226,26996,27,22,14,22,12,12,7,7,31,19,11,8,57,66,60,117985,69,17065,8752,13293,58973,20318,36,58,24,15,9,18,16178,29,26,28,14486,59003,50,35445,29,29,8822,12141,4650,24,4310,37047,22,18,6,26,38,35,24,17,11024,21,29561,14243,0,38488,19,22,27,14,7837,21,4,28,11,32,10,6976,5,3,36650,27,42,7589,17,5,21,3548,23,2642,54,0,7,38,17,36,11,26,9,4,17,27464,43,46,22,13,10327,13,12320,37,26708,30,14,55,20,27,9,34427,23,12,40938,17,17,30,360,20,15,29,7138,17690,16,8,10,9,3,6,21,15,15,14,10,12,5,5,22,22,8,360,3,8,5,3,25,13,15,10,14,12,5,15,4579,2118,13,13
"CCGTCACGACCGGCTGAAAT",1,0,5,0,1,1,0,1,0,1,2,0,0,0,0,0,0,0,5947,0,1,0,0,0,0,0,0,1,0,0,3,0,2,16,1,0,1,0,1,0,0,1,0,2,1,0,0,1,0,1,6,1,3,11593,1545,5,6,2,2055,5,9,7,0,1,0,0,0,0,0,0,4,2,1,9,0,3,0,127,1,3,9985,3,2,1,0,0,0,0,0,0,0,1,0,8,3,2,1625,1,0,2,2,1,0,3,1,1,0,2,5,4,2,0,0,0,0,0,0,0,2,2,0,5,2,2,2,1,0,1,0,0,0,0,0,0,0,8,3826,4,0,0,0,0,1,0,0,337,1,5,1,10,17,6390,7,0,1,2,4,1,0,0,1,4,6,19861,0,9183,0,1,0,2,1594,5,0,0,0,0,0,0,0,0,1,2,0,7,1,7403,0,2,0,0,1,1571,0,0,35644,5,4,12,6,0,3,2,8,4,6,4,0,0,0,0,3,0,0,1,21,17,20,144134,18,19,13,13,21,12,10,20,0,0,0,0,3,0,1,1,5,1,2,6,0,1,0,0,299,0,1,1,0,0,0,1,0,1,1,0,3159,1,1,6,1,8147,0,0,2,4,1,4046,0,0,0,0,0,0,0,0,3,0,0,11,0,1,0,0,1,0,0,1,16,0,2,2,6087,0,0,1,4,4,7,3,2,3,0,0,1,2188,5,1433,5,1,0,3,2,3,0,0,14,0,0,4,18,11,12,18,19,1,0,2,11,1,0,6,5,1176,0,1,1,0,0,0,283,0,2,2,1,0,0,0,0,0,0,0,0,0,0,0,0,0,1,1,0,0,0,1,0,0,0,0,0,0,0,0,0,0,0,0,0,0,0,1
"AGGTTTATATCATCAGCGCT",0,0,0,0,0,0,0,0,0,0,0,0,0,0,0,0,0,1,0,0,1,0,0,0,0,0,0,0,0,0,0,0,0,0,0,0,0,0,0,0,0,0,0,0,0,0,0,0,0,0,0,0,0,0,0,0,0,0,0,0,0,0,0,0,0,0,0,0,0,0,1,0,2,0,0,0,0,0,0,1,0,1,0,0,0,0,1,0,0,0,0,0,0,0,0,0,424,0,0,0,0,0,0,1,0,0,0,0,0,0,0,0,0,0,0,0,0,0,0,0,0,0,0,0,0,0,0,0,0,0,0,0,0,0,0,0,0,0,0,0,0,0,0,0,0,0,0,0,0,0,0,0,0,0,0,0,0,0,0,0,0,0,0,0,0,0,0,0,0,0,0,0,0,0,0,0,0,0,0,0,0,0,0,0,0,0,0,0,0,0,0,0,0,0,0,0,2,0,0,0,0,1,0,0,0,1,0,0,0,0,0,0,0,0,0,0,0,0,0,0,0,0,0,0,0,0,0,0,0,0,0,0,0,0,0,0,0,0,0,0,0,0,129,0,0,0,0,0,0,0,0,0,0,0,0,0,0,0,0,0,0,0,0,0,0,0,0,0,0,0,0,0,0,0,0,0,0,0,0,0,0,0,0,0,0,0,0,0,0,0,6208,0,0,0,0,0,1,1,0,0,0,1,0,1869,0,0,0,0,0,0,0,0,0,0,0,0,0,0,0,0,0,0,0,0,0,0,0,0,0,0,0,0,0,0,0,0,0,0,282,0,0,0,0,0,0,0,0,0,0,0,0,0,0,0,1,0,0,0,0,0,0,0,0,0,0,0,0,0,0,0,0,0,0,0,0,0,0,0
"GTGCTGACCAATCGACCAAG",0,0,0,1,1,0,0,1,0,0,2,6,0,2,0,3,0,1,12564,0,2,0,1,4,0,0,0,3,0,0,6,3,3,5,5792,18057,0,1,5,0,1,0,1,5,0,4,1,1,0,0,0,0,1,0,1,2,0,2,425,0,0,0,3,2,0,5,4,2,2,1,0,0,2,1,0,0,0,2,0,0,0,1,1,2,0,0,0,2,0,2,3,2,6179,0,3,3,1190,2,0,0,0,3,4,1,0,0,1,0,0,0,0,2,0,0,1,3,1,0,4,1,4,0,0,1,0,1,0,2,2,5,2,0,8,2,10775,2,1,6414,0,1,0,0,2,1,1,0,1,1,1,0,0,2,1,5,1,1,2,6,1,1,2,4,0,1,2,3,2,3,8,0,1069,2,0,3,0,0,2,3,6625,0,9874,1,4,1,10,10,0,487,0,0,1,3,1,0,4,1,4295,4,0,2,1,4,1,2,1,3,1,3,0,0,1,5,0,2,1,0,4,0,2,1,0,1,0,0,0,0,0,2,0,0,1,7,0,0,9,11,12,10,6,3,10,9,413,8,7,7,0,4,0,0,0,3,1,0,3856,2,7,1,1,1,0,0,2,1,0,1784,0,1,0,0,5,2,0,0,2,0,0,0,1,0,0,1,0,0,0,1,0,5,1,0,1954,1,0,1,1,2,2,4175,0,0,3,0,1,2,3,4,0,5,0,0,0,3,0,2,1,26205,11,15637,0,2,4,0,0,5,12,27330,0,3,1,0,1,0,0,1,2,1,0,2,623,0,1,1,3,0,0,4,0,3,0,0,2,15893,2,3,0,2,0,0,3,4,1,2,0,2,0,0,1,2,0,0,0,2,0,0,1,4,3,0
"CTCATCCTGCGAACCAAGTG",0,1,0,17,0,1,0,2,0,0,0,0,0,3,2,1,2,1,21588,1,2,4,2,0,0,0,0,4,0,1,4,7,10,29444,8,9,33329,4,9,5,9,8,1,0,0,0,0,1,0,1,3,4,6,2,1,1,3,3,1604,4,3,1,5,0,0,0,0,1,0,552,0,0,4,0,0,0,5,0,0,0,0,0,1,0,0,2,0,2,0,1,3,5,11245,2,1381,11,904,3,0,1,3,1,0,1,1,3585,1,1,2,6101,0,0,0,0,1,0,0,2,5,1580,4,4,1,1,1,0,0,1,2,1,0,0,1,2,0,4,430,4,5,2,0,3,6,263,1,6,0,0,429,1,1,2,1,1,2,0,0,1,0,5,5,1,3,1,6,4973,8,9,10,2728,3153,3,0,3,0,0,5,0,0,0,3809,10270,2299,0,1,0,0,909,1,0,2,0,0,1,1,1,1,2,1,1294,6895,3,2,3,1,2,0,1,1,796,5,0,0,1,6056,1,3,1,1,0,1,1,1,0,2671,0,0,1,0,0,4,0,1,1,0,0,2,1,1,1,3,0,2497,0,0,1,0,4,0,2,3695,1,0,2,1528,0,3,4,1,1,5,0,3295,0,0,0,1,1,0,0,1,0,1,1,1,0,3,0,0,0,4,3724,1,0,0,1,0,1,0,2,0,2252,0,12,2,2,6,2,0,0,0,1659,1,4,0,1,1,0,0,0,0,6744,0,5,2,3,1,0,1,0,0,0,0,0,0,0,0,0,0,1,0,220,1,5,1,0,0,1,0,0,0,0,2,1,0,0,0,2,0,0,3,0,0,1,1,2,0,0,4,0,2546,0,2,2,0,2,2,0,1,0,0,0,0,0,1,0,0,0
"TGAAGGTAGACGGAGGATTT",0,0,1,0,0,2,0,0,0,3,0,1,0,0,0,0,0,5,1579,3,0,0,2,1,0,3,0,0,0,0,0,0,0,0,0,2,3,0,4753,1,0,0,0,2,0,2,0,0,0,0,0,1,0,0,1,0,0,0,850,1,0,0,0,1,0,1,0,0,0,0,1,0,0,0,4,0,0,0,1,0,0,0,1,2,0,3,85,0,0,0,1,0,0,0,1,0,1148,0,0,3,1,4,0,0,4,7598,3,4,0,1,2,2,2,6,2,2,1,0,1,1,1,5609,0,2,0,0,0,4,0,0,0,0,0,0,1,2,0,0,0,0,0,18765,0,6,2,0,0,0,0,0,0,0,0,1,0,0,0,0,1,0,1,0,0,1,1,0,0,0,0,0,1036,0,0,0,0,1,0,2,0,0,2237,2,0,2,0,1,0,4,0,6,2,1,0,1,0,2,0,0,1,427,0,0,1,4785,1,0,2,0,1,5,1,16984,1,0,3870,0,0,1,2,0,0,1,0,1,0,0,0,1,0,5,0,2,0,0,0,1,0,0,4,0,1,1,852,2,0,0,0,1,0,4,5,4,0,0,0,0,0,0,2,1,2,0,1,1,0,3393,1,0,0,7,0,4,0,0,1,2,2,2,25237,0,0,0,2,0,5,2,0,0,2,0,0,0,3,2,0,0,1,1,0,0,0,1192,0,1,2,0,0,0,0,0,0,0,1,0,1,0,0,0,0,0,1,0,0,0,0,0,0,0,1,1,0,1,1,2,0,1,2,3,1,0,0,0,0,4,7,2,0,0,0,1,0,2,0,0,0,0,0,8,2,2,0,0,0,0,0,4,0,0,0,0,0,0,0,2,2,0,0,0
"ACCACCCGGACATGATCGTC",0,1,10,0,2,7,4,1,0,2,6,1,2,2,9,0,0,1,4579,4,3,3,1,2,1,2,4,1,3542,0,10,6,8,6,2196,0,35879,4,9068,5,7,11,7,1,0,0,4,1,1,1,5,7746,12,35155,2129,10,7,6,2354,0,14,6398,8,6,0,0,5,1,0,1,2801,6,4,3,2,3,2,2159,7,3,2255,6,4,1,1,0,4,5,1,1,0,0,1,2,10,5,12162,1,2,2,6,3249,0,0,0,1,2,3,10329,6555,1,6,0,0,5,2,1,0,6,0,9,11,7,5,2,2,2,1,9806,3,1,0,0,4,10491,1782,3187,9,7,3,290,2,8497,359,5,3,1,10085,8263,6,3032,2358,0,9,3,9,0,7,5590,9,9,0,10,9,2,9650,5,6,8,5811,16118,7,5,0,2,0,6,2,0,0,0,0,1,6,14281,10,4,2577,1,4,3,6,2,5,8,13442,12,13810,7130,7465,7,6,10,7,5517,22,1,0,0,0,5,3,0,0,8105,5,9,7,9275,4272,12,5,4,2,5,6,3,1,0,1,8,2,2,0,13,6,13,17,7,11,13,5,7403,9,7,66079,6,7,3,8,6,4,9,6,6530,7277,7,3,5,8,8,8,9155,4,3,18945,2,3,0,1,6,4,2173,0,2628,12,4,17738,15,8,11561,4,7,5,2628,8110,0,6,6,11,12406,7828,7,6,7,7,5124,1103,0,2,0,2840,2,9066,15,4653,4,6,6,12,398,8,4,8,3,7,4,5,2,2,2,9241,1029,16,5,2,2,10,7,13,2,4203,12,11,5,4,5,6,2255,4,8751,3,2358,32466,5,8,6,2,1,0,3,1,0,0,2,1,0,1,2,2,3,1,0,3,1,4,27193,2,1,2,3,0,0,1,6,2,0,1
"CGTGATAGACTAGCGCAAGG",0,0,5,0,2,1,0,1,0,0,0,1,0,0,0,1,0,0,711,0,1,0,0,0,0,0,0,2,2250,0,6,3,14788,7,1750,3,5,7,4,4,3,6,1,0,0,0,0,0,1,0,2,1,2,3,1,1,0,1,1158,0,1,1,0,0,0,0,0,0,0,0,0,0,0,0,0,0,0,0,1,0,0,2,4,0,0,0,1,0,0,0,0,2,1,1,12402,16571,474,1,4,0,0,2,1,1,0,1,2,0,4,0,0,1,0,0,1,0,1,0,1,1,1,1,1,0,0,0,0,0,10417,0,3,2,2,0,0,0,2,7,0,1,0,0,3,0,1,0,0,2,0,2,2,4,0,3,2,2,0,8200,1,6,3,0,1,3,6,5,4,7,15944,0,1931,0,2,1,1,1,2,0,2,1,1,0,0,2,1,3882,1582,567,0,0,0,1,1,0,5,2,3,7,7,526,5,8,4,8,3,8241,0,2241,0,0,1,0,1889,0,7281,1,1,3,0,1,4724,1,0,1,5,1,0,0,0,0,1,0,0,0,3,2,2795,3,2,3,1,16591,1419,4,2,6,1,0,0,0,2068,1,1,2,8031,1,4,9193,5,1,1,4,1,5,0,4,0,0,0,0,3,0,0,0,0,0,1,59,0,3,1,1,0,0,53,0,0,2,1,1,0,2,0,4,0,4,2,2293,0,0,0,0,0,709,4,3,1,2,0,1,0,13005,0,1,3,2,5,3,1,1,2,1,3,4,3,1,0,4,0,0,0,33,0,10,4,0,0,1,312,3,1,3,4,0,0,4522,0,0,2,1,1,1,1,0,0,1,0,0,2,0,766,0,2,1,0,1,4,0,1,0,0,0,0,0,1,0,0,0
"ATTCCCGACGTTAACAGTAC",1,0,1,0,0,0,0,0,0,0,0,0,0,0,0,1,0,0,84,0,0,0,0,0,0,0,0,0,0,0,0,0,0,0,0,0,0,0,0,0,0,0,0,0,0,0,0,0,0,0,0,0,0,1,0,0,0,0,0,0,2,1,0,0,0,0,0,0,0,0,1,1,1,0,2,0,0,1,0,0,0,1,0,0,0,1,0,1,0,0,0,0,0,0,0,0,1013,0,0,1,0,1,2,1,1,1384,0,0,0,0,0,0,0,0,0,0,0,0,0,0,0,0,0,1,0,0,0,0,0,0,0,78,1,0,0,0,2,2,0,0,0,0,0,0,0,0,0,0,0,1,2,1,1,0,1,2,1,8633,1,0,0,0,25,1,0,2,1,0,0,1,2572,0,0,1,0,0,1,0,0,0,2,0,0,0,0,1,0,997,0,0,0,0,0,0,1,2,3,1,0,58,0,0,1,0,2,2,0,0,0,0,0,0,0,0,0,0,1,3,0,0,2,0,2,1,3,1,0,0,0,0,0,0,0,0,0,0,0,1,0,1,0,0,1337,0,0,0,0,0,0,0,0,0,0,0,2158,0,0,0,1,1,0,1,0,2,0,741,1,0,0,0,0,0,0,0,0,0,0,0,0,0,0,0,0,0,0,0,1,1,0,1,6241,1,1,1,0,0,2,1,3,1,0,1,1,0,1,0,1,0,0,0,1,0,0,0,0,0,1,0,1,1,495,5,10959,0,0,0,0,0,0,2,1,104,0,0,0,0,0,0,314,0,0,1,0,0,0,0,1,1,0,0,0,0,0,0,1,1,0,0,0,0,1,0,0,0,0,0,0,0,0,0,0,0,0,0,0,0,0,0
"TGGCACCGGACCGTCTGAAA",0,0,0,0,1,0,0,1,0,0,0,1,0,0,0,0,0,0,8142,1,0,0,0,1,0,0,0,3,0,0,3,4,0,2,2,0,1,4,3,0,1,1,1,1,0,0,0,2,0,0,1,0,1,0,0,0,0,0,1,0,1,0,1,1,0,0,0,0,0,0,0,0,0,0,0,0,0,0,0,0,0,1,0,2,0,0,0,0,0,0,1,1,0,0,2,1,487,2,0,0,1,1,0,0,1,2,0,0,1,4,0,1,0,0,0,0,0,0,3,4903,3,1,0,2,0,0,0,0,0,1,0,0,0,0,1,1,1,6,0,0,0,0,4,1,0,0,1,1,0,0,0,0,0,1,0,0,0,0,869,2,4,0,0,0,1,10111,1,1,1,2688,1895,0,0,2,0,0,2,1,0,0,2,6780,0,0,2,2,0,1,0,0,1,9959,3,0,0,2,1,4,4,372,1,0,1,1,74,0,0,0,0,1198,1,1,0,0,0,0,0,0,0,0,0,0,0,0,0,0,0,2,0,0,2,2,0,0,1,1,2,0,0,0,0,8642,698,1,0,1,0,1,0,1,1,2,0,0,0,0,0,0,0,0,1,0,1,0,0,3079,0,1,0,0,1,0,0,0,0,0,0,0,0,0,0,0,0,0,0,0,0,0,0,0,1,2,0,0,2,1,0,3098,1,1,0,0,0,3155,4332,2940,0,1,1,0,0,1,0,0,0,0,0,0,0,0,0,0,0,2,1,0,0,0,0,0,0,87,0,2,0,0,0,0,869,0,0,0,0,1,0,2,0,0,0,0,1,2,0,0,0,0,0,0,0,1,0,0,0,0,0,0,1,1,0,0,0,0,0,0,3,0,0,0
"CTAGACGCTGTAGTTCTGTA",0,1,0,16,27,2,0,0,0,0,1,0,19,0,1,0,1,1,4931,1,8,0,0,3,0,0,0,0,14,0,1,0,4,4,3363,5,1,1,4876,1,2,4,0,2,0,0,0,0,15,0,0,0,3,0,5,4,0,1,1024,0,0,5,0,1,0,0,1,0,18,0,2,0,3,0,5,1,1,0,3,2,1,1,0,2,0,0,0,0,18,0,0,0,0,1,2,4,433,0,0,0,4,4,9,0,0,1,0,0,0,1,1,0,0,0,0,2,17,0,1,0,0,1,2,12522,1,0,1,1,2,3,21383,2,0,3,5842,1640,0,1,0,0,0,0,1,2,12,0,0,1,1,0,0,3,0,0,0,0,0,0,1,0,4,0,0,0,3,9811,1,1,3,1,830,1,1,1,0,0,0,0,19,0,0,1,2,0,0,1,2,209,3,3,2,2625,21205,0,1,2,2,1,5,476,0,4873,1,0,0,4,0,0,0,0,0,1,14,0,3662,0,0,0,0,1,0,1,2,0,1,0,0,0,0,0,1,1,11,0,1,0,1,0,0,1,0,1,983,0,1,0,3,0,0,2,1964,1,14,1,1,1,1,2,0,0,1205,4,2,0,2,5534,0,0,0,0,0,1,12,0,2,1,7322,2,25665,4,4,5551,6,4,2498,4,1,1,3,2,4,1,9,5,3,0,0,0,0,3,1,1184,2,2101,2,1,7,1,5,5,2,1,5,3,0,0,0,0,1,0,0,0,0,1,1,1,1,0,0,0,0,35,5,5,0,1,5,6,653,0,4,2,1,6,6,3,0,0,0,0,0,3,11,0,2,3,0,0,0,0,24743,1,6,6,1,4,2,1,68192,2,0,0,0,0,0,1,563,0
"CTGTCCATGCTTGCCTGTGA",0,0,2,0,0,1,0,0,1,0,1,0,0,0,0,0,1,0,0,0,0,0,2,0,5,0,1,0,2159,0,0,0,0,0,1878,2,0,1,0,0,0,0,1,0,0,0,2,0,0,0,3,0,0,0,0,3,2,0,0,6081,0,4,0,0,2,0,4,0,0,0,0,0,0,0,0,1,0,1,1,0,0,0,0,1,1,0,3,0,1,0,0,0,0,0,1,0,961,0,1,0,0,0,0,0,0,0,0,0,0,2,2,1,1,0,1,3406,0,1,1,0,0,0,0,0,1,3,1,3,6397,1,0,1,0,0,0,2,0,0,2,1,1,0,0,0,1,0,4761,0,3607,0,0,0,0,2,1,0,0,0,1,0,0,0,1,3,1,0,0,0,0,0,1067,0,0,0,0,1,0,1,0,0,1,0,0,0,1,2,0,842,1,1,1,0,2,0,0,0,1,0,0,1097,0,1,1,0,0,0,1,0,0,1,0,1,1,0,1,0,0,0,0,3,0,0,0,0,0,0,0,0,0,1,4,0,0,0,0,3,3,7,5,18167,2,8674,999,3,0,3,3,1,7728,1,0,0,1,0,4128,1,4,1,5,8760,0,3,1,2,1,1531,1,0,2,0,0,0,0,0,0,0,0,1,1,4,0,2,6541,1,1876,3,0,0,2,1,0,0,1,0,0,0,0,0,0,0,0,0,1,0,0,0,0,1,2,1,0,0,1,0,0,3,4,1,0,0,0,0,0,4,10,2,0,3,1,1,0,516,0,0,2,0,3,2,1143,0,2,3,6,0,0,1,2,0,0,0,2,0,0,0,1,0,0,0,0,0,1,0,2,0,0,0,1,0,0,0,1,0,0,0,0,0,0,0
"CTAGTAAATGGAGCGGGCCA",0,0,0,0,0,2,0,0,0,0,0,0,0,0,0,0,0,0,0,0,0,0,0,0,0,0,0,0,0,0,2,0,0,0,1,0,0,0,2583,1,0,0,0,0,0,0,0,0,0,0,0,0,0,0,0,0,0,0,0,0,0,0,0,0,0,0,0,0,0,0,2,0,0,0,1,2,1,2,1,1,0,2,0,0,0,0,0,0,0,0,0,0,0,0,2,1,0,0,1,1,2,1,2,0,0,0,0,0,0,0,0,0,0,0,0,0,0,0,0,0,0,0,0,0,0,0,0,0,0,0,0,0,0,0,0,0,0,0,0,0,0,0,0,0,0,0,0,0,0,0,0,0,0,0,0,0,0,0,1354,0,0,1,0,0,0,0,0,0,1,0,630,0,0,0,0,0,0,0,0,0,0,0,0,0,0,0,0,0,0,0,0,0,0,3,3,0,0,0,3,32,1,2,4034,1,0,0,0,0,0,0,0,0,0,0,1,0,0,0,0,0,0,0,1,0,0,0,0,0,0,0,0,0,0,0,0,0,0,0,0,0,0,0,467,0,0,0,0,0,0,0,0,1,0,0,1061,0,0,2,0,0,0,0,2,0,1,1462,0,0,0,0,0,0,0,0,12834,1,7,0,2,3,0,2,3,2,2,0,0,1,0,0,6042,1,0,1,1,1,0,1,1,1,0,2,0,0,1,0,0,0,0,0,0,0,1,0,0,0,0,0,0,0,0,0,0,0,1,0,0,0,0,0,0,107,2,0,0,1,4,0,565,0,0,2,0,3,2,3,0,0,0,0,0,0,0,0,0,0,1,0,0,0,0,0,0,0,0,0,0,0,0,0,0,0,0,0,0,0,0,0
"CATAACTTGGATAGAAGTGC",0,0,9,1,1,2,0,0,0,0,0,0,0,0,0,1,0,2,2,1,0,0,0,0,0,2,1,2,0,2,1,4,7,2,1,8497,0,0,1,0,0,0,1,1,0,1,2,1,0,2,8,26997,23,7,14,5,10,5,2023,3144,5,23827,1,0,0,0,1,0,0,1,10,10,73408,9230,13,1548,10,12,6,12,7849,10,1,1,0,0,0,0,0,1,7414,3,5,0,2,1,1517,0,0,0,0,1,2,0,1,6991,4,1,12,10,4,5,1,6,3,4,1,0,3401,1,9,0,11,9715,1,1,1,0,1,239,1,2,1,0,1,0,0,0,0,1,0,1,0,0,0,1,0,1,10,0,3,2,5,2,2,5,8,0,2710,1,0,3,3,5,0,1,2,1,2,3,838,13166,0,0,0,1,0,20,0,0,0,2,2,1,1,6895,1,1556,0,1,0,1,1,0,0,1,7,0,1,512,0,2,2,1,1,3,0,3,0,4,1,0,0,0,3930,2,35415,4,3765,8,1,3,5,5,7,8,1,0,0,2,1,1,0,0,1,2,9,1,3,1,0,0,1376,2,0,2,0,2,1,3,2,3,1,4,5324,7,9,6,47087,4,5,6,4234,3,5,4,3,0,0,1,0,1,1,3,4,0,6,1,3,0,0,1175,0,0,4554,4,4,1,4,6,10,1,0,1,10,0,0,1,4,6,13,1084,10,2135,1,2,8,0,10,3,5,0,1,1,4,0,3,2,2,2,7,4,10,2,0,1,3,2,6,4,6,58,2,0,5,0,0,1,2895,1,8,5,8,0,1,2,0,1,1,0,0,0,0,0,0,0,0,0,0,0,0,1,0,1,0,0,0,0,0,1,1,0,0,1,0,0,0,1
"GGTAGTTCGACGTGCCCTGA",2,0,4,1,0,0,1,1,0,1,1,7,1,0,1,4,0,1,0,7,0,0,2,4,1,4,4,1,2359,0,1,1,2,3,5736,1,0,3,1,0,0,2,1,2,0,1,0,1,0,1,1,5,1,4,2514,1,3,3,1746,2790,3,1,2,5,0,1,0,3,1,1,1,4,0,3,2,2,2,1855,3,0,1,1,2,8,0,0,2,1,0,2,2742,1,3,5002,0,5,2345,4,0,1,0,5,0,1,1,3717,1,3794,0,0,1,4,0,1,4,2,1,0,1,2,3,1751,0,9595,3,2,0,1,0,6,1,1,4,3476,5,2,1,4,1,5,3,3,1,4,3,4,0,4,7,5316,17,2,2,5,2,4,0,3,1217,2,0,2,1,0,2,1,0,0,2,2404,2715,2,2,5,4,1,12525,14,1,5,4753,4413,3,12763,2,4,3313,946,1,1,0,7,0,2,3,3,2,9801,2,2002,1,3,6,2,3,9237,1,5,2,2,4,13982,0,1,2,3,3,3,4530,2,2,10039,0,1,0,2,1,1,0,3,1,4,0,0,2,4,5,2,7,0,16361,2,1923,1,0,0,1,3,4752,0,3,9,0,1,2,26293,0,2,2,3,1,6,2,2,3,4,3,7,1,2,1,1,1,1,2,0,0,2,1,0,1,3330,1,2,4941,3,1,4,1,3,0,0,2,1,0,1,1,1627,2,0,2,2208,3,2191,7,1,0,1,2,2,132,3,2,1,3,1,2,4,1,3,1,1,0,2,1,2,0,1,3,2,3,142,0,1,4,2,0,1,5222,2,2,7,1,0,2,2,2,1,2,2,4,27044,2,3,0,1,0,2,2,0,0,0,1,2,2,0,2,4,0,1,1,3,0,2,0,6,0,0
"TAGTATTGGCGGGACTCATC",0,0,2,1,0,0,1,1,0,0,0,1,0,1,1,1,0,0,0,0,0,2,0,0,0,0,1,0,2125,0,0,0,0,1,1,0,0,1,0,0,0,0,0,0,0,0,0,0,0,0,1,0,0,4,1521,0,0,0,0,3233,0,0,0,0,0,0,0,1,0,0,6,2,3,20411,6,3,2,1562,6,6,0,3,0,0,0,0,0,0,0,0,0,0,0,2,0,0,228,1,0,0,1,0,1,0,1,0,0,1,0,0,0,1,0,0,0,1,0,0,0,0,0,0,4,5,0,0,0,0,0,0,0,0,0,0,0,1,2,0,0,0,0,0,0,0,0,0,2,0,0,1,2432,0,0,0,3,1,6615,3,94,1,0,0,0,4,1,0,0,0,0,0,1157,1,0,0,0,0,0,0,0,3,0,0,0,1,1,1,1,1648,0,0,0,1996,0,0,3,4,6,10486,7610,1,2,6,2,4008,3,4,0,0,1,2,0,1,0,0,2,0,0,1,1,1,0,0,0,0,0,0,0,0,0,0,0,0,0,0,1,1,1,2,0,0,0,0,625,2,0,0,0,1,0,0,0,0,0,0,2454,1,0,1,5,1,3,0,1,2,3,1,0,0,0,0,0,0,0,0,0,1,0,1,2,0,0,0,0,5,0,0,0,0,1,0,1,3,0,0,2,2,5,1441,3,3,4,2310,0,4564,3,1481,0,0,1,0,3,1,0,0,0,0,1,1,1,1,0,1,2,0,1,0,0,0,2,0,3,160,0,0,1,0,0,2,2315,1,1,0,8473,1,0,0,0,1,0,0,1,0,0,0,0,0,0,0,0,0,0,0,0,0,0,0,0,0,0,0,0,0,0,0,0,0,0,0
"TAATTGTACCTCTTCCCGGA",1,0,2,7,5,3,3,2,0,0,1,1,6,3,1,3,1,2,517,0,4,1,2,3,0,3,4,0,14521,0,0,0,3,0,1817,0,0,0,2,2,1,3,1,1,0,0,1,0,0,0,6,2,8,8,1483,1,5,2,4510,2,3,1,1,2,0,1,1,1,6,0,7,1,2,1,5,2,2,4879,2,2,1,5,2,4,3,1,2,2,9,0,1,0,5450,1,0,1,3835,3,0,0,3,2,2,2,1,2,0,0,4,6,2,0,2,1,1,2,10,1,2,6984,1,0,3967,5922,2,0,0,0,1,0,3,1,9398,3,0,0,1,23,1,2,0,0,2,2,1,0,2,447,1,3,5300,1,2,4,6,2,6680,4121,2697,0,2,6,21377,2,4,0,1,4,1,4,2658,2,2,4,0,0,1,2,5,1,2550,0,4,1,2,1,5159,3589,2,0,3,1965,7,1,4,4,8,4,10024,1824,3,4,4009,8514,7,8,1,1,0,2,0,2,1678,1,1,0,1,0,0,2,1,1,2,0,0,3,4,4,4,0,1,2,4,1,9307,1,4,1,4,99,7817,3,1930,1,0,6,3,5,6266,4,1,5,28854,1,6,4,7,2,5,2,3,5,2025,10,4208,4543,2,1,0,0,2,1,6,0,2,5,4,5,3,1,1,6937,2,3,4681,4,0,4,5,1,2,2,4,0,3,2,8,858,1,0,0,2274,3,9274,9,1,1,0,4,4,2,2,1,0,1,2,5,1,5,0,1,1178,0,2,5,1,0,2,4,6,3,142,3,1831,5,3,6,4,14555,2,7651,18993,10,2,5,4258,4,0,3,0,0,3,2,1,3,1,0,0,0,1,5,0,1,1,3,0,0,0,1,16,1,0,0,0,1,1,4,17
"CACTGCATTTGCTTCCCTGC",0,0,1,1,1,3,0,5,0,0,2,1,0,2,0,2,0,0,1,0,0,0,1,2,0,0,0,3,2345,4,0,0,0,1,1,0,0,5128,1,0,3,0,2,0,0,0,0,3,0,0,0,0,1,1,1,0,0,1,1,0,1,0,1,0,0,0,0,1,0,0,0,3,0,1,1,0,0,1725,0,0,0,0,4,1,0,0,1,4,1,0,0,3417,0,2,0,0,2655,1,0,0,1,0,1,0,0,1,0,2,1,1,1,2,0,0,1,1239,0,0,0,0,0,4618,1,1,1,0,0,0,1,0,0,0,0,2,0,0,1,1,1,2,0,0,1,0,0,1,0,3,2,4,1,0,0,1,1,196,0,1,6,0,0,0,1,0,2,0,1,0,2,0,1134,0,1,5,0,2,0,0,0,0,7,5214,2,12165,0,0,862,1322,0,0,1,0,0,0,0,0,5243,2,0,1053,0,0,3,1,2,1,0,5,0,0,268,0,0,0,1,0,1,4,0,1,0,0,1,1,2,0,0,2,0,0,0,1,0,0,1,0,1,2,0,0,54,0,1129,0,0,0,2,4,0,0,5,0,0,2,2,3,3,9123,2,1,1,1,2,3,1,1,2,5,0,0,1,0,0,1,4,0,1,3,3,2,0,3004,3,3,2446,6,2,0,1,2,0,0,3,0,0,0,2,0,0,0,0,2,0,0,2,0,1,0,2,2,0,0,1,1,1,0,3,0,3,0,0,10410,1,0,1,0,2,1,4,0,1,0,1,0,0,2,2,1,3243,0,0,4,1,1,18490,1,0,2,0,0,0,0,0,1,0,1,0,0,0,0,0,0,0,1,0,0,0,0,1,0,0,4,0,0,0,0,0,0
"CAAGACCTTAGTTTGATCTG",3,7,24,13,16,25,14,9,7851,3,7,8,11,12,12,12,5,5,790,8,12,6,9,6,7,12,16,11682,23593,3,4827,34,23,16,20895,25066,11,14934,3842,11,16,23,6,7,1276,6,6,4,7,2,24,22772,17996,22,3278,48589,15,27,10244,1779,24,30,4,5,4,4,6,4,8,1,31,42422,74533,24037,30,34,23,19017,40901,29,22,35,12,7,4,3,10,13,24,11,3936,6,18056,4978,12,15,20772,11,6,8,12594,7,14,6,4,10,10612,3,4984,5661,10,8,5,7,61,4,9120,6,5245,10557,20,0,4162,17798,13,12,1,4,12,292,43408,20,14687,2596,20,3358,1945,6026,7,10,5,5,9,10,9,6,4865,14,17233,8747,20464,26,16,10,10,12,13658,8688,6704,7,16,12,22975,26,16,13,10,22618,12,13843,8590,12,26,15,11,2974,23679,14,19,12,8110,10292,11628,305,3582,13298,11034,10832,5,10,8,924,12,11,15,6946,5569,15406,10782,9156,15,4767,29,25,3874,9256,14,12,7,3640,6,11387,29,2408,15533,161763,29,23,29,27,24,21,22,22,18,30,12,6,1,6,9,3,14,4,14439,37,22778,14,22,19,47848,18422,10662,22,11,28,19,16,28392,3,5774,556,20,5,8990,16666,11116,9278,13,30,14,28,6175,28535,43474,24433,23,23,11,9,18,12,28,21,24328,49,21339,17,28,22,17,45674,17460,31397,17982,38,15,9,25,19,12505,15,19,8,28,12,13,1564,22,53,27266,5200,24,26743,15,7942,19,20,23,12,130,4,16,8,721,14,13,14,32,13,11,19422,23,16,24,20,22,7,29,17,30,609,19,14,13951,14,22,23,44972,17,23,35,8351,18,22,22375,13,5,1,4,6,2,12,4,4,9,4,3,8,3,21346,7,9,8,19,1,3,5,10,5,5,6,4,2,7,107,9,3
"GCTGCAGGTTAAGATGTTCA",0,0,0,0,0,0,0,0,0,0,0,0,0,0,0,0,0,0,0,0,0,0,0,0,0,0,0,0,0,0,0,0,0,0,0,0,0,0,0,0,0,0,0,0,0,0,0,0,0,0,0,0,0,0,0,0,0,0,0,0,0,0,0,0,0,0,0,0,0,0,0,0,0,0,0,0,0,0,0,0,0,0,0,0,0,0,0,0,0,0,0,0,0,0,0,0,0,0,0,0,0,0,0,0,0,0,0,0,0,0,0,0,0,0,0,0,0,0,0,0,0,0,0,0,0,0,0,0,0,0,0,0,0,0,0,0,0,0,0,0,0,0,0,0,0,0,0,0,0,0,0,0,0,0,0,0,0,0,0,0,0,0,0,0,0,0,0,0,0,0,0,0,0,0,0,0,0,0,0,0,0,0,0,0,0,0,0,0,0,0,0,0,0,0,0,0,0,0,0,0,0,0,0,0,0,0,0,0,0,0,0,0,0,0,0,0,0,0,0,0,0,0,0,0,0,0,0,0,0,0,0,0,0,0,0,0,0,0,0,0,0,0,0,0,0,0,0,0,0,0,0,0,0,0,0,0,0,0,0,0,0,0,0,0,0,0,0,0,0,0,0,0,0,0,0,0,0,0,0,0,0,0,0,0,0,0,0,0,0,0,0,0,0,0,0,0,0,0,0,0,0,0,0,0,0,0,0,0,0,0,0,0,0,0,0,0,0,0,0,0,0,0,0,0,0,0,0,0,0,0,0,0,0,0,0,0,0,0,0,0,0,0,0,0,0,0,0,0,0,0,0,0,0,0,0,0,0,0,0,0,0,0,0,0,0,0,0,0,0,0,0,0,0,0,0,0,0,0
"CTAACACGGTACTACTCATC",0,0,1,1,1,3,3,1,0,2,2,0,2554,0,2,2,0,3,8,3,4,4,0,0,0,1,1,0,2,0,2,0,1,0,3587,0,0,1,3,0,0,1,2,0,0,0,0,0,0,0,0,4,1,1,0,0,0,3,785,0,2,3,0,0,0,0,0,0,0,0,5,7,10,12,8,5,11,10,3,7,8,11,2,0,0,1,0,1,0,0,0,0,0,0,2,2,1408,1,0,2,1,1,1,1,2596,0,0,0,5138,0,1,0,0,1,2,0,0,1,0,1,4,4,3951,7,0,0,0,0,2,0,1,0,0,0,0,0,0,0,0,0,0,0,1,0,0,0,0,1,0,0,1,0,0,0,0,0,6,0,0,0,3,0,654,3,0,1,1,0,0,4,529,1,2,0,0,1,12247,0,2,2,2,1,1,0,1,0,0,1428,0,0,1,0,0,0,2,1,0,0,0,248,0,0,0,1,0,2,0,0,0,1,2,0,6260,0,1,1,0,0,0,0,0,1,0,0,1,0,1,1,0,1,1,0,1,0,3,2,0,0,1,0,16,1,572,2,0,0,0,0,0,1,2,0,2,0,4087,9337,1,0,4,0,0,3,2,3,2,3073,0,0,0,0,2,1,0,0,0,0,0,0,1,0,0,1,2,2,2489,0,0,0,0,1,5,0,0,1,70747,0,0,0,7,14,5,6,7,9,0,1,0,0,1,0,253,0,0,1,7,0,0,0,0,0,0,0,1,6,0,0,0,0,2,0,6,352,0,0,5,0,0,0,1708,2,0,4,3,3,0,0,0,0,0,0,3,0,0,0,0,0,0,0,1,0,0,0,0,0,0,0,0,0,0,0,0,0,0,1,2,0,0,0
"CCTCCCGTGAAAGTACTAAC",4,6,11,4,8,2,16,6,13572,6,3,18,12,91,15,6,6,5,14730,587,4,1,10,22,3,10,19,9,14935,7,10,11,11,10,13696,8867,9,3853,173,9,32590,18,11,8,8,2,65302,9,5,5,57704,949,38,34,4894,18,26,91611,9719,3249,28,37,8,14,30917,7,8,2,3,2,18,16,14,11802,37807,7,61657,3277,15,13,16,25,12,9,5,5,13,4,4,4,11909,14394,3,4644,15,4,10237,9,12,7,10,6549,11,11,4,609,7290,11,28,9724,16,5,5,2,7,20800,9,11,5266,10141,15,16,0,26,9,6,6,10985,106,10,5,248,50,18,10,14,15143,23,69,10,9,6,9,156,8,5,20,18102,12331,11524,11228,5,4,19,5,13,8237,184,2793,3,4,16,25,22,15,10,6,5,7,11173,16161,21,14,10,15,0,13,13,8,336,8,5200,5331,6493,19,4320,3222,9358,10,10,10,13,10,7,18856,7469,16,5653,16,6392,14155,5052,15329,10,10840,21,9,3,6,5387,11,7,3,7,4218,4,5,7,1,7850,2,4,3,2,497,10,15,7,4,5,5,13,8,3,681,31,20974,93554,24,18701,16,6679,9334,18,16,20,27,4,4089,5,12905,15,10,3,12849,13,10,2283,7,14,9,5,2392,4,10,29588,18,9,6,4,26872,56696,10,10,13,5,1214,3,2,5,5,1727,4,0,2457,6,4,21,3,21,9885,11,2,7,5,8,13,2810,10,16,17,7361,16,62,27030,5770,2,15,4,23,11,5395,0,5,3,13,27,21,10,4,2,1,2,17,0,17,1,19,7,16,12,4251,3,1115,6,1,4,7259,7864,12,7570,2132,10,3,11,4347,15,9,9,1,5,17064,7,4,15,3,2,1,1,20,26281,2,15,6,5,1,6,14,0,3,6,0,3,1,5,13,0,1
"TCTAGTTTAGAGCCTACACG",5,9,16,9,14,21,28,9,10393,9,20,8,11,10,22,7,3,5221,1691,1706,8,4,14,11,4,11,22,7,11753,4,9867,15158,12433,18,2036,5371,22,14,30,9103,22,20,17,11,7833,8,27,8,4,5,10,26,15,7,8545,6,14,4,11289,11,9,23,14,7,3,4,15,2,5,100,21,22474,23,25,38317,9,14,16016,18,9,18956,10,11,12,30,7,42,90,16,5,8320,7399,12133,8,13395,46277,8817,7,4,15019,17454,14,11,15,4,3780,4893,7132,8,146,27,14,6,10,14,7,9,9,23,10,7565,22,21,3179,15,4,5,1,0,6,4,106,8293,31950,14492,3706,20,6552,17,10,3,4,24068,11,16,10,5357,31326,10339,29,16297,6905,9,19,11,9,6964,1229,2889,14,19,14,5309,13,19,8716,30151,17869,9924,17801,15301,12,18,4,6,3645,21,11,6,96,5,11642,13580,3104,9984,18641,7147,10910,2,10,18,12,5,4,21,29976,14665,28949,20426,8527,12253,20,4424,4454,27,26,23,2,4,1823,24,9,10,3,4072,17,6,2,22510,5,10,4,18,7,10,6,23,8,5,9,14,15101,50729,5,30,23412,38,24,28,21,9207,18,11309,5503,24,26,26,4,8894,15,88,9,12,4,15945,26,25341,8752,15,17,12,9,37088,0,14343,17851,111684,13,7,18,19,17,13463,16,8,18,24,27242,11,7,8,9107,20,8,9668,14,6,21,15,7,6417,34352,13,9,10,17,2135,6264,8,7,18,12780,15,11140,26,5689,5,18,18,7,68,10,5,9,3,22,69506,24,8,6,4,10,12,29,18,55862,4,19,6,9,905,1294,7,6270,10,6,16,23527,14949,9,8691,17,16,11,474,4777,18,2,10,3,67045,6,8,5,16,2,3,5,11,9,6,3,13,5,3,5,9,1,3,0,17,2,4,3,11,6,15,57
"TCTGGTGGTCTCCTATCTAG",0,0,2,0,0,0,0,0,1,0,0,0,0,0,0,0,0,0,3,0,0,0,2,0,2,0,0,0,0,0,3,3,3,6,3,4,2,2,1,9,0,7,3,0,0,1,1,0,0,0,0,0,1,0,0,1,1,0,611,6,0,0,4,2,1,1,4,0,1,1,0,0,0,0,0,0,0,0,0,5,0,0,1,0,0,1,0,0,0,0,0,0,2,0,3,2,1409,0,0,1,1,0,2,0,0,3800,0,1,0,0,0,0,1,0,0,0,0,0,2,1,1,4889,0,0,0,1,0,2,6196,0,0,2,0,0,0,0,1,1,0,0,1,2,1,0,0,0,0,0,1,0,0,0,0,9,2,1,0,6265,2,1,2,1,0,1,3,3,29307,4,3,1,400,0,0,0,0,0,0,0,719,0,0,0,0,0,5,4,0,433,0,2,1,0,0,0,0,4,3945,0,3,454,2,0,1,3,2,1,0,1,1,1917,3,4,2,4,0,0,1,0,0,0,0,0,0,0,0,0,0,0,0,1,0,0,0,0,6,4,9,3,9,4857,5,3,478,43254,2,5,0,1,3180,4,5,0,1,1,2868,1,0,3,3,4,2,0,3,0,0,177,0,0,0,0,0,0,0,0,0,0,0,0,0,2,0,0,0,4,0,0,0,5,2,0,0,4,0,0,0,3,0,333,0,0,3,263,0,0,3,1,0,3,15,0,0,3,0,3,0,8,6,6,0,0,1,0,0,3,2,5,0,4,0,0,0,83,0,0,3,0,0,0,0,0,8247,2,1,0,0,0,1,0,2,0,2,0,1,0,0,0,0,0,0,0,0,0,0,0,2,0,0,0,0,0,0,0,0,0,2,0,0,0
"CTTACGCCAGCGTTTGCAAT",0,0,0,0,0,0,0,0,0,0,0,0,0,0,0,0,0,0,0,0,0,0,0,0,0,0,0,0,0,0,0,0,0,0,0,0,0,0,0,0,0,0,0,0,0,0,0,0,0,0,0,0,0,0,0,0,0,0,0,0,0,0,0,0,0,0,1,0,0,0,0,0,0,0,0,0,0,0,0,0,0,0,0,0,0,0,0,0,0,0,0,0,0,0,0,0,231,0,0,0,0,0,0,0,0,0,0,0,0,0,0,0,0,0,1,424,0,0,0,0,0,0,0,0,0,0,0,0,0,0,0,0,0,0,0,0,0,0,0,0,0,0,0,0,0,0,0,0,0,0,0,0,0,0,0,0,0,0,0,0,0,0,0,0,0,0,0,0,0,0,59,0,0,0,0,0,0,0,0,0,0,0,0,0,0,0,0,0,0,0,0,0,0,0,0,1,0,0,0,1,0,0,0,0,0,0,0,0,0,0,0,0,0,0,0,0,0,0,0,0,0,0,0,0,0,0,0,0,0,0,0,0,0,0,0,0,0,0,0,1,0,0,85,0,0,0,0,0,0,0,0,0,0,0,0,0,0,1,1,0,0,0,0,0,0,1278,0,0,0,0,0,0,0,0,0,0,0,0,0,0,0,0,0,0,0,0,0,0,0,0,0,0,0,0,0,0,0,0,0,0,0,0,0,0,0,0,0,0,0,0,0,0,0,0,0,0,0,1,0,0,0,0,0,0,0,0,0,0,0,0,0,327,0,0,0,0,0,0,0,0,0,0,0,0,0,0,0,0,0,0,0,0,0,0,0,0,0,0,0,0,0,0,0,0,0,0,0,0,0,0,0,0,0,0,0,0,0,0
"CGAACGGCGCAGTTAGTCAA",4,3,17,11,12,23,14,13,12219,2526,13,17,15,10,12,10,5,12,5828,7,13,7,13,11,7,6,8,13,16154,9,10257,14,19,11,5919,0,13,5793,4367,7,4,17,9,3,2,8,5,26904,5,8,87931,30,34,44984,5719,22,31,27,10861,6562,30036,27,4,7,3,0,7,5,6,4,1394,7,16,11466,10,5884,10,11654,8,9,15,5,9,10,6,9,3,13,10,6,11819,3740,24210,9742,19064,16640,12069,16,8,10,9102,6534,18,13,4831,4065,11026,3889,10533,27,6,9,9,7,13,11,10,8,5725,8959,7409,16,6879,2042,6,9,2,1,8,7,7,7,15682,8749,5057,7140,4458,6408,9,14,2,2,8,478,14125,10,5019,4287,12271,8172,10,6547,2,18,5,17,7852,8808,14227,7,0,10,21037,27,6,19,5,8,11,5543,15718,19,8,12,1,2,3,6,12,4,9840,5860,16,12920,10826,15,1974,8151,5,13,5,9,10,5,26,19,5177,20412,15730,9558,16,14,4248,18,10317,9589,9,11,3,3956,4,14042,23128,9,8,5,12,13,16140,2,4713,13918,10,4,1,6,9,10,3,11,2,4177,10,3,18703,24,37818,22,27,9701,15497,14,9666,20741,16,27,10,14,8323,7,3398,17,28992,7,16707,18940,9,17,5,11,10,9,51,9,12,26794,6,5,3,6,5,8,12,5,12330,10,22,26352,25210,13,38853,24,29,17,7315,22,4,15,7,15,18237,7056,19,6,12,10,9710,6161,10,7,11,8567,14,11337,14,11675,3,13,3,26,2,11,14,8,7,16,24,18,6,4,5,4,14,24302,10662,20,7,14,10,30,6,10414,20,3,13881,16,33,15581,9080,11,6,72,4518,16385,24,25991,3,10,6,0,3,7,7,11,5,6,8917,8,11,4,5,10,2,4,3,3,6,6,4,4,4,8,6,3,9798,10,17,0
"GATTTAAACACCCAACGCTA",0,0,0,0,0,1,0,2,0,0,0,0,0,0,0,1,0,0,0,1,0,0,2,1,1,0,2,1,0,0,2,4,4,22283,3,1,2,2,4,2,2,3,0,1,0,0,0,0,0,0,1,0,0,2,333,0,0,1,86,0,0,0,0,0,0,0,0,0,0,0,0,0,0,1,0,0,0,0,0,0,0,0,0,1,0,0,0,1,0,0,1,0,1,0,2,1,0,0,0,0,0,0,0,0,0,0,2,1,0,0,0,1,0,0,0,1,0,0,0,0,0,1,0,0,0,2,0,0,0,2,0,0,1,2,8104,2,74,0,0,0,0,0,0,0,0,0,0,0,2,1,0,0,0,0,0,0,0,1,0,0,4,0,0,0,3,3,2,2,4,0,360,0,0,1,0,0,0,1,0,0,4292,0,1,0,0,0,0,981,0,0,0,0,0,1,0,0,0,1,0,281,0,1,0,0,224,0,0,0,0,0,0,1,0,0,0,0,0,2,0,0,0,0,0,0,0,0,0,0,0,0,0,0,0,0,0,0,3,0,0,0,0,1,462,0,0,0,0,1,0,0,0,2,0,0,0,285,2,0,1,0,0,0,1,0,0,0,0,1,0,0,0,1,0,0,4,1,3,1,1,2,1,0,0,2,0,0,0,0,0,0,0,0,4,4,0,0,1,1542,1,0,0,0,0,0,1,1,0,0,0,0,0,0,0,0,0,0,0,1,0,0,0,0,1,0,0,0,0,0,0,0,0,30,0,4,0,1,1,1,835,0,0,0,2,1,12025,2,0,0,0,0,0,2,0,0,0,1,0,0,0,2,0,0,0,0,0,0,0,0,0,0,0,0,0,0,0,0,0,0
"GGTACTCTTGAGTTGCAGAC",0,0,0,0,0,0,0,0,0,0,0,0,0,0,0,0,0,0,0,0,0,0,0,0,0,1,0,1,0,0,0,0,0,0,0,0,0,0,0,0,2,0,0,0,0,0,0,0,0,0,1,0,0,0,1628,0,0,0,0,0,0,0,0,0,0,0,0,0,0,0,0,0,4,1,0,0,0,3002,1,0,0,1,0,0,0,0,0,0,0,0,0,0,0,0,0,0,0,0,0,0,0,0,0,0,0,0,0,0,0,0,0,0,0,0,0,0,0,0,0,0,0,0,0,0,0,0,0,0,0,0,1,0,0,0,0,0,0,0,0,0,0,0,0,0,0,0,0,0,0,0,2,4,2,0,0,0,1,0,0,0,0,0,0,0,0,0,0,0,0,0,762,0,0,0,0,0,0,0,1,0,0,0,0,0,0,1,0,235,0,0,0,0,0,0,0,0,0,0,0,226,0,0,0,0,0,0,0,0,0,0,0,0,0,0,0,1,1,0,0,0,0,1,0,3,8223,1,0,0,1,1,0,2,1,1,0,0,0,0,0,0,0,0,148,0,1,0,0,0,0,0,0,0,0,0,0,0,0,0,0,0,0,0,0,0,0,0,0,0,0,0,0,0,0,0,0,0,0,0,1,0,0,0,0,0,0,0,0,0,0,0,0,0,0,0,0,1,0,0,0,0,1,0,0,91,0,0,1,0,0,0,0,387,0,0,2,0,0,0,1,0,0,0,1,0,0,0,3,1,0,0,0,0,0,0,0,0,0,0,0,0,0,0,0,0,0,0,0,0,0,0,0,0,0,0,0,0,0,0,0,0,0,0,0,0,0,0,0,0,0,0,0,0,0,0,0,0,0,0
"ATGGGTAAGTAGCCTGAAGT",2,3,14,15,13,10,10,7,14134,3,21,6,7,3,4,4,5,2,13,4,12,4,15,2,6,3,4,8,11145,6,13,6,7474,11,1608,6,951,3713,9997,9,0,10,2,2,2,1,5,3,7,1,52915,11,1363,16,1879,9,10,5,7447,8,7,9,15,0,1,3,1,5,6,2,9,1,8,82,11,5984,4,7935,11,2,7,8,19,3,6,5,121,6,9,4,8581,7260,8,0,6325,12,4144,33750,7,10,8097,7,24099,11,5820,7293,4,0,6597,16,7,4,1,5,1377,0,9,3,11,14,14536,15,4114,12880,6,6,2,6,17,1,6,82,2,7,6994,4770,8488,13,0,4,0,3,5,2,5,2,4,9846,2,2618,4708,19041,10,7,7,5,7870,6312,9545,10,15167,20621,12,9,9,4,0,9190,10,5898,9165,3,5,3,6,11,16,2,10,3,5,4798,10,6461,3565,8507,6425,4467,3,8061,56815,7,17,9,19,175,19,9882,9,2801,1744,13,0,7,13,9195,3,10,3,3745,15,0,9,3,640,5,11,11,4908,7,7,11,10,7,8191,16,3,8,3,3,14,2,26702,3,16,0,42292,12,12,13,0,8330,6936,6,14,17,4,8,7616,5,2456,5,27760,6,10708,9,11,6,4,17008,1,5,8,3,7,6250,1,3,2,1,3,4,6,2,11,6,15,22958,8,6,11,9232,14,15785,2301,11,8,9,3,4,0,16758,3,3,6,6,5044,4389,3,1,4,3774,4,5036,12,7,9,7,6,11,602,12640,9,6,31278,8,20989,13,16220,11,11,8901,9,24328,10,5,9,10,7,11,3,1341,10,2080,8,10,13,7064,5660,1,6,5,4332,13,13,4512,5,9,2,1,33718,3,6,4,3,6,1,4,13,2061,10,1,1,5,0,3,7,0,9,1,1,4,1,5,15,1,9,2
"ACTGCAACCGTCAATAGGAC",0,0,4,1,1,0,3,4,0,1,0,2,4,0,0,2,0,0,98,0,0,2,0,1,0,1,0,0,3,1,0,1,2,1,3005,0,2,1,0,1,1,0,0,0,0,1,0,0,1,1,3,53431,8,1,1517,7,7,4,525,1999,6,10,1,0,0,0,1,4,0,2,3,8,4,4,3,9737,2,7,6,1,11611,2,0,0,0,1,0,2,0,1,9041,0,0,2,2,1,2809,1,1,0,1,0,2,3,694,0,2005,3,4,1592,1,0,0,2,1,0,3,2,1,1,0,1,9083,1,5,1,0,0,0,0,1,2,0,1,1,744,3718,6,2,0,0,0,1,1,7415,0,1,0,6360,1,8,4,4,2,0,7,1,7936,2127,0,0,3,8,7,0,0,1,0,2,9,4741,4,1,3,0,2,1,2,0,5,4,2,2,7747,2,9043,0,1870,0,0,0,0,1,3,3,1,4,1,1,352,1,5065,6,2,4,10674,2,1,0,0,0,1,0,0,1129,6,6,4,13700,4,2,3,1,4,4225,1,3,1,0,0,0,1,2,3,6,3,1,2,2,3,2,5,2444,1,4,2,3,2,0,3,2,1,4,1,4177,1,4,3913,3,0,3,20890,4,3,1,5234,3,2,3,3,3,5,3,2,0,3,1,1,0,0,0,0,2,0,1,2,1,0,2,2,0,1,1,0,8,5,6,0,3,2,4,9,6,3,1,608,2,2,0,3,2,2,0,0,5,1,3,0,3,3,10839,0,6,1,1,1,5,0,2,2,7,1049,1,0,5,2,0,0,3,3,2,3,2,0,0,1938,1,2,0,0,1,1,0,2,5,0,0,0,0,0,0,2,1,3,0,0,0,0,1,253,2,0,0,1,0,0,1,1
"GTACTCAGCTCTGGTAGTGA",0,0,1,3,3,0,0,3,0,0,0,3,0,54,0,0,0,0,1,4,0,0,0,9,0,0,0,0,2,0,1,2,0,1,0,0,0,0,0,0,0,0,0,3,0,0,0,1,2,0,2,1,1,2,0,0,1,0,734,2,2,1,0,3,0,0,0,0,3,0,1,2,0,0,0,0,0,0,0,0,0,1,0,4,0,1,1,0,0,0,0,0,0,0,0,0,1032,0,0,0,1,8,2,0,0,0,0,1,1,6,0,0,0,0,0,0,1,0,0,1,0,2,0,0,0,0,0,0,1,2,1,0,6,8,4,6522,3,2,0,0,0,0,0,6,1,0,0,2,0,1,655,3,0,0,0,0,1,0,1348,0,0,1,4898,0,0,0,0,0,0,2,1223,0,0,0,0,0,1,7,0,0,1,5104,0,0,0,0,2,0,0,0,0,2,1,0,1,5,3,0,0,0,0,0,1,1,0,0,0,0,0,0,0,4,2,0,0,0,0,1,0,0,0,0,0,0,0,1,0,0,0,0,0,6,0,0,0,3,0,1,0,0,0,0,0,0,0,0,0,0,0,1,4314,4,0,0,2492,5,0,1,1,0,2,0,0,0,3,3032,2,4,1,2,3,30116,3,1,1,3,1,0,0,0,1,0,0,0,0,1,2,0,1,3,2,6682,0,0,0,4,1,1,0,0,0,1108,0,0,1,2765,0,1,1,0,0,0,0,0,0,0,0,0,0,1,0,0,0,0,0,0,0,1,0,0,0,215,0,0,0,0,0,0,1,1,0,0,0,0,1,0,0,1,0,0,1,4,1,0,0,1,0,0,1,6,11936,0,0,0,0,0,0,3,1,0,1,0,0,0,0,3,0,0
"GGATCGGCGAATGAGCGTAC",0,0,0,0,0,0,0,0,0,0,0,0,0,0,0,0,0,0,0,0,0,0,0,0,0,0,0,0,0,0,0,0,0,0,0,0,0,0,0,0,0,0,0,0,0,0,0,0,0,0,0,0,0,0,0,0,0,0,0,0,0,0,0,0,0,0,0,0,0,0,0,0,0,0,0,0,0,0,0,0,0,0,0,0,0,0,0,0,0,0,0,0,0,0,0,0,0,0,0,0,0,0,0,0,0,0,0,0,0,0,0,0,0,0,0,0,0,0,0,0,0,0,0,0,0,0,0,0,0,0,0,0,0,0,0,0,0,0,0,0,0,0,0,0,0,0,0,0,0,0,0,0,0,0,0,0,0,0,0,0,0,0,0,0,0,0,0,0,0,0,0,0,0,0,0,0,0,0,0,0,0,0,0,0,0,0,0,0,0,0,0,0,0,0,0,0,0,0,0,0,0,0,0,0,0,0,0,0,0,0,0,0,0,0,0,0,0,0,0,0,0,0,0,0,0,0,0,0,0,0,0,0,0,0,0,0,0,0,0,0,0,0,0,0,0,0,0,0,0,0,0,0,0,0,0,0,0,0,0,0,0,0,0,0,0,0,0,0,0,0,0,0,0,0,0,0,0,0,0,0,0,0,0,0,0,0,0,0,0,0,0,0,0,0,0,0,0,0,0,0,0,0,0,0,0,0,0,0,0,0,0,0,0,0,0,0,0,0,0,0,0,0,0,0,0,0,0,0,0,0,0,0,0,0,0,0,0,0,0,0,0,0,0,0,0,0,0,0,0,0,0,0,0,0,0,0,0,0,0,0,0,0,0,0,0,0,0,0,0,0,0,0,0,0,0,0,0,0
"CCTCGGGCAACCACTTGACA",0,0,6,6,22,5,2,0,0,1,2,5,13,5,4,4,0,0,2584,3,13,3,2,3,2,1,1,2,3124,4,14,16,13,12,3783,8,37416,3809,11,57907,10,17,3,3,0,1,2,0,6,2,5,4,6,3,4,0,7,3493,2103,9,3,4,4,1,0,0,1,1,5,0,1,3,3,2,2,0,3,3,0,5,1,4,3,3,0,0,1,2,15,0,1,3,1,2,4596,10,3575,1,0,3,3,6,14,1,4833,1,2,3,10738,3,4,2,0,0,1,4,7,3,1,9759,0,2,4,1,1,1,0,1,2,2,10,1,1,6,6,8,8,8,3,0,0,0,4,5,11,5834,2277,4,8952,5,0,2,0,2,6,5,2,8927,549,5,16,6,2,1,9,8999,9,11,9,8311,5816,4,3,3,1,4,3,7,8,2,1,0,3,5956,7,23,1,910,0,1,0,2,9,2,11,15021,10726,19944,10,2544,10,6,4,8,31,15,9,3,3,6,11,17262,19686,3,0,0,2,2,2,8149,4,910,2,6,2,4,0,0,0,0,1,2,13,0,6,6,6,8,8,9,5,7,2412,16811,4,4,4,5,0,1,2,6,14,2,6995,6,5,7,4,2,2,11543,5055,3,2,11107,6,1,1,2,3,15399,13236,2,12371,3,6,3,2,5,4,2,2,11,3,16216,0,6,5,5,11459,3,2,9,7,7,6,1364,2,2,0,2850,1,8566,7,7,6,3,0,3,4,6138,6,11,5,4,4,4,2,2,2,1,1,23514,3,2,1,5,0,4,0,2247,4,753,6,4,2,6,979,5,3,7,1,7,3,8899,0,1,0,0,0,3,14,2,3,2,0,1,0,1,9,2,4,5,2,2,3,6,65197,3,1,2,0,1,1,1,10,711
"TTAACGCATCCGCAGCCGTG",0,1,4,10,14,0,6,1,0,0,0,0,9,1,0,4,0,0,497,0,6,0,1,1,1,0,0,6,11,2,0,4,1,3,4062,3,3,2,1,4,3,4,1,0,0,1,2,5,9,1,0,2,2,0,5,2,2,0,1738,1,1,2,4,3,1,1,1,16737,6,1,0,1,1,1,1,1,3,2199,0,1,0,3,5,1,1672,0,0,3,15,2,0,7587,1,0,1,2,3167,2,0,3,3,1,7,0,1,0,2,0,2,2,1,0,0,1,2,2,8,0,0,2,2,0,0,0,0,1,1,0,6804,1,11,0,0,0,0,2683,0,5,2,3,0,0,0,0,4,1,4,1,5569,0,0,2,1,1,2,6,0,18615,1,5,0,1,1,1,8,10416,5,1,3,0,3706,0,1,2,0,3,1,3,14,2,2,2,4,3,1,1,1,1357,0,0,0,1,6,2,3,0,17,1,3,567,3,7,3,3,3,5,1,3,1,3734,2,1,11,0,0,0,1,2,1,0,4952,2,1,1,0,4,1,1,0,0,0,1,5,0,1,2,0,0,1,0,0,0,2475,1,1,1,4,7418,1,2,2364,2,15,2,2933,2,4,1,2,3,1,10665,6,1,4,7441,0,2,1,0,0,1,11,0,1,0,0,0,2,1,1,1,0,1,0,1,8,2,4,4,6,1,3,6,0,5,9,3,0,0,1,3649,0,2304,2,3,2,0,2,0,0,3,0,0,0,0,0,0,1,0,1,0,0,1,0,0,0,0,3,2,1,440,0,2,3,0,0,0,290,1,3,0,0,0,1,0,2,2,0,1,1,3,9,3,5,6,3,6,4,0,71899,4,0,7,0,0,1,0,10,1,2,0,0,0,0,0,1,5
"GAGTCGGTGAACCAGTTATT",0,0,0,0,1,0,0,0,0,0,0,0,1,0,0,0,0,0,0,0,0,0,0,0,0,0,0,0,3,1,2,3,1,2,0,2,0,1,0,0,3,1,1,0,0,0,0,1,1,1,0,0,0,0,0,0,0,0,0,0,0,0,0,0,0,0,0,0,0,0,2,2,3,0,2,12346,0,0,3,0,3,0,0,0,0,0,0,0,4,0,0,0,0,0,0,1,0,0,0,0,0,0,4,0,0,0,0,0,0,0,0,0,0,0,0,0,0,0,0,0,0,0,2,0,1,1,0,0,0,1,0,2,0,0,0,0,0,0,0,0,0,0,0,0,1,0,0,0,0,0,0,0,0,0,0,0,3,0,0,1,3,0,0,0,0,9662,0,2,1,0,468,0,0,0,0,0,0,0,1,0,0,0,0,0,0,0,0,0,0,0,0,0,3,0,0,0,0,0,3,1055,0,0,1,0,0,0,0,0,0,0,0,0,0,0,0,0,0,0,0,0,0,0,0,0,0,0,0,0,0,0,0,0,3,0,0,0,0,0,0,0,0,0,157,0,0,0,0,0,0,0,0,0,1,0,0,0,0,0,0,0,0,0,0,0,0,0,0,0,0,0,0,0,2,0,0,0,0,0,0,0,0,0,0,0,0,0,1,1,2,2,1,0,1,1,1,1,0,0,1,1,0,41,3,0,0,0,0,0,0,0,0,0,0,2,0,0,0,0,0,1,0,0,0,0,0,0,0,0,0,0,0,183,0,3,0,0,0,0,529,0,0,0,0,0,0,0,0,0,0,0,0,0,0,0,0,2,0,0,0,1,11862,0,0,0,0,0,0,0,1,0,0,0,0,0,0,0,4,0
"TGATTCGTGGAAATAATGCT",6,3,87,10,19,26,134257,23,5,15,29,33,41685,15,23,9,3,11,22,18,15,22,21,22,0,8,27,16543,6884,6,27,23,30,33,22,10226,15,4058,5071,15,16,54564,17,10,1,7,50127,9,11,3,35,32,32,53,8308,12513,16,28,49387,19413,22,33,21,19,1,9,41,16,20,19,21,24,35,28,20,6547,61860,19,76457,22,0,40,23,24,6,14,107,26,20,14,31308,7212,20113,127,24,7508,14345,19,2,6,25,3917,60482,9,3457,4113,29646,4176,31303,15916,40,18,1,19,379,765,3256,16,25468,9696,17652,16980,917,12640,39,12,1,3,17,375,10,48,24107,34929,10948,34,15347,28467,37,22,5,14,29,32,13,13,23396,41,21306,11086,6569,12961,30,17,44,16,11,26,2293,5,14,32,6306,19611,17,11,25160,20,25,10628,1335,16,28,9,3,15,59,35,43,7,23802,9702,8757,28346,5951,8454,43,3851,8,28,36,33,34,16,36803,29962,5812,55350,8982,2245,40551,11314,14056,10314,23377,24777,31,24,6,24930,10659,29149,3739,15,7777,41,52,62,16969,32,16392,31121,52,43,9452,47,35,12,5,7,98524,16,16,9,20,24297,28,38,35571,13,25,6008,43375,13,18,30,28,16,3,8,3331,35841,22,16,10697,85657,11590,293981,48357,52,18434,52,4817,50,53,5161,30,23,5,16,19,7259,21,10,12906,23,1912,41,17,18726,16,10,1770,42768,2385,20,25,14,30,12,14,6496,6,8,25648,44,41,0,25,25,33,10796,84,17303,29,4411,27,10,47,20,13,27,3,13,32382,28967,28,28,36,24653,89986,44983,51695,18161,15,19,780,13,47,13,9,266,6,7,49,13,15,7202,376,20678,15972,64,12535,16,7,12,14,8,0,2,9,9,8,7,15,6,0,8,10,13,12,3,14,10,0,5,16,9,9,1,21,7,0,4,55,13,4,5
"ATATCGCGCAAGTGGATGAG",1,0,4,4,1,3,0,3,0,0,1,0,20159,2,0,0,0,2,3460,0,1,3,3,3,2,3,2,7,5,4,2,0,0,0,1,0,0,0,0,0,0,2,0,0,0,0,0,1,5,0,3,6,0,5,1,6,4,2,0,6019,0,8,2,1,0,0,0,0,2,1,5,5,6,3,5,3,5,3,3,4,2,5,0,0,0,0,1,3,1,0,18273,4,2,3,3,0,3236,1,1,0,0,1,4,1,2,7823,2,0,6,2,0,0,0,1,4156,1,2,3,1,3,2,4,6,9,0,0,0,0,2,1,1,0,3,0,3,0,12,1,0,0,3,0,1,0,1,4,3,0,3,0,3,6464,1,0,3,3,2,2,2105,0,1,3,5544,4,3,0,0,1,3,1,4397,0,0,2,0,1,1,389,0,1,5186,2,0,0,3,1,0,237,1,4,1,1,2,4,2,2,2,6,4,628,1,3,4651,2,3,1,1,0,0,0,3,0,0,2,3,4,3,1,3880,4,9648,0,3,0,2,3,0,1,0,1,1,0,3,4,1,0,3,1,1,0,0,0,1590,0,0,3,2,1,1,1,2224,2,9,2,10087,4,2,4,3,5,3,2,4553,1,0,11823,0,0,0,1,0,0,2,4,2,2,6996,2,1,1,2,2,7228,1,2,2,2,0,2,2,6226,5902,1,0,3,2,3,4,49615,3,2,10,5,2165,4,1316,5,0,7,1,5,10187,2,0,2,0,0,3,13,1,0,3,4,0,4,0,2,0,3,0,2,243,0,0,1,1,0,2,897,2,5,6,3,1,2,1,0,0,0,0,1,0,2,3,1,1,1,1,1,0,6,2,0,1,0,0,5,1,2,3,0,0,0,0,0,0,1,0
"TACTACGAGCGCACAGTTAA",2,3,18,4,3,3,7,6,0,3,4,2,3,6,20,16,8,16,1340,5598,17,6,2,11,1,5,2,1,5961,6,12,2,9,8,6744,1,1,7191,9,3,4,4,1,3,0,2,2,0,4,2,29906,14,35295,9274,24,15,16,15,3744,20,15,20,1,3,0,1,3,2,2,2,28,18,29,28,15,20,21,19,21,33,21,30,3,4,1,4,1,4,2,6,5,2,27622,7,2,5,10525,10,0,10,5,6262,7,8,4,3906,5325,4,12962,6428,3,1,2,4,1150,5,5,3,5,5106,5,3,32,24757,5,2,0,2,3,7,3,4,3,9,11,11418,9,14,3,1,0,3,1,91,5,5,8,8414,4,2,3,14,4,6,12,12,29,18,2782,3,15,12,2790,64264,2,1,2,2,7,2555,11973,13,3,2,0,2,1,6,1,4,7,3,7034,4,9728,9,1018,3463,0,7,2,3,0,4,14,4947,20,29151,20,3174,8,18,4980,9132,9,9706,5,2,0,7491,1,5,7,5,4,5,8,7,3972,4,3506,6310,5,5,8961,3,3,1,0,2,1,4,0,4,7,4,13,10,9,9,7,8,7625,3,7,42477,7,6,2,4,7916,7,7,5,18554,9172,10,15,4,17289,12,11397,15,9,7,7249,2,1,6,1,5,2,6,5,4,5,10,6,1,4,0,1,1,5,3,4,0,7,12,14,6259,13130,0,3,206129,3,5031,12,22,22,18,5781,25,2170,9,3,3,6,5,13,15,6624,1,2,15,2,5,8,4,2,6,611,4,4278,10983,7,4,12,8,9,29,2938,1,1756,27608,1,1,7414,610,8,8624,7,8437,13,1,2,5,2,0,2,1,17080,1,5,5,1,0,2,5,3,23811,5,0,3,0,4,1,3,1,4,2,2,1,4,2,7,2,1
"GGGTGATCCTGATTCCAAAC",0,0,0,0,0,1,0,2,454,1,1,1,0,1,1,0,0,0,0,1,0,0,0,0,2,0,1,0,0,0,2,0,0,0,1,0,0,0,2,0,1,0,0,1,0,0,0,1,0,0,4,3,5,0,2,0,0,0,4,0,1,1,0,0,0,0,1,1,0,0,1,2,2,2,1,0,0,0,3,3,0,0,1,4,0,0,1,1,1,3,0,0,3,0,0,0,1518,1,2,1,1,5,0,0,0,0,0,0,2,3,0,1,0,0,0,2811,2,0,1,4348,2,1,3555,1,3,2,0,0,0,0,0,0,1,2,7308,1,0,2,1,1,0,0,0,2,0,0,2,0,6271,2,0,0,0,1,1,167,1,1,1,0,0,1,10828,2,0,0,0,0,0,1,1807,1,0,0,0,0,0,4,0,0,0,3,10028,2,5,2,1,816,0,1,0,1,0,0,3,4,2,1,1,1215,4,0,9478,0,6,2,1,1,0,0,1,0,0,0,1,0,2,0,0,0,0,0,1,0,1,0,2,1,0,1,0,1,0,0,1,1,6,3,1,1,1,2,766,1,13941,1,1,4,0,0,1,0,0,0,1329,0,1,3,0,0,1,1,0,0,1,1483,0,1,0,0,1,0,0,0,23238,1,4,0,0,4,2,0,0,4,2,1,0,2,0,2,6026,2,1,0,1,1,1,1300,4,4,1,1339,1,1,1,2,0,1,1,0,2,1,1,0,0,2,1,0,0,0,0,0,0,1,3,2,0,2,0,0,1,33,1,0,0,1,1,4,518,1,0,2,0,0,1,2,2,2,0,0,2,1,0,0,0,0,0,0,0,0,0,0,2,3,0,0,0,1,0,0,0,0,0,0,0,0,0,0
"TCAGTAAGAGCCGGTTCGAA",0,2,7,8,12,6,0,8,2,4,6,2,9,2,10,16,4,1,14620,2077,15,5,7,6,2,3,7,5,7746,2,8,11,13,7,7707,4,5,8,6712,4,27375,9,4,3,0,3,2,6,4,2,20,17,53704,26,1509,23430,14479,15,3686,3177,15,15,11,9,6,3,5,39109,12,7,32959,7,16,10,7,12728,6,54,13,6,6939,14,4,5,462,5,4,6,11,0,90,2,6,3,7,9,9851,3,1,21334,5,4,8,5,2,4,5345,6,5660,14,4,10,0,6,728,5220,16,2,5692,3,4,7,20,6393,1,10,1,7,4,5,12,2,1,179,14106,6,14133,6185,2,5,1,2,2,56,13783,1,1,7,4,5,2538,11689,6,6,5,10,6,18130,5917,10,11,17,10297,18,10,19626,10,11,9,2798,17655,13,2,5,0,1,7,108,9,2,3603,3,8733,5493,16,4624,7349,5934,0,1,3,6,10,2,13,13,4614,10660,7,6667,7224,9,4387,13,10,3813,0,4,18,6,5,1,6,0,3938,12,15,10,3057,8,10,9,16,9,3443,15,6,4,2,4,3,6,10,1,19,0,20718,11,35122,6,20,31061,8564,16,19,24,2,12,1,2,7032,3,28572,6,13654,9221,11,9400,6,6,7,10,10933,5,6,26994,6,8,1,1,5,1,160,3,8,35398,6767,12424,15,11,7,5,12,6,29,15,7,13,7,10,16597,6,6,13,13,20,10,0,10,1344,13,7147,13,24277,10,8325,3,6,1,11,8,5,10,7,62494,48692,20,14,22,9,8793,17187,11,20,10380,11,6,14,10,153,10,1624,4,2220,18,16237,5,10,1259,9,9037,9,9,18,8,0,5,5,4,1,5,3,6,2,3,9,1,3,5,3,35223,2,1,10,0,2,2,0,10,0,2,5,0,0,2,2,5,1270
"CCGCTAATGAGGAATGTAGG",0,0,0,0,0,2,0,0,0,0,1,0,0,0,0,0,0,0,0,0,0,0,2,1,0,0,0,2,0,0,0,0,1,2,0,3,0,1,1,1,0,0,2,0,0,0,0,0,0,0,4,2,0,5,1,22254,5,2,1130,4,0,2,0,0,0,0,0,1,0,0,0,0,0,0,0,0,1,1,0,0,1,1,1,0,0,1,0,0,0,0,0,0,0,1,0,0,1400,2,1,1,0,2,0,0,0,0,0,1,2,2,0,0,0,0,1,0,0,0,0,1,0,3,0,0,0,2,0,3,1,0,2,0,0,0,0,2,2,3,0,0,0,0,2,0,0,0,0,0,0,1,0,0,0,0,1,0,0,1,2,0,0,1,9,3,1788,0,1,0,1,4,1797,4,0,0,0,0,0,1,0,0,0,0,0,2,1,1,0,1074,0,0,0,0,1,0,1,1,1,1,2,1,0,1,1,0,5102,3,0,2,0,0,10815,0,0,0,0,0,0,4,0,2,0,0,0,0,0,0,0,1,0,0,0,1,0,0,0,0,0,1,0,1,0,0,720,1,0,0,0,0,0,1,2,0,0,0,2650,1,0,4,0,1,0,0,0,1,0,1544,1,0,0,0,0,0,0,0,2,5,2,25584,3,4,2,0,1,6,3,2,3,1,3,5,3094,5997,3,0,0,0,3,1,1,0,1,2328,1,2339,5,2,0,0,0,3,295,0,0,0,0,0,0,0,0,0,0,0,0,0,1,0,1,0,0,1,0,322,5,0,0,7,7,6,628,0,0,0,0,0,5,2,1,0,0,0,1,0,0,0,0,0,0,0,5,1,0,1,0,0,0,0,2,0,0,0,0,0,0,0,1,0,0,0
"CCAGTGGATTTGTGTAGACC",0,0,5,1,1,3,3,3,0,0,2,10292,1,1,1,2,0,0,702,4,0,0,1,2,0,0,6482,0,1051,0,4132,1135,3,13844,2127,2,1,1544,1184,3,2,2,0,3,0,1,2,0,1,1,5,2,1,6186,2,5,8,2,1260,0,3,6,0,0,0,0,0,1,1,1,0,1,0,2,0,2,0,1075,0,1,742,0,0,0,0,0,2,0,1,1,0,0,0,2781,9891,1,12047,1,1,3,0,0,0,3,0,1,0,2,0,11976,0,0,0,0,19,0,0,1,0,0,2,2,1,0,2,2,2,0,0,1,0,19,1110,2,0,664,374,3,0,1,0,0,0,7,7479,58,0,4,1,3968,0,1,0,1,2,2,0,1,608,2,0,1,0,7,0,2,0,1,0,1304,6366,0,2,0,1,0,0,13,0,0,0,2,1680,3,1,1,1183,2645,0,0,1,1,0,0,3,1,0,56,1,5337,17,0,2,0,0,1294,2,0,0,0,0,1,1,0,3034,0,0,0,0,0,0,0,1,0,0,0,2,0,0,0,1,0,1,0,3,0,1,2,3,0,2,1,9655,1,0,2,2,0,0,2,0,1,2,2,4627,8986,1,3142,5,4,3,3,312,2,1,3215,0,3,1,1,1,0,2610,1,1,1,1,0,0,0,2,1,1,0,2,1,0,1,0,0,0,664,0,2,0,1,2,2609,0,0,0,621,0,489,1,539,0,1,2,0,0,2,2,2,0,3,0,0,0,0,0,0,1,1,3899,0,0,0,2,2,0,57,0,3,1,1704,1,0,2,0,2208,3,4987,1,0,4018,0,0,0,0,0,0,0,0,0,0,0,0,0,1,2,0,1,0,0,0,0,0,1,0,1,1,0,0,0,0,0,0
"TCCTCTTTGACCTCCCTAAA",0,0,0,0,0,0,0,0,0,0,0,0,0,0,0,0,0,0,0,0,0,0,0,0,0,0,0,0,0,0,0,0,0,0,0,0,0,0,0,0,0,0,0,0,0,0,0,0,0,0,0,0,0,0,0,0,0,0,0,0,0,1,0,0,0,0,0,0,0,0,0,0,0,0,0,0,0,0,0,0,0,2,0,0,0,0,0,0,0,0,0,0,0,0,0,0,0,0,0,0,0,0,0,0,0,0,0,0,0,0,0,0,0,0,0,0,0,0,0,0,0,0,0,0,0,0,0,0,0,0,0,0,0,0,0,0,0,0,0,0,0,0,0,0,0,0,0,0,0,0,0,0,0,0,0,0,0,2,0,0,0,0,0,0,0,0,0,0,0,0,183,0,0,0,0,0,0,0,0,0,0,0,0,0,1,0,0,472,0,0,0,0,0,0,1,0,1,2,1,2,1,3,2,2,3,19215,0,0,0,0,0,0,0,0,0,0,0,0,0,0,0,0,0,0,0,0,0,0,0,0,0,0,0,0,0,0,0,0,0,1,0,0,47,0,0,0,1,2,1,2,2,1,0,0,0,0,0,0,0,0,0,0,0,0,0,2,0,1,0,0,0,0,0,0,0,0,0,0,0,0,0,0,0,0,0,3,0,0,0,0,0,2,0,0,0,2,0,4,0,0,0,0,0,2,2,1,0,0,0,0,0,1,0,0,0,0,0,0,0,0,0,0,0,0,0,0,0,0,0,0,0,2,0,0,0,0,0,0,0,0,0,0,0,0,0,0,0,0,0,0,0,0,0,0,0,0,0,0,0,0,0,0,0,0,0,0,0,0,0,0,0,1,0,0,0,0,0,0
"ATTCGCAGTCTCGTAACCTC",0,0,0,0,0,0,0,0,0,0,0,0,0,0,0,0,0,0,0,0,0,0,0,0,0,0,0,0,0,0,0,0,0,0,0,0,0,0,0,0,0,0,0,0,0,0,0,0,0,0,0,0,0,0,0,0,0,0,0,0,0,0,0,0,0,0,0,0,0,0,0,0,0,0,0,0,0,0,0,0,0,0,0,0,0,0,0,0,0,0,0,0,0,0,0,0,516,0,0,0,0,0,0,0,0,0,0,0,0,0,0,0,0,0,0,0,0,0,0,0,0,0,0,0,0,0,0,0,0,0,0,0,0,0,0,0,0,0,0,0,0,0,0,0,0,0,0,0,0,0,0,0,0,0,0,0,0,0,0,0,0,0,0,0,0,0,0,0,0,0,151,0,0,0,0,0,0,0,0,0,0,0,0,0,0,0,0,0,0,0,0,0,0,0,0,0,0,0,0,0,0,0,0,0,0,0,0,0,0,0,0,0,0,0,0,0,0,0,0,0,0,0,0,0,0,0,0,0,0,0,0,0,0,0,0,0,0,0,0,0,0,0,86,0,0,0,0,0,0,0,0,0,0,0,0,0,0,0,0,0,0,0,0,0,0,0,0,0,0,0,0,0,0,0,0,0,0,0,0,0,0,0,0,0,0,0,0,0,0,0,0,0,0,0,0,0,0,0,0,0,0,0,0,0,0,0,0,0,0,0,0,0,0,0,0,0,0,0,0,0,0,0,0,0,0,0,0,0,0,0,0,0,0,0,0,0,0,0,0,0,0,0,0,0,0,0,0,0,0,0,0,0,0,0,0,0,0,0,0,0,0,0,0,0,0,0,0,0,0,0,0,0,0,0,0,0,0,0
"AGCAATACGAATGGAGCATG",1,7,29,17,29,25,14,24,10882,16,12,19,37662,7,12,16,4,5,4951,5030,16,7,15,17,11,23,14,13,29893,8,20,18,20,28468,3803,25110,20,13411,4335,22,11,16,10,10,4,8,50472,52889,13,7,11,24,31,20242,10880,21,8,11,12282,6291,13,19,11,12,3,9,19,20062,16,6,34233,22640,29,29,18641,6462,17,11841,29,61124,15,24,9,12,3,7,223,115,14,3,10,7202,9,4436,3702,21,8428,16,7,6,29,3049,21,5,17868,6579,20970,7806,15278,163,19,17,4,9,13,1909,26,3,13,1205,19219,18,7896,6456,12,21,6,4,6393,2025,15,215,19,31038,18604,11285,4184,6590,18,14,4,5,11,15,9,3459,1678,20155,19261,8241,2939,11,7,18,19,15,15917,15,12770,14,0,11,19654,15,24,8,14,381,34748,2837,14897,6312,17,20,5,11,49229,14,24,10,7181,19232,13001,12895,7815,27469,3733,11800,8,11,14,10,26352,7,12,6759,10412,18,17,8876,11948,18580,13140,13023,8991,3145,24,22,6,3370,27737,16,12222,2412,11283,11,22,13,4409,7,4867,888,13,11,12,16,15,17,1,6,7,12,21444,5,7407,21,43626,27,27,16,8540,17953,15320,20991,20,31,29,21,17022,14,6301,17,21,8,22092,37213,48,9613,27,19,14189,13161,13706,30034,17816,26324,30,22,3,10,25,151,14066,7,11191,18052,26,29165,25273,16,3862,9916,23,23,4817,19,11,16,24,6,5033,16,13,8,22,12,5266,8193,20,19,24,6352,11,22698,13232,1559,7,11,10,11,24,19,8,13,10,12,20,24,23439,12,8,7,28826,21,21178,17,7,12,11,13,9,3734,12,2073,27,17,11,6220,14395,20,8428,25,28,19,388,8267,16,14,3,4,10,16354,10,4,12,7,2209,5,4,6890,22,2,6,13,2,5,8,10,17,1,11,10,6,9,14,12,19,365
"ACATTACTCCGCTCCCGTTC",3,2,0,4,5,6,0,0,6847,1,3,1,9,0,1,0,0,3,0,4,4,3,1,2,2,1,2,1,1507,2,2,6,5,9,2,2,5,3941,4,8,0,9,2,2,1,0,0,0,6,1,0,5,8,1,6,3,3,4,1742,10873,4,1,5,0,0,5,1,5,5,3,1,1,3,0,1,0,0,1,0,0,1,0,3,3,2,2,0,0,6,0,4,0,12492,1,0,8,1442,1,3,1,16848,7,3,1,11545,1,6,1,5,3,1,1,1,0,2918,3214,5,2,5,3,2,0,1,1438,0,0,1,0,18,2,3,4,4,1,277,0,1,2,0,0,1,0,1,5,3,2,0,0,2,0,2792,13305,3,6,3,5,3,1,5991,3,7,3,0,4,3,9707,29245,4,4,2893,3202,1,0,1,2,2,1,7,2,2,2,5,2,0,1,7682,1,1979,2,1,3,2,8,1,80,3,8,1,4830,1231,206,5,5109,0,3358,3,1,0,0,1,4,3,5,4,7,9,10,8,8189,4,4,3,3,3,6,7,0,0,1,0,2,4,1,0,4,3,4,0,1,3,0,1,2381,3,0,2,2,1,5538,2,0,0,3,0,4459,0,4,1,0,0,0,4,2,0,1,1405,4,2,3,3,2,4,6,1,9,42145,14283,6,3,5,3,7092,5,10,4,4,4,1,3,4,1,1,6,4,0,3,4596,1436,0,0,0,1861,1,2,1,1,1,3,1,4,0,1,5,4,5,5,2,5,5,4,15144,10,20984,3,1,1,3,0,2,1,0,676,5,3,154,11,9,6,1372,1,1,1,2,6,14,6,1,0,3,2,0,16441,3,4,2,3,1,2,0,1,37734,3,0,0,3,1,2,3,6,1,0,1,2,1,2625,3,2,1
"CAGTATGCCTCTGTATAGGT",0,1,9,3,8,0,2,3,0,1,11366,1,7,3,5,5,0,1,4690,2,14,1,3,2,0,4,6,22557,5272,6,3,2,15150,6,2570,2,9,4,8,24,5,4,2,2,0,1,6,5,21485,0,4,2,5,0,3,2,1,1,4219,14,3,4,1,0,0,1,2,2,11148,0,2,4,1,1,4,2,0,1787,3,15,1,5,3,1,0,0,6,4,8,1,0,2,3,1,11,12,3734,3,2,0,1,1,10,1,0,4,0,1,7,6249,6,5,0,1,294,1695,13,1,1,4,3,2424,3,2,1,3,0,0,1,1261,5,0,0,4,2,231,1,6,2,2,0,1,1,0,8,3413,1,18677,12147,5,20,12478,12,3,6,3,2,7656,6329,7,8,0,4,5,47444,3,1,5,5,8,6831,1,5,4,0,0,4,0,5,1,1072,5300,6,5,4,7996,4,3055,0,0,1,1,5,2,5,1,3,3,3,2682,3,2,5,14,3,1277,19,9,5,10,20,7,17,14,30,15,24,18,13,13,9,14,9,185131,4170,22,3,3,1,0,1,0,7,0,5,2,1,0,0,0,0,3,3701,14,2,4,4,4,1,1,2368,0,16,2,10390,6,11,5,5,0,2,5,4273,21,6,8591,0,0,0,0,1,0,7,0,3,2,6,1,2,3,1,1,0,8,1,1,16,2,4,2,12496,6960,2,8,1,0,0,3140,7,3,1,3886,0,3,3,1,7,2,6,0,0,1,0,2,22,2,0,1,28,17,16,18,18,2,7,2,13,1,3,3,2,633,0,2750,38487,1,0,3,2158,10,3,8,8,4,6,1,7,0,2,0,8,0,11496,1,5,6,1,0,1,2,18467,2,4,2,0,0,1,1,2,0,1,4,0,0,1,0,4,0
"ACGTGCTTGGATGGTCCGTT",0,0,10,7,5,8,1,3,2,3,1,2,41818,6,3,1,1,0,2,6098,6,3,2,1,0,3,3,2,3049,0,618,4,1,4,1054,9336,1,1054,0,1,1,3,1,0,0,0,1,0,5,0,7,29179,4,8,6,7,4,3,3144,3,8,8,0,1,0,1,4,1,6,0,2,4,8899,4,1,1,0,0,4,2,2,1,0,1,0,0,2,306,9,1,2,2328,1310,3721,170,3,23848,0,0,1,0,3,8,0,0,0,0,1,6,6312,0,1,0,0,0,2,3,2,854,4908,1111,0,3,2,4,1,0,0,0,0,9,2,7,5799,2439,2680,4,7339,4,3,0,1,0,0,6,2,7611,3,729,4,195,1,1,9,2,4,0,3657,4814,1,1,3,2,3,1,1,0,0,251,933,17492,5,0,1,0,0,1,2,2,1,3,0,2,30,2210,0,2,6035,1,1,1,1,6,3,0,0,2527,2,1624,10717,3092,0,0,7,4559,10,5,1,0,1,1,2,1,1,1,2,0,4,2,0,0,416,0,1,4,1,4,0,0,0,1,6,2,1,8,11,9,38047,2,3935,6,1,12931,7,7,8,4,1,1,0,1569,1,7564,0,4890,2494,1,6,4,4,2799,2221,4,21871,5,7990,7,5,2,2,2,5,4,2,0,2,804,4,2,2,1,1915,1,0,250,3,1,9,3,3,5673,3,0,0,0,4,8,1611,4,3,1,766,4,2261,5,1956,3,7,2,6,1,12210,2,1,0,6644,8,14026,0,0,1,1,2464,5,9,8,1,5,3,2,2,1799,1,1117,4,2,0,0,658,1,3,2,1804,1,1,1,0,1,1,0,2,0,5,1,1,0,0,1,0,2,5,0,4,2,1,1,3,2,3581,1,0,1,0,1,4796,3,6,0
"TAATCCCAACCGTTTGTCTT",0,0,0,0,0,0,0,0,0,0,0,0,0,0,0,0,0,0,0,0,0,0,0,0,0,0,0,0,0,0,0,0,0,0,1610,0,0,0,0,0,0,2,0,0,0,0,0,0,0,0,0,0,0,0,0,0,0,0,0,0,0,0,0,0,0,0,0,0,0,0,0,0,0,0,0,0,0,0,0,0,0,0,0,0,0,0,0,0,0,0,0,0,0,0,0,0,13,0,0,0,0,0,0,0,0,0,0,0,1,0,0,0,0,1,0,0,0,0,0,0,0,0,0,0,0,0,0,0,0,0,0,0,0,0,0,0,0,0,0,0,0,0,0,0,0,0,0,0,0,0,0,0,0,0,0,0,0,0,0,0,0,0,0,0,0,0,0,0,0,0,216,0,0,0,0,0,0,0,0,0,0,0,0,0,0,0,0,0,0,0,0,0,0,0,0,0,0,0,0,0,0,0,0,0,0,0,0,0,0,0,0,0,0,0,0,0,0,0,0,0,0,0,0,0,0,0,0,0,0,0,0,0,0,0,0,0,0,0,0,0,0,0,24,0,0,0,0,0,0,0,0,0,0,0,0,0,0,0,0,0,0,0,0,0,0,0,0,0,0,0,0,0,0,0,0,0,0,0,0,0,0,0,0,0,0,0,0,0,0,0,0,0,0,0,0,0,0,0,0,0,0,0,0,0,0,0,0,0,0,0,0,0,0,0,0,0,0,0,0,0,0,0,0,0,0,0,0,0,0,0,0,0,0,0,0,0,0,0,282,0,0,0,0,0,0,0,0,0,0,0,0,0,0,0,0,0,0,0,0,0,0,0,0,0,0,0,0,0,0,0,0,0,0,0,0,0,0,0
"TGGATCTTAGGACGCAACAT",4,4,8,22,16,18,10,6,3,3,3,7,10,4,17,5,0,6954,2941,339,14,8,10,5,3,10,7,5,6721,5,9866,10,20,11,5484,19,9,4389,3781,13,8,15,2,4,1,6,5,1,3,4,54,53235,16290,48,3894,58,20007,42,5385,6975,40,70,4613,3,0,1,4,4,6,1,23,10,18,23,15,19736,18144,14,14,29,7,17,2,4,0,6,17,158,7,6,4386,7,16176,10399,6123,16459,19836,6,3,21511,10,5,16,6,8724,7437,5558,7,18928,17951,16,5,1,9,9,6,7,10,14495,5163,6,4697,12,3042,15,6,4,5,14,6,50200,160,18557,6,6721,3716,197,12140,9,7,0,8,3185,5,7,7,7100,18973,6,13,11,7991,3,11,12,20,12,6,4417,12,16,25,54,253160,11,770,5,9,35544,3651,17643,13021,9,3,0,4,4,46,5146,4,33,5266,3,6316,13530,2245,10955,10195,1,13,5,7,6,4,8,6736,3982,5,11,6393,6,3921,8,5,7,13,13,8,2,10,2186,11,7153,16,15,18,18,14,9610,16065,15,16,11,109850,8222,15,4,4,1,7,6,5,6,4,0,11,12585,14,15,15,10,14,9077,19,6,13,13,6,4923,8,6827,8,12,4,7486,16,0,19,19,15,13798,18,5416,16,8257,34385,7,7,2,9,11,12,8,9,15,18,23,26500,44782,12,17,11,26,13,2576,19,11,7,10,46,40155,7136,7,8,8,2,9,3236,28375,9,12,5222,21663,1115,6,3070,8,5,12,30,290,1,8,3,21,0,10,28,17,14,9,20,33,49363,10117,8,15,8,10,45,10,4170,11,6,34038,11,16,22873,1765,7,8,21294,12677,16939,20,13,6,1,0,2,1,251,405,3,10,1599,0,5,4,8,7,6,9,4,1,3,3,6738,7,6,3,2,0,3,4,5,6,3
"CTTTGTGCACCCTTATAGTA",0,0,2,2,2,0,2,5,0,0,1,1,19569,0,0,4,0,0,0,0,0,0,0,0,0,0,0,3,1,0,2,0,0,0,0,0,0,0,1,0,0,0,3,2,0,2,1,37646,4,0,1,0,0,0,0,0,0,0,0,0,0,1,0,0,0,0,0,1,1,0,0,0,0,0,0,0,0,0,1,0,0,0,0,0,0,0,0,5,0,0,0,0,0,0,0,0,623,7,0,0,0,0,2,0,0,421,0,0,5,0,0,5,0,0,0,0,2,0,0,0,0,1,2,0,0,4,0,0,0,0,0,0,0,0,0,0,2,0,0,7,0,0,0,0,3,0,0,1,0,0,1,0,0,0,2,0,0,0,1,0,0,0,0,0,0,3,0,0,0,0,938,3,0,3,0,0,0,0,1,0,7,8,6,3,1,1,1,753,0,1,0,0,3,1,1,0,0,0,0,0,0,0,0,0,0,0,0,6,0,0,0,0,2,0,0,0,0,0,0,0,0,0,0,0,0,0,0,4,0,0,0,0,3,0,0,0,0,0,0,0,0,1,274,0,0,0,0,3,0,0,0,0,0,0,2824,2,1,2,0,0,2,0,9037,0,0,1,0,5,0,0,0,0,1,0,0,0,0,0,0,0,0,0,0,0,2065,0,0,0,1,0,0,0,0,0,0,0,0,0,0,0,0,0,0,0,0,1,0,0,2,0,0,0,0,0,0,0,0,0,0,1,0,0,0,0,0,3,0,0,1,0,0,0,0,0,0,0,1,0,0,7,2,1,0,0,0,2,0,2,0,0,0,0,4,0,0,0,0,0,0,0,0,0,0,2,0,0,0,0,1,0,0,9,0,0,0,0,2,0
"GATCGTGCTAGATTGACCTA",0,1,0,0,6,3,0,0,0,0,0,0,0,0,0,0,0,0,3859,0,0,0,0,0,0,1,1,1,0,0,1,7371,0,1,1845,0,1,0,1,1,0,0,2,1,0,2,3,0,2,1,1,5,2,1,0,3,2,0,401,0,0,0,0,0,0,0,2,0,0,0,2,2,0,1,2,0,1,0,0,0,0,1,0,1,0,0,1,1,0,1,0,0,0,0,0,4,431,0,0,0,1,0,0,0,0,0,0,0,0,1,1,1,0,1,0,1,0,0,0,0,1,0,0,0,0,1,0,0,0,0,0,0,0,0,0,0,0,0,0,0,0,0,0,0,0,0,0,0,0,0,0,1,0,2,5,2,0,0,3,0,0,0,5521,0,1,2,0,2,0,1,1315,1,1,1,0,0,1,0,0,0,0,2682,1,2,3,2,1836,703,0,0,0,0,0,1,0,0,0,0,0,853,1,0,0,1,0,0,0,0,0,0,2,0,0,0,0,3,1,0,0,1,0,0,0,1,3694,1,0,2,0,0,1,0,0,2,2,6,6,7,3,3,2,2,576,8,3,5,1,1,0,0,0,0,0,0,239,1,0,0,2,0,0,0,0,0,2,0,2,3,0,0,1,2,0,1,2,19692,4,4,3831,1,1,7,5,2,1,5,1,1,0,1,6358,41,4,6,1,0,0,0,0,0,0,401,0,0,0,2,3,1,0,0,0,0,6,0,1,0,5,2,0,2,0,1,0,6,2,29763,1,0,0,0,0,386,5,1,0,3,1,2,297,1,0,0,0,0,4,9,1,0,0,0,0,0,0,0,1,1,0,1,0,0,1,0,0,1,0,0,2,0,0,0,0,2,0,0,1,0,0,0
"TACCGCTTATTATTACGTGG",24,31,45,54,90,65,35,33,23464,25,29,26,33,18,31,21,23,27,28,3868,23,22,42,42,20,27,147864,37,62812,27,5053,50,86,26210,41410,50,27456,21371,53,56572,50,1269,33,25,15,26,29,34,42921,26,60817,49,84,34062,35123,12100,17002,46,55946,34154,45,50,29,22,34616,11,25,16,25,27,30073,19499,47,22973,28,6365,32077,17949,50,21,20185,24,31,24,14,26,90,218,29,42,17771,6738,123467,4830,5401,66,39300,44,16,24,31,6080,36708,27,11462,532,55397,15874,23073,17314,42,31,7,22,1992,1101,33,29,16567,42807,23561,44405,10877,29187,36,30,20,12611,14632,25,122298,91,30,34903,38785,7552,15942,19480,29,28,20,21,7907,97,33,3489,10428,42659,7200,21053,48230,32155,37,21,27,31,29867,29,24908,32,14303,35,5123,42504,47703,27573,64229,54021,53,20433,24395,57,35,24,15,21,24,59,4642,122,39258,30369,17643,30943,12060,19217,28539,48416,21811,38,40,41,51,37,39,22241,26943,36314,16173,37081,56,11344,57497,35493,44101,41126,33,40,15,14238,11078,24,10465,27,14935,57,76,52,5136,23750,54,21783,56,55,26,30909,27,25,37603,25,27,45069,35,96,6184,40,44935,48,43,36,39268,23280,54823,19952,37,46,46,41,11567,26,25381,37,34,34,12762,29640,37780,9591,32,42,31558,38,52215,16050,45,31165,32,30,24,14,35208,28460,35,29,60,53,15692,44,45621,40,37,42273,314,31098,28234,64443,20,26,26,29,17,29,21,26,25,26,55,28665,44,9982,19,12152,39,13796,77,15484,35,20,16,29,34,32,31,27,60974,27196,30,17360,24059,116917,42,36189,29181,34,21396,33,33,23,35,33,21,3702,39,26,33,29,38904,16906,55049,22154,36,44974,12620,36108,23050,37004,19,13,23,16,33124,13120,20,10,16,15,902,8,20,19,28,12,21,14,8,6,13,14,19,6,18,14,13,11,17,32,24,9
"CTTCGCAAGATGAGTCTGAG",58,86,57,141,175,85,0,5,0,0,4,0,10,0,1020,4,0,1,1,0,13,0,2,0,0,0,0,6,14,0,7,1,2,2,0,1,1,1,3,0,2,1,0,1,0,1,0,0,9,1,2,0,4,11437,2,0,0,1,1792,5,2,1,1,0,0,1,0,1,12,0,3,1,1,5,18467,2,1,59,0,2,5,8,1975,1,0,1,0,1,15,0,0,0,0,0,2,1,2229,33394,0,5,6,1,16,0,0,0,4936,102,6,2,1,5,0,1,2,0,17,17,2,2,12581,2,3,4,0,3,0,1,2,0,12,0,0,0,0,0,1,4,0,3,0,1,3,0,17,0,1,1,1,0,0,0,0,1660,1,2,1,8230,1,0,4,2,2,1,1,9640,1,0,1,0,1366,2,0,1,0,1,5,0,10,0,3,8,6,0,0,0,2,8,0,1,2,2,20,2,4,4,2,1,2,1,3,1,8114,2,4,5,1,5,0,0,2,0,15,0,3,0,1,0,0,0,0,0,0,0,0,0,1,4,0,1,1,0,16,0,1,0,2,1,1,0,1,0,760,0,0,1,1,2,1,2,3,1,15,1,1291,1,0,1,2,0,0,1,3,2,0,5655,0,6,0,1,4,0,12,0,3,0,0,0,1,0,0,0,0,0,0,0,1,1,2,0,9094,2,0,4,3,0,3500,0,1,4,2,2,0,5,1,0,6,3,5,3,4,10,4,9,0,0,0,1,0,1,0,1,0,0,1,0,0,0,1,0,3,33,0,2,2,0,0,0,490,0,2,0,0,0,0,1,0,4,1,3,4,0,9,0,1,4,0,4,3,1,11,0,8,15,6,5,8,4,124591,8,0,3,0,0,0,0,12,0
"TCGCTGAAGTCCTGGGATCA",311,397,421,447,554,343,5,8,1,8,10,7,6,288,6,9,2,1,6774,7268,5,0,7,9,5,5,10,10,4101,8,8,13,16,23,3858,16,37260,21,21,11,20,25,7,9,1,5,4,7,4,6,8,5,9,11,3112,3,5,9,5829,6322,4,8,2,6,0,5,5,9,30201,3,8,7,8,11784,10,4,3,8,9,8,12,23,588,4,0,750,4116,7,5,3124,0,1459,6189,3,21,62092,8296,4,0,3,5,5,5,1,18648,8,5159,10,13739,11,10,5,0,2,969,2,5,0,5263,5,7275,13909,4163,15,7,6,0,4,3,3848,4,5,5610,5,15882,8,12782,14,4,3,2,13,7642,145,5,3,13387,9856,17,11,14063,6356,3,13,7,4,7,1536,3521,63,17,9,0,7,20,39189,20,20,24,4399,8666,6,4,5,3,8247,10,6,4,1,9470,9,13140,6380,17,14,7172,6355,1,11,10,5748,4,7,19,11240,10318,16,5,4346,11,12,4893,4358,13,16,7,2,1,3,3,3,2,2,1967,7,11,15,9,79,4746,6684,9,3,19503,15,6,6,0,4,6,8,5,3,8,15,19,45844,11,9,7,8837,4755,12,10,15,5,5,5426,13,5,4,5,6,4215,6,13314,10,11,5,4,11,522,9,8352,14944,5,7,0,5,1,2,5,2207,4,3,14225,25637,5,10,6,8,4,5,4537,10,3,6,8,91,14856,8,4,13,3,6,9460,4336,43438,11,9,3015,16,6123,13175,4352,5,8,8,3,408,10554,2,10,7,9,19,9,11219,10,5,10,11,12,8310,27185,1411,7,4,109,4,1527,5,2082,7,3,7,14,2199,7,1110,8,16555,6,12,6,5,2,1,3,5,4,4,0,0,1,2,4,7,3,5101,255,1,4,0,5,7,0,4,291,3,2,0,447,3214,2,1,3
"CCAAGTACTAATGGTCGGAT",9493,17396,12925,37470,38644,27765,488,133541,290683,12569,583,517255,169474,6439,20783,18052,217,22130,19014,14658,234815,2931,16259,9335,691,12944,62972,57432,467825,337,183419,298332,206918,153932,419043,319230,157332,360136,90309,59792,215454,289370,345,23412,43445,86097,319,216144,32878,858,605490,297014,87707,216047,334215,71311,335634,7186,552027,313525,239543,96141,11904,365,84781,289,403,9582,286682,7822,271083,350156,242983,558478,85125,128872,195309,381095,243147,203948,208524,158625,44210,49460,7953,24027,10650,13920,25522,9062,139018,189649,566790,248888,225395,79638,389365,36526,251,99451,141422,130833,160915,318,255906,225809,386749,155228,278247,369366,21148,13412,100373,19048,7333,31145,81385,754,253482,286665,333828,250012,227112,303311,33842,100308,17505,35365,250323,19094,190120,3088,242774,367696,427701,191522,294253,323707,102054,12985,253,117953,155003,991,144551,42619,208884,482009,527820,263484,264835,243735,13514,4357,561,10216,361068,55101,345663,649,249530,149353,143640,79637,107576,65950,192149,275267,266871,342272,259224,240825,16341,46050,237,28185,284581,1129,6800,5572,220068,267077,402205,279176,142035,329531,258152,382839,9323,45208,36193,32161,110577,359,391478,536671,237291,370387,231895,390400,243604,197358,208867,202913,236381,435649,28015,44643,212,161138,217131,160295,129725,46271,297294,156991,242526,146675,241603,127819,198938,229760,747,102665,43721,796,13607,431,253790,16156,145026,110858,52237,6705,279836,160895,234517,338582,213648,172663,844321,210011,480470,230839,54829,878,28351,499,424454,33370,287070,83592,146614,7593,269491,560214,329427,252640,166872,93149,179635,195621,261613,298057,369277,366524,603,29741,239,70660,103291,130918,123220,911,232657,209235,320209,309325,567028,74480,313080,976021,177093,200088,531670,296678,35525,22784,436,16497,85306,45241,490,1681,136293,223972,110011,338537,323776,79374,477118,242396,21308,308893,252470,207875,6405,7864,435,21209,9243,109530,579,401,63773,148340,61347,228931,439877,298135,292933,225034,228150,142207,27719,28872,38144,9405,439,8938,1998,53982,13925,38954,221132,241321,243177,251808,597502,227790,172569,207415,209726,264959,148548,280991,13283,77478,43112,267,65604,256418,243985,261,238,3736,800,4181,150781,253,75548,1327,40866,39286,92,192,16174,45942,194635,3195,235,237,170,143641,7881,650,117576,1269
"CCTGCTATCTTATACCTCGG",3641,6610,4140,15249,13870,9916,16,17,6,2917,46,57692,36621,2263,19973,2972,3,9319,400,9239,29,754,7240,1352,10,955,20,16,12472,19,17,35,29,53866,6611,8,12,10323,15,25,15,22,14,11228,2,22,22,12,18,99,48,40,50210,28038,1594,23,24,30,10061,7675,21,45,7198,11417,8,39,23,18,25,5481,8,6,28427,9,2415,8,15,4657,8,11,14,11,32525,34797,4068,11416,2899,145,12120,4413,11,10946,24,0,6418,22,17978,14,7,42704,25752,35,22358,14,22,7209,22042,1324,9753,8872,29755,12238,3,39,369,473,29,96,7874,8234,5838,38,143,6,16,12,2,5451,14111,26,18,707,5308,35,12257,7594,3741,25,19,9,1,36,4088,44,12710,9831,21,23,7259,50,2671,134,11077,7325,15,7662,10,11160,5068,22,13,43169,4226,28,17,19678,18,9538,14,7756,24218,12580,7487,10,1,3578,22,29,0,2351,10,20295,5322,17,7057,35,1623,9980,4,31,24,5903,19,14,22,0,4925,15,16,7361,6951,10254,18,4329,2409,4201,26,3981,7,16081,51234,33,35,11158,7316,27,30,18,7858,3506,16,6607,5,25,27117,21,10222,21494,5,11822,22,25,53189,1413,18087,28,25,11,18,14,16380,9548,9243,16,20,23,26811,18,6,10187,3551,38,40,2675,19054,36,30,10290,27,8934,19,3883,8151,22145,3910,36982,18,19,5,143996,27,35,12884,16,27,40507,39457,13076,24802,18,17,25,6719,18,834,15225,5614,1783,22,7608,17559,19620,22,312,6,15,21,3445,11,7,11,10249,8,12170,18,1439,17,3491,22,10568,155,6615,17,21,10,20,24,13,21,10,19,4788,13,19,25694,5,11425,4623,26,7375,3345,974,16,7611,13127,16486,29,28,1752,20,34769,32,15999,34,19,4499,7705,18,12,36,32607,30128,25,21,9,1554,4,1054,20,17,24,869,14,9,4,31,23,47704,22,903,21,11,3,42,20,22,43,136
"CTCATCAGTGCACTATCCGC",33582,46191,32060,45065,48799,28999,90,112,33,27469,76,117787,115151,28772,30275,26599,31,9413,28504,25400,122,11437,14769,53379,26,9562,71,27066,34669,217,58106,1196,42594,75287,41628,16930,56,11036,21086,78,84,28127,56,14117,24670,50182,95016,1856,92,6922,141,26797,83843,113,12627,11671,94109,182855,26558,24786,90,57649,14121,23388,34,70,65,89332,33931,44683,76625,76,40427,23383,64,37271,55,13424,89,62,71766,48023,55446,67662,62761,81605,41465,144823,50147,64530,13013,19440,54994,48580,19384,15879,49460,79,41,39558,0,23339,148,82,18165,5383,24869,11511,395,131,38481,77,37,16935,13733,4867,25473,3208,5559,15890,42767,4875,34186,40416,56963,85,30,9563,60349,78106,132,17618,7613,17122,6564,2754,35543,23361,83,43117,31,52,8067,60,55099,9289,4799,16392,7217,16919,15658,17804,23629,8128,66,11985,65,38667,16583,905,14570,42555,50083,10564,80,56688,30577,17359,33024,39912,86188,19731,20925,71,32,34353,29042,399,136,27878,14346,13029,20455,26213,32481,39480,13316,31619,32,59,66,21158,129,80,87,40882,35500,20283,6524,25567,10483,5183,13321,9029,9933,41158,33857,37927,104,25970,29787,8229,30700,39555,7720,52,56,52,8818,0,30242,47212,51,41,113584,96,17584,25278,32,12760,48489,67,13833,18932,43014,72845,123,93135,96,27692,7952,17792,37391,22914,13218,140,14893,13692,14770,8852,22106,50637,134122,37315,66707,87211,10897,40074,92,12658,41569,24398,46450,94,9263,142324,79,77,33,66,68,0,61929,1956,49061,67,13143,75464,15634,53,44,61,30258,57,5888,16069,1076,8276,104,29016,56658,16809,36082,7866,47,66,4881,18020,74,13672,51,40306,43370,50382,72,18874,44,19586,221,24462,56,12998,63,65,53,81366,153,14196,59,54,20017,85,53,49223,40380,85520,33465,24284,95,29029,69,22675,53,35892,31365,50,97,29982,9578,81,29463,84988,36872,34942,4199,25379,9971,68,26,176,60,64018,84228,647,65,23816,20,57,62,63,73556,20146,31663,13928,28,65,22147,45710,62620,23961,20282,89,35,65,68,87,122072,2988
"AACTCTTTGCACGCTCGTCC",13967,21599,13594,29479,28406,19885,391,188984,276879,24376,354,453,156549,11818,60642,101975,140,12601,29947,40191,41438,6297,19185,55170,2376,20821,134615,22289,368591,283,97731,167756,141160,136935,226440,266708,110017,300024,98677,290843,73287,26011,198,34753,48102,194,237,64774,102498,1593,131295,99588,92145,234862,165000,99714,170390,251380,278296,154089,76928,151913,29005,30655,74523,285,298,220618,60073,22145,115197,60523,104720,210495,134445,92567,194652,154942,153391,47289,146929,156997,51391,169709,10666,55991,9580,6791,45287,30162,114847,202220,340650,121450,160744,31976,248576,66992,184,143540,38451,72119,117816,232,203030,139613,256493,102095,185113,258179,52283,71515,176632,32043,5669,51001,61579,1745,187404,153807,246977,141097,125277,179267,37466,147840,167,62655,127815,20341,375188,9327,155641,208206,306672,161878,201222,199634,37571,105223,166,50912,113943,2216,195750,22623,138147,356300,286213,144150,160439,176296,25752,25231,26449,18835,221968,28017,211637,755,200369,94760,70462,59799,87339,20342,0,130836,81823,196367,190735,176763,47445,52766,211,52531,107834,3479,22782,10018,170370,97604,103246,173768,140322,126756,147824,222616,317,358,65540,23755,433,278,72883,371464,173803,229059,154465,240494,206009,198205,216441,110519,66848,288598,45554,117734,213,106194,118494,109687,105725,34021,158695,469,210376,430347,159855,207078,178896,205440,580,107082,47943,53669,76377,6828,159145,12219,24101,50612,54462,16865,79703,78009,107097,180436,42136,78193,299142,136161,295442,84890,38612,138454,103375,468,223175,21194,199683,97887,104734,22713,158345,313302,101598,81431,44137,54409,197239,146667,283194,60007,221224,352302,55318,49374,179,196109,69468,115236,103120,637,72212,119881,176716,297100,370157,110918,213937,390820,181016,196715,232594,185743,27440,7443,269,25711,43743,28661,342,3570,345,99667,96142,160767,54382,127427,228148,103412,50961,134985,79060,97421,13694,5148,302,28685,8781,70373,332,236,151261,66858,277673,165726,171519,48932,160309,252855,202278,359,38595,109718,28399,19706,308,18117,9837,66903,362,32391,62715,238735,110934,182083,296193,71117,63257,166744,108385,201525,157528,169810,45674,258,41296,245,133666,64264,124428,365,5988,112245,117,4847,201,199,24473,5223,31413,18405,107,163,39725,46494,123577,8924,189,218,147,97168,8601,413,121559,2002
"TTCTCTTCCCACTGGTTTCT",2487,4378,2926,10296,9503,6282,55,228604,13,6676,23,13,17,1388,4864,4540,2,4974,3788,2360,6,1318,3826,1017,3,2263,36,56,3574,12,5060,10,8,4,8716,8672,0,6480,6,6,1,11,6,3,3,5,21,27,8,54,12,18,20,11047,1637,19,9,12,2618,9226,7,24,19696,18708,4,11,30,34,6,284,8,7,1,4,8,3251,3,3,2,3,4,8,10933,8,2469,5226,242,91,8264,1454,94,6,6501,2,24,2,4627,42,5,10,8,6,10,5,9,6,12,3677,35,16,42090,45,6,3107,168,8,17,79,14,9,7387,13,8078,5,19158,41,6,10,6020,3,23308,609,5,6,11831,4,20,15,27,16354,3,5,10,26,13,4,36,38,29,34,5699,10,5751,6258,8,4571,7,8823,4145,20,3,40556,5578,12,7,0,11,8,6,5326,6146,9,8995,41,3,7,12,4,13,1936,404,10477,14044,1221,45,31,35,3095,4,30750,6,6,7,5,7,10,9,3,11,1045,6574,7,7,0,4,9103,7144,32,5,5958,8520,9,7,14176,14,16,11,8,16,15,5,6243,18,16,3876,23,607,41,3,5,7,3,9,1705,23980,27,39,30,63733,26,22,15063,3589,30,25,125067,4669,29595,3,16,22,16,22,816,5262,13,13,13,13,5,10,6,11,19,9,4281,97730,38,5,16,8,6,18,10,10,21411,8,7,11978,7,6,2,13231,9,7,20,5489,615,11,7973,655,6751,9,237,8,2,13,12,8,1,8,5304,3,9411,8,3,55767,33,14,7307,12,13,17,9,11,23,31,27,8,3,11,10,6,157,29030,12,9665,1227,9,3964,3,227,9,4,11756,9,8,9,236,10,8782,11,37973,9,12,4,3402,34,7991,10,15264,6,8,7,64461,5210,5,7,14,9,14,288,30,101876,6,14,21,11,21,610,23,29,3,9,7,3,8,3
"TTAGCCGACATACACAGAAA",3948,5876,5803,6382,6894,5973,14,25,7,21,15,25,20,2780,8300,9939,6,11,6653,215,13,396,15710,1294,1,18,19,37,24407,24,10837,29262,44455,30,10287,19,29,8142,5239,19,26,44,14,25,4,19,20,84701,19,48,30366,98,55,42141,10013,37,45444,184665,22670,10080,46,67,11,20,3,14,14,22800,9,900,18,18,31,8303,40955,26958,17,4864,21,18,11443,29,6799,15,3,7768,1945,892,9559,5310,7601,16053,19885,2533,20247,26,19113,45,4,47165,20,10040,20,20,1010,24,45,4010,50,66,11,43,4,20,2419,7561,17,164,23742,10396,7772,51,11846,14330,9,23,0,12353,13493,23,20953,789,29,27,30819,7667,7574,12615,10,27,4,19,11,16,23995,12,5214,7847,7278,5784,4942,32238,2101,1854,21,3419,9630,160,13271,31,31851,42,58,53,39659,19846,24,34,31,18371,29369,44,10,46,1,4890,13498,28,22,4340,5581,4955,26812,32345,50767,41,3710,15532,4,16687,18,22,22,21,5446,27,5390,10330,8488,21264,14010,29,5290,5954,12065,1128,17,8991,0,6575,5405,16,9,7787,15009,32,31,19,4539,16057,17635,14845,29,18,34615,37,7,26,3,15,13,20,17,940,45,24779,53,34,70228,32,34,47299,23919,24,29,46,15,27,3420,4727,1024,26,20,13,15988,37983,11508,9437,48,30,31312,27460,9840,23,2282,44382,24,48,3,20,17,62898,7786,10,51839,18976,14911,34,13132,26,38,38,6978,22,8979,34185,13,28,29,4882,24725,7100,30,143,21,41420,19,16470,18,23,16,8529,22,11717,25,7046,22,23,21,3505,925,17,26,12,22,27918,42,35,23,17,25,19,20216,37,17567,38,7465,25,25,3716,3685,8244,24,6491,36,27807,37,11594,8462,42734,24,28,5514,21,5728,18532,5,18,4,22,11,15599,14,61,9,21,7,9,7,18,11,406,4,16,3,14,7,21,9,684,2,31,5,14,11,22,19,10
"CGTCTAGAATTGCTTGGAAC",9,14,15,68,119,51,4,1,1,1,2,1,7,0,0,2,0,2,15,3,4,0,10,2,1,1,2,4,10341,2,3,2,5,5,2,1,1,1,3,1,1,1,3,1,1,0,2,0,6,0,6,5,3,10983,4,3,0,0,4697,1421,5,4,4,0,1,1,5,4,4,0,31470,7,9,21924,6,6,4,8,9,4,8,11,5,1,34,0,0,2,2,0,0,0,0,3,6219,3,2455,5,0,3,2,3,7,0,0,2,1,1,3,5,4,0,0,1,2,0,3,0,2,6,5990,4367,12,9,1,1,0,0,3,0,4,0,1,2,1,3,6,5478,0,2,1,0,4,1,4,0,0,2,5821,5481,2394,2,3,2,1,2,6,7498,1,1,0,3,4,4,7,9598,5,2,1,2721,2776,3,1,1,4,0,4,3,3,0,2,10118,2,4,567,5,2,1898,6152,1,4,4,6,0,9,5,16,14,11,1558,2,9,14,8,5,27182,2,1,1,4045,10301,2,5,0,3,5,2,3,1,1,1,6327,2,1,0,6,3,4,0,1,0,10023,4,0,7,2,5,5,6,1,7,3,2766,1,2,6,4,3,2,0,6422,2,7,0,4531,0,3,0,1,3,1,1,7968,3,2,3,3,1,1,0,5,2,8266,0,3,0,1,1,2725,0,0,1,0,1,2,0,1,1,4,195,6,6,1,1,5,6,15158,6,4,19348,6,3405,13,4133,5,7,1,5,1,2,6,12243,0,1,3,25045,7,5,1,3,5849,4,0,5,9933,3,2,2,1,2,8,126,0,1,0,1,0,0,3076,0,1,5,2,1,2,533,0,2,1,0,4,0,1,0,2,1,1,1,1,4,14324,1,2,3,1,0,1,2,10,1,0,1,1,0,2,1,1,0
"ATCCTGCTTATCGATCCTTC",2151966,2414411,1527924,2275497,2345235,1818594,1086180,226713,103835,1562614,106072,115053,253996,1408626,1644507,1841690,1326,1245882,476558,342100,234710,1074040,1486471,1673780,1485,1540171,71129,553310,81740,12812,1492855,53948,269254,272554,89796,142801,177714,74345,1321717,266365,124121,209316,1183,1930390,230528,937422,177904,440587,829389,135403,64525,127049,88718,532606,34692,133637,82007,173952,79225,39623,231382,630461,866891,923094,410741,4815,2668,563330,314518,1250567,58033,22657,668,78847,94707,53761,59910,25353,205105,46132,94535,48693,1829179,1912541,802236,2041081,775370,630710,1714848,2368191,157239,153660,146870,27801,83589,464390,122140,529374,1605,325531,197698,396768,189315,2745,45021,45106,330672,214658,57109,43435,1513208,1317391,1321,977927,90138,289598,202616,143026,13077,55665,111720,70604,607686,80629,1473661,1277723,122337,1320193,191684,170805,26004,935699,32930,44617,45620,43636,88160,20115,142437,745608,980,247999,121580,6134,135416,807292,13661,89400,101510,44666,27382,71391,1709076,1634313,500829,2326137,193827,224666,130681,91952,86345,108567,154107,227459,200359,197321,279161,64669,142944,102356,164282,52298,787665,1028956,1297,1083610,87256,9347,21730,1356312,53378,490231,119689,88851,21876,75509,38795,69306,1399,770186,274224,183343,842862,3207,56651,53393,55267,73318,70069,73483,60077,69341,77116,26238,53926,138736,836277,968222,1353,873035,197121,311564,53953,1856744,46713,228475,239580,137349,23066,277303,65235,34123,1629,371828,142349,892303,1016651,976362,1284,1113513,451520,602965,428275,1011408,69709,131171,139456,46206,206118,19855,29951,61289,78090,87664,539717,479524,1054884,818043,12579,903328,112671,588142,61469,1556107,175008,38424,49456,31704,267173,9439,65450,80946,86236,89495,18906,270428,420896,897590,1176,187710,165196,238087,275433,344779,62185,103597,114923,154912,268785,1198,231229,9905,428700,24970,7299,128778,1720555,1246228,2151,2267314,185163,340958,759650,845652,207126,86158,451748,56526,77127,136186,166085,90749,238303,84338,166039,39129,1208680,1341684,16809,2172341,104383,355365,988095,2604,109661,208413,168168,150438,33312,1371,182241,12144,55259,198516,284156,129084,1939119,1594467,1577,1929314,807760,65552,877496,2020437,82262,271324,181555,122617,18243,131562,198826,212533,223480,102668,193193,47819,890635,851245,49846,7063,199091,269016,220059,39452,1215628,1607457,10840,664047,2135,89452,76437,890504,1472873,1478215,12907,3401,640943,743559,36332,1093655,1009968,716249,1707,229042,2473,8092,346796,229062
"TGGTCGTCCGATGAGGTCTG",5077,6752,5005,7457,7267,5276,7,5,1,3,1,2,3,347,5382,3,1,10,9260,1,2,3092,1,1,2,6610,6,3,1735,26,3,5,1,6,3505,1,1,4,2,2,3,5,2,0,1,3,4,1,3,732,9,5,6,7,1533,4,3,5,8,4,5,6,1,0,3,4,2,1,0,3214,7,13520,6,11649,5,4,4,4,6,3,2,5,6550,3,2,7281,10,945,5235,11547,3868,6839,5812,8,3,3,3321,3,2,4,6,3,8,11,4,4,7,3975,4669,7,25872,5,4,4,7,5,2,512,6,2,1,2,4,6922,9,4,2,5721,2,0,3,5486,11,3,0,5,4,2,2,1,1,0,2,0,4,5,10,7,5,9,3,9,858,2,5,876,1,0,7,11,1,2,10,7,3,1,0,3,4,1,9063,1,5,5,0,0,2,1,4,1538,3,7,2,3,3,6,2984,2092,3,5,3,4,8,7,5,7,2,4,6,1495,5,3,4,8885,5455,8,5951,4,3,5,4,1,2,12269,8201,5,7,8,10,0,3,2,3,6,8916,5,1916,4,2,1,2,2,4,3465,9188,22960,5,8,12,3,6,9,2129,9,7,8,12,3,3,7,4,1,5,11,8648,9,5,9,8,7,2,3,13,6,12,17625,4,4,3,5,4,2,12,3499,11,6,13,27463,22772,11,4,7,12562,8,5,11,7,664,4,4949,3,2,8,1701,3,1,3,1497,5,5,5,1936,10,4,4,0,7,2671,4,3677,2,1,11,2,4,8,7,11,4,2,5,7,14470,9,3,5,2954,9830,4,4783,6,1778,9,0,0,10,11,13410,323,8,6,9,17839,8,8,8,2,2,2,26,1,0,0,63,4,2,0,5,2,0,0,1098,3,14627,1,4,3,2,5,552,7,6,3,5,4,5938,6,16
"AGTTTCCGTCTCGTTAGGCC",2435,4990,3308,15539,14011,10197,27,27,2,2368,8282,15,19722,1748,5860,9694,3,10472,7324,13,74286,285,15,5194,3,28,27,21,15213,18,21,19,6797,26,14129,8174,14,4245,4585,25,26816,32,15,14,3,20547,13,18,21,55,31,123714,63,11310,20322,22545,29,36,7654,5888,34,56,15,11928,2,20,21,18,33,1269,15,21,36437,11689,18991,0,18,3779,17,24,16,22067,8301,8917,4,3318,488,44,5297,1649,7022,12633,25218,19,6355,25811,22710,29,2,28,8639,2720,42,18,6214,7672,2432,7735,52,16646,14232,27,6,5622,20,468,35,59,2351,5790,11466,4777,2690,24520,18462,24,0,10462,10374,398,40,690,9028,18,3874,6838,4338,15489,20,17,1,35497,33472,23,27,15,9328,8098,12258,4878,2590,12899,7201,5986,22,7799,13,24233,1515,25,25,20,21121,24,13,14,13,10455,15,10773,21099,16169,25,20,5,2545,26,13,32,468,8933,10249,56,32,20,28,5586,11220,0,33,29,8,33,20,31213,15656,9174,26368,3127,13150,4065,26,4569,38,4843,44435,8044,38629,5,17377,10481,10,1103,34949,1835,34,253303,50,7171,3831,8824,20966,34,42,11282,56,13210,12538,3,11927,16,13,29,1299,8413,26,49,26693,25,22333,34065,7783,12439,17,13,34,6972,30655,12,50,15343,15503,56,3146,24846,15990,11247,8744,29,27,13552,11718,9918,31,13744,46366,22,50496,5,38,37,20,30310,22,11,19215,7043,25706,21195,16,28,33548,0,23,10538,30,5186,1561,25,6963,8860,36467,28,167,28,23,34,7888,22,19204,12,13849,18,11101,42,8982,25,13,22,11491,126,19467,8,16,39,13,16,20,26,31,19886,7093,31,28,20,20,4372,3982,23,1823,22,850,29,2233,11653,16672,32,19121,4080,21641,16354,21,18617,24,0,5235,3203,16,3,26,16,14,21,16,27,33,4,616,20,13,46905,552,11,10554,2,30,10286,14,23,254,26,30,1,132038,562,11,101312,181
"TAGAGCGTAGCAGACTGAAG",0,0,2,3,3,0,0,0,0,0,0,0,6,0,0,0,0,0,0,0,7,0,0,0,0,1,0,0,1,0,1,0,0,0,0,0,0,0,1,0,0,0,0,0,0,0,1,0,3,0,0,0,1,1,1,1,0,0,1896,0,0,0,0,0,0,0,0,0,0,0,0,0,0,0,0,0,0,0,0,0,0,0,1,0,0,0,0,0,5,0,0,0,0,0,0,0,265,1,0,0,0,3,3,0,0,0,1,0,0,0,3,3,1,4,1,1,28926,0,0,0,0,0,0,0,1,0,0,0,0,1,1,0,0,0,0,0,1,0,0,0,0,0,0,0,1,0,1,0,0,0,0,0,0,4,0,0,0,0,0,0,0,0,0,2,0,0,0,0,0,0,1128,0,0,0,0,0,0,0,1,0,1,0,0,0,1,2,0,522,1,0,2,0,1,0,1,0,0,0,2,718,0,0,0,0,1,0,0,0,0,0,0,0,1,0,0,0,0,0,2,0,0,0,0,0,0,0,0,0,0,0,0,0,1,0,7244,1,4,2,6,1,2,2,200,1,0,2,0,0,0,0,2357,0,5,0,4,0,1,0,2,0,0,1,0,0,0,0,0,0,0,0,0,0,0,0,1,0,0,0,1,0,0,0,1,0,0,0,0,2,0,0,0,0,0,0,0,0,0,0,0,0,0,0,0,0,2,0,0,2,0,0,0,0,0,0,0,1,1,0,0,0,0,0,0,2,9570,1,0,2,0,1,0,0,0,0,2,0,0,0,1,0,0,1,3247,0,0,0,0,0,0,0,0,0,1,0,0,0,0,0,0,0,1,0,0,0,0,0,0,0,1,0,0,0,0,0,0,0,1,0
"AAGCGAGTCCCATTACGAAC",6614,11322,8055,16521,17308,12448,40,215559,2136,3765,21013,110781,51209,2359,1274,8002,10,17313,12135,553,82757,910,14312,25376,7,7372,51143,12114,22055,50,50943,42292,14721,43,17091,48984,15334,30196,5363,46,38,57,26,30607,5,19818,23,25978,55,734,58,46,46363,17652,19908,11385,34,33,14247,6007,37,56,27679,23,8,28,26,0,14154,5676,64042,41667,71969,69,34969,16143,68142,3189,39155,59,8994,64,19854,31,16354,12440,4014,4131,16276,8491,7497,11577,6531,17894,8204,30571,35449,47,15,40,7683,6303,9724,19,18442,15923,34858,20067,18604,53,24,57,6,30,670,3520,59,280,15281,24768,5706,43,20233,21753,21,41,8,18625,42827,2520,54,2315,5491,8451,10893,17227,11243,27647,31,17984,20,34,39,72,25381,19485,8023,9316,1808,10439,5224,3133,8764,22149,44,17337,59,16835,33349,113,26436,43,1445,31,55,39184,30073,10577,52,30719,46372,32587,10044,34,17,29870,26,38,68,7572,13225,57,10723,6404,9363,10342,9273,25495,10,15198,32155,9868,58,29,52,6752,17736,59,20364,21692,5201,10004,13980,4298,18882,8806,26,7112,15,9837,8812,28,9213,2655,14474,26,40,24,19639,7642,13051,28,24,22,53048,10802,1759,12339,8,2810,39,51,48391,1858,18322,56,52131,91108,67,9542,50122,24777,22947,43841,54,78,38,27564,4652,37,17191,174,57,9499,59505,26201,36925,54,45014,7873,40391,54,26599,42878,7652,79503,28,58,6,29,33266,17,12673,426,59,48,49103,66228,94963,46,29571,21722,23481,30788,5331,45113,10602,7507,51,8637,40277,21642,53,1256,16234,76822,4718,15158,28285,19071,47,20989,24138,16674,37,11210,19,1308,41,7290,37,22,43,28,11666,47,63,43136,42,21,30,7239,33,52725,40693,49,7063,14556,41,7384,1041,4608,37,18234,26342,39,64,8869,8167,17353,48146,74,32719,43,11365,26422,6046,42067,21,25,34179,22,62485,67,23091,37,5,31,29,20,87009,753,16,23549,311,17,23,25,42,4291,14,47,7,32,30,185,61,1439
"CTAAATTGACCATCAGCACC",666,1273,1404,3318,3790,2792,8,10,0,0,3,2,7,4,2485,0,0,5857,0,2,11,59,3,3844,1,4,2,8,4359,8,11,5,11,4,9,10,6,9858,11,5,22108,7,2,1,1,0,2,4,5,6,3,3,9,9,1387,9,2,22510,7397,5,8,4,6,2,2,1,2,0,6,214,6,2,4,2,2,3,0,1753,2,6,1,4,4385,6,2,1600,29,3495,1909,497,2,7317,8185,2,6,26619,2777,12,1,4,3,9,3,6,1,6,1874,4,3545,7,3,11,0,1,6,9,6,2,3,4626,21793,165,3,7,8,14,2,11069,0,6,46000,45,10798,6,8381,5632,3993,4405,3,3,0,1,2,5,9,1,6,35,14353,5,2,0,3883,5,2,0,3780,0,1375,9,4,7,5327,0,8,1,2,14,9,4,3064,1,2,9,2,8,4,26,1691,105,9264,12,16,12398,2,5,1823,4554,2,7,8,2326,0,7,7,13167,0,4287,7,680,0,6,3600,4576,6,4,4,9,0,3909,3,5,10,2564,4081,1,11,3,1,3,2,6,1,2,3,1,9690,9,0,3,4,7,5,254,2,3,8,2,0,2,0,3,3727,2,2,1,4,13,0,2,2174,2,10,846,9286,2,12927,6,2,5,1,3,2327,1,6,0,3,27441,0,4,7,4,0,4,0,7,13,2,0,2,1,2861,17,4,5,0,1303,2481,3,947,12082,0,4,27,0,4,4,1313,1,0,1,0,2,1644,8,1431,2,0,1,647,2,2,1,5,3,2,4,4,1,2,2,1,3,5,2,0,2721,1011,1,913,0,101,2,9,5,3,1,5,2853,1,0,1,0,0,3,4616,2,7,0,2,7,1,5,2,2,8676,1,962,3,2,10,189,2,8,0,0,2,7,3,1,3,7,0,0,7,4,5,2
"CGATTATACTAATGCGTAGC",77,154,110,1108,845,551,0,0,0,0,0,0,0,0,0,0,0,0,0,0,0,6,0,704,0,0,0,0,0,0,0,0,0,1,0,0,0,0,0,0,0,0,0,0,0,0,0,0,0,0,1,1,6,12002,1,1,4,1,1236,3,1,3,0,0,0,0,0,0,0,0,0,0,0,2,0,0,0,0,0,0,0,0,753,0,0,23,0,0,38,12,0,0,0,1,0,0,0,0,0,0,0,0,0,0,0,0,0,0,2,3,0,0,0,0,0,0,3,0,0,1,0,1,0,0,0,0,0,0,0,0,1,14,0,0,0,0,2,2,0,0,0,0,0,0,0,0,1,0,0,0,0,0,0,0,0,314,0,2,0,0,0,1,2,3,0,0,0,0,1,0,284,1,0,0,0,0,0,0,0,93,0,0,0,0,1,0,1,256,0,1,0,0,2,0,2,0,0,1,2,496,16,1,0,2,0,0,1,2,0,1,1,0,0,0,0,0,0,2,0,0,0,0,0,1,0,0,0,0,0,0,0,0,1,22,21,0,0,0,0,0,0,0,496,3,0,0,0,0,664,0,0,1,0,0,0,0,0,0,0,0,0,0,0,0,0,0,0,0,0,0,1,0,0,0,1,1,5,2,4,1,1,2,3,15797,3,4,0,0,0,157,0,6289,2,1,0,2,2,0,0,0,0,0,0,0,0,0,0,0,0,303,0,0,1,0,0,0,0,0,0,0,0,1,0,0,0,0,0,0,0,176,0,15,1,0,0,1,2,7499,355,0,0,0,0,2,2,1,0,0,0,0,0,0,0,1,1,0,0,1,0,0,1,2,0,0,1,0,0,0,0,0,0,0,0,0,0,0,0,0
"GACCGAGAGAGTTAGATATG",1837,2232,2511,3725,3409,3235,20,14,3,0,3,9,0,0,25,3970,5,3,2,4,2,3,2,6,7,5002,23,13,2749,3,9,5,2,1,8388,6,5,6,8,5,9,15,3,12242,1,4,11,16,3,65,4,3,4,5,1701,4,3,3,1133,5,7,13,0,1,4,2,22,7,1,0,9,5,3,4,9,3,4,5,0,8,21421,8,0,17695,27187,4228,254,12,4221,1223,4,1,1,3,4743,6,1938,15,4,3,1,2,0,2,5,3318,0,2,0,9,0,12,6,3,0,2452,2,0,5630,2,1,0,0,8,18245,10,6,3,2,0,1,275,6,8,4,4,2,3,16,5,5,0,0,3,0,0,14,19,19,27,0,9373,2,1546,2,318,4,1,1448,45,9,21731,5,7,12,10212,32768,16,6,2948,4569,0,0,6,3,0,0,6,1,0,1086,18,9,12,3724,8,24,1618,4,0,4,7,5,1,3,1,0,1,1,1307,2,0,2,2,4,11,39554,9,7,6,0,4,2,2668,5,4,1,2,7,1,2,0,3,7,8550,4,15,18,1,4,0,6,2,2,5,6,6,7,9,6,5,4,1106,5,9,8,33,92623,5,0,4782,9,10,0,2969,1,2,1,1,1,1,0,1,1,6,4864,27,8,1,1,1,3,3,1,1,1,1,0,5,1,2,2,0,0,2,5,2,7,2,2340,937,2585,4,721,8,3,6,0,5,7412,3,7088,5,4443,2,2,2,1335,0,898,293,0,5,6,2,8,9,31706,2,1,6,11,2,6,20503,13,9,12,5,0,0,0,7,12,4,7,2,4,822,4,4,8,6135,3,3,8933,0,3,3,1,0,3,3,9,15,7359,5,3,0,2,2,98,19,15,3,0,0,2,1,2864,113039,9,6,3,9,11,3,4
"CAGCTGTACGGCATGTCGCA",3647,5095,4128,5049,5129,3970,298,267,110957,3643,369,256,202256,7032,12139,2763,62,167,4948,30856,84613,1473,382,265,119,8138,270849,102770,261358,244,79729,106328,110332,182447,246218,267215,57071,219148,42964,357,217986,90651,219,7720,105240,113,48943,27993,2055,710,292203,52213,76226,218710,137737,131356,253003,446,314407,138233,92697,38121,4220,9230,37994,162,214,27276,87675,5299,104915,245691,397,161624,57409,82794,35777,118645,0,308,108789,198754,344,232,1000,4619,8190,18282,3880,5707,139602,125682,294393,169329,198761,77427,277654,236,119,61695,48345,33230,54309,189,183089,85305,280396,120115,183274,178295,3755,240,83,5498,19082,66510,194074,400,120046,128454,223094,147623,115143,222127,20580,19846,92,4148,136679,86017,195612,10491,166717,163172,232305,126134,187754,199699,262,202,206,37588,82623,2343,112410,10303,168856,291183,203775,142434,103313,230453,1262,16342,184,748,23900,9941,157166,261,221116,196212,110662,78166,159766,257,98156,96767,66818,115971,174764,88291,288,19932,218,28013,165515,2395,51431,568,108676,58390,132198,196145,202379,204023,143554,237968,1544,283,176862,63760,8433,254,208089,233577,196950,184496,93638,224917,206345,185117,145430,88208,127612,138608,282,209,231,70166,168856,135835,182149,161,124245,268,331,154665,131461,54841,76434,138957,308,252,34569,300,2180,169,80986,169,74216,20895,25728,10151,147349,149463,185297,154697,53643,73534,136702,62606,308592,122371,102365,212333,5359,278,80003,17848,168913,55159,255176,1511,128156,287570,99697,120258,28957,29229,100245,61601,124836,219840,81100,302688,328,13384,99,244,171065,96752,86243,492,172659,125423,153182,154523,419793,39045,162708,475793,215885,167137,88495,328799,140,975,209,1290,23858,316,325,2449,71525,106254,42302,130548,36976,57543,70274,90187,26960,99073,143226,127324,130,256,223,941,10352,19817,325,223,98776,83052,140388,203411,42096,22812,36527,49278,133913,119943,32673,270,169,3360,242,2059,9135,266989,377,12755,29241,167116,158362,146244,106174,145341,67829,116966,47725,156010,225476,167028,170,115,77,107,109829,105868,179,145,151,102,32,104,187,19417,186,211,158,141,44,75,71590,0,167,6987,173,123,59,139,18013,5449,188,1376
"GTGAGCGGAACGTAAGCATG",1998,2386,2263,1811,2087,1515,15,0,0,5,4,1,1,1309,2996,4,3,5938,4,2,2,12763,9245,2,2,7,12,4,44,123,10083,2,6,2,2,4,3,2,5290,3,5,6,4,1,1,1,10,0,2,214,8,12,34820,12,1583,7,10,7,1381,10,7,18,3,2,0,3,10,0,0,4113,0,1,9,2,1,0,0,3,0,0,0,0,973,1,1,3539,18,0,0,1521,2021,54,8,6,6,5,4508,2,0,3,6,3,1,8,3,0,11,7261,5437,21,21,0,0,3,5,0,0,4,5,7,3,8999,2,1,20,0,0,1,3,1,0,2,4,5504,2,0,4,5830,9,0,0,1,3,2,0,4,8,10612,16,19,1,6533,0,2,1,418,0,5,1021,60,2,9,9,42259,7,1,0,6,2,9,4755,5640,16,1,3,2,4,6,4,1808,1,1,2,2,7,16,928,1256,0,2,5,0,1,4,9,10,7549,10565,5,2211,5,9311,8,4574,6,8,18,0,84,3,2,0,0,3,2,0,5,1,0,0,1,0,2,1,0,6,14,1,0,4,3,0,0,1,8,8,21979,9,4,9,5,6,2415,5,9,14,19,1,1,4,3318,5,3,12,12615,4,10,9,0,4,4,12898,5,5,3,11770,11,1,2,2,3,0,0,5889,7,4,9,2,1,1,2,8,4,3,1,30820,1616,2011,11,1893,4,587,12,2711,1,9,5017,3914,0,0,1,1210,3,7,9,2963,1,5,2,524,1,6,5,3,1,3,10,10,3,0,3,1,6,6,21261,4,2,8464,8,2187,1,6234,7,5,4,2,3,3,15,3,3,9,4135,1,16,5,8,0,2,0,2,0,0,140,117240,9,2,5,9,8,9,16,11,0,0,0,2,0,0,1122,14,3,0,3,5,2,0,3
"CTTCTATGTACAAGTGGCCC",90,200,117,884,422,186,1,2,0,0,0,1,1,0,0,1,0,0,0,0,0,1,0,0,0,425,0,1,1412,0,4599,5,2,8,3704,2,5,3,2,5,3,5,0,0,0,0,0,1,0,0,2,1,1,1,2852,2,2,0,2299,3,1,1,1,1,2,7,4,3,6,2,0,0,1,0,2,0,1,0,1,0,0,0,1048,0,0,0,1,2,204,9,6,2,1,0,2722,6,2158,0,0,1,0,0,1,0,4,0,0,0,1,3,3,2,0,3,0,313,1,17,2,0,0,2,0,0,0,0,0,0,0,0,0,0,1,0,0,1,0,0,0,1,0,0,0,0,2,3402,2,0,1,1,0,0,0,4,1,2,0,0,752,10,6,4,1,3,7,1,6,5,30961,1,2350,1,0,0,0,0,0,0,0,273,1227,3,5,5076,4,2,0,328,0,0,1,0,2,4,1,0,2,1,2,900,0,0,585,0,0,1,0,1,0,0,0,1,0,0,0,1,0,4,3,1,2,0,1,2,1923,3,1,1,0,0,2,0,0,0,7,6,12,7,11,5,6,1,474,11,1,5,0,2,0,0,0,0,0,0,2,0,0,0,0,1,0,0,0,1,0,2956,0,2,0,0,0,0,0,0,0,1,0,0,17826,2,3,0,2,2,1,6,2,3,0,308,0,0,1,12,0,5,1,1590,0,0,3,1103,5,0,0,0,0,6,0,663,0,0,1,3,0,49504,7,15689,2,0,2,4262,5,5,7,3,0,6,0,2,0,134,1,3,0,1,1,5,1,0,6,1,3524,0,1,0,1,1,0,0,0,817,0,1,0,0,0,0,0,0,1,0,1,0,0,0,0,0,1,0,0,1,0,0,0,0,0,0
"GCCTGTTTCGCAATATGTAA",0,0,0,0,0,0,0,0,0,0,0,0,0,0,0,0,0,0,0,0,0,0,0,0,0,0,0,0,0,0,0,0,0,0,0,0,0,0,0,0,0,0,0,0,0,0,0,0,0,0,0,0,0,0,0,0,0,0,0,0,0,0,0,0,0,0,0,0,0,0,0,0,0,0,0,0,0,0,0,0,0,0,0,0,0,0,0,0,0,0,0,0,0,0,0,0,0,0,0,0,0,0,0,0,0,0,0,0,0,0,0,0,0,0,0,0,0,0,0,0,0,0,0,0,0,0,0,0,0,0,0,0,0,0,0,0,0,0,0,0,0,0,0,0,0,0,0,0,0,0,0,0,0,0,0,0,0,0,0,0,0,0,0,0,0,0,0,0,0,0,0,0,0,0,0,0,0,0,0,0,0,0,0,0,0,0,0,204,0,0,0,0,0,0,0,0,0,0,0,0,0,0,0,0,0,0,0,0,0,0,0,0,0,0,0,0,0,0,0,0,0,0,0,0,0,0,0,0,0,0,0,0,0,0,0,0,0,0,0,0,0,0,0,0,0,0,0,0,0,0,0,0,0,0,0,0,0,0,0,0,0,0,0,0,0,0,0,0,0,0,0,0,0,0,0,0,0,0,0,0,0,0,0,0,0,0,0,0,0,0,0,0,0,0,0,0,0,0,0,0,0,0,0,0,0,0,0,0,0,0,0,0,0,0,0,0,0,0,0,0,0,0,0,0,0,0,0,0,0,0,0,0,0,0,0,0,0,0,0,0,0,0,0,0,0,0,0,0,0,0,0,0,0,0,0,0,0,0,0,0,0,0,0,0,0,0,0,0,0,0,0,0,0,0,0,0,0,0
"AGCTAGACGATCCAAGCATC",8,32,23,52,26,18,8,0,0,2,0,0,0,0,5,0,0,0,2,0,0,0,1,0,0,0,4,0,0,0,1,0,0,0,0,0,0,0,0,0,0,0,2,2,1,2,49701,0,0,1,2,3,5,4,6,6,1,2,4,2,29704,5,0,0,0,0,2,0,0,0,1,0,0,0,0,0,0,1,0,1,1,1,1,0,0,0,5,0,0,0,0,0,0,0,0,0,369,0,0,0,1,0,1,0,0,0,0,0,4,12,4,0,0,0,0,0,0,0,0,0,0,0,2,0,10,0,0,2,1463,0,0,0,0,0,0,0,2,3,9,0,0,0,0,0,0,0,11,11,8,10,0,0,0,0,0,2,2,0,1,0,0,1,3,1,0,0,0,0,0,3,1166,15,4,0,0,1,0,0,0,0,0,0,0,0,6180,0,7,222,0,0,0,0,0,0,2,0,0,0,1,268,2,0,2,3,3,1,6,0,0,1862,0,0,1,0,0,0,0,0,0,0,0,0,0,0,1,0,4,2,0,1,2,0,3,1,1,3,3,0,0,0,1,0,772,1,1,3,8,3,0,0,2504,0,0,0,4232,0,1,1,1,1,0,1,3,1,0,1600,9,0,0,0,2,0,0,0,0,0,0,0,1,3,0,0,0,0,2,2,0,1,1,1,6300,1,1,0,2,0,4677,0,2,2,0,2,0,2276,1,3,0,2,0,1,0,0,0,0,1,1,1,0,0,4,0,0,0,0,0,2,0,0,2,2,0,105,1,0,0,0,1,2,390,4,0,0,0,3,1,4774,4,0,0,0,0,1,0,0,7,0,0,1,0,0,0,0,2,0,0,0,0,0,0,0,4,0,0,0,1,0,0,254
"TCAGTTTACGGAGATGGATC",6,5,6,26,10,14,2,2,1,0,2,0,22951,0,0,0,0,2,0,0,4,0,0,0,0,0,2,0,1374,0,0,0,2,0,0,0,0,1,0,0,0,0,0,0,0,0,0,1,1,0,3,5,2,1,4,2,2,5,1776,1,0,1,0,0,0,1,0,0,1,0,2,21229,5,1,2,3,1,2,2,2,1,2,0,0,0,1,0,104,4,0,0,0,1,0,0,0,477,1,0,1,0,0,2,0,1,0,5498,0,6,4706,0,0,0,0,1,1519,5,0,0,0,1,0,3,4,0,0,0,1,0,0,3,0,2,0,1,1,4,5,0,0,0,1,0,1,2,0,1,0,0,0,6,1,4,2,2,2,4,18053,2,1,0,1,0,5558,1,0,0,0,2,2,2727,0,0,1,0,2,0,1,2016,0,2,0,5,0,5165,0,0,2707,1,1,0,1,4,1,3,2,9,5,2,3075,5,3819,1,5,644,2,0,0,0,0,0,0,2,0,0,1,3,2,1,0,0,2,1,0,3,2,0,0,0,0,0,0,4,1,0,2,4,0,3,3,0,2,1295,1,0,0,0,2,0,1,0,0,2,0,2882,5,1,2,2,1,3,1,0,1,1,4293,1,0,1,1,2,0,3,2,3,3,14331,3,1,5,5,4,6,2,2422,3,1,0,2,2,1,7,5,0,3,9,4577,3,6,3,1,0,0,142,6,5,5,2,1,2,2,12232,3,0,0,3,1,3,2,0,0,0,10284,1,2,0,0,0,0,1,0,412,2,0,0,2,4,3,2018,0,0,0,2,0,10175,3,2,1,3,0,3,2,4,1,0,0,0,0,0,0,0,0,3,0,1,1,1,3,2,1,0,0,0,0,0,0,1,0
"AATCTACGTCAACCCAGTCG",2,1,8,1,1,32,3,0,0,1,0,0,0,0,3,1,1,3,2883,1,1,3,1,0,0,1,4,0,789,1,0,0,4,1,0,1,1,0,0,0,0,1,1,0,0,2,0,0,0,2,5,5,3,2,0,3,4,2,396,4,4,19006,1,2,0,1,2,5,0,0,4,0,5,0,2,6785,0,1,2,0,1,1,0,0,0,1,4,0,3,0,3,3554,1,0,2,0,2739,0,0,2,1,0,1,1,2,3,5,7694,2,6127,3,0,0,1,0,0,2,0,2,0,0,1,1,0,2,0,0,1,2,1,3,0,1,0,0,2,4,1,3,0,1,1,0,0,11003,2,6,3,19373,3,2896,0,0,2,2,3,0,5,3,0,1,4,5,2,1,3617,3,0,1,4,3421,2,2,0,0,2,0,0,1,0,3812,3,2,2,3,6,3550,455,0,0,0,0,0,2,1,1,1,5,2,1732,0,1,1,1,4960,3,4,1,0,2283,2,1,0,1,1,0,5,2,0,0,0,0,0,2,3990,1,2,1,2,1,0,0,1,0,3,2,2,6,4,5,2,3,1395,1,0,6,6,2,0,3,0,0,2,3,6217,6,3,8,3,6,1,7,337,3,3863,4,4,1,0,1,1,0,0,1,6,3,6,4,2,3,1,8,7,5,4,4,1,5,5,9,4,5189,18333,0,3,3,3,2,1,2,3,2194,2,1,1,0,1,9,2,2,0,1,1,0,3,27908,16,2,1,1,5,1,3,30,4,0,0,2,6,1,1,328,1,0,13635,0,8,14987,528,4,3,4,8289,5,4,3,5,0,0,1,0,0,1,0,7,2,0,0,2,1,2,0,1,0,0,1,0,0,1,0,0,0,0,0,1,0,0,0
"CAGCTGGTGCATAAACAGGG",17084,23692,17157,23042,26214,18743,43,51,18,4990,38,35,14826,14255,31066,8446,20,6857,20862,25,33,5619,3653,19117,28,17433,39,38,15079,83,3951,51,42934,49,5500,14332,37,19534,6159,37,97353,73633,28,16,26,34,100056,15819,41935,3277,32,43,34893,46200,6949,39,38688,46,12922,33,30783,78,24,11441,13,19,32,29,22,19405,16,25,37627,21,17042,31105,19,3225,30,18,35,41,22926,9473,27871,52776,4967,59741,42820,30864,38,3830,9798,29,50,64616,18459,44,16,29,34,4879,28,23,19200,10485,10921,19489,3981,63,47519,51,27,2655,5635,9139,56,1263,5603,8894,14891,8676,4185,6241,36,30,16,22960,22487,9944,89,10487,10938,16470,28138,9824,9569,12826,24,23424,13,21,23,406,37,9374,4748,9513,6492,19632,6640,24042,18668,6765,47,20139,19,9175,9504,496,55,32,13732,48,67,16975,28405,70,42,8599,37727,6433,43,28,17,27118,35,732,35,15842,13957,10898,6985,9060,19377,16289,6006,15358,41110,29571,70740,17879,36,47,28,8256,4857,0,5244,13200,144,5038,28,8429,38,28488,45,17177,23,6054,17913,26199,0,8003,6848,25,28,18,9496,4461,4576,1341,42,27,52110,27090,1779,25147,14,6862,24603,7326,34508,11972,626,36,51,31,73392,27,28,16581,14843,29,19421,53,10241,61,25,32952,17576,16596,71,15497,35720,35176,12222,18899,51,32,40,67621,10202,14185,8028,54626,46,48,18,36,30,29573,13025,9186,12837,29,40,3490,22916,28,20,3238,25196,22257,37,43,9914,3720,41,12190,45857,1022,27,3735,26,18,50,4307,29,19,13,10656,21,13936,53100,6847,26,3875,355,15079,21,35,34,48,23,19,44,45,33,21,11,18356,23,48826,10701,36,10933,16377,50,15973,14,10989,26,11629,50,14803,46683,15400,3413,20938,8803,66,23908,23,25,8512,2582,36,22,43,32,24,35517,169,31,35427,21,5762,26,27,45,5071,44447,52097,21,48,12050,38,31,10544,31,40,12,42,22,26,30,724
"CACGGTCCCTCAACATCTTG",0,0,0,0,0,0,0,0,0,0,0,0,0,0,0,0,0,0,0,0,0,0,0,1,0,0,0,0,0,0,0,0,0,0,0,0,0,0,0,0,0,0,0,0,0,0,0,0,0,0,0,0,0,0,0,0,0,0,0,0,0,0,0,0,0,0,0,0,0,0,0,0,0,0,0,0,0,0,0,0,0,0,0,0,0,0,0,0,0,0,0,0,0,0,0,0,0,0,0,0,0,0,0,0,0,0,0,0,0,0,0,0,0,0,0,0,0,0,0,0,0,0,0,0,0,0,0,0,0,0,0,0,0,0,0,0,0,0,0,0,0,0,0,0,0,0,0,0,0,0,0,0,0,0,0,0,0,0,0,0,0,0,0,0,0,0,0,0,0,0,313,0,0,0,0,0,0,0,0,0,0,0,0,0,0,0,0,0,0,0,0,0,0,0,0,0,0,0,0,0,0,0,0,0,0,0,0,0,0,0,0,0,0,0,0,0,0,0,0,0,0,0,0,0,0,0,0,0,0,0,0,0,0,0,0,0,0,0,0,0,0,0,72,0,0,0,0,0,0,0,0,0,0,0,0,0,0,0,0,0,0,0,0,0,0,0,0,0,0,0,0,0,0,0,0,0,0,0,0,0,0,0,0,0,0,0,0,0,0,0,0,0,0,0,0,0,0,0,0,0,0,0,0,0,0,0,0,0,0,0,0,0,0,0,0,0,0,0,0,0,0,0,0,0,0,0,0,0,0,0,0,0,0,0,0,0,0,0,1,0,0,0,0,0,0,0,0,0,0,0,0,0,0,0,0,0,0,0,0,0,0,0,0,0,0,0,0,0,0,0,0,0,0,0,0,0,0,0
"TTTACAACTGGCCAACGACT",89,166,148,217,180,213,0,0,0,2,0,0,0,0,0,0,1,2,0,2487,0,1,0,0,0,0,0,0,1,0,1,0,1,0,1,0,2,3522,1,0,0,1,0,1,0,0,1,0,0,0,0,1,2,2,1570,0,0,2,892,0,0,1,0,0,0,0,0,0,0,0,1,0,1,2,0,1,3,0,1,1,2,21370,0,1,0,0,0,1,0,0,0,0,0,0,1,0,863,0,0,1,0,1,0,0,0,7031,0,1,1,1,0,0,0,2,0,0,0,0,0,0,0,0,2,4,0,1,0,0,0,0,0,93,0,0,0,1,1,0,0,0,1,0,0,1,0,0,0,0,0,0,0,0,4479,0,0,1,2,0,2,2,0,1,1,0,1,0,0,0,0,2,2124,2,0,0,0,1,3,0,0,0,0,0,0,1,0,0,0,875,0,0,0,0,0,1,0,1,1,0,1,1388,0,1,4251,0,1,0,0,0,0,0,0,0,0,0,1,2,2,1,1,0,0,0,0,1,1483,2,0,0,0,2,0,0,0,0,1,1,1,1,1,0,8346,1,683,0,1,1,0,0,0,0,0,2,0,0,0,0,0,0,0,1,0,0,0,0,0,0,0,1,0,1,0,0,0,0,0,0,0,0,0,0,1,1,1,0,0,0,1,584,0,163,1,1,0,1,2,0,1,1,1,2,3,1195,0,1999,2,0,1,0,0,0,1,1,0,0,2,2,2,1,1,0,1,1,0,0,0,2,0,1,0,0,0,92,0,0,1,0,0,0,311,0,0,0,0,0,1,0,0,0,0,0,0,0,0,0,0,0,0,1,0,1,0,0,0,0,0,0,0,0,0,0,0,0,0,1,0,1,0,0
"GATCCTCACGTCCCTATTAC",31471,43882,39737,46807,51726,37725,110,92,30,26085,27845,96,37660,19526,37581,92653,29,22095,26522,17795,29563,19633,42461,31426,568,42419,143870,40613,63846,213,32209,30852,14749,103,70736,17673,136719,40191,31762,61313,98,68835,79,148128,25,70,50157,54280,21476,2669,57700,1688,34773,80739,35890,67104,89684,103,40499,48695,87197,0,7107,46891,26,69,102,50268,15956,36125,67353,106,117,12763,78002,65088,9080,24054,1220,146375,87,42014,61671,33274,94286,92784,30640,19349,79437,71383,31222,25166,62330,27191,32567,0,79490,1749,35,31468,24172,3148,28815,85,12104,18501,77705,18299,50213,38729,33142,48086,35,3298,2313,132846,25487,3757,38792,16667,19618,21115,25499,32112,37551,94,53710,20384,48846,19512,110,24425,17154,32253,33853,29316,14653,59731,86,15715,147,60104,24457,611,14019,27998,51242,66156,72218,21316,8583,85838,17946,15269,68424,15878,69,76750,42938,856,96,102,25873,136,135,63482,11645,40938,86,52786,130682,32726,6033,87,54,51041,46422,191,6773,34974,16224,38511,17898,46809,16852,29361,34231,47516,47,31634,101,12632,46041,94,19045,47024,39160,36155,24774,61627,35385,40595,14466,13535,42287,96165,22030,51079,39,14283,37921,90,17159,58799,19691,93,100,0,17542,22972,28582,27997,111,85,146486,57066,42298,87,44,22344,76,86,121867,25903,95581,58993,61184,90191,64837,21470,8750,65454,71519,61422,3585,189,154,35625,10787,23294,36695,31958,158,31083,115334,19540,47034,7884,46710,52885,23067,24108,58787,15452,35156,217809,87,83,54,71,44845,46791,45069,12560,5871,117,14874,107097,142319,85159,30332,7027,53102,28604,18702,63806,48667,17376,153,34683,103954,90402,99,8585,91567,40981,5774,29887,81279,48297,85,30416,46662,65897,62665,25519,74,10406,185,26509,1736,57432,93,81,53179,3950,215,101211,42421,68,20727,35587,13814,75331,85454,67434,15570,29136,78,36167,184,30585,93,33859,31898,34276,118675,59371,11833,95,74063,147,119778,124,133515,63633,34154,72,9106,130,58249,33478,84,601,82,48680,31,19417,74,66,12238,28701,20850,23936,23,72,61212,15947,122226,12000,74,21441,16,64,72,61,109,7086
"AGAGGACGTGGTCAGACAGA",607,923,627,1343,1113,777,1,0,1,0,1,3,10,0,0,0,0,0,2,0,4,0,2,0,0,0,0,0,6,0,0,0,3,0,0,0,0,3368,1,1,1,5,3,0,0,0,0,1,1,0,2,0,7,2,1,1,0,1,677,1,0,4,1,0,0,0,0,0,7,0,3,3,70188,2,5,0,7,5,10,5,9,2,2,3005,0,193,0,469,974,190,0,0,2,0,1,0,663,0,0,0,0,1,7,0,0,0,1,0,0,0,0,1,0,0,2,2,9,1,0,1,6,0,0,5,0,1,0,0,2,0,1,0,1,5810,6,0,0,0,0,0,0,0,1,26,7,0,0,0,2,0,0,0,0,0,1,3092,2,1,2111,4,0,1,2,1,0,0,0,1,0,2,1773,0,0,0,0,0,1,0,8,349,1,0,7,0,0,0,1,1401,1,1,0,2,8,1,1,1,7,0,1,1685,0,1,3717,0,1,1,0,0,0,0,7993,0,13,0,0,0,4,0,0,0,1,1,1,1,804,0,2,3,1,4,5,1,49666,235,426,0,1,1,0,0,0,0,882,0,2,2,0,0,0,0,1688,2,5,0,1387,0,3,1,3,1,2,0,4630,2,3,4653,0,0,0,0,2,2,3,0,2,3,3616,3,11296,0,0,1,1,1,2,1,214,0,1,307,9,0,2,1,5,1,4,2,4,3,4,5,1,0,0,1,0,1,1,640,5,0,1,0,0,0,0,0,0,0,0,1,0,0,0,1,1,1,4,436,0,171,4,0,2,1,1,1,1,3,2,1,1169,0,0,1,0,0,0,1,0,0,9,1,0,0,0,0,1,0,4,0,0,0,0,0,0,1,6,181,0,0,0,0,0,1,18,1
"CTTTGTCCAGGAAAGCGGCT",14673,24028,16801,31141,31455,21551,139,113,19728,94,129,58110,56822,11184,8033,26716,40,9855,8672,495804,40619,4047,21075,33678,39,14885,107,30358,88092,122,61233,33891,82720,86567,101821,66439,177,46676,5030,83729,121581,122739,92,61357,24578,46,52132,37471,67,788,61756,209,17120,89252,58641,83390,153313,170,88026,68247,58294,40696,15370,107,27,79,93,77,29472,3698,33431,21422,39957,11276,73133,74890,106438,45281,170,94418,78515,159830,15849,24536,1542,27173,2554,7349,21321,16103,43814,48861,126036,54880,85754,28616,93949,102,37,41544,9581,19699,35616,98,54332,44777,95283,37878,63481,85785,21103,114,62408,9765,6181,23219,19517,602,65943,52068,108395,44414,74843,20163,9012,30265,37,5794,79872,17621,87,4269,27866,59827,59003,33076,72723,49995,97,104,34,54555,18620,420,115651,20128,63898,159953,134374,70590,34046,122446,4384,49931,113,9175,34502,52195,59582,262,120478,140,73390,184,48762,79271,33502,35180,70699,88389,108993,38540,40793,73,53,21787,151277,414,109,5122,41425,41340,6378,43711,32898,59641,49312,96407,16334,108,36421,12711,118,106,62936,119881,101945,104022,53719,71510,51318,69568,67590,23866,55625,87785,132,16194,64,56050,54724,61378,54938,32202,48811,161701,177,141,68905,64194,58706,37855,136,123,31271,13328,3676,38671,34,13107,105,114,27087,9541,69573,143,178,29450,0,46518,92392,26384,108606,61916,1019,141784,166,33911,49413,55113,72538,203,139,23276,102535,144374,108767,59356,51012,18913,27335,64542,62125,73438,65905,154595,123,101,46,84,137,29817,42102,3445,38831,41882,94955,146850,155826,155,58243,76715,55207,46418,62776,98222,13054,12552,114,12612,52535,59616,34266,2455,106604,102854,19602,45286,121,10407,111,51735,148,52925,23826,34797,5660,7871,111,19294,1141,26306,121,109,80438,55933,122,0,27569,26809,37312,13948,97,24883,13200,110,3409,15568,146,7629,20689,25747,31728,18695,29056,34342,76307,43955,44862,18017,65832,87037,90144,52991,11808,56403,10697,50,38,88,59951,101,60,202,77,17693,2758,3662,84,93,3226,2535,80,5806,28,41,88,85,63,489,98,63,17,72,5412,118,63,827
"GAATTGCACTGACAACCCTC",2477,3738,4245,4427,5430,5014,1,9,1,9,1,3,8,2318,1,5984,2,8,1,2631,14,4797,4,1753,0,11695,4,4,31,21,3,6,5,2,1886,8,1,7312,1,5,4,4,3,3,4,3,3,14077,5,264,11,12,14637,11360,7196,10,5,7,1769,8,6,8,4,3,0,8,8,8,8,9219,5,3,3,1,3,6451,1,844,3,8,1,2,2263,9295,6,8771,2133,196,7250,4967,4516,6,13088,12,1,1,4485,6,4,3,3,4,6,10,9,7,5504,3991,14,8922,8,12397,3,11,6,5,17,163,2,0,5,4,2997,7,5,1833,1,10906,3,4,48271,274,1,3,3,8,6,5994,2,4,1,3,0,26,5,2,2,1,2,5,4,10,3684,6,2,1461,3,14364,1837,20,3,6,5456,5,1,4,2,3,5,5,5656,9,2,7,1,4,0,1,12,5603,7050,4,9,6,223,7,2845,1919,0,4,1,1,4,6,11,14,7,19889,15,2765,9,14,11,17,4987,8147,9,8137,12,1663,2,5,7,2480,1,15,8,4,4,5,3,4,7,6,714,8,2,6,2,3,1,3,6,6,13,48422,12,17,13,11,8,10,2526,11,7,16,5,12,2,10,4767,2,10,2678,9717,12,9,6,3,7,4,6,4237,9911,4,11676,5,7,6,11,3,6,9,12,0,40692,13265,20,52329,19,13,18,4,32167,14,17,388,532,5,4034,2,12590,430,448,1,11,11,1501,3,3,3,4719,4,2340,8,8,1,11,3,1708,1,6,13,4,6,46976,16,10,3,25500,6,7,5,10,15,7,1361,1067,4,3137,2,1950,12,8094,4,17,18,10,647,3,4,5,4219,9,21,1197,1,5,1,7,2,2,9,42,1,3,1,4,1,1,3,1061,1,6,0,6,0,1,9,839,1,7,0,7,1,9,5,8
"CATAGTGCAAGGTAGGGAGC",25218,32747,30795,27387,33344,26948,32,57,14,29,53,23,33,11841,28167,43452,10,39,15019,7596,29,26428,25040,10988,6,8887,24,59,20210,108,39,27593,14637,54911,6066,25882,24,12068,18987,28,32,32413,27,58809,6,19,20,47244,26,1134,29182,25815,11652,25958,2647,23,26,30,8347,27,41,41,23,22838,5,60,19,42,18,11080,17,22,9959,20,43,6453,18,2077,27,49852,17,32,32262,15488,17,70667,29485,40345,59056,67203,9584,13343,6337,5056,34,37,14132,51,12,22,30,24,27,44,27,243,1407,3502,4960,38,26626,25434,23,3405,152305,23,5584,2736,28,32,50,35,20070,27,27,90530,11,27872,10067,26,19,16272,5366,9973,21364,24,3599,12817,24,26526,9,19,18,20,24,20108,5001,40,22896,29,35,7213,22232,21663,22,7213,12,17829,2935,791,33,24,5399,22,39,25,24,51,24,12361,26097,31,19828,36955,9,22,31,15,20,8546,18432,10350,53,3970,11314,8580,30,6696,4,31282,22,14,24,55,20,18,11551,7600,31,7404,17,23,25,344,25,6384,8909,51,7,7971,26,26,17,10360,1113,26,27,29,35,15673,10333,12,18,2067,60694,29,20686,50,6,11807,38,19,27,25847,9472,19,63005,36,32602,7389,23,30,9867,63,15,25,7466,13403,2152,41,6809,35,25,21603,27842,33,40,27,48252,35,29,6584,4576,38,12,54127,27,27591,12,21,33,23,23,35,37375,32,33,38486,10273,18544,28,21,6892,7834,9720,35,4418,7299,24,15674,31799,13361,26,15407,24,37788,9306,11870,13835,15380,18,5126,17,4131,22,5840,6522,15661,17,20785,10,13,18,17,28,28,65,25,20,15,23,6507,24,1767,21597,28,40592,6086,37,18507,21,9521,35688,15622,27779,22,48,8110,303,27920,2516,47,9179,32,25,19062,9867,44,9,35,27,16333,26,989,29,44,5,11043,28,13,17,12456,21,33,8,24,24,16,18,19454,26,57,9,31,30,18,20,4710
"TCCTATAACGCAGGGACCTT",0,0,0,1,0,0,0,0,0,0,0,1,0,0,0,0,0,0,0,0,0,0,0,1,0,0,0,0,0,0,0,0,0,0,0,0,0,0,0,0,0,0,0,1,0,0,0,0,0,0,0,0,0,0,0,0,0,0,0,0,0,0,0,0,0,0,0,0,0,0,0,0,0,0,0,0,0,0,0,0,0,0,0,0,0,0,0,0,0,0,1,0,0,0,0,0,0,0,0,0,0,0,0,0,0,0,0,0,0,0,0,0,0,0,0,0,0,0,0,0,0,0,0,0,0,0,0,0,0,0,0,0,9968,0,0,0,0,0,0,0,0,0,0,0,0,0,0,0,0,0,0,0,0,0,0,0,0,0,0,0,0,0,0,0,0,0,0,0,0,0,0,0,0,0,0,0,0,1,0,0,0,0,0,0,0,0,0,0,0,0,0,2,0,0,0,0,0,0,0,0,0,0,0,0,0,0,0,0,0,0,0,0,0,0,0,0,0,0,0,0,0,0,0,0,0,0,0,0,0,0,0,0,0,0,0,0,0,0,0,0,0,0,370,0,0,0,0,0,0,0,0,1,0,0,0,0,0,0,0,0,0,0,0,0,0,0,0,0,0,0,0,1,0,0,0,0,0,0,0,0,0,0,0,0,0,0,0,0,0,0,0,0,0,0,0,0,0,1,0,0,0,0,0,0,0,0,0,0,0,0,0,0,0,0,0,0,0,0,0,0,0,0,0,0,0,0,0,0,0,0,0,0,0,0,0,0,0,1,0,0,0,0,0,0,0,0,0,0,0,0,0,2,0,0,0,0,0,0,0,0,0,0,0,0,0,0,0,0,0,0,0,0,0,0,0,0,0,0
"AAGTCGCGGTGAATCTTTCC",472,736,554,859,905,751,10,7,1,4,22,14,14355,7,23,19,8,12,26206,14,80906,7,16,22,1,1,13,9,15618,9,4360,42590,47,54,10298,17162,45,3797,65,35,58570,25076,12,11,3,9,8,16437,32,6,31,47,17209,11504,8022,18,37947,15,9724,8581,29,20,25,25,6,3,17,13,80747,657,56856,55,72616,10657,35,32,29,5137,30,95311,20200,53,16,7,5,1143,6,318,1286,551,566,6155,5372,4821,46,14276,12043,22,4,12,13,18,44,4,6347,3381,5155,27,9612,4369,6,12,1,1533,25,12,31,118,26,18640,6887,28,32,36,6,12,0,7,8452,11,19,2,8,19,8157,9538,20635,12402,8,18,4,6,22,141,27820,895,3403,11,6068,11334,5356,23784,928,16,20,15,24,49395,13772,46,41,19731,0,27,42,61908,30241,51,100534,9117,22768,21,7,10,2,2,22,91,25,6,13,20,10774,0,20,22,6880,6722,2,8,13,13,39,4,39,20586,13605,22086,5214,6155,5709,4946,12739,13112,8649,44,9,15,4,1865,26,8324,8366,5,11709,153198,62,128174,6245,7391,5852,6703,43,53,13668,64,17,11,2,10,21,11199,22438,10,4662,42,4463,20,32269,5,13143,21468,11110,11,0,19,12,7093,7653,16,8541,24509,40,5,34068,26004,45,18686,28,17809,30,14,2823,33,11814,39982,30,17,11,18,35350,22,55,16,30,20462,24,28,5818,16,52,12380,6853,27,20,18129,49,8,24,447,48284,12811,20,103,37,37,9991,2948,31,27,32,12312,41,18419,26,7015,28,9,21,1309,22,11373,14,17,31217,86,7,9,56,37,43,45,44,18,12,14,27,11,30,142,45,2637,6,34,47,32777,10,18,5049,41965,20659,22435,32,20,11679,4521,9,7,6,2,12,8503,31,9,10,13,3,8,18,4484,23406,5,6,7,2,6,13,7,19,6,4,6,0,2,3948,9,41,204
"CATCGATGTCGAATACCTTC",6773,9236,6151,10075,10308,7467,335,275,223047,8842,4756,113570,86354,2703,4723,4210,92,3297,38660,44070,105504,1049,7803,228,110,1543,26102,75696,283317,210,82926,168586,147296,138611,244598,186656,138692,213560,5188,132828,115442,100126,235,163,32113,180,148945,142,41682,879,403730,72802,195383,156837,151161,44360,188395,198540,356694,175389,67765,72654,262,196,69205,251,252,67858,200693,5414,307810,91751,338546,234991,134310,97230,81174,109589,251932,41517,153022,115482,3949,17091,3156,7019,10061,6483,8025,9156,145392,143577,312265,237978,328116,24288,266530,35833,143,170702,129090,95163,196943,275,199288,179909,294905,132376,236766,216979,5489,254,74298,3586,36820,48406,104459,580,149833,265070,284938,115034,123187,134690,19006,29758,77288,11332,75247,76329,74946,9777,194976,138893,245812,134869,161537,229759,262,257,326,90868,98224,1592,108999,13792,122397,167609,272931,132208,127870,274201,4986,4393,199,5808,136977,24730,166826,406,104190,205898,107718,69841,120594,45633,129451,88920,152932,191328,193737,102384,293,287,132,30901,297625,4980,31977,1678,151050,152947,206662,270779,129214,245487,157319,239260,140,15873,90767,29284,338,235,123436,332089,205112,259041,153358,204145,183590,211307,155811,191963,103038,171898,298,233,264,108219,181712,65548,252383,7520,221258,148161,615,453027,189084,125019,190679,219837,465,338,59826,13075,3870,213,67,7906,273,53171,77833,2516,110052,199438,70602,52168,102768,21730,226877,124451,385133,88879,152903,1738,14745,290,127403,33758,189558,67898,174151,6439,132020,341902,199169,144169,52016,49815,116318,76225,152658,87374,127289,241404,219046,19167,135,142125,119795,31141,77211,206,127280,120168,251808,202500,211431,634,31330,297560,52413,94793,144454,153610,2891,235,227,4691,33758,53301,32451,2509,35047,84740,79734,132679,7737,80925,46565,83712,63191,110387,88777,93335,221,2602,205,4375,11731,128397,222,255,98522,54213,66854,96422,81765,68795,112873,108693,152876,73189,10938,88967,2723,4153,217,4163,4895,158107,274,11108,181117,70307,350,155101,139260,70170,61083,316,70149,83736,111897,163624,163,152,77,213,98728,83311,41485,124,176,13228,9662,2690,205,12884,24636,1499,152,143,47,189,19708,148,134818,3115,163,153,76,108397,5952,7416,0,5914
"GATATGGGTTAGCGCCGAAG",0,0,0,0,0,0,0,0,0,0,0,0,0,0,0,0,0,0,0,0,0,0,0,0,0,0,0,0,0,0,0,0,0,0,0,0,0,0,0,0,0,0,0,0,0,0,0,0,0,0,0,0,0,0,0,0,0,0,0,0,0,0,0,0,0,0,0,0,0,0,0,0,0,0,0,0,0,0,0,0,0,0,0,0,0,0,0,0,0,0,0,0,0,0,0,0,0,0,0,0,0,0,0,0,0,0,0,0,0,0,0,0,0,0,0,0,0,0,0,0,0,0,0,0,0,0,0,0,0,0,0,0,0,0,0,0,0,0,0,0,0,0,0,0,0,0,0,0,0,0,0,0,0,0,0,0,0,0,0,0,0,0,0,0,0,0,0,0,0,0,0,0,0,0,0,0,0,0,0,0,0,0,0,0,0,0,0,0,0,0,0,0,0,0,0,0,0,0,0,0,0,0,0,0,0,0,0,0,0,0,0,0,0,0,0,0,0,0,0,0,0,0,0,0,0,0,0,0,0,0,0,0,0,0,0,0,0,0,0,0,0,0,0,0,0,0,0,0,0,0,0,0,0,0,0,0,0,0,0,0,0,0,0,0,0,0,0,0,0,0,0,0,0,0,0,0,0,0,0,0,0,0,0,0,0,0,0,0,0,0,0,0,0,0,0,0,0,0,0,0,0,0,0,0,0,0,0,0,0,0,0,0,0,0,0,0,0,0,0,0,0,0,0,0,0,0,0,0,0,0,0,0,0,0,0,0,0,0,0,0,0,0,0,0,0,0,0,0,0,0,0,0,0,0,0,0,0,0,0,0,0,0,0,0,0,0,0,0,0,0,0,0,0,0,0,0,0,0
"GGAACAGTTCGACATCTGGT",685,1315,1280,2265,2563,2032,3,14,2401,3,2,1,5,108,8289,13049,1,4,7,2686,9,5,3,3,2,2,1,8,4014,4,1,1,3,1,5,1,2,0,4,4,3,5,0,1,1,2,3,11,5,0,4,3,9,0,1614,0,5,7,1845,3048,2,7,0,1,1,2,1,4,1,789,8,9,10,7,35023,5598,5,5,15,12,2240,11,0,2,2,1043,4,13939,875,1060,2,3758,7,1,12791,4,2916,7,2,0,3,6287,3,3,3,3,9711,1,4588,3245,5,10,5,4,2,4,2,68,1,2,7363,0,8,5,1,7,1,3,0,1,2,91,1,0,3,1,2169,6,2,6,0,3,2,0,3,2,4,4,6382,2,5431,2,3441,4,9,1185,2,1,3972,7,5,1,6,3,3,1,1,2,1,13,3538,12036,1,6,1,2,4,2,1,273,8,9,11,6,2062,7,5,3329,5465,4,4,3,6,5,7,4,5033,6,8,1949,2,2,4568,4234,5,7123,7,14,3,3,2,8,9,4933,4,5,3,3,642,4,5,1,5,5,9264,2,2,11,2,4,0,4,3,520,9,6,9,5,8,4,6051,198,2380,8,3,9,3,16,3,9,3,0,2,4,2775,18,25463,15,15,8,1,8,21596,30704,11,12437,2,11,0,1,3,2,8719,2,8,12,13,13,49618,12,9,11,5505,30583,19,26,0,574,8,901,6964,241,11,137,12,2,5,724,9,3,7,12,4,2320,7,0,2,1297,10,1066,5,2,13,0,2,4,9,4,3,4,1,4,6,24844,8028,1,1501,5,17,1464,5,140,14,1,15,15,13,15,279,10,5,9,6,32533,14,4359,6,36328,5,3,2,2,5,3,6,8,1,0,2,1,0,1,0,6,2,2,0,0,0,0,1,8,1,2,0,0,2,1
"GGCGCGATTGGTTGAAAGGG",3243,5391,3958,7768,8889,6488,3,10,1,5,7,10,10,1671,2,6,0,8,3,2,4,829,13431,18663,4,5715,6,16,3305,14,5189,7,7,6,5,8592,0,3,5,9,4,6,6,3,1,6,0,2,1,324,7,13,12,4,13,11943,4,4,2801,5971,1,6,7,3,1,12,1,2,0,516,14,43433,14,9,76741,6682,6,10,21,21,18,17,11756,10,3,8024,405,624,5870,5063,6,3716,10,6,6,7,5088,10,1,7,13,3351,6,5,8,8,23408,9,6,11,3,11,3,8,7,8,3,218,4909,7,4,5,10,14,4,13,2,4,16,6,5,1006,9670,4,6963,5,4458,4,3,6,0,1,6747,3,1,6964,5,3,9,8,4,5,1621,5216,2,8,15,5,4266,10,3,5,8,7,3,2,4,5,4,4168,9390,4,5,5,0,3,2,3,3,2394,10,6,16,3,5,6,4,2380,0,5,1,6,1,7,6,6,10173,19,2,2999,7,1,5,6,5037,5486,2286,8644,1,0,5,6,2,7888,7395,3,9,4,7,7676,3,7,5,7,2,7,7262,5,2,6,2,3,5,1380,3,8,4,3,10,9010,2,7,2481,11,7,8,19452,6,5,2,3289,8,9,2144,7202,2,5,3,4,4,2,6,7,7,3170,10656,10,12,2,4,10,4,5,471,2,12,9,5,10,5,10,6,4,31428,4,5,7967,1992,4,5847,12,2,6,781,7,1,6,4502,21,6,10,1385,15,5,4,2,6351,12403,4,3912,1282,3,6,5,2,2,11,6,7,3,9983,11,8,2,7,3,6,5557,3,1614,11,287,6,8338,1,5,6,4,70,8,4,6,4236,5,9,2,7,44733,4,9,5,2,5,27,5,10,0,4,2,2,3,499,4,5612,2,10,7,2,6,628,6,8,3,5,2,4,2,230
"CAAATGCAAGGGTCGCGCAG",0,0,0,0,0,0,0,0,0,0,0,0,0,0,0,0,0,0,0,0,0,0,0,0,0,0,0,0,0,0,0,0,0,0,0,0,0,0,0,0,0,0,0,0,0,0,0,0,0,0,0,0,0,0,0,0,0,0,0,0,0,0,0,0,0,0,0,0,0,0,0,0,0,0,0,0,0,0,0,0,0,0,0,0,0,0,0,0,0,0,0,0,0,0,0,0,0,0,0,0,0,0,0,0,0,0,0,0,0,0,0,0,0,0,0,0,0,0,0,0,0,0,0,0,0,0,0,0,0,0,0,0,0,0,0,0,0,0,0,0,0,0,0,0,0,0,0,0,0,0,0,0,0,0,0,0,0,0,0,0,0,0,0,0,0,0,0,0,0,0,0,0,0,0,0,0,0,0,0,0,0,0,0,0,0,0,0,0,0,0,0,0,0,0,0,0,0,0,0,0,0,0,0,0,0,0,0,0,0,0,0,0,0,0,0,0,0,0,0,0,0,0,0,0,0,0,0,0,0,0,0,0,0,0,0,0,0,0,0,0,0,0,0,0,0,0,0,0,0,0,0,0,0,0,0,0,0,0,0,0,0,0,0,0,0,0,0,0,0,0,0,0,0,0,0,0,0,0,0,0,0,0,0,0,0,0,0,0,0,0,0,0,0,0,0,0,0,0,0,0,0,0,0,0,0,0,0,0,0,0,0,0,0,0,0,0,0,0,0,0,0,0,0,0,0,0,0,0,0,0,0,0,0,0,0,0,0,0,0,0,0,0,0,0,0,0,0,0,0,0,0,0,0,0,0,0,0,0,0,0,0,0,0,0,0,0,0,0,0,0,0,0,0,0,0,0,0,0
"CCCACGTCTAGTTGCTCCCT",0,0,6,0,0,10,4,1,0,2,6,5,4,1,4,1,0,1,7,4,0,2,10,6,1,6,46006,5,6123,6,3,5,17512,4,3774,8511,9,4,10,8,10,9,9,8,0,3,8,3,1,1,7,2,7,2,1435,8,19307,1,821,2,6,4,3,3,0,0,3,2,1,4,1,1,5,6,4,2,1,1,2,2,4,2,7,6,1,0,2,752,2,2,2185,1,12268,4,2,4,2485,0,1,2,7,4,3,0,0,3,1,0,3,0,11,4,3,6,15,10507,4,5,8,7,14822,6,7896,3,6,1,0,1,8,2,0,1,2,5,5,7325,3,3,7,2,0,2,4,96,0,1,6,10,206,5389,0,3,1,0,3,8,1,9099,1364,2,2,315,5634,3,5,6,3,8,5,1,5857,1,8,0,0,1,5,4,1,2,1,0,2,2,1,0,8,1500,4,4,31082,12117,6,3,5,3,5,10,8,1951,2,5,3,7,4,2,5,3,1,2,4,6,1,3,1,0,4,2,3,2,2,0,2,1,4142,2,4,0,0,3202,6,5,0,5,0,0,6,0,3,0,1,1,1457,0,1,0,4,1,0,1,7,7,4,6,1124,5,8,7,9,7,5,6,10,18587,11461,5111,3,1,0,0,5,3,1,2,3183,10,12,12310,53424,11,10,12,9,3209,7,9,1,0,3,1,1,1,5,1,2,3,0,2203,3,10322,0,2479,4,3307,5,2846,0,0,5,3,748,3582,6,1,0,0,0,0,3,2,7,0,0,0,3,1,1,0,4,1,4,2739,6,5,3,7,4,7,17,5,8775,4,2872,5,15,4,6,0,1,0,5,5,2,3,4,0,0,2,2,12569,0,0,4,1,0,0,3,1,1,1,5,0,0,2,5,1,0,2
"TTAGCAATTCCCTGTTTCAC",0,0,3,10,4,1,0,2,2848,0,10,1,20984,1,1,0,2,0,1360,4,40404,4,8,0,1,0,1,0,4842,0,1,1,2,0,2020,126,2,1,4411,2,3,2,7,0,0,0,0,2,6,0,6,2,7,2,2,6,4,2,2653,3,13,5,14,3,0,5,5,3,3,0,7,2,3,3,1,5814,1,570,2,2,5,2,5,0,0,1,2,0,4,0,0,1,0,0,0,2,2268,1,0,0,5,0,9,0,1,1,0,0,9,4,1,1,0,0,5,2,3,0,5358,2,7678,4,5,2,1,0,0,0,8,15,7,0,0,0,0,0,1,4,0,1,5,0,8,1,5,0,2,0,0,0,2,1,0,0,4,3,2,1,1303,1,4,34504,6,2,1,1,2,0,1,5,2310,2,0,0,0,0,2,0,4,1,0,6373,2,1,748,1,1,531,0,0,8,0,5,1,1,0,5,0,0,2068,1,5,2,4548,4131,1,1,0,0,0,5,0,6,0,0,0,2,2,0,0,4804,0,3,1,357,1,2,4,1,4,46167,2,8,4,4,0,2,0,0,2,0,0,1663,0,6,0,0,0,0,0,7,1,4,0,2760,2,8,0,3,2,4,1,5,4,4443,1618,0,1,0,0,5,0,5,0,0,1,0,0,2,0,1,546,0,0,4555,0,2,2,4,3,17708,3,0,1,6,2,0,1,3,3,3,1733,5,2253,2,0,0,1,2,3,119,1,0,0,1,4,1,1,1,1,1,1,0,2,2,2,2,0,2,4,3,36,2,0,3,2,0,1,1509,2,17828,3,1,2,0,1,0,0,0,0,5,0,12,0,5,2,0,0,7,0,3,1,0,1,1,0,6,0,6,0,0,2,0,0,15,0,2,0
"TCTGCTGTAGCTTATCTTAC",2,0,9,5,2,0,0,2,0,0,0,1,1,1,2,2,0,0,0,1,0,0,0,2,0,3,1,3,6730,1,4,3,1,3,2016,16233,2,7542,2,2,3,3,2,0,0,3,0,2,1,2,0,3,8,11664,0,4,2,4,1722,5905,1,7,0,0,0,1,1,1,0,0,1,0,1,1,0,0,0,1,2,1,1,4,0,0,0,1,3,3,2,0,1,0,0,1,3,4,2870,2,0,3,0,0,2,1,3,7666,5330,561,3,2,3,3,0,2,0,0,1,0,1,1,1,1,0,0,0,3,0,2,0,0,2,155,1,0,4,1,1,6122,0,1,0,1,0,0,3,3181,7538,0,2,0,2,4756,0,0,6,2,0,3,3213,6,2,2,1,4,5,0,0,0,5,1,2633,3,0,0,0,3,2,11,1327,1,0,2,7057,2,0,0,3786,960,2,4,1,3,1,2,5,8,5115,7,678,778,0,2,5,4,1,19071,2,1,1,1,0,0,1,0,3,5,5,4,2,4,1,2,4,3,3,5,3,1,0,0,0,0,0,1,9427,4,8,4,3,3,9,5,1949,2,1,5,1,5,1,3,2,5,1,0,9156,3,5,9022,10,6,7,5,17245,6,2,1631,3,1,0,2,0,0,1,0,2,1,4,1,1,2,2,2,3,0,1618,5,4,4,2,4,6170,2,1,1,2,0,1,5,0,2,1,1262,2,4416,4,5,2,4,4,2,0,2,2,3,3,2,1,15724,4,25812,1,3,7,5,18,2,3,2,3,0,0,79,1,3,1,0,2,2,1000,6,3174,6,12192,1,0,2,0,1,0,0,0,0,1,0,2,1,0,0,0,0,0,0,2,2,0,1,0,0,0,0,2,1,0,0,0,0,0,0
"CCCTTGAAGATAGACGTAAT",0,0,0,0,1,0,0,0,0,1,0,0,0,0,1,2,0,2,1,0,0,0,0,1,0,1,0,0,0,0,2,3,0,1,3,2,1,2,3,1,2,4,0,0,0,2,0,0,0,0,1,0,0,1,0,1,0,0,332,0,1,1,0,0,0,1,0,0,0,0,0,1,1,10774,1,0,1,1,2,0,0,2,0,2,0,0,0,0,0,0,0,0,0,1,1,4,216,0,0,0,0,1,0,0,0,6904,1,3,0,1,0,0,0,0,0,1,0,0,0,0,0,1,3,1,0,0,0,1,0,2,0,0,1,1,0,3362,0,2,0,0,0,0,0,0,0,0,0,0,0,1,0,0,0,0,0,0,3,0,0,3,15211,0,0,0,0,1,2,2,2,2,372,0,0,0,0,0,0,0,0,0,0,0,0,0,0,0,0,299,0,0,0,0,0,1,0,0,1,1,0,234,0,0,1,1,3756,1,0,0,0,1,0,1,0,0,0,0,0,0,0,0,0,0,1,0,1,0,0,0,0,2,0,0,0,0,0,0,0,0,0,0,0,0,421,0,0,1,1,0,0,1,0,1,0,1,0,1,1,0,0,0,0,1,0,0,0,3618,0,0,0,0,0,0,0,0,0,0,0,0,0,0,0,0,0,0,0,0,0,0,0,0,0,1,0,5,0,0,0,0,2,1,0,2,0,1,0,0,0,0,0,0,1,0,0,3,1,0,0,0,0,0,0,0,0,1,0,1,0,0,0,0,3,24,0,2,2,0,0,0,5,2,0,0,0,0,0,0,0,0,0,2,0,0,0,0,0,0,0,0,0,0,0,0,1,0,0,0,0,0,0,0,0,0,0,0,0,0,0,0
"CACAGATAGGAGACCGGTAC",0,0,0,3,1,0,2,0,0,0,0,1,4,0,8,0,0,0,0,3,3,1,0,1,0,0,3,0,2222,3,2,0,1,2,1450,0,2,0,1,2,0,0,0,1,0,0,2,0,2,2,3,3,6,0,3,2,1,2,1734,11135,0,2,0,1,0,0,4,0,1,1,3,0,0,0,0,1,1,0,2,1,0,2,0,2,0,0,4,1,3,1,1,0,6791,1,0,2,259,1,0,0,0,1,1,1,0,1,7,0,5434,94,1,0,0,1,0,5488,2,0,1,0,0,0,0,3,2,0,0,0,0,0,0,0,0,0,2946,4,5,7,6,2,0,2,0,1,26967,1,3,5354,11835,11032,0,1,1,4,2,1,0,15179,1394,3,1,1,3,4,0,2,0,0,1,1,2588,2,0,0,0,0,3,313,1,0,0,0,0,2,1,4,5,918,0,2,1,0,0,1,6,7,9944,453,1,766,4,4976,6,6,7,6,3,3,0,1,0,0,5,2,0,0,0,0,1,0,3,0,1,2,0,0,5,0,0,0,0,0,1,0,1,1,3,3667,2,0,1,3,1657,2,0,1,2,0,0,0,0,3,1,1,1199,1,4,2,2,0,2,0,7972,3,1,1,3,0,0,0,0,0,2,0,1,0,1,1,0,1,3,0,1,0,0,0,0,1,1,3,6050,6425,0,1,0,4,3,2973,1,1,1,1175,0,2600,6,3561,0,0,1,0,1,2,0,0,0,1,3,1,0,1,0,0,0,0,0,2,0,1,1,2,1,619,0,0,0,0,0,0,980,0,2,0,3,1,0,0,2,2,1,1,0,1,5,3,5,1,0,0,0,1,2,2,3,0,0,0,0,4,2,2,3,0,0,0,0,0,2,0
