,INPUT_POOL,OUTPUT_POOL,mouse_ID,FP_100_percent,FP_1,FP_5,FP_4,FP_3,FP_2
1,INPUT_BM1_90_5.txt,OUTPUT_BM1_90_5.txt,1,-947749.5,-475666,-475414,-475375,-475259.5,-475459.5
2,INPUT_BM1_90_5.txt,OUTPUT_BM2_90_5.txt,1,57.4010843,134.6327909,134.8865938,134.7243105,134.8077276,134.796088
3,INPUT_BM1_90_5.txt,OUTPUT_GUT_90_5.txt,1,45.32610104,40.66832762,40.69915668,40.70137154,40.71546661,40.69962744
4,INPUT_BM1_90_5.txt,OUTPUT_L_90_5.txt,1,1002.613638,1207.945021,1206.125595,1206.033824,1204.888733,1207.43706
5,INPUT_BM1_90_5.txt,OUTPUT_LN1_90_5.txt,1,0.222431,0.197898589,0.19812446,0.198045401,0.198111164,0.19801761
6,INPUT_BM1_90_5.txt,OUTPUT_LN2_90_5.txt,1,0.021275068,0.03680123,0.036830346,0.036824001,0.036833798,0.036825301
7,INPUT_BM1_90_5.txt,OUTPUT_LUNG_90_5.txt,1,0.152846515,0.16539287,0.165353885,0.165492044,0.165406116,0.165451974
8,INPUT_BM1_90_5.txt,OUTPUT_S_90_5.txt,1,96.67097283,NA,NA,NA,NA,NA
9,INPUT_BM1_90_5.txt,OUTPUT_SKIN1_90_5.txt,1,0.203908047,0.105222743,0.105278727,0.10528746,0.105313168,0.105268605
10,INPUT_BM1_90_5.txt,OUTPUT_SKIN10_90_5.txt,1,0.052036549,0.04237117,0.042393667,0.042397156,0.042407479,0.042389602
11,INPUT_BM1_90_5.txt,OUTPUT_SKIN11_90_5.txt,1,0.04290563,0.041824826,0.04184896,0.041849941,0.041841119,0.041845835
12,INPUT_BM1_90_5.txt,OUTPUT_SKIN12_90_5.txt,1,0.013528063,0.011872987,0.011879283,0.011880258,0.011883146,0.011878146
13,INPUT_BM1_90_5.txt,OUTPUT_SKIN2_90_5.txt,1,0.061882999,0.033971653,0.033989682,0.033992772,0.034000896,0.033986572
14,INPUT_BM1_90_5.txt,OUTPUT_SKIN3_90_5.txt,1,0.01166524,0.013302337,0.013309089,0.013310724,0.013314323,0.013308118
15,INPUT_BM1_90_5.txt,OUTPUT_SKIN4_90_5.txt,1,0.033182471,0.053751672,0.053777821,0.053782039,0.053797946,0.053772461
16,INPUT_BM1_90_5.txt,OUTPUT_SKIN5_90_5.txt,1,0.142997339,0.119706593,0.119769185,0.119779332,0.119811467,0.119757755
17,INPUT_BM1_90_5.txt,OUTPUT_SKIN6_90_5.txt,1,0.142750739,0.143155346,0.143245569,0.143257436,0.143279517,0.143217852
18,INPUT_BM1_90_5.txt,OUTPUT_SKIN7_90_5.txt,1,0.25570996,0.231987249,0.2321053,0.232118052,0.232181589,0.23207083
19,INPUT_BM1_90_5.txt,OUTPUT_SKIN8_90_5.txt,1,0.093092324,0.103614444,0.103621388,0.103728001,0.103752525,0.10373431
20,INPUT_BM1_90_5.txt,OUTPUT_SKIN9_90_5.txt,1,0.37593878,0.294431489,0.294591607,0.294614216,0.2946855,0.294558159
21,INPUT_BM2_90_5.txt,OUTPUT_BM1_90_5.txt,1,15.94095256,16.91022311,16.88226479,16.889665,16.8787727,16.88990482
22,INPUT_BM2_90_5.txt,OUTPUT_BM2_90_5.txt,1,-919406,-460463.5,-460745.5,-460463.5,-460539.5,-460622.5
23,INPUT_BM2_90_5.txt,OUTPUT_GUT_90_5.txt,1,46.35675194,39.97105738,39.94892007,39.97448476,39.96933777,39.96579258
24,INPUT_BM2_90_5.txt,OUTPUT_L_90_5.txt,1,159.3080572,227.8531944,227.8436675,227.8385684,227.8825247,227.7152119
25,INPUT_BM2_90_5.txt,OUTPUT_LN1_90_5.txt,1,0.314107385,0.26075436,0.260718877,0.260767215,0.260736491,0.26068163
26,INPUT_BM2_90_5.txt,OUTPUT_LN2_90_5.txt,1,0.029826463,0.039341038,0.039327179,0.039335071,0.039329467,0.039336076
27,INPUT_BM2_90_5.txt,OUTPUT_LUNG_90_5.txt,1,0.38577249,0.320736499,0.320327614,0.320760174,0.320443696,0.320608471
28,INPUT_BM2_90_5.txt,OUTPUT_S_90_5.txt,1,117.2584089,NA,NA,NA,NA,NA
29,INPUT_BM2_90_5.txt,OUTPUT_SKIN1_90_5.txt,1,0.334453881,0.301671481,0.301484635,0.301671481,0.301621103,0.301566103
30,INPUT_BM2_90_5.txt,OUTPUT_SKIN10_90_5.txt,1,0.153791132,0.140616953,0.140530419,0.140616953,0.140593621,0.140568149
31,INPUT_BM2_90_5.txt,OUTPUT_SKIN11_90_5.txt,1,0.087661264,0.083433434,0.08338605,0.08343238,0.083381158,0.083410135
32,INPUT_BM2_90_5.txt,OUTPUT_SKIN12_90_5.txt,1,0.012190425,0.011228393,0.011221518,0.011228393,0.01122654,0.011224516
33,INPUT_BM2_90_5.txt,OUTPUT_SKIN2_90_5.txt,1,0.03402703,0.021429112,0.021415987,0.0214293,0.021425667,0.021421803
34,INPUT_BM2_90_5.txt,OUTPUT_SKIN3_90_5.txt,1,0.036045206,0.038060706,0.038036546,0.038061365,0.038056073,0.03804756
35,INPUT_BM2_90_5.txt,OUTPUT_SKIN4_90_5.txt,1,0.076068317,0.064184344,0.064142677,0.064181814,0.064173961,0.06416025
36,INPUT_BM2_90_5.txt,OUTPUT_SKIN5_90_5.txt,1,0.128982853,0.099151517,0.099089481,0.099150837,0.099136547,0.099116223
37,INPUT_BM2_90_5.txt,OUTPUT_SKIN6_90_5.txt,1,0.037793645,0.036147963,0.036126333,0.036148488,0.036142265,0.036135469
38,INPUT_BM2_90_5.txt,OUTPUT_SKIN7_90_5.txt,1,0.35141273,0.371489622,0.371259979,0.371483728,0.371427261,0.371350781
39,INPUT_BM2_90_5.txt,OUTPUT_SKIN8_90_5.txt,1,0.227409002,0.221334522,0.221107848,0.221444022,0.221405603,0.221418031
40,INPUT_BM2_90_5.txt,OUTPUT_SKIN9_90_5.txt,1,0.178920228,0.161842078,0.161743801,0.161842096,0.161814495,0.161784447
41,INPUT_GUT_90_5.txt,OUTPUT_BM1_90_5.txt,1,6.407396575,5.651117964,5.644836712,5.644048512,5.64118452,5.645595768
42,INPUT_GUT_90_5.txt,OUTPUT_BM2_90_5.txt,1,5.145134113,4.274082234,4.279014633,4.273913736,4.275202306,4.276507701
43,INPUT_GUT_90_5.txt,OUTPUT_GUT_90_5.txt,1,-298732.5,-149576.5,-149586,-149582.5,-149586.5,-149594.5
44,INPUT_GUT_90_5.txt,OUTPUT_L_90_5.txt,1,18.36241159,18.11341928,18.11440782,18.11110938,18.11700881,18.0961235
45,INPUT_GUT_90_5.txt,OUTPUT_LN1_90_5.txt,1,0.320528094,0.268924196,0.268821761,0.268876286,0.268865822,0.268851097
46,INPUT_GUT_90_5.txt,OUTPUT_LN2_90_5.txt,1,0.086605046,0.094450903,0.094469072,0.094449792,0.094449169,0.094459707
47,INPUT_GUT_90_5.txt,OUTPUT_LUNG_90_5.txt,1,0.330759029,0.267918111,0.267707002,0.267896657,0.26772375,0.267912663
48,INPUT_GUT_90_5.txt,OUTPUT_S_90_5.txt,1,22.007369,NA,NA,NA,NA,NA
49,INPUT_GUT_90_5.txt,OUTPUT_SKIN1_90_5.txt,1,0.219181648,0.16000949,0.159999273,0.160003037,0.159998735,0.159990132
50,INPUT_GUT_90_5.txt,OUTPUT_SKIN10_90_5.txt,1,0.089832849,0.079214066,0.079209022,0.07921088,0.079208756,0.079204509
51,INPUT_GUT_90_5.txt,OUTPUT_SKIN11_90_5.txt,1,0.168073655,0.161631989,0.161630419,0.16162345,0.161548693,0.161624541
52,INPUT_GUT_90_5.txt,OUTPUT_SKIN12_90_5.txt,1,0.027556545,0.040842642,0.040840045,0.040841002,0.040839909,0.040837722
53,INPUT_GUT_90_5.txt,OUTPUT_SKIN2_90_5.txt,1,0.124777747,0.11269892,0.112691739,0.112695365,0.112691851,0.112685805
54,INPUT_GUT_90_5.txt,OUTPUT_SKIN3_90_5.txt,1,0.087460719,0.052974033,0.052969498,0.052972757,0.05297271,0.052967747
55,INPUT_GUT_90_5.txt,OUTPUT_SKIN4_90_5.txt,1,0.08685761,0.150324256,0.150309906,0.150312864,0.150314739,0.150301306
56,INPUT_GUT_90_5.txt,OUTPUT_SKIN5_90_5.txt,1,0.230656651,0.183813874,0.183798196,0.183806417,0.183802382,0.183789248
57,INPUT_GUT_90_5.txt,OUTPUT_SKIN6_90_5.txt,1,0.066451092,0.10973934,0.10973315,0.109735726,0.10973226,0.10972609
58,INPUT_GUT_90_5.txt,OUTPUT_SKIN7_90_5.txt,1,0.318703635,0.265986837,0.265974226,0.265977044,0.265969511,0.265958068
59,INPUT_GUT_90_5.txt,OUTPUT_SKIN8_90_5.txt,1,0.277062056,0.234074494,0.233959227,0.234179028,0.234173383,0.234219465
60,INPUT_GUT_90_5.txt,OUTPUT_SKIN9_90_5.txt,1,0.241952631,0.212738624,0.212725257,0.212728369,0.212723345,0.212710934
61,INPUT_L_90_5.txt,OUTPUT_BM1_90_5.txt,1,5.413778922,9.80484511,9.793756424,9.793207291,9.786536729,9.800779479
62,INPUT_L_90_5.txt,OUTPUT_BM2_90_5.txt,1,19.35685599,17.45899754,17.479852,17.45988254,17.46238245,17.47968668
63,INPUT_L_90_5.txt,OUTPUT_GUT_90_5.txt,1,34.39589023,30.94224181,30.94397139,30.94631151,30.94135818,30.96644701
64,INPUT_L_90_5.txt,OUTPUT_L_90_5.txt,1,-1237692,-620981,-621017.5,-620950.5,-621066,-620699.5
65,INPUT_L_90_5.txt,OUTPUT_LN1_90_5.txt,1,0.206541149,0.27428201,0.274410995,0.274324296,0.274288416,0.274444699
66,INPUT_L_90_5.txt,OUTPUT_LN2_90_5.txt,1,0.026922526,0.026957693,0.026962869,0.026958436,0.026954009,0.026975626
67,INPUT_L_90_5.txt,OUTPUT_LUNG_90_5.txt,1,0.27892522,0.266261246,0.266049069,0.266251254,0.266045031,0.26638627
68,INPUT_L_90_5.txt,OUTPUT_S_90_5.txt,1,176.2103329,NA,NA,NA,NA,NA
69,INPUT_L_90_5.txt,OUTPUT_SKIN1_90_5.txt,1,0.186774256,0.170027552,0.170017232,0.170035692,0.170003872,0.170104883
70,INPUT_L_90_5.txt,OUTPUT_SKIN10_90_5.txt,1,0.046881695,0.033167191,0.033165234,0.033168817,0.033162641,0.033182246
71,INPUT_L_90_5.txt,OUTPUT_SKIN11_90_5.txt,1,0.070624297,0.158362098,0.158359407,0.158367797,0.158266062,0.158444336
72,INPUT_L_90_5.txt,OUTPUT_SKIN12_90_5.txt,1,0.025556414,0.018220446,0.018219373,0.01822134,0.01821795,0.018228713
73,INPUT_L_90_5.txt,OUTPUT_SKIN2_90_5.txt,1,0.027049996,0.041197705,0.041195274,0.041200082,0.041192231,0.041216587
74,INPUT_L_90_5.txt,OUTPUT_SKIN3_90_5.txt,1,0.024293537,0.01995755,0.019955942,0.019958875,0.019955679,0.01996661
75,INPUT_L_90_5.txt,OUTPUT_SKIN4_90_5.txt,1,0.026718527,0.052811268,0.052804876,0.052810388,0.052804219,0.052832788
76,INPUT_L_90_5.txt,OUTPUT_SKIN5_90_5.txt,1,0.114134471,0.115061911,0.115053891,0.115066639,0.115047803,0.115113208
77,INPUT_L_90_5.txt,OUTPUT_SKIN6_90_5.txt,1,0.022687861,0.023689978,0.023688906,0.023691464,0.023686922,0.023700728
78,INPUT_L_90_5.txt,OUTPUT_SKIN7_90_5.txt,1,0.310043872,0.288480636,0.2884552,0.288488605,0.288435575,0.28860114
79,INPUT_L_90_5.txt,OUTPUT_SKIN8_90_5.txt,1,0.188297678,0.176606401,0.176522686,0.176697545,0.176664596,0.176808376
80,INPUT_L_90_5.txt,OUTPUT_SKIN9_90_5.txt,1,0.368069683,0.364980741,0.364960365,0.36499763,0.364927313,0.365144408
81,INPUT_LN1_90_5.txt,OUTPUT_BM1_90_5.txt,1,1.684682952,1.792979306,1.790673004,1.790903031,1.790108834,1.791405658
82,INPUT_LN1_90_5.txt,OUTPUT_BM2_90_5.txt,1,2.403423176,2.319754125,2.321209408,2.319502804,2.320070544,2.320760318
83,INPUT_LN1_90_5.txt,OUTPUT_GUT_90_5.txt,1,0.317671414,0.303427026,0.303351378,0.303419048,0.303427131,0.303459423
84,INPUT_LN1_90_5.txt,OUTPUT_L_90_5.txt,1,4.441584565,4.36686286,4.365530768,4.366100132,4.367021416,4.363735865
85,INPUT_LN1_90_5.txt,OUTPUT_LN1_90_5.txt,1,-544903.5,-273567.5,-273669.5,-273596,-273603,-273602.5
86,INPUT_LN1_90_5.txt,OUTPUT_LN2_90_5.txt,1,0.04411605,0.045048605,0.045044325,0.045045569,0.045044844,0.045053479
87,INPUT_LN1_90_5.txt,OUTPUT_LUNG_90_5.txt,1,0.719290081,0.717261067,0.7165098,0.717225656,0.716547798,0.717117855
88,INPUT_LN1_90_5.txt,OUTPUT_S_90_5.txt,1,4.425996569,NA,NA,NA,NA,NA
89,INPUT_LN1_90_5.txt,OUTPUT_SKIN1_90_5.txt,1,0.346347763,0.259618705,0.259521782,0.259591267,0.259585084,0.259585242
90,INPUT_LN1_90_5.txt,OUTPUT_SKIN10_90_5.txt,1,0.043456012,0.039013608,0.038999078,0.039009535,0.039008547,0.03900861
91,INPUT_LN1_90_5.txt,OUTPUT_SKIN11_90_5.txt,1,0.165165232,0.210464658,0.210409328,0.210439977,0.210355221,0.210465126
92,INPUT_LN1_90_5.txt,OUTPUT_SKIN12_90_5.txt,1,0.076806451,0.050362172,0.050343395,0.050356917,0.050355633,0.050355721
93,INPUT_LN1_90_5.txt,OUTPUT_SKIN2_90_5.txt,1,0.040160159,0.039864477,0.039849619,0.039860664,0.039859478,0.039859545
94,INPUT_LN1_90_5.txt,OUTPUT_SKIN3_90_5.txt,1,0.050738187,0.05493207,0.054910373,0.054927311,0.054927359,0.054925034
95,INPUT_LN1_90_5.txt,OUTPUT_SKIN4_90_5.txt,1,0.09049808,0.154917931,0.15484801,0.154888964,0.154898392,0.154887151
96,INPUT_LN1_90_5.txt,OUTPUT_SKIN5_90_5.txt,1,0.711250012,0.460671062,0.460535976,0.460608461,0.460598998,0.460648886
97,INPUT_LN1_90_5.txt,OUTPUT_SKIN6_90_5.txt,1,0.129624033,0.122481122,0.122436534,0.122469368,0.122466242,0.12246544
98,INPUT_LN1_90_5.txt,OUTPUT_SKIN7_90_5.txt,1,0.496207777,0.444442614,0.444264369,0.444377299,0.444381401,0.444358811
99,INPUT_LN1_90_5.txt,OUTPUT_SKIN8_90_5.txt,1,0.187569826,0.18746349,0.187575389,0.187219754,0.187213249,0.187112379
100,INPUT_LN1_90_5.txt,OUTPUT_SKIN9_90_5.txt,1,0.251695759,0.234746753,0.234653263,0.234714067,0.234715209,0.234714485
101,INPUT_LN2_90_5.txt,OUTPUT_BM1_90_5.txt,1,11.97609412,14.11273744,14.10646451,14.10721836,14.10503602,14.10754992
102,INPUT_LN2_90_5.txt,OUTPUT_BM2_90_5.txt,1,14.88298532,13.30924641,13.31317161,13.30880785,13.31018105,13.31097045
103,INPUT_LN2_90_5.txt,OUTPUT_GUT_90_5.txt,1,28.66583573,26.12988643,26.12798674,26.12891601,26.12848916,26.12763781
104,INPUT_LN2_90_5.txt,OUTPUT_L_90_5.txt,1,14.87233785,19.57711215,19.57425659,19.5764718,19.57596885,19.57538769
105,INPUT_LN2_90_5.txt,OUTPUT_LN1_90_5.txt,1,1.415952638,1.416748388,1.417729621,1.416880591,1.417059194,1.416957196
106,INPUT_LN2_90_5.txt,OUTPUT_LN2_90_5.txt,1,-463983.5,-232892,-232920.5,-232899,-232901.5,-232916
107,INPUT_LN2_90_5.txt,OUTPUT_LUNG_90_5.txt,1,1.345618878,1.573486585,1.572715069,1.573950714,1.572410407,1.573743567
108,INPUT_LN2_90_5.txt,OUTPUT_S_90_5.txt,1,20.88829659,NA,NA,NA,NA,NA
109,INPUT_LN2_90_5.txt,OUTPUT_SKIN1_90_5.txt,1,4.863548197,4.29040899,4.291146576,4.290500902,4.290475761,4.291024963
110,INPUT_LN2_90_5.txt,OUTPUT_SKIN10_90_5.txt,1,0.052206717,0.090997658,0.090986658,0.090994947,0.090993971,0.090988394
111,INPUT_LN2_90_5.txt,OUTPUT_SKIN11_90_5.txt,1,0.43800621,0.604510016,0.60446727,0.604484805,0.604208093,0.604490974
112,INPUT_LN2_90_5.txt,OUTPUT_SKIN12_90_5.txt,1,0.043804205,0.050843341,0.050837153,0.050841819,0.050841273,0.05083813
113,INPUT_LN2_90_5.txt,OUTPUT_SKIN2_90_5.txt,1,0.709620249,0.600412058,0.600345223,0.600400305,0.600391354,0.600358323
114,INPUT_LN2_90_5.txt,OUTPUT_SKIN3_90_5.txt,1,0.199470214,0.373497167,0.37344327,0.373492294,0.373497965,0.373458622
115,INPUT_LN2_90_5.txt,OUTPUT_SKIN4_90_5.txt,1,0.047456524,0.078310367,0.078297078,0.078304033,0.078307451,0.07829831
116,INPUT_LN2_90_5.txt,OUTPUT_SKIN5_90_5.txt,1,0.643396712,0.529378617,0.529321263,0.529360477,0.52936854,0.529329591
117,INPUT_LN2_90_5.txt,OUTPUT_SKIN6_90_5.txt,1,0.929606516,0.68319869,0.68320361,0.683261333,0.683177237,0.683133657
118,INPUT_LN2_90_5.txt,OUTPUT_SKIN7_90_5.txt,1,2.250031857,2.375139339,2.375018334,2.37512062,2.375074329,2.375039823
119,INPUT_LN2_90_5.txt,OUTPUT_SKIN8_90_5.txt,1,1.144182129,1.343605644,1.342954351,1.344286337,1.344261995,1.344507105
120,INPUT_LN2_90_5.txt,OUTPUT_SKIN9_90_5.txt,1,0.377527702,0.609593914,0.609558589,0.609581804,0.60957295,0.609553974
121,INPUT_LUNG_90_5.txt,OUTPUT_BM1_90_5.txt,1,6.547154715,8.601717581,8.605774004,8.60248775,8.606783452,8.60278792
122,INPUT_LUNG_90_5.txt,OUTPUT_BM2_90_5.txt,1,8.666601757,8.409322111,8.41187472,8.4090521,8.412707531,8.409349148
123,INPUT_LUNG_90_5.txt,OUTPUT_GUT_90_5.txt,1,10.72852703,9.770320195,9.77375,9.769893034,9.774240431,9.770391292
124,INPUT_LUNG_90_5.txt,OUTPUT_L_90_5.txt,1,8.754807543,7.98831683,7.991171616,7.988103015,7.99148898,7.989097323
125,INPUT_LUNG_90_5.txt,OUTPUT_LN1_90_5.txt,1,82.64598535,75.24815065,75.29071537,75.24468174,75.26491913,75.25987585
126,INPUT_LUNG_90_5.txt,OUTPUT_LN2_90_5.txt,1,0.063250251,0.280041858,0.280213668,0.28005026,0.280179701,0.280113132
127,INPUT_LUNG_90_5.txt,OUTPUT_LUNG_90_5.txt,1,-701818.5,-352288,-352162.5,-352299.5,-352145,-352274.5
128,INPUT_LUNG_90_5.txt,OUTPUT_S_90_5.txt,1,8.816206771,NA,NA,NA,NA,NA
129,INPUT_LUNG_90_5.txt,OUTPUT_SKIN1_90_5.txt,1,0.710728395,0.582844714,0.583052402,0.582826537,0.583080485,0.582867122
130,INPUT_LUNG_90_5.txt,OUTPUT_SKIN10_90_5.txt,1,0.408621604,0.330955946,0.331074469,0.330945501,0.331090742,0.330968666
131,INPUT_LUNG_90_5.txt,OUTPUT_SKIN11_90_5.txt,1,0.425509616,0.647840652,0.648103954,0.647812278,0.647813139,0.64790948
132,INPUT_LUNG_90_5.txt,OUTPUT_SKIN12_90_5.txt,1,1.668726538,7.641611622,7.648677117,7.643582368,7.649169058,7.64411242
133,INPUT_LUNG_90_5.txt,OUTPUT_SKIN2_90_5.txt,1,17.82265376,38.46166779,38.48259092,38.46402388,38.47587822,38.46991576
134,INPUT_LUNG_90_5.txt,OUTPUT_SKIN3_90_5.txt,1,0.1290483,0.283877168,0.283972676,0.283872888,0.284005112,0.283888129
135,INPUT_LUNG_90_5.txt,OUTPUT_SKIN4_90_5.txt,1,0.168773614,0.308980112,0.309091877,0.308970034,0.309107162,0.308992082
136,INPUT_LUNG_90_5.txt,OUTPUT_SKIN5_90_5.txt,1,126.1408954,115.7168394,115.7606887,115.7120735,115.7711174,115.7222689
137,INPUT_LUNG_90_5.txt,OUTPUT_SKIN6_90_5.txt,1,0.234460535,0.425535013,0.425690757,0.425524473,0.425711948,0.425551332
138,INPUT_LUNG_90_5.txt,OUTPUT_SKIN7_90_5.txt,1,10.7089653,13.55175629,13.55631382,13.53904365,13.5532726,13.53969999
139,INPUT_LUNG_90_5.txt,OUTPUT_SKIN8_90_5.txt,1,2.874061919,5.167167038,5.16801098,5.170595349,5.172710944,5.171658934
140,INPUT_LUNG_90_5.txt,OUTPUT_SKIN9_90_5.txt,1,119.8351388,105.6415648,105.6181347,105.6249404,105.6367413,105.6472917
141,INPUT_S_90_5.txt,OUTPUT_BM1_90_5.txt,1,106.6401968,NA,NA,NA,NA,NA
142,INPUT_S_90_5.txt,OUTPUT_BM2_90_5.txt,1,112.3182755,NA,NA,NA,NA,NA
143,INPUT_S_90_5.txt,OUTPUT_GUT_90_5.txt,1,41.77350414,NA,NA,NA,NA,NA
144,INPUT_S_90_5.txt,OUTPUT_L_90_5.txt,1,406.7239418,NA,NA,NA,NA,NA
145,INPUT_S_90_5.txt,OUTPUT_LN1_90_5.txt,1,1.441275928,NA,NA,NA,NA,NA
146,INPUT_S_90_5.txt,OUTPUT_LN2_90_5.txt,1,0.580751185,NA,NA,NA,NA,NA
147,INPUT_S_90_5.txt,OUTPUT_LUNG_90_5.txt,1,1.688149448,NA,NA,NA,NA,NA
148,INPUT_S_90_5.txt,OUTPUT_S_90_5.txt,1,-49066.5,NA,NA,NA,NA,NA
149,INPUT_S_90_5.txt,OUTPUT_SKIN1_90_5.txt,1,1.141147476,NA,NA,NA,NA,NA
150,INPUT_S_90_5.txt,OUTPUT_SKIN10_90_5.txt,1,0.365624746,NA,NA,NA,NA,NA
151,INPUT_S_90_5.txt,OUTPUT_SKIN11_90_5.txt,1,1.28686799,NA,NA,NA,NA,NA
152,INPUT_S_90_5.txt,OUTPUT_SKIN12_90_5.txt,1,0.229731402,NA,NA,NA,NA,NA
153,INPUT_S_90_5.txt,OUTPUT_SKIN2_90_5.txt,1,0.763496033,NA,NA,NA,NA,NA
154,INPUT_S_90_5.txt,OUTPUT_SKIN3_90_5.txt,1,0.825034295,NA,NA,NA,NA,NA
155,INPUT_S_90_5.txt,OUTPUT_SKIN4_90_5.txt,1,0.491159875,NA,NA,NA,NA,NA
156,INPUT_S_90_5.txt,OUTPUT_SKIN5_90_5.txt,1,1.157008903,NA,NA,NA,NA,NA
157,INPUT_S_90_5.txt,OUTPUT_SKIN6_90_5.txt,1,0.954100178,NA,NA,NA,NA,NA
158,INPUT_S_90_5.txt,OUTPUT_SKIN7_90_5.txt,1,1.6314584,NA,NA,NA,NA,NA
159,INPUT_S_90_5.txt,OUTPUT_SKIN8_90_5.txt,1,1.477399416,NA,NA,NA,NA,NA
160,INPUT_S_90_5.txt,OUTPUT_SKIN9_90_5.txt,1,1.055927285,NA,NA,NA,NA,NA
161,INPUT_SKIN1_90_5.txt,OUTPUT_BM1_90_5.txt,1,2.310683296,2.119894969,2.118541062,2.118333722,2.117713873,2.118785203
162,INPUT_SKIN1_90_5.txt,OUTPUT_BM2_90_5.txt,1,2.650580491,2.624652458,2.62630478,2.624652458,2.625097872,2.62558422
163,INPUT_SKIN1_90_5.txt,OUTPUT_GUT_90_5.txt,1,0.415861306,0.342857047,0.342898011,0.342882919,0.342900167,0.342934664
164,INPUT_SKIN1_90_5.txt,OUTPUT_L_90_5.txt,1,4.086114787,3.795239971,3.795347899,3.795140655,3.795497889,3.794363826
165,INPUT_SKIN1_90_5.txt,OUTPUT_LN1_90_5.txt,1,1.171642905,1.162449673,1.163332818,1.162690851,1.16275607,1.162747101
166,INPUT_SKIN1_90_5.txt,OUTPUT_LN2_90_5.txt,1,0.061022243,0.079193331,0.079216479,0.079196919,0.079197092,0.079213093
167,INPUT_SKIN1_90_5.txt,OUTPUT_LUNG_90_5.txt,1,0.865306022,1.070501423,1.069957549,1.070833498,1.069664475,1.070667183
168,INPUT_SKIN1_90_5.txt,OUTPUT_S_90_5.txt,1,4.39101595,NA,NA,NA,NA,NA
169,INPUT_SKIN1_90_5.txt,OUTPUT_SKIN1_90_5.txt,1,-565342,-283380,-283380,-283380,-283380,-283380
170,INPUT_SKIN1_90_5.txt,OUTPUT_SKIN10_90_5.txt,1,0.057680654,0.05697316,0.05697316,0.05697316,0.05697316,0.05697316
171,INPUT_SKIN1_90_5.txt,OUTPUT_SKIN11_90_5.txt,1,0.126215612,0.116643493,0.116651376,0.116641962,0.116589535,0.116653932
172,INPUT_SKIN1_90_5.txt,OUTPUT_SKIN12_90_5.txt,1,0.021032543,0.018870765,0.018870765,0.018870765,0.018870765,0.018870765
173,INPUT_SKIN1_90_5.txt,OUTPUT_SKIN2_90_5.txt,1,0.137574215,0.148096122,0.148096122,0.148097422,0.148096772,0.148096772
174,INPUT_SKIN1_90_5.txt,OUTPUT_SKIN3_90_5.txt,1,0.086621007,0.089967046,0.089965128,0.089968585,0.089970888,0.089967041
175,INPUT_SKIN1_90_5.txt,OUTPUT_SKIN4_90_5.txt,1,0.087970983,0.118844373,0.118841172,0.118840747,0.118844799,0.118841364
176,INPUT_SKIN1_90_5.txt,OUTPUT_SKIN5_90_5.txt,1,0.590057195,0.521062365,0.521102677,0.521046567,0.521049031,0.5211027
177,INPUT_SKIN1_90_5.txt,OUTPUT_SKIN6_90_5.txt,1,0.114806176,0.109678945,0.109680293,0.109680293,0.109679843,0.109678945
178,INPUT_SKIN1_90_5.txt,OUTPUT_SKIN7_90_5.txt,1,0.697254603,0.649506499,0.649488163,0.649510241,0.649502935,0.649491867
179,INPUT_SKIN1_90_5.txt,OUTPUT_SKIN8_90_5.txt,1,0.197039308,0.272568792,0.272936272,0.272129911,0.272127588,0.271937006
180,INPUT_SKIN1_90_5.txt,OUTPUT_SKIN9_90_5.txt,1,0.487334306,0.448407362,0.448396913,0.448392717,0.448405264,0.448403167
181,INPUT_SKIN10_90_5.txt,OUTPUT_BM1_90_5.txt,1,2.481229633,3.097949751,3.096024694,3.09573017,3.094848919,3.096371788
182,INPUT_SKIN10_90_5.txt,OUTPUT_BM2_90_5.txt,1,2.818868747,2.381135603,2.383137047,2.381135603,2.381675038,2.382264125
183,INPUT_SKIN10_90_5.txt,OUTPUT_GUT_90_5.txt,1,0.526710956,0.434680367,0.434732625,0.434713372,0.434735375,0.434779384
184,INPUT_SKIN10_90_5.txt,OUTPUT_L_90_5.txt,1,4.867773262,4.895630538,4.895804294,4.895474289,4.896043135,4.894237397
185,INPUT_SKIN10_90_5.txt,OUTPUT_LN1_90_5.txt,1,0.841936293,0.754223334,0.754788027,0.754336633,0.754416697,0.754371925
186,INPUT_SKIN10_90_5.txt,OUTPUT_LN2_90_5.txt,1,0.044480527,0.075457938,0.075478824,0.07544745,0.075447841,0.075475537
187,INPUT_SKIN10_90_5.txt,OUTPUT_LUNG_90_5.txt,1,0.629615554,0.570046345,0.569646563,0.570118164,0.569594568,0.570029092
188,INPUT_SKIN10_90_5.txt,OUTPUT_S_90_5.txt,1,5.689262582,NA,NA,NA,NA,NA
189,INPUT_SKIN10_90_5.txt,OUTPUT_SKIN1_90_5.txt,1,0.588864458,0.47158679,0.47158679,0.47158679,0.47158679,0.47158679
190,INPUT_SKIN10_90_5.txt,OUTPUT_SKIN10_90_5.txt,1,-527985.5,-264209,-264209,-264209,-264209,-264209
191,INPUT_SKIN10_90_5.txt,OUTPUT_SKIN11_90_5.txt,1,0.14793474,0.169322479,0.169334082,0.16932037,0.169248953,0.1693376
192,INPUT_SKIN10_90_5.txt,OUTPUT_SKIN12_90_5.txt,1,0.052364355,0.028860664,0.028860664,0.028860664,0.028860664,0.028860664
193,INPUT_SKIN10_90_5.txt,OUTPUT_SKIN2_90_5.txt,1,0.278431015,0.260022291,0.260022291,0.260024694,0.260023492,0.260023492
194,INPUT_SKIN10_90_5.txt,OUTPUT_SKIN3_90_5.txt,1,0.084575488,0.090497085,0.090495079,0.090498693,0.090501101,0.09049708
195,INPUT_SKIN10_90_5.txt,OUTPUT_SKIN4_90_5.txt,1,0.060965123,0.090313181,0.09031141,0.090311086,0.090313505,0.090311086
196,INPUT_SKIN10_90_5.txt,OUTPUT_SKIN5_90_5.txt,1,0.307199125,0.280701236,0.280709077,0.280696205,0.280700988,0.28070909
197,INPUT_SKIN10_90_5.txt,OUTPUT_SKIN6_90_5.txt,1,0.17806699,0.1971201,0.197129056,0.197129056,0.197121687,0.1971201
198,INPUT_SKIN10_90_5.txt,OUTPUT_SKIN7_90_5.txt,1,0.563630894,0.493603484,0.493595278,0.493617475,0.493589689,0.493603612
199,INPUT_SKIN10_90_5.txt,OUTPUT_SKIN8_90_5.txt,1,0.271544384,0.230197949,0.230351146,0.229992089,0.229989468,0.229910009
200,INPUT_SKIN10_90_5.txt,OUTPUT_SKIN9_90_5.txt,1,0.196850965,0.274741875,0.274739537,0.274737,0.274740607,0.274739338
201,INPUT_SKIN11_90_5.txt,OUTPUT_BM1_90_5.txt,1,6.763078988,12.36152582,12.36263023,12.36072049,12.34721591,12.36329943
202,INPUT_SKIN11_90_5.txt,OUTPUT_BM2_90_5.txt,1,11.72765397,11.21680675,11.21961903,11.21639537,11.2065085,11.21934019
203,INPUT_SKIN11_90_5.txt,OUTPUT_GUT_90_5.txt,1,16.27638468,15.14559594,15.1472013,15.14479506,15.12728816,15.1478484
204,INPUT_SKIN11_90_5.txt,OUTPUT_L_90_5.txt,1,11.88762376,11.07175847,11.07302645,11.07119801,11.05998297,11.07266746
205,INPUT_SKIN11_90_5.txt,OUTPUT_LN1_90_5.txt,1,8.46553818,8.350065044,8.355767986,8.35154963,8.353703411,8.351561672
206,INPUT_SKIN11_90_5.txt,OUTPUT_LN2_90_5.txt,1,0.086020369,0.261335898,0.2614029,0.261321766,0.261384759,0.261388757
207,INPUT_SKIN11_90_5.txt,OUTPUT_LUNG_90_5.txt,1,2.281142247,2.364407726,2.363126887,2.364971784,2.363203567,2.364513237
208,INPUT_SKIN11_90_5.txt,OUTPUT_S_90_5.txt,1,13.60260506,NA,NA,NA,NA,NA
209,INPUT_SKIN11_90_5.txt,OUTPUT_SKIN1_90_5.txt,1,2.504934551,2.56861057,2.568552695,2.568628087,2.569211333,2.568525536
210,INPUT_SKIN11_90_5.txt,OUTPUT_SKIN10_90_5.txt,1,0.249730543,0.1711133,0.17110945,0.171114353,0.171151861,0.171107697
211,INPUT_SKIN11_90_5.txt,OUTPUT_SKIN11_90_5.txt,1,-489046.5,-244536.5,-244542,-244535,-244481.5,-244544.5
212,INPUT_SKIN11_90_5.txt,OUTPUT_SKIN12_90_5.txt,1,0.147561669,0.109294847,0.109292401,0.109295513,0.109319315,0.109291289
213,INPUT_SKIN11_90_5.txt,OUTPUT_SKIN2_90_5.txt,1,0.099758284,0.091934573,0.09193251,0.09193594,0.091955629,0.091931973
214,INPUT_SKIN11_90_5.txt,OUTPUT_SKIN3_90_5.txt,1,0.181668725,0.28486279,0.284849446,0.284870125,0.28494043,0.284853506
215,INPUT_SKIN11_90_5.txt,OUTPUT_SKIN4_90_5.txt,1,0.33229983,0.249507577,0.249501034,0.249507138,0.249564212,0.249498507
216,INPUT_SKIN11_90_5.txt,OUTPUT_SKIN5_90_5.txt,1,4.635609694,4.251658816,4.251522885,4.251654433,4.252745834,4.251479251
217,INPUT_SKIN11_90_5.txt,OUTPUT_SKIN6_90_5.txt,1,0.052069257,0.096852319,0.096850992,0.096853764,0.09687496,0.096849151
218,INPUT_SKIN11_90_5.txt,OUTPUT_SKIN7_90_5.txt,1,1.941427007,1.915353413,1.915257896,1.915377478,1.915786801,1.915248016
219,INPUT_SKIN11_90_5.txt,OUTPUT_SKIN8_90_5.txt,1,0.761666356,0.763674854,0.763265916,0.764000888,0.764174522,0.764204325
220,INPUT_SKIN11_90_5.txt,OUTPUT_SKIN9_90_5.txt,1,0.660806942,0.448459501,0.448453475,0.448462346,0.44855913,0.448440717
221,INPUT_SKIN12_90_5.txt,OUTPUT_BM1_90_5.txt,1,5.974380419,4.986747076,4.982430076,4.98176523,4.979788083,4.983208994
222,INPUT_SKIN12_90_5.txt,OUTPUT_BM2_90_5.txt,1,4.587978526,4.215901967,4.220274039,4.215901967,4.217080164,4.218366956
223,INPUT_SKIN12_90_5.txt,OUTPUT_GUT_90_5.txt,1,1.054593411,0.80185767,0.801956804,0.80192028,0.801962022,0.802045508
224,INPUT_SKIN12_90_5.txt,OUTPUT_L_90_5.txt,1,10.48258589,11.56351874,11.56424277,11.56289128,11.565221,11.55782707
225,INPUT_SKIN12_90_5.txt,OUTPUT_LN1_90_5.txt,1,1.480515356,1.569814991,1.570969069,1.57002342,1.570203936,1.570094411
226,INPUT_SKIN12_90_5.txt,OUTPUT_LN2_90_5.txt,1,0.084886292,0.123536282,0.123569655,0.123540484,0.123541411,0.123564462
227,INPUT_SKIN12_90_5.txt,OUTPUT_LUNG_90_5.txt,1,1.147344748,0.939298835,0.938682571,0.939437078,0.938582004,0.939295682
228,INPUT_SKIN12_90_5.txt,OUTPUT_S_90_5.txt,1,13.60610521,NA,NA,NA,NA,NA
229,INPUT_SKIN12_90_5.txt,OUTPUT_SKIN1_90_5.txt,1,0.692386683,0.564385599,0.564385599,0.564385599,0.564385599,0.564385599
230,INPUT_SKIN12_90_5.txt,OUTPUT_SKIN10_90_5.txt,1,0.113746802,0.098853388,0.098853388,0.098853388,0.098853388,0.098853388
231,INPUT_SKIN12_90_5.txt,OUTPUT_SKIN11_90_5.txt,1,0.214725648,0.449201913,0.449237639,0.449196154,0.449005685,0.449247225
232,INPUT_SKIN12_90_5.txt,OUTPUT_SKIN12_90_5.txt,1,-378795,-189740.5,-189740.5,-189740.5,-189740.5,-189740.5
233,INPUT_SKIN12_90_5.txt,OUTPUT_SKIN2_90_5.txt,1,0.160645074,0.118300915,0.118300915,0.11830195,0.118301433,0.118301433
234,INPUT_SKIN12_90_5.txt,OUTPUT_SKIN3_90_5.txt,1,0.097579867,0.082327828,0.082326021,0.082329273,0.082331441,0.082327828
235,INPUT_SKIN12_90_5.txt,OUTPUT_SKIN4_90_5.txt,1,0.091399832,0.140190983,0.140179807,0.140179288,0.140191501,0.140180484
236,INPUT_SKIN12_90_5.txt,OUTPUT_SKIN5_90_5.txt,1,0.998335459,0.822762718,0.82280448,0.822743405,0.822752326,0.822804666
237,INPUT_SKIN12_90_5.txt,OUTPUT_SKIN6_90_5.txt,1,0.118528528,0.077652974,0.077654212,0.077654212,0.077653588,0.077652974
238,INPUT_SKIN12_90_5.txt,OUTPUT_SKIN7_90_5.txt,1,0.787049703,0.821920509,0.821904549,0.821931084,0.821901385,0.821908473
239,INPUT_SKIN12_90_5.txt,OUTPUT_SKIN8_90_5.txt,1,0.473830768,0.440150811,0.440470586,0.439741079,0.439737459,0.439569861
240,INPUT_SKIN12_90_5.txt,OUTPUT_SKIN9_90_5.txt,1,0.507581652,0.421847884,0.421845949,0.421842126,0.421845973,0.421844061
241,INPUT_SKIN2_90_5.txt,OUTPUT_BM1_90_5.txt,1,2.99517901,3.186547326,3.183838303,3.183406761,3.182173143,3.184319967
242,INPUT_SKIN2_90_5.txt,OUTPUT_BM2_90_5.txt,1,4.64008034,3.989942337,3.993634219,3.989924296,3.990928297,3.992014914
243,INPUT_SKIN2_90_5.txt,OUTPUT_GUT_90_5.txt,1,0.819440935,0.616566655,0.616642237,0.616611685,0.616644862,0.616708513
244,INPUT_SKIN2_90_5.txt,OUTPUT_L_90_5.txt,1,8.969473295,7.312509075,7.312946504,7.312096508,7.313520516,7.309054442
245,INPUT_SKIN2_90_5.txt,OUTPUT_LN1_90_5.txt,1,0.936650208,1.142377814,1.143225245,1.142565434,1.142662375,1.142620129
246,INPUT_SKIN2_90_5.txt,OUTPUT_LN2_90_5.txt,1,0.065061728,0.102735058,0.102763421,0.102738485,0.102739543,0.102758957
247,INPUT_SKIN2_90_5.txt,OUTPUT_LUNG_90_5.txt,1,0.76478259,0.764630656,0.764139787,0.764755419,0.763987055,0.764653409
248,INPUT_SKIN2_90_5.txt,OUTPUT_S_90_5.txt,1,10.27223381,NA,NA,NA,NA,NA
249,INPUT_SKIN2_90_5.txt,OUTPUT_SKIN1_90_5.txt,1,1.063830034,0.983767865,0.983767865,0.983763755,0.98376581,0.98376581
250,INPUT_SKIN2_90_5.txt,OUTPUT_SKIN10_90_5.txt,1,0.048646702,0.08094223,0.08094223,0.080941876,0.080942053,0.080942053
251,INPUT_SKIN2_90_5.txt,OUTPUT_SKIN11_90_5.txt,1,0.172387401,0.119427805,0.119436535,0.119425782,0.119375777,0.119438774
252,INPUT_SKIN2_90_5.txt,OUTPUT_SKIN12_90_5.txt,1,0.018779401,0.015240126,0.015240126,0.015240059,0.015240092,0.015240092
253,INPUT_SKIN2_90_5.txt,OUTPUT_SKIN2_90_5.txt,1,-456519,-228628.5,-228628.5,-228629.5,-228629,-228629
254,INPUT_SKIN2_90_5.txt,OUTPUT_SKIN3_90_5.txt,1,0.090086955,0.111514414,0.111511971,0.111515881,0.111519057,0.111514167
255,INPUT_SKIN2_90_5.txt,OUTPUT_SKIN4_90_5.txt,1,0.125144868,0.102452155,0.102449702,0.102448885,0.102452299,0.102449485
256,INPUT_SKIN2_90_5.txt,OUTPUT_SKIN5_90_5.txt,1,0.741961798,0.550888656,0.550912202,0.550874407,0.550882798,0.550911098
257,INPUT_SKIN2_90_5.txt,OUTPUT_SKIN6_90_5.txt,1,0.170656164,0.111596439,0.111598211,0.111597723,0.111597078,0.111596195
258,INPUT_SKIN2_90_5.txt,OUTPUT_SKIN7_90_5.txt,1,0.699133161,0.658126769,0.658108779,0.658111899,0.658124251,0.658100818
259,INPUT_SKIN2_90_5.txt,OUTPUT_SKIN8_90_5.txt,1,0.243098747,0.257623271,0.257736211,0.257463774,0.257463128,0.25740531
260,INPUT_SKIN2_90_5.txt,OUTPUT_SKIN9_90_5.txt,1,0.497761521,0.329896899,0.329888208,0.329883749,0.329894669,0.329893145
261,INPUT_SKIN3_90_5.txt,OUTPUT_BM1_90_5.txt,1,3.878446928,4.77368624,4.770178485,4.769645212,4.768067715,4.770895979
262,INPUT_SKIN3_90_5.txt,OUTPUT_BM2_90_5.txt,1,5.270143968,6.481676228,6.486215501,6.481647314,6.482944441,6.484387377
263,INPUT_SKIN3_90_5.txt,OUTPUT_GUT_90_5.txt,1,22.35678627,19.18861949,19.18740928,19.1884141,19.1890583,19.18879898
264,INPUT_SKIN3_90_5.txt,OUTPUT_L_90_5.txt,1,13.17193376,12.40170404,12.40145098,12.40152125,12.40253821,12.40063233
265,INPUT_SKIN3_90_5.txt,OUTPUT_LN1_90_5.txt,1,0.953665047,0.961547108,0.962255272,0.961661785,0.961761133,0.961706215
266,INPUT_SKIN3_90_5.txt,OUTPUT_LN2_90_5.txt,1,0.135322251,0.233036812,0.233100486,0.233040242,0.233042732,0.233088418
267,INPUT_SKIN3_90_5.txt,OUTPUT_LUNG_90_5.txt,1,0.526156505,0.645492843,0.644711388,0.645096592,0.645044467,0.645505004
268,INPUT_SKIN3_90_5.txt,OUTPUT_S_90_5.txt,1,10.47314073,NA,NA,NA,NA,NA
269,INPUT_SKIN3_90_5.txt,OUTPUT_SKIN1_90_5.txt,1,0.201164469,0.307436275,0.307439454,0.307433756,0.307429951,0.307436222
270,INPUT_SKIN3_90_5.txt,OUTPUT_SKIN10_90_5.txt,1,0.048386107,0.052571131,0.052571678,0.052570701,0.052570048,0.052571125
271,INPUT_SKIN3_90_5.txt,OUTPUT_SKIN11_90_5.txt,1,0.214670588,0.212948967,0.21296762,0.212944428,0.212848468,0.212970027
272,INPUT_SKIN3_90_5.txt,OUTPUT_SKIN12_90_5.txt,1,0.007171298,0.475010462,0.475015308,0.475006645,0.475000849,0.475010398
273,INPUT_SKIN3_90_5.txt,OUTPUT_SKIN2_90_5.txt,1,0.073986404,0.080856399,0.080857237,0.080856439,0.080855083,0.080856746
274,INPUT_SKIN3_90_5.txt,OUTPUT_SKIN3_90_5.txt,1,-481715,-241414.5,-241412,-241416.5,-241419.5,-241414.5
275,INPUT_SKIN3_90_5.txt,OUTPUT_SKIN4_90_5.txt,1,0.24428578,0.154698672,0.154700831,0.154697407,0.154696045,0.154698657
276,INPUT_SKIN3_90_5.txt,OUTPUT_SKIN5_90_5.txt,1,0.587153785,0.48652969,0.48653027,0.486521686,0.486528277,0.486525199
277,INPUT_SKIN3_90_5.txt,OUTPUT_SKIN6_90_5.txt,1,0.065319112,0.096899474,0.096903193,0.096901396,0.096898244,0.096899461
278,INPUT_SKIN3_90_5.txt,OUTPUT_SKIN7_90_5.txt,1,0.873421713,0.777225682,0.777177333,0.777197604,0.777179451,0.777181715
279,INPUT_SKIN3_90_5.txt,OUTPUT_SKIN8_90_5.txt,1,0.262647858,0.513566935,0.513384422,0.513830535,0.513819802,0.513985842
280,INPUT_SKIN3_90_5.txt,OUTPUT_SKIN9_90_5.txt,1,0.135645651,0.719398086,0.719371565,0.719352424,0.719380616,0.719391481
281,INPUT_SKIN4_90_5.txt,OUTPUT_BM1_90_5.txt,1,2.916413816,3.281235871,3.278374925,3.277927112,3.276612449,3.278893513
282,INPUT_SKIN4_90_5.txt,OUTPUT_BM2_90_5.txt,1,4.14819895,4.668900596,4.673165502,4.66890089,4.67005036,4.671304975
283,INPUT_SKIN4_90_5.txt,OUTPUT_GUT_90_5.txt,1,16.34936951,14.39709708,14.3975644,14.39735876,14.39758309,14.39787484
284,INPUT_SKIN4_90_5.txt,OUTPUT_L_90_5.txt,1,10.85770142,10.34487765,10.34537172,10.34450423,10.34597619,10.34136595
285,INPUT_SKIN4_90_5.txt,OUTPUT_LN1_90_5.txt,1,0.371852052,0.387938469,0.388308853,0.388026081,0.388068471,0.388045762
286,INPUT_SKIN4_90_5.txt,OUTPUT_LN2_90_5.txt,1,0.061410092,0.071253513,0.071252052,0.07125151,0.071252714,0.071252515
287,INPUT_SKIN4_90_5.txt,OUTPUT_LUNG_90_5.txt,1,0.438960368,0.499819286,0.499820108,0.499888752,0.499733587,0.499780067
288,INPUT_SKIN4_90_5.txt,OUTPUT_S_90_5.txt,1,10.24841219,NA,NA,NA,NA,NA
289,INPUT_SKIN4_90_5.txt,OUTPUT_SKIN1_90_5.txt,1,0.210941717,0.205338543,0.205338169,0.20533854,0.205338172,0.205338541
290,INPUT_SKIN4_90_5.txt,OUTPUT_SKIN10_90_5.txt,1,0.047918748,0.04560816,0.045608077,0.045608159,0.045608078,0.04560816
291,INPUT_SKIN4_90_5.txt,OUTPUT_SKIN11_90_5.txt,1,0.061932313,0.074680935,0.074686136,0.074679576,0.074644691,0.074687969
292,INPUT_SKIN4_90_5.txt,OUTPUT_SKIN12_90_5.txt,1,0.011258352,0.00989878,0.009898762,0.00989878,0.009898762,0.00989878
293,INPUT_SKIN4_90_5.txt,OUTPUT_SKIN2_90_5.txt,1,0.017473724,0.029737557,0.029737504,0.029737557,0.029737504,0.029737557
294,INPUT_SKIN4_90_5.txt,OUTPUT_SKIN3_90_5.txt,1,0.085804355,0.107054111,0.107051583,0.107055984,0.107058594,0.107054109
295,INPUT_SKIN4_90_5.txt,OUTPUT_SKIN4_90_5.txt,1,-554981.5,-277860.5,-277861,-277860.5,-277861,-277860.5
296,INPUT_SKIN4_90_5.txt,OUTPUT_SKIN5_90_5.txt,1,0.503103994,0.443526783,0.443523881,0.443524441,0.443537282,0.443522451
297,INPUT_SKIN4_90_5.txt,OUTPUT_SKIN6_90_5.txt,1,0.164502191,0.166241027,0.166248243,0.166248543,0.166242158,0.166241026
298,INPUT_SKIN4_90_5.txt,OUTPUT_SKIN7_90_5.txt,1,0.608324039,0.517801444,0.517785391,0.517795442,0.517793427,0.517778547
299,INPUT_SKIN4_90_5.txt,OUTPUT_SKIN8_90_5.txt,1,0.253995852,0.251329011,0.251223523,0.251474407,0.251471564,0.251547941
300,INPUT_SKIN4_90_5.txt,OUTPUT_SKIN9_90_5.txt,1,0.104364362,0.667282465,0.66717955,0.667180768,0.667281246,0.667282438
301,INPUT_SKIN5_90_5.txt,OUTPUT_BM1_90_5.txt,1,3.515414265,2.916831907,2.915746986,2.915583774,2.915043098,2.915997656
302,INPUT_SKIN5_90_5.txt,OUTPUT_BM2_90_5.txt,1,4.108971271,3.130518613,3.131748536,3.130533075,3.130818614,3.131277152
303,INPUT_SKIN5_90_5.txt,OUTPUT_GUT_90_5.txt,1,6.81035723,5.737398112,5.737259347,5.737354822,5.737229159,5.737324396
304,INPUT_SKIN5_90_5.txt,OUTPUT_L_90_5.txt,1,4.379310473,4.007510064,4.007552781,4.007494154,4.007545713,4.007368575
305,INPUT_SKIN5_90_5.txt,OUTPUT_LN1_90_5.txt,1,2.354937512,3.074304393,3.076612237,3.074939949,3.075080736,3.075092344
306,INPUT_SKIN5_90_5.txt,OUTPUT_LN2_90_5.txt,1,0.085806634,0.148379002,0.148419883,0.148383208,0.148384765,0.148413541
307,INPUT_SKIN5_90_5.txt,OUTPUT_LUNG_90_5.txt,1,1.198581953,1.063186311,1.062545489,1.063448582,1.062263944,1.06329391
308,INPUT_SKIN5_90_5.txt,OUTPUT_S_90_5.txt,1,4.874216566,NA,NA,NA,NA,NA
309,INPUT_SKIN5_90_5.txt,OUTPUT_SKIN1_90_5.txt,1,0.46055861,0.43044451,0.430446412,0.430446399,0.430440695,0.430446428
310,INPUT_SKIN5_90_5.txt,OUTPUT_SKIN10_90_5.txt,1,0.161772602,0.139885147,0.139885762,0.139885763,0.139883914,0.139885764
311,INPUT_SKIN5_90_5.txt,OUTPUT_SKIN11_90_5.txt,1,0.241370324,0.229165561,0.229177117,0.229163705,0.229058167,0.22918192
312,INPUT_SKIN5_90_5.txt,OUTPUT_SKIN12_90_5.txt,1,0.015250884,0.014136308,0.01413637,0.01413637,0.014136183,0.01413637
313,INPUT_SKIN5_90_5.txt,OUTPUT_SKIN2_90_5.txt,1,0.125075174,0.085023319,0.085023692,0.085024438,0.085022943,0.085024068
314,INPUT_SKIN5_90_5.txt,OUTPUT_SKIN3_90_5.txt,1,0.080440828,0.089132801,0.089131261,0.089134741,0.08913588,0.089133186
315,INPUT_SKIN5_90_5.txt,OUTPUT_SKIN4_90_5.txt,1,0.165465577,0.101543979,0.101536711,0.101536348,0.101543449,0.101536628
316,INPUT_SKIN5_90_5.txt,OUTPUT_SKIN5_90_5.txt,1,-453999,-227576.5,-227575.5,-227575.5,-227578.5,-227575.5
317,INPUT_SKIN5_90_5.txt,OUTPUT_SKIN6_90_5.txt,1,0.177169645,0.20104487,0.201047578,0.201047573,0.201044689,0.201045765
318,INPUT_SKIN5_90_5.txt,OUTPUT_SKIN7_90_5.txt,1,1.351275191,1.453904129,1.453868694,1.453877844,1.453868977,1.453836114
319,INPUT_SKIN5_90_5.txt,OUTPUT_SKIN8_90_5.txt,1,0.495676796,0.451512606,0.451316439,0.451757402,0.451747546,0.451857047
320,INPUT_SKIN5_90_5.txt,OUTPUT_SKIN9_90_5.txt,1,0.223044058,5.849647495,5.849723919,5.849671076,5.849566943,5.849621812
321,INPUT_SKIN6_90_5.txt,OUTPUT_BM1_90_5.txt,1,3.072382351,3.255711118,3.253235944,3.252857524,3.251730326,3.253693373
322,INPUT_SKIN6_90_5.txt,OUTPUT_BM2_90_5.txt,1,3.506071018,3.415763602,3.418690088,3.415749577,3.416542352,3.417421612
323,INPUT_SKIN6_90_5.txt,OUTPUT_GUT_90_5.txt,1,0.48586808,0.472530503,0.472586345,0.472565078,0.472589388,0.472639877
324,INPUT_SKIN6_90_5.txt,OUTPUT_L_90_5.txt,1,6.47326851,6.261129729,6.261404965,6.260839173,6.261815317,6.258745025
325,INPUT_SKIN6_90_5.txt,OUTPUT_LN1_90_5.txt,1,0.865992646,0.922940677,0.92363016,0.923129677,0.92317713,0.923177107
326,INPUT_SKIN6_90_5.txt,OUTPUT_LN2_90_5.txt,1,0.062575449,0.076581858,0.076601828,0.076584262,0.076584933,0.076599091
327,INPUT_SKIN6_90_5.txt,OUTPUT_LUNG_90_5.txt,1,0.79183846,0.819588195,0.819112606,0.819751427,0.818949601,0.819636483
328,INPUT_SKIN6_90_5.txt,OUTPUT_S_90_5.txt,1,7.234610925,NA,NA,NA,NA,NA
329,INPUT_SKIN6_90_5.txt,OUTPUT_SKIN1_90_5.txt,1,0.431137011,0.565293577,0.565291333,0.565291333,0.565291327,0.565293577
330,INPUT_SKIN6_90_5.txt,OUTPUT_SKIN10_90_5.txt,1,0.042362003,0.061565108,0.061564864,0.061564864,0.061564864,0.061565108
331,INPUT_SKIN6_90_5.txt,OUTPUT_SKIN11_90_5.txt,1,0.105047211,0.137970615,0.137980574,0.137968337,0.137910755,0.137984007
332,INPUT_SKIN6_90_5.txt,OUTPUT_SKIN12_90_5.txt,1,0.02644978,0.05514858,0.055148361,0.055148361,0.055148361,0.05514858
333,INPUT_SKIN6_90_5.txt,OUTPUT_SKIN2_90_5.txt,1,0.106773037,0.114078184,0.114077733,0.11407873,0.114078231,0.114078683
334,INPUT_SKIN6_90_5.txt,OUTPUT_SKIN3_90_5.txt,1,0.080980281,0.110942819,0.110939978,0.110944303,0.110947186,0.110942815
335,INPUT_SKIN6_90_5.txt,OUTPUT_SKIN4_90_5.txt,1,0.111486853,0.097686345,0.097684165,0.097683813,0.097686309,0.0976842
336,INPUT_SKIN6_90_5.txt,OUTPUT_SKIN5_90_5.txt,1,0.429872562,0.347015482,0.347025775,0.34700739,0.347012847,0.347027149
337,INPUT_SKIN6_90_5.txt,OUTPUT_SKIN6_90_5.txt,1,-504110,-252584,-252585,-252585,-252585,-252584
338,INPUT_SKIN6_90_5.txt,OUTPUT_SKIN7_90_5.txt,1,0.726250303,0.687803919,0.687781825,0.687797699,0.687794835,0.687781021
339,INPUT_SKIN6_90_5.txt,OUTPUT_SKIN8_90_5.txt,1,0.334506777,0.327096397,0.327438507,0.326678632,0.326674897,0.326490075
340,INPUT_SKIN6_90_5.txt,OUTPUT_SKIN9_90_5.txt,1,0.184360558,0.280146233,0.280139668,0.280137101,0.280143839,0.280143666
341,INPUT_SKIN7_90_5.txt,OUTPUT_BM1_90_5.txt,1,4.244144486,3.652671982,3.651643846,3.651211323,3.650638708,3.651780016
342,INPUT_SKIN7_90_5.txt,OUTPUT_BM2_90_5.txt,1,7.171450421,6.287909458,6.287636469,6.288018736,6.287788041,6.287801268
343,INPUT_SKIN7_90_5.txt,OUTPUT_GUT_90_5.txt,1,7.89643666,6.926482807,6.92712162,6.926508113,6.926488708,6.926699365
344,INPUT_SKIN7_90_5.txt,OUTPUT_L_90_5.txt,1,5.718612652,5.518095143,5.518674484,5.51820809,5.518130786,5.518744
345,INPUT_SKIN7_90_5.txt,OUTPUT_LN1_90_5.txt,1,4.231037391,1.879276951,1.88071144,1.879658389,1.879766446,1.879773379
346,INPUT_SKIN7_90_5.txt,OUTPUT_LN2_90_5.txt,1,0.065205824,0.111814,0.111844361,0.111797432,0.111800572,0.111839503
347,INPUT_SKIN7_90_5.txt,OUTPUT_LUNG_90_5.txt,1,2.227078049,2.79895786,2.796993191,2.799128998,2.79668767,2.798774892
348,INPUT_SKIN7_90_5.txt,OUTPUT_S_90_5.txt,1,6.363664742,NA,NA,NA,NA,NA
349,INPUT_SKIN7_90_5.txt,OUTPUT_SKIN1_90_5.txt,1,0.604004257,0.529945819,0.529953382,0.52994545,0.529947785,0.529952909
350,INPUT_SKIN7_90_5.txt,OUTPUT_SKIN10_90_5.txt,1,0.255659188,0.090618473,0.090619752,0.090618274,0.090618748,0.090619548
351,INPUT_SKIN7_90_5.txt,OUTPUT_SKIN11_90_5.txt,1,0.147894986,0.161746769,0.161756533,0.161744289,0.161672593,0.161759465
352,INPUT_SKIN7_90_5.txt,OUTPUT_SKIN12_90_5.txt,1,0.076283016,0.077775174,0.077776279,0.077774958,0.077775395,0.077776056
353,INPUT_SKIN7_90_5.txt,OUTPUT_SKIN2_90_5.txt,1,0.16183953,0.178316533,0.178319087,0.178317608,0.178317833,0.178319349
354,INPUT_SKIN7_90_5.txt,OUTPUT_SKIN3_90_5.txt,1,0.16995624,0.182683947,0.182682626,0.182686614,0.182692346,0.182686015
355,INPUT_SKIN7_90_5.txt,OUTPUT_SKIN4_90_5.txt,1,0.078629698,0.139613868,0.13961634,0.139613466,0.139614765,0.139615441
356,INPUT_SKIN7_90_5.txt,OUTPUT_SKIN5_90_5.txt,1,215.9378892,190.7830511,190.7774145,190.780166,190.779863,190.7776108
357,INPUT_SKIN7_90_5.txt,OUTPUT_SKIN6_90_5.txt,1,0.056318205,27.96174655,27.96331032,27.96266952,27.96201651,27.96206942
358,INPUT_SKIN7_90_5.txt,OUTPUT_SKIN7_90_5.txt,1,-710118,-356192.5,-356187.5,-356193.5,-356191.5,-356188.5
359,INPUT_SKIN7_90_5.txt,OUTPUT_SKIN8_90_5.txt,1,0.901534031,2.158589682,2.158409886,2.159850155,2.159427303,2.161258336
360,INPUT_SKIN7_90_5.txt,OUTPUT_SKIN9_90_5.txt,1,0.574786354,0.562042591,0.562055547,0.562040971,0.562041584,0.562043726
361,INPUT_SKIN8_90_5.txt,OUTPUT_BM1_90_5.txt,1,10.26956481,10.20209045,10.20532509,10.20077132,10.20127387,10.19934092
362,INPUT_SKIN8_90_5.txt,OUTPUT_BM2_90_5.txt,1,10.59986301,10.52740445,10.527779,10.52453678,10.52399759,10.52256327
363,INPUT_SKIN8_90_5.txt,OUTPUT_GUT_90_5.txt,1,11.82185865,11.75516354,11.75636142,11.75283901,11.75263739,11.75182905
364,INPUT_SKIN8_90_5.txt,OUTPUT_L_90_5.txt,1,9.401080083,9.343122407,9.344866188,9.340653841,9.340347265,9.340297798
365,INPUT_SKIN8_90_5.txt,OUTPUT_LN1_90_5.txt,1,84.36813918,84.21536906,84.27188052,84.16298129,84.16237563,84.14118987
366,INPUT_SKIN8_90_5.txt,OUTPUT_LN2_90_5.txt,1,45.96864016,45.96400621,45.98598729,45.95701443,45.95754139,45.9656927
367,INPUT_SKIN8_90_5.txt,OUTPUT_LUNG_90_5.txt,1,282.2037121,279.0124133,279.4155686,278.8148717,278.9386212,278.6970579
368,INPUT_SKIN8_90_5.txt,OUTPUT_S_90_5.txt,1,9.464994542,NA,NA,NA,NA,NA
369,INPUT_SKIN8_90_5.txt,OUTPUT_SKIN1_90_5.txt,1,54.36344574,54.6262047,54.64461104,54.60363815,54.60292942,54.59416008
370,INPUT_SKIN8_90_5.txt,OUTPUT_SKIN10_90_5.txt,1,37.69797335,37.3617404,37.37273518,37.34854655,37.34794948,37.34274214
371,INPUT_SKIN8_90_5.txt,OUTPUT_SKIN11_90_5.txt,1,94.72965549,92.53509861,92.60592858,92.49228098,92.52828012,92.4684193
372,INPUT_SKIN8_90_5.txt,OUTPUT_SKIN12_90_5.txt,1,18.58649007,19.09294428,19.0976232,19.08710716,19.08693467,19.0847343
373,INPUT_SKIN8_90_5.txt,OUTPUT_SKIN2_90_5.txt,1,56.74742633,55.68888364,55.70743106,55.66645375,55.66535433,55.65664001
374,INPUT_SKIN8_90_5.txt,OUTPUT_SKIN3_90_5.txt,1,39.87296413,39.41573889,39.42323721,39.40638846,39.40648846,39.40125332
375,INPUT_SKIN8_90_5.txt,OUTPUT_SKIN4_90_5.txt,1,16.78593574,16.89065016,16.89458565,16.88545759,16.88550397,16.88339776
376,INPUT_SKIN8_90_5.txt,OUTPUT_SKIN5_90_5.txt,1,114.8731598,114.3139123,114.3497387,114.2656983,114.2623502,114.241216
377,INPUT_SKIN8_90_5.txt,OUTPUT_SKIN6_90_5.txt,1,41.73001339,41.70051208,41.71361662,41.68583187,41.68506394,41.67880827
378,INPUT_SKIN8_90_5.txt,OUTPUT_SKIN7_90_5.txt,1,268.6682053,267.7659332,267.9681027,267.5693863,267.5591884,267.4908622
379,INPUT_SKIN8_90_5.txt,OUTPUT_SKIN8_90_5.txt,1,-981716.5,-493415.5,-493314.5,-493539.5,-493543,-493591
380,INPUT_SKIN8_90_5.txt,OUTPUT_SKIN9_90_5.txt,1,81.64970781,81.44541486,81.47300294,81.41216887,81.41054458,81.39776635
381,INPUT_SKIN9_90_5.txt,OUTPUT_BM1_90_5.txt,1,2.909255825,3.010314636,3.00940087,3.009281072,3.008877182,3.009590264
382,INPUT_SKIN9_90_5.txt,OUTPUT_BM2_90_5.txt,1,3.598291753,3.136661767,3.137655052,3.136661955,3.13694075,3.137244642
383,INPUT_SKIN9_90_5.txt,OUTPUT_GUT_90_5.txt,1,6.139881912,5.305510039,5.305370684,5.305437801,5.30540143,5.305317031
384,INPUT_SKIN9_90_5.txt,OUTPUT_L_90_5.txt,1,4.694515355,4.101066338,4.101028685,4.101069245,4.101041237,4.101168699
385,INPUT_SKIN9_90_5.txt,OUTPUT_LN1_90_5.txt,1,0.684634297,1.016871415,1.017630737,1.017084075,1.017139051,1.017137412
386,INPUT_SKIN9_90_5.txt,OUTPUT_LN2_90_5.txt,1,0.100595104,0.106076711,0.106104643,0.106079214,0.10608194,0.106101128
387,INPUT_SKIN9_90_5.txt,OUTPUT_LUNG_90_5.txt,1,0.818445872,1.068723085,1.068133637,1.06899054,1.067885956,1.068841003
388,INPUT_SKIN9_90_5.txt,OUTPUT_S_90_5.txt,1,4.390929912,NA,NA,NA,NA,NA
389,INPUT_SKIN9_90_5.txt,OUTPUT_SKIN1_90_5.txt,1,0.658514195,0.457288468,0.457286364,0.457288462,0.457289517,0.457290566
390,INPUT_SKIN9_90_5.txt,OUTPUT_SKIN10_90_5.txt,1,0.083710962,0.070365515,0.070365192,0.070365515,0.070365676,0.070365838
391,INPUT_SKIN9_90_5.txt,OUTPUT_SKIN11_90_5.txt,1,0.145302713,0.151785885,0.1517921,0.151784006,0.151717153,0.151796633
392,INPUT_SKIN9_90_5.txt,OUTPUT_SKIN12_90_5.txt,1,0.097036705,0.094965904,0.094965468,0.094965904,0.094966122,0.094966339
393,INPUT_SKIN9_90_5.txt,OUTPUT_SKIN2_90_5.txt,1,0.02998838,0.772927928,0.772924353,0.77293511,0.772933306,0.772935093
394,INPUT_SKIN9_90_5.txt,OUTPUT_SKIN3_90_5.txt,1,0.073127255,0.06228096,0.062279302,0.06228206,0.062283851,0.062281241
395,INPUT_SKIN9_90_5.txt,OUTPUT_SKIN4_90_5.txt,1,0.084555138,0.363588275,0.363579021,0.363579305,0.363590508,0.363588529
396,INPUT_SKIN9_90_5.txt,OUTPUT_SKIN5_90_5.txt,1,0.44932842,0.414320185,0.414314639,0.41431654,0.414328406,0.414318455
397,INPUT_SKIN9_90_5.txt,OUTPUT_SKIN6_90_5.txt,1,0.056938486,0.083529303,0.083529594,0.083529977,0.083530167,0.083529686
398,INPUT_SKIN9_90_5.txt,OUTPUT_SKIN7_90_5.txt,1,1.034660655,0.901274221,0.90124447,0.901238751,0.90125764,0.901217377
399,INPUT_SKIN9_90_5.txt,OUTPUT_SKIN8_90_5.txt,1,0.488922273,0.581324462,0.581081371,0.581639733,0.581636137,0.581771844
400,INPUT_SKIN9_90_5.txt,OUTPUT_SKIN9_90_5.txt,1,-435753,-218315,-218316,-218315,-218314.5,-218314
401,INPUT_BM1_90_5.txt,OUTPUT_BM1_90_5.txt,2,-951201,-476489,-476549,-476480.5,-476733.5,-476541
402,INPUT_BM1_90_5.txt,OUTPUT_BM2_90_5.txt,2,129.8298093,144.0911586,144.0701481,144.0511432,144.0241003,144.0560609
403,INPUT_BM1_90_5.txt,OUTPUT_GUT_90_5.txt,2,NA,NA,NA,NA,NA,NA
404,INPUT_BM1_90_5.txt,OUTPUT_L_90_5.txt,2,24.0608955,13.58321985,13.57994124,13.58135096,13.56840071,13.58184097
405,INPUT_BM1_90_5.txt,OUTPUT_LN1_90_5.txt,2,0.045663873,0.039355315,0.039339987,0.039345425,0.03933775,0.039344465
406,INPUT_BM1_90_5.txt,OUTPUT_LN2_90_5.txt,2,0.070900764,0.065857193,0.065848634,0.06585725,0.065822537,0.065849754
407,INPUT_BM1_90_5.txt,OUTPUT_LUNG_90_5.txt,2,0.081307395,0.142326684,0.142271409,0.14225259,0.142210533,0.14230986
408,INPUT_BM1_90_5.txt,OUTPUT_S_90_5.txt,2,34.44193136,22.01046702,22.00916513,22.04298116,22.00329759,22.02870404
409,INPUT_BM1_90_5.txt,OUTPUT_SKIN1_90_5.txt,2,0.030661354,0.047247851,0.047241908,0.047248691,0.04722359,0.047242703
410,INPUT_BM1_90_5.txt,OUTPUT_SKIN10_90_5.txt,2,0.12935261,0.064951972,0.064909725,0.064942012,0.064914008,0.064946387
411,INPUT_BM1_90_5.txt,OUTPUT_SKIN11_90_5.txt,2,0.082507006,0.17020016,0.170267852,0.170211545,0.170191219,0.170221373
412,INPUT_BM1_90_5.txt,OUTPUT_SKIN12_90_5.txt,2,0.152626658,0.116175533,0.116160592,0.116181405,0.116118319,0.116166295
413,INPUT_BM1_90_5.txt,OUTPUT_SKIN2_90_5.txt,2,0.009846031,0.006808633,0.006807776,0.006808754,0.00680514,0.00680789
414,INPUT_BM1_90_5.txt,OUTPUT_SKIN3_90_5.txt,2,0.026777978,0.087199442,0.087189001,0.087200425,0.087154057,0.087189959
415,INPUT_BM1_90_5.txt,OUTPUT_SKIN4_90_5.txt,2,0.112330875,0.108486681,0.1085166,0.108492595,0.108455715,0.108531077
416,INPUT_BM1_90_5.txt,OUTPUT_SKIN5_90_5.txt,2,0.130827381,0.11250302,0.112476884,0.11250068,0.112433536,0.112488871
417,INPUT_BM1_90_5.txt,OUTPUT_SKIN6_90_5.txt,2,1.074709047,0.868239333,0.868130319,0.868253104,0.867784413,0.868145234
418,INPUT_BM1_90_5.txt,OUTPUT_SKIN7_90_5.txt,2,0.111940794,0.10190819,0.101950232,0.10196388,0.101860024,0.101951143
419,INPUT_BM1_90_5.txt,OUTPUT_SKIN8_90_5.txt,2,0.072489359,0.056335513,0.056328434,0.056336508,0.056305593,0.056329382
420,INPUT_BM1_90_5.txt,OUTPUT_SKIN9_90_5.txt,2,0.093931793,0.069689697,0.069681968,0.069684696,0.069657612,0.069672895
421,INPUT_BM2_90_5.txt,OUTPUT_BM1_90_5.txt,2,955.6192163,815.2422402,815.7544276,815.5549018,816.8194454,815.8160954
422,INPUT_BM2_90_5.txt,OUTPUT_BM2_90_5.txt,2,-673829,-337934,-337904,-337877.5,-337899.5,-337883
423,INPUT_BM2_90_5.txt,OUTPUT_GUT_90_5.txt,2,NA,NA,NA,NA,NA,NA
424,INPUT_BM2_90_5.txt,OUTPUT_L_90_5.txt,2,168.9911648,117.6227915,117.6198715,117.6255492,117.5642398,117.6428374
425,INPUT_BM2_90_5.txt,OUTPUT_LN1_90_5.txt,2,0.059663888,0.065773221,0.065763087,0.065768037,0.065783968,0.0657731
426,INPUT_BM2_90_5.txt,OUTPUT_LN2_90_5.txt,2,0.151290185,0.147368307,0.147381341,0.147392032,0.147383017,0.147391014
427,INPUT_BM2_90_5.txt,OUTPUT_LUNG_90_5.txt,2,0.603704263,0.429964034,0.429889347,0.429804362,0.42987756,0.430025146
428,INPUT_BM2_90_5.txt,OUTPUT_S_90_5.txt,2,325.5159912,205.944962,205.9731622,206.2595794,205.9949087,206.1545704
429,INPUT_BM2_90_5.txt,OUTPUT_SKIN1_90_5.txt,2,0.008886661,0.002279314,0.002279517,0.002279696,0.002279547,0.002279659
430,INPUT_BM2_90_5.txt,OUTPUT_SKIN10_90_5.txt,2,0.397072533,0.367960704,0.367815796,0.367988032,0.367967623,0.368018799
431,INPUT_BM2_90_5.txt,OUTPUT_SKIN11_90_5.txt,2,0.12968726,0.337940718,0.338170077,0.337818661,0.337934258,0.337886907
432,INPUT_BM2_90_5.txt,OUTPUT_SKIN12_90_5.txt,2,0.329477297,0.30935693,0.309383811,0.309419895,0.309395674,0.309412637
433,INPUT_BM2_90_5.txt,OUTPUT_SKIN2_90_5.txt,2,0.05690901,0.053836269,0.053841058,0.053845289,0.053841777,0.053844411
434,INPUT_BM2_90_5.txt,OUTPUT_SKIN3_90_5.txt,2,0.054556641,0.244437718,0.244460863,0.244477686,0.244461632,0.24447493
435,INPUT_BM2_90_5.txt,OUTPUT_SKIN4_90_5.txt,2,0.265802972,0.155918436,0.155993128,0.155950364,0.155969244,0.156020539
436,INPUT_BM2_90_5.txt,OUTPUT_SKIN5_90_5.txt,2,0.288823218,0.268000747,0.268011187,0.268039438,0.268016498,0.268023636
437,INPUT_BM2_90_5.txt,OUTPUT_SKIN6_90_5.txt,2,0.780790757,0.667726516,0.667786781,0.667840023,0.667795821,0.667828972
438,INPUT_BM2_90_5.txt,OUTPUT_SKIN7_90_5.txt,2,0.189347538,0.152008903,0.152099808,0.152110317,0.152030462,0.152108338
439,INPUT_BM2_90_5.txt,OUTPUT_SKIN8_90_5.txt,2,0.319782544,0.291936464,0.291962655,0.291985795,0.291954144,0.291980992
440,INPUT_BM2_90_5.txt,OUTPUT_SKIN9_90_5.txt,2,0.267889986,0.237829362,0.237853856,0.237848691,0.237865904,0.237835308
441,INPUT_GUT_90_5.txt,OUTPUT_BM1_90_5.txt,2,NA,NA,NA,NA,NA,NA
442,INPUT_GUT_90_5.txt,OUTPUT_BM2_90_5.txt,2,NA,NA,NA,NA,NA,NA
443,INPUT_GUT_90_5.txt,OUTPUT_GUT_90_5.txt,2,NA,NA,NA,NA,NA,NA
444,INPUT_GUT_90_5.txt,OUTPUT_L_90_5.txt,2,NA,NA,NA,NA,NA,NA
445,INPUT_GUT_90_5.txt,OUTPUT_LN1_90_5.txt,2,NA,NA,NA,NA,NA,NA
446,INPUT_GUT_90_5.txt,OUTPUT_LN2_90_5.txt,2,NA,NA,NA,NA,NA,NA
447,INPUT_GUT_90_5.txt,OUTPUT_LUNG_90_5.txt,2,NA,NA,NA,NA,NA,NA
448,INPUT_GUT_90_5.txt,OUTPUT_S_90_5.txt,2,NA,NA,NA,NA,NA,NA
449,INPUT_GUT_90_5.txt,OUTPUT_SKIN1_90_5.txt,2,NA,NA,NA,NA,NA,NA
450,INPUT_GUT_90_5.txt,OUTPUT_SKIN10_90_5.txt,2,NA,NA,NA,NA,NA,NA
451,INPUT_GUT_90_5.txt,OUTPUT_SKIN11_90_5.txt,2,NA,NA,NA,NA,NA,NA
452,INPUT_GUT_90_5.txt,OUTPUT_SKIN12_90_5.txt,2,NA,NA,NA,NA,NA,NA
453,INPUT_GUT_90_5.txt,OUTPUT_SKIN2_90_5.txt,2,NA,NA,NA,NA,NA,NA
454,INPUT_GUT_90_5.txt,OUTPUT_SKIN3_90_5.txt,2,NA,NA,NA,NA,NA,NA
455,INPUT_GUT_90_5.txt,OUTPUT_SKIN4_90_5.txt,2,NA,NA,NA,NA,NA,NA
456,INPUT_GUT_90_5.txt,OUTPUT_SKIN5_90_5.txt,2,NA,NA,NA,NA,NA,NA
457,INPUT_GUT_90_5.txt,OUTPUT_SKIN6_90_5.txt,2,NA,NA,NA,NA,NA,NA
458,INPUT_GUT_90_5.txt,OUTPUT_SKIN7_90_5.txt,2,NA,NA,NA,NA,NA,NA
459,INPUT_GUT_90_5.txt,OUTPUT_SKIN8_90_5.txt,2,NA,NA,NA,NA,NA,NA
460,INPUT_GUT_90_5.txt,OUTPUT_SKIN9_90_5.txt,2,NA,NA,NA,NA,NA,NA
461,INPUT_L_90_5.txt,OUTPUT_BM1_90_5.txt,2,1355.28046,1267.836189,1268.103824,1267.950166,1270.004836,1267.910417
462,INPUT_L_90_5.txt,OUTPUT_BM2_90_5.txt,2,1649.926782,1502.209284,1502.069546,1501.988178,1502.088198,1501.953572
463,INPUT_L_90_5.txt,OUTPUT_GUT_90_5.txt,2,NA,NA,NA,NA,NA,NA
464,INPUT_L_90_5.txt,OUTPUT_L_90_5.txt,2,-1239363,-621703.5,-621667.5,-621655,-621521.5,-621706
465,INPUT_L_90_5.txt,OUTPUT_LN1_90_5.txt,2,0.065796832,0.073206735,0.073193027,0.073194238,0.073232579,0.073194965
466,INPUT_L_90_5.txt,OUTPUT_LN2_90_5.txt,2,0.076435444,0.057340388,0.057343482,0.057343928,0.057356506,0.057339931
467,INPUT_L_90_5.txt,OUTPUT_LUNG_90_5.txt,2,0.66820184,0.819982131,0.819814303,0.819604274,0.819973913,0.819971397
468,INPUT_L_90_5.txt,OUTPUT_S_90_5.txt,2,1218.036376,1144.248136,1144.243328,1144.759717,1144.166248,1144.577895
469,INPUT_L_90_5.txt,OUTPUT_SKIN1_90_5.txt,2,0.004488507,0.005933993,0.005934337,0.005934456,0.005935731,0.005933969
470,INPUT_L_90_5.txt,OUTPUT_SKIN10_90_5.txt,2,1.455301558,1.348856286,1.348078536,1.348498241,1.349210535,1.348934399
471,INPUT_L_90_5.txt,OUTPUT_SKIN11_90_5.txt,2,0.374712921,0.497890344,0.49816977,0.497986653,0.498296346,0.498033673
472,INPUT_L_90_5.txt,OUTPUT_SKIN12_90_5.txt,2,0.338284557,0.35800998,0.358029823,0.358064462,0.358139231,0.358018268
473,INPUT_L_90_5.txt,OUTPUT_SKIN2_90_5.txt,2,0.01322641,0.022131294,0.022132576,0.02213302,0.022137779,0.022131205
474,INPUT_L_90_5.txt,OUTPUT_SKIN3_90_5.txt,2,0.091724643,0.234569947,0.234584913,0.234586598,0.234637857,0.234568997
475,INPUT_L_90_5.txt,OUTPUT_SKIN4_90_5.txt,2,0.149418509,0.144218649,0.14427954,0.14423466,0.14429114,0.144285822
476,INPUT_L_90_5.txt,OUTPUT_SKIN5_90_5.txt,2,0.247030776,0.222502564,0.222504324,0.222521254,0.222559137,0.222486418
477,INPUT_L_90_5.txt,OUTPUT_SKIN6_90_5.txt,2,4.472815616,4.164760999,4.165024076,4.165067162,4.166091338,4.164742731
478,INPUT_L_90_5.txt,OUTPUT_SKIN7_90_5.txt,2,0.117505783,0.141025447,0.141106626,0.141108076,0.14106974,0.141096165
479,INPUT_L_90_5.txt,OUTPUT_SKIN8_90_5.txt,2,0.258513547,0.252068518,0.252083232,0.252088126,0.252102069,0.252067496
480,INPUT_L_90_5.txt,OUTPUT_SKIN9_90_5.txt,2,0.247618957,0.264744022,0.264762576,0.264740656,0.264834717,0.264710067
481,INPUT_LN1_90_5.txt,OUTPUT_BM1_90_5.txt,2,11.70458495,10.28795186,10.28982467,10.28916611,10.29006962,10.2892524
482,INPUT_LN1_90_5.txt,OUTPUT_BM2_90_5.txt,2,12.48541506,11.07869398,11.07948502,11.07950038,11.07755587,11.07872656
483,INPUT_LN1_90_5.txt,OUTPUT_GUT_90_5.txt,2,NA,NA,NA,NA,NA,NA
484,INPUT_LN1_90_5.txt,OUTPUT_L_90_5.txt,2,9.031524428,10.41895221,10.4197535,10.41990267,10.41686123,10.41956369
485,INPUT_LN1_90_5.txt,OUTPUT_LN1_90_5.txt,2,-564324.5,-282117,-282083,-282082.5,-282125.5,-282095.5
486,INPUT_LN1_90_5.txt,OUTPUT_LN2_90_5.txt,2,0.502725773,1.296422332,1.296575861,1.296562045,1.296365434,1.29651743
487,INPUT_LN1_90_5.txt,OUTPUT_LUNG_90_5.txt,2,0.611115765,0.579684705,0.579608027,0.579456058,0.579497415,0.579723354
488,INPUT_LN1_90_5.txt,OUTPUT_S_90_5.txt,2,8.378040813,6.442358406,6.443280726,6.448113282,6.442576743,6.445936411
489,INPUT_LN1_90_5.txt,OUTPUT_SKIN1_90_5.txt,2,0.066247388,0.067793011,0.06780119,0.067801311,0.067790966,0.067798183
490,INPUT_LN1_90_5.txt,OUTPUT_SKIN10_90_5.txt,2,40.87212082,38.75008331,38.73124758,38.74844661,38.74495213,38.75587944
491,INPUT_LN1_90_5.txt,OUTPUT_SKIN11_90_5.txt,2,0.669401242,0.758929847,0.759387751,0.759133573,0.759312159,0.759225038
492,INPUT_LN1_90_5.txt,OUTPUT_SKIN12_90_5.txt,2,1.011129914,1.120706362,1.120839498,1.120874183,1.120687489,1.120825884
493,INPUT_LN1_90_5.txt,OUTPUT_SKIN2_90_5.txt,2,23.69423683,22.27664479,22.28011791,22.28014594,22.27578451,22.27884896
494,INPUT_LN1_90_5.txt,OUTPUT_SKIN3_90_5.txt,2,0.182088389,0.417954209,0.418007298,0.418003209,0.417939093,0.417986242
495,INPUT_LN1_90_5.txt,OUTPUT_SKIN4_90_5.txt,2,17.64980706,16.70157551,16.70272978,16.70391929,16.7002378,16.70148413
496,INPUT_LN1_90_5.txt,OUTPUT_SKIN5_90_5.txt,2,1.133194444,1.929317321,1.929496628,1.929618099,1.929191186,1.929331978
497,INPUT_LN1_90_5.txt,OUTPUT_SKIN6_90_5.txt,2,47.1054653,44.39890675,44.40648668,44.40776385,44.39512539,44.40329231
498,INPUT_LN1_90_5.txt,OUTPUT_SKIN7_90_5.txt,2,0.817153435,1.278243786,1.279076125,1.279067702,1.278278074,1.279018758
499,INPUT_LN1_90_5.txt,OUTPUT_SKIN8_90_5.txt,2,3.12366459,36.06123341,36.06358611,36.06364111,36.05955665,36.0615093
500,INPUT_LN1_90_5.txt,OUTPUT_SKIN9_90_5.txt,2,1.086490117,1.774404939,1.774647404,1.774461352,1.774442732,1.774306952
501,INPUT_LN2_90_5.txt,OUTPUT_BM1_90_5.txt,2,7.831025962,37.88255814,37.8814227,37.88296959,37.8772759,37.88161551
502,INPUT_LN2_90_5.txt,OUTPUT_BM2_90_5.txt,2,24.24284058,34.68559591,34.68620481,34.68695867,34.68648959,34.68656003
503,INPUT_LN2_90_5.txt,OUTPUT_GUT_90_5.txt,2,NA,NA,NA,NA,NA,NA
504,INPUT_LN2_90_5.txt,OUTPUT_L_90_5.txt,2,12.37050209,24.30037994,24.29972415,24.29958481,24.29691546,24.30050322
505,INPUT_LN2_90_5.txt,OUTPUT_LN1_90_5.txt,2,0.215070028,0.190527024,0.190484511,0.190485151,0.190525402,0.19048696
506,INPUT_LN2_90_5.txt,OUTPUT_LN2_90_5.txt,2,-477289,-239502,-239501.5,-239500,-239500.5,-239501.5
507,INPUT_LN2_90_5.txt,OUTPUT_LUNG_90_5.txt,2,46.78835939,41.11819665,41.11972005,41.12156078,41.12016208,41.11833581
508,INPUT_LN2_90_5.txt,OUTPUT_S_90_5.txt,2,19.36072305,23.96416599,23.96461616,23.97308131,23.96533558,23.96979194
509,INPUT_LN2_90_5.txt,OUTPUT_SKIN1_90_5.txt,2,4.14660644,3.301314325,3.301321344,3.301342514,3.30133537,3.301321213
510,INPUT_LN2_90_5.txt,OUTPUT_SKIN10_90_5.txt,2,1.81696774,1.43533632,1.434186549,1.434441894,1.435358297,1.435528379
511,INPUT_LN2_90_5.txt,OUTPUT_SKIN11_90_5.txt,2,0.666157977,0.678458507,0.678793531,0.678563058,0.678831509,0.678675168
512,INPUT_LN2_90_5.txt,OUTPUT_SKIN12_90_5.txt,2,0.754121774,0.861511075,0.861510364,0.861525896,0.861539363,0.861513743
513,INPUT_LN2_90_5.txt,OUTPUT_SKIN2_90_5.txt,2,0.206308666,0.2631186,0.263119162,0.263120801,0.263120262,0.263119174
514,INPUT_LN2_90_5.txt,OUTPUT_SKIN3_90_5.txt,2,0.213605806,0.29510055,0.29510297,0.295101272,0.295100759,0.295101351
515,INPUT_LN2_90_5.txt,OUTPUT_SKIN4_90_5.txt,2,1.394724194,1.129374061,1.129790347,1.129422241,1.129618953,1.129911933
516,INPUT_LN2_90_5.txt,OUTPUT_SKIN5_90_5.txt,2,0.901611497,0.774808783,0.774606027,0.774668088,0.774725497,0.774697134
517,INPUT_LN2_90_5.txt,OUTPUT_SKIN6_90_5.txt,2,8.777062481,6.984726744,6.984751576,6.984769546,6.984769284,6.984760165
518,INPUT_LN2_90_5.txt,OUTPUT_SKIN7_90_5.txt,2,0.382440304,0.219359738,0.219482131,0.219478045,0.219379223,0.219478744
519,INPUT_LN2_90_5.txt,OUTPUT_SKIN8_90_5.txt,2,0.441718689,0.431428782,0.431429713,0.431432352,0.431419458,0.431429739
520,INPUT_LN2_90_5.txt,OUTPUT_SKIN9_90_5.txt,2,0.572492405,0.418885261,0.418892146,0.418850958,0.418910152,0.418830759
521,INPUT_LUNG_90_5.txt,OUTPUT_BM1_90_5.txt,2,5.587214222,4.11719475,4.117517994,4.118181825,4.120808604,4.116866462
522,INPUT_LUNG_90_5.txt,OUTPUT_BM2_90_5.txt,2,13.4303357,9.806251149,9.805774114,9.805558942,9.805708895,9.803401354
523,INPUT_LUNG_90_5.txt,OUTPUT_GUT_90_5.txt,2,NA,NA,NA,NA,NA,NA
524,INPUT_LUNG_90_5.txt,OUTPUT_L_90_5.txt,2,9.112131769,7.244686185,7.244781025,7.245531331,7.24156979,7.244775414
525,INPUT_LUNG_90_5.txt,OUTPUT_LN1_90_5.txt,2,0.072033802,0.076551174,0.076569636,0.07658158,0.076526994,0.076524649
526,INPUT_LUNG_90_5.txt,OUTPUT_LN2_90_5.txt,2,0.12739243,0.141381702,0.141401457,0.141419308,0.14140311,0.141383359
527,INPUT_LUNG_90_5.txt,OUTPUT_LUNG_90_5.txt,2,-441502.5,-221046.5,-221017.5,-220987,-221013,-221045.5
528,INPUT_LUNG_90_5.txt,OUTPUT_S_90_5.txt,2,5.572140888,4.987765387,4.988727712,4.996434106,4.989327291,4.992513557
529,INPUT_LUNG_90_5.txt,OUTPUT_SKIN1_90_5.txt,2,0.066453963,0.058827903,0.058835637,0.058843773,0.058836837,0.058828169
530,INPUT_LUNG_90_5.txt,OUTPUT_SKIN10_90_5.txt,2,0.159232313,0.14156383,0.141515823,0.141591165,0.141573052,0.141564579
531,INPUT_LUNG_90_5.txt,OUTPUT_SKIN11_90_5.txt,2,0.17736239,0.239818668,0.23997348,0.239893747,0.239962419,0.239874307
532,INPUT_LUNG_90_5.txt,OUTPUT_SKIN12_90_5.txt,2,0.192387313,0.172589728,0.172612569,0.172634064,0.172615962,0.172587996
533,INPUT_LUNG_90_5.txt,OUTPUT_SKIN2_90_5.txt,2,0.013761192,0.037582134,0.037587072,0.037592267,0.037587838,0.037582304
534,INPUT_LUNG_90_5.txt,OUTPUT_SKIN3_90_5.txt,2,0.0647519,0.080715201,0.080726002,0.080736818,0.080727292,0.080715567
535,INPUT_LUNG_90_5.txt,OUTPUT_SKIN4_90_5.txt,2,0.101444477,0.094497063,0.094502445,0.094521928,0.094507393,0.094488381
536,INPUT_LUNG_90_5.txt,OUTPUT_SKIN5_90_5.txt,2,0.19795381,0.188696251,0.188722688,0.188746685,0.188731063,0.188698861
537,INPUT_LUNG_90_5.txt,OUTPUT_SKIN6_90_5.txt,2,0.485419845,0.410609603,0.410664025,0.410721276,0.410672471,0.41061148
538,INPUT_LUNG_90_5.txt,OUTPUT_SKIN7_90_5.txt,2,0.150130179,0.134252277,0.13430061,0.134318876,0.134274711,0.134282489
539,INPUT_LUNG_90_5.txt,OUTPUT_SKIN8_90_5.txt,2,0.090203084,0.138013046,0.138031247,0.138050394,0.138032466,0.138013673
540,INPUT_LUNG_90_5.txt,OUTPUT_SKIN9_90_5.txt,2,0.18887231,0.172440121,0.172461816,0.172483703,0.172464526,0.172441328
541,INPUT_S_90_5.txt,OUTPUT_BM1_90_5.txt,2,191.4665242,171.120784,170.9851434,170.9491063,171.1344506,170.8765631
542,INPUT_S_90_5.txt,OUTPUT_BM2_90_5.txt,2,163.7043171,205.771608,205.724719,205.5228606,205.7069312,205.592683
543,INPUT_S_90_5.txt,OUTPUT_GUT_90_5.txt,2,NA,NA,NA,NA,NA,NA
544,INPUT_S_90_5.txt,OUTPUT_L_90_5.txt,2,375.5505994,378.0940707,378.0203623,377.6102374,377.7690123,377.8254441
545,INPUT_S_90_5.txt,OUTPUT_LN1_90_5.txt,2,0.099832139,0.128212235,0.128177154,0.128084757,0.128200468,0.128122364
546,INPUT_S_90_5.txt,OUTPUT_LN2_90_5.txt,2,0.158245427,0.125359412,0.125354951,0.125263523,0.125347524,0.125298739
547,INPUT_S_90_5.txt,OUTPUT_LUNG_90_5.txt,2,64.28425062,57.35855211,57.33933203,57.27247614,57.33320802,57.32498843
548,INPUT_S_90_5.txt,OUTPUT_S_90_5.txt,2,-451516.5,-225905.5,-225913,-226074.5,-225924.5,-226014
549,INPUT_S_90_5.txt,OUTPUT_SKIN1_90_5.txt,2,0.004834957,0.006355465,0.006355254,0.006350713,0.006354931,0.006352414
550,INPUT_S_90_5.txt,OUTPUT_SKIN10_90_5.txt,2,0.955330281,0.835950291,0.83552334,0.835243408,0.835802681,0.835535609
551,INPUT_S_90_5.txt,OUTPUT_SKIN11_90_5.txt,2,0.226178028,0.671226798,0.671553628,0.670756957,0.671485787,0.671063031
552,INPUT_S_90_5.txt,OUTPUT_SKIN12_90_5.txt,2,0.432863337,0.38156819,0.381554357,0.381287776,0.381542474,0.381389394
553,INPUT_S_90_5.txt,OUTPUT_SKIN2_90_5.txt,2,0.097997009,0.103979727,0.103976262,0.103901701,0.103970949,0.10392962
554,INPUT_S_90_5.txt,OUTPUT_SKIN3_90_5.txt,2,0.073719262,0.704071059,0.704048642,0.703530114,0.704008836,0.703724658
555,INPUT_S_90_5.txt,OUTPUT_SKIN4_90_5.txt,2,0.263367166,0.236051208,0.236054368,0.235874336,0.23603753,0.235951219
556,INPUT_S_90_5.txt,OUTPUT_SKIN5_90_5.txt,2,0.399687102,0.358242687,0.358230634,0.357977136,0.358214787,0.358057254
557,INPUT_S_90_5.txt,OUTPUT_SKIN6_90_5.txt,2,4.727153508,4.119951535,4.119800557,4.116552175,4.119569079,4.117768463
558,INPUT_S_90_5.txt,OUTPUT_SKIN7_90_5.txt,2,0.242094554,0.24013848,0.240241296,0.240070511,0.240123534,0.240135878
559,INPUT_S_90_5.txt,OUTPUT_SKIN8_90_5.txt,2,0.329581824,0.290980466,0.290970704,0.290760659,0.290946109,0.290839309
560,INPUT_S_90_5.txt,OUTPUT_SKIN9_90_5.txt,2,0.373634862,0.339644262,0.339632661,0.33935039,0.339622758,0.339444192
561,INPUT_SKIN1_90_5.txt,OUTPUT_BM1_90_5.txt,2,5.683826894,5.23792352,5.238686786,5.23787531,5.241245455,5.238578716
562,INPUT_SKIN1_90_5.txt,OUTPUT_BM2_90_5.txt,2,6.879317714,6.734010177,6.733424582,6.732907256,6.733336737,6.733014629
563,INPUT_SKIN1_90_5.txt,OUTPUT_GUT_90_5.txt,2,NA,NA,NA,NA,NA,NA
564,INPUT_SKIN1_90_5.txt,OUTPUT_L_90_5.txt,2,3.578071062,3.399233254,3.398939156,3.398851681,3.397746415,3.399253677
565,INPUT_SKIN1_90_5.txt,OUTPUT_LN1_90_5.txt,2,0.073145806,0.072089776,0.072104645,0.072105368,0.07208869,0.072103247
566,INPUT_SKIN1_90_5.txt,OUTPUT_LN2_90_5.txt,2,0.098450241,0.105557937,0.105558546,0.10555723,0.105557622,0.105558476
567,INPUT_SKIN1_90_5.txt,OUTPUT_LUNG_90_5.txt,2,0.361470127,0.214272196,0.214216779,0.214158503,0.214208181,0.214270285
568,INPUT_SKIN1_90_5.txt,OUTPUT_S_90_5.txt,2,2.266675632,2.134754364,2.134872895,2.137425585,2.135054646,2.136469244
569,INPUT_SKIN1_90_5.txt,OUTPUT_SKIN1_90_5.txt,2,-537363,-269152.5,-269152.5,-269152.5,-269152.5,-269152.5
570,INPUT_SKIN1_90_5.txt,OUTPUT_SKIN10_90_5.txt,2,0.314594234,0.246936571,0.246829063,0.246932076,0.246912468,0.246933307
571,INPUT_SKIN1_90_5.txt,OUTPUT_SKIN11_90_5.txt,2,0.296065741,0.209893839,0.20999928,0.209904793,0.20998809,0.209942748
572,INPUT_SKIN1_90_5.txt,OUTPUT_SKIN12_90_5.txt,2,0.358856388,0.338893677,0.33889532,0.33889777,0.338889555,0.338893677
573,INPUT_SKIN1_90_5.txt,OUTPUT_SKIN2_90_5.txt,2,0.0247218,0.027857967,0.027857967,0.027857967,0.027857967,0.027857967
574,INPUT_SKIN1_90_5.txt,OUTPUT_SKIN3_90_5.txt,2,0.128540094,0.082537113,0.082537246,0.082536979,0.082536979,0.082537113
575,INPUT_SKIN1_90_5.txt,OUTPUT_SKIN4_90_5.txt,2,0.208148375,0.166855474,0.166925799,0.166862085,0.166895744,0.166946238
576,INPUT_SKIN1_90_5.txt,OUTPUT_SKIN5_90_5.txt,2,0.268458641,0.253719083,0.253710639,0.253717608,0.253706611,0.253690693
577,INPUT_SKIN1_90_5.txt,OUTPUT_SKIN6_90_5.txt,2,0.367486377,0.257592197,0.257592197,0.257592197,0.257592197,0.257592197
578,INPUT_SKIN1_90_5.txt,OUTPUT_SKIN7_90_5.txt,2,0.228374709,0.210323657,0.210311686,0.210299008,0.210326741,0.210300842
579,INPUT_SKIN1_90_5.txt,OUTPUT_SKIN8_90_5.txt,2,0.159460215,0.170211329,0.170211329,0.170211329,0.170208674,0.170211329
580,INPUT_SKIN1_90_5.txt,OUTPUT_SKIN9_90_5.txt,2,0.332346992,0.303275315,0.303279789,0.303248032,0.303291814,0.303234625
581,INPUT_SKIN10_90_5.txt,OUTPUT_BM1_90_5.txt,2,2.503327482,3.022951709,3.020555203,3.022343554,3.023802844,3.02279871
582,INPUT_SKIN10_90_5.txt,OUTPUT_BM2_90_5.txt,2,5.724748272,5.299926919,5.291487318,5.297712919,5.298271953,5.299651245
583,INPUT_SKIN10_90_5.txt,OUTPUT_GUT_90_5.txt,2,NA,NA,NA,NA,NA,NA
584,INPUT_SKIN10_90_5.txt,OUTPUT_L_90_5.txt,2,2.864826465,3.060825974,3.058234889,3.059981935,3.059414994,3.060888812
585,INPUT_SKIN10_90_5.txt,OUTPUT_LN1_90_5.txt,2,0.09711798,0.09397318,0.094015706,0.093997229,0.093930274,0.093947903
586,INPUT_SKIN10_90_5.txt,OUTPUT_LN2_90_5.txt,2,0.127793658,0.117349879,0.117375672,0.117350292,0.117355502,0.117351716
587,INPUT_SKIN10_90_5.txt,OUTPUT_LUNG_90_5.txt,2,0.475324398,0.306202636,0.306164879,0.306041856,0.306123712,0.306202265
588,INPUT_SKIN10_90_5.txt,OUTPUT_S_90_5.txt,2,4.738097588,5.025635042,5.018203095,5.026090755,5.024600699,5.027089494
589,INPUT_SKIN10_90_5.txt,OUTPUT_SKIN1_90_5.txt,2,0.005915057,0.00352767,0.003528436,0.003527702,0.003527842,0.003527694
590,INPUT_SKIN10_90_5.txt,OUTPUT_SKIN10_90_5.txt,2,-450642,-225744,-225695,-225742,-225733,-225742.5
591,INPUT_SKIN10_90_5.txt,OUTPUT_SKIN11_90_5.txt,2,0.680258809,0.594738713,0.595140374,0.594643939,0.594897258,0.594758824
592,INPUT_SKIN10_90_5.txt,OUTPUT_SKIN12_90_5.txt,2,0.764480154,0.866112932,0.866300014,0.865997297,0.866186163,0.865979704
593,INPUT_SKIN10_90_5.txt,OUTPUT_SKIN2_90_5.txt,2,0.029456081,0.023253181,0.023258229,0.023253387,0.023254314,0.023253336
594,INPUT_SKIN10_90_5.txt,OUTPUT_SKIN3_90_5.txt,2,0.079308993,0.24989555,0.249950424,0.249896084,0.249906079,0.249897222
595,INPUT_SKIN10_90_5.txt,OUTPUT_SKIN4_90_5.txt,2,0.372002381,0.211206045,0.211341097,0.211216255,0.211267518,0.211322901
596,INPUT_SKIN10_90_5.txt,OUTPUT_SKIN5_90_5.txt,2,0.336321272,0.392191475,0.392254206,0.392195155,0.392197479,0.392150782
597,INPUT_SKIN10_90_5.txt,OUTPUT_SKIN6_90_5.txt,2,0.771194975,0.781739816,0.781858798,0.781736729,0.781769057,0.781745523
598,INPUT_SKIN10_90_5.txt,OUTPUT_SKIN7_90_5.txt,2,0.303115553,0.235585152,0.235764924,0.235705939,0.235608192,0.235707044
599,INPUT_SKIN10_90_5.txt,OUTPUT_SKIN8_90_5.txt,2,0.236612518,0.263400467,0.26345707,0.263402712,0.263405595,0.263402216
600,INPUT_SKIN10_90_5.txt,OUTPUT_SKIN9_90_5.txt,2,0.525399056,0.580590236,0.580725939,0.580543877,0.58065025,0.5805164
601,INPUT_SKIN11_90_5.txt,OUTPUT_BM1_90_5.txt,2,13.62959735,12.69296397,12.69083277,12.69188469,12.69783487,12.69060546
602,INPUT_SKIN11_90_5.txt,OUTPUT_BM2_90_5.txt,2,26.64834611,29.16231011,29.16365065,29.15715309,29.16155262,29.15898485
603,INPUT_SKIN11_90_5.txt,OUTPUT_GUT_90_5.txt,2,NA,NA,NA,NA,NA,NA
604,INPUT_SKIN11_90_5.txt,OUTPUT_L_90_5.txt,2,13.53932574,13.26621262,13.26396878,13.26392056,13.25874465,13.2652286
605,INPUT_SKIN11_90_5.txt,OUTPUT_LN1_90_5.txt,2,0.23179077,0.261506295,0.261569861,0.261620952,0.261324368,0.26147548
606,INPUT_SKIN11_90_5.txt,OUTPUT_LN2_90_5.txt,2,0.35416749,0.435776767,0.435676288,0.435746522,0.435661518,0.435714732
607,INPUT_SKIN11_90_5.txt,OUTPUT_LUNG_90_5.txt,2,0.576232493,52.6850739,52.7017627,52.68195619,52.69705051,52.6912435
608,INPUT_SKIN11_90_5.txt,OUTPUT_S_90_5.txt,2,26.14578384,26.3228146,26.32624849,26.34088314,26.32603412,26.33514904
609,INPUT_SKIN11_90_5.txt,OUTPUT_SKIN1_90_5.txt,2,1.43679043,1.367411803,1.367067657,1.367311112,1.367032935,1.367191335
610,INPUT_SKIN11_90_5.txt,OUTPUT_SKIN10_90_5.txt,2,0.730921482,1.043529143,1.042803211,1.043429969,1.043137181,1.043347668
611,INPUT_SKIN11_90_5.txt,OUTPUT_SKIN11_90_5.txt,2,-466601,-234032.5,-234090,-234049.5,-234096,-234069.5
612,INPUT_SKIN11_90_5.txt,OUTPUT_SKIN12_90_5.txt,2,1.441406675,1.871537982,1.871048805,1.871194938,1.87103568,1.871033396
613,INPUT_SKIN11_90_5.txt,OUTPUT_SKIN2_90_5.txt,2,0.052910245,0.033897522,0.03388919,0.03389506,0.033888322,0.033892161
614,INPUT_SKIN11_90_5.txt,OUTPUT_SKIN3_90_5.txt,2,0.837362237,0.665108825,0.664947212,0.665056236,0.664922421,0.665002503
615,INPUT_SKIN11_90_5.txt,OUTPUT_SKIN4_90_5.txt,2,0.417602775,0.322459368,0.322514502,0.322448549,0.322448622,0.322582213
616,INPUT_SKIN11_90_5.txt,OUTPUT_SKIN5_90_5.txt,2,1.040842936,1.055701156,1.055314278,1.055604093,1.055388923,1.055381802
617,INPUT_SKIN11_90_5.txt,OUTPUT_SKIN6_90_5.txt,2,26.68406117,24.82410175,24.81784828,24.82199444,24.8169128,24.81982314
618,INPUT_SKIN11_90_5.txt,OUTPUT_SKIN7_90_5.txt,2,0.541289051,0.490995423,0.491144621,0.491210953,0.490874069,0.491162516
619,INPUT_SKIN11_90_5.txt,OUTPUT_SKIN8_90_5.txt,2,0.639222919,0.689138938,0.6889672,0.68908849,0.688949646,0.689028719
620,INPUT_SKIN11_90_5.txt,OUTPUT_SKIN9_90_5.txt,2,1.250646628,1.264156727,1.263854077,1.263963217,1.263870177,1.263795867
621,INPUT_SKIN12_90_5.txt,OUTPUT_BM1_90_5.txt,2,4.629193412,4.18661354,4.186635171,4.186551363,4.186420831,4.186577516
622,INPUT_SKIN12_90_5.txt,OUTPUT_BM2_90_5.txt,2,4.575066862,4.218263965,4.218332994,4.218337737,4.218304472,4.218319396
623,INPUT_SKIN12_90_5.txt,OUTPUT_GUT_90_5.txt,2,NA,NA,NA,NA,NA,NA
624,INPUT_SKIN12_90_5.txt,OUTPUT_L_90_5.txt,2,4.464484311,4.035989926,4.03600838,4.03594219,4.036018167,4.035933413
625,INPUT_SKIN12_90_5.txt,OUTPUT_LN1_90_5.txt,2,0.175581956,0.960866245,0.960654497,0.960655659,0.960912232,0.960735878
626,INPUT_SKIN12_90_5.txt,OUTPUT_LN2_90_5.txt,2,0.486927393,0.671874367,0.671872822,0.671854581,0.67186105,0.671862078
627,INPUT_SKIN12_90_5.txt,OUTPUT_LUNG_90_5.txt,2,0.306808878,0.282604309,0.282535644,0.282458909,0.282522408,0.282597925
628,INPUT_SKIN12_90_5.txt,OUTPUT_S_90_5.txt,2,4.497828117,4.103855543,4.103844507,4.103393902,4.103779825,4.103534363
629,INPUT_SKIN12_90_5.txt,OUTPUT_SKIN1_90_5.txt,2,0.018956489,0.00869459,0.008694606,0.008694483,0.008694529,0.008694467
630,INPUT_SKIN12_90_5.txt,OUTPUT_SKIN10_90_5.txt,2,83.71853506,75.89564651,75.90060308,75.89961165,75.89426088,75.89222667
631,INPUT_SKIN12_90_5.txt,OUTPUT_SKIN11_90_5.txt,2,1.134821419,1.119191147,1.119667067,1.119324643,1.119714706,1.119486687
632,INPUT_SKIN12_90_5.txt,OUTPUT_SKIN12_90_5.txt,2,-563027.5,-282373.5,-282373,-282377,-282375.5,-282377.5
633,INPUT_SKIN12_90_5.txt,OUTPUT_SKIN2_90_5.txt,2,0.068103918,0.063132361,0.063132473,0.063131578,0.063131914,0.063131466
634,INPUT_SKIN12_90_5.txt,OUTPUT_SKIN3_90_5.txt,2,0.508115409,0.604795627,0.604800259,0.604784493,0.604787807,0.604787006
635,INPUT_SKIN12_90_5.txt,OUTPUT_SKIN4_90_5.txt,2,44.24426905,40.51028429,40.52198497,40.51059937,40.51697542,40.52445002
636,INPUT_SKIN12_90_5.txt,OUTPUT_SKIN5_90_5.txt,2,2.273503911,2.88059418,2.880492046,2.880637398,2.88046608,2.88031275
637,INPUT_SKIN12_90_5.txt,OUTPUT_SKIN6_90_5.txt,2,16.8447019,15.29907937,15.29910691,15.2988654,15.29896439,15.29884271
638,INPUT_SKIN12_90_5.txt,OUTPUT_SKIN7_90_5.txt,2,2.508080049,3.918124209,3.920356729,3.920259654,3.918332493,3.920292973
639,INPUT_SKIN12_90_5.txt,OUTPUT_SKIN8_90_5.txt,2,12.90926517,8.814536341,8.814553366,8.814408625,8.814452368,8.814397512
640,INPUT_SKIN12_90_5.txt,OUTPUT_SKIN9_90_5.txt,2,4.364656603,5.506553913,5.506647868,5.506016472,5.506816957,5.505753331
641,INPUT_SKIN2_90_5.txt,OUTPUT_BM1_90_5.txt,2,6.004505995,5.275895216,5.274550297,5.275834293,5.275457008,5.274510168
642,INPUT_SKIN2_90_5.txt,OUTPUT_BM2_90_5.txt,2,5.549508554,5.399317366,5.399136942,5.398977532,5.399109875,5.39901062
643,INPUT_SKIN2_90_5.txt,OUTPUT_GUT_90_5.txt,2,NA,NA,NA,NA,NA,NA
644,INPUT_SKIN2_90_5.txt,OUTPUT_L_90_5.txt,2,4.926139127,4.446125238,4.445950393,4.445879538,4.44524111,4.446137379
645,INPUT_SKIN2_90_5.txt,OUTPUT_LN1_90_5.txt,2,0.105767935,0.107515112,0.107535901,0.107536934,0.107458475,0.107478859
646,INPUT_SKIN2_90_5.txt,OUTPUT_LN2_90_5.txt,2,0.13490711,0.159155649,0.159157191,0.159155134,0.159155826,0.159157201
647,INPUT_SKIN2_90_5.txt,OUTPUT_LUNG_90_5.txt,2,0.19551866,0.31217292,0.312094566,0.312012169,0.312082409,0.312170218
648,INPUT_SKIN2_90_5.txt,OUTPUT_S_90_5.txt,2,6.514379015,5.876993746,5.877033574,5.87789018,5.877094636,5.877569516
649,INPUT_SKIN2_90_5.txt,OUTPUT_SKIN1_90_5.txt,2,0.035640022,0.023362379,0.023362379,0.023362379,0.023362379,0.023362379
650,INPUT_SKIN2_90_5.txt,OUTPUT_SKIN10_90_5.txt,2,0.411238261,0.320121005,0.319981988,0.320115142,0.320089854,0.320116798
651,INPUT_SKIN2_90_5.txt,OUTPUT_SKIN11_90_5.txt,2,0.630906383,0.632573656,0.632902525,0.632451732,0.632696278,0.632570028
652,INPUT_SKIN2_90_5.txt,OUTPUT_SKIN12_90_5.txt,2,0.889761202,0.957144606,0.957141193,0.956996018,0.957177062,0.956980634
653,INPUT_SKIN2_90_5.txt,OUTPUT_SKIN2_90_5.txt,2,-386854,-193997,-193997,-193997,-193997,-193997
654,INPUT_SKIN2_90_5.txt,OUTPUT_SKIN3_90_5.txt,2,0.220776871,0.238222519,0.238223922,0.238221115,0.238221115,0.238222519
655,INPUT_SKIN2_90_5.txt,OUTPUT_SKIN4_90_5.txt,2,0.703154034,0.674125433,0.674411595,0.674152334,0.674289296,0.674494764
656,INPUT_SKIN2_90_5.txt,OUTPUT_SKIN5_90_5.txt,2,0.436414658,0.435524928,0.435495693,0.435518622,0.435509299,0.435471855
657,INPUT_SKIN2_90_5.txt,OUTPUT_SKIN6_90_5.txt,2,0.930741297,0.86589552,0.86589552,0.86589552,0.86589552,0.86589552
658,INPUT_SKIN2_90_5.txt,OUTPUT_SKIN7_90_5.txt,2,0.292574916,0.299171072,0.299338809,0.299327455,0.299193439,0.299331269
659,INPUT_SKIN2_90_5.txt,OUTPUT_SKIN8_90_5.txt,2,0.39439968,0.392426979,0.392426979,0.392426979,0.392413282,0.392426979
660,INPUT_SKIN2_90_5.txt,OUTPUT_SKIN9_90_5.txt,2,0.604519995,0.680432174,0.680442451,0.680370375,0.680469886,0.680339551
661,INPUT_SKIN3_90_5.txt,OUTPUT_BM1_90_5.txt,2,4.996020558,8.201231903,8.201954026,8.20111853,8.20442383,8.201874624
662,INPUT_SKIN3_90_5.txt,OUTPUT_BM2_90_5.txt,2,13.12312353,11.82491771,11.8246982,11.8246193,11.82475105,11.82461234
663,INPUT_SKIN3_90_5.txt,OUTPUT_GUT_90_5.txt,2,NA,NA,NA,NA,NA,NA
664,INPUT_SKIN3_90_5.txt,OUTPUT_L_90_5.txt,2,4.529468545,6.795850851,6.795448624,6.795345121,6.793948098,6.79587728
665,INPUT_SKIN3_90_5.txt,OUTPUT_LN1_90_5.txt,2,0.127214341,0.131682515,0.131787812,0.131792249,0.131680917,0.131779785
666,INPUT_SKIN3_90_5.txt,OUTPUT_LN2_90_5.txt,2,0.110634148,0.156816992,0.156815849,0.156814712,0.156815398,0.15681631
667,INPUT_SKIN3_90_5.txt,OUTPUT_LUNG_90_5.txt,2,0.443367805,15.04762577,15.04792108,15.04839589,15.04808284,15.0476378
668,INPUT_SKIN3_90_5.txt,OUTPUT_S_90_5.txt,2,12.0932463,9.184662943,9.184803722,9.188537784,9.185125485,9.187132076
669,INPUT_SKIN3_90_5.txt,OUTPUT_SKIN1_90_5.txt,2,0.041895959,0.018639988,0.018639933,0.018640042,0.018640042,0.018639988
670,INPUT_SKIN3_90_5.txt,OUTPUT_SKIN10_90_5.txt,2,1.046499265,0.943610143,0.943192836,0.94359479,0.94352026,0.94359777
671,INPUT_SKIN3_90_5.txt,OUTPUT_SKIN11_90_5.txt,2,0.767875689,0.760844458,0.761243665,0.760696288,0.760994653,0.760838502
672,INPUT_SKIN3_90_5.txt,OUTPUT_SKIN12_90_5.txt,2,1.208155932,1.345409613,1.345400729,1.345443951,1.345468548,1.345409613
673,INPUT_SKIN3_90_5.txt,OUTPUT_SKIN2_90_5.txt,2,0.058867931,0.063054441,0.063054257,0.063054626,0.063054626,0.063054441
674,INPUT_SKIN3_90_5.txt,OUTPUT_SKIN3_90_5.txt,2,-342168,-170983,-170983.5,-170982.5,-170982.5,-170983
675,INPUT_SKIN3_90_5.txt,OUTPUT_SKIN4_90_5.txt,2,6.966952685,6.637599593,6.639402539,6.63778931,6.638661138,6.639950191
676,INPUT_SKIN3_90_5.txt,OUTPUT_SKIN5_90_5.txt,2,0.603346442,0.742589351,0.742563402,0.742598891,0.742564718,0.742531919
677,INPUT_SKIN3_90_5.txt,OUTPUT_SKIN6_90_5.txt,2,69.6156872,60.29284105,60.29250366,60.29317845,60.29317845,60.29284105
678,INPUT_SKIN3_90_5.txt,OUTPUT_SKIN7_90_5.txt,2,0.397946826,0.615027538,0.615380327,0.615372171,0.615074519,0.615378687
679,INPUT_SKIN3_90_5.txt,OUTPUT_SKIN8_90_5.txt,2,0.334809469,0.251329266,0.251328528,0.251330004,0.251324692,0.251329266
680,INPUT_SKIN3_90_5.txt,OUTPUT_SKIN9_90_5.txt,2,0.744944069,0.837069428,0.837079045,0.836995696,0.837117004,0.836957093
681,INPUT_SKIN4_90_5.txt,OUTPUT_BM1_90_5.txt,2,2.914985715,2.664906259,2.664772204,2.664777763,2.666523248,2.664534642
682,INPUT_SKIN4_90_5.txt,OUTPUT_BM2_90_5.txt,2,3.510637313,4.085584447,4.084240141,4.084716984,4.084575478,4.083680085
683,INPUT_SKIN4_90_5.txt,OUTPUT_GUT_90_5.txt,2,NA,NA,NA,NA,NA,NA
684,INPUT_SKIN4_90_5.txt,OUTPUT_L_90_5.txt,2,2.989283685,2.567260547,2.566471507,2.566910497,2.565831066,2.566538812
685,INPUT_SKIN4_90_5.txt,OUTPUT_LN1_90_5.txt,2,0.050566164,0.059108168,0.059116407,0.059129224,0.059100056,0.059111195
686,INPUT_SKIN4_90_5.txt,OUTPUT_LN2_90_5.txt,2,0.077079648,0.057126868,0.057116159,0.057126425,0.057120857,0.05711263
687,INPUT_SKIN4_90_5.txt,OUTPUT_LUNG_90_5.txt,2,0.32286616,0.334375618,0.334219282,0.33419475,0.334236643,0.33428046
688,INPUT_SKIN4_90_5.txt,OUTPUT_S_90_5.txt,2,1.761487719,1.768100947,1.767808885,1.770211166,1.768120433,1.768978884
689,INPUT_SKIN4_90_5.txt,OUTPUT_SKIN1_90_5.txt,2,0.018718469,0.017983813,0.017979993,0.017983454,0.017981625,0.017978883
690,INPUT_SKIN4_90_5.txt,OUTPUT_SKIN10_90_5.txt,2,0.119486685,0.095716111,0.095654192,0.095712485,0.095695127,0.095688578
691,INPUT_SKIN4_90_5.txt,OUTPUT_SKIN11_90_5.txt,2,0.335189711,0.206705968,0.206766222,0.206714341,0.206775841,0.206698192
692,INPUT_SKIN4_90_5.txt,OUTPUT_SKIN12_90_5.txt,2,0.385236825,0.314856879,0.314788665,0.314851032,0.31482463,0.314770319
693,INPUT_SKIN4_90_5.txt,OUTPUT_SKIN2_90_5.txt,2,0.022150034,0.029344052,0.029337823,0.029343467,0.029340485,0.029336013
694,INPUT_SKIN4_90_5.txt,OUTPUT_SKIN3_90_5.txt,2,0.152005847,0.070487509,0.070472935,0.070485681,0.070478505,0.070468161
695,INPUT_SKIN4_90_5.txt,OUTPUT_SKIN4_90_5.txt,2,-549175,-275480.5,-275539,-275486,-275514,-275556
696,INPUT_SKIN4_90_5.txt,OUTPUT_SKIN5_90_5.txt,2,0.2333165,0.202881307,0.202818594,0.202878417,0.202853383,0.202798404
697,INPUT_SKIN4_90_5.txt,OUTPUT_SKIN6_90_5.txt,2,0.222148328,0.179194818,0.179156587,0.179191223,0.179172923,0.17914548
698,INPUT_SKIN4_90_5.txt,OUTPUT_SKIN7_90_5.txt,2,0.230519639,0.218379025,0.218445937,0.2184866,0.21836491,0.218439167
699,INPUT_SKIN4_90_5.txt,OUTPUT_SKIN8_90_5.txt,2,0.148039454,0.155848431,0.155815269,0.155845313,0.155827721,0.155805634
700,INPUT_SKIN4_90_5.txt,OUTPUT_SKIN9_90_5.txt,2,0.309280219,0.27104788,0.270996578,0.271077747,0.271022566,0.270986833
701,INPUT_SKIN5_90_5.txt,OUTPUT_BM1_90_5.txt,2,9.142463418,8.766990104,8.766916908,8.766838586,8.76613855,8.767145234
702,INPUT_SKIN5_90_5.txt,OUTPUT_BM2_90_5.txt,2,8.693031484,8.33538398,8.335655534,8.335483847,8.335690157,8.335927524
703,INPUT_SKIN5_90_5.txt,OUTPUT_GUT_90_5.txt,2,NA,NA,NA,NA,NA,NA
704,INPUT_SKIN5_90_5.txt,OUTPUT_L_90_5.txt,2,8.916715276,8.555078268,8.555327631,8.555037683,8.555734797,8.555415251
705,INPUT_SKIN5_90_5.txt,OUTPUT_LN1_90_5.txt,2,0.600713303,1.056865446,1.056630662,1.056593691,1.056869416,1.05666878
706,INPUT_SKIN5_90_5.txt,OUTPUT_LN2_90_5.txt,2,14.34796753,15.65557838,15.65596456,15.65504713,15.65571583,15.65632738
707,INPUT_SKIN5_90_5.txt,OUTPUT_LUNG_90_5.txt,2,9.931016291,9.505229656,9.505751338,9.505794266,9.505828881,9.505633442
708,INPUT_SKIN5_90_5.txt,OUTPUT_S_90_5.txt,2,8.446545287,8.114079947,8.114187803,8.113134095,8.114147892,8.113879178
709,INPUT_SKIN5_90_5.txt,OUTPUT_SKIN1_90_5.txt,2,0.111543591,0.106590792,0.106592481,0.106589104,0.106592692,0.106594801
710,INPUT_SKIN5_90_5.txt,OUTPUT_SKIN10_90_5.txt,2,80.32928085,81.18223807,81.14973223,81.17800653,81.17718135,81.1831674
711,INPUT_SKIN5_90_5.txt,OUTPUT_SKIN11_90_5.txt,2,3.667535037,3.543625224,3.545044119,3.544026132,3.54525535,3.544690081
712,INPUT_SKIN5_90_5.txt,OUTPUT_SKIN12_90_5.txt,2,272.4442273,264.1492214,264.1382222,264.1464558,264.1404692,264.1255258
713,INPUT_SKIN5_90_5.txt,OUTPUT_SKIN2_90_5.txt,2,0.196824518,0.227877797,0.227881347,0.227874183,0.227881799,0.227886315
714,INPUT_SKIN5_90_5.txt,OUTPUT_SKIN3_90_5.txt,2,82.29272382,78.76504059,78.76931181,78.76336089,78.76815832,78.77030925
715,INPUT_SKIN5_90_5.txt,OUTPUT_SKIN4_90_5.txt,2,36.47268978,35.51834789,35.52575434,35.51838048,35.52241252,35.52914525
716,INPUT_SKIN5_90_5.txt,OUTPUT_SKIN5_90_5.txt,2,-503772,-252834,-252830,-252838,-252829.5,-252824.5
717,INPUT_SKIN5_90_5.txt,OUTPUT_SKIN6_90_5.txt,2,33.39199095,31.87169126,31.87245471,31.8711915,31.87278759,31.87348989
718,INPUT_SKIN5_90_5.txt,OUTPUT_SKIN7_90_5.txt,2,17.94021181,31.92490264,31.94287457,31.94091902,31.92717817,31.94262457
719,INPUT_SKIN5_90_5.txt,OUTPUT_SKIN8_90_5.txt,2,94.84780181,91.67371512,91.67648534,91.67360667,91.67598285,91.67342242
720,INPUT_SKIN5_90_5.txt,OUTPUT_SKIN9_90_5.txt,2,132.7819739,139.6648108,139.6744202,139.6560734,139.6792383,139.6449868
721,INPUT_SKIN6_90_5.txt,OUTPUT_BM1_90_5.txt,2,13.13124561,11.19979518,11.20180317,11.19947134,11.2083384,11.20151885
722,INPUT_SKIN6_90_5.txt,OUTPUT_BM2_90_5.txt,2,16.18452866,20.2796058,20.27767378,20.27596702,20.27738396,20.27632127
723,INPUT_SKIN6_90_5.txt,OUTPUT_GUT_90_5.txt,2,NA,NA,NA,NA,NA,NA
724,INPUT_SKIN6_90_5.txt,OUTPUT_L_90_5.txt,2,10.08895594,8.402322569,8.401531588,8.401247273,8.398323816,8.402377499
725,INPUT_SKIN6_90_5.txt,OUTPUT_LN1_90_5.txt,2,0.140980301,0.156602323,0.156631862,0.156633353,0.156599962,0.156629031
726,INPUT_SKIN6_90_5.txt,OUTPUT_LN2_90_5.txt,2,0.232255382,0.225792738,0.225794806,0.225791889,0.225792862,0.225794807
727,INPUT_SKIN6_90_5.txt,OUTPUT_LUNG_90_5.txt,2,0.587690625,1.065503583,1.065229873,1.064942041,1.065187404,1.065494145
728,INPUT_SKIN6_90_5.txt,OUTPUT_S_90_5.txt,2,5.509660341,5.75386526,5.754195985,5.76131878,5.754703107,5.758650225
729,INPUT_SKIN6_90_5.txt,OUTPUT_SKIN1_90_5.txt,2,0.055337165,0.050105981,0.050105981,0.050105981,0.050105981,0.050105981
730,INPUT_SKIN6_90_5.txt,OUTPUT_SKIN10_90_5.txt,2,0.460870601,0.418528746,0.418345396,0.418520714,0.418487755,0.418523275
731,INPUT_SKIN6_90_5.txt,OUTPUT_SKIN11_90_5.txt,2,1.079769455,1.202693731,1.203314329,1.202690211,1.203173831,1.202909492
732,INPUT_SKIN6_90_5.txt,OUTPUT_SKIN12_90_5.txt,2,1.200989072,1.251522005,1.251517574,1.251539853,1.251562004,1.251522005
733,INPUT_SKIN6_90_5.txt,OUTPUT_SKIN2_90_5.txt,2,0.106237203,0.090303312,0.090303312,0.090303312,0.090303312,0.090303312
734,INPUT_SKIN6_90_5.txt,OUTPUT_SKIN3_90_5.txt,2,0.498490555,0.551598598,0.551601791,0.551595405,0.551595405,0.551598598
735,INPUT_SKIN6_90_5.txt,OUTPUT_SKIN4_90_5.txt,2,0.872067108,0.709650633,0.709918811,0.709675846,0.709804203,0.709996747
736,INPUT_SKIN6_90_5.txt,OUTPUT_SKIN5_90_5.txt,2,0.758974039,0.762002046,0.761948942,0.762013344,0.76198862,0.761927173
737,INPUT_SKIN6_90_5.txt,OUTPUT_SKIN6_90_5.txt,2,-257860.5,-129256.5,-129256.5,-129256.5,-129256.5,-129256.5
738,INPUT_SKIN6_90_5.txt,OUTPUT_SKIN7_90_5.txt,2,0.438505724,0.46671868,0.466977726,0.466968635,0.466741314,0.466968858
739,INPUT_SKIN6_90_5.txt,OUTPUT_SKIN8_90_5.txt,2,0.512846815,0.643820593,0.643820593,0.643820593,0.64379413,0.643820593
740,INPUT_SKIN6_90_5.txt,OUTPUT_SKIN9_90_5.txt,2,1.054212464,0.964444102,0.964456788,0.964354467,0.964493525,0.964316848
741,INPUT_SKIN7_90_5.txt,OUTPUT_BM1_90_5.txt,2,4.772083571,4.801271231,4.80021171,4.799948333,4.801920395,4.800191342
742,INPUT_SKIN7_90_5.txt,OUTPUT_BM2_90_5.txt,2,5.792953243,5.600192754,5.59867362,5.598722511,5.600029077,5.598693272
743,INPUT_SKIN7_90_5.txt,OUTPUT_GUT_90_5.txt,2,NA,NA,NA,NA,NA,NA
744,INPUT_SKIN7_90_5.txt,OUTPUT_L_90_5.txt,2,5.23468212,4.683724949,4.682364997,4.682346938,4.683134531,4.682463355
745,INPUT_SKIN7_90_5.txt,OUTPUT_LN1_90_5.txt,2,0.697601597,0.657265707,0.656928281,0.656931592,0.657280764,0.656986054
746,INPUT_SKIN7_90_5.txt,OUTPUT_LN2_90_5.txt,2,1.175531846,1.239587885,1.239246147,1.239235942,1.23953565,1.23924564
747,INPUT_SKIN7_90_5.txt,OUTPUT_LUNG_90_5.txt,2,0.143402895,0.270140406,0.270000149,0.26993027,0.270054251,0.270065479
748,INPUT_SKIN7_90_5.txt,OUTPUT_S_90_5.txt,2,4.951772631,4.512998248,4.511827603,4.512970382,4.512993182,4.512530224
749,INPUT_SKIN7_90_5.txt,OUTPUT_SKIN1_90_5.txt,2,0.126098504,0.054688763,0.05467412,0.054674297,0.0546872,0.054673992
750,INPUT_SKIN7_90_5.txt,OUTPUT_SKIN10_90_5.txt,2,53.62091195,52.04755656,52.01858344,52.03525374,52.04461814,52.03362393
751,INPUT_SKIN7_90_5.txt,OUTPUT_SKIN11_90_5.txt,2,2.387625044,4.711174462,4.71127031,4.710487651,4.712675123,4.710910951
752,INPUT_SKIN7_90_5.txt,OUTPUT_SKIN12_90_5.txt,2,3.62122106,3.598068477,3.597137258,3.597244186,3.598021269,3.597233757
753,INPUT_SKIN7_90_5.txt,OUTPUT_SKIN2_90_5.txt,2,19.62391508,19.1872253,19.1814613,19.18124,19.18693077,19.18110548
754,INPUT_SKIN7_90_5.txt,OUTPUT_SKIN3_90_5.txt,2,52.72587466,50.60561536,50.61168262,50.61418977,50.60390865,50.6144105
755,INPUT_SKIN7_90_5.txt,OUTPUT_SKIN4_90_5.txt,2,75.25189856,72.67911866,72.71978942,72.71903653,72.69487064,72.72829132
756,INPUT_SKIN7_90_5.txt,OUTPUT_SKIN5_90_5.txt,2,3.504440827,3.891874469,3.890705981,3.890967049,3.891622853,3.890528155
757,INPUT_SKIN7_90_5.txt,OUTPUT_SKIN6_90_5.txt,2,24.52247172,23.41839649,23.41256858,23.41300846,23.41769401,23.41266571
758,INPUT_SKIN7_90_5.txt,OUTPUT_SKIN7_90_5.txt,2,-642217,-322090,-322176.5,-322175,-322099.5,-322176.5
759,INPUT_SKIN7_90_5.txt,OUTPUT_SKIN8_90_5.txt,2,3.044247077,3.064921746,3.064091598,3.064093871,3.064836068,3.064073196
760,INPUT_SKIN7_90_5.txt,OUTPUT_SKIN9_90_5.txt,2,8.708368782,8.672646505,8.670521775,8.669620438,8.67284458,8.669204639
761,INPUT_SKIN8_90_5.txt,OUTPUT_BM1_90_5.txt,2,7.136943174,6.934535022,6.934850093,6.934391929,6.937576206,6.934731221
762,INPUT_SKIN8_90_5.txt,OUTPUT_BM2_90_5.txt,2,9.29844901,7.910287914,7.909689299,7.90916046,7.909602139,7.909270224
763,INPUT_SKIN8_90_5.txt,OUTPUT_GUT_90_5.txt,2,NA,NA,NA,NA,NA,NA
764,INPUT_SKIN8_90_5.txt,OUTPUT_L_90_5.txt,2,5.99218074,5.621965021,5.621575758,5.621431916,5.619998324,5.621992053
765,INPUT_SKIN8_90_5.txt,OUTPUT_LN1_90_5.txt,2,0.1182056,0.133057422,0.133024779,0.1330243,0.133046258,0.133017458
766,INPUT_SKIN8_90_5.txt,OUTPUT_LN2_90_5.txt,2,0.225117496,0.201411382,0.201412441,0.201409871,0.201410729,0.201412442
767,INPUT_SKIN8_90_5.txt,OUTPUT_LUNG_90_5.txt,2,0.187261142,2.971871825,2.971237134,2.970569627,2.971139052,2.971849939
768,INPUT_SKIN8_90_5.txt,OUTPUT_S_90_5.txt,2,3.918996207,2.929741112,2.92989395,2.933185194,2.930128693,2.93195222
769,INPUT_SKIN8_90_5.txt,OUTPUT_SKIN1_90_5.txt,2,0.018121063,0.014059239,0.014059239,0.014059239,0.014059239,0.014059239
770,INPUT_SKIN8_90_5.txt,OUTPUT_SKIN10_90_5.txt,2,0.237867094,0.16805137,0.167978331,0.168048381,0.168034974,0.168049136
771,INPUT_SKIN8_90_5.txt,OUTPUT_SKIN11_90_5.txt,2,0.572734075,0.618564926,0.618880531,0.618526443,0.61876881,0.61863859
772,INPUT_SKIN8_90_5.txt,OUTPUT_SKIN12_90_5.txt,2,1.267927612,1.189405064,1.189400882,1.189373801,1.18942165,1.189378032
773,INPUT_SKIN8_90_5.txt,OUTPUT_SKIN2_90_5.txt,2,0.079547643,0.035733029,0.035733029,0.035733029,0.035733029,0.035733029
774,INPUT_SKIN8_90_5.txt,OUTPUT_SKIN3_90_5.txt,2,0.21640883,0.192267048,0.192268181,0.192265916,0.192265916,0.192267048
775,INPUT_SKIN8_90_5.txt,OUTPUT_SKIN4_90_5.txt,2,0.559627071,0.561383135,0.561620036,0.561405406,0.561518733,0.561688888
776,INPUT_SKIN8_90_5.txt,OUTPUT_SKIN5_90_5.txt,2,0.532892962,0.611443717,0.611409538,0.611432926,0.611417504,0.611368244
777,INPUT_SKIN8_90_5.txt,OUTPUT_SKIN6_90_5.txt,2,0.542262465,0.480119974,0.480119974,0.480119974,0.480119982,0.480119974
778,INPUT_SKIN8_90_5.txt,OUTPUT_SKIN7_90_5.txt,2,0.450697484,0.444926367,0.445150713,0.445139214,0.444938763,0.445150184
779,INPUT_SKIN8_90_5.txt,OUTPUT_SKIN8_90_5.txt,2,-483313.5,-242228,-242228,-242228,-242228,-242228
780,INPUT_SKIN8_90_5.txt,OUTPUT_SKIN9_90_5.txt,2,0.937278531,0.921700292,0.921713794,0.92161837,0.921749952,0.921577894
781,INPUT_SKIN9_90_5.txt,OUTPUT_BM1_90_5.txt,2,2.875078203,3.203172439,3.203256477,3.203281526,3.203377842,3.203478176
782,INPUT_SKIN9_90_5.txt,OUTPUT_BM2_90_5.txt,2,4.038888568,3.658956922,3.658978155,3.659204311,3.658913751,3.659279703
783,INPUT_SKIN9_90_5.txt,OUTPUT_GUT_90_5.txt,2,NA,NA,NA,NA,NA,NA
784,INPUT_SKIN9_90_5.txt,OUTPUT_L_90_5.txt,2,3.266311928,2.97841125,2.978342874,2.978467319,2.978099052,2.978609187
785,INPUT_SKIN9_90_5.txt,OUTPUT_LN1_90_5.txt,2,0.32527507,0.521224767,0.521091031,0.521113534,0.521242896,0.521174681
786,INPUT_SKIN9_90_5.txt,OUTPUT_LN2_90_5.txt,2,0.386718237,0.387347119,0.387342566,0.387356145,0.387331839,0.387369971
787,INPUT_SKIN9_90_5.txt,OUTPUT_LUNG_90_5.txt,2,4.716814834,4.07820624,4.078320882,4.078681399,4.078262495,4.078481526
788,INPUT_SKIN9_90_5.txt,OUTPUT_S_90_5.txt,2,3.998461964,3.560152399,3.560110694,3.559977078,3.560018561,3.560175871
789,INPUT_SKIN9_90_5.txt,OUTPUT_SKIN1_90_5.txt,2,0.005235335,0.003642743,0.003642716,0.003642903,0.003642645,0.003642983
790,INPUT_SKIN9_90_5.txt,OUTPUT_SKIN10_90_5.txt,2,68.30601428,58.81599915,58.81697031,58.81994369,58.81358195,58.81538072
791,INPUT_SKIN9_90_5.txt,OUTPUT_SKIN11_90_5.txt,2,0.978189922,0.757778031,0.758105442,0.757915846,0.758131658,0.758048041
792,INPUT_SKIN9_90_5.txt,OUTPUT_SKIN12_90_5.txt,2,2.981654063,13.07333268,13.07320832,13.07436086,13.07321185,13.07461366
793,INPUT_SKIN9_90_5.txt,OUTPUT_SKIN2_90_5.txt,2,17.08817629,14.9195031,14.91938031,14.91814899,14.91950154,14.91858595
794,INPUT_SKIN9_90_5.txt,OUTPUT_SKIN3_90_5.txt,2,0.534958034,0.381117929,0.381117336,0.381131794,0.381105475,0.381142586
795,INPUT_SKIN9_90_5.txt,OUTPUT_SKIN4_90_5.txt,2,46.54632889,40.88897675,40.89700945,40.8941425,40.89324743,40.90208705
796,INPUT_SKIN9_90_5.txt,OUTPUT_SKIN5_90_5.txt,2,0.942904748,1.564002341,1.563940275,1.564122257,1.563903218,1.563983583
797,INPUT_SKIN9_90_5.txt,OUTPUT_SKIN6_90_5.txt,2,16.2189581,13.9894028,13.98920809,13.98850665,13.98913217,13.98915813
798,INPUT_SKIN9_90_5.txt,OUTPUT_SKIN7_90_5.txt,2,0.834551195,1.312942616,1.313653045,1.313705027,1.312985876,1.313746736
799,INPUT_SKIN9_90_5.txt,OUTPUT_SKIN8_90_5.txt,2,74.99822957,64.83663128,64.83570162,64.82647833,64.83328387,64.82978273
800,INPUT_SKIN9_90_5.txt,OUTPUT_SKIN9_90_5.txt,2,-407986,-204738,-204739.5,-204729,-204743.5,-204724.5
801,INPUT_BM1_90_5.txt,OUTPUT_BM1_90_5.txt,3,-651990,-327940,-327955,-327984,-328064,-328114.5
802,INPUT_BM1_90_5.txt,OUTPUT_BM2_90_5.txt,3,7.296595406,6.714799069,6.712297582,6.713939284,6.71150907,6.707579322
803,INPUT_BM1_90_5.txt,OUTPUT_GUT_90_5.txt,3,NA,NA,NA,NA,NA,NA
804,INPUT_BM1_90_5.txt,OUTPUT_L_90_5.txt,3,5.411939833,5.075627852,5.080422049,5.079408609,5.077024958,5.072964568
805,INPUT_BM1_90_5.txt,OUTPUT_LN1_90_5.txt,3,0.55875748,0.504399232,0.504375965,0.504330989,0.504206957,0.504128693
806,INPUT_BM1_90_5.txt,OUTPUT_LN2_90_5.txt,3,0.062074174,0.094433662,0.094428554,0.094439095,0.094417427,0.094381335
807,INPUT_BM1_90_5.txt,OUTPUT_LUNG_90_5.txt,3,446.7893324,386.9128632,386.9320509,386.9689848,387.071847,387.1349574
808,INPUT_BM1_90_5.txt,OUTPUT_S_90_5.txt,3,NA,NA,NA,NA,NA,NA
809,INPUT_BM1_90_5.txt,OUTPUT_SKIN1_90_5.txt,3,0.023656415,0.025020894,0.025019748,0.025017567,0.025011459,0.025007671
810,INPUT_BM1_90_5.txt,OUTPUT_SKIN10_90_5.txt,3,0.009831113,0.015197876,0.015197181,0.015195836,0.015192128,0.015189789
811,INPUT_BM1_90_5.txt,OUTPUT_SKIN11_90_5.txt,3,0.027974683,0.010912645,0.010912146,0.01091118,0.010908518,0.010906839
812,INPUT_BM1_90_5.txt,OUTPUT_SKIN12_90_5.txt,3,0.046454251,0.07320973,0.073206371,0.0731996,0.073182528,0.073171507
813,INPUT_BM1_90_5.txt,OUTPUT_SKIN2_90_5.txt,3,0.165874025,0.12840662,0.128423858,0.128427977,0.128368295,0.128396379
814,INPUT_BM1_90_5.txt,OUTPUT_SKIN3_90_5.txt,3,0.015324756,0.025734716,0.025733538,0.02573126,0.025724978,0.025721014
815,INPUT_BM1_90_5.txt,OUTPUT_SKIN4_90_5.txt,3,0.063728426,0.053711349,0.053715833,0.053709831,0.053695788,0.053687669
816,INPUT_BM1_90_5.txt,OUTPUT_SKIN5_90_5.txt,3,0.072416267,0.075323777,0.075320319,0.075313636,0.075295205,0.075283576
817,INPUT_BM1_90_5.txt,OUTPUT_SKIN6_90_5.txt,3,0.044089521,0.044878917,0.04487556,0.044869999,0.044857526,0.044853362
818,INPUT_BM1_90_5.txt,OUTPUT_SKIN7_90_5.txt,3,0.034109558,0.031559504,0.031557834,0.031555186,0.031547335,0.031542487
819,INPUT_BM1_90_5.txt,OUTPUT_SKIN8_90_5.txt,3,0.026649419,0.037252802,0.037206398,0.037196,0.037234896,0.037231063
820,INPUT_BM1_90_5.txt,OUTPUT_SKIN9_90_5.txt,3,0.014946223,0.008577172,0.00857678,0.008576021,0.008573929,0.008572609
821,INPUT_BM2_90_5.txt,OUTPUT_BM1_90_5.txt,3,0.891201094,0.850239718,0.850456763,0.850465573,0.850931358,0.851377702
822,INPUT_BM2_90_5.txt,OUTPUT_BM2_90_5.txt,3,-718976,-360454.5,-360395.5,-360455.5,-360434,-360356
823,INPUT_BM2_90_5.txt,OUTPUT_GUT_90_5.txt,3,NA,NA,NA,NA,NA,NA
824,INPUT_BM2_90_5.txt,OUTPUT_L_90_5.txt,3,20.9830769,15.64761713,15.66202198,15.65760938,15.65886815,15.65215175
825,INPUT_BM2_90_5.txt,OUTPUT_LN1_90_5.txt,3,1.230627895,0.904405898,0.90455602,0.904403354,0.904458053,0.904656554
826,INPUT_BM2_90_5.txt,OUTPUT_LN2_90_5.txt,3,0.123381438,0.117389889,0.117409242,0.117327032,0.117334146,0.117419505
827,INPUT_BM2_90_5.txt,OUTPUT_LUNG_90_5.txt,3,540.685622,497.926675,497.8385911,497.9292089,497.9012392,497.7814322
828,INPUT_BM2_90_5.txt,OUTPUT_S_90_5.txt,3,NA,NA,NA,NA,NA,NA
829,INPUT_BM2_90_5.txt,OUTPUT_SKIN1_90_5.txt,3,0.030404539,0.024372239,0.024376233,0.024372102,0.024373557,0.024378698
830,INPUT_BM2_90_5.txt,OUTPUT_SKIN10_90_5.txt,3,0.034306655,0.029253466,0.029258261,0.029253385,0.029255132,0.029261471
831,INPUT_BM2_90_5.txt,OUTPUT_SKIN11_90_5.txt,3,0.07625892,0.054056343,0.054065209,0.054056193,0.054059424,0.054071147
832,INPUT_BM2_90_5.txt,OUTPUT_SKIN12_90_5.txt,3,0.160449443,0.133252728,0.133274653,0.13325189,0.133261276,0.133290734
833,INPUT_BM2_90_5.txt,OUTPUT_SKIN2_90_5.txt,3,0.232595771,0.131417601,0.13146414,0.13145701,0.13143454,0.131514789
834,INPUT_BM2_90_5.txt,OUTPUT_SKIN3_90_5.txt,3,0.02175594,0.021098718,0.021102175,0.02109866,0.021099919,0.02110449
835,INPUT_BM2_90_5.txt,OUTPUT_SKIN4_90_5.txt,3,0.052329537,0.041121596,0.04113372,0.041125969,0.041127703,0.041136757
836,INPUT_BM2_90_5.txt,OUTPUT_SKIN5_90_5.txt,3,0.088229055,0.070504869,0.070516445,0.070504673,0.070508891,0.070524198
837,INPUT_BM2_90_5.txt,OUTPUT_SKIN6_90_5.txt,3,0.06889102,0.045716581,0.045722794,0.045713532,0.045714647,0.045727472
838,INPUT_BM2_90_5.txt,OUTPUT_SKIN7_90_5.txt,3,0.097603126,0.091219617,0.091228249,0.091217122,0.091218472,0.091238656
839,INPUT_BM2_90_5.txt,OUTPUT_SKIN8_90_5.txt,3,0.062592478,0.0407976,0.040760636,0.040747295,0.040795895,0.040806585
840,INPUT_BM2_90_5.txt,OUTPUT_SKIN9_90_5.txt,3,0.020820918,0.024428659,0.024432661,0.024428591,0.024430049,0.024435342
841,INPUT_GUT_90_5.txt,OUTPUT_BM1_90_5.txt,3,NA,NA,NA,NA,NA,NA
842,INPUT_GUT_90_5.txt,OUTPUT_BM2_90_5.txt,3,NA,NA,NA,NA,NA,NA
843,INPUT_GUT_90_5.txt,OUTPUT_GUT_90_5.txt,3,NA,NA,NA,NA,NA,NA
844,INPUT_GUT_90_5.txt,OUTPUT_L_90_5.txt,3,NA,NA,NA,NA,NA,NA
845,INPUT_GUT_90_5.txt,OUTPUT_LN1_90_5.txt,3,NA,NA,NA,NA,NA,NA
846,INPUT_GUT_90_5.txt,OUTPUT_LN2_90_5.txt,3,NA,NA,NA,NA,NA,NA
847,INPUT_GUT_90_5.txt,OUTPUT_LUNG_90_5.txt,3,NA,NA,NA,NA,NA,NA
848,INPUT_GUT_90_5.txt,OUTPUT_S_90_5.txt,3,NA,NA,NA,NA,NA,NA
849,INPUT_GUT_90_5.txt,OUTPUT_SKIN1_90_5.txt,3,NA,NA,NA,NA,NA,NA
850,INPUT_GUT_90_5.txt,OUTPUT_SKIN10_90_5.txt,3,NA,NA,NA,NA,NA,NA
851,INPUT_GUT_90_5.txt,OUTPUT_SKIN11_90_5.txt,3,NA,NA,NA,NA,NA,NA
852,INPUT_GUT_90_5.txt,OUTPUT_SKIN12_90_5.txt,3,NA,NA,NA,NA,NA,NA
853,INPUT_GUT_90_5.txt,OUTPUT_SKIN2_90_5.txt,3,NA,NA,NA,NA,NA,NA
854,INPUT_GUT_90_5.txt,OUTPUT_SKIN3_90_5.txt,3,NA,NA,NA,NA,NA,NA
855,INPUT_GUT_90_5.txt,OUTPUT_SKIN4_90_5.txt,3,NA,NA,NA,NA,NA,NA
856,INPUT_GUT_90_5.txt,OUTPUT_SKIN5_90_5.txt,3,NA,NA,NA,NA,NA,NA
857,INPUT_GUT_90_5.txt,OUTPUT_SKIN6_90_5.txt,3,NA,NA,NA,NA,NA,NA
858,INPUT_GUT_90_5.txt,OUTPUT_SKIN7_90_5.txt,3,NA,NA,NA,NA,NA,NA
859,INPUT_GUT_90_5.txt,OUTPUT_SKIN8_90_5.txt,3,NA,NA,NA,NA,NA,NA
860,INPUT_GUT_90_5.txt,OUTPUT_SKIN9_90_5.txt,3,NA,NA,NA,NA,NA,NA
861,INPUT_L_90_5.txt,OUTPUT_BM1_90_5.txt,3,120.5339863,107.7183307,107.6797625,107.7028077,107.7640738,107.8254152
862,INPUT_L_90_5.txt,OUTPUT_BM2_90_5.txt,3,1064.605769,1004.116158,1004.381797,1004.40867,1004.306063,1004.017579
863,INPUT_L_90_5.txt,OUTPUT_GUT_90_5.txt,3,NA,NA,NA,NA,NA,NA
864,INPUT_L_90_5.txt,OUTPUT_L_90_5.txt,3,-1194806.5,-598784.5,-599088.5,-599055.5,-598980,-598787.5
865,INPUT_L_90_5.txt,OUTPUT_LN1_90_5.txt,3,0.842338035,0.802077645,0.801665567,0.801710258,0.801812713,0.802073578
866,INPUT_L_90_5.txt,OUTPUT_LN2_90_5.txt,3,0.049645709,0.06156912,0.06153781,0.061506074,0.061513881,0.061567341
867,INPUT_L_90_5.txt,OUTPUT_LUNG_90_5.txt,3,382.1550447,347.6020039,347.7954695,347.7748062,347.7293506,347.6054787
868,INPUT_L_90_5.txt,OUTPUT_S_90_5.txt,3,NA,NA,NA,NA,NA,NA
869,INPUT_L_90_5.txt,OUTPUT_SKIN1_90_5.txt,3,0.02928617,0.022790672,0.022779095,0.022780344,0.022783219,0.022790537
870,INPUT_L_90_5.txt,OUTPUT_SKIN10_90_5.txt,3,0.029497842,0.02580616,0.025793053,0.025794475,0.025797729,0.025806031
871,INPUT_L_90_5.txt,OUTPUT_SKIN11_90_5.txt,3,0.025671778,0.006966655,0.006963118,0.006963502,0.00696438,0.00696662
872,INPUT_L_90_5.txt,OUTPUT_SKIN12_90_5.txt,3,0.15140718,0.129111984,0.129046107,0.129052781,0.129070575,0.129112745
873,INPUT_L_90_5.txt,OUTPUT_SKIN2_90_5.txt,3,0.161112595,0.108143178,0.108110868,0.108123516,0.108109412,0.108191681
874,INPUT_L_90_5.txt,OUTPUT_SKIN3_90_5.txt,3,0.015152239,0.012244791,0.012238574,0.012239249,0.012240792,0.012244729
875,INPUT_L_90_5.txt,OUTPUT_SKIN4_90_5.txt,3,0.05667462,0.052207138,0.052187487,0.052189202,0.052194875,0.052211863
876,INPUT_L_90_5.txt,OUTPUT_SKIN5_90_5.txt,3,0.078212511,0.078369069,0.078329128,0.078333457,0.078343406,0.078368675
877,INPUT_L_90_5.txt,OUTPUT_SKIN6_90_5.txt,3,0.062633411,0.059241205,0.0592095,0.059210452,0.059215295,0.059238894
878,INPUT_L_90_5.txt,OUTPUT_SKIN7_90_5.txt,3,0.07469176,0.050495503,0.050466286,0.050471366,0.050475445,0.05049191
879,INPUT_L_90_5.txt,OUTPUT_SKIN8_90_5.txt,3,0.048673963,0.033579962,0.033525855,0.033522146,0.03356557,0.033577942
880,INPUT_L_90_5.txt,OUTPUT_SKIN9_90_5.txt,3,0.016449867,0.006793366,0.006789918,0.006790292,0.006791148,0.006793332
881,INPUT_LN1_90_5.txt,OUTPUT_BM1_90_5.txt,3,2.648023148,3.096456247,3.096729234,3.097257039,3.098713255,3.099632646
882,INPUT_LN1_90_5.txt,OUTPUT_BM2_90_5.txt,3,19.89735553,17.76469744,17.76012238,17.76477499,17.7631078,17.75705944
883,INPUT_LN1_90_5.txt,OUTPUT_GUT_90_5.txt,3,NA,NA,NA,NA,NA,NA
884,INPUT_LN1_90_5.txt,OUTPUT_L_90_5.txt,3,23.93962465,22.28659369,22.30359894,22.30174399,22.29758325,22.28676233
885,INPUT_LN1_90_5.txt,OUTPUT_LN1_90_5.txt,3,-78733.5,-39508,-39508,-39508,-39508,-39508
886,INPUT_LN1_90_5.txt,OUTPUT_LN2_90_5.txt,3,1.175595793,1.890686496,1.890685632,1.88954074,1.889540165,1.89064085
887,INPUT_LN1_90_5.txt,OUTPUT_LUNG_90_5.txt,3,77.4142653,67.96707776,67.96709654,67.96711532,67.96727242,67.96717508
888,INPUT_LN1_90_5.txt,OUTPUT_S_90_5.txt,3,NA,NA,NA,NA,NA,NA
889,INPUT_LN1_90_5.txt,OUTPUT_SKIN1_90_5.txt,3,0.436970191,0.440886127,0.440886127,0.440887215,0.440887215,0.44088939
890,INPUT_LN1_90_5.txt,OUTPUT_SKIN10_90_5.txt,3,0.126800075,0.439696852,0.439696852,0.439696852,0.439696852,0.439696852
891,INPUT_LN1_90_5.txt,OUTPUT_SKIN11_90_5.txt,3,3.188438721,3.167114266,3.167114266,3.167114266,3.167114266,3.167114266
892,INPUT_LN1_90_5.txt,OUTPUT_SKIN12_90_5.txt,3,1.793791822,5.229823954,5.229823954,5.229802394,5.229867076,5.229888637
893,INPUT_LN1_90_5.txt,OUTPUT_SKIN2_90_5.txt,3,5.173472469,4.510638109,4.510982485,4.511426645,4.511007126,4.511720791
894,INPUT_LN1_90_5.txt,OUTPUT_SKIN3_90_5.txt,3,0.151789119,0.335209849,0.335209849,0.335209849,0.335209849,0.335209849
895,INPUT_LN1_90_5.txt,OUTPUT_SKIN4_90_5.txt,3,0.37976104,0.647200278,0.647288261,0.64727291,0.647261232,0.647263339
896,INPUT_LN1_90_5.txt,OUTPUT_SKIN5_90_5.txt,3,0.992171358,0.991033137,0.991033137,0.991033137,0.991033137,0.991033137
897,INPUT_LN1_90_5.txt,OUTPUT_SKIN6_90_5.txt,3,0.743820617,0.865646663,0.865608118,0.865591145,0.865644142,0.86560162
898,INPUT_LN1_90_5.txt,OUTPUT_SKIN7_90_5.txt,3,0.406420411,0.38458761,0.384584817,0.384586626,0.384584817,0.384584982
899,INPUT_LN1_90_5.txt,OUTPUT_SKIN8_90_5.txt,3,0.359595147,0.380397949,0.379982522,0.379917519,0.380361733,0.380379413
900,INPUT_LN1_90_5.txt,OUTPUT_SKIN9_90_5.txt,3,0.340052094,0.375894579,0.375894579,0.375894579,0.375894579,0.375894579
901,INPUT_LN2_90_5.txt,OUTPUT_BM1_90_5.txt,3,0.490879744,0.415359707,0.415397166,0.415596109,0.415796018,0.415800672
902,INPUT_LN2_90_5.txt,OUTPUT_BM2_90_5.txt,3,1.865625929,0.659833763,0.659621936,0.66003902,0.659961817,0.659488187
903,INPUT_LN2_90_5.txt,OUTPUT_GUT_90_5.txt,3,NA,NA,NA,NA,NA,NA
904,INPUT_LN2_90_5.txt,OUTPUT_L_90_5.txt,3,5.504317767,1.474040466,1.475468164,1.475770308,1.475415647,1.474072686
905,INPUT_LN2_90_5.txt,OUTPUT_LN1_90_5.txt,3,2.773039324,1.714374524,1.714372507,1.714904122,1.714905101,1.714392759
906,INPUT_LN2_90_5.txt,OUTPUT_LN2_90_5.txt,3,-494293.5,-248032,-248032,-247957,-247957,-248029
907,INPUT_LN2_90_5.txt,OUTPUT_LUNG_90_5.txt,3,30.17563686,26.26671884,26.26671026,26.2776008,26.27764826,26.26713742
908,INPUT_LN2_90_5.txt,OUTPUT_S_90_5.txt,3,NA,NA,NA,NA,NA,NA
909,INPUT_LN2_90_5.txt,OUTPUT_SKIN1_90_5.txt,3,0.060139955,0.026326103,0.026326102,0.026333957,0.026333958,0.026326096
910,INPUT_LN2_90_5.txt,OUTPUT_SKIN10_90_5.txt,3,0.037495511,0.026583513,0.026583512,0.026591555,0.026591556,0.026583833
911,INPUT_LN2_90_5.txt,OUTPUT_SKIN11_90_5.txt,3,0.102667088,0.088100016,0.08809998,0.088126659,0.088126677,0.088101028
912,INPUT_LN2_90_5.txt,OUTPUT_SKIN12_90_5.txt,3,0.299502489,0.366497586,0.366496833,0.366606856,0.366611301,0.366504971
913,INPUT_LN2_90_5.txt,OUTPUT_SKIN2_90_5.txt,3,1.313774259,1.160355344,1.160610108,1.161107198,1.160796493,1.160988308
914,INPUT_LN2_90_5.txt,OUTPUT_SKIN3_90_5.txt,3,0.036587736,0.027917698,0.027917698,0.02792614,0.027926141,0.027918035
915,INPUT_LN2_90_5.txt,OUTPUT_SKIN4_90_5.txt,3,0.122097718,0.116225785,0.116241507,0.116274114,0.116271992,0.116238652
916,INPUT_LN2_90_5.txt,OUTPUT_SKIN5_90_5.txt,3,0.185530721,0.124538618,0.124538612,0.124576247,0.12457625,0.124540114
917,INPUT_LN2_90_5.txt,OUTPUT_SKIN6_90_5.txt,3,0.092238772,0.291967424,0.291956739,0.292035342,0.292057716,0.291957811
918,INPUT_LN2_90_5.txt,OUTPUT_SKIN7_90_5.txt,3,0.120068409,0.237348252,0.237331029,0.237414068,0.237403093,0.237334831
919,INPUT_LN2_90_5.txt,OUTPUT_SKIN8_90_5.txt,3,0.088051234,0.052778224,0.052719959,0.052726922,0.052789026,0.052776162
920,INPUT_LN2_90_5.txt,OUTPUT_SKIN9_90_5.txt,3,0.077869153,0.100902426,0.100902427,0.100932941,0.10093294,0.100903648
921,INPUT_LUNG_90_5.txt,OUTPUT_BM1_90_5.txt,3,0.585293419,0.722151596,0.722233839,0.722377865,0.722865391,0.723005002
922,INPUT_LUNG_90_5.txt,OUTPUT_BM2_90_5.txt,3,2.628304281,2.666761652,2.665943371,2.666896115,2.667076231,2.665605507
923,INPUT_LUNG_90_5.txt,OUTPUT_GUT_90_5.txt,3,NA,NA,NA,NA,NA,NA
924,INPUT_LUNG_90_5.txt,OUTPUT_L_90_5.txt,3,3.605009169,3.382682142,3.38608923,3.385788762,3.385707795,3.38311258
925,INPUT_LUNG_90_5.txt,OUTPUT_LN1_90_5.txt,3,0.414774667,0.350879953,0.350887787,0.35089562,0.350961152,0.350920548
926,INPUT_LUNG_90_5.txt,OUTPUT_LN2_90_5.txt,3,0.074713229,0.080070096,0.080071351,0.080084939,0.080100427,0.080078505
927,INPUT_LUNG_90_5.txt,OUTPUT_LUNG_90_5.txt,3,-495155,-248131,-248125.5,-248120,-248074,-248102.5
928,INPUT_LUNG_90_5.txt,OUTPUT_S_90_5.txt,3,NA,NA,NA,NA,NA,NA
929,INPUT_LUNG_90_5.txt,OUTPUT_SKIN1_90_5.txt,3,0.012759796,0.017666134,0.017666526,0.017666877,0.017670156,0.017668043
930,INPUT_LUNG_90_5.txt,OUTPUT_SKIN10_90_5.txt,3,0.014629043,0.032831185,0.032831914,0.032832642,0.032838739,0.032834961
931,INPUT_LUNG_90_5.txt,OUTPUT_SKIN11_90_5.txt,3,0.02948803,0.022390191,0.022390688,0.022391184,0.02239534,0.022392765
932,INPUT_LUNG_90_5.txt,OUTPUT_SKIN12_90_5.txt,3,0.051886405,0.042344296,0.042345236,0.042346025,0.042354347,0.042349625
933,INPUT_LUNG_90_5.txt,OUTPUT_SKIN2_90_5.txt,3,0.056358481,0.045967156,0.045967524,0.045969712,0.045979049,0.045972403
934,INPUT_LUNG_90_5.txt,OUTPUT_SKIN3_90_5.txt,3,0.020898874,0.017757165,0.017757559,0.017757953,0.017761248,0.017759206
935,INPUT_LUNG_90_5.txt,OUTPUT_SKIN4_90_5.txt,3,0.020575111,0.022374652,0.022377314,0.022377364,0.022381245,0.022378695
936,INPUT_LUNG_90_5.txt,OUTPUT_SKIN5_90_5.txt,3,0.033254906,0.032293825,0.032294542,0.032295259,0.032301257,0.032297541
937,INPUT_LUNG_90_5.txt,OUTPUT_SKIN6_90_5.txt,3,0.033551693,0.031695914,0.031696001,0.031696313,0.031702536,0.031698833
938,INPUT_LUNG_90_5.txt,OUTPUT_SKIN7_90_5.txt,3,0.058351257,0.054191349,0.054192563,0.054193761,0.054203839,0.054197598
939,INPUT_LUNG_90_5.txt,OUTPUT_SKIN8_90_5.txt,3,0.012796318,0.017974217,0.017954883,0.017952295,0.017976549,0.017975319
940,INPUT_LUNG_90_5.txt,OUTPUT_SKIN9_90_5.txt,3,0.019688926,0.016512278,0.016512644,0.016513011,0.016516075,0.016514176
941,INPUT_S_90_5.txt,OUTPUT_BM1_90_5.txt,3,NA,NA,NA,NA,NA,NA
942,INPUT_S_90_5.txt,OUTPUT_BM2_90_5.txt,3,NA,NA,NA,NA,NA,NA
943,INPUT_S_90_5.txt,OUTPUT_GUT_90_5.txt,3,NA,NA,NA,NA,NA,NA
944,INPUT_S_90_5.txt,OUTPUT_L_90_5.txt,3,NA,NA,NA,NA,NA,NA
945,INPUT_S_90_5.txt,OUTPUT_LN1_90_5.txt,3,NA,NA,NA,NA,NA,NA
946,INPUT_S_90_5.txt,OUTPUT_LN2_90_5.txt,3,NA,NA,NA,NA,NA,NA
947,INPUT_S_90_5.txt,OUTPUT_LUNG_90_5.txt,3,NA,NA,NA,NA,NA,NA
948,INPUT_S_90_5.txt,OUTPUT_S_90_5.txt,3,NA,NA,NA,NA,NA,NA
949,INPUT_S_90_5.txt,OUTPUT_SKIN1_90_5.txt,3,NA,NA,NA,NA,NA,NA
950,INPUT_S_90_5.txt,OUTPUT_SKIN10_90_5.txt,3,NA,NA,NA,NA,NA,NA
951,INPUT_S_90_5.txt,OUTPUT_SKIN11_90_5.txt,3,NA,NA,NA,NA,NA,NA
952,INPUT_S_90_5.txt,OUTPUT_SKIN12_90_5.txt,3,NA,NA,NA,NA,NA,NA
953,INPUT_S_90_5.txt,OUTPUT_SKIN2_90_5.txt,3,NA,NA,NA,NA,NA,NA
954,INPUT_S_90_5.txt,OUTPUT_SKIN3_90_5.txt,3,NA,NA,NA,NA,NA,NA
955,INPUT_S_90_5.txt,OUTPUT_SKIN4_90_5.txt,3,NA,NA,NA,NA,NA,NA
956,INPUT_S_90_5.txt,OUTPUT_SKIN5_90_5.txt,3,NA,NA,NA,NA,NA,NA
957,INPUT_S_90_5.txt,OUTPUT_SKIN6_90_5.txt,3,NA,NA,NA,NA,NA,NA
958,INPUT_S_90_5.txt,OUTPUT_SKIN7_90_5.txt,3,NA,NA,NA,NA,NA,NA
959,INPUT_S_90_5.txt,OUTPUT_SKIN8_90_5.txt,3,NA,NA,NA,NA,NA,NA
960,INPUT_S_90_5.txt,OUTPUT_SKIN9_90_5.txt,3,NA,NA,NA,NA,NA,NA
961,INPUT_SKIN1_90_5.txt,OUTPUT_BM1_90_5.txt,3,0.378582384,0.132341592,0.132353485,0.13237675,0.132440192,0.13248079
962,INPUT_SKIN1_90_5.txt,OUTPUT_BM2_90_5.txt,3,1.277650416,1.176606725,1.176282233,1.176614642,1.176496392,1.176072246
963,INPUT_SKIN1_90_5.txt,OUTPUT_GUT_90_5.txt,3,NA,NA,NA,NA,NA,NA
964,INPUT_SKIN1_90_5.txt,OUTPUT_L_90_5.txt,3,3.620468945,3.089708049,3.091546363,3.091350092,3.090915386,3.089745668
965,INPUT_SKIN1_90_5.txt,OUTPUT_LN1_90_5.txt,3,0.8941887,0.88734337,0.88734337,0.887345205,0.887345205,0.887348874
966,INPUT_SKIN1_90_5.txt,OUTPUT_LN2_90_5.txt,3,0.19670105,0.221063665,0.221063656,0.220926753,0.220926764,0.221059507
967,INPUT_SKIN1_90_5.txt,OUTPUT_LUNG_90_5.txt,3,7.814655501,6.894574687,6.894575393,6.894590275,6.894596184,6.894620874
968,INPUT_SKIN1_90_5.txt,OUTPUT_S_90_5.txt,3,NA,NA,NA,NA,NA,NA
969,INPUT_SKIN1_90_5.txt,OUTPUT_SKIN1_90_5.txt,3,-488125.5,-244208,-244208,-244207.5,-244207.5,-244206.5
970,INPUT_SKIN1_90_5.txt,OUTPUT_SKIN10_90_5.txt,3,0.040013481,0.030788964,0.030788964,0.030789027,0.030789027,0.030789153
971,INPUT_SKIN1_90_5.txt,OUTPUT_SKIN11_90_5.txt,3,0.029176565,0.017113998,0.017113998,0.017114034,0.017114034,0.017114104
972,INPUT_SKIN1_90_5.txt,OUTPUT_SKIN12_90_5.txt,3,0.098747861,0.318505673,0.318505673,0.318505159,0.318508669,0.31851115
973,INPUT_SKIN1_90_5.txt,OUTPUT_SKIN2_90_5.txt,3,0.722366282,0.768411605,0.768577815,0.768687222,0.768484718,0.768832469
974,INPUT_SKIN1_90_5.txt,OUTPUT_SKIN3_90_5.txt,3,0.092851754,0.055882575,0.055882575,0.055882689,0.055882689,0.055882918
975,INPUT_SKIN1_90_5.txt,OUTPUT_SKIN4_90_5.txt,3,0.281001272,0.228759338,0.228789738,0.228785137,0.228781055,0.228782792
976,INPUT_SKIN1_90_5.txt,OUTPUT_SKIN5_90_5.txt,3,0.2890801,0.610542962,0.610542962,0.610544221,0.610544221,0.610546739
977,INPUT_SKIN1_90_5.txt,OUTPUT_SKIN6_90_5.txt,3,0.196580871,0.226169465,0.226162676,0.226154782,0.226142003,0.226162289
978,INPUT_SKIN1_90_5.txt,OUTPUT_SKIN7_90_5.txt,3,0.09875908,0.148951677,0.148963561,0.148956176,0.148963865,0.148963774
979,INPUT_SKIN1_90_5.txt,OUTPUT_SKIN8_90_5.txt,3,0.055092662,0.065659127,0.065586502,0.065575424,0.065652811,0.065656165
980,INPUT_SKIN1_90_5.txt,OUTPUT_SKIN9_90_5.txt,3,0.01523034,0.016693516,0.016693516,0.01669355,0.01669355,0.016693618
981,INPUT_SKIN10_90_5.txt,OUTPUT_BM1_90_5.txt,3,0.686667345,0.699424186,0.699485358,0.69960363,0.699929941,0.700135958
982,INPUT_SKIN10_90_5.txt,OUTPUT_BM2_90_5.txt,3,1.410403868,6.365362715,6.364204974,6.365382337,6.364960468,6.363429785
983,INPUT_SKIN10_90_5.txt,OUTPUT_GUT_90_5.txt,3,NA,NA,NA,NA,NA,NA
984,INPUT_SKIN10_90_5.txt,OUTPUT_L_90_5.txt,3,4.844402249,4.905245715,4.908403012,4.9080414,4.907388295,4.905278595
985,INPUT_SKIN10_90_5.txt,OUTPUT_LN1_90_5.txt,3,1.317100887,3.364183306,3.364183306,3.364183306,3.364183306,3.364183306
986,INPUT_SKIN10_90_5.txt,OUTPUT_LN2_90_5.txt,3,0.21702624,0.360146202,0.36014616,0.359924308,0.359924366,0.36013721
987,INPUT_SKIN10_90_5.txt,OUTPUT_LUNG_90_5.txt,3,14.23257408,13.20986943,13.20987094,13.20987246,13.20988512,13.20987727
988,INPUT_SKIN10_90_5.txt,OUTPUT_S_90_5.txt,3,NA,NA,NA,NA,NA,NA
989,INPUT_SKIN10_90_5.txt,OUTPUT_SKIN1_90_5.txt,3,0.193895715,0.215656266,0.215656266,0.215657225,0.215657225,0.215659142
990,INPUT_SKIN10_90_5.txt,OUTPUT_SKIN10_90_5.txt,3,-522616.5,-261522,-261522,-261522,-261522,-261522
991,INPUT_SKIN10_90_5.txt,OUTPUT_SKIN11_90_5.txt,3,0.157945409,0.204941407,0.204941407,0.204941407,0.204941407,0.204941407
992,INPUT_SKIN10_90_5.txt,OUTPUT_SKIN12_90_5.txt,3,0.281256162,0.280512559,0.280512559,0.28051158,0.280514516,0.280515495
993,INPUT_SKIN10_90_5.txt,OUTPUT_SKIN2_90_5.txt,3,0.585124633,0.542468753,0.542594021,0.542669495,0.542516872,0.54277657
994,INPUT_SKIN10_90_5.txt,OUTPUT_SKIN3_90_5.txt,3,0.086135947,0.07895178,0.07895178,0.07895178,0.07895178,0.07895178
995,INPUT_SKIN10_90_5.txt,OUTPUT_SKIN4_90_5.txt,3,0.20065869,0.23353796,0.233569344,0.233564258,0.233560016,0.233560862
996,INPUT_SKIN10_90_5.txt,OUTPUT_SKIN5_90_5.txt,3,0.442456328,0.402090952,0.402090952,0.402090952,0.402090952,0.402090952
997,INPUT_SKIN10_90_5.txt,OUTPUT_SKIN6_90_5.txt,3,0.273920488,0.289135345,0.289133612,0.289116376,0.289108239,0.289131382
998,INPUT_SKIN10_90_5.txt,OUTPUT_SKIN7_90_5.txt,3,0.092767597,0.073718777,0.073713548,0.073716931,0.073713548,0.073713855
999,INPUT_SKIN10_90_5.txt,OUTPUT_SKIN8_90_5.txt,3,0.077459496,0.082318118,0.082231589,0.082216406,0.082311873,0.082315616
1000,INPUT_SKIN10_90_5.txt,OUTPUT_SKIN9_90_5.txt,3,0.077702956,0.09156044,0.09156044,0.09156044,0.09156044,0.09156044
1001,INPUT_SKIN11_90_5.txt,OUTPUT_BM1_90_5.txt,3,1.3244972,1.361023194,1.361136442,1.361355399,1.36195948,1.362340854
1002,INPUT_SKIN11_90_5.txt,OUTPUT_BM2_90_5.txt,3,5.369908894,5.670705991,5.669555563,5.670725489,5.670306279,5.668785301
1003,INPUT_SKIN11_90_5.txt,OUTPUT_GUT_90_5.txt,3,NA,NA,NA,NA,NA,NA
1004,INPUT_SKIN11_90_5.txt,OUTPUT_L_90_5.txt,3,7.306677626,6.907004644,6.91053991,6.910120299,6.909491243,6.907042807
1005,INPUT_SKIN11_90_5.txt,OUTPUT_LN1_90_5.txt,3,3.573456216,3.743232711,3.743232711,3.743232711,3.743232711,3.743232711
1006,INPUT_SKIN11_90_5.txt,OUTPUT_LN2_90_5.txt,3,0.218576308,0.399789886,0.399789851,0.399543144,0.399539422,0.399785426
1007,INPUT_SKIN11_90_5.txt,OUTPUT_LUNG_90_5.txt,3,14.84317476,13.78621968,13.78622124,13.78622281,13.78623594,13.7862278
1008,INPUT_SKIN11_90_5.txt,OUTPUT_S_90_5.txt,3,NA,NA,NA,NA,NA,NA
1009,INPUT_SKIN11_90_5.txt,OUTPUT_SKIN1_90_5.txt,3,0.099284431,0.105001817,0.105001817,0.105001388,0.105001388,0.105000531
1010,INPUT_SKIN11_90_5.txt,OUTPUT_SKIN10_90_5.txt,3,0.099226382,0.075082507,0.075082507,0.075082507,0.075082507,0.075082507
1011,INPUT_SKIN11_90_5.txt,OUTPUT_SKIN11_90_5.txt,3,-407742.5,-204310.5,-204310.5,-204310.5,-204310.5,-204310.5
1012,INPUT_SKIN11_90_5.txt,OUTPUT_SKIN12_90_5.txt,3,0.211372136,0.182530182,0.182530182,0.182529545,0.182531454,0.18253209
1013,INPUT_SKIN11_90_5.txt,OUTPUT_SKIN2_90_5.txt,3,1.032272257,1.003142614,1.003358915,1.003428972,1.003165455,1.003613839
1014,INPUT_SKIN11_90_5.txt,OUTPUT_SKIN3_90_5.txt,3,0.032304091,0.045068544,0.045068544,0.045068544,0.045068544,0.045068544
1015,INPUT_SKIN11_90_5.txt,OUTPUT_SKIN4_90_5.txt,3,0.121390079,0.127945511,0.127962584,0.127959772,0.127957473,0.127957927
1016,INPUT_SKIN11_90_5.txt,OUTPUT_SKIN5_90_5.txt,3,0.251940569,0.256076869,0.256076869,0.256076869,0.256076869,0.256076869
1017,INPUT_SKIN11_90_5.txt,OUTPUT_SKIN6_90_5.txt,3,0.136070052,0.189767096,0.189758111,0.189754384,0.189714754,0.189756615
1018,INPUT_SKIN11_90_5.txt,OUTPUT_SKIN7_90_5.txt,3,0.205749783,0.205026621,0.205023447,0.205025502,0.205023447,0.205023634
1019,INPUT_SKIN11_90_5.txt,OUTPUT_SKIN8_90_5.txt,3,0.105301123,0.09901541,0.09891009,0.098893826,0.099006057,0.099010531
1020,INPUT_SKIN11_90_5.txt,OUTPUT_SKIN9_90_5.txt,3,0.12108852,0.103222897,0.103222897,0.103222897,0.103222897,0.103222897
1021,INPUT_SKIN12_90_5.txt,OUTPUT_BM1_90_5.txt,3,0.77370468,0.89359453,0.893668551,0.893812098,0.89420563,0.894454466
1022,INPUT_SKIN12_90_5.txt,OUTPUT_BM2_90_5.txt,3,2.521220135,3.093691817,3.093023458,3.093694868,3.093476145,3.092600776
1023,INPUT_SKIN12_90_5.txt,OUTPUT_GUT_90_5.txt,3,NA,NA,NA,NA,NA,NA
1024,INPUT_SKIN12_90_5.txt,OUTPUT_L_90_5.txt,3,4.565335135,4.359093953,4.361325677,4.361051506,4.360646603,4.359172252
1025,INPUT_SKIN12_90_5.txt,OUTPUT_LN1_90_5.txt,3,3.176216813,3.735458064,3.735458064,3.735454365,3.735465463,3.735469162
1026,INPUT_SKIN12_90_5.txt,OUTPUT_LN2_90_5.txt,3,0.202250634,0.177339071,0.177339063,0.177229665,0.177227281,0.17733593
1027,INPUT_SKIN12_90_5.txt,OUTPUT_LUNG_90_5.txt,3,9.234304942,8.412308713,8.412309572,8.412210903,8.412516681,8.412611754
1028,INPUT_SKIN12_90_5.txt,OUTPUT_S_90_5.txt,3,NA,NA,NA,NA,NA,NA
1029,INPUT_SKIN12_90_5.txt,OUTPUT_SKIN1_90_5.txt,3,0.071855321,0.074225302,0.074225302,0.07422542,0.074225032,0.074224881
1030,INPUT_SKIN12_90_5.txt,OUTPUT_SKIN10_90_5.txt,3,0.061403658,0.060072679,0.060072679,0.060072783,0.06007247,0.060072366
1031,INPUT_SKIN12_90_5.txt,OUTPUT_SKIN11_90_5.txt,3,0.17074057,0.179004255,0.179004255,0.179004565,0.179003635,0.179003325
1032,INPUT_SKIN12_90_5.txt,OUTPUT_SKIN12_90_5.txt,3,-572792,-287152.5,-287152.5,-287152,-287153.5,-287154
1033,INPUT_SKIN12_90_5.txt,OUTPUT_SKIN2_90_5.txt,3,0.855126306,0.640507476,0.640660732,0.640686538,0.640496454,0.640813015
1034,INPUT_SKIN12_90_5.txt,OUTPUT_SKIN3_90_5.txt,3,0.279462781,0.28317732,0.28317732,0.283177816,0.283176329,0.283175834
1035,INPUT_SKIN12_90_5.txt,OUTPUT_SKIN4_90_5.txt,3,0.122547481,0.11152912,0.111544705,0.111542368,0.111539681,0.111539908
1036,INPUT_SKIN12_90_5.txt,OUTPUT_SKIN5_90_5.txt,3,0.304356043,0.284351492,0.284351492,0.28435199,0.284350497,0.284349999
1037,INPUT_SKIN12_90_5.txt,OUTPUT_SKIN6_90_5.txt,3,0.222546584,0.178449326,0.178441149,0.178437831,0.178415923,0.178438826
1038,INPUT_SKIN12_90_5.txt,OUTPUT_SKIN7_90_5.txt,3,0.106764742,0.120388445,0.120379739,0.120385581,0.120379322,0.120379625
1039,INPUT_SKIN12_90_5.txt,OUTPUT_SKIN8_90_5.txt,3,0.11343243,0.093245417,0.093144972,0.09312846,0.093237094,0.093241242
1040,INPUT_SKIN12_90_5.txt,OUTPUT_SKIN9_90_5.txt,3,0.047484036,0.042110425,0.042110425,0.042110498,0.042110278,0.042110205
1041,INPUT_SKIN2_90_5.txt,OUTPUT_BM1_90_5.txt,3,0.291433872,0.371906034,0.371890567,0.371956569,0.372163791,0.372168877
1042,INPUT_SKIN2_90_5.txt,OUTPUT_BM2_90_5.txt,3,1.566289536,1.34444443,1.344090505,1.344323511,1.344451217,1.34386158
1043,INPUT_SKIN2_90_5.txt,OUTPUT_GUT_90_5.txt,3,NA,NA,NA,NA,NA,NA
1044,INPUT_SKIN2_90_5.txt,OUTPUT_L_90_5.txt,3,2.065042456,1.834343954,1.834570319,1.834572072,1.83474384,1.833986818
1045,INPUT_SKIN2_90_5.txt,OUTPUT_LN1_90_5.txt,3,1.974526086,1.588104414,1.58791034,1.587955835,1.588192272,1.587790017
1046,INPUT_SKIN2_90_5.txt,OUTPUT_LN2_90_5.txt,3,0.130988797,0.300362259,0.300326491,0.300145878,0.300189423,0.3002968
1047,INPUT_SKIN2_90_5.txt,OUTPUT_LUNG_90_5.txt,3,2.489213674,2.230174894,2.229903607,2.229967108,2.230299682,2.229735822
1048,INPUT_SKIN2_90_5.txt,OUTPUT_S_90_5.txt,3,NA,NA,NA,NA,NA,NA
1049,INPUT_SKIN2_90_5.txt,OUTPUT_SKIN1_90_5.txt,3,0.155502371,0.183722467,0.183700639,0.183707552,0.183734145,0.18369242
1050,INPUT_SKIN2_90_5.txt,OUTPUT_SKIN10_90_5.txt,3,0.021056334,0.022055943,0.022053335,0.022053951,0.022057129,0.022051723
1051,INPUT_SKIN2_90_5.txt,OUTPUT_SKIN11_90_5.txt,3,0.082486127,0.091899168,0.091888278,0.091890851,0.091904118,0.091881546
1052,INPUT_SKIN2_90_5.txt,OUTPUT_SKIN12_90_5.txt,3,0.127806346,0.119677693,0.119663512,0.119666438,0.11968499,0.119656022
1053,INPUT_SKIN2_90_5.txt,OUTPUT_SKIN2_90_5.txt,3,-463002,-232639.5,-232667,-232660.5,-232627,-232684
1054,INPUT_SKIN2_90_5.txt,OUTPUT_SKIN3_90_5.txt,3,0.082252922,0.066416807,0.066408957,0.066410812,0.066420376,0.066404105
1055,INPUT_SKIN2_90_5.txt,OUTPUT_SKIN4_90_5.txt,3,0.18487457,0.193033623,0.193036661,0.193037903,0.19306228,0.193015546
1056,INPUT_SKIN2_90_5.txt,OUTPUT_SKIN5_90_5.txt,3,0.251181637,0.200634382,0.200610574,0.200616199,0.200645203,0.200595857
1057,INPUT_SKIN2_90_5.txt,OUTPUT_SKIN6_90_5.txt,3,0.194893765,0.309298328,0.309243475,0.309249738,0.309271271,0.309218315
1058,INPUT_SKIN2_90_5.txt,OUTPUT_SKIN7_90_5.txt,3,0.079114413,0.065066333,0.065057469,0.065060041,0.065068671,0.065052777
1059,INPUT_SKIN2_90_5.txt,OUTPUT_SKIN8_90_5.txt,3,0.057597854,0.059025697,0.058955727,0.058946878,0.059023889,0.059012111
1060,INPUT_SKIN2_90_5.txt,OUTPUT_SKIN9_90_5.txt,3,0.046502614,0.048573856,0.048568107,0.048569465,0.048576469,0.048564553
1061,INPUT_SKIN3_90_5.txt,OUTPUT_BM1_90_5.txt,3,0.082630372,0.057981983,0.057984935,0.057990643,0.058006387,0.058016323
1062,INPUT_SKIN3_90_5.txt,OUTPUT_BM2_90_5.txt,3,0.152317105,0.132929129,0.132930682,0.132929103,0.132929669,0.132931723
1063,INPUT_SKIN3_90_5.txt,OUTPUT_GUT_90_5.txt,3,NA,NA,NA,NA,NA,NA
1064,INPUT_SKIN3_90_5.txt,OUTPUT_L_90_5.txt,3,0.165133836,0.140545177,0.140536473,0.140537412,0.14053961,0.140545091
1065,INPUT_SKIN3_90_5.txt,OUTPUT_LN1_90_5.txt,3,0.248652092,0.231956618,0.231956618,0.231956618,0.231956618,0.231956618
1066,INPUT_SKIN3_90_5.txt,OUTPUT_LN2_90_5.txt,3,0.142131649,0.23426885,0.234268844,0.234119297,0.234119305,0.23426285
1067,INPUT_SKIN3_90_5.txt,OUTPUT_LUNG_90_5.txt,3,0.141699061,0.12160961,0.121609622,0.121609633,0.121609729,0.12160967
1068,INPUT_SKIN3_90_5.txt,OUTPUT_S_90_5.txt,3,NA,NA,NA,NA,NA,NA
1069,INPUT_SKIN3_90_5.txt,OUTPUT_SKIN1_90_5.txt,3,0.113943792,0.061571218,0.061571218,0.061571176,0.061571176,0.061571094
1070,INPUT_SKIN3_90_5.txt,OUTPUT_SKIN10_90_5.txt,3,0.054377195,0.049322341,0.049322341,0.049322341,0.049322341,0.049322341
1071,INPUT_SKIN3_90_5.txt,OUTPUT_SKIN11_90_5.txt,3,0.07857492,0.090660466,0.090660466,0.090660466,0.090660466,0.090660466
1072,INPUT_SKIN3_90_5.txt,OUTPUT_SKIN12_90_5.txt,3,0.087669465,0.116642849,0.116642849,0.116642485,0.116643576,0.11664394
1073,INPUT_SKIN3_90_5.txt,OUTPUT_SKIN2_90_5.txt,3,0.732100988,0.847732723,0.847932862,0.847981862,0.847738037,0.848152923
1074,INPUT_SKIN3_90_5.txt,OUTPUT_SKIN3_90_5.txt,3,-330129,-165589,-165589,-165589,-165589,-165589
1075,INPUT_SKIN3_90_5.txt,OUTPUT_SKIN4_90_5.txt,3,0.322680484,0.259453132,0.259486759,0.259482183,0.259477442,0.259478734
1076,INPUT_SKIN3_90_5.txt,OUTPUT_SKIN5_90_5.txt,3,0.338174754,0.28973166,0.28973166,0.28973166,0.28973166,0.28973166
1077,INPUT_SKIN3_90_5.txt,OUTPUT_SKIN6_90_5.txt,3,0.180047759,0.209823483,0.209814183,0.209809386,0.209764206,0.209812516
1078,INPUT_SKIN3_90_5.txt,OUTPUT_SKIN7_90_5.txt,3,0.083109283,0.080000273,0.079999548,0.080000017,0.079999548,0.079999591
1079,INPUT_SKIN3_90_5.txt,OUTPUT_SKIN8_90_5.txt,3,0.052237673,0.046194026,0.046149099,0.046142139,0.046190054,0.046191963
1080,INPUT_SKIN3_90_5.txt,OUTPUT_SKIN9_90_5.txt,3,0.030028341,0.029645519,0.029645519,0.029645519,0.029645519,0.029645519
1081,INPUT_SKIN4_90_5.txt,OUTPUT_BM1_90_5.txt,3,0.352408434,0.415477838,0.415487231,0.415561983,0.415760999,0.41588334
1082,INPUT_SKIN4_90_5.txt,OUTPUT_BM2_90_5.txt,3,4.863019656,3.789267109,3.788242514,3.789072448,3.788810244,3.787706973
1083,INPUT_SKIN4_90_5.txt,OUTPUT_GUT_90_5.txt,3,NA,NA,NA,NA,NA,NA
1084,INPUT_SKIN4_90_5.txt,OUTPUT_L_90_5.txt,3,4.195464256,2.608344544,2.610238046,2.610024545,2.609540604,2.608232911
1085,INPUT_SKIN4_90_5.txt,OUTPUT_LN1_90_5.txt,3,4.114445207,4.077989768,4.077735265,4.077753446,4.077792984,4.07777625
1086,INPUT_SKIN4_90_5.txt,OUTPUT_LN2_90_5.txt,3,0.170619409,0.203913136,0.203899494,0.203774036,0.203775888,0.203898041
1087,INPUT_SKIN4_90_5.txt,OUTPUT_LUNG_90_5.txt,3,11.13745613,10.31082823,10.31055761,10.31030532,10.31041859,10.3102715
1088,INPUT_SKIN4_90_5.txt,OUTPUT_S_90_5.txt,3,NA,NA,NA,NA,NA,NA
1089,INPUT_SKIN4_90_5.txt,OUTPUT_SKIN1_90_5.txt,3,0.280688542,0.260465857,0.260448418,0.260450155,0.26045252,0.260449948
1090,INPUT_SKIN4_90_5.txt,OUTPUT_SKIN10_90_5.txt,3,0.032867597,0.034555594,0.034553284,0.034553658,0.034553971,0.034553908
1091,INPUT_SKIN4_90_5.txt,OUTPUT_SKIN11_90_5.txt,3,0.032271454,0.057145004,0.057141192,0.057141803,0.057142319,0.057142215
1092,INPUT_SKIN4_90_5.txt,OUTPUT_SKIN12_90_5.txt,3,0.09181151,0.141018301,0.141008874,0.1410099,0.141012669,0.141012912
1093,INPUT_SKIN4_90_5.txt,OUTPUT_SKIN2_90_5.txt,3,0.393821976,0.138252161,0.138275565,0.13830671,0.138268215,0.138335583
1094,INPUT_SKIN4_90_5.txt,OUTPUT_SKIN3_90_5.txt,3,0.024008678,0.058046709,0.058042834,0.058043467,0.05804399,0.058043886
1095,INPUT_SKIN4_90_5.txt,OUTPUT_SKIN4_90_5.txt,3,-552882,-276867,-276885.5,-276882.5,-276880,-276880.5
1096,INPUT_SKIN4_90_5.txt,OUTPUT_SKIN5_90_5.txt,3,0.222500341,0.181370035,0.181357953,0.181359881,0.181361519,0.181361189
1097,INPUT_SKIN4_90_5.txt,OUTPUT_SKIN6_90_5.txt,3,0.335182276,0.116533401,0.116532126,0.116519168,0.116540782,0.116533318
1098,INPUT_SKIN4_90_5.txt,OUTPUT_SKIN7_90_5.txt,3,0.040114806,0.036563627,0.036558587,0.036560663,0.036559313,0.0365594
1099,INPUT_SKIN4_90_5.txt,OUTPUT_SKIN8_90_5.txt,3,0.051735527,0.056691937,0.056626681,0.056616871,0.056684549,0.056687092
1100,INPUT_SKIN4_90_5.txt,OUTPUT_SKIN9_90_5.txt,3,0.032482738,0.035062047,0.035059704,0.035060083,0.0350604,0.035060336
1101,INPUT_SKIN5_90_5.txt,OUTPUT_BM1_90_5.txt,3,0.28328491,0.238489577,0.238504812,0.238534267,0.238615517,0.238666804
1102,INPUT_SKIN5_90_5.txt,OUTPUT_BM2_90_5.txt,3,0.889427903,0.741220871,0.741207316,0.7412211,0.741216162,0.741198236
1103,INPUT_SKIN5_90_5.txt,OUTPUT_GUT_90_5.txt,3,NA,NA,NA,NA,NA,NA
1104,INPUT_SKIN5_90_5.txt,OUTPUT_L_90_5.txt,3,1.016589862,0.849977721,0.849929549,0.849934775,0.849946751,0.849977245
1105,INPUT_SKIN5_90_5.txt,OUTPUT_LN1_90_5.txt,3,1.085377066,0.921258015,0.921258015,0.921258015,0.921258015,0.921258015
1106,INPUT_SKIN5_90_5.txt,OUTPUT_LN2_90_5.txt,3,0.119891025,0.250186824,0.250186816,0.250028271,0.250028268,0.250180479
1107,INPUT_SKIN5_90_5.txt,OUTPUT_LUNG_90_5.txt,3,0.882015768,0.735495547,0.735495618,0.735495688,0.735496278,0.735495913
1108,INPUT_SKIN5_90_5.txt,OUTPUT_S_90_5.txt,3,NA,NA,NA,NA,NA,NA
1109,INPUT_SKIN5_90_5.txt,OUTPUT_SKIN1_90_5.txt,3,0.357164952,0.321626136,0.321626136,0.321624828,0.321624828,0.321622213
1110,INPUT_SKIN5_90_5.txt,OUTPUT_SKIN10_90_5.txt,3,0.050995,0.065828391,0.065828391,0.065828391,0.065828391,0.065828391
1111,INPUT_SKIN5_90_5.txt,OUTPUT_SKIN11_90_5.txt,3,0.099247192,0.066067221,0.066067221,0.066067221,0.066067221,0.066067221
1112,INPUT_SKIN5_90_5.txt,OUTPUT_SKIN12_90_5.txt,3,0.226392896,0.330569064,0.330569064,0.330567949,0.330571296,0.330572412
1113,INPUT_SKIN5_90_5.txt,OUTPUT_SKIN2_90_5.txt,3,0.644620158,0.339965686,0.340045464,0.340131044,0.340033834,0.340199244
1114,INPUT_SKIN5_90_5.txt,OUTPUT_SKIN3_90_5.txt,3,0.10015176,0.065807216,0.065807216,0.065807216,0.065807216,0.065807216
1115,INPUT_SKIN5_90_5.txt,OUTPUT_SKIN4_90_5.txt,3,0.507518963,0.357214331,0.357262191,0.357254585,0.357248078,0.357249471
1116,INPUT_SKIN5_90_5.txt,OUTPUT_SKIN5_90_5.txt,3,-469088,-235498,-235498,-235498,-235498,-235498
1117,INPUT_SKIN5_90_5.txt,OUTPUT_SKIN6_90_5.txt,3,0.234840536,0.132794948,0.132795205,0.132786136,0.132790751,0.132794168
1118,INPUT_SKIN5_90_5.txt,OUTPUT_SKIN7_90_5.txt,3,0.074890706,0.100139004,0.10013832,0.100138763,0.10013832,0.10013836
1119,INPUT_SKIN5_90_5.txt,OUTPUT_SKIN8_90_5.txt,3,0.060302054,0.089263318,0.089168062,0.08915285,0.089255256,0.089259321
1120,INPUT_SKIN5_90_5.txt,OUTPUT_SKIN9_90_5.txt,3,0.031383618,0.036018059,0.036018059,0.036018059,0.036018059,0.036018059
1121,INPUT_SKIN6_90_5.txt,OUTPUT_BM1_90_5.txt,3,0.193550167,0.195574131,0.195596389,0.195629913,0.195714633,0.195777402
1122,INPUT_SKIN6_90_5.txt,OUTPUT_BM2_90_5.txt,3,1.787230091,1.830547275,1.830268203,1.830581806,1.830446222,1.830073539
1123,INPUT_SKIN6_90_5.txt,OUTPUT_GUT_90_5.txt,3,NA,NA,NA,NA,NA,NA
1124,INPUT_SKIN6_90_5.txt,OUTPUT_L_90_5.txt,3,2.315034381,2.368528095,2.369410441,2.369322293,2.369110584,2.368565925
1125,INPUT_SKIN6_90_5.txt,OUTPUT_LN1_90_5.txt,3,2.672904859,2.741225795,2.741271397,2.741282319,2.741231311,2.741282245
1126,INPUT_SKIN6_90_5.txt,OUTPUT_LN2_90_5.txt,3,0.247603647,0.280511629,0.280519645,0.280350468,0.280338564,0.280518803
1127,INPUT_SKIN6_90_5.txt,OUTPUT_LUNG_90_5.txt,3,3.467196268,3.440397627,3.440372943,3.440386843,3.440408144,3.440387716
1128,INPUT_SKIN6_90_5.txt,OUTPUT_S_90_5.txt,3,NA,NA,NA,NA,NA,NA
1129,INPUT_SKIN6_90_5.txt,OUTPUT_SKIN1_90_5.txt,3,0.098794403,0.096044601,0.096047378,0.096047997,0.096045035,0.096048496
1130,INPUT_SKIN6_90_5.txt,OUTPUT_SKIN10_90_5.txt,3,0.03967933,0.037064632,0.037065703,0.037065846,0.037064703,0.037065846
1131,INPUT_SKIN6_90_5.txt,OUTPUT_SKIN11_90_5.txt,3,0.091575219,0.109519379,0.109522527,0.109522947,0.109519585,0.109522947
1132,INPUT_SKIN6_90_5.txt,OUTPUT_SKIN12_90_5.txt,3,0.123733297,0.195966476,0.195972144,0.195972211,0.19596823,0.195974966
1133,INPUT_SKIN6_90_5.txt,OUTPUT_SKIN2_90_5.txt,3,1.0990326,0.847223167,0.847444373,0.847400936,0.847135341,0.847569029
1134,INPUT_SKIN6_90_5.txt,OUTPUT_SKIN3_90_5.txt,3,0.117428057,0.136003996,0.136007939,0.136008462,0.136004261,0.136008464
1135,INPUT_SKIN6_90_5.txt,OUTPUT_SKIN4_90_5.txt,3,0.453281843,0.442462424,0.442534564,0.44252662,0.442504974,0.44252023
1136,INPUT_SKIN6_90_5.txt,OUTPUT_SKIN5_90_5.txt,3,0.210762763,0.269003033,0.269010782,0.269011811,0.269003538,0.269011814
1137,INPUT_SKIN6_90_5.txt,OUTPUT_SKIN6_90_5.txt,3,-517365.5,-259425.5,-259418,-259417,-259425,-259417
1138,INPUT_SKIN6_90_5.txt,OUTPUT_SKIN7_90_5.txt,3,0.051861619,0.068909226,0.068912609,0.068911975,0.068910749,0.068912793
1139,INPUT_SKIN6_90_5.txt,OUTPUT_SKIN8_90_5.txt,3,0.061716863,0.071868912,0.071793821,0.07178197,0.071862367,0.071867866
1140,INPUT_SKIN6_90_5.txt,OUTPUT_SKIN9_90_5.txt,3,0.040996847,0.049442028,0.049443457,0.049443647,0.049442123,0.049443647
1141,INPUT_SKIN7_90_5.txt,OUTPUT_BM1_90_5.txt,3,2.734733848,2.32332106,2.323585074,2.323879578,2.324895617,2.325497923
1142,INPUT_SKIN7_90_5.txt,OUTPUT_BM2_90_5.txt,3,1.804209731,1.648704066,1.648281827,1.64873303,1.648595823,1.647956227
1143,INPUT_SKIN7_90_5.txt,OUTPUT_GUT_90_5.txt,3,NA,NA,NA,NA,NA,NA
1144,INPUT_SKIN7_90_5.txt,OUTPUT_L_90_5.txt,3,9.529022233,8.231624886,8.235662295,8.235031682,8.234489857,8.231953608
1145,INPUT_SKIN7_90_5.txt,OUTPUT_LN1_90_5.txt,3,1.269718673,1.091823469,1.091862755,1.091837335,1.091862755,1.091860444
1146,INPUT_SKIN7_90_5.txt,OUTPUT_LN2_90_5.txt,3,0.220881257,0.274798724,0.274808489,0.274630852,0.274637193,0.274801041
1147,INPUT_SKIN7_90_5.txt,OUTPUT_LUNG_90_5.txt,3,15.65638411,14.01156276,14.01209432,14.01175303,14.01210947,14.01206991
1148,INPUT_SKIN7_90_5.txt,OUTPUT_S_90_5.txt,3,NA,NA,NA,NA,NA,NA
1149,INPUT_SKIN7_90_5.txt,OUTPUT_SKIN1_90_5.txt,3,0.171473399,0.135011521,0.135016317,0.13501266,0.135015763,0.135014375
1150,INPUT_SKIN7_90_5.txt,OUTPUT_SKIN10_90_5.txt,3,0.069268921,0.061684379,0.061686563,0.06168515,0.061686563,0.061686435
1151,INPUT_SKIN7_90_5.txt,OUTPUT_SKIN11_90_5.txt,3,0.132984897,0.09547942,0.095482809,0.095480616,0.095482809,0.09548261
1152,INPUT_SKIN7_90_5.txt,OUTPUT_SKIN12_90_5.txt,3,0.217347615,0.239540031,0.239548553,0.239542203,0.239550224,0.239550559
1153,INPUT_SKIN7_90_5.txt,OUTPUT_SKIN2_90_5.txt,3,0.468679061,0.425413198,0.425527218,0.425520503,0.425409889,0.425613913
1154,INPUT_SKIN7_90_5.txt,OUTPUT_SKIN3_90_5.txt,3,0.054708188,0.069241305,0.069243762,0.069242172,0.069243762,0.069243617
1155,INPUT_SKIN7_90_5.txt,OUTPUT_SKIN4_90_5.txt,3,0.207391546,0.244766768,0.244787585,0.244796046,0.244797229,0.244798992
1156,INPUT_SKIN7_90_5.txt,OUTPUT_SKIN5_90_5.txt,3,0.211060948,0.168190185,0.168196161,0.168192294,0.168196161,0.168195809
1157,INPUT_SKIN7_90_5.txt,OUTPUT_SKIN6_90_5.txt,3,0.155858148,0.173106079,0.173118606,0.173113062,0.173090807,0.173118931
1158,INPUT_SKIN7_90_5.txt,OUTPUT_SKIN7_90_5.txt,3,-478822.5,-239765,-239756.5,-239762,-239756.5,-239757
1159,INPUT_SKIN7_90_5.txt,OUTPUT_SKIN8_90_5.txt,3,0.193228773,0.189716941,0.189522002,0.189487413,0.18970505,0.189713188
1160,INPUT_SKIN7_90_5.txt,OUTPUT_SKIN9_90_5.txt,3,0.083499775,0.063787951,0.063790205,0.063788746,0.063790205,0.063790072
1161,INPUT_SKIN8_90_5.txt,OUTPUT_BM1_90_5.txt,3,12.52415352,10.01374868,10.01126828,10.01178838,10.01783555,10.01972803
1162,INPUT_SKIN8_90_5.txt,OUTPUT_BM2_90_5.txt,3,5.256755559,4.620305818,4.619746922,4.621068636,4.619951741,4.618321474
1163,INPUT_SKIN8_90_5.txt,OUTPUT_GUT_90_5.txt,3,NA,NA,NA,NA,NA,NA
1164,INPUT_SKIN8_90_5.txt,OUTPUT_L_90_5.txt,3,15.43812059,16.70096133,16.69115424,16.68846511,16.70312303,16.70042751
1165,INPUT_SKIN8_90_5.txt,OUTPUT_LN1_90_5.txt,3,2.147587851,2.414114172,2.415165919,2.415322455,2.414212227,2.41416778
1166,INPUT_SKIN8_90_5.txt,OUTPUT_LN2_90_5.txt,3,0.282476348,0.21457306,0.214687015,0.214576715,0.214456268,0.214573484
1167,INPUT_SKIN8_90_5.txt,OUTPUT_LUNG_90_5.txt,3,23.53924619,21.12945124,21.09742961,21.09242721,21.1266828,21.1280304
1168,INPUT_SKIN8_90_5.txt,OUTPUT_S_90_5.txt,3,NA,NA,NA,NA,NA,NA
1169,INPUT_SKIN8_90_5.txt,OUTPUT_SKIN1_90_5.txt,3,0.288179145,0.1939119,0.194015555,0.19403032,0.19392067,0.193914702
1170,INPUT_SKIN8_90_5.txt,OUTPUT_SKIN10_90_5.txt,3,0.102302378,0.10388613,0.10394153,0.103949845,0.103891242,0.103888899
1171,INPUT_SKIN8_90_5.txt,OUTPUT_SKIN11_90_5.txt,3,0.160308103,0.149512119,0.149591861,0.14960383,0.149519477,0.149516104
1172,INPUT_SKIN8_90_5.txt,OUTPUT_SKIN12_90_5.txt,3,0.899357667,0.927730216,0.928231721,0.928303736,0.927783007,0.927765063
1173,INPUT_SKIN8_90_5.txt,OUTPUT_SKIN2_90_5.txt,3,1.779811969,1.339582247,1.340525493,1.340581601,1.339549812,1.339957201
1174,INPUT_SKIN8_90_5.txt,OUTPUT_SKIN3_90_5.txt,3,0.264909941,0.236530597,0.236657197,0.236676201,0.236542276,0.236536922
1175,INPUT_SKIN8_90_5.txt,OUTPUT_SKIN4_90_5.txt,3,0.076646438,0.087313424,0.087371865,0.087376889,0.087326031,0.087324375
1176,INPUT_SKIN8_90_5.txt,OUTPUT_SKIN5_90_5.txt,3,0.202441977,0.178369932,0.178465319,0.178479637,0.178378732,0.178374698
1177,INPUT_SKIN8_90_5.txt,OUTPUT_SKIN6_90_5.txt,3,0.1021936,0.211818084,0.211918717,0.211934058,0.211825148,0.211809387
1178,INPUT_SKIN8_90_5.txt,OUTPUT_SKIN7_90_5.txt,3,0.260844756,0.578587604,0.578855342,0.578929086,0.578574152,0.578563519
1179,INPUT_SKIN8_90_5.txt,OUTPUT_SKIN8_90_5.txt,3,-487029,-244158,-244028,-244008.5,-244146,-244151.5
1180,INPUT_SKIN8_90_5.txt,OUTPUT_SKIN9_90_5.txt,3,0.066802587,0.125985992,0.126053222,0.126063313,0.125992195,0.125989352
1181,INPUT_SKIN9_90_5.txt,OUTPUT_BM1_90_5.txt,3,0.517096357,0.405992755,0.406028694,0.406098179,0.40628989,0.406410929
1182,INPUT_SKIN9_90_5.txt,OUTPUT_BM2_90_5.txt,3,2.237701212,5.403295507,5.402405336,5.403310593,5.402986228,5.401809285
1183,INPUT_SKIN9_90_5.txt,OUTPUT_GUT_90_5.txt,3,NA,NA,NA,NA,NA,NA
1184,INPUT_SKIN9_90_5.txt,OUTPUT_L_90_5.txt,3,4.716964505,4.45000499,4.452648464,4.45235227,4.451760093,4.450031925
1185,INPUT_SKIN9_90_5.txt,OUTPUT_LN1_90_5.txt,3,1.192966223,2.825726287,2.825726287,2.825726287,2.825726287,2.825726287
1186,INPUT_SKIN9_90_5.txt,OUTPUT_LN2_90_5.txt,3,0.192428928,0.309257817,0.309258602,0.309065389,0.309061965,0.309255709
1187,INPUT_SKIN9_90_5.txt,OUTPUT_LUNG_90_5.txt,3,11.38782075,10.0917806,10.09178166,10.09178272,10.09179156,10.09178608
1188,INPUT_SKIN9_90_5.txt,OUTPUT_S_90_5.txt,3,NA,NA,NA,NA,NA,NA
1189,INPUT_SKIN9_90_5.txt,OUTPUT_SKIN1_90_5.txt,3,0.075294975,0.072014415,0.072014415,0.072014119,0.072014119,0.072013529
1190,INPUT_SKIN9_90_5.txt,OUTPUT_SKIN10_90_5.txt,3,0.051946719,0.035219491,0.035219491,0.035219491,0.035219491,0.035219491
1191,INPUT_SKIN9_90_5.txt,OUTPUT_SKIN11_90_5.txt,3,0.357046186,0.352825457,0.352825457,0.352825457,0.352825457,0.352825457
1192,INPUT_SKIN9_90_5.txt,OUTPUT_SKIN12_90_5.txt,3,0.223685161,0.206897543,0.206897543,0.206896822,0.206898984,0.206899705
1193,INPUT_SKIN9_90_5.txt,OUTPUT_SKIN2_90_5.txt,3,0.608420954,0.578359951,0.578480348,0.578504029,0.578357354,0.578606924
1194,INPUT_SKIN9_90_5.txt,OUTPUT_SKIN3_90_5.txt,3,0.042811603,0.043531421,0.043531421,0.043531421,0.043531421,0.043531421
1195,INPUT_SKIN9_90_5.txt,OUTPUT_SKIN4_90_5.txt,3,0.100983447,0.109023197,0.109037818,0.109035382,0.109033418,0.109033802
1196,INPUT_SKIN9_90_5.txt,OUTPUT_SKIN5_90_5.txt,3,0.257673987,0.227993362,0.227993362,0.227993362,0.227993362,0.227993362
1197,INPUT_SKIN9_90_5.txt,OUTPUT_SKIN6_90_5.txt,3,0.11388326,0.124850627,0.12484452,0.124842285,0.124826593,0.124843539
1198,INPUT_SKIN9_90_5.txt,OUTPUT_SKIN7_90_5.txt,3,0.063926783,0.111904802,0.11189665,0.111901925,0.11189665,0.111897129
1199,INPUT_SKIN9_90_5.txt,OUTPUT_SKIN8_90_5.txt,3,0.07585269,0.080809384,0.080722732,0.080709353,0.080801687,0.080805368
1200,INPUT_SKIN9_90_5.txt,OUTPUT_SKIN9_90_5.txt,3,-414912.5,-207727,-207727,-207727,-207727,-207727
1201,INPUT_BM1_90_5.txt,OUTPUT_BM1_90_5.txt,5,-1081769,-542535,-542042,-542291.5,-542264,-542262.5
1202,INPUT_BM1_90_5.txt,OUTPUT_BM2_90_5.txt,5,2.154319025,3.728360184,3.732176755,3.731931188,3.728979129,3.729106684
1203,INPUT_BM1_90_5.txt,OUTPUT_GUT_90_5.txt,5,NA,NA,NA,NA,NA,NA
1204,INPUT_BM1_90_5.txt,OUTPUT_L_90_5.txt,5,40.10500413,69.28448518,69.3288723,69.32222666,69.32888893,69.233531
1205,INPUT_BM1_90_5.txt,OUTPUT_LN1_90_5.txt,5,3.911548125,4.77013886,4.769970112,4.771885973,4.76721491,4.765142219
1206,INPUT_BM1_90_5.txt,OUTPUT_LN2_90_5.txt,5,0.027934422,0.025667146,0.025690518,0.025678684,0.025679988,0.02568006
1207,INPUT_BM1_90_5.txt,OUTPUT_LUNG_90_5.txt,5,85.02266688,75.44567045,75.44991175,75.45770607,75.41968557,75.42929412
1208,INPUT_BM1_90_5.txt,OUTPUT_S_90_5.txt,5,4.522533543,5.635010745,5.637159825,5.637299854,5.632126459,5.63947999
1209,INPUT_BM1_90_5.txt,OUTPUT_SKIN1_90_5.txt,5,0.047122979,0.031624617,0.031653906,0.031640169,0.031640323,0.031639565
1210,INPUT_BM1_90_5.txt,OUTPUT_SKIN10_90_5.txt,5,0.110224135,0.104260043,0.104355046,0.104305125,0.104314806,0.104309052
1211,INPUT_BM1_90_5.txt,OUTPUT_SKIN11_90_5.txt,5,0.133631157,0.109573417,0.109673536,0.109622837,0.109628436,0.109628753
1212,INPUT_BM1_90_5.txt,OUTPUT_SKIN12_90_5.txt,5,0.086917575,0.093999024,0.094008466,0.093938651,0.09388494,0.093918588
1213,INPUT_BM1_90_5.txt,OUTPUT_SKIN2_90_5.txt,5,0.127516743,0.120592547,0.120694318,0.12061532,0.120668589,0.120690463
1214,INPUT_BM1_90_5.txt,OUTPUT_SKIN3_90_5.txt,5,0.028223143,0.029970935,0.02999823,0.02998441,0.029985933,0.029986017
1215,INPUT_BM1_90_5.txt,OUTPUT_SKIN4_90_5.txt,5,0.055078139,0.078751229,0.078820571,0.078771221,0.078779877,0.078777083
1216,INPUT_BM1_90_5.txt,OUTPUT_SKIN5_90_5.txt,5,0.13722569,0.12402612,0.124139521,0.124082083,0.124088451,0.12408881
1217,INPUT_BM1_90_5.txt,OUTPUT_SKIN6_90_5.txt,5,0.182695157,0.189613207,0.189783716,0.189704172,0.189714533,0.189705274
1218,INPUT_BM1_90_5.txt,OUTPUT_SKIN7_90_5.txt,5,0.037031266,0.049092139,0.049136895,0.049114046,0.0491138,0.049116874
1219,INPUT_BM1_90_5.txt,OUTPUT_SKIN8_90_5.txt,5,0.055349461,0.054769584,0.054819517,0.054794232,0.054798742,0.054798897
1220,INPUT_BM1_90_5.txt,OUTPUT_SKIN9_90_5.txt,5,0.086725932,0.083723526,0.083793761,0.083754775,0.083758729,0.083764923
1221,INPUT_BM2_90_5.txt,OUTPUT_BM1_90_5.txt,5,53.02398107,43.00146577,42.92060125,42.95172148,42.96564267,42.96461843
1222,INPUT_BM2_90_5.txt,OUTPUT_BM2_90_5.txt,5,-886656,-443977,-444002.5,-444090,-443903,-443910
1223,INPUT_BM2_90_5.txt,OUTPUT_GUT_90_5.txt,5,NA,NA,NA,NA,NA,NA
1224,INPUT_BM2_90_5.txt,OUTPUT_L_90_5.txt,5,138.0153276,139.2876025,139.2562626,139.2757929,139.3325337,139.1448487
1225,INPUT_BM2_90_5.txt,OUTPUT_LN1_90_5.txt,5,15.9148147,14.73443272,14.71999284,14.72966629,14.72066279,14.71406327
1226,INPUT_BM2_90_5.txt,OUTPUT_LN2_90_5.txt,5,0.152301195,0.136050833,0.136042973,0.136016103,0.13607369,0.136071487
1227,INPUT_BM2_90_5.txt,OUTPUT_LUNG_90_5.txt,5,135.9725009,118.595755,118.5004389,118.5399419,118.5196316,118.5331628
1228,INPUT_BM2_90_5.txt,OUTPUT_S_90_5.txt,5,10.57293036,12.79775883,12.79010559,12.79381224,12.7868665,12.80341248
1229,INPUT_BM2_90_5.txt,OUTPUT_SKIN1_90_5.txt,5,0.019975809,0.03059062,0.030589346,0.030584165,0.030595607,0.030594273
1230,INPUT_BM2_90_5.txt,OUTPUT_SKIN10_90_5.txt,5,0.283381653,0.201634561,0.20162265,0.201590613,0.201684019,0.201658388
1231,INPUT_BM2_90_5.txt,OUTPUT_SKIN11_90_5.txt,5,0.437508604,0.416716574,0.416692256,0.416609967,0.416787727,0.416780482
1232,INPUT_BM2_90_5.txt,OUTPUT_SKIN12_90_5.txt,5,0.225592494,0.194881156,0.194792856,0.194861136,0.194896917,0.194950987
1233,INPUT_BM2_90_5.txt,OUTPUT_SKIN2_90_5.txt,5,0.119840086,0.112580422,0.11256473,0.11252427,0.11261163,0.112627833
1234,INPUT_BM2_90_5.txt,OUTPUT_SKIN3_90_5.txt,5,0.052759847,0.023771737,0.02377037,0.023765685,0.023775705,0.023775328
1235,INPUT_BM2_90_5.txt,OUTPUT_SKIN4_90_5.txt,5,0.193410653,0.14241458,0.142418078,0.142377545,0.142459289,0.142451688
1236,INPUT_BM2_90_5.txt,OUTPUT_SKIN5_90_5.txt,5,0.108487268,0.123079006,0.123071905,0.123047714,0.123099705,0.123097669
1237,INPUT_BM2_90_5.txt,OUTPUT_SKIN6_90_5.txt,5,0.226287503,0.249072854,0.249053727,0.249016622,0.249123263,0.249105338
1238,INPUT_BM2_90_5.txt,OUTPUT_SKIN7_90_5.txt,5,0.093989341,0.091747856,0.091742566,0.091724208,0.091760448,0.091761757
1239,INPUT_BM2_90_5.txt,OUTPUT_SKIN8_90_5.txt,5,0.083638812,0.264618296,0.26460294,0.2645509,0.264663936,0.264659401
1240,INPUT_BM2_90_5.txt,OUTPUT_SKIN9_90_5.txt,5,0.198292823,0.175290425,0.175267785,0.175232728,0.175306357,0.17531538
1241,INPUT_GUT_90_5.txt,OUTPUT_BM1_90_5.txt,5,NA,NA,NA,NA,NA,NA
1242,INPUT_GUT_90_5.txt,OUTPUT_BM2_90_5.txt,5,NA,NA,NA,NA,NA,NA
1243,INPUT_GUT_90_5.txt,OUTPUT_GUT_90_5.txt,5,NA,NA,NA,NA,NA,NA
1244,INPUT_GUT_90_5.txt,OUTPUT_L_90_5.txt,5,NA,NA,NA,NA,NA,NA
1245,INPUT_GUT_90_5.txt,OUTPUT_LN1_90_5.txt,5,NA,NA,NA,NA,NA,NA
1246,INPUT_GUT_90_5.txt,OUTPUT_LN2_90_5.txt,5,NA,NA,NA,NA,NA,NA
1247,INPUT_GUT_90_5.txt,OUTPUT_LUNG_90_5.txt,5,NA,NA,NA,NA,NA,NA
1248,INPUT_GUT_90_5.txt,OUTPUT_S_90_5.txt,5,NA,NA,NA,NA,NA,NA
1249,INPUT_GUT_90_5.txt,OUTPUT_SKIN1_90_5.txt,5,NA,NA,NA,NA,NA,NA
1250,INPUT_GUT_90_5.txt,OUTPUT_SKIN10_90_5.txt,5,NA,NA,NA,NA,NA,NA
1251,INPUT_GUT_90_5.txt,OUTPUT_SKIN11_90_5.txt,5,NA,NA,NA,NA,NA,NA
1252,INPUT_GUT_90_5.txt,OUTPUT_SKIN12_90_5.txt,5,NA,NA,NA,NA,NA,NA
1253,INPUT_GUT_90_5.txt,OUTPUT_SKIN2_90_5.txt,5,NA,NA,NA,NA,NA,NA
1254,INPUT_GUT_90_5.txt,OUTPUT_SKIN3_90_5.txt,5,NA,NA,NA,NA,NA,NA
1255,INPUT_GUT_90_5.txt,OUTPUT_SKIN4_90_5.txt,5,NA,NA,NA,NA,NA,NA
1256,INPUT_GUT_90_5.txt,OUTPUT_SKIN5_90_5.txt,5,NA,NA,NA,NA,NA,NA
1257,INPUT_GUT_90_5.txt,OUTPUT_SKIN6_90_5.txt,5,NA,NA,NA,NA,NA,NA
1258,INPUT_GUT_90_5.txt,OUTPUT_SKIN7_90_5.txt,5,NA,NA,NA,NA,NA,NA
1259,INPUT_GUT_90_5.txt,OUTPUT_SKIN8_90_5.txt,5,NA,NA,NA,NA,NA,NA
1260,INPUT_GUT_90_5.txt,OUTPUT_SKIN9_90_5.txt,5,NA,NA,NA,NA,NA,NA
1261,INPUT_L_90_5.txt,OUTPUT_BM1_90_5.txt,5,648.1977772,613.086387,611.6971367,612.266831,612.1839585,612.8942744
1262,INPUT_L_90_5.txt,OUTPUT_BM2_90_5.txt,5,1300.212221,1171.435616,1171.884235,1172.142148,1170.577693,1172.435663
1263,INPUT_L_90_5.txt,OUTPUT_GUT_90_5.txt,5,NA,NA,NA,NA,NA,NA
1264,INPUT_L_90_5.txt,OUTPUT_L_90_5.txt,5,-1054842.5,-529070.5,-529020,-529109,-529122.5,-528740.5
1265,INPUT_L_90_5.txt,OUTPUT_LN1_90_5.txt,5,20.6080069,18.8786339,18.86283167,18.87582695,18.85598735,18.86114022
1266,INPUT_L_90_5.txt,OUTPUT_LN2_90_5.txt,5,0.141316205,0.112733339,0.112744148,0.112725099,0.112722246,0.11280401
1267,INPUT_L_90_5.txt,OUTPUT_LUNG_90_5.txt,5,167.1599754,152.8639164,152.7554643,152.8131965,152.7202958,152.851887
1268,INPUT_L_90_5.txt,OUTPUT_S_90_5.txt,5,14.98652536,10.20344769,10.19894438,10.2021851,10.19198311,10.21292546
1269,INPUT_L_90_5.txt,OUTPUT_SKIN1_90_5.txt,5,0.033443701,0.046036263,0.046041385,0.046034884,0.046031557,0.046063609
1270,INPUT_L_90_5.txt,OUTPUT_SKIN10_90_5.txt,5,0.749134367,0.705503663,0.70557498,0.705442092,0.70545294,0.705934179
1271,INPUT_L_90_5.txt,OUTPUT_SKIN11_90_5.txt,5,0.463941925,0.463726964,0.463771959,0.463692666,0.463681479,0.464021152
1272,INPUT_L_90_5.txt,OUTPUT_SKIN12_90_5.txt,5,0.133264206,0.202105967,0.202041822,0.202105554,0.202049929,0.202255697
1273,INPUT_L_90_5.txt,OUTPUT_SKIN2_90_5.txt,5,0.183864267,0.17907843,0.179080346,0.179025616,0.179077486,0.179231758
1274,INPUT_L_90_5.txt,OUTPUT_SKIN3_90_5.txt,5,0.120857852,0.127169159,0.127181357,0.127159862,0.127156642,0.127248911
1275,INPUT_L_90_5.txt,OUTPUT_SKIN4_90_5.txt,5,0.13067143,0.104790248,0.104803478,0.104787452,0.104795857,0.104865785
1276,INPUT_L_90_5.txt,OUTPUT_SKIN5_90_5.txt,5,0.215369022,0.208499509,0.208519556,0.208484228,0.208479173,0.208630579
1277,INPUT_L_90_5.txt,OUTPUT_SKIN6_90_5.txt,5,0.258040758,0.415075283,0.415107989,0.415055628,0.415046919,0.415329415
1278,INPUT_L_90_5.txt,OUTPUT_SKIN7_90_5.txt,5,0.196572644,0.20347744,0.203497016,0.203461819,0.203447042,0.203605429
1279,INPUT_L_90_5.txt,OUTPUT_SKIN8_90_5.txt,5,0.164558825,0.196427838,0.196446723,0.196413444,0.196409184,0.196551889
1280,INPUT_L_90_5.txt,OUTPUT_SKIN9_90_5.txt,5,0.2587571,0.280583065,0.280590892,0.280542317,0.280532005,0.280754996
1281,INPUT_LN1_90_5.txt,OUTPUT_BM1_90_5.txt,5,2.447081143,2.281078041,2.277996872,2.27911193,2.280070227,2.280557607
1282,INPUT_LN1_90_5.txt,OUTPUT_BM2_90_5.txt,5,1.827532617,3.928866383,3.931180416,3.931038176,3.929747212,3.930743278
1283,INPUT_LN1_90_5.txt,OUTPUT_GUT_90_5.txt,5,NA,NA,NA,NA,NA,NA
1284,INPUT_LN1_90_5.txt,OUTPUT_L_90_5.txt,5,4.468115898,4.319987481,4.321195991,4.320787565,4.323255124,4.317943867
1285,INPUT_LN1_90_5.txt,OUTPUT_LN1_90_5.txt,5,-435380,-218327.5,-218225,-218319,-218206,-218158
1286,INPUT_LN1_90_5.txt,OUTPUT_LN2_90_5.txt,5,0.145671088,0.151734329,0.151806117,0.15174028,0.151819432,0.151853079
1287,INPUT_LN1_90_5.txt,OUTPUT_LUNG_90_5.txt,5,1.117108956,0.8964996,0.896202153,0.896303649,0.896250469,0.89656708
1288,INPUT_LN1_90_5.txt,OUTPUT_S_90_5.txt,5,4.03391779,3.482817464,3.482608154,3.482789674,3.481243324,3.486559015
1289,INPUT_LN1_90_5.txt,OUTPUT_SKIN1_90_5.txt,5,0.04909204,0.067632761,0.067665709,0.067638366,0.067670272,0.067683322
1290,INPUT_LN1_90_5.txt,OUTPUT_SKIN10_90_5.txt,5,0.808924511,0.671698731,0.67202665,0.67172099,0.67210148,0.67221663
1291,INPUT_LN1_90_5.txt,OUTPUT_SKIN11_90_5.txt,5,0.202456815,0.186805917,0.186894369,0.186813249,0.186910775,0.186952232
1292,INPUT_LN1_90_5.txt,OUTPUT_SKIN12_90_5.txt,5,0.2207349,0.33723896,0.337271569,0.337442966,0.337412657,0.337720732
1293,INPUT_LN1_90_5.txt,OUTPUT_SKIN2_90_5.txt,5,0.265784448,0.229082549,0.22916677,0.229062921,0.229216816,0.229273372
1294,INPUT_LN1_90_5.txt,OUTPUT_SKIN3_90_5.txt,5,0.086430567,0.139735353,0.139801407,0.139740829,0.139813658,0.139844618
1295,INPUT_LN1_90_5.txt,OUTPUT_SKIN4_90_5.txt,5,0.195387524,0.158278777,0.158360435,0.158301938,0.158399674,0.158426634
1296,INPUT_LN1_90_5.txt,OUTPUT_SKIN5_90_5.txt,5,0.18456957,0.168800007,0.168879859,0.168806626,0.16889467,0.168932096
1297,INPUT_LN1_90_5.txt,OUTPUT_SKIN6_90_5.txt,5,0.11224825,0.148109298,0.14817575,0.148118314,0.148196742,0.148221793
1298,INPUT_LN1_90_5.txt,OUTPUT_SKIN7_90_5.txt,5,0.083523908,0.126568821,0.126628622,0.126573314,0.126639309,0.126667741
1299,INPUT_LN1_90_5.txt,OUTPUT_SKIN8_90_5.txt,5,0.148809948,0.261533654,0.261657913,0.261543954,0.261681782,0.261740023
1300,INPUT_LN1_90_5.txt,OUTPUT_SKIN9_90_5.txt,5,0.282733364,0.245693685,0.245810492,0.245703367,0.24583073,0.245885477
1301,INPUT_LN2_90_5.txt,OUTPUT_BM1_90_5.txt,5,7.856333294,7.815285721,7.816779719,7.816015172,7.816113987,7.816118976
1302,INPUT_LN2_90_5.txt,OUTPUT_BM2_90_5.txt,5,7.85850469,7.831121107,7.831022308,7.830725002,7.831428707,7.831380756
1303,INPUT_LN2_90_5.txt,OUTPUT_GUT_90_5.txt,5,NA,NA,NA,NA,NA,NA
1304,INPUT_LN2_90_5.txt,OUTPUT_L_90_5.txt,5,7.603459452,7.581831568,7.581967237,7.581728156,7.58170859,7.582718635
1305,INPUT_LN2_90_5.txt,OUTPUT_LN1_90_5.txt,5,7.398929163,7.367664573,7.368215949,7.367710275,7.368318218,7.368576669
1306,INPUT_LN2_90_5.txt,OUTPUT_LN2_90_5.txt,5,-458585.5,-230654,-230654,-230654,-230654,-230654
1307,INPUT_LN2_90_5.txt,OUTPUT_LUNG_90_5.txt,5,7.550612025,7.536119575,7.53663754,7.536285922,7.536659019,7.536573106
1308,INPUT_LN2_90_5.txt,OUTPUT_S_90_5.txt,5,8.408743916,8.374032516,8.374653472,8.374194803,8.375310154,8.373701033
1309,INPUT_LN2_90_5.txt,OUTPUT_SKIN1_90_5.txt,5,16.37690356,15.59958566,15.59983564,15.60027312,15.59952316,15.59908569
1310,INPUT_LN2_90_5.txt,OUTPUT_SKIN10_90_5.txt,5,44.9500872,44.67864073,44.69095223,44.68934059,44.67692429,44.69023069
1311,INPUT_LN2_90_5.txt,OUTPUT_SKIN11_90_5.txt,5,40.69858328,40.52885368,40.52885368,40.52885368,40.52885368,40.52885368
1312,INPUT_LN2_90_5.txt,OUTPUT_SKIN12_90_5.txt,5,21.13010912,21.59160187,21.59268472,21.61038694,21.6027433,21.60039521
1313,INPUT_LN2_90_5.txt,OUTPUT_SKIN2_90_5.txt,5,16.26997237,16.4860882,16.48512756,16.48589218,16.48588715,16.48514142
1314,INPUT_LN2_90_5.txt,OUTPUT_SKIN3_90_5.txt,5,19.77808938,20.30006569,20.30006569,20.30006569,20.30006569,20.30006569
1315,INPUT_LN2_90_5.txt,OUTPUT_SKIN4_90_5.txt,5,7.493380732,7.913102145,7.913429325,7.913877438,7.914684056,7.914261057
1316,INPUT_LN2_90_5.txt,OUTPUT_SKIN5_90_5.txt,5,19.05591776,18.3700321,18.3700321,18.3700321,18.3700321,18.3700321
1317,INPUT_LN2_90_5.txt,OUTPUT_SKIN6_90_5.txt,5,12.20918597,11.0963958,11.09617584,11.09655706,11.09664039,11.09620453
1318,INPUT_LN2_90_5.txt,OUTPUT_SKIN7_90_5.txt,5,11.12537529,11.95172379,11.95172379,11.95168945,11.95165632,11.95172379
1319,INPUT_LN2_90_5.txt,OUTPUT_SKIN8_90_5.txt,5,16.53712563,17.7823114,17.7823114,17.7823114,17.78238029,17.78238029
1320,INPUT_LN2_90_5.txt,OUTPUT_SKIN9_90_5.txt,5,35.32118718,33.57349923,33.60379868,33.60510966,33.60389481,33.57491839
1321,INPUT_LUNG_90_5.txt,OUTPUT_BM1_90_5.txt,5,5.661494215,4.649274601,4.643074281,4.645692217,4.646965802,4.646209314
1322,INPUT_LUNG_90_5.txt,OUTPUT_BM2_90_5.txt,5,3.378588442,1.817761001,1.818699746,1.818914746,1.817910809,1.817850659
1323,INPUT_LUNG_90_5.txt,OUTPUT_GUT_90_5.txt,5,NA,NA,NA,NA,NA,NA
1324,INPUT_LUNG_90_5.txt,OUTPUT_L_90_5.txt,5,5.962540116,4.471961512,4.472898459,4.473187419,4.474692446,4.467951944
1325,INPUT_LUNG_90_5.txt,OUTPUT_LN1_90_5.txt,5,9.712743559,8.036889547,8.032566677,8.037291405,8.031306352,8.027260312
1326,INPUT_LUNG_90_5.txt,OUTPUT_LN2_90_5.txt,5,0.097750971,0.08081305,0.080845551,0.080823488,0.080846898,0.080841508
1327,INPUT_LUNG_90_5.txt,OUTPUT_LUNG_90_5.txt,5,-480257,-240867,-240770.5,-240836,-240766.5,-240782.5
1328,INPUT_LUNG_90_5.txt,OUTPUT_S_90_5.txt,5,4.050216393,3.408877062,3.408451883,3.409089493,3.40682888,3.411045358
1329,INPUT_LUNG_90_5.txt,OUTPUT_SKIN1_90_5.txt,5,0.044088117,0.065141541,0.06516801,0.065150742,0.065168735,0.065163888
1330,INPUT_LUNG_90_5.txt,OUTPUT_SKIN10_90_5.txt,5,0.154448041,0.143575712,0.143649907,0.143606879,0.143637635,0.143637171
1331,INPUT_LUNG_90_5.txt,OUTPUT_SKIN11_90_5.txt,5,0.175381693,0.147234316,0.147293661,0.147253375,0.147296122,0.147286278
1332,INPUT_LUNG_90_5.txt,OUTPUT_SKIN12_90_5.txt,5,0.12254676,0.138654428,0.138719725,0.138690853,0.138734394,0.138724631
1333,INPUT_LUNG_90_5.txt,OUTPUT_SKIN2_90_5.txt,5,0.197463477,0.182191168,0.182300424,0.182211372,0.182291123,0.182309736
1334,INPUT_LUNG_90_5.txt,OUTPUT_SKIN3_90_5.txt,5,0.072304364,0.051338672,0.051359292,0.051345295,0.051360147,0.051356727
1335,INPUT_LUNG_90_5.txt,OUTPUT_SKIN4_90_5.txt,5,0.088475405,0.086920286,0.086956218,0.086939126,0.086970938,0.086959839
1336,INPUT_LUNG_90_5.txt,OUTPUT_SKIN5_90_5.txt,5,0.128867433,0.125402811,0.125453308,0.125419028,0.125455402,0.125447027
1337,INPUT_LUNG_90_5.txt,OUTPUT_SKIN6_90_5.txt,5,0.111620075,0.106858829,0.106899559,0.106875479,0.106907059,0.106894119
1338,INPUT_LUNG_90_5.txt,OUTPUT_SKIN7_90_5.txt,5,0.161556556,0.118999428,0.119047359,0.119014824,0.119047716,0.119041397
1339,INPUT_LUNG_90_5.txt,OUTPUT_SKIN8_90_5.txt,5,0.09175254,0.103421731,0.10346335,0.103435097,0.103469861,0.103462958
1340,INPUT_LUNG_90_5.txt,OUTPUT_SKIN9_90_5.txt,5,0.189583946,0.166330735,0.166446985,0.166403505,0.166448831,0.166390743
1341,INPUT_S_90_5.txt,OUTPUT_BM1_90_5.txt,5,5.062289258,4.839560968,4.83223117,4.835339735,4.837318528,4.834035671
1342,INPUT_S_90_5.txt,OUTPUT_BM2_90_5.txt,5,6.040165225,6.292056355,6.294428677,6.29539495,6.293086999,6.289283409
1343,INPUT_S_90_5.txt,OUTPUT_GUT_90_5.txt,5,NA,NA,NA,NA,NA,NA
1344,INPUT_S_90_5.txt,OUTPUT_L_90_5.txt,5,17.69913151,23.01698847,23.01841466,23.02064636,23.03202891,22.98630922
1345,INPUT_S_90_5.txt,OUTPUT_LN1_90_5.txt,5,360.8927616,316.4786199,316.3528271,316.4571784,316.2998615,316.3304445
1346,INPUT_S_90_5.txt,OUTPUT_LN2_90_5.txt,5,0.147836985,0.132983192,0.133018773,0.132986419,0.133050704,0.13296426
1347,INPUT_S_90_5.txt,OUTPUT_LUNG_90_5.txt,5,203.5496615,177.5334815,177.4525454,177.4975061,177.4634585,177.4316052
1348,INPUT_S_90_5.txt,OUTPUT_S_90_5.txt,5,-1159885,-582055,-581900,-582041.5,-581761.5,-582137.5
1349,INPUT_S_90_5.txt,OUTPUT_SKIN1_90_5.txt,5,0.094536568,0.091756197,0.091782211,0.091762502,0.091802314,0.091740162
1350,INPUT_S_90_5.txt,OUTPUT_SKIN10_90_5.txt,5,1.048000097,1.052039331,1.052328133,1.052157833,1.052704424,1.051858883
1351,INPUT_S_90_5.txt,OUTPUT_SKIN11_90_5.txt,5,0.428627893,0.290311407,0.290389334,0.290319015,0.290459773,0.290269939
1352,INPUT_S_90_5.txt,OUTPUT_SKIN12_90_5.txt,5,0.370443795,1.12140652,1.1215145,1.12150529,1.122029662,1.121334583
1353,INPUT_S_90_5.txt,OUTPUT_SKIN2_90_5.txt,5,0.176086349,0.144275084,0.144304621,0.144243442,0.144366326,0.144297997
1354,INPUT_S_90_5.txt,OUTPUT_SKIN3_90_5.txt,5,0.066495654,0.043834785,0.043846478,0.043835816,0.043856944,0.043828564
1355,INPUT_S_90_5.txt,OUTPUT_SKIN4_90_5.txt,5,0.2379451,0.18467214,0.184716762,0.184699567,0.184800673,0.184663951
1356,INPUT_S_90_5.txt,OUTPUT_SKIN5_90_5.txt,5,0.287950056,0.203319442,0.203373786,0.203324877,0.203423028,0.203290522
1357,INPUT_S_90_5.txt,OUTPUT_SKIN6_90_5.txt,5,0.090352595,0.080339935,0.080359818,0.080344422,0.080383455,0.080326691
1358,INPUT_S_90_5.txt,OUTPUT_SKIN7_90_5.txt,5,0.023963968,0.067725365,0.067743421,0.067726782,0.06775343,0.067715758
1359,INPUT_S_90_5.txt,OUTPUT_SKIN8_90_5.txt,5,0.516957287,0.485646696,0.485777517,0.485661203,0.485898768,0.485578434
1360,INPUT_S_90_5.txt,OUTPUT_SKIN9_90_5.txt,5,0.123214174,0.279137918,0.279255989,0.279190582,0.279324056,0.27909997
1361,INPUT_SKIN1_90_5.txt,OUTPUT_BM1_90_5.txt,5,6.807265288,6.224445077,6.224423139,6.224145041,6.224628916,6.224395955
1362,INPUT_SKIN1_90_5.txt,OUTPUT_BM2_90_5.txt,5,2.736655144,2.490628904,2.490782594,2.491350083,2.490129415,2.49021184
1363,INPUT_SKIN1_90_5.txt,OUTPUT_GUT_90_5.txt,5,NA,NA,NA,NA,NA,NA
1364,INPUT_SKIN1_90_5.txt,OUTPUT_L_90_5.txt,5,5.829919233,5.541995067,5.541826863,5.541955652,5.54214109,5.54130251
1365,INPUT_SKIN1_90_5.txt,OUTPUT_LN1_90_5.txt,5,6.817127663,6.220552039,6.220549596,6.220408789,6.220626116,6.220743892
1366,INPUT_SKIN1_90_5.txt,OUTPUT_LN2_90_5.txt,5,1.832596207,1.182926176,1.182916352,1.18289916,1.182928632,1.182945824
1367,INPUT_SKIN1_90_5.txt,OUTPUT_LUNG_90_5.txt,5,7.420066402,6.873308212,6.873770784,6.873311502,6.873867213,6.873885239
1368,INPUT_SKIN1_90_5.txt,OUTPUT_S_90_5.txt,5,2.745893438,3.528637763,3.527724497,3.528499512,3.526992981,3.529167766
1369,INPUT_SKIN1_90_5.txt,OUTPUT_SKIN1_90_5.txt,5,-480440,-240617,-240619,-240622.5,-240616.5,-240613
1370,INPUT_SKIN1_90_5.txt,OUTPUT_SKIN10_90_5.txt,5,1.635426274,1.429557198,1.429537666,1.429529858,1.429628014,1.429529053
1371,INPUT_SKIN1_90_5.txt,OUTPUT_SKIN11_90_5.txt,5,0.784418537,0.665894618,0.665889009,0.665879193,0.665896021,0.665905837
1372,INPUT_SKIN1_90_5.txt,OUTPUT_SKIN12_90_5.txt,5,1.05595337,0.967331561,0.966832802,0.967526663,0.967213119,0.96763157
1373,INPUT_SKIN1_90_5.txt,OUTPUT_SKIN2_90_5.txt,5,0.784383525,0.629569182,0.629562222,0.629429805,0.629658828,0.629780303
1374,INPUT_SKIN1_90_5.txt,OUTPUT_SKIN3_90_5.txt,5,0.239551627,0.216390553,0.216388748,0.21638559,0.216391004,0.216394163
1375,INPUT_SKIN1_90_5.txt,OUTPUT_SKIN4_90_5.txt,5,0.333726316,0.299813739,0.299837814,0.299810354,0.29986291,0.299857536
1376,INPUT_SKIN1_90_5.txt,OUTPUT_SKIN5_90_5.txt,5,0.499358679,0.372133962,0.372130846,0.372125393,0.372134741,0.372140194
1377,INPUT_SKIN1_90_5.txt,OUTPUT_SKIN6_90_5.txt,5,0.32705645,0.5170922,0.517078128,0.517096541,0.517111161,0.517089493
1378,INPUT_SKIN1_90_5.txt,OUTPUT_SKIN7_90_5.txt,5,0.248209239,0.118844716,0.118843726,0.118841544,0.118832565,0.118846695
1379,INPUT_SKIN1_90_5.txt,OUTPUT_SKIN8_90_5.txt,5,1.097745983,0.936893472,0.9368856,0.936871825,0.936898849,0.936912625
1380,INPUT_SKIN1_90_5.txt,OUTPUT_SKIN9_90_5.txt,5,0.864278212,0.792892886,0.793440359,0.793452708,0.793441793,0.792923505
1381,INPUT_SKIN10_90_5.txt,OUTPUT_BM1_90_5.txt,5,2.102551672,1.912712219,1.909816431,1.91125765,1.911137854,1.911085393
1382,INPUT_SKIN10_90_5.txt,OUTPUT_BM2_90_5.txt,5,2.229744784,2.528750003,2.529043978,2.529875771,2.52803921,2.528178794
1383,INPUT_SKIN10_90_5.txt,OUTPUT_GUT_90_5.txt,5,NA,NA,NA,NA,NA,NA
1384,INPUT_SKIN10_90_5.txt,OUTPUT_L_90_5.txt,5,4.595831479,3.962153887,3.961735501,3.962669318,3.96270042,3.958690578
1385,INPUT_SKIN10_90_5.txt,OUTPUT_LN1_90_5.txt,5,17.63024971,12.96364484,12.9640757,12.96414531,12.96247044,12.96278726
1386,INPUT_SKIN10_90_5.txt,OUTPUT_LN2_90_5.txt,5,0.247177837,0.243228324,0.243228715,0.243232312,0.243227144,0.243232694
1387,INPUT_SKIN10_90_5.txt,OUTPUT_LUNG_90_5.txt,5,0.86213404,0.81928088,0.818668581,0.81909689,0.818632337,0.818755486
1388,INPUT_SKIN10_90_5.txt,OUTPUT_S_90_5.txt,5,2.992300572,1.968996448,1.9681115,1.96896017,1.967256079,1.969528886
1389,INPUT_SKIN10_90_5.txt,OUTPUT_SKIN1_90_5.txt,5,0.01995982,0.095096067,0.095097932,0.095102339,0.095095175,0.095094339
1390,INPUT_SKIN10_90_5.txt,OUTPUT_SKIN10_90_5.txt,5,-609625,-305774,-305773.5,-305769,-305775.5,-305768.5
1391,INPUT_SKIN10_90_5.txt,OUTPUT_SKIN11_90_5.txt,5,1.021524455,0.797866287,0.797867783,0.797879558,0.797862318,0.797880894
1392,INPUT_SKIN10_90_5.txt,OUTPUT_SKIN12_90_5.txt,5,0.229921265,0.157277334,0.157201033,0.157368596,0.157261622,0.157380522
1393,INPUT_SKIN10_90_5.txt,OUTPUT_SKIN2_90_5.txt,5,0.248618534,0.190591994,0.19059033,0.190555483,0.190617944,0.190656858
1394,INPUT_SKIN10_90_5.txt,OUTPUT_SKIN3_90_5.txt,5,0.080980349,0.168530916,0.168531194,0.168533678,0.168530086,0.168533955
1395,INPUT_SKIN10_90_5.txt,OUTPUT_SKIN4_90_5.txt,5,0.119786831,0.107494792,0.107505448,0.107496342,0.107512004,0.107510635
1396,INPUT_SKIN10_90_5.txt,OUTPUT_SKIN5_90_5.txt,5,0.153140324,0.104202089,0.104202264,0.104203797,0.104201577,0.104203969
1397,INPUT_SKIN10_90_5.txt,OUTPUT_SKIN6_90_5.txt,5,0.166503765,0.173358403,0.173355314,0.173366839,0.173363719,0.173357585
1398,INPUT_SKIN10_90_5.txt,OUTPUT_SKIN7_90_5.txt,5,0.134796816,0.157686055,0.157686312,0.15768804,0.157678117,0.157688897
1399,INPUT_SKIN10_90_5.txt,OUTPUT_SKIN8_90_5.txt,5,0.147298621,0.296054818,0.296055323,0.296059687,0.296054421,0.296061222
1400,INPUT_SKIN10_90_5.txt,OUTPUT_SKIN9_90_5.txt,5,0.331421306,0.28749277,0.287718048,0.287732041,0.28771426,0.287505831
1401,INPUT_SKIN11_90_5.txt,OUTPUT_BM1_90_5.txt,5,3.444126059,2.36016654,2.356749214,2.358425963,2.358335967,2.358219622
1402,INPUT_SKIN11_90_5.txt,OUTPUT_BM2_90_5.txt,5,3.38444679,2.255245183,2.255459906,2.256198851,2.254623143,2.254681024
1403,INPUT_SKIN11_90_5.txt,OUTPUT_GUT_90_5.txt,5,NA,NA,NA,NA,NA,NA
1404,INPUT_SKIN11_90_5.txt,OUTPUT_L_90_5.txt,5,6.571630349,5.223010874,5.222417188,5.223463459,5.223627028,5.219130631
1405,INPUT_SKIN11_90_5.txt,OUTPUT_LN1_90_5.txt,5,8.486482493,7.73997459,7.737143468,7.739739894,7.736618442,7.735291738
1406,INPUT_SKIN11_90_5.txt,OUTPUT_LN2_90_5.txt,5,0.187263428,0.155389416,0.155389416,0.155389416,0.155389416,0.155389416
1407,INPUT_SKIN11_90_5.txt,OUTPUT_LUNG_90_5.txt,5,2.070767633,1.844720491,1.843453264,1.84431338,1.843400741,1.843610836
1408,INPUT_SKIN11_90_5.txt,OUTPUT_S_90_5.txt,5,4.905680704,3.607243252,3.605821453,3.607131787,3.604562553,3.60799987
1409,INPUT_SKIN11_90_5.txt,OUTPUT_SKIN1_90_5.txt,5,0.051508959,0.124024591,0.124024449,0.1240242,0.124024626,0.124024874
1410,INPUT_SKIN11_90_5.txt,OUTPUT_SKIN10_90_5.txt,5,0.388322813,0.421534414,0.421598555,0.42159143,0.421542364,0.421582116
1411,INPUT_SKIN11_90_5.txt,OUTPUT_SKIN11_90_5.txt,5,-487827.5,-244536,-244536,-244536,-244536,-244536
1412,INPUT_SKIN11_90_5.txt,OUTPUT_SKIN12_90_5.txt,5,0.325264983,0.330745244,0.330991478,0.33093939,0.331127787,0.330943696
1413,INPUT_SKIN11_90_5.txt,OUTPUT_SKIN2_90_5.txt,5,0.544836193,0.558450329,0.558488895,0.558376238,0.558538333,0.558629828
1414,INPUT_SKIN11_90_5.txt,OUTPUT_SKIN3_90_5.txt,5,0.094726273,0.091790976,0.091790976,0.091790976,0.091790976,0.091790976
1415,INPUT_SKIN11_90_5.txt,OUTPUT_SKIN4_90_5.txt,5,0.155509064,0.17216636,0.172165197,0.17218379,0.172199146,0.172183958
1416,INPUT_SKIN11_90_5.txt,OUTPUT_SKIN5_90_5.txt,5,0.332961783,0.364549187,0.364549187,0.364549187,0.364549187,0.364549187
1417,INPUT_SKIN11_90_5.txt,OUTPUT_SKIN6_90_5.txt,5,0.179530437,0.092100756,0.092098787,0.092103226,0.092103739,0.092098717
1418,INPUT_SKIN11_90_5.txt,OUTPUT_SKIN7_90_5.txt,5,0.205501451,0.16956563,0.16956563,0.169564987,0.169552227,0.16956563
1419,INPUT_SKIN11_90_5.txt,OUTPUT_SKIN8_90_5.txt,5,0.180348432,0.253995659,0.253995659,0.253995659,0.254008974,0.254008974
1420,INPUT_SKIN11_90_5.txt,OUTPUT_SKIN9_90_5.txt,5,0.318462091,0.389168704,0.389470184,0.389483228,0.389464986,0.38917668
1421,INPUT_SKIN12_90_5.txt,OUTPUT_BM1_90_5.txt,5,6.026746834,4.915960961,4.914168629,4.913847122,4.914552304,4.913476626
1422,INPUT_SKIN12_90_5.txt,OUTPUT_BM2_90_5.txt,5,3.592106376,3.616679951,3.617806015,3.617196217,3.616253059,3.615536127
1423,INPUT_SKIN12_90_5.txt,OUTPUT_GUT_90_5.txt,5,NA,NA,NA,NA,NA,NA
1424,INPUT_SKIN12_90_5.txt,OUTPUT_L_90_5.txt,5,7.243294608,6.352368579,6.353830069,6.351697718,6.352877565,6.35029133
1425,INPUT_SKIN12_90_5.txt,OUTPUT_LN1_90_5.txt,5,8.147025322,7.207675549,7.209537532,7.206801346,7.208086687,7.206547073
1426,INPUT_SKIN12_90_5.txt,OUTPUT_LN2_90_5.txt,5,0.619271869,0.513859996,0.513987465,0.51380452,0.513890545,0.51378539
1427,INPUT_SKIN12_90_5.txt,OUTPUT_LUNG_90_5.txt,5,8.837637164,7.863342603,7.865836273,7.862526402,7.864254471,7.862469927
1428,INPUT_SKIN12_90_5.txt,OUTPUT_S_90_5.txt,5,5.178582962,4.388348815,4.388447742,4.387749984,4.38668229,4.388172579
1429,INPUT_SKIN12_90_5.txt,OUTPUT_SKIN1_90_5.txt,5,0.084871155,0.052764949,0.052778889,0.052761199,0.052767385,0.052754953
1430,INPUT_SKIN12_90_5.txt,OUTPUT_SKIN10_90_5.txt,5,0.936957831,1.087444456,1.088306503,1.087852239,1.08749371,1.087792864
1431,INPUT_SKIN12_90_5.txt,OUTPUT_SKIN11_90_5.txt,5,97.05961661,86.59913191,86.67480588,86.62262738,86.68044952,86.62483307
1432,INPUT_SKIN12_90_5.txt,OUTPUT_SKIN12_90_5.txt,5,-608675.5,-304561.5,-304486,-304597,-304546,-304609
1433,INPUT_SKIN12_90_5.txt,OUTPUT_SKIN2_90_5.txt,5,0.641551252,0.549579522,0.549683304,0.549374218,0.549679929,0.549669446
1434,INPUT_SKIN12_90_5.txt,OUTPUT_SKIN3_90_5.txt,5,0.133499048,0.144957916,0.144993951,0.144941086,0.14496542,0.144935387
1435,INPUT_SKIN12_90_5.txt,OUTPUT_SKIN4_90_5.txt,5,0.134310961,0.290435761,0.290587578,0.290352382,0.290486023,0.29044229
1436,INPUT_SKIN12_90_5.txt,OUTPUT_SKIN5_90_5.txt,5,0.497107123,0.253661673,0.253724921,0.253631181,0.253674981,0.253621203
1437,INPUT_SKIN12_90_5.txt,OUTPUT_SKIN6_90_5.txt,5,0.274082909,0.218529971,0.218580217,0.21851116,0.218548624,0.218490909
1438,INPUT_SKIN12_90_5.txt,OUTPUT_SKIN7_90_5.txt,5,0.260762991,0.225231834,0.225287887,0.225204771,0.22522436,0.225196781
1439,INPUT_SKIN12_90_5.txt,OUTPUT_SKIN8_90_5.txt,5,0.144449413,1.284897295,1.285222732,1.284760338,1.284984518,1.284716914
1440,INPUT_SKIN12_90_5.txt,OUTPUT_SKIN9_90_5.txt,5,0.917306116,0.746119102,0.74630403,0.746032917,0.746157492,0.746003609
1441,INPUT_SKIN2_90_5.txt,OUTPUT_BM1_90_5.txt,5,1.365094784,1.322807383,1.323064055,1.323088215,1.322837022,1.322711723
1442,INPUT_SKIN2_90_5.txt,OUTPUT_BM2_90_5.txt,5,1.339641171,1.261034084,1.261076074,1.261185671,1.26097325,1.260846186
1443,INPUT_SKIN2_90_5.txt,OUTPUT_GUT_90_5.txt,5,NA,NA,NA,NA,NA,NA
1444,INPUT_SKIN2_90_5.txt,OUTPUT_L_90_5.txt,5,1.335244024,1.292770588,1.292839791,1.292929623,1.292670143,1.292696721
1445,INPUT_SKIN2_90_5.txt,OUTPUT_LN1_90_5.txt,5,1.309784864,1.266560442,1.266699693,1.266739074,1.266588554,1.266508409
1446,INPUT_SKIN2_90_5.txt,OUTPUT_LN2_90_5.txt,5,4.93665583,3.471962531,3.472092555,3.472447426,3.471732073,3.47137768
1447,INPUT_SKIN2_90_5.txt,OUTPUT_LUNG_90_5.txt,5,1.229421719,1.196402315,1.196448193,1.196564139,1.196327096,1.196210894
1448,INPUT_SKIN2_90_5.txt,OUTPUT_S_90_5.txt,5,1.47158252,1.421080816,1.421229949,1.421298706,1.421187615,1.420801071
1449,INPUT_SKIN2_90_5.txt,OUTPUT_SKIN1_90_5.txt,5,5.048892881,4.831759693,4.832030098,4.832646882,4.831424505,4.830805287
1450,INPUT_SKIN2_90_5.txt,OUTPUT_SKIN10_90_5.txt,5,14.18392986,13.66468892,13.66440036,13.66671679,13.66365243,13.66213728
1451,INPUT_SKIN2_90_5.txt,OUTPUT_SKIN11_90_5.txt,5,16.37960578,15.92983605,15.93047873,15.9322363,15.9286938,15.92694588
1452,INPUT_SKIN2_90_5.txt,OUTPUT_SKIN12_90_5.txt,5,12.4123449,7.642746493,7.639485283,7.645812843,7.641444665,7.643854268
1453,INPUT_SKIN2_90_5.txt,OUTPUT_SKIN2_90_5.txt,5,-741980,-374596.5,-374582,-374546,-374620,-374656
1454,INPUT_SKIN2_90_5.txt,OUTPUT_SKIN3_90_5.txt,5,1.314970308,0.729616014,0.729644401,0.729715056,0.729569907,0.729499281
1455,INPUT_SKIN2_90_5.txt,OUTPUT_SKIN4_90_5.txt,5,5.375810041,4.886979088,4.887014175,4.888364319,4.887645065,4.886674306
1456,INPUT_SKIN2_90_5.txt,OUTPUT_SKIN5_90_5.txt,5,16.36152761,15.82260924,15.82310817,15.82493927,15.821434,15.81963213
1457,INPUT_SKIN2_90_5.txt,OUTPUT_SKIN6_90_5.txt,5,1.923757127,2.627689939,2.627755211,2.628129762,2.627598795,2.62721789
1458,INPUT_SKIN2_90_5.txt,OUTPUT_SKIN7_90_5.txt,5,11.39074386,10.43196423,10.43232101,10.43340107,10.43113341,10.43013213
1459,INPUT_SKIN2_90_5.txt,OUTPUT_SKIN8_90_5.txt,5,6.892442905,7.640825117,7.641045104,7.641920037,7.640257693,7.639482252
1460,INPUT_SKIN2_90_5.txt,OUTPUT_SKIN9_90_5.txt,5,5.404211596,3.81929472,3.819167949,3.819539881,3.818775327,3.818649834
1461,INPUT_SKIN3_90_5.txt,OUTPUT_BM1_90_5.txt,5,4.622403033,3.810144582,3.806465337,3.808181684,3.808255645,3.807951249
1462,INPUT_SKIN3_90_5.txt,OUTPUT_BM2_90_5.txt,5,2.789267476,2.349302316,2.349500975,2.350185813,2.348727393,2.348780343
1463,INPUT_SKIN3_90_5.txt,OUTPUT_GUT_90_5.txt,5,NA,NA,NA,NA,NA,NA
1464,INPUT_SKIN3_90_5.txt,OUTPUT_L_90_5.txt,5,4.686890202,3.783982567,3.78357309,3.784294722,3.784407708,3.781306195
1465,INPUT_SKIN3_90_5.txt,OUTPUT_LN1_90_5.txt,5,7.257512393,5.433115338,5.43124082,5.432959947,5.430893186,5.430014725
1466,INPUT_SKIN3_90_5.txt,OUTPUT_LN2_90_5.txt,5,0.288301059,0.26270751,0.26270751,0.26270751,0.26270751,0.26270751
1467,INPUT_SKIN3_90_5.txt,OUTPUT_LUNG_90_5.txt,5,10.95216111,9.544277546,9.544971116,9.544500289,9.544999877,9.544884838
1468,INPUT_SKIN3_90_5.txt,OUTPUT_S_90_5.txt,5,3.459160821,2.458972834,2.458008706,2.458896748,2.457154569,2.459485904
1469,INPUT_SKIN3_90_5.txt,OUTPUT_SKIN1_90_5.txt,5,0.124290506,0.065258756,0.065259839,0.065261734,0.065258486,0.065256591
1470,INPUT_SKIN3_90_5.txt,OUTPUT_SKIN10_90_5.txt,5,1.023915589,0.751928946,0.752763226,0.752584328,0.751779393,0.752686491
1471,INPUT_SKIN3_90_5.txt,OUTPUT_SKIN11_90_5.txt,5,0.439238843,0.349658405,0.349658405,0.349658405,0.349658405,0.349658405
1472,INPUT_SKIN3_90_5.txt,OUTPUT_SKIN12_90_5.txt,5,0.358789396,0.244257745,0.244138026,0.24436043,0.244231353,0.244380065
1473,INPUT_SKIN3_90_5.txt,OUTPUT_SKIN2_90_5.txt,5,0.415514345,0.376719729,0.376729443,0.376654946,0.376775017,0.376841101
1474,INPUT_SKIN3_90_5.txt,OUTPUT_SKIN3_90_5.txt,5,-502790,-251865.5,-251865.5,-251865.5,-251865.5,-251865.5
1475,INPUT_SKIN3_90_5.txt,OUTPUT_SKIN4_90_5.txt,5,0.174010965,0.116867622,0.116877665,0.116877879,0.116892677,0.116888963
1476,INPUT_SKIN3_90_5.txt,OUTPUT_SKIN5_90_5.txt,5,0.247072806,0.221788248,0.221788248,0.221788248,0.221788248,0.221788248
1477,INPUT_SKIN3_90_5.txt,OUTPUT_SKIN6_90_5.txt,5,0.180972978,0.161590728,0.16158766,0.161595835,0.161596347,0.161587141
1478,INPUT_SKIN3_90_5.txt,OUTPUT_SKIN7_90_5.txt,5,0.177900243,0.170622504,0.170622504,0.170621859,0.170608122,0.170622504
1479,INPUT_SKIN3_90_5.txt,OUTPUT_SKIN8_90_5.txt,5,0.333385339,0.290490832,0.290490832,0.290490832,0.290491878,0.290491878
1480,INPUT_SKIN3_90_5.txt,OUTPUT_SKIN9_90_5.txt,5,0.410648579,0.463684107,0.464150383,0.464170563,0.464145463,0.463699554
1481,INPUT_SKIN4_90_5.txt,OUTPUT_BM1_90_5.txt,5,13.76679651,13.48132462,13.47970309,13.47947832,13.47891083,13.47958851
1482,INPUT_SKIN4_90_5.txt,OUTPUT_BM2_90_5.txt,5,3.540672686,6.108015949,6.108508263,6.109431333,6.106228977,6.106624802
1483,INPUT_SKIN4_90_5.txt,OUTPUT_GUT_90_5.txt,5,NA,NA,NA,NA,NA,NA
1484,INPUT_SKIN4_90_5.txt,OUTPUT_L_90_5.txt,5,10.98734289,11.8944293,11.89423086,11.89390274,11.89359676,11.89135405
1485,INPUT_SKIN4_90_5.txt,OUTPUT_LN1_90_5.txt,5,13.969596,13.20447526,13.20397021,13.20353419,13.20228132,13.20261637
1486,INPUT_SKIN4_90_5.txt,OUTPUT_LN2_90_5.txt,5,0.402509639,0.432917338,0.432923292,0.432896151,0.432882613,0.432901067
1487,INPUT_SKIN4_90_5.txt,OUTPUT_LUNG_90_5.txt,5,15.05942121,13.97692485,13.97689288,13.97588639,13.97520096,13.97595105
1488,INPUT_SKIN4_90_5.txt,OUTPUT_S_90_5.txt,5,6.152506484,6.261056919,6.259176775,6.260502526,6.256731896,6.261772905
1489,INPUT_SKIN4_90_5.txt,OUTPUT_SKIN1_90_5.txt,5,0.087975547,0.059581497,0.059583267,0.059580409,0.059575546,0.059576498
1490,INPUT_SKIN4_90_5.txt,OUTPUT_SKIN10_90_5.txt,5,3.024306348,3.064760806,3.064787081,3.064515776,3.064558529,3.064539215
1491,INPUT_SKIN4_90_5.txt,OUTPUT_SKIN11_90_5.txt,5,1.502564851,1.244585697,1.244602216,1.244517854,1.244480285,1.244532999
1492,INPUT_SKIN4_90_5.txt,OUTPUT_SKIN12_90_5.txt,5,0.575034338,0.411692658,0.411497197,0.411765374,0.411615472,0.411800462
1493,INPUT_SKIN4_90_5.txt,OUTPUT_SKIN2_90_5.txt,5,0.626168944,0.613290857,0.61326317,0.613096373,0.613312539,0.613453724
1494,INPUT_SKIN4_90_5.txt,OUTPUT_SKIN3_90_5.txt,5,0.552523004,0.451242556,0.451248538,0.451215117,0.451200895,0.451220911
1495,INPUT_SKIN4_90_5.txt,OUTPUT_SKIN4_90_5.txt,5,-533036.5,-266555,-266551.5,-266572,-266580.5,-266568.5
1496,INPUT_SKIN4_90_5.txt,OUTPUT_SKIN5_90_5.txt,5,1.156776209,0.957309355,0.957321314,0.957252758,0.957222133,0.957264007
1497,INPUT_SKIN4_90_5.txt,OUTPUT_SKIN6_90_5.txt,5,0.559641716,0.68243922,0.682435371,0.682416325,0.682396761,0.682389125
1498,INPUT_SKIN4_90_5.txt,OUTPUT_SKIN7_90_5.txt,5,0.236640985,0.52757849,0.527585452,0.527544871,0.527528328,0.527553597
1499,INPUT_SKIN4_90_5.txt,OUTPUT_SKIN8_90_5.txt,5,1.685869816,1.492644472,1.492665536,1.492581806,1.492541568,1.492603124
1500,INPUT_SKIN4_90_5.txt,OUTPUT_SKIN9_90_5.txt,5,0.379740351,0.31849216,0.318496352,0.318472398,0.318462329,0.318476521
1501,INPUT_SKIN5_90_5.txt,OUTPUT_BM1_90_5.txt,5,4.432832855,3.893732147,3.88861586,3.891066897,3.891045896,3.890751689
1502,INPUT_SKIN5_90_5.txt,OUTPUT_BM2_90_5.txt,5,4.662199726,3.975209378,3.975554778,3.976745652,3.974209878,3.974301855
1503,INPUT_SKIN5_90_5.txt,OUTPUT_GUT_90_5.txt,5,NA,NA,NA,NA,NA,NA
1504,INPUT_SKIN5_90_5.txt,OUTPUT_L_90_5.txt,5,7.085333883,6.354796946,6.354066712,6.355353628,6.355555052,6.350024267
1505,INPUT_SKIN5_90_5.txt,OUTPUT_LN1_90_5.txt,5,11.71081467,10.45287364,10.44960757,10.4526029,10.44900184,10.44747112
1506,INPUT_SKIN5_90_5.txt,OUTPUT_LN2_90_5.txt,5,0.292613451,0.255019285,0.255019285,0.255019285,0.255019285,0.255019285
1507,INPUT_SKIN5_90_5.txt,OUTPUT_LUNG_90_5.txt,5,2.299293091,1.802197118,1.800915896,1.801785504,1.800862795,1.801075204
1508,INPUT_SKIN5_90_5.txt,OUTPUT_S_90_5.txt,5,5.55152521,5.077121349,5.075214768,5.076976483,5.07353087,5.078135865
1509,INPUT_SKIN5_90_5.txt,OUTPUT_SKIN1_90_5.txt,5,0.119385633,0.091458349,0.09145862,0.091459093,0.091458281,0.091457807
1510,INPUT_SKIN5_90_5.txt,OUTPUT_SKIN10_90_5.txt,5,0.842705143,0.794786533,0.795009208,0.79494358,0.794746576,0.794974611
1511,INPUT_SKIN5_90_5.txt,OUTPUT_SKIN11_90_5.txt,5,0.561871608,0.471355967,0.471355967,0.471355967,0.471355967,0.471355967
1512,INPUT_SKIN5_90_5.txt,OUTPUT_SKIN12_90_5.txt,5,0.404874938,0.462360256,0.46294627,0.462477996,0.463146546,0.462546499
1513,INPUT_SKIN5_90_5.txt,OUTPUT_SKIN2_90_5.txt,5,0.905810263,0.809984974,0.81007913,0.809922187,0.810114316,0.810240965
1514,INPUT_SKIN5_90_5.txt,OUTPUT_SKIN3_90_5.txt,5,0.241099871,0.16324798,0.16324798,0.16324798,0.16324798,0.16324798
1515,INPUT_SKIN5_90_5.txt,OUTPUT_SKIN4_90_5.txt,5,0.224521841,0.155557085,0.155553676,0.155585092,0.155592956,0.155579516
1516,INPUT_SKIN5_90_5.txt,OUTPUT_SKIN5_90_5.txt,5,-493514.5,-247102.5,-247102.5,-247102.5,-247102.5,-247102.5
1517,INPUT_SKIN5_90_5.txt,OUTPUT_SKIN6_90_5.txt,5,0.245995832,0.216473321,0.216467631,0.216477174,0.216479402,0.216468473
1518,INPUT_SKIN5_90_5.txt,OUTPUT_SKIN7_90_5.txt,5,0.16218081,0.111244446,0.111244446,0.111244023,0.11123294,0.111244446
1519,INPUT_SKIN5_90_5.txt,OUTPUT_SKIN8_90_5.txt,5,0.326679636,0.287056111,0.287056111,0.287056111,0.287066927,0.287066927
1520,INPUT_SKIN5_90_5.txt,OUTPUT_SKIN9_90_5.txt,5,0.480426272,0.430038605,0.430389119,0.430404284,0.430386813,0.43005161
1521,INPUT_SKIN6_90_5.txt,OUTPUT_BM1_90_5.txt,5,16.71628774,14.70620453,14.70848537,14.70726329,14.70770073,14.70718239
1522,INPUT_SKIN6_90_5.txt,OUTPUT_BM2_90_5.txt,5,17.13690746,15.08758682,15.08692024,15.08641311,15.08830617,15.08762205
1523,INPUT_SKIN6_90_5.txt,OUTPUT_GUT_90_5.txt,5,NA,NA,NA,NA,NA,NA
1524,INPUT_SKIN6_90_5.txt,OUTPUT_L_90_5.txt,5,16.08218289,14.16148654,14.16131641,14.16107279,14.16129391,14.16245693
1525,INPUT_SKIN6_90_5.txt,OUTPUT_LN1_90_5.txt,5,15.63048131,13.6875333,13.6880009,13.68737782,13.68855258,13.68845049
1526,INPUT_SKIN6_90_5.txt,OUTPUT_LN2_90_5.txt,5,3.949626053,6.938730857,6.938801197,6.938614501,6.938602613,6.938813098
1527,INPUT_SKIN6_90_5.txt,OUTPUT_LUNG_90_5.txt,5,15.87794873,14.00305992,14.00344651,14.00308061,14.00387837,14.00324277
1528,INPUT_SKIN6_90_5.txt,OUTPUT_S_90_5.txt,5,14.11703203,12.20499605,12.2039267,12.20485396,12.20351067,12.2051226
1529,INPUT_SKIN6_90_5.txt,OUTPUT_SKIN1_90_5.txt,5,0.290024909,0.317686424,0.317694617,0.31769581,0.317679666,0.317679466
1530,INPUT_SKIN6_90_5.txt,OUTPUT_SKIN10_90_5.txt,5,1.360599878,1.17064153,1.170648374,1.170653551,1.170701549,1.170612074
1531,INPUT_SKIN6_90_5.txt,OUTPUT_SKIN11_90_5.txt,5,74.37119274,65.28582521,65.28619642,65.28479129,65.28482521,65.28641025
1532,INPUT_SKIN6_90_5.txt,OUTPUT_SKIN12_90_5.txt,5,2.039213136,1.369828432,1.369183617,1.370109152,1.369663418,1.370239237
1533,INPUT_SKIN6_90_5.txt,OUTPUT_SKIN2_90_5.txt,5,1.210289445,1.224906545,1.224846992,1.224582248,1.225042288,1.225301359
1534,INPUT_SKIN6_90_5.txt,OUTPUT_SKIN3_90_5.txt,5,1.046775116,0.991285223,0.991294612,0.991269684,0.991268092,0.991296113
1535,INPUT_SKIN6_90_5.txt,OUTPUT_SKIN4_90_5.txt,5,0.155362478,1.145126541,1.14558261,1.144778085,1.145208519,1.145373677
1536,INPUT_SKIN6_90_5.txt,OUTPUT_SKIN5_90_5.txt,5,1.074424901,0.643336672,0.64334262,0.643326699,0.643325721,0.64334363
1537,INPUT_SKIN6_90_5.txt,OUTPUT_SKIN6_90_5.txt,5,-642073.5,-321595,-321592,-321600,-321600.5,-321591.5
1538,INPUT_SKIN6_90_5.txt,OUTPUT_SKIN7_90_5.txt,5,0.362057849,0.311098403,0.311101313,0.311092378,0.311091806,0.3111018
1539,INPUT_SKIN6_90_5.txt,OUTPUT_SKIN8_90_5.txt,5,0.158497419,1.435569601,1.435583096,1.435546771,1.435549629,1.435590362
1540,INPUT_SKIN6_90_5.txt,OUTPUT_SKIN9_90_5.txt,5,0.907184508,3.894393956,3.894432313,3.894331238,3.894078458,3.894192748
1541,INPUT_SKIN7_90_5.txt,OUTPUT_BM1_90_5.txt,5,2.626084588,1.866741357,1.864367598,1.865570817,1.865441745,1.865428542
1542,INPUT_SKIN7_90_5.txt,OUTPUT_BM2_90_5.txt,5,1.448612226,2.63968627,2.639860593,2.64046952,2.639188251,2.639228204
1543,INPUT_SKIN7_90_5.txt,OUTPUT_GUT_90_5.txt,5,NA,NA,NA,NA,NA,NA
1544,INPUT_SKIN7_90_5.txt,OUTPUT_L_90_5.txt,5,3.473589589,2.963002043,2.96271165,2.963229136,2.963309755,2.961103901
1545,INPUT_SKIN7_90_5.txt,OUTPUT_LN1_90_5.txt,5,5.06312629,3.613145524,3.611798529,3.613040854,3.611555729,3.610917528
1546,INPUT_SKIN7_90_5.txt,OUTPUT_LN2_90_5.txt,5,0.257929158,0.189034719,0.189034719,0.189035079,0.189035079,0.189034719
1547,INPUT_SKIN7_90_5.txt,OUTPUT_LUNG_90_5.txt,5,1.26546843,0.766110721,0.765574003,0.765939755,0.765553219,0.765640739
1548,INPUT_SKIN7_90_5.txt,OUTPUT_S_90_5.txt,5,3.234751695,2.768067869,2.767223974,2.76801393,2.766488347,2.768516815
1549,INPUT_SKIN7_90_5.txt,OUTPUT_SKIN1_90_5.txt,5,0.097125431,0.075994394,0.075995654,0.075998006,0.075994223,0.075991872
1550,INPUT_SKIN7_90_5.txt,OUTPUT_SKIN10_90_5.txt,5,0.463761925,0.314921993,0.314961091,0.314952262,0.314925438,0.314948343
1551,INPUT_SKIN7_90_5.txt,OUTPUT_SKIN11_90_5.txt,5,0.295944329,0.250866895,0.250866895,0.250867373,0.250867373,0.250866895
1552,INPUT_SKIN7_90_5.txt,OUTPUT_SKIN12_90_5.txt,5,0.373398797,0.324240841,0.324098389,0.324334617,0.324224573,0.324342137
1553,INPUT_SKIN7_90_5.txt,OUTPUT_SKIN2_90_5.txt,5,0.436126282,0.382084575,0.382061545,0.381986779,0.382136008,0.382207706
1554,INPUT_SKIN7_90_5.txt,OUTPUT_SKIN3_90_5.txt,5,0.06680625,0.067350707,0.067350707,0.067350835,0.067350835,0.067350707
1555,INPUT_SKIN7_90_5.txt,OUTPUT_SKIN4_90_5.txt,5,0.132421252,0.160763251,0.160785835,0.160768803,0.16079648,0.160794818
1556,INPUT_SKIN7_90_5.txt,OUTPUT_SKIN5_90_5.txt,5,0.28705184,0.242876775,0.242876775,0.242877237,0.242877224,0.242876775
1557,INPUT_SKIN7_90_5.txt,OUTPUT_SKIN6_90_5.txt,5,0.131077793,0.148865693,0.148862154,0.148869217,0.14887041,0.148862412
1558,INPUT_SKIN7_90_5.txt,OUTPUT_SKIN7_90_5.txt,5,-524784,-263067,-263067,-263066.5,-263066.5,-263067
1559,INPUT_SKIN7_90_5.txt,OUTPUT_SKIN8_90_5.txt,5,0.108858081,0.304370001,0.304370001,0.304370581,0.304371678,0.304371098
1560,INPUT_SKIN7_90_5.txt,OUTPUT_SKIN9_90_5.txt,5,0.459962946,0.408518392,0.408518392,0.408519171,0.408514995,0.408514218
1561,INPUT_SKIN8_90_5.txt,OUTPUT_BM1_90_5.txt,5,2.630257369,2.222046008,2.218774662,2.220412116,2.220264109,2.220218416
1562,INPUT_SKIN8_90_5.txt,OUTPUT_BM2_90_5.txt,5,4.10594162,4.016560241,4.016869497,4.0179379,4.015666309,4.015747569
1563,INPUT_SKIN8_90_5.txt,OUTPUT_GUT_90_5.txt,5,NA,NA,NA,NA,NA,NA
1564,INPUT_SKIN8_90_5.txt,OUTPUT_L_90_5.txt,5,5.304190593,4.804608767,4.804061169,4.805026219,4.805176923,4.801029631
1565,INPUT_SKIN8_90_5.txt,OUTPUT_LN1_90_5.txt,5,9.016958623,7.98488111,7.982496412,7.984683437,7.982053821,7.980936154
1566,INPUT_SKIN8_90_5.txt,OUTPUT_LN2_90_5.txt,5,0.272524343,0.251299185,0.251299185,0.251299185,0.251299191,0.251299191
1567,INPUT_SKIN8_90_5.txt,OUTPUT_LUNG_90_5.txt,5,1.026297314,0.820441086,0.819828952,0.820244423,0.819803579,0.81990506
1568,INPUT_SKIN8_90_5.txt,OUTPUT_S_90_5.txt,5,5.663452826,5.245429586,5.243785582,5.245314585,5.242342551,5.246304051
1569,INPUT_SKIN8_90_5.txt,OUTPUT_SKIN1_90_5.txt,5,0.043256249,0.09448547,0.094487105,0.094489967,0.094485062,0.094482201
1570,INPUT_SKIN8_90_5.txt,OUTPUT_SKIN10_90_5.txt,5,0.984556593,0.785355243,0.785934103,0.785801783,0.785254044,0.785871791
1571,INPUT_SKIN8_90_5.txt,OUTPUT_SKIN11_90_5.txt,5,0.661450342,0.770340731,0.770340731,0.770340731,0.770340728,0.770340728
1572,INPUT_SKIN8_90_5.txt,OUTPUT_SKIN12_90_5.txt,5,0.41141963,0.522180196,0.522023153,0.522416192,0.522234093,0.522352443
1573,INPUT_SKIN8_90_5.txt,OUTPUT_SKIN2_90_5.txt,5,0.706845556,0.926373036,0.926381224,0.926206975,0.926500925,0.926661937
1574,INPUT_SKIN8_90_5.txt,OUTPUT_SKIN3_90_5.txt,5,0.112587822,0.092527889,0.092527889,0.092527889,0.092527889,0.092527889
1575,INPUT_SKIN8_90_5.txt,OUTPUT_SKIN4_90_5.txt,5,0.219246378,0.257881879,0.257898704,0.257892819,0.257928167,0.257915626
1576,INPUT_SKIN8_90_5.txt,OUTPUT_SKIN5_90_5.txt,5,0.792133571,0.831949872,0.831949872,0.831949872,0.831949868,0.831949868
1577,INPUT_SKIN8_90_5.txt,OUTPUT_SKIN6_90_5.txt,5,0.229688602,0.280533261,0.280526952,0.280540358,0.280542183,0.280526928
1578,INPUT_SKIN8_90_5.txt,OUTPUT_SKIN7_90_5.txt,5,0.211476274,0.170363678,0.170363678,0.170363031,0.17034747,0.170363679
1579,INPUT_SKIN8_90_5.txt,OUTPUT_SKIN8_90_5.txt,5,-573649,-287081.5,-287081.5,-287081.5,-287081.5,-287081.5
1580,INPUT_SKIN8_90_5.txt,OUTPUT_SKIN9_90_5.txt,5,0.523442084,0.533748156,0.533947512,0.533956129,0.533947277,0.533756636
1581,INPUT_SKIN9_90_5.txt,OUTPUT_BM1_90_5.txt,5,2.761144949,2.32970106,2.329126344,2.329464079,2.329423727,2.329344189
1582,INPUT_SKIN9_90_5.txt,OUTPUT_BM2_90_5.txt,5,2.010935224,1.84260072,1.842737791,1.842985257,1.842469215,1.842420857
1583,INPUT_SKIN9_90_5.txt,OUTPUT_GUT_90_5.txt,5,NA,NA,NA,NA,NA,NA
1584,INPUT_SKIN9_90_5.txt,OUTPUT_L_90_5.txt,5,3.115638459,2.652609062,2.652697115,2.652716876,2.65272027,2.65255559
1585,INPUT_SKIN9_90_5.txt,OUTPUT_LN1_90_5.txt,5,3.387255915,2.871276243,2.871594131,2.871403242,2.871633791,2.871633448
1586,INPUT_SKIN9_90_5.txt,OUTPUT_LN2_90_5.txt,5,0.29284674,0.236476779,0.23648551,0.236485889,0.236485511,0.23647716
1587,INPUT_SKIN9_90_5.txt,OUTPUT_LUNG_90_5.txt,5,3.48284236,2.958190904,2.958519536,2.958374501,2.958528814,2.958388856
1588,INPUT_SKIN9_90_5.txt,OUTPUT_S_90_5.txt,5,2.450973378,3.101562924,3.101829626,3.101732852,3.102002125,3.101486222
1589,INPUT_SKIN9_90_5.txt,OUTPUT_SKIN1_90_5.txt,5,0.025088657,0.057666831,0.057669953,0.057671793,0.057668705,0.057664927
1590,INPUT_SKIN9_90_5.txt,OUTPUT_SKIN10_90_5.txt,5,49.8873287,42.2581521,42.25752552,42.26136846,42.26097371,42.25804187
1591,INPUT_SKIN9_90_5.txt,OUTPUT_SKIN11_90_5.txt,5,56.6270415,48.1484849,48.15151372,48.15164542,48.15143775,48.14854061
1592,INPUT_SKIN9_90_5.txt,OUTPUT_SKIN12_90_5.txt,5,0.453801034,0.596285867,0.596014488,0.596453269,0.596251104,0.596474518
1593,INPUT_SKIN9_90_5.txt,OUTPUT_SKIN2_90_5.txt,5,2.961788602,7.093459621,7.096140743,7.091965636,7.097506109,7.095499709
1594,INPUT_SKIN9_90_5.txt,OUTPUT_SKIN3_90_5.txt,5,0.168015585,0.191293192,0.191300252,0.191300559,0.191300251,0.191293498
1595,INPUT_SKIN9_90_5.txt,OUTPUT_SKIN4_90_5.txt,5,0.146233976,0.181681529,0.181683348,0.181712323,0.181723923,0.18170073
1596,INPUT_SKIN9_90_5.txt,OUTPUT_SKIN5_90_5.txt,5,44.16279762,37.31360516,37.31570391,37.31579516,37.31567486,37.31366735
1597,INPUT_SKIN9_90_5.txt,OUTPUT_SKIN6_90_5.txt,5,0.149410331,0.122323139,0.122325333,0.122331714,0.122331902,0.122320636
1598,INPUT_SKIN9_90_5.txt,OUTPUT_SKIN7_90_5.txt,5,0.352306157,0.305616459,0.305627761,0.305627093,0.305599747,0.305616947
1599,INPUT_SKIN9_90_5.txt,OUTPUT_SKIN8_90_5.txt,5,0.140709888,0.248521342,0.248530521,0.24853092,0.248565743,0.248556961
1600,INPUT_SKIN9_90_5.txt,OUTPUT_SKIN9_90_5.txt,5,-624034.5,-312484,-312472.5,-312472,-312472.5,-312483.5
1601,INPUT_BM1_90_5.txt,OUTPUT_BM1_90_5.txt,6,-518941,-260067,-260137.5,-260024.5,-260155,-260094.5
1602,INPUT_BM1_90_5.txt,OUTPUT_BM2_90_5.txt,6,0.130795809,0.059429783,0.059433982,0.059488491,0.059432239,0.059456224
1603,INPUT_BM1_90_5.txt,OUTPUT_GUT_90_5.txt,6,6.085816928,5.39822736,5.396505022,5.399266176,5.396077659,5.397555397
1604,INPUT_BM1_90_5.txt,OUTPUT_L_90_5.txt,6,NA,NA,NA,NA,NA,NA
1605,INPUT_BM1_90_5.txt,OUTPUT_LN1_90_5.txt,6,0.079151787,0.08879668,0.08877253,0.088811245,0.088766537,0.088787258
1606,INPUT_BM1_90_5.txt,OUTPUT_LN2_90_5.txt,6,0.071659703,0.155408991,0.155366279,0.155400379,0.155322683,0.155392816
1607,INPUT_BM1_90_5.txt,OUTPUT_LUNG_90_5.txt,6,1.091631437,0.881406644,0.881160155,0.881555304,0.881098991,0.881310479
1608,INPUT_BM1_90_5.txt,OUTPUT_S_90_5.txt,6,NA,NA,NA,NA,NA,NA
1609,INPUT_BM2_90_5.txt,OUTPUT_BM1_90_5.txt,6,1.889260701,1.743215584,1.743861714,1.741936216,1.744062626,1.743106924
1610,INPUT_BM2_90_5.txt,OUTPUT_BM2_90_5.txt,6,-526472,-263362,-263407,-263470.5,-263412,-263434.5
1611,INPUT_BM2_90_5.txt,OUTPUT_GUT_90_5.txt,6,0.144683598,0.122433761,0.122412766,0.122383153,0.122410434,0.12239994
1612,INPUT_BM2_90_5.txt,OUTPUT_L_90_5.txt,6,NA,NA,NA,NA,NA,NA
1613,INPUT_BM2_90_5.txt,OUTPUT_LN1_90_5.txt,6,0.018690025,0.026568509,0.026563966,0.026557557,0.026563461,0.02656119
1614,INPUT_BM2_90_5.txt,OUTPUT_LN2_90_5.txt,6,0.044991469,0.082868858,0.082854733,0.08284181,0.082860115,0.08284591
1615,INPUT_BM2_90_5.txt,OUTPUT_LUNG_90_5.txt,6,0.189472827,0.175749576,0.17571937,0.175676762,0.175716014,0.175700915
1616,INPUT_BM2_90_5.txt,OUTPUT_S_90_5.txt,6,NA,NA,NA,NA,NA,NA
1617,INPUT_GUT_90_5.txt,OUTPUT_BM1_90_5.txt,6,8.936648485,7.728218665,7.730604284,7.72678024,7.731196367,7.729149296
1618,INPUT_GUT_90_5.txt,OUTPUT_BM2_90_5.txt,6,0.44185008,0.242547556,0.242629436,0.242745002,0.242638535,0.242679481
1619,INPUT_GUT_90_5.txt,OUTPUT_GUT_90_5.txt,6,-75883,-38063.5,-38063.5,-38063.5,-38063.5,-38063.5
1620,INPUT_GUT_90_5.txt,OUTPUT_L_90_5.txt,6,NA,NA,NA,NA,NA,NA
1621,INPUT_GUT_90_5.txt,OUTPUT_LN1_90_5.txt,6,0.191637983,0.227407352,0.227407352,0.227407352,0.227407352,0.227407352
1622,INPUT_GUT_90_5.txt,OUTPUT_LN2_90_5.txt,6,0.320315501,0.293289515,0.293289414,0.293279665,0.29327987,0.293289615
1623,INPUT_GUT_90_5.txt,OUTPUT_LUNG_90_5.txt,6,0.386100852,0.345612059,0.345612059,0.345612059,0.345612059,0.345612059
1624,INPUT_GUT_90_5.txt,OUTPUT_S_90_5.txt,6,NA,NA,NA,NA,NA,NA
1625,INPUT_L_90_5.txt,OUTPUT_BM1_90_5.txt,6,NA,NA,NA,NA,NA,NA
1626,INPUT_L_90_5.txt,OUTPUT_BM2_90_5.txt,6,NA,NA,NA,NA,NA,NA
1627,INPUT_L_90_5.txt,OUTPUT_GUT_90_5.txt,6,NA,NA,NA,NA,NA,NA
1628,INPUT_L_90_5.txt,OUTPUT_L_90_5.txt,6,NA,NA,NA,NA,NA,NA
1629,INPUT_L_90_5.txt,OUTPUT_LN1_90_5.txt,6,NA,NA,NA,NA,NA,NA
1630,INPUT_L_90_5.txt,OUTPUT_LN2_90_5.txt,6,NA,NA,NA,NA,NA,NA
1631,INPUT_L_90_5.txt,OUTPUT_LUNG_90_5.txt,6,NA,NA,NA,NA,NA,NA
1632,INPUT_L_90_5.txt,OUTPUT_S_90_5.txt,6,NA,NA,NA,NA,NA,NA
1633,INPUT_LN1_90_5.txt,OUTPUT_BM1_90_5.txt,6,7.810593877,7.103839259,7.105905459,7.102593396,7.106418254,7.104645293
1634,INPUT_LN1_90_5.txt,OUTPUT_BM2_90_5.txt,6,0.073094627,0.11757203,0.117611928,0.117668238,0.117616361,0.117636313
1635,INPUT_LN1_90_5.txt,OUTPUT_GUT_90_5.txt,6,42.48440219,37.25501819,37.25501819,37.25501819,37.25501819,37.25501819
1636,INPUT_LN1_90_5.txt,OUTPUT_L_90_5.txt,6,NA,NA,NA,NA,NA,NA
1637,INPUT_LN1_90_5.txt,OUTPUT_LN1_90_5.txt,6,-470733,-235722,-235722,-235722,-235722,-235722
1638,INPUT_LN1_90_5.txt,OUTPUT_LN2_90_5.txt,6,0.096442342,0.11765554,0.117655973,0.11769754,0.117696674,0.117655107
1639,INPUT_LN1_90_5.txt,OUTPUT_LUNG_90_5.txt,6,0.272370802,0.233603409,0.233603409,0.233603409,0.233603409,0.233603409
1640,INPUT_LN1_90_5.txt,OUTPUT_S_90_5.txt,6,NA,NA,NA,NA,NA,NA
1641,INPUT_LN2_90_5.txt,OUTPUT_BM1_90_5.txt,6,7.369490291,5.611419124,5.613398311,5.609168391,5.612873112,5.612206249
1642,INPUT_LN2_90_5.txt,OUTPUT_BM2_90_5.txt,6,0.036353764,0.045183054,0.04519892,0.045213566,0.045192997,0.04520883
1643,INPUT_LN2_90_5.txt,OUTPUT_GUT_90_5.txt,6,0.123368352,0.102897759,0.102897573,0.102879655,0.102880028,0.102897946
1644,INPUT_LN2_90_5.txt,OUTPUT_L_90_5.txt,6,NA,NA,NA,NA,NA,NA
1645,INPUT_LN2_90_5.txt,OUTPUT_LN1_90_5.txt,6,0.040337648,0.027472652,0.027472602,0.027467832,0.027467931,0.027472701
1646,INPUT_LN2_90_5.txt,OUTPUT_LN2_90_5.txt,6,-551129,-276224,-276224.5,-276272.5,-276271.5,-276223.5
1647,INPUT_LN2_90_5.txt,OUTPUT_LUNG_90_5.txt,6,0.164052045,0.156396752,0.156396468,0.156369247,0.156369814,0.156397035
1648,INPUT_LN2_90_5.txt,OUTPUT_S_90_5.txt,6,NA,NA,NA,NA,NA,NA
1649,INPUT_LUNG_90_5.txt,OUTPUT_BM1_90_5.txt,6,3.195585774,2.680386126,2.681649442,2.679624626,2.681963055,2.680878891
1650,INPUT_LUNG_90_5.txt,OUTPUT_BM2_90_5.txt,6,0.133086693,0.0613256,0.061346502,0.061376002,0.061348824,0.061359277
1651,INPUT_LUNG_90_5.txt,OUTPUT_GUT_90_5.txt,6,0.205411965,0.147060399,0.147060399,0.147060399,0.147060399,0.147060399
1652,INPUT_LUNG_90_5.txt,OUTPUT_L_90_5.txt,6,NA,NA,NA,NA,NA,NA
1653,INPUT_LUNG_90_5.txt,OUTPUT_LN1_90_5.txt,6,0.067881585,0.045435073,0.045435073,0.045435073,0.045435073,0.045435073
1654,INPUT_LUNG_90_5.txt,OUTPUT_LN2_90_5.txt,6,0.085167957,0.135790223,0.135790726,0.135839075,0.135838068,0.135789719
1655,INPUT_LUNG_90_5.txt,OUTPUT_LUNG_90_5.txt,6,-412238,-206532,-206532,-206532,-206532,-206532
1656,INPUT_LUNG_90_5.txt,OUTPUT_S_90_5.txt,6,NA,NA,NA,NA,NA,NA
1657,INPUT_S_90_5.txt,OUTPUT_BM1_90_5.txt,6,NA,NA,NA,NA,NA,NA
1658,INPUT_S_90_5.txt,OUTPUT_BM2_90_5.txt,6,NA,NA,NA,NA,NA,NA
1659,INPUT_S_90_5.txt,OUTPUT_GUT_90_5.txt,6,NA,NA,NA,NA,NA,NA
1660,INPUT_S_90_5.txt,OUTPUT_L_90_5.txt,6,NA,NA,NA,NA,NA,NA
1661,INPUT_S_90_5.txt,OUTPUT_LN1_90_5.txt,6,NA,NA,NA,NA,NA,NA
1662,INPUT_S_90_5.txt,OUTPUT_LN2_90_5.txt,6,NA,NA,NA,NA,NA,NA
1663,INPUT_S_90_5.txt,OUTPUT_LUNG_90_5.txt,6,NA,NA,NA,NA,NA,NA
1664,INPUT_S_90_5.txt,OUTPUT_S_90_5.txt,6,NA,NA,NA,NA,NA,NA
1665,INPUT_BM1_90_5.txt,OUTPUT_BM1_90_5.txt,7,-713807.5,-358003.5,-357820,-357809,-358023.5,-357768
1666,INPUT_BM1_90_5.txt,OUTPUT_BM2_90_5.txt,7,1.318855182,1.476519587,1.476609845,1.476595831,1.476992563,1.477452491
1667,INPUT_BM1_90_5.txt,OUTPUT_GUT_90_5.txt,7,NA,NA,NA,NA,NA,NA
1668,INPUT_BM1_90_5.txt,OUTPUT_L_90_5.txt,7,2.247581359,1.989097175,1.990943732,1.99041966,1.991214295,1.993083559
1669,INPUT_BM1_90_5.txt,OUTPUT_LN1_90_5.txt,7,0.011672672,0.011289458,0.011295249,0.011295596,0.011288827,0.011296891
1670,INPUT_BM1_90_5.txt,OUTPUT_LN2_90_5.txt,7,0.020047978,0.010327312,0.010332609,0.010332927,0.010326735,0.010334111
1671,INPUT_BM1_90_5.txt,OUTPUT_LUNG_90_5.txt,7,0.00968862,0.010000408,0.010005659,0.01000411,0.009998144,0.010005123
1672,INPUT_BM1_90_5.txt,OUTPUT_S_90_5.txt,7,1.838811136,1.494659551,1.495132882,1.496156956,1.49468059,1.495544236
1673,INPUT_BM2_90_5.txt,OUTPUT_BM1_90_5.txt,7,0.047654011,0.0452624,0.045226059,0.045224188,0.04525879,0.0452033
1674,INPUT_BM2_90_5.txt,OUTPUT_BM2_90_5.txt,7,-942797,-472559,-472454,-472444.5,-472649.5,-472554.5
1675,INPUT_BM2_90_5.txt,OUTPUT_GUT_90_5.txt,7,NA,NA,NA,NA,NA,NA
1676,INPUT_BM2_90_5.txt,OUTPUT_L_90_5.txt,7,6.628666123,5.863632417,5.867336148,5.865745904,5.869040833,5.871532437
1677,INPUT_BM2_90_5.txt,OUTPUT_LN1_90_5.txt,7,0.139546632,0.118031193,0.118057516,0.118059898,0.118008514,0.118032321
1678,INPUT_BM2_90_5.txt,OUTPUT_LN2_90_5.txt,7,0.033649903,0.031723597,0.031730651,0.03173129,0.031717519,0.031723899
1679,INPUT_BM2_90_5.txt,OUTPUT_LUNG_90_5.txt,7,0.00711425,0.005566422,0.005567719,0.005566555,0.005564156,0.005565167
1680,INPUT_BM2_90_5.txt,OUTPUT_S_90_5.txt,7,7.315484086,6.291641166,6.291800966,6.295992982,6.290905883,6.291317831
1681,INPUT_GUT_90_5.txt,OUTPUT_BM1_90_5.txt,7,NA,NA,NA,NA,NA,NA
1682,INPUT_GUT_90_5.txt,OUTPUT_BM2_90_5.txt,7,NA,NA,NA,NA,NA,NA
1683,INPUT_GUT_90_5.txt,OUTPUT_GUT_90_5.txt,7,NA,NA,NA,NA,NA,NA
1684,INPUT_GUT_90_5.txt,OUTPUT_L_90_5.txt,7,NA,NA,NA,NA,NA,NA
1685,INPUT_GUT_90_5.txt,OUTPUT_LN1_90_5.txt,7,NA,NA,NA,NA,NA,NA
1686,INPUT_GUT_90_5.txt,OUTPUT_LN2_90_5.txt,7,NA,NA,NA,NA,NA,NA
1687,INPUT_GUT_90_5.txt,OUTPUT_LUNG_90_5.txt,7,NA,NA,NA,NA,NA,NA
1688,INPUT_GUT_90_5.txt,OUTPUT_S_90_5.txt,7,NA,NA,NA,NA,NA,NA
1689,INPUT_L_90_5.txt,OUTPUT_BM1_90_5.txt,7,0.049800884,0.05467991,0.054612294,0.054617,0.054655258,0.054570878
1690,INPUT_L_90_5.txt,OUTPUT_BM2_90_5.txt,7,8.497671764,8.323470964,8.317845331,8.318786502,8.321839196,8.317399418
1691,INPUT_L_90_5.txt,OUTPUT_GUT_90_5.txt,7,NA,NA,NA,NA,NA,NA
1692,INPUT_L_90_5.txt,OUTPUT_L_90_5.txt,7,-359343.5,-179491,-179529,-179502.5,-179592,-179613
1693,INPUT_L_90_5.txt,OUTPUT_LN1_90_5.txt,7,0.336665007,0.302003017,0.301938411,0.301983462,0.301831362,0.301795696
1694,INPUT_L_90_5.txt,OUTPUT_LN2_90_5.txt,7,0.019644379,0.027564866,0.027559028,0.027563099,0.027549353,0.027546129
1695,INPUT_L_90_5.txt,OUTPUT_LUNG_90_5.txt,7,0.015147233,0.019583299,0.019579287,0.019575921,0.019566183,0.019563494
1696,INPUT_L_90_5.txt,OUTPUT_S_90_5.txt,7,10.05914119,10.19441463,10.1902679,10.19850106,10.18935174,10.18680885
1697,INPUT_LN1_90_5.txt,OUTPUT_BM1_90_5.txt,7,0.260339892,0.260474739,0.260336808,0.260328549,0.260489542,0.260297765
1698,INPUT_LN1_90_5.txt,OUTPUT_BM2_90_5.txt,7,0.590647882,0.542826527,0.542829278,0.542829527,0.542824152,0.542826645
1699,INPUT_LN1_90_5.txt,OUTPUT_GUT_90_5.txt,7,NA,NA,NA,NA,NA,NA
1700,INPUT_LN1_90_5.txt,OUTPUT_L_90_5.txt,7,0.56905926,0.521955262,0.521951325,0.52195407,0.521944798,0.521942623
1701,INPUT_LN1_90_5.txt,OUTPUT_LN1_90_5.txt,7,-77113.5,-38670,-38670,-38670,-38670,-38670
1702,INPUT_LN1_90_5.txt,OUTPUT_LN2_90_5.txt,7,0.097665859,0.095322036,0.095322036,0.095322036,0.095322036,0.095322036
1703,INPUT_LN1_90_5.txt,OUTPUT_LUNG_90_5.txt,7,0.080219088,0.086566428,0.0865674,0.086560211,0.086560411,0.086559707
1704,INPUT_LN1_90_5.txt,OUTPUT_S_90_5.txt,7,0.56935074,0.523440619,0.523442304,0.523436566,0.523440009,0.523441156
1705,INPUT_LN2_90_5.txt,OUTPUT_BM1_90_5.txt,7,0.339901116,0.16695002,0.166779441,0.166769218,0.166968619,0.166731117
1706,INPUT_LN2_90_5.txt,OUTPUT_BM2_90_5.txt,7,5.475774585,5.16852001,5.166443785,5.166255949,5.170309729,5.168431023
1707,INPUT_LN2_90_5.txt,OUTPUT_GUT_90_5.txt,7,NA,NA,NA,NA,NA,NA
1708,INPUT_LN2_90_5.txt,OUTPUT_L_90_5.txt,7,9.409762617,9.516702724,9.519872521,9.517661998,9.525127852,9.526879668
1709,INPUT_LN2_90_5.txt,OUTPUT_LN1_90_5.txt,7,0.097653463,0.081675746,0.081675746,0.081675746,0.081675746,0.081675746
1710,INPUT_LN2_90_5.txt,OUTPUT_LN2_90_5.txt,7,-85282.5,-42784,-42784,-42784,-42784,-42784
1711,INPUT_LN2_90_5.txt,OUTPUT_LUNG_90_5.txt,7,0.063955327,0.050396708,0.050397199,0.050387551,0.050387629,0.050387016
1712,INPUT_LN2_90_5.txt,OUTPUT_S_90_5.txt,7,9.015076698,9.226698406,9.225277927,9.230113676,9.227212201,9.22624506
1713,INPUT_LUNG_90_5.txt,OUTPUT_BM1_90_5.txt,7,0.072635269,0.097960517,0.097861294,0.097869926,0.097985083,0.097849005
1714,INPUT_LUNG_90_5.txt,OUTPUT_BM2_90_5.txt,7,2.379134221,2.064789746,2.06419761,2.064453565,2.065585729,2.065087931
1715,INPUT_LUNG_90_5.txt,OUTPUT_GUT_90_5.txt,7,NA,NA,NA,NA,NA,NA
1716,INPUT_LUNG_90_5.txt,OUTPUT_L_90_5.txt,7,2.463323298,2.062645317,2.063158457,2.063101119,2.064333621,2.064651422
1717,INPUT_LUNG_90_5.txt,OUTPUT_LN1_90_5.txt,7,5.208797964,4.911518115,4.911489886,4.91222728,4.912217851,4.912284001
1718,INPUT_LUNG_90_5.txt,OUTPUT_LN2_90_5.txt,7,0.347889518,0.276230524,0.276228942,0.276270107,0.276269579,0.276273274
1719,INPUT_LUNG_90_5.txt,OUTPUT_LUNG_90_5.txt,7,-525282.5,-262577.5,-262579,-262540,-262540.5,-262537
1720,INPUT_LUNG_90_5.txt,OUTPUT_S_90_5.txt,7,3.032301497,2.575727688,2.575460844,2.576705388,2.576185667,2.576048754
1721,INPUT_S_90_5.txt,OUTPUT_BM1_90_5.txt,7,0.141225887,0.171148201,0.170989214,0.170922547,0.17116136,0.170928266
1722,INPUT_S_90_5.txt,OUTPUT_BM2_90_5.txt,7,61.60364986,54.04791158,54.02723054,54.00241423,54.06902604,54.04884052
1723,INPUT_S_90_5.txt,OUTPUT_GUT_90_5.txt,7,NA,NA,NA,NA,NA,NA
1724,INPUT_S_90_5.txt,OUTPUT_L_90_5.txt,7,1033.089679,917.7982092,918.0727608,917.8148657,918.4537627,918.6081404
1725,INPUT_S_90_5.txt,OUTPUT_LN1_90_5.txt,7,0.082933453,0.072320699,0.07232769,0.072303896,0.07231817,0.07232293
1726,INPUT_S_90_5.txt,OUTPUT_LN2_90_5.txt,7,0.025351263,0.024850944,0.024853342,0.024845182,0.024850077,0.024851709
1727,INPUT_S_90_5.txt,OUTPUT_LUNG_90_5.txt,7,0.00897447,0.007508677,0.007509481,0.007504513,0.007506015,0.00750631
1728,INPUT_S_90_5.txt,OUTPUT_S_90_5.txt,7,-487128.5,-243746.5,-243723,-243803,-243755,-243739
1729,INPUT_BM1_90_5.txt,OUTPUT_BM1_90_5.txt,8,-821444,-412031,-412088,-412043.5,-411853,-411816
1730,INPUT_BM1_90_5.txt,OUTPUT_BM2_90_5.txt,8,0.260903905,0.228906318,0.229003789,0.228829664,0.229024851,0.229037245
1731,INPUT_BM1_90_5.txt,OUTPUT_GUT_90_5.txt,8,NA,NA,NA,NA,NA,NA
1732,INPUT_BM1_90_5.txt,OUTPUT_L_90_5.txt,8,NA,NA,NA,NA,NA,NA
1733,INPUT_BM1_90_5.txt,OUTPUT_LN1_90_5.txt,8,0.165681238,0.12841734,0.1284201,0.128420119,0.128435935,0.128491739
1734,INPUT_BM1_90_5.txt,OUTPUT_LN2_90_5.txt,8,0.21095635,0.208394901,0.208318466,0.208268784,0.208397881,0.20841928
1735,INPUT_BM1_90_5.txt,OUTPUT_LUNG_90_5.txt,8,0.008608699,0.009493635,0.009492322,0.009493347,0.00949774,0.009498594
1736,INPUT_BM1_90_5.txt,OUTPUT_S_90_5.txt,8,2.572647225,1.636897783,1.636469636,1.636809971,1.637182308,1.637170409
1737,INPUT_BM2_90_5.txt,OUTPUT_BM1_90_5.txt,8,429.3697767,385.9332999,386.0499339,385.860136,385.9613287,385.9606395
1738,INPUT_BM2_90_5.txt,OUTPUT_BM2_90_5.txt,8,-894257,-448253,-448379,-448185,-448272,-448264
1739,INPUT_BM2_90_5.txt,OUTPUT_GUT_90_5.txt,8,NA,NA,NA,NA,NA,NA
1740,INPUT_BM2_90_5.txt,OUTPUT_L_90_5.txt,8,NA,NA,NA,NA,NA,NA
1741,INPUT_BM2_90_5.txt,OUTPUT_LN1_90_5.txt,8,0.044001752,0.059565031,0.059557556,0.059577091,0.059545802,0.059566816
1742,INPUT_BM2_90_5.txt,OUTPUT_LN2_90_5.txt,8,0.130472604,0.154048889,0.153970443,0.153983759,0.153977932,0.153982643
1743,INPUT_BM2_90_5.txt,OUTPUT_LUNG_90_5.txt,8,0.011568505,0.009365534,0.009362901,0.009366956,0.009365137,0.009365304
1744,INPUT_BM2_90_5.txt,OUTPUT_S_90_5.txt,8,4.109957082,3.454689518,3.453320474,3.455121219,3.453667922,3.453396659
1745,INPUT_GUT_90_5.txt,OUTPUT_BM1_90_5.txt,8,NA,NA,NA,NA,NA,NA
1746,INPUT_GUT_90_5.txt,OUTPUT_BM2_90_5.txt,8,NA,NA,NA,NA,NA,NA
1747,INPUT_GUT_90_5.txt,OUTPUT_GUT_90_5.txt,8,NA,NA,NA,NA,NA,NA
1748,INPUT_GUT_90_5.txt,OUTPUT_L_90_5.txt,8,NA,NA,NA,NA,NA,NA
1749,INPUT_GUT_90_5.txt,OUTPUT_LN1_90_5.txt,8,NA,NA,NA,NA,NA,NA
1750,INPUT_GUT_90_5.txt,OUTPUT_LN2_90_5.txt,8,NA,NA,NA,NA,NA,NA
1751,INPUT_GUT_90_5.txt,OUTPUT_LUNG_90_5.txt,8,NA,NA,NA,NA,NA,NA
1752,INPUT_GUT_90_5.txt,OUTPUT_S_90_5.txt,8,NA,NA,NA,NA,NA,NA
1753,INPUT_L_90_5.txt,OUTPUT_BM1_90_5.txt,8,NA,NA,NA,NA,NA,NA
1754,INPUT_L_90_5.txt,OUTPUT_BM2_90_5.txt,8,NA,NA,NA,NA,NA,NA
1755,INPUT_L_90_5.txt,OUTPUT_GUT_90_5.txt,8,NA,NA,NA,NA,NA,NA
1756,INPUT_L_90_5.txt,OUTPUT_L_90_5.txt,8,NA,NA,NA,NA,NA,NA
1757,INPUT_L_90_5.txt,OUTPUT_LN1_90_5.txt,8,NA,NA,NA,NA,NA,NA
1758,INPUT_L_90_5.txt,OUTPUT_LN2_90_5.txt,8,NA,NA,NA,NA,NA,NA
1759,INPUT_L_90_5.txt,OUTPUT_LUNG_90_5.txt,8,NA,NA,NA,NA,NA,NA
1760,INPUT_L_90_5.txt,OUTPUT_S_90_5.txt,8,NA,NA,NA,NA,NA,NA
1761,INPUT_LN1_90_5.txt,OUTPUT_BM1_90_5.txt,8,98.88768114,89.98274076,89.99038308,89.98561408,89.97386071,90.00060995
1762,INPUT_LN1_90_5.txt,OUTPUT_BM2_90_5.txt,8,0.324716792,0.402664045,0.402858477,0.402532241,0.402754006,0.402672853
1763,INPUT_LN1_90_5.txt,OUTPUT_GUT_90_5.txt,8,NA,NA,NA,NA,NA,NA
1764,INPUT_LN1_90_5.txt,OUTPUT_L_90_5.txt,8,NA,NA,NA,NA,NA,NA
1765,INPUT_LN1_90_5.txt,OUTPUT_LN1_90_5.txt,8,-512726.5,-256871.5,-256891.5,-256878,-256835.5,-256878.5
1766,INPUT_LN1_90_5.txt,OUTPUT_LN2_90_5.txt,8,0.544846607,0.382121802,0.382005359,0.381893384,0.382015708,0.381956995
1767,INPUT_LN1_90_5.txt,OUTPUT_LUNG_90_5.txt,8,0.009317724,0.013445823,0.013444776,0.013445483,0.013447709,0.013445456
1768,INPUT_LN1_90_5.txt,OUTPUT_S_90_5.txt,8,4.681185475,3.328334221,3.327708322,3.328184304,3.327931715,3.327124348
1769,INPUT_LN2_90_5.txt,OUTPUT_BM1_90_5.txt,8,3.052192479,2.178260281,2.179098125,2.179000963,2.176844516,2.176444578
1770,INPUT_LN2_90_5.txt,OUTPUT_BM2_90_5.txt,8,0.162111795,0.164937494,0.165049303,0.16493464,0.164985979,0.16497903
1771,INPUT_LN2_90_5.txt,OUTPUT_GUT_90_5.txt,8,NA,NA,NA,NA,NA,NA
1772,INPUT_LN2_90_5.txt,OUTPUT_L_90_5.txt,8,NA,NA,NA,NA,NA,NA
1773,INPUT_LN2_90_5.txt,OUTPUT_LN1_90_5.txt,8,0.08950099,0.127341872,0.127378357,0.127385626,0.127329023,0.127375401
1774,INPUT_LN2_90_5.txt,OUTPUT_LN2_90_5.txt,8,-472966,-236781,-236754,-236713,-236731.5,-236733
1775,INPUT_LN2_90_5.txt,OUTPUT_LUNG_90_5.txt,8,0.005537393,0.003656869,0.003657286,0.003657919,0.003657633,0.00365761
1776,INPUT_LN2_90_5.txt,OUTPUT_S_90_5.txt,8,2.535921913,1.96221468,1.962190739,1.962716863,1.962110978,1.961909662
1777,INPUT_LUNG_90_5.txt,OUTPUT_BM1_90_5.txt,8,1.590988405,1.238409008,1.238612337,1.238446913,1.237869108,1.23775685
1778,INPUT_LUNG_90_5.txt,OUTPUT_BM2_90_5.txt,8,0.328127899,0.300374776,0.300526459,0.300293628,0.300397352,0.300387891
1779,INPUT_LUNG_90_5.txt,OUTPUT_GUT_90_5.txt,8,NA,NA,NA,NA,NA,NA
1780,INPUT_LUNG_90_5.txt,OUTPUT_L_90_5.txt,8,NA,NA,NA,NA,NA,NA
1781,INPUT_LUNG_90_5.txt,OUTPUT_LN1_90_5.txt,8,0.081403766,0.110958818,0.11097569,0.110964262,0.110928666,0.110964681
1782,INPUT_LUNG_90_5.txt,OUTPUT_LN2_90_5.txt,8,0.548577936,0.672010762,0.671900325,0.671715242,0.671795641,0.67180216
1783,INPUT_LUNG_90_5.txt,OUTPUT_LUNG_90_5.txt,8,-468255,-234153.5,-234153.5,-234153.5,-234153.5,-234153.5
1784,INPUT_LUNG_90_5.txt,OUTPUT_S_90_5.txt,8,1.552120249,1.54815546,1.54813472,1.548142153,1.548009074,1.547953934
1785,INPUT_S_90_5.txt,OUTPUT_BM1_90_5.txt,8,201.6930943,156.6972742,156.7584183,156.7103163,156.5695657,156.547286
1786,INPUT_S_90_5.txt,OUTPUT_BM2_90_5.txt,8,8.239210526,6.413996645,6.418120084,6.412080479,6.415425797,6.415514414
1787,INPUT_S_90_5.txt,OUTPUT_GUT_90_5.txt,8,NA,NA,NA,NA,NA,NA
1788,INPUT_S_90_5.txt,OUTPUT_L_90_5.txt,8,NA,NA,NA,NA,NA,NA
1789,INPUT_S_90_5.txt,OUTPUT_LN1_90_5.txt,8,0.048101219,0.08787195,0.087891466,0.087877553,0.087857947,0.08789247
1790,INPUT_S_90_5.txt,OUTPUT_LN2_90_5.txt,8,12.39968573,9.278804024,9.277203162,9.273293687,9.276026465,9.276648384
1791,INPUT_S_90_5.txt,OUTPUT_LUNG_90_5.txt,8,0.007303894,0.004565474,0.004565757,0.004565528,0.004566062,0.004566283
1792,INPUT_S_90_5.txt,OUTPUT_S_90_5.txt,8,-598054,-299328.5,-299310,-299325,-299290,-299275.5
1793,INPUT_BM1_90_5.txt,OUTPUT_BM1_90_5.txt,9,-581335.5,-292380,-292252.5,-292269.5,-292245.5,-292248.5
1794,INPUT_BM1_90_5.txt,OUTPUT_BM2_90_5.txt,9,2.551096792,1.257132003,1.25709573,1.257400069,1.258356547,1.258047736
1795,INPUT_BM1_90_5.txt,OUTPUT_GUT_90_5.txt,9,NA,NA,NA,NA,NA,NA
1796,INPUT_BM1_90_5.txt,OUTPUT_L_90_5.txt,9,0.034822134,0.028629112,0.028641552,0.028639885,0.02864283,0.028641945
1797,INPUT_BM1_90_5.txt,OUTPUT_LN1_90_5.txt,9,0.007513257,NA,NA,NA,NA,NA
1798,INPUT_BM1_90_5.txt,OUTPUT_LN2_90_5.txt,9,NA,NA,NA,NA,NA,NA
1799,INPUT_BM1_90_5.txt,OUTPUT_LUNG_90_5.txt,9,0.06250122,0.051801898,0.051824534,0.051821514,0.051825777,0.051825244
1800,INPUT_BM1_90_5.txt,OUTPUT_S_90_5.txt,9,0.997375661,1.210848233,1.211375734,1.211305374,1.211404708,1.211392291
1801,INPUT_BM2_90_5.txt,OUTPUT_BM1_90_5.txt,9,0.074129456,0.106127318,0.106059285,0.106055645,0.106001997,0.106016722
1802,INPUT_BM2_90_5.txt,OUTPUT_BM2_90_5.txt,9,-371968.5,-185961,-185918,-185946,-186009.5,-185987.5
1803,INPUT_BM2_90_5.txt,OUTPUT_GUT_90_5.txt,9,NA,NA,NA,NA,NA,NA
1804,INPUT_BM2_90_5.txt,OUTPUT_L_90_5.txt,9,0.04396349,0.039416949,0.039426011,0.039420065,0.039407141,0.039411255
1805,INPUT_BM2_90_5.txt,OUTPUT_LN1_90_5.txt,9,0.009232356,NA,NA,NA,NA,NA
1806,INPUT_BM2_90_5.txt,OUTPUT_LN2_90_5.txt,9,NA,NA,NA,NA,NA,NA
1807,INPUT_BM2_90_5.txt,OUTPUT_LUNG_90_5.txt,9,0.081116414,0.076203529,0.076221198,0.076209691,0.076183609,0.076192644
1808,INPUT_BM2_90_5.txt,OUTPUT_S_90_5.txt,9,3.413439151,3.082300758,3.083028702,3.082554653,3.081480115,3.081852311
1809,INPUT_GUT_90_5.txt,OUTPUT_BM1_90_5.txt,9,NA,NA,NA,NA,NA,NA
1810,INPUT_GUT_90_5.txt,OUTPUT_BM2_90_5.txt,9,NA,NA,NA,NA,NA,NA
1811,INPUT_GUT_90_5.txt,OUTPUT_GUT_90_5.txt,9,NA,NA,NA,NA,NA,NA
1812,INPUT_GUT_90_5.txt,OUTPUT_L_90_5.txt,9,NA,NA,NA,NA,NA,NA
1813,INPUT_GUT_90_5.txt,OUTPUT_LN1_90_5.txt,9,NA,NA,NA,NA,NA,NA
1814,INPUT_GUT_90_5.txt,OUTPUT_LN2_90_5.txt,9,NA,NA,NA,NA,NA,NA
1815,INPUT_GUT_90_5.txt,OUTPUT_LUNG_90_5.txt,9,NA,NA,NA,NA,NA,NA
1816,INPUT_GUT_90_5.txt,OUTPUT_S_90_5.txt,9,NA,NA,NA,NA,NA,NA
1817,INPUT_L_90_5.txt,OUTPUT_BM1_90_5.txt,9,0.021574687,6.003757254,6.000342653,6.000794666,6.000156825,6.000236294
1818,INPUT_L_90_5.txt,OUTPUT_BM2_90_5.txt,9,1.790339621,1.434687727,1.43408869,1.434477821,1.435360463,1.435054634
1819,INPUT_L_90_5.txt,OUTPUT_GUT_90_5.txt,9,NA,NA,NA,NA,NA,NA
1820,INPUT_L_90_5.txt,OUTPUT_L_90_5.txt,9,-388898.5,-194786.5,-194786.5,-194786.5,-194786.5,-194786.5
1821,INPUT_L_90_5.txt,OUTPUT_LN1_90_5.txt,9,0.005971531,NA,NA,NA,NA,NA
1822,INPUT_L_90_5.txt,OUTPUT_LN2_90_5.txt,9,NA,NA,NA,NA,NA,NA
1823,INPUT_L_90_5.txt,OUTPUT_LUNG_90_5.txt,9,0.195034743,0.158893002,0.158893,0.158893,0.158893002,0.158893
1824,INPUT_L_90_5.txt,OUTPUT_S_90_5.txt,9,1.726796937,1.57290258,1.572901133,1.572901133,1.572901157,1.572901133
1825,INPUT_LN1_90_5.txt,OUTPUT_BM1_90_5.txt,9,0.568037493,NA,NA,NA,NA,NA
1826,INPUT_LN1_90_5.txt,OUTPUT_BM2_90_5.txt,9,1.916544098,NA,NA,NA,NA,NA
1827,INPUT_LN1_90_5.txt,OUTPUT_GUT_90_5.txt,9,NA,NA,NA,NA,NA,NA
1828,INPUT_LN1_90_5.txt,OUTPUT_L_90_5.txt,9,1.209829506,NA,NA,NA,NA,NA
1829,INPUT_LN1_90_5.txt,OUTPUT_LN1_90_5.txt,9,-40279.5,NA,NA,NA,NA,NA
1830,INPUT_LN1_90_5.txt,OUTPUT_LN2_90_5.txt,9,NA,NA,NA,NA,NA,NA
1831,INPUT_LN1_90_5.txt,OUTPUT_LUNG_90_5.txt,9,1.808419194,NA,NA,NA,NA,NA
1832,INPUT_LN1_90_5.txt,OUTPUT_S_90_5.txt,9,2.243746479,NA,NA,NA,NA,NA
1833,INPUT_LN2_90_5.txt,OUTPUT_BM1_90_5.txt,9,NA,NA,NA,NA,NA,NA
1834,INPUT_LN2_90_5.txt,OUTPUT_BM2_90_5.txt,9,NA,NA,NA,NA,NA,NA
1835,INPUT_LN2_90_5.txt,OUTPUT_GUT_90_5.txt,9,NA,NA,NA,NA,NA,NA
1836,INPUT_LN2_90_5.txt,OUTPUT_L_90_5.txt,9,NA,NA,NA,NA,NA,NA
1837,INPUT_LN2_90_5.txt,OUTPUT_LN1_90_5.txt,9,NA,NA,NA,NA,NA,NA
1838,INPUT_LN2_90_5.txt,OUTPUT_LN2_90_5.txt,9,NA,NA,NA,NA,NA,NA
1839,INPUT_LN2_90_5.txt,OUTPUT_LUNG_90_5.txt,9,NA,NA,NA,NA,NA,NA
1840,INPUT_LN2_90_5.txt,OUTPUT_S_90_5.txt,9,NA,NA,NA,NA,NA,NA
1841,INPUT_LUNG_90_5.txt,OUTPUT_BM1_90_5.txt,9,0.023367341,0.044101065,0.044062651,0.044067772,0.044060542,0.044061446
1842,INPUT_LUNG_90_5.txt,OUTPUT_BM2_90_5.txt,9,5.654521982,4.73070385,4.728862184,4.730061391,4.732781259,4.731838905
1843,INPUT_LUNG_90_5.txt,OUTPUT_GUT_90_5.txt,9,NA,NA,NA,NA,NA,NA
1844,INPUT_LUNG_90_5.txt,OUTPUT_L_90_5.txt,9,0.135287172,0.168646207,0.168646206,0.168646206,0.168646208,0.168646206
1845,INPUT_LUNG_90_5.txt,OUTPUT_LN1_90_5.txt,9,0.014915989,NA,NA,NA,NA,NA
1846,INPUT_LUNG_90_5.txt,OUTPUT_LN2_90_5.txt,9,NA,NA,NA,NA,NA,NA
1847,INPUT_LUNG_90_5.txt,OUTPUT_LUNG_90_5.txt,9,-405409,-203308.5,-203308.5,-203308.5,-203308.5,-203308.5
1848,INPUT_LUNG_90_5.txt,OUTPUT_S_90_5.txt,9,2.103213088,1.530210738,1.530210738,1.530210738,1.530210738,1.530210738
1849,INPUT_S_90_5.txt,OUTPUT_BM1_90_5.txt,9,0.083343358,0.079753773,0.079684229,0.0796935,0.079680412,0.079682048
1850,INPUT_S_90_5.txt,OUTPUT_BM2_90_5.txt,9,270.4702319,254.111996,254.1160263,254.1134029,254.1074404,254.1095081
1851,INPUT_S_90_5.txt,OUTPUT_GUT_90_5.txt,9,NA,NA,NA,NA,NA,NA
1852,INPUT_S_90_5.txt,OUTPUT_L_90_5.txt,9,0.120998896,0.133467086,0.133467049,0.133467049,0.133467476,0.133467049
1853,INPUT_S_90_5.txt,OUTPUT_LN1_90_5.txt,9,0.070076091,NA,NA,NA,NA,NA
1854,INPUT_S_90_5.txt,OUTPUT_LN2_90_5.txt,9,NA,NA,NA,NA,NA,NA
1855,INPUT_S_90_5.txt,OUTPUT_LUNG_90_5.txt,9,1.611156275,1.517862689,1.517862689,1.517862689,1.517862689,1.517862689
1856,INPUT_S_90_5.txt,OUTPUT_S_90_5.txt,9,-131877,-66311.5,-66311.5,-66311.5,-66311.5,-66311.5
1857,INPUT_BM1_90_5.txt,OUTPUT_BM1_90_5.txt,10,-611496,-306597,-306595.5,-306423.5,-306477.5,-306506.5
1858,INPUT_BM1_90_5.txt,OUTPUT_BM2_90_5.txt,10,0.022736709,0.023455529,0.023455644,0.023468822,0.023464683,0.023462461
1859,INPUT_BM1_90_5.txt,OUTPUT_GUT_90_5.txt,10,0.100843017,0.092357621,0.092357793,0.092411124,0.09239506,0.092384997
1860,INPUT_BM1_90_5.txt,OUTPUT_L_90_5.txt,10,7.44586484,6.595314279,6.592452983,6.600211168,6.594487395,6.599357328
1861,INPUT_BM1_90_5.txt,OUTPUT_LN1_90_5.txt,10,0.019881555,0.018329861,0.018329951,0.018340243,0.018337011,0.018335275
1862,INPUT_BM1_90_5.txt,OUTPUT_LN2_90_5.txt,10,0.047390202,0.046568888,0.046569131,0.046595359,0.0465871,0.046582696
1863,INPUT_BM1_90_5.txt,OUTPUT_LUNG_90_5.txt,10,0.037386733,0.077428831,0.077423142,0.07746691,0.077453492,0.077451012
1864,INPUT_BM1_90_5.txt,OUTPUT_S_90_5.txt,10,3.955923403,3.882165154,3.881381758,3.885693218,3.885186827,3.884000739
1865,INPUT_BM2_90_5.txt,OUTPUT_BM1_90_5.txt,10,0.135359926,0.124611312,0.124610102,0.124471373,0.124514919,0.124538308
1866,INPUT_BM2_90_5.txt,OUTPUT_BM2_90_5.txt,10,-497430.5,-249457,-249457,-249457,-249457,-249457
1867,INPUT_BM2_90_5.txt,OUTPUT_GUT_90_5.txt,10,0.261115822,0.236720037,0.236720675,0.236708136,0.236707498,0.236720037
1868,INPUT_BM2_90_5.txt,OUTPUT_L_90_5.txt,10,7.677027006,6.702406539,6.700696155,6.703143369,6.700432293,6.703670943
1869,INPUT_BM2_90_5.txt,OUTPUT_LN1_90_5.txt,10,0.043402797,0.047724635,0.047724635,0.047724635,0.047724635,0.047724635
1870,INPUT_BM2_90_5.txt,OUTPUT_LN2_90_5.txt,10,0.200152428,0.119497556,0.119504865,0.119525074,0.119507875,0.119513895
1871,INPUT_BM2_90_5.txt,OUTPUT_LUNG_90_5.txt,10,0.07253049,0.060155849,0.060150312,0.060150521,0.060150794,0.060155182
1872,INPUT_BM2_90_5.txt,OUTPUT_S_90_5.txt,10,5.776950628,4.909564304,4.908858822,4.910754758,4.910904663,4.910181584
1873,INPUT_GUT_90_5.txt,OUTPUT_BM1_90_5.txt,10,0.017527141,0.012095839,0.012095763,0.012082552,0.012086756,0.012088719
1874,INPUT_GUT_90_5.txt,OUTPUT_BM2_90_5.txt,10,0.01037725,0.004063894,0.004063909,0.004064016,0.004064002,0.004063894
1875,INPUT_GUT_90_5.txt,OUTPUT_GUT_90_5.txt,10,-566256.5,-284309.5,-284308.5,-284301,-284302,-284309.5
1876,INPUT_GUT_90_5.txt,OUTPUT_L_90_5.txt,10,1.537818817,1.317996504,1.317607757,1.318205704,1.317577573,1.318287316
1877,INPUT_GUT_90_5.txt,OUTPUT_LN1_90_5.txt,10,0.020275818,0.033947059,0.033947178,0.033948074,0.033947955,0.033947059
1878,INPUT_GUT_90_5.txt,OUTPUT_LN2_90_5.txt,10,0.051471248,0.061672085,0.061676126,0.061688329,0.061679114,0.061680632
1879,INPUT_GUT_90_5.txt,OUTPUT_LUNG_90_5.txt,10,0.022211784,0.025909295,0.025907816,0.025908731,0.025908785,0.025908758
1880,INPUT_GUT_90_5.txt,OUTPUT_S_90_5.txt,10,1.11176255,1.032658199,1.03250162,1.032959614,1.032990039,1.032798367
1881,INPUT_L_90_5.txt,OUTPUT_BM1_90_5.txt,10,0.04340168,0.032719798,0.032726731,0.032679653,0.03270266,0.032695125
1882,INPUT_L_90_5.txt,OUTPUT_BM2_90_5.txt,10,1.312706411,1.227740589,1.228026048,1.22761764,1.228070093,1.227529617
1883,INPUT_L_90_5.txt,OUTPUT_GUT_90_5.txt,10,0.187325621,0.144286232,0.14431755,0.144264389,0.144316285,0.14426244
1884,INPUT_L_90_5.txt,OUTPUT_L_90_5.txt,10,-846023,-424168,-424074,-424208.5,-424059.5,-424237.5
1885,INPUT_L_90_5.txt,OUTPUT_LN1_90_5.txt,10,0.008872115,0.016651181,0.016654874,0.016649591,0.016655443,0.016648452
1886,INPUT_L_90_5.txt,OUTPUT_LN2_90_5.txt,10,0.600339478,0.600780634,0.600924472,0.600748919,0.600948522,0.600695768
1887,INPUT_L_90_5.txt,OUTPUT_LUNG_90_5.txt,10,0.06479856,0.046302622,0.046306997,0.046292623,0.046309273,0.046294318
1888,INPUT_L_90_5.txt,OUTPUT_S_90_5.txt,10,10.23200067,7.010110407,7.010213045,7.011897829,7.014681746,7.010232321
1889,INPUT_LN1_90_5.txt,OUTPUT_BM1_90_5.txt,10,0.894158307,0.596552082,0.596546297,0.595883051,0.596091241,0.596203061
1890,INPUT_LN1_90_5.txt,OUTPUT_BM2_90_5.txt,10,0.154304191,0.116454288,0.116454288,0.116454288,0.116454288,0.116454288
1891,INPUT_LN1_90_5.txt,OUTPUT_GUT_90_5.txt,10,0.870664074,0.784040007,0.784037708,0.784063932,0.78406623,0.784040007
1892,INPUT_LN1_90_5.txt,OUTPUT_L_90_5.txt,10,38.67307237,31.28122481,31.27446551,31.28413646,31.27342268,31.28622114
1893,INPUT_LN1_90_5.txt,OUTPUT_LN1_90_5.txt,10,-90737.5,-45457.5,-45457.5,-45457.5,-45457.5,-45457.5
1894,INPUT_LN1_90_5.txt,OUTPUT_LN2_90_5.txt,10,0.572228586,0.465603219,0.465593837,0.465567896,0.465589973,0.465582246
1895,INPUT_LN1_90_5.txt,OUTPUT_LUNG_90_5.txt,10,0.253784213,0.439820713,0.439765244,0.43976697,0.43976969,0.439814846
1896,INPUT_LN1_90_5.txt,OUTPUT_S_90_5.txt,10,23.86333253,23.81819408,23.81514207,23.82334386,23.82399231,23.82086442
1897,INPUT_LN2_90_5.txt,OUTPUT_BM1_90_5.txt,10,0.170659489,0.195848907,0.195840996,0.195610855,0.195692067,0.195723074
1898,INPUT_LN2_90_5.txt,OUTPUT_BM2_90_5.txt,10,0.015336165,0.012060011,0.01205964,0.012058614,0.012059487,0.012059182
1899,INPUT_LN2_90_5.txt,OUTPUT_GUT_90_5.txt,10,0.214968283,0.171458622,0.171453704,0.171445258,0.17145733,0.1714468
1900,INPUT_LN2_90_5.txt,OUTPUT_L_90_5.txt,10,5.155220271,4.251230937,4.250416559,4.25098776,4.25025447,4.251411741
1901,INPUT_LN2_90_5.txt,OUTPUT_LN1_90_5.txt,10,0.014736398,0.119261449,0.119257768,0.119247594,0.119256253,0.119253222
1902,INPUT_LN2_90_5.txt,OUTPUT_LN2_90_5.txt,10,-551019.5,-276321,-276329.5,-276353,-276333,-276340
1903,INPUT_LN2_90_5.txt,OUTPUT_LUNG_90_5.txt,10,0.059684178,0.080105441,0.080096726,0.080089959,0.080096013,0.080099364
1904,INPUT_LN2_90_5.txt,OUTPUT_S_90_5.txt,10,3.904181849,3.475868587,3.475408905,3.476021162,3.476363422,3.475915358
1905,INPUT_LUNG_90_5.txt,OUTPUT_BM1_90_5.txt,10,13.25652275,12.70579016,12.70663556,12.70727461,12.70700396,12.70626042
1906,INPUT_LUNG_90_5.txt,OUTPUT_BM2_90_5.txt,10,0.013682582,0.013757714,0.013758557,0.013758505,0.013758453,0.013757818
1907,INPUT_LUNG_90_5.txt,OUTPUT_GUT_90_5.txt,10,0.584185796,0.471633602,0.471659331,0.471632968,0.471634519,0.471637151
1908,INPUT_LUNG_90_5.txt,OUTPUT_L_90_5.txt,10,9.9441726,9.664891441,9.664769358,9.665739918,9.664582673,9.665490066
1909,INPUT_LUNG_90_5.txt,OUTPUT_LN1_90_5.txt,10,0.075594935,0.062562466,0.062566145,0.06256591,0.062565682,0.062562932
1910,INPUT_LUNG_90_5.txt,OUTPUT_LN2_90_5.txt,10,0.479794097,0.927246172,0.927357535,0.92750309,0.92737268,0.927373749
1911,INPUT_LUNG_90_5.txt,OUTPUT_LUNG_90_5.txt,10,-799759.5,-400384.5,-400360,-400361.5,-400363,-400381.5
1912,INPUT_LUNG_90_5.txt,OUTPUT_S_90_5.txt,10,6.749502526,7.693336298,7.693266711,7.694700053,7.694784871,7.693871946
1913,INPUT_S_90_5.txt,OUTPUT_BM1_90_5.txt,10,0.048520854,0.047987444,0.047991952,0.047924754,0.047940592,0.047954763
1914,INPUT_S_90_5.txt,OUTPUT_BM2_90_5.txt,10,0.582665118,0.536050452,0.536107233,0.535954661,0.535942601,0.536000778
1915,INPUT_S_90_5.txt,OUTPUT_GUT_90_5.txt,10,0.24567049,0.178753038,0.178770581,0.178712093,0.178709272,0.178736686
1916,INPUT_S_90_5.txt,OUTPUT_L_90_5.txt,10,115.9148233,85.99159744,85.96293868,85.99333966,85.93275007,86.01164269
1917,INPUT_S_90_5.txt,OUTPUT_LN1_90_5.txt,10,0.02960489,0.036404312,0.036408092,0.036397936,0.036397134,0.036401006
1918,INPUT_S_90_5.txt,OUTPUT_LN2_90_5.txt,10,0.286482883,0.390371632,0.390416227,0.39031504,0.390298252,0.390343256
1919,INPUT_S_90_5.txt,OUTPUT_LUNG_90_5.txt,10,0.054205795,0.058248228,0.058246617,0.058230775,0.05822993,0.058241723
1920,INPUT_S_90_5.txt,OUTPUT_S_90_5.txt,10,-769595.5,-385637.5,-385597.5,-385705,-385713.5,-385672.5
1921,INPUT_BM1_90_5.txt,OUTPUT_BM1_90_5.txt,11,-969387.5,-485935,-485854,-485849,-485771.5,-485906.5
1922,INPUT_BM1_90_5.txt,OUTPUT_BM2_90_5.txt,11,4.52708006,8.063293569,8.062606917,8.065456861,8.063143641,8.060774131
1923,INPUT_BM1_90_5.txt,OUTPUT_GUT_90_5.txt,11,NA,NA,NA,NA,NA,NA
1924,INPUT_BM1_90_5.txt,OUTPUT_L_90_5.txt,11,41.97450748,35.68793019,35.68534867,35.68962878,35.71372168,35.65625752
1925,INPUT_BM1_90_5.txt,OUTPUT_LN1_90_5.txt,11,0.057012223,0.043040997,0.043054781,0.043063028,0.043076495,0.043059514
1926,INPUT_BM1_90_5.txt,OUTPUT_LN2_90_5.txt,11,0.579838675,0.563244168,0.563287195,0.563340424,0.563482252,0.563251024
1927,INPUT_BM1_90_5.txt,OUTPUT_LUNG_90_5.txt,11,0.019160345,0.030836846,0.030841992,0.03084231,0.030847238,0.030838659
1928,INPUT_BM1_90_5.txt,OUTPUT_S_90_5.txt,11,1.984266949,3.416150879,3.418860284,3.415791441,3.420834004,3.417462653
1929,INPUT_BM2_90_5.txt,OUTPUT_BM1_90_5.txt,11,9.097899538,12.58447978,12.58189355,12.57953379,12.57829659,12.58529922
1930,INPUT_BM2_90_5.txt,OUTPUT_BM2_90_5.txt,11,-1112507.5,-557332,-557261.5,-557356.5,-557232.5,-557229
1931,INPUT_BM2_90_5.txt,OUTPUT_GUT_90_5.txt,11,NA,NA,NA,NA,NA,NA
1932,INPUT_BM2_90_5.txt,OUTPUT_L_90_5.txt,11,4.500588327,3.564005951,3.563630072,3.570092512,3.572899883,3.561110769
1933,INPUT_BM2_90_5.txt,OUTPUT_LN1_90_5.txt,11,0.027141214,0.033800466,0.033809888,0.0338102,0.033822555,0.03381887
1934,INPUT_BM2_90_5.txt,OUTPUT_LN2_90_5.txt,11,0.557176389,1.226755655,1.227032472,1.226654815,1.226772691,1.227088342
1935,INPUT_BM2_90_5.txt,OUTPUT_LUNG_90_5.txt,11,0.086537003,0.066250937,0.066259332,0.066248015,0.066262797,0.066263218
1936,INPUT_BM2_90_5.txt,OUTPUT_S_90_5.txt,11,0.948216166,0.902396248,0.903080796,0.902103568,0.90350003,0.902858267
1937,INPUT_GUT_90_5.txt,OUTPUT_BM1_90_5.txt,11,NA,NA,NA,NA,NA,NA
1938,INPUT_GUT_90_5.txt,OUTPUT_BM2_90_5.txt,11,NA,NA,NA,NA,NA,NA
1939,INPUT_GUT_90_5.txt,OUTPUT_GUT_90_5.txt,11,NA,NA,NA,NA,NA,NA
1940,INPUT_GUT_90_5.txt,OUTPUT_L_90_5.txt,11,NA,NA,NA,NA,NA,NA
1941,INPUT_GUT_90_5.txt,OUTPUT_LN1_90_5.txt,11,NA,NA,NA,NA,NA,NA
1942,INPUT_GUT_90_5.txt,OUTPUT_LN2_90_5.txt,11,NA,NA,NA,NA,NA,NA
1943,INPUT_GUT_90_5.txt,OUTPUT_LUNG_90_5.txt,11,NA,NA,NA,NA,NA,NA
1944,INPUT_GUT_90_5.txt,OUTPUT_S_90_5.txt,11,NA,NA,NA,NA,NA,NA
1945,INPUT_L_90_5.txt,OUTPUT_BM1_90_5.txt,11,3.541106727,6.257533824,6.256158404,6.255738233,6.251888585,6.259988636
1946,INPUT_L_90_5.txt,OUTPUT_BM2_90_5.txt,11,2.06071293,3.874231554,3.873703067,3.874855595,3.871970646,3.874756901
1947,INPUT_L_90_5.txt,OUTPUT_GUT_90_5.txt,11,NA,NA,NA,NA,NA,NA
1948,INPUT_L_90_5.txt,OUTPUT_L_90_5.txt,11,-695852,-349011.5,-348971,-348985.5,-349085.5,-348836.5
1949,INPUT_L_90_5.txt,OUTPUT_LN1_90_5.txt,11,0.031213364,0.052480053,0.052494133,0.052501367,0.052492882,0.052524362
1950,INPUT_L_90_5.txt,OUTPUT_LN2_90_5.txt,11,0.471063033,0.84628331,0.846315023,0.846258624,0.845988965,0.846717637
1951,INPUT_L_90_5.txt,OUTPUT_LUNG_90_5.txt,11,0.078437884,0.069754887,0.069763003,0.069760039,0.069740005,0.069789976
1952,INPUT_L_90_5.txt,OUTPUT_S_90_5.txt,11,2.921639806,3.335316768,3.337814081,3.334631349,3.338105697,3.338078847
1953,INPUT_LN1_90_5.txt,OUTPUT_BM1_90_5.txt,11,18.15843157,19.61096613,19.60561137,19.60468659,19.5985688,19.60701161
1954,INPUT_LN1_90_5.txt,OUTPUT_BM2_90_5.txt,11,5.664267166,11.54143967,11.5383751,11.54109877,11.53577489,11.53606533
1955,INPUT_LN1_90_5.txt,OUTPUT_GUT_90_5.txt,11,NA,NA,NA,NA,NA,NA
1956,INPUT_LN1_90_5.txt,OUTPUT_L_90_5.txt,11,14.42417043,12.24200498,12.23921447,12.28650986,12.29128817,12.23040727
1957,INPUT_LN1_90_5.txt,OUTPUT_LN1_90_5.txt,11,-450978,-226172,-226188.5,-226208,-226227,-226214.5
1958,INPUT_LN1_90_5.txt,OUTPUT_LN2_90_5.txt,11,1.566707716,2.168193054,2.167271166,2.167804617,2.168374438,2.167349425
1959,INPUT_LN1_90_5.txt,OUTPUT_LUNG_90_5.txt,11,13.11495948,12.33774119,12.33662388,12.33530366,12.33423313,12.33514279
1960,INPUT_LN1_90_5.txt,OUTPUT_S_90_5.txt,11,1.741481238,4.838900463,4.841457192,4.837018898,4.842584915,4.839579365
1961,INPUT_LN2_90_5.txt,OUTPUT_BM1_90_5.txt,11,2.70675992,4.057197746,4.054314491,4.055841237,4.056412035,4.055844551
1962,INPUT_LN2_90_5.txt,OUTPUT_BM2_90_5.txt,11,12.48315654,11.60795659,11.60033954,11.60788867,11.61092176,11.60243343
1963,INPUT_LN2_90_5.txt,OUTPUT_GUT_90_5.txt,11,NA,NA,NA,NA,NA,NA
1964,INPUT_LN2_90_5.txt,OUTPUT_L_90_5.txt,11,2.391776433,2.624299166,2.622668258,2.628011429,2.630351869,2.621394722
1965,INPUT_LN2_90_5.txt,OUTPUT_LN1_90_5.txt,11,0.059314815,0.098040186,0.098017105,0.098069517,0.098122394,0.098058507
1966,INPUT_LN2_90_5.txt,OUTPUT_LN2_90_5.txt,11,-542035,-272436.5,-272542.5,-272447,-272349,-272494
1967,INPUT_LN2_90_5.txt,OUTPUT_LUNG_90_5.txt,11,0.051787874,0.035801018,0.035787069,0.035799627,0.035812969,0.035794347
1968,INPUT_LN2_90_5.txt,OUTPUT_S_90_5.txt,11,0.893919425,0.887193481,0.88737991,0.886918933,0.88837912,0.887281706
1969,INPUT_LUNG_90_5.txt,OUTPUT_BM1_90_5.txt,11,1.89567646,1.756236002,1.755707805,1.755675202,1.755169949,1.756050289
1970,INPUT_LUNG_90_5.txt,OUTPUT_BM2_90_5.txt,11,2.454465103,1.986213304,1.985763112,1.986368135,1.985580206,1.98555774
1971,INPUT_LUNG_90_5.txt,OUTPUT_GUT_90_5.txt,11,NA,NA,NA,NA,NA,NA
1972,INPUT_LUNG_90_5.txt,OUTPUT_L_90_5.txt,11,3.083622733,3.721940731,3.721268852,3.724289463,3.725949357,3.71903769
1973,INPUT_LUNG_90_5.txt,OUTPUT_LN1_90_5.txt,11,0.088277165,0.195523098,0.195553119,0.195588603,0.195609508,0.195586763
1974,INPUT_LUNG_90_5.txt,OUTPUT_LN2_90_5.txt,11,1.765320825,1.661589403,1.662396372,1.66158772,1.660759543,1.662078091
1975,INPUT_LUNG_90_5.txt,OUTPUT_LUNG_90_5.txt,11,-525165.5,-263459.5,-263459.5,-263459.5,-263459.5,-263459.5
1976,INPUT_LUNG_90_5.txt,OUTPUT_S_90_5.txt,11,0.733037623,1.010677336,1.011278801,1.010410421,1.011671281,1.010989315
1977,INPUT_S_90_5.txt,OUTPUT_BM1_90_5.txt,11,12.62124404,13.40229529,13.39316262,13.39940103,13.3855197,13.39832718
1978,INPUT_S_90_5.txt,OUTPUT_BM2_90_5.txt,11,6.12520753,6.42731005,6.423577823,6.428864536,6.421465339,6.423797013
1979,INPUT_S_90_5.txt,OUTPUT_GUT_90_5.txt,11,NA,NA,NA,NA,NA,NA
1980,INPUT_S_90_5.txt,OUTPUT_L_90_5.txt,11,12.04583154,6.148182351,6.144786507,6.15040903,6.149828079,6.140976462
1981,INPUT_S_90_5.txt,OUTPUT_LN1_90_5.txt,11,0.058841193,0.062353731,0.062343765,0.062383983,0.06234967,0.062364666
1982,INPUT_S_90_5.txt,OUTPUT_LN2_90_5.txt,11,0.569478525,0.59793447,0.59745773,0.597987789,0.597842383,0.59768532
1983,INPUT_S_90_5.txt,OUTPUT_LUNG_90_5.txt,11,0.040516943,0.052700102,0.052683359,0.052707537,0.052672499,0.052691531
1984,INPUT_S_90_5.txt,OUTPUT_S_90_5.txt,11,-589191,-294828,-294921.5,-294786.5,-294982.5,-294876.5
1985,INPUT_BM1_90_5.txt,OUTPUT_BM1_90_5.txt,12,-850661.5,-427067,-426956.5,-426995.5,-426935.5,-426854
1986,INPUT_BM1_90_5.txt,OUTPUT_BM2_90_5.txt,12,19.77769028,24.48433898,24.50107475,24.49767021,24.51023076,24.50352086
1987,INPUT_BM1_90_5.txt,OUTPUT_GUT_90_5.txt,12,NA,NA,NA,NA,NA,NA
1988,INPUT_BM1_90_5.txt,OUTPUT_L_90_5.txt,12,1.319132226,1.319959376,1.321642683,1.320878689,1.32161513,1.322033215
1989,INPUT_BM1_90_5.txt,OUTPUT_LN1_90_5.txt,12,0.023551581,0.021714586,0.02171961,0.021717624,0.021721205,0.021724753
1990,INPUT_BM1_90_5.txt,OUTPUT_LN2_90_5.txt,12,0.170056187,0.187355796,0.187333819,0.187358871,0.187325408,0.187471878
1991,INPUT_BM1_90_5.txt,OUTPUT_LUNG_90_5.txt,12,0.23232644,0.234757924,0.234747307,0.23476678,0.234777703,0.234762537
1992,INPUT_BM1_90_5.txt,OUTPUT_S_90_5.txt,12,NA,NA,NA,NA,NA,NA
1993,INPUT_BM1_90_5.txt,OUTPUT_SKIN1_90_5.txt,12,2.844458177,2.589225416,2.590899941,2.590895183,2.589833797,2.591571667
1994,INPUT_BM1_90_5.txt,OUTPUT_SKIN10_90_5.txt,12,0.241912208,0.251362608,0.251224979,0.251206342,0.251443527,0.251483529
1995,INPUT_BM1_90_5.txt,OUTPUT_SKIN11_90_5.txt,12,0.346019698,0.365256737,0.365333943,0.365309874,0.365365561,0.365434601
1996,INPUT_BM1_90_5.txt,OUTPUT_SKIN12_90_5.txt,12,0.059877806,0.056211682,0.056228297,0.05624752,0.05625359,0.056243732
1997,INPUT_BM1_90_5.txt,OUTPUT_SKIN2_90_5.txt,12,0.196075716,0.176373492,0.176405483,0.176348055,0.176496314,0.176472062
1998,INPUT_BM1_90_5.txt,OUTPUT_SKIN3_90_5.txt,12,0.111362407,0.147303238,0.147340261,0.147324746,0.14735546,0.147384323
1999,INPUT_BM1_90_5.txt,OUTPUT_SKIN4_90_5.txt,12,0.016358728,0.01859353,0.018598345,0.018596646,0.018599261,0.018602814
2000,INPUT_BM1_90_5.txt,OUTPUT_SKIN5_90_5.txt,12,0.261899186,0.256347818,0.256418117,0.256395131,0.256434732,0.256484094
2001,INPUT_BM1_90_5.txt,OUTPUT_SKIN6_90_5.txt,12,0.571724051,0.57942278,0.579476,0.5790083,0.579262904,0.579718388
2002,INPUT_BM1_90_5.txt,OUTPUT_SKIN7_90_5.txt,12,0.023760954,0.021506151,0.021511721,0.021509754,0.02151278,0.021516886
2003,INPUT_BM1_90_5.txt,OUTPUT_SKIN8_90_5.txt,12,0.063123051,0.067052085,0.067069786,0.067064126,0.067073059,0.067086392
2004,INPUT_BM1_90_5.txt,OUTPUT_SKIN9_90_5.txt,12,0.239354829,0.246945955,0.246975302,0.24691571,0.246985844,0.24701537
2005,INPUT_BM2_90_5.txt,OUTPUT_BM1_90_5.txt,12,2.439433166,171.1722761,171.0650728,171.0961533,171.0285725,170.9999684
2006,INPUT_BM2_90_5.txt,OUTPUT_BM2_90_5.txt,12,-973464.5,-487930.5,-488031.5,-488020.5,-488109.5,-487997
2007,INPUT_BM2_90_5.txt,OUTPUT_GUT_90_5.txt,12,NA,NA,NA,NA,NA,NA
2008,INPUT_BM2_90_5.txt,OUTPUT_L_90_5.txt,12,2.227892847,3.795576996,3.798629199,3.796877681,3.797764408,3.799106092
2009,INPUT_BM2_90_5.txt,OUTPUT_LN1_90_5.txt,12,0.014385961,0.007407221,0.007405482,0.007405649,0.007404478,0.00740598
2010,INPUT_BM2_90_5.txt,OUTPUT_LN2_90_5.txt,12,0.097558948,0.142037257,0.141954297,0.141989484,0.141918188,0.142034719
2011,INPUT_BM2_90_5.txt,OUTPUT_LUNG_90_5.txt,12,0.127554269,0.123374489,0.123311277,0.123332725,0.12329064,0.123293341
2012,INPUT_BM2_90_5.txt,OUTPUT_S_90_5.txt,12,NA,NA,NA,NA,NA,NA
2013,INPUT_BM2_90_5.txt,OUTPUT_SKIN1_90_5.txt,12,1.172088138,1.693559114,1.693842416,1.694037043,1.692784861,1.693984624
2014,INPUT_BM2_90_5.txt,OUTPUT_SKIN10_90_5.txt,12,0.133372448,0.121575576,0.121445721,0.121450805,0.121532189,0.121556131
2015,INPUT_BM2_90_5.txt,OUTPUT_SKIN11_90_5.txt,12,0.14499441,0.164136387,0.164093961,0.164105411,0.164076985,0.164114459
2016,INPUT_BM2_90_5.txt,OUTPUT_SKIN12_90_5.txt,12,0.049891259,0.045210295,0.045207076,0.045233858,0.045220543,0.045217223
2017,INPUT_BM2_90_5.txt,OUTPUT_SKIN2_90_5.txt,12,0.112347676,0.101368209,0.101345364,0.101308951,0.101366694,0.101370944
2018,INPUT_BM2_90_5.txt,OUTPUT_SKIN3_90_5.txt,12,0.080741623,0.076600485,0.076583889,0.076584801,0.076576245,0.076594502
2019,INPUT_BM2_90_5.txt,OUTPUT_SKIN4_90_5.txt,12,0.022304445,0.020821447,0.020817135,0.020817605,0.020813806,0.020818608
2020,INPUT_BM2_90_5.txt,OUTPUT_SKIN5_90_5.txt,12,0.151188642,0.140325213,0.140297919,0.140301559,0.140277041,0.140311217
2021,INPUT_BM2_90_5.txt,OUTPUT_SKIN6_90_5.txt,12,0.440978742,0.515404449,0.515210302,0.514851617,0.514911755,0.5153386
2022,INPUT_BM2_90_5.txt,OUTPUT_SKIN7_90_5.txt,12,0.019498839,0.017864414,0.017860714,0.017861117,0.017857859,0.017861978
2023,INPUT_BM2_90_5.txt,OUTPUT_SKIN8_90_5.txt,12,0.073274307,0.063628108,0.063614616,0.063614982,0.063604584,0.063619251
2024,INPUT_BM2_90_5.txt,OUTPUT_SKIN9_90_5.txt,12,0.183587817,0.176508458,0.176446464,0.176423986,0.17641687,0.176444848
2025,INPUT_GUT_90_5.txt,OUTPUT_BM1_90_5.txt,12,NA,NA,NA,NA,NA,NA
2026,INPUT_GUT_90_5.txt,OUTPUT_BM2_90_5.txt,12,NA,NA,NA,NA,NA,NA
2027,INPUT_GUT_90_5.txt,OUTPUT_GUT_90_5.txt,12,NA,NA,NA,NA,NA,NA
2028,INPUT_GUT_90_5.txt,OUTPUT_L_90_5.txt,12,NA,NA,NA,NA,NA,NA
2029,INPUT_GUT_90_5.txt,OUTPUT_LN1_90_5.txt,12,NA,NA,NA,NA,NA,NA
2030,INPUT_GUT_90_5.txt,OUTPUT_LN2_90_5.txt,12,NA,NA,NA,NA,NA,NA
2031,INPUT_GUT_90_5.txt,OUTPUT_LUNG_90_5.txt,12,NA,NA,NA,NA,NA,NA
2032,INPUT_GUT_90_5.txt,OUTPUT_S_90_5.txt,12,NA,NA,NA,NA,NA,NA
2033,INPUT_GUT_90_5.txt,OUTPUT_SKIN1_90_5.txt,12,NA,NA,NA,NA,NA,NA
2034,INPUT_GUT_90_5.txt,OUTPUT_SKIN10_90_5.txt,12,NA,NA,NA,NA,NA,NA
2035,INPUT_GUT_90_5.txt,OUTPUT_SKIN11_90_5.txt,12,NA,NA,NA,NA,NA,NA
2036,INPUT_GUT_90_5.txt,OUTPUT_SKIN12_90_5.txt,12,NA,NA,NA,NA,NA,NA
2037,INPUT_GUT_90_5.txt,OUTPUT_SKIN2_90_5.txt,12,NA,NA,NA,NA,NA,NA
2038,INPUT_GUT_90_5.txt,OUTPUT_SKIN3_90_5.txt,12,NA,NA,NA,NA,NA,NA
2039,INPUT_GUT_90_5.txt,OUTPUT_SKIN4_90_5.txt,12,NA,NA,NA,NA,NA,NA
2040,INPUT_GUT_90_5.txt,OUTPUT_SKIN5_90_5.txt,12,NA,NA,NA,NA,NA,NA
2041,INPUT_GUT_90_5.txt,OUTPUT_SKIN6_90_5.txt,12,NA,NA,NA,NA,NA,NA
2042,INPUT_GUT_90_5.txt,OUTPUT_SKIN7_90_5.txt,12,NA,NA,NA,NA,NA,NA
2043,INPUT_GUT_90_5.txt,OUTPUT_SKIN8_90_5.txt,12,NA,NA,NA,NA,NA,NA
2044,INPUT_GUT_90_5.txt,OUTPUT_SKIN9_90_5.txt,12,NA,NA,NA,NA,NA,NA
2045,INPUT_L_90_5.txt,OUTPUT_BM1_90_5.txt,12,4.205988998,3.408083891,3.404580005,3.40603561,3.404363453,3.402845375
2046,INPUT_L_90_5.txt,OUTPUT_BM2_90_5.txt,12,27.93325751,25.25075317,25.24791229,25.2532801,25.25720376,25.2434673
2047,INPUT_L_90_5.txt,OUTPUT_GUT_90_5.txt,12,NA,NA,NA,NA,NA,NA
2048,INPUT_L_90_5.txt,OUTPUT_L_90_5.txt,12,-858684,-430165,-430383,-430278.5,-430368,-430395
2049,INPUT_L_90_5.txt,OUTPUT_LN1_90_5.txt,12,0.031891977,0.020906563,0.020895382,0.020900462,0.020896619,0.020894727
2050,INPUT_L_90_5.txt,OUTPUT_LN2_90_5.txt,12,0.20107576,0.31384279,0.313564279,0.313711784,0.313545671,0.313711273
2051,INPUT_L_90_5.txt,OUTPUT_LUNG_90_5.txt,12,0.151892099,0.175419728,0.175281958,0.17535524,0.175299716,0.175282165
2052,INPUT_L_90_5.txt,OUTPUT_S_90_5.txt,12,NA,NA,NA,NA,NA,NA
2053,INPUT_L_90_5.txt,OUTPUT_SKIN1_90_5.txt,12,1.707916144,1.511592057,1.511377363,1.511892782,1.510737278,1.511352491
2054,INPUT_L_90_5.txt,OUTPUT_SKIN10_90_5.txt,12,0.020228123,0.033005202,0.032959855,0.032968511,0.032989994,0.032986772
2055,INPUT_L_90_5.txt,OUTPUT_SKIN11_90_5.txt,12,0.194694442,0.116931109,0.11686572,0.116899253,0.116876011,0.116868253
2056,INPUT_L_90_5.txt,OUTPUT_SKIN12_90_5.txt,12,0.151756426,0.144461898,0.144441009,0.144600254,0.144527689,0.144498444
2057,INPUT_L_90_5.txt,OUTPUT_SKIN2_90_5.txt,12,0.158556313,0.1691455,0.169046271,0.16904249,0.169126209,0.169064076
2058,INPUT_L_90_5.txt,OUTPUT_SKIN3_90_5.txt,12,0.124055381,0.133677801,0.133608158,0.133639743,0.133620651,0.133613204
2059,INPUT_L_90_5.txt,OUTPUT_SKIN4_90_5.txt,12,0.015900253,0.028106429,0.028092176,0.028099007,0.028093157,0.028091392
2060,INPUT_L_90_5.txt,OUTPUT_SKIN5_90_5.txt,12,0.342569774,0.383660691,0.383458471,0.383554386,0.383485403,0.383454038
2061,INPUT_L_90_5.txt,OUTPUT_SKIN6_90_5.txt,12,0.363588132,0.355514011,0.355273321,0.355105058,0.355137159,0.355326494
2062,INPUT_L_90_5.txt,OUTPUT_SKIN7_90_5.txt,12,0.012516115,0.035121148,0.035103334,0.035111871,0.035104559,0.035102354
2063,INPUT_L_90_5.txt,OUTPUT_SKIN8_90_5.txt,12,0.0125433,0.019449187,0.019439352,0.019444748,0.019439902,0.019438283
2064,INPUT_L_90_5.txt,OUTPUT_SKIN9_90_5.txt,12,0.046799648,0.071829298,0.071782445,0.071789057,0.071784448,0.071774624
2065,INPUT_LN1_90_5.txt,OUTPUT_BM1_90_5.txt,12,1.454323017,1.277757317,1.277312062,1.277475485,1.277208523,1.276883797
2066,INPUT_LN1_90_5.txt,OUTPUT_BM2_90_5.txt,12,1.305800334,1.201804598,1.20218105,1.202141873,1.202444195,1.202060269
2067,INPUT_LN1_90_5.txt,OUTPUT_GUT_90_5.txt,12,NA,NA,NA,NA,NA,NA
2068,INPUT_LN1_90_5.txt,OUTPUT_L_90_5.txt,12,1.819988628,1.17717014,1.178041002,1.177631397,1.177967888,1.178090083
2069,INPUT_LN1_90_5.txt,OUTPUT_LN1_90_5.txt,12,-575501,-288336,-288332,-288332,-288335.5,-288331.5
2070,INPUT_LN1_90_5.txt,OUTPUT_LN2_90_5.txt,12,0.442883871,0.381353016,0.381222864,0.381303844,0.381184358,0.381401693
2071,INPUT_LN1_90_5.txt,OUTPUT_LUNG_90_5.txt,12,0.404599927,0.444871486,0.444775356,0.444827488,0.444789084,0.44481038
2072,INPUT_LN1_90_5.txt,OUTPUT_S_90_5.txt,12,NA,NA,NA,NA,NA,NA
2073,INPUT_LN1_90_5.txt,OUTPUT_SKIN1_90_5.txt,12,1.60036482,1.710320398,1.710785882,1.710900033,1.710228625,1.710804781
2074,INPUT_LN1_90_5.txt,OUTPUT_SKIN10_90_5.txt,12,0.211978886,0.189034677,0.18887192,0.18887561,0.189037221,0.189033204
2075,INPUT_LN1_90_5.txt,OUTPUT_SKIN11_90_5.txt,12,0.268678395,0.221154681,0.221146763,0.22115583,0.221155336,0.221157682
2076,INPUT_LN1_90_5.txt,OUTPUT_SKIN12_90_5.txt,12,0.125649059,0.152142925,0.152165205,0.152252442,0.15223401,0.152187209
2077,INPUT_LN1_90_5.txt,OUTPUT_SKIN2_90_5.txt,12,0.37687443,0.408145347,0.408112647,0.408024377,0.40831261,0.408189605
2078,INPUT_LN1_90_5.txt,OUTPUT_SKIN3_90_5.txt,12,0.212719203,0.254543775,0.254545901,0.254543009,0.254554675,0.254566059
2079,INPUT_LN1_90_5.txt,OUTPUT_SKIN4_90_5.txt,12,0.033857151,0.051437825,0.051438538,0.051438538,0.051437914,0.051438627
2080,INPUT_LN1_90_5.txt,OUTPUT_SKIN5_90_5.txt,12,0.489985242,0.542194939,0.542209472,0.542210996,0.542212705,0.542220207
2081,INPUT_LN1_90_5.txt,OUTPUT_SKIN6_90_5.txt,12,0.55431091,1.50125217,1.501093777,1.500330563,1.500630385,1.501285399
2082,INPUT_LN1_90_5.txt,OUTPUT_SKIN7_90_5.txt,12,0.021377949,0.031101554,0.031101985,0.031101985,0.031101608,0.031102039
2083,INPUT_LN1_90_5.txt,OUTPUT_SKIN8_90_5.txt,12,0.060721051,0.063723507,0.0637246,0.063727007,0.063723386,0.063723147
2084,INPUT_LN1_90_5.txt,OUTPUT_SKIN9_90_5.txt,12,0.150515836,0.116792072,0.116776651,0.116758778,0.116774401,0.116767294
2085,INPUT_LN2_90_5.txt,OUTPUT_BM1_90_5.txt,12,3.619713348,2.268583899,2.267842158,2.268007736,2.267724751,2.266273046
2086,INPUT_LN2_90_5.txt,OUTPUT_BM2_90_5.txt,12,6.607234937,5.17378029,5.176572821,5.175874444,5.17830877,5.174833961
2087,INPUT_LN2_90_5.txt,OUTPUT_GUT_90_5.txt,12,NA,NA,NA,NA,NA,NA
2088,INPUT_LN2_90_5.txt,OUTPUT_L_90_5.txt,12,3.18045937,1.644745053,1.646659893,1.64570744,1.646620697,1.646367373
2089,INPUT_LN2_90_5.txt,OUTPUT_LN1_90_5.txt,12,0.046355433,0.02538025,0.025384258,0.025381401,0.025386128,0.025377877
2090,INPUT_LN2_90_5.txt,OUTPUT_LN2_90_5.txt,12,-488269.5,-244548,-244502,-244529.5,-244490.5,-244562.5
2091,INPUT_LN2_90_5.txt,OUTPUT_LUNG_90_5.txt,12,0.577905892,0.510780709,0.510718704,0.510736997,0.510801263,0.510616224
2092,INPUT_LN2_90_5.txt,OUTPUT_S_90_5.txt,12,NA,NA,NA,NA,NA,NA
2093,INPUT_LN2_90_5.txt,OUTPUT_SKIN1_90_5.txt,12,3.767114178,2.904035742,2.905628726,2.905579569,2.904465821,2.904968668
2094,INPUT_LN2_90_5.txt,OUTPUT_SKIN10_90_5.txt,12,0.223407039,0.244864322,0.244702279,0.244679187,0.244925172,0.244844101
2095,INPUT_LN2_90_5.txt,OUTPUT_SKIN11_90_5.txt,12,0.328104298,0.20959359,0.209622792,0.2096075,0.209643205,0.209580456
2096,INPUT_LN2_90_5.txt,OUTPUT_SKIN12_90_5.txt,12,0.095898442,0.069713732,0.069729948,0.069754568,0.069762975,0.069715587
2097,INPUT_LN2_90_5.txt,OUTPUT_SKIN2_90_5.txt,12,0.442100589,0.456645522,0.456688684,0.456526643,0.456927665,0.456632606
2098,INPUT_LN2_90_5.txt,OUTPUT_SKIN3_90_5.txt,12,0.248009378,0.243012554,0.243059113,0.243021246,0.243074823,0.242999335
2099,INPUT_LN2_90_5.txt,OUTPUT_SKIN4_90_5.txt,12,0.028659602,0.037698118,0.037705218,0.037700973,0.037706993,0.03769588
2100,INPUT_LN2_90_5.txt,OUTPUT_SKIN5_90_5.txt,12,0.746627957,0.881698205,0.881874009,0.881773403,0.88193456,0.881664179
2101,INPUT_LN2_90_5.txt,OUTPUT_SKIN6_90_5.txt,12,0.953949666,1.041252416,1.041268149,1.04040505,1.040879584,1.04120137
2102,INPUT_LN2_90_5.txt,OUTPUT_SKIN7_90_5.txt,12,0.03601169,0.029967077,0.029972719,0.029969345,0.029974129,0.029965299
2103,INPUT_LN2_90_5.txt,OUTPUT_SKIN8_90_5.txt,12,0.085869806,0.072917373,0.07293146,0.072926045,0.072934405,0.072911838
2104,INPUT_LN2_90_5.txt,OUTPUT_SKIN9_90_5.txt,12,0.378025281,0.317661483,0.31767569,0.317591334,0.317688515,0.317570576
2105,INPUT_LUNG_90_5.txt,OUTPUT_BM1_90_5.txt,12,3.519563052,3.433166912,3.433999203,3.433709378,3.433893425,3.433979293
2106,INPUT_LUNG_90_5.txt,OUTPUT_BM2_90_5.txt,12,3.878471243,3.743693064,3.744207939,3.74397095,3.743873308,3.744130922
2107,INPUT_LUNG_90_5.txt,OUTPUT_GUT_90_5.txt,12,NA,NA,NA,NA,NA,NA
2108,INPUT_LUNG_90_5.txt,OUTPUT_L_90_5.txt,12,3.106522325,3.074012234,3.074646744,3.074422089,3.074526899,3.074524725
2109,INPUT_LUNG_90_5.txt,OUTPUT_LN1_90_5.txt,12,0.046780196,0.061116064,0.061125047,0.061120849,0.061124182,0.061123726
2110,INPUT_LUNG_90_5.txt,OUTPUT_LN2_90_5.txt,12,8.973786075,8.63315774,8.637354665,8.635314279,8.637598074,8.63395257
2111,INPUT_LUNG_90_5.txt,OUTPUT_LUNG_90_5.txt,12,-1080288,-543221,-543126.5,-543163.5,-543147,-543136.5
2112,INPUT_LUNG_90_5.txt,OUTPUT_S_90_5.txt,12,NA,NA,NA,NA,NA,NA
2113,INPUT_LUNG_90_5.txt,OUTPUT_SKIN1_90_5.txt,12,6.103110649,5.965887001,5.966159347,5.965553141,5.967108141,5.965892065
2114,INPUT_LUNG_90_5.txt,OUTPUT_SKIN10_90_5.txt,12,125.9518213,121.9084252,121.7684023,121.7863607,121.8971054,121.8774799
2115,INPUT_LUNG_90_5.txt,OUTPUT_SKIN11_90_5.txt,12,47.27921813,45.10745044,45.12276486,45.11511419,45.11581495,45.11577275
2116,INPUT_LUNG_90_5.txt,OUTPUT_SKIN12_90_5.txt,12,0.908693679,1.165882679,1.166026264,1.166338312,1.166419241,1.165918042
2117,INPUT_LUNG_90_5.txt,OUTPUT_SKIN2_90_5.txt,12,9.778570277,10.26355836,10.26437708,10.2614452,10.26907473,10.2660511
2118,INPUT_LUNG_90_5.txt,OUTPUT_SKIN3_90_5.txt,12,140.9369302,135.3959161,135.4310228,135.4148086,135.4325519,135.4458548
2119,INPUT_LUNG_90_5.txt,OUTPUT_SKIN4_90_5.txt,12,20.75837887,20.24771908,20.25377027,20.25028379,20.26115535,20.25360972
2120,INPUT_LUNG_90_5.txt,OUTPUT_SKIN5_90_5.txt,12,5.093399727,6.193207448,6.194340047,6.193940388,6.194179151,6.194336152
2121,INPUT_LUNG_90_5.txt,OUTPUT_SKIN6_90_5.txt,12,4.369433953,4.365769644,4.366765799,4.366938607,4.366885776,4.366471793
2122,INPUT_LUNG_90_5.txt,OUTPUT_SKIN7_90_5.txt,12,16.67257707,16.26813362,16.27253574,16.27056612,16.27123086,16.27192966
2123,INPUT_LUNG_90_5.txt,OUTPUT_SKIN8_90_5.txt,12,34.56245904,33.02150216,33.01111236,33.00904346,33.00969124,33.00971859
2124,INPUT_LUNG_90_5.txt,OUTPUT_SKIN9_90_5.txt,12,31.83908778,30.81821879,30.81942767,30.81650974,30.81887114,30.81711264
2125,INPUT_S_90_5.txt,OUTPUT_BM1_90_5.txt,12,NA,NA,NA,NA,NA,NA
2126,INPUT_S_90_5.txt,OUTPUT_BM2_90_5.txt,12,NA,NA,NA,NA,NA,NA
2127,INPUT_S_90_5.txt,OUTPUT_GUT_90_5.txt,12,NA,NA,NA,NA,NA,NA
2128,INPUT_S_90_5.txt,OUTPUT_L_90_5.txt,12,NA,NA,NA,NA,NA,NA
2129,INPUT_S_90_5.txt,OUTPUT_LN1_90_5.txt,12,NA,NA,NA,NA,NA,NA
2130,INPUT_S_90_5.txt,OUTPUT_LN2_90_5.txt,12,NA,NA,NA,NA,NA,NA
2131,INPUT_S_90_5.txt,OUTPUT_LUNG_90_5.txt,12,NA,NA,NA,NA,NA,NA
2132,INPUT_S_90_5.txt,OUTPUT_S_90_5.txt,12,NA,NA,NA,NA,NA,NA
2133,INPUT_S_90_5.txt,OUTPUT_SKIN1_90_5.txt,12,NA,NA,NA,NA,NA,NA
2134,INPUT_S_90_5.txt,OUTPUT_SKIN10_90_5.txt,12,NA,NA,NA,NA,NA,NA
2135,INPUT_S_90_5.txt,OUTPUT_SKIN11_90_5.txt,12,NA,NA,NA,NA,NA,NA
2136,INPUT_S_90_5.txt,OUTPUT_SKIN12_90_5.txt,12,NA,NA,NA,NA,NA,NA
2137,INPUT_S_90_5.txt,OUTPUT_SKIN2_90_5.txt,12,NA,NA,NA,NA,NA,NA
2138,INPUT_S_90_5.txt,OUTPUT_SKIN3_90_5.txt,12,NA,NA,NA,NA,NA,NA
2139,INPUT_S_90_5.txt,OUTPUT_SKIN4_90_5.txt,12,NA,NA,NA,NA,NA,NA
2140,INPUT_S_90_5.txt,OUTPUT_SKIN5_90_5.txt,12,NA,NA,NA,NA,NA,NA
2141,INPUT_S_90_5.txt,OUTPUT_SKIN6_90_5.txt,12,NA,NA,NA,NA,NA,NA
2142,INPUT_S_90_5.txt,OUTPUT_SKIN7_90_5.txt,12,NA,NA,NA,NA,NA,NA
2143,INPUT_S_90_5.txt,OUTPUT_SKIN8_90_5.txt,12,NA,NA,NA,NA,NA,NA
2144,INPUT_S_90_5.txt,OUTPUT_SKIN9_90_5.txt,12,NA,NA,NA,NA,NA,NA
2145,INPUT_SKIN1_90_5.txt,OUTPUT_BM1_90_5.txt,12,5.192573471,4.548066373,4.54502624,4.545630386,4.545532823,4.542894126
2146,INPUT_SKIN1_90_5.txt,OUTPUT_BM2_90_5.txt,12,17.71217977,12.30965623,12.31248609,12.31150721,12.31825951,12.31083541
2147,INPUT_SKIN1_90_5.txt,OUTPUT_GUT_90_5.txt,12,NA,NA,NA,NA,NA,NA
2148,INPUT_SKIN1_90_5.txt,OUTPUT_L_90_5.txt,12,1.585322824,0.914522479,0.915276271,0.914793618,0.915414975,0.915321257
2149,INPUT_SKIN1_90_5.txt,OUTPUT_LN1_90_5.txt,12,0.0186736,0.015411492,0.015408218,0.015407503,0.015412058,0.015408068
2150,INPUT_SKIN1_90_5.txt,OUTPUT_LN2_90_5.txt,12,0.186201022,0.10528878,0.105229705,0.105248501,0.105243482,0.105281152
2151,INPUT_SKIN1_90_5.txt,OUTPUT_LUNG_90_5.txt,12,0.574199539,0.633467023,0.633268017,0.633320953,0.633444549,0.633311259
2152,INPUT_SKIN1_90_5.txt,OUTPUT_S_90_5.txt,12,NA,NA,NA,NA,NA,NA
2153,INPUT_SKIN1_90_5.txt,OUTPUT_SKIN1_90_5.txt,12,-1119024.5,-560322,-560425.5,-560451.5,-560299.5,-560429
2154,INPUT_SKIN1_90_5.txt,OUTPUT_SKIN10_90_5.txt,12,0.490996125,1.445564476,1.444128603,1.444085914,1.445641869,1.445243384
2155,INPUT_SKIN1_90_5.txt,OUTPUT_SKIN11_90_5.txt,12,0.224777111,0.21076104,0.210711385,0.210708602,0.210768194,0.210718498
2156,INPUT_SKIN1_90_5.txt,OUTPUT_SKIN12_90_5.txt,12,0.074735468,0.06214297,0.062127931,0.062145234,0.062164648,0.062122554
2157,INPUT_SKIN1_90_5.txt,OUTPUT_SKIN2_90_5.txt,12,0.489336008,0.557823043,0.557666042,0.557508205,0.558054897,0.557736156
2158,INPUT_SKIN1_90_5.txt,OUTPUT_SKIN3_90_5.txt,12,0.230819493,0.312564075,0.312504347,0.31247673,0.312577729,0.312498769
2159,INPUT_SKIN1_90_5.txt,OUTPUT_SKIN4_90_5.txt,12,0.062988506,0.033542823,0.033536622,0.033535065,0.033544172,0.033536413
2160,INPUT_SKIN1_90_5.txt,OUTPUT_SKIN5_90_5.txt,12,0.751546034,0.756139372,0.756012855,0.75597905,0.756188325,0.756021479
2161,INPUT_SKIN1_90_5.txt,OUTPUT_SKIN6_90_5.txt,12,1.231339916,1.219502752,1.219075663,1.218153878,1.218842873,1.219282487
2162,INPUT_SKIN1_90_5.txt,OUTPUT_SKIN7_90_5.txt,12,0.213062061,0.206600381,0.206562015,0.206552389,0.206608727,0.20656072
2163,INPUT_SKIN1_90_5.txt,OUTPUT_SKIN8_90_5.txt,12,0.175830499,0.10540171,0.105383583,0.105383608,0.105406664,0.105382584
2164,INPUT_SKIN1_90_5.txt,OUTPUT_SKIN9_90_5.txt,12,0.31856473,0.229175954,0.229100408,0.229055223,0.229150704,0.229080513
2165,INPUT_SKIN10_90_5.txt,OUTPUT_BM1_90_5.txt,12,1.750726009,1.611717852,1.611918601,1.612080241,1.611110772,1.610766927
2166,INPUT_SKIN10_90_5.txt,OUTPUT_BM2_90_5.txt,12,2.227192936,1.97008974,1.971374146,1.971308608,1.970832304,1.970392911
2167,INPUT_SKIN10_90_5.txt,OUTPUT_GUT_90_5.txt,12,NA,NA,NA,NA,NA,NA
2168,INPUT_SKIN10_90_5.txt,OUTPUT_L_90_5.txt,12,2.191585113,1.931815191,1.933655638,1.933158299,1.932733247,1.932890652
2169,INPUT_SKIN10_90_5.txt,OUTPUT_LN1_90_5.txt,12,0.009102845,0.015884772,0.015891246,0.015891091,0.015884625,0.015884462
2170,INPUT_SKIN10_90_5.txt,OUTPUT_LN2_90_5.txt,12,0.234549177,0.219890962,0.219906946,0.21995259,0.219789807,0.219918719
2171,INPUT_SKIN10_90_5.txt,OUTPUT_LUNG_90_5.txt,12,0.68634579,0.810691726,0.810784671,0.810937865,0.810534808,0.810496706
2172,INPUT_SKIN10_90_5.txt,OUTPUT_S_90_5.txt,12,NA,NA,NA,NA,NA,NA
2173,INPUT_SKIN10_90_5.txt,OUTPUT_SKIN1_90_5.txt,12,2.936760943,2.656897027,2.658566335,2.658673077,2.656777644,2.657440018
2174,INPUT_SKIN10_90_5.txt,OUTPUT_SKIN10_90_5.txt,12,-513484,-257434.5,-257322.5,-257325,-257436,-257431.5
2175,INPUT_SKIN10_90_5.txt,OUTPUT_SKIN11_90_5.txt,12,0.331669198,0.315436467,0.315558614,0.315564208,0.315430965,0.315435463
2176,INPUT_SKIN10_90_5.txt,OUTPUT_SKIN12_90_5.txt,12,0.10869046,0.118016989,0.118067651,0.118111821,0.118060945,0.118015173
2177,INPUT_SKIN10_90_5.txt,OUTPUT_SKIN2_90_5.txt,12,0.614261225,0.648577384,0.648799685,0.648643197,0.648822972,0.648618921
2178,INPUT_SKIN10_90_5.txt,OUTPUT_SKIN3_90_5.txt,12,0.351684827,0.309284338,0.309416162,0.309405644,0.309290376,0.309293859
2179,INPUT_SKIN10_90_5.txt,OUTPUT_SKIN4_90_5.txt,12,0.118301337,0.080812219,0.080847415,0.080846629,0.080811748,0.080813161
2180,INPUT_SKIN10_90_5.txt,OUTPUT_SKIN5_90_5.txt,12,1.070696555,1.309328602,1.309903057,1.309893817,1.309346227,1.309379296
2181,INPUT_SKIN10_90_5.txt,OUTPUT_SKIN6_90_5.txt,12,1.390504318,1.473652968,1.474124961,1.473378516,1.473045671,1.473679388
2182,INPUT_SKIN10_90_5.txt,OUTPUT_SKIN7_90_5.txt,12,0.165093667,0.164890778,0.164962243,0.164960647,0.164889821,0.164892691
2183,INPUT_SKIN10_90_5.txt,OUTPUT_SKIN8_90_5.txt,12,0.185774381,0.163562387,0.163636866,0.163643892,0.163563463,0.16356873
2184,INPUT_SKIN10_90_5.txt,OUTPUT_SKIN9_90_5.txt,12,0.362323568,0.313408922,0.313500611,0.313449866,0.313359422,0.313341652
2185,INPUT_SKIN11_90_5.txt,OUTPUT_BM1_90_5.txt,12,3.564168993,2.110735948,2.109793491,2.110110595,2.10957896,2.108865229
2186,INPUT_SKIN11_90_5.txt,OUTPUT_BM2_90_5.txt,12,3.8930346,3.854395718,3.855683834,3.855533047,3.856654024,3.85523463
2187,INPUT_SKIN11_90_5.txt,OUTPUT_GUT_90_5.txt,12,NA,NA,NA,NA,NA,NA
2188,INPUT_SKIN11_90_5.txt,OUTPUT_L_90_5.txt,12,1.912678043,2.315141415,2.317213423,2.316208839,2.317044281,2.317299506
2189,INPUT_SKIN11_90_5.txt,OUTPUT_LN1_90_5.txt,12,0.054799304,0.039390509,0.039390401,0.039389488,0.039390243,0.039389221
2190,INPUT_SKIN11_90_5.txt,OUTPUT_LN2_90_5.txt,12,3.62813333,3.054409448,3.053414085,3.053990876,3.053089761,3.054736886
2191,INPUT_SKIN11_90_5.txt,OUTPUT_LUNG_90_5.txt,12,0.737503137,0.790268394,0.790035242,0.790196098,0.790128042,0.79004171
2192,INPUT_SKIN11_90_5.txt,OUTPUT_S_90_5.txt,12,NA,NA,NA,NA,NA,NA
2193,INPUT_SKIN11_90_5.txt,OUTPUT_SKIN1_90_5.txt,12,5.374318418,3.028594597,3.029633581,3.029843639,3.028373602,3.029619553
2194,INPUT_SKIN11_90_5.txt,OUTPUT_SKIN10_90_5.txt,12,1.659894538,1.203629443,1.202614148,1.20260883,1.203639227,1.203599238
2195,INPUT_SKIN11_90_5.txt,OUTPUT_SKIN11_90_5.txt,12,-603324.5,-302147.5,-302140,-302147,-302148.5,-302148
2196,INPUT_SKIN11_90_5.txt,OUTPUT_SKIN12_90_5.txt,12,0.19658,0.172201679,0.172211265,0.17228146,0.172275683,0.172210398
2197,INPUT_SKIN11_90_5.txt,OUTPUT_SKIN2_90_5.txt,12,0.631942606,0.602144989,0.602103321,0.60194884,0.602373686,0.602173263
2198,INPUT_SKIN11_90_5.txt,OUTPUT_SKIN3_90_5.txt,12,0.253436721,0.340088228,0.340087185,0.340082878,0.340100079,0.340103969
2199,INPUT_SKIN11_90_5.txt,OUTPUT_SKIN4_90_5.txt,12,0.126355072,0.112108467,0.112111253,0.112108653,0.112108096,0.112108281
2200,INPUT_SKIN11_90_5.txt,OUTPUT_SKIN5_90_5.txt,12,0.950128369,1.571219113,1.571267634,1.571233748,1.571266574,1.571252961
2201,INPUT_SKIN11_90_5.txt,OUTPUT_SKIN6_90_5.txt,12,2.463235364,1.690576117,1.690342548,1.689192286,1.689654005,1.690588188
2202,INPUT_SKIN11_90_5.txt,OUTPUT_SKIN7_90_5.txt,12,0.148873815,0.132793008,0.132796304,0.132793224,0.132792565,0.132792784
2203,INPUT_SKIN11_90_5.txt,OUTPUT_SKIN8_90_5.txt,12,0.281775417,0.203036772,0.203041831,0.203043956,0.203034772,0.203030352
2204,INPUT_SKIN11_90_5.txt,OUTPUT_SKIN9_90_5.txt,12,0.702380883,0.543431876,0.543368784,0.543275807,0.543349719,0.543311378
2205,INPUT_SKIN12_90_5.txt,OUTPUT_BM1_90_5.txt,12,1.317825705,0.93844711,0.938015648,0.938027122,0.937758729,0.937627417
2206,INPUT_SKIN12_90_5.txt,OUTPUT_BM2_90_5.txt,12,1.857664309,0.766790296,0.767113305,0.766957932,0.767207464,0.767039827
2207,INPUT_SKIN12_90_5.txt,OUTPUT_GUT_90_5.txt,12,NA,NA,NA,NA,NA,NA
2208,INPUT_SKIN12_90_5.txt,OUTPUT_L_90_5.txt,12,1.096198331,0.986421474,0.987383419,0.986777717,0.987140242,0.987473095
2209,INPUT_SKIN12_90_5.txt,OUTPUT_LN1_90_5.txt,12,0.087310708,0.04458165,0.044583446,0.044576324,0.044574957,0.044585204
2210,INPUT_SKIN12_90_5.txt,OUTPUT_LN2_90_5.txt,12,0.405858964,0.393939057,0.393804223,0.393828289,0.393696387,0.394011372
2211,INPUT_SKIN12_90_5.txt,OUTPUT_LUNG_90_5.txt,12,0.737679989,0.600613245,0.600508691,0.60052536,0.600392001,0.600587524
2212,INPUT_SKIN12_90_5.txt,OUTPUT_S_90_5.txt,12,NA,NA,NA,NA,NA,NA
2213,INPUT_SKIN12_90_5.txt,OUTPUT_SKIN1_90_5.txt,12,1.56406762,1.887287513,1.887977944,1.887835237,1.886857156,1.888074071
2214,INPUT_SKIN12_90_5.txt,OUTPUT_SKIN10_90_5.txt,12,0.304996392,0.366347951,0.366038895,0.365988466,0.366297644,0.366363766
2215,INPUT_SKIN12_90_5.txt,OUTPUT_SKIN11_90_5.txt,12,0.279102664,0.180989672,0.180985855,0.180964707,0.180962815,0.181001642
2216,INPUT_SKIN12_90_5.txt,OUTPUT_SKIN12_90_5.txt,12,-737556,-369002,-368991.5,-369050.5,-369058,-368977.5
2217,INPUT_SKIN12_90_5.txt,OUTPUT_SKIN2_90_5.txt,12,0.506309992,0.460294815,0.460268913,0.460084067,0.460406892,0.460347993
2218,INPUT_SKIN12_90_5.txt,OUTPUT_SKIN3_90_5.txt,12,0.323960494,0.260023036,0.260027276,0.259987463,0.260003182,0.260064562
2219,INPUT_SKIN12_90_5.txt,OUTPUT_SKIN4_90_5.txt,12,0.109976231,0.054408133,0.054409679,0.05440098,0.054399876,0.054411741
2220,INPUT_SKIN12_90_5.txt,OUTPUT_SKIN5_90_5.txt,12,0.631645297,0.534189762,0.534212989,0.534132164,0.534128835,0.534242879
2221,INPUT_SKIN12_90_5.txt,OUTPUT_SKIN6_90_5.txt,12,1.515669266,0.983047971,0.982918567,0.982094171,0.982351634,0.983121909
2222,INPUT_SKIN12_90_5.txt,OUTPUT_SKIN7_90_5.txt,12,0.241540079,0.235124998,0.235131467,0.235094534,0.235089942,0.235140082
2223,INPUT_SKIN12_90_5.txt,OUTPUT_SKIN8_90_5.txt,12,0.110320201,0.081343415,0.081346008,0.081336007,0.081330794,0.081347189
2224,INPUT_SKIN12_90_5.txt,OUTPUT_SKIN9_90_5.txt,12,0.254365912,0.172942599,0.172990663,0.173008114,0.172961512,0.173021418
2225,INPUT_SKIN2_90_5.txt,OUTPUT_BM1_90_5.txt,12,1.192210906,1.9740217,1.973311634,1.971466681,1.973039995,1.97024783
2226,INPUT_SKIN2_90_5.txt,OUTPUT_BM2_90_5.txt,12,1.575387965,1.552384429,1.55267675,1.551475631,1.552787187,1.55097759
2227,INPUT_SKIN2_90_5.txt,OUTPUT_GUT_90_5.txt,12,NA,NA,NA,NA,NA,NA
2228,INPUT_SKIN2_90_5.txt,OUTPUT_L_90_5.txt,12,3.811245364,3.517118962,3.51660688,3.509430923,3.516721737,3.5082781
2229,INPUT_SKIN2_90_5.txt,OUTPUT_LN1_90_5.txt,12,8.81621752,8.099904957,8.100106586,8.100935008,8.098385456,8.09944234
2230,INPUT_SKIN2_90_5.txt,OUTPUT_LN2_90_5.txt,12,2.560776088,2.348971372,2.348356697,2.347628351,2.347825734,2.34745674
2231,INPUT_SKIN2_90_5.txt,OUTPUT_LUNG_90_5.txt,12,2.648224306,2.537057804,2.538647387,2.539448352,2.538263462,2.538745716
2232,INPUT_SKIN2_90_5.txt,OUTPUT_S_90_5.txt,12,NA,NA,NA,NA,NA,NA
2233,INPUT_SKIN2_90_5.txt,OUTPUT_SKIN1_90_5.txt,12,2.659777396,6.679290555,6.676923778,6.662590329,6.678157269,6.660108113
2234,INPUT_SKIN2_90_5.txt,OUTPUT_SKIN10_90_5.txt,12,70.49996024,63.26175596,63.22717332,63.23376242,63.26050805,63.26751131
2235,INPUT_SKIN2_90_5.txt,OUTPUT_SKIN11_90_5.txt,12,41.50428102,36.83171736,36.82889112,36.78206196,36.82490275,36.77049541
2236,INPUT_SKIN2_90_5.txt,OUTPUT_SKIN12_90_5.txt,12,0.335427684,0.232195619,0.232193112,0.232292718,0.232222162,0.232157291
2237,INPUT_SKIN2_90_5.txt,OUTPUT_SKIN2_90_5.txt,12,-939657.5,-472036.5,-472014.5,-471960.5,-472126,-472048.5
2238,INPUT_SKIN2_90_5.txt,OUTPUT_SKIN3_90_5.txt,12,1.222240914,5.594437327,5.594596111,5.595145163,5.593857012,5.594713658
2239,INPUT_SKIN2_90_5.txt,OUTPUT_SKIN4_90_5.txt,12,0.368875858,0.33419121,0.334206513,0.334242771,0.334127806,0.33418017
2240,INPUT_SKIN2_90_5.txt,OUTPUT_SKIN5_90_5.txt,12,1.700229138,2.825009883,2.825204617,2.82553428,2.824614372,2.825098287
2241,INPUT_SKIN2_90_5.txt,OUTPUT_SKIN6_90_5.txt,12,3.319281511,5.097880599,5.096803201,5.087001442,5.097170452,5.084706977
2242,INPUT_SKIN2_90_5.txt,OUTPUT_SKIN7_90_5.txt,12,26.74707891,24.03934174,24.03769561,24.02034234,24.04116001,24.02007626
2243,INPUT_SKIN2_90_5.txt,OUTPUT_SKIN8_90_5.txt,12,1.060523637,0.432721892,0.432741973,0.43280472,0.432636536,0.432695865
2244,INPUT_SKIN2_90_5.txt,OUTPUT_SKIN9_90_5.txt,12,0.392025708,0.354588748,0.354553371,0.3545367,0.354467021,0.354495087
2245,INPUT_SKIN3_90_5.txt,OUTPUT_BM1_90_5.txt,12,2.180086087,2.790412864,2.789625633,2.789908168,2.789303496,2.788773447
2246,INPUT_SKIN3_90_5.txt,OUTPUT_BM2_90_5.txt,12,7.420734647,6.856596812,6.856601407,6.85659895,6.855936194,6.856624236
2247,INPUT_SKIN3_90_5.txt,OUTPUT_GUT_90_5.txt,12,NA,NA,NA,NA,NA,NA
2248,INPUT_SKIN3_90_5.txt,OUTPUT_L_90_5.txt,12,1.52872136,2.236457649,2.237943839,2.237237601,2.237715441,2.237946791
2249,INPUT_SKIN3_90_5.txt,OUTPUT_LN1_90_5.txt,12,0.005957279,0.010644702,0.010644472,0.010644446,0.010644275,0.010643876
2250,INPUT_SKIN3_90_5.txt,OUTPUT_LN2_90_5.txt,12,0.156821619,0.142753744,0.142701656,0.142732978,0.142682247,0.142763883
2251,INPUT_SKIN3_90_5.txt,OUTPUT_LUNG_90_5.txt,12,0.470161602,0.629981343,0.629783079,0.629888014,0.629799011,0.629803925
2252,INPUT_SKIN3_90_5.txt,OUTPUT_S_90_5.txt,12,NA,NA,NA,NA,NA,NA
2253,INPUT_SKIN3_90_5.txt,OUTPUT_SKIN1_90_5.txt,12,2.935566046,3.588399284,3.589210384,3.589407321,3.588068775,3.589103087
2254,INPUT_SKIN3_90_5.txt,OUTPUT_SKIN10_90_5.txt,12,0.95712486,1.233336629,1.232263086,1.23228424,1.233305759,1.233250128
2255,INPUT_SKIN3_90_5.txt,OUTPUT_SKIN11_90_5.txt,12,0.204452323,0.226736359,0.226726555,0.22673645,0.226729503,0.22672657
2256,INPUT_SKIN3_90_5.txt,OUTPUT_SKIN12_90_5.txt,12,0.04543476,0.080124333,0.080128446,0.080164709,0.080158267,0.08012804
2257,INPUT_SKIN3_90_5.txt,OUTPUT_SKIN2_90_5.txt,12,0.421647428,0.468318508,0.468276691,0.468165604,0.468483337,0.468320971
2258,INPUT_SKIN3_90_5.txt,OUTPUT_SKIN3_90_5.txt,12,-815022.5,-409008,-409005.5,-409006.5,-409023,-409027
2259,INPUT_SKIN3_90_5.txt,OUTPUT_SKIN4_90_5.txt,12,0.094819453,0.085524892,0.085525416,0.085525207,0.085521752,0.085520919
2260,INPUT_SKIN3_90_5.txt,OUTPUT_SKIN5_90_5.txt,12,0.795346053,0.923085299,0.923110309,0.923110423,0.923083211,0.923078966
2261,INPUT_SKIN3_90_5.txt,OUTPUT_SKIN6_90_5.txt,12,1.06738963,1.231628408,1.23146315,1.230715765,1.230969552,1.231590824
2262,INPUT_SKIN3_90_5.txt,OUTPUT_SKIN7_90_5.txt,12,0.06193365,0.054092636,0.054092966,0.054092834,0.054090654,0.054090127
2263,INPUT_SKIN3_90_5.txt,OUTPUT_SKIN8_90_5.txt,12,0.203243814,0.475436889,0.475439763,0.475455116,0.475416093,0.475399952
2264,INPUT_SKIN3_90_5.txt,OUTPUT_SKIN9_90_5.txt,12,42.58085536,39.31923818,39.32972258,39.34206372,39.32777958,39.33285465
2265,INPUT_SKIN4_90_5.txt,OUTPUT_BM1_90_5.txt,12,2.062375208,1.433085181,1.432435452,1.43266476,1.432311983,1.431832292
2266,INPUT_SKIN4_90_5.txt,OUTPUT_BM2_90_5.txt,12,2.451582924,2.224632814,2.225375225,2.225294367,2.225948587,2.225121627
2267,INPUT_SKIN4_90_5.txt,OUTPUT_GUT_90_5.txt,12,NA,NA,NA,NA,NA,NA
2268,INPUT_SKIN4_90_5.txt,OUTPUT_L_90_5.txt,12,0.858822687,1.243984709,1.245101922,1.244566341,1.24502504,1.245163428
2269,INPUT_SKIN4_90_5.txt,OUTPUT_LN1_90_5.txt,12,0.032888937,0.014584809,0.014584402,0.014584402,0.014584758,0.014584351
2270,INPUT_SKIN4_90_5.txt,OUTPUT_LN2_90_5.txt,12,0.554389329,0.427930802,0.427773411,0.4278675,0.427734068,0.42798042
2271,INPUT_SKIN4_90_5.txt,OUTPUT_LUNG_90_5.txt,12,0.510269721,0.528045351,0.527895336,0.527955237,0.527941469,0.527928874
2272,INPUT_SKIN4_90_5.txt,OUTPUT_S_90_5.txt,12,NA,NA,NA,NA,NA,NA
2273,INPUT_SKIN4_90_5.txt,OUTPUT_SKIN1_90_5.txt,12,1.819949987,1.551870604,1.552388025,1.552519232,1.551758565,1.552405881
2274,INPUT_SKIN4_90_5.txt,OUTPUT_SKIN10_90_5.txt,12,0.377437023,0.37502174,0.374696669,0.374703924,0.375026094,0.375013031
2275,INPUT_SKIN4_90_5.txt,OUTPUT_SKIN11_90_5.txt,12,0.291972544,0.201296372,0.201286396,0.201293264,0.201295259,0.201294594
2276,INPUT_SKIN4_90_5.txt,OUTPUT_SKIN12_90_5.txt,12,0.091652115,0.105322858,0.105316684,0.105351354,0.105355765,0.105307963
2277,INPUT_SKIN4_90_5.txt,OUTPUT_SKIN2_90_5.txt,12,0.485146451,0.429841928,0.429800574,0.429703459,0.430014716,0.429873039
2278,INPUT_SKIN4_90_5.txt,OUTPUT_SKIN3_90_5.txt,12,0.278746231,0.277027052,0.277027816,0.277019231,0.277037275,0.277040629
2279,INPUT_SKIN4_90_5.txt,OUTPUT_SKIN4_90_5.txt,12,-552033,-276255.5,-276255.5,-276255.5,-276255.5,-276255.5
2280,INPUT_SKIN4_90_5.txt,OUTPUT_SKIN5_90_5.txt,12,0.55473802,0.714050621,0.714058842,0.714060689,0.714068776,0.714071948
2281,INPUT_SKIN4_90_5.txt,OUTPUT_SKIN6_90_5.txt,12,1.449736357,1.432653278,1.43243803,1.431522612,1.431904255,1.432664758
2282,INPUT_SKIN4_90_5.txt,OUTPUT_SKIN7_90_5.txt,12,2.110040992,1.823114147,1.823114147,1.823114147,1.823114147,1.823114147
2283,INPUT_SKIN4_90_5.txt,OUTPUT_SKIN8_90_5.txt,12,0.103610133,0.081326338,0.08132715,0.081330687,0.081326604,0.081326319
2284,INPUT_SKIN4_90_5.txt,OUTPUT_SKIN9_90_5.txt,12,0.156969921,0.125189973,0.1251717,0.125152537,0.125170809,0.12516145
2285,INPUT_SKIN5_90_5.txt,OUTPUT_BM1_90_5.txt,12,1.070887352,2.029839433,2.02935114,2.029512428,2.029252117,2.028898657
2286,INPUT_SKIN5_90_5.txt,OUTPUT_BM2_90_5.txt,12,1.207621544,1.689935289,1.690295904,1.690252295,1.690580801,1.690150348
2287,INPUT_SKIN5_90_5.txt,OUTPUT_GUT_90_5.txt,12,NA,NA,NA,NA,NA,NA
2288,INPUT_SKIN5_90_5.txt,OUTPUT_L_90_5.txt,12,2.49771482,1.995308358,1.99616863,1.995742493,1.996097273,1.996198831
2289,INPUT_SKIN5_90_5.txt,OUTPUT_LN1_90_5.txt,12,0.023447578,0.020772868,0.020772049,0.020772022,0.020772444,0.020771788
2290,INPUT_SKIN5_90_5.txt,OUTPUT_LN2_90_5.txt,12,0.356276264,0.307965778,0.307852469,0.307917639,0.30782344,0.307993916
2291,INPUT_SKIN5_90_5.txt,OUTPUT_LUNG_90_5.txt,12,1.171853041,2.577234695,2.576283776,2.576574512,2.575264931,2.576356481
2292,INPUT_SKIN5_90_5.txt,OUTPUT_S_90_5.txt,12,NA,NA,NA,NA,NA,NA
2293,INPUT_SKIN5_90_5.txt,OUTPUT_SKIN1_90_5.txt,12,2.386834652,4.549854609,4.549875093,4.549918193,4.549768932,4.549843243
2294,INPUT_SKIN5_90_5.txt,OUTPUT_SKIN10_90_5.txt,12,2.987603669,2.302887739,2.300827354,2.300869356,2.302875938,2.302784936
2295,INPUT_SKIN5_90_5.txt,OUTPUT_SKIN11_90_5.txt,12,0.402265787,0.365513774,0.365491718,0.365507791,0.365509924,0.365507294
2296,INPUT_SKIN5_90_5.txt,OUTPUT_SKIN12_90_5.txt,12,0.14628456,0.178967067,0.178954758,0.179013234,0.179019828,0.178939469
2297,INPUT_SKIN5_90_5.txt,OUTPUT_SKIN2_90_5.txt,12,1.11046167,1.427067023,1.426915331,1.42658349,1.427596407,1.427116744
2298,INPUT_SKIN5_90_5.txt,OUTPUT_SKIN3_90_5.txt,12,0.317554339,1.541508486,1.541471172,1.541476389,1.541597526,1.541621391
2299,INPUT_SKIN5_90_5.txt,OUTPUT_SKIN4_90_5.txt,12,0.089503468,0.064984154,0.064983392,0.064983307,0.064983053,0.064982799
2300,INPUT_SKIN5_90_5.txt,OUTPUT_SKIN5_90_5.txt,12,-764864.5,-384049.5,-384054,-384054.5,-384056,-384057.5
2301,INPUT_SKIN5_90_5.txt,OUTPUT_SKIN6_90_5.txt,12,1.375845018,1.470245227,1.470064369,1.469366906,1.469651068,1.470223035
2302,INPUT_SKIN5_90_5.txt,OUTPUT_SKIN7_90_5.txt,12,6.548836437,5.353784987,5.35372751,5.353724577,5.353694478,5.353676807
2303,INPUT_SKIN5_90_5.txt,OUTPUT_SKIN8_90_5.txt,12,0.72136747,0.314790221,0.314786567,0.314796756,0.31478294,0.314774221
2304,INPUT_SKIN5_90_5.txt,OUTPUT_SKIN9_90_5.txt,12,32.07892305,28.36973176,28.36757672,28.36575052,28.36743142,28.36639677
2305,INPUT_SKIN6_90_5.txt,OUTPUT_BM1_90_5.txt,12,3.041160637,3.028666222,3.027365896,3.028957099,3.027681492,3.025672929
2306,INPUT_SKIN6_90_5.txt,OUTPUT_BM2_90_5.txt,12,2.251530438,2.519602437,2.520842431,2.521606628,2.522152464,2.520272176
2307,INPUT_SKIN6_90_5.txt,OUTPUT_GUT_90_5.txt,12,NA,NA,NA,NA,NA,NA
2308,INPUT_SKIN6_90_5.txt,OUTPUT_L_90_5.txt,12,0.775746479,11.65659085,11.668612,11.6668262,11.66992717,11.66834229
2309,INPUT_SKIN6_90_5.txt,OUTPUT_LN1_90_5.txt,12,0.0937686,0.090918595,0.090923715,0.090956126,0.090944796,0.09091538
2310,INPUT_SKIN6_90_5.txt,OUTPUT_LN2_90_5.txt,12,0.653613336,0.870299699,0.870044055,0.870552779,0.870143681,0.870399495
2311,INPUT_SKIN6_90_5.txt,OUTPUT_LUNG_90_5.txt,12,0.605712452,0.752654304,0.752549505,0.7529181,0.75274305,0.752513801
2312,INPUT_SKIN6_90_5.txt,OUTPUT_S_90_5.txt,12,NA,NA,NA,NA,NA,NA
2313,INPUT_SKIN6_90_5.txt,OUTPUT_SKIN1_90_5.txt,12,8.383227018,11.96513455,11.97074767,11.97635668,11.96779802,11.96979001
2314,INPUT_SKIN6_90_5.txt,OUTPUT_SKIN10_90_5.txt,12,0.479396188,0.560320383,0.559895491,0.560108562,0.560492517,0.560305185
2315,INPUT_SKIN6_90_5.txt,OUTPUT_SKIN11_90_5.txt,12,0.513479032,0.359782313,0.359794683,0.35994056,0.359890316,0.359781893
2316,INPUT_SKIN6_90_5.txt,OUTPUT_SKIN12_90_5.txt,12,0.18140721,0.17819341,0.17819839,0.178318896,0.17829945,0.178169321
2317,INPUT_SKIN6_90_5.txt,OUTPUT_SKIN2_90_5.txt,12,0.76425773,0.874603975,0.874615065,0.874689401,0.875180554,0.874655819
2318,INPUT_SKIN6_90_5.txt,OUTPUT_SKIN3_90_5.txt,12,0.363123852,0.601463046,0.601507625,0.601727681,0.601684311,0.601516009
2319,INPUT_SKIN6_90_5.txt,OUTPUT_SKIN4_90_5.txt,12,0.161450253,0.187221411,0.187237136,0.187304046,0.187276143,0.187220573
2320,INPUT_SKIN6_90_5.txt,OUTPUT_SKIN5_90_5.txt,12,0.544076684,1.111341181,1.111459963,1.111871873,1.111709015,1.111379518
2321,INPUT_SKIN6_90_5.txt,OUTPUT_SKIN6_90_5.txt,12,-895749.5,-448911,-448873.5,-448714,-448780.5,-448913
2322,INPUT_SKIN6_90_5.txt,OUTPUT_SKIN7_90_5.txt,12,0.176324563,0.213342017,0.213359939,0.213436201,0.213404398,0.213341061
2323,INPUT_SKIN6_90_5.txt,OUTPUT_SKIN8_90_5.txt,12,0.558046657,0.444058379,0.444095919,0.444270056,0.444186345,0.44404366
2324,INPUT_SKIN6_90_5.txt,OUTPUT_SKIN9_90_5.txt,12,3.186954905,2.59539435,2.595302698,2.595950568,2.595862666,2.594876597
2325,INPUT_SKIN7_90_5.txt,OUTPUT_BM1_90_5.txt,12,1.604060019,1.198788621,1.19821405,1.198416828,1.198104868,1.197680891
2326,INPUT_SKIN7_90_5.txt,OUTPUT_BM2_90_5.txt,12,1.845764181,1.59861785,1.599216246,1.59915107,1.599678423,1.599011835
2327,INPUT_SKIN7_90_5.txt,OUTPUT_GUT_90_5.txt,12,NA,NA,NA,NA,NA,NA
2328,INPUT_SKIN7_90_5.txt,OUTPUT_L_90_5.txt,12,2.101753418,3.033708884,3.036197303,3.03500443,3.036026074,3.036334287
2329,INPUT_SKIN7_90_5.txt,OUTPUT_LN1_90_5.txt,12,0.027363686,0.023810288,0.023809628,0.023809628,0.023810206,0.023809545
2330,INPUT_SKIN7_90_5.txt,OUTPUT_LN2_90_5.txt,12,0.57246192,0.404248909,0.404098883,0.40418857,0.404061381,0.404296206
2331,INPUT_SKIN7_90_5.txt,OUTPUT_LUNG_90_5.txt,12,0.326310672,0.274420452,0.274351264,0.27438763,0.274368122,0.274303967
2332,INPUT_SKIN7_90_5.txt,OUTPUT_S_90_5.txt,12,NA,NA,NA,NA,NA,NA
2333,INPUT_SKIN7_90_5.txt,OUTPUT_SKIN1_90_5.txt,12,1.41026795,1.02702511,1.027387865,1.027479222,1.026946336,1.027400198
2334,INPUT_SKIN7_90_5.txt,OUTPUT_SKIN10_90_5.txt,12,0.241656904,0.262130998,0.261900958,0.261906091,0.26213408,0.262124835
2335,INPUT_SKIN7_90_5.txt,OUTPUT_SKIN11_90_5.txt,12,0.24996016,0.239808144,0.239796243,0.239806006,0.239808386,0.239807593
2336,INPUT_SKIN7_90_5.txt,OUTPUT_SKIN12_90_5.txt,12,0.101647818,0.113387467,0.113380907,0.113417773,0.113422461,0.113371475
2337,INPUT_SKIN7_90_5.txt,OUTPUT_SKIN2_90_5.txt,12,0.35858978,0.259197669,0.259176612,0.259117555,0.259302722,0.259216924
2338,INPUT_SKIN7_90_5.txt,OUTPUT_SKIN3_90_5.txt,12,0.189107412,0.165964779,0.16596262,0.165961428,0.165973016,0.165974256
2339,INPUT_SKIN7_90_5.txt,OUTPUT_SKIN4_90_5.txt,12,0.11279204,0.114976705,0.114976705,0.114976705,0.114976705,0.114976705
2340,INPUT_SKIN7_90_5.txt,OUTPUT_SKIN5_90_5.txt,12,0.393522719,0.329398578,0.329402688,0.329403618,0.32940929,0.329408674
2341,INPUT_SKIN7_90_5.txt,OUTPUT_SKIN6_90_5.txt,12,0.95950123,0.812220226,0.812089587,0.811534037,0.811765642,0.812227194
2342,INPUT_SKIN7_90_5.txt,OUTPUT_SKIN7_90_5.txt,12,-609652.5,-305554.5,-305554.5,-305554.5,-305554.5,-305554.5
2343,INPUT_SKIN7_90_5.txt,OUTPUT_SKIN8_90_5.txt,12,0.084371013,0.072200352,0.072200406,0.072200945,0.072200309,0.072200076
2344,INPUT_SKIN7_90_5.txt,OUTPUT_SKIN9_90_5.txt,12,0.166519981,0.157778733,0.157755751,0.15773165,0.15775463,0.15774286
2345,INPUT_SKIN8_90_5.txt,OUTPUT_BM1_90_5.txt,12,1.098545812,1.133541209,1.133035984,1.13319328,1.132944761,1.132593704
2346,INPUT_SKIN8_90_5.txt,OUTPUT_BM2_90_5.txt,12,1.252961793,1.192431061,1.192843974,1.192778118,1.193170992,1.192724594
2347,INPUT_SKIN8_90_5.txt,OUTPUT_GUT_90_5.txt,12,NA,NA,NA,NA,NA,NA
2348,INPUT_SKIN8_90_5.txt,OUTPUT_L_90_5.txt,12,1.601809122,1.643999535,1.64528637,1.644636219,1.645202688,1.645393859
2349,INPUT_SKIN8_90_5.txt,OUTPUT_LN1_90_5.txt,12,0.024131617,0.021665971,0.021665618,0.021665253,0.021666,0.021665901
2350,INPUT_SKIN8_90_5.txt,OUTPUT_LN2_90_5.txt,12,0.346239726,0.37573634,0.375598949,0.375674608,0.375565929,0.37578529
2351,INPUT_SKIN8_90_5.txt,OUTPUT_LUNG_90_5.txt,12,0.315685431,0.330968953,0.330858927,0.33090203,0.330881443,0.330880489
2352,INPUT_SKIN8_90_5.txt,OUTPUT_S_90_5.txt,12,NA,NA,NA,NA,NA,NA
2353,INPUT_SKIN8_90_5.txt,OUTPUT_SKIN1_90_5.txt,12,1.208150511,1.113715948,1.114080775,1.114154974,1.113637405,1.114113318
2354,INPUT_SKIN8_90_5.txt,OUTPUT_SKIN10_90_5.txt,12,0.483288596,0.416205458,0.4158451,0.415846112,0.416211761,0.416202139
2355,INPUT_SKIN8_90_5.txt,OUTPUT_SKIN11_90_5.txt,12,0.310602685,0.304697629,0.304682499,0.304691484,0.304700687,0.304703288
2356,INPUT_SKIN8_90_5.txt,OUTPUT_SKIN12_90_5.txt,12,0.102013366,0.10587979,0.10587378,0.105905839,0.105912271,0.10586628
2357,INPUT_SKIN8_90_5.txt,OUTPUT_SKIN2_90_5.txt,12,0.349491099,0.427510567,0.427472377,0.427362838,0.42767803,0.427537363
2358,INPUT_SKIN8_90_5.txt,OUTPUT_SKIN3_90_5.txt,12,0.155817536,0.239020649,0.239014406,0.239009584,0.239025537,0.239027835
2359,INPUT_SKIN8_90_5.txt,OUTPUT_SKIN4_90_5.txt,12,0.096916364,0.089504752,0.089504752,0.089503244,0.089505054,0.089506109
2360,INPUT_SKIN8_90_5.txt,OUTPUT_SKIN5_90_5.txt,12,0.54596699,0.573335139,0.573316422,0.573308146,0.573356707,0.573335436
2361,INPUT_SKIN8_90_5.txt,OUTPUT_SKIN6_90_5.txt,12,1.771597746,1.65843761,1.658200991,1.657198248,1.657638591,1.658475349
2362,INPUT_SKIN8_90_5.txt,OUTPUT_SKIN7_90_5.txt,12,0.194504551,0.182082575,0.182082594,0.182079519,0.182083208,0.18208534
2363,INPUT_SKIN8_90_5.txt,OUTPUT_SKIN8_90_5.txt,12,-593894,-297234.5,-297234.5,-297239.5,-297233.5,-297230
2364,INPUT_SKIN8_90_5.txt,OUTPUT_SKIN9_90_5.txt,12,0.264638091,0.323137371,0.323231909,0.323325521,0.323237612,0.323289854
2365,INPUT_SKIN9_90_5.txt,OUTPUT_BM1_90_5.txt,12,2.84368198,2.442477597,2.441603054,2.442162289,2.4414116,2.440725208
2366,INPUT_SKIN9_90_5.txt,OUTPUT_BM2_90_5.txt,12,2.908055387,2.520604343,2.521657656,2.52175772,2.522336972,2.521465272
2367,INPUT_SKIN9_90_5.txt,OUTPUT_GUT_90_5.txt,12,NA,NA,NA,NA,NA,NA
2368,INPUT_SKIN9_90_5.txt,OUTPUT_L_90_5.txt,12,3.122098608,3.593522923,3.596506129,3.595478274,3.596331809,3.596803569
2369,INPUT_SKIN9_90_5.txt,OUTPUT_LN1_90_5.txt,12,0.032476259,0.02963284,0.02963417,0.029636432,0.029634998,0.029635276
2370,INPUT_SKIN9_90_5.txt,OUTPUT_LN2_90_5.txt,12,0.45586037,0.402808941,0.402689137,0.402809183,0.402653271,0.402901894
2371,INPUT_SKIN9_90_5.txt,OUTPUT_LUNG_90_5.txt,12,0.655661185,0.7699425,0.76983476,0.770057092,0.769943652,0.769916799
2372,INPUT_SKIN9_90_5.txt,OUTPUT_S_90_5.txt,12,NA,NA,NA,NA,NA,NA
2373,INPUT_SKIN9_90_5.txt,OUTPUT_SKIN1_90_5.txt,12,3.01889971,2.734738696,2.735820559,2.73625886,2.734763847,2.735966032
2374,INPUT_SKIN9_90_5.txt,OUTPUT_SKIN10_90_5.txt,12,1.06974825,0.865893897,0.865260876,0.865343187,0.865970032,0.865974666
2375,INPUT_SKIN9_90_5.txt,OUTPUT_SKIN11_90_5.txt,12,0.500027083,0.457700539,0.457711447,0.457763185,0.457734128,0.457749821
2376,INPUT_SKIN9_90_5.txt,OUTPUT_SKIN12_90_5.txt,12,0.153457475,0.175193353,0.175211247,0.175300885,0.175283285,0.175221773
2377,INPUT_SKIN9_90_5.txt,OUTPUT_SKIN2_90_5.txt,12,0.805182677,0.708053977,0.708039505,0.707928052,0.708364988,0.708154826
2378,INPUT_SKIN9_90_5.txt,OUTPUT_SKIN3_90_5.txt,12,0.459596113,0.439594288,0.439613818,0.439650397,0.439638338,0.439656515
2379,INPUT_SKIN9_90_5.txt,OUTPUT_SKIN4_90_5.txt,12,0.153879175,0.140302545,0.140312698,0.140323348,0.140313193,0.140318394
2380,INPUT_SKIN9_90_5.txt,OUTPUT_SKIN5_90_5.txt,12,1.02717735,0.961692112,0.961771539,0.961847208,0.961792972,0.961828065
2381,INPUT_SKIN9_90_5.txt,OUTPUT_SKIN6_90_5.txt,12,2.290914676,2.170317667,2.170157602,2.168962102,2.169370185,2.170585506
2382,INPUT_SKIN9_90_5.txt,OUTPUT_SKIN7_90_5.txt,12,0.192711888,0.142307712,0.142318086,0.142328967,0.142318592,0.142323906
2383,INPUT_SKIN9_90_5.txt,OUTPUT_SKIN8_90_5.txt,12,0.344830001,0.270710849,0.270734031,0.270767256,0.270733187,0.270743783
2384,INPUT_SKIN9_90_5.txt,OUTPUT_SKIN9_90_5.txt,12,-561441,-281253,-281232.5,-281211,-281231.5,-281221
2385,INPUT_BM1_90_5.txt,OUTPUT_BM1_90_5.txt,13,NA,NA,NA,NA,NA,NA
2386,INPUT_BM1_90_5.txt,OUTPUT_BM2_90_5.txt,13,NA,NA,NA,NA,NA,NA
2387,INPUT_BM1_90_5.txt,OUTPUT_GUT_90_5.txt,13,NA,NA,NA,NA,NA,NA
2388,INPUT_BM1_90_5.txt,OUTPUT_L_90_5.txt,13,NA,NA,NA,NA,NA,NA
2389,INPUT_BM1_90_5.txt,OUTPUT_LN1_90_5.txt,13,NA,NA,NA,NA,NA,NA
2390,INPUT_BM1_90_5.txt,OUTPUT_LN2_90_5.txt,13,NA,NA,NA,NA,NA,NA
2391,INPUT_BM1_90_5.txt,OUTPUT_LUNG_90_5.txt,13,NA,NA,NA,NA,NA,NA
2392,INPUT_BM1_90_5.txt,OUTPUT_S_90_5.txt,13,NA,NA,NA,NA,NA,NA
2393,INPUT_BM1_90_5.txt,OUTPUT_SKIN1_90_5.txt,13,NA,NA,NA,NA,NA,NA
2394,INPUT_BM1_90_5.txt,OUTPUT_SKIN10_90_5.txt,13,NA,NA,NA,NA,NA,NA
2395,INPUT_BM1_90_5.txt,OUTPUT_SKIN11_90_5.txt,13,NA,NA,NA,NA,NA,NA
2396,INPUT_BM1_90_5.txt,OUTPUT_SKIN12_90_5.txt,13,NA,NA,NA,NA,NA,NA
2397,INPUT_BM1_90_5.txt,OUTPUT_SKIN2_90_5.txt,13,NA,NA,NA,NA,NA,NA
2398,INPUT_BM1_90_5.txt,OUTPUT_SKIN3_90_5.txt,13,NA,NA,NA,NA,NA,NA
2399,INPUT_BM1_90_5.txt,OUTPUT_SKIN4_90_5.txt,13,NA,NA,NA,NA,NA,NA
2400,INPUT_BM1_90_5.txt,OUTPUT_SKIN5_90_5.txt,13,NA,NA,NA,NA,NA,NA
2401,INPUT_BM1_90_5.txt,OUTPUT_SKIN6_90_5.txt,13,NA,NA,NA,NA,NA,NA
2402,INPUT_BM1_90_5.txt,OUTPUT_SKIN7_90_5.txt,13,NA,NA,NA,NA,NA,NA
2403,INPUT_BM1_90_5.txt,OUTPUT_SKIN8_90_5.txt,13,NA,NA,NA,NA,NA,NA
2404,INPUT_BM1_90_5.txt,OUTPUT_SKIN9_90_5.txt,13,NA,NA,NA,NA,NA,NA
2405,INPUT_BM2_90_5.txt,OUTPUT_BM1_90_5.txt,13,NA,NA,NA,NA,NA,NA
2406,INPUT_BM2_90_5.txt,OUTPUT_BM2_90_5.txt,13,-1166624,-584347.5,-584229,-584409,-584227,-584291.5
2407,INPUT_BM2_90_5.txt,OUTPUT_GUT_90_5.txt,13,0.566966571,0.542755659,0.542867146,0.542697415,0.542868625,0.542808339
2408,INPUT_BM2_90_5.txt,OUTPUT_L_90_5.txt,13,1.184274191,1.644056396,1.644224368,1.643689751,1.644135937,1.643984167
2409,INPUT_BM2_90_5.txt,OUTPUT_LN1_90_5.txt,13,0.008542948,0.006994724,0.006996143,0.006993988,0.006996167,0.006995394
2410,INPUT_BM2_90_5.txt,OUTPUT_LN2_90_5.txt,13,0.024344972,0.021194738,0.021197244,0.021190909,0.021198042,0.021195899
2411,INPUT_BM2_90_5.txt,OUTPUT_LUNG_90_5.txt,13,0.088584612,0.086615184,0.086621492,0.086641383,0.086626959,0.086620139
2412,INPUT_BM2_90_5.txt,OUTPUT_S_90_5.txt,13,0.907426773,0.561711886,0.561825618,0.561652888,0.561827548,0.561765627
2413,INPUT_BM2_90_5.txt,OUTPUT_SKIN1_90_5.txt,13,0.021002246,0.017594992,0.017601389,0.01759372,0.017602254,0.017598586
2414,INPUT_BM2_90_5.txt,OUTPUT_SKIN10_90_5.txt,13,0.011996937,0.016540229,0.016543586,0.016538487,0.01654366,0.016542019
2415,INPUT_BM2_90_5.txt,OUTPUT_SKIN11_90_5.txt,13,0.005008813,0.00920899,0.009210455,0.009207919,0.009210419,0.009209805
2416,INPUT_BM2_90_5.txt,OUTPUT_SKIN12_90_5.txt,13,0.039331399,0.039969294,0.039975444,0.039960701,0.039974703,0.039965044
2417,INPUT_BM2_90_5.txt,OUTPUT_SKIN2_90_5.txt,13,0.07643678,0.072744097,0.072776986,0.072759852,0.072776505,0.072778782
2418,INPUT_BM2_90_5.txt,OUTPUT_SKIN3_90_5.txt,13,0.028590915,0.021609578,0.021613964,0.0216073,0.02161415,0.021611763
2419,INPUT_BM2_90_5.txt,OUTPUT_SKIN4_90_5.txt,13,0.073784208,0.061916235,0.06190923,0.061888076,0.061929877,0.061929255
2420,INPUT_BM2_90_5.txt,OUTPUT_SKIN5_90_5.txt,13,0.011932155,0.013310303,0.013313004,0.0133089,0.013313048,0.013311579
2421,INPUT_BM2_90_5.txt,OUTPUT_SKIN6_90_5.txt,13,0.061039525,0.064839122,0.064760213,0.064743393,0.064818776,0.064756687
2422,INPUT_BM2_90_5.txt,OUTPUT_SKIN7_90_5.txt,13,0.051660394,0.056654474,0.056666973,0.056647642,0.056665996,0.056662973
2423,INPUT_BM2_90_5.txt,OUTPUT_SKIN8_90_5.txt,13,0.029212988,0.023042474,0.023047151,0.023040046,0.023047229,0.023044684
2424,INPUT_BM2_90_5.txt,OUTPUT_SKIN9_90_5.txt,13,0.056796862,0.096433049,0.09646643,0.096388072,0.096448524,0.096436794
2425,INPUT_GUT_90_5.txt,OUTPUT_BM1_90_5.txt,13,NA,NA,NA,NA,NA,NA
2426,INPUT_GUT_90_5.txt,OUTPUT_BM2_90_5.txt,13,0.248134995,0.200475862,0.200395181,0.20051773,0.200393809,0.200437732
2427,INPUT_GUT_90_5.txt,OUTPUT_GUT_90_5.txt,13,-258966,-129816.5,-129816.5,-129816.5,-129816.5,-129816.5
2428,INPUT_GUT_90_5.txt,OUTPUT_L_90_5.txt,13,0.476125377,0.313311439,0.313280406,0.313274865,0.313262674,0.313268215
2429,INPUT_GUT_90_5.txt,OUTPUT_LN1_90_5.txt,13,0.007987887,0.014790926,0.014790926,0.014790926,0.014790926,0.014790926
2430,INPUT_GUT_90_5.txt,OUTPUT_LN2_90_5.txt,13,0.029764744,0.029045929,0.029042351,0.029043486,0.029043462,0.029044596
2431,INPUT_GUT_90_5.txt,OUTPUT_LUNG_90_5.txt,13,0.502514197,0.266428692,0.266397391,0.26653855,0.266409753,0.266418275
2432,INPUT_GUT_90_5.txt,OUTPUT_S_90_5.txt,13,1.170393632,1.477216035,1.477216035,1.477216035,1.477216035,1.477216035
2433,INPUT_GUT_90_5.txt,OUTPUT_SKIN1_90_5.txt,13,0.039533562,0.041899172,0.041906576,0.041899443,0.041907804,0.041904222
2434,INPUT_GUT_90_5.txt,OUTPUT_SKIN10_90_5.txt,13,0.012226992,0.006564687,0.006564687,0.006564687,0.006564605,0.006564774
2435,INPUT_GUT_90_5.txt,OUTPUT_SKIN11_90_5.txt,13,0.011476043,0.013698985,0.013698343,0.013698824,0.013698236,0.013698878
2436,INPUT_GUT_90_5.txt,OUTPUT_SKIN12_90_5.txt,13,0.096050698,0.086471572,0.086466967,0.086461042,0.08646467,0.086452605
2437,INPUT_GUT_90_5.txt,OUTPUT_SKIN2_90_5.txt,13,0.065493993,0.076594238,0.076613521,0.076616524,0.07661323,0.076604847
2438,INPUT_GUT_90_5.txt,OUTPUT_SKIN3_90_5.txt,13,0.059174272,0.062206422,0.062206422,0.062206422,0.06221122,0.06221122
2439,INPUT_GUT_90_5.txt,OUTPUT_SKIN4_90_5.txt,13,0.057819339,0.06977123,0.069746064,0.069743476,0.069772343,0.069780296
2440,INPUT_GUT_90_5.txt,OUTPUT_SKIN5_90_5.txt,13,0.010845313,0.019280158,0.019280158,0.019280158,0.019280158,0.019280158
2441,INPUT_GUT_90_5.txt,OUTPUT_SKIN6_90_5.txt,13,0.066968013,0.12374105,0.123548854,0.123553888,0.123686867,0.12356159
2442,INPUT_GUT_90_5.txt,OUTPUT_SKIN7_90_5.txt,13,0.064607167,0.081843181,0.081841873,0.081844238,0.08184346,0.0818434
2443,INPUT_GUT_90_5.txt,OUTPUT_SKIN8_90_5.txt,13,0.036336999,0.058954669,0.058954669,0.058954669,0.058954669,0.058954669
2444,INPUT_GUT_90_5.txt,OUTPUT_SKIN9_90_5.txt,13,147.6355175,114.5857805,114.5760728,114.6103649,114.5892706,114.589676
2445,INPUT_L_90_5.txt,OUTPUT_BM1_90_5.txt,13,NA,NA,NA,NA,NA,NA
2446,INPUT_L_90_5.txt,OUTPUT_BM2_90_5.txt,13,0.47539913,0.459692378,0.459528965,0.459817704,0.459540348,0.459636366
2447,INPUT_L_90_5.txt,OUTPUT_GUT_90_5.txt,13,0.107244842,0.092107897,0.092112527,0.092113354,0.092115174,0.092114347
2448,INPUT_L_90_5.txt,OUTPUT_L_90_5.txt,13,-557496.5,-279203.5,-279189.5,-279187,-279181.5,-279184
2449,INPUT_L_90_5.txt,OUTPUT_LN1_90_5.txt,13,0.009316032,0.009987461,0.009987962,0.009988051,0.009988248,0.009988159
2450,INPUT_L_90_5.txt,OUTPUT_LN2_90_5.txt,13,0.040158755,0.0485132,0.048510983,0.048512293,0.048514093,0.048514533
2451,INPUT_L_90_5.txt,OUTPUT_LUNG_90_5.txt,13,0.10807178,0.141304541,0.141293593,0.141370565,0.141305748,0.141308955
2452,INPUT_L_90_5.txt,OUTPUT_S_90_5.txt,13,1.71375491,1.692877003,1.692961571,1.692976673,1.693009899,1.692994796
2453,INPUT_L_90_5.txt,OUTPUT_SKIN1_90_5.txt,13,0.028083808,0.03914343,0.039151662,0.039147022,0.039154546,0.039150405
2454,INPUT_L_90_5.txt,OUTPUT_SKIN10_90_5.txt,13,0.012895869,0.032440383,0.032441954,0.032442245,0.032443249,0.032442882
2455,INPUT_L_90_5.txt,OUTPUT_SKIN11_90_5.txt,13,0.012460657,0.016656093,0.01665638,0.016656941,0.016656767,0.016657166
2456,INPUT_L_90_5.txt,OUTPUT_SKIN12_90_5.txt,13,0.095396503,0.085385036,0.085382424,0.085380478,0.085383628,0.085372407
2457,INPUT_L_90_5.txt,OUTPUT_SKIN2_90_5.txt,13,0.081184415,0.072073088,0.072074899,0.072079287,0.072076895,0.072075771
2458,INPUT_L_90_5.txt,OUTPUT_SKIN3_90_5.txt,13,0.032994326,0.024940813,0.024942065,0.024942289,0.024942733,0.02494251
2459,INPUT_L_90_5.txt,OUTPUT_SKIN4_90_5.txt,13,0.059882236,0.050243494,0.050253522,0.050254225,0.050246407,0.050244777
2460,INPUT_L_90_5.txt,OUTPUT_SKIN5_90_5.txt,13,0.010767966,0.011620354,0.011620937,0.011621042,0.011621271,0.011621166
2461,INPUT_L_90_5.txt,OUTPUT_SKIN6_90_5.txt,13,0.068504933,0.058541685,0.058536205,0.058585919,0.058593479,0.058525222
2462,INPUT_L_90_5.txt,OUTPUT_SKIN7_90_5.txt,13,0.082332344,0.06903121,0.069034718,0.069034961,0.069036635,0.069037809
2463,INPUT_L_90_5.txt,OUTPUT_SKIN8_90_5.txt,13,0.048481309,0.043738031,0.043740228,0.043740621,0.043741484,0.043741092
2464,INPUT_L_90_5.txt,OUTPUT_SKIN9_90_5.txt,13,0.07408472,0.089591964,0.089609613,0.0895653,0.089599781,0.089593169
2465,INPUT_LN1_90_5.txt,OUTPUT_BM1_90_5.txt,13,NA,NA,NA,NA,NA,NA
2466,INPUT_LN1_90_5.txt,OUTPUT_BM2_90_5.txt,13,1.236502975,0.788427074,0.788129285,0.788583971,0.78812659,0.788286342
2467,INPUT_LN1_90_5.txt,OUTPUT_GUT_90_5.txt,13,0.850621876,0.735333121,0.735333121,0.735333121,0.735333121,0.735333121
2468,INPUT_LN1_90_5.txt,OUTPUT_L_90_5.txt,13,0.946626167,0.785140975,0.785067731,0.785054652,0.785025878,0.785038957
2469,INPUT_LN1_90_5.txt,OUTPUT_LN1_90_5.txt,13,-518212.5,-259324,-259324,-259324,-259324,-259324
2470,INPUT_LN1_90_5.txt,OUTPUT_LN2_90_5.txt,13,0.034358928,0.05460881,0.054604887,0.054604566,0.054606816,0.054606495
2471,INPUT_LN1_90_5.txt,OUTPUT_LUNG_90_5.txt,13,0.397488402,0.589819401,0.589744611,0.590053555,0.589779034,0.589797199
2472,INPUT_LN1_90_5.txt,OUTPUT_S_90_5.txt,13,4.021553774,3.280133245,3.280133245,3.280133245,3.280133245,3.280133245
2473,INPUT_LN1_90_5.txt,OUTPUT_SKIN1_90_5.txt,13,0.065999146,0.069737533,0.069735434,0.069735625,0.069733986,0.069736104
2474,INPUT_LN1_90_5.txt,OUTPUT_SKIN10_90_5.txt,13,0.017736315,0.018990153,0.01899014,0.01899014,0.018990148,0.01899035
2475,INPUT_LN1_90_5.txt,OUTPUT_SKIN11_90_5.txt,13,0.025759295,0.023378508,0.023377483,0.023378252,0.023377312,0.023378337
2476,INPUT_LN1_90_5.txt,OUTPUT_SKIN12_90_5.txt,13,0.146662146,0.13747512,0.137463604,0.137462695,0.137461471,0.137445341
2477,INPUT_LN1_90_5.txt,OUTPUT_SKIN2_90_5.txt,13,0.119905696,0.096105922,0.096117801,0.096113685,0.096113899,0.096119726
2478,INPUT_LN1_90_5.txt,OUTPUT_SKIN3_90_5.txt,13,0.048125102,0.032885179,0.032885179,0.032885179,0.032885342,0.032885342
2479,INPUT_LN1_90_5.txt,OUTPUT_SKIN4_90_5.txt,13,0.138216337,0.105894376,0.105859574,0.105857031,0.105897363,0.105905969
2480,INPUT_LN1_90_5.txt,OUTPUT_SKIN5_90_5.txt,13,0.028540127,0.017439724,0.017439724,0.017439724,0.017439724,0.017439724
2481,INPUT_LN1_90_5.txt,OUTPUT_SKIN6_90_5.txt,13,0.132336911,0.109281231,0.109251342,0.109165704,0.1091804,0.109295452
2482,INPUT_LN1_90_5.txt,OUTPUT_SKIN7_90_5.txt,13,0.126126191,0.113097093,0.113094113,0.113096942,0.113097465,0.113095825
2483,INPUT_LN1_90_5.txt,OUTPUT_SKIN8_90_5.txt,13,0.130341191,0.122020128,0.122020128,0.122020128,0.122020128,0.122020128
2484,INPUT_LN1_90_5.txt,OUTPUT_SKIN9_90_5.txt,13,0.174650171,0.447932118,0.448004028,0.447771164,0.447992989,0.447906618
2485,INPUT_LN2_90_5.txt,OUTPUT_BM1_90_5.txt,13,NA,NA,NA,NA,NA,NA
2486,INPUT_LN2_90_5.txt,OUTPUT_BM2_90_5.txt,13,11.07420954,9.125239263,9.122681583,9.126632443,9.122598522,9.124035136
2487,INPUT_LN2_90_5.txt,OUTPUT_GUT_90_5.txt,13,0.890351995,0.632367155,0.632389708,0.632390782,0.632378968,0.632380042
2488,INPUT_LN2_90_5.txt,OUTPUT_L_90_5.txt,13,2.525266367,2.134034781,2.133896988,2.133864376,2.133754218,2.133792646
2489,INPUT_LN2_90_5.txt,OUTPUT_LN1_90_5.txt,13,0.031788991,0.022082811,0.022083606,0.022083643,0.022083227,0.022083265
2490,INPUT_LN2_90_5.txt,OUTPUT_LN2_90_5.txt,13,-582620,-292091,-292080.5,-292080,-292085.5,-292085
2491,INPUT_LN2_90_5.txt,OUTPUT_LUNG_90_5.txt,13,0.430486398,0.420212028,0.420172609,0.420396937,0.420190489,0.420204338
2492,INPUT_LN2_90_5.txt,OUTPUT_S_90_5.txt,13,2.00665237,9.743247177,9.743245358,9.743243982,9.743246815,9.74324544
2493,INPUT_LN2_90_5.txt,OUTPUT_SKIN1_90_5.txt,13,0.068890786,0.055957817,0.055968693,0.055963211,0.055971211,0.055964916
2494,INPUT_LN2_90_5.txt,OUTPUT_SKIN10_90_5.txt,13,0.02002551,0.019852578,0.019853292,0.019853326,0.019853019,0.019853233
2495,INPUT_LN2_90_5.txt,OUTPUT_SKIN11_90_5.txt,13,0.044133951,0.039193368,0.039192945,0.039194388,0.039191968,0.039193869
2496,INPUT_LN2_90_5.txt,OUTPUT_SKIN12_90_5.txt,13,0.112352604,0.37121956,0.371214148,0.37119176,0.371199477,0.371150015
2497,INPUT_LN2_90_5.txt,OUTPUT_SKIN2_90_5.txt,13,0.152076341,0.128790992,0.128828144,0.128809944,0.128825468,0.128815237
2498,INPUT_LN2_90_5.txt,OUTPUT_SKIN3_90_5.txt,13,0.041650615,0.034599563,0.034600807,0.034600867,0.034600419,0.034600478
2499,INPUT_LN2_90_5.txt,OUTPUT_SKIN4_90_5.txt,13,0.190594412,0.14426689,0.144224731,0.144220088,0.144271685,0.144286949
2500,INPUT_LN2_90_5.txt,OUTPUT_SKIN5_90_5.txt,13,0.023719064,0.016665219,0.016665818,0.016665846,0.016665533,0.016665561
2501,INPUT_LN2_90_5.txt,OUTPUT_SKIN6_90_5.txt,13,0.100350911,0.079036804,0.078922335,0.078925841,0.078995943,0.078921206
2502,INPUT_LN2_90_5.txt,OUTPUT_SKIN7_90_5.txt,13,0.132674407,0.112218206,0.112225593,0.112220526,0.112219689,0.112228817
2503,INPUT_LN2_90_5.txt,OUTPUT_SKIN8_90_5.txt,13,0.111654384,0.073892098,0.073894758,0.073894885,0.073893491,0.073893618
2504,INPUT_LN2_90_5.txt,OUTPUT_SKIN9_90_5.txt,13,0.102788953,0.17187835,0.17190912,0.171822618,0.171873581,0.171872012
2505,INPUT_LUNG_90_5.txt,OUTPUT_BM1_90_5.txt,13,NA,NA,NA,NA,NA,NA
2506,INPUT_LUNG_90_5.txt,OUTPUT_BM2_90_5.txt,13,1.22225242,1.038262241,1.037909527,1.038270023,1.03787192,1.038083963
2507,INPUT_LUNG_90_5.txt,OUTPUT_GUT_90_5.txt,13,0.438256373,0.379639398,0.379664249,0.379561473,0.379652837,0.37964679
2508,INPUT_LUNG_90_5.txt,OUTPUT_L_90_5.txt,13,1.354844736,1.066645281,1.066607529,1.066304704,1.066515098,1.066517413
2509,INPUT_LUNG_90_5.txt,OUTPUT_LN1_90_5.txt,13,0.028747899,0.015924892,0.015925928,0.015921645,0.015925452,0.0159252
2510,INPUT_LUNG_90_5.txt,OUTPUT_LN2_90_5.txt,13,0.064416183,0.04878645,0.048785542,0.048772819,0.048785755,0.048785388
2511,INPUT_LUNG_90_5.txt,OUTPUT_LUNG_90_5.txt,13,-568477,-284508,-284489.5,-284566,-284498,-284502.5
2512,INPUT_LUNG_90_5.txt,OUTPUT_S_90_5.txt,13,1.610303074,1.665608937,1.665715254,1.665276033,1.665666347,1.665640512
2513,INPUT_LUNG_90_5.txt,OUTPUT_SKIN1_90_5.txt,13,0.073123498,0.047640793,0.047651439,0.047631582,0.047651486,0.047646831
2514,INPUT_LUNG_90_5.txt,OUTPUT_SKIN10_90_5.txt,13,0.013288841,0.023136878,0.023138384,0.023132159,0.023137697,0.023137614
2515,INPUT_LUNG_90_5.txt,OUTPUT_SKIN11_90_5.txt,13,0.027766651,0.02492635,0.02492691,0.024920999,0.024925988,0.024926655
2516,INPUT_LUNG_90_5.txt,OUTPUT_SKIN12_90_5.txt,13,0.099899676,0.166807661,0.16681019,0.166754407,0.166800959,0.166776556
2517,INPUT_LUNG_90_5.txt,OUTPUT_SKIN2_90_5.txt,13,0.247672042,0.204438584,0.2044938,0.204457009,0.20448007,0.204492865
2518,INPUT_LUNG_90_5.txt,OUTPUT_SKIN3_90_5.txt,13,0.050039125,0.053927632,0.053931143,0.053916621,0.05393011,0.053929256
2519,INPUT_LUNG_90_5.txt,OUTPUT_SKIN4_90_5.txt,13,0.114816494,0.10571977,0.105696414,0.105664676,0.105724691,0.105732816
2520,INPUT_LUNG_90_5.txt,OUTPUT_SKIN5_90_5.txt,13,0.016761993,0.009314502,0.009315108,0.009312603,0.00931483,0.009314683
2521,INPUT_LUNG_90_5.txt,OUTPUT_SKIN6_90_5.txt,13,0.197305558,0.177377912,0.177156118,0.17712073,0.177331227,0.177140005
2522,INPUT_LUNG_90_5.txt,OUTPUT_SKIN7_90_5.txt,13,0.188090583,0.174351405,0.174359152,0.174317521,0.174358122,0.174355043
2523,INPUT_LUNG_90_5.txt,OUTPUT_SKIN8_90_5.txt,13,0.094277909,0.063912596,0.063916757,0.063899545,0.063914847,0.063913834
2524,INPUT_LUNG_90_5.txt,OUTPUT_SKIN9_90_5.txt,13,0.698787583,0.968099361,0.968305873,0.967539445,0.968088098,0.968061143
2525,INPUT_S_90_5.txt,OUTPUT_BM1_90_5.txt,13,NA,NA,NA,NA,NA,NA
2526,INPUT_S_90_5.txt,OUTPUT_BM2_90_5.txt,13,134.4154673,98.4334084,98.38707826,98.45801325,98.38685299,98.41151287
2527,INPUT_S_90_5.txt,OUTPUT_GUT_90_5.txt,13,2.951553587,2.54632974,2.54632974,2.54632974,2.54632974,2.54632974
2528,INPUT_S_90_5.txt,OUTPUT_L_90_5.txt,13,30.44851882,23.96033603,23.95787429,23.95743471,23.95646764,23.95690721
2529,INPUT_S_90_5.txt,OUTPUT_LN1_90_5.txt,13,0.077365894,0.104334728,0.104334728,0.104334728,0.104334728,0.104334728
2530,INPUT_S_90_5.txt,OUTPUT_LN2_90_5.txt,13,0.653215215,0.433069543,0.433019886,0.433035514,0.433035353,0.433050981
2531,INPUT_S_90_5.txt,OUTPUT_LUNG_90_5.txt,13,6.082932984,4.635171806,4.634543351,4.637148276,4.634831079,4.634984405
2532,INPUT_S_90_5.txt,OUTPUT_S_90_5.txt,13,-78502.5,-39316.5,-39316.5,-39316.5,-39316.5,-39316.5
2533,INPUT_S_90_5.txt,OUTPUT_SKIN1_90_5.txt,13,0.270718074,0.326708976,0.32674072,0.32671065,0.326746756,0.326730449
2534,INPUT_S_90_5.txt,OUTPUT_SKIN10_90_5.txt,13,0.078612271,0.21988978,0.219889705,0.219889705,0.219891764,0.21989248
2535,INPUT_S_90_5.txt,OUTPUT_SKIN11_90_5.txt,13,0.106923369,0.128220242,0.128214844,0.128218893,0.128213944,0.128219343
2536,INPUT_S_90_5.txt,OUTPUT_SKIN12_90_5.txt,13,0.631646195,1.244885842,1.244804927,1.244749826,1.244768553,1.244612499
2537,INPUT_S_90_5.txt,OUTPUT_SKIN2_90_5.txt,13,0.877173639,0.560503152,0.560562499,0.560562966,0.560544352,0.560562062
2538,INPUT_S_90_5.txt,OUTPUT_SKIN3_90_5.txt,13,0.159551983,0.371154034,0.371154034,0.371154034,0.371155007,0.371155007
2539,INPUT_S_90_5.txt,OUTPUT_SKIN4_90_5.txt,13,0.673269628,0.386757389,0.386671905,0.386663171,0.386761252,0.386788118
2540,INPUT_S_90_5.txt,OUTPUT_SKIN5_90_5.txt,13,0.154130146,0.109838853,0.109838853,0.109838853,0.109838853,0.109838853
2541,INPUT_S_90_5.txt,OUTPUT_SKIN6_90_5.txt,13,0.587647218,0.489246307,0.488779215,0.488701089,0.489049784,0.488749971
2542,INPUT_S_90_5.txt,OUTPUT_SKIN7_90_5.txt,13,0.67415323,0.544026912,0.544017745,0.544026946,0.544028037,0.544049163
2543,INPUT_S_90_5.txt,OUTPUT_SKIN8_90_5.txt,13,0.290264599,0.358670458,0.358670458,0.358670458,0.358670458,0.358670458
2544,INPUT_S_90_5.txt,OUTPUT_SKIN9_90_5.txt,13,0.928384522,0.923251927,0.923384987,0.92291847,0.923218808,0.923199098
2545,INPUT_SKIN1_90_5.txt,OUTPUT_BM1_90_5.txt,13,NA,NA,NA,NA,NA,NA
2546,INPUT_SKIN1_90_5.txt,OUTPUT_BM2_90_5.txt,13,1.713211524,1.680842877,1.680477953,1.680948986,1.680444157,1.680642428
2547,INPUT_SKIN1_90_5.txt,OUTPUT_GUT_90_5.txt,13,0.861422894,0.762776468,0.76271491,0.7627722,0.76270287,0.76273472
2548,INPUT_SKIN1_90_5.txt,OUTPUT_L_90_5.txt,13,0.873151095,0.777402632,0.777286659,0.777335113,0.777243835,0.777285642
2549,INPUT_SKIN1_90_5.txt,OUTPUT_LN1_90_5.txt,13,0.020388037,0.018123291,0.018121844,0.018123191,0.018121561,0.01812231
2550,INPUT_SKIN1_90_5.txt,OUTPUT_LN2_90_5.txt,13,0.028692612,0.042736407,0.042729077,0.042732978,0.042729863,0.042732351
2551,INPUT_SKIN1_90_5.txt,OUTPUT_LUNG_90_5.txt,13,0.259781526,0.143929283,0.14389997,0.143984251,0.143905918,0.143916194
2552,INPUT_SKIN1_90_5.txt,OUTPUT_S_90_5.txt,13,0.848782061,0.767290389,0.767228757,0.767286122,0.767216713,0.767248589
2553,INPUT_SKIN1_90_5.txt,OUTPUT_SKIN1_90_5.txt,13,-1086255.5,-545004,-545047.5,-545007,-545056,-545033.5
2554,INPUT_SKIN1_90_5.txt,OUTPUT_SKIN10_90_5.txt,13,0.022035554,0.029128578,0.029126253,0.029128418,0.0291259,0.029127333
2555,INPUT_SKIN1_90_5.txt,OUTPUT_SKIN11_90_5.txt,13,0.056820512,0.062022973,0.062015377,0.062021971,0.062013969,0.062019173
2556,INPUT_SKIN1_90_5.txt,OUTPUT_SKIN12_90_5.txt,13,0.213352006,0.251884649,0.251852826,0.251856482,0.251843448,0.251822245
2557,INPUT_SKIN1_90_5.txt,OUTPUT_SKIN2_90_5.txt,13,0.522517725,0.510405418,0.510493292,0.51049394,0.510465792,0.510436366
2558,INPUT_SKIN1_90_5.txt,OUTPUT_SKIN3_90_5.txt,13,0.084613963,0.068782663,0.068777168,0.068782285,0.068776649,0.06877949
2559,INPUT_SKIN1_90_5.txt,OUTPUT_SKIN4_90_5.txt,13,0.308006455,0.284713697,0.284596013,0.284607438,0.28469068,0.284732466
2560,INPUT_SKIN1_90_5.txt,OUTPUT_SKIN5_90_5.txt,13,0.137892121,0.148263041,0.148251174,0.148262217,0.148248852,0.148254993
2561,INPUT_SKIN1_90_5.txt,OUTPUT_SKIN6_90_5.txt,13,0.653935712,0.438465203,0.437803609,0.437828633,0.438224601,0.437843012
2562,INPUT_SKIN1_90_5.txt,OUTPUT_SKIN7_90_5.txt,13,0.352565407,0.320030451,0.320000651,0.320036084,0.320000926,0.3200283
2563,INPUT_SKIN1_90_5.txt,OUTPUT_SKIN8_90_5.txt,13,0.085886777,0.077746971,0.077740765,0.077746546,0.077739555,0.077742762
2564,INPUT_SKIN1_90_5.txt,OUTPUT_SKIN9_90_5.txt,13,0.260185478,0.29432219,0.294336693,0.294224229,0.294280878,0.294290942
2565,INPUT_SKIN10_90_5.txt,OUTPUT_BM1_90_5.txt,13,NA,NA,NA,NA,NA,NA
2566,INPUT_SKIN10_90_5.txt,OUTPUT_BM2_90_5.txt,13,2.969135439,2.923442711,2.92258659,2.923866407,2.922546633,2.923026715
2567,INPUT_SKIN10_90_5.txt,OUTPUT_GUT_90_5.txt,13,3.371273608,3.041345452,3.041342025,3.041342025,3.041318927,3.041328366
2568,INPUT_SKIN10_90_5.txt,OUTPUT_L_90_5.txt,13,5.907619559,4.907418589,4.907134179,4.907089326,4.906952342,4.907040002
2569,INPUT_SKIN10_90_5.txt,OUTPUT_LN1_90_5.txt,13,0.047969065,0.029114473,0.029114473,0.029114473,0.029114252,0.029114307
2570,INPUT_SKIN10_90_5.txt,OUTPUT_LN2_90_5.txt,13,0.345544256,0.327198705,0.327166092,0.327173523,0.327175029,0.327183118
2571,INPUT_SKIN10_90_5.txt,OUTPUT_LUNG_90_5.txt,13,0.296941936,0.254473495,0.254441065,0.254574959,0.254453995,0.254462422
2572,INPUT_SKIN10_90_5.txt,OUTPUT_S_90_5.txt,13,3.321647699,3.114671744,3.114657543,3.114657543,3.114633659,3.114653851
2573,INPUT_SKIN10_90_5.txt,OUTPUT_SKIN1_90_5.txt,13,0.366920021,0.295756823,0.295805246,0.295760123,0.2958124,0.295787982
2574,INPUT_SKIN10_90_5.txt,OUTPUT_SKIN10_90_5.txt,13,-525868,-263190.5,-263190.5,-263190.5,-263192.5,-263192
2575,INPUT_SKIN10_90_5.txt,OUTPUT_SKIN11_90_5.txt,13,0.119302588,0.099501318,0.099497212,0.099500291,0.099495771,0.099500066
2576,INPUT_SKIN10_90_5.txt,OUTPUT_SKIN12_90_5.txt,13,0.433182442,0.484763838,0.484740707,0.484708068,0.484723047,0.484665342
2577,INPUT_SKIN10_90_5.txt,OUTPUT_SKIN2_90_5.txt,13,0.651671564,0.625227554,0.625324812,0.625368506,0.625297892,0.625323276
2578,INPUT_SKIN10_90_5.txt,OUTPUT_SKIN3_90_5.txt,13,0.14494717,0.418516758,0.418516757,0.418516757,0.418513573,0.418514373
2579,INPUT_SKIN10_90_5.txt,OUTPUT_SKIN4_90_5.txt,13,0.378090768,0.537532731,0.537354613,0.537336196,0.537536403,0.537593938
2580,INPUT_SKIN10_90_5.txt,OUTPUT_SKIN5_90_5.txt,13,0.182617208,0.136788778,0.13678878,0.13678878,0.136787748,0.136788006
2581,INPUT_SKIN10_90_5.txt,OUTPUT_SKIN6_90_5.txt,13,0.749099797,0.667652129,0.666727944,0.666744557,0.667382462,0.666801627
2582,INPUT_SKIN10_90_5.txt,OUTPUT_SKIN7_90_5.txt,13,0.518637905,0.528303134,0.528293656,0.528300948,0.528300797,0.528274525
2583,INPUT_SKIN10_90_5.txt,OUTPUT_SKIN8_90_5.txt,13,0.177309802,0.11638184,0.116381839,0.116381839,0.116380953,0.116381176
2584,INPUT_SKIN10_90_5.txt,OUTPUT_SKIN9_90_5.txt,13,1.128245571,0.829374572,0.829484652,0.829094989,0.829330737,0.829325698
2585,INPUT_SKIN11_90_5.txt,OUTPUT_BM1_90_5.txt,13,NA,NA,NA,NA,NA,NA
2586,INPUT_SKIN11_90_5.txt,OUTPUT_BM2_90_5.txt,13,4.73159634,2.969867649,2.969239468,2.970236797,2.969233494,2.96955176
2587,INPUT_SKIN11_90_5.txt,OUTPUT_GUT_90_5.txt,13,3.889689502,2.560459119,2.560495404,2.560468191,2.560501451,2.560465167
2588,INPUT_SKIN11_90_5.txt,OUTPUT_L_90_5.txt,13,5.214259349,4.687951118,4.687902353,4.687801547,4.687834334,4.687761577
2589,INPUT_SKIN11_90_5.txt,OUTPUT_LN1_90_5.txt,13,0.087976758,0.071802408,0.071803891,0.071802779,0.071804138,0.071802655
2590,INPUT_SKIN11_90_5.txt,OUTPUT_LN2_90_5.txt,13,0.358105754,0.271658415,0.271639145,0.271639027,0.271649534,0.27164801
2591,INPUT_SKIN11_90_5.txt,OUTPUT_LUNG_90_5.txt,13,0.73094011,0.317947398,0.317914226,0.318073541,0.317933612,0.31793669
2592,INPUT_SKIN11_90_5.txt,OUTPUT_S_90_5.txt,13,5.622858948,5.157585896,5.157694878,5.157613141,5.157713043,5.15760406
2593,INPUT_SKIN11_90_5.txt,OUTPUT_SKIN1_90_5.txt,13,0.740350011,0.516686512,0.51677779,0.51669449,0.51679521,0.516743085
2594,INPUT_SKIN11_90_5.txt,OUTPUT_SKIN10_90_5.txt,13,0.082778239,0.058221002,0.058222205,0.058221303,0.058222881,0.058221866
2595,INPUT_SKIN11_90_5.txt,OUTPUT_SKIN11_90_5.txt,13,-581433,-290634.5,-290628.5,-290633,-290627.5,-290633.5
2596,INPUT_SKIN11_90_5.txt,OUTPUT_SKIN12_90_5.txt,13,0.630240435,0.575781618,0.575766368,0.575721722,0.575754408,0.575671434
2597,INPUT_SKIN11_90_5.txt,OUTPUT_SKIN2_90_5.txt,13,1.239863316,1.207546111,1.207854867,1.207928281,1.207812333,1.207869172
2598,INPUT_SKIN11_90_5.txt,OUTPUT_SKIN3_90_5.txt,13,1.676843757,1.467808297,1.467835404,1.467815074,1.46791954,1.467892432
2599,INPUT_SKIN11_90_5.txt,OUTPUT_SKIN4_90_5.txt,13,1.087859142,0.992714567,0.992409023,0.992361288,0.992751275,0.992834712
2600,INPUT_SKIN11_90_5.txt,OUTPUT_SKIN5_90_5.txt,13,0.109313777,0.083181032,0.083182752,0.083181462,0.083183038,0.083181319
2601,INPUT_SKIN11_90_5.txt,OUTPUT_SKIN6_90_5.txt,13,1.456389882,1.199260558,1.197653252,1.197605056,1.198754783,1.197670634
2602,INPUT_SKIN11_90_5.txt,OUTPUT_SKIN7_90_5.txt,13,0.972196323,0.911157186,0.91115566,0.911157235,0.911181507,0.911169251
2603,INPUT_SKIN11_90_5.txt,OUTPUT_SKIN8_90_5.txt,13,0.325615951,0.239003117,0.239008036,0.239004346,0.239008856,0.239003936
2604,INPUT_SKIN11_90_5.txt,OUTPUT_SKIN9_90_5.txt,13,0.583361752,0.381312295,0.381371809,0.381183836,0.381304298,0.381292947
2605,INPUT_SKIN12_90_5.txt,OUTPUT_BM1_90_5.txt,13,NA,NA,NA,NA,NA,NA
2606,INPUT_SKIN12_90_5.txt,OUTPUT_BM2_90_5.txt,13,5.636389715,2.409957284,2.409095003,2.410515231,2.40909863,2.40969403
2607,INPUT_SKIN12_90_5.txt,OUTPUT_GUT_90_5.txt,13,0.735317348,0.281010318,0.281016987,0.281025437,0.281020066,0.281037972
2608,INPUT_SKIN12_90_5.txt,OUTPUT_L_90_5.txt,13,2.052215511,2.160493642,2.160321914,2.160347727,2.160226416,2.16036313
2609,INPUT_SKIN12_90_5.txt,OUTPUT_LN1_90_5.txt,13,0.048272736,0.044512978,0.044514049,0.044515392,0.044514543,0.044517399
2610,INPUT_SKIN12_90_5.txt,OUTPUT_LN2_90_5.txt,13,86.29737686,81.61966767,81.61332471,81.61435517,81.61472942,81.61263616
2611,INPUT_SKIN12_90_5.txt,OUTPUT_LUNG_90_5.txt,13,46.97091365,44.11316792,44.10837443,44.09969075,44.10623247,44.09660682
2612,INPUT_SKIN12_90_5.txt,OUTPUT_S_90_5.txt,13,1.721322415,1.789203006,1.789228151,1.789279565,1.789243733,1.789331476
2613,INPUT_SKIN12_90_5.txt,OUTPUT_SKIN1_90_5.txt,13,0.584016127,0.630248541,0.630363106,0.630289587,0.630389621,0.630379144
2614,INPUT_SKIN12_90_5.txt,OUTPUT_SKIN10_90_5.txt,13,0.013980346,0.024562051,0.024562643,0.024563381,0.024563286,0.024564771
2615,INPUT_SKIN12_90_5.txt,OUTPUT_SKIN11_90_5.txt,13,0.112455781,0.105432085,0.105430273,0.105436714,0.105430711,0.105441846
2616,INPUT_SKIN12_90_5.txt,OUTPUT_SKIN12_90_5.txt,13,-996257.5,-498613,-498601,-498586,-498595.5,-498563.5
2617,INPUT_SKIN12_90_5.txt,OUTPUT_SKIN2_90_5.txt,13,0.853134531,0.62205449,0.622167112,0.62219856,0.622150282,0.62218854
2618,INPUT_SKIN12_90_5.txt,OUTPUT_SKIN3_90_5.txt,13,0.101516874,0.113851316,0.113854062,0.113857489,0.113855323,0.113862639
2619,INPUT_SKIN12_90_5.txt,OUTPUT_SKIN4_90_5.txt,13,0.262377586,0.482950856,0.482800188,0.482797913,0.482975235,0.483057827
2620,INPUT_SKIN12_90_5.txt,OUTPUT_SKIN5_90_5.txt,13,0.085292932,0.08099198,0.080993934,0.08099637,0.080994827,0.08100003
2621,INPUT_SKIN12_90_5.txt,OUTPUT_SKIN6_90_5.txt,13,0.913224303,0.833023549,0.831846424,0.831860433,0.832680639,0.831940545
2622,INPUT_SKIN12_90_5.txt,OUTPUT_SKIN7_90_5.txt,13,0.315423111,0.43419195,0.434186424,0.434216857,0.434208784,0.434289377
2623,INPUT_SKIN12_90_5.txt,OUTPUT_SKIN8_90_5.txt,13,0.165022623,0.1584602,0.158464019,0.158468776,0.158465771,0.158475948
2624,INPUT_SKIN12_90_5.txt,OUTPUT_SKIN9_90_5.txt,13,0.173910398,0.157432517,0.157458291,0.157385353,0.157430805,0.157439196
2625,INPUT_SKIN2_90_5.txt,OUTPUT_BM1_90_5.txt,13,NA,NA,NA,NA,NA,NA
2626,INPUT_SKIN2_90_5.txt,OUTPUT_BM2_90_5.txt,13,3.192735608,2.883383922,2.88339032,2.882994749,2.883431576,2.883336872
2627,INPUT_SKIN2_90_5.txt,OUTPUT_GUT_90_5.txt,13,11.08438402,9.949198035,9.948630849,9.948472464,9.948818466,9.948857601
2628,INPUT_SKIN2_90_5.txt,OUTPUT_L_90_5.txt,13,3.124227175,2.822415384,2.822244613,2.822221845,2.822328455,2.822325048
2629,INPUT_SKIN2_90_5.txt,OUTPUT_LN1_90_5.txt,13,0.164527231,0.149731749,0.149720082,0.149718404,0.149722929,0.149723189
2630,INPUT_SKIN2_90_5.txt,OUTPUT_LN2_90_5.txt,13,11.38695531,10.26583464,10.26565296,10.26493075,10.26549311,10.26497443
2631,INPUT_SKIN2_90_5.txt,OUTPUT_LUNG_90_5.txt,13,0.47467303,0.554023079,0.553921851,0.554154058,0.553959259,0.553974205
2632,INPUT_SKIN2_90_5.txt,OUTPUT_S_90_5.txt,13,2.909804312,2.621663423,2.621458626,2.621426763,2.621508159,2.621513795
2633,INPUT_SKIN2_90_5.txt,OUTPUT_SKIN1_90_5.txt,13,7.259995454,8.009923061,8.01047122,8.008241103,8.010873526,8.009106291
2634,INPUT_SKIN2_90_5.txt,OUTPUT_SKIN10_90_5.txt,13,0.187123141,0.089640047,0.089633025,0.089632068,0.089636097,0.089635935
2635,INPUT_SKIN2_90_5.txt,OUTPUT_SKIN11_90_5.txt,13,1.435015722,1.594701626,1.594509195,1.594541419,1.59452815,1.594598521
2636,INPUT_SKIN2_90_5.txt,OUTPUT_SKIN12_90_5.txt,13,0.912152927,0.987396039,0.987280374,0.987205506,0.987279393,0.987162805
2637,INPUT_SKIN2_90_5.txt,OUTPUT_SKIN2_90_5.txt,13,-627128,-314594.5,-314619,-314622.5,-314613,-314612.5
2638,INPUT_SKIN2_90_5.txt,OUTPUT_SKIN3_90_5.txt,13,0.088378569,0.156741141,0.156728996,0.1567272,0.156731963,0.156732264
2639,INPUT_SKIN2_90_5.txt,OUTPUT_SKIN4_90_5.txt,13,91.53805649,83.43684482,83.42894151,83.42069282,83.43974507,83.4512711
2640,INPUT_SKIN2_90_5.txt,OUTPUT_SKIN5_90_5.txt,13,8.056486076,8.393060524,8.392329919,8.39223423,8.392485917,8.392512393
2641,INPUT_SKIN2_90_5.txt,OUTPUT_SKIN6_90_5.txt,13,6.396981164,5.489578539,5.481118339,5.481148351,5.486914803,5.48100344
2642,INPUT_SKIN2_90_5.txt,OUTPUT_SKIN7_90_5.txt,13,0.991453564,2.517380878,2.517059664,2.517165111,2.517241048,2.517904308
2643,INPUT_SKIN2_90_5.txt,OUTPUT_SKIN8_90_5.txt,13,0.477071859,0.436610818,0.436576973,0.436570273,0.436585128,0.436584522
2644,INPUT_SKIN2_90_5.txt,OUTPUT_SKIN9_90_5.txt,13,1.539143931,1.258746675,1.258763216,1.258337582,1.258618208,1.258627041
2645,INPUT_SKIN3_90_5.txt,OUTPUT_BM1_90_5.txt,13,NA,NA,NA,NA,NA,NA
2646,INPUT_SKIN3_90_5.txt,OUTPUT_BM2_90_5.txt,13,2.221824058,2.086789706,2.086069914,2.087161994,2.086056445,2.086449518
2647,INPUT_SKIN3_90_5.txt,OUTPUT_GUT_90_5.txt,13,2.271393401,3.475130062,3.475130062,3.475130062,3.47513031,3.47513031
2648,INPUT_SKIN3_90_5.txt,OUTPUT_L_90_5.txt,13,17.38236197,15.9515976,15.95186343,15.9519109,15.95200898,15.95196151
2649,INPUT_SKIN3_90_5.txt,OUTPUT_LN1_90_5.txt,13,0.080898147,0.062213871,0.062213871,0.062213871,0.062213871,0.062213871
2650,INPUT_SKIN3_90_5.txt,OUTPUT_LN2_90_5.txt,13,0.227687383,0.20056174,0.200543544,0.200546209,0.200550604,0.200553269
2651,INPUT_SKIN3_90_5.txt,OUTPUT_LUNG_90_5.txt,13,0.411987118,0.609828278,0.609751832,0.610067671,0.609787015,0.609805586
2652,INPUT_SKIN3_90_5.txt,OUTPUT_S_90_5.txt,13,3.600295923,2.979630925,2.979630925,2.979630925,2.979630864,2.979630864
2653,INPUT_SKIN3_90_5.txt,OUTPUT_SKIN1_90_5.txt,13,0.373405113,0.289725763,0.289771537,0.289728945,0.289780504,0.289756803
2654,INPUT_SKIN3_90_5.txt,OUTPUT_SKIN10_90_5.txt,13,0.108253493,0.107230193,0.107230193,0.107230193,0.107231814,0.107231408
2655,INPUT_SKIN3_90_5.txt,OUTPUT_SKIN11_90_5.txt,13,0.133195921,0.123890039,0.123884918,0.123888759,0.123884064,0.123889186
2656,INPUT_SKIN3_90_5.txt,OUTPUT_SKIN12_90_5.txt,13,0.499634081,0.444103691,0.444082365,0.444053974,0.444070987,0.444015508
2657,INPUT_SKIN3_90_5.txt,OUTPUT_SKIN2_90_5.txt,13,0.883981365,0.782795076,0.782924336,0.782994101,0.78289415,0.78295234
2658,INPUT_SKIN3_90_5.txt,OUTPUT_SKIN3_90_5.txt,13,-419438,-209780.5,-209780.5,-209780.5,-209780.5,-209780.5
2659,INPUT_SKIN3_90_5.txt,OUTPUT_SKIN4_90_5.txt,13,0.567901183,0.483172722,0.483011508,0.482994952,0.483179894,0.483230784
2660,INPUT_SKIN3_90_5.txt,OUTPUT_SKIN5_90_5.txt,13,0.076257207,0.066203801,0.066203801,0.066203801,0.066203801,0.066203801
2661,INPUT_SKIN3_90_5.txt,OUTPUT_SKIN6_90_5.txt,13,0.989467126,0.93341654,0.932057437,0.932065144,0.933012111,0.932119627
2662,INPUT_SKIN3_90_5.txt,OUTPUT_SKIN7_90_5.txt,13,0.553121721,0.716011654,0.715994134,0.716025229,0.716013902,0.716058479
2663,INPUT_SKIN3_90_5.txt,OUTPUT_SKIN8_90_5.txt,13,0.356288163,0.251670616,0.251670616,0.251670616,0.251670617,0.251670617
2664,INPUT_SKIN3_90_5.txt,OUTPUT_SKIN9_90_5.txt,13,0.481130961,0.408870129,0.408926505,0.408727735,0.408851567,0.408847578
2665,INPUT_SKIN4_90_5.txt,OUTPUT_BM1_90_5.txt,13,NA,NA,NA,NA,NA,NA
2666,INPUT_SKIN4_90_5.txt,OUTPUT_BM2_90_5.txt,13,0.925256261,0.928739056,0.928604893,0.929060874,0.928436456,0.928545802
2667,INPUT_SKIN4_90_5.txt,OUTPUT_GUT_90_5.txt,13,2.336742926,1.325356967,1.325573523,1.325596005,1.325347675,1.325278788
2668,INPUT_SKIN4_90_5.txt,OUTPUT_L_90_5.txt,13,1.501311758,1.228340166,1.22846183,1.228467903,1.228197271,1.228147143
2669,INPUT_SKIN4_90_5.txt,OUTPUT_LN1_90_5.txt,13,0.013831887,0.03662076,0.036626875,0.036627504,0.03662049,0.036618557
2670,INPUT_SKIN4_90_5.txt,OUTPUT_LN2_90_5.txt,13,0.108230028,0.080858217,0.080861317,0.080866881,0.080850045,0.080849948
2671,INPUT_SKIN4_90_5.txt,OUTPUT_LUNG_90_5.txt,13,0.121863405,0.218919163,0.218928613,0.219044603,0.218902888,0.218897912
2672,INPUT_SKIN4_90_5.txt,OUTPUT_S_90_5.txt,13,2.130557861,2.215926486,2.216300865,2.21633946,2.215910039,2.215791585
2673,INPUT_SKIN4_90_5.txt,OUTPUT_SKIN1_90_5.txt,13,0.21413327,0.211354834,0.211423841,0.211396103,0.211393559,0.211364969
2674,INPUT_SKIN4_90_5.txt,OUTPUT_SKIN10_90_5.txt,13,0.033834501,0.023539542,0.023543472,0.023543876,0.023539449,0.023538394
2675,INPUT_SKIN4_90_5.txt,OUTPUT_SKIN11_90_5.txt,13,0.07165278,0.06522978,0.065237981,0.065241124,0.065226156,0.065225406
2676,INPUT_SKIN4_90_5.txt,OUTPUT_SKIN12_90_5.txt,13,0.30531877,0.243424251,0.243453336,0.243441527,0.243404321,0.243361312
2677,INPUT_SKIN4_90_5.txt,OUTPUT_SKIN2_90_5.txt,13,0.517619345,0.420758809,0.420938566,0.420930407,0.420848757,0.420802372
2678,INPUT_SKIN4_90_5.txt,OUTPUT_SKIN3_90_5.txt,13,0.094378095,0.059433409,0.059443328,0.059444349,0.059433486,0.059430351
2679,INPUT_SKIN4_90_5.txt,OUTPUT_SKIN4_90_5.txt,13,-812617.5,-407508,-407440,-407433,-407511,-407532.5
2680,INPUT_SKIN4_90_5.txt,OUTPUT_SKIN5_90_5.txt,13,0.095854593,0.098473986,0.098490447,0.098492142,0.098473259,0.098468056
2681,INPUT_SKIN4_90_5.txt,OUTPUT_SKIN6_90_5.txt,13,0.379339534,0.368723948,0.368252116,0.368259933,0.368561981,0.368206838
2682,INPUT_SKIN4_90_5.txt,OUTPUT_SKIN7_90_5.txt,13,0.225353131,0.26424063,0.264282118,0.264295926,0.264239503,0.264233745
2683,INPUT_SKIN4_90_5.txt,OUTPUT_SKIN8_90_5.txt,13,0.050795846,0.524172512,0.524260504,0.524269546,0.524168607,0.524140832
2684,INPUT_SKIN4_90_5.txt,OUTPUT_SKIN9_90_5.txt,13,0.364326682,0.720979272,0.721191204,0.720883885,0.720941477,0.720899224
2685,INPUT_SKIN5_90_5.txt,OUTPUT_BM1_90_5.txt,13,NA,NA,NA,NA,NA,NA
2686,INPUT_SKIN5_90_5.txt,OUTPUT_BM2_90_5.txt,13,0.721926471,0.692174602,0.691910913,0.692311296,0.691906291,0.692049984
2687,INPUT_SKIN5_90_5.txt,OUTPUT_GUT_90_5.txt,13,0.364759061,0.329907845,0.329907845,0.329907845,0.329907845,0.329907845
2688,INPUT_SKIN5_90_5.txt,OUTPUT_L_90_5.txt,13,2.538738571,2.362367435,2.362180457,2.362147069,2.362073614,2.362107002
2689,INPUT_SKIN5_90_5.txt,OUTPUT_LN1_90_5.txt,13,0.029316519,0.046009136,0.046009136,0.046009136,0.046009136,0.046009136
2690,INPUT_SKIN5_90_5.txt,OUTPUT_LN2_90_5.txt,13,0.161507679,0.099715513,0.099702955,0.099707778,0.09970647,0.099711294
2691,INPUT_SKIN5_90_5.txt,OUTPUT_LUNG_90_5.txt,13,0.141783111,0.789023207,0.78893178,0.789331267,0.788970098,0.788993997
2692,INPUT_SKIN5_90_5.txt,OUTPUT_S_90_5.txt,13,2.393275517,2.001189178,2.001189178,2.001189178,2.001189178,2.001189178
2693,INPUT_SKIN5_90_5.txt,OUTPUT_SKIN1_90_5.txt,13,0.179735616,0.173258059,0.173281887,0.173258581,0.173285665,0.173274301
2694,INPUT_SKIN5_90_5.txt,OUTPUT_SKIN10_90_5.txt,13,0.037991287,0.023761162,0.023761162,0.023761162,0.023761383,0.023761433
2695,INPUT_SKIN5_90_5.txt,OUTPUT_SKIN11_90_5.txt,13,0.069343146,0.062433119,0.062430974,0.062432583,0.062430617,0.062432762
2696,INPUT_SKIN5_90_5.txt,OUTPUT_SKIN12_90_5.txt,13,0.208235734,0.227656155,0.227645058,0.227631031,0.22763946,0.227610472
2697,INPUT_SKIN5_90_5.txt,OUTPUT_SKIN2_90_5.txt,13,0.325511255,0.276796393,0.276795121,0.276812883,0.276793427,0.276779543
2698,INPUT_SKIN5_90_5.txt,OUTPUT_SKIN3_90_5.txt,13,0.073657704,0.079867706,0.079867706,0.079867706,0.079868167,0.079868167
2699,INPUT_SKIN5_90_5.txt,OUTPUT_SKIN4_90_5.txt,13,0.160233154,0.171493136,0.171498501,0.17149782,0.171491179,0.171492312
2700,INPUT_SKIN5_90_5.txt,OUTPUT_SKIN5_90_5.txt,13,-623851,-312220,-312220,-312220,-312220,-312220
2701,INPUT_SKIN5_90_5.txt,OUTPUT_SKIN6_90_5.txt,13,0.366021676,0.285137131,0.285009455,0.285135907,0.285296086,0.28486051
2702,INPUT_SKIN5_90_5.txt,OUTPUT_SKIN7_90_5.txt,13,0.253216896,0.244972301,0.244968712,0.244974571,0.244973079,0.244975561
2703,INPUT_SKIN5_90_5.txt,OUTPUT_SKIN8_90_5.txt,13,0.095321501,0.227234594,0.227234594,0.227234594,0.227234594,0.227234594
2704,INPUT_SKIN5_90_5.txt,OUTPUT_SKIN9_90_5.txt,13,0.245622776,0.250639812,0.250674516,0.250552162,0.250628399,0.250625926
2705,INPUT_SKIN6_90_5.txt,OUTPUT_BM1_90_5.txt,13,NA,NA,NA,NA,NA,NA
2706,INPUT_SKIN6_90_5.txt,OUTPUT_BM2_90_5.txt,13,4.106802948,4.102788784,4.106083548,4.10566874,4.104081427,4.105988399
2707,INPUT_SKIN6_90_5.txt,OUTPUT_GUT_90_5.txt,13,14.46827724,14.3978027,14.40741315,14.40626309,14.39933297,14.40843584
2708,INPUT_SKIN6_90_5.txt,OUTPUT_L_90_5.txt,13,4.011397536,4.015819104,4.018811998,4.018915838,4.016928987,4.01890642
2709,INPUT_SKIN6_90_5.txt,OUTPUT_LN1_90_5.txt,13,0.062424767,0.092506661,0.092573015,0.092572851,0.092527081,0.092574573
2710,INPUT_SKIN6_90_5.txt,OUTPUT_LN2_90_5.txt,13,13.92078314,13.866719,13.87838852,13.87938636,13.8713442,13.87823159
2711,INPUT_SKIN6_90_5.txt,OUTPUT_LUNG_90_5.txt,13,5.29364041,5.302371236,5.306450261,5.30554883,5.303773596,5.306355588
2712,INPUT_SKIN6_90_5.txt,OUTPUT_S_90_5.txt,13,2.961273679,2.714014414,2.715977018,2.716008715,2.714656372,2.71602179
2713,INPUT_SKIN6_90_5.txt,OUTPUT_SKIN1_90_5.txt,13,91.26770516,93.9835333,94.0722745,94.09630837,94.04636384,94.0861163
2714,INPUT_SKIN6_90_5.txt,OUTPUT_SKIN10_90_5.txt,13,4.759849412,4.679364553,4.682777496,4.682892832,4.680576008,4.682881595
2715,INPUT_SKIN6_90_5.txt,OUTPUT_SKIN11_90_5.txt,13,16.02035561,15.64403105,15.65611374,15.65604599,15.64678125,15.65685317
2716,INPUT_SKIN6_90_5.txt,OUTPUT_SKIN12_90_5.txt,13,31.25341022,31.27697694,31.3063191,31.30244856,31.28772591,31.31282231
2717,INPUT_SKIN6_90_5.txt,OUTPUT_SKIN2_90_5.txt,13,126.9022316,102.8462205,102.9356739,102.9547985,102.9088036,102.913215
2718,INPUT_SKIN6_90_5.txt,OUTPUT_SKIN3_90_5.txt,13,20.82337309,20.44831683,20.46291675,20.46047571,20.4505346,20.46382491
2719,INPUT_SKIN6_90_5.txt,OUTPUT_SKIN4_90_5.txt,13,67.77917806,67.58277884,67.61066975,67.60223315,67.58869057,67.64421133
2720,INPUT_SKIN6_90_5.txt,OUTPUT_SKIN5_90_5.txt,13,13.72617184,13.60554779,13.61517179,13.61373473,13.6078167,13.61372493
2721,INPUT_SKIN6_90_5.txt,OUTPUT_SKIN6_90_5.txt,13,-1179745.5,-596350.5,-595923.5,-595924.5,-596219,-595913.5
2722,INPUT_SKIN6_90_5.txt,OUTPUT_SKIN7_90_5.txt,13,212.0089592,3.149978706,3.152186319,3.152275559,3.150702599,3.152179463
2723,INPUT_SKIN6_90_5.txt,OUTPUT_SKIN8_90_5.txt,13,0.181166977,0.269978453,0.27017216,0.270171923,0.270038262,0.270176702
2724,INPUT_SKIN6_90_5.txt,OUTPUT_SKIN9_90_5.txt,13,7.616015776,7.542755842,7.54778775,7.549371351,7.544284705,7.548430255
2725,INPUT_SKIN7_90_5.txt,OUTPUT_BM1_90_5.txt,13,NA,NA,NA,NA,NA,NA
2726,INPUT_SKIN7_90_5.txt,OUTPUT_BM2_90_5.txt,13,1.25170463,1.318287771,1.318035188,1.318421908,1.318011783,1.318188299
2727,INPUT_SKIN7_90_5.txt,OUTPUT_GUT_90_5.txt,13,2.251537817,2.313906348,2.313932175,2.313902656,2.313902658,2.313954337
2728,INPUT_SKIN7_90_5.txt,OUTPUT_L_90_5.txt,13,3.240005651,3.066999186,3.067089558,3.067060621,3.067082829,3.067140011
2729,INPUT_SKIN7_90_5.txt,OUTPUT_LN1_90_5.txt,13,0.037153833,0.035168952,0.035169334,0.035168895,0.035168897,0.035169664
2730,INPUT_SKIN7_90_5.txt,OUTPUT_LN2_90_5.txt,13,0.609629958,0.700928627,0.700889326,0.700878516,0.700903313,0.700915766
2731,INPUT_SKIN7_90_5.txt,OUTPUT_LUNG_90_5.txt,13,0.724224259,0.705400057,0.705337011,0.705619034,0.705361009,0.705393564
2732,INPUT_SKIN7_90_5.txt,OUTPUT_S_90_5.txt,13,1.452103198,1.201737499,1.201750687,1.201735603,1.201735615,1.201761865
2733,INPUT_SKIN7_90_5.txt,OUTPUT_SKIN1_90_5.txt,13,0.570105136,0.318690535,0.318744845,0.318693565,0.318750823,0.318731511
2734,INPUT_SKIN7_90_5.txt,OUTPUT_SKIN10_90_5.txt,13,0.201316708,0.249537505,0.249540418,0.249537125,0.249540863,0.249543623
2735,INPUT_SKIN7_90_5.txt,OUTPUT_SKIN11_90_5.txt,13,0.307359046,0.308416561,0.308407167,0.308412783,0.3084012,0.308420605
2736,INPUT_SKIN7_90_5.txt,OUTPUT_SKIN12_90_5.txt,13,0.991239729,0.965441079,0.965412384,0.965334088,0.965372527,0.965287979
2737,INPUT_SKIN7_90_5.txt,OUTPUT_SKIN2_90_5.txt,13,2.276735318,2.416915975,2.417322874,2.417343039,2.417199663,2.417244233
2738,INPUT_SKIN7_90_5.txt,OUTPUT_SKIN3_90_5.txt,13,0.323818906,0.309927989,0.309931391,0.309927503,0.309927536,0.309934338
2739,INPUT_SKIN7_90_5.txt,OUTPUT_SKIN4_90_5.txt,13,0.657638905,0.631848659,0.631645707,0.631616166,0.631856888,0.631937251
2740,INPUT_SKIN7_90_5.txt,OUTPUT_SKIN5_90_5.txt,13,0.811191721,0.881335454,0.881345002,0.881334113,0.88133409,0.881353475
2741,INPUT_SKIN7_90_5.txt,OUTPUT_SKIN6_90_5.txt,13,2.820604901,2.774315717,2.77048823,2.77035386,2.773103786,2.771411288
2742,INPUT_SKIN7_90_5.txt,OUTPUT_SKIN7_90_5.txt,13,-638903,-320100,-320096.5,-320100.5,-320100.5,-320093.5
2743,INPUT_SKIN7_90_5.txt,OUTPUT_SKIN8_90_5.txt,13,0.136848134,0.129853357,0.129854779,0.129853154,0.129853154,0.129855998
2744,INPUT_SKIN7_90_5.txt,OUTPUT_SKIN9_90_5.txt,13,0.739840926,0.365421392,0.365472367,0.365302517,0.365404423,0.36540754
2745,INPUT_SKIN8_90_5.txt,OUTPUT_BM1_90_5.txt,13,NA,NA,NA,NA,NA,NA
2746,INPUT_SKIN8_90_5.txt,OUTPUT_BM2_90_5.txt,13,2.487234414,1.92821751,1.927511256,1.928583267,1.927498525,1.927883742
2747,INPUT_SKIN8_90_5.txt,OUTPUT_GUT_90_5.txt,13,1.359259823,1.281181416,1.281181416,1.281181416,1.281181416,1.281181416
2748,INPUT_SKIN8_90_5.txt,OUTPUT_L_90_5.txt,13,1.604507869,1.294162644,1.294041449,1.294019808,1.293972197,1.293993838
2749,INPUT_SKIN8_90_5.txt,OUTPUT_LN1_90_5.txt,13,0.112916907,0.090641695,0.090641695,0.090641695,0.090641695,0.090641695
2750,INPUT_SKIN8_90_5.txt,OUTPUT_LN2_90_5.txt,13,0.183335342,0.177428789,0.177409928,0.177415015,0.177416189,0.177421275
2751,INPUT_SKIN8_90_5.txt,OUTPUT_LUNG_90_5.txt,13,0.459384481,0.310804501,0.310764592,0.310929577,0.310782939,0.310792642
2752,INPUT_SKIN8_90_5.txt,OUTPUT_S_90_5.txt,13,1.961219534,1.672396709,1.672396709,1.672396709,1.672396709,1.672396709
2753,INPUT_SKIN8_90_5.txt,OUTPUT_SKIN1_90_5.txt,13,0.431735779,0.362645466,0.36270326,0.362649548,0.362714619,0.362684656
2754,INPUT_SKIN8_90_5.txt,OUTPUT_SKIN10_90_5.txt,13,0.050987551,0.057891097,0.057891097,0.057891097,0.05789134,0.057891757
2755,INPUT_SKIN8_90_5.txt,OUTPUT_SKIN11_90_5.txt,13,0.080918391,0.079497975,0.079494692,0.079497154,0.079494145,0.079497428
2756,INPUT_SKIN8_90_5.txt,OUTPUT_SKIN12_90_5.txt,13,0.393694788,0.50087574,0.500851668,0.500820314,0.500839426,0.500776511
2757,INPUT_SKIN8_90_5.txt,OUTPUT_SKIN2_90_5.txt,13,0.628306879,0.619135397,0.619266554,0.61924586,0.619242777,0.619206694
2758,INPUT_SKIN8_90_5.txt,OUTPUT_SKIN3_90_5.txt,13,0.149552886,0.248877366,0.248877366,0.248877366,0.248881079,0.248881079
2759,INPUT_SKIN8_90_5.txt,OUTPUT_SKIN4_90_5.txt,13,0.470882627,0.40402772,0.403893596,0.403879774,0.404033615,0.404076064
2760,INPUT_SKIN8_90_5.txt,OUTPUT_SKIN5_90_5.txt,13,0.066369281,0.056736781,0.056736781,0.056736781,0.056736781,0.056736781
2761,INPUT_SKIN8_90_5.txt,OUTPUT_SKIN6_90_5.txt,13,0.605308619,0.524768457,0.524036683,0.524035601,0.524538291,0.524034091
2762,INPUT_SKIN8_90_5.txt,OUTPUT_SKIN7_90_5.txt,13,0.440604429,0.504986296,0.504974396,0.504987675,0.504987902,0.505020838
2763,INPUT_SKIN8_90_5.txt,OUTPUT_SKIN8_90_5.txt,13,-527705.5,-264677.5,-264677.5,-264677.5,-264677.5,-264677.5
2764,INPUT_SKIN8_90_5.txt,OUTPUT_SKIN9_90_5.txt,13,0.370778823,0.40615547,0.406211832,0.406013151,0.406137062,0.406132923
2765,INPUT_SKIN9_90_5.txt,OUTPUT_BM1_90_5.txt,13,NA,NA,NA,NA,NA,NA
2766,INPUT_SKIN9_90_5.txt,OUTPUT_BM2_90_5.txt,13,2.870569366,1.612152112,1.611401228,1.612759628,1.611535764,1.61189186
2767,INPUT_SKIN9_90_5.txt,OUTPUT_GUT_90_5.txt,13,6.472747908,5.871152826,5.870723455,5.872236679,5.871290075,5.8713245
2768,INPUT_SKIN9_90_5.txt,OUTPUT_L_90_5.txt,13,5.817727232,5.064554054,5.063768496,5.064767658,5.063921991,5.064009696
2769,INPUT_SKIN9_90_5.txt,OUTPUT_LN1_90_5.txt,13,0.05625343,0.061797389,0.061793046,0.061808356,0.061798798,0.061799126
2770,INPUT_SKIN9_90_5.txt,OUTPUT_LN2_90_5.txt,13,0.048635846,0.149071249,0.149045029,0.149086096,0.149064187,0.149069106
2771,INPUT_SKIN9_90_5.txt,OUTPUT_LUNG_90_5.txt,13,0.506076448,0.607081214,0.606962297,0.607434391,0.607052607,0.607074725
2772,INPUT_SKIN9_90_5.txt,OUTPUT_S_90_5.txt,13,5.431488403,3.803652383,3.803415615,3.804253431,3.803742005,3.803747588
2773,INPUT_SKIN9_90_5.txt,OUTPUT_SKIN1_90_5.txt,13,0.293759469,0.232961027,0.232980991,0.233004499,0.233009333,0.232992379
2774,INPUT_SKIN9_90_5.txt,OUTPUT_SKIN10_90_5.txt,13,0.093557372,0.068547295,0.068542476,0.068559464,0.068549287,0.068550004
2775,INPUT_SKIN9_90_5.txt,OUTPUT_SKIN11_90_5.txt,13,0.120034683,0.106207969,0.10619612,0.10622575,0.106205284,0.10621023
2776,INPUT_SKIN9_90_5.txt,OUTPUT_SKIN12_90_5.txt,13,0.500812336,0.472615774,0.472559371,0.472647477,0.472591709,0.472534807
2777,INPUT_SKIN9_90_5.txt,OUTPUT_SKIN2_90_5.txt,13,0.630608855,0.567430435,0.56747447,0.567663835,0.567520004,0.567511084
2778,INPUT_SKIN9_90_5.txt,OUTPUT_SKIN3_90_5.txt,13,0.10092403,0.10684707,0.106839553,0.106866053,0.106849936,0.106850509
2779,INPUT_SKIN9_90_5.txt,OUTPUT_SKIN4_90_5.txt,13,0.48923053,0.473330481,0.473143277,0.473245982,0.473347908,0.473399311
2780,INPUT_SKIN9_90_5.txt,OUTPUT_SKIN5_90_5.txt,13,0.107643109,0.101342816,0.101335687,0.10136082,0.101345121,0.101345668
2781,INPUT_SKIN9_90_5.txt,OUTPUT_SKIN6_90_5.txt,13,0.709452987,0.675279713,0.674317007,0.674489219,0.675020699,0.674453099
2782,INPUT_SKIN9_90_5.txt,OUTPUT_SKIN7_90_5.txt,13,0.31959426,0.448093421,0.448055688,0.448174748,0.448104955,0.448087261
2783,INPUT_SKIN9_90_5.txt,OUTPUT_SKIN8_90_5.txt,13,0.214691207,0.249026468,0.249008904,0.249070822,0.249032146,0.249033493
2784,INPUT_SKIN9_90_5.txt,OUTPUT_SKIN9_90_5.txt,13,-569014,-284971,-284991,-284920.5,-284964.5,-284963
2785,INPUT_BM1_90_5.txt,OUTPUT_BM1_90_5.txt,14,-501961,-251395.5,-251346,-251360.5,-251398,-251390.5
2786,INPUT_BM1_90_5.txt,OUTPUT_BM2_90_5.txt,14,2.079012977,1.724861199,1.724885294,1.724648622,1.724042262,1.724429504
2787,INPUT_BM1_90_5.txt,OUTPUT_GUT_90_5.txt,14,0.191795484,0.149273547,0.149303043,0.149286537,0.149264195,0.149277312
2788,INPUT_BM1_90_5.txt,OUTPUT_L_90_5.txt,14,NA,NA,NA,NA,NA,NA
2789,INPUT_BM1_90_5.txt,OUTPUT_LN1_90_5.txt,14,NA,NA,NA,NA,NA,NA
2790,INPUT_BM1_90_5.txt,OUTPUT_LN2_90_5.txt,14,0.216664828,0.219690671,0.219719335,0.219757329,0.219647462,0.219647217
2791,INPUT_BM1_90_5.txt,OUTPUT_LUNG_90_5.txt,14,0.059882191,0.056320669,0.056331784,0.056328347,0.056319927,0.056321611
2792,INPUT_BM1_90_5.txt,OUTPUT_S_90_5.txt,14,2.244999311,2.36756566,2.369134241,2.366654497,2.366564378,2.366792376
2793,INPUT_BM1_90_5.txt,OUTPUT_SKIN1_90_5.txt,14,0.106569363,0.075883485,0.075899819,0.075893398,0.075884319,0.075886413
2794,INPUT_BM1_90_5.txt,OUTPUT_SKIN10_90_5.txt,14,0.059583628,0.037526921,0.037529472,0.037525667,0.037519273,0.037517393
2795,INPUT_BM1_90_5.txt,OUTPUT_SKIN11_90_5.txt,14,0.007875835,0.009788192,0.009790121,0.009789556,0.009788095,0.009788387
2796,INPUT_BM1_90_5.txt,OUTPUT_SKIN12_90_5.txt,14,0.150156806,0.111512216,0.111589949,0.111553769,0.111575072,0.111552253
2797,INPUT_BM1_90_5.txt,OUTPUT_SKIN2_90_5.txt,14,0.03599312,0.032665443,0.032673232,0.032671244,0.032666155,0.032668166
2798,INPUT_BM1_90_5.txt,OUTPUT_SKIN3_90_5.txt,14,0.116439863,0.154100399,0.154129009,0.154120055,0.15410081,0.154107394
2799,INPUT_BM1_90_5.txt,OUTPUT_SKIN4_90_5.txt,14,0.061479793,0.038322093,0.038416502,0.038325023,0.038319639,0.038407726
2800,INPUT_BM1_90_5.txt,OUTPUT_SKIN5_90_5.txt,14,0.235621736,0.167737538,0.167774077,0.167756467,0.167730899,0.167746945
2801,INPUT_BM1_90_5.txt,OUTPUT_SKIN6_90_5.txt,14,0.068957993,0.041575017,0.041583218,0.041580815,0.041574602,0.041575845
2802,INPUT_BM1_90_5.txt,OUTPUT_SKIN7_90_5.txt,14,0.013311768,0.015003344,0.015006432,0.015005702,0.015003125,0.015003841
2803,INPUT_BM1_90_5.txt,OUTPUT_SKIN8_90_5.txt,14,0.163777045,0.203562016,0.203602468,0.203590617,0.203559973,0.203566101
2804,INPUT_BM1_90_5.txt,OUTPUT_SKIN9_90_5.txt,14,0.327759302,0.253920289,0.253965738,0.253953856,0.253923613,0.253923194
2805,INPUT_BM2_90_5.txt,OUTPUT_BM1_90_5.txt,14,1.542451163,1.196858733,1.196497538,1.196682543,1.197159184,1.19697204
2806,INPUT_BM2_90_5.txt,OUTPUT_BM2_90_5.txt,14,-555300.5,-278124.5,-278099,-278088,-278060,-278087
2807,INPUT_BM2_90_5.txt,OUTPUT_GUT_90_5.txt,14,0.16777651,0.156048573,0.156062928,0.156060901,0.156076667,0.156070507
2808,INPUT_BM2_90_5.txt,OUTPUT_L_90_5.txt,14,NA,NA,NA,NA,NA,NA
2809,INPUT_BM2_90_5.txt,OUTPUT_LN1_90_5.txt,14,NA,NA,NA,NA,NA,NA
2810,INPUT_BM2_90_5.txt,OUTPUT_LN2_90_5.txt,14,0.157158141,0.14759298,0.147596575,0.147636508,0.147599791,0.147580846
2811,INPUT_BM2_90_5.txt,OUTPUT_LUNG_90_5.txt,14,0.059265643,0.047529416,0.047533781,0.04753551,0.047540305,0.047535682
2812,INPUT_BM2_90_5.txt,OUTPUT_S_90_5.txt,14,2.86882188,3.228149748,3.229941961,3.226882191,3.227560489,3.227464738
2813,INPUT_BM2_90_5.txt,OUTPUT_SKIN1_90_5.txt,14,0.068382849,0.058389957,0.058396331,0.058397001,0.058404816,0.058398934
2814,INPUT_BM2_90_5.txt,OUTPUT_SKIN10_90_5.txt,14,0.035045703,0.033232864,0.033233932,0.033235146,0.033237529,0.033234175
2815,INPUT_BM2_90_5.txt,OUTPUT_SKIN11_90_5.txt,14,0.028229978,0.026657944,0.026660391,0.026661447,0.026664135,0.026661543
2816,INPUT_BM2_90_5.txt,OUTPUT_SKIN12_90_5.txt,14,0.081270072,0.070754835,0.070737829,0.07073357,0.070739591,0.070751608
2817,INPUT_BM2_90_5.txt,OUTPUT_SKIN2_90_5.txt,14,0.014964438,0.017282284,0.017284571,0.017285085,0.017286731,0.017285679
2818,INPUT_BM2_90_5.txt,OUTPUT_SKIN3_90_5.txt,14,0.105041884,0.096375747,0.096385067,0.096388896,0.096397758,0.096387914
2819,INPUT_BM2_90_5.txt,OUTPUT_SKIN4_90_5.txt,14,0.035138343,0.02963167,0.029679252,0.029634078,0.029637526,0.029679401
2820,INPUT_BM2_90_5.txt,OUTPUT_SKIN5_90_5.txt,14,0.084819389,0.070946781,0.070951585,0.070956568,0.070964027,0.070955061
2821,INPUT_BM2_90_5.txt,OUTPUT_SKIN6_90_5.txt,14,0.047011181,0.041277373,0.041281163,0.041282799,0.041286963,0.041282948
2822,INPUT_BM2_90_5.txt,OUTPUT_SKIN7_90_5.txt,14,0.016330751,0.01178642,0.011787616,0.011788198,0.011789091,0.011788177
2823,INPUT_BM2_90_5.txt,OUTPUT_SKIN8_90_5.txt,14,0.057957671,0.090607152,0.090615493,0.090619092,0.090628253,0.090619419
2824,INPUT_BM2_90_5.txt,OUTPUT_SKIN9_90_5.txt,14,0.111811354,0.095737896,0.095744311,0.095749488,0.095762947,0.095749834
2825,INPUT_GUT_90_5.txt,OUTPUT_BM1_90_5.txt,14,0.263500311,0.272665497,0.272558851,0.272597137,0.272677934,0.272654019
2826,INPUT_GUT_90_5.txt,OUTPUT_BM2_90_5.txt,14,0.178786901,0.189133239,0.189098706,0.18908873,0.189050814,0.189081963
2827,INPUT_GUT_90_5.txt,OUTPUT_GUT_90_5.txt,14,-379508,-190202.5,-190202.5,-190197.5,-190197.5,-190203
2828,INPUT_GUT_90_5.txt,OUTPUT_L_90_5.txt,14,NA,NA,NA,NA,NA,NA
2829,INPUT_GUT_90_5.txt,OUTPUT_LN1_90_5.txt,14,NA,NA,NA,NA,NA,NA
2830,INPUT_GUT_90_5.txt,OUTPUT_LN2_90_5.txt,14,0.021740592,0.024825328,0.024823644,0.024830023,0.024821349,0.024819873
2831,INPUT_GUT_90_5.txt,OUTPUT_LUNG_90_5.txt,14,0.030404599,0.05282394,0.05282394,0.052825324,0.052825324,0.052823793
2832,INPUT_GUT_90_5.txt,OUTPUT_S_90_5.txt,14,0.646191477,0.554831713,0.555088818,0.554556603,0.5546178,0.554639045
2833,INPUT_GUT_90_5.txt,OUTPUT_SKIN1_90_5.txt,14,0.031176325,0.037010896,0.037012182,0.037012457,0.037012693,0.037011967
2834,INPUT_GUT_90_5.txt,OUTPUT_SKIN10_90_5.txt,14,0.013423134,0.022162967,0.022159922,0.022159489,0.022158982,0.022156478
2835,INPUT_GUT_90_5.txt,OUTPUT_SKIN11_90_5.txt,14,0.017491499,0.016140115,0.016140115,0.01614054,0.01614054,0.016140073
2836,INPUT_GUT_90_5.txt,OUTPUT_SKIN12_90_5.txt,14,0.135143608,0.257187372,0.257327734,0.25726054,0.257373464,0.257295787
2837,INPUT_GUT_90_5.txt,OUTPUT_SKIN2_90_5.txt,14,0.006242965,0.007820378,0.007820688,0.00782091,0.007820859,0.007820839
2838,INPUT_GUT_90_5.txt,OUTPUT_SKIN3_90_5.txt,14,0.027866961,0.025127216,0.025127049,0.02512771,0.025128044,0.025127483
2839,INPUT_GUT_90_5.txt,OUTPUT_SKIN4_90_5.txt,14,0.011395398,0.016805694,0.016797761,0.016805909,0.016806438,0.01679767
2840,INPUT_GUT_90_5.txt,OUTPUT_SKIN5_90_5.txt,14,0.11036411,0.103777878,0.103788358,0.103784847,0.103782128,0.103783127
2841,INPUT_GUT_90_5.txt,OUTPUT_SKIN6_90_5.txt,14,0.008987693,0.01433972,0.01433972,0.014340097,0.014340097,0.014339682
2842,INPUT_GUT_90_5.txt,OUTPUT_SKIN7_90_5.txt,14,0.003337545,0.005003408,0.005003445,0.005003637,0.005003502,0.005003454
2843,INPUT_GUT_90_5.txt,OUTPUT_SKIN8_90_5.txt,14,0.067936225,0.05445794,0.05445794,0.054459376,0.054459376,0.054457797
2844,INPUT_GUT_90_5.txt,OUTPUT_SKIN9_90_5.txt,14,0.02494238,0.025261346,0.025260683,0.025261727,0.025262768,0.025260995
2845,INPUT_L_90_5.txt,OUTPUT_BM1_90_5.txt,14,NA,NA,NA,NA,NA,NA
2846,INPUT_L_90_5.txt,OUTPUT_BM2_90_5.txt,14,NA,NA,NA,NA,NA,NA
2847,INPUT_L_90_5.txt,OUTPUT_GUT_90_5.txt,14,NA,NA,NA,NA,NA,NA
2848,INPUT_L_90_5.txt,OUTPUT_L_90_5.txt,14,NA,NA,NA,NA,NA,NA
2849,INPUT_L_90_5.txt,OUTPUT_LN1_90_5.txt,14,NA,NA,NA,NA,NA,NA
2850,INPUT_L_90_5.txt,OUTPUT_LN2_90_5.txt,14,NA,NA,NA,NA,NA,NA
2851,INPUT_L_90_5.txt,OUTPUT_LUNG_90_5.txt,14,NA,NA,NA,NA,NA,NA
2852,INPUT_L_90_5.txt,OUTPUT_S_90_5.txt,14,NA,NA,NA,NA,NA,NA
2853,INPUT_L_90_5.txt,OUTPUT_SKIN1_90_5.txt,14,NA,NA,NA,NA,NA,NA
2854,INPUT_L_90_5.txt,OUTPUT_SKIN10_90_5.txt,14,NA,NA,NA,NA,NA,NA
2855,INPUT_L_90_5.txt,OUTPUT_SKIN11_90_5.txt,14,NA,NA,NA,NA,NA,NA
2856,INPUT_L_90_5.txt,OUTPUT_SKIN12_90_5.txt,14,NA,NA,NA,NA,NA,NA
2857,INPUT_L_90_5.txt,OUTPUT_SKIN2_90_5.txt,14,NA,NA,NA,NA,NA,NA
2858,INPUT_L_90_5.txt,OUTPUT_SKIN3_90_5.txt,14,NA,NA,NA,NA,NA,NA
2859,INPUT_L_90_5.txt,OUTPUT_SKIN4_90_5.txt,14,NA,NA,NA,NA,NA,NA
2860,INPUT_L_90_5.txt,OUTPUT_SKIN5_90_5.txt,14,NA,NA,NA,NA,NA,NA
2861,INPUT_L_90_5.txt,OUTPUT_SKIN6_90_5.txt,14,NA,NA,NA,NA,NA,NA
2862,INPUT_L_90_5.txt,OUTPUT_SKIN7_90_5.txt,14,NA,NA,NA,NA,NA,NA
2863,INPUT_L_90_5.txt,OUTPUT_SKIN8_90_5.txt,14,NA,NA,NA,NA,NA,NA
2864,INPUT_L_90_5.txt,OUTPUT_SKIN9_90_5.txt,14,NA,NA,NA,NA,NA,NA
2865,INPUT_LN1_90_5.txt,OUTPUT_BM1_90_5.txt,14,NA,NA,NA,NA,NA,NA
2866,INPUT_LN1_90_5.txt,OUTPUT_BM2_90_5.txt,14,NA,NA,NA,NA,NA,NA
2867,INPUT_LN1_90_5.txt,OUTPUT_GUT_90_5.txt,14,NA,NA,NA,NA,NA,NA
2868,INPUT_LN1_90_5.txt,OUTPUT_L_90_5.txt,14,NA,NA,NA,NA,NA,NA
2869,INPUT_LN1_90_5.txt,OUTPUT_LN1_90_5.txt,14,NA,NA,NA,NA,NA,NA
2870,INPUT_LN1_90_5.txt,OUTPUT_LN2_90_5.txt,14,NA,NA,NA,NA,NA,NA
2871,INPUT_LN1_90_5.txt,OUTPUT_LUNG_90_5.txt,14,NA,NA,NA,NA,NA,NA
2872,INPUT_LN1_90_5.txt,OUTPUT_S_90_5.txt,14,NA,NA,NA,NA,NA,NA
2873,INPUT_LN1_90_5.txt,OUTPUT_SKIN1_90_5.txt,14,NA,NA,NA,NA,NA,NA
2874,INPUT_LN1_90_5.txt,OUTPUT_SKIN10_90_5.txt,14,NA,NA,NA,NA,NA,NA
2875,INPUT_LN1_90_5.txt,OUTPUT_SKIN11_90_5.txt,14,NA,NA,NA,NA,NA,NA
2876,INPUT_LN1_90_5.txt,OUTPUT_SKIN12_90_5.txt,14,NA,NA,NA,NA,NA,NA
2877,INPUT_LN1_90_5.txt,OUTPUT_SKIN2_90_5.txt,14,NA,NA,NA,NA,NA,NA
2878,INPUT_LN1_90_5.txt,OUTPUT_SKIN3_90_5.txt,14,NA,NA,NA,NA,NA,NA
2879,INPUT_LN1_90_5.txt,OUTPUT_SKIN4_90_5.txt,14,NA,NA,NA,NA,NA,NA
2880,INPUT_LN1_90_5.txt,OUTPUT_SKIN5_90_5.txt,14,NA,NA,NA,NA,NA,NA
2881,INPUT_LN1_90_5.txt,OUTPUT_SKIN6_90_5.txt,14,NA,NA,NA,NA,NA,NA
2882,INPUT_LN1_90_5.txt,OUTPUT_SKIN7_90_5.txt,14,NA,NA,NA,NA,NA,NA
2883,INPUT_LN1_90_5.txt,OUTPUT_SKIN8_90_5.txt,14,NA,NA,NA,NA,NA,NA
2884,INPUT_LN1_90_5.txt,OUTPUT_SKIN9_90_5.txt,14,NA,NA,NA,NA,NA,NA
2885,INPUT_LN2_90_5.txt,OUTPUT_BM1_90_5.txt,14,2.847872998,2.676549478,2.675617164,2.675653788,2.676811588,2.676687668
2886,INPUT_LN2_90_5.txt,OUTPUT_BM2_90_5.txt,14,1.553100635,1.19364767,1.193473046,1.193251532,1.193213136,1.193455203
2887,INPUT_LN2_90_5.txt,OUTPUT_GUT_90_5.txt,14,0.054304516,0.044211112,0.044212611,0.044205191,0.04421291,0.044216141
2888,INPUT_LN2_90_5.txt,OUTPUT_L_90_5.txt,14,NA,NA,NA,NA,NA,NA
2889,INPUT_LN2_90_5.txt,OUTPUT_LN1_90_5.txt,14,NA,NA,NA,NA,NA,NA
2890,INPUT_LN2_90_5.txt,OUTPUT_LN2_90_5.txt,14,-588380.5,-294834.5,-294824.5,-294858.5,-294807,-294802.5
2891,INPUT_LN2_90_5.txt,OUTPUT_LUNG_90_5.txt,14,0.08320657,0.068652338,0.068654669,0.068646519,0.068658526,0.068659575
2892,INPUT_LN2_90_5.txt,OUTPUT_S_90_5.txt,14,2.701464131,2.34475845,2.34586729,2.343428458,2.344028552,2.344203978
2893,INPUT_LN2_90_5.txt,OUTPUT_SKIN1_90_5.txt,14,0.139550516,0.111850474,0.111860084,0.111843142,0.111863475,0.111868105
2894,INPUT_LN2_90_5.txt,OUTPUT_SKIN10_90_5.txt,14,0.026135846,0.027379284,0.027376279,0.027371823,0.027375937,0.027373978
2895,INPUT_LN2_90_5.txt,OUTPUT_SKIN11_90_5.txt,14,0.028223001,0.023334067,0.023334859,0.023332166,0.023336245,0.023336602
2896,INPUT_LN2_90_5.txt,OUTPUT_SKIN12_90_5.txt,14,0.115025848,0.177170753,0.177258624,0.177191937,0.177280549,0.17724659
2897,INPUT_LN2_90_5.txt,OUTPUT_SKIN2_90_5.txt,14,0.010825073,0.010246466,0.010247272,0.010245991,0.01024774,0.010248245
2898,INPUT_LN2_90_5.txt,OUTPUT_SKIN3_90_5.txt,14,0.138105608,0.129036786,0.129038538,0.129023601,0.129051505,0.129056126
2899,INPUT_LN2_90_5.txt,OUTPUT_SKIN4_90_5.txt,14,0.015867693,0.01373241,0.01374159,0.013730786,0.01373352,0.013742286
2900,INPUT_LN2_90_5.txt,OUTPUT_SKIN5_90_5.txt,14,0.151808321,0.218781878,0.218806328,0.21876939,0.21879896,0.218811232
2901,INPUT_LN2_90_5.txt,OUTPUT_SKIN6_90_5.txt,14,0.065155864,0.064995027,0.064997234,0.064989729,0.065001098,0.065002092
2902,INPUT_LN2_90_5.txt,OUTPUT_SKIN7_90_5.txt,14,0.013920357,0.011318,0.011318599,0.011317344,0.011319057,0.011319494
2903,INPUT_LN2_90_5.txt,OUTPUT_SKIN8_90_5.txt,14,0.12014863,0.133768866,0.133773417,0.133757933,0.133781391,0.133783447
2904,INPUT_LN2_90_5.txt,OUTPUT_SKIN9_90_5.txt,14,0.125686123,0.110420988,0.110421886,0.110410743,0.110434587,0.110431794
2905,INPUT_LUNG_90_5.txt,OUTPUT_BM1_90_5.txt,14,0.746287891,0.949986242,0.949630548,0.949736272,0.950005745,0.949951848
2906,INPUT_LUNG_90_5.txt,OUTPUT_BM2_90_5.txt,14,0.597882976,0.586650217,0.586545745,0.586501627,0.586386926,0.58649753
2907,INPUT_LUNG_90_5.txt,OUTPUT_GUT_90_5.txt,14,0.080097457,0.098922829,0.098922829,0.0989178,0.0989178,0.098923507
2908,INPUT_LUNG_90_5.txt,OUTPUT_L_90_5.txt,14,NA,NA,NA,NA,NA,NA
2909,INPUT_LUNG_90_5.txt,OUTPUT_LN1_90_5.txt,14,NA,NA,NA,NA,NA,NA
2910,INPUT_LUNG_90_5.txt,OUTPUT_LN2_90_5.txt,14,0.204540241,0.179564124,0.179552,0.179593539,0.179531044,0.17952557
2911,INPUT_LUNG_90_5.txt,OUTPUT_LUNG_90_5.txt,14,-617561,-309767.5,-309767.5,-309767,-309767,-309767
2912,INPUT_LUNG_90_5.txt,OUTPUT_S_90_5.txt,14,2.544523631,1.426298011,1.42691598,1.425605164,1.425752264,1.425840527
2913,INPUT_LUNG_90_5.txt,OUTPUT_SKIN1_90_5.txt,14,0.188070555,0.164726146,0.164730467,0.164728959,0.164729984,0.16473022
2914,INPUT_LUNG_90_5.txt,OUTPUT_SKIN10_90_5.txt,14,0.056694028,0.060376236,0.060367968,0.060365307,0.060363932,0.060358874
2915,INPUT_LUNG_90_5.txt,OUTPUT_SKIN11_90_5.txt,14,0.045617025,0.033912575,0.033912575,0.03391263,0.03391263,0.03391263
2916,INPUT_LUNG_90_5.txt,OUTPUT_SKIN12_90_5.txt,14,0.352580274,0.337391911,0.337575717,0.337482234,0.337604162,0.337517376
2917,INPUT_LUNG_90_5.txt,OUTPUT_SKIN2_90_5.txt,14,0.02105021,0.027484766,0.027485899,0.027485801,0.02748559,0.027486603
2918,INPUT_LUNG_90_5.txt,OUTPUT_SKIN3_90_5.txt,14,0.148944163,0.114467536,0.114462214,0.114462398,0.114473042,0.114478364
2919,INPUT_LUNG_90_5.txt,OUTPUT_SKIN4_90_5.txt,14,0.034172033,0.038382262,0.038364139,0.038381712,0.038382932,0.038364047
2920,INPUT_LUNG_90_5.txt,OUTPUT_SKIN5_90_5.txt,14,0.304857719,0.241699772,0.241722973,0.241708661,0.241700604,0.241711913
2921,INPUT_LUNG_90_5.txt,OUTPUT_SKIN6_90_5.txt,14,0.104140704,0.070593089,0.070593089,0.070593203,0.070593203,0.070593203
2922,INPUT_LUNG_90_5.txt,OUTPUT_SKIN7_90_5.txt,14,0.10762766,0.085867822,0.085864746,0.085869114,0.085864116,0.085865268
2923,INPUT_LUNG_90_5.txt,OUTPUT_SKIN8_90_5.txt,14,0.091849703,0.13901285,0.13901285,0.139013071,0.139013071,0.139013071
2924,INPUT_LUNG_90_5.txt,OUTPUT_SKIN9_90_5.txt,14,0.585795244,0.550845065,0.550830835,0.550839839,0.550862201,0.550839839
2925,INPUT_S_90_5.txt,OUTPUT_BM1_90_5.txt,14,25.86679777,22.16854975,22.15458098,22.16820286,22.17360817,22.17153572
2926,INPUT_S_90_5.txt,OUTPUT_BM2_90_5.txt,14,35.1630725,29.66188377,29.64864859,29.66221915,29.6541693,29.65912162
2927,INPUT_S_90_5.txt,OUTPUT_GUT_90_5.txt,14,0.041444785,0.067942874,0.067927032,0.06795713,0.067953355,0.067955025
2928,INPUT_S_90_5.txt,OUTPUT_L_90_5.txt,14,NA,NA,NA,NA,NA,NA
2929,INPUT_S_90_5.txt,OUTPUT_LN1_90_5.txt,14,NA,NA,NA,NA,NA,NA
2930,INPUT_S_90_5.txt,OUTPUT_LN2_90_5.txt,14,0.077734786,0.101158147,0.101127603,0.101201463,0.101159967,0.101153414
2931,INPUT_S_90_5.txt,OUTPUT_LUNG_90_5.txt,14,0.061387114,0.085797127,0.085777087,0.085819399,0.085814624,0.08581176
2932,INPUT_S_90_5.txt,OUTPUT_S_90_5.txt,14,-719697.5,-360739,-360823,-360644.5,-360664.5,-360676.5
2933,INPUT_S_90_5.txt,OUTPUT_SKIN1_90_5.txt,14,0.144642316,0.103690871,0.103664996,0.103719565,0.10371458,0.103707032
2934,INPUT_S_90_5.txt,OUTPUT_SKIN10_90_5.txt,14,0.018147883,0.021546509,0.021538709,0.021548453,0.021546795,0.021544377
2935,INPUT_S_90_5.txt,OUTPUT_SKIN11_90_5.txt,14,0.004961358,0.015733326,0.01572966,0.015737451,0.015736578,0.015736054
2936,INPUT_S_90_5.txt,OUTPUT_SKIN12_90_5.txt,14,0.090229878,0.167783775,0.167814611,0.167856157,0.167898261,0.167861424
2937,INPUT_S_90_5.txt,OUTPUT_SKIN2_90_5.txt,14,0.044706978,0.061938201,0.061924514,0.061956366,0.061950876,0.061952726
2938,INPUT_S_90_5.txt,OUTPUT_SKIN3_90_5.txt,14,0.116943783,0.103484799,0.103461058,0.103512526,0.10350581,0.103501876
2939,INPUT_S_90_5.txt,OUTPUT_SKIN4_90_5.txt,14,0.013868006,0.020726253,0.020750388,0.020730691,0.020729863,0.020758073
2940,INPUT_S_90_5.txt,OUTPUT_SKIN5_90_5.txt,14,0.078014456,0.121492075,0.121473538,0.121527162,0.121517584,0.121521512
2941,INPUT_S_90_5.txt,OUTPUT_SKIN6_90_5.txt,14,0.020253835,0.034353147,0.034345138,0.034362161,0.034360253,0.034359108
2942,INPUT_S_90_5.txt,OUTPUT_SKIN7_90_5.txt,14,0.00866852,0.008990458,0.008988276,0.008992937,0.008992146,0.008991969
2943,INPUT_S_90_5.txt,OUTPUT_SKIN8_90_5.txt,14,0.171354336,0.217546353,0.217495189,0.217603942,0.217591751,0.217584437
2944,INPUT_S_90_5.txt,OUTPUT_SKIN9_90_5.txt,14,0.187665486,0.183811623,0.183764573,0.18385856,0.183854363,0.183842101
2945,INPUT_SKIN1_90_5.txt,OUTPUT_BM1_90_5.txt,14,0.864564805,1.08244884,1.082123995,1.082229692,1.08245216,1.082393552
2946,INPUT_SKIN1_90_5.txt,OUTPUT_BM2_90_5.txt,14,0.583854388,0.687141673,0.687021745,0.686989059,0.686874007,0.686974402
2947,INPUT_SKIN1_90_5.txt,OUTPUT_GUT_90_5.txt,14,0.520320175,0.576032436,0.576018122,0.576000603,0.575998844,0.576021754
2948,INPUT_SKIN1_90_5.txt,OUTPUT_L_90_5.txt,14,NA,NA,NA,NA,NA,NA
2949,INPUT_SKIN1_90_5.txt,OUTPUT_LN1_90_5.txt,14,NA,NA,NA,NA,NA,NA
2950,INPUT_SKIN1_90_5.txt,OUTPUT_LN2_90_5.txt,14,0.694189861,0.396838396,0.396802579,0.396896934,0.396763194,0.396746995
2951,INPUT_SKIN1_90_5.txt,OUTPUT_LUNG_90_5.txt,14,0.241937489,0.140790843,0.140787354,0.140789297,0.140788862,0.140787117
2952,INPUT_SKIN1_90_5.txt,OUTPUT_S_90_5.txt,14,1.496621802,1.530626045,1.530995666,1.530155307,1.530247835,1.530287028
2953,INPUT_SKIN1_90_5.txt,OUTPUT_SKIN1_90_5.txt,14,-644437,-323132.5,-323140.5,-323135,-323136,-323140
2954,INPUT_SKIN1_90_5.txt,OUTPUT_SKIN10_90_5.txt,14,0.111316787,0.12167231,0.121653523,0.121650296,0.121647316,0.121636149
2955,INPUT_SKIN1_90_5.txt,OUTPUT_SKIN11_90_5.txt,14,0.034016942,0.036080844,0.036079951,0.036080565,0.036080453,0.036080007
2956,INPUT_SKIN1_90_5.txt,OUTPUT_SKIN12_90_5.txt,14,0.800343633,0.727204386,0.727576063,0.727386179,0.727643962,0.727454524
2957,INPUT_SKIN1_90_5.txt,OUTPUT_SKIN2_90_5.txt,14,0.061317002,0.062074567,0.062075613,0.062076455,0.062076028,0.062076883
2958,INPUT_SKIN1_90_5.txt,OUTPUT_SKIN3_90_5.txt,14,0.154475017,0.134672176,0.134666484,0.134668774,0.134673076,0.134673765
2959,INPUT_SKIN1_90_5.txt,OUTPUT_SKIN4_90_5.txt,14,0.091930292,0.075781628,0.075918832,0.075776816,0.075777486,0.075915626
2960,INPUT_SKIN1_90_5.txt,OUTPUT_SKIN5_90_5.txt,14,1.160444945,1.022164579,1.022268665,1.02227963,1.022418526,1.022115405
2961,INPUT_SKIN1_90_5.txt,OUTPUT_SKIN6_90_5.txt,14,0.179060898,0.127208921,0.127205767,0.127207937,0.12720754,0.127205964
2962,INPUT_SKIN1_90_5.txt,OUTPUT_SKIN7_90_5.txt,14,0.074420592,0.074427104,0.074425925,0.074427525,0.074426296,0.074426372
2963,INPUT_SKIN1_90_5.txt,OUTPUT_SKIN8_90_5.txt,14,0.363978667,0.309375056,0.309367401,0.309372651,0.309371717,0.309367882
2964,INPUT_SKIN1_90_5.txt,OUTPUT_SKIN9_90_5.txt,14,0.114033212,0.394656375,0.394636465,0.394648877,0.394663973,0.394642957
2965,INPUT_SKIN10_90_5.txt,OUTPUT_BM1_90_5.txt,14,0.65691893,0.787378067,0.787276209,0.787338384,0.787463127,0.787471497
2966,INPUT_SKIN10_90_5.txt,OUTPUT_BM2_90_5.txt,14,0.466457033,0.493943749,0.493913045,0.493896659,0.493832855,0.493919307
2967,INPUT_SKIN10_90_5.txt,OUTPUT_GUT_90_5.txt,14,0.501286565,0.564375459,0.564412418,0.564401721,0.564407872,0.564455806
2968,INPUT_SKIN10_90_5.txt,OUTPUT_L_90_5.txt,14,NA,NA,NA,NA,NA,NA
2969,INPUT_SKIN10_90_5.txt,OUTPUT_LN1_90_5.txt,14,NA,NA,NA,NA,NA,NA
2970,INPUT_SKIN10_90_5.txt,OUTPUT_LN2_90_5.txt,14,0.120455809,0.142402674,0.142402691,0.142437082,0.142391269,0.142392899
2971,INPUT_SKIN10_90_5.txt,OUTPUT_LUNG_90_5.txt,14,0.191063932,0.171067945,0.171079083,0.17108277,0.17108463,0.171091432
2972,INPUT_SKIN10_90_5.txt,OUTPUT_S_90_5.txt,14,0.757618867,0.872884648,0.87311895,0.872761613,0.872813256,0.872873653
2973,INPUT_SKIN10_90_5.txt,OUTPUT_SKIN1_90_5.txt,14,0.227417998,0.233283892,0.233310634,0.233307739,0.23331177,0.233326809
2974,INPUT_SKIN10_90_5.txt,OUTPUT_SKIN10_90_5.txt,14,-550576,-276851,-276833,-276827,-276824,-276813
2975,INPUT_SKIN10_90_5.txt,OUTPUT_SKIN11_90_5.txt,14,0.039787247,0.041570632,0.041573336,0.041574237,0.041574688,0.041576341
2976,INPUT_SKIN10_90_5.txt,OUTPUT_SKIN12_90_5.txt,14,0.305232933,0.286196394,0.28636235,0.286295405,0.286398872,0.286337808
2977,INPUT_SKIN10_90_5.txt,OUTPUT_SKIN2_90_5.txt,14,0.097630174,0.145773944,0.145789601,0.145793177,0.145794199,0.145802964
2978,INPUT_SKIN10_90_5.txt,OUTPUT_SKIN3_90_5.txt,14,0.146804968,0.144777635,0.144786077,0.144789223,0.144792779,0.144799538
2979,INPUT_SKIN10_90_5.txt,OUTPUT_SKIN4_90_5.txt,14,0.104906907,0.09237184,0.092549194,0.092374944,0.092376984,0.092551939
2980,INPUT_SKIN10_90_5.txt,OUTPUT_SKIN5_90_5.txt,14,0.499382382,0.458976735,0.459049723,0.459040271,0.459056815,0.459044596
2981,INPUT_SKIN10_90_5.txt,OUTPUT_SKIN6_90_5.txt,14,0.272341325,0.205028545,0.205041897,0.20504634,0.205048574,0.205056719
2982,INPUT_SKIN10_90_5.txt,OUTPUT_SKIN7_90_5.txt,14,0.057238463,0.055509345,0.055513847,0.055515299,0.055514761,0.055518107
2983,INPUT_SKIN10_90_5.txt,OUTPUT_SKIN8_90_5.txt,14,0.270514579,0.264929193,0.264946472,0.264952231,0.264955113,0.264965671
2984,INPUT_SKIN10_90_5.txt,OUTPUT_SKIN9_90_5.txt,14,0.583009419,0.532211383,0.532232237,0.532251911,0.53227967,0.532279069
2985,INPUT_SKIN11_90_5.txt,OUTPUT_BM1_90_5.txt,14,0.040410084,0.039146279,0.039148393,0.039147774,0.039146172,0.039146492
2986,INPUT_SKIN11_90_5.txt,OUTPUT_BM2_90_5.txt,14,0.045509253,0.042040089,0.042041414,0.042041985,0.042043441,0.042042037
2987,INPUT_SKIN11_90_5.txt,OUTPUT_GUT_90_5.txt,14,0.097696669,0.071737242,0.071737242,0.071738292,0.071738292,0.071737137
2988,INPUT_SKIN11_90_5.txt,OUTPUT_L_90_5.txt,14,NA,NA,NA,NA,NA,NA
2989,INPUT_SKIN11_90_5.txt,OUTPUT_LN1_90_5.txt,14,NA,NA,NA,NA,NA,NA
2990,INPUT_SKIN11_90_5.txt,OUTPUT_LN2_90_5.txt,14,0.086231017,0.077906483,0.077906386,0.077903607,0.077908482,0.077910316
2991,INPUT_SKIN11_90_5.txt,OUTPUT_LUNG_90_5.txt,14,0.150524881,0.122723753,0.122723753,0.122723353,0.122723353,0.122723353
2992,INPUT_SKIN11_90_5.txt,OUTPUT_S_90_5.txt,14,0.052721492,0.039711539,0.039709032,0.039714361,0.039713764,0.039713405
2993,INPUT_SKIN11_90_5.txt,OUTPUT_SKIN1_90_5.txt,14,0.324207326,0.232070037,0.232072237,0.23207423,0.232070871,0.232071519
2994,INPUT_SKIN11_90_5.txt,OUTPUT_SKIN10_90_5.txt,14,0.126054823,0.121144013,0.121131465,0.121123571,0.121125722,0.121110808
2995,INPUT_SKIN11_90_5.txt,OUTPUT_SKIN11_90_5.txt,14,-626242.5,-314222,-314222,-314222,-314222,-314222
2996,INPUT_SKIN11_90_5.txt,OUTPUT_SKIN12_90_5.txt,14,0.291986526,0.357006182,0.357187073,0.357131217,0.357220056,0.357131713
2997,INPUT_SKIN11_90_5.txt,OUTPUT_SKIN2_90_5.txt,14,0.053795223,0.057610486,0.05761272,0.057612229,0.057611848,0.057613973
2998,INPUT_SKIN11_90_5.txt,OUTPUT_SKIN3_90_5.txt,14,0.181153929,0.171936554,0.17193733,0.17193733,0.171935778,0.171935002
2999,INPUT_SKIN11_90_5.txt,OUTPUT_SKIN4_90_5.txt,14,0.095439264,0.067797288,0.067889098,0.06779422,0.067795285,0.067886765
3000,INPUT_SKIN11_90_5.txt,OUTPUT_SKIN5_90_5.txt,14,0.572791734,0.619560686,0.619618518,0.619584908,0.619584682,0.619588119
3001,INPUT_SKIN11_90_5.txt,OUTPUT_SKIN6_90_5.txt,14,0.270366872,0.20869735,0.20869735,0.20869735,0.20869735,0.20869735
3002,INPUT_SKIN11_90_5.txt,OUTPUT_SKIN7_90_5.txt,14,0.081931661,0.075324064,0.075323323,0.075324945,0.075322735,0.075323616
3003,INPUT_SKIN11_90_5.txt,OUTPUT_SKIN8_90_5.txt,14,0.175746756,0.14697022,0.14697022,0.14697022,0.14697022,0.14697022
3004,INPUT_SKIN11_90_5.txt,OUTPUT_SKIN9_90_5.txt,14,0.107180068,0.284015615,0.284025907,0.284020026,0.284003853,0.284020026
3005,INPUT_SKIN12_90_5.txt,OUTPUT_BM1_90_5.txt,14,0.406565743,0.382598497,0.382360701,0.382407526,0.382491858,0.382516776
3006,INPUT_SKIN12_90_5.txt,OUTPUT_BM2_90_5.txt,14,0.422681335,0.401372812,0.401200879,0.401179721,0.401084482,0.401203393
3007,INPUT_SKIN12_90_5.txt,OUTPUT_GUT_90_5.txt,14,2.826993464,2.70852341,2.707769658,2.707188964,2.707629462,2.708034373
3008,INPUT_SKIN12_90_5.txt,OUTPUT_L_90_5.txt,14,NA,NA,NA,NA,NA,NA
3009,INPUT_SKIN12_90_5.txt,OUTPUT_LN1_90_5.txt,14,NA,NA,NA,NA,NA,NA
3010,INPUT_SKIN12_90_5.txt,OUTPUT_LN2_90_5.txt,14,0.135703559,0.210083282,0.21001444,0.210084991,0.209981628,0.210001659
3011,INPUT_SKIN12_90_5.txt,OUTPUT_LUNG_90_5.txt,14,0.246288664,0.460850163,0.460729189,0.460782698,0.460709327,0.460766761
3012,INPUT_SKIN12_90_5.txt,OUTPUT_S_90_5.txt,14,0.728311885,1.395385322,1.395438753,1.394112039,1.394605895,1.394814801
3013,INPUT_SKIN12_90_5.txt,OUTPUT_SKIN1_90_5.txt,14,0.39029276,0.471187287,0.471078733,0.47113284,0.471053907,0.471115329
3014,INPUT_SKIN12_90_5.txt,OUTPUT_SKIN10_90_5.txt,14,0.071005023,0.094319041,0.094282139,0.094290432,0.094272222,0.094276465
3015,INPUT_SKIN12_90_5.txt,OUTPUT_SKIN11_90_5.txt,14,0.028690354,0.231325843,0.231265227,0.231295686,0.231255902,0.231284811
3016,INPUT_SKIN12_90_5.txt,OUTPUT_SKIN12_90_5.txt,14,-743327.5,-373288.5,-373386,-373337,-373401,-373354.5
3017,INPUT_SKIN12_90_5.txt,OUTPUT_SKIN2_90_5.txt,14,0.052609244,0.046072192,0.046062028,0.046067589,0.046059428,0.04606683
3018,INPUT_SKIN12_90_5.txt,OUTPUT_SKIN3_90_5.txt,14,0.198268198,0.195380031,0.195318829,0.195343813,0.195331437,0.195366823
3019,INPUT_SKIN12_90_5.txt,OUTPUT_SKIN4_90_5.txt,14,0.115837064,0.106723222,0.106931961,0.106702669,0.106685292,0.106935618
3020,INPUT_SKIN12_90_5.txt,OUTPUT_SKIN5_90_5.txt,14,0.7507551,1.640959828,1.640591082,1.640879096,1.641382929,1.640611185
3021,INPUT_SKIN12_90_5.txt,OUTPUT_SKIN6_90_5.txt,14,0.220339538,0.18691182,0.186862894,0.186886902,0.186855411,0.18687872
3022,INPUT_SKIN12_90_5.txt,OUTPUT_SKIN7_90_5.txt,14,0.044141725,0.04859155,0.048579104,0.048585902,0.048576442,0.048583216
3023,INPUT_SKIN12_90_5.txt,OUTPUT_SKIN8_90_5.txt,14,0.274298135,0.314385818,0.314303322,0.314344422,0.314290647,0.314330013
3024,INPUT_SKIN12_90_5.txt,OUTPUT_SKIN9_90_5.txt,14,0.196488559,0.770296775,0.770075784,0.770186107,0.770083171,0.77015035
3025,INPUT_SKIN2_90_5.txt,OUTPUT_BM1_90_5.txt,14,1.189698288,1.444287757,1.443809938,1.443949266,1.444291033,1.444198416
3026,INPUT_SKIN2_90_5.txt,OUTPUT_BM2_90_5.txt,14,1.181097148,1.279532042,1.27931299,1.279237367,1.279028812,1.279210332
3027,INPUT_SKIN2_90_5.txt,OUTPUT_GUT_90_5.txt,14,0.769624879,0.784569837,0.784553427,0.784519488,0.784520941,0.784549866
3028,INPUT_SKIN2_90_5.txt,OUTPUT_L_90_5.txt,14,NA,NA,NA,NA,NA,NA
3029,INPUT_SKIN2_90_5.txt,OUTPUT_LN1_90_5.txt,14,NA,NA,NA,NA,NA,NA
3030,INPUT_SKIN2_90_5.txt,OUTPUT_LN2_90_5.txt,14,0.141775769,0.183729173,0.183713043,0.183755914,0.18369292,0.183684298
3031,INPUT_SKIN2_90_5.txt,OUTPUT_LUNG_90_5.txt,14,0.146031738,0.259598265,0.259592822,0.259594931,0.259595406,0.259590986
3032,INPUT_SKIN2_90_5.txt,OUTPUT_S_90_5.txt,14,1.487794586,1.618093132,1.618631456,1.617424357,1.617563751,1.61761767
3033,INPUT_SKIN2_90_5.txt,OUTPUT_SKIN1_90_5.txt,14,0.214877854,0.24626906,0.246276106,0.246269129,0.24627112,0.246273019
3034,INPUT_SKIN2_90_5.txt,OUTPUT_SKIN10_90_5.txt,14,0.191160593,0.222444859,0.222411595,0.222403349,0.222398986,0.22237773
3035,INPUT_SKIN2_90_5.txt,OUTPUT_SKIN11_90_5.txt,14,0.059593386,0.058561788,0.058560568,0.058560901,0.058561011,0.058560014
3036,INPUT_SKIN2_90_5.txt,OUTPUT_SKIN12_90_5.txt,14,0.406089352,0.494769209,0.495009861,0.494884062,0.495051531,0.494924519
3037,INPUT_SKIN2_90_5.txt,OUTPUT_SKIN2_90_5.txt,14,-528291.5,-264209,-264214.5,-264213,-264212.5,-264217
3038,INPUT_SKIN2_90_5.txt,OUTPUT_SKIN3_90_5.txt,14,0.212835749,0.329097205,0.329091836,0.329093722,0.329091331,0.329084221
3039,INPUT_SKIN2_90_5.txt,OUTPUT_SKIN4_90_5.txt,14,0.154631811,0.122462688,0.12270425,0.122453679,0.122455203,0.122697388
3040,INPUT_SKIN2_90_5.txt,OUTPUT_SKIN5_90_5.txt,14,1.03806414,0.956784285,0.956805616,0.956774839,0.956851365,0.956763663
3041,INPUT_SKIN2_90_5.txt,OUTPUT_SKIN6_90_5.txt,14,0.205609209,0.14880738,0.14880428,0.148805132,0.148805407,0.14880288
3042,INPUT_SKIN2_90_5.txt,OUTPUT_SKIN7_90_5.txt,14,0.068236439,0.05933744,0.059337504,0.059338106,0.059336654,0.059337207
3043,INPUT_SKIN2_90_5.txt,OUTPUT_SKIN8_90_5.txt,14,0.333094962,0.281322271,0.281316408,0.281318024,0.28131854,0.281313765
3044,INPUT_SKIN2_90_5.txt,OUTPUT_SKIN9_90_5.txt,14,0.979832847,0.8678501,0.867810053,0.867827607,0.867863744,0.867814546
3045,INPUT_SKIN3_90_5.txt,OUTPUT_BM1_90_5.txt,14,3.733335057,3.529481098,3.529184802,3.529269256,3.529503695,3.529468074
3046,INPUT_SKIN3_90_5.txt,OUTPUT_BM2_90_5.txt,14,2.8444346,2.620312913,2.620098643,2.620008763,2.619791818,2.620018391
3047,INPUT_SKIN3_90_5.txt,OUTPUT_GUT_90_5.txt,14,0.28500409,0.369415485,0.36941465,0.369396193,0.369397862,0.369419001
3048,INPUT_SKIN3_90_5.txt,OUTPUT_L_90_5.txt,14,NA,NA,NA,NA,NA,NA
3049,INPUT_SKIN3_90_5.txt,OUTPUT_LN1_90_5.txt,14,NA,NA,NA,NA,NA,NA
3050,INPUT_SKIN3_90_5.txt,OUTPUT_LN2_90_5.txt,14,0.364959465,0.688852446,0.688807258,0.688953999,0.6887352,0.688718091
3051,INPUT_SKIN3_90_5.txt,OUTPUT_LUNG_90_5.txt,14,0.094597442,0.226584382,0.22658387,0.226583122,0.226584145,0.226584656
3052,INPUT_SKIN3_90_5.txt,OUTPUT_S_90_5.txt,14,4.421782679,4.121793828,4.12190813,4.121645319,4.121693383,4.121720359
3053,INPUT_SKIN3_90_5.txt,OUTPUT_SKIN1_90_5.txt,14,0.464570759,0.530200413,0.530225348,0.530207303,0.530213119,0.530227336
3054,INPUT_SKIN3_90_5.txt,OUTPUT_SKIN10_90_5.txt,14,0.29859342,0.251195183,0.251162137,0.251151307,0.251147033,0.251127747
3055,INPUT_SKIN3_90_5.txt,OUTPUT_SKIN11_90_5.txt,14,0.193141641,0.213907606,0.213907125,0.213907125,0.213908087,0.213908569
3056,INPUT_SKIN3_90_5.txt,OUTPUT_SKIN12_90_5.txt,14,0.490064102,0.411202425,0.411418263,0.411307876,0.411452995,0.411351406
3057,INPUT_SKIN3_90_5.txt,OUTPUT_SKIN2_90_5.txt,14,0.150468337,0.110860336,0.110864783,0.110864357,0.110864428,0.110867669
3058,INPUT_SKIN3_90_5.txt,OUTPUT_SKIN3_90_5.txt,14,-444159.5,-222245.5,-222246,-222246,-222245,-222244.5
3059,INPUT_SKIN3_90_5.txt,OUTPUT_SKIN4_90_5.txt,14,0.08433278,0.100607823,0.100813421,0.100601622,0.100603094,0.100809324
3060,INPUT_SKIN3_90_5.txt,OUTPUT_SKIN5_90_5.txt,14,1.1380266,0.778712329,0.77880093,0.778776879,0.778815791,0.778716035
3061,INPUT_SKIN3_90_5.txt,OUTPUT_SKIN6_90_5.txt,14,1.50649469,1.327993435,1.327990384,1.327990384,1.327996487,1.327999538
3062,INPUT_SKIN3_90_5.txt,OUTPUT_SKIN7_90_5.txt,14,0.211350264,0.209651421,0.209661494,0.209662456,0.209651869,0.20966385
3063,INPUT_SKIN3_90_5.txt,OUTPUT_SKIN8_90_5.txt,14,0.326850843,0.322963149,0.322962419,0.322962419,0.32296388,0.32296461
3064,INPUT_SKIN3_90_5.txt,OUTPUT_SKIN9_90_5.txt,14,0.176073163,0.314262243,0.314253311,0.314258009,0.31427235,0.314260141
3065,INPUT_SKIN4_90_5.txt,OUTPUT_BM1_90_5.txt,14,0.444867015,0.269221982,0.269187198,0.269154376,0.269224803,0.269276417
3066,INPUT_SKIN4_90_5.txt,OUTPUT_BM2_90_5.txt,14,0.419107015,0.266601356,0.266618791,0.266537809,0.26648349,0.26659767
3067,INPUT_SKIN4_90_5.txt,OUTPUT_GUT_90_5.txt,14,14.37487658,12.09626589,12.09954956,12.09693231,12.09670756,12.09952048
3068,INPUT_SKIN4_90_5.txt,OUTPUT_L_90_5.txt,14,NA,NA,NA,NA,NA,NA
3069,INPUT_SKIN4_90_5.txt,OUTPUT_LN1_90_5.txt,14,NA,NA,NA,NA,NA,NA
3070,INPUT_SKIN4_90_5.txt,OUTPUT_LN2_90_5.txt,14,0.164506909,0.146205361,0.146230276,0.14622976,0.146177341,0.146209164
3071,INPUT_SKIN4_90_5.txt,OUTPUT_LUNG_90_5.txt,14,0.074573497,0.174386193,0.174427641,0.174387972,0.174385181,0.174428382
3072,INPUT_SKIN4_90_5.txt,OUTPUT_S_90_5.txt,14,0.75622454,1.074978519,1.075595384,1.074577467,1.074646826,1.074964456
3073,INPUT_SKIN4_90_5.txt,OUTPUT_SKIN1_90_5.txt,14,0.151289599,0.098039178,0.09806648,0.098041402,0.098040454,0.098066338
3074,INPUT_SKIN4_90_5.txt,OUTPUT_SKIN10_90_5.txt,14,0.071807537,0.082056353,0.082065186,0.0820428,0.082039733,0.082053493
3075,INPUT_SKIN4_90_5.txt,OUTPUT_SKIN11_90_5.txt,14,0.053333983,0.022744273,0.022749666,0.022744454,0.022744091,0.022749712
3076,INPUT_SKIN4_90_5.txt,OUTPUT_SKIN12_90_5.txt,14,0.241094285,0.199674975,0.19982844,0.199728484,0.199795371,0.199795042
3077,INPUT_SKIN4_90_5.txt,OUTPUT_SKIN2_90_5.txt,14,0.038154903,0.041118488,0.041129832,0.04112038,0.041119462,0.041130791
3078,INPUT_SKIN4_90_5.txt,OUTPUT_SKIN3_90_5.txt,14,0.139081201,0.125720655,0.125746985,0.125717998,0.12572287,0.125757377
3079,INPUT_SKIN4_90_5.txt,OUTPUT_SKIN4_90_5.txt,14,-502550.5,-251060.5,-251001,-251058.5,-251062.5,-251000.5
3080,INPUT_SKIN4_90_5.txt,OUTPUT_SKIN5_90_5.txt,14,0.656175732,0.597306529,0.597509932,0.597334167,0.597303751,0.597485281
3081,INPUT_SKIN4_90_5.txt,OUTPUT_SKIN6_90_5.txt,14,0.911210113,0.471216526,0.471329177,0.471220306,0.47121269,0.47133012
3082,INPUT_SKIN4_90_5.txt,OUTPUT_SKIN7_90_5.txt,14,0.062461939,0.058200748,0.058214779,0.058202856,0.058198758,0.058215038
3083,INPUT_SKIN4_90_5.txt,OUTPUT_SKIN8_90_5.txt,14,0.19977099,0.167325905,0.167365687,0.167327241,0.167324567,0.167366021
3084,INPUT_SKIN4_90_5.txt,OUTPUT_SKIN9_90_5.txt,14,0.264448153,0.160727411,0.160761473,0.16072684,0.160730717,0.16076408
3085,INPUT_SKIN5_90_5.txt,OUTPUT_BM1_90_5.txt,14,0.454806166,0.295840373,0.295727563,0.295766146,0.295851632,0.295825266
3086,INPUT_SKIN5_90_5.txt,OUTPUT_BM2_90_5.txt,14,0.588091349,0.380475256,0.380400399,0.380388564,0.380340529,0.380385589
3087,INPUT_SKIN5_90_5.txt,OUTPUT_GUT_90_5.txt,14,5.966537519,5.421445757,5.42117701,5.421579261,5.421640712,5.421321995
3088,INPUT_SKIN5_90_5.txt,OUTPUT_L_90_5.txt,14,NA,NA,NA,NA,NA,NA
3089,INPUT_SKIN5_90_5.txt,OUTPUT_LN1_90_5.txt,14,NA,NA,NA,NA,NA,NA
3090,INPUT_SKIN5_90_5.txt,OUTPUT_LN2_90_5.txt,14,2.380245391,1.936482553,1.936314081,1.936595232,1.936347565,1.93625763
3091,INPUT_SKIN5_90_5.txt,OUTPUT_LUNG_90_5.txt,14,0.308156007,16.62263523,16.62194781,16.62250842,16.62258338,16.62225819
3092,INPUT_SKIN5_90_5.txt,OUTPUT_S_90_5.txt,14,2.107671214,1.987776162,1.987639061,1.987791408,1.987854521,1.987770892
3093,INPUT_SKIN5_90_5.txt,OUTPUT_SKIN1_90_5.txt,14,0.814627753,0.716808875,0.716810239,0.716809394,0.716839947,0.716829337
3094,INPUT_SKIN5_90_5.txt,OUTPUT_SKIN10_90_5.txt,14,0.172565132,0.341169034,0.341107345,0.341103414,0.341108464,0.341067529
3095,INPUT_SKIN5_90_5.txt,OUTPUT_SKIN11_90_5.txt,14,0.077245992,0.09465345,0.094648896,0.094651999,0.094655465,0.094651805
3096,INPUT_SKIN5_90_5.txt,OUTPUT_SKIN12_90_5.txt,14,0.675715673,0.970809344,0.971274465,0.971051469,0.97141979,0.971138562
3097,INPUT_SKIN5_90_5.txt,OUTPUT_SKIN2_90_5.txt,14,0.086011637,0.099570456,0.099569798,0.099571943,0.099575214,0.099574753
3098,INPUT_SKIN5_90_5.txt,OUTPUT_SKIN3_90_5.txt,14,0.551161178,0.656659972,0.656630871,0.656652611,0.656671393,0.656643062
3099,INPUT_SKIN5_90_5.txt,OUTPUT_SKIN4_90_5.txt,14,0.348465754,0.297149706,0.29702534,0.297139839,0.297153184,0.297032797
3100,INPUT_SKIN5_90_5.txt,OUTPUT_SKIN5_90_5.txt,14,-514974.5,-259285.5,-259298,-259289.5,-259280,-259290
3101,INPUT_SKIN5_90_5.txt,OUTPUT_SKIN6_90_5.txt,14,0.237537227,0.200302166,0.200292567,0.200299135,0.200306444,0.200298681
3102,INPUT_SKIN5_90_5.txt,OUTPUT_SKIN7_90_5.txt,14,6.754073759,5.934670793,5.934448217,5.934696312,5.934752255,5.934629961
3103,INPUT_SKIN5_90_5.txt,OUTPUT_SKIN8_90_5.txt,14,0.608351336,0.461548724,0.461526478,0.461541689,0.461557954,0.461540655
3104,INPUT_SKIN5_90_5.txt,OUTPUT_SKIN9_90_5.txt,14,1.485900415,1.641428631,1.641306332,1.641385667,1.64149899,1.641381135
3105,INPUT_SKIN6_90_5.txt,OUTPUT_BM1_90_5.txt,14,0.342509176,0.291936432,0.291823323,0.291856454,0.291942145,0.291925006
3106,INPUT_SKIN6_90_5.txt,OUTPUT_BM2_90_5.txt,14,0.367023305,0.308538104,0.308482222,0.308458118,0.308396765,0.308455927
3107,INPUT_SKIN6_90_5.txt,OUTPUT_GUT_90_5.txt,14,0.385174975,0.231946246,0.231946246,0.231933526,0.231933526,0.231947519
3108,INPUT_SKIN6_90_5.txt,OUTPUT_L_90_5.txt,14,NA,NA,NA,NA,NA,NA
3109,INPUT_SKIN6_90_5.txt,OUTPUT_LN1_90_5.txt,14,NA,NA,NA,NA,NA,NA
3110,INPUT_SKIN6_90_5.txt,OUTPUT_LN2_90_5.txt,14,0.282809921,0.208886356,0.208871717,0.208921455,0.208846127,0.208839562
3111,INPUT_SKIN6_90_5.txt,OUTPUT_LUNG_90_5.txt,14,0.140590275,0.163901808,0.163901808,0.163901866,0.163901866,0.163901866
3112,INPUT_SKIN6_90_5.txt,OUTPUT_S_90_5.txt,14,1.77494184,1.601979049,1.602646167,1.601228641,1.601387449,1.601482736
3113,INPUT_SKIN6_90_5.txt,OUTPUT_SKIN1_90_5.txt,14,0.228126891,0.176180072,0.176181671,0.17618363,0.176180072,0.176181078
3114,INPUT_SKIN6_90_5.txt,OUTPUT_SKIN10_90_5.txt,14,0.097598556,0.079397924,0.079386845,0.079380567,0.079381675,0.079369858
3115,INPUT_SKIN6_90_5.txt,OUTPUT_SKIN11_90_5.txt,14,0.060481664,0.045820159,0.045820159,0.045820159,0.045820159,0.045820159
3116,INPUT_SKIN6_90_5.txt,OUTPUT_SKIN12_90_5.txt,14,0.42572441,0.353986604,0.354197016,0.354088494,0.354229389,0.354130951
3117,INPUT_SKIN6_90_5.txt,OUTPUT_SKIN2_90_5.txt,14,0.088216909,0.063820079,0.063822739,0.063823065,0.063822603,0.063824242
3118,INPUT_SKIN6_90_5.txt,OUTPUT_SKIN3_90_5.txt,14,0.148616014,0.131117724,0.131116615,0.131116615,0.131118833,0.131119942
3119,INPUT_SKIN6_90_5.txt,OUTPUT_SKIN4_90_5.txt,14,0.118479035,0.078233027,0.078330299,0.078229412,0.078230822,0.078327644
3120,INPUT_SKIN6_90_5.txt,OUTPUT_SKIN5_90_5.txt,14,0.59025427,0.481808282,0.481866151,0.481832552,0.48180544,0.481833733
3121,INPUT_SKIN6_90_5.txt,OUTPUT_SKIN6_90_5.txt,14,-506110,-253768,-253768,-253768,-253768,-253768
3122,INPUT_SKIN6_90_5.txt,OUTPUT_SKIN7_90_5.txt,14,0.050472639,0.03289224,0.03289255,0.032892911,0.032892027,0.032892697
3123,INPUT_SKIN6_90_5.txt,OUTPUT_SKIN8_90_5.txt,14,0.201900588,0.207677958,0.207677958,0.207677958,0.207677958,0.207677958
3124,INPUT_SKIN6_90_5.txt,OUTPUT_SKIN9_90_5.txt,14,0.074037051,0.133791142,0.133791142,0.133791142,0.133791142,0.133791142
3125,INPUT_SKIN7_90_5.txt,OUTPUT_BM1_90_5.txt,14,0.460018064,0.30098866,0.300881307,0.300912502,0.300995083,0.300979366
3126,INPUT_SKIN7_90_5.txt,OUTPUT_BM2_90_5.txt,14,0.554300494,0.361262209,0.361204333,0.361177654,0.36111175,0.361176539
3127,INPUT_SKIN7_90_5.txt,OUTPUT_GUT_90_5.txt,14,0.280611133,0.224425073,0.224424681,0.224412824,0.224413908,0.224425519
3128,INPUT_SKIN7_90_5.txt,OUTPUT_L_90_5.txt,14,NA,NA,NA,NA,NA,NA
3129,INPUT_SKIN7_90_5.txt,OUTPUT_LN1_90_5.txt,14,NA,NA,NA,NA,NA,NA
3130,INPUT_SKIN7_90_5.txt,OUTPUT_LN2_90_5.txt,14,0.149772671,0.206158924,0.206144587,0.206190974,0.206121158,0.206114062
3131,INPUT_SKIN7_90_5.txt,OUTPUT_LUNG_90_5.txt,14,0.2737544,0.199927403,0.199926631,0.199926579,0.199927828,0.199926612
3132,INPUT_SKIN7_90_5.txt,OUTPUT_S_90_5.txt,14,1.49855629,1.228894621,1.229316079,1.228506509,1.228573669,1.228666925
3133,INPUT_SKIN7_90_5.txt,OUTPUT_SKIN1_90_5.txt,14,0.18665829,0.195900406,0.195904716,0.195902562,0.195901496,0.195903681
3134,INPUT_SKIN7_90_5.txt,OUTPUT_SKIN10_90_5.txt,14,0.100633398,0.085140567,0.085130781,0.085125524,0.085126733,0.085116643
3135,INPUT_SKIN7_90_5.txt,OUTPUT_SKIN11_90_5.txt,14,0.05990746,0.047928073,0.047927862,0.047927755,0.047928073,0.047927755
3136,INPUT_SKIN7_90_5.txt,OUTPUT_SKIN12_90_5.txt,14,0.377608177,0.27452497,0.274669026,0.27459457,0.274692264,0.274621791
3137,INPUT_SKIN7_90_5.txt,OUTPUT_SKIN2_90_5.txt,14,0.078990781,0.079247493,0.079250435,0.079250055,0.079250283,0.079251755
3138,INPUT_SKIN7_90_5.txt,OUTPUT_SKIN3_90_5.txt,14,0.156843938,0.182548185,0.182543056,0.182542653,0.182552502,0.18255561
3139,INPUT_SKIN7_90_5.txt,OUTPUT_SKIN4_90_5.txt,14,0.071198773,0.06625421,0.066336851,0.066250738,0.066252299,0.066334465
3140,INPUT_SKIN7_90_5.txt,OUTPUT_SKIN5_90_5.txt,14,0.437610416,0.40576517,0.405804441,0.405778139,0.405754621,0.405775293
3141,INPUT_SKIN7_90_5.txt,OUTPUT_SKIN6_90_5.txt,14,0.22130396,0.174136546,0.174135841,0.174135462,0.174136552,0.174135468
3142,INPUT_SKIN7_90_5.txt,OUTPUT_SKIN7_90_5.txt,14,-447603,-223972.5,-223973.5,-223974,-223972.5,-223974
3143,INPUT_SKIN7_90_5.txt,OUTPUT_SKIN8_90_5.txt,14,0.181427239,0.244180367,0.244179299,0.24417877,0.244180356,0.244178759
3144,INPUT_SKIN7_90_5.txt,OUTPUT_SKIN9_90_5.txt,14,0.119653426,0.263908523,0.26391656,0.263910721,0.263897968,0.263910702
3145,INPUT_SKIN8_90_5.txt,OUTPUT_BM1_90_5.txt,14,0.577453747,0.273132561,0.273029844,0.273059931,0.273137749,0.273122185
3146,INPUT_SKIN8_90_5.txt,OUTPUT_BM2_90_5.txt,14,0.44284143,0.260925014,0.26087914,0.260859353,0.260808988,0.260857554
3147,INPUT_SKIN8_90_5.txt,OUTPUT_GUT_90_5.txt,14,0.587340749,0.701276843,0.701276843,0.70124246,0.70124246,0.701280281
3148,INPUT_SKIN8_90_5.txt,OUTPUT_L_90_5.txt,14,NA,NA,NA,NA,NA,NA
3149,INPUT_SKIN8_90_5.txt,OUTPUT_LN1_90_5.txt,14,NA,NA,NA,NA,NA,NA
3150,INPUT_SKIN8_90_5.txt,OUTPUT_LN2_90_5.txt,14,0.563872593,0.372035444,0.372010506,0.372094946,0.371967123,0.371956114
3151,INPUT_SKIN8_90_5.txt,OUTPUT_LUNG_90_5.txt,14,0.104409022,0.18853903,0.18853903,0.188538415,0.188538415,0.188538415
3152,INPUT_SKIN8_90_5.txt,OUTPUT_S_90_5.txt,14,0.908560254,1.913108594,1.913719325,1.912421461,1.912566891,1.912654148
3153,INPUT_SKIN8_90_5.txt,OUTPUT_SKIN1_90_5.txt,14,0.407535234,0.230546469,0.230551266,0.230550023,0.230551468,0.230550555
3154,INPUT_SKIN8_90_5.txt,OUTPUT_SKIN10_90_5.txt,14,0.076343379,0.081733594,0.081722979,0.081719439,0.081717671,0.081711181
3155,INPUT_SKIN8_90_5.txt,OUTPUT_SKIN11_90_5.txt,14,0.095399569,0.106407585,0.106407585,0.106407585,0.106407585,0.106407585
3156,INPUT_SKIN8_90_5.txt,OUTPUT_SKIN12_90_5.txt,14,0.681512325,0.466933137,0.467174879,0.467054007,0.467229355,0.467107665
3157,INPUT_SKIN8_90_5.txt,OUTPUT_SKIN2_90_5.txt,14,0.114459588,0.097945669,0.09794879,0.097950613,0.097949284,0.097951602
3158,INPUT_SKIN8_90_5.txt,OUTPUT_SKIN3_90_5.txt,14,0.18297373,0.1731956,0.173192995,0.173192995,0.173198205,0.17320081
3159,INPUT_SKIN8_90_5.txt,OUTPUT_SKIN4_90_5.txt,14,0.225661871,0.261867146,0.261739123,0.261866033,0.261874318,0.261739655
3160,INPUT_SKIN8_90_5.txt,OUTPUT_SKIN5_90_5.txt,14,0.717549122,0.912436631,0.912541067,0.912484634,0.912473822,0.912522935
3161,INPUT_SKIN8_90_5.txt,OUTPUT_SKIN6_90_5.txt,14,0.713015936,0.678413243,0.678413243,0.678413243,0.678413243,0.678413243
3162,INPUT_SKIN8_90_5.txt,OUTPUT_SKIN7_90_5.txt,14,0.077046132,0.065768389,0.065766989,0.065769272,0.065766399,0.065767282
3163,INPUT_SKIN8_90_5.txt,OUTPUT_SKIN8_90_5.txt,14,-527929,-264076.5,-264076.5,-264076.5,-264076.5,-264076.5
3164,INPUT_SKIN8_90_5.txt,OUTPUT_SKIN9_90_5.txt,14,0.23850779,0.193275828,0.193270862,0.1932737,0.193281503,0.1932737
3165,INPUT_SKIN9_90_5.txt,OUTPUT_BM1_90_5.txt,14,0.92304355,0.925044471,0.924778534,0.924853099,0.925044813,0.925021534
3166,INPUT_SKIN9_90_5.txt,OUTPUT_BM2_90_5.txt,14,0.983533415,0.903733965,0.903616815,0.903554539,0.903394655,0.903549486
3167,INPUT_SKIN9_90_5.txt,OUTPUT_GUT_90_5.txt,14,0.464393729,0.481836222,0.481842463,0.481815463,0.481805657,0.48184124
3168,INPUT_SKIN9_90_5.txt,OUTPUT_L_90_5.txt,14,NA,NA,NA,NA,NA,NA
3169,INPUT_SKIN9_90_5.txt,OUTPUT_LN1_90_5.txt,14,NA,NA,NA,NA,NA,NA
3170,INPUT_SKIN9_90_5.txt,OUTPUT_LN2_90_5.txt,14,0.418852387,0.328134088,0.328116877,0.328186946,0.328070569,0.328067861
3171,INPUT_SKIN9_90_5.txt,OUTPUT_LUNG_90_5.txt,14,0.120099353,0.177652805,0.177655098,0.177653214,0.177649609,0.177653214
3172,INPUT_SKIN9_90_5.txt,OUTPUT_S_90_5.txt,14,1.633761369,1.464729202,1.465173032,1.464259379,1.464330659,1.464421242
3173,INPUT_SKIN9_90_5.txt,OUTPUT_SKIN1_90_5.txt,14,0.321077908,0.3099855,0.309999147,0.309991978,0.309987652,0.309995903
3174,INPUT_SKIN9_90_5.txt,OUTPUT_SKIN10_90_5.txt,14,0.14096978,0.12901819,0.129003109,0.128996587,0.128991181,0.128983572
3175,INPUT_SKIN9_90_5.txt,OUTPUT_SKIN11_90_5.txt,14,0.032727116,0.033112869,0.033113296,0.033113052,0.033112381,0.033113052
3176,INPUT_SKIN9_90_5.txt,OUTPUT_SKIN12_90_5.txt,14,0.454414203,0.340818169,0.340999259,0.340907541,0.341016831,0.340939699
3177,INPUT_SKIN9_90_5.txt,OUTPUT_SKIN2_90_5.txt,14,0.10238298,0.103354537,0.103359665,0.103358238,0.103355243,0.103361368
3178,INPUT_SKIN9_90_5.txt,OUTPUT_SKIN3_90_5.txt,14,0.239451445,0.259356131,0.259355684,0.259353769,0.2593561,0.259365165
3179,INPUT_SKIN9_90_5.txt,OUTPUT_SKIN4_90_5.txt,14,0.204897141,0.210819517,0.210723146,0.210817301,0.210819723,0.21072073
3180,INPUT_SKIN9_90_5.txt,OUTPUT_SKIN5_90_5.txt,14,0.660210294,0.728592874,0.728677536,0.728636692,0.728627246,0.728627272
3181,INPUT_SKIN9_90_5.txt,OUTPUT_SKIN6_90_5.txt,14,0.344686029,0.291425478,0.291429251,0.291427095,0.291421166,0.291427095
3182,INPUT_SKIN9_90_5.txt,OUTPUT_SKIN7_90_5.txt,14,0.07250265,0.065971149,0.065972234,0.065972998,0.065969221,0.065972043
3183,INPUT_SKIN9_90_5.txt,OUTPUT_SKIN8_90_5.txt,14,0.346843593,0.292754191,0.292757975,0.292755813,0.292749867,0.292755813
3184,INPUT_SKIN9_90_5.txt,OUTPUT_SKIN9_90_5.txt,14,-542866,-271678,-271674.5,-271676.5,-271682,-271676.5
3185,INPUT_BM1_90_5.txt,OUTPUT_BM1_90_5.txt,15,-1113171.5,-557666.5,-557474.5,-557774.5,-557726,-557682
3186,INPUT_BM1_90_5.txt,OUTPUT_BM2_90_5.txt,15,34.71085564,31.05806238,31.0684518,31.02687562,31.03583159,31.04809819
3187,INPUT_BM1_90_5.txt,OUTPUT_GUT_90_5.txt,15,43.5560875,33.28849981,33.29051276,33.26844525,33.28686841,33.29630362
3188,INPUT_BM1_90_5.txt,OUTPUT_L_90_5.txt,15,606.1866249,562.5546659,562.5487427,562.2900387,562.0170478,561.9648475
3189,INPUT_BM1_90_5.txt,OUTPUT_LN1_90_5.txt,15,51.77007721,41.99154178,42.01296715,41.98770382,41.98000914,42.00230002
3190,INPUT_BM1_90_5.txt,OUTPUT_LN2_90_5.txt,15,13.53043862,11.74774769,11.75287953,11.74849153,11.74927839,11.74856332
3191,INPUT_BM1_90_5.txt,OUTPUT_LUNG_90_5.txt,15,191.5246157,177.4554506,177.6095952,177.5763686,177.5200992,177.4812796
3192,INPUT_BM1_90_5.txt,OUTPUT_S_90_5.txt,15,610.4360877,541.0915756,540.9268587,541.1982628,541.1450202,541.10171
3193,INPUT_BM1_90_5.txt,OUTPUT_SKIN1_90_5.txt,15,0.098296108,0.09015718,0.090186414,0.090149184,0.090145872,0.090165665
3194,INPUT_BM1_90_5.txt,OUTPUT_SKIN2_90_5.txt,15,0.210383431,0.17531889,0.175387388,0.175310951,0.175310016,0.175325008
3195,INPUT_BM1_90_5.txt,OUTPUT_SKIN3_90_5.txt,15,0.106237873,0.070812428,0.070826937,0.070792036,0.070811212,0.070806094
3196,INPUT_BM1_90_5.txt,OUTPUT_SKIN4_90_5.txt,15,0.161945248,0.159285385,0.159353471,0.159247197,0.159260285,0.159273418
3197,INPUT_BM1_90_5.txt,OUTPUT_SKIN5_90_5.txt,15,0.109906293,0.105714678,0.105750253,0.105688789,0.105699225,0.105715054
3198,INPUT_BM1_90_5.txt,OUTPUT_SKIN6_90_5.txt,15,0.082665038,0.127088069,0.127113993,0.127058041,0.127073901,0.127073314
3199,INPUT_BM2_90_5.txt,OUTPUT_BM1_90_5.txt,15,2.207296683,1.907373231,1.906122418,1.908917866,1.908393595,1.907804582
3200,INPUT_BM2_90_5.txt,OUTPUT_BM2_90_5.txt,15,-1186787,-594758,-594754,-594522,-594582,-594672
3201,INPUT_BM2_90_5.txt,OUTPUT_GUT_90_5.txt,15,2.696656079,3.415841181,3.414842914,3.415983758,3.417083685,3.417181558
3202,INPUT_BM2_90_5.txt,OUTPUT_L_90_5.txt,15,3.769214347,3.083982541,3.082668893,3.084645415,3.083031193,3.082045834
3203,INPUT_BM2_90_5.txt,OUTPUT_LN1_90_5.txt,15,4.523512215,6.275897453,6.276969909,6.279001512,6.276681225,6.278568477
3204,INPUT_BM2_90_5.txt,OUTPUT_LN2_90_5.txt,15,0.279088649,0.2415625,0.24157496,0.241721684,0.241690335,0.241620174
3205,INPUT_BM2_90_5.txt,OUTPUT_LUNG_90_5.txt,15,3.628651044,2.952066574,2.953309073,2.955287509,2.95423985,2.95289552
3206,INPUT_BM2_90_5.txt,OUTPUT_S_90_5.txt,15,3.856556254,2.518355345,2.517990775,2.519584558,2.518049876,2.517842429
3207,INPUT_BM2_90_5.txt,OUTPUT_SKIN1_90_5.txt,15,0.056138822,0.050407767,0.050406804,0.050431262,0.050421521,0.050419641
3208,INPUT_BM2_90_5.txt,OUTPUT_SKIN2_90_5.txt,15,0.115334068,0.117173254,0.117180395,0.117238787,0.117214434,0.117198929
3209,INPUT_BM2_90_5.txt,OUTPUT_SKIN3_90_5.txt,15,0.096677277,0.075682842,0.075670588,0.075703735,0.075710194,0.075687904
3210,INPUT_BM2_90_5.txt,OUTPUT_SKIN4_90_5.txt,15,0.117227492,0.09290819,0.092916279,0.092940472,0.092931348,0.092916749
3211,INPUT_BM2_90_5.txt,OUTPUT_SKIN5_90_5.txt,15,0.074679493,0.059709604,0.059710102,0.059730551,0.059725989,0.059721097
3212,INPUT_BM2_90_5.txt,OUTPUT_SKIN6_90_5.txt,15,0.023185944,0.030242725,0.030248832,0.030253,0.030251838,0.030255087
3213,INPUT_GUT_90_5.txt,OUTPUT_BM1_90_5.txt,15,1.283155656,1.466605313,1.46590405,1.467524263,1.46696451,1.466602585
3214,INPUT_GUT_90_5.txt,OUTPUT_BM2_90_5.txt,15,4.904603039,5.024888644,5.025543698,5.021829493,5.021800868,5.022867757
3215,INPUT_GUT_90_5.txt,OUTPUT_GUT_90_5.txt,15,-532042.5,-266195.5,-266156,-266148,-266204,-266228
3216,INPUT_GUT_90_5.txt,OUTPUT_L_90_5.txt,15,0.737784456,0.71773344,0.717528439,0.71773721,0.717276401,0.717091071
3217,INPUT_GUT_90_5.txt,OUTPUT_LN1_90_5.txt,15,0.740118736,0.651510053,0.651714438,0.65169228,0.651378375,0.651616891
3218,INPUT_GUT_90_5.txt,OUTPUT_LN2_90_5.txt,15,0.213741873,0.191234861,0.19127189,0.191319048,0.191273254,0.191229427
3219,INPUT_GUT_90_5.txt,OUTPUT_LUNG_90_5.txt,15,0.732165883,0.740038618,0.740455261,0.740688298,0.740326406,0.740037529
3220,INPUT_GUT_90_5.txt,OUTPUT_S_90_5.txt,15,0.929622533,0.858693652,0.858689076,0.858927946,0.85831022,0.858291457
3221,INPUT_GUT_90_5.txt,OUTPUT_SKIN1_90_5.txt,15,0.051722494,0.086266409,0.086280404,0.086250729,0.086264051,0.086224789
3222,INPUT_GUT_90_5.txt,OUTPUT_SKIN2_90_5.txt,15,0.058397721,0.099507305,0.099525761,0.099540745,0.099513758,0.099500539
3223,INPUT_GUT_90_5.txt,OUTPUT_SKIN3_90_5.txt,15,0.073890786,0.080510176,0.080513292,0.08051958,0.080517093,0.080496621
3224,INPUT_GUT_90_5.txt,OUTPUT_SKIN4_90_5.txt,15,0.057499219,0.188321502,0.188367083,0.188348063,0.188310935,0.188291814
3225,INPUT_GUT_90_5.txt,OUTPUT_SKIN5_90_5.txt,15,0.039033317,0.062407266,0.062414687,0.062416835,0.062403376,0.062400781
3226,INPUT_GUT_90_5.txt,OUTPUT_SKIN6_90_5.txt,15,0.054550672,0.051443321,0.051551246,0.051446202,0.051442225,0.051544244
3227,INPUT_L_90_5.txt,OUTPUT_BM1_90_5.txt,15,29.28184773,55.65846885,55.63285906,55.68428299,55.68571715,55.68159941
3228,INPUT_L_90_5.txt,OUTPUT_BM2_90_5.txt,15,228.6416417,223.4029307,223.4469615,223.2437585,223.3371185,223.4258498
3229,INPUT_L_90_5.txt,OUTPUT_GUT_90_5.txt,15,94.59449943,74.75006546,74.74526775,74.72644545,74.78426716,74.80770283
3230,INPUT_L_90_5.txt,OUTPUT_L_90_5.txt,15,-1267365,-635549.5,-635412,-635503,-635357.5,-635304
3231,INPUT_L_90_5.txt,OUTPUT_LN1_90_5.txt,15,42.95226349,34.51705992,34.52977668,34.52284782,34.52132456,34.53939182
3232,INPUT_L_90_5.txt,OUTPUT_LN2_90_5.txt,15,12.12386795,9.037494941,9.040075858,9.040815883,9.042717285,9.042234467
3233,INPUT_L_90_5.txt,OUTPUT_LUNG_90_5.txt,15,1893.225709,1908.68878,1909.968642,1910.250161,1910.136354,1909.667667
3234,INPUT_L_90_5.txt,OUTPUT_S_90_5.txt,15,1027.423613,1002.165982,1001.524959,1001.673683,1001.560455,1001.130751
3235,INPUT_L_90_5.txt,OUTPUT_SKIN1_90_5.txt,15,0.050289354,0.045566636,0.045576294,0.045549012,0.045579738,0.045564307
3236,INPUT_L_90_5.txt,OUTPUT_SKIN2_90_5.txt,15,0.138554673,0.087073262,0.087093687,0.087097868,0.087115029,0.087112556
3237,INPUT_L_90_5.txt,OUTPUT_SKIN3_90_5.txt,15,0.0772163,0.081400433,0.081409903,0.081401833,0.081434294,0.081428462
3238,INPUT_L_90_5.txt,OUTPUT_SKIN4_90_5.txt,15,0.106174267,0.086137226,0.086163646,0.086140057,0.086162228,0.086167709
3239,INPUT_L_90_5.txt,OUTPUT_SKIN5_90_5.txt,15,0.072110743,0.05966434,0.059673498,0.059666707,0.059681413,0.059686884
3240,INPUT_L_90_5.txt,OUTPUT_SKIN6_90_5.txt,15,0.049718831,0.044439712,0.044443094,0.04444091,0.04445364,0.044453347
3241,INPUT_LN1_90_5.txt,OUTPUT_BM1_90_5.txt,15,45.77139828,44.57752163,44.54787188,44.59707483,44.59539972,44.57828777
3242,INPUT_LN1_90_5.txt,OUTPUT_BM2_90_5.txt,15,90.70728273,80.08338005,80.07514589,80.01380651,80.04120242,80.04812539
3243,INPUT_LN1_90_5.txt,OUTPUT_GUT_90_5.txt,15,23.95533943,19.6040978,19.5962219,19.59566375,19.60722482,19.60609063
3244,INPUT_LN1_90_5.txt,OUTPUT_L_90_5.txt,15,59.70284222,51.81980596,51.79216036,51.80415609,51.79217511,51.77075675
3245,INPUT_LN1_90_5.txt,OUTPUT_LN1_90_5.txt,15,-471971,-236544.5,-236564,-236556.5,-236524.5,-236578
3246,INPUT_LN1_90_5.txt,OUTPUT_LN2_90_5.txt,15,1.311287567,1.197827399,1.19778134,1.198080668,1.198210678,1.197768463
3247,INPUT_LN1_90_5.txt,OUTPUT_LUNG_90_5.txt,15,73.87681912,64.70082088,64.72277241,64.72648092,64.73791951,64.69769978
3248,INPUT_LN1_90_5.txt,OUTPUT_S_90_5.txt,15,36.39522912,33.94568257,33.93837408,33.94725646,33.93493298,33.9303568
3249,INPUT_LN1_90_5.txt,OUTPUT_SKIN1_90_5.txt,15,0.170498978,0.491442796,0.491382587,0.491193482,0.491461512,0.491174717
3250,INPUT_LN1_90_5.txt,OUTPUT_SKIN2_90_5.txt,15,0.571975149,0.470101769,0.470081361,0.470161897,0.470200262,0.47006769
3251,INPUT_LN1_90_5.txt,OUTPUT_SKIN3_90_5.txt,15,0.283057058,0.612841023,0.612745486,0.612786663,0.612951517,0.612732043
3252,INPUT_LN1_90_5.txt,OUTPUT_SKIN4_90_5.txt,15,0.450145187,0.400433769,0.400436097,0.400397219,0.400462774,0.400362903
3253,INPUT_LN1_90_5.txt,OUTPUT_SKIN5_90_5.txt,15,0.220075306,0.275687683,0.275670529,0.275670532,0.275704517,0.275662482
3254,INPUT_LN1_90_5.txt,OUTPUT_SKIN6_90_5.txt,15,0.15081542,0.272180628,0.272258923,0.272148699,0.272206705,0.272263839
3255,INPUT_LN2_90_5.txt,OUTPUT_BM1_90_5.txt,15,20.77297622,24.14569404,24.13181331,24.151451,24.14825296,24.14610247
3256,INPUT_LN2_90_5.txt,OUTPUT_BM2_90_5.txt,15,9.442730756,9.498955685,9.498654843,9.490882401,9.492765919,9.496032151
3257,INPUT_LN2_90_5.txt,OUTPUT_GUT_90_5.txt,15,1.259504354,1.325164504,1.324744483,1.324524451,1.325097004,1.325424882
3258,INPUT_LN2_90_5.txt,OUTPUT_L_90_5.txt,15,79.99884376,74.6151764,74.59984304,74.61189454,74.59463066,74.5878625
3259,INPUT_LN2_90_5.txt,OUTPUT_LN1_90_5.txt,15,21.98921352,17.51739814,17.51962669,17.51732384,17.51338773,17.52112306
3260,INPUT_LN2_90_5.txt,OUTPUT_LN2_90_5.txt,15,-490286.5,-245715,-245720.5,-245747,-245743.5,-245726.5
3261,INPUT_LN2_90_5.txt,OUTPUT_LUNG_90_5.txt,15,55.23699771,50.9058391,50.91914638,50.94775635,50.93495204,50.91598513
3262,INPUT_LN2_90_5.txt,OUTPUT_S_90_5.txt,15,98.50029427,81.68878856,81.68744473,81.69854228,81.68849358,81.6854386
3263,INPUT_LN2_90_5.txt,OUTPUT_SKIN1_90_5.txt,15,0.176305086,0.299345972,0.299344364,0.299171875,0.299312926,0.2991972
3264,INPUT_LN2_90_5.txt,OUTPUT_SKIN2_90_5.txt,15,0.627820287,0.454526618,0.454541967,0.454509084,0.454476167,0.4545286
3265,INPUT_LN2_90_5.txt,OUTPUT_SKIN3_90_5.txt,15,0.671985948,0.530592575,0.530533121,0.530497914,0.530588531,0.53054706
3266,INPUT_LN2_90_5.txt,OUTPUT_SKIN4_90_5.txt,15,0.794461583,1.410298834,1.410396159,1.410069972,1.41010346,1.41020242
3267,INPUT_LN2_90_5.txt,OUTPUT_SKIN5_90_5.txt,15,0.724687773,1.167700722,1.167675209,1.167518718,1.167469946,1.167674416
3268,INPUT_LN2_90_5.txt,OUTPUT_SKIN6_90_5.txt,15,0.126511548,0.100865359,0.100848702,0.100847238,0.100854782,0.100852352
3269,INPUT_LUNG_90_5.txt,OUTPUT_BM1_90_5.txt,15,351.2020173,345.4439901,345.2188941,345.5163305,345.468335,345.4576718
3270,INPUT_LUNG_90_5.txt,OUTPUT_BM2_90_5.txt,15,294.7183798,281.6260176,281.5784546,281.243733,281.3633086,281.4919329
3271,INPUT_LUNG_90_5.txt,OUTPUT_GUT_90_5.txt,15,78.11050408,77.33915653,77.29297617,77.24021479,77.29518406,77.33891091
3272,INPUT_LUNG_90_5.txt,OUTPUT_L_90_5.txt,15,1522.248253,2429.58126,2428.341334,2428.438611,2427.943605,2427.760377
3273,INPUT_LUNG_90_5.txt,OUTPUT_LN1_90_5.txt,15,7.90709548,11.61363693,11.61316646,11.61016693,11.60917064,11.61601566
3274,INPUT_LUNG_90_5.txt,OUTPUT_LN2_90_5.txt,15,18.95122636,18.83232865,18.82862742,18.82916298,18.83219793,18.83260011
3275,INPUT_LUNG_90_5.txt,OUTPUT_LUNG_90_5.txt,15,-1065544.5,-533782,-533892.5,-533998,-533899.5,-533823.5
3276,INPUT_LUNG_90_5.txt,OUTPUT_S_90_5.txt,15,110.6644914,147.5263187,147.5009098,147.5148021,147.4755882,147.4885038
3277,INPUT_LUNG_90_5.txt,OUTPUT_SKIN1_90_5.txt,15,0.056130761,0.090820996,0.090803629,0.090745994,0.090801523,0.09077576
3278,INPUT_LUNG_90_5.txt,OUTPUT_SKIN2_90_5.txt,15,0.237748899,0.178234962,0.178203278,0.17818976,0.178213468,0.178229952
3279,INPUT_LUNG_90_5.txt,OUTPUT_SKIN3_90_5.txt,15,0.120455926,0.122227679,0.122189497,0.122171077,0.122215081,0.122212793
3280,INPUT_LUNG_90_5.txt,OUTPUT_SKIN4_90_5.txt,15,0.233484241,0.23194785,0.231920089,0.231844212,0.231892607,0.231921991
3281,INPUT_LUNG_90_5.txt,OUTPUT_SKIN5_90_5.txt,15,0.143087571,0.157773105,0.157737564,0.157704734,0.157732413,0.157764717
3282,INPUT_LUNG_90_5.txt,OUTPUT_SKIN6_90_5.txt,15,0.037580737,0.052166733,0.052148553,0.052143238,0.052155809,0.052158489
3283,INPUT_S_90_5.txt,OUTPUT_BM1_90_5.txt,15,146.6469973,120.9512448,120.8670785,121.0064774,121.0271392,120.9964083
3284,INPUT_S_90_5.txt,OUTPUT_BM2_90_5.txt,15,78.45833043,68.71601629,68.7220857,68.64745428,68.68711167,68.70972018
3285,INPUT_S_90_5.txt,OUTPUT_GUT_90_5.txt,15,11.47784067,16.35272664,16.34891003,16.34548773,16.35779895,16.36035704
3286,INPUT_S_90_5.txt,OUTPUT_L_90_5.txt,15,598.5274233,452.0712901,451.7460989,451.7857795,451.778171,451.5514304
3287,INPUT_S_90_5.txt,OUTPUT_LN1_90_5.txt,15,40.9973893,30.10023794,30.10809529,30.10185,30.10186517,30.11520923
3288,INPUT_S_90_5.txt,OUTPUT_LN2_90_5.txt,15,10.18601132,8.919435198,8.920659698,8.921465147,8.923846124,8.922151799
3289,INPUT_S_90_5.txt,OUTPUT_LUNG_90_5.txt,15,300.1324867,239.7185231,239.9253857,239.9698891,240.019521,239.8738285
3290,INPUT_S_90_5.txt,OUTPUT_S_90_5.txt,15,-1361843.5,-682687.5,-682635.5,-682720.5,-682545.5,-682568.5
3291,INPUT_S_90_5.txt,OUTPUT_SKIN1_90_5.txt,15,0.034689169,0.031433118,0.031434123,0.031415582,0.031437942,0.031424535
3292,INPUT_S_90_5.txt,OUTPUT_SKIN2_90_5.txt,15,0.085089446,0.072711698,0.072722003,0.072722717,0.072732028,0.072731641
3293,INPUT_S_90_5.txt,OUTPUT_SKIN3_90_5.txt,15,0.088677642,0.087102416,0.087102322,0.087094356,0.087127931,0.087114252
3294,INPUT_S_90_5.txt,OUTPUT_SKIN4_90_5.txt,15,0.071159314,0.063183909,0.063194391,0.063178242,0.063196304,0.063192789
3295,INPUT_S_90_5.txt,OUTPUT_SKIN5_90_5.txt,15,0.05442558,0.04810892,0.048111202,0.048105196,0.048116962,0.048118331
3296,INPUT_S_90_5.txt,OUTPUT_SKIN6_90_5.txt,15,0.048260097,0.04721315,0.047210671,0.047208527,0.047223498,0.047218187
3297,INPUT_SKIN1_90_5.txt,OUTPUT_BM1_90_5.txt,15,1.654466716,1.184834538,1.184128809,1.18553487,1.18507774,1.185188069
3298,INPUT_SKIN1_90_5.txt,OUTPUT_BM2_90_5.txt,15,1.453657536,1.2333949,1.233369214,1.232815388,1.232748149,1.233362902
3299,INPUT_SKIN1_90_5.txt,OUTPUT_GUT_90_5.txt,15,0.294104234,0.369099549,0.368990236,0.369055558,0.369121054,0.369270354
3300,INPUT_SKIN1_90_5.txt,OUTPUT_L_90_5.txt,15,2.758083857,2.231763852,2.230989202,2.2319537,2.230702391,2.230933276
3301,INPUT_SKIN1_90_5.txt,OUTPUT_LN1_90_5.txt,15,9.253677474,7.824037763,7.824234346,7.826129186,7.82372968,7.826427824
3302,INPUT_SKIN1_90_5.txt,OUTPUT_LN2_90_5.txt,15,0.262606122,0.299251598,0.299262041,0.299395561,0.29931845,0.299346695
3303,INPUT_SKIN1_90_5.txt,OUTPUT_LUNG_90_5.txt,15,2.693657915,2.17160528,2.172294601,2.173373584,2.172465798,2.172391678
3304,INPUT_SKIN1_90_5.txt,OUTPUT_S_90_5.txt,15,6.087176238,5.07940985,5.079011652,5.080838404,5.078432331,5.079811425
3305,INPUT_SKIN1_90_5.txt,OUTPUT_SKIN1_90_5.txt,15,-563731,-282049,-282051.5,-281985.5,-282050,-281985.5
3306,INPUT_SKIN1_90_5.txt,OUTPUT_SKIN2_90_5.txt,15,1.258129007,1.430457045,1.430536302,1.430943977,1.430466561,1.430863999
3307,INPUT_SKIN1_90_5.txt,OUTPUT_SKIN3_90_5.txt,15,0.493922568,1.309972036,1.309826913,1.310198311,1.310133802,1.310210666
3308,INPUT_SKIN1_90_5.txt,OUTPUT_SKIN4_90_5.txt,15,7.223285912,6.564049363,6.56463891,6.56514417,6.563928278,6.565196388
3309,INPUT_SKIN1_90_5.txt,OUTPUT_SKIN5_90_5.txt,15,1.00902343,1.878814825,1.87843623,1.879163212,1.878719219,1.87898678
3310,INPUT_SKIN1_90_5.txt,OUTPUT_SKIN6_90_5.txt,15,0.116409628,0.161910566,0.162313926,0.161924372,0.161911953,0.1623767
3311,INPUT_SKIN2_90_5.txt,OUTPUT_BM1_90_5.txt,15,6.003359366,6.952287366,6.950815435,6.952586016,6.952661593,6.952397418
3312,INPUT_SKIN2_90_5.txt,OUTPUT_BM2_90_5.txt,15,0.825172852,7.987834218,7.987538665,7.986413882,7.987122643,7.987513983
3313,INPUT_SKIN2_90_5.txt,OUTPUT_GUT_90_5.txt,15,0.078125828,9.743417245,9.742995025,9.742797601,9.743478587,9.743579178
3314,INPUT_SKIN2_90_5.txt,OUTPUT_L_90_5.txt,15,5.294060485,7.740251588,7.739354876,7.739658007,7.739401169,7.739171375
3315,INPUT_SKIN2_90_5.txt,OUTPUT_LN1_90_5.txt,15,9.768076513,9.642460336,9.642064635,9.641919555,9.64257546,9.642513236
3316,INPUT_SKIN2_90_5.txt,OUTPUT_LN2_90_5.txt,15,10.08066119,9.950077559,9.949804108,9.950012173,9.950558889,9.950240706
3317,INPUT_SKIN2_90_5.txt,OUTPUT_LUNG_90_5.txt,15,4.103309142,6.832151039,6.832727973,6.833406218,6.833026293,6.832463832
3318,INPUT_SKIN2_90_5.txt,OUTPUT_S_90_5.txt,15,9.117016743,9.114946216,9.114694076,9.114443313,9.115182583,9.115263056
3319,INPUT_SKIN2_90_5.txt,OUTPUT_SKIN1_90_5.txt,15,0.520872291,0.287479726,0.287475664,0.287332894,0.287480364,0.287341165
3320,INPUT_SKIN2_90_5.txt,OUTPUT_SKIN2_90_5.txt,15,-593454,-297064,-297073.5,-297081,-297065.5,-297072.5
3321,INPUT_SKIN2_90_5.txt,OUTPUT_SKIN3_90_5.txt,15,0.409411261,1.009712108,1.009574879,1.009599194,1.009837016,1.009639202
3322,INPUT_SKIN2_90_5.txt,OUTPUT_SKIN4_90_5.txt,15,1.984773486,2.673305432,2.673474198,2.673034762,2.673259102,2.67313727
3323,INPUT_SKIN2_90_5.txt,OUTPUT_SKIN5_90_5.txt,15,0.793234869,1.373384444,1.373371726,1.373288363,1.373471881,1.373422319
3324,INPUT_SKIN2_90_5.txt,OUTPUT_SKIN6_90_5.txt,15,0.293594703,0.4656966,0.465617229,0.465647654,0.465699597,0.465646366
3325,INPUT_SKIN3_90_5.txt,OUTPUT_BM1_90_5.txt,15,1.618020867,1.610922627,1.610283334,1.611373054,1.611041631,1.611015562
3326,INPUT_SKIN3_90_5.txt,OUTPUT_BM2_90_5.txt,15,0.384200165,1.957656481,1.957744333,1.956801671,1.956853599,1.957367474
3327,INPUT_SKIN3_90_5.txt,OUTPUT_GUT_90_5.txt,15,0.040562085,5.275196547,5.275612806,5.275499597,5.274825009,5.275222477
3328,INPUT_SKIN3_90_5.txt,OUTPUT_L_90_5.txt,15,2.843208774,3.732444291,3.732312475,3.732456529,3.731738626,3.731934881
3329,INPUT_SKIN3_90_5.txt,OUTPUT_LN1_90_5.txt,15,5.151054625,5.021909333,5.022108377,5.022014444,5.021659987,5.021896049
3330,INPUT_SKIN3_90_5.txt,OUTPUT_LN2_90_5.txt,15,0.818442175,0.469550767,0.469594579,0.469676544,0.469621457,0.469601588
3331,INPUT_SKIN3_90_5.txt,OUTPUT_LUNG_90_5.txt,15,2.50875514,3.744945734,3.74546946,3.745705707,3.745042768,3.74515087
3332,INPUT_SKIN3_90_5.txt,OUTPUT_S_90_5.txt,15,4.513008358,4.35984662,4.360085514,4.359973521,4.359577221,4.359954915
3333,INPUT_SKIN3_90_5.txt,OUTPUT_SKIN1_90_5.txt,15,0.122120656,0.152831507,0.152842155,0.152766366,0.152822969,0.15276549
3334,INPUT_SKIN3_90_5.txt,OUTPUT_SKIN2_90_5.txt,15,0.177494518,0.184982786,0.185004312,0.185009273,0.184973055,0.184997518
3335,INPUT_SKIN3_90_5.txt,OUTPUT_SKIN3_90_5.txt,15,-1232754,-619168.5,-619136.5,-619151.5,-619207.5,-619155
3336,INPUT_SKIN3_90_5.txt,OUTPUT_SKIN4_90_5.txt,15,1.137872622,1.243821211,1.243998128,1.243803329,1.243730293,1.243803849
3337,INPUT_SKIN3_90_5.txt,OUTPUT_SKIN5_90_5.txt,15,0.231764908,0.345802066,0.345801225,0.345804688,0.345743425,0.345806227
3338,INPUT_SKIN3_90_5.txt,OUTPUT_SKIN6_90_5.txt,15,0.110883609,0.207611016,0.20759301,0.207606869,0.207600251,0.207598932
3339,INPUT_SKIN4_90_5.txt,OUTPUT_BM1_90_5.txt,15,1.153719074,1.188088289,1.189085579,1.187986027,1.187803089,1.187920791
3340,INPUT_SKIN4_90_5.txt,OUTPUT_BM2_90_5.txt,15,1.26450077,0.919503372,0.920167616,0.919006719,0.919019307,0.919247663
3341,INPUT_SKIN4_90_5.txt,OUTPUT_GUT_90_5.txt,15,0.216486863,0.134210757,0.134180666,0.134165734,0.134215118,0.134240971
3342,INPUT_SKIN4_90_5.txt,OUTPUT_L_90_5.txt,15,1.250374995,1.162295689,1.163192734,1.161951324,1.161706025,1.161796766
3343,INPUT_SKIN4_90_5.txt,OUTPUT_LN1_90_5.txt,15,1.786599391,1.620177757,1.622353858,1.619657932,1.619430457,1.619755269
3344,INPUT_SKIN4_90_5.txt,OUTPUT_LN2_90_5.txt,15,0.164220171,0.3889942,0.389072452,0.389066255,0.389044032,0.389014413
3345,INPUT_SKIN4_90_5.txt,OUTPUT_LUNG_90_5.txt,15,1.14447253,1.128748012,1.129907439,1.128786289,1.128661957,1.128629688
3346,INPUT_SKIN4_90_5.txt,OUTPUT_S_90_5.txt,15,1.617540084,1.431253143,1.43311987,1.430809004,1.43055272,1.430824028
3347,INPUT_SKIN4_90_5.txt,OUTPUT_SKIN1_90_5.txt,15,0.403059912,0.291675402,0.29166979,0.291547758,0.291678339,0.291546821
3348,INPUT_SKIN4_90_5.txt,OUTPUT_SKIN2_90_5.txt,15,0.867724367,0.876472599,0.876508401,0.876589296,0.876480563,0.876535744
3349,INPUT_SKIN4_90_5.txt,OUTPUT_SKIN3_90_5.txt,15,0.552593529,0.914975576,0.914842787,0.914943919,0.915096337,0.914950779
3350,INPUT_SKIN4_90_5.txt,OUTPUT_SKIN4_90_5.txt,15,-561307,-281470,-281482.5,-281464,-281468.5,-281465
3351,INPUT_SKIN4_90_5.txt,OUTPUT_SKIN5_90_5.txt,15,0.330256778,1.409497723,1.409473093,1.409511486,1.409397051,1.409621273
3352,INPUT_SKIN4_90_5.txt,OUTPUT_SKIN6_90_5.txt,15,0.028079291,0.031831069,0.03185463,0.031829156,0.031831519,0.031859202
3353,INPUT_SKIN5_90_5.txt,OUTPUT_BM1_90_5.txt,15,1.841541753,1.503920988,1.503266631,1.504292264,1.504182829,1.503978291
3354,INPUT_SKIN5_90_5.txt,OUTPUT_BM2_90_5.txt,15,1.895002665,4.408314375,4.40834707,4.407602322,4.408163551,4.408124544
3355,INPUT_SKIN5_90_5.txt,OUTPUT_GUT_90_5.txt,15,2.104872219,2.091272834,2.090907755,2.090738461,2.091353554,2.091508042
3356,INPUT_SKIN5_90_5.txt,OUTPUT_L_90_5.txt,15,0.883972254,1.003033123,1.002686024,1.002877371,1.00256264,1.002396532
3357,INPUT_SKIN5_90_5.txt,OUTPUT_LN1_90_5.txt,15,1.145902181,1.241088717,1.241230891,1.241139095,1.2409411,1.241308875
3358,INPUT_SKIN5_90_5.txt,OUTPUT_LN2_90_5.txt,15,0.373713616,0.345846117,0.345857306,0.345930506,0.345924575,0.345866829
3359,INPUT_SKIN5_90_5.txt,OUTPUT_LUNG_90_5.txt,15,0.917390434,1.049531561,1.04986216,1.050100847,1.049893852,1.049617266
3360,INPUT_SKIN5_90_5.txt,OUTPUT_S_90_5.txt,15,1.257808307,1.18591695,1.185780719,1.185957338,1.185564811,1.185584729
3361,INPUT_SKIN5_90_5.txt,OUTPUT_SKIN1_90_5.txt,15,0.22867384,0.188669132,0.188670505,0.188584164,0.188672261,0.188577854
3362,INPUT_SKIN5_90_5.txt,OUTPUT_SKIN2_90_5.txt,15,0.592632268,0.74630645,0.746347387,0.746395936,0.746321037,0.746328771
3363,INPUT_SKIN5_90_5.txt,OUTPUT_SKIN3_90_5.txt,15,0.388258658,0.450409805,0.450357905,0.450387421,0.450471615,0.450377135
3364,INPUT_SKIN5_90_5.txt,OUTPUT_SKIN4_90_5.txt,15,6.968466037,8.389339151,8.390066376,8.389022281,8.389299306,8.388802534
3365,INPUT_SKIN5_90_5.txt,OUTPUT_SKIN5_90_5.txt,15,-745000.5,-373407.5,-373411.5,-373405.5,-373404,-373418
3366,INPUT_SKIN5_90_5.txt,OUTPUT_SKIN6_90_5.txt,15,0.144613282,0.109080069,0.109251321,0.109069065,0.109082303,0.109262103
3367,INPUT_SKIN6_90_5.txt,OUTPUT_BM1_90_5.txt,15,1.740281186,1.721605675,1.720551611,1.722305037,1.72195938,1.721775836
3368,INPUT_SKIN6_90_5.txt,OUTPUT_BM2_90_5.txt,15,1.83453876,3.212959743,3.213147815,3.210594141,3.21112589,3.212221869
3369,INPUT_SKIN6_90_5.txt,OUTPUT_GUT_90_5.txt,15,0.501600837,0.595105751,0.59495621,0.594889189,0.595143601,0.595288515
3370,INPUT_SKIN6_90_5.txt,OUTPUT_L_90_5.txt,15,1.512534831,1.465294859,1.464758721,1.465111701,1.464392347,1.464215584
3371,INPUT_SKIN6_90_5.txt,OUTPUT_LN1_90_5.txt,15,1.949357092,1.53737058,1.537733539,1.537561092,1.537101039,1.537873722
3372,INPUT_SKIN6_90_5.txt,OUTPUT_LN2_90_5.txt,15,0.669269921,0.35470111,0.354742469,0.35480366,0.354782844,0.354749613
3373,INPUT_SKIN6_90_5.txt,OUTPUT_LUNG_90_5.txt,15,1.367496864,1.426357547,1.427056437,1.427592142,1.42701799,1.426660604
3374,INPUT_SKIN6_90_5.txt,OUTPUT_S_90_5.txt,15,2.342630355,1.75349938,1.753359981,1.753704575,1.752769851,1.752973975
3375,INPUT_SKIN6_90_5.txt,OUTPUT_SKIN1_90_5.txt,15,0.212541322,0.228652913,0.228669461,0.228546593,0.228649423,0.228554351
3376,INPUT_SKIN6_90_5.txt,OUTPUT_SKIN2_90_5.txt,15,0.469647406,0.348680739,0.348723718,0.348747243,0.348709229,0.348718949
3377,INPUT_SKIN6_90_5.txt,OUTPUT_SKIN3_90_5.txt,15,0.461823806,0.593729443,0.593710882,0.593711569,0.593796514,0.593726501
3378,INPUT_SKIN6_90_5.txt,OUTPUT_SKIN4_90_5.txt,15,0.609755873,0.592950091,0.593046926,0.592939672,0.59293998,0.592953758
3379,INPUT_SKIN6_90_5.txt,OUTPUT_SKIN5_90_5.txt,15,0.347501733,0.368429303,0.368459236,0.368433686,0.368417978,0.368461049
3380,INPUT_SKIN6_90_5.txt,OUTPUT_SKIN6_90_5.txt,15,-535903,-268219.5,-268200.5,-268213,-268221,-268208.5
3381,INPUT_BM1_90_5.txt,OUTPUT_BM1_90_5.txt,16,-1040855.5,-524555.5,-524570.5,-524609,-524457.5,-524509
3382,INPUT_BM1_90_5.txt,OUTPUT_BM2_90_5.txt,16,8.119236203,8.126768948,8.126941168,8.12593006,8.128657709,8.127430713
3383,INPUT_BM1_90_5.txt,OUTPUT_GUT_90_5.txt,16,NA,NA,NA,NA,NA,NA
3384,INPUT_BM1_90_5.txt,OUTPUT_L_90_5.txt,16,48.70133766,47.67209097,47.66888326,47.66370258,47.6824701,47.67548092
3385,INPUT_BM1_90_5.txt,OUTPUT_LN1_90_5.txt,16,42.34418457,40.9087897,40.90678067,40.90019984,40.91763259,40.91128937
3386,INPUT_BM1_90_5.txt,OUTPUT_LN2_90_5.txt,16,29.7588485,29.15960544,29.15860257,29.1565386,29.16917869,29.16555627
3387,INPUT_BM1_90_5.txt,OUTPUT_LUNG_90_5.txt,16,66.78096945,67.93562402,67.92945398,67.92200576,67.94859885,67.93969454
3388,INPUT_BM1_90_5.txt,OUTPUT_S_90_5.txt,16,NA,NA,NA,NA,NA,NA
3389,INPUT_BM1_90_5.txt,OUTPUT_SKIN1_90_5.txt,16,91.48552572,89.35717089,89.32555594,89.35427933,89.35008253,89.38311853
3390,INPUT_BM1_90_5.txt,OUTPUT_SKIN2_90_5.txt,16,79.99757835,78.90035844,78.90075454,78.89271407,78.92579617,78.91395139
3391,INPUT_BM1_90_5.txt,OUTPUT_SKIN3_90_5.txt,16,221.792824,218.4656112,218.6162581,218.452752,218.6351925,218.59958
3392,INPUT_BM1_90_5.txt,OUTPUT_SKIN4_90_5.txt,16,115.6438941,113.9398105,113.9468233,113.9206053,113.9782947,113.9702373
3393,INPUT_BM1_90_5.txt,OUTPUT_SKIN5_90_5.txt,16,217.0823267,209.3757223,209.3701291,209.3729415,209.3053592,209.4121177
3394,INPUT_BM1_90_5.txt,OUTPUT_SKIN6_90_5.txt,16,220.779857,221.1437155,221.3554533,221.3428583,221.2389158,221.4099588
3395,INPUT_BM2_90_5.txt,OUTPUT_BM1_90_5.txt,16,0.318638385,0.329896249,0.329878968,0.32983753,0.329872563,0.329649189
3396,INPUT_BM2_90_5.txt,OUTPUT_BM2_90_5.txt,16,-369367,-185007.5,-184932.5,-184981,-184954,-185019
3397,INPUT_BM2_90_5.txt,OUTPUT_GUT_90_5.txt,16,NA,NA,NA,NA,NA,NA
3398,INPUT_BM2_90_5.txt,OUTPUT_L_90_5.txt,16,0.25003891,0.173323806,0.17339443,0.173348753,0.173374178,0.173312982
3399,INPUT_BM2_90_5.txt,OUTPUT_LN1_90_5.txt,16,0.118535057,0.212036186,0.212124218,0.212101364,0.212103106,0.212024756
3400,INPUT_BM2_90_5.txt,OUTPUT_LN2_90_5.txt,16,1.082511317,0.971271903,0.971668488,0.971382509,0.971486948,0.971135048
3401,INPUT_BM2_90_5.txt,OUTPUT_LUNG_90_5.txt,16,0.280177109,0.249966974,0.250068206,0.250000159,0.250028198,0.249950338
3402,INPUT_BM2_90_5.txt,OUTPUT_S_90_5.txt,16,NA,NA,NA,NA,NA,NA
3403,INPUT_BM2_90_5.txt,OUTPUT_SKIN1_90_5.txt,16,0.070367749,0.328436592,0.328289065,0.32848202,0.328253251,0.328406237
3404,INPUT_BM2_90_5.txt,OUTPUT_SKIN2_90_5.txt,16,0.234823399,0.238037946,0.238150616,0.238078889,0.2381105,0.238029905
3405,INPUT_BM2_90_5.txt,OUTPUT_SKIN3_90_5.txt,16,0.273230255,0.236513664,0.236750027,0.236551526,0.23667402,0.236603241
3406,INPUT_BM2_90_5.txt,OUTPUT_SKIN4_90_5.txt,16,0.229478458,0.197885669,0.197964747,0.197913094,0.197940219,0.19787686
3407,INPUT_BM2_90_5.txt,OUTPUT_SKIN5_90_5.txt,16,0.223962252,0.300824384,0.300941257,0.300841174,0.301054449,0.30078561
3408,INPUT_BM2_90_5.txt,OUTPUT_SKIN6_90_5.txt,16,0.328943476,0.337089907,0.337375667,0.33728427,0.337194333,0.337201356
3409,INPUT_GUT_90_5.txt,OUTPUT_BM1_90_5.txt,16,NA,NA,NA,NA,NA,NA
3410,INPUT_GUT_90_5.txt,OUTPUT_BM2_90_5.txt,16,NA,NA,NA,NA,NA,NA
3411,INPUT_GUT_90_5.txt,OUTPUT_GUT_90_5.txt,16,NA,NA,NA,NA,NA,NA
3412,INPUT_GUT_90_5.txt,OUTPUT_L_90_5.txt,16,NA,NA,NA,NA,NA,NA
3413,INPUT_GUT_90_5.txt,OUTPUT_LN1_90_5.txt,16,NA,NA,NA,NA,NA,NA
3414,INPUT_GUT_90_5.txt,OUTPUT_LN2_90_5.txt,16,NA,NA,NA,NA,NA,NA
3415,INPUT_GUT_90_5.txt,OUTPUT_LUNG_90_5.txt,16,NA,NA,NA,NA,NA,NA
3416,INPUT_GUT_90_5.txt,OUTPUT_S_90_5.txt,16,NA,NA,NA,NA,NA,NA
3417,INPUT_GUT_90_5.txt,OUTPUT_SKIN1_90_5.txt,16,NA,NA,NA,NA,NA,NA
3418,INPUT_GUT_90_5.txt,OUTPUT_SKIN2_90_5.txt,16,NA,NA,NA,NA,NA,NA
3419,INPUT_GUT_90_5.txt,OUTPUT_SKIN3_90_5.txt,16,NA,NA,NA,NA,NA,NA
3420,INPUT_GUT_90_5.txt,OUTPUT_SKIN4_90_5.txt,16,NA,NA,NA,NA,NA,NA
3421,INPUT_GUT_90_5.txt,OUTPUT_SKIN5_90_5.txt,16,NA,NA,NA,NA,NA,NA
3422,INPUT_GUT_90_5.txt,OUTPUT_SKIN6_90_5.txt,16,NA,NA,NA,NA,NA,NA
3423,INPUT_L_90_5.txt,OUTPUT_BM1_90_5.txt,16,0.215421823,0.227137751,0.227154045,0.227186339,0.227053595,0.227097639
3424,INPUT_L_90_5.txt,OUTPUT_BM2_90_5.txt,16,0.100000511,0.088347863,0.088276441,0.088322624,0.088296912,0.088358817
3425,INPUT_L_90_5.txt,OUTPUT_GUT_90_5.txt,16,NA,NA,NA,NA,NA,NA
3426,INPUT_L_90_5.txt,OUTPUT_L_90_5.txt,16,-541651,-271567.5,-271567.5,-271567.5,-271567.5,-271567.5
3427,INPUT_L_90_5.txt,OUTPUT_LN1_90_5.txt,16,0.080282288,0.088067183,0.088068103,0.0880701,0.088068461,0.088067361
3428,INPUT_L_90_5.txt,OUTPUT_LN2_90_5.txt,16,0.582883769,0.825799879,0.825796145,0.825773738,0.825740127,0.825736393
3429,INPUT_L_90_5.txt,OUTPUT_LUNG_90_5.txt,16,0.079168099,0.077126752,0.077126447,0.077125838,0.077123099,0.077126447
3430,INPUT_L_90_5.txt,OUTPUT_S_90_5.txt,16,NA,NA,NA,NA,NA,NA
3431,INPUT_L_90_5.txt,OUTPUT_SKIN1_90_5.txt,16,0.112759606,0.160629733,0.160494709,0.160622883,0.16049416,0.16062528
3432,INPUT_L_90_5.txt,OUTPUT_SKIN2_90_5.txt,16,0.197822022,0.20948432,0.209498839,0.209493728,0.209487739,0.209492869
3433,INPUT_L_90_5.txt,OUTPUT_SKIN3_90_5.txt,16,0.311140163,0.249107669,0.249256082,0.24912953,0.249224159,0.249215111
3434,INPUT_L_90_5.txt,OUTPUT_SKIN4_90_5.txt,16,0.2923523,0.312210703,0.312215689,0.312211125,0.312216472,0.312218507
3435,INPUT_L_90_5.txt,OUTPUT_SKIN5_90_5.txt,16,0.200470146,0.206115866,0.20612484,0.206129547,0.206008098,0.206128356
3436,INPUT_L_90_5.txt,OUTPUT_SKIN6_90_5.txt,16,0.339052641,0.467781883,0.467975383,0.467972804,0.467777964,0.467963673
3437,INPUT_LN1_90_5.txt,OUTPUT_BM1_90_5.txt,16,1.060822339,0.949325414,0.949487526,0.949563843,0.949047473,0.949146414
3438,INPUT_LN1_90_5.txt,OUTPUT_BM2_90_5.txt,16,0.262629719,0.149081733,0.14896079,0.14904707,0.148996013,0.149100553
3439,INPUT_LN1_90_5.txt,OUTPUT_GUT_90_5.txt,16,NA,NA,NA,NA,NA,NA
3440,INPUT_LN1_90_5.txt,OUTPUT_L_90_5.txt,16,0.420157621,0.223862141,0.223860967,0.223873877,0.223862141,0.22386269
3441,INPUT_LN1_90_5.txt,OUTPUT_LN1_90_5.txt,16,-383083,-191430.5,-191431.5,-191420.5,-191430.5,-191430
3442,INPUT_LN1_90_5.txt,OUTPUT_LN2_90_5.txt,16,1.396380579,1.157348991,1.157337617,1.157373427,1.157265044,1.157262569
3443,INPUT_LN1_90_5.txt,OUTPUT_LUNG_90_5.txt,16,0.484466179,0.459646364,0.459642127,0.459665091,0.459624545,0.459645638
3444,INPUT_LN1_90_5.txt,OUTPUT_S_90_5.txt,16,NA,NA,NA,NA,NA,NA
3445,INPUT_LN1_90_5.txt,OUTPUT_SKIN1_90_5.txt,16,0.478138057,0.377133939,0.376820021,0.377149287,0.376820749,0.377121097
3446,INPUT_LN1_90_5.txt,OUTPUT_SKIN2_90_5.txt,16,0.504407601,0.453654567,0.453683677,0.453698715,0.453661802,0.453673913
3447,INPUT_LN1_90_5.txt,OUTPUT_SKIN3_90_5.txt,16,0.64151586,0.347764857,0.3479706,0.347814823,0.347930762,0.347910428
3448,INPUT_LN1_90_5.txt,OUTPUT_SKIN4_90_5.txt,16,0.437867075,0.307835127,0.307838219,0.307857133,0.307843437,0.307848982
3449,INPUT_LN1_90_5.txt,OUTPUT_SKIN5_90_5.txt,16,0.570829743,0.522044784,0.522063795,0.522106028,0.521776432,0.522076866
3450,INPUT_LN1_90_5.txt,OUTPUT_SKIN6_90_5.txt,16,0.80501486,0.869960582,0.870321183,0.870366692,0.869953873,0.870305129
3451,INPUT_LN2_90_5.txt,OUTPUT_BM1_90_5.txt,16,0.7826813,0.565341351,0.565385773,0.56546865,0.565169831,0.565275964
3452,INPUT_LN2_90_5.txt,OUTPUT_BM2_90_5.txt,16,0.036158142,0.054792359,0.054748095,0.054777535,0.054762664,0.05480126
3453,INPUT_LN2_90_5.txt,OUTPUT_GUT_90_5.txt,16,NA,NA,NA,NA,NA,NA
3454,INPUT_LN2_90_5.txt,OUTPUT_L_90_5.txt,16,0.544025129,0.499357845,0.499358976,0.499365765,0.499375947,0.499377079
3455,INPUT_LN2_90_5.txt,OUTPUT_LN1_90_5.txt,16,0.427849462,0.470802688,0.470808646,0.470761228,0.470819772,0.470818359
3456,INPUT_LN2_90_5.txt,OUTPUT_LN2_90_5.txt,16,-442792.5,-222061.5,-222061,-222058,-222053.5,-222053
3457,INPUT_LN2_90_5.txt,OUTPUT_LUNG_90_5.txt,16,0.511028397,0.424347596,0.424346886,0.424349322,0.424342936,0.424362307
3458,INPUT_LN2_90_5.txt,OUTPUT_S_90_5.txt,16,NA,NA,NA,NA,NA,NA
3459,INPUT_LN2_90_5.txt,OUTPUT_SKIN1_90_5.txt,16,0.255567426,0.356943336,0.356666421,0.356947818,0.356677409,0.356959254
3460,INPUT_LN2_90_5.txt,OUTPUT_SKIN2_90_5.txt,16,0.279817193,0.676943436,0.67699164,0.676984454,0.676979276,0.676997241
3461,INPUT_LN2_90_5.txt,OUTPUT_SKIN3_90_5.txt,16,0.990110243,1.317469059,1.318269297,1.317609058,1.318139935,1.318078388
3462,INPUT_LN2_90_5.txt,OUTPUT_SKIN4_90_5.txt,16,0.703867592,0.757486809,0.757500161,0.757523829,0.75754006,0.757558887
3463,INPUT_LN2_90_5.txt,OUTPUT_SKIN5_90_5.txt,16,0.913213221,0.914051263,0.914091556,0.914122863,0.913634786,0.914139048
3464,INPUT_LN2_90_5.txt,OUTPUT_SKIN6_90_5.txt,16,1.319832268,2.718368973,2.719556544,2.719584358,2.718452654,2.719596722
3465,INPUT_LUNG_90_5.txt,OUTPUT_BM1_90_5.txt,16,0.828199857,0.865860121,0.865934107,0.866040804,0.865572469,0.86570353
3466,INPUT_LUNG_90_5.txt,OUTPUT_BM2_90_5.txt,16,0.577786671,0.592695226,0.592229882,0.592533904,0.592376559,0.592767952
3467,INPUT_LUNG_90_5.txt,OUTPUT_GUT_90_5.txt,16,NA,NA,NA,NA,NA,NA
3468,INPUT_LUNG_90_5.txt,OUTPUT_L_90_5.txt,16,0.379586064,0.359247265,0.359247977,0.359249402,0.359255815,0.359247977
3469,INPUT_LUNG_90_5.txt,OUTPUT_LN1_90_5.txt,16,0.198681835,0.210060702,0.21006331,0.210077251,0.210069602,0.210061978
3470,INPUT_LUNG_90_5.txt,OUTPUT_LN2_90_5.txt,16,1.175505906,1.106995943,1.106993265,1.106968441,1.106944341,1.10691539
3471,INPUT_LUNG_90_5.txt,OUTPUT_LUNG_90_5.txt,16,-505785.5,-253133.5,-253133,-253132,-253127.5,-253133
3472,INPUT_LUNG_90_5.txt,OUTPUT_S_90_5.txt,16,NA,NA,NA,NA,NA,NA
3473,INPUT_LUNG_90_5.txt,OUTPUT_SKIN1_90_5.txt,16,0.207006335,0.235836283,0.235652333,0.235835368,0.235656651,0.235838668
3474,INPUT_LUNG_90_5.txt,OUTPUT_SKIN2_90_5.txt,16,0.435727539,0.413487173,0.413516387,0.413507989,0.413503589,0.413504693
3475,INPUT_LUNG_90_5.txt,OUTPUT_SKIN3_90_5.txt,16,1.031294164,0.974414252,0.974968995,0.974492056,0.9748933,0.974807228
3476,INPUT_LUNG_90_5.txt,OUTPUT_SKIN4_90_5.txt,16,0.451832341,0.864508352,0.864523652,0.864517119,0.864545929,0.864534166
3477,INPUT_LUNG_90_5.txt,OUTPUT_SKIN5_90_5.txt,16,0.576065466,0.769604542,0.769639024,0.76965864,0.769230513,0.769651368
3478,INPUT_LUNG_90_5.txt,OUTPUT_SKIN6_90_5.txt,16,0.966890254,1.236896566,1.237415254,1.237413313,1.236914391,1.237384175
3479,INPUT_S_90_5.txt,OUTPUT_BM1_90_5.txt,16,NA,NA,NA,NA,NA,NA
3480,INPUT_S_90_5.txt,OUTPUT_BM2_90_5.txt,16,NA,NA,NA,NA,NA,NA
3481,INPUT_S_90_5.txt,OUTPUT_GUT_90_5.txt,16,NA,NA,NA,NA,NA,NA
3482,INPUT_S_90_5.txt,OUTPUT_L_90_5.txt,16,NA,NA,NA,NA,NA,NA
3483,INPUT_S_90_5.txt,OUTPUT_LN1_90_5.txt,16,NA,NA,NA,NA,NA,NA
3484,INPUT_S_90_5.txt,OUTPUT_LN2_90_5.txt,16,NA,NA,NA,NA,NA,NA
3485,INPUT_S_90_5.txt,OUTPUT_LUNG_90_5.txt,16,NA,NA,NA,NA,NA,NA
3486,INPUT_S_90_5.txt,OUTPUT_S_90_5.txt,16,NA,NA,NA,NA,NA,NA
3487,INPUT_S_90_5.txt,OUTPUT_SKIN1_90_5.txt,16,NA,NA,NA,NA,NA,NA
3488,INPUT_S_90_5.txt,OUTPUT_SKIN2_90_5.txt,16,NA,NA,NA,NA,NA,NA
3489,INPUT_S_90_5.txt,OUTPUT_SKIN3_90_5.txt,16,NA,NA,NA,NA,NA,NA
3490,INPUT_S_90_5.txt,OUTPUT_SKIN4_90_5.txt,16,NA,NA,NA,NA,NA,NA
3491,INPUT_S_90_5.txt,OUTPUT_SKIN5_90_5.txt,16,NA,NA,NA,NA,NA,NA
3492,INPUT_S_90_5.txt,OUTPUT_SKIN6_90_5.txt,16,NA,NA,NA,NA,NA,NA
3493,INPUT_SKIN1_90_5.txt,OUTPUT_BM1_90_5.txt,16,0.464212596,0.532662153,0.532957564,0.532770777,0.532719008,0.532555601
3494,INPUT_SKIN1_90_5.txt,OUTPUT_BM2_90_5.txt,16,4.138106756,3.458361039,3.460605527,3.458685514,3.46035291,3.458195532
3495,INPUT_SKIN1_90_5.txt,OUTPUT_GUT_90_5.txt,16,NA,NA,NA,NA,NA,NA
3496,INPUT_SKIN1_90_5.txt,OUTPUT_L_90_5.txt,16,0.165624681,0.227365933,0.227453989,0.227366312,0.227454366,0.227364051
3497,INPUT_SKIN1_90_5.txt,OUTPUT_LN1_90_5.txt,16,0.188468121,0.20185567,0.201936273,0.201834098,0.201934418,0.201852895
3498,INPUT_SKIN1_90_5.txt,OUTPUT_LN2_90_5.txt,16,0.854272749,0.873991933,0.874330377,0.873970919,0.874283686,0.873930015
3499,INPUT_SKIN1_90_5.txt,OUTPUT_LUNG_90_5.txt,16,0.646676667,0.609565284,0.609800092,0.609559044,0.609774516,0.609557773
3500,INPUT_SKIN1_90_5.txt,OUTPUT_S_90_5.txt,16,NA,NA,NA,NA,NA,NA
3501,INPUT_SKIN1_90_5.txt,OUTPUT_SKIN1_90_5.txt,16,-601327,-301276,-301159.5,-301275.5,-301159,-301278.5
3502,INPUT_SKIN1_90_5.txt,OUTPUT_SKIN2_90_5.txt,16,0.199371122,0.393158037,0.393338262,0.393176678,0.393317623,0.393171136
3503,INPUT_SKIN1_90_5.txt,OUTPUT_SKIN3_90_5.txt,16,0.686208833,0.89022825,0.89100343,0.890313902,0.891014881,0.890481113
3504,INPUT_SKIN1_90_5.txt,OUTPUT_SKIN4_90_5.txt,16,0.620840527,0.541797725,0.542017239,0.541800495,0.542019998,0.541808045
3505,INPUT_SKIN1_90_5.txt,OUTPUT_SKIN5_90_5.txt,16,0.339808651,0.430007936,0.43019348,0.430037274,0.429950382,0.430030467
3506,INPUT_SKIN1_90_5.txt,OUTPUT_SKIN6_90_5.txt,16,0.724245372,1.050899664,1.051897523,1.051331566,1.051296828,1.05145703
3507,INPUT_SKIN2_90_5.txt,OUTPUT_BM1_90_5.txt,16,0.62620757,1.188197358,1.188229371,1.188419899,1.187750375,1.187946108
3508,INPUT_SKIN2_90_5.txt,OUTPUT_BM2_90_5.txt,16,5.506842798,4.867512637,4.868650144,4.867865045,4.86840565,4.867212334
3509,INPUT_SKIN2_90_5.txt,OUTPUT_GUT_90_5.txt,16,NA,NA,NA,NA,NA,NA
3510,INPUT_SKIN2_90_5.txt,OUTPUT_L_90_5.txt,16,0.386532093,0.399611812,0.399598409,0.399603153,0.399608663,0.399603936
3511,INPUT_SKIN2_90_5.txt,OUTPUT_LN1_90_5.txt,16,0.134370475,1.653381132,1.653343143,1.653177419,1.653368949,1.65333967
3512,INPUT_SKIN2_90_5.txt,OUTPUT_LN2_90_5.txt,16,1.650881707,1.96984793,1.969775125,1.96976169,1.969733762,1.969704026
3513,INPUT_SKIN2_90_5.txt,OUTPUT_LUNG_90_5.txt,16,17.29509216,14.53407132,14.53346629,14.53353864,14.53320264,14.53369181
3514,INPUT_SKIN2_90_5.txt,OUTPUT_S_90_5.txt,16,NA,NA,NA,NA,NA,NA
3515,INPUT_SKIN2_90_5.txt,OUTPUT_SKIN1_90_5.txt,16,0.492892381,1.957139927,1.955547851,1.957089829,1.955591489,1.957133291
3516,INPUT_SKIN2_90_5.txt,OUTPUT_SKIN2_90_5.txt,16,-508591.5,-254900.5,-254909,-254906,-254902.5,-254905.5
3517,INPUT_SKIN2_90_5.txt,OUTPUT_SKIN3_90_5.txt,16,2.545743105,2.442845463,2.444279733,2.443016736,2.444004459,2.443860821
3518,INPUT_SKIN2_90_5.txt,OUTPUT_SKIN4_90_5.txt,16,2.370008224,2.256010241,2.255967342,2.256071822,2.25608693,2.256130171
3519,INPUT_SKIN2_90_5.txt,OUTPUT_SKIN5_90_5.txt,16,0.446420362,0.996437302,0.996446823,0.99648085,0.995914568,0.996477174
3520,INPUT_SKIN2_90_5.txt,OUTPUT_SKIN6_90_5.txt,16,0.605137669,2.42270169,2.423916983,2.423639433,2.422662242,2.423888989
3521,INPUT_SKIN3_90_5.txt,OUTPUT_BM1_90_5.txt,16,0.895665143,1.001131646,1.000822102,1.001295142,1.000503402,1.00066561
3522,INPUT_SKIN3_90_5.txt,OUTPUT_BM2_90_5.txt,16,0.056269229,0.071341163,0.0712611,0.07131754,0.071283092,0.07133394
3523,INPUT_SKIN3_90_5.txt,OUTPUT_GUT_90_5.txt,16,NA,NA,NA,NA,NA,NA
3524,INPUT_SKIN3_90_5.txt,OUTPUT_L_90_5.txt,16,0.693501758,0.735994383,0.735762252,0.735960237,0.735819576,0.73582984
3525,INPUT_SKIN3_90_5.txt,OUTPUT_LN1_90_5.txt,16,0.270621725,0.309270099,0.309175113,0.309223417,0.30919578,0.309198281
3526,INPUT_SKIN3_90_5.txt,OUTPUT_LN2_90_5.txt,16,2.940006656,2.711881555,2.710994184,2.711675469,2.711042546,2.711071694
3527,INPUT_SKIN3_90_5.txt,OUTPUT_LUNG_90_5.txt,16,0.207355343,0.267663543,0.267577789,0.267647963,0.267586845,0.26760231
3528,INPUT_SKIN3_90_5.txt,OUTPUT_S_90_5.txt,16,NA,NA,NA,NA,NA,NA
3529,INPUT_SKIN3_90_5.txt,OUTPUT_SKIN1_90_5.txt,16,0.304966002,0.269799252,0.269505927,0.2697859,0.269525811,0.269743387
3530,INPUT_SKIN3_90_5.txt,OUTPUT_SKIN2_90_5.txt,16,0.193484098,0.411431672,0.411330319,0.411430719,0.411340309,0.411355878
3531,INPUT_SKIN3_90_5.txt,OUTPUT_SKIN3_90_5.txt,16,-1120011,-562479,-562657,-562505,-562613.5,-562605.5
3532,INPUT_SKIN3_90_5.txt,OUTPUT_SKIN4_90_5.txt,16,0.885567701,0.649801273,0.64960512,0.649742628,0.649642871,0.649641374
3533,INPUT_SKIN3_90_5.txt,OUTPUT_SKIN5_90_5.txt,16,0.439659153,0.485609973,0.485477903,0.485619382,0.48524454,0.485530476
3534,INPUT_SKIN3_90_5.txt,OUTPUT_SKIN6_90_5.txt,16,0.870699669,1.208932967,1.209434362,1.209372228,1.208643885,1.209505717
3535,INPUT_SKIN4_90_5.txt,OUTPUT_BM1_90_5.txt,16,0.279926635,0.424113196,0.424144989,0.424210373,0.423959945,0.424041029
3536,INPUT_SKIN4_90_5.txt,OUTPUT_BM2_90_5.txt,16,2.697075777,2.568288862,2.56639209,2.56768151,2.566955202,2.568603517
3537,INPUT_SKIN4_90_5.txt,OUTPUT_GUT_90_5.txt,16,NA,NA,NA,NA,NA,NA
3538,INPUT_SKIN4_90_5.txt,OUTPUT_L_90_5.txt,16,0.657212341,0.576466931,0.576462643,0.576479353,0.576468187,0.576472656
3539,INPUT_SKIN4_90_5.txt,OUTPUT_LN1_90_5.txt,16,0.111075938,42.43292994,42.43193072,42.43614806,42.43319805,42.43310057
3540,INPUT_SKIN4_90_5.txt,OUTPUT_LN2_90_5.txt,16,0.751674121,0.911275138,0.911263864,0.911266622,0.911212603,0.911215788
3541,INPUT_SKIN4_90_5.txt,OUTPUT_LUNG_90_5.txt,16,43.2758874,37.14790019,37.14760095,37.14826083,37.14636929,37.14828505
3542,INPUT_SKIN4_90_5.txt,OUTPUT_S_90_5.txt,16,NA,NA,NA,NA,NA,NA
3543,INPUT_SKIN4_90_5.txt,OUTPUT_SKIN1_90_5.txt,16,0.379765333,0.644714945,0.644207686,0.644726412,0.644211618,0.644731993
3544,INPUT_SKIN4_90_5.txt,OUTPUT_SKIN2_90_5.txt,16,0.332750492,0.516760621,0.51679177,0.516794369,0.516769834,0.516786332
3545,INPUT_SKIN4_90_5.txt,OUTPUT_SKIN3_90_5.txt,16,1.331784009,1.718578499,1.719491957,1.718750336,1.719381383,1.719230499
3546,INPUT_SKIN4_90_5.txt,OUTPUT_SKIN4_90_5.txt,16,-513659.5,-256886.5,-256888.5,-256881,-256886,-256884
3547,INPUT_SKIN4_90_5.txt,OUTPUT_SKIN5_90_5.txt,16,0.591126836,0.639749732,0.639772314,0.639805634,0.639418309,0.639794554
3548,INPUT_SKIN4_90_5.txt,OUTPUT_SKIN6_90_5.txt,16,0.476831456,0.868316368,0.868666928,0.868689306,0.868310495,0.868659974
3549,INPUT_SKIN5_90_5.txt,OUTPUT_BM1_90_5.txt,16,1.223450027,1.184928197,1.184941661,1.185135027,1.18477017,1.184662885
3550,INPUT_SKIN5_90_5.txt,OUTPUT_BM2_90_5.txt,16,0.154242127,0.049130935,0.049090537,0.049115427,0.04911546,0.049135509
3551,INPUT_SKIN5_90_5.txt,OUTPUT_GUT_90_5.txt,16,NA,NA,NA,NA,NA,NA
3552,INPUT_SKIN5_90_5.txt,OUTPUT_L_90_5.txt,16,0.807112089,0.824835964,0.824818424,0.824808784,0.825049518,0.824811139
3553,INPUT_SKIN5_90_5.txt,OUTPUT_LN1_90_5.txt,16,0.326198412,0.372961505,0.37295745,0.372910425,0.373057569,0.372948417
3554,INPUT_SKIN5_90_5.txt,OUTPUT_LN2_90_5.txt,16,3.301111397,3.02089916,3.02082603,3.020743704,3.021580859,3.020676805
3555,INPUT_SKIN5_90_5.txt,OUTPUT_LUNG_90_5.txt,16,75.37011447,71.26863335,71.26630308,71.26214413,71.29947419,71.26381093
3556,INPUT_SKIN5_90_5.txt,OUTPUT_S_90_5.txt,16,NA,NA,NA,NA,NA,NA
3557,INPUT_SKIN5_90_5.txt,OUTPUT_SKIN1_90_5.txt,16,0.628009177,0.62137363,0.620870142,0.621351426,0.621039958,0.62135433
3558,INPUT_SKIN5_90_5.txt,OUTPUT_SKIN2_90_5.txt,16,0.5000156,0.552166947,0.552193082,0.552173345,0.552318193,0.552172696
3559,INPUT_SKIN5_90_5.txt,OUTPUT_SKIN3_90_5.txt,16,1.162178491,0.831877633,0.832387434,0.831928688,0.832489679,0.832228896
3560,INPUT_SKIN5_90_5.txt,OUTPUT_SKIN4_90_5.txt,16,0.809619397,0.917627855,0.917622637,0.917580814,0.917871213,0.917604989
3561,INPUT_SKIN5_90_5.txt,OUTPUT_SKIN5_90_5.txt,16,-704608.5,-352934,-352941.5,-352945.5,-352843.5,-352944.5
3562,INPUT_SKIN5_90_5.txt,OUTPUT_SKIN6_90_5.txt,16,1.515754699,2.172562204,2.173686215,2.173370074,2.173103506,2.173611539
3563,INPUT_SKIN6_90_5.txt,OUTPUT_BM1_90_5.txt,16,1.582094357,1.456828988,1.456759472,1.456842081,1.456393808,1.456318487
3564,INPUT_SKIN6_90_5.txt,OUTPUT_BM2_90_5.txt,16,0.046936985,0.045080299,0.045038202,0.045061622,0.045054786,0.04508036
3565,INPUT_SKIN6_90_5.txt,OUTPUT_GUT_90_5.txt,16,NA,NA,NA,NA,NA,NA
3566,INPUT_SKIN6_90_5.txt,OUTPUT_L_90_5.txt,16,0.781893855,0.620695665,0.620669797,0.620672759,0.620698287,0.620679062
3567,INPUT_SKIN6_90_5.txt,OUTPUT_LN1_90_5.txt,16,0.267609799,0.410088276,0.41004206,0.410115051,0.410102545,0.410047493
3568,INPUT_SKIN6_90_5.txt,OUTPUT_LN2_90_5.txt,16,3.11165391,3.019452283,3.024006687,3.024086824,3.019373542,3.024026889
3569,INPUT_SKIN6_90_5.txt,OUTPUT_LUNG_90_5.txt,16,1.428354377,1.689376014,1.689306912,1.689301741,1.689302241,1.689332456
3570,INPUT_SKIN6_90_5.txt,OUTPUT_S_90_5.txt,16,NA,NA,NA,NA,NA,NA
3571,INPUT_SKIN6_90_5.txt,OUTPUT_SKIN1_90_5.txt,16,0.378054441,0.424715675,0.424270003,0.424629408,0.424354726,0.42461155
3572,INPUT_SKIN6_90_5.txt,OUTPUT_SKIN2_90_5.txt,16,0.191232243,0.279910509,0.279874083,0.279867733,0.279916179,0.27986973
3573,INPUT_SKIN6_90_5.txt,OUTPUT_SKIN3_90_5.txt,16,0.425394308,0.291636152,0.291762468,0.291609669,0.291777346,0.291712884
3574,INPUT_SKIN6_90_5.txt,OUTPUT_SKIN4_90_5.txt,16,0.351837646,0.231394383,0.231358353,0.23134525,0.231394433,0.231353218
3575,INPUT_SKIN6_90_5.txt,OUTPUT_SKIN5_90_5.txt,16,1.180921856,1.138740604,1.138565166,1.138592559,1.138160251,1.138598704
3576,INPUT_SKIN6_90_5.txt,OUTPUT_SKIN6_90_5.txt,16,-713948,-358558,-358629.5,-358629,-358556.5,-358625
3577,INPUT_BM1_90_5.txt,OUTPUT_BM1_90_5.txt,17,-937631,-469563,-469558.5,-469563.5,-469687,-469570.5
3578,INPUT_BM1_90_5.txt,OUTPUT_BM2_90_5.txt,17,4.278460916,1.781660535,1.780293213,1.780952297,1.782404727,1.779805846
3579,INPUT_BM1_90_5.txt,OUTPUT_GUT_90_5.txt,17,0.047999431,0.037054521,0.037054872,0.037054477,0.037044718,0.037053924
3580,INPUT_BM1_90_5.txt,OUTPUT_L_90_5.txt,17,88.53181961,51.14839702,51.10834169,51.11288296,51.11755025,51.10648781
3581,INPUT_BM1_90_5.txt,OUTPUT_LN1_90_5.txt,17,0.267622093,0.263969402,0.263971954,0.263969118,0.263899094,0.263965148
3582,INPUT_BM1_90_5.txt,OUTPUT_LN2_90_5.txt,17,0.171842327,0.218793311,0.218793069,0.218794946,0.218737994,0.218791664
3583,INPUT_BM1_90_5.txt,OUTPUT_LUNG_90_5.txt,17,0.030853613,0.031610857,0.031605163,0.031605683,0.031601645,0.031607781
3584,INPUT_BM1_90_5.txt,OUTPUT_S_90_5.txt,17,31.0847325,20.19959194,20.19975687,20.19957248,20.19501871,20.19931433
3585,INPUT_BM1_90_5.txt,OUTPUT_SKIN1_90_5.txt,17,0.191954163,0.172648626,0.172649636,0.172648418,0.172602045,0.172645825
3586,INPUT_BM1_90_5.txt,OUTPUT_SKIN2_90_5.txt,17,0.175354244,0.13564443,0.135594089,0.135575245,0.135554804,0.135575451
3587,INPUT_BM1_90_5.txt,OUTPUT_SKIN3_90_5.txt,17,0.159217161,0.134779767,0.134776094,0.134767546,0.134731408,0.134773729
3588,INPUT_BM1_90_5.txt,OUTPUT_SKIN4_90_5.txt,17,0.167611767,0.152356041,0.152272161,0.152375078,0.152320374,0.152259044
3589,INPUT_BM1_90_5.txt,OUTPUT_SKIN5_90_5.txt,17,0.429232751,0.522449123,0.522230808,0.522414322,0.522218712,0.522414154
3590,INPUT_BM1_90_5.txt,OUTPUT_SKIN6_90_5.txt,17,0.083155401,0.07534412,0.075343767,0.075340654,0.075324824,0.075343209
3591,INPUT_BM2_90_5.txt,OUTPUT_BM1_90_5.txt,17,0.641968818,0.49021971,0.490398763,0.490315191,0.490307783,0.490485254
3592,INPUT_BM2_90_5.txt,OUTPUT_BM2_90_5.txt,17,-750887,-376543,-376396,-376468,-376671.5,-376349
3593,INPUT_BM2_90_5.txt,OUTPUT_GUT_90_5.txt,17,0.0354691,0.033315052,0.033328086,0.033321699,0.033303669,0.033332251
3594,INPUT_BM2_90_5.txt,OUTPUT_L_90_5.txt,17,8.265662974,6.742963025,6.738955959,6.738473769,6.736950118,6.739615125
3595,INPUT_BM2_90_5.txt,OUTPUT_LN1_90_5.txt,17,0.192266237,0.208398957,0.208480999,0.208440788,0.208327327,0.208507193
3596,INPUT_BM2_90_5.txt,OUTPUT_LN2_90_5.txt,17,0.113790941,0.065113338,0.065139106,0.065126567,0.065091424,0.065147202
3597,INPUT_BM2_90_5.txt,OUTPUT_LUNG_90_5.txt,17,0.028016468,0.024305322,0.024310369,0.024306351,0.024296386,0.024315953
3598,INPUT_BM2_90_5.txt,OUTPUT_S_90_5.txt,17,5.037292403,3.862670471,3.864170893,3.863436082,3.861359416,3.864651462
3599,INPUT_BM2_90_5.txt,OUTPUT_SKIN1_90_5.txt,17,0.126837169,0.107687829,0.10772972,0.10770939,0.107650513,0.107743617
3600,INPUT_BM2_90_5.txt,OUTPUT_SKIN2_90_5.txt,17,0.090118882,0.080081454,0.080088858,0.080081123,0.080041489,0.080103397
3601,INPUT_BM2_90_5.txt,OUTPUT_SKIN3_90_5.txt,17,0.105120557,0.096396472,0.096428056,0.096407437,0.096355296,0.096435417
3602,INPUT_BM2_90_5.txt,OUTPUT_SKIN4_90_5.txt,17,0.102559052,0.085999962,0.086070571,0.086009843,0.085968808,0.0860778
3603,INPUT_BM2_90_5.txt,OUTPUT_SKIN5_90_5.txt,17,0.344913119,0.306005184,0.305995774,0.306048805,0.305831286,0.306140325
3604,INPUT_BM2_90_5.txt,OUTPUT_SKIN6_90_5.txt,17,0.062942567,0.063748516,0.063773754,0.063757223,0.06372568,0.06378239
3605,INPUT_GUT_90_5.txt,OUTPUT_BM1_90_5.txt,17,0.119653359,0.100326869,0.100326354,0.100326678,0.100334672,0.100327131
3606,INPUT_GUT_90_5.txt,OUTPUT_BM2_90_5.txt,17,0.137805791,0.114456656,0.114462054,0.114459243,0.114452226,0.114463348
3607,INPUT_GUT_90_5.txt,OUTPUT_GUT_90_5.txt,17,-249375.5,-124668.5,-124668.5,-124668.5,-124668.5,-124668.5
3608,INPUT_GUT_90_5.txt,OUTPUT_L_90_5.txt,17,0.146162517,0.116563122,0.116573402,0.116572208,0.116569074,0.116573663
3609,INPUT_GUT_90_5.txt,OUTPUT_LN1_90_5.txt,17,0.01266351,0.011712365,0.011712365,0.011712365,0.011712365,0.011712365
3610,INPUT_GUT_90_5.txt,OUTPUT_LN2_90_5.txt,17,0.05796888,0.048010349,0.048010287,0.048010566,0.048010675,0.048010566
3611,INPUT_GUT_90_5.txt,OUTPUT_LUNG_90_5.txt,17,0.037255201,0.040736803,0.040732588,0.04073319,0.040736201,0.040734997
3612,INPUT_GUT_90_5.txt,OUTPUT_S_90_5.txt,17,0.141601998,0.111994333,0.111994333,0.111994333,0.111994333,0.111994333
3613,INPUT_GUT_90_5.txt,OUTPUT_SKIN1_90_5.txt,17,0.077689792,0.089970249,0.089969902,0.089970249,0.089969902,0.089970249
3614,INPUT_GUT_90_5.txt,OUTPUT_SKIN2_90_5.txt,17,0.100358762,0.087092825,0.087088971,0.087067506,0.087081818,0.087072908
3615,INPUT_GUT_90_5.txt,OUTPUT_SKIN3_90_5.txt,17,0.111473526,0.134105335,0.134091035,0.13408211,0.134086574,0.134080712
3616,INPUT_GUT_90_5.txt,OUTPUT_SKIN4_90_5.txt,17,0.081951338,0.081610128,0.081657448,0.081600595,0.081607884,0.081654025
3617,INPUT_GUT_90_5.txt,OUTPUT_SKIN5_90_5.txt,17,0.240062505,0.185287489,0.185264383,0.185282028,0.185280606,0.185283128
3618,INPUT_GUT_90_5.txt,OUTPUT_SKIN6_90_5.txt,17,0.056167484,0.060120263,0.060121273,0.060116625,0.060119528,0.060122064
3619,INPUT_L_90_5.txt,OUTPUT_BM1_90_5.txt,17,1.082242334,1.333277689,1.333906033,1.333855279,1.334352186,1.333991892
3620,INPUT_L_90_5.txt,OUTPUT_BM2_90_5.txt,17,7.158982087,7.345198161,7.343035699,7.345428489,7.352274439,7.341287644
3621,INPUT_L_90_5.txt,OUTPUT_GUT_90_5.txt,17,0.046097955,0.053781778,0.053807989,0.053804812,0.053796474,0.053808685
3622,INPUT_L_90_5.txt,OUTPUT_L_90_5.txt,17,-542420,-271776.5,-271644.5,-271660.5,-271702.5,-271641
3623,INPUT_L_90_5.txt,OUTPUT_LN1_90_5.txt,17,0.211519938,0.238001443,0.238118451,0.238104298,0.238067155,0.238121547
3624,INPUT_L_90_5.txt,OUTPUT_LN2_90_5.txt,17,0.103554825,0.135903768,0.135971352,0.135963582,0.135943126,0.135973387
3625,INPUT_L_90_5.txt,OUTPUT_LUNG_90_5.txt,17,0.05211242,0.05674266,0.056763101,0.056760803,0.056757278,0.05676805
3626,INPUT_L_90_5.txt,OUTPUT_S_90_5.txt,17,17.73361241,23.08096538,23.09231862,23.09094056,23.08732384,23.0926201
3627,INPUT_L_90_5.txt,OUTPUT_SKIN1_90_5.txt,17,0.256525625,0.234567872,0.234683437,0.234670284,0.234632765,0.234687323
3628,INPUT_L_90_5.txt,OUTPUT_SKIN2_90_5.txt,17,0.200219324,0.196530092,0.196627071,0.196578545,0.19657428,0.19659867
3629,INPUT_L_90_5.txt,OUTPUT_SKIN3_90_5.txt,17,0.146127508,0.195470902,0.195556239,0.195537907,0.195502705,0.195562264
3630,INPUT_L_90_5.txt,OUTPUT_SKIN4_90_5.txt,17,0.15654547,0.147623496,0.147602389,0.147708698,0.147669927,0.147595049
3631,INPUT_L_90_5.txt,OUTPUT_SKIN5_90_5.txt,17,0.65554656,0.663099534,0.663149008,0.663349563,0.663175941,0.663404619
3632,INPUT_L_90_5.txt,OUTPUT_SKIN6_90_5.txt,17,0.158783469,0.178412151,0.178491386,0.178475534,0.178457125,0.178500759
3633,INPUT_LN1_90_5.txt,OUTPUT_BM1_90_5.txt,17,4.385009603,3.376778517,3.37666454,3.376722665,3.378158382,3.37680404
3634,INPUT_LN1_90_5.txt,OUTPUT_BM2_90_5.txt,17,8.733130758,5.797982093,5.795114776,5.796518189,5.800489862,5.794195123
3635,INPUT_LN1_90_5.txt,OUTPUT_GUT_90_5.txt,17,0.630546532,0.745538752,0.745538752,0.745538752,0.745538752,0.745538752
3636,INPUT_LN1_90_5.txt,OUTPUT_L_90_5.txt,17,17.25735969,14.55965535,14.55906014,14.55914,14.5593495,14.55904267
3637,INPUT_LN1_90_5.txt,OUTPUT_LN1_90_5.txt,17,-196544.5,-98452.5,-98452.5,-98452.5,-98452.5,-98452.5
3638,INPUT_LN1_90_5.txt,OUTPUT_LN2_90_5.txt,17,1.095635134,0.736990126,0.737014485,0.736997535,0.737001239,0.736997535
3639,INPUT_LN1_90_5.txt,OUTPUT_LUNG_90_5.txt,17,0.195575435,0.320394382,0.320403296,0.320402022,0.320395655,0.320398202
3640,INPUT_LN1_90_5.txt,OUTPUT_S_90_5.txt,17,16.61608249,14.05777405,14.05777405,14.05777405,14.05777405,14.05777405
3641,INPUT_LN1_90_5.txt,OUTPUT_SKIN1_90_5.txt,17,4.915094226,4.051985618,4.051982332,4.051985618,4.051982332,4.051985618
3642,INPUT_LN1_90_5.txt,OUTPUT_SKIN2_90_5.txt,17,1.392928136,2.360214842,2.360435875,2.359946685,2.36019495,2.360071709
3643,INPUT_LN1_90_5.txt,OUTPUT_SKIN3_90_5.txt,17,1.716226051,1.383262183,1.383214037,1.383167989,1.383143151,1.383227755
3644,INPUT_LN1_90_5.txt,OUTPUT_SKIN4_90_5.txt,17,1.233347129,1.611393426,1.610310347,1.611632074,1.611452643,1.610232828
3645,INPUT_LN1_90_5.txt,OUTPUT_SKIN5_90_5.txt,17,3.112981405,4.598683215,4.596956826,4.598465415,4.597832589,4.598611342
3646,INPUT_LN1_90_5.txt,OUTPUT_SKIN6_90_5.txt,17,1.876697702,1.673819729,1.673661978,1.67363465,1.673705629,1.673723173
3647,INPUT_LN2_90_5.txt,OUTPUT_BM1_90_5.txt,17,0.781189281,0.639648048,0.639634214,0.639645995,0.639975238,0.639664746
3648,INPUT_LN2_90_5.txt,OUTPUT_BM2_90_5.txt,17,3.097335109,2.061530907,2.06001716,2.060750418,2.062834336,2.059529094
3649,INPUT_LN2_90_5.txt,OUTPUT_GUT_90_5.txt,17,12.10519601,11.12367063,11.12353316,11.12361303,11.12358423,11.12361303
3650,INPUT_LN2_90_5.txt,OUTPUT_L_90_5.txt,17,22.19614077,19.12177235,19.11449122,19.11531457,19.11757398,19.11423725
3651,INPUT_LN2_90_5.txt,OUTPUT_LN1_90_5.txt,17,0.013073837,0.007397095,0.007397077,0.007397058,0.00739704,0.007397058
3652,INPUT_LN2_90_5.txt,OUTPUT_LN2_90_5.txt,17,-399703,-200559.5,-200560,-200560.5,-200561,-200560.5
3653,INPUT_LN2_90_5.txt,OUTPUT_LUNG_90_5.txt,17,0.064740139,0.223600248,0.223525189,0.22353523,0.223587954,0.22356719
3654,INPUT_LN2_90_5.txt,OUTPUT_S_90_5.txt,17,4.998859374,3.128742833,3.128734677,3.128726519,3.128718362,3.128726519
3655,INPUT_LN2_90_5.txt,OUTPUT_SKIN1_90_5.txt,17,1.755669445,1.462969025,1.462960335,1.462962006,1.462953315,1.462962006
3656,INPUT_LN2_90_5.txt,OUTPUT_SKIN2_90_5.txt,17,1.06226532,0.714136347,0.714039956,0.713900561,0.713990673,0.713932011
3657,INPUT_LN2_90_5.txt,OUTPUT_SKIN3_90_5.txt,17,1.593466663,1.693309202,1.69327165,1.693172284,1.693169237,1.693279588
3658,INPUT_LN2_90_5.txt,OUTPUT_SKIN4_90_5.txt,17,0.608268554,0.634495681,0.634047292,0.634592242,0.634515949,0.63400505
3659,INPUT_LN2_90_5.txt,OUTPUT_SKIN5_90_5.txt,17,3.718886389,2.635599496,2.634474965,2.635418777,2.635029306,2.635525679
3660,INPUT_LN2_90_5.txt,OUTPUT_SKIN6_90_5.txt,17,0.443927619,0.389539978,0.389522766,0.389511672,0.389531561,0.389528102
3661,INPUT_LUNG_90_5.txt,OUTPUT_BM1_90_5.txt,17,0.507112933,0.444044663,0.444028067,0.444038224,0.444270923,0.444053923
3662,INPUT_LUNG_90_5.txt,OUTPUT_BM2_90_5.txt,17,7.682808274,6.766853401,6.763598794,6.765153107,6.769599468,6.7626397
3663,INPUT_LUNG_90_5.txt,OUTPUT_GUT_90_5.txt,17,1.493754549,1.027348084,1.027333006,1.02733516,1.02734593,1.027341622
3664,INPUT_LUNG_90_5.txt,OUTPUT_L_90_5.txt,17,14.73666016,12.44380169,12.44081543,12.44118747,12.44223067,12.44085272
3665,INPUT_LUNG_90_5.txt,OUTPUT_LN1_90_5.txt,17,0.684500448,0.636302752,0.636293446,0.636294775,0.636301422,0.636298763
3666,INPUT_LUNG_90_5.txt,OUTPUT_LN2_90_5.txt,17,0.310603151,0.357091189,0.357091808,0.357090359,0.3570959,0.357092593
3667,INPUT_LUNG_90_5.txt,OUTPUT_LUNG_90_5.txt,17,-481694.5,-241184,-241187.5,-241187,-241184.5,-241185.5
3668,INPUT_LUNG_90_5.txt,OUTPUT_S_90_5.txt,17,6.972977181,6.850704695,6.850600272,6.850615189,6.850689778,6.850659942
3669,INPUT_LUNG_90_5.txt,OUTPUT_SKIN1_90_5.txt,17,0.664247171,0.619627917,0.619616589,0.619620145,0.619624361,0.619624031
3670,INPUT_LUNG_90_5.txt,OUTPUT_SKIN2_90_5.txt,17,0.58402004,0.59130427,0.591177553,0.591068897,0.59115122,0.59108794
3671,INPUT_LUNG_90_5.txt,OUTPUT_SKIN3_90_5.txt,17,0.546042935,0.515027926,0.51499646,0.514973492,0.514972743,0.515014953
3672,INPUT_LUNG_90_5.txt,OUTPUT_SKIN4_90_5.txt,17,0.412282931,0.314682813,0.314455889,0.314728549,0.314694571,0.314437603
3673,INPUT_LUNG_90_5.txt,OUTPUT_SKIN5_90_5.txt,17,1.658201184,1.854313035,1.853516185,1.854166817,1.853934199,1.854260463
3674,INPUT_LUNG_90_5.txt,OUTPUT_SKIN6_90_5.txt,17,0.28914536,0.330380849,0.33035763,0.330349528,0.330370534,0.330367958
3675,INPUT_S_90_5.txt,OUTPUT_BM1_90_5.txt,17,33.12958643,27.06752632,27.06644691,27.06707742,27.08265354,27.06796015
3676,INPUT_S_90_5.txt,OUTPUT_BM2_90_5.txt,17,173.2515137,154.7547624,154.6174613,154.686895,154.8710641,154.5792319
3677,INPUT_S_90_5.txt,OUTPUT_GUT_90_5.txt,17,0.333191145,0.31921001,0.31921001,0.31921001,0.31921001,0.31921001
3678,INPUT_S_90_5.txt,OUTPUT_L_90_5.txt,17,287.9882117,266.2444715,266.00218,266.0308093,266.1059573,265.9959172
3679,INPUT_S_90_5.txt,OUTPUT_LN1_90_5.txt,17,1.280488914,1.255362153,1.255362153,1.255362153,1.255362153,1.255362153
3680,INPUT_S_90_5.txt,OUTPUT_LN2_90_5.txt,17,1.032001819,1.008100921,1.008088754,1.008102862,1.008103833,1.008102862
3681,INPUT_S_90_5.txt,OUTPUT_LUNG_90_5.txt,17,0.253465368,0.172742344,0.172699858,0.172705927,0.172736274,0.172724134
3682,INPUT_S_90_5.txt,OUTPUT_S_90_5.txt,17,-80065,-40086.5,-40086.5,-40086.5,-40086.5,-40086.5
3683,INPUT_S_90_5.txt,OUTPUT_SKIN1_90_5.txt,17,0.936097789,0.863976108,0.863974051,0.863976108,0.863974051,0.863976108
3684,INPUT_S_90_5.txt,OUTPUT_SKIN2_90_5.txt,17,0.745189101,0.728750645,0.728706923,0.728671001,0.728702945,0.72867759
3685,INPUT_S_90_5.txt,OUTPUT_SKIN3_90_5.txt,17,0.666200888,0.774793179,0.77475042,0.774743355,0.774729697,0.774748131
3686,INPUT_S_90_5.txt,OUTPUT_SKIN4_90_5.txt,17,0.777168139,0.620735073,0.620683541,0.620747193,0.620738202,0.620673242
3687,INPUT_S_90_5.txt,OUTPUT_SKIN5_90_5.txt,17,2.214834129,2.384372604,2.383430989,2.384317531,2.383938552,2.384269337
3688,INPUT_S_90_5.txt,OUTPUT_SKIN6_90_5.txt,17,0.603791124,0.543429858,0.543425804,0.5434008,0.543423088,0.54344107
3689,INPUT_SKIN1_90_5.txt,OUTPUT_BM1_90_5.txt,17,0.536854544,0.375297626,0.375294205,0.375298062,0.375411275,0.37530444
3690,INPUT_SKIN1_90_5.txt,OUTPUT_BM2_90_5.txt,17,0.649564899,0.526940977,0.526801706,0.52686896,0.527065282,0.526754638
3691,INPUT_SKIN1_90_5.txt,OUTPUT_GUT_90_5.txt,17,0.792126888,0.730823424,0.73082472,0.730823424,0.73082472,0.730823424
3692,INPUT_SKIN1_90_5.txt,OUTPUT_L_90_5.txt,17,1.060475428,0.845822356,0.845896377,0.845886432,0.845866037,0.845896634
3693,INPUT_SKIN1_90_5.txt,OUTPUT_LN1_90_5.txt,17,0.012172912,0.010510406,0.010510426,0.010510406,0.010510426,0.010510406
3694,INPUT_SKIN1_90_5.txt,OUTPUT_LN2_90_5.txt,17,0.541192962,0.771718798,0.771737699,0.771726605,0.771731955,0.771726605
3695,INPUT_SKIN1_90_5.txt,OUTPUT_LUNG_90_5.txt,17,0.088995559,1.205229681,1.20523196,1.205229681,1.20523196,1.205229681
3696,INPUT_SKIN1_90_5.txt,OUTPUT_S_90_5.txt,17,0.905968147,0.74206471,0.742066091,0.74206471,0.742066091,0.74206471
3697,INPUT_SKIN1_90_5.txt,OUTPUT_SKIN1_90_5.txt,17,-537518.5,-269186,-269185.5,-269186,-269185.5,-269186
3698,INPUT_SKIN1_90_5.txt,OUTPUT_SKIN2_90_5.txt,17,0.633631404,2.169113514,2.166408412,2.166421605,2.166569245,2.166369176
3699,INPUT_SKIN1_90_5.txt,OUTPUT_SKIN3_90_5.txt,17,0.490457439,0.750945521,0.750900506,0.750883738,0.750857683,0.750904756
3700,INPUT_SKIN1_90_5.txt,OUTPUT_SKIN4_90_5.txt,17,0.614852369,1.282686044,1.281784309,1.28288818,1.282738989,1.281695604
3701,INPUT_SKIN1_90_5.txt,OUTPUT_SKIN5_90_5.txt,17,0.940697872,1.115425371,1.115221708,1.115373443,1.115333996,1.115424277
3702,INPUT_SKIN1_90_5.txt,OUTPUT_SKIN6_90_5.txt,17,0.285684092,0.559739354,0.559709411,0.55969208,0.559723704,0.559732013
3703,INPUT_SKIN2_90_5.txt,OUTPUT_BM1_90_5.txt,17,0.322185821,0.310234831,0.310217036,0.310260176,0.310386,0.310259565
3704,INPUT_SKIN2_90_5.txt,OUTPUT_BM2_90_5.txt,17,2.352942913,2.315546093,2.314967989,2.315480904,2.315986945,2.315017611
3705,INPUT_SKIN2_90_5.txt,OUTPUT_GUT_90_5.txt,17,1.262777922,1.227787134,1.227731983,1.227877479,1.227789016,1.22784364
3706,INPUT_SKIN2_90_5.txt,OUTPUT_L_90_5.txt,17,3.455371737,3.20862973,3.208619016,3.20899606,3.208722294,3.208917264
3707,INPUT_SKIN2_90_5.txt,OUTPUT_LN1_90_5.txt,17,0.01146633,0.012456082,0.012455587,0.012457074,0.012456159,0.012456712
3708,INPUT_SKIN2_90_5.txt,OUTPUT_LN2_90_5.txt,17,0.948465211,0.603318485,0.603307004,0.603368911,0.60333001,0.603352611
3709,INPUT_SKIN2_90_5.txt,OUTPUT_LUNG_90_5.txt,17,10.8983369,10.15166316,10.14904514,10.15074805,10.15142509,10.15131519
3710,INPUT_SKIN2_90_5.txt,OUTPUT_S_90_5.txt,17,1.878291032,1.808621367,1.808548922,1.808766291,1.808632473,1.808713548
3711,INPUT_SKIN2_90_5.txt,OUTPUT_SKIN1_90_5.txt,17,1.00167544,0.787812359,0.787777171,0.787874341,0.78781372,0.787851424
3712,INPUT_SKIN2_90_5.txt,OUTPUT_SKIN2_90_5.txt,17,-651532.5,-326637.5,-326650.5,-326611.5,-326635.5,-326621
3713,INPUT_SKIN2_90_5.txt,OUTPUT_SKIN3_90_5.txt,17,0.790626482,0.917825154,0.917767039,0.917825302,0.917757164,0.917856574
3714,INPUT_SKIN2_90_5.txt,OUTPUT_SKIN4_90_5.txt,17,0.456267581,0.643648049,0.643172147,0.643799786,0.643677003,0.64318772
3715,INPUT_SKIN2_90_5.txt,OUTPUT_SKIN5_90_5.txt,17,0.936763236,1.284509816,1.283996137,1.284534792,1.284295334,1.284554243
3716,INPUT_SKIN2_90_5.txt,OUTPUT_SKIN6_90_5.txt,17,0.549227385,0.726624341,0.726560368,0.726626321,0.726612071,0.726636452
3717,INPUT_SKIN3_90_5.txt,OUTPUT_BM1_90_5.txt,17,0.196905895,3.71439605,3.714420605,3.714177081,3.714790001,3.71420352
3718,INPUT_SKIN3_90_5.txt,OUTPUT_BM2_90_5.txt,17,1.503567081,1.248039958,1.247348174,1.247681192,1.248678171,1.24708387
3719,INPUT_SKIN3_90_5.txt,OUTPUT_GUT_90_5.txt,17,0.503336143,0.484892879,0.484898838,0.484912538,0.484912604,0.484897155
3720,INPUT_SKIN3_90_5.txt,OUTPUT_L_90_5.txt,17,5.325605904,4.832228846,4.832727694,4.83204344,4.832170173,4.832205853
3721,INPUT_SKIN3_90_5.txt,OUTPUT_LN1_90_5.txt,17,0.012761124,0.013573678,0.013573848,0.013574234,0.013574234,0.013573801
3722,INPUT_SKIN3_90_5.txt,OUTPUT_LN2_90_5.txt,17,0.424899523,0.441535574,0.441556881,0.441557196,0.441559815,0.441543449
3723,INPUT_SKIN3_90_5.txt,OUTPUT_LUNG_90_5.txt,17,5.878648815,7.089143865,7.089161983,7.089306459,7.089400637,7.08918201
3724,INPUT_SKIN3_90_5.txt,OUTPUT_S_90_5.txt,17,1.65360402,2.825680812,2.825717346,2.825537055,2.825624474,2.825533245
3725,INPUT_SKIN3_90_5.txt,OUTPUT_SKIN1_90_5.txt,17,0.891167759,2.504944365,2.50496482,2.505046839,2.505036968,2.504963682
3726,INPUT_SKIN3_90_5.txt,OUTPUT_SKIN2_90_5.txt,17,0.778185782,1.17732067,1.175552389,1.175656032,1.175712545,1.175569032
3727,INPUT_SKIN3_90_5.txt,OUTPUT_SKIN3_90_5.txt,17,-875059,-439457.5,-439452,-439439.5,-439439.5,-439453.5
3728,INPUT_SKIN3_90_5.txt,OUTPUT_SKIN4_90_5.txt,17,0.38297736,0.586686493,0.586282813,0.586802456,0.586733503,0.586241617
3729,INPUT_SKIN3_90_5.txt,OUTPUT_SKIN5_90_5.txt,17,2.34373224,3.77811164,3.777042303,3.777961534,3.777678076,3.778043097
3730,INPUT_SKIN3_90_5.txt,OUTPUT_SKIN6_90_5.txt,17,0.276759715,0.301230849,0.301218206,0.301218167,0.301234475,0.301221427
3731,INPUT_SKIN4_90_5.txt,OUTPUT_BM1_90_5.txt,17,0.442542785,0.419563165,0.419701431,0.419531432,0.419759346,0.41973508
3732,INPUT_SKIN4_90_5.txt,OUTPUT_BM2_90_5.txt,17,1.821026589,1.971484101,1.971252362,1.970859654,1.972251662,1.971021089
3733,INPUT_SKIN4_90_5.txt,OUTPUT_GUT_90_5.txt,17,29.90144639,26.65218322,26.66648082,26.64902881,26.65139968,26.66754844
3734,INPUT_SKIN4_90_5.txt,OUTPUT_L_90_5.txt,17,5.534326204,4.949538158,4.951477295,4.949320936,4.9495583,4.951651297
3735,INPUT_SKIN4_90_5.txt,OUTPUT_LN1_90_5.txt,17,0.015673208,0.016035805,0.01604136,0.016034564,0.016035495,0.016041888
3736,INPUT_SKIN4_90_5.txt,OUTPUT_LN2_90_5.txt,17,0.694909178,0.617822007,0.618039849,0.617780331,0.617819479,0.61806363
3737,INPUT_SKIN4_90_5.txt,OUTPUT_LUNG_90_5.txt,17,22.01526121,20.44802161,20.45052082,20.44664598,20.44771889,20.45170339
3738,INPUT_SKIN4_90_5.txt,OUTPUT_S_90_5.txt,17,2.69290234,2.546987499,2.547877362,2.546788584,2.546937749,2.547962975
3739,INPUT_SKIN4_90_5.txt,OUTPUT_SKIN1_90_5.txt,17,1.927136863,1.71437837,1.714973244,1.714244127,1.714338422,1.715036246
3740,INPUT_SKIN4_90_5.txt,OUTPUT_SKIN2_90_5.txt,17,0.724588114,0.798853172,0.79867844,0.798242088,0.7983754,0.798623776
3741,INPUT_SKIN4_90_5.txt,OUTPUT_SKIN3_90_5.txt,17,0.932133321,1.252430356,1.252797575,1.25222949,1.252260886,1.25284748
3742,INPUT_SKIN4_90_5.txt,OUTPUT_SKIN4_90_5.txt,17,-516023,-258482,-258392.5,-258502,-258487,-258384
3743,INPUT_SKIN4_90_5.txt,OUTPUT_SKIN5_90_5.txt,17,1.035270879,1.34553174,1.345486909,1.345340408,1.345253262,1.346022942
3744,INPUT_SKIN4_90_5.txt,OUTPUT_SKIN6_90_5.txt,17,0.309628135,0.532838362,0.532991231,0.532751547,0.532811823,0.533025464
3745,INPUT_SKIN5_90_5.txt,OUTPUT_BM1_90_5.txt,17,0.917113411,0.443290411,0.443373978,0.443306123,0.443566979,0.443309339
3746,INPUT_SKIN5_90_5.txt,OUTPUT_BM2_90_5.txt,17,31.70660245,29.33703269,29.32572943,29.33468543,29.33761951,29.32968964
3747,INPUT_SKIN5_90_5.txt,OUTPUT_GUT_90_5.txt,17,0.752213143,0.484192483,0.484296677,0.484208854,0.484243363,0.484198309
3748,INPUT_SKIN5_90_5.txt,OUTPUT_L_90_5.txt,17,42.6610042,39.18841682,39.17668063,39.19175675,39.18235346,39.19080887
3749,INPUT_SKIN5_90_5.txt,OUTPUT_LN1_90_5.txt,17,0.400659902,0.536668848,0.536783838,0.536687047,0.536724842,0.536675342
3750,INPUT_SKIN5_90_5.txt,OUTPUT_LN2_90_5.txt,17,1.427934895,1.887804939,1.88822869,1.887889298,1.888030487,1.88784662
3751,INPUT_SKIN5_90_5.txt,OUTPUT_LUNG_90_5.txt,17,0.017994892,0.016390391,0.016387616,0.016385575,0.016391198,0.016387897
3752,INPUT_SKIN5_90_5.txt,OUTPUT_S_90_5.txt,17,12.07628754,7.225591267,7.226317689,7.225776663,7.225921825,7.225595698
3753,INPUT_SKIN5_90_5.txt,OUTPUT_SKIN1_90_5.txt,17,0.918193147,1.910532663,1.910949521,1.910596856,1.910732895,1.910557718
3754,INPUT_SKIN5_90_5.txt,OUTPUT_SKIN2_90_5.txt,17,0.932382269,0.904163026,0.90428358,0.903930313,0.904119555,0.903924015
3755,INPUT_SKIN5_90_5.txt,OUTPUT_SKIN3_90_5.txt,17,0.456340126,0.493809274,0.493894738,0.493776516,0.493811762,0.493812042
3756,INPUT_SKIN5_90_5.txt,OUTPUT_SKIN4_90_5.txt,17,0.211857341,0.378058808,0.377868823,0.378132128,0.378113526,0.377766505
3757,INPUT_SKIN5_90_5.txt,OUTPUT_SKIN5_90_5.txt,17,-770169.5,-385187,-385105,-385174,-385147,-385182.5
3758,INPUT_SKIN5_90_5.txt,OUTPUT_SKIN6_90_5.txt,17,0.360642779,0.348023896,0.348097679,0.348024793,0.34806831,0.348032087
3759,INPUT_SKIN6_90_5.txt,OUTPUT_BM1_90_5.txt,17,0.329748006,0.346864867,0.346866053,0.346877764,0.34703743,0.346880021
3760,INPUT_SKIN6_90_5.txt,OUTPUT_BM2_90_5.txt,17,1.275960638,1.192044827,1.191399543,1.191744182,1.192641911,1.191175466
3761,INPUT_SKIN6_90_5.txt,OUTPUT_GUT_90_5.txt,17,24.07327039,21.40762407,21.41040416,21.40700748,21.4076444,21.41054432
3762,INPUT_SKIN6_90_5.txt,OUTPUT_L_90_5.txt,17,4.326882352,3.895489548,3.895348877,3.895431725,3.895403014,3.895314365
3763,INPUT_SKIN6_90_5.txt,OUTPUT_LN1_90_5.txt,17,0.0093588,0.006793721,0.006793864,0.00679396,0.006793779,0.006793817
3764,INPUT_SKIN6_90_5.txt,OUTPUT_LN2_90_5.txt,17,0.427877004,0.535943054,0.535957223,0.535967407,0.535955728,0.535956119
3765,INPUT_SKIN6_90_5.txt,OUTPUT_LUNG_90_5.txt,17,18.563361,14.62579727,14.62512483,14.62556769,14.62580025,14.62555749
3766,INPUT_SKIN6_90_5.txt,OUTPUT_S_90_5.txt,17,2.473247357,1.963715145,1.963757146,1.963784707,1.963731894,1.963743111
3767,INPUT_SKIN6_90_5.txt,OUTPUT_SKIN1_90_5.txt,17,1.770007294,1.696483602,1.696516586,1.696540988,1.696490419,1.696510429
3768,INPUT_SKIN6_90_5.txt,OUTPUT_SKIN2_90_5.txt,17,0.524237737,1.788655917,1.788836192,1.788436308,1.788651346,1.788503067
3769,INPUT_SKIN6_90_5.txt,OUTPUT_SKIN3_90_5.txt,17,0.645414185,0.486967292,0.486970549,0.486944815,0.486931683,0.486970318
3770,INPUT_SKIN6_90_5.txt,OUTPUT_SKIN4_90_5.txt,17,0.403632296,1.40147338,1.400513845,1.401743895,1.401540628,1.400410612
3771,INPUT_SKIN6_90_5.txt,OUTPUT_SKIN5_90_5.txt,17,0.811231683,1.110030537,1.109628903,1.109998545,1.109833224,1.110025423
3772,INPUT_SKIN6_90_5.txt,OUTPUT_SKIN6_90_5.txt,17,-709202,-355660.5,-355653,-355648,-355657.5,-355655.5
3773,INPUT_BM1_90_5.txt,OUTPUT_BM1_90_5.txt,18,-877124.5,-439177.5,-439220,-439225,-439229.5,-439229.5
3774,INPUT_BM1_90_5.txt,OUTPUT_BM2_90_5.txt,18,0.361575158,0.294417579,0.294420183,0.294218235,0.294046433,0.294238738
3775,INPUT_BM1_90_5.txt,OUTPUT_GUT_90_5.txt,18,6.809144772,6.197166568,6.196482128,6.196401615,6.196329155,6.196329155
3776,INPUT_BM1_90_5.txt,OUTPUT_L_90_5.txt,18,0.718951186,0.496751723,0.496622801,0.49647634,0.496656122,0.496695307
3777,INPUT_BM1_90_5.txt,OUTPUT_LN1_90_5.txt,18,0.143592826,0.149016389,0.149007853,0.149072288,0.149011578,0.149079518
3778,INPUT_BM1_90_5.txt,OUTPUT_LN2_90_5.txt,18,0.402447241,0.405473349,0.405433624,0.405428951,0.405424745,0.405424745
3779,INPUT_BM1_90_5.txt,OUTPUT_LUNG_90_5.txt,18,0.029113286,0.024084871,0.024082176,0.024079373,0.024081655,0.024078764
3780,INPUT_BM1_90_5.txt,OUTPUT_S_90_5.txt,18,2.524830567,2.145235702,2.143857957,2.144609439,2.145234151,2.144442176
3781,INPUT_BM1_90_5.txt,OUTPUT_SKIN1_90_5.txt,18,0.121750296,0.121529816,0.121608739,0.121511746,0.121607311,0.121606906
3782,INPUT_BM1_90_5.txt,OUTPUT_SKIN2_90_5.txt,18,0.14146782,0.149367335,0.149451796,0.149409691,0.149331852,0.149341577
3783,INPUT_BM1_90_5.txt,OUTPUT_SKIN3_90_5.txt,18,0.157239901,0.219015977,0.219046663,0.219029762,0.219010205,0.219029051
3784,INPUT_BM1_90_5.txt,OUTPUT_SKIN4_90_5.txt,18,0.154173715,0.118132247,0.118193464,0.118187226,0.118204397,0.118116342
3785,INPUT_BM1_90_5.txt,OUTPUT_SKIN5_90_5.txt,18,0.133768093,0.136338262,0.136408016,0.136334175,0.136405457,0.136332075
3786,INPUT_BM1_90_5.txt,OUTPUT_SKIN6_90_5.txt,18,0.248700524,0.233683506,0.233648818,0.233639956,0.233617049,0.233605075
3787,INPUT_BM2_90_5.txt,OUTPUT_BM1_90_5.txt,18,1.071282325,0.866760889,0.866882636,0.867192677,0.867457409,0.867175984
3788,INPUT_BM2_90_5.txt,OUTPUT_BM2_90_5.txt,18,-849391,-425795,-425817.5,-425674,-425552,-425691
3789,INPUT_BM2_90_5.txt,OUTPUT_GUT_90_5.txt,18,0.095399558,0.082292171,0.082287816,0.082315598,0.082339232,0.082312306
3790,INPUT_BM2_90_5.txt,OUTPUT_L_90_5.txt,18,1.198254733,1.151760112,1.151512871,1.15157316,1.152328806,1.152045459
3791,INPUT_BM2_90_5.txt,OUTPUT_LN1_90_5.txt,18,0.080904438,0.067475807,0.0674724,0.067527343,0.067515988,0.067528023
3792,INPUT_BM2_90_5.txt,OUTPUT_LN2_90_5.txt,18,0.098720116,0.081463766,0.081459453,0.081486973,0.081510386,0.081483712
3793,INPUT_BM2_90_5.txt,OUTPUT_LUNG_90_5.txt,18,0.058032578,0.053691919,0.053689076,0.053707213,0.053722643,0.053705064
3794,INPUT_BM2_90_5.txt,OUTPUT_S_90_5.txt,18,2.06137972,1.740061185,1.739026126,1.740226614,1.741237388,1.74004115
3795,INPUT_BM2_90_5.txt,OUTPUT_SKIN1_90_5.txt,18,0.047610219,0.094397804,0.094467055,0.094420758,0.094527207,0.094495895
3796,INPUT_BM2_90_5.txt,OUTPUT_SKIN2_90_5.txt,18,0.038108006,0.066682413,0.066726554,0.066730199,0.066713819,0.066695013
3797,INPUT_BM2_90_5.txt,OUTPUT_SKIN3_90_5.txt,18,0.124994741,0.10987289,0.109998062,0.110037341,0.110038916,0.110036007
3798,INPUT_BM2_90_5.txt,OUTPUT_SKIN4_90_5.txt,18,0.074261594,0.080841984,0.080884899,0.080913092,0.080944846,0.080860511
3799,INPUT_BM2_90_5.txt,OUTPUT_SKIN5_90_5.txt,18,0.13385977,0.118608564,0.118677281,0.118651613,0.118752093,0.118647814
3800,INPUT_BM2_90_5.txt,OUTPUT_SKIN6_90_5.txt,18,0.164821142,0.190757688,0.190737633,0.190796562,0.190848103,0.190761885
3801,INPUT_GUT_90_5.txt,OUTPUT_BM1_90_5.txt,18,1.680895449,1.066627238,1.06682519,1.06684848,1.066869441,1.066869441
3802,INPUT_GUT_90_5.txt,OUTPUT_BM2_90_5.txt,18,0.476515875,0.323994052,0.324027878,0.323812168,0.323628831,0.323837719
3803,INPUT_GUT_90_5.txt,OUTPUT_GUT_90_5.txt,18,-135649,-67887,-67887,-67887,-67887,-67887
3804,INPUT_GUT_90_5.txt,OUTPUT_L_90_5.txt,18,0.91000901,0.793799431,0.793672863,0.79345235,0.793738472,0.793799839
3805,INPUT_GUT_90_5.txt,OUTPUT_LN1_90_5.txt,18,0.151565313,0.103701234,0.103703222,0.103757575,0.103702517,0.103766014
3806,INPUT_GUT_90_5.txt,OUTPUT_LN2_90_5.txt,18,0.078030097,0.051431958,0.051431958,0.051431958,0.051431958,0.051431958
3807,INPUT_GUT_90_5.txt,OUTPUT_LUNG_90_5.txt,18,0.025150553,0.026817025,0.026817025,0.026817025,0.026817025,0.026817025
3808,INPUT_GUT_90_5.txt,OUTPUT_S_90_5.txt,18,2.568566451,1.783011122,1.782122056,1.782710662,1.783201217,1.782600294
3809,INPUT_GUT_90_5.txt,OUTPUT_SKIN1_90_5.txt,18,0.063670202,0.05680779,0.056857515,0.056805127,0.056858181,0.056857959
3810,INPUT_GUT_90_5.txt,OUTPUT_SKIN2_90_5.txt,18,0.062015756,0.062509357,0.062528757,0.062525043,0.062507058,0.062507381
3811,INPUT_GUT_90_5.txt,OUTPUT_SKIN3_90_5.txt,18,0.134381546,0.074504721,0.074518807,0.074516978,0.074490671,0.074515079
3812,INPUT_GUT_90_5.txt,OUTPUT_SKIN4_90_5.txt,18,0.102049931,0.060018695,0.060025868,0.06002737,0.060035331,0.060018491
3813,INPUT_GUT_90_5.txt,OUTPUT_SKIN5_90_5.txt,18,0.136341119,0.109364382,0.109358396,0.109360538,0.109361562,0.109355958
3814,INPUT_GUT_90_5.txt,OUTPUT_SKIN6_90_5.txt,18,0.12032515,0.101604533,0.10161052,0.101609,0.101608593,0.101629496
3815,INPUT_L_90_5.txt,OUTPUT_BM1_90_5.txt,18,0.755217273,0.486801814,0.486935556,0.487015588,0.486935025,0.486915844
3816,INPUT_L_90_5.txt,OUTPUT_BM2_90_5.txt,18,144.7428554,127.3497586,127.3846902,127.2997488,127.1654843,127.2681249
3817,INPUT_L_90_5.txt,OUTPUT_GUT_90_5.txt,18,4.137504721,3.631120889,3.631441932,3.632001457,3.631269063,3.631113414
3818,INPUT_L_90_5.txt,OUTPUT_L_90_5.txt,18,-809327,-405784.5,-405751.5,-405694,-405769.5,-405785.5
3819,INPUT_L_90_5.txt,OUTPUT_LN1_90_5.txt,18,0.129975029,0.132109876,0.132119432,0.132204792,0.132121745,0.132178217
3820,INPUT_L_90_5.txt,OUTPUT_LN2_90_5.txt,18,0.293787425,0.257362351,0.25738346,0.257420248,0.257371966,0.257361732
3821,INPUT_L_90_5.txt,OUTPUT_LUNG_90_5.txt,18,0.047953686,0.042526881,0.042530346,0.042536386,0.04252846,0.04252678
3822,INPUT_L_90_5.txt,OUTPUT_S_90_5.txt,18,82.28376903,138.3408861,138.2971472,138.3310491,138.3508338,138.3188881
3823,INPUT_L_90_5.txt,OUTPUT_SKIN1_90_5.txt,18,0.048670283,0.036775342,0.036806854,0.036782031,0.036805601,0.03680402
3824,INPUT_L_90_5.txt,OUTPUT_SKIN2_90_5.txt,18,0.032917543,0.028932441,0.028954766,0.028950915,0.028930358,0.028930779
3825,INPUT_L_90_5.txt,OUTPUT_SKIN3_90_5.txt,18,0.102736928,0.110065871,0.110113952,0.110137151,0.110078701,0.110107551
3826,INPUT_L_90_5.txt,OUTPUT_SKIN4_90_5.txt,18,0.07358261,0.076374619,0.076424162,0.076436933,0.076429675,0.076372888
3827,INPUT_L_90_5.txt,OUTPUT_SKIN5_90_5.txt,18,0.162535495,0.125196417,0.125285971,0.125232512,0.125280874,0.125207645
3828,INPUT_L_90_5.txt,OUTPUT_SKIN6_90_5.txt,18,0.127529944,0.09766127,0.097664566,0.09767591,0.097655422,0.097641185
3829,INPUT_LN1_90_5.txt,OUTPUT_BM1_90_5.txt,18,0.88798957,1.45939747,1.459644266,1.459605114,1.459670457,1.459639018
3830,INPUT_LN1_90_5.txt,OUTPUT_BM2_90_5.txt,18,15.49261274,13.98473842,13.98431524,14.00384667,13.98768047,14.00545347
3831,INPUT_LN1_90_5.txt,OUTPUT_GUT_90_5.txt,18,21.52228787,18.81665016,18.8165713,18.82537833,18.81667627,18.82639336
3832,INPUT_LN1_90_5.txt,OUTPUT_L_90_5.txt,18,2.012238798,2.0775921,2.077319027,2.076894655,2.077438277,2.077685137
3833,INPUT_LN1_90_5.txt,OUTPUT_LN1_90_5.txt,18,-645765,-323150,-323148.5,-323228.5,-323158.5,-323232.5
3834,INPUT_LN1_90_5.txt,OUTPUT_LN2_90_5.txt,18,1.634796807,1.92815482,1.928164037,1.927748073,1.928116306,1.927726372
3835,INPUT_LN1_90_5.txt,OUTPUT_LUNG_90_5.txt,18,0.052593311,0.066521993,0.066522303,0.066505815,0.066520242,0.06650499
3836,INPUT_LN1_90_5.txt,OUTPUT_S_90_5.txt,18,2.913240331,2.459485542,2.458469277,2.45946267,2.459679245,2.459389045
3837,INPUT_LN1_90_5.txt,OUTPUT_SKIN1_90_5.txt,18,0.184866689,0.158147562,0.158272499,0.158102377,0.15826925,0.158232339
3838,INPUT_LN1_90_5.txt,OUTPUT_SKIN2_90_5.txt,18,0.289639551,0.178266221,0.178395598,0.178300348,0.178243676,0.17821059
3839,INPUT_LN1_90_5.txt,OUTPUT_SKIN3_90_5.txt,18,0.664389506,0.897024968,0.897057232,0.896904674,0.896875777,0.896833886
3840,INPUT_LN1_90_5.txt,OUTPUT_SKIN4_90_5.txt,18,0.363358452,0.434800373,0.435047249,0.434950935,0.435083824,0.434683196
3841,INPUT_LN1_90_5.txt,OUTPUT_SKIN5_90_5.txt,18,0.510587031,0.530819573,0.531151611,0.530734538,0.531139535,0.530727967
3842,INPUT_LN1_90_5.txt,OUTPUT_SKIN6_90_5.txt,18,0.670361314,0.630445615,0.630414543,0.630238666,0.630373568,0.630137378
3843,INPUT_LN2_90_5.txt,OUTPUT_BM1_90_5.txt,18,2.625967897,2.745764067,2.746235871,2.746291379,2.746341336,2.746341336
3844,INPUT_LN2_90_5.txt,OUTPUT_BM2_90_5.txt,18,1.035138776,0.801429533,0.801511748,0.800987464,0.800541852,0.801049567
3845,INPUT_LN2_90_5.txt,OUTPUT_GUT_90_5.txt,18,39.8129647,32.57121815,32.57121815,32.57121815,32.57121815,32.57121815
3846,INPUT_LN2_90_5.txt,OUTPUT_L_90_5.txt,18,2.637927956,2.591140972,2.590764123,2.590107532,2.590970407,2.591153124
3847,INPUT_LN2_90_5.txt,OUTPUT_LN1_90_5.txt,18,0.673545355,1.001850711,1.001842176,1.002356684,1.001906249,1.002383335
3848,INPUT_LN2_90_5.txt,OUTPUT_LN2_90_5.txt,18,-275400,-137672.5,-137672.5,-137672.5,-137672.5,-137672.5
3849,INPUT_LN2_90_5.txt,OUTPUT_LUNG_90_5.txt,18,0.091529847,0.094773797,0.094773281,0.094769666,0.094773281,0.094769149
3850,INPUT_LN2_90_5.txt,OUTPUT_S_90_5.txt,18,8.621426087,6.962811451,6.960247982,6.961945209,6.963359464,6.961626989
3851,INPUT_LN2_90_5.txt,OUTPUT_SKIN1_90_5.txt,18,0.757784116,0.64316692,0.643668072,0.643140078,0.643674785,0.643672547
3852,INPUT_LN2_90_5.txt,OUTPUT_SKIN2_90_5.txt,18,0.668804466,0.722186415,0.722676083,0.722476611,0.722118396,0.722149074
3853,INPUT_LN2_90_5.txt,OUTPUT_SKIN3_90_5.txt,18,0.71994681,0.763666572,0.764217908,0.764220281,0.764056612,0.764270296
3854,INPUT_LN2_90_5.txt,OUTPUT_SKIN4_90_5.txt,18,0.53886169,0.657344154,0.65771029,0.657709878,0.657786466,0.657334153
3855,INPUT_LN2_90_5.txt,OUTPUT_SKIN5_90_5.txt,18,0.525568883,0.68038847,0.680772793,0.680436541,0.680760555,0.680404543
3856,INPUT_LN2_90_5.txt,OUTPUT_SKIN6_90_5.txt,18,1.138464137,1.494388937,1.494308331,1.494265354,1.494184959,1.494042214
3857,INPUT_LUNG_90_5.txt,OUTPUT_BM1_90_5.txt,18,0.361294135,0.496426624,0.496490621,0.496492819,0.496505099,0.496498902
3858,INPUT_LUNG_90_5.txt,OUTPUT_BM2_90_5.txt,18,0.314135395,0.297533561,0.297559051,0.297390265,0.297252799,0.297409409
3859,INPUT_LUNG_90_5.txt,OUTPUT_GUT_90_5.txt,18,0.150393588,0.106856589,0.106856422,0.106855252,0.106856422,0.106855085
3860,INPUT_LUNG_90_5.txt,OUTPUT_L_90_5.txt,18,0.875594491,0.772806038,0.772741106,0.772621617,0.772776831,0.772798083
3861,INPUT_LUNG_90_5.txt,OUTPUT_LN1_90_5.txt,18,0.164054365,0.165050144,0.165051369,0.165125888,0.165053961,0.165134728
3862,INPUT_LUNG_90_5.txt,OUTPUT_LN2_90_5.txt,18,0.238151131,0.209865233,0.209864904,0.209862604,0.209864904,0.209862276
3863,INPUT_LUNG_90_5.txt,OUTPUT_LUNG_90_5.txt,18,-637918,-319919.5,-319920,-319923.5,-319920,-319924
3864,INPUT_LUNG_90_5.txt,OUTPUT_S_90_5.txt,18,0.909721662,0.840532635,0.840339115,0.840457229,0.840572411,0.840432062
3865,INPUT_LUNG_90_5.txt,OUTPUT_SKIN1_90_5.txt,18,0.140684164,0.123113029,0.12320876,0.12310635,0.123210045,0.123208073
3866,INPUT_LUNG_90_5.txt,OUTPUT_SKIN2_90_5.txt,18,0.127980087,0.162849005,0.16296544,0.162916127,0.162831694,0.162837533
3867,INPUT_LUNG_90_5.txt,OUTPUT_SKIN3_90_5.txt,18,0.225642307,0.239543048,0.239600843,0.239595768,0.239550571,0.239573812
3868,INPUT_LUNG_90_5.txt,OUTPUT_SKIN4_90_5.txt,18,0.170597588,0.175522122,0.175622031,0.175625007,0.175642038,0.175515287
3869,INPUT_LUNG_90_5.txt,OUTPUT_SKIN5_90_5.txt,18,0.278831477,0.274227509,0.274403365,0.274244442,0.274404518,0.274251621
3870,INPUT_LUNG_90_5.txt,OUTPUT_SKIN6_90_5.txt,18,0.341876879,0.321695095,0.321675102,0.321659611,0.321661173,0.321603013
3871,INPUT_S_90_5.txt,OUTPUT_BM1_90_5.txt,18,63.62102005,58.69911125,58.73099441,58.71965823,58.71031284,58.7233875
3872,INPUT_S_90_5.txt,OUTPUT_BM2_90_5.txt,18,28.08695366,26.28464291,26.29679735,26.27076044,26.24874121,26.27425521
3873,INPUT_S_90_5.txt,OUTPUT_GUT_90_5.txt,18,4.734085625,4.314201094,4.315521709,4.314647281,4.31391886,4.314811209
3874,INPUT_S_90_5.txt,OUTPUT_L_90_5.txt,18,23.62283346,24.06376309,24.06700893,24.05485361,24.0601838,24.06720741
3875,INPUT_S_90_5.txt,OUTPUT_LN1_90_5.txt,18,0.18911628,0.208879548,0.20893542,0.209003241,0.2088783,0.209015924
3876,INPUT_S_90_5.txt,OUTPUT_LN2_90_5.txt,18,2.042567512,2.286408663,2.287086046,2.286637527,2.286263895,2.286721611
3877,INPUT_S_90_5.txt,OUTPUT_LUNG_90_5.txt,18,0.156378663,0.140598652,0.140628117,0.140537152,0.140581035,0.14053264
3878,INPUT_S_90_5.txt,OUTPUT_S_90_5.txt,18,-528248,-264543,-264470.5,-264518.5,-264558.5,-264509.5
3879,INPUT_S_90_5.txt,OUTPUT_SKIN1_90_5.txt,18,0.239006741,0.28853846,0.288816979,0.28855492,0.288722274,0.288775593
3880,INPUT_S_90_5.txt,OUTPUT_SKIN2_90_5.txt,18,0.322348226,0.358811871,0.359127929,0.358974,0.358760292,0.35884153
3881,INPUT_S_90_5.txt,OUTPUT_SKIN3_90_5.txt,18,0.388195834,0.414407963,0.414776439,0.414731805,0.414596801,0.414753348
3882,INPUT_S_90_5.txt,OUTPUT_SKIN4_90_5.txt,18,0.22729861,0.359937591,0.360201549,0.360146246,0.360123504,0.359979242
3883,INPUT_S_90_5.txt,OUTPUT_SKIN5_90_5.txt,18,0.188257556,0.326147418,0.326422074,0.326200286,0.326311383,0.326217072
3884,INPUT_S_90_5.txt,OUTPUT_SKIN6_90_5.txt,18,0.397640801,0.53519851,0.535325742,0.535214128,0.535127455,0.535168439
3885,INPUT_SKIN1_90_5.txt,OUTPUT_BM1_90_5.txt,18,0.923823933,0.744849278,0.744652787,0.744966625,0.744669313,0.744670596
3886,INPUT_SKIN1_90_5.txt,OUTPUT_BM2_90_5.txt,18,3.140449759,2.85749073,2.856284916,2.857971272,2.857191456,2.856713804
3887,INPUT_SKIN1_90_5.txt,OUTPUT_GUT_90_5.txt,18,7.047641413,6.224291464,6.222538696,6.224385306,6.222515208,6.222523038
3888,INPUT_SKIN1_90_5.txt,OUTPUT_L_90_5.txt,18,0.816901864,1.084164881,1.083660229,1.083955048,1.083702219,1.083745148
3889,INPUT_SKIN1_90_5.txt,OUTPUT_LN1_90_5.txt,18,1.058422919,1.01666597,1.016259772,1.017154035,1.016312864,1.01675563
3890,INPUT_SKIN1_90_5.txt,OUTPUT_LN2_90_5.txt,18,9.29810238,8.551088813,8.547750522,8.551267678,8.547705819,8.54772072
3891,INPUT_SKIN1_90_5.txt,OUTPUT_LUNG_90_5.txt,18,0.031170269,0.050371565,0.050352183,0.050372603,0.050351924,0.05035201
3892,INPUT_SKIN1_90_5.txt,OUTPUT_S_90_5.txt,18,2.206897922,1.920504379,1.919761243,1.920544785,1.919749489,1.919753813
3893,INPUT_SKIN1_90_5.txt,OUTPUT_SKIN1_90_5.txt,18,-581221.5,-291227.5,-291339.5,-291221.5,-291341,-291340.5
3894,INPUT_SKIN1_90_5.txt,OUTPUT_SKIN2_90_5.txt,18,0.808213512,0.923268264,0.923502754,0.923624295,0.922760774,0.922855648
3895,INPUT_SKIN1_90_5.txt,OUTPUT_SKIN3_90_5.txt,18,0.402263422,0.86332303,0.86298121,0.863384225,0.862777031,0.863076276
3896,INPUT_SKIN1_90_5.txt,OUTPUT_SKIN4_90_5.txt,18,0.443374182,0.658701784,0.658857193,0.659103117,0.658927692,0.658434611
3897,INPUT_SKIN1_90_5.txt,OUTPUT_SKIN5_90_5.txt,18,0.294314461,0.882725596,0.882957701,0.882820825,0.882966943,0.882482194
3898,INPUT_SKIN1_90_5.txt,OUTPUT_SKIN6_90_5.txt,18,0.540057526,0.960820338,0.960399062,0.960761453,0.960325637,0.960227634
3899,INPUT_SKIN2_90_5.txt,OUTPUT_BM1_90_5.txt,18,0.817059688,0.681283762,0.681136966,0.681242503,0.681430079,0.681415429
3900,INPUT_SKIN2_90_5.txt,OUTPUT_BM2_90_5.txt,18,3.439775927,3.207098086,3.205889982,3.206893015,3.208191168,3.207585389
3901,INPUT_SKIN2_90_5.txt,OUTPUT_GUT_90_5.txt,18,7.653986198,7.279607184,7.276803161,7.277906337,7.279996435,7.279825545
3902,INPUT_SKIN2_90_5.txt,OUTPUT_L_90_5.txt,18,0.917356993,0.785300011,0.784939409,0.784900554,0.785300334,0.785324634
3903,INPUT_SKIN2_90_5.txt,OUTPUT_LN1_90_5.txt,18,1.34709155,0.863130655,0.862818507,0.863351433,0.863217426,0.863580374
3904,INPUT_SKIN2_90_5.txt,OUTPUT_LN2_90_5.txt,18,3.154947537,2.587911338,2.586974399,2.587326072,2.588041182,2.587986187
3905,INPUT_SKIN2_90_5.txt,OUTPUT_LUNG_90_5.txt,18,0.052921942,0.041906082,0.041891034,0.041894011,0.041907712,0.041903584
3906,INPUT_SKIN2_90_5.txt,OUTPUT_S_90_5.txt,18,1.67649054,1.711102662,1.710307709,1.710673422,1.711227526,1.711060127
3907,INPUT_SKIN2_90_5.txt,OUTPUT_SKIN1_90_5.txt,18,0.708451378,0.65464078,0.654914995,0.65447454,0.655183498,0.655167242
3908,INPUT_SKIN2_90_5.txt,OUTPUT_SKIN2_90_5.txt,18,-697010.5,-349594.5,-349717,-349668.5,-349577.5,-349585
3909,INPUT_SKIN2_90_5.txt,OUTPUT_SKIN3_90_5.txt,18,0.511859567,0.506709721,0.506504334,0.506552682,0.506588393,0.506708635
3910,INPUT_SKIN2_90_5.txt,OUTPUT_SKIN4_90_5.txt,18,0.665023719,0.853040097,0.853215102,0.853358933,0.853649269,0.852994275
3911,INPUT_SKIN2_90_5.txt,OUTPUT_SKIN5_90_5.txt,18,0.641267465,0.612534088,0.61264301,0.612456614,0.612876724,0.612530461
3912,INPUT_SKIN2_90_5.txt,OUTPUT_SKIN6_90_5.txt,18,1.047253256,1.409014951,1.408445039,1.408599675,1.408898657,1.408732396
3913,INPUT_SKIN3_90_5.txt,OUTPUT_BM1_90_5.txt,18,0.817809823,0.749571577,0.74968124,0.749687573,0.749804323,0.74969977
3914,INPUT_SKIN3_90_5.txt,OUTPUT_BM2_90_5.txt,18,2.731786061,2.558574098,2.558722674,2.559305369,2.560126748,2.559393931
3915,INPUT_SKIN3_90_5.txt,OUTPUT_GUT_90_5.txt,18,6.225264949,5.766975446,5.767396586,5.767473456,5.768365661,5.767706408
3916,INPUT_SKIN3_90_5.txt,OUTPUT_L_90_5.txt,18,1.010178851,1.230458919,1.230461071,1.230356081,1.230680929,1.23056106
3917,INPUT_SKIN3_90_5.txt,OUTPUT_LN1_90_5.txt,18,38.21768873,35.28780191,35.28878844,35.25028764,35.28475055,35.25060777
3918,INPUT_SKIN3_90_5.txt,OUTPUT_LN2_90_5.txt,18,4.409989228,4.275000966,4.275121088,4.275082607,4.275744135,4.275064405
3919,INPUT_SKIN3_90_5.txt,OUTPUT_LUNG_90_5.txt,18,0.053784677,0.078391896,0.078392475,0.078392588,0.078402118,0.078390736
3920,INPUT_SKIN3_90_5.txt,OUTPUT_S_90_5.txt,18,1.996434506,1.844075911,1.844363328,1.844326813,1.84452782,1.844452189
3921,INPUT_SKIN3_90_5.txt,OUTPUT_SKIN1_90_5.txt,18,1.399554074,1.22232365,1.223278712,1.222252099,1.223442195,1.2232295
3922,INPUT_SKIN3_90_5.txt,OUTPUT_SKIN2_90_5.txt,18,1.713885576,1.452802215,1.453830191,1.453395594,1.452843913,1.45266104
3923,INPUT_SKIN3_90_5.txt,OUTPUT_SKIN3_90_5.txt,18,-932367,-467995.5,-467993.5,-468003,-467936,-468015.5
3924,INPUT_SKIN3_90_5.txt,OUTPUT_SKIN4_90_5.txt,18,0.926461465,1.32911643,1.329903442,1.329881813,1.330215146,1.329043061
3925,INPUT_SKIN3_90_5.txt,OUTPUT_SKIN5_90_5.txt,18,1.135162829,1.091705862,1.092410894,1.091780679,1.092562115,1.091781899
3926,INPUT_SKIN3_90_5.txt,OUTPUT_SKIN6_90_5.txt,18,0.870824844,0.850648824,0.850607377,0.850565929,0.850683204,0.850419242
3927,INPUT_SKIN4_90_5.txt,OUTPUT_BM1_90_5.txt,18,0.980315927,1.024648136,1.024058165,1.024112553,1.024447233,1.02484379
3928,INPUT_SKIN4_90_5.txt,OUTPUT_BM2_90_5.txt,18,0.547448291,0.688122991,0.687828966,0.687459816,0.687236504,0.687859543
3929,INPUT_SKIN4_90_5.txt,OUTPUT_GUT_90_5.txt,18,12.11339598,11.13955458,11.12127206,11.12243714,11.13467661,11.14044017
3930,INPUT_SKIN4_90_5.txt,OUTPUT_L_90_5.txt,18,1.846569102,1.93597796,1.933829182,1.933698259,1.935202331,1.936076227
3931,INPUT_SKIN4_90_5.txt,OUTPUT_LN1_90_5.txt,18,3.247717672,3.411689619,3.410385768,3.41196643,3.410443802,3.413164325
3932,INPUT_SKIN4_90_5.txt,OUTPUT_LN2_90_5.txt,18,4.664241777,4.254141308,4.250342703,4.251893996,4.251073178,4.252743109
3933,INPUT_SKIN4_90_5.txt,OUTPUT_LUNG_90_5.txt,18,0.190428141,0.221911683,0.2218491,0.221853379,0.221836686,0.221919048
3934,INPUT_SKIN4_90_5.txt,OUTPUT_S_90_5.txt,18,2.137707715,2.056871482,2.053940075,2.054373033,2.056186555,2.056794698
3935,INPUT_SKIN4_90_5.txt,OUTPUT_SKIN1_90_5.txt,18,1.500261627,1.436344114,1.437043781,1.435864496,1.436977354,1.437479115
3936,INPUT_SKIN4_90_5.txt,OUTPUT_SKIN2_90_5.txt,18,2.205892773,1.996379881,1.997214182,1.996652621,1.995490958,1.996279632
3937,INPUT_SKIN4_90_5.txt,OUTPUT_SKIN3_90_5.txt,18,0.895921347,1.469587855,1.469153801,1.469210583,1.468707804,1.469723254
3938,INPUT_SKIN4_90_5.txt,OUTPUT_SKIN4_90_5.txt,18,-501545.5,-251250.5,-251323,-251323.5,-251337,-251249
3939,INPUT_SKIN4_90_5.txt,OUTPUT_SKIN5_90_5.txt,18,1.335454946,1.037008231,1.037366638,1.036792872,1.037326141,1.037128116
3940,INPUT_SKIN4_90_5.txt,OUTPUT_SKIN6_90_5.txt,18,1.257702957,2.461446052,2.460594724,2.460524684,2.460366648,2.460888863
3941,INPUT_SKIN5_90_5.txt,OUTPUT_BM1_90_5.txt,18,0.878252292,1.31074686,1.310520409,1.310908095,1.310553765,1.310910734
3942,INPUT_SKIN5_90_5.txt,OUTPUT_BM2_90_5.txt,18,8.439195684,7.457960226,7.455416985,7.458363341,7.456987696,7.458157013
3943,INPUT_SKIN5_90_5.txt,OUTPUT_GUT_90_5.txt,18,12.11125541,10.6395046,10.63562944,10.63907845,10.63552476,10.63881636
3944,INPUT_SKIN5_90_5.txt,OUTPUT_L_90_5.txt,18,3.311756412,3.611782861,3.610402408,3.611017459,3.61050328,3.611602109
3945,INPUT_SKIN5_90_5.txt,OUTPUT_LN1_90_5.txt,18,0.868270953,1.307337513,1.306903897,1.307907488,1.306973998,1.307921338
3946,INPUT_SKIN5_90_5.txt,OUTPUT_LN2_90_5.txt,18,3.880213971,4.869984923,4.868328827,4.869784425,4.86828681,4.869708926
3947,INPUT_SKIN5_90_5.txt,OUTPUT_LUNG_90_5.txt,18,0.226596128,0.272464187,0.272380014,0.272452535,0.272378376,0.272451047
3948,INPUT_SKIN5_90_5.txt,OUTPUT_S_90_5.txt,18,3.826151803,4.247366132,4.245522828,4.247024578,4.246053663,4.246908692
3949,INPUT_SKIN5_90_5.txt,OUTPUT_SKIN1_90_5.txt,18,0.579521632,0.811259682,0.811627193,0.811191777,0.811629729,0.811847265
3950,INPUT_SKIN5_90_5.txt,OUTPUT_SKIN2_90_5.txt,18,1.325763986,1.460452718,1.461013462,1.461010014,1.459863961,1.460290336
3951,INPUT_SKIN5_90_5.txt,OUTPUT_SKIN3_90_5.txt,18,0.887698032,1.095929734,1.095773536,1.096120558,1.095430505,1.095959505
3952,INPUT_SKIN5_90_5.txt,OUTPUT_SKIN4_90_5.txt,18,0.736224883,0.691972694,0.692156782,0.692350511,0.692230143,0.691925592
3953,INPUT_SKIN5_90_5.txt,OUTPUT_SKIN5_90_5.txt,18,-655663.5,-328854,-328959,-328868,-328961.5,-328872.5
3954,INPUT_SKIN5_90_5.txt,OUTPUT_SKIN6_90_5.txt,18,0.98157257,1.677697301,1.677069833,1.677489483,1.677000818,1.67721999
3955,INPUT_SKIN6_90_5.txt,OUTPUT_BM1_90_5.txt,18,0.694637918,0.774429621,0.774544201,0.774518556,0.774526162,0.774623299
3956,INPUT_SKIN6_90_5.txt,OUTPUT_BM2_90_5.txt,18,1.949938245,1.740024869,1.740185391,1.740416473,1.740744214,1.740673202
3957,INPUT_SKIN6_90_5.txt,OUTPUT_GUT_90_5.txt,18,5.152800413,4.635848352,4.636418665,4.636037272,4.63604947,4.636846584
3958,INPUT_SKIN6_90_5.txt,OUTPUT_L_90_5.txt,18,1.316455102,1.354080593,1.354268223,1.354210513,1.354156027,1.354362653
3959,INPUT_SKIN6_90_5.txt,OUTPUT_LN1_90_5.txt,18,1.043485671,1.064836241,1.064858443,1.065324173,1.064935093,1.065425168
3960,INPUT_SKIN6_90_5.txt,OUTPUT_LN2_90_5.txt,18,3.815779498,4.013802599,4.014062391,4.013986297,4.013997567,4.014422688
3961,INPUT_SKIN6_90_5.txt,OUTPUT_LUNG_90_5.txt,18,0.180219023,1.634755656,1.63479838,1.63482173,1.634826159,1.63493919
3962,INPUT_SKIN6_90_5.txt,OUTPUT_S_90_5.txt,18,1.040293246,1.236752025,1.236986436,1.236829237,1.236789127,1.237051847
3963,INPUT_SKIN6_90_5.txt,OUTPUT_SKIN1_90_5.txt,18,2.132740477,1.864666454,1.866161066,1.86466464,1.866211404,1.866335727
3964,INPUT_SKIN6_90_5.txt,OUTPUT_SKIN2_90_5.txt,18,13.70586878,9.688135305,9.695144301,9.692555319,9.687632897,9.688789167
3965,INPUT_SKIN6_90_5.txt,OUTPUT_SKIN3_90_5.txt,18,1.495699365,1.863455183,1.862886468,1.861925325,1.862657027,1.86236451
3966,INPUT_SKIN6_90_5.txt,OUTPUT_SKIN4_90_5.txt,18,0.711232369,0.544511751,0.544836758,0.544851589,0.544905455,0.544562073
3967,INPUT_SKIN6_90_5.txt,OUTPUT_SKIN5_90_5.txt,18,2.215561434,1.162994163,1.16376748,1.163140892,1.163804492,1.163258013
3968,INPUT_SKIN6_90_5.txt,OUTPUT_SKIN6_90_5.txt,18,-710440.5,-356210,-356200.5,-356195.5,-356194.5,-356169.5
3969,INPUT_BM1_90_5.txt,OUTPUT_BM1_90_5.txt,19,-141753,-70890,-70890,-70890,-70890,-70890
3970,INPUT_BM1_90_5.txt,OUTPUT_BM2_90_5.txt,19,2.124635866,1.926272264,1.924732618,1.926516585,1.925361735,1.92507307
3971,INPUT_BM1_90_5.txt,OUTPUT_GUT_90_5.txt,19,NA,NA,NA,NA,NA,NA
3972,INPUT_BM1_90_5.txt,OUTPUT_L_90_5.txt,19,0.580047862,0.565943236,0.565920928,0.565917748,0.565943231,0.565920923
3973,INPUT_BM1_90_5.txt,OUTPUT_LN1_90_5.txt,19,0.27325824,0.239372326,0.239401433,0.23937309,0.239403615,0.239374511
3974,INPUT_BM1_90_5.txt,OUTPUT_LN2_90_5.txt,19,NA,NA,NA,NA,NA,NA
3975,INPUT_BM1_90_5.txt,OUTPUT_LUNG_90_5.txt,19,0.24166999,0.169724379,0.169710222,0.169709818,0.169710222,0.16972357
3976,INPUT_BM1_90_5.txt,OUTPUT_S_90_5.txt,19,2.339441155,1.867887985,1.86774569,1.867799897,1.867345933,1.867007185
3977,INPUT_BM1_90_5.txt,OUTPUT_SKIN1_90_5.txt,19,0.458691155,0.402573634,0.402574905,0.402578418,0.402576937,0.402578635
3978,INPUT_BM1_90_5.txt,OUTPUT_SKIN2_90_5.txt,19,0.601949421,0.534644706,0.53509481,0.535094801,0.534653943,0.535146435
3979,INPUT_BM1_90_5.txt,OUTPUT_SKIN3_90_5.txt,19,0.599685912,0.612983608,0.61303866,0.61305152,0.612943448,0.612936771
3980,INPUT_BM1_90_5.txt,OUTPUT_SKIN4_90_5.txt,19,0.531135549,0.501985163,0.501907444,0.501911483,0.501910741,0.501994246
3981,INPUT_BM1_90_5.txt,OUTPUT_SKIN5_90_5.txt,19,0.482524361,0.429298018,0.429348352,0.429313658,0.42931348,0.429341758
3982,INPUT_BM1_90_5.txt,OUTPUT_SKIN6_90_5.txt,19,0.395772469,0.362465611,0.362475689,0.362462022,0.362465191,0.362469903
3983,INPUT_BM2_90_5.txt,OUTPUT_BM1_90_5.txt,19,6.541590077,5.246287081,5.248646164,5.245912991,5.247681869,5.248124268
3984,INPUT_BM2_90_5.txt,OUTPUT_BM2_90_5.txt,19,-503956.5,-252193.5,-252089.5,-252210,-252132,-252112.5
3985,INPUT_BM2_90_5.txt,OUTPUT_GUT_90_5.txt,19,NA,NA,NA,NA,NA,NA
3986,INPUT_BM2_90_5.txt,OUTPUT_L_90_5.txt,19,0.173507658,0.172098842,0.172159597,0.17207595,0.172141012,0.172143804
3987,INPUT_BM2_90_5.txt,OUTPUT_LN1_90_5.txt,19,0.071651749,0.053251707,0.053284303,0.053248478,0.05327608,0.05326963
3988,INPUT_BM2_90_5.txt,OUTPUT_LN2_90_5.txt,19,NA,NA,NA,NA,NA,NA
3989,INPUT_BM2_90_5.txt,OUTPUT_LUNG_90_5.txt,19,0.076046866,0.104401516,0.104445002,0.10439489,0.10442732,0.104435218
3990,INPUT_BM2_90_5.txt,OUTPUT_S_90_5.txt,19,1.077562806,0.990579751,0.990909712,0.990466941,0.990524488,0.990415719
3991,INPUT_BM2_90_5.txt,OUTPUT_SKIN1_90_5.txt,19,0.106531373,0.085574084,0.085611165,0.085570904,0.085597248,0.085604007
3992,INPUT_BM2_90_5.txt,OUTPUT_SKIN2_90_5.txt,19,0.144359605,0.133686024,0.133856799,0.133794631,0.133721376,0.133859315
3993,INPUT_BM2_90_5.txt,OUTPUT_SKIN3_90_5.txt,19,0.181495288,0.161974666,0.1620571,0.161977993,0.162003679,0.162014972
3994,INPUT_BM2_90_5.txt,OUTPUT_SKIN4_90_5.txt,19,0.124905385,0.118472298,0.118527131,0.118471459,0.11850789,0.118510573
3995,INPUT_BM2_90_5.txt,OUTPUT_SKIN5_90_5.txt,19,0.14029567,0.106384329,0.106431822,0.106381999,0.106405417,0.106420724
3996,INPUT_BM2_90_5.txt,OUTPUT_SKIN6_90_5.txt,19,0.127958103,0.092289046,0.092330926,0.092283914,0.092311802,0.092319683
3997,INPUT_GUT_90_5.txt,OUTPUT_BM1_90_5.txt,19,NA,NA,NA,NA,NA,NA
3998,INPUT_GUT_90_5.txt,OUTPUT_BM2_90_5.txt,19,NA,NA,NA,NA,NA,NA
3999,INPUT_GUT_90_5.txt,OUTPUT_GUT_90_5.txt,19,NA,NA,NA,NA,NA,NA
4000,INPUT_GUT_90_5.txt,OUTPUT_L_90_5.txt,19,NA,NA,NA,NA,NA,NA
4001,INPUT_GUT_90_5.txt,OUTPUT_LN1_90_5.txt,19,NA,NA,NA,NA,NA,NA
4002,INPUT_GUT_90_5.txt,OUTPUT_LN2_90_5.txt,19,NA,NA,NA,NA,NA,NA
4003,INPUT_GUT_90_5.txt,OUTPUT_LUNG_90_5.txt,19,NA,NA,NA,NA,NA,NA
4004,INPUT_GUT_90_5.txt,OUTPUT_S_90_5.txt,19,NA,NA,NA,NA,NA,NA
4005,INPUT_GUT_90_5.txt,OUTPUT_SKIN1_90_5.txt,19,NA,NA,NA,NA,NA,NA
4006,INPUT_GUT_90_5.txt,OUTPUT_SKIN2_90_5.txt,19,NA,NA,NA,NA,NA,NA
4007,INPUT_GUT_90_5.txt,OUTPUT_SKIN3_90_5.txt,19,NA,NA,NA,NA,NA,NA
4008,INPUT_GUT_90_5.txt,OUTPUT_SKIN4_90_5.txt,19,NA,NA,NA,NA,NA,NA
4009,INPUT_GUT_90_5.txt,OUTPUT_SKIN5_90_5.txt,19,NA,NA,NA,NA,NA,NA
4010,INPUT_GUT_90_5.txt,OUTPUT_SKIN6_90_5.txt,19,NA,NA,NA,NA,NA,NA
4011,INPUT_L_90_5.txt,OUTPUT_BM1_90_5.txt,19,58.88967257,50.66967566,50.66911735,50.669183,50.66999773,50.6694395
4012,INPUT_L_90_5.txt,OUTPUT_BM2_90_5.txt,19,0.475043375,0.28170385,0.281473763,0.281741082,0.281567755,0.281524608
4013,INPUT_L_90_5.txt,OUTPUT_GUT_90_5.txt,19,NA,NA,NA,NA,NA,NA
4014,INPUT_L_90_5.txt,OUTPUT_L_90_5.txt,19,-366380.5,-183437,-183437,-183436.5,-183437,-183437
4015,INPUT_L_90_5.txt,OUTPUT_LN1_90_5.txt,19,0.088315523,0.110208141,0.110229717,0.110207839,0.110230174,0.110208594
4016,INPUT_L_90_5.txt,OUTPUT_LN2_90_5.txt,19,NA,NA,NA,NA,NA,NA
4017,INPUT_L_90_5.txt,OUTPUT_LUNG_90_5.txt,19,0.07823734,0.099012431,0.098999692,0.098999603,0.098999704,0.099011708
4018,INPUT_L_90_5.txt,OUTPUT_S_90_5.txt,19,0.647274272,0.789311494,0.789250591,0.789275552,0.789079088,0.788934109
4019,INPUT_L_90_5.txt,OUTPUT_SKIN1_90_5.txt,19,0.211508207,0.222883513,0.222882955,0.222888867,0.22289402,0.22289909
4020,INPUT_L_90_5.txt,OUTPUT_SKIN2_90_5.txt,19,0.250199183,0.328773,0.329058663,0.329068943,0.328790484,0.329079719
4021,INPUT_L_90_5.txt,OUTPUT_SKIN3_90_5.txt,19,0.222854181,0.31136703,0.311397826,0.311417384,0.311347279,0.311348404
4022,INPUT_L_90_5.txt,OUTPUT_SKIN4_90_5.txt,19,0.217552159,0.168690954,0.168700832,0.168699922,0.168700685,0.16868958
4023,INPUT_L_90_5.txt,OUTPUT_SKIN5_90_5.txt,19,0.188849663,0.168337525,0.168411225,0.1683394,0.168396778,0.168408503
4024,INPUT_L_90_5.txt,OUTPUT_SKIN6_90_5.txt,19,0.211773635,0.37827486,0.378306889,0.378288159,0.378281728,0.37828046
4025,INPUT_LN1_90_5.txt,OUTPUT_BM1_90_5.txt,19,36.05774217,30.49095148,30.48643104,30.49073247,30.48599161,30.49051194
4026,INPUT_LN1_90_5.txt,OUTPUT_BM2_90_5.txt,19,0.769988613,0.575055567,0.574548678,0.575124317,0.574727284,0.574699111
4027,INPUT_LN1_90_5.txt,OUTPUT_GUT_90_5.txt,19,NA,NA,NA,NA,NA,NA
4028,INPUT_LN1_90_5.txt,OUTPUT_L_90_5.txt,19,76.1458285,64.45743249,64.50504954,64.45918609,64.51041602,64.46213302
4029,INPUT_LN1_90_5.txt,OUTPUT_LN1_90_5.txt,19,-419225,-209720,-209740.5,-209721,-209742.5,-209722
4030,INPUT_LN1_90_5.txt,OUTPUT_LN2_90_5.txt,19,NA,NA,NA,NA,NA,NA
4031,INPUT_LN1_90_5.txt,OUTPUT_LUNG_90_5.txt,19,0.341200567,0.343223673,0.343146445,0.343177288,0.343143178,0.343217918
4032,INPUT_LN1_90_5.txt,OUTPUT_S_90_5.txt,19,1.416254851,1.598202574,1.59793986,1.598128038,1.597621094,1.597518412
4033,INPUT_LN1_90_5.txt,OUTPUT_SKIN1_90_5.txt,19,0.778239702,1.035940952,1.035831016,1.035931722,1.035837425,1.035958791
4034,INPUT_LN1_90_5.txt,OUTPUT_SKIN2_90_5.txt,19,0.499177844,1.174941833,1.175865916,1.175691388,1.17486527,1.175736136
4035,INPUT_LN1_90_5.txt,OUTPUT_SKIN3_90_5.txt,19,0.632093256,0.924147293,0.924151349,0.924290046,0.923990456,0.924085639
4036,INPUT_LN1_90_5.txt,OUTPUT_SKIN4_90_5.txt,19,0.443629197,0.530288788,0.530224587,0.530268479,0.530217622,0.530282048
4037,INPUT_LN1_90_5.txt,OUTPUT_SKIN5_90_5.txt,19,0.601547512,0.679153026,0.679382708,0.679151936,0.67931815,0.67943223
4038,INPUT_LN1_90_5.txt,OUTPUT_SKIN6_90_5.txt,19,0.270230164,0.375965398,0.375915037,0.375957052,0.37592333,0.375956447
4039,INPUT_LN2_90_5.txt,OUTPUT_BM1_90_5.txt,19,NA,NA,NA,NA,NA,NA
4040,INPUT_LN2_90_5.txt,OUTPUT_BM2_90_5.txt,19,NA,NA,NA,NA,NA,NA
4041,INPUT_LN2_90_5.txt,OUTPUT_GUT_90_5.txt,19,NA,NA,NA,NA,NA,NA
4042,INPUT_LN2_90_5.txt,OUTPUT_L_90_5.txt,19,NA,NA,NA,NA,NA,NA
4043,INPUT_LN2_90_5.txt,OUTPUT_LN1_90_5.txt,19,NA,NA,NA,NA,NA,NA
4044,INPUT_LN2_90_5.txt,OUTPUT_LN2_90_5.txt,19,NA,NA,NA,NA,NA,NA
4045,INPUT_LN2_90_5.txt,OUTPUT_LUNG_90_5.txt,19,NA,NA,NA,NA,NA,NA
4046,INPUT_LN2_90_5.txt,OUTPUT_S_90_5.txt,19,NA,NA,NA,NA,NA,NA
4047,INPUT_LN2_90_5.txt,OUTPUT_SKIN1_90_5.txt,19,NA,NA,NA,NA,NA,NA
4048,INPUT_LN2_90_5.txt,OUTPUT_SKIN2_90_5.txt,19,NA,NA,NA,NA,NA,NA
4049,INPUT_LN2_90_5.txt,OUTPUT_SKIN3_90_5.txt,19,NA,NA,NA,NA,NA,NA
4050,INPUT_LN2_90_5.txt,OUTPUT_SKIN4_90_5.txt,19,NA,NA,NA,NA,NA,NA
4051,INPUT_LN2_90_5.txt,OUTPUT_SKIN5_90_5.txt,19,NA,NA,NA,NA,NA,NA
4052,INPUT_LN2_90_5.txt,OUTPUT_SKIN6_90_5.txt,19,NA,NA,NA,NA,NA,NA
4053,INPUT_LUNG_90_5.txt,OUTPUT_BM1_90_5.txt,19,27.88075924,23.94174315,23.94374931,23.94380663,23.94374931,23.94185778
4054,INPUT_LUNG_90_5.txt,OUTPUT_BM2_90_5.txt,19,0.923656381,0.860402807,0.859805042,0.860560091,0.86007079,0.859899304
4055,INPUT_LUNG_90_5.txt,OUTPUT_GUT_90_5.txt,19,NA,NA,NA,NA,NA,NA
4056,INPUT_LUNG_90_5.txt,OUTPUT_L_90_5.txt,19,0.137324976,0.120877695,0.120882757,0.120882314,0.120885029,0.120875856
4057,INPUT_LUNG_90_5.txt,OUTPUT_LN1_90_5.txt,19,0.124894291,0.104079336,0.1041061,0.104086815,0.104108098,0.104081694
4058,INPUT_LUNG_90_5.txt,OUTPUT_LN2_90_5.txt,19,NA,NA,NA,NA,NA,NA
4059,INPUT_LUNG_90_5.txt,OUTPUT_LUNG_90_5.txt,19,-577973.5,-289141,-289123.5,-289123,-289123.5,-289140
4060,INPUT_LUNG_90_5.txt,OUTPUT_S_90_5.txt,19,0.710300966,1.072090184,1.072080454,1.072111017,1.071868876,1.071627777
4061,INPUT_LUNG_90_5.txt,OUTPUT_SKIN1_90_5.txt,19,0.322857265,0.273884694,0.273916512,0.273930114,0.273919614,0.273910228
4062,INPUT_LUNG_90_5.txt,OUTPUT_SKIN2_90_5.txt,19,0.526332581,0.425457987,0.42586099,0.425884346,0.425502525,0.425851343
4063,INPUT_LUNG_90_5.txt,OUTPUT_SKIN3_90_5.txt,19,0.626070547,0.487821618,0.487899068,0.487927325,0.48782111,0.487796134
4064,INPUT_LUNG_90_5.txt,OUTPUT_SKIN4_90_5.txt,19,0.431235648,0.347003676,0.347059206,0.34705611,0.347057976,0.346999932
4065,INPUT_LUNG_90_5.txt,OUTPUT_SKIN5_90_5.txt,19,0.230723473,0.259340818,0.259468894,0.259357256,0.259446908,0.259449896
4066,INPUT_LUNG_90_5.txt,OUTPUT_SKIN6_90_5.txt,19,0.384693138,0.365027132,0.365120237,0.365080631,0.365062025,0.365040461
4067,INPUT_S_90_5.txt,OUTPUT_BM1_90_5.txt,19,15.92883724,13.43876251,13.43941673,13.4391675,13.44125509,13.44281339
4068,INPUT_S_90_5.txt,OUTPUT_BM2_90_5.txt,19,0.855908125,0.759257917,0.758661214,0.759375693,0.759000528,0.758953732
4069,INPUT_S_90_5.txt,OUTPUT_GUT_90_5.txt,19,NA,NA,NA,NA,NA,NA
4070,INPUT_S_90_5.txt,OUTPUT_L_90_5.txt,19,0.257560589,0.102262182,0.102256098,0.102253993,0.102277441,0.102276892
4071,INPUT_S_90_5.txt,OUTPUT_LN1_90_5.txt,19,0.095852629,0.057872662,0.05788622,0.057873999,0.057893074,0.05788718
4072,INPUT_S_90_5.txt,OUTPUT_LN2_90_5.txt,19,NA,NA,NA,NA,NA,NA
4073,INPUT_S_90_5.txt,OUTPUT_LUNG_90_5.txt,19,0.045752892,0.101868776,0.101860072,0.101858186,0.101871302,0.101892799
4074,INPUT_S_90_5.txt,OUTPUT_S_90_5.txt,19,-536846,-268761,-268750.5,-268754.5,-268721,-268696
4075,INPUT_S_90_5.txt,OUTPUT_SKIN1_90_5.txt,19,0.262377622,0.189766194,0.189776791,0.189775296,0.189795407,0.189817328
4076,INPUT_S_90_5.txt,OUTPUT_SKIN2_90_5.txt,19,0.358720747,0.247706277,0.247917275,0.247900578,0.24774493,0.247981576
4077,INPUT_S_90_5.txt,OUTPUT_SKIN3_90_5.txt,19,0.235030407,0.340709567,0.340752183,0.340768768,0.34074058,0.340771099
4078,INPUT_S_90_5.txt,OUTPUT_SKIN4_90_5.txt,19,0.245276271,0.302499054,0.302539595,0.302532066,0.302572286,0.302569185
4079,INPUT_S_90_5.txt,OUTPUT_SKIN5_90_5.txt,19,0.194271392,0.135380433,0.135443633,0.135385961,0.13544714,0.135469103
4080,INPUT_S_90_5.txt,OUTPUT_SKIN6_90_5.txt,19,0.213332372,0.38020348,0.380198063,0.380267815,0.380254605,0.380253865
4081,INPUT_SKIN1_90_5.txt,OUTPUT_BM1_90_5.txt,19,3.451450609,3.130025747,3.130045148,3.130032915,3.130026902,3.129990361
4082,INPUT_SKIN1_90_5.txt,OUTPUT_BM2_90_5.txt,19,1.34395499,1.254306043,1.25448147,1.254281671,1.254405595,1.254423036
4083,INPUT_SKIN1_90_5.txt,OUTPUT_GUT_90_5.txt,19,NA,NA,NA,NA,NA,NA
4084,INPUT_SKIN1_90_5.txt,OUTPUT_L_90_5.txt,19,7.23695549,6.50886904,6.508886702,6.50903376,6.509078945,6.508987355
4085,INPUT_SKIN1_90_5.txt,OUTPUT_LN1_90_5.txt,19,0.541092976,0.843163624,0.843333997,0.843173124,0.843345465,0.843170384
4086,INPUT_SKIN1_90_5.txt,OUTPUT_LN2_90_5.txt,19,NA,NA,NA,NA,NA,NA
4087,INPUT_SKIN1_90_5.txt,OUTPUT_LUNG_90_5.txt,19,0.163652882,0.319646668,0.319608927,0.31960661,0.319607158,0.31964084
4088,INPUT_SKIN1_90_5.txt,OUTPUT_S_90_5.txt,19,0.932295446,1.053166356,1.053172228,1.053168281,1.053166166,1.053154195
4089,INPUT_SKIN1_90_5.txt,OUTPUT_SKIN1_90_5.txt,19,-537145,-268849,-268847.5,-268848.5,-268849,-268852
4090,INPUT_SKIN1_90_5.txt,OUTPUT_SKIN2_90_5.txt,19,0.510131533,2.074715454,2.076472035,2.076493861,2.074728054,2.076666733
4091,INPUT_SKIN1_90_5.txt,OUTPUT_SKIN3_90_5.txt,19,0.604136509,1.038863625,1.038972327,1.039027422,1.038799224,1.038793681
4092,INPUT_SKIN1_90_5.txt,OUTPUT_SKIN4_90_5.txt,19,1.489164184,1.680399406,1.680572972,1.680548916,1.680557675,1.680357458
4093,INPUT_SKIN1_90_5.txt,OUTPUT_SKIN5_90_5.txt,19,1.138322421,1.184544398,1.18506785,1.184564954,1.184961155,1.185028818
4094,INPUT_SKIN1_90_5.txt,OUTPUT_SKIN6_90_5.txt,19,0.359474712,1.292040613,1.292001706,1.291983602,1.292027385,1.292023513
4095,INPUT_SKIN2_90_5.txt,OUTPUT_BM1_90_5.txt,19,11.92682364,10.3473272,10.34290205,10.34249268,10.34732331,10.34217502
4096,INPUT_SKIN2_90_5.txt,OUTPUT_BM2_90_5.txt,19,1.095060722,0.939051148,0.938086438,0.938734526,0.938712167,0.938155355
4097,INPUT_SKIN2_90_5.txt,OUTPUT_GUT_90_5.txt,19,NA,NA,NA,NA,NA,NA
4098,INPUT_SKIN2_90_5.txt,OUTPUT_L_90_5.txt,19,21.25220177,18.21104933,18.20100949,18.2008071,18.21148242,18.19990489
4099,INPUT_SKIN2_90_5.txt,OUTPUT_LN1_90_5.txt,19,0.750258465,1.652646242,1.652267484,1.651301098,1.652355226,1.651235323
4100,INPUT_SKIN2_90_5.txt,OUTPUT_LN2_90_5.txt,19,NA,NA,NA,NA,NA,NA
4101,INPUT_SKIN2_90_5.txt,OUTPUT_LUNG_90_5.txt,19,0.163251159,0.124714497,0.124646676,0.124645521,0.124698927,0.12465416
4102,INPUT_SKIN2_90_5.txt,OUTPUT_S_90_5.txt,19,0.808839233,1.0594361,1.058927108,1.058936352,1.059212392,1.058561662
4103,INPUT_SKIN2_90_5.txt,OUTPUT_SKIN1_90_5.txt,19,0.626523238,0.704052454,0.703874061,0.703874535,0.704127736,0.703807459
4104,INPUT_SKIN2_90_5.txt,OUTPUT_SKIN2_90_5.txt,19,-1020757.5,-511712.5,-511928.5,-511932,-511714,-511957
4105,INPUT_SKIN2_90_5.txt,OUTPUT_SKIN3_90_5.txt,19,0.51105827,0.356646946,0.356531576,0.356549265,0.356623689,0.356456145
4106,INPUT_SKIN2_90_5.txt,OUTPUT_SKIN4_90_5.txt,19,0.684884283,0.50078569,0.500207141,0.500198426,0.500415934,0.500576301
4107,INPUT_SKIN2_90_5.txt,OUTPUT_SKIN5_90_5.txt,19,0.637989797,0.340452189,0.340455902,0.340311578,0.340569819,0.340431441
4108,INPUT_SKIN2_90_5.txt,OUTPUT_SKIN6_90_5.txt,19,0.918836225,0.624264361,0.623970998,0.624026189,0.624262466,0.623939902
4109,INPUT_SKIN3_90_5.txt,OUTPUT_BM1_90_5.txt,19,14.72549273,13.85678196,13.85574052,13.85533916,13.85761841,13.85783714
4110,INPUT_SKIN3_90_5.txt,OUTPUT_BM2_90_5.txt,19,2.415470216,1.836689628,1.835653586,1.836669415,1.836224145,1.836056563
4111,INPUT_SKIN3_90_5.txt,OUTPUT_GUT_90_5.txt,19,NA,NA,NA,NA,NA,NA
4112,INPUT_SKIN3_90_5.txt,OUTPUT_L_90_5.txt,19,28.26862569,26.31876619,26.31572468,26.31542064,26.32150248,26.32147926
4113,INPUT_SKIN3_90_5.txt,OUTPUT_LN1_90_5.txt,19,2.834361867,3.041375525,3.041817592,3.041160864,3.04212966,3.041523935
4114,INPUT_SKIN3_90_5.txt,OUTPUT_LN2_90_5.txt,19,NA,NA,NA,NA,NA,NA
4115,INPUT_SKIN3_90_5.txt,OUTPUT_LUNG_90_5.txt,19,0.457750842,0.832699682,0.832558536,0.832530872,0.832625189,0.832719073
4116,INPUT_SKIN3_90_5.txt,OUTPUT_S_90_5.txt,19,1.444946667,1.973166023,1.972952816,1.972930254,1.972918065,1.97271498
4117,INPUT_SKIN3_90_5.txt,OUTPUT_SKIN1_90_5.txt,19,0.935343993,1.358447303,1.358366304,1.358338976,1.358492052,1.358518436
4118,INPUT_SKIN3_90_5.txt,OUTPUT_SKIN2_90_5.txt,19,1.763443463,2.424550465,2.426458774,2.426423078,2.424641908,2.426918365
4119,INPUT_SKIN3_90_5.txt,OUTPUT_SKIN3_90_5.txt,19,-1030023.5,-516827.5,-516853,-516867.5,-516811.5,-516813
4120,INPUT_SKIN3_90_5.txt,OUTPUT_SKIN4_90_5.txt,19,1.517326476,2.045781587,2.045875608,2.045798159,2.046035086,2.045812019
4121,INPUT_SKIN3_90_5.txt,OUTPUT_SKIN5_90_5.txt,19,0.603225542,0.997048051,0.997428963,0.996987196,0.997424497,0.997489959
4122,INPUT_SKIN3_90_5.txt,OUTPUT_SKIN6_90_5.txt,19,0.244973666,0.469092715,0.469053196,0.469035364,0.469102705,0.46910487
4123,INPUT_SKIN4_90_5.txt,OUTPUT_BM1_90_5.txt,19,10.62957595,10.01716129,10.01665117,10.01671951,10.01667856,10.01724164
4124,INPUT_SKIN4_90_5.txt,OUTPUT_BM2_90_5.txt,19,1.368706332,1.301460599,1.300729159,1.301509551,1.301004087,1.300949272
4125,INPUT_SKIN4_90_5.txt,OUTPUT_GUT_90_5.txt,19,NA,NA,NA,NA,NA,NA
4126,INPUT_SKIN4_90_5.txt,OUTPUT_L_90_5.txt,19,18.96571815,17.7317479,17.73039374,17.73087655,17.7312165,17.73207401
4127,INPUT_SKIN4_90_5.txt,OUTPUT_LN1_90_5.txt,19,0.33923577,0.368347549,0.368401806,0.368321728,0.368396403,0.368344094
4128,INPUT_SKIN4_90_5.txt,OUTPUT_LN2_90_5.txt,19,NA,NA,NA,NA,NA,NA
4129,INPUT_SKIN4_90_5.txt,OUTPUT_LUNG_90_5.txt,19,0.200199143,0.230301499,0.230262361,0.230262771,0.230262757,0.230301505
4130,INPUT_SKIN4_90_5.txt,OUTPUT_S_90_5.txt,19,1.205501197,1.200174669,1.200054587,1.200084043,1.199886426,1.199807957
4131,INPUT_SKIN4_90_5.txt,OUTPUT_SKIN1_90_5.txt,19,1.187269985,1.670218262,1.670528545,1.670549932,1.670367296,1.670497592
4132,INPUT_SKIN4_90_5.txt,OUTPUT_SKIN2_90_5.txt,19,1.214075514,0.757429014,0.758028476,0.758042774,0.757397489,0.758155442
4133,INPUT_SKIN4_90_5.txt,OUTPUT_SKIN3_90_5.txt,19,0.715852967,0.708536118,0.70856731,0.708617049,0.708457583,0.708495317
4134,INPUT_SKIN4_90_5.txt,OUTPUT_SKIN4_90_5.txt,19,-567159.5,-284028.5,-284042.5,-284041,-284042,-284026.5
4135,INPUT_SKIN4_90_5.txt,OUTPUT_SKIN5_90_5.txt,19,0.873024092,1.062093423,1.0625082,1.062063957,1.062418994,1.06255055
4136,INPUT_SKIN4_90_5.txt,OUTPUT_SKIN6_90_5.txt,19,1.829590162,1.059086348,1.058996586,1.058991238,1.059025475,1.059090981
4137,INPUT_SKIN5_90_5.txt,OUTPUT_BM1_90_5.txt,19,7.422209079,6.935541033,6.933939203,6.935512365,6.934201322,6.933994327
4138,INPUT_SKIN5_90_5.txt,OUTPUT_BM2_90_5.txt,19,1.695480443,1.301303805,1.300543266,1.301368934,1.300794526,1.300659618
4139,INPUT_SKIN5_90_5.txt,OUTPUT_GUT_90_5.txt,19,NA,NA,NA,NA,NA,NA
4140,INPUT_SKIN5_90_5.txt,OUTPUT_L_90_5.txt,19,11.54659762,10.76647,10.76371769,10.76638699,10.76467544,10.76408881
4141,INPUT_SKIN5_90_5.txt,OUTPUT_LN1_90_5.txt,19,1.704693013,1.409892615,1.409849374,1.409474237,1.409515768,1.409206266
4142,INPUT_SKIN5_90_5.txt,OUTPUT_LN2_90_5.txt,19,NA,NA,NA,NA,NA,NA
4143,INPUT_SKIN5_90_5.txt,OUTPUT_LUNG_90_5.txt,19,0.614192271,0.41140912,0.411269273,0.411352951,0.411286722,0.411320959
4144,INPUT_SKIN5_90_5.txt,OUTPUT_S_90_5.txt,19,1.442195006,1.307243845,1.306916677,1.307205757,1.306848534,1.306698058
4145,INPUT_SKIN5_90_5.txt,OUTPUT_SKIN1_90_5.txt,19,1.532894401,1.241889577,1.241834582,1.24209385,1.24168463,1.241669676
4146,INPUT_SKIN5_90_5.txt,OUTPUT_SKIN2_90_5.txt,19,1.785048913,6.6114481,6.615725673,6.61705292,6.610482923,6.616512381
4147,INPUT_SKIN5_90_5.txt,OUTPUT_SKIN3_90_5.txt,19,1.806878021,1.583792826,1.583610775,1.584030889,1.583418477,1.583373738
4148,INPUT_SKIN5_90_5.txt,OUTPUT_SKIN4_90_5.txt,19,9.513326036,8.534546425,8.533653537,8.535208912,8.534000642,8.532771879
4149,INPUT_SKIN5_90_5.txt,OUTPUT_SKIN5_90_5.txt,19,-496095.5,-248620.5,-248674,-248622.5,-248663.5,-248672
4150,INPUT_SKIN5_90_5.txt,OUTPUT_SKIN6_90_5.txt,19,2.023120025,4.737871623,4.736770316,4.737615052,4.737081415,4.736946574
4151,INPUT_SKIN6_90_5.txt,OUTPUT_BM1_90_5.txt,19,11.51981682,10.1523604,10.15256019,10.1526154,10.15241343,10.15237263
4152,INPUT_SKIN6_90_5.txt,OUTPUT_BM2_90_5.txt,19,1.273606536,0.768959813,0.768468226,0.769056999,0.768664593,0.768567237
4153,INPUT_SKIN6_90_5.txt,OUTPUT_GUT_90_5.txt,19,NA,NA,NA,NA,NA,NA
4154,INPUT_SKIN6_90_5.txt,OUTPUT_L_90_5.txt,19,24.53197819,21.48184356,21.48210007,21.48273595,21.48296699,21.48263018
4155,INPUT_SKIN6_90_5.txt,OUTPUT_LN1_90_5.txt,19,1.169299303,1.117740907,1.117980193,1.117486542,1.117698507,1.11747387
4156,INPUT_SKIN6_90_5.txt,OUTPUT_LN2_90_5.txt,19,NA,NA,NA,NA,NA,NA
4157,INPUT_SKIN6_90_5.txt,OUTPUT_LUNG_90_5.txt,19,0.05054995,0.191782887,0.191761927,0.19176229,0.191759546,0.191781639
4158,INPUT_SKIN6_90_5.txt,OUTPUT_S_90_5.txt,19,1.30605582,1.194170788,1.194126018,1.194158506,1.193933786,1.193778997
4159,INPUT_SKIN6_90_5.txt,OUTPUT_SKIN1_90_5.txt,19,0.498601612,0.44664032,0.446732196,0.446737555,0.446711732,0.446720246
4160,INPUT_SKIN6_90_5.txt,OUTPUT_SKIN2_90_5.txt,19,0.945255517,0.969589014,0.970465899,0.970532431,0.969646967,0.970462297
4161,INPUT_SKIN6_90_5.txt,OUTPUT_SKIN3_90_5.txt,19,0.528918996,1.091810739,1.091924029,1.092007848,1.091747598,1.091734843
4162,INPUT_SKIN6_90_5.txt,OUTPUT_SKIN4_90_5.txt,19,0.232787429,0.430162987,0.430213572,0.430211134,0.430206691,0.43015727
4163,INPUT_SKIN6_90_5.txt,OUTPUT_SKIN5_90_5.txt,19,0.44542868,0.601102914,0.601375291,0.60111429,0.601316826,0.601355798
4164,INPUT_SKIN6_90_5.txt,OUTPUT_SKIN6_90_5.txt,19,-805101.5,-403812,-403805,-403803,-403810,-403811.5
4165,INPUT_BM1_90_5.txt,OUTPUT_BM1_90_5.txt,20,-483304.5,-242172,-242223,-242239.5,-242267.5,-242225
4166,INPUT_BM1_90_5.txt,OUTPUT_BM2_90_5.txt,20,56.13419735,51.86255673,51.86487463,51.84754371,51.85262285,51.82274896
4167,INPUT_BM1_90_5.txt,OUTPUT_GUT_90_5.txt,20,NA,NA,NA,NA,NA,NA
4168,INPUT_BM1_90_5.txt,OUTPUT_L_90_5.txt,20,1.982755641,1.494292515,1.494116734,1.493612676,1.493392047,1.493907528
4169,INPUT_BM1_90_5.txt,OUTPUT_LN1_90_5.txt,20,0.140630153,0.130726872,0.130694577,0.130686631,0.130662512,0.13069696
4170,INPUT_BM1_90_5.txt,OUTPUT_LN2_90_5.txt,20,NA,NA,NA,NA,NA,NA
4171,INPUT_BM1_90_5.txt,OUTPUT_LUNG_90_5.txt,20,0.059761933,0.064049671,0.064033745,0.064033015,0.064023193,0.064033652
4172,INPUT_BM1_90_5.txt,OUTPUT_S_90_5.txt,20,5.392621428,4.897832731,4.897545984,4.89617607,4.894771492,4.896917494
4173,INPUT_BM1_90_5.txt,OUTPUT_SKIN1_90_5.txt,20,0.157350694,0.154657051,0.154628484,0.154501976,0.15460034,0.15450513
4174,INPUT_BM1_90_5.txt,OUTPUT_SKIN2_90_5.txt,20,0.273249755,0.313908608,0.313873295,0.31389274,0.313729351,0.313959531
4175,INPUT_BM1_90_5.txt,OUTPUT_SKIN3_90_5.txt,20,0.18640742,0.164624702,0.164591612,0.164574151,0.164556501,0.164591938
4176,INPUT_BM1_90_5.txt,OUTPUT_SKIN4_90_5.txt,20,0.109467845,0.121836745,0.121809276,0.121802456,0.121788977,0.12180974
4177,INPUT_BM1_90_5.txt,OUTPUT_SKIN5_90_5.txt,20,0.090997287,0.097369151,0.097348552,0.09734346,0.097331046,0.097346564
4178,INPUT_BM1_90_5.txt,OUTPUT_SKIN6_90_5.txt,20,0.119971793,0.110308586,0.110285976,0.110274127,0.110265163,0.110279862
4179,INPUT_BM2_90_5.txt,OUTPUT_BM1_90_5.txt,20,1.305974791,1.009194483,1.009502735,1.009802674,1.009929037,1.009980181
4180,INPUT_BM2_90_5.txt,OUTPUT_BM2_90_5.txt,20,-592846.5,-297021,-297055.5,-297008,-297039.5,-296920.5
4181,INPUT_BM2_90_5.txt,OUTPUT_GUT_90_5.txt,20,NA,NA,NA,NA,NA,NA
4182,INPUT_BM2_90_5.txt,OUTPUT_L_90_5.txt,20,0.739521562,0.642754582,0.642731179,0.642661982,0.642570366,0.64295547
4183,INPUT_BM2_90_5.txt,OUTPUT_LN1_90_5.txt,20,0.105676676,0.088175604,0.088137718,0.088150466,0.088163696,0.088175991
4184,INPUT_BM2_90_5.txt,OUTPUT_LN2_90_5.txt,20,NA,NA,NA,NA,NA,NA
4185,INPUT_BM2_90_5.txt,OUTPUT_LUNG_90_5.txt,20,0.049084752,0.054472581,0.054479008,0.054476709,0.054483688,0.054501511
4186,INPUT_BM2_90_5.txt,OUTPUT_S_90_5.txt,20,2.683965334,2.366566916,2.366639868,2.366499969,2.365829593,2.367418733
4187,INPUT_BM2_90_5.txt,OUTPUT_SKIN1_90_5.txt,20,0.129222693,0.122665274,0.122650509,0.122576297,0.122656277,0.122611708
4188,INPUT_BM2_90_5.txt,OUTPUT_SKIN2_90_5.txt,20,0.187825742,0.196692698,0.196703829,0.196760935,0.19664545,0.196834067
4189,INPUT_BM2_90_5.txt,OUTPUT_SKIN3_90_5.txt,20,0.192117007,0.162598219,0.162494883,0.162599286,0.162573118,0.162564535
4190,INPUT_BM2_90_5.txt,OUTPUT_SKIN4_90_5.txt,20,0.134897829,0.125094385,0.12507913,0.125100226,0.125086808,0.125136647
4191,INPUT_BM2_90_5.txt,OUTPUT_SKIN5_90_5.txt,20,0.140574641,0.119102554,0.119088633,0.119109743,0.119096238,0.119141612
4192,INPUT_BM2_90_5.txt,OUTPUT_SKIN6_90_5.txt,20,0.083837526,0.071055222,0.071047307,0.071056002,0.071050963,0.071076291
4193,INPUT_GUT_90_5.txt,OUTPUT_BM1_90_5.txt,20,NA,NA,NA,NA,NA,NA
4194,INPUT_GUT_90_5.txt,OUTPUT_BM2_90_5.txt,20,NA,NA,NA,NA,NA,NA
4195,INPUT_GUT_90_5.txt,OUTPUT_GUT_90_5.txt,20,NA,NA,NA,NA,NA,NA
4196,INPUT_GUT_90_5.txt,OUTPUT_L_90_5.txt,20,NA,NA,NA,NA,NA,NA
4197,INPUT_GUT_90_5.txt,OUTPUT_LN1_90_5.txt,20,NA,NA,NA,NA,NA,NA
4198,INPUT_GUT_90_5.txt,OUTPUT_LN2_90_5.txt,20,NA,NA,NA,NA,NA,NA
4199,INPUT_GUT_90_5.txt,OUTPUT_LUNG_90_5.txt,20,NA,NA,NA,NA,NA,NA
4200,INPUT_GUT_90_5.txt,OUTPUT_S_90_5.txt,20,NA,NA,NA,NA,NA,NA
4201,INPUT_GUT_90_5.txt,OUTPUT_SKIN1_90_5.txt,20,NA,NA,NA,NA,NA,NA
4202,INPUT_GUT_90_5.txt,OUTPUT_SKIN2_90_5.txt,20,NA,NA,NA,NA,NA,NA
4203,INPUT_GUT_90_5.txt,OUTPUT_SKIN3_90_5.txt,20,NA,NA,NA,NA,NA,NA
4204,INPUT_GUT_90_5.txt,OUTPUT_SKIN4_90_5.txt,20,NA,NA,NA,NA,NA,NA
4205,INPUT_GUT_90_5.txt,OUTPUT_SKIN5_90_5.txt,20,NA,NA,NA,NA,NA,NA
4206,INPUT_GUT_90_5.txt,OUTPUT_SKIN6_90_5.txt,20,NA,NA,NA,NA,NA,NA
4207,INPUT_L_90_5.txt,OUTPUT_BM1_90_5.txt,20,1.311233574,1.619008565,1.619623269,1.620057215,1.620458671,1.61973544
4208,INPUT_L_90_5.txt,OUTPUT_BM2_90_5.txt,20,0.935466925,1.221119041,1.221352752,1.221125919,1.221404748,1.220315159
4209,INPUT_L_90_5.txt,OUTPUT_GUT_90_5.txt,20,NA,NA,NA,NA,NA,NA
4210,INPUT_L_90_5.txt,OUTPUT_L_90_5.txt,20,-723805,-362374.5,-362389,-362340.5,-362334,-362369.5
4211,INPUT_L_90_5.txt,OUTPUT_LN1_90_5.txt,20,0.141987157,0.230566002,0.230500734,0.230543221,0.230513068,0.23049306
4212,INPUT_L_90_5.txt,OUTPUT_LN2_90_5.txt,20,NA,NA,NA,NA,NA,NA
4213,INPUT_L_90_5.txt,OUTPUT_LUNG_90_5.txt,20,0.303003008,0.234061895,0.2341044,0.234092981,0.234149948,0.234109346
4214,INPUT_L_90_5.txt,OUTPUT_S_90_5.txt,20,5.911793622,13.07815526,13.07951194,13.07829593,13.076385,13.07855468
4215,INPUT_L_90_5.txt,OUTPUT_SKIN1_90_5.txt,20,0.14293725,0.14792988,0.147929929,0.147828036,0.147946458,0.14781853
4216,INPUT_L_90_5.txt,OUTPUT_SKIN2_90_5.txt,20,0.263323617,0.253862856,0.253870391,0.253941702,0.253834237,0.253961603
4217,INPUT_L_90_5.txt,OUTPUT_SKIN3_90_5.txt,20,0.202503794,0.238137656,0.238005948,0.238152027,0.238144049,0.23801204
4218,INPUT_L_90_5.txt,OUTPUT_SKIN4_90_5.txt,20,0.138311396,0.164340184,0.164332102,0.164359908,0.164361807,0.164347743
4219,INPUT_L_90_5.txt,OUTPUT_SKIN5_90_5.txt,20,0.191619061,0.170246379,0.170236891,0.170263813,0.170262008,0.170245722
4220,INPUT_L_90_5.txt,OUTPUT_SKIN6_90_5.txt,20,0.159941555,0.140062056,0.140056781,0.140070676,0.140078029,0.140057948
4221,INPUT_LN1_90_5.txt,OUTPUT_BM1_90_5.txt,20,1.416060347,1.45108735,1.451754051,1.451910273,1.451922127,1.451781829
4222,INPUT_LN1_90_5.txt,OUTPUT_BM2_90_5.txt,20,1.248317649,1.327527056,1.327961795,1.327677796,1.327671697,1.327115176
4223,INPUT_LN1_90_5.txt,OUTPUT_GUT_90_5.txt,20,NA,NA,NA,NA,NA,NA
4224,INPUT_LN1_90_5.txt,OUTPUT_L_90_5.txt,20,1.335512244,1.255639286,1.25591861,1.255677637,1.255446819,1.255828775
4225,INPUT_LN1_90_5.txt,OUTPUT_LN1_90_5.txt,20,-683268,-342707.5,-342652,-342647.5,-342700.5,-342649.5
4226,INPUT_LN1_90_5.txt,OUTPUT_LN2_90_5.txt,20,NA,NA,NA,NA,NA,NA
4227,INPUT_LN1_90_5.txt,OUTPUT_LUNG_90_5.txt,20,0.068159415,0.061471294,0.061495945,0.061484694,0.061489963,0.061493706
4228,INPUT_LN1_90_5.txt,OUTPUT_S_90_5.txt,20,2.889530418,2.708755726,2.709347284,2.709158443,2.708555066,2.709241455
4229,INPUT_LN1_90_5.txt,OUTPUT_SKIN1_90_5.txt,20,0.201009501,0.200066517,0.200107156,0.199945862,0.200070554,0.199947748
4230,INPUT_LN1_90_5.txt,OUTPUT_SKIN2_90_5.txt,20,0.342573112,0.331229453,0.331304447,0.331357344,0.33117293,0.331408006
4231,INPUT_LN1_90_5.txt,OUTPUT_SKIN3_90_5.txt,20,0.483453316,0.622765411,0.622532658,0.622847173,0.622723667,0.622524016
4232,INPUT_LN1_90_5.txt,OUTPUT_SKIN4_90_5.txt,20,0.404909511,0.41036707,0.41042626,0.410439904,0.41037434,0.41043578
4233,INPUT_LN1_90_5.txt,OUTPUT_SKIN5_90_5.txt,20,0.224685586,0.403886761,0.403942425,0.403958746,0.40388551,0.403944775
4234,INPUT_LN1_90_5.txt,OUTPUT_SKIN6_90_5.txt,20,0.459065336,0.68419407,0.684307711,0.684290767,0.684209733,0.684279329
4235,INPUT_LN2_90_5.txt,OUTPUT_BM1_90_5.txt,20,NA,NA,NA,NA,NA,NA
4236,INPUT_LN2_90_5.txt,OUTPUT_BM2_90_5.txt,20,NA,NA,NA,NA,NA,NA
4237,INPUT_LN2_90_5.txt,OUTPUT_GUT_90_5.txt,20,NA,NA,NA,NA,NA,NA
4238,INPUT_LN2_90_5.txt,OUTPUT_L_90_5.txt,20,NA,NA,NA,NA,NA,NA
4239,INPUT_LN2_90_5.txt,OUTPUT_LN1_90_5.txt,20,NA,NA,NA,NA,NA,NA
4240,INPUT_LN2_90_5.txt,OUTPUT_LN2_90_5.txt,20,NA,NA,NA,NA,NA,NA
4241,INPUT_LN2_90_5.txt,OUTPUT_LUNG_90_5.txt,20,NA,NA,NA,NA,NA,NA
4242,INPUT_LN2_90_5.txt,OUTPUT_S_90_5.txt,20,NA,NA,NA,NA,NA,NA
4243,INPUT_LN2_90_5.txt,OUTPUT_SKIN1_90_5.txt,20,NA,NA,NA,NA,NA,NA
4244,INPUT_LN2_90_5.txt,OUTPUT_SKIN2_90_5.txt,20,NA,NA,NA,NA,NA,NA
4245,INPUT_LN2_90_5.txt,OUTPUT_SKIN3_90_5.txt,20,NA,NA,NA,NA,NA,NA
4246,INPUT_LN2_90_5.txt,OUTPUT_SKIN4_90_5.txt,20,NA,NA,NA,NA,NA,NA
4247,INPUT_LN2_90_5.txt,OUTPUT_SKIN5_90_5.txt,20,NA,NA,NA,NA,NA,NA
4248,INPUT_LN2_90_5.txt,OUTPUT_SKIN6_90_5.txt,20,NA,NA,NA,NA,NA,NA
4249,INPUT_LUNG_90_5.txt,OUTPUT_BM1_90_5.txt,20,4.598841841,4.299709565,4.30014165,4.30089212,4.300894381,4.300278013
4250,INPUT_LUNG_90_5.txt,OUTPUT_BM2_90_5.txt,20,4.439828875,4.573849033,4.573777726,4.573558993,4.573444206,4.571921578
4251,INPUT_LUNG_90_5.txt,OUTPUT_GUT_90_5.txt,20,NA,NA,NA,NA,NA,NA
4252,INPUT_LUNG_90_5.txt,OUTPUT_L_90_5.txt,20,6.185180437,5.245961583,5.24546843,5.245340223,5.244567867,5.245359065
4253,INPUT_LUNG_90_5.txt,OUTPUT_LN1_90_5.txt,20,1.123086933,1.294991096,1.294437834,1.294556038,1.294651916,1.294418064
4254,INPUT_LUNG_90_5.txt,OUTPUT_LN2_90_5.txt,20,NA,NA,NA,NA,NA,NA
4255,INPUT_LUNG_90_5.txt,OUTPUT_LUNG_90_5.txt,20,-92912.5,-46527,-46532.5,-46528,-46533.5,-46531.5
4256,INPUT_LUNG_90_5.txt,OUTPUT_S_90_5.txt,20,7.557730291,7.211391823,7.210597097,7.211170523,7.210084461,7.210655614
4257,INPUT_LUNG_90_5.txt,OUTPUT_SKIN1_90_5.txt,20,2.28173479,2.092012662,2.091832806,2.09035082,2.091707345,2.090226837
4258,INPUT_LUNG_90_5.txt,OUTPUT_SKIN2_90_5.txt,20,2.469335976,2.112031902,2.111935023,2.112490083,2.111335626,2.112624867
4259,INPUT_LUNG_90_5.txt,OUTPUT_SKIN3_90_5.txt,20,2.214368394,1.779245205,1.778073863,1.779142897,1.778833182,1.778059771
4260,INPUT_LUNG_90_5.txt,OUTPUT_SKIN4_90_5.txt,20,2.221070156,3.226851192,3.226412819,3.226788476,3.226437004,3.226448313
4261,INPUT_LUNG_90_5.txt,OUTPUT_SKIN5_90_5.txt,20,1.09597037,1.323032954,1.322854695,1.323016057,1.322819909,1.322877042
4262,INPUT_LUNG_90_5.txt,OUTPUT_SKIN6_90_5.txt,20,1.686830884,1.586183991,1.586001278,1.586103024,1.585960727,1.585968635
4263,INPUT_S_90_5.txt,OUTPUT_BM1_90_5.txt,20,60.32719912,51.23664131,51.25721483,51.27476901,51.29358883,51.2625223
4264,INPUT_S_90_5.txt,OUTPUT_BM2_90_5.txt,20,41.52776261,33.64894729,33.6544578,33.64718008,33.65798797,33.62456221
4265,INPUT_S_90_5.txt,OUTPUT_GUT_90_5.txt,20,NA,NA,NA,NA,NA,NA
4266,INPUT_S_90_5.txt,OUTPUT_L_90_5.txt,20,1.13698626,9.45462102,9.455462069,9.453915131,9.454762314,9.453679215
4267,INPUT_S_90_5.txt,OUTPUT_LN1_90_5.txt,20,0.124962102,0.094844736,0.094828202,0.094840639,0.09483995,0.094832671
4268,INPUT_S_90_5.txt,OUTPUT_LN2_90_5.txt,20,NA,NA,NA,NA,NA,NA
4269,INPUT_S_90_5.txt,OUTPUT_LUNG_90_5.txt,20,0.111290163,0.088023424,0.088007482,0.088027708,0.088026135,0.08801462
4270,INPUT_S_90_5.txt,OUTPUT_S_90_5.txt,20,-748865.5,-375226,-375253.5,-375212.5,-375179,-375230.5
4271,INPUT_S_90_5.txt,OUTPUT_SKIN1_90_5.txt,20,0.10623169,0.146917727,0.146917044,0.146823579,0.146941654,0.146815151
4272,INPUT_S_90_5.txt,OUTPUT_SKIN2_90_5.txt,20,0.129869976,0.200106781,0.200105985,0.200151843,0.200095969,0.200179533
4273,INPUT_S_90_5.txt,OUTPUT_SKIN3_90_5.txt,20,0.134726102,0.164152462,0.164128266,0.164148133,0.164164304,0.164142941
4274,INPUT_S_90_5.txt,OUTPUT_SKIN4_90_5.txt,20,0.091420447,0.085370578,0.085363212,0.085373824,0.085382307,0.085369768
4275,INPUT_S_90_5.txt,OUTPUT_SKIN5_90_5.txt,20,0.148093963,0.141485055,0.141474572,0.14149254,0.141502219,0.141481545
4276,INPUT_S_90_5.txt,OUTPUT_SKIN6_90_5.txt,20,0.088218249,0.08752182,0.087515481,0.087522387,0.087533033,0.087517076
4277,INPUT_SKIN1_90_5.txt,OUTPUT_BM1_90_5.txt,20,3.672263916,3.296430903,3.2966197,3.298034087,3.296911264,3.297948675
4278,INPUT_SKIN1_90_5.txt,OUTPUT_BM2_90_5.txt,20,4.859988861,4.375652904,4.375403896,4.37740838,4.375567679,4.377779754
4279,INPUT_SKIN1_90_5.txt,OUTPUT_GUT_90_5.txt,20,NA,NA,NA,NA,NA,NA
4280,INPUT_SKIN1_90_5.txt,OUTPUT_L_90_5.txt,20,5.56325048,4.876737072,4.876547816,4.87870731,4.876785262,4.878670644
4281,INPUT_SKIN1_90_5.txt,OUTPUT_LN1_90_5.txt,20,1.652648691,1.536972513,1.536445185,1.537034758,1.536906736,1.537041839
4282,INPUT_SKIN1_90_5.txt,OUTPUT_LN2_90_5.txt,20,NA,NA,NA,NA,NA,NA
4283,INPUT_SKIN1_90_5.txt,OUTPUT_LUNG_90_5.txt,20,1.041432626,0.942200231,0.942398422,0.942597892,0.942456927,0.942732027
4284,INPUT_SKIN1_90_5.txt,OUTPUT_S_90_5.txt,20,3.837480932,3.797141588,3.797034629,3.798627054,3.79718991,3.79858108
4285,INPUT_SKIN1_90_5.txt,OUTPUT_SKIN1_90_5.txt,20,-544201.5,-272598.5,-272604,-272494.5,-272598.5,-272496.5
4286,INPUT_SKIN1_90_5.txt,OUTPUT_SKIN2_90_5.txt,20,0.610137785,0.83735849,0.837389044,0.837853903,0.837213609,0.837996637
4287,INPUT_SKIN1_90_5.txt,OUTPUT_SKIN3_90_5.txt,20,1.588868443,1.27014495,1.269452078,1.270593919,1.270033397,1.269921605
4288,INPUT_SKIN1_90_5.txt,OUTPUT_SKIN4_90_5.txt,20,0.89203675,1.44209794,1.442056429,1.44272386,1.442093392,1.442721145
4289,INPUT_SKIN1_90_5.txt,OUTPUT_SKIN5_90_5.txt,20,0.909316484,0.846560795,0.846542803,0.846896975,0.846549599,0.846867011
4290,INPUT_SKIN1_90_5.txt,OUTPUT_SKIN6_90_5.txt,20,0.481585748,0.549227253,0.549220237,0.549419992,0.549228488,0.549411837
4291,INPUT_SKIN2_90_5.txt,OUTPUT_BM1_90_5.txt,20,15.16949018,14.02114271,14.02476419,14.02302491,14.0265644,14.02218675
4292,INPUT_SKIN2_90_5.txt,OUTPUT_BM2_90_5.txt,20,34.6730017,31.6404477,31.64336371,31.6320043,31.63220272,31.63945914
4293,INPUT_SKIN2_90_5.txt,OUTPUT_GUT_90_5.txt,20,NA,NA,NA,NA,NA,NA
4294,INPUT_SKIN2_90_5.txt,OUTPUT_L_90_5.txt,20,3.84044798,3.294711676,3.294877207,3.293768811,3.294237561,3.294012701
4295,INPUT_SKIN2_90_5.txt,OUTPUT_LN1_90_5.txt,20,0.564538131,52.04009704,52.04480684,52.05327649,52.0485441,52.05238836
4296,INPUT_SKIN2_90_5.txt,OUTPUT_LN2_90_5.txt,20,NA,NA,NA,NA,NA,NA
4297,INPUT_SKIN2_90_5.txt,OUTPUT_LUNG_90_5.txt,20,0.034044215,2.014437833,2.01477401,2.014367713,2.015086584,2.014417541
4298,INPUT_SKIN2_90_5.txt,OUTPUT_S_90_5.txt,20,6.152668979,4.217395858,4.21787746,4.216601212,4.216664562,4.216702497
4299,INPUT_SKIN2_90_5.txt,OUTPUT_SKIN1_90_5.txt,20,0.342548704,0.728941802,0.728947415,0.728325217,0.729004754,0.728268443
4300,INPUT_SKIN2_90_5.txt,OUTPUT_SKIN2_90_5.txt,20,-764417.5,-382897,-382909,-382934,-382864.5,-382969.5
4301,INPUT_SKIN2_90_5.txt,OUTPUT_SKIN3_90_5.txt,20,0.598539326,0.792003391,0.791567739,0.791895428,0.79200487,0.791427462
4302,INPUT_SKIN2_90_5.txt,OUTPUT_SKIN4_90_5.txt,20,1.57185761,1.608771428,1.608707301,1.608636498,1.608908746,1.608492208
4303,INPUT_SKIN2_90_5.txt,OUTPUT_SKIN5_90_5.txt,20,1.215181492,0.766124462,0.766100588,0.766071049,0.766181393,0.765977007
4304,INPUT_SKIN2_90_5.txt,OUTPUT_SKIN6_90_5.txt,20,0.99485493,0.955078958,0.955044436,0.954947525,0.955164289,0.954861778
4305,INPUT_SKIN3_90_5.txt,OUTPUT_BM1_90_5.txt,20,4.111389746,3.836319684,3.838197935,3.837428712,3.838000986,3.838288423
4306,INPUT_SKIN3_90_5.txt,OUTPUT_BM2_90_5.txt,20,2.290176473,2.15200572,2.152939968,2.151920454,2.152303458,2.151613501
4307,INPUT_SKIN3_90_5.txt,OUTPUT_GUT_90_5.txt,20,NA,NA,NA,NA,NA,NA
4308,INPUT_SKIN3_90_5.txt,OUTPUT_L_90_5.txt,20,10.18644394,8.76242755,8.765003088,8.762696359,8.763028452,8.76532301
4309,INPUT_SKIN3_90_5.txt,OUTPUT_LN1_90_5.txt,20,0.50863776,24.01700541,24.01448862,24.00242351,24.0093095,24.01451811
4310,INPUT_SKIN3_90_5.txt,OUTPUT_LN2_90_5.txt,20,NA,NA,NA,NA,NA,NA
4311,INPUT_SKIN3_90_5.txt,OUTPUT_LUNG_90_5.txt,20,0.160281592,0.13243258,0.132497673,0.132440491,0.132475192,0.13249397
4312,INPUT_SKIN3_90_5.txt,OUTPUT_S_90_5.txt,20,5.364563883,4.909516824,4.911142829,4.909558687,4.90950445,4.911055417
4313,INPUT_SKIN3_90_5.txt,OUTPUT_SKIN1_90_5.txt,20,0.680841427,0.870790432,0.871050252,0.870138454,0.870825654,0.870376328
4314,INPUT_SKIN3_90_5.txt,OUTPUT_SKIN2_90_5.txt,20,0.763693357,0.795224397,0.795481025,0.795396331,0.795124503,0.79574978
4315,INPUT_SKIN3_90_5.txt,OUTPUT_SKIN3_90_5.txt,20,-650480,-326573.5,-326489,-326568,-326559.5,-326484
4316,INPUT_SKIN3_90_5.txt,OUTPUT_SKIN4_90_5.txt,20,0.593603365,1.437001854,1.437269081,1.437028035,1.437057214,1.437311825
4317,INPUT_SKIN3_90_5.txt,OUTPUT_SKIN5_90_5.txt,20,0.236748084,1.080884006,1.081108451,1.080898553,1.080893858,1.081129895
4318,INPUT_SKIN3_90_5.txt,OUTPUT_SKIN6_90_5.txt,20,0.957671935,1.127543168,1.127839454,1.127522583,1.127591987,1.127801313
4319,INPUT_SKIN4_90_5.txt,OUTPUT_BM1_90_5.txt,20,4.175567753,3.932597934,3.93266425,3.932900041,3.932926106,3.932837602
4320,INPUT_SKIN4_90_5.txt,OUTPUT_BM2_90_5.txt,20,5.380385056,4.848540967,4.848093972,4.848594915,4.848255051,4.848946928
4321,INPUT_SKIN4_90_5.txt,OUTPUT_GUT_90_5.txt,20,NA,NA,NA,NA,NA,NA
4322,INPUT_SKIN4_90_5.txt,OUTPUT_L_90_5.txt,20,4.728348133,3.063102256,3.063097988,3.062860322,3.062751805,3.063072163
4323,INPUT_SKIN4_90_5.txt,OUTPUT_LN1_90_5.txt,20,4.233688041,1.78309747,1.782519609,1.782467663,1.783022318,1.782485516
4324,INPUT_SKIN4_90_5.txt,OUTPUT_LN2_90_5.txt,20,NA,NA,NA,NA,NA,NA
4325,INPUT_SKIN4_90_5.txt,OUTPUT_LUNG_90_5.txt,20,0.034607218,0.063398151,0.063413705,0.063400936,0.063416326,0.063410511
4326,INPUT_SKIN4_90_5.txt,OUTPUT_S_90_5.txt,20,3.395193517,2.987206237,2.987204044,2.987147542,2.986917075,2.987217985
4327,INPUT_SKIN4_90_5.txt,OUTPUT_SKIN1_90_5.txt,20,0.392599742,0.508088756,0.508111389,0.507696643,0.508089307,0.507702928
4328,INPUT_SKIN4_90_5.txt,OUTPUT_SKIN2_90_5.txt,20,0.967722435,1.344778672,1.345960831,1.346166898,1.344569055,1.345291296
4329,INPUT_SKIN4_90_5.txt,OUTPUT_SKIN3_90_5.txt,20,0.797710128,0.890397303,0.889931136,0.890366653,0.89032059,0.88989767
4330,INPUT_SKIN4_90_5.txt,OUTPUT_SKIN4_90_5.txt,20,-767218,-384910,-384908.5,-384910,-384909.5,-384911
4331,INPUT_SKIN4_90_5.txt,OUTPUT_SKIN5_90_5.txt,20,0.714595204,0.509127935,0.509129801,0.509136136,0.509122365,0.509120352
4332,INPUT_SKIN4_90_5.txt,OUTPUT_SKIN6_90_5.txt,20,0.444917213,0.234517206,0.234519911,0.234509449,0.234518101,0.234507055
4333,INPUT_SKIN5_90_5.txt,OUTPUT_BM1_90_5.txt,20,2.482979871,2.214985188,2.214456146,2.215335193,2.214913836,2.21408085
4334,INPUT_SKIN5_90_5.txt,OUTPUT_BM2_90_5.txt,20,2.324689343,2.0663027,2.065854001,2.066880822,2.066465626,2.065774378
4335,INPUT_SKIN5_90_5.txt,OUTPUT_GUT_90_5.txt,20,NA,NA,NA,NA,NA,NA
4336,INPUT_SKIN5_90_5.txt,OUTPUT_L_90_5.txt,20,2.886064123,2.568148306,2.567640182,2.568862507,2.568477358,2.567330603
4337,INPUT_SKIN5_90_5.txt,OUTPUT_LN1_90_5.txt,20,0.646057474,0.862085278,0.861804601,0.861775812,0.862054762,0.861796525
4338,INPUT_SKIN5_90_5.txt,OUTPUT_LN2_90_5.txt,20,NA,NA,NA,NA,NA,NA
4339,INPUT_SKIN5_90_5.txt,OUTPUT_LUNG_90_5.txt,20,0.456313976,0.634887246,0.635038465,0.634910689,0.635070748,0.635013997
4340,INPUT_SKIN5_90_5.txt,OUTPUT_S_90_5.txt,20,2.065721665,1.818658618,1.818323588,1.819130429,1.818856775,1.818029098
4341,INPUT_SKIN5_90_5.txt,OUTPUT_SKIN1_90_5.txt,20,0.857518225,1.516617993,1.516678377,1.515430506,1.516626235,1.515473243
4342,INPUT_SKIN5_90_5.txt,OUTPUT_SKIN2_90_5.txt,20,1.089680965,3.157744805,3.157681576,3.15881232,3.157521001,3.158610106
4343,INPUT_SKIN5_90_5.txt,OUTPUT_SKIN3_90_5.txt,20,2.228682993,2.335658656,2.334408432,2.335566174,2.335466961,2.334343649
4344,INPUT_SKIN5_90_5.txt,OUTPUT_SKIN4_90_5.txt,20,0.888596137,1.269506924,1.269496535,1.269500938,1.269511361,1.269523373
4345,INPUT_SKIN5_90_5.txt,OUTPUT_SKIN5_90_5.txt,20,-500720.5,-250618.5,-250618.5,-250620.5,-250617,-250617
4346,INPUT_SKIN5_90_5.txt,OUTPUT_SKIN6_90_5.txt,20,0.805284507,1.029702547,1.029710029,1.029661152,1.029711294,1.029667024
4347,INPUT_SKIN6_90_5.txt,OUTPUT_BM1_90_5.txt,20,3.582010453,3.009522345,3.009749411,3.009878782,3.00996528,3.009833069
4348,INPUT_SKIN6_90_5.txt,OUTPUT_BM2_90_5.txt,20,4.754681702,3.977224281,3.977074135,3.977342244,3.977146834,3.977699933
4349,INPUT_SKIN6_90_5.txt,OUTPUT_GUT_90_5.txt,20,NA,NA,NA,NA,NA,NA
4350,INPUT_SKIN6_90_5.txt,OUTPUT_L_90_5.txt,20,4.654611261,3.72700267,3.726982429,3.726979385,3.72688973,3.727092973
4351,INPUT_SKIN6_90_5.txt,OUTPUT_LN1_90_5.txt,20,1.97304476,0.863822157,0.863536383,0.863530995,0.863785291,0.863544278
4352,INPUT_SKIN6_90_5.txt,OUTPUT_LN2_90_5.txt,20,NA,NA,NA,NA,NA,NA
4353,INPUT_SKIN6_90_5.txt,OUTPUT_LUNG_90_5.txt,20,0.309210006,0.207236579,0.207285475,0.207249031,0.207295039,0.207281431
4354,INPUT_SKIN6_90_5.txt,OUTPUT_S_90_5.txt,20,3.417418752,2.87419479,2.874239966,2.874215386,2.874094998,2.874263396
4355,INPUT_SKIN6_90_5.txt,OUTPUT_SKIN1_90_5.txt,20,0.564972832,0.621825448,0.621848434,0.62135689,0.621824302,0.621368747
4356,INPUT_SKIN6_90_5.txt,OUTPUT_SKIN2_90_5.txt,20,0.921843051,1.449926917,1.449967763,1.450257331,1.449648756,1.450481108
4357,INPUT_SKIN6_90_5.txt,OUTPUT_SKIN3_90_5.txt,20,0.783202639,0.648757384,0.648415398,0.648745765,0.648700291,0.648410601
4358,INPUT_SKIN6_90_5.txt,OUTPUT_SKIN4_90_5.txt,20,0.875380086,0.547373907,0.547367587,0.547384342,0.547371768,0.547389382
4359,INPUT_SKIN6_90_5.txt,OUTPUT_SKIN5_90_5.txt,20,0.436765386,0.32393,0.323928749,0.323940586,0.323925641,0.3239326
4360,INPUT_SKIN6_90_5.txt,OUTPUT_SKIN6_90_5.txt,20,-790259.5,-396343.5,-396345,-396337,-396344,-396335.5
4361,INPUT_BM1_90_5.txt,OUTPUT_BM1_90_5.txt,21,-525914.5,-263444,-263444.5,-263444.5,-263444,-263444.5
4362,INPUT_BM1_90_5.txt,OUTPUT_BM2_90_5.txt,21,3.925242124,4.430014753,4.426774155,4.429955571,4.430035818,4.429986259
4363,INPUT_BM1_90_5.txt,OUTPUT_GUT_90_5.txt,21,0.008630395,0.010637611,0.010637591,0.010637591,0.010637611,0.010637591
4364,INPUT_BM1_90_5.txt,OUTPUT_L_90_5.txt,21,0.960831314,0.714113723,0.714314915,0.713925064,0.714185595,0.714508753
4365,INPUT_BM1_90_5.txt,OUTPUT_LN1_90_5.txt,21,0.371700083,0.285191798,0.285191255,0.285191255,0.285191798,0.285191255
4366,INPUT_BM1_90_5.txt,OUTPUT_LN2_90_5.txt,21,0.521713691,0.448114862,0.448114008,0.448114008,0.448114862,0.448114008
4367,INPUT_BM1_90_5.txt,OUTPUT_LUNG_90_5.txt,21,0.315113202,0.29512872,0.295043535,0.295165433,0.295184457,0.295293766
4368,INPUT_BM1_90_5.txt,OUTPUT_S_90_5.txt,21,NA,NA,NA,NA,NA,NA
4369,INPUT_BM1_90_5.txt,OUTPUT_SKIN1_90_5.txt,21,1.240059079,1.488639937,1.48860569,1.488752579,1.488477691,1.488642427
4370,INPUT_BM1_90_5.txt,OUTPUT_SKIN10_90_5.txt,21,0.838300396,1.039917419,1.039913305,1.039989834,1.040058697,1.039750512
4371,INPUT_BM1_90_5.txt,OUTPUT_SKIN11_90_5.txt,21,0.63277401,0.612888931,0.612929785,0.613089685,0.612895932,0.612921346
4372,INPUT_BM1_90_5.txt,OUTPUT_SKIN12_90_5.txt,21,0.373657508,0.600423033,0.600482914,0.600441418,0.600414024,0.600453114
4373,INPUT_BM1_90_5.txt,OUTPUT_SKIN2_90_5.txt,21,0.608079168,1.315579682,1.315577087,1.315587189,1.315589734,1.315577087
4374,INPUT_BM1_90_5.txt,OUTPUT_SKIN3_90_5.txt,21,1.759983741,1.338172627,1.340224341,1.338338573,1.339643246,1.340106302
4375,INPUT_BM1_90_5.txt,OUTPUT_SKIN4_90_5.txt,21,1.581195139,1.749293768,1.748638282,1.748684019,1.748642009,1.748625636
4376,INPUT_BM1_90_5.txt,OUTPUT_SKIN5_90_5.txt,21,1.835611413,1.656047709,1.65572813,1.65582323,1.655820134,1.655804784
4377,INPUT_BM1_90_5.txt,OUTPUT_SKIN6_90_5.txt,21,0.542734292,1.137327842,1.137383582,1.137332919,1.137401267,1.137395585
4378,INPUT_BM1_90_5.txt,OUTPUT_SKIN7_90_5.txt,21,1.013912734,1.908615378,1.907472184,1.909272766,1.908103729,1.908066082
4379,INPUT_BM1_90_5.txt,OUTPUT_SKIN8_90_5.txt,21,0.94972297,0.989234874,0.989174801,0.989153755,0.989185039,0.989191397
4380,INPUT_BM1_90_5.txt,OUTPUT_SKIN9_90_5.txt,21,0.545613104,0.508569452,0.508343083,0.508731177,0.508633967,0.508706111
4381,INPUT_BM2_90_5.txt,OUTPUT_BM1_90_5.txt,21,442.1937804,434.0513083,433.8852365,434.0275652,434.0539118,434.0288485
4382,INPUT_BM2_90_5.txt,OUTPUT_BM2_90_5.txt,21,-879072.5,-441888.5,-441730.5,-441886,-441889.5,-441887.5
4383,INPUT_BM2_90_5.txt,OUTPUT_GUT_90_5.txt,21,2.462938772,2.4175048,2.418383133,2.417518764,2.417499223,2.417510429
4384,INPUT_BM2_90_5.txt,OUTPUT_L_90_5.txt,21,6.161136736,6.07333715,6.074942039,6.074073227,6.073119545,6.072391646
4385,INPUT_BM2_90_5.txt,OUTPUT_LN1_90_5.txt,21,13.78364538,13.70611151,13.71170579,13.70631334,13.7060815,13.70626115
4386,INPUT_BM2_90_5.txt,OUTPUT_LN2_90_5.txt,21,0.1107902,5.525724795,5.527701545,5.525796699,5.52571296,5.525778315
4387,INPUT_BM2_90_5.txt,OUTPUT_LUNG_90_5.txt,21,5.113103119,4.961021311,4.962867239,4.961727182,4.961532744,4.961640394
4388,INPUT_BM2_90_5.txt,OUTPUT_S_90_5.txt,21,NA,NA,NA,NA,NA,NA
4389,INPUT_BM2_90_5.txt,OUTPUT_SKIN1_90_5.txt,21,0.109569952,0.108443326,0.108479898,0.108452173,0.108431482,0.108443946
4390,INPUT_BM2_90_5.txt,OUTPUT_SKIN10_90_5.txt,21,242.7167464,237.0910878,237.2527746,237.0938398,237.1024771,237.0732202
4391,INPUT_BM2_90_5.txt,OUTPUT_SKIN11_90_5.txt,21,179.3790059,174.3326525,174.3966422,174.3842336,174.3337663,174.3386869
4392,INPUT_BM2_90_5.txt,OUTPUT_SKIN12_90_5.txt,21,82.84630529,80.44278455,80.49406127,80.44718941,80.44168942,80.44882253
4393,INPUT_BM2_90_5.txt,OUTPUT_SKIN2_90_5.txt,21,204.9110098,199.0778735,199.1902642,199.0823058,199.0782455,199.079108
4394,INPUT_BM2_90_5.txt,OUTPUT_SKIN3_90_5.txt,21,435.4730768,844.1226141,836.9855527,844.1302566,841.1107327,840.4304164
4395,INPUT_BM2_90_5.txt,OUTPUT_SKIN4_90_5.txt,21,122.3127731,118.5761781,118.5849916,118.5510247,118.5501628,118.5457803
4396,INPUT_BM2_90_5.txt,OUTPUT_SKIN5_90_5.txt,21,181.9357798,173.6963832,173.6784511,173.688122,173.6845337,173.6809682
4397,INPUT_BM2_90_5.txt,OUTPUT_SKIN6_90_5.txt,21,8.513146622,10.36728297,10.37180713,10.3673581,10.36787523,10.36794765
4398,INPUT_BM2_90_5.txt,OUTPUT_SKIN7_90_5.txt,21,7.776406748,10.82555925,10.8233945,10.82954777,10.82281753,10.82251342
4399,INPUT_BM2_90_5.txt,OUTPUT_SKIN8_90_5.txt,21,123.2695871,121.4059254,121.3496555,121.3964082,121.4033693,121.4032781
4400,INPUT_BM2_90_5.txt,OUTPUT_SKIN9_90_5.txt,21,80.03983534,80.76062999,80.70177151,80.7852587,80.77229158,80.78322885
4401,INPUT_GUT_90_5.txt,OUTPUT_BM1_90_5.txt,21,0.535589924,0.579822155,0.579822155,0.579822155,0.579822155,0.579822155
4402,INPUT_GUT_90_5.txt,OUTPUT_BM2_90_5.txt,21,0.654969673,0.651835792,0.652094603,0.651834668,0.651835905,0.651832035
4403,INPUT_GUT_90_5.txt,OUTPUT_GUT_90_5.txt,21,-69937.5,-35037.5,-35037.5,-35037.5,-35037.5,-35037.5
4404,INPUT_GUT_90_5.txt,OUTPUT_L_90_5.txt,21,0.341878485,0.336056425,0.33611012,0.336006758,0.33607548,0.33616149
4405,INPUT_GUT_90_5.txt,OUTPUT_LN1_90_5.txt,21,0.05021184,0.204959682,0.204959682,0.204959682,0.204959682,0.204959682
4406,INPUT_GUT_90_5.txt,OUTPUT_LN2_90_5.txt,21,0.49206445,0.559947479,0.559947479,0.559947479,0.559947479,0.559947479
4407,INPUT_GUT_90_5.txt,OUTPUT_LUNG_90_5.txt,21,0.395364738,0.433831123,0.433794858,0.433875699,0.433882385,0.433933349
4408,INPUT_GUT_90_5.txt,OUTPUT_S_90_5.txt,21,NA,NA,NA,NA,NA,NA
4409,INPUT_GUT_90_5.txt,OUTPUT_SKIN1_90_5.txt,21,0.647730412,0.486574588,0.486564438,0.486609698,0.486521083,0.486575583
4410,INPUT_GUT_90_5.txt,OUTPUT_SKIN10_90_5.txt,21,0.51730075,0.488614977,0.488599984,0.488634282,0.488678872,0.488536223
4411,INPUT_GUT_90_5.txt,OUTPUT_SKIN11_90_5.txt,21,0.366375738,0.482566554,0.482592142,0.48271521,0.482573306,0.48257762
4412,INPUT_GUT_90_5.txt,OUTPUT_SKIN12_90_5.txt,21,0.302506477,0.277114265,0.277130081,0.277116468,0.277107361,0.277119134
4413,INPUT_GUT_90_5.txt,OUTPUT_SKIN2_90_5.txt,21,0.242873482,0.355619659,0.355620325,0.355616424,0.355616424,0.355620325
4414,INPUT_GUT_90_5.txt,OUTPUT_SKIN3_90_5.txt,21,0.741671632,0.73848419,0.736249733,0.73847373,0.736915854,0.736610085
4415,INPUT_GUT_90_5.txt,OUTPUT_SKIN4_90_5.txt,21,0.51892282,0.396670908,0.39653831,0.396552738,0.396542139,0.396537343
4416,INPUT_GUT_90_5.txt,OUTPUT_SKIN5_90_5.txt,21,0.462457162,0.464886665,0.46487984,0.464853157,0.46483861,0.464828919
4417,INPUT_GUT_90_5.txt,OUTPUT_SKIN6_90_5.txt,21,0.572791582,0.577683725,0.577527351,0.577551619,0.577531098,0.577683816
4418,INPUT_GUT_90_5.txt,OUTPUT_SKIN7_90_5.txt,21,0.260137898,0.274598643,0.274485952,0.274696208,0.274575915,0.274573159
4419,INPUT_GUT_90_5.txt,OUTPUT_SKIN8_90_5.txt,21,0.537614003,0.498007052,0.497981174,0.497962926,0.497926652,0.497968199
4420,INPUT_GUT_90_5.txt,OUTPUT_SKIN9_90_5.txt,21,0.507927459,0.554490674,0.554601505,0.554659661,0.554571643,0.554647996
4421,INPUT_L_90_5.txt,OUTPUT_BM1_90_5.txt,21,0.194773735,0.175621665,0.175589636,0.175651293,0.175610298,0.175558996
4422,INPUT_L_90_5.txt,OUTPUT_BM2_90_5.txt,21,0.237457342,0.220764759,0.22057383,0.220804952,0.220751796,0.22069023
4423,INPUT_L_90_5.txt,OUTPUT_GUT_90_5.txt,21,0.009470886,0.013048855,0.013046492,0.013051042,0.013048017,0.01304423
4424,INPUT_L_90_5.txt,OUTPUT_L_90_5.txt,21,-513150.5,-256785.5,-256832,-256742.5,-256802,-256876.5
4425,INPUT_L_90_5.txt,OUTPUT_LN1_90_5.txt,21,0.080170931,0.055686321,0.055676221,0.055695663,0.055682737,0.05566656
4426,INPUT_L_90_5.txt,OUTPUT_LN2_90_5.txt,21,0.168528404,0.100547311,0.100529063,0.100564191,0.100540835,0.100511606
4427,INPUT_L_90_5.txt,OUTPUT_LUNG_90_5.txt,21,0.301720282,0.617682687,0.61730545,0.617780651,0.617682111,0.617757158
4428,INPUT_L_90_5.txt,OUTPUT_S_90_5.txt,21,NA,NA,NA,NA,NA,NA
4429,INPUT_L_90_5.txt,OUTPUT_SKIN1_90_5.txt,21,0.183621832,0.17154924,0.171516729,0.171581567,0.171515403,0.17148697
4430,INPUT_L_90_5.txt,OUTPUT_SKIN10_90_5.txt,21,0.197509447,0.203608636,0.20355942,0.203648729,0.203623582,0.203503622
4431,INPUT_L_90_5.txt,OUTPUT_SKIN11_90_5.txt,21,0.131882977,0.140237831,0.140210588,0.140243178,0.140227031,0.140187792
4432,INPUT_L_90_5.txt,OUTPUT_SKIN12_90_5.txt,21,0.109713303,0.126760212,0.126750036,0.126785647,0.126750076,0.12672162
4433,INPUT_L_90_5.txt,OUTPUT_SKIN2_90_5.txt,21,0.175651194,0.170332914,0.170301199,0.170360967,0.170321221,0.170271493
4434,INPUT_L_90_5.txt,OUTPUT_SKIN3_90_5.txt,21,0.219235902,0.234680254,0.235050369,0.234663604,0.234921445,0.234900706
4435,INPUT_L_90_5.txt,OUTPUT_SKIN4_90_5.txt,21,0.165055941,0.160508836,0.160540038,0.160596021,0.160565123,0.160503174
4436,INPUT_L_90_5.txt,OUTPUT_SKIN5_90_5.txt,21,0.180877431,0.162869794,0.162860674,0.162928197,0.162883344,0.162832372
4437,INPUT_L_90_5.txt,OUTPUT_SKIN6_90_5.txt,21,0.124372179,0.136208321,0.136182712,0.136217911,0.136198846,0.136172149
4438,INPUT_L_90_5.txt,OUTPUT_SKIN7_90_5.txt,21,0.193620004,0.167312156,0.167275121,0.167329483,0.167290736,0.167240623
4439,INPUT_L_90_5.txt,OUTPUT_SKIN8_90_5.txt,21,0.184073415,0.169937547,0.169909508,0.16995174,0.169921223,0.169869603
4440,INPUT_L_90_5.txt,OUTPUT_SKIN9_90_5.txt,21,0.124634085,0.19458213,0.194674835,0.194665215,0.194589043,0.194555682
4441,INPUT_LN1_90_5.txt,OUTPUT_BM1_90_5.txt,21,0.509851292,0.521045243,0.521045243,0.521045243,0.521045243,0.521045243
4442,INPUT_LN1_90_5.txt,OUTPUT_BM2_90_5.txt,21,0.601130281,0.571954226,0.57277612,0.571958026,0.571955193,0.57194992
4443,INPUT_LN1_90_5.txt,OUTPUT_GUT_90_5.txt,21,0.004049058,0.004337366,0.004337366,0.004337366,0.004337366,0.004337366
4444,INPUT_LN1_90_5.txt,OUTPUT_L_90_5.txt,21,0.308167493,0.18974581,0.18981404,0.189682726,0.189770019,0.189879346
4445,INPUT_LN1_90_5.txt,OUTPUT_LN1_90_5.txt,21,-471166,-236148.5,-236148.5,-236148.5,-236148.5,-236148.5
4446,INPUT_LN1_90_5.txt,OUTPUT_LN2_90_5.txt,21,0.127051528,0.605613909,0.605613909,0.605613909,0.605613909,0.605613909
4447,INPUT_LN1_90_5.txt,OUTPUT_LUNG_90_5.txt,21,0.272653366,0.322102769,0.321990988,0.322133026,0.322155029,0.32228498
4448,INPUT_LN1_90_5.txt,OUTPUT_S_90_5.txt,21,NA,NA,NA,NA,NA,NA
4449,INPUT_LN1_90_5.txt,OUTPUT_SKIN1_90_5.txt,21,0.06393508,0.090391211,0.090389355,0.090398015,0.090381677,0.090391523
4450,INPUT_LN1_90_5.txt,OUTPUT_SKIN10_90_5.txt,21,0.56934899,0.542733758,0.542733485,0.542771181,0.542803521,0.542650038
4451,INPUT_LN1_90_5.txt,OUTPUT_SKIN11_90_5.txt,21,0.256859139,0.406356286,0.406386868,0.406498067,0.406365352,0.406381596
4452,INPUT_LN1_90_5.txt,OUTPUT_SKIN12_90_5.txt,21,0.150777836,0.166221968,0.166228519,0.166221874,0.166217525,0.166222843
4453,INPUT_LN1_90_5.txt,OUTPUT_SKIN2_90_5.txt,21,0.344465226,0.303946898,0.303947572,0.303947245,0.303947245,0.303947572
4454,INPUT_LN1_90_5.txt,OUTPUT_SKIN3_90_5.txt,21,0.463515869,0.504588363,0.501930503,0.50456262,0.502722614,0.502339091
4455,INPUT_LN1_90_5.txt,OUTPUT_SKIN4_90_5.txt,21,0.403040288,0.386964121,0.386808718,0.386832788,0.386818495,0.38681383
4456,INPUT_LN1_90_5.txt,OUTPUT_SKIN5_90_5.txt,21,0.522427624,0.479395467,0.479304068,0.479362109,0.479320757,0.479287075
4457,INPUT_LN1_90_5.txt,OUTPUT_SKIN6_90_5.txt,21,0.343181674,0.355588615,0.355576163,0.355549131,0.355581068,0.355620876
4458,INPUT_LN1_90_5.txt,OUTPUT_SKIN7_90_5.txt,21,0.260679536,0.217472046,0.217349629,0.217558279,0.217426414,0.2174212
4459,INPUT_LN1_90_5.txt,OUTPUT_SKIN8_90_5.txt,21,0.248563586,0.273694923,0.273679774,0.273673419,0.2736807,0.2736827
4460,INPUT_LN1_90_5.txt,OUTPUT_SKIN9_90_5.txt,21,0.21974237,0.214332051,0.21423741,0.214405908,0.214364234,0.214394685
4461,INPUT_LN2_90_5.txt,OUTPUT_BM1_90_5.txt,21,1.54176778,1.309008813,1.309008813,1.309008813,1.309008813,1.309008813
4462,INPUT_LN2_90_5.txt,OUTPUT_BM2_90_5.txt,21,1.44877269,1.555825754,1.554716473,1.555825943,1.555850647,1.555836645
4463,INPUT_LN2_90_5.txt,OUTPUT_GUT_90_5.txt,21,0.016869291,0.017559665,0.017559665,0.017559665,0.017559665,0.017559665
4464,INPUT_LN2_90_5.txt,OUTPUT_L_90_5.txt,21,0.564595178,0.411214567,0.411362257,0.411078017,0.41126697,0.411503618
4465,INPUT_LN2_90_5.txt,OUTPUT_LN1_90_5.txt,21,0.152940016,0.14627516,0.14627516,0.14627516,0.14627516,0.14627516
4466,INPUT_LN2_90_5.txt,OUTPUT_LN2_90_5.txt,21,-231237.5,-115559.5,-115559.5,-115559.5,-115559.5,-115559.5
4467,INPUT_LN2_90_5.txt,OUTPUT_LUNG_90_5.txt,21,1.605620156,1.785680156,1.785008804,1.785785348,1.785903803,1.786607025
4468,INPUT_LN2_90_5.txt,OUTPUT_S_90_5.txt,21,NA,NA,NA,NA,NA,NA
4469,INPUT_LN2_90_5.txt,OUTPUT_SKIN1_90_5.txt,21,0.740101079,0.743971266,0.743956381,0.744025562,0.743896182,0.743973766
4470,INPUT_LN2_90_5.txt,OUTPUT_SKIN10_90_5.txt,21,1.301707406,1.396167411,1.396165117,1.396260743,1.396344171,1.395954803
4471,INPUT_LN2_90_5.txt,OUTPUT_SKIN11_90_5.txt,21,0.966336972,1.028978658,1.02906523,1.029352476,1.029021551,1.029042681
4472,INPUT_LN2_90_5.txt,OUTPUT_SKIN12_90_5.txt,21,0.323132496,0.326575623,0.326608998,0.326586217,0.3265706,0.326592591
4473,INPUT_LN2_90_5.txt,OUTPUT_SKIN2_90_5.txt,21,0.819722762,0.636699136,0.636702429,0.636698224,0.636698224,0.636702429
4474,INPUT_LN2_90_5.txt,OUTPUT_SKIN3_90_5.txt,21,1.151819716,1.968037381,1.971080188,1.968270153,1.97022082,1.970912208
4475,INPUT_LN2_90_5.txt,OUTPUT_SKIN4_90_5.txt,21,1.313405537,1.16758467,1.167149584,1.167177291,1.167140509,1.16711366
4476,INPUT_LN2_90_5.txt,OUTPUT_SKIN5_90_5.txt,21,1.602781833,1.70782375,1.707489188,1.707731705,1.707526651,1.707366314
4477,INPUT_LN2_90_5.txt,OUTPUT_SKIN6_90_5.txt,21,0.571470322,0.67124232,0.671229625,0.671184791,0.671238716,0.671298351
4478,INPUT_LN2_90_5.txt,OUTPUT_SKIN7_90_5.txt,21,0.543580265,0.440905716,0.440645584,0.441066603,0.440799874,0.44079439
4479,INPUT_LN2_90_5.txt,OUTPUT_SKIN8_90_5.txt,21,0.67395353,0.627320372,0.627289768,0.62727138,0.627283756,0.627288487
4480,INPUT_LN2_90_5.txt,OUTPUT_SKIN9_90_5.txt,21,0.519717084,0.429225189,0.429043283,0.429367702,0.429286147,0.42933991
4481,INPUT_LUNG_90_5.txt,OUTPUT_BM1_90_5.txt,21,0.26179021,0.250975323,0.251017994,0.250977883,0.250968492,0.250919282
4482,INPUT_LUNG_90_5.txt,OUTPUT_BM2_90_5.txt,21,0.299070983,0.275897401,0.275745201,0.275899205,0.275892137,0.275836735
4483,INPUT_LUNG_90_5.txt,OUTPUT_GUT_90_5.txt,21,0.009246545,0.007048436,0.007049554,0.007047987,0.007047743,0.007046305
4484,INPUT_LUNG_90_5.txt,OUTPUT_L_90_5.txt,21,0.280266796,0.240190636,0.240315756,0.240094829,0.240197826,0.240288174
4485,INPUT_LUNG_90_5.txt,OUTPUT_LN1_90_5.txt,21,0.063502142,0.029553862,0.029558612,0.029552414,0.029551375,0.029545398
4486,INPUT_LUNG_90_5.txt,OUTPUT_LN2_90_5.txt,21,0.145946589,0.098526822,0.098542844,0.098523233,0.098519725,0.098499935
4487,INPUT_LUNG_90_5.txt,OUTPUT_LUNG_90_5.txt,21,-549162.5,-274331,-274287.5,-274348.5,-274358,-274414
4488,INPUT_LUNG_90_5.txt,OUTPUT_S_90_5.txt,21,NA,NA,NA,NA,NA,NA
4489,INPUT_LUNG_90_5.txt,OUTPUT_SKIN1_90_5.txt,21,0.290946899,0.264583999,0.264624903,0.264620538,0.264561527,0.264541279
4490,INPUT_LUNG_90_5.txt,OUTPUT_SKIN10_90_5.txt,21,0.20798034,0.197619054,0.197641287,0.197617702,0.197632177,0.197534559
4491,INPUT_LUNG_90_5.txt,OUTPUT_SKIN11_90_5.txt,21,0.162061754,0.168371728,0.168407547,0.168425226,0.16836537,0.16833655
4492,INPUT_LUNG_90_5.txt,OUTPUT_SKIN12_90_5.txt,21,0.134823096,0.133718116,0.133753762,0.133716871,0.13370559,0.133687749
4493,INPUT_LUNG_90_5.txt,OUTPUT_SKIN2_90_5.txt,21,0.173709132,0.143826814,0.143849729,0.143820956,0.143815863,0.14378561
4494,INPUT_LUNG_90_5.txt,OUTPUT_SKIN3_90_5.txt,21,0.310096456,0.286481177,0.286974005,0.286520597,0.286793317,0.28683491
4495,INPUT_LUNG_90_5.txt,OUTPUT_SKIN4_90_5.txt,21,0.21381067,0.202412708,0.202375538,0.202352292,0.202339463,0.202298776
4496,INPUT_LUNG_90_5.txt,OUTPUT_SKIN5_90_5.txt,21,0.200896014,0.213531816,0.213558613,0.21351215,0.213500036,0.213456999
4497,INPUT_LUNG_90_5.txt,OUTPUT_SKIN6_90_5.txt,21,0.204721953,0.185402766,0.18542732,0.185398631,0.185386834,0.185352815
4498,INPUT_LUNG_90_5.txt,OUTPUT_SKIN7_90_5.txt,21,0.194944317,0.182982363,0.182996526,0.183032513,0.183011198,0.182981482
4499,INPUT_LUNG_90_5.txt,OUTPUT_SKIN8_90_5.txt,21,0.203436624,0.215815583,0.215840932,0.215800203,0.215780112,0.215750572
4500,INPUT_LUNG_90_5.txt,OUTPUT_SKIN9_90_5.txt,21,0.158994821,0.227355131,0.227545515,0.22740616,0.227368153,0.22734944
4501,INPUT_S_90_5.txt,OUTPUT_BM1_90_5.txt,21,NA,NA,NA,NA,NA,NA
4502,INPUT_S_90_5.txt,OUTPUT_BM2_90_5.txt,21,NA,NA,NA,NA,NA,NA
4503,INPUT_S_90_5.txt,OUTPUT_GUT_90_5.txt,21,NA,NA,NA,NA,NA,NA
4504,INPUT_S_90_5.txt,OUTPUT_L_90_5.txt,21,NA,NA,NA,NA,NA,NA
4505,INPUT_S_90_5.txt,OUTPUT_LN1_90_5.txt,21,NA,NA,NA,NA,NA,NA
4506,INPUT_S_90_5.txt,OUTPUT_LN2_90_5.txt,21,NA,NA,NA,NA,NA,NA
4507,INPUT_S_90_5.txt,OUTPUT_LUNG_90_5.txt,21,NA,NA,NA,NA,NA,NA
4508,INPUT_S_90_5.txt,OUTPUT_S_90_5.txt,21,NA,NA,NA,NA,NA,NA
4509,INPUT_S_90_5.txt,OUTPUT_SKIN1_90_5.txt,21,NA,NA,NA,NA,NA,NA
4510,INPUT_S_90_5.txt,OUTPUT_SKIN10_90_5.txt,21,NA,NA,NA,NA,NA,NA
4511,INPUT_S_90_5.txt,OUTPUT_SKIN11_90_5.txt,21,NA,NA,NA,NA,NA,NA
4512,INPUT_S_90_5.txt,OUTPUT_SKIN12_90_5.txt,21,NA,NA,NA,NA,NA,NA
4513,INPUT_S_90_5.txt,OUTPUT_SKIN2_90_5.txt,21,NA,NA,NA,NA,NA,NA
4514,INPUT_S_90_5.txt,OUTPUT_SKIN3_90_5.txt,21,NA,NA,NA,NA,NA,NA
4515,INPUT_S_90_5.txt,OUTPUT_SKIN4_90_5.txt,21,NA,NA,NA,NA,NA,NA
4516,INPUT_S_90_5.txt,OUTPUT_SKIN5_90_5.txt,21,NA,NA,NA,NA,NA,NA
4517,INPUT_S_90_5.txt,OUTPUT_SKIN6_90_5.txt,21,NA,NA,NA,NA,NA,NA
4518,INPUT_S_90_5.txt,OUTPUT_SKIN7_90_5.txt,21,NA,NA,NA,NA,NA,NA
4519,INPUT_S_90_5.txt,OUTPUT_SKIN8_90_5.txt,21,NA,NA,NA,NA,NA,NA
4520,INPUT_S_90_5.txt,OUTPUT_SKIN9_90_5.txt,21,NA,NA,NA,NA,NA,NA
4521,INPUT_SKIN1_90_5.txt,OUTPUT_BM1_90_5.txt,21,0.696445313,0.64635251,0.64635929,0.646327878,0.646387377,0.646351439
4522,INPUT_SKIN1_90_5.txt,OUTPUT_BM2_90_5.txt,21,1.058635648,0.903161132,0.902540521,0.903134367,0.903232283,0.903173556
4523,INPUT_SKIN1_90_5.txt,OUTPUT_GUT_90_5.txt,21,0.016935764,0.012807753,0.012807885,0.012807266,0.012808438,0.01280773
4524,INPUT_SKIN1_90_5.txt,OUTPUT_L_90_5.txt,21,0.31578495,0.225816181,0.225895842,0.225735504,0.225855543,0.225967401
4525,INPUT_SKIN1_90_5.txt,OUTPUT_LN1_90_5.txt,21,0.061216155,0.052437632,0.052438173,0.052435636,0.05244044,0.052437539
4526,INPUT_SKIN1_90_5.txt,OUTPUT_LN2_90_5.txt,21,0.231021413,0.264036287,0.264038905,0.264026097,0.264050375,0.264035705
4527,INPUT_SKIN1_90_5.txt,OUTPUT_LUNG_90_5.txt,21,0.156286034,0.713188932,0.712937829,0.713184533,0.713291685,0.713500928
4528,INPUT_SKIN1_90_5.txt,OUTPUT_S_90_5.txt,21,NA,NA,NA,NA,NA,NA
4529,INPUT_SKIN1_90_5.txt,OUTPUT_SKIN1_90_5.txt,21,-576972.5,-289571.5,-289568.5,-289582.5,-289556,-289572
4530,INPUT_SKIN1_90_5.txt,OUTPUT_SKIN10_90_5.txt,21,1.433501266,1.267449808,1.267459135,1.267491079,1.267691832,1.267231695
4531,INPUT_SKIN1_90_5.txt,OUTPUT_SKIN11_90_5.txt,21,0.558308067,0.459089416,0.459125701,0.459225932,0.459119441,0.459120139
4532,INPUT_SKIN1_90_5.txt,OUTPUT_SKIN12_90_5.txt,21,0.595638597,0.561128639,0.561191541,0.561125374,0.561150373,0.561156777
4533,INPUT_SKIN1_90_5.txt,OUTPUT_SKIN2_90_5.txt,21,0.391476028,0.398810226,0.39881437,0.398798067,0.398834727,0.398809528
4534,INPUT_SKIN1_90_5.txt,OUTPUT_SKIN3_90_5.txt,21,1.293865886,1.178293325,1.180076389,1.178367351,1.179630127,1.179963557
4535,INPUT_SKIN1_90_5.txt,OUTPUT_SKIN4_90_5.txt,21,1.108644091,1.85916879,1.858339812,1.858513192,1.858572226,1.858342561
4536,INPUT_SKIN1_90_5.txt,OUTPUT_SKIN5_90_5.txt,21,0.744084702,0.694909903,0.694806829,0.694885304,0.694831949,0.694715406
4537,INPUT_SKIN1_90_5.txt,OUTPUT_SKIN6_90_5.txt,21,0.423619157,0.435843972,0.435855244,0.435802023,0.43588013,0.435875025
4538,INPUT_SKIN1_90_5.txt,OUTPUT_SKIN7_90_5.txt,21,0.367908532,0.357951425,0.35773846,0.358078818,0.357892947,0.357875331
4539,INPUT_SKIN1_90_5.txt,OUTPUT_SKIN8_90_5.txt,21,0.373786059,0.403029846,0.403005593,0.402963293,0.403012081,0.403002688
4540,INPUT_SKIN1_90_5.txt,OUTPUT_SKIN9_90_5.txt,21,0.304132435,0.339099206,0.33895591,0.339193649,0.339160031,0.339189523
4541,INPUT_SKIN10_90_5.txt,OUTPUT_BM1_90_5.txt,21,1.114064537,1.439134788,1.439135939,1.439082802,1.439036678,1.4392491
4542,INPUT_SKIN10_90_5.txt,OUTPUT_BM2_90_5.txt,21,1.528192284,1.92617353,1.924782327,1.92608139,1.926050171,1.926318915
4543,INPUT_SKIN10_90_5.txt,OUTPUT_GUT_90_5.txt,21,0.046704629,0.043679229,0.04367927,0.043677661,0.043676257,0.043682697
4544,INPUT_SKIN10_90_5.txt,OUTPUT_L_90_5.txt,21,0.225456734,0.136149624,0.13619614,0.136102071,0.136156812,0.136251461
4545,INPUT_SKIN10_90_5.txt,OUTPUT_LN1_90_5.txt,21,0.053540737,0.036916863,0.036916898,0.03691554,0.036914351,0.036919797
4546,INPUT_SKIN10_90_5.txt,OUTPUT_LN2_90_5.txt,21,0.072360267,0.053090886,0.053090936,0.053088989,0.053087272,0.053095112
4547,INPUT_SKIN10_90_5.txt,OUTPUT_LUNG_90_5.txt,21,0.18510908,2.782660239,2.782953776,2.782967762,2.782707634,2.782977764
4548,INPUT_SKIN10_90_5.txt,OUTPUT_S_90_5.txt,21,NA,NA,NA,NA,NA,NA
4549,INPUT_SKIN10_90_5.txt,OUTPUT_SKIN1_90_5.txt,21,0.190467781,0.26862612,0.268620785,0.268636849,0.268579218,0.268648272
4550,INPUT_SKIN10_90_5.txt,OUTPUT_SKIN10_90_5.txt,21,-1053306,-529383.5,-529383,-529402.5,-529419.5,-529341.5
4551,INPUT_SKIN10_90_5.txt,OUTPUT_SKIN11_90_5.txt,21,0.637183498,0.644468326,0.644513496,0.644661674,0.644431564,0.644564472
4552,INPUT_SKIN10_90_5.txt,OUTPUT_SKIN12_90_5.txt,21,0.885897152,0.673566115,0.673634689,0.673563611,0.673510107,0.673654632
4553,INPUT_SKIN10_90_5.txt,OUTPUT_SKIN2_90_5.txt,21,0.429005354,0.38782919,0.387829552,0.387818192,0.387805706,0.38786002
4554,INPUT_SKIN10_90_5.txt,OUTPUT_SKIN3_90_5.txt,21,1.019078961,1.348477864,1.350510826,1.348596107,1.349864793,1.350498947
4555,INPUT_SKIN10_90_5.txt,OUTPUT_SKIN4_90_5.txt,21,0.843234599,1.124621334,1.124203408,1.124190838,1.124125105,1.124284009
4556,INPUT_SKIN10_90_5.txt,OUTPUT_SKIN5_90_5.txt,21,0.892569189,1.777114238,1.776776553,1.776812858,1.776746278,1.777001565
4557,INPUT_SKIN10_90_5.txt,OUTPUT_SKIN6_90_5.txt,21,0.46666886,0.769533493,0.769573572,0.769510901,0.769530406,0.769642225
4558,INPUT_SKIN10_90_5.txt,OUTPUT_SKIN7_90_5.txt,21,0.548895653,0.40364372,0.403396149,0.403759761,0.403499559,0.403567523
4559,INPUT_SKIN10_90_5.txt,OUTPUT_SKIN8_90_5.txt,21,0.42604435,0.686442612,0.686402469,0.68636211,0.686360664,0.686467854
4560,INPUT_SKIN10_90_5.txt,OUTPUT_SKIN9_90_5.txt,21,0.308446775,0.406073164,0.405892529,0.406188933,0.406097176,0.406215674
4561,INPUT_SKIN11_90_5.txt,OUTPUT_BM1_90_5.txt,21,1.719074232,2.1792493,2.179175371,2.178886626,2.179236869,2.179174648
4562,INPUT_SKIN11_90_5.txt,OUTPUT_BM2_90_5.txt,21,6.060462405,6.106556386,6.101931046,6.105466516,6.106548849,6.106316658
4563,INPUT_SKIN11_90_5.txt,OUTPUT_GUT_90_5.txt,21,0.395933969,0.327784973,0.32777376,0.327730314,0.327783103,0.327773763
4564,INPUT_SKIN11_90_5.txt,OUTPUT_L_90_5.txt,21,0.508260084,0.589765841,0.589927737,0.589499099,0.589827082,0.59010201
4565,INPUT_SKIN11_90_5.txt,OUTPUT_LN1_90_5.txt,21,0.139961499,0.10799778,0.107994102,0.107979868,0.107997168,0.1079941
4566,INPUT_SKIN11_90_5.txt,OUTPUT_LN2_90_5.txt,21,0.0907764,0.157403438,0.157398072,0.157377304,0.157402545,0.15739807
4567,INPUT_SKIN11_90_5.txt,OUTPUT_LUNG_90_5.txt,21,0.292512088,0.274030982,0.273941113,0.274020081,0.27408171,0.274178247
4568,INPUT_SKIN11_90_5.txt,OUTPUT_S_90_5.txt,21,NA,NA,NA,NA,NA,NA
4569,INPUT_SKIN11_90_5.txt,OUTPUT_SKIN1_90_5.txt,21,0.225273791,0.213578348,0.213566649,0.213559201,0.213554327,0.213572079
4570,INPUT_SKIN11_90_5.txt,OUTPUT_SKIN10_90_5.txt,21,11.30265172,6.501498824,6.501270962,6.500835745,6.502298607,6.500347477
4571,INPUT_SKIN11_90_5.txt,OUTPUT_SKIN11_90_5.txt,21,-702987,-352110.5,-352122.5,-352169,-352112.5,-352122.5
4572,INPUT_SKIN11_90_5.txt,OUTPUT_SKIN12_90_5.txt,21,1.049504371,1.115012944,1.115087656,1.114864411,1.114989695,1.115039373
4573,INPUT_SKIN11_90_5.txt,OUTPUT_SKIN2_90_5.txt,21,2.064345179,1.668748066,1.668690839,1.668479314,1.668750859,1.668691924
4574,INPUT_SKIN11_90_5.txt,OUTPUT_SKIN3_90_5.txt,21,5.039294917,5.201231488,5.208692599,5.201032357,5.206802426,5.208262436
4575,INPUT_SKIN11_90_5.txt,OUTPUT_SKIN4_90_5.txt,21,1.307356851,2.118502592,2.117646535,2.117433991,2.117703946,2.117661708
4576,INPUT_SKIN11_90_5.txt,OUTPUT_SKIN5_90_5.txt,21,3.184745705,3.39920467,3.398639612,3.398388473,3.398722807,3.39860973
4577,INPUT_SKIN11_90_5.txt,OUTPUT_SKIN6_90_5.txt,21,0.614173231,1.096266602,1.096285606,1.09609154,1.09633155,1.096297999
4578,INPUT_SKIN11_90_5.txt,OUTPUT_SKIN7_90_5.txt,21,0.841951549,0.745985284,0.745522436,0.746123471,0.745787204,0.745740763
4579,INPUT_SKIN11_90_5.txt,OUTPUT_SKIN8_90_5.txt,21,0.527614213,0.717234102,0.717168026,0.717059271,0.717194812,0.717182001
4580,INPUT_SKIN11_90_5.txt,OUTPUT_SKIN9_90_5.txt,21,0.379373579,0.637387464,0.637086006,0.637481698,0.637463356,0.637536084
4581,INPUT_SKIN12_90_5.txt,OUTPUT_BM1_90_5.txt,21,1.599566994,1.307077151,1.307013721,1.30705742,1.307087358,1.307045353
4582,INPUT_SKIN12_90_5.txt,OUTPUT_BM2_90_5.txt,21,1.423154389,1.445628754,1.444577736,1.445653594,1.445710172,1.445649929
4583,INPUT_SKIN12_90_5.txt,OUTPUT_GUT_90_5.txt,21,0.005549258,0.003118748,0.003118591,0.003118698,0.003118771,0.003118668
4584,INPUT_SKIN12_90_5.txt,OUTPUT_L_90_5.txt,21,0.125548124,0.075110363,0.075133845,0.075083393,0.075120214,0.075161601
4585,INPUT_SKIN12_90_5.txt,OUTPUT_LN1_90_5.txt,21,0.271105256,0.190267598,0.190257812,0.19026409,0.190268548,0.19026214
4586,INPUT_SKIN12_90_5.txt,OUTPUT_LN2_90_5.txt,21,0.150931732,0.140646321,0.140639085,0.140643653,0.140646927,0.140642196
4587,INPUT_SKIN12_90_5.txt,OUTPUT_LUNG_90_5.txt,21,0.100188836,0.731977382,0.731647693,0.73192618,0.731979677,0.732192622
4588,INPUT_SKIN12_90_5.txt,OUTPUT_S_90_5.txt,21,NA,NA,NA,NA,NA,NA
4589,INPUT_SKIN12_90_5.txt,OUTPUT_SKIN1_90_5.txt,21,0.441555427,0.407131627,0.407102738,0.40715585,0.407091284,0.407122548
4590,INPUT_SKIN12_90_5.txt,OUTPUT_SKIN10_90_5.txt,21,3.110779953,2.00882218,2.008718222,2.008933969,2.00910931,2.008408025
4591,INPUT_SKIN12_90_5.txt,OUTPUT_SKIN11_90_5.txt,21,1.101043754,0.945954273,0.945972182,0.94625483,0.945972196,0.945995568
4592,INPUT_SKIN12_90_5.txt,OUTPUT_SKIN12_90_5.txt,21,-931035,-466769,-466792.5,-466776.5,-466765.5,-466781
4593,INPUT_SKIN12_90_5.txt,OUTPUT_SKIN2_90_5.txt,21,0.664697156,0.759420268,0.759382127,0.759413719,0.759431516,0.759400601
4594,INPUT_SKIN12_90_5.txt,OUTPUT_SKIN3_90_5.txt,21,1.116833047,1.244471593,1.24629277,1.244565623,1.245838024,1.246214345
4595,INPUT_SKIN12_90_5.txt,OUTPUT_SKIN4_90_5.txt,21,0.863790633,0.743696944,0.74338445,0.743428952,0.743427035,0.743363125
4596,INPUT_SKIN12_90_5.txt,OUTPUT_SKIN5_90_5.txt,21,0.635096843,0.870689506,0.870488021,0.870725887,0.870576111,0.870383204
4597,INPUT_SKIN12_90_5.txt,OUTPUT_SKIN6_90_5.txt,21,0.260830858,0.5738504,0.573850763,0.573820512,0.573891836,0.573870672
4598,INPUT_SKIN12_90_5.txt,OUTPUT_SKIN7_90_5.txt,21,0.636028832,0.592764597,0.592384175,0.593047329,0.592695413,0.592655223
4599,INPUT_SKIN12_90_5.txt,OUTPUT_SKIN8_90_5.txt,21,0.417770791,0.535451158,0.535378217,0.535337682,0.535365703,0.535384289
4600,INPUT_SKIN12_90_5.txt,OUTPUT_SKIN9_90_5.txt,21,0.312488123,0.2586237,0.258495678,0.258702735,0.258658567,0.258687495
4601,INPUT_SKIN2_90_5.txt,OUTPUT_BM1_90_5.txt,21,2.112269468,2.063664164,2.063663879,2.063656036,2.063656036,2.063663879
4602,INPUT_SKIN2_90_5.txt,OUTPUT_BM2_90_5.txt,21,3.093421615,3.477978095,3.475640795,3.478087582,3.478142163,3.478124133
4603,INPUT_SKIN2_90_5.txt,OUTPUT_GUT_90_5.txt,21,0.196311578,0.096219457,0.096219457,0.096219091,0.096219091,0.096219457
4604,INPUT_SKIN2_90_5.txt,OUTPUT_L_90_5.txt,21,0.617474211,0.400886736,0.401022517,0.400759663,0.400933388,0.401152476
4605,INPUT_SKIN2_90_5.txt,OUTPUT_LN1_90_5.txt,21,0.143946356,0.089103661,0.089103661,0.089103323,0.089103323,0.089103661
4606,INPUT_SKIN2_90_5.txt,OUTPUT_LN2_90_5.txt,21,0.30335479,0.182164684,0.182164684,0.182163991,0.182163991,0.182164684
4607,INPUT_SKIN2_90_5.txt,OUTPUT_LUNG_90_5.txt,21,0.669350195,0.486101871,0.485943098,0.486144056,0.486174858,0.486359806
4608,INPUT_SKIN2_90_5.txt,OUTPUT_S_90_5.txt,21,NA,NA,NA,NA,NA,NA
4609,INPUT_SKIN2_90_5.txt,OUTPUT_SKIN1_90_5.txt,21,0.442162573,0.377157471,0.377149353,0.377184257,0.377115497,0.377158427
4610,INPUT_SKIN2_90_5.txt,OUTPUT_SKIN10_90_5.txt,21,4.290360618,3.653763026,3.653754139,3.654006735,3.654238967,3.653119005
4611,INPUT_SKIN2_90_5.txt,OUTPUT_SKIN11_90_5.txt,21,0.695660108,1.585726912,1.585836222,1.586250542,1.585738732,1.585836856
4612,INPUT_SKIN2_90_5.txt,OUTPUT_SKIN12_90_5.txt,21,1.264263277,0.932163634,0.932257147,0.932189484,0.932145438,0.932211025
4613,INPUT_SKIN2_90_5.txt,OUTPUT_SKIN2_90_5.txt,21,-525331.5,-263326.5,-263326.5,-263327.5,-263327.5,-263326.5
4614,INPUT_SKIN2_90_5.txt,OUTPUT_SKIN3_90_5.txt,21,2.39487592,3.41477183,3.419867031,3.415024463,3.418392719,3.419572502
4615,INPUT_SKIN2_90_5.txt,OUTPUT_SKIN4_90_5.txt,21,1.384165671,2.911409268,2.910362879,2.910428234,2.910355558,2.910105738
4616,INPUT_SKIN2_90_5.txt,OUTPUT_SKIN5_90_5.txt,21,1.022212931,1.508139161,1.507853942,1.508145524,1.50792877,1.507713078
4617,INPUT_SKIN2_90_5.txt,OUTPUT_SKIN6_90_5.txt,21,0.542255895,1.378269424,1.378339554,1.378210569,1.378352888,1.378354212
4618,INPUT_SKIN2_90_5.txt,OUTPUT_SKIN7_90_5.txt,21,1.063361154,1.056471383,1.055850293,1.056952223,1.056304001,1.056271206
4619,INPUT_SKIN2_90_5.txt,OUTPUT_SKIN8_90_5.txt,21,1.242763471,1.683888626,1.683790158,1.683746952,1.683798067,1.683817729
4620,INPUT_SKIN2_90_5.txt,OUTPUT_SKIN9_90_5.txt,21,0.422934422,1.129239544,1.128734858,1.129595286,1.12937683,1.129543542
4621,INPUT_SKIN3_90_5.txt,OUTPUT_BM1_90_5.txt,21,329.0278898,286.4115631,285.9406746,286.3753884,286.0657715,285.9863303
4622,INPUT_SKIN3_90_5.txt,OUTPUT_BM2_90_5.txt,21,40.15183769,183.8074035,183.2879614,183.7918587,183.5947377,183.5338591
4623,INPUT_SKIN3_90_5.txt,OUTPUT_GUT_90_5.txt,21,2.002243305,1.85895474,1.857519415,1.858836894,1.857927061,1.85760177
4624,INPUT_SKIN3_90_5.txt,OUTPUT_L_90_5.txt,21,6.627176681,6.176796183,6.171902741,6.176773426,6.173434454,6.171761959
4625,INPUT_SKIN3_90_5.txt,OUTPUT_LN1_90_5.txt,21,8.565596981,8.146226703,8.139513076,8.145807393,8.141482168,8.140019354
4626,INPUT_SKIN3_90_5.txt,OUTPUT_LN2_90_5.txt,21,2.523673842,13.65385361,13.64324266,13.65312636,13.64631899,13.64396653
4627,INPUT_SKIN3_90_5.txt,OUTPUT_LUNG_90_5.txt,21,6.458014787,6.015732545,6.011949887,6.016045354,6.013291333,6.011989322
4628,INPUT_SKIN3_90_5.txt,OUTPUT_S_90_5.txt,21,NA,NA,NA,NA,NA,NA
4629,INPUT_SKIN3_90_5.txt,OUTPUT_SKIN1_90_5.txt,21,58.48849131,54.76208427,54.68926339,54.76149712,54.70678818,54.69795896
4630,INPUT_SKIN3_90_5.txt,OUTPUT_SKIN10_90_5.txt,21,171.9052351,160.3201523,160.0121329,160.3015233,160.1154418,160.0127187
4631,INPUT_SKIN3_90_5.txt,OUTPUT_SKIN11_90_5.txt,21,10.94216617,88.30388439,88.21151155,88.33079388,88.23958303,88.21776144
4632,INPUT_SKIN3_90_5.txt,OUTPUT_SKIN12_90_5.txt,21,1.749274319,56.23597317,56.17897946,56.23350232,56.18898117,56.1797814
4633,INPUT_SKIN3_90_5.txt,OUTPUT_SKIN2_90_5.txt,21,1.075382597,75.93825715,75.85257482,75.92926254,75.87120051,75.85742743
4634,INPUT_SKIN3_90_5.txt,OUTPUT_SKIN3_90_5.txt,21,-805479.5,-407395,-407706.5,-407420.5,-407618,-407688.5
4635,INPUT_SKIN3_90_5.txt,OUTPUT_SKIN4_90_5.txt,21,70.51597335,65.97590142,65.88713154,65.95614074,65.9086982,65.89316365
4636,INPUT_SKIN3_90_5.txt,OUTPUT_SKIN5_90_5.txt,21,131.5616033,120.4284022,120.2997563,120.4210679,120.3396013,120.3123524
4637,INPUT_SKIN3_90_5.txt,OUTPUT_SKIN6_90_5.txt,21,1.208264389,67.98227439,67.89230634,67.97525134,67.91941331,67.90374586
4638,INPUT_SKIN3_90_5.txt,OUTPUT_SKIN7_90_5.txt,21,3.047333479,72.15046217,72.00422924,72.17440431,72.05805649,72.04330894
4639,INPUT_SKIN3_90_5.txt,OUTPUT_SKIN8_90_5.txt,21,2.005689122,3.679248361,3.676264257,3.678727532,3.677082487,3.676482427
4640,INPUT_SKIN3_90_5.txt,OUTPUT_SKIN9_90_5.txt,21,1.090522132,74.85790736,74.818948,74.87532759,74.86071927,74.86395898
4641,INPUT_SKIN4_90_5.txt,OUTPUT_BM1_90_5.txt,21,0.827296291,0.98566226,0.985847939,0.985834788,0.985849249,0.985852027
4642,INPUT_SKIN4_90_5.txt,OUTPUT_BM2_90_5.txt,21,1.388363365,1.233451365,1.232774399,1.233652569,1.23368995,1.233681639
4643,INPUT_SKIN4_90_5.txt,OUTPUT_GUT_90_5.txt,21,0.021329831,0.018704555,0.018708054,0.018707808,0.018708054,0.018708115
4644,INPUT_SKIN4_90_5.txt,OUTPUT_L_90_5.txt,21,0.796593014,0.816682776,0.817081781,0.816598909,0.816923509,0.81731909
4645,INPUT_SKIN4_90_5.txt,OUTPUT_LN1_90_5.txt,21,0.038693986,0.015829635,0.015832595,0.015832387,0.015832595,0.015832647
4646,INPUT_SKIN4_90_5.txt,OUTPUT_LN2_90_5.txt,21,0.067127834,0.129010063,0.129034298,0.129032439,0.129034169,0.12903456
4647,INPUT_SKIN4_90_5.txt,OUTPUT_LUNG_90_5.txt,21,5.800508511,5.222129484,5.223702821,5.223681565,5.223629055,5.223170749
4648,INPUT_SKIN4_90_5.txt,OUTPUT_S_90_5.txt,21,NA,NA,NA,NA,NA,NA
4649,INPUT_SKIN4_90_5.txt,OUTPUT_SKIN1_90_5.txt,21,0.185094663,0.223838446,0.223875624,0.223894372,0.223856391,0.223881784
4650,INPUT_SKIN4_90_5.txt,OUTPUT_SKIN10_90_5.txt,21,3.180550294,2.615014047,2.615519557,2.615670577,2.615878328,2.61510573
4651,INPUT_SKIN4_90_5.txt,OUTPUT_SKIN11_90_5.txt,21,0.394473688,0.287637436,0.287711424,0.287784795,0.287694623,0.287712168
4652,INPUT_SKIN4_90_5.txt,OUTPUT_SKIN12_90_5.txt,21,0.391385132,0.485109575,0.48525274,0.485210973,0.48519321,0.485228921
4653,INPUT_SKIN4_90_5.txt,OUTPUT_SKIN2_90_5.txt,21,0.279964633,0.160701531,0.160731645,0.160730786,0.160732902,0.160732172
4654,INPUT_SKIN4_90_5.txt,OUTPUT_SKIN3_90_5.txt,21,1.827904875,1.783490898,1.786499028,1.784029059,1.785795677,1.786347492
4655,INPUT_SKIN4_90_5.txt,OUTPUT_SKIN4_90_5.txt,21,-609307,-304897,-304840,-304844,-304840,-304839
4656,INPUT_SKIN4_90_5.txt,OUTPUT_SKIN5_90_5.txt,21,1.301364459,1.613718331,1.613780888,1.61385269,1.613700515,1.613695043
4657,INPUT_SKIN4_90_5.txt,OUTPUT_SKIN6_90_5.txt,21,0.399189943,0.340687177,0.340768674,0.340748854,0.34077335,0.340773353
4658,INPUT_SKIN4_90_5.txt,OUTPUT_SKIN7_90_5.txt,21,0.344804739,0.294819991,0.294661798,0.29494431,0.294761313,0.294820702
4659,INPUT_SKIN4_90_5.txt,OUTPUT_SKIN8_90_5.txt,21,0.593787301,0.531253781,0.531321559,0.531303129,0.531326262,0.531332466
4660,INPUT_SKIN4_90_5.txt,OUTPUT_SKIN9_90_5.txt,21,0.191167638,0.329756658,0.329668978,0.329921897,0.329861441,0.329910783
4661,INPUT_SKIN5_90_5.txt,OUTPUT_BM1_90_5.txt,21,1.280436336,1.264233916,1.26435624,1.26431977,1.264322488,1.264326623
4662,INPUT_SKIN5_90_5.txt,OUTPUT_BM2_90_5.txt,21,2.515888627,2.358643588,2.357150367,2.358777692,2.358821991,2.358807877
4663,INPUT_SKIN5_90_5.txt,OUTPUT_GUT_90_5.txt,21,0.063521426,0.102100631,0.102110402,0.102107487,0.102107883,0.102108226
4664,INPUT_SKIN5_90_5.txt,OUTPUT_L_90_5.txt,21,0.334494455,0.318597305,0.31873722,0.318519203,0.318658198,0.31883319
4665,INPUT_SKIN5_90_5.txt,OUTPUT_LN1_90_5.txt,21,0.108288756,0.078102012,0.078109477,0.07810725,0.078107377,0.078107639
4666,INPUT_SKIN5_90_5.txt,OUTPUT_LN2_90_5.txt,21,0.355541432,0.248098998,0.24812286,0.248115771,0.248116111,0.248116942
4667,INPUT_SKIN5_90_5.txt,OUTPUT_LUNG_90_5.txt,21,7.556129295,6.769091096,6.770947674,6.770745508,6.770391209,6.769745724
4668,INPUT_SKIN5_90_5.txt,OUTPUT_S_90_5.txt,21,NA,NA,NA,NA,NA,NA
4669,INPUT_SKIN5_90_5.txt,OUTPUT_SKIN1_90_5.txt,21,0.125905608,0.113605042,0.113613563,0.113621287,0.113600716,0.113613622
4670,INPUT_SKIN5_90_5.txt,OUTPUT_SKIN10_90_5.txt,21,1.732063748,0.811841969,0.811919193,0.811955164,0.812007912,0.8117733
4671,INPUT_SKIN5_90_5.txt,OUTPUT_SKIN11_90_5.txt,21,0.596161619,0.619784976,0.619891941,0.620045204,0.619844091,0.619877428
4672,INPUT_SKIN5_90_5.txt,OUTPUT_SKIN12_90_5.txt,21,0.62493924,0.389089666,0.389166304,0.389128442,0.389110747,0.389137934
4673,INPUT_SKIN5_90_5.txt,OUTPUT_SKIN2_90_5.txt,21,0.669674298,0.605984075,0.606045148,0.60603236,0.606033328,0.606030762
4674,INPUT_SKIN5_90_5.txt,OUTPUT_SKIN3_90_5.txt,21,1.90896612,1.943051877,1.946216627,1.943430994,1.945348401,1.945998286
4675,INPUT_SKIN5_90_5.txt,OUTPUT_SKIN4_90_5.txt,21,2.185077862,2.256892317,2.256264164,2.256260594,2.256203098,2.256196821
4676,INPUT_SKIN5_90_5.txt,OUTPUT_SKIN5_90_5.txt,21,-595988,-298261,-298232.5,-298241,-298240.5,-298239.5
4677,INPUT_SKIN5_90_5.txt,OUTPUT_SKIN6_90_5.txt,21,0.595535001,1.704478072,1.70473098,1.704604518,1.704712928,1.704714996
4678,INPUT_SKIN5_90_5.txt,OUTPUT_SKIN7_90_5.txt,21,0.745315531,0.559001475,0.558723205,0.559232393,0.558890899,0.558880996
4679,INPUT_SKIN5_90_5.txt,OUTPUT_SKIN8_90_5.txt,21,0.518156923,0.808529936,0.808569185,0.808520277,0.808538075,0.808547244
4680,INPUT_SKIN5_90_5.txt,OUTPUT_SKIN9_90_5.txt,21,0.382207597,0.367113241,0.366989686,0.367259358,0.367189376,0.367238883
4681,INPUT_SKIN6_90_5.txt,OUTPUT_BM1_90_5.txt,21,1.824789166,2.196685927,2.196630828,2.196677769,2.196616177,2.196620621
4682,INPUT_SKIN6_90_5.txt,OUTPUT_BM2_90_5.txt,21,3.598732576,3.745548186,3.742917463,3.745490817,3.745443351,3.745418368
4683,INPUT_SKIN6_90_5.txt,OUTPUT_GUT_90_5.txt,21,0.008152955,0.006405645,0.006405484,0.006405624,0.006405441,0.006405452
4684,INPUT_SKIN6_90_5.txt,OUTPUT_L_90_5.txt,21,0.347662264,0.274941537,0.275030038,0.27485239,0.274966629,0.275119978
4685,INPUT_SKIN6_90_5.txt,OUTPUT_LN1_90_5.txt,21,0.111549619,0.087423169,0.087420968,0.087422875,0.087420382,0.087420532
4686,INPUT_SKIN6_90_5.txt,OUTPUT_LN2_90_5.txt,21,0.089282799,0.24252221,0.242516088,0.242521391,0.242514463,0.242514881
4687,INPUT_SKIN6_90_5.txt,OUTPUT_LUNG_90_5.txt,21,0.187755735,7.875166886,7.875756822,7.87607786,7.875653843,7.874996079
4688,INPUT_SKIN6_90_5.txt,OUTPUT_S_90_5.txt,21,NA,NA,NA,NA,NA,NA
4689,INPUT_SKIN6_90_5.txt,OUTPUT_SKIN1_90_5.txt,21,0.499142447,0.51140299,0.511379485,0.511439812,0.511332302,0.511389306
4690,INPUT_SKIN6_90_5.txt,OUTPUT_SKIN10_90_5.txt,21,2.20165856,1.348604088,1.348568526,1.348695644,1.348743127,1.348352052
4691,INPUT_SKIN6_90_5.txt,OUTPUT_SKIN11_90_5.txt,21,0.973500845,0.856231176,0.856268351,0.856513549,0.856213766,0.856264278
4692,INPUT_SKIN6_90_5.txt,OUTPUT_SKIN12_90_5.txt,21,0.93088003,0.60134127,0.601386441,0.601358373,0.601313068,0.601353787
4693,INPUT_SKIN6_90_5.txt,OUTPUT_SKIN2_90_5.txt,21,1.85262588,1.736627484,1.736584177,1.736633783,1.736585033,1.736575611
4694,INPUT_SKIN6_90_5.txt,OUTPUT_SKIN3_90_5.txt,21,2.733774985,3.833725172,3.838788958,3.834113213,3.8372429,3.838532066
4695,INPUT_SKIN6_90_5.txt,OUTPUT_SKIN4_90_5.txt,21,2.190403447,2.289781164,2.288877249,2.288985113,2.288830664,2.288820063
4696,INPUT_SKIN6_90_5.txt,OUTPUT_SKIN5_90_5.txt,21,1.312499482,1.778564192,1.778181598,1.778320173,1.778264652,1.778256467
4697,INPUT_SKIN6_90_5.txt,OUTPUT_SKIN6_90_5.txt,21,-595038.5,-298424.5,-298432,-298425.5,-298434,-298433.5
4698,INPUT_SKIN6_90_5.txt,OUTPUT_SKIN7_90_5.txt,21,0.862725283,1.367699274,1.366859787,1.368177396,1.367297369,1.367252403
4699,INPUT_SKIN6_90_5.txt,OUTPUT_SKIN8_90_5.txt,21,0.685573245,1.4969604,1.496834352,1.49683616,1.49683824,1.496852753
4700,INPUT_SKIN6_90_5.txt,OUTPUT_SKIN9_90_5.txt,21,0.555729927,0.757215738,0.756860544,0.757453318,0.757286832,0.757395971
4701,INPUT_SKIN7_90_5.txt,OUTPUT_BM1_90_5.txt,21,1.712337745,2.592832786,2.593279375,2.592116534,2.59316979,2.592925613
4702,INPUT_SKIN7_90_5.txt,OUTPUT_BM2_90_5.txt,21,4.363012485,4.025652263,4.024034119,4.024958955,4.026216252,4.026245467
4703,INPUT_SKIN7_90_5.txt,OUTPUT_GUT_90_5.txt,21,0.00848232,0.008621962,0.008624464,0.008620466,0.008623076,0.008623222
4704,INPUT_SKIN7_90_5.txt,OUTPUT_L_90_5.txt,21,2.359159923,2.062893171,2.063640337,2.062392122,2.063211295,2.063479787
4705,INPUT_SKIN7_90_5.txt,OUTPUT_LN1_90_5.txt,21,0.121700527,0.101153397,0.101182779,0.101135968,0.101166591,0.101168269
4706,INPUT_SKIN7_90_5.txt,OUTPUT_LN2_90_5.txt,21,0.143121549,0.728037204,0.728249226,0.727913274,0.728134523,0.72814683
4707,INPUT_SKIN7_90_5.txt,OUTPUT_LUNG_90_5.txt,21,3.552665485,3.214398817,3.215676342,3.214170647,3.215081941,3.214820215
4708,INPUT_SKIN7_90_5.txt,OUTPUT_S_90_5.txt,21,NA,NA,NA,NA,NA,NA
4709,INPUT_SKIN7_90_5.txt,OUTPUT_SKIN1_90_5.txt,21,0.254579573,0.131483807,0.131519281,0.131471096,0.131486901,0.131503653
4710,INPUT_SKIN7_90_5.txt,OUTPUT_SKIN10_90_5.txt,21,2.286196747,2.297044945,2.297674679,2.296815021,2.297626482,2.296991863
4711,INPUT_SKIN7_90_5.txt,OUTPUT_SKIN11_90_5.txt,21,1.333507519,1.271202163,1.271664578,1.271425675,1.271403372,1.271487344
4712,INPUT_SKIN7_90_5.txt,OUTPUT_SKIN12_90_5.txt,21,1.268220506,1.562720313,1.563328456,1.562500532,1.562897985,1.563027917
4713,INPUT_SKIN7_90_5.txt,OUTPUT_SKIN2_90_5.txt,21,2.795882751,2.411971227,2.4126738,2.411590434,2.412304415,2.412322808
4714,INPUT_SKIN7_90_5.txt,OUTPUT_SKIN3_90_5.txt,21,3.233151892,2.851639761,2.856499298,2.851421219,2.854823191,2.855894864
4715,INPUT_SKIN7_90_5.txt,OUTPUT_SKIN4_90_5.txt,21,1.787262657,1.764689004,1.764532342,1.763798985,1.76426937,1.764284597
4716,INPUT_SKIN7_90_5.txt,OUTPUT_SKIN5_90_5.txt,21,2.588768186,2.345971828,2.346298566,2.345402253,2.345957559,2.345978701
4717,INPUT_SKIN7_90_5.txt,OUTPUT_SKIN6_90_5.txt,21,1.27360816,1.280956459,1.281383584,1.280747775,1.281198691,1.281215251
4718,INPUT_SKIN7_90_5.txt,OUTPUT_SKIN7_90_5.txt,21,-471789.5,-236220,-236151.5,-236261,-236189.5,-236185.5
4719,INPUT_SKIN7_90_5.txt,OUTPUT_SKIN8_90_5.txt,21,0.984978325,1.297799409,1.298112691,1.297472098,1.297897048,1.297928578
4720,INPUT_SKIN7_90_5.txt,OUTPUT_SKIN9_90_5.txt,21,0.516670948,0.66220898,0.662114303,0.662310148,0.662382115,0.662480208
4721,INPUT_SKIN8_90_5.txt,OUTPUT_BM1_90_5.txt,21,1.805926767,2.856725915,2.856807608,2.856835311,2.856798305,2.856784774
4722,INPUT_SKIN8_90_5.txt,OUTPUT_BM2_90_5.txt,21,3.357899983,4.021413877,4.018568972,4.021524561,4.021537434,4.021481242
4723,INPUT_SKIN8_90_5.txt,OUTPUT_GUT_90_5.txt,21,0.006819158,0.006758385,0.00675858,0.00675865,0.006758552,0.006758524
4724,INPUT_SKIN8_90_5.txt,OUTPUT_L_90_5.txt,21,0.284724363,0.313331849,0.313448201,0.313245022,0.313377727,0.31354828
4725,INPUT_SKIN8_90_5.txt,OUTPUT_LN1_90_5.txt,21,0.120969584,0.067657506,0.067659463,0.067660167,0.067659189,0.067658907
4726,INPUT_SKIN8_90_5.txt,OUTPUT_LN2_90_5.txt,21,0.329756926,0.18266131,0.182666595,0.182668507,0.182665862,0.182665101
4727,INPUT_SKIN8_90_5.txt,OUTPUT_LUNG_90_5.txt,21,2.537058966,2.603355665,2.603010754,2.603784832,2.603837863,2.604413731
4728,INPUT_SKIN8_90_5.txt,OUTPUT_S_90_5.txt,21,NA,NA,NA,NA,NA,NA
4729,INPUT_SKIN8_90_5.txt,OUTPUT_SKIN1_90_5.txt,21,0.426644459,0.51295666,0.512960623,0.513015509,0.512914603,0.512969099
4730,INPUT_SKIN8_90_5.txt,OUTPUT_SKIN10_90_5.txt,21,2.038643526,1.909252601,1.909301499,1.909460092,1.909559645,1.908989146
4731,INPUT_SKIN8_90_5.txt,OUTPUT_SKIN11_90_5.txt,21,0.644913955,1.18758305,1.187698721,1.188028914,1.187627055,1.187689699
4732,INPUT_SKIN8_90_5.txt,OUTPUT_SKIN12_90_5.txt,21,1.15464136,1.210517894,1.210675746,1.210604602,1.210530671,1.210606275
4733,INPUT_SKIN8_90_5.txt,OUTPUT_SKIN2_90_5.txt,21,0.725866513,1.47026633,1.470309014,1.470334603,1.470314634,1.470296725
4734,INPUT_SKIN8_90_5.txt,OUTPUT_SKIN3_90_5.txt,21,5.722566785,5.561640647,5.570443384,5.56222663,5.567650971,5.569892393
4735,INPUT_SKIN8_90_5.txt,OUTPUT_SKIN4_90_5.txt,21,1.302015735,1.806670235,1.806051859,1.806118262,1.806047141,1.806025808
4736,INPUT_SKIN8_90_5.txt,OUTPUT_SKIN5_90_5.txt,21,1.710620818,1.628893593,1.628631507,1.628739823,1.628713444,1.628694008
4737,INPUT_SKIN8_90_5.txt,OUTPUT_SKIN6_90_5.txt,21,1.108163896,1.242406245,1.242504861,1.242463434,1.242517337,1.242507651
4738,INPUT_SKIN8_90_5.txt,OUTPUT_SKIN7_90_5.txt,21,0.789801798,1.411736157,1.410954428,1.412291822,1.41141574,1.411360328
4739,INPUT_SKIN8_90_5.txt,OUTPUT_SKIN8_90_5.txt,21,-482660,-241887,-241880,-241877.5,-241881,-241882
4740,INPUT_SKIN8_90_5.txt,OUTPUT_SKIN9_90_5.txt,21,0.367003796,0.494602814,0.494403706,0.494777943,0.494676999,0.494744961
4741,INPUT_SKIN9_90_5.txt,OUTPUT_BM1_90_5.txt,21,2.519411693,2.464066209,2.464612811,2.463680504,2.463916848,2.463743131
4742,INPUT_SKIN9_90_5.txt,OUTPUT_BM2_90_5.txt,21,2.775949437,2.786349954,2.784932998,2.785879318,2.786193588,2.785970839
4743,INPUT_SKIN9_90_5.txt,OUTPUT_GUT_90_5.txt,21,0.009136678,0.005907628,0.00590892,0.005906699,0.00590726,0.005906842
4744,INPUT_SKIN9_90_5.txt,OUTPUT_L_90_5.txt,21,9.778488813,8.934878383,8.93633613,8.93392553,8.934050249,8.93235419
4745,INPUT_SKIN9_90_5.txt,OUTPUT_LN1_90_5.txt,21,0.049472378,0.044570041,0.044579789,0.044563023,0.044567264,0.044564109
4746,INPUT_SKIN9_90_5.txt,OUTPUT_LN2_90_5.txt,21,0.109560664,0.101619121,0.101641364,0.101603109,0.101612789,0.101605588
4747,INPUT_SKIN9_90_5.txt,OUTPUT_LUNG_90_5.txt,21,0.445200732,0.596717828,0.596675872,0.59669904,0.59679375,0.596975866
4748,INPUT_SKIN9_90_5.txt,OUTPUT_S_90_5.txt,21,NA,NA,NA,NA,NA,NA
4749,INPUT_SKIN9_90_5.txt,OUTPUT_SKIN1_90_5.txt,21,0.159920872,0.140630224,0.140658219,0.140618813,0.140606463,0.140612061
4750,INPUT_SKIN9_90_5.txt,OUTPUT_SKIN10_90_5.txt,21,1.084092373,0.912740006,0.912936853,0.912662409,0.912807549,0.912474636
4751,INPUT_SKIN9_90_5.txt,OUTPUT_SKIN11_90_5.txt,21,0.58615797,0.62399633,0.624175415,0.624103291,0.623964508,0.623955617
4752,INPUT_SKIN9_90_5.txt,OUTPUT_SKIN12_90_5.txt,21,1.13440836,1.053530568,1.053869454,1.053398303,1.053449108,1.053444742
4753,INPUT_SKIN9_90_5.txt,OUTPUT_SKIN2_90_5.txt,21,0.514371654,0.465498272,0.465600109,0.465428551,0.465472837,0.465436329
4754,INPUT_SKIN9_90_5.txt,OUTPUT_SKIN3_90_5.txt,21,2.517146773,2.693136294,2.697852234,2.692888969,2.69582391,2.696645576
4755,INPUT_SKIN9_90_5.txt,OUTPUT_SKIN4_90_5.txt,21,1.070010875,1.061104064,1.060946005,1.060575683,1.060650881,1.060567187
4756,INPUT_SKIN9_90_5.txt,OUTPUT_SKIN5_90_5.txt,21,1.588399812,1.396859077,1.39687068,1.396426585,1.396586413,1.39647595
4757,INPUT_SKIN9_90_5.txt,OUTPUT_SKIN6_90_5.txt,21,0.430462243,0.595637864,0.595760723,0.595505321,0.595602719,0.595606953
4758,INPUT_SKIN9_90_5.txt,OUTPUT_SKIN7_90_5.txt,21,0.591054005,0.73250381,0.732201334,0.732611297,0.732232296,0.73222185
4759,INPUT_SKIN9_90_5.txt,OUTPUT_SKIN8_90_5.txt,21,0.586813678,0.947727527,0.947884273,0.947503004,0.947621226,0.947562369
4760,INPUT_SKIN9_90_5.txt,OUTPUT_SKIN9_90_5.txt,21,-944869,-473422,-473318.5,-473496.5,-473451.5,-473485
4761,INPUT_BM1_90_5.txt,OUTPUT_BM1_90_5.txt,22,-519450,-260213,-260182.5,-260137,-260207,-260244.5
4762,INPUT_BM1_90_5.txt,OUTPUT_BM2_90_5.txt,22,4.827168014,4.429846922,4.431905937,4.43319171,4.427686671,4.426923395
4763,INPUT_BM1_90_5.txt,OUTPUT_GUT_90_5.txt,22,NA,NA,NA,NA,NA,NA
4764,INPUT_BM1_90_5.txt,OUTPUT_L_90_5.txt,22,0.825399424,0.794004949,0.794553355,0.794596657,0.794170194,0.79435681
4765,INPUT_BM1_90_5.txt,OUTPUT_LN1_90_5.txt,22,0.201439276,0.179940879,0.179958618,0.179997005,0.179951268,0.179927955
4766,INPUT_BM1_90_5.txt,OUTPUT_LN2_90_5.txt,22,0.115826792,0.139200111,0.139215962,0.139236662,0.139203335,0.139183201
4767,INPUT_BM1_90_5.txt,OUTPUT_LUNG_90_5.txt,22,0.107448577,0.09445674,0.094467856,0.094484452,0.094458926,0.094445271
4768,INPUT_BM1_90_5.txt,OUTPUT_S_90_5.txt,22,12.14690581,9.969269589,9.964941793,9.966590289,9.960443012,9.961458542
4769,INPUT_BM1_90_5.txt,OUTPUT_SKIN1_90_5.txt,22,0.114288202,0.153550897,0.153567547,0.153592538,0.153550091,0.153533345
4770,INPUT_BM1_90_5.txt,OUTPUT_SKIN10_90_5.txt,22,0.013896826,0.007091117,0.007091948,0.007093189,0.00709128,0.007090258
4771,INPUT_BM1_90_5.txt,OUTPUT_SKIN11_90_5.txt,22,4.933849142,4.170458525,4.170935838,4.171922226,4.17094082,4.170185372
4772,INPUT_BM1_90_5.txt,OUTPUT_SKIN12_90_5.txt,22,0.052081178,0.024026815,0.024026414,0.024032907,0.024025246,0.024021101
4773,INPUT_BM1_90_5.txt,OUTPUT_SKIN2_90_5.txt,22,0.113611841,0.11641305,0.116425923,0.116427485,0.116443783,0.116408297
4774,INPUT_BM1_90_5.txt,OUTPUT_SKIN3_90_5.txt,22,0.367388221,0.324652125,0.324678557,0.324735104,0.324663075,0.324615318
4775,INPUT_BM1_90_5.txt,OUTPUT_SKIN4_90_5.txt,22,0.153060181,0.153634102,0.153647397,0.153678903,0.153637348,0.153613729
4776,INPUT_BM1_90_5.txt,OUTPUT_SKIN5_90_5.txt,22,0.139604229,0.149308253,0.149331173,0.149344423,0.149316471,0.14928262
4777,INPUT_BM1_90_5.txt,OUTPUT_SKIN6_90_5.txt,22,NA,NA,NA,NA,NA,NA
4778,INPUT_BM1_90_5.txt,OUTPUT_SKIN7_90_5.txt,22,0.021202081,0.017359385,0.017361421,0.017364459,0.017359785,0.017357283
4779,INPUT_BM1_90_5.txt,OUTPUT_SKIN8_90_5.txt,22,0.134787358,0.103508432,0.103527205,0.103548169,0.103489306,0.103499046
4780,INPUT_BM1_90_5.txt,OUTPUT_SKIN9_90_5.txt,22,0.895574062,0.678319818,0.678487062,0.678761739,0.679020291,0.67852765
4781,INPUT_BM2_90_5.txt,OUTPUT_BM1_90_5.txt,22,0.287045594,0.21998424,0.219896297,0.219808672,0.22002999,0.220095656
4782,INPUT_BM2_90_5.txt,OUTPUT_BM2_90_5.txt,22,-667582,-334311,-334366.5,-334383,-334226,-334222.5
4783,INPUT_BM2_90_5.txt,OUTPUT_GUT_90_5.txt,22,NA,NA,NA,NA,NA,NA
4784,INPUT_BM2_90_5.txt,OUTPUT_L_90_5.txt,22,0.620491492,0.710543246,0.710828962,0.710743098,0.710856336,0.711171661
4785,INPUT_BM2_90_5.txt,OUTPUT_LN1_90_5.txt,22,0.142624963,0.144459044,0.144416351,0.144431802,0.144504083,0.144514073
4786,INPUT_BM2_90_5.txt,OUTPUT_LN2_90_5.txt,22,0.150331271,0.11902782,0.119007495,0.118998241,0.119058159,0.119059432
4787,INPUT_BM2_90_5.txt,OUTPUT_LUNG_90_5.txt,22,0.067633835,0.06595558,0.065944578,0.065941275,0.065972376,0.065973084
4788,INPUT_BM2_90_5.txt,OUTPUT_S_90_5.txt,22,4.679815043,2.433288929,2.431525593,2.431443651,2.431679713,2.432256041
4789,INPUT_BM2_90_5.txt,OUTPUT_SKIN1_90_5.txt,22,0.129501881,0.121153995,0.121134506,0.121124865,0.121183436,0.121187131
4790,INPUT_BM2_90_5.txt,OUTPUT_SKIN10_90_5.txt,22,0.013171037,0.014423525,0.014421129,0.014420416,0.014427194,0.014427345
4791,INPUT_BM2_90_5.txt,OUTPUT_SKIN11_90_5.txt,22,0.11339166,0.13935083,0.139327552,0.139319422,0.139378649,0.139379005
4792,INPUT_BM2_90_5.txt,OUTPUT_SKIN12_90_5.txt,22,0.049717433,0.050029569,0.050017089,0.050011896,0.050044065,0.050040086
4793,INPUT_BM2_90_5.txt,OUTPUT_SKIN2_90_5.txt,22,0.070438876,0.134139799,0.134118203,0.134086392,0.134299703,0.134279681
4794,INPUT_BM2_90_5.txt,OUTPUT_SKIN3_90_5.txt,22,0.31476102,0.298290579,0.298183784,0.298172292,0.298372864,0.298373742
4795,INPUT_BM2_90_5.txt,OUTPUT_SKIN4_90_5.txt,22,0.148259296,0.153124007,0.153090732,0.153090475,0.153163309,0.15316306
4796,INPUT_BM2_90_5.txt,OUTPUT_SKIN5_90_5.txt,22,0.115880729,0.110821044,0.110805711,0.110788684,0.110850748,0.110834754
4797,INPUT_BM2_90_5.txt,OUTPUT_SKIN6_90_5.txt,22,NA,NA,NA,NA,NA,NA
4798,INPUT_BM2_90_5.txt,OUTPUT_SKIN7_90_5.txt,22,0.007700078,0.012427085,0.012425022,0.012424408,0.012430246,0.012430376
4799,INPUT_BM2_90_5.txt,OUTPUT_SKIN8_90_5.txt,22,0.102743657,0.103935323,0.103924501,0.103921624,0.103931272,0.103965817
4800,INPUT_BM2_90_5.txt,OUTPUT_SKIN9_90_5.txt,22,0.982953354,0.827699509,0.827669521,0.827818626,0.82874248,0.828270479
4801,INPUT_GUT_90_5.txt,OUTPUT_BM1_90_5.txt,22,NA,NA,NA,NA,NA,NA
4802,INPUT_GUT_90_5.txt,OUTPUT_BM2_90_5.txt,22,NA,NA,NA,NA,NA,NA
4803,INPUT_GUT_90_5.txt,OUTPUT_GUT_90_5.txt,22,NA,NA,NA,NA,NA,NA
4804,INPUT_GUT_90_5.txt,OUTPUT_L_90_5.txt,22,NA,NA,NA,NA,NA,NA
4805,INPUT_GUT_90_5.txt,OUTPUT_LN1_90_5.txt,22,NA,NA,NA,NA,NA,NA
4806,INPUT_GUT_90_5.txt,OUTPUT_LN2_90_5.txt,22,NA,NA,NA,NA,NA,NA
4807,INPUT_GUT_90_5.txt,OUTPUT_LUNG_90_5.txt,22,NA,NA,NA,NA,NA,NA
4808,INPUT_GUT_90_5.txt,OUTPUT_S_90_5.txt,22,NA,NA,NA,NA,NA,NA
4809,INPUT_GUT_90_5.txt,OUTPUT_SKIN1_90_5.txt,22,NA,NA,NA,NA,NA,NA
4810,INPUT_GUT_90_5.txt,OUTPUT_SKIN10_90_5.txt,22,NA,NA,NA,NA,NA,NA
4811,INPUT_GUT_90_5.txt,OUTPUT_SKIN11_90_5.txt,22,NA,NA,NA,NA,NA,NA
4812,INPUT_GUT_90_5.txt,OUTPUT_SKIN12_90_5.txt,22,NA,NA,NA,NA,NA,NA
4813,INPUT_GUT_90_5.txt,OUTPUT_SKIN2_90_5.txt,22,NA,NA,NA,NA,NA,NA
4814,INPUT_GUT_90_5.txt,OUTPUT_SKIN3_90_5.txt,22,NA,NA,NA,NA,NA,NA
4815,INPUT_GUT_90_5.txt,OUTPUT_SKIN4_90_5.txt,22,NA,NA,NA,NA,NA,NA
4816,INPUT_GUT_90_5.txt,OUTPUT_SKIN5_90_5.txt,22,NA,NA,NA,NA,NA,NA
4817,INPUT_GUT_90_5.txt,OUTPUT_SKIN6_90_5.txt,22,NA,NA,NA,NA,NA,NA
4818,INPUT_GUT_90_5.txt,OUTPUT_SKIN7_90_5.txt,22,NA,NA,NA,NA,NA,NA
4819,INPUT_GUT_90_5.txt,OUTPUT_SKIN8_90_5.txt,22,NA,NA,NA,NA,NA,NA
4820,INPUT_GUT_90_5.txt,OUTPUT_SKIN9_90_5.txt,22,NA,NA,NA,NA,NA,NA
4821,INPUT_L_90_5.txt,OUTPUT_BM1_90_5.txt,22,0.162107647,0.297281612,0.297129395,0.297035729,0.297241209,0.297263913
4822,INPUT_L_90_5.txt,OUTPUT_BM2_90_5.txt,22,103.7418868,96.9507857,97.01419655,97.04850652,96.97513535,96.97798709
4823,INPUT_L_90_5.txt,OUTPUT_GUT_90_5.txt,22,NA,NA,NA,NA,NA,NA
4824,INPUT_L_90_5.txt,OUTPUT_L_90_5.txt,22,-815543,-407968,-408082.5,-408068.5,-408005,-408092
4825,INPUT_L_90_5.txt,OUTPUT_LN1_90_5.txt,22,43.40854773,40.94853007,40.92870334,40.92852358,40.94234292,40.92409017
4826,INPUT_L_90_5.txt,OUTPUT_LN2_90_5.txt,22,0.20255869,0.292121516,0.292037973,0.292040079,0.292094884,0.292032315
4827,INPUT_L_90_5.txt,OUTPUT_LUNG_90_5.txt,22,0.399802512,0.551475124,0.551317713,0.551337121,0.551424248,0.551304823
4828,INPUT_L_90_5.txt,OUTPUT_S_90_5.txt,22,4.680478297,8.167309548,8.161329227,8.161805466,8.160122876,8.16030668
4829,INPUT_L_90_5.txt,OUTPUT_SKIN1_90_5.txt,22,1.763859252,1.465129733,1.464747304,1.464809587,1.465047484,1.464692097
4830,INPUT_L_90_5.txt,OUTPUT_SKIN10_90_5.txt,22,2.049612162,1.947247939,1.946678023,1.946756322,1.947063738,1.946639385
4831,INPUT_L_90_5.txt,OUTPUT_SKIN11_90_5.txt,22,0.123142942,0.117726052,0.117692896,0.11769608,0.11770896,0.117682828
4832,INPUT_L_90_5.txt,OUTPUT_SKIN12_90_5.txt,22,6.887833282,6.602302439,6.599516249,6.60043496,6.601027458,6.599386319
4833,INPUT_L_90_5.txt,OUTPUT_SKIN2_90_5.txt,22,0.349097439,0.341322729,0.341210582,0.341180881,0.340958734,0.340828511
4834,INPUT_L_90_5.txt,OUTPUT_SKIN3_90_5.txt,22,1.952083267,1.9498624,1.949675368,1.949693215,1.949670971,1.949255985
4835,INPUT_L_90_5.txt,OUTPUT_SKIN4_90_5.txt,22,1.173929058,0.732992242,0.732803368,0.732799724,0.732913395,0.732756519
4836,INPUT_L_90_5.txt,OUTPUT_SKIN5_90_5.txt,22,0.720855349,0.868076663,0.867873856,0.867868065,0.868071392,0.867997936
4837,INPUT_L_90_5.txt,OUTPUT_SKIN6_90_5.txt,22,NA,NA,NA,NA,NA,NA
4838,INPUT_L_90_5.txt,OUTPUT_SKIN7_90_5.txt,22,0.007003734,0.003946593,0.003945485,0.003945621,0.003946235,0.003945393
4839,INPUT_L_90_5.txt,OUTPUT_SKIN8_90_5.txt,22,0.193633691,0.240615794,0.24056329,0.240581009,0.240622957,0.240552584
4840,INPUT_L_90_5.txt,OUTPUT_SKIN9_90_5.txt,22,1.048929797,0.491191109,0.4911184,0.491247124,0.491639945,0.491252555
4841,INPUT_LN1_90_5.txt,OUTPUT_BM1_90_5.txt,22,3.483704878,4.28191174,4.281400377,4.280159508,4.281791268,4.2827278
4842,INPUT_LN1_90_5.txt,OUTPUT_BM2_90_5.txt,22,1.76190784,2.224571435,2.225267531,2.225311366,2.223596882,2.223613848
4843,INPUT_LN1_90_5.txt,OUTPUT_GUT_90_5.txt,22,NA,NA,NA,NA,NA,NA
4844,INPUT_LN1_90_5.txt,OUTPUT_L_90_5.txt,22,1.508072043,2.150464147,2.151648509,2.1514044,2.150825567,2.151703925
4845,INPUT_LN1_90_5.txt,OUTPUT_LN1_90_5.txt,22,-624847.5,-312700.5,-312688,-312704,-312699.5,-312693.5
4846,INPUT_LN1_90_5.txt,OUTPUT_LN2_90_5.txt,22,0.132458437,0.693582065,0.693606009,0.693551965,0.693584394,0.693597762
4847,INPUT_LN1_90_5.txt,OUTPUT_LUNG_90_5.txt,22,0.268816683,0.588853977,0.588877831,0.588847361,0.588855797,0.588866948
4848,INPUT_LN1_90_5.txt,OUTPUT_S_90_5.txt,22,3.077137861,4.72275688,4.721313372,4.721062101,4.720074652,4.720881101
4849,INPUT_LN1_90_5.txt,OUTPUT_SKIN1_90_5.txt,22,0.188825456,0.182796247,0.182809799,0.182801678,0.182804305,0.182804074
4850,INPUT_LN1_90_5.txt,OUTPUT_SKIN10_90_5.txt,22,0.011048057,0.010021062,0.010021463,0.01002095,0.010021094,0.010021286
4851,INPUT_LN1_90_5.txt,OUTPUT_SKIN11_90_5.txt,22,0.043576247,6.956686847,6.956709132,6.956750902,6.957544674,6.957535393
4852,INPUT_LN1_90_5.txt,OUTPUT_SKIN12_90_5.txt,22,0.019129394,0.011841692,0.011840388,0.011841766,0.011839982,0.011840298
4853,INPUT_LN1_90_5.txt,OUTPUT_SKIN2_90_5.txt,22,0.327784498,0.395348177,0.395346003,0.395277241,0.394956129,0.394897279
4854,INPUT_LN1_90_5.txt,OUTPUT_SKIN3_90_5.txt,22,1.211502269,1.090108448,1.090371493,1.090284302,1.0901076,1.090137613
4855,INPUT_LN1_90_5.txt,OUTPUT_SKIN4_90_5.txt,22,0.572101838,0.674495525,0.674542802,0.674480366,0.674487671,0.674503203
4856,INPUT_LN1_90_5.txt,OUTPUT_SKIN5_90_5.txt,22,0.375231969,0.475241871,0.475288108,0.475242982,0.475286442,0.475362595
4857,INPUT_LN1_90_5.txt,OUTPUT_SKIN6_90_5.txt,22,NA,NA,NA,NA,NA,NA
4858,INPUT_LN1_90_5.txt,OUTPUT_SKIN7_90_5.txt,22,0.019660633,0.017432724,0.017433421,0.017432529,0.01743278,0.017433114
4859,INPUT_LN1_90_5.txt,OUTPUT_SKIN8_90_5.txt,22,0.120988826,0.11981113,0.119823493,0.119820833,0.119787316,0.119817634
4860,INPUT_LN1_90_5.txt,OUTPUT_SKIN9_90_5.txt,22,4.913339677,4.992158222,4.992706362,4.993220008,4.995302935,4.993610829
4861,INPUT_LN2_90_5.txt,OUTPUT_BM1_90_5.txt,22,0.156095081,0.070720081,0.070703592,0.070679765,0.07071681,0.070737257
4862,INPUT_LN2_90_5.txt,OUTPUT_BM2_90_5.txt,22,0.54060035,0.562302981,0.562696558,0.563026239,0.562155519,0.562035419
4863,INPUT_LN2_90_5.txt,OUTPUT_GUT_90_5.txt,22,NA,NA,NA,NA,NA,NA
4864,INPUT_LN2_90_5.txt,OUTPUT_L_90_5.txt,22,1.456406696,1.500543247,1.501373581,1.50129427,1.50081057,1.501440006
4865,INPUT_LN2_90_5.txt,OUTPUT_LN1_90_5.txt,22,0.392134169,0.410352199,0.41031928,0.41040688,0.410388356,0.41033343
4866,INPUT_LN2_90_5.txt,OUTPUT_LN2_90_5.txt,22,-507261,-254429,-254428.5,-254425,-254429,-254429
4867,INPUT_LN2_90_5.txt,OUTPUT_LUNG_90_5.txt,22,0.665923145,0.669152111,0.669153427,0.669162638,0.669152111,0.669152111
4868,INPUT_LN2_90_5.txt,OUTPUT_S_90_5.txt,22,0.850791744,1.368109666,1.367353351,1.367406558,1.366916771,1.367196021
4869,INPUT_LN2_90_5.txt,OUTPUT_SKIN1_90_5.txt,22,0.269903725,0.286276428,0.286266757,0.286292589,0.286268124,0.286282284
4870,INPUT_LN2_90_5.txt,OUTPUT_SKIN10_90_5.txt,22,12.56613304,10.42610409,10.4261238,10.42626174,10.42610409,10.42610409
4871,INPUT_LN2_90_5.txt,OUTPUT_SKIN11_90_5.txt,22,0.00910891,0.012088945,0.0120884,0.012089413,0.01209051,0.012090219
4872,INPUT_LN2_90_5.txt,OUTPUT_SKIN12_90_5.txt,22,24.99370052,20.78550841,20.78588847,20.78383305,20.78743381,20.78612646
4873,INPUT_LN2_90_5.txt,OUTPUT_SKIN2_90_5.txt,22,0.194648004,0.283806103,0.283794909,0.28376381,0.283527754,0.283478824
4874,INPUT_LN2_90_5.txt,OUTPUT_SKIN3_90_5.txt,22,0.691859804,0.549166913,0.549277693,0.549269934,0.549164699,0.549169087
4875,INPUT_LN2_90_5.txt,OUTPUT_SKIN4_90_5.txt,22,0.39438216,0.354901915,0.35491682,0.354906909,0.354896515,0.354897843
4876,INPUT_LN2_90_5.txt,OUTPUT_SKIN5_90_5.txt,22,0.390452859,0.319652915,0.319671618,0.319662216,0.319681655,0.319726428
4877,INPUT_LN2_90_5.txt,OUTPUT_SKIN6_90_5.txt,22,NA,NA,NA,NA,NA,NA
4878,INPUT_LN2_90_5.txt,OUTPUT_SKIN7_90_5.txt,22,0.007881592,0.00561308,0.005613091,0.005613168,0.00561308,0.00561308
4879,INPUT_LN2_90_5.txt,OUTPUT_SKIN8_90_5.txt,22,0.0729224,0.055367772,0.055371888,0.05537362,0.055373854,0.055368965
4880,INPUT_LN2_90_5.txt,OUTPUT_SKIN9_90_5.txt,22,0.783525039,0.692155543,0.692243991,0.692408453,0.692835292,0.692443371
4881,INPUT_LUNG_90_5.txt,OUTPUT_BM1_90_5.txt,22,0.083414867,0.072033519,0.072016863,0.071992024,0.072030243,0.072050729
4882,INPUT_LUNG_90_5.txt,OUTPUT_BM2_90_5.txt,22,1.486872238,1.113061297,1.113315104,1.113369284,1.112629811,1.112623161
4883,INPUT_LUNG_90_5.txt,OUTPUT_GUT_90_5.txt,22,NA,NA,NA,NA,NA,NA
4884,INPUT_LUNG_90_5.txt,OUTPUT_L_90_5.txt,22,2.532546046,2.701863875,2.702677535,2.702594232,2.702126847,2.702761191
4885,INPUT_LUNG_90_5.txt,OUTPUT_LN1_90_5.txt,22,0.826455244,0.638352147,0.638364719,0.63835636,0.638341693,0.638310242
4886,INPUT_LUNG_90_5.txt,OUTPUT_LN2_90_5.txt,22,0.206007174,10.23821365,10.23817431,10.23789895,10.23821365,10.23821365
4887,INPUT_LUNG_90_5.txt,OUTPUT_LUNG_90_5.txt,22,-523820,-262283,-262283,-262283,-262283,-262283
4888,INPUT_LUNG_90_5.txt,OUTPUT_S_90_5.txt,22,1.383337369,1.754513889,1.753955879,1.754013885,1.753691214,1.75384774
4889,INPUT_LUNG_90_5.txt,OUTPUT_SKIN1_90_5.txt,22,0.605862279,0.761633209,0.761659414,0.761664846,0.761664724,0.761648755
4890,INPUT_LUNG_90_5.txt,OUTPUT_SKIN10_90_5.txt,22,0.072250334,0.086005481,0.086005481,0.086005481,0.086005481,0.086005481
4891,INPUT_LUNG_90_5.txt,OUTPUT_SKIN11_90_5.txt,22,0.965900704,0.837469804,0.837431029,0.837488398,0.837573934,0.837554877
4892,INPUT_LUNG_90_5.txt,OUTPUT_SKIN12_90_5.txt,22,40.68119268,35.43683634,35.43614088,35.44151584,35.43249019,35.43548468
4893,INPUT_LUNG_90_5.txt,OUTPUT_SKIN2_90_5.txt,22,0.784154121,0.643911918,0.643882241,0.643802859,0.643263363,0.643154454
4894,INPUT_LUNG_90_5.txt,OUTPUT_SKIN3_90_5.txt,22,0.680225723,0.622953581,0.623079282,0.623061723,0.62295102,0.622956049
4895,INPUT_LUNG_90_5.txt,OUTPUT_SKIN4_90_5.txt,22,1.038909281,0.698025769,0.698046912,0.698017869,0.698015266,0.698017936
4896,INPUT_LUNG_90_5.txt,OUTPUT_SKIN5_90_5.txt,22,1.177291121,0.89243527,0.892485772,0.892447922,0.892515828,0.892642603
4897,INPUT_LUNG_90_5.txt,OUTPUT_SKIN6_90_5.txt,22,NA,NA,NA,NA,NA,NA
4898,INPUT_LUNG_90_5.txt,OUTPUT_SKIN7_90_5.txt,22,0.018791995,0.021018501,0.021018501,0.021018501,0.021018501,0.021018501
4899,INPUT_LUNG_90_5.txt,OUTPUT_SKIN8_90_5.txt,22,0.083776302,0.067841558,0.06784615,0.067849012,0.067850459,0.067844707
4900,INPUT_LUNG_90_5.txt,OUTPUT_SKIN9_90_5.txt,22,2.112624167,1.691974243,1.692094803,1.692309112,1.692915062,1.69237273
4901,INPUT_S_90_5.txt,OUTPUT_BM1_90_5.txt,22,45.39504115,43.04567879,43.07861427,43.03218941,43.0657754,43.10276912
4902,INPUT_S_90_5.txt,OUTPUT_BM2_90_5.txt,22,98.79960352,93.82167676,93.92936944,93.96376897,93.84213267,93.80518389
4903,INPUT_S_90_5.txt,OUTPUT_GUT_90_5.txt,22,NA,NA,NA,NA,NA,NA
4904,INPUT_S_90_5.txt,OUTPUT_L_90_5.txt,22,0.468863289,0.346500567,0.34679478,0.346771196,0.346725091,0.346831814
4905,INPUT_S_90_5.txt,OUTPUT_LN1_90_5.txt,22,0.179892456,0.165870215,0.165885172,0.165914672,0.16596131,0.165979872
4906,INPUT_S_90_5.txt,OUTPUT_LN2_90_5.txt,22,0.050005489,0.056477315,0.056492833,0.05649137,0.056503384,0.056496427
4907,INPUT_S_90_5.txt,OUTPUT_LUNG_90_5.txt,22,0.056889165,0.055100074,0.055115441,0.055115539,0.055125521,0.055118731
4908,INPUT_S_90_5.txt,OUTPUT_S_90_5.txt,22,-1105360.5,-553788.5,-553634.5,-553633.5,-553533.5,-553601.5
4909,INPUT_S_90_5.txt,OUTPUT_SKIN1_90_5.txt,22,0.086037193,0.063615086,0.063630261,0.063635424,0.063642283,0.063637895
4910,INPUT_S_90_5.txt,OUTPUT_SKIN10_90_5.txt,22,0.00560375,0.002121191,0.002121781,0.002121785,0.002122168,0.002121907
4911,INPUT_S_90_5.txt,OUTPUT_SKIN11_90_5.txt,22,4.654105913,4.411282665,4.412808004,4.412733955,4.413883808,4.413089258
4912,INPUT_S_90_5.txt,OUTPUT_SKIN12_90_5.txt,22,0.002706087,0.006162557,0.006163261,0.006164395,0.006164408,0.006163697
4913,INPUT_S_90_5.txt,OUTPUT_SKIN2_90_5.txt,22,0.065372385,0.069704347,0.069720782,0.069712325,0.069672424,0.069650155
4914,INPUT_S_90_5.txt,OUTPUT_SKIN3_90_5.txt,22,0.240938687,0.18671508,0.186716792,0.186721109,0.186806364,0.186780992
4915,INPUT_S_90_5.txt,OUTPUT_SKIN4_90_5.txt,22,0.147440537,0.121820113,0.121857311,0.121853109,0.121874849,0.121860122
4916,INPUT_S_90_5.txt,OUTPUT_SKIN5_90_5.txt,22,0.080730771,0.070487117,0.070508391,0.070500399,0.070519422,0.070495286
4917,INPUT_S_90_5.txt,OUTPUT_SKIN6_90_5.txt,22,NA,NA,NA,NA,NA,NA
4918,INPUT_S_90_5.txt,OUTPUT_SKIN7_90_5.txt,22,0.00624627,0.004219494,0.004220668,0.004220676,0.004221438,0.00422092
4919,INPUT_S_90_5.txt,OUTPUT_SKIN8_90_5.txt,22,0.081173984,0.064824194,0.064846424,0.064849087,0.064861427,0.064848964
4920,INPUT_S_90_5.txt,OUTPUT_SKIN9_90_5.txt,22,0.895670952,0.444237122,0.444418353,0.444521386,0.444891027,0.444577435
4921,INPUT_SKIN1_90_5.txt,OUTPUT_BM1_90_5.txt,22,0.196119218,0.1303999,0.130368106,0.130324515,0.130390938,0.130428391
4922,INPUT_SKIN1_90_5.txt,OUTPUT_BM2_90_5.txt,22,1.234623879,4.279316117,4.278073076,4.277766027,4.279124492,4.279574976
4923,INPUT_SKIN1_90_5.txt,OUTPUT_GUT_90_5.txt,22,NA,NA,NA,NA,NA,NA
4924,INPUT_SKIN1_90_5.txt,OUTPUT_L_90_5.txt,22,3.328732614,2.442784926,2.443314465,2.44330756,2.442845303,2.443399049
4925,INPUT_SKIN1_90_5.txt,OUTPUT_LN1_90_5.txt,22,2.185338865,2.568343337,2.568101344,2.568347708,2.5682656,2.568193589
4926,INPUT_SKIN1_90_5.txt,OUTPUT_LN2_90_5.txt,22,0.481394732,0.720362606,0.720345724,0.720324881,0.720345237,0.720353465
4927,INPUT_SKIN1_90_5.txt,OUTPUT_LUNG_90_5.txt,22,0.470982243,0.703391859,0.703380075,0.703377899,0.703377775,0.70338474
4928,INPUT_SKIN1_90_5.txt,OUTPUT_S_90_5.txt,22,2.879556361,2.236836525,2.23636356,2.236535221,2.236175735,2.236320018
4929,INPUT_SKIN1_90_5.txt,OUTPUT_SKIN1_90_5.txt,22,-597460.5,-299825.5,-299830.5,-299831.5,-299831.5,-299828.5
4930,INPUT_SKIN1_90_5.txt,OUTPUT_SKIN10_90_5.txt,22,12.88094116,10.91706997,10.91663836,10.91683912,10.91649271,10.91672771
4931,INPUT_SKIN1_90_5.txt,OUTPUT_SKIN11_90_5.txt,22,1.603930669,1.381399492,1.381307752,1.381401635,1.38153359,1.381520788
4932,INPUT_SKIN1_90_5.txt,OUTPUT_SKIN12_90_5.txt,22,0.154652023,0.113114917,0.113096084,0.113114649,0.113095979,0.113097964
4933,INPUT_SKIN1_90_5.txt,OUTPUT_SKIN2_90_5.txt,22,0.405897729,0.738880557,0.738835215,0.738744515,0.738146621,0.738032877
4934,INPUT_SKIN1_90_5.txt,OUTPUT_SKIN3_90_5.txt,22,0.924476421,28.3274247,28.3322931,28.33274423,28.3238899,28.32488959
4935,INPUT_SKIN1_90_5.txt,OUTPUT_SKIN4_90_5.txt,22,0.678917666,1.006182653,1.006195981,1.006151054,1.006146903,1.006160935
4936,INPUT_SKIN1_90_5.txt,OUTPUT_SKIN5_90_5.txt,22,0.863149934,0.938235306,0.938273024,0.938228736,0.938300992,0.93844021
4937,INPUT_SKIN1_90_5.txt,OUTPUT_SKIN6_90_5.txt,22,NA,NA,NA,NA,NA,NA
4938,INPUT_SKIN1_90_5.txt,OUTPUT_SKIN7_90_5.txt,22,0.031214452,0.024600416,0.0246,0.024599923,0.024599916,0.024600165
4939,INPUT_SKIN1_90_5.txt,OUTPUT_SKIN8_90_5.txt,22,0.620905894,0.737504644,0.737537536,0.737563233,0.737574817,0.737527388
4940,INPUT_SKIN1_90_5.txt,OUTPUT_SKIN9_90_5.txt,22,4.346469796,3.64455211,3.644086708,3.644174537,3.643176492,3.643841546
4941,INPUT_SKIN10_90_5.txt,OUTPUT_BM1_90_5.txt,22,0.149483145,0.073286275,0.073269165,0.07324361,0.073282909,0.073303911
4942,INPUT_SKIN10_90_5.txt,OUTPUT_BM2_90_5.txt,22,0.593586239,0.544311791,0.544698051,0.545019431,0.544176876,0.544056525
4943,INPUT_SKIN10_90_5.txt,OUTPUT_GUT_90_5.txt,22,NA,NA,NA,NA,NA,NA
4944,INPUT_SKIN10_90_5.txt,OUTPUT_L_90_5.txt,22,0.868429904,0.853515533,0.853986285,0.853929143,0.853667641,0.854025771
4945,INPUT_SKIN10_90_5.txt,OUTPUT_LN1_90_5.txt,22,0.211267311,0.193932468,0.193942286,0.193936434,0.193940409,0.193939063
4946,INPUT_SKIN10_90_5.txt,OUTPUT_LN2_90_5.txt,22,0.226242109,0.233497496,0.233496547,0.233489901,0.233497496,0.233497496
4947,INPUT_SKIN10_90_5.txt,OUTPUT_LUNG_90_5.txt,22,0.13094743,0.125835069,0.125835069,0.125835069,0.125835069,0.125835069
4948,INPUT_SKIN10_90_5.txt,OUTPUT_S_90_5.txt,22,1.419195279,1.372164507,1.371426899,1.37145863,1.371003294,1.371278532
4949,INPUT_SKIN10_90_5.txt,OUTPUT_SKIN1_90_5.txt,22,0.19695941,0.178732218,0.178733396,0.178738855,0.178735193,0.178735825
4950,INPUT_SKIN10_90_5.txt,OUTPUT_SKIN10_90_5.txt,22,-505892,-253317.5,-253317.5,-253317.5,-253317.5,-253317.5
4951,INPUT_SKIN10_90_5.txt,OUTPUT_SKIN11_90_5.txt,22,0.022713279,0.01933095,0.019330362,0.019331248,0.019332658,0.019332262
4952,INPUT_SKIN10_90_5.txt,OUTPUT_SKIN12_90_5.txt,22,0.091410839,0.099646963,0.099641977,0.099659472,0.099632565,0.099640488
4953,INPUT_SKIN10_90_5.txt,OUTPUT_SKIN2_90_5.txt,22,0.192445743,0.178733797,0.178727094,0.178708842,0.178562896,0.178534804
4954,INPUT_SKIN10_90_5.txt,OUTPUT_SKIN3_90_5.txt,22,0.313109461,0.302435829,0.302435018,0.302432955,0.302438429,0.302438297
4955,INPUT_SKIN10_90_5.txt,OUTPUT_SKIN4_90_5.txt,22,0.191676459,0.185769438,0.185775752,0.185768093,0.185766653,0.185767349
4956,INPUT_SKIN10_90_5.txt,OUTPUT_SKIN5_90_5.txt,22,0.184807474,0.158626743,0.158632572,0.158619493,0.158632825,0.158621342
4957,INPUT_SKIN10_90_5.txt,OUTPUT_SKIN6_90_5.txt,22,NA,NA,NA,NA,NA,NA
4958,INPUT_SKIN10_90_5.txt,OUTPUT_SKIN7_90_5.txt,22,0.015739022,0.017586419,0.017586419,0.017586419,0.017586419,0.017586419
4959,INPUT_SKIN10_90_5.txt,OUTPUT_SKIN8_90_5.txt,22,0.054610984,0.05162717,0.051630869,0.051631434,0.051625715,0.051628007
4960,INPUT_SKIN10_90_5.txt,OUTPUT_SKIN9_90_5.txt,22,0.657320683,0.573079979,0.573151693,0.573279195,0.573639855,0.57331705
4961,INPUT_SKIN11_90_5.txt,OUTPUT_BM1_90_5.txt,22,0.049903123,1.247682344,1.24739919,1.246976243,1.247664543,1.248018711
4962,INPUT_SKIN11_90_5.txt,OUTPUT_BM2_90_5.txt,22,1.421479843,1.085333602,1.086263059,1.087115055,1.085211215,1.084889458
4963,INPUT_SKIN11_90_5.txt,OUTPUT_GUT_90_5.txt,22,NA,NA,NA,NA,NA,NA
4964,INPUT_SKIN11_90_5.txt,OUTPUT_L_90_5.txt,22,1.130569935,1.074121879,1.074711096,1.074600467,1.074343839,1.07475222
4965,INPUT_SKIN11_90_5.txt,OUTPUT_LN1_90_5.txt,22,0.258214038,0.241969666,0.241992212,0.241970542,0.241980399,0.241979509
4966,INPUT_SKIN11_90_5.txt,OUTPUT_LN2_90_5.txt,22,0.198717797,0.249178209,0.249177221,0.249171244,0.24918531,0.249186304
4967,INPUT_SKIN11_90_5.txt,OUTPUT_LUNG_90_5.txt,22,0.132055574,0.134744653,0.13474465,0.134745199,0.134748473,0.134749019
4968,INPUT_SKIN11_90_5.txt,OUTPUT_S_90_5.txt,22,2.294384967,1.615736647,1.614910204,1.61490995,1.614416583,1.614781475
4969,INPUT_SKIN11_90_5.txt,OUTPUT_SKIN1_90_5.txt,22,0.28239534,0.266323469,0.266326304,0.266323152,0.266330808,0.266335051
4970,INPUT_SKIN11_90_5.txt,OUTPUT_SKIN10_90_5.txt,22,0.051916686,0.053184612,0.053184612,0.053184827,0.053186119,0.053186334
4971,INPUT_SKIN11_90_5.txt,OUTPUT_SKIN11_90_5.txt,22,-491664.5,-247295.5,-247295.5,-247294.5,-247288.5,-247287.5
4972,INPUT_SKIN11_90_5.txt,OUTPUT_SKIN12_90_5.txt,22,0.110554544,0.109268834,0.109257973,0.109260588,0.109269179,0.10926376
4973,INPUT_SKIN11_90_5.txt,OUTPUT_SKIN2_90_5.txt,22,0.233559203,0.20907769,0.209075075,0.209044335,0.209077187,0.209043075
4974,INPUT_SKIN11_90_5.txt,OUTPUT_SKIN3_90_5.txt,22,0.470820842,0.437929713,0.437931485,0.437930012,0.437945774,0.437947455
4975,INPUT_SKIN11_90_5.txt,OUTPUT_SKIN4_90_5.txt,22,0.241797006,0.226207235,0.226205208,0.226207011,0.226212122,0.226212037
4976,INPUT_SKIN11_90_5.txt,OUTPUT_SKIN5_90_5.txt,22,0.27147719,0.247275781,0.247284626,0.247263814,0.247290717,0.247271284
4977,INPUT_SKIN11_90_5.txt,OUTPUT_SKIN6_90_5.txt,22,NA,NA,NA,NA,NA,NA
4978,INPUT_SKIN11_90_5.txt,OUTPUT_SKIN7_90_5.txt,22,0.030832986,0.027715283,0.027715283,0.027715395,0.027716068,0.02771618
4979,INPUT_SKIN11_90_5.txt,OUTPUT_SKIN8_90_5.txt,22,0.070803643,0.059835119,0.059839228,0.059840622,0.059839653,0.059838443
4980,INPUT_SKIN11_90_5.txt,OUTPUT_SKIN9_90_5.txt,22,1.048720325,0.868806349,0.868915257,0.869109406,0.869674079,0.869191173
4981,INPUT_SKIN12_90_5.txt,OUTPUT_BM1_90_5.txt,22,0.056537934,0.099936764,0.099920672,0.099877101,0.099939504,0.09996815
4982,INPUT_SKIN12_90_5.txt,OUTPUT_BM2_90_5.txt,22,0.586980554,0.511157218,0.511398004,0.511451378,0.510966305,0.510934589
4983,INPUT_SKIN12_90_5.txt,OUTPUT_GUT_90_5.txt,22,NA,NA,NA,NA,NA,NA
4984,INPUT_SKIN12_90_5.txt,OUTPUT_L_90_5.txt,22,0.743564129,0.705324408,0.705753936,0.705615419,0.705498483,0.705748754
4985,INPUT_SKIN12_90_5.txt,OUTPUT_LN1_90_5.txt,22,0.172041593,0.177542657,0.177598039,0.177542384,0.177555434,0.177535881
4986,INPUT_SKIN12_90_5.txt,OUTPUT_LN2_90_5.txt,22,0.075566326,0.086615882,0.08662205,0.086612401,0.086622283,0.086621957
4987,INPUT_SKIN12_90_5.txt,OUTPUT_LUNG_90_5.txt,22,0.120969225,0.110902258,0.11091059,0.110901296,0.110910444,0.110910033
4988,INPUT_SKIN12_90_5.txt,OUTPUT_S_90_5.txt,22,1.155863494,1.220907259,1.220408192,1.220321227,1.220052082,1.220279155
4989,INPUT_SKIN12_90_5.txt,OUTPUT_SKIN1_90_5.txt,22,0.211618041,0.251935983,0.251954409,0.251944169,0.25195581,0.251958821
4990,INPUT_SKIN12_90_5.txt,OUTPUT_SKIN10_90_5.txt,22,0.034905248,0.036957036,0.036959811,0.036956713,0.036959764,0.036959626
4991,INPUT_SKIN12_90_5.txt,OUTPUT_SKIN11_90_5.txt,22,0.02731594,0.024945009,0.024945927,0.024945224,0.024949253,0.02494864
4992,INPUT_SKIN12_90_5.txt,OUTPUT_SKIN12_90_5.txt,22,-797629.5,-399802.5,-399772.5,-399806,-399773,-399774.5
4993,INPUT_SKIN12_90_5.txt,OUTPUT_SKIN2_90_5.txt,22,0.106111811,0.14839593,0.148401724,0.148370371,0.148260295,0.148232675
4994,INPUT_SKIN12_90_5.txt,OUTPUT_SKIN3_90_5.txt,22,0.317808641,0.305127841,0.305212367,0.305178064,0.305149216,0.305150496
4995,INPUT_SKIN12_90_5.txt,OUTPUT_SKIN4_90_5.txt,22,0.148635626,0.193868763,0.193890226,0.19386572,0.193880109,0.193880132
4996,INPUT_SKIN12_90_5.txt,OUTPUT_SKIN5_90_5.txt,22,0.241519089,0.196817269,0.196843383,0.196818235,0.196849806,0.19687711
4997,INPUT_SKIN12_90_5.txt,OUTPUT_SKIN6_90_5.txt,22,NA,NA,NA,NA,NA,NA
4998,INPUT_SKIN12_90_5.txt,OUTPUT_SKIN7_90_5.txt,22,0.01405205,0.016181677,0.016182891,0.016181535,0.016182871,0.01618281
4999,INPUT_SKIN12_90_5.txt,OUTPUT_SKIN8_90_5.txt,22,0.036547227,0.034353037,0.034358362,0.034356415,0.034356823,0.034356585
5000,INPUT_SKIN12_90_5.txt,OUTPUT_SKIN9_90_5.txt,22,0.49242386,0.506606807,0.506708932,0.506779995,0.507143774,0.506853895
5001,INPUT_SKIN2_90_5.txt,OUTPUT_BM1_90_5.txt,22,0.248605481,0.207206286,0.207164685,0.207049401,0.207294256,0.207301237
5002,INPUT_SKIN2_90_5.txt,OUTPUT_BM2_90_5.txt,22,1.587802073,1.214292047,1.214308257,1.212554468,1.214528676,1.212905336
5003,INPUT_SKIN2_90_5.txt,OUTPUT_GUT_90_5.txt,22,NA,NA,NA,NA,NA,NA
5004,INPUT_SKIN2_90_5.txt,OUTPUT_L_90_5.txt,22,1.422092811,2.243759197,2.243780849,2.24055994,2.244728151,2.241788473
5005,INPUT_SKIN2_90_5.txt,OUTPUT_LN1_90_5.txt,22,0.815817986,1.501278473,1.501184646,1.501294861,1.501989234,1.501922941
5006,INPUT_SKIN2_90_5.txt,OUTPUT_LN2_90_5.txt,22,0.207074851,0.383115328,0.383120522,0.383100402,0.383299057,0.383298921
5007,INPUT_SKIN2_90_5.txt,OUTPUT_LUNG_90_5.txt,22,0.336166805,0.658304592,0.65831888,0.658355425,0.658617609,0.65866868
5008,INPUT_SKIN2_90_5.txt,OUTPUT_S_90_5.txt,22,1.496888717,1.411695674,1.411436737,1.408298615,1.412034467,1.409038808
5009,INPUT_SKIN2_90_5.txt,OUTPUT_SKIN1_90_5.txt,22,0.827789615,1.130541315,1.130603289,1.130675029,1.131128415,1.131194632
5010,INPUT_SKIN2_90_5.txt,OUTPUT_SKIN10_90_5.txt,22,0.068422467,0.036661806,0.036662605,0.036664603,0.036679451,0.036682264
5011,INPUT_SKIN2_90_5.txt,OUTPUT_SKIN11_90_5.txt,22,5.076331392,4.981390155,4.981079179,4.978280624,4.984186257,4.981244548
5012,INPUT_SKIN2_90_5.txt,OUTPUT_SKIN12_90_5.txt,22,0.133394595,0.145004847,0.144986298,0.145018745,0.145052963,0.145065435
5013,INPUT_SKIN2_90_5.txt,OUTPUT_SKIN2_90_5.txt,22,-543667.5,-272191,-272185,-272169,-272060,-272038
5014,INPUT_SKIN2_90_5.txt,OUTPUT_SKIN3_90_5.txt,22,0.548953269,0.906766699,0.906958833,0.906844305,0.90719452,0.907136426
5015,INPUT_SKIN2_90_5.txt,OUTPUT_SKIN4_90_5.txt,22,2.25266798,11.83111802,11.83165978,11.83079895,11.83642766,11.83637124
5016,INPUT_SKIN2_90_5.txt,OUTPUT_SKIN5_90_5.txt,22,1.821318087,3.002571409,3.002806987,3.002844544,3.004276853,3.004929846
5017,INPUT_SKIN2_90_5.txt,OUTPUT_SKIN6_90_5.txt,22,NA,NA,NA,NA,NA,NA
5018,INPUT_SKIN2_90_5.txt,OUTPUT_SKIN7_90_5.txt,22,0.013628456,0.014214111,0.014214418,0.014215145,0.014220951,0.014221995
5019,INPUT_SKIN2_90_5.txt,OUTPUT_SKIN8_90_5.txt,22,0.332499041,0.350682197,0.350706065,0.350739139,0.350893086,0.350888937
5020,INPUT_SKIN2_90_5.txt,OUTPUT_SKIN9_90_5.txt,22,2.168424669,2.101380923,2.100999957,2.094494924,2.101537666,2.095663743
5021,INPUT_SKIN3_90_5.txt,OUTPUT_BM1_90_5.txt,22,0.038903158,10.28602193,10.28362268,10.28192047,10.28579468,10.28733869
5022,INPUT_SKIN3_90_5.txt,OUTPUT_BM2_90_5.txt,22,4.741526139,6.562680264,6.563542963,6.564007568,6.560093027,6.560008844
5023,INPUT_SKIN3_90_5.txt,OUTPUT_GUT_90_5.txt,22,NA,NA,NA,NA,NA,NA
5024,INPUT_SKIN3_90_5.txt,OUTPUT_L_90_5.txt,22,2.032470464,2.123279075,2.12423095,2.124120159,2.123659108,2.124536303
5025,INPUT_SKIN3_90_5.txt,OUTPUT_LN1_90_5.txt,22,0.310591542,0.256218609,0.25617318,0.25624776,0.256261789,0.256206342
5026,INPUT_SKIN3_90_5.txt,OUTPUT_LN2_90_5.txt,22,0.258533974,0.607961049,0.607902354,0.607893005,0.607962041,0.607959798
5027,INPUT_SKIN3_90_5.txt,OUTPUT_LUNG_90_5.txt,22,0.194162144,0.791385734,0.791319709,0.791329363,0.791386568,0.791383946
5028,INPUT_SKIN3_90_5.txt,OUTPUT_S_90_5.txt,22,6.694723265,6.645358414,6.642099774,6.64219012,6.641152981,6.642235929
5029,INPUT_SKIN3_90_5.txt,OUTPUT_SKIN1_90_5.txt,22,0.422991072,0.515594122,0.515562631,0.515572904,0.5156163,0.515603583
5030,INPUT_SKIN3_90_5.txt,OUTPUT_SKIN10_90_5.txt,22,0.064414987,0.065585077,0.065578616,0.06557952,0.065585206,0.065584948
5031,INPUT_SKIN3_90_5.txt,OUTPUT_SKIN11_90_5.txt,22,0.340858326,0.31842483,0.318391935,0.318396106,0.31841316,0.318408845
5032,INPUT_SKIN3_90_5.txt,OUTPUT_SKIN12_90_5.txt,22,0.142000941,0.110839947,0.110812485,0.110832523,0.110823852,0.110824232
5033,INPUT_SKIN3_90_5.txt,OUTPUT_SKIN2_90_5.txt,22,0.1970893,0.344836052,0.344787345,0.344749561,0.344493805,0.344434379
5034,INPUT_SKIN3_90_5.txt,OUTPUT_SKIN3_90_5.txt,22,-506559,-253987,-254012,-254008.5,-253986.5,-253987.5
5035,INPUT_SKIN3_90_5.txt,OUTPUT_SKIN4_90_5.txt,22,0.517053336,0.525726322,0.52571419,0.525699037,0.525719246,0.525719228
5036,INPUT_SKIN3_90_5.txt,OUTPUT_SKIN5_90_5.txt,22,0.289139625,0.506197304,0.50617924,0.506163061,0.506245498,0.506316786
5037,INPUT_SKIN3_90_5.txt,OUTPUT_SKIN6_90_5.txt,22,NA,NA,NA,NA,NA,NA
5038,INPUT_SKIN3_90_5.txt,OUTPUT_SKIN7_90_5.txt,22,0.013767733,0.011654237,0.01165309,0.01165325,0.01165426,0.011654214
5039,INPUT_SKIN3_90_5.txt,OUTPUT_SKIN8_90_5.txt,22,0.265456278,0.33214059,0.332132068,0.332141984,0.331938741,0.332146771
5040,INPUT_SKIN3_90_5.txt,OUTPUT_SKIN9_90_5.txt,22,3.542169366,3.774923357,3.774939789,3.775717088,3.778103765,3.776258957
5041,INPUT_SKIN4_90_5.txt,OUTPUT_BM1_90_5.txt,22,0.07986898,0.134302259,0.13426966,0.134226784,0.134297239,0.134334632
5042,INPUT_SKIN4_90_5.txt,OUTPUT_BM2_90_5.txt,22,1.735180192,2.988986148,2.989211612,2.98922056,2.988319614,2.98835635
5043,INPUT_SKIN4_90_5.txt,OUTPUT_GUT_90_5.txt,22,NA,NA,NA,NA,NA,NA
5044,INPUT_SKIN4_90_5.txt,OUTPUT_L_90_5.txt,22,1.86324941,1.870274414,1.871017947,1.870969206,1.870538119,1.871127655
5045,INPUT_SKIN4_90_5.txt,OUTPUT_LN1_90_5.txt,22,0.263837087,0.266034661,0.266009275,0.266042128,0.266034933,0.26602405
5046,INPUT_SKIN4_90_5.txt,OUTPUT_LN2_90_5.txt,22,0.335563023,0.521147429,0.521137516,0.521133668,0.521151324,0.52115034
5047,INPUT_SKIN4_90_5.txt,OUTPUT_LUNG_90_5.txt,22,0.57405545,0.775920177,0.77590875,0.775924393,0.775925931,0.775924542
5048,INPUT_SKIN4_90_5.txt,OUTPUT_S_90_5.txt,22,1.588615772,1.332892608,1.332345198,1.332386725,1.332058023,1.332262665
5049,INPUT_SKIN4_90_5.txt,OUTPUT_SKIN1_90_5.txt,22,0.274836621,0.291565598,0.291560889,0.291579068,0.291569367,0.291573129
5050,INPUT_SKIN4_90_5.txt,OUTPUT_SKIN10_90_5.txt,22,0.056490469,0.05551869,0.055517864,0.055519,0.055519103,0.055519
5051,INPUT_SKIN4_90_5.txt,OUTPUT_SKIN11_90_5.txt,22,0.046288846,0.085001671,0.085000352,0.085001488,0.08499767,0.084996814
5052,INPUT_SKIN4_90_5.txt,OUTPUT_SKIN12_90_5.txt,22,0.09601663,0.0542405,0.054231561,0.054241752,0.054232904,0.054233211
5053,INPUT_SKIN4_90_5.txt,OUTPUT_SKIN2_90_5.txt,22,0.341641624,0.541092477,0.541060229,0.541006405,0.540568965,0.540478903
5054,INPUT_SKIN4_90_5.txt,OUTPUT_SKIN3_90_5.txt,22,0.768739743,1.003348757,1.003533597,1.003526313,1.003352312,1.003358425
5055,INPUT_SKIN4_90_5.txt,OUTPUT_SKIN4_90_5.txt,22,-537862.5,-268950.5,-268954.5,-268949,-268948.5,-268949
5056,INPUT_SKIN4_90_5.txt,OUTPUT_SKIN5_90_5.txt,22,0.500969901,0.744271262,0.744302264,0.744285045,0.744343464,0.744445133
5057,INPUT_SKIN4_90_5.txt,OUTPUT_SKIN6_90_5.txt,22,NA,NA,NA,NA,NA,NA
5058,INPUT_SKIN4_90_5.txt,OUTPUT_SKIN7_90_5.txt,22,0.009408814,0.013283027,0.013282829,0.013283101,0.013283125,0.013283101
5059,INPUT_SKIN4_90_5.txt,OUTPUT_SKIN8_90_5.txt,22,0.35877988,0.326329636,0.326345209,0.326364405,0.326366019,0.32634523
5060,INPUT_SKIN4_90_5.txt,OUTPUT_SKIN9_90_5.txt,22,2.51034646,2.375782282,2.37589017,2.376195975,2.376924699,2.376272102
5061,INPUT_SKIN5_90_5.txt,OUTPUT_BM1_90_5.txt,22,1.14701639,1.725346349,1.725269754,1.72535326,1.725343131,1.725262745
5062,INPUT_SKIN5_90_5.txt,OUTPUT_BM2_90_5.txt,22,1.514635404,1.414239268,1.414295304,1.414324937,1.413925301,1.41385074
5063,INPUT_SKIN5_90_5.txt,OUTPUT_GUT_90_5.txt,22,NA,NA,NA,NA,NA,NA
5064,INPUT_SKIN5_90_5.txt,OUTPUT_L_90_5.txt,22,2.696651931,2.836257549,2.836228331,2.836407244,2.836233491,2.836103979
5065,INPUT_SKIN5_90_5.txt,OUTPUT_LN1_90_5.txt,22,1.160826658,1.896869839,1.896740851,1.896905204,1.896781853,1.896558685
5066,INPUT_SKIN5_90_5.txt,OUTPUT_LN2_90_5.txt,22,0.180246888,4.314049077,4.313910615,4.313957048,4.313929104,4.313649032
5067,INPUT_SKIN5_90_5.txt,OUTPUT_LUNG_90_5.txt,22,1.147541166,7.361055095,7.360847153,7.361066388,7.360752689,7.360392604
5068,INPUT_SKIN5_90_5.txt,OUTPUT_S_90_5.txt,22,1.150727718,1.676479734,1.676350872,1.676463784,1.676346524,1.676261954
5069,INPUT_SKIN5_90_5.txt,OUTPUT_SKIN1_90_5.txt,22,0.352137075,0.612599055,0.612603048,0.612620077,0.612597114,0.612541506
5070,INPUT_SKIN5_90_5.txt,OUTPUT_SKIN10_90_5.txt,22,0.042710067,0.031964285,0.031963384,0.031964075,0.031962857,0.031960631
5071,INPUT_SKIN5_90_5.txt,OUTPUT_SKIN11_90_5.txt,22,0.119435719,0.209930154,0.209924018,0.209927216,0.209909429,0.209893092
5072,INPUT_SKIN5_90_5.txt,OUTPUT_SKIN12_90_5.txt,22,0.082971149,0.078792478,0.078778443,0.078793337,0.078777335,0.078772444
5073,INPUT_SKIN5_90_5.txt,OUTPUT_SKIN2_90_5.txt,22,0.239365138,0.226286607,0.22627009,0.226247838,0.226054839,0.226001869
5074,INPUT_SKIN5_90_5.txt,OUTPUT_SKIN3_90_5.txt,22,1.010586944,1.442867875,1.44311942,1.443115957,1.442802332,1.442711448
5075,INPUT_SKIN5_90_5.txt,OUTPUT_SKIN4_90_5.txt,22,1.161192144,1.391104844,1.391113222,1.391084599,1.391021053,1.390927425
5076,INPUT_SKIN5_90_5.txt,OUTPUT_SKIN5_90_5.txt,22,-603372.5,-301777.5,-301786,-301779.5,-301791,-301812
5077,INPUT_SKIN5_90_5.txt,OUTPUT_SKIN6_90_5.txt,22,NA,NA,NA,NA,NA,NA
5078,INPUT_SKIN5_90_5.txt,OUTPUT_SKIN7_90_5.txt,22,0.0126296,0.014167566,0.014167167,0.014167474,0.014166934,0.014165948
5079,INPUT_SKIN5_90_5.txt,OUTPUT_SKIN8_90_5.txt,22,0.084944585,0.110002376,0.110006239,0.110012978,0.110011018,0.109994579
5080,INPUT_SKIN5_90_5.txt,OUTPUT_SKIN9_90_5.txt,22,2.314454673,2.041608461,2.041536264,2.041658805,2.041510489,2.041428946
5081,INPUT_SKIN6_90_5.txt,OUTPUT_BM1_90_5.txt,22,NA,NA,NA,NA,NA,NA
5082,INPUT_SKIN6_90_5.txt,OUTPUT_BM2_90_5.txt,22,NA,NA,NA,NA,NA,NA
5083,INPUT_SKIN6_90_5.txt,OUTPUT_GUT_90_5.txt,22,NA,NA,NA,NA,NA,NA
5084,INPUT_SKIN6_90_5.txt,OUTPUT_L_90_5.txt,22,NA,NA,NA,NA,NA,NA
5085,INPUT_SKIN6_90_5.txt,OUTPUT_LN1_90_5.txt,22,NA,NA,NA,NA,NA,NA
5086,INPUT_SKIN6_90_5.txt,OUTPUT_LN2_90_5.txt,22,NA,NA,NA,NA,NA,NA
5087,INPUT_SKIN6_90_5.txt,OUTPUT_LUNG_90_5.txt,22,NA,NA,NA,NA,NA,NA
5088,INPUT_SKIN6_90_5.txt,OUTPUT_S_90_5.txt,22,NA,NA,NA,NA,NA,NA
5089,INPUT_SKIN6_90_5.txt,OUTPUT_SKIN1_90_5.txt,22,NA,NA,NA,NA,NA,NA
5090,INPUT_SKIN6_90_5.txt,OUTPUT_SKIN10_90_5.txt,22,NA,NA,NA,NA,NA,NA
5091,INPUT_SKIN6_90_5.txt,OUTPUT_SKIN11_90_5.txt,22,NA,NA,NA,NA,NA,NA
5092,INPUT_SKIN6_90_5.txt,OUTPUT_SKIN12_90_5.txt,22,NA,NA,NA,NA,NA,NA
5093,INPUT_SKIN6_90_5.txt,OUTPUT_SKIN2_90_5.txt,22,NA,NA,NA,NA,NA,NA
5094,INPUT_SKIN6_90_5.txt,OUTPUT_SKIN3_90_5.txt,22,NA,NA,NA,NA,NA,NA
5095,INPUT_SKIN6_90_5.txt,OUTPUT_SKIN4_90_5.txt,22,NA,NA,NA,NA,NA,NA
5096,INPUT_SKIN6_90_5.txt,OUTPUT_SKIN5_90_5.txt,22,NA,NA,NA,NA,NA,NA
5097,INPUT_SKIN6_90_5.txt,OUTPUT_SKIN6_90_5.txt,22,NA,NA,NA,NA,NA,NA
5098,INPUT_SKIN6_90_5.txt,OUTPUT_SKIN7_90_5.txt,22,NA,NA,NA,NA,NA,NA
5099,INPUT_SKIN6_90_5.txt,OUTPUT_SKIN8_90_5.txt,22,NA,NA,NA,NA,NA,NA
5100,INPUT_SKIN6_90_5.txt,OUTPUT_SKIN9_90_5.txt,22,NA,NA,NA,NA,NA,NA
5101,INPUT_SKIN7_90_5.txt,OUTPUT_BM1_90_5.txt,22,0.363922046,0.338288864,0.338210051,0.338092508,0.338273359,0.338370287
5102,INPUT_SKIN7_90_5.txt,OUTPUT_BM2_90_5.txt,22,1.082391119,0.850810295,0.851413761,0.851911693,0.850590196,0.850404123
5103,INPUT_SKIN7_90_5.txt,OUTPUT_GUT_90_5.txt,22,NA,NA,NA,NA,NA,NA
5104,INPUT_SKIN7_90_5.txt,OUTPUT_L_90_5.txt,22,0.976848905,0.835793291,0.836264684,0.836180968,0.835945605,0.836277727
5105,INPUT_SKIN7_90_5.txt,OUTPUT_LN1_90_5.txt,22,0.203088924,0.214848157,0.214854805,0.214851903,0.214855934,0.214856033
5106,INPUT_SKIN7_90_5.txt,OUTPUT_LN2_90_5.txt,22,0.12267533,0.153402524,0.153401913,0.153397639,0.153402524,0.153402524
5107,INPUT_SKIN7_90_5.txt,OUTPUT_LUNG_90_5.txt,22,0.135042991,0.09333873,0.09333873,0.09333873,0.09333873,0.09333873
5108,INPUT_SKIN7_90_5.txt,OUTPUT_S_90_5.txt,22,2.31528767,1.887205194,1.886182981,1.886188894,1.885533341,1.885966376
5109,INPUT_SKIN7_90_5.txt,OUTPUT_SKIN1_90_5.txt,22,0.207568682,0.182795182,0.182796961,0.182794392,0.182794919,0.182797222
5110,INPUT_SKIN7_90_5.txt,OUTPUT_SKIN10_90_5.txt,22,0.048727471,0.045155912,0.045155912,0.045155912,0.045155912,0.045155912
5111,INPUT_SKIN7_90_5.txt,OUTPUT_SKIN11_90_5.txt,22,0.049400635,0.043178909,0.043177119,0.043179754,0.043183629,0.043182682
5112,INPUT_SKIN7_90_5.txt,OUTPUT_SKIN12_90_5.txt,22,0.08429271,0.043795521,0.043790219,0.043793867,0.043792116,0.043790919
5113,INPUT_SKIN7_90_5.txt,OUTPUT_SKIN2_90_5.txt,22,0.171646507,0.134097907,0.134095631,0.134075726,0.134083526,0.134061549
5114,INPUT_SKIN7_90_5.txt,OUTPUT_SKIN3_90_5.txt,22,0.416389774,0.347019205,0.347017343,0.347015098,0.347022218,0.347022029
5115,INPUT_SKIN7_90_5.txt,OUTPUT_SKIN4_90_5.txt,22,0.226361049,0.207530575,0.207526178,0.207530058,0.207529713,0.207528225
5116,INPUT_SKIN7_90_5.txt,OUTPUT_SKIN5_90_5.txt,22,0.192598078,0.173150446,0.173156933,0.173141964,0.173156659,0.173144539
5117,INPUT_SKIN7_90_5.txt,OUTPUT_SKIN6_90_5.txt,22,NA,NA,NA,NA,NA,NA
5118,INPUT_SKIN7_90_5.txt,OUTPUT_SKIN7_90_5.txt,22,-385124.5,-193443,-193443,-193443,-193443,-193443
5119,INPUT_SKIN7_90_5.txt,OUTPUT_SKIN8_90_5.txt,22,0.078903479,0.069107358,0.069112173,0.06911328,0.069108537,0.069108829
5120,INPUT_SKIN7_90_5.txt,OUTPUT_SKIN9_90_5.txt,22,1.005748946,0.824188577,0.824293557,0.824480204,0.825008174,0.824535619
5121,INPUT_SKIN8_90_5.txt,OUTPUT_BM1_90_5.txt,22,10.08768857,9.274289472,9.275038824,9.274758616,9.273872816,9.27519872
5122,INPUT_SKIN8_90_5.txt,OUTPUT_BM2_90_5.txt,22,2.706716911,2.500350747,2.500990875,2.501123672,2.49915472,2.499254107
5123,INPUT_SKIN8_90_5.txt,OUTPUT_GUT_90_5.txt,22,NA,NA,NA,NA,NA,NA
5124,INPUT_SKIN8_90_5.txt,OUTPUT_L_90_5.txt,22,4.061992249,4.481447874,4.483404654,4.483153332,4.481823267,4.483536938
5125,INPUT_SKIN8_90_5.txt,OUTPUT_LN1_90_5.txt,22,0.893213621,0.549404681,0.549341404,0.549478278,0.549456893,0.549369009
5126,INPUT_SKIN8_90_5.txt,OUTPUT_LN2_90_5.txt,22,0.187169651,0.233862706,0.233854222,0.233843634,0.23384869,0.233857784
5127,INPUT_SKIN8_90_5.txt,OUTPUT_LUNG_90_5.txt,22,0.080117509,0.099726417,0.099723138,0.099721401,0.099720441,0.099724295
5128,INPUT_SKIN8_90_5.txt,OUTPUT_S_90_5.txt,22,5.792152709,5.175633072,5.174440549,5.174513992,5.172855734,5.173863651
5129,INPUT_SKIN8_90_5.txt,OUTPUT_SKIN1_90_5.txt,22,0.580167983,0.569181524,0.569116916,0.569175089,0.569105106,0.569180156
5130,INPUT_SKIN8_90_5.txt,OUTPUT_SKIN10_90_5.txt,22,0.048258969,0.029430409,0.029429444,0.029428932,0.029428646,0.029429784
5131,INPUT_SKIN8_90_5.txt,OUTPUT_SKIN11_90_5.txt,22,0.355484386,0.192405945,0.192399568,0.192394895,0.192384193,0.192390048
5132,INPUT_SKIN8_90_5.txt,OUTPUT_SKIN12_90_5.txt,22,0.083807806,0.077429839,0.077415739,0.077427303,0.077413829,0.077417406
5133,INPUT_SKIN8_90_5.txt,OUTPUT_SKIN2_90_5.txt,22,0.167253274,0.336631834,0.336605775,0.336559508,0.336286784,0.336244643
5134,INPUT_SKIN8_90_5.txt,OUTPUT_SKIN3_90_5.txt,22,0.458674535,0.743781029,0.743904011,0.743870945,0.743733199,0.743768382
5135,INPUT_SKIN8_90_5.txt,OUTPUT_SKIN4_90_5.txt,22,0.303495251,0.372131016,0.372134593,0.372112883,0.372103111,0.372118953
5136,INPUT_SKIN8_90_5.txt,OUTPUT_SKIN5_90_5.txt,22,0.311696348,0.36844387,0.368452335,0.368430264,0.368454569,0.368520177
5137,INPUT_SKIN8_90_5.txt,OUTPUT_SKIN6_90_5.txt,22,NA,NA,NA,NA,NA,NA
5138,INPUT_SKIN8_90_5.txt,OUTPUT_SKIN7_90_5.txt,22,4.404477899,4.087658956,4.087628407,4.087592238,4.0874215,4.087612738
5139,INPUT_SKIN8_90_5.txt,OUTPUT_SKIN8_90_5.txt,22,-516935.5,-258831,-258839.5,-258844,-258846.5,-258836.5
5140,INPUT_SKIN8_90_5.txt,OUTPUT_SKIN9_90_5.txt,22,2.032010183,2.116935526,2.117168153,2.117557552,2.118572306,2.117664129
5141,INPUT_SKIN9_90_5.txt,OUTPUT_BM1_90_5.txt,22,0.15999644,0.07283971,0.072817928,0.072784097,0.072799618,0.072841782
5142,INPUT_SKIN9_90_5.txt,OUTPUT_BM2_90_5.txt,22,1.549436379,1.410599426,1.410973185,1.410955396,1.409163383,1.409546369
5143,INPUT_SKIN9_90_5.txt,OUTPUT_GUT_90_5.txt,22,NA,NA,NA,NA,NA,NA
5144,INPUT_SKIN9_90_5.txt,OUTPUT_L_90_5.txt,22,0.928551956,0.864786497,0.865223287,0.865061537,0.864503354,0.865132883
5145,INPUT_SKIN9_90_5.txt,OUTPUT_LN1_90_5.txt,22,0.227839474,0.202077855,0.202042016,0.202050244,0.201985739,0.202046571
5146,INPUT_SKIN9_90_5.txt,OUTPUT_LN2_90_5.txt,22,0.184269512,0.134066996,0.134058059,0.134040935,0.133999122,0.134038243
5147,INPUT_SKIN9_90_5.txt,OUTPUT_LUNG_90_5.txt,22,0.141005302,0.105162092,0.105155267,0.105143135,0.10510884,0.105139534
5148,INPUT_SKIN9_90_5.txt,OUTPUT_S_90_5.txt,22,2.481656556,2.339007938,2.337448096,2.33728257,2.335685221,2.336823733
5149,INPUT_SKIN9_90_5.txt,OUTPUT_SKIN1_90_5.txt,22,0.216100842,0.202729964,0.20272352,0.202700194,0.202634891,0.202684836
5150,INPUT_SKIN9_90_5.txt,OUTPUT_SKIN10_90_5.txt,22,0.049762753,0.033837975,0.033835786,0.033831894,0.033820891,0.033830738
5151,INPUT_SKIN9_90_5.txt,OUTPUT_SKIN11_90_5.txt,22,0.043467646,0.036455897,0.036452106,0.036450008,0.036441176,0.036451012
5152,INPUT_SKIN9_90_5.txt,OUTPUT_SKIN12_90_5.txt,22,0.110600377,0.09398904,0.093969166,0.093973422,0.093928164,0.093956078
5153,INPUT_SKIN9_90_5.txt,OUTPUT_SKIN2_90_5.txt,22,0.130708885,0.171160971,0.171142421,0.171102543,0.170915732,0.170936654
5154,INPUT_SKIN9_90_5.txt,OUTPUT_SKIN3_90_5.txt,22,0.591074096,0.486084126,0.4860001,0.485950894,0.485836192,0.485977514
5155,INPUT_SKIN9_90_5.txt,OUTPUT_SKIN4_90_5.txt,22,0.213567333,0.207221552,0.207215558,0.207183507,0.207114753,0.207176942
5156,INPUT_SKIN9_90_5.txt,OUTPUT_SKIN5_90_5.txt,22,0.225703247,0.188256287,0.188243622,0.188218987,0.188158711,0.188203929
5157,INPUT_SKIN9_90_5.txt,OUTPUT_SKIN6_90_5.txt,22,NA,NA,NA,NA,NA,NA
5158,INPUT_SKIN9_90_5.txt,OUTPUT_SKIN7_90_5.txt,22,0.023387055,0.026653645,0.026651921,0.026648857,0.026640195,0.026647947
5159,INPUT_SKIN9_90_5.txt,OUTPUT_SKIN8_90_5.txt,22,0.105520028,0.103403256,0.103402938,0.103394865,0.103353852,0.103385191
5160,INPUT_SKIN9_90_5.txt,OUTPUT_SKIN9_90_5.txt,22,-556934.5,-278439,-278457,-278489,-278579.5,-278498.5
5161,INPUT_BM1_90_5.txt,OUTPUT_BM1_90_5.txt,23,-621902.5,-311448.5,-311502.5,-311569.5,-311550,-311505
5162,INPUT_BM1_90_5.txt,OUTPUT_BM2_90_5.txt,23,73.20256999,62.28714784,62.28252263,62.25382176,62.27805678,62.28465727
5163,INPUT_BM1_90_5.txt,OUTPUT_GUT_90_5.txt,23,0.242999741,0.25387948,0.253835,0.253779832,0.253795886,0.253832941
5164,INPUT_BM1_90_5.txt,OUTPUT_L_90_5.txt,23,27.33046138,24.21859939,24.21216263,24.19996675,24.2062275,24.21444527
5165,INPUT_BM1_90_5.txt,OUTPUT_LN1_90_5.txt,23,0.033416043,0.120150427,0.120158904,0.12011778,0.120112816,0.120133473
5166,INPUT_BM1_90_5.txt,OUTPUT_LN2_90_5.txt,23,0.227592331,0.217987788,0.217813357,0.217801332,0.217750696,0.217799052
5167,INPUT_BM1_90_5.txt,OUTPUT_LUNG_90_5.txt,23,0.039277492,0.036111473,0.036112773,0.036098869,0.036107783,0.036105569
5168,INPUT_BM1_90_5.txt,OUTPUT_S_90_5.txt,23,125.2732815,115.4992084,115.5215526,115.4642957,115.5259767,115.5018528
5169,INPUT_BM1_90_5.txt,OUTPUT_SKIN1_90_5.txt,23,0.401756015,0.374647623,0.374588916,0.374517617,0.374534356,0.374580013
5170,INPUT_BM1_90_5.txt,OUTPUT_SKIN10_90_5.txt,23,0.042624761,0.063760484,0.063748281,0.063735081,0.06373896,0.063748615
5171,INPUT_BM1_90_5.txt,OUTPUT_SKIN11_90_5.txt,23,0.061994894,0.104594407,0.104578614,0.10455331,0.104561997,0.104577167
5172,INPUT_BM1_90_5.txt,OUTPUT_SKIN12_90_5.txt,23,0.03219229,0.035945825,0.035939584,0.035931843,0.035934096,0.035939295
5173,INPUT_BM1_90_5.txt,OUTPUT_SKIN2_90_5.txt,23,0.053309883,0.057908145,0.057883184,0.0578705,0.057889657,0.057898038
5174,INPUT_BM1_90_5.txt,OUTPUT_SKIN3_90_5.txt,23,0.215192853,0.190812216,0.190740845,0.190713432,0.190710567,0.190773892
5175,INPUT_BM1_90_5.txt,OUTPUT_SKIN4_90_5.txt,23,0.275403963,0.383814301,0.383868147,0.383728753,0.38371702,0.383945821
5176,INPUT_BM1_90_5.txt,OUTPUT_SKIN5_90_5.txt,23,0.084427498,0.09249706,0.092495267,0.09246813,0.09246931,0.09249486
5177,INPUT_BM1_90_5.txt,OUTPUT_SKIN6_90_5.txt,23,0.207373599,0.190802855,0.190839135,0.190706422,0.190812562,0.190777358
5178,INPUT_BM1_90_5.txt,OUTPUT_SKIN7_90_5.txt,23,0.205598232,0.18182179,0.181737223,0.181757539,0.181757793,0.181735016
5179,INPUT_BM1_90_5.txt,OUTPUT_SKIN8_90_5.txt,23,0.426503727,0.37318231,0.37307212,0.373162109,0.373152698,0.37319606
5180,INPUT_BM1_90_5.txt,OUTPUT_SKIN9_90_5.txt,23,0.036250047,0.02465668,0.024659487,0.024649215,0.02465141,0.024660185
5181,INPUT_BM2_90_5.txt,OUTPUT_BM1_90_5.txt,23,1.827079155,1.503808297,1.504288194,1.505207247,1.504715974,1.504277338
5182,INPUT_BM2_90_5.txt,OUTPUT_BM2_90_5.txt,23,-560004,-280339.5,-280347.5,-280297.5,-280353.5,-280354
5183,INPUT_BM2_90_5.txt,OUTPUT_GUT_90_5.txt,23,0.07007365,0.058569566,0.05856789,0.058578363,0.058566634,0.058566529
5184,INPUT_BM2_90_5.txt,OUTPUT_L_90_5.txt,23,9.846800862,8.841131706,8.839783722,8.838281622,8.838480537,8.84051427
5185,INPUT_BM2_90_5.txt,OUTPUT_LN1_90_5.txt,23,0.03722794,0.035947103,0.035954416,0.03595651,0.03594577,0.035946632
5186,INPUT_BM2_90_5.txt,OUTPUT_LN2_90_5.txt,23,0.18766158,0.148757878,0.148658853,0.148709053,0.14863842,0.148646922
5187,INPUT_BM2_90_5.txt,OUTPUT_LUNG_90_5.txt,23,0.05014772,0.065710092,0.065722286,0.065722626,0.065721847,0.0657079
5188,INPUT_BM2_90_5.txt,OUTPUT_S_90_5.txt,23,3.240976438,2.882708059,2.883693279,2.882630747,2.884050653,2.882968098
5189,INPUT_BM2_90_5.txt,OUTPUT_SKIN1_90_5.txt,23,0.098164228,0.081449781,0.081447576,0.081460979,0.081445847,0.081441423
5190,INPUT_BM2_90_5.txt,OUTPUT_SKIN10_90_5.txt,23,0.05805762,0.058049853,0.05804657,0.058057132,0.058045659,0.058045889
5191,INPUT_BM2_90_5.txt,OUTPUT_SKIN11_90_5.txt,23,0.047594181,0.030935607,0.030935105,0.0309402,0.030934347,0.030934291
5192,INPUT_BM2_90_5.txt,OUTPUT_SKIN12_90_5.txt,23,0.032622954,0.03203315,0.032032234,0.032037958,0.032031548,0.032031491
5193,INPUT_BM2_90_5.txt,OUTPUT_SKIN2_90_5.txt,23,0.042594806,0.044657379,0.044651125,0.044659034,0.044655285,0.044655205
5194,INPUT_BM2_90_5.txt,OUTPUT_SKIN3_90_5.txt,23,0.09089007,0.077768721,0.077766939,0.077780796,0.077765311,0.077764921
5195,INPUT_BM2_90_5.txt,OUTPUT_SKIN4_90_5.txt,23,0.083991929,0.07070881,0.070696428,0.070714295,0.070705493,0.070687251
5196,INPUT_BM2_90_5.txt,OUTPUT_SKIN5_90_5.txt,23,0.075855019,0.064133158,0.064137253,0.064144267,0.064130439,0.064136095
5197,INPUT_BM2_90_5.txt,OUTPUT_SKIN6_90_5.txt,23,0.095089498,0.087507034,0.087518506,0.087518129,0.087514309,0.087500275
5198,INPUT_BM2_90_5.txt,OUTPUT_SKIN7_90_5.txt,23,0.109139795,0.086505169,0.086475131,0.086518976,0.086498741,0.086472768
5199,INPUT_BM2_90_5.txt,OUTPUT_SKIN8_90_5.txt,23,0.145794224,0.248540038,0.248498816,0.248662345,0.248582918,0.248618883
5200,INPUT_BM2_90_5.txt,OUTPUT_SKIN9_90_5.txt,23,0.013210164,0.044987346,0.044999737,0.044998183,0.044990441,0.045000422
5201,INPUT_GUT_90_5.txt,OUTPUT_BM1_90_5.txt,23,0.124094363,0.113413372,0.113414963,0.113416933,0.11341636,0.113415036
5202,INPUT_GUT_90_5.txt,OUTPUT_BM2_90_5.txt,23,0.104190732,0.092318435,0.092319351,0.092313623,0.092320038,0.092320095
5203,INPUT_GUT_90_5.txt,OUTPUT_GUT_90_5.txt,23,-266546.5,-133613,-133613,-133613,-133613,-133613
5204,INPUT_GUT_90_5.txt,OUTPUT_L_90_5.txt,23,0.119879401,0.108303549,0.108305946,0.108303174,0.108302516,0.108302701
5205,INPUT_GUT_90_5.txt,OUTPUT_LN1_90_5.txt,23,0.016534234,0.021058696,0.021063067,0.0210608,0.021058938,0.021059424
5206,INPUT_GUT_90_5.txt,OUTPUT_LN2_90_5.txt,23,0.065607455,0.125030293,0.12501816,0.125021939,0.125012375,0.125016803
5207,INPUT_GUT_90_5.txt,OUTPUT_LUNG_90_5.txt,23,0.017828402,0.025449356,0.02545424,0.025450282,0.025454576,0.025449777
5208,INPUT_GUT_90_5.txt,OUTPUT_S_90_5.txt,23,0.117206974,0.107928789,0.107929939,0.107928241,0.107930389,0.10792923
5209,INPUT_GUT_90_5.txt,OUTPUT_SKIN1_90_5.txt,23,0.063478375,0.056151459,0.056152754,0.056156022,0.056153393,0.056156136
5210,INPUT_GUT_90_5.txt,OUTPUT_SKIN10_90_5.txt,23,0.018026735,0.025575366,0.0255785,0.025576989,0.025577321,0.025576141
5211,INPUT_GUT_90_5.txt,OUTPUT_SKIN11_90_5.txt,23,0.022375363,0.024532335,0.024533015,0.02453225,0.024532845,0.024532845
5212,INPUT_GUT_90_5.txt,OUTPUT_SKIN12_90_5.txt,23,0.019901906,0.025054185,0.025054185,0.025054185,0.025054185,0.025054185
5213,INPUT_GUT_90_5.txt,OUTPUT_SKIN2_90_5.txt,23,0.01525502,0.012937288,0.012934866,0.012934832,0.012937356,0.012937356
5214,INPUT_GUT_90_5.txt,OUTPUT_SKIN3_90_5.txt,23,0.037986011,0.0415277,0.041517862,0.041521334,0.041517572,0.041526544
5215,INPUT_GUT_90_5.txt,OUTPUT_SKIN4_90_5.txt,23,0.057523705,0.088441157,0.088482177,0.088464062,0.088449447,0.088507988
5216,INPUT_GUT_90_5.txt,OUTPUT_SKIN5_90_5.txt,23,0.027742207,0.02674857,0.026753037,0.026749882,0.026749368,0.026753334
5217,INPUT_GUT_90_5.txt,OUTPUT_SKIN6_90_5.txt,23,0.039957487,0.061119957,0.061124713,0.061108845,0.06111967,0.061116878
5218,INPUT_GUT_90_5.txt,OUTPUT_SKIN7_90_5.txt,23,0.023936795,0.03212051,0.032110654,0.032121292,0.032119934,0.032110521
5219,INPUT_GUT_90_5.txt,OUTPUT_SKIN8_90_5.txt,23,0.119038437,0.109841542,0.1098357,0.109854399,0.109848579,0.109862183
5220,INPUT_GUT_90_5.txt,OUTPUT_SKIN9_90_5.txt,23,0.017097867,0.010626626,0.010629819,0.01062758,0.010627874,0.010630223
5221,INPUT_L_90_5.txt,OUTPUT_BM1_90_5.txt,23,1.760558274,1.06846067,1.068899055,1.069547704,1.069295048,1.068859961
5222,INPUT_L_90_5.txt,OUTPUT_BM2_90_5.txt,23,280.2693099,238.4030984,238.4348724,238.3948112,238.4732827,238.4367571
5223,INPUT_L_90_5.txt,OUTPUT_GUT_90_5.txt,23,0.139135739,0.110568328,0.110575151,0.110594572,0.110582366,0.110569422
5224,INPUT_L_90_5.txt,OUTPUT_L_90_5.txt,23,-625161,-313441.5,-313422,-313367.5,-313402,-313438.5
5225,INPUT_L_90_5.txt,OUTPUT_LN1_90_5.txt,23,0.022313678,0.051583977,0.051600568,0.051602617,0.051591231,0.051586703
5226,INPUT_L_90_5.txt,OUTPUT_LN2_90_5.txt,23,0.125556157,0.112646867,0.112584126,0.112621646,0.112576278,0.112571786
5227,INPUT_L_90_5.txt,OUTPUT_LUNG_90_5.txt,23,0.049166062,0.027663221,0.027670602,0.027670833,0.027672763,0.027663975
5228,INPUT_L_90_5.txt,OUTPUT_S_90_5.txt,23,4.867434613,7.228399796,7.231546058,7.228839819,7.233063258,7.229498959
5229,INPUT_L_90_5.txt,OUTPUT_SKIN1_90_5.txt,23,0.129191349,0.131985047,0.131990099,0.132013524,0.13200014,0.131976701
5230,INPUT_L_90_5.txt,OUTPUT_SKIN10_90_5.txt,23,0.031893783,0.025379575,0.02538011,0.025385007,0.025382116,0.025379536
5231,INPUT_L_90_5.txt,OUTPUT_SKIN11_90_5.txt,23,0.039825603,0.027979227,0.027981273,0.027985804,0.02798299,0.027979728
5232,INPUT_L_90_5.txt,OUTPUT_SKIN12_90_5.txt,23,0.020860221,0.011894469,0.011895208,0.01189728,0.011895969,0.011894583
5233,INPUT_L_90_5.txt,OUTPUT_SKIN2_90_5.txt,23,0.02977652,0.028286888,0.028281126,0.028285949,0.02829067,0.028287372
5234,INPUT_L_90_5.txt,OUTPUT_SKIN3_90_5.txt,23,0.035010726,0.04073346,0.040727991,0.040738398,0.040730525,0.040733842
5235,INPUT_L_90_5.txt,OUTPUT_SKIN4_90_5.txt,23,0.21604871,0.174993722,0.175068712,0.175071418,0.175028726,0.175104862
5236,INPUT_L_90_5.txt,OUTPUT_SKIN5_90_5.txt,23,0.067558226,0.061490653,0.061499639,0.061510212,0.061500147,0.061496216
5237,INPUT_L_90_5.txt,OUTPUT_SKIN6_90_5.txt,23,0.120823107,0.096732797,0.096768844,0.096744308,0.096784002,0.096734738
5238,INPUT_L_90_5.txt,OUTPUT_SKIN7_90_5.txt,23,0.023556814,0.096289944,0.09626779,0.096316257,0.096299833,0.096262386
5239,INPUT_L_90_5.txt,OUTPUT_SKIN8_90_5.txt,23,0.171375686,0.570004918,0.56997039,0.570336754,0.57022232,0.570136836
5240,INPUT_L_90_5.txt,OUTPUT_SKIN9_90_5.txt,23,0.008504587,0.016765882,0.016772021,0.016771366,0.016769988,0.016771782
5241,INPUT_LN1_90_5.txt,OUTPUT_BM1_90_5.txt,23,1.073577654,1.033132301,1.033370189,1.033865946,1.033787421,1.033481475
5242,INPUT_LN1_90_5.txt,OUTPUT_BM2_90_5.txt,23,1.797994185,1.597882122,1.597801345,1.597338632,1.598026829,1.598013572
5243,INPUT_LN1_90_5.txt,OUTPUT_GUT_90_5.txt,23,0.380009609,0.382177052,0.382132209,0.38215546,0.38217456,0.382169578
5244,INPUT_LN1_90_5.txt,OUTPUT_L_90_5.txt,23,3.63659315,3.220928769,3.22133479,3.219373011,3.219799184,3.22046087
5245,INPUT_LN1_90_5.txt,OUTPUT_LN1_90_5.txt,23,-465173.5,-232892.5,-232919.5,-232905.5,-232894,-232897
5246,INPUT_LN1_90_5.txt,OUTPUT_LN2_90_5.txt,23,0.305350447,0.318743954,0.318507927,0.318578104,0.318499293,0.318520165
5247,INPUT_LN1_90_5.txt,OUTPUT_LUNG_90_5.txt,23,0.071959649,0.047481197,0.047485401,0.047480387,0.047491272,0.047481116
5248,INPUT_LN1_90_5.txt,OUTPUT_S_90_5.txt,23,2.63049972,2.967796902,2.968541455,2.96716761,2.969216797,2.968144219
5249,INPUT_LN1_90_5.txt,OUTPUT_SKIN1_90_5.txt,23,0.11971793,0.130982877,0.130970758,0.130986412,0.13098668,0.130991316
5250,INPUT_LN1_90_5.txt,OUTPUT_SKIN10_90_5.txt,23,0.028097702,0.044360741,0.044354262,0.04435793,0.04435979,0.044359884
5251,INPUT_LN1_90_5.txt,OUTPUT_SKIN11_90_5.txt,23,0.052755744,0.039316869,0.039313408,0.039314534,0.039317442,0.039316935
5252,INPUT_LN1_90_5.txt,OUTPUT_SKIN12_90_5.txt,23,0.033900786,0.042277115,0.042272207,0.042274752,0.042276842,0.042276297
5253,INPUT_LN1_90_5.txt,OUTPUT_SKIN2_90_5.txt,23,0.045443823,0.030695482,0.030687159,0.030688938,0.030695418,0.030695022
5254,INPUT_LN1_90_5.txt,OUTPUT_SKIN3_90_5.txt,23,0.079209316,0.095160959,0.095128615,0.09514186,0.095138437,0.095156608
5255,INPUT_LN1_90_5.txt,OUTPUT_SKIN4_90_5.txt,23,0.22271578,0.242620347,0.242697481,0.242667564,0.242637157,0.242789864
5256,INPUT_LN1_90_5.txt,OUTPUT_SKIN5_90_5.txt,23,0.070386267,0.056216445,0.056218803,0.056218263,0.056219483,0.056224725
5257,INPUT_LN1_90_5.txt,OUTPUT_SKIN6_90_5.txt,23,0.201516305,0.177480128,0.177446752,0.177438212,0.177453757,0.17747215
5258,INPUT_LN1_90_5.txt,OUTPUT_SKIN7_90_5.txt,23,0.087954263,0.121343263,0.121300247,0.121347587,0.121340715,0.121311506
5259,INPUT_LN1_90_5.txt,OUTPUT_SKIN8_90_5.txt,23,0.719745874,0.546417877,0.546275047,0.54657312,0.546524518,0.546662256
5260,INPUT_LN1_90_5.txt,OUTPUT_SKIN9_90_5.txt,23,0.022059768,0.01623254,0.01623532,0.016233027,0.016234258,0.016237479
5261,INPUT_LN2_90_5.txt,OUTPUT_BM1_90_5.txt,23,1.033198764,0.966991177,0.967616253,0.967954353,0.967973364,0.967658641
5262,INPUT_LN2_90_5.txt,OUTPUT_BM2_90_5.txt,23,1.460676541,1.13988953,1.140294047,1.139805363,1.140417165,1.14037764
5263,INPUT_LN2_90_5.txt,OUTPUT_GUT_90_5.txt,23,12.6587403,11.22731576,11.2328296,11.23157969,11.23324311,11.23327836
5264,INPUT_LN2_90_5.txt,OUTPUT_L_90_5.txt,23,2.77133668,2.291873198,2.293049866,2.29131005,2.291850491,2.292282474
5265,INPUT_LN2_90_5.txt,OUTPUT_LN1_90_5.txt,23,0.033235972,0.046968058,0.04699348,0.046984101,0.04698634,0.046985736
5266,INPUT_LN2_90_5.txt,OUTPUT_LN2_90_5.txt,23,-490870,-245989,-245913,-245932.5,-245896.5,-245906
5267,INPUT_LN2_90_5.txt,OUTPUT_LUNG_90_5.txt,23,0.026110734,0.036625894,0.036644716,0.036635736,0.036647693,0.036638911
5268,INPUT_LN2_90_5.txt,OUTPUT_S_90_5.txt,23,1.525280258,1.579013687,1.580054309,1.579083968,1.580383456,1.579741867
5269,INPUT_LN2_90_5.txt,OUTPUT_SKIN1_90_5.txt,23,0.129658021,0.205789314,0.205857468,0.205854584,0.205873695,0.205881535
5270,INPUT_LN2_90_5.txt,OUTPUT_SKIN10_90_5.txt,23,0.058522581,0.04480092,0.044814552,0.044811153,0.044817671,0.04481605
5271,INPUT_LN2_90_5.txt,OUTPUT_SKIN11_90_5.txt,23,0.053585331,0.049857337,0.04987415,0.049868643,0.049877154,0.049875228
5272,INPUT_LN2_90_5.txt,OUTPUT_SKIN12_90_5.txt,23,0.04920794,0.047756413,0.047771203,0.047767409,0.04777441,0.047772566
5273,INPUT_LN2_90_5.txt,OUTPUT_SKIN2_90_5.txt,23,0.038112684,0.097562092,0.09759938,0.097591717,0.097598699,0.097594932
5274,INPUT_LN2_90_5.txt,OUTPUT_SKIN3_90_5.txt,23,0.135169796,0.120016853,0.120027035,0.120027058,0.120034294,0.120054417
5275,INPUT_LN2_90_5.txt,OUTPUT_SKIN4_90_5.txt,23,0.224315867,0.240710022,0.240883211,0.24082214,0.240818498,0.240963874
5276,INPUT_LN2_90_5.txt,OUTPUT_SKIN5_90_5.txt,23,0.101322369,0.112485115,0.112538461,0.112519924,0.112530438,0.112542104
5277,INPUT_LN2_90_5.txt,OUTPUT_SKIN6_90_5.txt,23,0.289596635,0.258781485,0.258808761,0.258797114,0.258833469,0.258906186
5278,INPUT_LN2_90_5.txt,OUTPUT_SKIN7_90_5.txt,23,0.134714842,0.121132314,0.121133869,0.121162806,0.12117618,0.12113685
5279,INPUT_LN2_90_5.txt,OUTPUT_SKIN8_90_5.txt,23,0.295949528,0.519778754,0.51987767,0.520072971,0.520104944,0.520061017
5280,INPUT_LN2_90_5.txt,OUTPUT_SKIN9_90_5.txt,23,0.012069215,0.02635635,0.026372943,0.02636493,0.026369568,0.026374762
5281,INPUT_LUNG_90_5.txt,OUTPUT_BM1_90_5.txt,23,1.724631208,1.619189585,1.619581541,1.620364191,1.620043428,1.619738355
5282,INPUT_LUNG_90_5.txt,OUTPUT_BM2_90_5.txt,23,10.53750779,7.9187008,7.918819671,7.916869653,7.919059955,7.919299325
5283,INPUT_LUNG_90_5.txt,OUTPUT_GUT_90_5.txt,23,0.403627284,0.360604339,0.360567155,0.360597286,0.360564591,0.360601133
5284,INPUT_LUNG_90_5.txt,OUTPUT_L_90_5.txt,23,7.360394553,5.848943865,5.850544311,5.84664988,5.846651008,5.848013378
5285,INPUT_LUNG_90_5.txt,OUTPUT_LN1_90_5.txt,23,0.058747199,0.037888872,0.037893784,0.037892367,0.037885223,0.037890002
5286,INPUT_LUNG_90_5.txt,OUTPUT_LN2_90_5.txt,23,0.319771152,0.167541981,0.167421711,0.167461983,0.167398133,0.167427744
5287,INPUT_LUNG_90_5.txt,OUTPUT_LUNG_90_5.txt,23,-566779,-283679,-283708,-283684.5,-283710,-283681.5
5288,INPUT_LUNG_90_5.txt,OUTPUT_S_90_5.txt,23,2.625300439,2.220247383,2.220832186,2.219848472,2.221120124,2.220525039
5289,INPUT_LUNG_90_5.txt,OUTPUT_SKIN1_90_5.txt,23,0.310233993,0.356661262,0.356636273,0.35668038,0.356637657,0.356665623
5290,INPUT_LUNG_90_5.txt,OUTPUT_SKIN10_90_5.txt,23,0.098731728,0.09481603,0.094805529,0.094811217,0.094803973,0.094812632
5291,INPUT_LUNG_90_5.txt,OUTPUT_SKIN11_90_5.txt,23,0.164208643,0.124526184,0.124516826,0.124523337,0.124515094,0.124527639
5292,INPUT_LUNG_90_5.txt,OUTPUT_SKIN12_90_5.txt,23,0.034221192,0.039349918,0.039345891,0.039349154,0.039345614,0.039349571
5293,INPUT_LUNG_90_5.txt,OUTPUT_SKIN2_90_5.txt,23,0.057920592,0.0411872,0.041172346,0.04117561,0.041182996,0.041187137
5294,INPUT_LUNG_90_5.txt,OUTPUT_SKIN3_90_5.txt,23,0.147005265,0.133959816,0.133916023,0.133937757,0.13391419,0.133955085
5295,INPUT_LUNG_90_5.txt,OUTPUT_SKIN4_90_5.txt,23,0.605614277,0.476565363,0.476722431,0.476661317,0.476568121,0.476906043
5296,INPUT_LUNG_90_5.txt,OUTPUT_SKIN5_90_5.txt,23,0.171326,0.150960738,0.150969915,0.150965838,0.150944163,0.150984644
5297,INPUT_LUNG_90_5.txt,OUTPUT_SKIN6_90_5.txt,23,0.255322192,0.171831374,0.171878709,0.171807082,0.171880016,0.171841739
5298,INPUT_LUNG_90_5.txt,OUTPUT_SKIN7_90_5.txt,23,0.253315261,0.191548364,0.191467643,0.191545386,0.19152277,0.191484851
5299,INPUT_LUNG_90_5.txt,OUTPUT_SKIN8_90_5.txt,23,62.59747562,53.8766722,53.878392,53.88299984,53.884694,53.88175667
5300,INPUT_LUNG_90_5.txt,OUTPUT_SKIN9_90_5.txt,23,0.020827015,0.048568843,0.048579195,0.048572479,0.048569523,0.048585668
5301,INPUT_S_90_5.txt,OUTPUT_BM1_90_5.txt,23,95.56198498,86.13318786,86.14688406,86.22409769,86.16972171,86.16220793
5302,INPUT_S_90_5.txt,OUTPUT_BM2_90_5.txt,23,100.7980919,89.48472682,89.47300898,89.46564542,89.47025726,89.48762266
5303,INPUT_S_90_5.txt,OUTPUT_GUT_90_5.txt,23,0.521704425,0.465537544,0.46544952,0.465579511,0.465414977,0.465503811
5304,INPUT_S_90_5.txt,OUTPUT_L_90_5.txt,23,27.87423617,29.59470247,29.58694024,29.58350285,29.5796693,29.59175189
5305,INPUT_S_90_5.txt,OUTPUT_LN1_90_5.txt,23,0.027131337,0.025195723,0.025196899,0.025200763,0.025189548,0.025194908
5306,INPUT_S_90_5.txt,OUTPUT_LN2_90_5.txt,23,0.163476266,0.143241186,0.14312486,0.143187079,0.143095197,0.143133003
5307,INPUT_S_90_5.txt,OUTPUT_LUNG_90_5.txt,23,0.071714027,0.038346291,0.038347218,0.038351204,0.038344982,0.038344259
5308,INPUT_S_90_5.txt,OUTPUT_S_90_5.txt,23,-577400.5,-288922.5,-288976,-288897,-288997,-288943
5309,INPUT_S_90_5.txt,OUTPUT_SKIN1_90_5.txt,23,0.1510157,0.2034225,0.203390864,0.203453916,0.203377818,0.203411331
5310,INPUT_S_90_5.txt,OUTPUT_SKIN10_90_5.txt,23,0.084101988,0.072484396,0.072469812,0.072488042,0.072463939,0.072476936
5311,INPUT_S_90_5.txt,OUTPUT_SKIN11_90_5.txt,23,0.026211817,0.031473803,0.031468844,0.031476476,0.031466335,0.031472224
5312,INPUT_S_90_5.txt,OUTPUT_SKIN12_90_5.txt,23,0.013794001,0.014336557,0.014333901,0.014337823,0.014332858,0.014335539
5313,INPUT_S_90_5.txt,OUTPUT_SKIN2_90_5.txt,23,0.027654373,0.035403888,0.035388219,0.035397783,0.035395003,0.035401628
5314,INPUT_S_90_5.txt,OUTPUT_SKIN3_90_5.txt,23,0.07611207,0.07230073,0.072271968,0.072297149,0.072266228,0.072293653
5315,INPUT_S_90_5.txt,OUTPUT_SKIN4_90_5.txt,23,0.195520317,0.242122118,0.242161668,0.242181637,0.242091663,0.242236125
5316,INPUT_S_90_5.txt,OUTPUT_SKIN5_90_5.txt,23,0.040764067,0.059682726,0.059681339,0.059693566,0.059669881,0.059688439
5317,INPUT_S_90_5.txt,OUTPUT_SKIN6_90_5.txt,23,0.116994972,0.113559427,0.113580914,0.113556708,0.113573156,0.113557839
5318,INPUT_S_90_5.txt,OUTPUT_SKIN7_90_5.txt,23,0.115575835,0.083956813,0.083917256,0.083967823,0.083933061,0.083926538
5319,INPUT_S_90_5.txt,OUTPUT_SKIN8_90_5.txt,23,3.987213001,3.509557769,3.508339847,3.511135445,3.509357462,3.510843019
5320,INPUT_S_90_5.txt,OUTPUT_SKIN9_90_5.txt,23,0.142444641,0.19152314,0.191545854,0.191557594,0.191496292,0.191575241
5321,INPUT_SKIN1_90_5.txt,OUTPUT_BM1_90_5.txt,23,1.440827433,6.68736782,6.686759297,6.68600066,6.686285857,6.686768658
5322,INPUT_SKIN1_90_5.txt,OUTPUT_BM2_90_5.txt,23,6.339175335,5.58511164,5.584995584,5.585005932,5.584946671,5.585001698
5323,INPUT_SKIN1_90_5.txt,OUTPUT_GUT_90_5.txt,23,35.09971418,31.08347556,31.08302082,31.08323584,31.0830678,31.08403184
5324,INPUT_SKIN1_90_5.txt,OUTPUT_L_90_5.txt,23,6.376037476,5.641210084,5.641129111,5.641271723,5.641249545,5.6411718
5325,INPUT_SKIN1_90_5.txt,OUTPUT_LN1_90_5.txt,23,0.062073736,0.070264698,0.070279699,0.070269869,0.070264026,0.07026661
5326,INPUT_SKIN1_90_5.txt,OUTPUT_LN2_90_5.txt,23,0.783920811,0.54907315,0.548749912,0.548819422,0.548677415,0.548723971
5327,INPUT_SKIN1_90_5.txt,OUTPUT_LUNG_90_5.txt,23,0.674134411,0.547627061,0.547725213,0.547626855,0.547729529,0.54763011
5328,INPUT_SKIN1_90_5.txt,OUTPUT_S_90_5.txt,23,6.32657703,5.833129462,5.832770086,5.833026849,5.832633618,5.832958327
5329,INPUT_SKIN1_90_5.txt,OUTPUT_SKIN1_90_5.txt,23,-535869.5,-268453.5,-268458,-268463.5,-268459.5,-268456.5
5330,INPUT_SKIN1_90_5.txt,OUTPUT_SKIN10_90_5.txt,23,0.274707669,0.251851407,0.251847248,0.251835637,0.251842854,0.251842702
5331,INPUT_SKIN1_90_5.txt,OUTPUT_SKIN11_90_5.txt,23,0.512988822,0.442250198,0.442254779,0.442232225,0.442249302,0.442254317
5332,INPUT_SKIN1_90_5.txt,OUTPUT_SKIN12_90_5.txt,23,0.151262834,0.122257847,0.122255796,0.122253292,0.122255113,0.122256483
5333,INPUT_SKIN1_90_5.txt,OUTPUT_SKIN2_90_5.txt,23,0.25255636,0.210348468,0.210290547,0.210285467,0.210345287,0.210347647
5334,INPUT_SKIN1_90_5.txt,OUTPUT_SKIN3_90_5.txt,23,0.508784207,0.951786401,0.951552953,0.951610181,0.951541244,0.951749925
5335,INPUT_SKIN1_90_5.txt,OUTPUT_SKIN4_90_5.txt,23,1.183033096,1.185653722,1.186113242,1.185884699,1.18571091,1.186465433
5336,INPUT_SKIN1_90_5.txt,OUTPUT_SKIN5_90_5.txt,23,0.272944076,0.221018081,0.221049729,0.221021325,0.221013142,0.221051798
5337,INPUT_SKIN1_90_5.txt,OUTPUT_SKIN6_90_5.txt,23,0.696993535,0.66444332,0.664679871,0.664335666,0.664687149,0.664481145
5338,INPUT_SKIN1_90_5.txt,OUTPUT_SKIN7_90_5.txt,23,0.183390599,0.229140052,0.229066492,0.229132385,0.229129695,0.229066898
5339,INPUT_SKIN1_90_5.txt,OUTPUT_SKIN8_90_5.txt,23,0.327617137,12.0979949,12.09855874,12.0955238,12.09636691,12.09595113
5340,INPUT_SKIN1_90_5.txt,OUTPUT_SKIN9_90_5.txt,23,0.180549366,0.178155322,0.178202793,0.178163756,0.178171061,0.178210134
5341,INPUT_SKIN10_90_5.txt,OUTPUT_BM1_90_5.txt,23,1.319189227,1.771340921,1.77187052,1.772475369,1.772300163,1.771867566
5342,INPUT_SKIN10_90_5.txt,OUTPUT_BM2_90_5.txt,23,1.39470335,1.114260707,1.114332758,1.113972835,1.114366255,1.114361514
5343,INPUT_SKIN10_90_5.txt,OUTPUT_GUT_90_5.txt,23,0.530158289,0.346070779,0.346075887,0.346072056,0.346073333,0.346070779
5344,INPUT_SKIN10_90_5.txt,OUTPUT_L_90_5.txt,23,3.521724782,2.663168057,2.663756943,2.662305545,2.662462332,2.662872889
5345,INPUT_SKIN10_90_5.txt,OUTPUT_LN1_90_5.txt,23,2.841098965,2.7507352,2.751354359,2.751037451,2.750802468,2.750844855
5346,INPUT_SKIN10_90_5.txt,OUTPUT_LN2_90_5.txt,23,0.476278247,0.493508111,0.493219186,0.493289837,0.493150663,0.493184575
5347,INPUT_SKIN10_90_5.txt,OUTPUT_LUNG_90_5.txt,23,0.25620955,0.237743096,0.237798216,0.23775376,0.237800023,0.237747545
5348,INPUT_SKIN10_90_5.txt,OUTPUT_S_90_5.txt,23,1.86444621,1.686078489,1.686608966,1.685843757,1.686794954,1.686272204
5349,INPUT_SKIN10_90_5.txt,OUTPUT_SKIN1_90_5.txt,23,0.276783697,0.434366152,0.43437427,0.434407068,0.434375955,0.434447961
5350,INPUT_SKIN10_90_5.txt,OUTPUT_SKIN10_90_5.txt,23,-544605.5,-272114,-272110,-272113,-272112,-272114
5351,INPUT_SKIN10_90_5.txt,OUTPUT_SKIN11_90_5.txt,23,0.150865608,0.115846733,0.11585177,0.115846743,0.115850084,0.115849231
5352,INPUT_SKIN10_90_5.txt,OUTPUT_SKIN12_90_5.txt,23,0.133882532,0.115064037,0.115065732,0.115064462,0.115064884,0.115064037
5353,INPUT_SKIN10_90_5.txt,OUTPUT_SKIN2_90_5.txt,23,0.181195952,0.164546127,0.164504667,0.164502233,0.164548581,0.164547369
5354,INPUT_SKIN10_90_5.txt,OUTPUT_SKIN3_90_5.txt,23,0.139317091,0.088063083,0.088045122,0.088050945,0.088043909,0.088060812
5355,INPUT_SKIN10_90_5.txt,OUTPUT_SKIN4_90_5.txt,23,0.534315191,0.406704402,0.406879884,0.406800458,0.406740725,0.406999521
5356,INPUT_SKIN10_90_5.txt,OUTPUT_SKIN5_90_5.txt,23,0.20837468,0.314666781,0.314724115,0.314694772,0.314678783,0.31472073
5357,INPUT_SKIN10_90_5.txt,OUTPUT_SKIN6_90_5.txt,23,0.789935471,0.642824493,0.643077777,0.642747877,0.643082494,0.642869309
5358,INPUT_SKIN10_90_5.txt,OUTPUT_SKIN7_90_5.txt,23,0.116734998,0.16268761,0.162642635,0.162690242,0.162686725,0.162639642
5359,INPUT_SKIN10_90_5.txt,OUTPUT_SKIN8_90_5.txt,23,0.286661621,0.479526654,0.479478629,0.479684141,0.479646628,0.479620577
5360,INPUT_SKIN10_90_5.txt,OUTPUT_SKIN9_90_5.txt,23,0.051613107,0.053089184,0.05310518,0.053093926,0.05309552,0.053106323
5361,INPUT_SKIN11_90_5.txt,OUTPUT_BM1_90_5.txt,23,2.440676575,2.780430101,2.781108677,2.782042186,2.781749288,2.781151563
5362,INPUT_SKIN11_90_5.txt,OUTPUT_BM2_90_5.txt,23,1.571699142,1.584879851,1.584934319,1.584482329,1.584996941,1.585001706
5363,INPUT_SKIN11_90_5.txt,OUTPUT_GUT_90_5.txt,23,50.96420191,46.52342997,46.52280135,46.52350855,46.52295851,46.52295851
5364,INPUT_SKIN11_90_5.txt,OUTPUT_L_90_5.txt,23,4.791057178,4.721528778,4.721729259,4.720376706,4.720668827,4.721241129
5365,INPUT_SKIN11_90_5.txt,OUTPUT_LN1_90_5.txt,23,0.040627628,0.035628971,0.035636735,0.035633003,0.035629067,0.035629983
5366,INPUT_SKIN11_90_5.txt,OUTPUT_LN2_90_5.txt,23,0.806144364,0.813069402,0.812583728,0.812718317,0.812482083,0.812542708
5367,INPUT_SKIN11_90_5.txt,OUTPUT_LUNG_90_5.txt,23,0.031592664,0.207906345,0.207947649,0.207915069,0.207951401,0.207908026
5368,INPUT_SKIN11_90_5.txt,OUTPUT_S_90_5.txt,23,5.481261217,5.210980366,5.211835057,5.210547085,5.212217673,5.211280953
5369,INPUT_SKIN11_90_5.txt,OUTPUT_SKIN1_90_5.txt,23,0.527140021,0.473550988,0.473551144,0.473591706,0.473558035,0.47360784
5370,INPUT_SKIN11_90_5.txt,OUTPUT_SKIN10_90_5.txt,23,0.175901432,0.164349923,0.16434319,0.164345387,0.164344296,0.164344843
5371,INPUT_SKIN11_90_5.txt,OUTPUT_SKIN11_90_5.txt,23,-588365.5,-294611,-294615,-294610.5,-294614,-294614
5372,INPUT_SKIN11_90_5.txt,OUTPUT_SKIN12_90_5.txt,23,0.198139628,0.191807835,0.191805227,0.191808163,0.191805879,0.191805879
5373,INPUT_SKIN11_90_5.txt,OUTPUT_SKIN2_90_5.txt,23,0.192304203,0.168608402,0.168562571,0.168564539,0.168607908,0.168607908
5374,INPUT_SKIN11_90_5.txt,OUTPUT_SKIN3_90_5.txt,23,0.144014128,0.104090095,0.104065527,0.104075287,0.104065198,0.104086306
5375,INPUT_SKIN11_90_5.txt,OUTPUT_SKIN4_90_5.txt,23,1.03175817,0.819667935,0.819993219,0.819862219,0.819718356,0.820244931
5376,INPUT_SKIN11_90_5.txt,OUTPUT_SKIN5_90_5.txt,23,0.470476722,0.379622052,0.379677992,0.379642429,0.379618183,0.379680748
5377,INPUT_SKIN11_90_5.txt,OUTPUT_SKIN6_90_5.txt,23,0.620349932,0.628410168,0.628642142,0.628330748,0.628654569,0.628447531
5378,INPUT_SKIN11_90_5.txt,OUTPUT_SKIN7_90_5.txt,23,0.215877977,0.213891596,0.213821835,0.213892805,0.213886237,0.213821714
5379,INPUT_SKIN11_90_5.txt,OUTPUT_SKIN8_90_5.txt,23,1.391661986,1.289186426,1.289027587,1.289587859,1.289471876,1.289413317
5380,INPUT_SKIN11_90_5.txt,OUTPUT_SKIN9_90_5.txt,23,0.10050327,0.100165081,0.100192386,0.100173817,0.100175264,0.100196351
5381,INPUT_SKIN12_90_5.txt,OUTPUT_BM1_90_5.txt,23,0.734364658,0.705799478,0.705978084,0.70620647,0.706135186,0.705986352
5382,INPUT_SKIN12_90_5.txt,OUTPUT_BM2_90_5.txt,23,0.779716274,0.88571832,0.885750558,0.885561183,0.885774737,0.885776752
5383,INPUT_SKIN12_90_5.txt,OUTPUT_GUT_90_5.txt,23,0.494060986,0.387536794,0.387536794,0.387536775,0.387536794,0.387536794
5384,INPUT_SKIN12_90_5.txt,OUTPUT_L_90_5.txt,23,1.781193465,1.740304461,1.7402334,1.740130752,1.740189659,1.74029955
5385,INPUT_SKIN12_90_5.txt,OUTPUT_LN1_90_5.txt,23,0.141962217,0.123367778,0.123397015,0.123381936,0.123369402,0.123372651
5386,INPUT_SKIN12_90_5.txt,OUTPUT_LN2_90_5.txt,23,0.441330723,0.364098547,0.363897777,0.36395055,0.363853041,0.3638792
5387,INPUT_SKIN12_90_5.txt,OUTPUT_LUNG_90_5.txt,23,0.022048393,0.118150704,0.11817545,0.118155442,0.118177156,0.118152838
5388,INPUT_SKIN12_90_5.txt,OUTPUT_S_90_5.txt,23,1.438508879,1.252607285,1.252832501,1.252524382,1.25292089,1.252693589
5389,INPUT_SKIN12_90_5.txt,OUTPUT_SKIN1_90_5.txt,23,0.249934973,0.286969665,0.286979259,0.286991047,0.286982465,0.286976175
5390,INPUT_SKIN12_90_5.txt,OUTPUT_SKIN10_90_5.txt,23,0.207732127,0.150113677,0.150114096,0.150112572,0.150113326,0.150112554
5391,INPUT_SKIN12_90_5.txt,OUTPUT_SKIN11_90_5.txt,23,0.125199483,0.104306332,0.104309162,0.104305981,0.104308454,0.104308454
5392,INPUT_SKIN12_90_5.txt,OUTPUT_SKIN12_90_5.txt,23,-727125,-364024.5,-364024.5,-364024.5,-364024.5,-364024.5
5393,INPUT_SKIN12_90_5.txt,OUTPUT_SKIN2_90_5.txt,23,0.08455481,0.079385608,0.079365103,0.079364819,0.079386186,0.079386186
5394,INPUT_SKIN12_90_5.txt,OUTPUT_SKIN3_90_5.txt,23,0.209589318,0.218537406,0.218489618,0.218506482,0.218488212,0.218531781
5395,INPUT_SKIN12_90_5.txt,OUTPUT_SKIN4_90_5.txt,23,0.377233399,0.658468228,0.658752558,0.658623408,0.658529156,0.658946955
5396,INPUT_SKIN12_90_5.txt,OUTPUT_SKIN5_90_5.txt,23,0.155804137,0.150909391,0.150933512,0.150920624,0.150912822,0.150934083
5397,INPUT_SKIN12_90_5.txt,OUTPUT_SKIN6_90_5.txt,23,0.581023702,0.587906076,0.588127034,0.587833638,0.588134743,0.587945292
5398,INPUT_SKIN12_90_5.txt,OUTPUT_SKIN7_90_5.txt,23,0.074925205,0.08461985,0.08459478,0.084620823,0.084617921,0.084594459
5399,INPUT_SKIN12_90_5.txt,OUTPUT_SKIN8_90_5.txt,23,0.546554684,0.36545067,0.365411519,0.365562369,0.365533656,0.365516809
5400,INPUT_SKIN12_90_5.txt,OUTPUT_SKIN9_90_5.txt,23,0.078282951,0.070207767,0.070227679,0.070213733,0.070215548,0.070230197
5401,INPUT_SKIN2_90_5.txt,OUTPUT_BM1_90_5.txt,23,3.783925648,3.437132895,3.438531485,3.439717704,3.4389075,3.438115133
5402,INPUT_SKIN2_90_5.txt,OUTPUT_BM2_90_5.txt,23,1.696136208,1.628242163,1.628540187,1.628008752,1.628385804,1.628391148
5403,INPUT_SKIN2_90_5.txt,OUTPUT_GUT_90_5.txt,23,0.552700798,0.386115055,0.386165173,0.386165879,0.386113643,0.386113643
5404,INPUT_SKIN2_90_5.txt,OUTPUT_L_90_5.txt,23,4.131292499,3.517832663,3.51898094,3.517025418,3.516798006,3.517427179
5405,INPUT_SKIN2_90_5.txt,OUTPUT_LN1_90_5.txt,23,2.01526019,1.77342214,1.774066468,1.773857649,1.773438239,1.773483687
5406,INPUT_SKIN2_90_5.txt,OUTPUT_LN2_90_5.txt,23,0.701711417,0.58852789,0.588249983,0.588342129,0.588093779,0.588138553
5407,INPUT_SKIN2_90_5.txt,OUTPUT_LUNG_90_5.txt,23,0.150974456,0.14074513,0.140793982,0.140769285,0.14077753,0.140747275
5408,INPUT_SKIN2_90_5.txt,OUTPUT_S_90_5.txt,23,8.727456556,8.17442855,8.176911308,8.17487294,8.176334059,8.174930659
5409,INPUT_SKIN2_90_5.txt,OUTPUT_SKIN1_90_5.txt,23,0.418465565,0.347705731,0.347759832,0.34777976,0.347718227,0.347727854
5410,INPUT_SKIN2_90_5.txt,OUTPUT_SKIN10_90_5.txt,23,0.235379801,0.237892569,0.23791642,0.237922051,0.237888278,0.237891735
5411,INPUT_SKIN2_90_5.txt,OUTPUT_SKIN11_90_5.txt,23,0.172283831,0.125380604,0.125400193,0.125396607,0.12538269,0.12538269
5412,INPUT_SKIN2_90_5.txt,OUTPUT_SKIN12_90_5.txt,23,0.071728615,0.060359848,0.060367643,0.060367753,0.060359629,0.060359629
5413,INPUT_SKIN2_90_5.txt,OUTPUT_SKIN2_90_5.txt,23,-548927.5,-274870,-274834.5,-274834,-274871,-274871
5414,INPUT_SKIN2_90_5.txt,OUTPUT_SKIN3_90_5.txt,23,0.157308761,0.081828741,0.081819962,0.081826944,0.081808523,0.08182617
5415,INPUT_SKIN2_90_5.txt,OUTPUT_SKIN4_90_5.txt,23,0.568565256,0.462631509,0.462893803,0.462805585,0.462668839,0.462981259
5416,INPUT_SKIN2_90_5.txt,OUTPUT_SKIN5_90_5.txt,23,0.283505053,0.284270119,0.284353289,0.284329674,0.284276312,0.284316653
5417,INPUT_SKIN2_90_5.txt,OUTPUT_SKIN6_90_5.txt,23,0.649225322,0.531517836,0.531794345,0.531519978,0.531731851,0.531553338
5418,INPUT_SKIN2_90_5.txt,OUTPUT_SKIN7_90_5.txt,23,0.182392526,0.166135603,0.166105451,0.166159627,0.166132305,0.166082733
5419,INPUT_SKIN2_90_5.txt,OUTPUT_SKIN8_90_5.txt,23,0.293008851,16.4434168,16.44529923,16.44817317,16.44498433,16.44432891
5420,INPUT_SKIN2_90_5.txt,OUTPUT_SKIN9_90_5.txt,23,0.090530649,0.073443369,0.073476709,0.073460124,0.073452418,0.073469957
5421,INPUT_SKIN3_90_5.txt,OUTPUT_BM1_90_5.txt,23,1.643574059,2.3713468,2.371616507,2.371525799,2.371626939,2.371380517
5422,INPUT_SKIN3_90_5.txt,OUTPUT_BM2_90_5.txt,23,1.373904348,1.015013076,1.01515705,1.014918833,1.015184143,1.015083657
5423,INPUT_SKIN3_90_5.txt,OUTPUT_GUT_90_5.txt,23,0.818366976,0.678129985,0.678202452,0.678176989,0.678204619,0.678138734
5424,INPUT_SKIN3_90_5.txt,OUTPUT_L_90_5.txt,23,2.399996287,1.955581164,1.955755551,1.955621941,1.955757711,1.955607831
5425,INPUT_SKIN3_90_5.txt,OUTPUT_LN1_90_5.txt,23,0.053591954,0.107768372,0.107805756,0.107788325,0.107781944,0.107774022
5426,INPUT_SKIN3_90_5.txt,OUTPUT_LN2_90_5.txt,23,0.429082532,0.524959059,0.524747206,0.524796547,0.524687742,0.524671199
5427,INPUT_SKIN3_90_5.txt,OUTPUT_LUNG_90_5.txt,23,0.202045778,0.157964442,0.158014543,0.157981871,0.158017312,0.157969302
5428,INPUT_SKIN3_90_5.txt,OUTPUT_S_90_5.txt,23,2.490724746,2.14605304,2.146324917,2.146192481,2.146344422,2.146092726
5429,INPUT_SKIN3_90_5.txt,OUTPUT_SKIN1_90_5.txt,23,0.679396335,0.583617798,0.583701243,0.583702584,0.583709644,0.583638253
5430,INPUT_SKIN3_90_5.txt,OUTPUT_SKIN10_90_5.txt,23,0.281271794,0.231761636,0.23177075,0.231763713,0.231774904,0.231755112
5431,INPUT_SKIN3_90_5.txt,OUTPUT_SKIN11_90_5.txt,23,0.334371888,0.252652514,0.252687054,0.25266956,0.252686151,0.252660881
5432,INPUT_SKIN3_90_5.txt,OUTPUT_SKIN12_90_5.txt,23,0.650990819,0.550698344,0.550758781,0.55073744,0.550760556,0.550705438
5433,INPUT_SKIN3_90_5.txt,OUTPUT_SKIN2_90_5.txt,23,0.125545886,0.102017069,0.102001925,0.101997612,0.102029314,0.102019126
5434,INPUT_SKIN3_90_5.txt,OUTPUT_SKIN3_90_5.txt,23,-310850.5,-155361.5,-155344.5,-155350.5,-155344,-155359.5
5435,INPUT_SKIN3_90_5.txt,OUTPUT_SKIN4_90_5.txt,23,1.665240032,1.603574612,1.604398647,1.60406064,1.603863756,1.604719916
5436,INPUT_SKIN3_90_5.txt,OUTPUT_SKIN5_90_5.txt,23,0.239193142,0.197056936,0.197110062,0.197085938,0.197084041,0.197091748
5437,INPUT_SKIN3_90_5.txt,OUTPUT_SKIN6_90_5.txt,23,0.926530216,1.038183121,1.038689159,1.038126904,1.038704796,1.038263557
5438,INPUT_SKIN3_90_5.txt,OUTPUT_SKIN7_90_5.txt,23,1.736622562,1.189541729,1.189428816,1.189737496,1.189650043,1.189308587
5439,INPUT_SKIN3_90_5.txt,OUTPUT_SKIN8_90_5.txt,23,0.451918211,0.68946279,0.689473617,0.689697459,0.689680587,0.689579723
5440,INPUT_SKIN3_90_5.txt,OUTPUT_SKIN9_90_5.txt,23,0.138080394,0.108121966,0.108164224,0.108138715,0.108146047,0.108157597
5441,INPUT_SKIN4_90_5.txt,OUTPUT_BM1_90_5.txt,23,0.650847013,0.5489648,0.548950059,0.549121327,0.549130889,0.548873073
5442,INPUT_SKIN4_90_5.txt,OUTPUT_BM2_90_5.txt,23,0.790105252,0.693936733,0.69380682,0.693781199,0.69393608,0.693714925
5443,INPUT_SKIN4_90_5.txt,OUTPUT_GUT_90_5.txt,23,87.32695415,79.5831966,79.57740149,79.58156893,79.58473266,79.57080645
5444,INPUT_SKIN4_90_5.txt,OUTPUT_L_90_5.txt,23,0.902582488,0.852303505,0.852100066,0.852127035,0.85223479,0.851998721
5445,INPUT_SKIN4_90_5.txt,OUTPUT_LN1_90_5.txt,23,0.064501215,0.043457407,0.043458844,0.043457284,0.043456424,0.043443813
5446,INPUT_SKIN4_90_5.txt,OUTPUT_LN2_90_5.txt,23,0.569563436,0.589207119,0.588866927,0.588976522,0.588913413,0.588758727
5447,INPUT_SKIN4_90_5.txt,OUTPUT_LUNG_90_5.txt,23,0.757040077,0.646602212,0.64657013,0.646544581,0.646688436,0.646379776
5448,INPUT_SKIN4_90_5.txt,OUTPUT_S_90_5.txt,23,0.639894643,0.493332934,0.493329176,0.493227775,0.493451892,0.493195461
5449,INPUT_SKIN4_90_5.txt,OUTPUT_SKIN1_90_5.txt,23,0.483512505,0.408209671,0.408139069,0.408191812,0.40821313,0.408074122
5450,INPUT_SKIN4_90_5.txt,OUTPUT_SKIN10_90_5.txt,23,0.08928462,0.093404649,0.093378911,0.093387888,0.093396116,0.093367867
5451,INPUT_SKIN4_90_5.txt,OUTPUT_SKIN11_90_5.txt,23,0.13523833,0.107595248,0.107576168,0.107582209,0.107593652,0.107559538
5452,INPUT_SKIN4_90_5.txt,OUTPUT_SKIN12_90_5.txt,23,0.056836175,0.054290222,0.054279082,0.05428384,0.054288275,0.054271081
5453,INPUT_SKIN4_90_5.txt,OUTPUT_SKIN2_90_5.txt,23,0.056072045,0.046726101,0.046704561,0.046708488,0.046724762,0.046709964
5454,INPUT_SKIN4_90_5.txt,OUTPUT_SKIN3_90_5.txt,23,0.054804432,0.050122106,0.050100853,0.050109118,0.050109015,0.050103149
5455,INPUT_SKIN4_90_5.txt,OUTPUT_SKIN4_90_5.txt,23,-1003011,-502283,-502386,-502342,-502301,-502460
5456,INPUT_SKIN4_90_5.txt,OUTPUT_SKIN5_90_5.txt,23,0.083809468,0.177761408,0.177753886,0.17774993,0.177755037,0.1777283
5457,INPUT_SKIN4_90_5.txt,OUTPUT_SKIN6_90_5.txt,23,0.501606337,0.425337717,0.42540325,0.425234833,0.425481771,0.425216674
5458,INPUT_SKIN4_90_5.txt,OUTPUT_SKIN7_90_5.txt,23,0.086161598,0.075662989,0.075624545,0.075654379,0.075658552,0.075613107
5459,INPUT_SKIN4_90_5.txt,OUTPUT_SKIN8_90_5.txt,23,0.139763018,1.100824469,1.100554021,1.100811332,1.100879718,1.100468417
5460,INPUT_SKIN4_90_5.txt,OUTPUT_SKIN9_90_5.txt,23,0.038344023,0.029995175,0.029997526,0.029994191,0.029997424,0.02999418
5461,INPUT_SKIN5_90_5.txt,OUTPUT_BM1_90_5.txt,23,1.506737268,1.571148634,1.571377356,1.571901087,1.571814219,1.571390864
5462,INPUT_SKIN5_90_5.txt,OUTPUT_BM2_90_5.txt,23,5.512302343,4.788606788,4.788183497,4.788683456,4.788538425,4.788143328
5463,INPUT_SKIN5_90_5.txt,OUTPUT_GUT_90_5.txt,23,43.87376705,38.59321323,38.60115679,38.59237944,38.59440449,38.6022901
5464,INPUT_SKIN5_90_5.txt,OUTPUT_L_90_5.txt,23,3.052921119,3.912701334,3.912332128,3.912518493,3.912670183,3.912389635
5465,INPUT_SKIN5_90_5.txt,OUTPUT_LN1_90_5.txt,23,11.13799834,9.725174854,9.723877376,9.724563673,9.725153061,9.724462939
5466,INPUT_SKIN5_90_5.txt,OUTPUT_LN2_90_5.txt,23,0.645249607,0.360495513,0.360257802,0.360330886,0.360240373,0.360237831
5467,INPUT_SKIN5_90_5.txt,OUTPUT_LUNG_90_5.txt,23,0.548564197,0.483854872,0.483914886,0.483861013,0.48396017,0.483823959
5468,INPUT_SKIN5_90_5.txt,OUTPUT_S_90_5.txt,23,2.251654346,2.314681932,2.314879563,2.314439298,2.315213758,2.314639766
5469,INPUT_SKIN5_90_5.txt,OUTPUT_SKIN1_90_5.txt,23,0.707207669,0.679268966,0.67924028,0.679301685,0.679299157,0.679232058
5470,INPUT_SKIN5_90_5.txt,OUTPUT_SKIN10_90_5.txt,23,0.214266132,0.155395421,0.155378674,0.155390274,0.155393129,0.155382967
5471,INPUT_SKIN5_90_5.txt,OUTPUT_SKIN11_90_5.txt,23,0.299209512,0.246024529,0.246012162,0.246017335,0.246029517,0.246010101
5472,INPUT_SKIN5_90_5.txt,OUTPUT_SKIN12_90_5.txt,23,0.078545362,0.357078428,0.357050561,0.357069195,0.357078468,0.357049955
5473,INPUT_SKIN5_90_5.txt,OUTPUT_SKIN2_90_5.txt,23,0.632880835,0.363469113,0.3633464,0.363364517,0.363471767,0.363442262
5474,INPUT_SKIN5_90_5.txt,OUTPUT_SKIN3_90_5.txt,23,0.503927653,0.506844558,0.506694396,0.506759608,0.506730317,0.506791682
5475,INPUT_SKIN5_90_5.txt,OUTPUT_SKIN4_90_5.txt,23,1.105901076,3.008262603,3.009584392,3.008854147,3.008866446,3.010416341
5476,INPUT_SKIN5_90_5.txt,OUTPUT_SKIN5_90_5.txt,23,-542375.5,-271429.5,-271451,-271436.5,-271429.5,-271451.5
5477,INPUT_SKIN5_90_5.txt,OUTPUT_SKIN6_90_5.txt,23,0.637297306,1.117900684,1.11824056,1.117735446,1.11834013,1.117892547
5478,INPUT_SKIN5_90_5.txt,OUTPUT_SKIN7_90_5.txt,23,0.105843435,0.115920249,0.115875847,0.115917699,0.115917608,0.115875198
5479,INPUT_SKIN5_90_5.txt,OUTPUT_SKIN8_90_5.txt,23,0.592462384,0.529334706,0.529236097,0.529484642,0.529457113,0.529390494
5480,INPUT_SKIN5_90_5.txt,OUTPUT_SKIN9_90_5.txt,23,0.090400244,0.099912827,0.099933428,0.099918739,0.099923935,0.099936847
5481,INPUT_SKIN6_90_5.txt,OUTPUT_BM1_90_5.txt,23,4.659179701,4.659645329,4.658485358,4.659153056,4.658024477,4.659110429
5482,INPUT_SKIN6_90_5.txt,OUTPUT_BM2_90_5.txt,23,4.076630321,4.08328542,4.082498054,4.083704762,4.082342434,4.08308493
5483,INPUT_SKIN6_90_5.txt,OUTPUT_GUT_90_5.txt,23,65.75554623,66.5673611,66.54213981,66.54988295,66.54240097,66.56479363
5484,INPUT_SKIN6_90_5.txt,OUTPUT_L_90_5.txt,23,3.930856424,3.936356627,3.935659155,3.936824612,3.935647708,3.936241467
5485,INPUT_SKIN6_90_5.txt,OUTPUT_LN1_90_5.txt,23,8.554119778,8.464597922,8.46238439,8.464833751,8.462701363,8.464188994
5486,INPUT_SKIN6_90_5.txt,OUTPUT_LN2_90_5.txt,23,8.315727798,8.305977843,8.307816895,8.309138266,8.307895662,8.309417962
5487,INPUT_SKIN6_90_5.txt,OUTPUT_LUNG_90_5.txt,23,8.664570361,8.21750081,8.217674259,8.218195637,8.217506458,8.217001451
5488,INPUT_SKIN6_90_5.txt,OUTPUT_S_90_5.txt,23,4.052935228,4.064121871,4.063181434,4.064470789,4.062968276,4.063898744
5489,INPUT_SKIN6_90_5.txt,OUTPUT_SKIN1_90_5.txt,23,57.01301662,56.77462191,56.81393401,56.78303705,56.81329136,56.76639418
5490,INPUT_SKIN6_90_5.txt,OUTPUT_SKIN10_90_5.txt,23,30.9475324,31.49111558,31.48898554,31.49349864,31.48910029,31.48961286
5491,INPUT_SKIN6_90_5.txt,OUTPUT_SKIN11_90_5.txt,23,37.2787993,37.16800975,37.16779947,37.17034521,37.16663951,37.16617073
5492,INPUT_SKIN6_90_5.txt,OUTPUT_SKIN12_90_5.txt,23,37.02548292,37.49300993,37.49477245,37.4952237,37.49418834,37.48980528
5493,INPUT_SKIN6_90_5.txt,OUTPUT_SKIN2_90_5.txt,23,19.59132451,19.41678647,19.41132103,19.41407644,19.41518837,19.41573594
5494,INPUT_SKIN6_90_5.txt,OUTPUT_SKIN3_90_5.txt,23,29.04762246,25.4416712,25.43220538,25.4392556,25.43187218,25.43961501
5495,INPUT_SKIN6_90_5.txt,OUTPUT_SKIN4_90_5.txt,23,112.8000361,112.5663173,112.4723303,112.5120364,112.511637,112.5082731
5496,INPUT_SKIN6_90_5.txt,OUTPUT_SKIN5_90_5.txt,23,63.95436286,62.56877146,62.59441308,62.57868179,62.58065532,62.57638105
5497,INPUT_SKIN6_90_5.txt,OUTPUT_SKIN6_90_5.txt,23,-1241377,-629012.5,-629129,-628975,-629133,-629034
5498,INPUT_SKIN6_90_5.txt,OUTPUT_SKIN7_90_5.txt,23,10.33944603,11.27426521,11.27009563,11.27499427,11.27254505,11.27092953
5499,INPUT_SKIN6_90_5.txt,OUTPUT_SKIN8_90_5.txt,23,9.073582678,9.11981127,9.118810926,9.118447003,9.11643668,9.117708024
5500,INPUT_SKIN6_90_5.txt,OUTPUT_SKIN9_90_5.txt,23,7.224073137,7.137932632,7.136851679,7.138476991,7.136533257,7.138001195
5501,INPUT_SKIN7_90_5.txt,OUTPUT_BM1_90_5.txt,23,1.267951952,2.325298626,2.324961806,2.326504334,2.326265572,2.324975374
5502,INPUT_SKIN7_90_5.txt,OUTPUT_BM2_90_5.txt,23,1.271173081,1.17371595,1.173600672,1.173431327,1.173807305,1.173642846
5503,INPUT_SKIN7_90_5.txt,OUTPUT_GUT_90_5.txt,23,42.61413778,37.71071665,37.72033103,37.71081374,37.71141727,37.72044857
5504,INPUT_SKIN7_90_5.txt,OUTPUT_L_90_5.txt,23,3.195167731,2.957428098,2.9559763,2.956719895,2.956749963,2.955300411
5505,INPUT_SKIN7_90_5.txt,OUTPUT_LN1_90_5.txt,23,0.072673641,0.069420069,0.069447069,0.069428049,0.069421776,0.069433161
5506,INPUT_SKIN7_90_5.txt,OUTPUT_LN2_90_5.txt,23,0.469387028,1.431855405,1.431060337,1.431299278,1.430937535,1.430990063
5507,INPUT_SKIN7_90_5.txt,OUTPUT_LUNG_90_5.txt,23,0.156398496,0.125269283,0.125314152,0.125274097,0.125299097,0.125290081
5508,INPUT_SKIN7_90_5.txt,OUTPUT_S_90_5.txt,23,3.29605246,3.169365061,3.167869302,3.169111865,3.17008775,3.167481957
5509,INPUT_SKIN7_90_5.txt,OUTPUT_SKIN1_90_5.txt,23,0.300089885,0.490529744,0.49062128,0.490565633,0.49055745,0.490616673
5510,INPUT_SKIN7_90_5.txt,OUTPUT_SKIN10_90_5.txt,23,0.247349275,0.192011293,0.192024431,0.191995714,0.192000305,0.192030449
5511,INPUT_SKIN7_90_5.txt,OUTPUT_SKIN11_90_5.txt,23,0.184690674,0.129636205,0.129659427,0.129635518,0.129640323,0.129658793
5512,INPUT_SKIN7_90_5.txt,OUTPUT_SKIN12_90_5.txt,23,0.139066886,0.094606173,0.094620604,0.094605993,0.094607255,0.094620784
5513,INPUT_SKIN7_90_5.txt,OUTPUT_SKIN2_90_5.txt,23,0.101036065,0.100298548,0.100287815,0.100272088,0.100300419,0.100314644
5514,INPUT_SKIN7_90_5.txt,OUTPUT_SKIN3_90_5.txt,23,0.163366995,0.387532702,0.387504843,0.387475524,0.387447359,0.387582521
5515,INPUT_SKIN7_90_5.txt,OUTPUT_SKIN4_90_5.txt,23,0.501524253,0.699342584,0.699738412,0.699506268,0.699400962,0.699960394
5516,INPUT_SKIN7_90_5.txt,OUTPUT_SKIN5_90_5.txt,23,0.182891382,0.209852462,0.209918325,0.209863047,0.209854869,0.20991952
5517,INPUT_SKIN7_90_5.txt,OUTPUT_SKIN6_90_5.txt,23,0.626660718,0.565482067,0.565781188,0.565411611,0.565708913,0.5656086
5518,INPUT_SKIN7_90_5.txt,OUTPUT_SKIN7_90_5.txt,23,-524158.5,-262628.5,-262588.5,-262629,-262625.5,-262588
5519,INPUT_SKIN7_90_5.txt,OUTPUT_SKIN8_90_5.txt,23,0.300482443,0.503168089,0.503160276,0.503328028,0.50329253,0.503314353
5520,INPUT_SKIN7_90_5.txt,OUTPUT_SKIN9_90_5.txt,23,0.065004934,0.05446752,0.054491255,0.054472077,0.054474226,0.054493329
5521,INPUT_SKIN8_90_5.txt,OUTPUT_BM1_90_5.txt,23,1.03301749,1.341853117,1.34238748,1.342662282,1.342551382,1.342202585
5522,INPUT_SKIN8_90_5.txt,OUTPUT_BM2_90_5.txt,23,2.149499972,1.782306745,1.78250479,1.781506397,1.782269868,1.782320096
5523,INPUT_SKIN8_90_5.txt,OUTPUT_GUT_90_5.txt,23,0.489547561,0.410717039,0.410741803,0.410647254,0.410664968,0.410674388
5524,INPUT_SKIN8_90_5.txt,OUTPUT_L_90_5.txt,23,2.749899626,2.951144944,2.95198452,2.949374872,2.949758962,2.950490059
5525,INPUT_SKIN8_90_5.txt,OUTPUT_LN1_90_5.txt,23,0.066451532,0.040437188,0.040448973,0.040434918,0.040432642,0.040434629
5526,INPUT_SKIN8_90_5.txt,OUTPUT_LN2_90_5.txt,23,0.360196702,0.402528306,0.402300816,0.402274101,0.402172181,0.402213007
5527,INPUT_SKIN8_90_5.txt,OUTPUT_LUNG_90_5.txt,23,0.051578682,0.167068285,0.167114778,0.167047127,0.167086358,0.167054364
5528,INPUT_SKIN8_90_5.txt,OUTPUT_S_90_5.txt,23,1.907374363,2.291906646,2.292851792,2.291162289,2.29278388,2.292013232
5529,INPUT_SKIN8_90_5.txt,OUTPUT_SKIN1_90_5.txt,23,0.347413822,0.435075318,0.435114722,0.435034453,0.435038007,0.435048432
5530,INPUT_SKIN8_90_5.txt,OUTPUT_SKIN10_90_5.txt,23,0.141741054,0.142848232,0.142850925,0.142816934,0.142824678,0.142828249
5531,INPUT_SKIN8_90_5.txt,OUTPUT_SKIN11_90_5.txt,23,0.113250153,0.103636467,0.10364547,0.103618674,0.103625558,0.103627972
5532,INPUT_SKIN8_90_5.txt,OUTPUT_SKIN12_90_5.txt,23,0.079151808,0.064324601,0.064328435,0.064313788,0.064316525,0.064318024
5533,INPUT_SKIN8_90_5.txt,OUTPUT_SKIN2_90_5.txt,23,0.119014745,0.11693795,0.116914784,0.116887711,0.116924105,0.116926829
5534,INPUT_SKIN8_90_5.txt,OUTPUT_SKIN3_90_5.txt,23,0.205219399,0.196215154,0.196183291,0.196153761,0.196145518,0.196189745
5535,INPUT_SKIN8_90_5.txt,OUTPUT_SKIN4_90_5.txt,23,0.462718085,0.503332816,0.503567669,0.503360053,0.503310717,0.503638596
5536,INPUT_SKIN8_90_5.txt,OUTPUT_SKIN5_90_5.txt,23,0.174296281,0.172149227,0.172187921,0.172133339,0.172131464,0.172160582
5537,INPUT_SKIN8_90_5.txt,OUTPUT_SKIN6_90_5.txt,23,0.392963017,0.392941032,0.393106348,0.392826253,0.393038495,0.392928407
5538,INPUT_SKIN8_90_5.txt,OUTPUT_SKIN7_90_5.txt,23,0.063258711,0.093627373,0.093605066,0.093612632,0.093613535,0.093589543
5539,INPUT_SKIN8_90_5.txt,OUTPUT_SKIN8_90_5.txt,23,-470134.5,-235426.5,-235412.5,-235466,-235456,-235450.5
5540,INPUT_SKIN8_90_5.txt,OUTPUT_SKIN9_90_5.txt,23,0.066240065,0.060073935,0.060094775,0.060069008,0.060073148,0.060087252
5541,INPUT_SKIN9_90_5.txt,OUTPUT_BM1_90_5.txt,23,0.679684918,0.96952693,0.969725006,0.970224836,0.970094016,0.969723694
5542,INPUT_SKIN9_90_5.txt,OUTPUT_BM2_90_5.txt,23,1.744281385,1.649424107,1.649305812,1.648888229,1.649500487,1.649352742
5543,INPUT_SKIN9_90_5.txt,OUTPUT_GUT_90_5.txt,23,0.169082609,0.154339344,0.154317112,0.1543327,0.154330655,0.154314302
5544,INPUT_SKIN9_90_5.txt,OUTPUT_L_90_5.txt,23,4.17227742,4.1354338,4.13531283,4.133569091,4.134096682,4.134658421
5545,INPUT_SKIN9_90_5.txt,OUTPUT_LN1_90_5.txt,23,0.12729976,0.110263379,0.110274457,0.1102716,0.110258696,0.110250058
5546,INPUT_SKIN9_90_5.txt,OUTPUT_LN2_90_5.txt,23,0.430841843,0.449800699,0.44944556,0.449561815,0.449435987,0.449411805
5547,INPUT_SKIN9_90_5.txt,OUTPUT_LUNG_90_5.txt,23,0.046443558,0.065915944,0.065919957,0.065915671,0.065926652,0.065906446
5548,INPUT_SKIN9_90_5.txt,OUTPUT_S_90_5.txt,23,2.107485196,2.26566313,2.266182382,2.265205215,2.266658109,2.265660396
5549,INPUT_SKIN9_90_5.txt,OUTPUT_SKIN1_90_5.txt,23,0.253698915,0.213447878,0.213423314,0.213443857,0.213441516,0.213411106
5550,INPUT_SKIN9_90_5.txt,OUTPUT_SKIN10_90_5.txt,23,0.161223727,0.110870004,0.110852972,0.110864111,0.110862835,0.110851247
5551,INPUT_SKIN9_90_5.txt,OUTPUT_SKIN11_90_5.txt,23,0.134756027,0.128255697,0.128240719,0.128249745,0.128251094,0.128237515
5552,INPUT_SKIN9_90_5.txt,OUTPUT_SKIN12_90_5.txt,23,0.087144425,0.081067825,0.081056165,0.08106434,0.081063268,0.08105469
5553,INPUT_SKIN9_90_5.txt,OUTPUT_SKIN2_90_5.txt,23,0.130613552,0.126393174,0.12636578,0.126378395,0.126386328,0.126372955
5554,INPUT_SKIN9_90_5.txt,OUTPUT_SKIN3_90_5.txt,23,0.105937734,0.102569367,0.102544036,0.102556983,0.102552366,0.102549279
5555,INPUT_SKIN9_90_5.txt,OUTPUT_SKIN4_90_5.txt,23,0.207826016,0.183409089,0.183327557,0.183372896,0.18339468,0.183288609
5556,INPUT_SKIN9_90_5.txt,OUTPUT_SKIN5_90_5.txt,23,0.164688321,0.180531597,0.180534075,0.180532638,0.18052303,0.180531873
5557,INPUT_SKIN9_90_5.txt,OUTPUT_SKIN6_90_5.txt,23,0.338328307,0.320770539,0.320768423,0.320778233,0.320774194,0.320752804
5558,INPUT_SKIN9_90_5.txt,OUTPUT_SKIN7_90_5.txt,23,0.100489641,0.050276328,0.050253843,0.050274424,0.050272354,0.050252738
5559,INPUT_SKIN9_90_5.txt,OUTPUT_SKIN8_90_5.txt,23,0.249509284,1.877968085,1.877463364,1.87851856,1.878285468,1.878312642
5560,INPUT_SKIN9_90_5.txt,OUTPUT_SKIN9_90_5.txt,23,-604829.5,-302922.5,-302966,-302935.5,-302939.5,-302971.5
5561,INPUT_BM1_90_5.txt,OUTPUT_BM1_90_5.txt,24,-649101,-325204,-325152.5,-325019,-325167,-325108.5
5562,INPUT_BM1_90_5.txt,OUTPUT_BM2_90_5.txt,24,0.213050118,0.235803199,0.235893015,0.235979023,0.236013562,0.236200757
5563,INPUT_BM1_90_5.txt,OUTPUT_GUT_90_5.txt,24,0.323526001,0.332663584,0.332742784,0.332874953,0.332804092,0.332921905
5564,INPUT_BM1_90_5.txt,OUTPUT_L_90_5.txt,24,3.024171653,2.651596808,2.652630902,2.654244599,2.652967078,2.652099953
5565,INPUT_BM1_90_5.txt,OUTPUT_LN1_90_5.txt,24,0.3875806,0.379585692,0.3796384,0.379792769,0.379627835,0.379701226
5566,INPUT_BM1_90_5.txt,OUTPUT_LN2_90_5.txt,24,0.578676575,0.38175475,0.381821283,0.382041319,0.381771662,0.381770186
5567,INPUT_BM1_90_5.txt,OUTPUT_LUNG_90_5.txt,24,0.058892931,0.069986953,0.069998071,0.070026901,0.069994942,0.070007571
5568,INPUT_BM1_90_5.txt,OUTPUT_S_90_5.txt,24,11.92465896,10.2243447,10.22841776,10.23133815,10.23276945,10.23603693
5569,INPUT_BM1_90_5.txt,OUTPUT_SKIN1_90_5.txt,24,0.162622944,0.166768896,0.166736124,0.16679676,0.166780507,0.166787645
5570,INPUT_BM1_90_5.txt,OUTPUT_SKIN10_90_5.txt,24,0.161537945,0.16892682,0.168991162,0.169038397,0.168963636,0.168999559
5571,INPUT_BM1_90_5.txt,OUTPUT_SKIN11_90_5.txt,24,0.145944617,0.156129618,0.156139443,0.15614601,0.156090169,0.156119271
5572,INPUT_BM1_90_5.txt,OUTPUT_SKIN12_90_5.txt,24,0.031259983,0.02347978,0.023508961,0.023523122,0.023485028,0.02349462
5573,INPUT_BM1_90_5.txt,OUTPUT_SKIN2_90_5.txt,24,0.083562196,0.070208904,0.070220932,0.070248217,0.07021706,0.070228838
5574,INPUT_BM1_90_5.txt,OUTPUT_SKIN3_90_5.txt,24,0.045928713,0.040979751,0.040986254,0.040998569,0.040983724,0.040988313
5575,INPUT_BM1_90_5.txt,OUTPUT_SKIN4_90_5.txt,24,0.272086454,0.248934528,0.248989696,0.249091926,0.248976436,0.249026505
5576,INPUT_BM1_90_5.txt,OUTPUT_SKIN5_90_5.txt,24,0.130080605,0.153718557,0.153743061,0.153806579,0.153736165,0.15376399
5577,INPUT_BM1_90_5.txt,OUTPUT_SKIN6_90_5.txt,24,0.131548215,0.164163992,0.164185482,0.164275365,0.164182787,0.16421931
5578,INPUT_BM1_90_5.txt,OUTPUT_SKIN7_90_5.txt,24,0.086355813,0.091693034,0.091707921,0.09174541,0.091702273,0.09171883
5579,INPUT_BM1_90_5.txt,OUTPUT_SKIN8_90_5.txt,24,0.272197817,0.223867802,0.223918625,0.224025652,0.223898136,0.223947755
5580,INPUT_BM1_90_5.txt,OUTPUT_SKIN9_90_5.txt,24,0.223548424,0.213226146,0.213405451,0.213468388,0.213292646,0.213456044
5581,INPUT_BM2_90_5.txt,OUTPUT_BM1_90_5.txt,24,0.882249286,0.389702094,0.389534322,0.389223934,0.389461185,0.389202368
5582,INPUT_BM2_90_5.txt,OUTPUT_BM2_90_5.txt,24,-558565.5,-279124.5,-279155.5,-279149,-279233,-279318.5
5583,INPUT_BM2_90_5.txt,OUTPUT_GUT_90_5.txt,24,0.10424354,0.096799748,0.096784027,0.096782085,0.096752641,0.096716465
5584,INPUT_BM2_90_5.txt,OUTPUT_L_90_5.txt,24,2.73459653,2.195097505,2.195359858,2.195837781,2.195130683,2.193359968
5585,INPUT_BM2_90_5.txt,OUTPUT_LN1_90_5.txt,24,0.183131988,0.144771749,0.144756404,0.144757901,0.144715172,0.144668421
5586,INPUT_BM2_90_5.txt,OUTPUT_LN2_90_5.txt,24,0.531111451,0.489988041,0.489940552,0.490031753,0.489762105,0.489520768
5587,INPUT_BM2_90_5.txt,OUTPUT_LUNG_90_5.txt,24,0.084179043,0.075902895,0.075894444,0.075896216,0.075873325,0.075850039
5588,INPUT_BM2_90_5.txt,OUTPUT_S_90_5.txt,24,26.308044,17.29114223,17.29364731,17.2923689,17.29738256,17.29567892
5589,INPUT_BM2_90_5.txt,OUTPUT_SKIN1_90_5.txt,24,0.175469043,0.163275473,0.163292962,0.163293977,0.163218247,0.163166842
5590,INPUT_BM2_90_5.txt,OUTPUT_SKIN10_90_5.txt,24,0.128007473,0.106637098,0.106627917,0.106628578,0.106596249,0.106564313
5591,INPUT_BM2_90_5.txt,OUTPUT_SKIN11_90_5.txt,24,0.131792126,0.117459383,0.117447611,0.11742237,0.117386193,0.117347756
5592,INPUT_BM2_90_5.txt,OUTPUT_SKIN12_90_5.txt,24,0.023146483,0.022168643,0.022189019,0.022193089,0.022161961,0.022159437
5593,INPUT_BM2_90_5.txt,OUTPUT_SKIN2_90_5.txt,24,0.040489703,0.04954375,0.049538788,0.049539431,0.049525055,0.049509329
5594,INPUT_BM2_90_5.txt,OUTPUT_SKIN3_90_5.txt,24,0.05666156,0.040861554,0.04085701,0.040854152,0.040845067,0.040830203
5595,INPUT_BM2_90_5.txt,OUTPUT_SKIN4_90_5.txt,24,0.175468972,0.145618806,0.145600932,0.145604406,0.145560455,0.145516582
5596,INPUT_BM2_90_5.txt,OUTPUT_SKIN5_90_5.txt,24,0.075917924,0.081961905,0.081952778,0.081954506,0.08192997,0.081904823
5597,INPUT_BM2_90_5.txt,OUTPUT_SKIN6_90_5.txt,24,0.125071777,0.11943225,0.119418673,0.119421477,0.119382421,0.119349279
5598,INPUT_BM2_90_5.txt,OUTPUT_SKIN7_90_5.txt,24,0.059918161,0.094316777,0.094306445,0.094308473,0.094279314,0.094250364
5599,INPUT_BM2_90_5.txt,OUTPUT_SKIN8_90_5.txt,24,0.10163124,0.102426362,0.102408929,0.102414199,0.102380837,0.102353386
5600,INPUT_BM2_90_5.txt,OUTPUT_SKIN9_90_5.txt,24,0.219603591,0.205281714,0.205222207,0.205165381,0.205225903,0.205124339
5601,INPUT_GUT_90_5.txt,OUTPUT_BM1_90_5.txt,24,0.293305549,0.241868178,0.24180753,0.24167834,0.241789776,0.24171153
5602,INPUT_GUT_90_5.txt,OUTPUT_BM2_90_5.txt,24,0.029553655,0.042824396,0.042831656,0.042829724,0.042849068,0.042870653
5603,INPUT_GUT_90_5.txt,OUTPUT_GUT_90_5.txt,24,-546868.5,-274510,-274522.5,-274522.5,-274558.5,-274583
5604,INPUT_GUT_90_5.txt,OUTPUT_L_90_5.txt,24,0.544091524,0.459440178,0.459456468,0.459488158,0.45942369,0.459300111
5605,INPUT_GUT_90_5.txt,OUTPUT_LN1_90_5.txt,24,0.2123392,0.259443396,0.259422638,0.259421563,0.259394578,0.259377941
5606,INPUT_GUT_90_5.txt,OUTPUT_LN2_90_5.txt,24,0.121043232,0.072591398,0.072589083,0.072600051,0.07257382,0.072554871
5607,INPUT_GUT_90_5.txt,OUTPUT_LUNG_90_5.txt,24,0.027577062,0.103379832,0.103375131,0.103375106,0.103361539,0.103352292
5608,INPUT_GUT_90_5.txt,OUTPUT_S_90_5.txt,24,0.754708788,0.650640572,0.650604074,0.650606459,0.650506326,0.650443881
5609,INPUT_GUT_90_5.txt,OUTPUT_SKIN1_90_5.txt,24,0.094508089,0.149664371,0.149695766,0.149685491,0.14961075,0.149643257
5610,INPUT_GUT_90_5.txt,OUTPUT_SKIN10_90_5.txt,24,0.064110222,0.041587391,0.041595289,0.041589455,0.041584974,0.041582339
5611,INPUT_GUT_90_5.txt,OUTPUT_SKIN11_90_5.txt,24,0.129409976,0.14034544,0.140326453,0.140274215,0.140267702,0.140257221
5612,INPUT_GUT_90_5.txt,OUTPUT_SKIN12_90_5.txt,24,0.003217435,0.001735888,0.001737976,0.001738355,0.001735812,0.001736109
5613,INPUT_GUT_90_5.txt,OUTPUT_SKIN2_90_5.txt,24,0.01119112,0.015500876,0.015500365,0.015500164,0.015498326,0.015496748
5614,INPUT_GUT_90_5.txt,OUTPUT_SKIN3_90_5.txt,24,0.027728911,0.035546904,0.035545284,0.035541165,0.035539987,0.03553428
5615,INPUT_GUT_90_5.txt,OUTPUT_SKIN4_90_5.txt,24,0.182693476,0.1509004,0.150902528,0.150901865,0.150881413,0.150869197
5616,INPUT_GUT_90_5.txt,OUTPUT_SKIN5_90_5.txt,24,0.066848396,0.095387562,0.095383209,0.095384306,0.095370686,0.095362162
5617,INPUT_GUT_90_5.txt,OUTPUT_SKIN6_90_5.txt,24,0.103288693,0.165653762,0.165647321,0.165666844,0.165622763,0.165615784
5618,INPUT_GUT_90_5.txt,OUTPUT_SKIN7_90_5.txt,24,0.04370875,0.180071656,0.180064157,0.180063453,0.180037155,0.18002105
5619,INPUT_GUT_90_5.txt,OUTPUT_SKIN8_90_5.txt,24,2.06837725,1.739721792,1.73975129,1.739871915,1.739451016,1.739370151
5620,INPUT_GUT_90_5.txt,OUTPUT_SKIN9_90_5.txt,24,0.141725638,0.232787722,0.232693352,0.232521828,0.232762455,0.232710896
5621,INPUT_L_90_5.txt,OUTPUT_BM1_90_5.txt,24,0.53290706,20.75861127,20.74981812,20.73112402,20.74997654,20.74754634
5622,INPUT_L_90_5.txt,OUTPUT_BM2_90_5.txt,24,0.490205502,0.42571736,0.425771375,0.42570815,0.425992644,0.42638493
5623,INPUT_L_90_5.txt,OUTPUT_GUT_90_5.txt,24,0.164072388,0.209705475,0.209699276,0.209667809,0.2097307,0.209815042
5624,INPUT_L_90_5.txt,OUTPUT_L_90_5.txt,24,-572583,-286287,-286320,-286348,-286344.5,-286272
5625,INPUT_L_90_5.txt,OUTPUT_LN1_90_5.txt,24,0.32880238,0.305542843,0.305500296,0.305466578,0.305479971,0.305563718
5626,INPUT_L_90_5.txt,OUTPUT_LN2_90_5.txt,24,0.342766145,0.290525855,0.290496504,0.290515196,0.290446842,0.290467069
5627,INPUT_L_90_5.txt,OUTPUT_LUNG_90_5.txt,24,0.070110678,0.048233579,0.04822801,0.048223285,0.048223875,0.048236111
5628,INPUT_L_90_5.txt,OUTPUT_S_90_5.txt,24,10.42756471,10.01827426,10.01970023,10.01781193,10.02355457,10.0273789
5629,INPUT_L_90_5.txt,OUTPUT_SKIN1_90_5.txt,24,0.149377756,0.144903305,0.144848168,0.144822106,0.144870556,0.144881428
5630,INPUT_L_90_5.txt,OUTPUT_SKIN10_90_5.txt,24,0.148651451,0.121950857,0.121964623,0.12193544,0.121938825,0.12197388
5631,INPUT_L_90_5.txt,OUTPUT_SKIN11_90_5.txt,24,0.205019012,0.21189944,0.211856776,0.21175964,0.211780496,0.211836329
5632,INPUT_L_90_5.txt,OUTPUT_SKIN12_90_5.txt,24,0.011623684,0.010244544,0.010254427,0.010255704,0.010243641,0.010248961
5633,INPUT_L_90_5.txt,OUTPUT_SKIN2_90_5.txt,24,0.037530365,0.053996076,0.053990521,0.053984467,0.053985806,0.053998822
5634,INPUT_L_90_5.txt,OUTPUT_SKIN3_90_5.txt,24,0.03717545,0.040842966,0.040838251,0.040829811,0.040834068,0.040841693
5635,INPUT_L_90_5.txt,OUTPUT_SKIN4_90_5.txt,24,0.321493146,0.279236448,0.279219349,0.279190645,0.279192988,0.27927232
5636,INPUT_L_90_5.txt,OUTPUT_SKIN5_90_5.txt,24,0.11042175,0.156969117,0.156950917,0.156935994,0.156937408,0.156977392
5637,INPUT_L_90_5.txt,OUTPUT_SKIN6_90_5.txt,24,0.18781834,0.170463715,0.170443458,0.170445474,0.17042585,0.170478693
5638,INPUT_L_90_5.txt,OUTPUT_SKIN7_90_5.txt,24,0.069720612,0.100965394,0.100954067,0.100943803,0.100943625,0.100969288
5639,INPUT_L_90_5.txt,OUTPUT_SKIN8_90_5.txt,24,0.085960658,0.152744008,0.152736918,0.15273231,0.152716211,0.152761778
5640,INPUT_L_90_5.txt,OUTPUT_SKIN9_90_5.txt,24,0.225394869,0.192772283,0.192839531,0.192558281,0.19280302,0.192954004
5641,INPUT_LN1_90_5.txt,OUTPUT_BM1_90_5.txt,24,8.158387766,7.895230905,7.895902825,7.896304326,7.89558895,7.89540043
5642,INPUT_LN1_90_5.txt,OUTPUT_BM2_90_5.txt,24,1.304849239,1.538889797,1.53918819,1.539127111,1.539853352,1.540584826
5643,INPUT_LN1_90_5.txt,OUTPUT_GUT_90_5.txt,24,1.063159687,2.823283529,2.823567455,2.823568995,2.824255131,2.824713075
5644,INPUT_LN1_90_5.txt,OUTPUT_L_90_5.txt,24,9.74266633,9.192391768,9.192134005,9.191171753,9.191430359,9.192079343
5645,INPUT_LN1_90_5.txt,OUTPUT_LN1_90_5.txt,24,-702988.5,-351864,-351859.5,-351857.5,-351863.5,-351866.5
5646,INPUT_LN1_90_5.txt,OUTPUT_LN2_90_5.txt,24,19.21872453,18.09960163,18.10001925,18.09733077,18.10045629,18.10146195
5647,INPUT_LN1_90_5.txt,OUTPUT_LUNG_90_5.txt,24,0.085653589,35.73935421,35.73948899,35.73943532,35.74006709,35.74074304
5648,INPUT_LN1_90_5.txt,OUTPUT_S_90_5.txt,24,7.52959306,7.085574567,7.085566689,7.085311499,7.084944835,7.08435451
5649,INPUT_LN1_90_5.txt,OUTPUT_SKIN1_90_5.txt,24,1.14616673,1.214207483,1.214357264,1.214206962,1.214152115,1.213988027
5650,INPUT_LN1_90_5.txt,OUTPUT_SKIN10_90_5.txt,24,0.946923613,0.691427426,0.691595045,0.691503751,0.691507721,0.691520084
5651,INPUT_LN1_90_5.txt,OUTPUT_SKIN11_90_5.txt,24,0.306290446,0.385205928,0.3851771,0.385038755,0.385067121,0.385066282
5652,INPUT_LN1_90_5.txt,OUTPUT_SKIN12_90_5.txt,24,0.280592042,0.232469633,0.232735171,0.232711822,0.23248474,0.232452293
5653,INPUT_LN1_90_5.txt,OUTPUT_SKIN2_90_5.txt,24,0.047117318,0.044552694,0.044553796,0.044554047,0.044553827,0.044552906
5654,INPUT_LN1_90_5.txt,OUTPUT_SKIN3_90_5.txt,24,1.343616091,1.317387116,1.317406126,1.317262069,1.317367761,1.31726222
5655,INPUT_LN1_90_5.txt,OUTPUT_SKIN4_90_5.txt,24,39.29528806,38.13625952,38.13833276,38.13849768,38.13758701,38.13770545
5656,INPUT_LN1_90_5.txt,OUTPUT_SKIN5_90_5.txt,24,0.147877691,0.137358949,0.137360708,0.137361488,0.137359142,0.137357967
5657,INPUT_LN1_90_5.txt,OUTPUT_SKIN6_90_5.txt,24,0.304686175,0.44398173,0.443967018,0.444019972,0.443972597,0.443994675
5658,INPUT_LN1_90_5.txt,OUTPUT_SKIN7_90_5.txt,24,0.197202511,0.243133143,0.243137139,0.243137609,0.24313023,0.243128124
5659,INPUT_LN1_90_5.txt,OUTPUT_SKIN8_90_5.txt,24,1.1400201,1.704161963,1.704283701,1.704411834,1.704195881,1.704257336
5660,INPUT_LN1_90_5.txt,OUTPUT_SKIN9_90_5.txt,24,1.142753271,1.205187407,1.204785058,1.203956275,1.205239223,1.205116229
5661,INPUT_LN2_90_5.txt,OUTPUT_BM1_90_5.txt,24,1.668335212,1.320928321,1.32050768,1.319338717,1.320677303,1.32032697
5662,INPUT_LN2_90_5.txt,OUTPUT_BM2_90_5.txt,24,0.081426338,0.086458468,0.086477023,0.086466001,0.086528672,0.086589595
5663,INPUT_LN2_90_5.txt,OUTPUT_GUT_90_5.txt,24,0.90305598,0.601354247,0.601402038,0.601326514,0.601558885,0.601740016
5664,INPUT_LN2_90_5.txt,OUTPUT_L_90_5.txt,24,4.767753133,3.73163229,3.732430816,3.732856889,3.733184573,3.731685369
5665,INPUT_LN2_90_5.txt,OUTPUT_LN1_90_5.txt,24,0.508239895,0.488820669,0.488805282,0.488760355,0.488835772,0.488892236
5666,INPUT_LN2_90_5.txt,OUTPUT_LN2_90_5.txt,24,-541827.5,-271330,-271332,-271354,-271320.5,-271295.5
5667,INPUT_LN2_90_5.txt,OUTPUT_LUNG_90_5.txt,24,0.100551635,0.074944135,0.074943581,0.074937491,0.074946765,0.074953688
5668,INPUT_LN2_90_5.txt,OUTPUT_S_90_5.txt,24,8.957275531,9.051695987,9.053644303,9.052382506,9.057607314,9.059338545
5669,INPUT_LN2_90_5.txt,OUTPUT_SKIN1_90_5.txt,24,0.231210531,0.237224823,0.237223802,0.237186062,0.23722898,0.237217374
5670,INPUT_LN2_90_5.txt,OUTPUT_SKIN10_90_5.txt,24,0.314922583,0.26739234,0.267451231,0.267391732,0.26742718,0.26746295
5671,INPUT_LN2_90_5.txt,OUTPUT_SKIN11_90_5.txt,24,0.282195054,0.203159482,0.203137542,0.203043671,0.203090017,0.203110155
5672,INPUT_LN2_90_5.txt,OUTPUT_SKIN12_90_5.txt,24,0.111480312,0.063400338,0.063467797,0.063458993,0.06340077,0.063401782
5673,INPUT_LN2_90_5.txt,OUTPUT_SKIN2_90_5.txt,24,0.072187481,0.264096427,0.264097802,0.264077627,0.264113733,0.264134865
5674,INPUT_LN2_90_5.txt,OUTPUT_SKIN3_90_5.txt,24,0.05456843,0.053213219,0.053212826,0.053202482,0.053214158,0.053215364
5675,INPUT_LN2_90_5.txt,OUTPUT_SKIN4_90_5.txt,24,0.52265623,0.464270321,0.464293796,0.46425368,0.464309909,0.464371781
5676,INPUT_LN2_90_5.txt,OUTPUT_SKIN5_90_5.txt,24,0.086301167,0.106939174,0.106938383,0.106929684,0.10694293,0.106952817
5677,INPUT_LN2_90_5.txt,OUTPUT_SKIN6_90_5.txt,24,0.239485288,0.153950017,0.153947755,0.153953173,0.153952277,0.153975895
5678,INPUT_LN2_90_5.txt,OUTPUT_SKIN7_90_5.txt,24,0.100563371,0.191935817,0.191935084,0.191918744,0.191939814,0.191957603
5679,INPUT_LN2_90_5.txt,OUTPUT_SKIN8_90_5.txt,24,0.591751145,0.38303593,0.38306493,0.3830596,0.383057126,0.383109572
5680,INPUT_LN2_90_5.txt,OUTPUT_SKIN9_90_5.txt,24,0.305302973,0.282604146,0.282580584,0.282288217,0.282627145,0.282684272
5681,INPUT_LUNG_90_5.txt,OUTPUT_BM1_90_5.txt,24,1.266021028,1.202212771,1.201937794,1.201222305,1.202015503,1.201701984
5682,INPUT_LUNG_90_5.txt,OUTPUT_BM2_90_5.txt,24,0.080775392,0.074055545,0.074071746,0.074068349,0.074112256,0.074156959
5683,INPUT_LUNG_90_5.txt,OUTPUT_GUT_90_5.txt,24,0.414385094,0.521002291,0.521049473,0.521036778,0.521175098,0.521276181
5684,INPUT_LUNG_90_5.txt,OUTPUT_L_90_5.txt,24,1.435516905,1.368051946,1.368271693,1.368458138,1.368434832,1.367952059
5685,INPUT_LUNG_90_5.txt,OUTPUT_LN1_90_5.txt,24,0.723673311,0.684940118,0.684927247,0.684920932,0.684936838,0.684956692
5686,INPUT_LUNG_90_5.txt,OUTPUT_LN2_90_5.txt,24,0.787671696,0.727308364,0.727317933,0.727423196,0.727262911,0.7271433
5687,INPUT_LUNG_90_5.txt,OUTPUT_LUNG_90_5.txt,24,-582616,-291663.5,-291663.5,-291663.5,-291663.5,-291663.5
5688,INPUT_LUNG_90_5.txt,OUTPUT_S_90_5.txt,24,2.569759961,2.184341703,2.184594133,2.184493613,2.185065366,2.1852172
5689,INPUT_LUNG_90_5.txt,OUTPUT_SKIN1_90_5.txt,24,0.226252267,0.260070707,0.2599967,0.259988232,0.260063565,0.26007745
5690,INPUT_LUNG_90_5.txt,OUTPUT_SKIN10_90_5.txt,24,0.337954153,0.336769975,0.336847819,0.33680072,0.336804608,0.336816854
5691,INPUT_LUNG_90_5.txt,OUTPUT_SKIN11_90_5.txt,24,0.152921238,0.125153599,0.125141489,0.12509537,0.125107713,0.125108686
5692,INPUT_LUNG_90_5.txt,OUTPUT_SKIN12_90_5.txt,24,0.030921238,0.028399582,0.028429951,0.02843597,0.028402196,0.028409359
5693,INPUT_LUNG_90_5.txt,OUTPUT_SKIN2_90_5.txt,24,0.025055921,0.171822839,0.171825007,0.171825857,0.171828025,0.171825857
5694,INPUT_LUNG_90_5.txt,OUTPUT_SKIN3_90_5.txt,24,0.064488378,0.098445747,0.098445747,0.098434993,0.098444093,0.098437474
5695,INPUT_LUNG_90_5.txt,OUTPUT_SKIN4_90_5.txt,24,0.386195529,0.384419039,0.384442911,0.384441311,0.38443971,0.384449007
5696,INPUT_LUNG_90_5.txt,OUTPUT_SKIN5_90_5.txt,24,0.141975681,0.144568306,0.144568306,0.144568744,0.144568306,0.144568306
5697,INPUT_LUNG_90_5.txt,OUTPUT_SKIN6_90_5.txt,24,0.139904531,0.153255737,0.153253799,0.153273047,0.153254587,0.153261608
5698,INPUT_LUNG_90_5.txt,OUTPUT_SKIN7_90_5.txt,24,0.103214199,0.089652549,0.089652855,0.089652549,0.089651324,0.089651324
5699,INPUT_LUNG_90_5.txt,OUTPUT_SKIN8_90_5.txt,24,0.314698351,0.25882986,0.258847981,0.258865701,0.258835232,0.258846496
5700,INPUT_LUNG_90_5.txt,OUTPUT_SKIN9_90_5.txt,24,0.338313791,0.298920632,0.299034033,0.299010941,0.298975251,0.29907139
5701,INPUT_S_90_5.txt,OUTPUT_BM1_90_5.txt,24,64.41602824,53.95352481,53.92326075,53.87509372,53.91165784,53.88339373
5702,INPUT_S_90_5.txt,OUTPUT_BM2_90_5.txt,24,0.875954975,0.574924803,0.574978327,0.574981181,0.575159374,0.57546801
5703,INPUT_S_90_5.txt,OUTPUT_GUT_90_5.txt,24,0.108743741,0.062394435,0.062391207,0.062392831,0.062390246,0.062396588
5704,INPUT_S_90_5.txt,OUTPUT_L_90_5.txt,24,19.8681276,17.62163476,17.62340249,17.6281336,17.62180054,17.61066886
5705,INPUT_S_90_5.txt,OUTPUT_LN1_90_5.txt,24,0.179439499,0.185580807,0.185553703,0.18556215,0.185510268,0.185495501
5706,INPUT_S_90_5.txt,OUTPUT_LN2_90_5.txt,24,0.19575748,0.207870873,0.207847004,0.207891541,0.207779048,0.207724448
5707,INPUT_S_90_5.txt,OUTPUT_LUNG_90_5.txt,24,0.029736374,0.053122823,0.053115956,0.05311869,0.053103137,0.053099007
5708,INPUT_S_90_5.txt,OUTPUT_S_90_5.txt,24,-873470.5,-438103,-438159.5,-438137,-438265,-438299
5709,INPUT_S_90_5.txt,OUTPUT_SKIN1_90_5.txt,24,0.100965893,0.107659294,0.107663051,0.107659948,0.107618169,0.107592369
5710,INPUT_S_90_5.txt,OUTPUT_SKIN10_90_5.txt,24,0.076626927,0.084919433,0.084926286,0.084919883,0.084894731,0.084892188
5711,INPUT_S_90_5.txt,OUTPUT_SKIN11_90_5.txt,24,0.092911336,0.090121513,0.090102832,0.090074853,0.090055883,0.090049106
5712,INPUT_S_90_5.txt,OUTPUT_SKIN12_90_5.txt,24,0.010004659,0.010375975,0.010386063,0.010388795,0.010373124,0.010374934
5713,INPUT_S_90_5.txt,OUTPUT_SKIN2_90_5.txt,24,0.022974222,0.02056461,0.020562202,0.020562904,0.020557139,0.020555297
5714,INPUT_S_90_5.txt,OUTPUT_SKIN3_90_5.txt,24,0.028726397,0.034469629,0.034465177,0.034462933,0.034456248,0.0344511
5715,INPUT_S_90_5.txt,OUTPUT_SKIN4_90_5.txt,24,0.168729366,0.143879407,0.143868676,0.143875546,0.143832666,0.14382958
5716,INPUT_S_90_5.txt,OUTPUT_SKIN5_90_5.txt,24,0.041110021,0.057928649,0.057921159,0.05792414,0.057907178,0.057902674
5717,INPUT_S_90_5.txt,OUTPUT_SKIN6_90_5.txt,24,0.085023966,0.100276121,0.100262514,0.100279295,0.10023703,0.100235377
5718,INPUT_S_90_5.txt,OUTPUT_SKIN7_90_5.txt,24,0.053235334,0.040133178,0.040128129,0.040130057,0.040117768,0.04011465
5719,INPUT_S_90_5.txt,OUTPUT_SKIN8_90_5.txt,24,0.07212721,0.032065889,0.032063959,0.032067696,0.032054684,0.032053512
5720,INPUT_S_90_5.txt,OUTPUT_SKIN9_90_5.txt,24,0.140371027,0.129080465,0.129057461,0.129044688,0.129140517,0.129142495
5721,INPUT_SKIN1_90_5.txt,OUTPUT_BM1_90_5.txt,24,12.56547516,12.11008287,12.1102982,12.11299388,12.11106352,12.11285509
5722,INPUT_SKIN1_90_5.txt,OUTPUT_BM2_90_5.txt,24,8.633847733,8.354152423,8.354146992,8.354336316,8.355925596,8.357720696
5723,INPUT_SKIN1_90_5.txt,OUTPUT_GUT_90_5.txt,24,2.9555083,3.23416239,3.234249531,3.234346575,3.235296591,3.236045598
5724,INPUT_SKIN1_90_5.txt,OUTPUT_L_90_5.txt,24,13.59012404,13.11122542,13.10947812,13.10902538,13.10995034,13.11252365
5725,INPUT_SKIN1_90_5.txt,OUTPUT_LN1_90_5.txt,24,15.61195886,45.32242163,45.32348766,45.31780541,45.3218481,45.33339627
5726,INPUT_SKIN1_90_5.txt,OUTPUT_LN2_90_5.txt,24,29.30290962,28.11793488,28.11430166,28.11551356,28.12338129,28.12826937
5727,INPUT_SKIN1_90_5.txt,OUTPUT_LUNG_90_5.txt,24,0.446431142,0.293533172,0.29351719,0.293526104,0.293539801,0.293558902
5728,INPUT_SKIN1_90_5.txt,OUTPUT_S_90_5.txt,24,10.42405072,10.02243287,10.02150665,10.02196795,10.02168858,10.022116
5729,INPUT_SKIN1_90_5.txt,OUTPUT_SKIN1_90_5.txt,24,-922811,-462259,-462285,-462270,-462248.5,-462219.5
5730,INPUT_SKIN1_90_5.txt,OUTPUT_SKIN10_90_5.txt,24,0.788739576,1.540337158,1.54059059,1.540448477,1.540557285,1.540692061
5731,INPUT_SKIN1_90_5.txt,OUTPUT_SKIN11_90_5.txt,24,86.79237626,84.0694786,84.05978172,84.03965611,84.03444873,84.03856013
5732,INPUT_SKIN1_90_5.txt,OUTPUT_SKIN12_90_5.txt,24,2.118646938,10.63810093,10.64458108,10.66613945,10.65556378,10.6537913
5733,INPUT_SKIN1_90_5.txt,OUTPUT_SKIN2_90_5.txt,24,32.79962925,32.06313289,32.06417617,32.07246336,32.07379229,32.0730267
5734,INPUT_SKIN1_90_5.txt,OUTPUT_SKIN3_90_5.txt,24,27.81927721,26.75721072,26.78074539,26.75368953,26.75744249,26.78385713
5735,INPUT_SKIN1_90_5.txt,OUTPUT_SKIN4_90_5.txt,24,22.89401278,107.4251745,107.4182924,107.4406194,107.4351599,107.4423037
5736,INPUT_SKIN1_90_5.txt,OUTPUT_SKIN5_90_5.txt,24,91.34208895,87.88795443,87.84935993,87.79873816,87.86295847,87.80139153
5737,INPUT_SKIN1_90_5.txt,OUTPUT_SKIN6_90_5.txt,24,65.58891674,52.88367225,52.87998858,52.88085422,52.88293902,52.89021358
5738,INPUT_SKIN1_90_5.txt,OUTPUT_SKIN7_90_5.txt,24,48.89157707,47.12632419,47.12281259,47.12718599,47.12581393,47.13049
5739,INPUT_SKIN1_90_5.txt,OUTPUT_SKIN8_90_5.txt,24,14.90226237,10.59210661,10.59181539,10.59289106,10.59238078,10.59362364
5740,INPUT_SKIN1_90_5.txt,OUTPUT_SKIN9_90_5.txt,24,10.87085753,71.74546538,71.71635452,71.68303167,71.75248084,71.74557268
5741,INPUT_SKIN10_90_5.txt,OUTPUT_BM1_90_5.txt,24,0.22022485,0.324834461,0.324720305,0.324542244,0.324760377,0.324668435
5742,INPUT_SKIN10_90_5.txt,OUTPUT_BM2_90_5.txt,24,0.004525693,0.230446878,0.230466567,0.230472546,0.23059479,0.230718907
5743,INPUT_SKIN10_90_5.txt,OUTPUT_GUT_90_5.txt,24,0.383334578,0.603604257,0.603591811,0.603629511,0.603783619,0.603881554
5744,INPUT_SKIN10_90_5.txt,OUTPUT_L_90_5.txt,24,1.719729954,1.535008669,1.534779813,1.534842017,1.534829667,1.534921297
5745,INPUT_SKIN10_90_5.txt,OUTPUT_LN1_90_5.txt,24,0.652732272,0.728231392,0.728133549,0.728177968,0.728183849,0.728197992
5746,INPUT_SKIN10_90_5.txt,OUTPUT_LN2_90_5.txt,24,4.154461117,3.612343736,3.611867278,3.611631792,3.612336193,3.612845542
5747,INPUT_SKIN10_90_5.txt,OUTPUT_LUNG_90_5.txt,24,0.127747137,0.117646058,0.1176326,0.117640576,0.117639231,0.117637692
5748,INPUT_SKIN10_90_5.txt,OUTPUT_S_90_5.txt,24,1.193784068,1.076258069,1.076159272,1.076222724,1.076267212,1.076268129
5749,INPUT_SKIN10_90_5.txt,OUTPUT_SKIN1_90_5.txt,24,0.228758339,0.249100161,0.249103666,0.249098884,0.249076101,0.249261114
5750,INPUT_SKIN10_90_5.txt,OUTPUT_SKIN10_90_5.txt,24,-1220703,-612782.5,-612852.5,-612811,-612818,-612826
5751,INPUT_SKIN10_90_5.txt,OUTPUT_SKIN11_90_5.txt,24,0.273252071,0.271279087,0.271224366,0.271143828,0.271165396,0.271163608
5752,INPUT_SKIN10_90_5.txt,OUTPUT_SKIN12_90_5.txt,24,0.105421823,0.101456039,0.101558316,0.101554001,0.101454331,0.1014391
5753,INPUT_SKIN10_90_5.txt,OUTPUT_SKIN2_90_5.txt,24,0.080261005,0.078682123,0.078674077,0.078679395,0.078679441,0.078677468
5754,INPUT_SKIN10_90_5.txt,OUTPUT_SKIN3_90_5.txt,24,0.03431963,0.064004883,0.063997571,0.063994789,0.06400008,0.063994865
5755,INPUT_SKIN10_90_5.txt,OUTPUT_SKIN4_90_5.txt,24,16.97135718,22.33357314,22.33171098,22.33334473,22.33298855,22.3328144
5756,INPUT_SKIN10_90_5.txt,OUTPUT_SKIN5_90_5.txt,24,0.045314778,0.172163094,0.172143427,0.172155086,0.172153119,0.172150872
5757,INPUT_SKIN10_90_5.txt,OUTPUT_SKIN6_90_5.txt,24,0.216542457,0.206218508,0.206191838,0.206229195,0.206202041,0.206211262
5758,INPUT_SKIN10_90_5.txt,OUTPUT_SKIN7_90_5.txt,24,0.299437257,0.552215484,0.552154539,0.552189886,0.552175918,0.552168722
5759,INPUT_SKIN10_90_5.txt,OUTPUT_SKIN8_90_5.txt,24,0.56552377,1.049725188,1.049671156,1.049813533,1.0496873,1.049720422
5760,INPUT_SKIN10_90_5.txt,OUTPUT_SKIN9_90_5.txt,24,0.428780512,0.46134248,0.461119146,0.460797961,0.461357055,0.461235143
5761,INPUT_SKIN11_90_5.txt,OUTPUT_BM1_90_5.txt,24,0.845069892,0.988683441,0.988512942,0.988099361,0.988698903,0.988449704
5762,INPUT_SKIN11_90_5.txt,OUTPUT_BM2_90_5.txt,24,0.017812058,0.016388886,0.016393232,0.016395454,0.016404534,0.016414488
5763,INPUT_SKIN11_90_5.txt,OUTPUT_GUT_90_5.txt,24,1.358367812,1.191636862,1.191797044,1.191848605,1.192224371,1.192339651
5764,INPUT_SKIN11_90_5.txt,OUTPUT_L_90_5.txt,24,4.153379225,3.716222865,3.716487553,3.717021651,3.716848696,3.717019303
5765,INPUT_SKIN11_90_5.txt,OUTPUT_LN1_90_5.txt,24,0.961472167,1.049533201,1.049554129,1.049731933,1.049707782,1.049733429
5766,INPUT_SKIN11_90_5.txt,OUTPUT_LN2_90_5.txt,24,3.58087077,3.294308817,3.29452312,3.295259184,3.29479242,3.294589869
5767,INPUT_SKIN11_90_5.txt,OUTPUT_LUNG_90_5.txt,24,0.19291017,0.172576734,0.17258431,0.172615706,0.172607827,0.172607268
5768,INPUT_SKIN11_90_5.txt,OUTPUT_S_90_5.txt,24,3.057179381,2.790003564,2.790302188,2.790685846,2.790747655,2.79087702
5769,INPUT_SKIN11_90_5.txt,OUTPUT_SKIN1_90_5.txt,24,0.399519906,0.417708921,0.417788492,0.417839696,0.417775734,0.417707194
5770,INPUT_SKIN11_90_5.txt,OUTPUT_SKIN10_90_5.txt,24,0.828603598,1.289513728,1.289871159,1.289895944,1.289839427,1.289896966
5771,INPUT_SKIN11_90_5.txt,OUTPUT_SKIN11_90_5.txt,24,-614180.5,-307767.5,-307754,-307698,-307712,-307713
5772,INPUT_SKIN11_90_5.txt,OUTPUT_SKIN12_90_5.txt,24,0.285789132,0.244850861,0.245142505,0.245153903,0.244915102,0.244873618
5773,INPUT_SKIN11_90_5.txt,OUTPUT_SKIN2_90_5.txt,24,0.203548862,0.200650182,0.200661456,0.200697984,0.200691248,0.200688223
5774,INPUT_SKIN11_90_5.txt,OUTPUT_SKIN3_90_5.txt,24,0.080371459,0.105665244,0.105669881,0.105677335,0.10568246,0.105674887
5775,INPUT_SKIN11_90_5.txt,OUTPUT_SKIN4_90_5.txt,24,3.676726833,5.051294471,5.051772153,5.052280453,5.052040168,5.052540556
5776,INPUT_SKIN11_90_5.txt,OUTPUT_SKIN5_90_5.txt,24,0.242846692,0.303810869,0.303824204,0.303878673,0.30386487,0.303863817
5777,INPUT_SKIN11_90_5.txt,OUTPUT_SKIN6_90_5.txt,24,0.529761443,0.567195435,0.567213689,0.567375194,0.567281169,0.567311356
5778,INPUT_SKIN11_90_5.txt,OUTPUT_SKIN7_90_5.txt,24,0.140931308,0.226969148,0.226979876,0.227020512,0.227007062,0.227006346
5779,INPUT_SKIN11_90_5.txt,OUTPUT_SKIN8_90_5.txt,24,1.799793438,1.975775326,1.976050346,1.976491464,1.976119658,1.976195548
5780,INPUT_SKIN11_90_5.txt,OUTPUT_SKIN9_90_5.txt,24,0.576703157,0.606586249,0.606677172,0.606045721,0.606771243,0.606894906
5781,INPUT_SKIN12_90_5.txt,OUTPUT_BM1_90_5.txt,24,0.5272541,0.563023086,0.562586761,0.562314155,0.562895496,0.562807225
5782,INPUT_SKIN12_90_5.txt,OUTPUT_BM2_90_5.txt,24,0.007363543,0.441691715,0.441519453,0.441533688,0.441944622,0.442205018
5783,INPUT_SKIN12_90_5.txt,OUTPUT_GUT_90_5.txt,24,0.431081211,0.74907617,0.748780031,0.748829667,0.749308078,0.749502935
5784,INPUT_SKIN12_90_5.txt,OUTPUT_L_90_5.txt,24,2.633997951,2.26821886,2.266778984,2.266822456,2.267597553,2.268101507
5785,INPUT_SKIN12_90_5.txt,OUTPUT_LN1_90_5.txt,24,1.14634751,2.737166296,2.73599008,2.736158721,2.737039398,2.737404665
5786,INPUT_SKIN12_90_5.txt,OUTPUT_LN2_90_5.txt,24,5.566416277,4.780117408,4.777751171,4.777467887,4.779583395,4.780738388
5787,INPUT_SKIN12_90_5.txt,OUTPUT_LUNG_90_5.txt,24,0.115816614,0.09967472,0.099617888,0.099624904,0.099670691,0.099679274
5788,INPUT_SKIN12_90_5.txt,OUTPUT_S_90_5.txt,24,1.603722332,1.438608062,1.437819247,1.43790776,1.438496609,1.43864068
5789,INPUT_SKIN12_90_5.txt,OUTPUT_SKIN1_90_5.txt,24,0.398367706,0.458227817,0.457494956,0.457497788,0.458166096,0.458277354
5790,INPUT_SKIN12_90_5.txt,OUTPUT_SKIN10_90_5.txt,24,0.751918211,4.691047203,4.690303509,4.689617267,4.690970038,4.691523268
5791,INPUT_SKIN12_90_5.txt,OUTPUT_SKIN11_90_5.txt,24,0.677091377,0.645180544,0.644762605,0.644572973,0.644925805,0.644983451
5792,INPUT_SKIN12_90_5.txt,OUTPUT_SKIN12_90_5.txt,24,-765662,-383680.5,-383900,-383873,-383696,-383663
5793,INPUT_SKIN12_90_5.txt,OUTPUT_SKIN2_90_5.txt,24,0.103382618,0.036236911,0.036216625,0.036219173,0.036236307,0.03623899
5794,INPUT_SKIN12_90_5.txt,OUTPUT_SKIN3_90_5.txt,24,0.074239855,0.08902493,0.088974264,0.088970819,0.089019835,0.089021525
5795,INPUT_SKIN12_90_5.txt,OUTPUT_SKIN4_90_5.txt,24,1.418022172,1.304665459,1.304185622,1.304272527,1.304671913,1.304797866
5796,INPUT_SKIN12_90_5.txt,OUTPUT_SKIN5_90_5.txt,24,0.253923386,0.737613298,0.73723008,0.737282208,0.737582537,0.737646976
5797,INPUT_SKIN12_90_5.txt,OUTPUT_SKIN6_90_5.txt,24,0.568137186,0.658516912,0.658169779,0.65828525,0.658480293,0.658570658
5798,INPUT_SKIN12_90_5.txt,OUTPUT_SKIN7_90_5.txt,24,0.289742906,0.286106314,0.285943702,0.285962928,0.286090771,0.286115491
5799,INPUT_SKIN12_90_5.txt,OUTPUT_SKIN8_90_5.txt,24,1.48993762,1.416414186,1.415903437,1.416096765,1.416387404,1.416570848
5800,INPUT_SKIN12_90_5.txt,OUTPUT_SKIN9_90_5.txt,24,0.574471036,0.720643371,0.720358218,0.719510891,0.720699365,0.720989655
5801,INPUT_SKIN2_90_5.txt,OUTPUT_BM1_90_5.txt,24,1.02010997,0.535748024,0.53557856,0.535147491,0.535622238,0.535436467
5802,INPUT_SKIN2_90_5.txt,OUTPUT_BM2_90_5.txt,24,0.011490788,0.564737676,0.564868243,0.564840144,0.565199834,0.565572947
5803,INPUT_SKIN2_90_5.txt,OUTPUT_GUT_90_5.txt,24,0.567012289,0.44200173,0.442039824,0.44203347,0.442147475,0.442231525
5804,INPUT_SKIN2_90_5.txt,OUTPUT_L_90_5.txt,24,3.645262276,3.799146927,3.799882292,3.800525771,3.800421744,3.798778005
5805,INPUT_SKIN2_90_5.txt,OUTPUT_LN1_90_5.txt,24,0.416615922,0.389111092,0.389098399,0.389094461,0.389104899,0.389114102
5806,INPUT_SKIN2_90_5.txt,OUTPUT_LN2_90_5.txt,24,1.476081738,1.116943422,1.11695319,1.11713055,1.116854124,1.116658952
5807,INPUT_SKIN2_90_5.txt,OUTPUT_LUNG_90_5.txt,24,0.095587693,0.06289374,0.062893364,0.062893364,0.062892988,0.062893364
5808,INPUT_SKIN2_90_5.txt,OUTPUT_S_90_5.txt,24,7.576155348,7.129350818,7.130592594,7.130079833,7.132949901,7.133769253
5809,INPUT_SKIN2_90_5.txt,OUTPUT_SKIN1_90_5.txt,24,0.330665146,0.249311501,0.249352095,0.249359997,0.249307694,0.24934474
5810,INPUT_SKIN2_90_5.txt,OUTPUT_SKIN10_90_5.txt,24,0.483508765,0.380247793,0.380333066,0.380281295,0.380284617,0.380299023
5811,INPUT_SKIN2_90_5.txt,OUTPUT_SKIN11_90_5.txt,24,0.475171103,0.51651979,0.51647176,0.516285041,0.51632447,0.516335117
5812,INPUT_SKIN2_90_5.txt,OUTPUT_SKIN12_90_5.txt,24,0.249525237,0.16359602,0.163774752,0.163759752,0.163596857,0.163578938
5813,INPUT_SKIN2_90_5.txt,OUTPUT_SKIN2_90_5.txt,24,-498535,-249841.5,-249843,-249843,-249844.5,-249843
5814,INPUT_SKIN2_90_5.txt,OUTPUT_SKIN3_90_5.txt,24,0.044391351,0.036978159,0.036977938,0.036973831,0.036977085,0.036974778
5815,INPUT_SKIN2_90_5.txt,OUTPUT_SKIN4_90_5.txt,24,0.782516827,0.700718404,0.700754614,0.700751776,0.700745634,0.700767946
5816,INPUT_SKIN2_90_5.txt,OUTPUT_SKIN5_90_5.txt,24,0.157161618,0.128821638,0.128820884,0.128821416,0.128820129,0.128820883
5817,INPUT_SKIN2_90_5.txt,OUTPUT_SKIN6_90_5.txt,24,0.35259225,0.371877562,0.37187288,0.371914597,0.371868875,0.371890123
5818,INPUT_SKIN2_90_5.txt,OUTPUT_SKIN7_90_5.txt,24,0.235935824,0.245488452,0.245487817,0.245486978,0.245482162,0.245483633
5819,INPUT_SKIN2_90_5.txt,OUTPUT_SKIN8_90_5.txt,24,0.426817328,0.440493936,0.440523455,0.440553384,0.440498847,0.440520027
5820,INPUT_SKIN2_90_5.txt,OUTPUT_SKIN9_90_5.txt,24,0.432901816,0.289914636,0.290010277,0.289617225,0.289917809,0.290081606
5821,INPUT_SKIN3_90_5.txt,OUTPUT_BM1_90_5.txt,24,1.175626022,1.331184295,1.331120099,1.33101677,1.331150275,1.331117848
5822,INPUT_SKIN3_90_5.txt,OUTPUT_BM2_90_5.txt,24,0.021839228,0.036234851,0.036242947,0.036243231,0.036263495,0.036287055
5823,INPUT_SKIN3_90_5.txt,OUTPUT_GUT_90_5.txt,24,1.885383856,1.763525729,1.763681936,1.763717511,1.76409996,1.764502052
5824,INPUT_SKIN3_90_5.txt,OUTPUT_L_90_5.txt,24,1.691921811,1.529802423,1.529826155,1.529930597,1.529856735,1.529856488
5825,INPUT_SKIN3_90_5.txt,OUTPUT_LN1_90_5.txt,24,1.611798247,1.424356834,1.424325805,1.424387126,1.424364035,1.424440993
5826,INPUT_SKIN3_90_5.txt,OUTPUT_LN2_90_5.txt,24,2.209727918,1.817070034,1.817076617,1.817248309,1.817054036,1.817032811
5827,INPUT_SKIN3_90_5.txt,OUTPUT_LUNG_90_5.txt,24,0.285266646,0.179319752,0.179319752,0.179329561,0.179321261,0.179327297
5828,INPUT_SKIN3_90_5.txt,OUTPUT_S_90_5.txt,24,1.697114461,1.495185312,1.49517199,1.495259324,1.495159731,1.49520219
5829,INPUT_SKIN3_90_5.txt,OUTPUT_SKIN1_90_5.txt,24,0.834431956,0.759356425,0.759529701,0.759729197,0.759411076,0.759698045
5830,INPUT_SKIN3_90_5.txt,OUTPUT_SKIN10_90_5.txt,24,1.075204111,1.049386692,1.0496311,1.049540448,1.049501569,1.049575163
5831,INPUT_SKIN3_90_5.txt,OUTPUT_SKIN11_90_5.txt,24,0.855933408,0.803927476,0.803857197,0.803607605,0.80363719,0.803675238
5832,INPUT_SKIN3_90_5.txt,OUTPUT_SKIN12_90_5.txt,24,0.150291563,0.122522509,0.122655887,0.122683313,0.12253517,0.1225639
5833,INPUT_SKIN3_90_5.txt,OUTPUT_SKIN2_90_5.txt,24,0.160762216,0.181224511,0.181226692,0.181233311,0.181227091,0.18123102
5834,INPUT_SKIN3_90_5.txt,OUTPUT_SKIN3_90_5.txt,24,-238022,-118938,-118938,-118931.5,-118937,-118933
5835,INPUT_SKIN3_90_5.txt,OUTPUT_SKIN4_90_5.txt,24,1.571950689,1.236869043,1.236940364,1.236999495,1.236940031,1.23701483
5836,INPUT_SKIN3_90_5.txt,OUTPUT_SKIN5_90_5.txt,24,0.354063411,0.335123762,0.335123762,0.335144054,0.33512656,0.335137751
5837,INPUT_SKIN3_90_5.txt,OUTPUT_SKIN6_90_5.txt,24,0.80291646,0.664153483,0.664141341,0.664254157,0.664152197,0.664210227
5838,INPUT_SKIN3_90_5.txt,OUTPUT_SKIN7_90_5.txt,24,0.474029979,0.33066805,0.33066918,0.330686203,0.330666321,0.330677492
5839,INPUT_SKIN3_90_5.txt,OUTPUT_SKIN8_90_5.txt,24,1.166246105,1.053690116,1.053769794,1.053896951,1.053720309,1.053800036
5840,INPUT_SKIN3_90_5.txt,OUTPUT_SKIN9_90_5.txt,24,1.102241284,0.79277469,0.792632469,0.791980869,0.792945377,0.792936575
5841,INPUT_SKIN4_90_5.txt,OUTPUT_BM1_90_5.txt,24,0.523198817,0.759494439,0.759265843,0.758732135,0.759327191,0.759089394
5842,INPUT_SKIN4_90_5.txt,OUTPUT_BM2_90_5.txt,24,0.011092038,0.018632763,0.018636369,0.018635537,0.018646834,0.018658218
5843,INPUT_SKIN4_90_5.txt,OUTPUT_GUT_90_5.txt,24,0.485581478,0.892377417,0.892432583,0.892430452,0.892673786,0.892827586
5844,INPUT_SKIN4_90_5.txt,OUTPUT_L_90_5.txt,24,2.275973716,2.053995754,2.054231989,2.05448932,2.054462114,2.053798315
5845,INPUT_SKIN4_90_5.txt,OUTPUT_LN1_90_5.txt,24,0.719420373,0.964032685,0.963980963,0.96397621,0.964001037,0.964024168
5846,INPUT_SKIN4_90_5.txt,OUTPUT_LN2_90_5.txt,24,2.860666676,2.233244198,2.233200774,2.233471553,2.23307136,2.232759471
5847,INPUT_SKIN4_90_5.txt,OUTPUT_LUNG_90_5.txt,24,0.08068083,0.247375409,0.24736811,0.247368631,0.247369153,0.247368111
5848,INPUT_SKIN4_90_5.txt,OUTPUT_S_90_5.txt,24,3.706923804,3.248087794,3.248266398,3.248163163,3.248797048,3.248949362
5849,INPUT_SKIN4_90_5.txt,OUTPUT_SKIN1_90_5.txt,24,0.277064746,0.33651646,0.336580921,0.336617165,0.336525358,0.33656771
5850,INPUT_SKIN4_90_5.txt,OUTPUT_SKIN10_90_5.txt,24,0.491617973,1.76820587,1.768559289,1.768298693,1.768343174,1.768382068
5851,INPUT_SKIN4_90_5.txt,OUTPUT_SKIN11_90_5.txt,24,0.126557256,0.216928714,0.216903092,0.216823554,0.216843939,0.216844426
5852,INPUT_SKIN4_90_5.txt,OUTPUT_SKIN12_90_5.txt,24,0.250864059,0.240214375,0.240448943,0.240448634,0.240185699,0.240181361
5853,INPUT_SKIN4_90_5.txt,OUTPUT_SKIN2_90_5.txt,24,0.146972006,0.147983953,0.147981369,0.147981672,0.147983764,0.147981361
5854,INPUT_SKIN4_90_5.txt,OUTPUT_SKIN3_90_5.txt,24,0.0433907,0.172877745,0.172872628,0.172852627,0.172870223,0.172856964
5855,INPUT_SKIN4_90_5.txt,OUTPUT_SKIN4_90_5.txt,24,-476230.5,-238153,-238160,-238159.5,-238159,-238160
5856,INPUT_SKIN4_90_5.txt,OUTPUT_SKIN5_90_5.txt,24,0.126125181,0.104674922,0.104671843,0.104672063,0.104672283,0.104671843
5857,INPUT_SKIN4_90_5.txt,OUTPUT_SKIN6_90_5.txt,24,0.19266658,0.252480688,0.252467946,0.252497027,0.25246876,0.252482303
5858,INPUT_SKIN4_90_5.txt,OUTPUT_SKIN7_90_5.txt,24,0.091049007,0.125744965,0.125741689,0.125741525,0.125740071,0.125739542
5859,INPUT_SKIN4_90_5.txt,OUTPUT_SKIN8_90_5.txt,24,0.400957483,0.403437981,0.403450497,0.403479034,0.403436273,0.403452172
5860,INPUT_SKIN4_90_5.txt,OUTPUT_SKIN9_90_5.txt,24,0.446193491,0.437649346,0.437572639,0.437196958,0.437745255,0.437737925
5861,INPUT_SKIN5_90_5.txt,OUTPUT_BM1_90_5.txt,24,1.69045334,1.900114926,1.899670979,1.898515914,1.89979643,1.899290296
5862,INPUT_SKIN5_90_5.txt,OUTPUT_BM2_90_5.txt,24,0.480753361,0.427834883,0.427932529,0.427912019,0.428176684,0.428446106
5863,INPUT_SKIN5_90_5.txt,OUTPUT_GUT_90_5.txt,24,0.826634177,0.750776782,0.750844829,0.750770808,0.751041926,0.751101913
5864,INPUT_SKIN5_90_5.txt,OUTPUT_L_90_5.txt,24,10.89439027,9.773644568,9.772987313,9.772428699,9.77249949,9.773943391
5865,INPUT_SKIN5_90_5.txt,OUTPUT_LN1_90_5.txt,24,0.753157892,0.828155026,0.828133644,0.828124077,0.828152413,0.828166489
5866,INPUT_SKIN5_90_5.txt,OUTPUT_LN2_90_5.txt,24,1.236856124,0.983632467,0.983645744,0.983791756,0.983569404,0.983403452
5867,INPUT_SKIN5_90_5.txt,OUTPUT_LUNG_90_5.txt,24,0.156409943,0.181265649,0.181265649,0.181265649,0.181265649,0.181265649
5868,INPUT_SKIN5_90_5.txt,OUTPUT_S_90_5.txt,24,7.318624226,6.219480402,6.219570645,6.219534204,6.219738996,6.219793208
5869,INPUT_SKIN5_90_5.txt,OUTPUT_SKIN1_90_5.txt,24,0.410576874,0.397096295,0.396913459,0.396895394,0.397080561,0.397224151
5870,INPUT_SKIN5_90_5.txt,OUTPUT_SKIN10_90_5.txt,24,0.781501847,0.514544654,0.514662599,0.514588247,0.514600039,0.51461352
5871,INPUT_SKIN5_90_5.txt,OUTPUT_SKIN11_90_5.txt,24,0.365369414,0.31089692,0.310869676,0.310756206,0.31078447,0.31078645
5872,INPUT_SKIN5_90_5.txt,OUTPUT_SKIN12_90_5.txt,24,0.072138881,0.051957498,0.052013589,0.052018242,0.051961381,0.051966813
5873,INPUT_SKIN5_90_5.txt,OUTPUT_SKIN2_90_5.txt,24,0.102687579,0.067700456,0.06770127,0.067700197,0.067701011,0.067700197
5874,INPUT_SKIN5_90_5.txt,OUTPUT_SKIN3_90_5.txt,24,0.116416272,0.117463008,0.117463008,0.117449941,0.117460998,0.117452956
5875,INPUT_SKIN5_90_5.txt,OUTPUT_SKIN4_90_5.txt,24,1.034111882,0.88393447,0.883986188,0.883982505,0.883978796,0.883986196
5876,INPUT_SKIN5_90_5.txt,OUTPUT_SKIN5_90_5.txt,24,-448122.5,-224326.5,-224326.5,-224326.5,-224326.5,-224326.5
5877,INPUT_SKIN5_90_5.txt,OUTPUT_SKIN6_90_5.txt,24,0.33504281,0.335568623,0.33556768,0.335606101,0.335561125,0.335580804
5878,INPUT_SKIN5_90_5.txt,OUTPUT_SKIN7_90_5.txt,24,0.291080841,0.261901409,0.261902303,0.261901409,0.261897832,0.261897832
5879,INPUT_SKIN5_90_5.txt,OUTPUT_SKIN8_90_5.txt,24,0.602234844,0.635614435,0.635653081,0.635696792,0.635627914,0.635655622
5880,INPUT_SKIN5_90_5.txt,OUTPUT_SKIN9_90_5.txt,24,0.616182839,0.598521227,0.598534134,0.597942009,0.598636047,0.598758481
5881,INPUT_SKIN6_90_5.txt,OUTPUT_BM1_90_5.txt,24,1.338967307,1.404869502,1.404527543,1.40359012,1.404634254,1.404217638
5882,INPUT_SKIN6_90_5.txt,OUTPUT_BM2_90_5.txt,24,0.007854861,0.761649662,0.761805772,0.761729501,0.762211194,0.762629221
5883,INPUT_SKIN6_90_5.txt,OUTPUT_GUT_90_5.txt,24,0.644734131,0.879367825,0.879448003,0.879395269,0.879685855,0.879813167
5884,INPUT_SKIN6_90_5.txt,OUTPUT_L_90_5.txt,24,7.663160206,7.193949609,7.193180117,7.192371265,7.192914248,7.193676303
5885,INPUT_SKIN6_90_5.txt,OUTPUT_LN1_90_5.txt,24,1.638799222,2.619576225,2.619512887,2.6193339,2.619596995,2.619565986
5886,INPUT_SKIN6_90_5.txt,OUTPUT_LN2_90_5.txt,24,15.28073371,14.30593466,14.30515434,14.30267758,14.30610038,14.30746137
5887,INPUT_SKIN6_90_5.txt,OUTPUT_LUNG_90_5.txt,24,0.447164599,0.153297013,0.153297222,0.153288653,0.153298685,0.153294297
5888,INPUT_SKIN6_90_5.txt,OUTPUT_S_90_5.txt,24,5.817079343,5.461686007,5.461305981,5.46104384,5.461094883,5.460852354
5889,INPUT_SKIN6_90_5.txt,OUTPUT_SKIN1_90_5.txt,24,0.750083232,0.790323507,0.790417651,0.790323312,0.790301059,0.79017872
5890,INPUT_SKIN6_90_5.txt,OUTPUT_SKIN10_90_5.txt,24,0.790509784,1.295842024,1.296138235,1.295890423,1.296005565,1.296001766
5891,INPUT_SKIN6_90_5.txt,OUTPUT_SKIN11_90_5.txt,24,82.43897125,81.23768788,81.23569099,81.17078109,81.18586397,81.18078709
5892,INPUT_SKIN6_90_5.txt,OUTPUT_SKIN12_90_5.txt,24,0.364075264,0.414451042,0.41492607,0.414854326,0.414490193,0.414419007
5893,INPUT_SKIN6_90_5.txt,OUTPUT_SKIN2_90_5.txt,24,11.43511861,11.81711213,11.8172235,11.81618149,11.81723031,11.81671454
5894,INPUT_SKIN6_90_5.txt,OUTPUT_SKIN3_90_5.txt,24,0.063787783,0.04388346,0.043883522,0.043876273,0.043883199,0.043878994
5895,INPUT_SKIN6_90_5.txt,OUTPUT_SKIN4_90_5.txt,24,16.75094247,15.00316231,15.0039881,15.00304642,15.0039572,15.00358204
5896,INPUT_SKIN6_90_5.txt,OUTPUT_SKIN5_90_5.txt,24,0.255362658,0.149122165,0.149122372,0.14911404,0.149123779,0.149119511
5897,INPUT_SKIN6_90_5.txt,OUTPUT_SKIN6_90_5.txt,24,-732535,-367451,-367450.5,-367471,-367447,-367457.5
5898,INPUT_SKIN6_90_5.txt,OUTPUT_SKIN7_90_5.txt,24,0.481661817,0.482745527,0.482747884,0.482719057,0.482744223,0.482730385
5899,INPUT_SKIN6_90_5.txt,OUTPUT_SKIN8_90_5.txt,24,3.468227287,4.539872396,4.540120725,4.54017798,4.539995559,4.540077677
5900,INPUT_SKIN6_90_5.txt,OUTPUT_SKIN9_90_5.txt,24,2.036031374,2.137236768,2.137219529,2.134760279,2.137597379,2.137747285
5901,INPUT_SKIN7_90_5.txt,OUTPUT_BM1_90_5.txt,24,1.4845372,1.377595857,1.377256285,1.376382198,1.377363272,1.376979207
5902,INPUT_SKIN7_90_5.txt,OUTPUT_BM2_90_5.txt,24,0.009175243,0.015390893,0.015394301,0.015393607,0.01540302,0.015412496
5903,INPUT_SKIN7_90_5.txt,OUTPUT_GUT_90_5.txt,24,0.84435977,1.164575569,1.164685335,1.16468364,1.165000991,1.165207802
5904,INPUT_SKIN7_90_5.txt,OUTPUT_L_90_5.txt,24,7.8419702,6.662194184,6.662101669,6.66204429,6.662098636,6.662276775
5905,INPUT_SKIN7_90_5.txt,OUTPUT_LN1_90_5.txt,24,0.646337291,0.759853907,0.75983749,0.759829715,0.759856671,0.759874923
5906,INPUT_SKIN7_90_5.txt,OUTPUT_LN2_90_5.txt,24,0.911095587,0.709155899,0.709164376,0.709272124,0.709114726,0.708993668
5907,INPUT_SKIN7_90_5.txt,OUTPUT_LUNG_90_5.txt,24,0.103210332,0.069017807,0.069017689,0.069017807,0.069018276,0.069018276
5908,INPUT_SKIN7_90_5.txt,OUTPUT_S_90_5.txt,24,3.521217806,2.818412191,2.818763644,2.81862659,2.819452834,2.819667141
5909,INPUT_SKIN7_90_5.txt,OUTPUT_SKIN1_90_5.txt,24,0.262855702,0.294944158,0.294981917,0.294964583,0.294922987,0.294903683
5910,INPUT_SKIN7_90_5.txt,OUTPUT_SKIN10_90_5.txt,24,0.33767759,0.407560936,0.407655554,0.407598842,0.407610995,0.40762065
5911,INPUT_SKIN7_90_5.txt,OUTPUT_SKIN11_90_5.txt,24,0.434353281,1.816679257,1.816512646,1.815847666,1.815964406,1.81604126
5912,INPUT_SKIN7_90_5.txt,OUTPUT_SKIN12_90_5.txt,24,0.05904358,0.043368493,0.043413383,0.043422319,0.043370673,0.043381133
5913,INPUT_SKIN7_90_5.txt,OUTPUT_SKIN2_90_5.txt,24,0.071702069,0.101408272,0.101409317,0.101409485,0.101411396,0.101410178
5914,INPUT_SKIN7_90_5.txt,OUTPUT_SKIN3_90_5.txt,24,0.059818911,0.042849481,0.042849408,0.042844715,0.04284904,0.042846107
5915,INPUT_SKIN7_90_5.txt,OUTPUT_SKIN4_90_5.txt,24,0.716266926,0.608987516,0.609021173,0.609019712,0.609021311,0.609026272
5916,INPUT_SKIN7_90_5.txt,OUTPUT_SKIN5_90_5.txt,24,0.127536234,0.177474312,0.177474009,0.177475448,0.177475522,0.177475522
5917,INPUT_SKIN7_90_5.txt,OUTPUT_SKIN6_90_5.txt,24,0.536727661,0.343546532,0.343536931,0.343578683,0.343545799,0.34356503
5918,INPUT_SKIN7_90_5.txt,OUTPUT_SKIN7_90_5.txt,24,-584362.5,-293030.5,-293031,-293030.5,-293028.5,-293028.5
5919,INPUT_SKIN7_90_5.txt,OUTPUT_SKIN8_90_5.txt,24,2.239069894,2.403062467,2.403199799,2.403375456,2.403123899,2.403234715
5920,INPUT_SKIN7_90_5.txt,OUTPUT_SKIN9_90_5.txt,24,0.34542028,0.38113315,0.380896035,0.380700526,0.380989496,0.380980993
5921,INPUT_SKIN8_90_5.txt,OUTPUT_BM1_90_5.txt,24,1.68293191,1.471569583,1.471564314,1.471609266,1.471583636,1.471594097
5922,INPUT_SKIN8_90_5.txt,OUTPUT_BM2_90_5.txt,24,0.051502921,0.042475311,0.042483181,0.042479807,0.042506953,0.042531341
5923,INPUT_SKIN8_90_5.txt,OUTPUT_GUT_90_5.txt,24,0.650786748,1.73728032,1.737387277,1.736836583,1.737879817,1.737662372
5924,INPUT_SKIN8_90_5.txt,OUTPUT_L_90_5.txt,24,2.00340719,1.782716115,1.78254884,1.782394848,1.782503301,1.782707137
5925,INPUT_SKIN8_90_5.txt,OUTPUT_LN1_90_5.txt,24,0.805529036,0.56139905,0.561370632,0.561345491,0.561390758,0.561392502
5926,INPUT_SKIN8_90_5.txt,OUTPUT_LN2_90_5.txt,24,1.615659553,1.345777347,1.345741037,1.345770797,1.345728655,1.345614114
5927,INPUT_SKIN8_90_5.txt,OUTPUT_LUNG_90_5.txt,24,0.184569831,0.111015425,0.11101197,0.111008228,0.111014167,0.111011828
5928,INPUT_SKIN8_90_5.txt,OUTPUT_S_90_5.txt,24,1.189870249,1.164398862,1.164380574,1.164333635,1.164438323,1.16442472
5929,INPUT_SKIN8_90_5.txt,OUTPUT_SKIN1_90_5.txt,24,0.363548191,0.301632767,0.301653914,0.301635767,0.301610112,0.301645722
5930,INPUT_SKIN8_90_5.txt,OUTPUT_SKIN10_90_5.txt,24,0.5607803,0.517612746,0.517715182,0.517623725,0.517663322,0.517666003
5931,INPUT_SKIN8_90_5.txt,OUTPUT_SKIN11_90_5.txt,24,0.625993453,0.564770006,0.564702863,0.564476882,0.564558857,0.564550337
5932,INPUT_SKIN8_90_5.txt,OUTPUT_SKIN12_90_5.txt,24,0.03549643,0.049400047,0.049455158,0.049460193,0.049405164,0.04941209
5933,INPUT_SKIN8_90_5.txt,OUTPUT_SKIN2_90_5.txt,24,0.063541043,0.053285424,0.053284434,0.053281907,0.053285423,0.053283633
5934,INPUT_SKIN8_90_5.txt,OUTPUT_SKIN3_90_5.txt,24,0.053776132,0.048536327,0.048534842,0.048527685,0.048534956,0.048530525
5935,INPUT_SKIN8_90_5.txt,OUTPUT_SKIN4_90_5.txt,24,1.645576079,1.287022995,1.287056537,1.287008094,1.287071637,1.287056103
5936,INPUT_SKIN8_90_5.txt,OUTPUT_SKIN5_90_5.txt,24,0.086716615,0.217780885,0.217774192,0.217766754,0.21777851,0.21777382
5937,INPUT_SKIN8_90_5.txt,OUTPUT_SKIN6_90_5.txt,24,0.316183991,0.467581334,0.46754706,0.467584846,0.4675657,0.467583259
5938,INPUT_SKIN8_90_5.txt,OUTPUT_SKIN7_90_5.txt,24,0.40779549,0.475343804,0.475330188,0.475312972,0.475331463,0.475321911
5939,INPUT_SKIN8_90_5.txt,OUTPUT_SKIN8_90_5.txt,24,-553231,-278089.5,-278098,-278107.5,-278092.5,-278098.5
5940,INPUT_SKIN8_90_5.txt,OUTPUT_SKIN9_90_5.txt,24,0.517108596,0.432378825,0.432323279,0.431902904,0.432366173,0.43240923
5941,INPUT_SKIN9_90_5.txt,OUTPUT_BM1_90_5.txt,24,11.73400574,11.76393888,11.7674216,11.7742132,11.76385359,11.76739135
5942,INPUT_SKIN9_90_5.txt,OUTPUT_BM2_90_5.txt,24,8.078454222,8.06276948,8.064913165,8.06784472,8.063813801,8.066373161
5943,INPUT_SKIN9_90_5.txt,OUTPUT_GUT_90_5.txt,24,5.33786024,9.873420598,9.876165907,9.879625888,9.875053784,9.877652661
5944,INPUT_SKIN9_90_5.txt,OUTPUT_L_90_5.txt,24,12.63711503,12.68338165,12.68530819,12.68948185,12.68110789,12.68567043
5945,INPUT_SKIN9_90_5.txt,OUTPUT_LN1_90_5.txt,24,3.618777336,4.888169485,4.889073023,4.89079424,4.887862484,4.88854769
5946,INPUT_SKIN9_90_5.txt,OUTPUT_LN2_90_5.txt,24,23.95598967,23.93515428,23.94111659,23.94867619,23.93476476,23.94273926
5947,INPUT_SKIN9_90_5.txt,OUTPUT_LUNG_90_5.txt,24,46.64545018,46.67825407,46.69146724,46.69025683,46.68806369,46.69239202
5948,INPUT_SKIN9_90_5.txt,OUTPUT_S_90_5.txt,24,9.709333343,9.722184935,9.723917098,9.727653688,9.720651657,9.722479164
5949,INPUT_SKIN9_90_5.txt,OUTPUT_SKIN1_90_5.txt,24,1.686210446,2.503931018,2.504726368,2.505468336,2.503663514,2.503727192
5950,INPUT_SKIN9_90_5.txt,OUTPUT_SKIN10_90_5.txt,24,0.947979381,1.902155368,1.902974643,1.903407697,1.902257881,1.902529576
5951,INPUT_SKIN9_90_5.txt,OUTPUT_SKIN11_90_5.txt,24,95.95625854,96.16798243,96.20446095,96.20783727,96.10516646,96.12258954
5952,INPUT_SKIN9_90_5.txt,OUTPUT_SKIN12_90_5.txt,24,0.506873153,0.8531185,0.854287797,0.854549187,0.85314721,0.853187091
5953,INPUT_SKIN9_90_5.txt,OUTPUT_SKIN2_90_5.txt,24,0.049866626,0.049685012,0.049695733,0.049713525,0.049683252,0.049688334
5954,INPUT_SKIN9_90_5.txt,OUTPUT_SKIN3_90_5.txt,24,29.92468987,29.98182279,29.98388843,29.99066679,29.97978332,29.97795782
5955,INPUT_SKIN9_90_5.txt,OUTPUT_SKIN4_90_5.txt,24,124.2416941,124.5468798,124.5959703,124.6585183,124.5332787,124.5861063
5956,INPUT_SKIN9_90_5.txt,OUTPUT_SKIN5_90_5.txt,24,84.67960449,84.17474476,84.20537841,84.25736559,84.16394514,84.1892956
5957,INPUT_SKIN9_90_5.txt,OUTPUT_SKIN6_90_5.txt,24,0.346328691,0.635691398,0.635819627,0.636118662,0.635639405,0.63574927
5958,INPUT_SKIN9_90_5.txt,OUTPUT_SKIN7_90_5.txt,24,70.99131991,71.3875106,71.4057829,71.40183496,71.37619758,71.38966796
5959,INPUT_SKIN9_90_5.txt,OUTPUT_SKIN8_90_5.txt,24,8.199293088,12.33897374,12.34197374,12.34669309,12.33707241,12.33947614
5960,INPUT_SKIN9_90_5.txt,OUTPUT_SKIN9_90_5.txt,24,-1525491.5,-766050,-765894,-765620,-766095.5,-766008
5961,INPUT_BM1_90_5.txt,OUTPUT_BM1_90_5.txt,25,-453278,-227449,-227448,-227463.5,-227455,-227453
5962,INPUT_BM1_90_5.txt,OUTPUT_BM2_90_5.txt,25,0.231050452,0.240775846,0.240790801,0.240757432,0.240895919,0.240733225
5963,INPUT_BM1_90_5.txt,OUTPUT_GUT_90_5.txt,25,NA,NA,NA,NA,NA,NA
5964,INPUT_BM1_90_5.txt,OUTPUT_L_90_5.txt,25,0.035016272,0.041921552,0.041921738,0.041918878,0.041920446,0.041920816
5965,INPUT_BM1_90_5.txt,OUTPUT_LN1_90_5.txt,25,0.051196719,0.046916646,0.046916853,0.046913653,0.046915408,0.046915821
5966,INPUT_BM1_90_5.txt,OUTPUT_LN2_90_5.txt,25,0.064343577,0.058343087,0.058343345,0.058339366,0.058341547,0.058342061
5967,INPUT_BM1_90_5.txt,OUTPUT_LUNG_90_5.txt,25,0.193126296,0.195416413,0.195417279,0.195403924,0.195411245,0.195412972
5968,INPUT_BM1_90_5.txt,OUTPUT_S_90_5.txt,25,0.988159954,0.768305134,0.768308245,0.76825856,0.768285861,0.768292184
5969,INPUT_BM1_90_5.txt,OUTPUT_SKIN1_90_5.txt,25,0.140280388,0.124772498,0.12477305,0.12476452,0.124769197,0.124769915
5970,INPUT_BM1_90_5.txt,OUTPUT_SKIN10_90_5.txt,25,0.053997707,0.051864961,0.051865191,0.051861651,0.051863592,0.051864049
5971,INPUT_BM1_90_5.txt,OUTPUT_SKIN11_90_5.txt,25,0.161922083,0.172001581,0.172013327,0.171988723,0.172004358,0.172000288
5972,INPUT_BM1_90_5.txt,OUTPUT_SKIN12_90_5.txt,25,0.086579933,0.12901727,0.129019375,0.129009345,0.129015161,0.129016285
5973,INPUT_BM1_90_5.txt,OUTPUT_SKIN2_90_5.txt,25,0.095463944,0.098792756,0.098796565,0.098785795,0.098794976,0.09879547
5974,INPUT_BM1_90_5.txt,OUTPUT_SKIN3_90_5.txt,25,0.0587962,0.060975278,0.06097555,0.060971386,0.060973667,0.060974208
5975,INPUT_BM1_90_5.txt,OUTPUT_SKIN4_90_5.txt,25,0.128913271,0.106994769,0.106995244,0.106987936,0.106991942,0.106992888
5976,INPUT_BM1_90_5.txt,OUTPUT_SKIN5_90_5.txt,25,0.166131702,0.140106893,0.1401039,0.140101359,0.140107362,0.140108586
5977,INPUT_BM1_90_5.txt,OUTPUT_SKIN6_90_5.txt,25,0.315893589,0.315811702,0.31603656,0.315798784,0.3159909,0.316017826
5978,INPUT_BM1_90_5.txt,OUTPUT_SKIN7_90_5.txt,25,0.059173854,0.065372695,0.065372985,0.065368521,0.065370968,0.065371546
5979,INPUT_BM1_90_5.txt,OUTPUT_SKIN8_90_5.txt,25,0.176674686,0.143355575,0.14334644,0.143380067,0.14338746,0.14345208
5980,INPUT_BM1_90_5.txt,OUTPUT_SKIN9_90_5.txt,25,0.143911258,0.125659996,0.125753911,0.125730589,0.125673378,0.125738594
5981,INPUT_BM2_90_5.txt,OUTPUT_BM1_90_5.txt,25,0.043102382,0.04092924,0.040928293,0.040935342,0.040921209,0.040934568
5982,INPUT_BM2_90_5.txt,OUTPUT_BM2_90_5.txt,25,-557839,-279284,-279288,-279278,-279353.5,-279257.5
5983,INPUT_BM2_90_5.txt,OUTPUT_GUT_90_5.txt,25,NA,NA,NA,NA,NA,NA
5984,INPUT_BM2_90_5.txt,OUTPUT_L_90_5.txt,25,0.031995968,0.02044516,0.020444868,0.0204456,0.020440071,0.020447102
5985,INPUT_BM2_90_5.txt,OUTPUT_LN1_90_5.txt,25,0.035907303,0.023122377,0.023122046,0.023122874,0.02311662,0.023124573
5986,INPUT_BM2_90_5.txt,OUTPUT_LN2_90_5.txt,25,0.054466843,0.060627153,0.060626284,0.060628459,0.060612042,0.060632918
5987,INPUT_BM2_90_5.txt,OUTPUT_LUNG_90_5.txt,25,0.139760469,0.16619021,0.166187822,0.166193803,0.166148652,0.166206067
5988,INPUT_BM2_90_5.txt,OUTPUT_S_90_5.txt,25,0.225410508,0.292951557,0.29294737,0.292957839,0.29287882,0.292979301
5989,INPUT_BM2_90_5.txt,OUTPUT_SKIN1_90_5.txt,25,0.069636536,0.090963029,0.090961723,0.090964991,0.09094032,0.090972241
5990,INPUT_BM2_90_5.txt,OUTPUT_SKIN10_90_5.txt,25,0.04242678,0.03993862,0.039938122,0.03993948,0.039928744,0.039942491
5991,INPUT_BM2_90_5.txt,OUTPUT_SKIN11_90_5.txt,25,0.250424164,0.215685614,0.215711588,0.215695096,0.215643585,0.215711942
5992,INPUT_BM2_90_5.txt,OUTPUT_SKIN12_90_5.txt,25,0.132468333,0.100470993,0.100472594,0.100474833,0.100448437,0.100481853
5993,INPUT_BM2_90_5.txt,OUTPUT_SKIN2_90_5.txt,25,0.096079594,0.170451142,0.170468223,0.17045694,0.170431135,0.170491047
5994,INPUT_BM2_90_5.txt,OUTPUT_SKIN3_90_5.txt,25,0.051530546,0.047105816,0.047105143,0.047106832,0.047094077,0.047110297
5995,INPUT_BM2_90_5.txt,OUTPUT_SKIN4_90_5.txt,25,0.142721289,0.074894892,0.074893819,0.074896508,0.074876214,0.07490202
5996,INPUT_BM2_90_5.txt,OUTPUT_SKIN5_90_5.txt,25,0.894672361,0.830181724,0.830171447,0.830171617,0.82991164,0.83023455
5997,INPUT_BM2_90_5.txt,OUTPUT_SKIN6_90_5.txt,25,0.642702549,0.433014702,0.432824517,0.433029499,0.432693257,0.432872984
5998,INPUT_BM2_90_5.txt,OUTPUT_SKIN7_90_5.txt,25,0.103534644,0.08975955,0.089758264,0.089761489,0.089737142,0.089768102
5999,INPUT_BM2_90_5.txt,OUTPUT_SKIN8_90_5.txt,25,0.533766926,0.497663537,0.497704814,0.497453576,0.497358391,0.497461319
6000,INPUT_BM2_90_5.txt,OUTPUT_SKIN9_90_5.txt,25,0.089830511,0.118555127,0.11857116,0.118627016,0.118472511,0.118626476
6001,INPUT_GUT_90_5.txt,OUTPUT_BM1_90_5.txt,25,NA,NA,NA,NA,NA,NA
6002,INPUT_GUT_90_5.txt,OUTPUT_BM2_90_5.txt,25,NA,NA,NA,NA,NA,NA
6003,INPUT_GUT_90_5.txt,OUTPUT_GUT_90_5.txt,25,NA,NA,NA,NA,NA,NA
6004,INPUT_GUT_90_5.txt,OUTPUT_L_90_5.txt,25,NA,NA,NA,NA,NA,NA
6005,INPUT_GUT_90_5.txt,OUTPUT_LN1_90_5.txt,25,NA,NA,NA,NA,NA,NA
6006,INPUT_GUT_90_5.txt,OUTPUT_LN2_90_5.txt,25,NA,NA,NA,NA,NA,NA
6007,INPUT_GUT_90_5.txt,OUTPUT_LUNG_90_5.txt,25,NA,NA,NA,NA,NA,NA
6008,INPUT_GUT_90_5.txt,OUTPUT_S_90_5.txt,25,NA,NA,NA,NA,NA,NA
6009,INPUT_GUT_90_5.txt,OUTPUT_SKIN1_90_5.txt,25,NA,NA,NA,NA,NA,NA
6010,INPUT_GUT_90_5.txt,OUTPUT_SKIN10_90_5.txt,25,NA,NA,NA,NA,NA,NA
6011,INPUT_GUT_90_5.txt,OUTPUT_SKIN11_90_5.txt,25,NA,NA,NA,NA,NA,NA
6012,INPUT_GUT_90_5.txt,OUTPUT_SKIN12_90_5.txt,25,NA,NA,NA,NA,NA,NA
6013,INPUT_GUT_90_5.txt,OUTPUT_SKIN2_90_5.txt,25,NA,NA,NA,NA,NA,NA
6014,INPUT_GUT_90_5.txt,OUTPUT_SKIN3_90_5.txt,25,NA,NA,NA,NA,NA,NA
6015,INPUT_GUT_90_5.txt,OUTPUT_SKIN4_90_5.txt,25,NA,NA,NA,NA,NA,NA
6016,INPUT_GUT_90_5.txt,OUTPUT_SKIN5_90_5.txt,25,NA,NA,NA,NA,NA,NA
6017,INPUT_GUT_90_5.txt,OUTPUT_SKIN6_90_5.txt,25,NA,NA,NA,NA,NA,NA
6018,INPUT_GUT_90_5.txt,OUTPUT_SKIN7_90_5.txt,25,NA,NA,NA,NA,NA,NA
6019,INPUT_GUT_90_5.txt,OUTPUT_SKIN8_90_5.txt,25,NA,NA,NA,NA,NA,NA
6020,INPUT_GUT_90_5.txt,OUTPUT_SKIN9_90_5.txt,25,NA,NA,NA,NA,NA,NA
6021,INPUT_L_90_5.txt,OUTPUT_BM1_90_5.txt,25,0.051531736,0.041385804,0.041385441,0.041391077,0.041387986,0.041387259
6022,INPUT_L_90_5.txt,OUTPUT_BM2_90_5.txt,25,0.340312548,0.265089373,0.265102413,0.265083715,0.265224901,0.265045386
6023,INPUT_L_90_5.txt,OUTPUT_GUT_90_5.txt,25,NA,NA,NA,NA,NA,NA
6024,INPUT_L_90_5.txt,OUTPUT_L_90_5.txt,25,-370774.5,-185500,-185500,-185500,-185500,-185500
6025,INPUT_L_90_5.txt,OUTPUT_LN1_90_5.txt,25,0.060287484,0.0674757,0.0674757,0.0674757,0.0674757,0.0674757
6026,INPUT_L_90_5.txt,OUTPUT_LN2_90_5.txt,25,0.039368291,0.035309825,0.035309825,0.035309825,0.035309825,0.035309825
6027,INPUT_L_90_5.txt,OUTPUT_LUNG_90_5.txt,25,0.180631835,0.184795248,0.184795248,0.184795248,0.184795248,0.184795248
6028,INPUT_L_90_5.txt,OUTPUT_S_90_5.txt,25,0.463085141,0.515277671,0.515277671,0.515277671,0.515277671,0.515277671
6029,INPUT_L_90_5.txt,OUTPUT_SKIN1_90_5.txt,25,0.126458865,0.107276458,0.107276458,0.107276458,0.107276458,0.107277768
6030,INPUT_L_90_5.txt,OUTPUT_SKIN10_90_5.txt,25,0.039315899,0.077379554,0.077380043,0.077379554,0.077380043,0.077380043
6031,INPUT_L_90_5.txt,OUTPUT_SKIN11_90_5.txt,25,0.191815533,0.213660893,0.213683633,0.213667575,0.213675311,0.213666492
6032,INPUT_L_90_5.txt,OUTPUT_SKIN12_90_5.txt,25,0.103408562,0.099074932,0.099076186,0.09907524,0.099076345,0.099076296
6033,INPUT_L_90_5.txt,OUTPUT_SKIN2_90_5.txt,25,0.114169307,0.127875908,0.127874676,0.127865929,0.127888265,0.127882647
6034,INPUT_L_90_5.txt,OUTPUT_SKIN3_90_5.txt,25,0.059772908,0.052351793,0.052351793,0.052351793,0.052351793,0.052351793
6035,INPUT_L_90_5.txt,OUTPUT_SKIN4_90_5.txt,25,0.134059833,0.113764679,0.113764679,0.113764679,0.113764679,0.113764679
6036,INPUT_L_90_5.txt,OUTPUT_SKIN5_90_5.txt,25,0.308510609,0.254904693,0.254840234,0.254793088,0.254704783,0.254873623
6037,INPUT_L_90_5.txt,OUTPUT_SKIN6_90_5.txt,25,0.297245873,0.258844282,0.259037765,0.258849339,0.259007949,0.259028732
6038,INPUT_L_90_5.txt,OUTPUT_SKIN7_90_5.txt,25,0.045225065,0.056116741,0.056116741,0.056116741,0.056116741,0.056116741
6039,INPUT_L_90_5.txt,OUTPUT_SKIN8_90_5.txt,25,0.456859037,0.404971857,0.405006969,0.40476907,0.404800163,0.404727741
6040,INPUT_L_90_5.txt,OUTPUT_SKIN9_90_5.txt,25,0.108800586,0.113536354,0.11363155,0.113608355,0.113561825,0.113612036
6041,INPUT_LN1_90_5.txt,OUTPUT_BM1_90_5.txt,25,0.034018498,0.026973251,0.026973014,0.026976688,0.026974673,0.026974199
6042,INPUT_LN1_90_5.txt,OUTPUT_BM2_90_5.txt,25,0.467812015,0.436642353,0.436668367,0.436637985,0.436867396,0.436575704
6043,INPUT_LN1_90_5.txt,OUTPUT_GUT_90_5.txt,25,NA,NA,NA,NA,NA,NA
6044,INPUT_LN1_90_5.txt,OUTPUT_L_90_5.txt,25,0.054834175,0.036928938,0.036928938,0.036928938,0.036928938,0.036928938
6045,INPUT_LN1_90_5.txt,OUTPUT_LN1_90_5.txt,25,-463271.5,-231836.5,-231836.5,-231836.5,-231836.5,-231836.5
6046,INPUT_LN1_90_5.txt,OUTPUT_LN2_90_5.txt,25,0.099318223,0.09484184,0.09484184,0.09484184,0.09484184,0.09484184
6047,INPUT_LN1_90_5.txt,OUTPUT_LUNG_90_5.txt,25,0.299124986,0.249504654,0.249504654,0.249504654,0.249504654,0.249504654
6048,INPUT_LN1_90_5.txt,OUTPUT_S_90_5.txt,25,0.49590246,0.568623798,0.568623798,0.568623798,0.568623798,0.568623798
6049,INPUT_LN1_90_5.txt,OUTPUT_SKIN1_90_5.txt,25,0.081374492,0.155866354,0.155866354,0.155866354,0.155866354,0.155867699
6050,INPUT_LN1_90_5.txt,OUTPUT_SKIN10_90_5.txt,25,0.03802337,0.033798386,0.033798427,0.033798386,0.033798427,0.033798427
6051,INPUT_LN1_90_5.txt,OUTPUT_SKIN11_90_5.txt,25,0.229911298,0.313342169,0.313388325,0.313350663,0.313362527,0.313351113
6052,INPUT_LN1_90_5.txt,OUTPUT_SKIN12_90_5.txt,25,0.155320979,0.194983594,0.194991551,0.19498848,0.194989235,0.194986227
6053,INPUT_LN1_90_5.txt,OUTPUT_SKIN2_90_5.txt,25,0.186323996,0.138248169,0.138264349,0.13825012,0.138266902,0.138267676
6054,INPUT_LN1_90_5.txt,OUTPUT_SKIN3_90_5.txt,25,0.169238332,0.170021101,0.170021101,0.170021101,0.170021101,0.170021101
6055,INPUT_LN1_90_5.txt,OUTPUT_SKIN4_90_5.txt,25,0.272684202,0.281865299,0.281865299,0.281865299,0.281865299,0.281865299
6056,INPUT_LN1_90_5.txt,OUTPUT_SKIN5_90_5.txt,25,1.422875212,1.398369453,1.398557273,1.398488831,1.398449337,1.398316124
6057,INPUT_LN1_90_5.txt,OUTPUT_SKIN6_90_5.txt,25,0.877919517,0.597882893,0.597599108,0.597890061,0.59755655,0.597600933
6058,INPUT_LN1_90_5.txt,OUTPUT_SKIN7_90_5.txt,25,0.071639078,0.055795171,0.055795171,0.055795171,0.055795171,0.055795171
6059,INPUT_LN1_90_5.txt,OUTPUT_SKIN8_90_5.txt,25,0.767686727,1.007295672,1.007439593,1.006766993,1.006917178,1.006719084
6060,INPUT_LN1_90_5.txt,OUTPUT_SKIN9_90_5.txt,25,0.27712036,0.270318499,0.270355225,0.270477374,0.270192971,0.270455416
6061,INPUT_LN2_90_5.txt,OUTPUT_BM1_90_5.txt,25,0.023801301,0.017114235,0.017114084,0.017116416,0.017115138,0.017114837
6062,INPUT_LN2_90_5.txt,OUTPUT_BM2_90_5.txt,25,0.238660705,0.192767465,0.192779401,0.192765728,0.192868972,0.192737699
6063,INPUT_LN2_90_5.txt,OUTPUT_GUT_90_5.txt,25,NA,NA,NA,NA,NA,NA
6064,INPUT_LN2_90_5.txt,OUTPUT_L_90_5.txt,25,0.062494015,0.064761625,0.064761625,0.064761625,0.064761625,0.064761625
6065,INPUT_LN2_90_5.txt,OUTPUT_LN1_90_5.txt,25,0.10913067,0.094459991,0.094459991,0.094459991,0.094459991,0.094459991
6066,INPUT_LN2_90_5.txt,OUTPUT_LN2_90_5.txt,25,-459845,-230410.5,-230410.5,-230410.5,-230410.5,-230410.5
6067,INPUT_LN2_90_5.txt,OUTPUT_LUNG_90_5.txt,25,0.240262462,0.183136806,0.183136806,0.183136806,0.183136806,0.183136806
6068,INPUT_LN2_90_5.txt,OUTPUT_S_90_5.txt,25,1.068357356,0.909081243,0.909081243,0.909081243,0.909081243,0.909081243
6069,INPUT_LN2_90_5.txt,OUTPUT_SKIN1_90_5.txt,25,0.352503382,0.313727465,0.313727465,0.313727465,0.313727465,0.313728539
6070,INPUT_LN2_90_5.txt,OUTPUT_SKIN10_90_5.txt,25,0.031579169,0.068281984,0.068282018,0.068281984,0.068282018,0.068282018
6071,INPUT_LN2_90_5.txt,OUTPUT_SKIN11_90_5.txt,25,0.231764867,0.234841859,0.234865026,0.234849279,0.23485622,0.234850919
6072,INPUT_LN2_90_5.txt,OUTPUT_SKIN12_90_5.txt,25,0.115102745,0.090807364,0.090810339,0.090808955,0.090809581,0.090808384
6073,INPUT_LN2_90_5.txt,OUTPUT_SKIN2_90_5.txt,25,0.110392972,0.105886546,0.105898782,0.105887786,0.105900617,0.105901091
6074,INPUT_LN2_90_5.txt,OUTPUT_SKIN3_90_5.txt,25,0.176311658,0.17481943,0.17481943,0.17481943,0.17481943,0.17481943
6075,INPUT_LN2_90_5.txt,OUTPUT_SKIN4_90_5.txt,25,0.165534259,0.124408835,0.124408835,0.124408835,0.124408835,0.124408835
6076,INPUT_LN2_90_5.txt,OUTPUT_SKIN5_90_5.txt,25,0.993965946,0.958067485,0.958265812,0.958212976,0.958178438,0.958028935
6077,INPUT_LN2_90_5.txt,OUTPUT_SKIN6_90_5.txt,25,0.598934786,0.515021194,0.51477294,0.515027503,0.514736522,0.514774495
6078,INPUT_LN2_90_5.txt,OUTPUT_SKIN7_90_5.txt,25,0.069593416,0.061088782,0.061088782,0.061088782,0.061088782,0.061088782
6079,INPUT_LN2_90_5.txt,OUTPUT_SKIN8_90_5.txt,25,0.690983788,1.093295263,1.09329993,1.092819624,1.092788663,1.092651152
6080,INPUT_LN2_90_5.txt,OUTPUT_SKIN9_90_5.txt,25,0.475095032,0.377884199,0.37793921,0.378113726,0.377704753,0.37808233
6081,INPUT_LUNG_90_5.txt,OUTPUT_BM1_90_5.txt,25,0.098515672,0.074122879,0.074122228,0.074132319,0.074126785,0.074125484
6082,INPUT_LUNG_90_5.txt,OUTPUT_BM2_90_5.txt,25,2.125886199,2.77244566,2.772517953,2.772338598,2.773692808,2.77197093
6083,INPUT_LUNG_90_5.txt,OUTPUT_GUT_90_5.txt,25,NA,NA,NA,NA,NA,NA
6084,INPUT_LUNG_90_5.txt,OUTPUT_L_90_5.txt,25,18.07962911,17.04123612,17.04123612,17.04123612,17.04123612,17.04123612
6085,INPUT_LUNG_90_5.txt,OUTPUT_LN1_90_5.txt,25,0.120505303,0.122925337,0.122925337,0.122925337,0.122925337,0.122925337
6086,INPUT_LUNG_90_5.txt,OUTPUT_LN2_90_5.txt,25,0.083029267,0.063761562,0.063761562,0.063761562,0.063761562,0.063761562
6087,INPUT_LUNG_90_5.txt,OUTPUT_LUNG_90_5.txt,25,-525101.5,-262872,-262872,-262872,-262872,-262872
6088,INPUT_LUNG_90_5.txt,OUTPUT_S_90_5.txt,25,3.819598623,4.122743944,4.122743944,4.122743944,4.122743944,4.122743944
6089,INPUT_LUNG_90_5.txt,OUTPUT_SKIN1_90_5.txt,25,0.462365677,0.577931174,0.577931174,0.577931174,0.577931174,0.577931118
6090,INPUT_LUNG_90_5.txt,OUTPUT_SKIN10_90_5.txt,25,0.123551209,0.103257973,0.103257972,0.103257973,0.103257972,0.103257972
6091,INPUT_LUNG_90_5.txt,OUTPUT_SKIN11_90_5.txt,25,0.504193531,0.558687047,0.558757632,0.558698271,0.55872038,0.558695812
6092,INPUT_LUNG_90_5.txt,OUTPUT_SKIN12_90_5.txt,25,0.369806562,0.471303885,0.471300902,0.471302891,0.471312729,0.47130977
6093,INPUT_LUNG_90_5.txt,OUTPUT_SKIN2_90_5.txt,25,0.140083974,0.215368102,0.21539302,0.215370589,0.215396763,0.215397694
6094,INPUT_LUNG_90_5.txt,OUTPUT_SKIN3_90_5.txt,25,0.102549159,0.110784699,0.110784699,0.110784699,0.110784699,0.110784699
6095,INPUT_LUNG_90_5.txt,OUTPUT_SKIN4_90_5.txt,25,0.482706889,0.501389139,0.501389139,0.501389139,0.501389139,0.501389139
6096,INPUT_LUNG_90_5.txt,OUTPUT_SKIN5_90_5.txt,25,1.93150969,2.451204496,2.451340241,2.451231549,2.451166514,2.451114276
6097,INPUT_LUNG_90_5.txt,OUTPUT_SKIN6_90_5.txt,25,1.796707961,1.785569727,1.784752845,1.78559133,1.784623272,1.784757351
6098,INPUT_LUNG_90_5.txt,OUTPUT_SKIN7_90_5.txt,25,0.137089591,0.135227,0.135227,0.135227,0.135227,0.135227
6099,INPUT_LUNG_90_5.txt,OUTPUT_SKIN8_90_5.txt,25,0.849670157,1.218379007,1.218383768,1.217844514,1.217810258,1.217601285
6100,INPUT_LUNG_90_5.txt,OUTPUT_SKIN9_90_5.txt,25,0.724659456,0.693681228,0.693783513,0.694097139,0.693358986,0.694040716
6101,INPUT_S_90_5.txt,OUTPUT_BM1_90_5.txt,25,0.063445168,0.055676584,0.055676082,0.055683691,0.055679525,0.055678532
6102,INPUT_S_90_5.txt,OUTPUT_BM2_90_5.txt,25,0.571129936,0.489229783,0.489256875,0.489221776,0.489486805,0.489149827
6103,INPUT_S_90_5.txt,OUTPUT_GUT_90_5.txt,25,NA,NA,NA,NA,NA,NA
6104,INPUT_S_90_5.txt,OUTPUT_L_90_5.txt,25,0.057255318,0.063613936,0.063613936,0.063613936,0.063613936,0.063613936
6105,INPUT_S_90_5.txt,OUTPUT_LN1_90_5.txt,25,0.056818471,0.045928333,0.045928333,0.045928333,0.045928333,0.045928333
6106,INPUT_S_90_5.txt,OUTPUT_LN2_90_5.txt,25,0.069851298,0.082423821,0.082423821,0.082423821,0.082423821,0.082423821
6107,INPUT_S_90_5.txt,OUTPUT_LUNG_90_5.txt,25,0.343076287,0.312379095,0.312379095,0.312379095,0.312379095,0.312379095
6108,INPUT_S_90_5.txt,OUTPUT_S_90_5.txt,25,-193518,-97389,-97389,-97389,-97389,-97389
6109,INPUT_S_90_5.txt,OUTPUT_SKIN1_90_5.txt,25,0.19685336,0.191683112,0.191683112,0.191683112,0.191683112,0.191689235
6110,INPUT_S_90_5.txt,OUTPUT_SKIN10_90_5.txt,25,0.053243354,0.073996283,0.073996906,0.073996283,0.073996906,0.073996906
6111,INPUT_S_90_5.txt,OUTPUT_SKIN11_90_5.txt,25,0.276714748,0.256085979,0.256087298,0.256096971,0.256079323,0.256076026
6112,INPUT_S_90_5.txt,OUTPUT_SKIN12_90_5.txt,25,0.310540074,0.254393477,0.254396474,0.254392982,0.254400665,0.254397981
6113,INPUT_S_90_5.txt,OUTPUT_SKIN2_90_5.txt,25,0.232809667,0.367098099,0.367100197,0.367097173,0.3671067,0.367107571
6114,INPUT_S_90_5.txt,OUTPUT_SKIN3_90_5.txt,25,0.140187396,0.132153967,0.132153967,0.132153967,0.132153967,0.132153967
6115,INPUT_S_90_5.txt,OUTPUT_SKIN4_90_5.txt,25,0.248952091,0.181466818,0.181466818,0.181466818,0.181466818,0.181466818
6116,INPUT_S_90_5.txt,OUTPUT_SKIN5_90_5.txt,25,0.345142695,0.279615863,0.279615445,0.27961921,0.279622021,0.279617956
6117,INPUT_S_90_5.txt,OUTPUT_SKIN6_90_5.txt,25,0.959165414,0.831880237,0.832357149,0.831888248,0.832477756,0.832336356
6118,INPUT_S_90_5.txt,OUTPUT_SKIN7_90_5.txt,25,0.13542009,0.185510712,0.185510712,0.185510712,0.185510712,0.185510712
6119,INPUT_S_90_5.txt,OUTPUT_SKIN8_90_5.txt,25,0.349023269,0.283803301,0.283793236,0.283821679,0.283815018,0.283845977
6120,INPUT_S_90_5.txt,OUTPUT_SKIN9_90_5.txt,25,0.313827139,0.307015463,0.307115702,0.307104002,0.307024514,0.307105206
6121,INPUT_SKIN1_90_5.txt,OUTPUT_BM1_90_5.txt,25,0.023835491,0.014442309,0.014442182,0.014444148,0.01444307,0.014442816
6122,INPUT_SKIN1_90_5.txt,OUTPUT_BM2_90_5.txt,25,0.353575535,0.33255597,0.332589754,0.332567003,0.332738788,0.332520362
6123,INPUT_SKIN1_90_5.txt,OUTPUT_GUT_90_5.txt,25,NA,NA,NA,NA,NA,NA
6124,INPUT_SKIN1_90_5.txt,OUTPUT_L_90_5.txt,25,0.052214286,0.040430605,0.040430605,0.040430605,0.040430605,0.040430605
6125,INPUT_SKIN1_90_5.txt,OUTPUT_LN1_90_5.txt,25,0.016357227,0.027291343,0.027291343,0.027291343,0.027291343,0.027291343
6126,INPUT_SKIN1_90_5.txt,OUTPUT_LN2_90_5.txt,25,0.052829995,0.281300181,0.281300181,0.281300181,0.281300181,0.281300182
6127,INPUT_SKIN1_90_5.txt,OUTPUT_LUNG_90_5.txt,25,0.289918191,0.240079544,0.240079544,0.240079544,0.240079544,0.240079538
6128,INPUT_SKIN1_90_5.txt,OUTPUT_S_90_5.txt,25,1.172590832,0.902753314,0.902753314,0.902753314,0.902753314,0.902753281
6129,INPUT_SKIN1_90_5.txt,OUTPUT_SKIN1_90_5.txt,25,-506821.5,-253971,-253971,-253971,-253971,-253971
6130,INPUT_SKIN1_90_5.txt,OUTPUT_SKIN10_90_5.txt,25,0.099331126,0.078918332,0.078918332,0.078918332,0.078918332,0.078918331
6131,INPUT_SKIN1_90_5.txt,OUTPUT_SKIN11_90_5.txt,25,0.448593211,0.50236213,0.502417749,0.50238129,0.502396451,0.502370415
6132,INPUT_SKIN1_90_5.txt,OUTPUT_SKIN12_90_5.txt,25,0.255368264,0.283522234,0.283525171,0.283521655,0.283527577,0.283525781
6133,INPUT_SKIN1_90_5.txt,OUTPUT_SKIN2_90_5.txt,25,0.288851892,0.308255214,0.308291322,0.308259447,0.308297364,0.308298718
6134,INPUT_SKIN1_90_5.txt,OUTPUT_SKIN3_90_5.txt,25,7.410877698,6.527461653,6.527461653,6.527461653,6.527461653,6.527463227
6135,INPUT_SKIN1_90_5.txt,OUTPUT_SKIN4_90_5.txt,25,0.571603323,0.507020613,0.507020613,0.507020613,0.507020613,0.50702063
6136,INPUT_SKIN1_90_5.txt,OUTPUT_SKIN5_90_5.txt,25,1.851125882,1.759381853,1.759483315,1.759446593,1.759331253,1.759348771
6137,INPUT_SKIN1_90_5.txt,OUTPUT_SKIN6_90_5.txt,25,1.609507143,1.582670103,1.581919106,1.58268772,1.581787794,1.581925343
6138,INPUT_SKIN1_90_5.txt,OUTPUT_SKIN7_90_5.txt,25,0.071164412,0.08999391,0.08999391,0.08999391,0.08999391,0.08999391
6139,INPUT_SKIN1_90_5.txt,OUTPUT_SKIN8_90_5.txt,25,1.415297684,1.244478507,1.244507268,1.243941391,1.243884619,1.243671295
6140,INPUT_SKIN1_90_5.txt,OUTPUT_SKIN9_90_5.txt,25,0.533139519,0.411323597,0.411379197,0.411564873,0.411132803,0.411531505
6141,INPUT_SKIN10_90_5.txt,OUTPUT_BM1_90_5.txt,25,0.074758681,0.076219592,0.076218927,0.07622926,0.076223592,0.07622226
6142,INPUT_SKIN10_90_5.txt,OUTPUT_BM2_90_5.txt,25,0.566618531,0.715216724,0.715235348,0.715188943,0.71553936,0.715093799
6143,INPUT_SKIN10_90_5.txt,OUTPUT_GUT_90_5.txt,25,NA,NA,NA,NA,NA,NA
6144,INPUT_SKIN10_90_5.txt,OUTPUT_L_90_5.txt,25,37.60467303,34.37318471,34.3731858,34.37318471,34.3731858,34.3731858
6145,INPUT_SKIN10_90_5.txt,OUTPUT_LN1_90_5.txt,25,0.150457004,0.11619625,0.11619625,0.11619625,0.11619625,0.11619625
6146,INPUT_SKIN10_90_5.txt,OUTPUT_LN2_90_5.txt,25,0.049012886,0.034418361,0.034418361,0.034418361,0.034418361,0.034418361
6147,INPUT_SKIN10_90_5.txt,OUTPUT_LUNG_90_5.txt,25,0.28072542,0.250148709,0.250148708,0.250148709,0.250148708,0.250148708
6148,INPUT_SKIN10_90_5.txt,OUTPUT_S_90_5.txt,25,0.532280132,0.451212716,0.451212713,0.451212716,0.451212713,0.451212713
6149,INPUT_SKIN10_90_5.txt,OUTPUT_SKIN1_90_5.txt,25,0.073550194,0.22357704,0.223577042,0.22357704,0.223577042,0.223577038
6150,INPUT_SKIN10_90_5.txt,OUTPUT_SKIN10_90_5.txt,25,-545679,-272925,-272925,-272925,-272925,-272925
6151,INPUT_SKIN10_90_5.txt,OUTPUT_SKIN11_90_5.txt,25,0.397830568,0.466215465,0.466252259,0.466230975,0.466249043,0.466232706
6152,INPUT_SKIN10_90_5.txt,OUTPUT_SKIN12_90_5.txt,25,0.188064859,0.186061695,0.186071055,0.186067009,0.186066412,0.186063361
6153,INPUT_SKIN10_90_5.txt,OUTPUT_SKIN2_90_5.txt,25,0.182377574,0.186886356,0.186907687,0.186887943,0.186910365,0.186911159
6154,INPUT_SKIN10_90_5.txt,OUTPUT_SKIN3_90_5.txt,25,0.060006241,0.058464955,0.058464955,0.058464955,0.058464955,0.058464955
6155,INPUT_SKIN10_90_5.txt,OUTPUT_SKIN4_90_5.txt,25,0.286225834,0.1970603,0.197060302,0.1970603,0.197060302,0.197060302
6156,INPUT_SKIN10_90_5.txt,OUTPUT_SKIN5_90_5.txt,25,2.408025285,2.323971827,2.324441647,2.324314528,2.324232623,2.323879974
6157,INPUT_SKIN10_90_5.txt,OUTPUT_SKIN6_90_5.txt,25,0.802533236,0.662975196,0.662664162,0.662982994,0.662615941,0.662666234
6158,INPUT_SKIN10_90_5.txt,OUTPUT_SKIN7_90_5.txt,25,0.117788426,0.159968132,0.159968133,0.159968132,0.159968133,0.159968133
6159,INPUT_SKIN10_90_5.txt,OUTPUT_SKIN8_90_5.txt,25,1.069600306,1.186304894,1.186311538,1.185773311,1.185739595,1.185545193
6160,INPUT_SKIN10_90_5.txt,OUTPUT_SKIN9_90_5.txt,25,0.269731823,0.241917378,0.24195093,0.242059924,0.241805368,0.242040327
6161,INPUT_SKIN11_90_5.txt,OUTPUT_BM1_90_5.txt,25,0.023822336,0.021106129,0.021105027,0.021108586,0.021106696,0.021106699
6162,INPUT_SKIN11_90_5.txt,OUTPUT_BM2_90_5.txt,25,0.702262482,0.498512541,0.49850406,0.498487488,0.498728433,0.498421379
6163,INPUT_SKIN11_90_5.txt,OUTPUT_GUT_90_5.txt,25,NA,NA,NA,NA,NA,NA
6164,INPUT_SKIN11_90_5.txt,OUTPUT_L_90_5.txt,25,33.41860118,29.52878141,29.52729205,29.52812491,29.52841952,29.52867061
6165,INPUT_SKIN11_90_5.txt,OUTPUT_LN1_90_5.txt,25,0.130335491,0.11043786,0.110433054,0.110436657,0.110435007,0.11043696
6166,INPUT_SKIN11_90_5.txt,OUTPUT_LN2_90_5.txt,25,0.043273592,0.42404569,0.424027144,0.424042311,0.424034691,0.424042208
6167,INPUT_SKIN11_90_5.txt,OUTPUT_LUNG_90_5.txt,25,0.401112006,0.562496015,0.562472241,0.562489285,0.562480826,0.562489082
6168,INPUT_SKIN11_90_5.txt,OUTPUT_S_90_5.txt,25,0.935564039,0.681610383,0.681580626,0.681602943,0.681592699,0.68160474
6169,INPUT_SKIN11_90_5.txt,OUTPUT_SKIN1_90_5.txt,25,0.208377106,0.159331277,0.159324393,0.159329942,0.159327131,0.15933194
6170,INPUT_SKIN11_90_5.txt,OUTPUT_SKIN10_90_5.txt,25,0.320584308,0.191955615,0.191949356,0.191953527,0.191952766,0.191956162
6171,INPUT_SKIN11_90_5.txt,OUTPUT_SKIN11_90_5.txt,25,-734226,-368061,-368077,-368065,-368070.5,-368064
6172,INPUT_SKIN11_90_5.txt,OUTPUT_SKIN12_90_5.txt,25,0.276973234,0.442919438,0.442903795,0.442913702,0.442922126,0.442926679
6173,INPUT_SKIN11_90_5.txt,OUTPUT_SKIN2_90_5.txt,25,0.39606783,0.314754135,0.31477652,0.314759051,0.314791143,0.314799264
6174,INPUT_SKIN11_90_5.txt,OUTPUT_SKIN3_90_5.txt,25,0.670877508,0.486914085,0.486892768,0.486966692,0.486901546,0.486910085
6175,INPUT_SKIN11_90_5.txt,OUTPUT_SKIN4_90_5.txt,25,0.786515103,0.838633191,0.838596426,0.838624226,0.83861141,0.8386263
6176,INPUT_SKIN11_90_5.txt,OUTPUT_SKIN5_90_5.txt,25,6.200362485,8.419967569,8.427147353,8.42677703,8.426086559,8.419606594
6177,INPUT_SKIN11_90_5.txt,OUTPUT_SKIN6_90_5.txt,25,1.515241647,1.442095228,1.441361867,1.442095809,1.441271679,1.441415712
6178,INPUT_SKIN11_90_5.txt,OUTPUT_SKIN7_90_5.txt,25,0.210454222,0.148178834,0.148172382,0.148180736,0.148175007,0.148177625
6179,INPUT_SKIN11_90_5.txt,OUTPUT_SKIN8_90_5.txt,25,2.60084201,2.512138993,2.51204453,2.511001979,2.510885799,2.510485183
6180,INPUT_SKIN11_90_5.txt,OUTPUT_SKIN9_90_5.txt,25,0.571685305,0.349261783,0.349295499,0.349463876,0.349091464,0.349436581
6181,INPUT_SKIN12_90_5.txt,OUTPUT_BM1_90_5.txt,25,0.022011527,0.011300469,0.011300405,0.011301921,0.01130096,0.011300797
6182,INPUT_SKIN12_90_5.txt,OUTPUT_BM2_90_5.txt,25,0.119338823,0.212163971,0.212170509,0.212155386,0.212264093,0.212123749
6183,INPUT_SKIN12_90_5.txt,OUTPUT_GUT_90_5.txt,25,NA,NA,NA,NA,NA,NA
6184,INPUT_SKIN12_90_5.txt,OUTPUT_L_90_5.txt,25,11.12324896,9.901077599,9.901117518,9.90107041,9.900964492,9.901030224
6185,INPUT_SKIN12_90_5.txt,OUTPUT_LN1_90_5.txt,25,0.019486475,0.019554345,0.019554405,0.019554365,0.019554164,0.019554224
6186,INPUT_SKIN12_90_5.txt,OUTPUT_LN2_90_5.txt,25,0.022496979,0.014155216,0.01415526,0.014155231,0.014155085,0.014155129
6187,INPUT_SKIN12_90_5.txt,OUTPUT_LUNG_90_5.txt,25,0.177526376,0.20538958,0.205390203,0.205389785,0.205387677,0.205388311
6188,INPUT_SKIN12_90_5.txt,OUTPUT_S_90_5.txt,25,0.301751728,5.744772491,5.744789508,5.744778053,5.744717812,5.744735951
6189,INPUT_SKIN12_90_5.txt,OUTPUT_SKIN1_90_5.txt,25,0.206713507,0.207124218,0.20712488,0.207124457,0.207122334,0.20712294
6190,INPUT_SKIN12_90_5.txt,OUTPUT_SKIN10_90_5.txt,25,0.063554716,0.0631631,0.063163297,0.063163167,0.063162516,0.06316271
6191,INPUT_SKIN12_90_5.txt,OUTPUT_SKIN11_90_5.txt,25,0.346915755,0.427370688,0.42742802,0.427377158,0.427388833,0.427374956
6192,INPUT_SKIN12_90_5.txt,OUTPUT_SKIN12_90_5.txt,25,-970246,-485726.5,-485725,-485726,-485731,-485729.5
6193,INPUT_SKIN12_90_5.txt,OUTPUT_SKIN2_90_5.txt,25,0.213073078,0.345222531,0.345263867,0.345228413,0.345267243,0.345269694
6194,INPUT_SKIN12_90_5.txt,OUTPUT_SKIN3_90_5.txt,25,0.630470568,0.625270604,0.625272663,0.625271379,0.625264897,0.625266721
6195,INPUT_SKIN12_90_5.txt,OUTPUT_SKIN4_90_5.txt,25,0.493656242,0.413760417,0.413761779,0.41376093,0.413756656,0.413757858
6196,INPUT_SKIN12_90_5.txt,OUTPUT_SKIN5_90_5.txt,25,1.00104751,1.061182355,1.061605854,1.061572907,1.061461445,1.061153962
6197,INPUT_SKIN12_90_5.txt,OUTPUT_SKIN6_90_5.txt,25,0.538718618,0.682185073,0.681869777,0.682194115,0.68181117,0.681865268
6198,INPUT_SKIN12_90_5.txt,OUTPUT_SKIN7_90_5.txt,25,0.066726718,0.065458826,0.065459031,0.065458897,0.065458223,0.065458422
6199,INPUT_SKIN12_90_5.txt,OUTPUT_SKIN8_90_5.txt,25,0.613319937,0.740098631,0.740128621,0.739786938,0.739734386,0.739602696
6200,INPUT_SKIN12_90_5.txt,OUTPUT_SKIN9_90_5.txt,25,0.128253063,0.398557032,0.398616892,0.398797745,0.398366902,0.398762004
6201,INPUT_SKIN2_90_5.txt,OUTPUT_BM1_90_5.txt,25,0.019714517,0.021138483,0.021137091,0.021141084,0.021138239,0.021137823
6202,INPUT_SKIN2_90_5.txt,OUTPUT_BM2_90_5.txt,25,10.52905123,8.84607861,8.845518628,8.846131167,8.844755669,8.845745546
6203,INPUT_SKIN2_90_5.txt,OUTPUT_GUT_90_5.txt,25,NA,NA,NA,NA,NA,NA
6204,INPUT_SKIN2_90_5.txt,OUTPUT_L_90_5.txt,25,14.86665561,12.55292792,12.55204931,12.55283645,12.55197121,12.55192418
6205,INPUT_SKIN2_90_5.txt,OUTPUT_LN1_90_5.txt,25,0.024472034,0.041881012,0.041878623,0.041880835,0.041878323,0.041878234
6206,INPUT_SKIN2_90_5.txt,OUTPUT_LN2_90_5.txt,25,0.012463476,0.257030029,0.257015337,0.25702893,0.2570135,0.25701295
6207,INPUT_SKIN2_90_5.txt,OUTPUT_LUNG_90_5.txt,25,0.190197667,0.237890501,0.237876887,0.237889479,0.237875185,0.237874673
6208,INPUT_SKIN2_90_5.txt,OUTPUT_S_90_5.txt,25,0.112967077,3.482991843,3.48278855,3.482977529,3.482761514,3.482754461
6209,INPUT_SKIN2_90_5.txt,OUTPUT_SKIN1_90_5.txt,25,0.136672468,0.304591805,0.304574464,0.304590505,0.304572302,0.304571651
6210,INPUT_SKIN2_90_5.txt,OUTPUT_SKIN10_90_5.txt,25,0.043084663,0.025871815,0.025870338,0.025871701,0.025870151,0.025870096
6211,INPUT_SKIN2_90_5.txt,OUTPUT_SKIN11_90_5.txt,25,0.139652951,0.248076816,0.248122609,0.248080599,0.248077691,0.248064498
6212,INPUT_SKIN2_90_5.txt,OUTPUT_SKIN12_90_5.txt,25,0.150104977,0.154104898,0.154097388,0.15410396,0.154097884,0.154096572
6213,INPUT_SKIN2_90_5.txt,OUTPUT_SKIN2_90_5.txt,25,-1395067.5,-700928,-700968,-700931,-700973,-700974.5
6214,INPUT_SKIN2_90_5.txt,OUTPUT_SKIN3_90_5.txt,25,0.160512596,0.142323371,0.142315243,0.142322755,0.142314236,0.142313927
6215,INPUT_SKIN2_90_5.txt,OUTPUT_SKIN4_90_5.txt,25,1.108159441,0.994241995,0.99418504,0.994237319,0.994178531,0.994176159
6216,INPUT_SKIN2_90_5.txt,OUTPUT_SKIN5_90_5.txt,25,1.11727259,0.87038726,0.87038793,0.870423821,0.870280567,0.870299224
6217,INPUT_SKIN2_90_5.txt,OUTPUT_SKIN6_90_5.txt,25,0.462068639,0.716699213,0.716322357,0.716704761,0.716265272,0.716317841
6218,INPUT_SKIN2_90_5.txt,OUTPUT_SKIN7_90_5.txt,25,0.087099116,0.073823919,0.073819706,0.073823604,0.073819179,0.073819022
6219,INPUT_SKIN2_90_5.txt,OUTPUT_SKIN8_90_5.txt,25,0.428419922,0.482976017,0.482981417,0.482781283,0.482709503,0.482623087
6220,INPUT_SKIN2_90_5.txt,OUTPUT_SKIN9_90_5.txt,25,0.057434936,0.375502076,0.375533988,0.375726445,0.375300553,0.375672063
6221,INPUT_SKIN3_90_5.txt,OUTPUT_BM1_90_5.txt,25,0.044647788,0.028499732,0.028499507,0.028503124,0.028501136,0.028500676
6222,INPUT_SKIN3_90_5.txt,OUTPUT_BM2_90_5.txt,25,0.188494924,0.176585059,0.176590236,0.17658664,0.176613782,0.176579267
6223,INPUT_SKIN3_90_5.txt,OUTPUT_GUT_90_5.txt,25,NA,NA,NA,NA,NA,NA
6224,INPUT_SKIN3_90_5.txt,OUTPUT_L_90_5.txt,25,0.082999395,0.06839902,0.06839902,0.06839902,0.06839902,0.06839902
6225,INPUT_SKIN3_90_5.txt,OUTPUT_LN1_90_5.txt,25,0.090755546,0.10743696,0.10743696,0.10743696,0.10743696,0.10743696
6226,INPUT_SKIN3_90_5.txt,OUTPUT_LN2_90_5.txt,25,0.152859985,0.122524057,0.122524057,0.122524057,0.122524057,0.122524057
6227,INPUT_SKIN3_90_5.txt,OUTPUT_LUNG_90_5.txt,25,0.381181546,0.274373879,0.274373879,0.274373879,0.274373879,0.274373879
6228,INPUT_SKIN3_90_5.txt,OUTPUT_S_90_5.txt,25,0.197621338,0.206796381,0.206796381,0.206796381,0.206796381,0.206796381
6229,INPUT_SKIN3_90_5.txt,OUTPUT_SKIN1_90_5.txt,25,0.381780514,0.26968513,0.26968513,0.26968513,0.26968513,0.269687777
6230,INPUT_SKIN3_90_5.txt,OUTPUT_SKIN10_90_5.txt,25,0.136641802,0.118574153,0.118574511,0.118574153,0.118574511,0.118574511
6231,INPUT_SKIN3_90_5.txt,OUTPUT_SKIN11_90_5.txt,25,0.650799131,0.550649679,0.550677349,0.550676709,0.550661744,0.550651417
6232,INPUT_SKIN3_90_5.txt,OUTPUT_SKIN12_90_5.txt,25,0.507945183,0.449767642,0.449794278,0.449785152,0.44978288,0.449772231
6233,INPUT_SKIN3_90_5.txt,OUTPUT_SKIN2_90_5.txt,25,0.629258269,0.457928198,0.45798097,0.457935698,0.457990166,0.45799326
6234,INPUT_SKIN3_90_5.txt,OUTPUT_SKIN3_90_5.txt,25,-193961.5,-97003.5,-97003.5,-97003.5,-97003.5,-97003.5
6235,INPUT_SKIN3_90_5.txt,OUTPUT_SKIN4_90_5.txt,25,0.426467413,0.44022869,0.44022869,0.44022869,0.44022869,0.44022869
6236,INPUT_SKIN3_90_5.txt,OUTPUT_SKIN5_90_5.txt,25,2.092989434,1.870297199,1.870562903,1.870463813,1.87038715,1.8702109
6237,INPUT_SKIN3_90_5.txt,OUTPUT_SKIN6_90_5.txt,25,0.910194672,0.912613545,0.912181113,0.912609665,0.912047942,0.912197548
6238,INPUT_SKIN3_90_5.txt,OUTPUT_SKIN7_90_5.txt,25,0.256637583,0.291326292,0.291326292,0.291326292,0.291326292,0.291326292
6239,INPUT_SKIN3_90_5.txt,OUTPUT_SKIN8_90_5.txt,25,1.735280568,1.642431277,1.642583643,1.641664321,1.641726803,1.641432474
6240,INPUT_SKIN3_90_5.txt,OUTPUT_SKIN9_90_5.txt,25,0.29789237,0.42259778,0.42265866,0.422846341,0.422401358,0.422812263
6241,INPUT_SKIN4_90_5.txt,OUTPUT_BM1_90_5.txt,25,0.014249089,0.010672804,0.01067271,0.010674164,0.010673367,0.010673179
6242,INPUT_SKIN4_90_5.txt,OUTPUT_BM2_90_5.txt,25,0.07782048,0.490682918,0.490726246,0.490691503,0.490953837,0.490620284
6243,INPUT_SKIN4_90_5.txt,OUTPUT_GUT_90_5.txt,25,NA,NA,NA,NA,NA,NA
6244,INPUT_SKIN4_90_5.txt,OUTPUT_L_90_5.txt,25,0.024633139,0.022158743,0.022158743,0.022158743,0.022158743,0.022158743
6245,INPUT_SKIN4_90_5.txt,OUTPUT_LN1_90_5.txt,25,0.02365625,0.038066248,0.038066248,0.038066248,0.038066248,0.038066248
6246,INPUT_SKIN4_90_5.txt,OUTPUT_LN2_90_5.txt,25,0.025945885,0.032136291,0.032136291,0.032136291,0.032136291,0.032136291
6247,INPUT_SKIN4_90_5.txt,OUTPUT_LUNG_90_5.txt,25,0.200541356,0.17002945,0.17002945,0.17002945,0.17002945,0.17002945
6248,INPUT_SKIN4_90_5.txt,OUTPUT_S_90_5.txt,25,0.314557137,0.454726988,0.454726988,0.454726988,0.454726988,0.454726988
6249,INPUT_SKIN4_90_5.txt,OUTPUT_SKIN1_90_5.txt,25,0.100520406,0.087760486,0.087760486,0.087760486,0.087760486,0.087760489
6250,INPUT_SKIN4_90_5.txt,OUTPUT_SKIN10_90_5.txt,25,0.040711666,0.069168693,0.069168694,0.069168693,0.069168694,0.069168694
6251,INPUT_SKIN4_90_5.txt,OUTPUT_SKIN11_90_5.txt,25,0.285722997,0.300157738,0.300181595,0.300171207,0.300182774,0.300170616
6252,INPUT_SKIN4_90_5.txt,OUTPUT_SKIN12_90_5.txt,25,0.172419188,0.140714213,0.140724932,0.140720305,0.140718245,0.140715237
6253,INPUT_SKIN4_90_5.txt,OUTPUT_SKIN2_90_5.txt,25,0.265856024,0.248406709,0.248435436,0.248411494,0.248441723,0.248442787
6254,INPUT_SKIN4_90_5.txt,OUTPUT_SKIN3_90_5.txt,25,0.073193981,0.051452717,0.051452717,0.051452717,0.051452717,0.051452717
6255,INPUT_SKIN4_90_5.txt,OUTPUT_SKIN4_90_5.txt,25,-640233.5,-320950,-320950,-320950,-320950,-320950
6256,INPUT_SKIN4_90_5.txt,OUTPUT_SKIN5_90_5.txt,25,0.971875409,1.132422242,1.132486413,1.132428329,1.13239195,1.132375068
6257,INPUT_SKIN4_90_5.txt,OUTPUT_SKIN6_90_5.txt,25,0.544144678,0.582777632,0.582502255,0.58278454,0.582462144,0.582504055
6258,INPUT_SKIN4_90_5.txt,OUTPUT_SKIN7_90_5.txt,25,0.072876938,0.096077432,0.096077432,0.096077432,0.096077432,0.096077432
6259,INPUT_SKIN4_90_5.txt,OUTPUT_SKIN8_90_5.txt,25,0.581775942,0.814894853,0.814899436,0.814518808,0.814495487,0.814344271
6260,INPUT_SKIN4_90_5.txt,OUTPUT_SKIN9_90_5.txt,25,0.159814557,0.153795858,0.153817178,0.153886564,0.153724521,0.153874085
6261,INPUT_SKIN5_90_5.txt,OUTPUT_BM1_90_5.txt,25,0.005073379,0.004704136,0.004704057,0.004704815,0.004704531,0.004704399
6262,INPUT_SKIN5_90_5.txt,OUTPUT_BM2_90_5.txt,25,0.312473923,0.260326391,0.260316559,0.260319758,0.260353689,0.260321401
6263,INPUT_SKIN5_90_5.txt,OUTPUT_GUT_90_5.txt,25,NA,NA,NA,NA,NA,NA
6264,INPUT_SKIN5_90_5.txt,OUTPUT_L_90_5.txt,25,0.019540593,0.017062489,0.017062351,0.017062793,0.017063027,0.017062848
6265,INPUT_SKIN5_90_5.txt,OUTPUT_LN1_90_5.txt,25,0.006910294,0.188782646,0.188781159,0.188786088,0.188788743,0.188786644
6266,INPUT_SKIN5_90_5.txt,OUTPUT_LN2_90_5.txt,25,0.099270264,0.09798824,0.09798745,0.097989993,0.097991347,0.097990305
6267,INPUT_SKIN5_90_5.txt,OUTPUT_LUNG_90_5.txt,25,0.08024406,0.074984539,0.074983934,0.074985879,0.074986914,0.074986119
6268,INPUT_SKIN5_90_5.txt,OUTPUT_S_90_5.txt,25,0.235211018,0.179991935,0.179990488,0.179995168,0.179997669,0.179995733
6269,INPUT_SKIN5_90_5.txt,OUTPUT_SKIN1_90_5.txt,25,0.074312679,0.073088885,0.073088297,0.073090192,0.073091201,0.073090425
6270,INPUT_SKIN5_90_5.txt,OUTPUT_SKIN10_90_5.txt,25,0.037170537,0.025406862,0.025406656,0.025407314,0.025407664,0.025407396
6271,INPUT_SKIN5_90_5.txt,OUTPUT_SKIN11_90_5.txt,25,0.208438034,0.201018315,0.201032338,0.201023477,0.201036388,0.201030944
6272,INPUT_SKIN5_90_5.txt,OUTPUT_SKIN12_90_5.txt,25,0.122386317,0.069100458,0.069105112,0.069103801,0.069104442,0.069102528
6273,INPUT_SKIN5_90_5.txt,OUTPUT_SKIN2_90_5.txt,25,0.22529725,0.201142277,0.201163997,0.201148136,0.201175473,0.201174165
6274,INPUT_SKIN5_90_5.txt,OUTPUT_SKIN3_90_5.txt,25,0.037179572,0.034198665,0.034198389,0.034199275,0.034199745,0.034199385
6275,INPUT_SKIN5_90_5.txt,OUTPUT_SKIN4_90_5.txt,25,0.113179904,0.095841774,0.095841001,0.095843485,0.095844805,0.095843792
6276,INPUT_SKIN5_90_5.txt,OUTPUT_SKIN5_90_5.txt,25,-1233076,-618350.5,-618355.5,-618339.5,-618331,-618337.5
6277,INPUT_SKIN5_90_5.txt,OUTPUT_SKIN6_90_5.txt,25,0.267262253,0.20888829,0.208787938,0.208894111,0.20877691,0.208795105
6278,INPUT_SKIN5_90_5.txt,OUTPUT_SKIN7_90_5.txt,25,0.041184432,0.061605407,0.061604911,0.061606508,0.061607357,0.061606704
6279,INPUT_SKIN5_90_5.txt,OUTPUT_SKIN8_90_5.txt,25,1.606322491,1.53431477,1.534306069,1.533631845,1.533611951,1.533398193
6280,INPUT_SKIN5_90_5.txt,OUTPUT_SKIN9_90_5.txt,25,0.12949585,0.103237785,0.103251156,0.103300502,0.103193118,0.103292432
6281,INPUT_SKIN6_90_5.txt,OUTPUT_BM1_90_5.txt,25,0.069380924,0.054777489,0.054789886,0.054784153,0.054794965,0.054792206
6282,INPUT_SKIN6_90_5.txt,OUTPUT_BM2_90_5.txt,25,1.306177838,1.091212609,1.091509522,1.091163725,1.092069595,1.091267172
6283,INPUT_SKIN6_90_5.txt,OUTPUT_GUT_90_5.txt,25,NA,NA,NA,NA,NA,NA
6284,INPUT_SKIN6_90_5.txt,OUTPUT_L_90_5.txt,25,8.447284143,7.325396493,7.327453268,7.325443923,7.325839468,7.327375388
6285,INPUT_SKIN6_90_5.txt,OUTPUT_LN1_90_5.txt,25,0.073302257,0.112939154,0.112965637,0.112938492,0.112969282,0.112965464
6286,INPUT_SKIN6_90_5.txt,OUTPUT_LN2_90_5.txt,25,0.045147368,0.266786635,0.266849394,0.266785049,0.266858495,0.266848995
6287,INPUT_SKIN6_90_5.txt,OUTPUT_LUNG_90_5.txt,25,0.214899574,0.182624508,0.182667479,0.18262343,0.18267356,0.182667201
6288,INPUT_SKIN6_90_5.txt,OUTPUT_S_90_5.txt,25,0.776779002,0.365976674,0.36606311,0.365974578,0.366076572,0.366062473
6289,INPUT_SKIN6_90_5.txt,OUTPUT_SKIN1_90_5.txt,25,0.345434198,0.252125038,0.252184105,0.252123576,0.252191685,0.252187402
6290,INPUT_SKIN6_90_5.txt,OUTPUT_SKIN10_90_5.txt,25,0.0568045,0.029528144,0.02953511,0.029527969,0.029536108,0.029535066
6291,INPUT_SKIN6_90_5.txt,OUTPUT_SKIN11_90_5.txt,25,0.413910204,0.287305379,0.28742198,0.287317075,0.287402069,0.28737709
6292,INPUT_SKIN6_90_5.txt,OUTPUT_SKIN12_90_5.txt,25,0.13293922,0.213547958,0.213605442,0.213546286,0.213610009,0.213601525
6293,INPUT_SKIN6_90_5.txt,OUTPUT_SKIN2_90_5.txt,25,0.225588456,0.186069179,0.186134336,0.186071516,0.186144658,0.186139337
6294,INPUT_SKIN6_90_5.txt,OUTPUT_SKIN3_90_5.txt,25,0.143706263,0.119963184,0.119991348,0.119962469,0.119995441,0.119991172
6295,INPUT_SKIN6_90_5.txt,OUTPUT_SKIN4_90_5.txt,25,0.440625748,0.354357021,0.354440311,0.354354895,0.354452408,0.3544398
6296,INPUT_SKIN6_90_5.txt,OUTPUT_SKIN5_90_5.txt,25,2.89263611,2.584346946,2.585407973,2.584850487,2.585127785,2.584923425
6297,INPUT_SKIN6_90_5.txt,OUTPUT_SKIN6_90_5.txt,25,-672481,-336689,-336610,-336691,-336598.5,-336610.5
6298,INPUT_SKIN6_90_5.txt,OUTPUT_SKIN7_90_5.txt,25,0.098409883,0.097166566,0.097189359,0.09716599,0.097192605,0.097189215
6299,INPUT_SKIN6_90_5.txt,OUTPUT_SKIN8_90_5.txt,25,1.221133591,1.329685183,1.330061668,1.329144667,1.329395327,1.329172315
6300,INPUT_SKIN6_90_5.txt,OUTPUT_SKIN9_90_5.txt,25,0.213278613,0.143591518,0.143644917,0.143675301,0.143563166,0.143697908
6301,INPUT_SKIN7_90_5.txt,OUTPUT_BM1_90_5.txt,25,0.019462355,0.016266862,0.01626672,0.016268925,0.016267716,0.016267432
6302,INPUT_SKIN7_90_5.txt,OUTPUT_BM2_90_5.txt,25,0.233885262,0.200366162,0.200377105,0.200364421,0.200460186,0.200338421
6303,INPUT_SKIN7_90_5.txt,OUTPUT_GUT_90_5.txt,25,NA,NA,NA,NA,NA,NA
6304,INPUT_SKIN7_90_5.txt,OUTPUT_L_90_5.txt,25,0.029669811,0.029367965,0.029367965,0.029367965,0.029367965,0.029367965
6305,INPUT_SKIN7_90_5.txt,OUTPUT_LN1_90_5.txt,25,1.049101991,1.174669086,1.174669086,1.174669086,1.174669086,1.174669086
6306,INPUT_SKIN7_90_5.txt,OUTPUT_LN2_90_5.txt,25,0.212174407,0.172990464,0.172990464,0.172990464,0.172990464,0.172990464
6307,INPUT_SKIN7_90_5.txt,OUTPUT_LUNG_90_5.txt,25,0.213721576,0.217828078,0.217828078,0.217828078,0.217828078,0.217828078
6308,INPUT_SKIN7_90_5.txt,OUTPUT_S_90_5.txt,25,0.493522476,0.531701445,0.531701445,0.531701445,0.531701445,0.531701445
6309,INPUT_SKIN7_90_5.txt,OUTPUT_SKIN1_90_5.txt,25,0.152124019,0.182211594,0.182211594,0.182211594,0.182211594,0.182214004
6310,INPUT_SKIN7_90_5.txt,OUTPUT_SKIN10_90_5.txt,25,0.085336761,0.074015005,0.074015275,0.074015005,0.074015275,0.074015275
6311,INPUT_SKIN7_90_5.txt,OUTPUT_SKIN11_90_5.txt,25,0.304424687,0.388298268,0.388335689,0.388314442,0.388325922,0.388314122
6312,INPUT_SKIN7_90_5.txt,OUTPUT_SKIN12_90_5.txt,25,0.223243873,0.213946409,0.213962749,0.213956551,0.2139539,0.213949043
6313,INPUT_SKIN7_90_5.txt,OUTPUT_SKIN2_90_5.txt,25,0.55125405,0.829928197,0.830024464,0.829955495,0.830048806,0.83005999
6314,INPUT_SKIN7_90_5.txt,OUTPUT_SKIN3_90_5.txt,25,0.088269828,0.078634697,0.078634697,0.078634697,0.078634697,0.078634697
6315,INPUT_SKIN7_90_5.txt,OUTPUT_SKIN4_90_5.txt,25,0.593672675,0.531228908,0.531228908,0.531228908,0.531228908,0.531228908
6316,INPUT_SKIN7_90_5.txt,OUTPUT_SKIN5_90_5.txt,25,3.169805128,3.123465732,3.125553654,3.125335364,3.125008142,3.123179037
6317,INPUT_SKIN7_90_5.txt,OUTPUT_SKIN6_90_5.txt,25,0.672184152,0.98504128,0.984576729,0.9850512,0.984486972,0.984581525
6318,INPUT_SKIN7_90_5.txt,OUTPUT_SKIN7_90_5.txt,25,-546324,-273325,-273325,-273325,-273325,-273325
6319,INPUT_SKIN7_90_5.txt,OUTPUT_SKIN8_90_5.txt,25,1.338217015,1.747730548,1.747903398,1.747112655,1.746897567,1.746656296
6320,INPUT_SKIN7_90_5.txt,OUTPUT_SKIN9_90_5.txt,25,0.255154761,0.238172246,0.23820535,0.238312851,0.238061755,0.23829352
6321,INPUT_SKIN8_90_5.txt,OUTPUT_BM1_90_5.txt,25,0.035644697,0.047625836,0.047625374,0.047642586,0.047639817,0.047643486
6322,INPUT_SKIN8_90_5.txt,OUTPUT_BM2_90_5.txt,25,0.287222512,0.145690462,0.145693221,0.145719641,0.145778052,0.145719776
6323,INPUT_SKIN8_90_5.txt,OUTPUT_GUT_90_5.txt,25,NA,NA,NA,NA,NA,NA
6324,INPUT_SKIN8_90_5.txt,OUTPUT_L_90_5.txt,25,1.116207838,0.980723515,0.980721099,0.980952744,0.980965482,0.981063027
6325,INPUT_SKIN8_90_5.txt,OUTPUT_LN1_90_5.txt,25,0.027928197,0.586295298,0.586294231,0.586431331,0.586438787,0.586494516
6326,INPUT_SKIN8_90_5.txt,OUTPUT_LN2_90_5.txt,25,0.425639008,0.298271823,0.298271303,0.29834096,0.29834474,0.298372861
6327,INPUT_SKIN8_90_5.txt,OUTPUT_LUNG_90_5.txt,25,0.258640907,0.213691794,0.213691429,0.213741272,0.213743975,0.21376385
6328,INPUT_SKIN8_90_5.txt,OUTPUT_S_90_5.txt,25,0.161909659,0.330852927,0.330852336,0.330929484,0.33093366,0.330964826
6329,INPUT_SKIN8_90_5.txt,OUTPUT_SKIN1_90_5.txt,25,0.145306463,0.243882933,0.243882535,0.243939395,0.243942478,0.243965345
6330,INPUT_SKIN8_90_5.txt,OUTPUT_SKIN10_90_5.txt,25,0.049505928,0.042790389,0.042790321,0.042800268,0.04280081,0.042804806
6331,INPUT_SKIN8_90_5.txt,OUTPUT_SKIN11_90_5.txt,25,0.743027129,0.526259941,0.52636968,0.526412308,0.526434407,0.526446639
6332,INPUT_SKIN8_90_5.txt,OUTPUT_SKIN12_90_5.txt,25,0.381308164,0.26627353,0.266280808,0.266334723,0.266343452,0.266366124
6333,INPUT_SKIN8_90_5.txt,OUTPUT_SKIN2_90_5.txt,25,0.331809756,0.33711793,0.3371559,0.337199574,0.337244834,0.337277927
6334,INPUT_SKIN8_90_5.txt,OUTPUT_SKIN3_90_5.txt,25,12.22655335,11.52132408,11.52119783,11.52424985,11.5244572,11.52627583
6335,INPUT_SKIN8_90_5.txt,OUTPUT_SKIN4_90_5.txt,25,0.839989081,0.888248667,0.888246915,0.888455073,0.88846635,0.888540458
6336,INPUT_SKIN8_90_5.txt,OUTPUT_SKIN5_90_5.txt,25,10.98500603,7.311596267,7.333652078,7.334045802,7.332903642,7.313745122
6337,INPUT_SKIN8_90_5.txt,OUTPUT_SKIN6_90_5.txt,25,0.842005188,0.601004277,0.600724201,0.601148847,0.60080502,0.60093421
6338,INPUT_SKIN8_90_5.txt,OUTPUT_SKIN7_90_5.txt,25,0.122886593,0.110736569,0.110736387,0.110762148,0.110763549,0.110773924
6339,INPUT_SKIN8_90_5.txt,OUTPUT_SKIN8_90_5.txt,25,-630272.5,-316454,-316454.5,-316381,-316377,-316347.5
6340,INPUT_SKIN8_90_5.txt,OUTPUT_SKIN9_90_5.txt,25,0.128404478,0.431775313,0.431838411,0.432135582,0.431679164,0.43214652
6341,INPUT_SKIN9_90_5.txt,OUTPUT_BM1_90_5.txt,25,0.02865418,0.025601068,0.02559909,0.025596784,0.02560837,0.025595466
6342,INPUT_SKIN9_90_5.txt,OUTPUT_BM2_90_5.txt,25,0.501423117,0.380127245,0.380132757,0.380020202,0.380419834,0.379981724
6343,INPUT_SKIN9_90_5.txt,OUTPUT_GUT_90_5.txt,25,NA,NA,NA,NA,NA,NA
6344,INPUT_SKIN9_90_5.txt,OUTPUT_L_90_5.txt,25,15.42325391,13.64790919,13.65182981,13.64787863,13.65201836,13.64856099
6345,INPUT_SKIN9_90_5.txt,OUTPUT_LN1_90_5.txt,25,0.088432835,0.085704005,0.085698113,0.085678744,0.085723932,0.085682226
6346,INPUT_SKIN9_90_5.txt,OUTPUT_LN2_90_5.txt,25,0.027556999,0.05973344,0.059729361,0.059715853,0.059747335,0.059718281
6347,INPUT_SKIN9_90_5.txt,OUTPUT_LUNG_90_5.txt,25,0.338138594,0.322063716,0.322041931,0.321968799,0.322138952,0.321981942
6348,INPUT_SKIN9_90_5.txt,OUTPUT_S_90_5.txt,25,1.583131814,1.126013727,1.125937674,1.125680948,1.126277866,1.125727084
6349,INPUT_SKIN9_90_5.txt,OUTPUT_SKIN1_90_5.txt,25,0.07615685,0.362319766,0.362294669,0.362212665,0.362404151,0.362245432
6350,INPUT_SKIN9_90_5.txt,OUTPUT_SKIN10_90_5.txt,25,0.065818411,0.037659745,0.037657293,0.037648653,0.037668629,0.03765031
6351,INPUT_SKIN9_90_5.txt,OUTPUT_SKIN11_90_5.txt,25,0.361680258,0.311564228,0.311600741,0.311478271,0.311654862,0.311490318
6352,INPUT_SKIN9_90_5.txt,OUTPUT_SKIN12_90_5.txt,25,0.216192766,0.245339999,0.245325056,0.24526756,0.245404743,0.245283916
6353,INPUT_SKIN9_90_5.txt,OUTPUT_SKIN2_90_5.txt,25,0.244792673,0.206252671,0.206262271,0.206195572,0.206328197,0.206229575
6354,INPUT_SKIN9_90_5.txt,OUTPUT_SKIN3_90_5.txt,25,0.07332388,0.068517765,0.068513199,0.068497701,0.068533707,0.068500485
6355,INPUT_SKIN9_90_5.txt,OUTPUT_SKIN4_90_5.txt,25,0.377403695,0.348843057,0.34882014,0.348740965,0.348924481,0.348755187
6356,INPUT_SKIN9_90_5.txt,OUTPUT_SKIN5_90_5.txt,25,1.709029281,1.383996693,1.383991841,1.383657527,1.384272245,1.383625614
6357,INPUT_SKIN9_90_5.txt,OUTPUT_SKIN6_90_5.txt,25,0.934637803,0.874643869,0.874172555,0.874398056,0.874369184,0.87401249
6358,INPUT_SKIN9_90_5.txt,OUTPUT_SKIN7_90_5.txt,25,0.106885497,0.060006664,0.060002582,0.059989016,0.060020619,0.059991454
6359,INPUT_SKIN9_90_5.txt,OUTPUT_SKIN8_90_5.txt,25,1.285543886,0.954705181,0.954685752,0.954029543,0.954471809,0.953853599
6360,INPUT_SKIN9_90_5.txt,OUTPUT_SKIN9_90_5.txt,25,-785140,-393741.5,-393768.5,-393857.5,-393650,-393841.5
