,INPUT_POOL,OUTPUT_POOL,mouse_ID,FP_100_percent,FP_5,FP_1,FP_3,FP_4,FP_2
1,INPUT_BM1_90_5.txt,OUTPUT_BM1_90_5.txt,1,-947749.5,-711302,-711255.5,-711400,-711090.5,-710926
2,INPUT_BM1_90_5.txt,OUTPUT_BM2_90_5.txt,1,57.4010843,64.57413677,64.54316231,64.58462556,64.6337956,64.57601502
3,INPUT_BM1_90_5.txt,OUTPUT_GUT_90_5.txt,1,45.32610104,43.36038209,43.38375365,43.37187693,43.37654015,43.40908025
4,INPUT_BM1_90_5.txt,OUTPUT_L_90_5.txt,1,1002.613638,1045.71201,1045.904224,1045.962276,1045.384387,1044.431019
5,INPUT_BM1_90_5.txt,OUTPUT_LN1_90_5.txt,1,0.222431,0.194126878,0.194213467,0.194041271,0.194184666,0.194279972
6,INPUT_BM1_90_5.txt,OUTPUT_LN2_90_5.txt,1,0.021275068,0.026183119,0.026185977,0.026175319,0.026190518,0.026191855
7,INPUT_BM1_90_5.txt,OUTPUT_LUNG_90_5.txt,1,0.152846515,0.170539433,0.170663933,0.170534417,0.170628767,0.170657245
8,INPUT_BM1_90_5.txt,OUTPUT_S_90_5.txt,1,96.67097283,102.5497759,102.5572101,102.5392903,102.5741539,102.5893502
9,INPUT_BM1_90_5.txt,OUTPUT_SKIN1_90_5.txt,1,0.203908047,0.165270859,0.1652814,0.165248017,0.165320078,0.165358884
10,INPUT_BM1_90_5.txt,OUTPUT_SKIN10_90_5.txt,1,0.052036549,0.048943021,0.0489462,0.048936269,0.048957585,0.04896896
11,INPUT_BM1_90_5.txt,OUTPUT_SKIN11_90_5.txt,1,0.04290563,0.040059512,0.040078778,0.040074695,0.04008957,0.040100433
12,INPUT_BM1_90_5.txt,OUTPUT_SKIN12_90_5.txt,1,0.013528063,0.012514708,0.012515526,0.012512984,0.012518431,0.01252133
13,INPUT_BM1_90_5.txt,OUTPUT_SKIN2_90_5.txt,1,0.061882999,0.055040665,0.055044244,0.055033708,0.055057207,0.055069995
14,INPUT_BM1_90_5.txt,OUTPUT_SKIN3_90_5.txt,1,0.01166524,0.014066913,0.01406883,0.014065806,0.01407222,0.014074897
15,INPUT_BM1_90_5.txt,OUTPUT_SKIN4_90_5.txt,1,0.033182471,0.035541564,0.035544846,0.035536789,0.035554511,0.035560513
16,INPUT_BM1_90_5.txt,OUTPUT_SKIN5_90_5.txt,1,0.142997339,0.139041554,0.139035959,0.138995841,0.139088827,0.139101972
17,INPUT_BM1_90_5.txt,OUTPUT_SKIN6_90_5.txt,1,0.142750739,0.133409189,0.133399345,0.13337744,0.133450919,0.133481197
18,INPUT_BM1_90_5.txt,OUTPUT_SKIN7_90_5.txt,1,0.25570996,0.246470489,0.246466504,0.246450592,0.24657568,0.246578362
19,INPUT_BM1_90_5.txt,OUTPUT_SKIN8_90_5.txt,1,0.093092324,0.104449151,0.104499043,0.104443788,0.104498539,0.104540293
20,INPUT_BM1_90_5.txt,OUTPUT_SKIN9_90_5.txt,1,0.37593878,0.373818455,0.373834618,0.373759714,0.373927947,0.374010506
21,INPUT_BM2_90_5.txt,OUTPUT_BM1_90_5.txt,1,15.94095256,18.95027115,19.00453431,18.95268223,18.97667094,18.93514579
22,INPUT_BM2_90_5.txt,OUTPUT_BM2_90_5.txt,1,-919406,-689269.5,-689083.5,-689372.5,-689472,-689092.5
23,INPUT_BM2_90_5.txt,OUTPUT_GUT_90_5.txt,1,46.35675194,42.51145432,42.54369952,42.52176405,42.49839291,42.54429268
24,INPUT_BM2_90_5.txt,OUTPUT_L_90_5.txt,1,159.3080572,240.0779018,240.0703514,240.0759146,240.046371,240.1346295
25,INPUT_BM2_90_5.txt,OUTPUT_LN1_90_5.txt,1,0.314107385,0.268962586,0.26914171,0.26888506,0.268939965,0.269121028
26,INPUT_BM2_90_5.txt,OUTPUT_LN2_90_5.txt,1,0.029826463,0.032834362,0.032837244,0.032824216,0.032816828,0.032836385
27,INPUT_BM2_90_5.txt,OUTPUT_LUNG_90_5.txt,1,0.38577249,0.341680678,0.341968375,0.341638334,0.341618422,0.341800561
28,INPUT_BM2_90_5.txt,OUTPUT_S_90_5.txt,1,117.2584089,133.1461779,133.1667341,133.134793,133.123794,133.1657396
29,INPUT_BM2_90_5.txt,OUTPUT_SKIN1_90_5.txt,1,0.334453881,0.271782717,0.271856832,0.271741692,0.271702073,0.271853245
30,INPUT_BM2_90_5.txt,OUTPUT_SKIN10_90_5.txt,1,0.153791132,0.12239585,0.122429038,0.12237748,0.122359739,0.122427432
31,INPUT_BM2_90_5.txt,OUTPUT_SKIN11_90_5.txt,1,0.087661264,0.083522955,0.083579754,0.083552967,0.083535539,0.08358492
32,INPUT_BM2_90_5.txt,OUTPUT_SKIN12_90_5.txt,1,0.012190425,0.010406321,0.010409131,0.010404766,0.010403264,0.010408995
33,INPUT_BM2_90_5.txt,OUTPUT_SKIN2_90_5.txt,1,0.03402703,0.039002429,0.03901297,0.038997048,0.038991072,0.039012574
34,INPUT_BM2_90_5.txt,OUTPUT_SKIN3_90_5.txt,1,0.036045206,0.035020013,0.035031908,0.035016802,0.035012439,0.03503033
35,INPUT_BM2_90_5.txt,OUTPUT_SKIN4_90_5.txt,1,0.076068317,0.073595318,0.07361718,0.073585176,0.073578433,0.073615148
36,INPUT_BM2_90_5.txt,OUTPUT_SKIN5_90_5.txt,1,0.128982853,0.107114418,0.107133892,0.10708053,0.107087333,0.107132979
37,INPUT_BM2_90_5.txt,OUTPUT_SKIN6_90_5.txt,1,0.037793645,0.029422378,0.029427985,0.029415026,0.02941417,0.029430158
38,INPUT_BM2_90_5.txt,OUTPUT_SKIN7_90_5.txt,1,0.35141273,0.302941469,0.303008822,0.302904123,0.30287214,0.303003106
39,INPUT_BM2_90_5.txt,OUTPUT_SKIN8_90_5.txt,1,0.227409002,0.229945811,0.230103878,0.22992803,0.22991491,0.230076303
40,INPUT_BM2_90_5.txt,OUTPUT_SKIN9_90_5.txt,1,0.178920228,0.138967958,0.139002829,0.138944238,0.138926113,0.139000191
41,INPUT_GUT_90_5.txt,OUTPUT_BM1_90_5.txt,1,6.407396575,7.329810339,7.332881109,7.330446892,7.330024098,7.320556578
42,INPUT_GUT_90_5.txt,OUTPUT_BM2_90_5.txt,1,5.145134113,5.547484702,5.543363787,5.548083959,5.550656024,5.543434544
43,INPUT_GUT_90_5.txt,OUTPUT_GUT_90_5.txt,1,-298732.5,-223736.5,-223784,-223779.5,-223739,-223787
44,INPUT_GUT_90_5.txt,OUTPUT_L_90_5.txt,1,18.36241159,19.49529991,19.48896786,19.49214372,19.49253071,19.49751127
45,INPUT_GUT_90_5.txt,OUTPUT_LN1_90_5.txt,1,0.320528094,0.297472699,0.297354517,0.297475287,0.297488316,0.297375582
46,INPUT_GUT_90_5.txt,OUTPUT_LN2_90_5.txt,1,0.086605046,0.090034229,0.090020609,0.090001798,0.090033913,0.089996398
47,INPUT_GUT_90_5.txt,OUTPUT_LUNG_90_5.txt,1,0.330759029,0.311210093,0.311384713,0.311125597,0.311206605,0.311139825
48,INPUT_GUT_90_5.txt,OUTPUT_S_90_5.txt,1,22.007369,22.27701593,22.2729839,22.27336583,22.27680369,22.27272928
49,INPUT_GUT_90_5.txt,OUTPUT_SKIN1_90_5.txt,1,0.219181648,0.20824488,0.20820039,0.208204604,0.208242538,0.208197581
50,INPUT_GUT_90_5.txt,OUTPUT_SKIN10_90_5.txt,1,0.089832849,0.093826367,0.093806394,0.093808286,0.093825316,0.093805133
51,INPUT_GUT_90_5.txt,OUTPUT_SKIN11_90_5.txt,1,0.168073655,0.155586136,0.155616303,0.15563426,0.155653349,0.155625132
52,INPUT_GUT_90_5.txt,OUTPUT_SKIN12_90_5.txt,1,0.027556545,0.033884704,0.033877505,0.033878187,0.033884325,0.033877051
53,INPUT_GUT_90_5.txt,OUTPUT_SKIN2_90_5.txt,1,0.124777747,0.127221892,0.127194794,0.127198836,0.127220834,0.127193452
54,INPUT_GUT_90_5.txt,OUTPUT_SKIN3_90_5.txt,1,0.087460719,0.08721485,0.087202366,0.087203085,0.087220421,0.087198228
55,INPUT_GUT_90_5.txt,OUTPUT_SKIN4_90_5.txt,1,0.08685761,0.093234652,0.093217358,0.093218058,0.093239852,0.093214926
56,INPUT_GUT_90_5.txt,OUTPUT_SKIN5_90_5.txt,1,0.230656651,0.217103867,0.217064147,0.217068451,0.217109576,0.217059112
57,INPUT_GUT_90_5.txt,OUTPUT_SKIN6_90_5.txt,1,0.066451092,0.06703321,0.067015063,0.067015187,0.067033227,0.067018522
58,INPUT_GUT_90_5.txt,OUTPUT_SKIN7_90_5.txt,1,0.318703635,0.304291792,0.304235737,0.30423118,0.304285758,0.304229403
59,INPUT_GUT_90_5.txt,OUTPUT_SKIN8_90_5.txt,1,0.277062056,0.265390747,0.265452364,0.265362803,0.265436635,0.265418133
60,INPUT_GUT_90_5.txt,OUTPUT_SKIN9_90_5.txt,1,0.241952631,0.247555587,0.247496246,0.247502477,0.247551323,0.247491427
61,INPUT_L_90_5.txt,OUTPUT_BM1_90_5.txt,1,5.413778922,6.964045622,6.963685649,6.965873618,6.960463865,6.955457264
62,INPUT_L_90_5.txt,OUTPUT_BM2_90_5.txt,1,19.35685599,16.50342168,16.49538185,16.50820438,16.51456301,16.49190974
63,INPUT_L_90_5.txt,OUTPUT_GUT_90_5.txt,1,34.39589023,33.32561057,33.34326217,33.33875725,33.32918818,33.33560657
64,INPUT_L_90_5.txt,OUTPUT_L_90_5.txt,1,-1237692,-928842.5,-928784.5,-928856.5,-928777,-928995.5
65,INPUT_L_90_5.txt,OUTPUT_LN1_90_5.txt,1,0.206541149,0.243859511,0.24396632,0.243793495,0.24389006,0.24388192
66,INPUT_L_90_5.txt,OUTPUT_LN2_90_5.txt,1,0.026922526,0.025484909,0.025487638,0.025480592,0.025486395,0.025475895
67,INPUT_L_90_5.txt,OUTPUT_LUNG_90_5.txt,1,0.27892522,0.272006307,0.272219349,0.272029288,0.272083558,0.272009354
68,INPUT_L_90_5.txt,OUTPUT_S_90_5.txt,1,176.2103329,143.7860399,143.7950525,143.7836739,143.7963914,143.7618645
69,INPUT_L_90_5.txt,OUTPUT_SKIN1_90_5.txt,1,0.186774256,0.180116193,0.18012738,0.180113331,0.180128974,0.180086345
70,INPUT_L_90_5.txt,OUTPUT_SKIN10_90_5.txt,1,0.046881695,0.042374666,0.042377314,0.042374024,0.042377658,0.042367677
71,INPUT_L_90_5.txt,OUTPUT_SKIN11_90_5.txt,1,0.070624297,0.150527118,0.150599246,0.150602189,0.150606019,0.150575676
72,INPUT_L_90_5.txt,OUTPUT_SKIN12_90_5.txt,1,0.025556414,0.022933767,0.0229352,0.022933421,0.022935386,0.022929988
73,INPUT_L_90_5.txt,OUTPUT_SKIN2_90_5.txt,1,0.027049996,0.032463158,0.032465186,0.032463043,0.032465543,0.0324579
74,INPUT_L_90_5.txt,OUTPUT_SKIN3_90_5.txt,1,0.024293537,0.022970345,0.022973362,0.022971316,0.022973741,0.022967413
75,INPUT_L_90_5.txt,OUTPUT_SKIN4_90_5.txt,1,0.026718527,0.064409216,0.064414997,0.064408948,0.064418065,0.064399292
76,INPUT_L_90_5.txt,OUTPUT_SKIN5_90_5.txt,1,0.114134471,0.106830601,0.10682624,0.106808777,0.106842662,0.106802624
77,INPUT_L_90_5.txt,OUTPUT_SKIN6_90_5.txt,1,0.022687861,0.018749692,0.018749343,0.018747463,0.018751307,0.018746748
78,INPUT_L_90_5.txt,OUTPUT_SKIN7_90_5.txt,1,0.310043872,0.29357761,0.293576889,0.293589247,0.293633685,0.293504898
79,INPUT_L_90_5.txt,OUTPUT_SKIN8_90_5.txt,1,0.188297678,0.177814478,0.177897904,0.177825895,0.177856881,0.177839462
80,INPUT_L_90_5.txt,OUTPUT_SKIN9_90_5.txt,1,0.368069683,0.418798174,0.418817022,0.418783931,0.418826146,0.418719367
81,INPUT_LN1_90_5.txt,OUTPUT_BM1_90_5.txt,1,1.684682952,1.931896981,1.931232582,1.93271367,1.930925792,1.92990155
82,INPUT_LN1_90_5.txt,OUTPUT_BM2_90_5.txt,1,2.403423176,2.51629942,2.514620423,2.517386324,2.517521321,2.514922561
83,INPUT_LN1_90_5.txt,OUTPUT_GUT_90_5.txt,1,0.317671414,0.313363541,0.31342139,0.31353873,0.313370409,0.313459613
84,INPUT_LN1_90_5.txt,OUTPUT_L_90_5.txt,1,4.441584565,4.647624152,4.646088762,4.648500702,4.647294223,4.647999652
85,INPUT_LN1_90_5.txt,OUTPUT_LN1_90_5.txt,1,-544903.5,-409529.5,-409624,-409455,-409530,-409585
86,INPUT_LN1_90_5.txt,OUTPUT_LN2_90_5.txt,1,0.04411605,0.046254318,0.046246617,0.046255114,0.04625504,0.046238707
87,INPUT_LN1_90_5.txt,OUTPUT_LUNG_90_5.txt,1,0.719290081,0.76039721,0.760721529,0.76080814,0.760633015,0.760470652
88,INPUT_LN1_90_5.txt,OUTPUT_S_90_5.txt,1,4.425996569,4.803728443,4.802637102,4.80466508,4.803815184,4.803125504
89,INPUT_LN1_90_5.txt,OUTPUT_SKIN1_90_5.txt,1,0.346347763,0.317775978,0.317702896,0.317834141,0.317775907,0.317733094
90,INPUT_LN1_90_5.txt,OUTPUT_SKIN10_90_5.txt,1,0.043456012,0.030261127,0.030254156,0.030266637,0.030261103,0.030257037
91,INPUT_LN1_90_5.txt,OUTPUT_SKIN11_90_5.txt,1,0.165165232,0.190184204,0.190217525,0.190314971,0.190268129,0.190249834
92,INPUT_LN1_90_5.txt,OUTPUT_SKIN12_90_5.txt,1,0.076806451,0.05976412,0.059750338,0.059775009,0.059764067,0.059756033
93,INPUT_LN1_90_5.txt,OUTPUT_SKIN2_90_5.txt,1,0.040160159,0.051471505,0.051459645,0.051481487,0.051471616,0.051464698
94,INPUT_LN1_90_5.txt,OUTPUT_SKIN3_90_5.txt,1,0.050738187,0.054316803,0.054308067,0.054329862,0.054321021,0.054311503
95,INPUT_LN1_90_5.txt,OUTPUT_SKIN4_90_5.txt,1,0.09049808,0.052528497,0.05251781,0.052538605,0.052531946,0.052521931
96,INPUT_LN1_90_5.txt,OUTPUT_SKIN5_90_5.txt,1,0.711250012,0.554591976,0.554338716,0.554559388,0.554547478,0.554461102
97,INPUT_LN1_90_5.txt,OUTPUT_SKIN6_90_5.txt,1,0.129624033,0.141739927,0.141695507,0.141750001,0.141742216,0.14172199
98,INPUT_LN1_90_5.txt,OUTPUT_SKIN7_90_5.txt,1,0.496207777,0.4723197,0.472169387,0.472435504,0.47239194,0.472196644
99,INPUT_LN1_90_5.txt,OUTPUT_SKIN8_90_5.txt,1,0.187569826,0.194480086,0.194234147,0.19447615,0.194397849,0.194315545
100,INPUT_LN1_90_5.txt,OUTPUT_SKIN9_90_5.txt,1,0.251695759,0.276767746,0.276691151,0.276812241,0.276765843,0.276715799
101,INPUT_LN2_90_5.txt,OUTPUT_BM1_90_5.txt,1,11.97609412,13.13712947,13.13575374,13.13963674,13.13371732,13.13294291
102,INPUT_LN2_90_5.txt,OUTPUT_BM2_90_5.txt,1,14.88298532,14.16072082,14.15708814,14.16342812,14.16331612,14.15950798
103,INPUT_LN2_90_5.txt,OUTPUT_GUT_90_5.txt,1,28.66583573,28.41869358,28.41521002,28.41726268,28.4176013,28.41746757
104,INPUT_LN2_90_5.txt,OUTPUT_L_90_5.txt,1,14.87233785,16.1020834,16.10066324,16.10354281,16.10109881,16.10491117
105,INPUT_LN2_90_5.txt,OUTPUT_LN1_90_5.txt,1,1.415952638,1.149926419,1.1503855,1.149549491,1.149911812,1.150289923
106,INPUT_LN2_90_5.txt,OUTPUT_LN2_90_5.txt,1,-463983.5,-348266.5,-348285.5,-348240,-348276,-348234
107,INPUT_LN2_90_5.txt,OUTPUT_LUNG_90_5.txt,1,1.345618878,1.517624048,1.518464161,1.51820782,1.518205539,1.518225209
108,INPUT_LN2_90_5.txt,OUTPUT_S_90_5.txt,1,20.88829659,20.97582564,20.97450984,20.97764107,20.97517739,20.97806513
109,INPUT_LN2_90_5.txt,OUTPUT_SKIN1_90_5.txt,1,4.863548197,4.92599444,4.926000585,4.925299535,4.925902106,4.92532194
110,INPUT_LN2_90_5.txt,OUTPUT_SKIN10_90_5.txt,1,0.052206717,0.067435851,0.067432183,0.067440934,0.067434013,0.067442094
111,INPUT_LN2_90_5.txt,OUTPUT_SKIN11_90_5.txt,1,0.43800621,0.539748852,0.539940787,0.540062986,0.539974649,0.54005858
112,INPUT_LN2_90_5.txt,OUTPUT_SKIN12_90_5.txt,1,0.043804205,0.047657235,0.047654639,0.047660844,0.047655935,0.047661665
113,INPUT_LN2_90_5.txt,OUTPUT_SKIN2_90_5.txt,1,0.709620249,0.736668293,0.736629577,0.736726301,0.736650437,0.736732389
114,INPUT_LN2_90_5.txt,OUTPUT_SKIN3_90_5.txt,1,0.199470214,0.247108559,0.247113598,0.247142337,0.247124045,0.247141634
115,INPUT_LN2_90_5.txt,OUTPUT_SKIN4_90_5.txt,1,0.047456524,0.061025996,0.061024277,0.061030333,0.06102829,0.061031385
116,INPUT_LN2_90_5.txt,OUTPUT_SKIN5_90_5.txt,1,0.643396712,0.672738372,0.672627667,0.672636516,0.672749691,0.672715718
117,INPUT_LN2_90_5.txt,OUTPUT_SKIN6_90_5.txt,1,0.929606516,0.986229263,0.986027583,0.986193737,0.986217785,0.986320102
118,INPUT_LN2_90_5.txt,OUTPUT_SKIN7_90_5.txt,1,2.250031857,2.406095627,2.405837158,2.406287936,2.406395534,2.405933643
119,INPUT_LN2_90_5.txt,OUTPUT_SKIN8_90_5.txt,1,1.144182129,1.195833066,1.19626472,1.19599513,1.195986626,1.196284534
120,INPUT_LN2_90_5.txt,OUTPUT_SKIN9_90_5.txt,1,0.377527702,0.487104593,0.487071455,0.487117432,0.487088979,0.487122347
121,INPUT_LUNG_90_5.txt,OUTPUT_BM1_90_5.txt,1,6.547154715,8.729462397,8.726737849,8.728387542,8.728636608,8.729670994
122,INPUT_LUNG_90_5.txt,OUTPUT_BM2_90_5.txt,1,8.666601757,8.227706721,8.225230559,8.226895666,8.226474506,8.227110727
123,INPUT_LUNG_90_5.txt,OUTPUT_GUT_90_5.txt,1,10.72852703,9.92318062,9.919439337,9.921633108,9.92169841,9.921672409
124,INPUT_LUNG_90_5.txt,OUTPUT_L_90_5.txt,1,8.754807543,8.106441695,8.103971559,8.105646777,8.105375371,8.105608564
125,INPUT_LUNG_90_5.txt,OUTPUT_LN1_90_5.txt,1,82.64598535,75.870112,75.91360704,75.85647518,75.88504,75.8981552
126,INPUT_LUNG_90_5.txt,OUTPUT_LN2_90_5.txt,1,0.063250251,0.192787271,0.192748318,0.192739449,0.192770477,0.192732889
127,INPUT_LUNG_90_5.txt,OUTPUT_LUNG_90_5.txt,1,-701818.5,-527027,-527193,-527073.5,-527102.5,-527073
128,INPUT_LUNG_90_5.txt,OUTPUT_S_90_5.txt,1,8.816206771,8.155685868,8.153157477,8.154900656,8.154549605,8.155030725
129,INPUT_LUNG_90_5.txt,OUTPUT_SKIN1_90_5.txt,1,0.710728395,0.588561006,0.588376007,0.588509387,0.588476759,0.588509991
130,INPUT_LUNG_90_5.txt,OUTPUT_SKIN10_90_5.txt,1,0.408621604,0.338244616,0.33813743,0.338214038,0.338196018,0.338214957
131,INPUT_LUNG_90_5.txt,OUTPUT_SKIN11_90_5.txt,1,0.425509616,0.449089638,0.449129212,0.449274556,0.449223017,0.449265721
132,INPUT_LUNG_90_5.txt,OUTPUT_SKIN12_90_5.txt,1,1.668726538,7.709958908,7.707324188,7.713493888,7.714488458,7.709226661
133,INPUT_LUNG_90_5.txt,OUTPUT_SKIN2_90_5.txt,1,17.82265376,12.78393482,12.77964678,12.78381196,12.78149001,12.78230091
134,INPUT_LUNG_90_5.txt,OUTPUT_SKIN3_90_5.txt,1,0.1290483,0.200581386,0.200531799,0.200574588,0.200568047,0.200571301
135,INPUT_LUNG_90_5.txt,OUTPUT_SKIN4_90_5.txt,1,0.168773614,0.210657967,0.210596958,0.210645862,0.210641299,0.210646054
136,INPUT_LUNG_90_5.txt,OUTPUT_SKIN5_90_5.txt,1,126.1408954,117.238378,117.1870358,117.2236747,117.2376908,117.2344024
137,INPUT_LUNG_90_5.txt,OUTPUT_SKIN6_90_5.txt,1,0.234460535,0.292942288,0.292826525,0.292885203,0.292904966,0.292919089
138,INPUT_LUNG_90_5.txt,OUTPUT_SKIN7_90_5.txt,1,10.7089653,11.56466963,11.55626744,11.56227938,11.56104552,11.56049562
139,INPUT_LUNG_90_5.txt,OUTPUT_SKIN8_90_5.txt,1,2.874061919,4.016784336,4.016338561,4.016119551,4.016251308,4.017740796
140,INPUT_LUNG_90_5.txt,OUTPUT_SKIN9_90_5.txt,1,119.8351388,109.2425053,109.2492423,109.2211201,109.2330033,109.2277616
141,INPUT_S_90_5.txt,OUTPUT_BM1_90_5.txt,1,106.6401968,117.2244793,117.2917004,117.2605874,117.216145,117.08448
142,INPUT_S_90_5.txt,OUTPUT_BM2_90_5.txt,1,112.3182755,106.4226106,106.3560666,106.4594705,106.4950847,106.3592859
143,INPUT_S_90_5.txt,OUTPUT_GUT_90_5.txt,1,41.77350414,39.70721665,39.72614019,39.72434721,39.7082125,39.72733554
144,INPUT_S_90_5.txt,OUTPUT_L_90_5.txt,1,406.7239418,400.5413966,400.4636164,400.5238259,400.486619,400.6693523
145,INPUT_S_90_5.txt,OUTPUT_LN1_90_5.txt,1,1.441275928,1.420070718,1.420259735,1.420336219,1.420575196,1.420390143
146,INPUT_S_90_5.txt,OUTPUT_LN2_90_5.txt,1,0.580751185,0.6027757,0.602810273,0.60268739,0.602781204,0.602670839
147,INPUT_S_90_5.txt,OUTPUT_LUNG_90_5.txt,1,1.688149448,1.600209544,1.600556895,1.600016074,1.60009832,1.60015723
148,INPUT_S_90_5.txt,OUTPUT_S_90_5.txt,1,-49066.5,-36671,-36671,-36671,-36671,-36671
149,INPUT_S_90_5.txt,OUTPUT_SKIN1_90_5.txt,1,1.141147476,1.119242758,1.119242758,1.119242758,1.119242758,1.119242758
150,INPUT_S_90_5.txt,OUTPUT_SKIN10_90_5.txt,1,0.365624746,0.422573266,0.422573266,0.422573266,0.422573266,0.422573266
151,INPUT_S_90_5.txt,OUTPUT_SKIN11_90_5.txt,1,1.28686799,1.215115228,1.215648055,1.215770852,1.215695058,1.2157355
152,INPUT_S_90_5.txt,OUTPUT_SKIN12_90_5.txt,1,0.229731402,0.276410958,0.276410958,0.276410958,0.276410958,0.276410958
153,INPUT_S_90_5.txt,OUTPUT_SKIN2_90_5.txt,1,0.763496033,0.738733529,0.738733529,0.738740062,0.738735162,0.738735162
154,INPUT_S_90_5.txt,OUTPUT_SKIN3_90_5.txt,1,0.825034295,0.796493543,0.796547881,0.796539318,0.7965505,0.796520578
155,INPUT_S_90_5.txt,OUTPUT_SKIN4_90_5.txt,1,0.491159875,0.926405193,0.926430837,0.926415484,0.926468137,0.926415484
156,INPUT_S_90_5.txt,OUTPUT_SKIN5_90_5.txt,1,1.157008903,1.069574547,1.069597748,1.069596705,1.069601569,1.069590206
157,INPUT_S_90_5.txt,OUTPUT_SKIN6_90_5.txt,1,0.954100178,0.902302218,0.902278224,0.902279838,0.902305574,0.902302554
158,INPUT_S_90_5.txt,OUTPUT_SKIN7_90_5.txt,1,1.6314584,1.540834753,1.540869226,1.540811613,1.540777797,1.54088068
159,INPUT_S_90_5.txt,OUTPUT_SKIN8_90_5.txt,1,1.477399416,1.521031619,1.521401167,1.521107818,1.521188275,1.521333316
160,INPUT_S_90_5.txt,OUTPUT_SKIN9_90_5.txt,1,1.055927285,1.084712983,1.084701803,1.08470425,1.084710488,1.084699307
161,INPUT_SKIN1_90_5.txt,OUTPUT_BM1_90_5.txt,1,2.310683296,2.254925595,2.255286201,2.255301272,2.254566297,2.253489185
162,INPUT_SKIN1_90_5.txt,OUTPUT_BM2_90_5.txt,1,2.650580491,2.521903403,2.521138513,2.522326895,2.522735945,2.521175528
163,INPUT_SKIN1_90_5.txt,OUTPUT_GUT_90_5.txt,1,0.415861306,0.430008089,0.430177898,0.430161809,0.430017025,0.430188623
164,INPUT_SKIN1_90_5.txt,OUTPUT_L_90_5.txt,1,4.086114787,3.964848361,3.964679673,3.96484411,3.964698767,3.965197706
165,INPUT_SKIN1_90_5.txt,OUTPUT_LN1_90_5.txt,1,1.171642905,1.019099979,1.019581152,1.018722827,1.019104967,1.019386022
166,INPUT_SKIN1_90_5.txt,OUTPUT_LN2_90_5.txt,1,0.061022243,0.06220724,0.062211265,0.062196972,0.06220826,0.062194654
167,INPUT_SKIN1_90_5.txt,OUTPUT_LUNG_90_5.txt,1,0.865306022,0.907093857,0.907675938,0.907482196,0.907528608,0.907476632
168,INPUT_SKIN1_90_5.txt,OUTPUT_S_90_5.txt,1,4.39101595,4.329552669,4.329552669,4.329552669,4.329552669,4.329552669
169,INPUT_SKIN1_90_5.txt,OUTPUT_SKIN1_90_5.txt,1,-565342,-424627.5,-424627.5,-424627.5,-424627.5,-424627.5
170,INPUT_SKIN1_90_5.txt,OUTPUT_SKIN10_90_5.txt,1,0.057680654,0.05443784,0.05443784,0.05443784,0.05443784,0.05443784
171,INPUT_SKIN1_90_5.txt,OUTPUT_SKIN11_90_5.txt,1,0.126215612,0.100059335,0.100102384,0.10011293,0.100106191,0.100110295
172,INPUT_SKIN1_90_5.txt,OUTPUT_SKIN12_90_5.txt,1,0.021032543,0.02453214,0.02453214,0.02453214,0.02453214,0.02453214
173,INPUT_SKIN1_90_5.txt,OUTPUT_SKIN2_90_5.txt,1,0.137574215,0.148916292,0.148916292,0.148918037,0.148916728,0.148916728
174,INPUT_SKIN1_90_5.txt,OUTPUT_SKIN3_90_5.txt,1,0.086621007,0.077695681,0.077700938,0.077700061,0.077701599,0.077698531
175,INPUT_SKIN1_90_5.txt,OUTPUT_SKIN4_90_5.txt,1,0.087970983,0.099552061,0.099554683,0.09955357,0.099558497,0.09955357
176,INPUT_SKIN1_90_5.txt,OUTPUT_SKIN5_90_5.txt,1,0.590057195,0.558123382,0.55801515,0.557988934,0.558099755,0.558061493
177,INPUT_SKIN1_90_5.txt,OUTPUT_SKIN6_90_5.txt,1,0.114806176,0.095123229,0.095115156,0.095112812,0.095124791,0.095124011
178,INPUT_SKIN1_90_5.txt,OUTPUT_SKIN7_90_5.txt,1,0.697254603,0.687688071,0.687633486,0.68773421,0.687796805,0.687609331
179,INPUT_SKIN1_90_5.txt,OUTPUT_SKIN8_90_5.txt,1,0.197039308,0.220543867,0.220386819,0.220511368,0.220475092,0.220442666
180,INPUT_SKIN1_90_5.txt,OUTPUT_SKIN9_90_5.txt,1,0.487334306,0.520305741,0.520283601,0.520294365,0.52030249,0.520280351
181,INPUT_SKIN10_90_5.txt,OUTPUT_BM1_90_5.txt,1,2.481229633,3.198745613,3.199502219,3.19926887,3.198457379,3.196745383
182,INPUT_SKIN10_90_5.txt,OUTPUT_BM2_90_5.txt,1,2.818868747,2.495603689,2.494679868,2.496115234,2.496609372,2.494724571
183,INPUT_SKIN10_90_5.txt,OUTPUT_GUT_90_5.txt,1,0.526710956,0.462329318,0.462514952,0.462497364,0.462339087,0.462526677
184,INPUT_SKIN10_90_5.txt,OUTPUT_L_90_5.txt,1,4.867773262,4.559623578,4.559346483,4.559621493,4.559373392,4.560207875
185,INPUT_SKIN10_90_5.txt,OUTPUT_LN1_90_5.txt,1,0.841936293,0.734628467,0.734972582,0.734364766,0.734639465,0.734859806
186,INPUT_SKIN10_90_5.txt,OUTPUT_LN2_90_5.txt,1,0.044480527,0.063186054,0.063182872,0.063174951,0.063180087,0.0631734
187,INPUT_SKIN10_90_5.txt,OUTPUT_LUNG_90_5.txt,1,0.629615554,0.572212829,0.572531823,0.57231853,0.572399573,0.572302274
188,INPUT_SKIN10_90_5.txt,OUTPUT_S_90_5.txt,1,5.689262582,5.086750114,5.086750114,5.086750114,5.086750114,5.086750114
189,INPUT_SKIN10_90_5.txt,OUTPUT_SKIN1_90_5.txt,1,0.588864458,0.505982775,0.505982775,0.505982775,0.505982775,0.505982775
190,INPUT_SKIN10_90_5.txt,OUTPUT_SKIN10_90_5.txt,1,-527985.5,-395734.5,-395734.5,-395734.5,-395734.5,-395734.5
191,INPUT_SKIN10_90_5.txt,OUTPUT_SKIN11_90_5.txt,1,0.14793474,0.160170939,0.160236258,0.160252259,0.160242035,0.160248261
192,INPUT_SKIN10_90_5.txt,OUTPUT_SKIN12_90_5.txt,1,0.052364355,0.037689506,0.037689506,0.037689506,0.037689506,0.037689506
193,INPUT_SKIN10_90_5.txt,OUTPUT_SKIN2_90_5.txt,1,0.278431015,0.252819806,0.252819806,0.252822921,0.252820585,0.252820585
194,INPUT_SKIN10_90_5.txt,OUTPUT_SKIN3_90_5.txt,1,0.084575488,0.091880875,0.091887332,0.091886256,0.091888145,0.091884376
195,INPUT_SKIN10_90_5.txt,OUTPUT_SKIN4_90_5.txt,1,0.060965123,0.070306237,0.070308092,0.070307216,0.070310792,0.070307216
196,INPUT_SKIN10_90_5.txt,OUTPUT_SKIN5_90_5.txt,1,0.307199125,0.276487505,0.276444866,0.276424984,0.276488515,0.276457239
197,INPUT_SKIN10_90_5.txt,OUTPUT_SKIN6_90_5.txt,1,0.17806699,0.165569923,0.165553289,0.165552172,0.165572586,0.165571249
198,INPUT_SKIN10_90_5.txt,OUTPUT_SKIN7_90_5.txt,1,0.563630894,0.519369051,0.519335378,0.519422426,0.519454511,0.519310439
199,INPUT_SKIN10_90_5.txt,OUTPUT_SKIN8_90_5.txt,1,0.271544384,0.226451869,0.22630464,0.226422489,0.226391706,0.226356087
200,INPUT_SKIN10_90_5.txt,OUTPUT_SKIN9_90_5.txt,1,0.196850965,0.230346015,0.230338629,0.230341038,0.230344593,0.230337207
201,INPUT_SKIN11_90_5.txt,OUTPUT_BM1_90_5.txt,1,6.763078988,12.67843137,12.69061115,12.69386083,12.69154349,12.69230442
202,INPUT_SKIN11_90_5.txt,OUTPUT_BM2_90_5.txt,1,11.72765397,11.50047804,11.50921539,11.51275613,11.51189982,11.51068153
203,INPUT_SKIN11_90_5.txt,OUTPUT_GUT_90_5.txt,1,16.27638468,15.80740507,15.8236066,15.82748933,15.82571694,15.8260886
204,INPUT_SKIN11_90_5.txt,OUTPUT_L_90_5.txt,1,11.88762376,10.91413035,10.92378822,10.92622909,10.92462762,10.92589021
205,INPUT_SKIN11_90_5.txt,OUTPUT_LN1_90_5.txt,1,8.46553818,7.360750617,7.362776604,7.35670754,7.359772245,7.361342848
206,INPUT_SKIN11_90_5.txt,OUTPUT_LN2_90_5.txt,1,0.086020369,0.087439974,0.087427231,0.087403439,0.08741995,0.087401231
207,INPUT_SKIN11_90_5.txt,OUTPUT_LUNG_90_5.txt,1,2.281142247,1.923426693,1.924213514,1.923534506,1.923761727,1.923557246
208,INPUT_SKIN11_90_5.txt,OUTPUT_S_90_5.txt,1,13.60260506,13.18377313,13.19861981,13.20198638,13.19992205,13.2008462
209,INPUT_SKIN11_90_5.txt,OUTPUT_SKIN1_90_5.txt,1,2.504934551,2.203246095,2.202791107,2.202680432,2.202750929,2.202709401
210,INPUT_SKIN11_90_5.txt,OUTPUT_SKIN10_90_5.txt,1,0.249730543,0.205463354,0.205422062,0.205411957,0.205418411,0.205414486
211,INPUT_SKIN11_90_5.txt,OUTPUT_SKIN11_90_5.txt,1,-489046.5,-366332.5,-366406,-366424,-366412.5,-366419.5
212,INPUT_SKIN11_90_5.txt,OUTPUT_SKIN12_90_5.txt,1,0.147561669,0.140076526,0.140048595,0.140041754,0.140046125,0.140043461
213,INPUT_SKIN11_90_5.txt,OUTPUT_SKIN2_90_5.txt,1,0.099758284,0.09662886,0.096609505,0.096605895,0.096608076,0.096606233
214,INPUT_SKIN11_90_5.txt,OUTPUT_SKIN3_90_5.txt,1,0.181668725,0.218996278,0.218969547,0.218956004,0.218967821,0.218953732
215,INPUT_SKIN11_90_5.txt,OUTPUT_SKIN4_90_5.txt,1,0.33229983,0.261681702,0.261637141,0.261625067,0.261643438,0.261628245
216,INPUT_SKIN11_90_5.txt,OUTPUT_SKIN5_90_5.txt,1,4.635609694,3.852979527,3.851734737,3.851185689,3.852256755,3.851618765
217,INPUT_SKIN11_90_5.txt,OUTPUT_SKIN6_90_5.txt,1,0.052069257,0.067814352,0.067794779,0.067789459,0.06780074,0.067798847
218,INPUT_SKIN11_90_5.txt,OUTPUT_SKIN7_90_5.txt,1,1.941427007,2.161332042,2.160717172,2.160933283,2.161195653,2.16057622
219,INPUT_SKIN11_90_5.txt,OUTPUT_SKIN8_90_5.txt,1,0.761666356,0.635064702,0.635202561,0.634958869,0.635026942,0.635176852
220,INPUT_SKIN11_90_5.txt,OUTPUT_SKIN9_90_5.txt,1,0.660806942,0.347125843,0.347048493,0.347031353,0.347047553,0.34703358
221,INPUT_SKIN12_90_5.txt,OUTPUT_BM1_90_5.txt,1,5.974380419,5.80152567,5.800993529,5.802815635,5.798812463,5.796585501
222,INPUT_SKIN12_90_5.txt,OUTPUT_BM2_90_5.txt,1,4.587978526,4.68889682,4.686760251,4.69008006,4.691223149,4.686863628
223,INPUT_SKIN12_90_5.txt,OUTPUT_GUT_90_5.txt,1,1.054593411,0.999804573,1.000216243,1.000177239,0.999826238,1.000242246
224,INPUT_SKIN12_90_5.txt,OUTPUT_L_90_5.txt,1,10.48258589,10.88739867,10.88643096,10.88745661,10.8864656,10.88957805
225,INPUT_SKIN12_90_5.txt,OUTPUT_LN1_90_5.txt,1,1.480515356,1.318792402,1.319402891,1.318332534,1.31882155,1.31919991
226,INPUT_SKIN12_90_5.txt,OUTPUT_LN2_90_5.txt,1,0.084886292,0.09915819,0.099163889,0.099142058,0.099159302,0.099139371
227,INPUT_SKIN12_90_5.txt,OUTPUT_LUNG_90_5.txt,1,1.147344748,1.115481931,1.116102094,1.115705215,1.115857396,1.115662327
228,INPUT_SKIN12_90_5.txt,OUTPUT_S_90_5.txt,1,13.60610521,12.81302738,12.81302738,12.81302738,12.81302738,12.81302738
229,INPUT_SKIN12_90_5.txt,OUTPUT_SKIN1_90_5.txt,1,0.692386683,0.699437547,0.699437547,0.699437547,0.699437547,0.699437547
230,INPUT_SKIN12_90_5.txt,OUTPUT_SKIN10_90_5.txt,1,0.113746802,0.133260002,0.133260002,0.133260002,0.133260002,0.133260002
231,INPUT_SKIN12_90_5.txt,OUTPUT_SKIN11_90_5.txt,1,0.214725648,0.175126547,0.17519807,0.175215586,0.175204396,0.175211205
232,INPUT_SKIN12_90_5.txt,OUTPUT_SKIN12_90_5.txt,1,-378795,-284236,-284236,-284236,-284236,-284236
233,INPUT_SKIN12_90_5.txt,OUTPUT_SKIN2_90_5.txt,1,0.160645074,0.130279364,0.130279364,0.130280885,0.130279744,0.130279744
234,INPUT_SKIN12_90_5.txt,OUTPUT_SKIN3_90_5.txt,1,0.097579867,0.10774278,0.107750193,0.107748957,0.10775112,0.107746795
235,INPUT_SKIN12_90_5.txt,OUTPUT_SKIN4_90_5.txt,1,0.091399832,0.100340553,0.100343206,0.100341368,0.100347066,0.100341368
236,INPUT_SKIN12_90_5.txt,OUTPUT_SKIN5_90_5.txt,1,0.998335459,1.013147105,1.012968633,1.012915307,1.013120718,1.01303948
237,INPUT_SKIN12_90_5.txt,OUTPUT_SKIN6_90_5.txt,1,0.118528528,0.113318184,0.113308508,0.113306226,0.113319978,0.11331908
238,INPUT_SKIN12_90_5.txt,OUTPUT_SKIN7_90_5.txt,1,0.787049703,0.847915097,0.847854022,0.847992402,0.848048548,0.847820272
239,INPUT_SKIN12_90_5.txt,OUTPUT_SKIN8_90_5.txt,1,0.473830768,0.476136895,0.475844814,0.476078777,0.47601121,0.475942442
240,INPUT_SKIN12_90_5.txt,OUTPUT_SKIN9_90_5.txt,1,0.507581652,0.475644742,0.475630215,0.475634671,0.475641865,0.475627338
241,INPUT_SKIN2_90_5.txt,OUTPUT_BM1_90_5.txt,1,2.99517901,3.000428959,3.000515177,3.00110299,2.999278282,2.997773384
242,INPUT_SKIN2_90_5.txt,OUTPUT_BM2_90_5.txt,1,4.64008034,4.374716207,4.37290852,4.375690849,4.376677659,4.372989396
243,INPUT_SKIN2_90_5.txt,OUTPUT_GUT_90_5.txt,1,0.819440935,0.795287472,0.79561184,0.795576443,0.795303377,0.795631163
244,INPUT_SKIN2_90_5.txt,OUTPUT_L_90_5.txt,1,8.969473295,8.567011648,8.56622677,8.56684527,8.566387777,8.568424745
245,INPUT_SKIN2_90_5.txt,OUTPUT_LN1_90_5.txt,1,0.936650208,1.007439325,1.007907406,1.007079065,1.007457744,1.007736791
246,INPUT_SKIN2_90_5.txt,OUTPUT_LN2_90_5.txt,1,0.065061728,0.078574202,0.078579206,0.078561219,0.078575165,0.078558735
247,INPUT_SKIN2_90_5.txt,OUTPUT_LUNG_90_5.txt,1,0.76478259,0.772517193,0.773010219,0.772800268,0.772749788,0.772769371
248,INPUT_SKIN2_90_5.txt,OUTPUT_S_90_5.txt,1,10.27223381,9.154928598,9.154928598,9.154871926,9.15491443,9.15491443
249,INPUT_SKIN2_90_5.txt,OUTPUT_SKIN1_90_5.txt,1,1.063830034,1.000802869,1.000802869,1.000797255,1.000801466,1.000801466
250,INPUT_SKIN2_90_5.txt,OUTPUT_SKIN10_90_5.txt,1,0.048646702,0.054835224,0.054835224,0.054834903,0.054835143,0.054835143
251,INPUT_SKIN2_90_5.txt,OUTPUT_SKIN11_90_5.txt,1,0.172387401,0.173828512,0.173899931,0.173916407,0.173905994,0.173912796
252,INPUT_SKIN2_90_5.txt,OUTPUT_SKIN12_90_5.txt,1,0.018779401,0.012649465,0.012649465,0.012649392,0.012649447,0.012649447
253,INPUT_SKIN2_90_5.txt,OUTPUT_SKIN2_90_5.txt,1,-456519,-342319,-342319,-342321,-342319.5,-342319.5
254,INPUT_SKIN2_90_5.txt,OUTPUT_SKIN3_90_5.txt,1,0.090086955,0.104230557,0.104237687,0.104235889,0.104238427,0.104234268
255,INPUT_SKIN2_90_5.txt,OUTPUT_SKIN4_90_5.txt,1,0.125144868,0.125276476,0.125279787,0.125276464,0.12528442,0.125277014
256,INPUT_SKIN2_90_5.txt,OUTPUT_SKIN5_90_5.txt,1,0.741961798,0.696159705,0.696041989,0.69600525,0.69614763,0.69609239
257,INPUT_SKIN2_90_5.txt,OUTPUT_SKIN6_90_5.txt,1,0.170656164,0.165007933,0.164993747,0.164989569,0.165010302,0.165008992
258,INPUT_SKIN2_90_5.txt,OUTPUT_SKIN7_90_5.txt,1,0.699133161,0.726699872,0.726642284,0.726742777,0.726812374,0.726612048
259,INPUT_SKIN2_90_5.txt,OUTPUT_SKIN8_90_5.txt,1,0.243098747,0.254112531,0.254042539,0.254096713,0.254081482,0.25407391
260,INPUT_SKIN2_90_5.txt,OUTPUT_SKIN9_90_5.txt,1,0.497761521,0.464036935,0.464014744,0.464024295,0.464033418,0.464011227
261,INPUT_SKIN3_90_5.txt,OUTPUT_BM1_90_5.txt,1,3.878446928,4.675797715,4.683734964,4.676760662,4.680749987,4.672280912
262,INPUT_SKIN3_90_5.txt,OUTPUT_BM2_90_5.txt,1,5.270143968,6.490180926,6.488240702,6.491495215,6.492536088,6.488197468
263,INPUT_SKIN3_90_5.txt,OUTPUT_GUT_90_5.txt,1,22.35678627,20.16013414,20.16138961,20.1611911,20.16189285,20.15954926
264,INPUT_SKIN3_90_5.txt,OUTPUT_L_90_5.txt,1,13.17193376,12.67473162,12.67517078,12.67533202,12.67528663,12.67574237
265,INPUT_SKIN3_90_5.txt,OUTPUT_LN1_90_5.txt,1,0.953665047,0.887032526,0.887406007,0.886698356,0.887017173,0.887313919
266,INPUT_SKIN3_90_5.txt,OUTPUT_LN2_90_5.txt,1,0.135322251,0.236231971,0.236240131,0.236187018,0.236225352,0.236180564
267,INPUT_SKIN3_90_5.txt,OUTPUT_LUNG_90_5.txt,1,0.526156505,0.594964294,0.595625329,0.594951017,0.595054148,0.595060577
268,INPUT_SKIN3_90_5.txt,OUTPUT_S_90_5.txt,1,10.47314073,9.228330754,9.228871155,9.22880771,9.228672075,9.228468853
269,INPUT_SKIN3_90_5.txt,OUTPUT_SKIN1_90_5.txt,1,0.201164469,0.332976832,0.332965823,0.332967601,0.332964519,0.332970896
270,INPUT_SKIN3_90_5.txt,OUTPUT_SKIN10_90_5.txt,1,0.048386107,0.044678999,0.044677514,0.044677763,0.044677333,0.044678198
271,INPUT_SKIN3_90_5.txt,OUTPUT_SKIN11_90_5.txt,1,0.214670588,0.195982523,0.196059491,0.196079456,0.196066091,0.196076253
272,INPUT_SKIN3_90_5.txt,OUTPUT_SKIN12_90_5.txt,1,0.007171298,0.023393038,0.023392262,0.023392392,0.023392165,0.023392618
273,INPUT_SKIN3_90_5.txt,OUTPUT_SKIN2_90_5.txt,1,0.073986404,0.085257132,0.085254301,0.085255768,0.085254203,0.085255852
274,INPUT_SKIN3_90_5.txt,OUTPUT_SKIN3_90_5.txt,1,-481715,-361520.5,-361532.5,-361530.5,-361534,-361527
275,INPUT_SKIN3_90_5.txt,OUTPUT_SKIN4_90_5.txt,1,0.24428578,0.205010236,0.205008871,0.205010982,0.205015928,0.205012979
276,INPUT_SKIN3_90_5.txt,OUTPUT_SKIN5_90_5.txt,1,0.587153785,0.535761505,0.53568171,0.535642513,0.535765301,0.535702893
277,INPUT_SKIN3_90_5.txt,OUTPUT_SKIN6_90_5.txt,1,0.065319112,0.073203505,0.073194403,0.073193762,0.073201941,0.073202773
278,INPUT_SKIN3_90_5.txt,OUTPUT_SKIN7_90_5.txt,1,0.873421713,0.766570862,0.766481528,0.766618035,0.766684503,0.766464691
279,INPUT_SKIN3_90_5.txt,OUTPUT_SKIN8_90_5.txt,1,0.262647858,0.325316388,0.325477154,0.325338185,0.325361823,0.325430614
280,INPUT_SKIN3_90_5.txt,OUTPUT_SKIN9_90_5.txt,1,0.135645651,0.522570023,0.522527283,0.522544861,0.522548019,0.522532182
281,INPUT_SKIN4_90_5.txt,OUTPUT_BM1_90_5.txt,1,2.916413816,3.06229759,3.066411827,3.062994928,3.064442225,3.059535076
282,INPUT_SKIN4_90_5.txt,OUTPUT_BM2_90_5.txt,1,4.14819895,4.308713288,4.306890469,4.309715206,4.310682383,4.306977738
283,INPUT_SKIN4_90_5.txt,OUTPUT_GUT_90_5.txt,1,16.34936951,15.39486033,15.39674141,15.39668391,15.39599819,15.39691256
284,INPUT_SKIN4_90_5.txt,OUTPUT_L_90_5.txt,1,10.85770142,10.73127173,10.73037812,10.73107201,10.73122056,10.73292146
285,INPUT_SKIN4_90_5.txt,OUTPUT_LN1_90_5.txt,1,0.371852052,0.333736081,0.333923165,0.333577287,0.333722854,0.333855038
286,INPUT_SKIN4_90_5.txt,OUTPUT_LN2_90_5.txt,1,0.061410092,0.058154639,0.05813677,0.058156063,0.058134722,0.058154438
287,INPUT_SKIN4_90_5.txt,OUTPUT_LUNG_90_5.txt,1,0.438960368,0.456053734,0.456000898,0.456142971,0.456145957,0.45617823
288,INPUT_SKIN4_90_5.txt,OUTPUT_S_90_5.txt,1,10.24841219,9.532890282,9.533048366,9.533077483,9.533278277,9.533077483
289,INPUT_SKIN4_90_5.txt,OUTPUT_SKIN1_90_5.txt,1,0.210941717,0.240959274,0.240956074,0.240955491,0.24095142,0.240955491
290,INPUT_SKIN4_90_5.txt,OUTPUT_SKIN10_90_5.txt,1,0.047918748,0.035832176,0.035831702,0.035831616,0.035831012,0.035831616
291,INPUT_SKIN4_90_5.txt,OUTPUT_SKIN11_90_5.txt,1,0.061932313,0.063209414,0.063236953,0.063243704,0.063238229,0.063241595
292,INPUT_SKIN4_90_5.txt,OUTPUT_SKIN12_90_5.txt,1,0.011258352,0.007090247,0.007090153,0.007090136,0.007090017,0.007090136
293,INPUT_SKIN4_90_5.txt,OUTPUT_SKIN2_90_5.txt,1,0.017473724,0.021781902,0.021781614,0.021781562,0.021781196,0.021781562
294,INPUT_SKIN4_90_5.txt,OUTPUT_SKIN3_90_5.txt,1,0.085804355,0.10540976,0.105415742,0.105414259,0.105414638,0.105412109
295,INPUT_SKIN4_90_5.txt,OUTPUT_SKIN4_90_5.txt,1,-554981.5,-416037,-416042.5,-416043.5,-416050.5,-416043.5
296,INPUT_SKIN4_90_5.txt,OUTPUT_SKIN5_90_5.txt,1,0.503103994,0.401810548,0.401744186,0.401706237,0.401811077,0.401757479
297,INPUT_SKIN4_90_5.txt,OUTPUT_SKIN6_90_5.txt,1,0.164502191,0.147800661,0.147783101,0.147781359,0.147798404,0.14779962
298,INPUT_SKIN4_90_5.txt,OUTPUT_SKIN7_90_5.txt,1,0.608324039,0.523843244,0.523784218,0.52387201,0.523914892,0.523759722
299,INPUT_SKIN4_90_5.txt,OUTPUT_SKIN8_90_5.txt,1,0.253995852,0.22736531,0.227494297,0.227384988,0.227402769,0.227444836
300,INPUT_SKIN4_90_5.txt,OUTPUT_SKIN9_90_5.txt,1,0.104364362,0.623201703,0.623138974,0.623191829,0.623181225,0.623137443
301,INPUT_SKIN5_90_5.txt,OUTPUT_BM1_90_5.txt,1,3.515414265,3.380708913,3.381105575,3.381383828,3.380323867,3.379846861
302,INPUT_SKIN5_90_5.txt,OUTPUT_BM2_90_5.txt,1,4.108971271,3.589599807,3.58928874,3.590308401,3.590155599,3.589344699
303,INPUT_SKIN5_90_5.txt,OUTPUT_GUT_90_5.txt,1,6.81035723,6.22065533,6.220651477,6.221003279,6.220663327,6.220686035
304,INPUT_SKIN5_90_5.txt,OUTPUT_L_90_5.txt,1,4.379310473,4.384657218,4.38490305,4.385167584,4.384601881,4.385086352
305,INPUT_SKIN5_90_5.txt,OUTPUT_LN1_90_5.txt,1,2.354937512,2.182094512,2.183225273,2.181533975,2.182044139,2.182807345
306,INPUT_SKIN5_90_5.txt,OUTPUT_LN2_90_5.txt,1,0.085806634,0.096706072,0.096718341,0.096700759,0.096704602,0.09669207
307,INPUT_SKIN5_90_5.txt,OUTPUT_LUNG_90_5.txt,1,1.198581953,1.397819887,1.398796297,1.398346964,1.398215182,1.398365959
308,INPUT_SKIN5_90_5.txt,OUTPUT_S_90_5.txt,1,4.874216566,4.326133741,4.326410448,4.326629144,4.326115865,4.326465509
309,INPUT_SKIN5_90_5.txt,OUTPUT_SKIN1_90_5.txt,1,0.46055861,0.335958675,0.335978981,0.335995333,0.335951262,0.335977507
310,INPUT_SKIN5_90_5.txt,OUTPUT_SKIN10_90_5.txt,1,0.161772602,0.137832545,0.137840866,0.137847563,0.137829504,0.137840258
311,INPUT_SKIN5_90_5.txt,OUTPUT_SKIN11_90_5.txt,1,0.241370324,0.252843924,0.252962432,0.253000026,0.252950678,0.25298029
312,INPUT_SKIN5_90_5.txt,OUTPUT_SKIN12_90_5.txt,1,0.015250884,0.017538029,0.017539086,0.017539936,0.017537643,0.017539009
313,INPUT_SKIN5_90_5.txt,OUTPUT_SKIN2_90_5.txt,1,0.125075174,0.119683204,0.11969043,0.119697647,0.119680918,0.119690255
314,INPUT_SKIN5_90_5.txt,OUTPUT_SKIN3_90_5.txt,1,0.080440828,0.093413347,0.093425394,0.09342886,0.093418506,0.093422048
315,INPUT_SKIN5_90_5.txt,OUTPUT_SKIN4_90_5.txt,1,0.165465577,0.166301632,0.166316034,0.166320102,0.16630868,0.166311297
316,INPUT_SKIN5_90_5.txt,OUTPUT_SKIN5_90_5.txt,1,-453999,-340438,-340417.5,-340401,-340445.5,-340419
317,INPUT_SKIN5_90_5.txt,OUTPUT_SKIN6_90_5.txt,1,0.177169645,0.191086737,0.191082949,0.191087285,0.191085555,0.191098934
318,INPUT_SKIN5_90_5.txt,OUTPUT_SKIN7_90_5.txt,1,1.351275191,1.098990847,1.098957824,1.099186331,1.099135135,1.098927834
319,INPUT_SKIN5_90_5.txt,OUTPUT_SKIN8_90_5.txt,1,0.495676796,0.502110024,0.502364593,0.502209428,0.502191151,0.502301906
320,INPUT_SKIN5_90_5.txt,OUTPUT_SKIN9_90_5.txt,1,0.223044058,4.964777663,4.964977443,4.965222026,4.964640574,4.964925298
321,INPUT_SKIN6_90_5.txt,OUTPUT_BM1_90_5.txt,1,3.072382351,3.267618387,3.267953127,3.268454263,3.26660342,3.265089689
322,INPUT_SKIN6_90_5.txt,OUTPUT_BM2_90_5.txt,1,3.506071018,3.427376051,3.426188082,3.428300358,3.428794562,3.426096893
323,INPUT_SKIN6_90_5.txt,OUTPUT_GUT_90_5.txt,1,0.48586808,0.476259978,0.476473844,0.476461725,0.476266431,0.476465232
324,INPUT_SKIN6_90_5.txt,OUTPUT_L_90_5.txt,1,6.47326851,6.395525683,6.395301784,6.395827931,6.395075611,6.396422506
325,INPUT_SKIN6_90_5.txt,OUTPUT_LN1_90_5.txt,1,0.865992646,0.974438343,0.974930856,0.9741345,0.974436855,0.974703114
326,INPUT_SKIN6_90_5.txt,OUTPUT_LN2_90_5.txt,1,0.062575449,0.064788615,0.064795205,0.064781904,0.06478911,0.064775924
327,INPUT_SKIN6_90_5.txt,OUTPUT_LUNG_90_5.txt,1,0.79183846,0.809936992,0.81047291,0.810255534,0.810257854,0.810207395
328,INPUT_SKIN6_90_5.txt,OUTPUT_S_90_5.txt,1,7.234610925,7.186713902,7.187018567,7.187121418,7.186652779,7.18668168
329,INPUT_SKIN6_90_5.txt,OUTPUT_SKIN1_90_5.txt,1,0.431137011,0.471271279,0.471290017,0.471296259,0.471267532,0.471269411
330,INPUT_SKIN6_90_5.txt,OUTPUT_SKIN10_90_5.txt,1,0.042362003,0.051388981,0.051391021,0.051391702,0.051388573,0.051388777
331,INPUT_SKIN6_90_5.txt,OUTPUT_SKIN11_90_5.txt,1,0.105047211,0.123948152,0.124003949,0.124018051,0.124002536,0.124007873
332,INPUT_SKIN6_90_5.txt,OUTPUT_SKIN12_90_5.txt,1,0.02644978,0.020891275,0.020892104,0.02089238,0.020891109,0.020891192
333,INPUT_SKIN6_90_5.txt,OUTPUT_SKIN2_90_5.txt,1,0.106773037,0.108819665,0.108823988,0.108826702,0.108819118,0.108819549
334,INPUT_SKIN6_90_5.txt,OUTPUT_SKIN3_90_5.txt,1,0.080980281,0.095825655,0.095835948,0.095836136,0.095832191,0.095828788
335,INPUT_SKIN6_90_5.txt,OUTPUT_SKIN4_90_5.txt,1,0.111486853,0.107155592,0.107162677,0.107162169,0.107161686,0.107156069
336,INPUT_SKIN6_90_5.txt,OUTPUT_SKIN5_90_5.txt,1,0.429872562,0.442287198,0.442227381,0.442209093,0.442275009,0.442238787
337,INPUT_SKIN6_90_5.txt,OUTPUT_SKIN6_90_5.txt,1,-504110,-378048,-378033,-378028,-378051,-378049.5
338,INPUT_SKIN6_90_5.txt,OUTPUT_SKIN7_90_5.txt,1,0.726250303,0.74818112,0.748147569,0.748265677,0.74828568,0.748087709
339,INPUT_SKIN6_90_5.txt,OUTPUT_SKIN8_90_5.txt,1,0.334506777,0.33487044,0.33450697,0.33481167,0.334706975,0.334607747
340,INPUT_SKIN6_90_5.txt,OUTPUT_SKIN9_90_5.txt,1,0.184360558,0.211782393,0.211783704,0.211789078,0.211779424,0.211773178
341,INPUT_SKIN7_90_5.txt,OUTPUT_BM1_90_5.txt,1,4.244144486,4.314247699,4.317469311,4.314595432,4.315927745,4.31333917
342,INPUT_SKIN7_90_5.txt,OUTPUT_BM2_90_5.txt,1,7.171450421,6.759739954,6.760945772,6.759662906,6.759176093,6.760756231
343,INPUT_SKIN7_90_5.txt,OUTPUT_GUT_90_5.txt,1,7.89643666,7.442645452,7.442919478,7.442359143,7.442542051,7.442710848
344,INPUT_SKIN7_90_5.txt,OUTPUT_L_90_5.txt,1,5.718612652,5.5822859,5.582850341,5.582416104,5.582213082,5.582752657
345,INPUT_SKIN7_90_5.txt,OUTPUT_LN1_90_5.txt,1,4.231037391,3.981531275,3.983556407,3.979985223,3.981315218,3.982864685
346,INPUT_SKIN7_90_5.txt,OUTPUT_LN2_90_5.txt,1,0.065205824,0.090754753,0.090761422,0.090736917,0.090745225,0.090741815
347,INPUT_SKIN7_90_5.txt,OUTPUT_LUNG_90_5.txt,1,2.227078049,2.480263243,2.481928581,2.480607248,2.480772975,2.480830607
348,INPUT_SKIN7_90_5.txt,OUTPUT_S_90_5.txt,1,6.363664742,6.01494913,6.015591792,6.01511318,6.014908186,6.015444749
349,INPUT_SKIN7_90_5.txt,OUTPUT_SKIN1_90_5.txt,1,0.604004257,0.763182652,0.763213788,0.763154904,0.763121011,0.76322407
350,INPUT_SKIN7_90_5.txt,OUTPUT_SKIN10_90_5.txt,1,0.255659188,0.319462691,0.319475594,0.319451082,0.319436747,0.319479984
351,INPUT_SKIN7_90_5.txt,OUTPUT_SKIN11_90_5.txt,1,0.147894986,0.192843587,0.192929222,0.192933639,0.192912724,0.192946283
352,INPUT_SKIN7_90_5.txt,OUTPUT_SKIN12_90_5.txt,1,0.076283016,0.056346678,0.056348904,0.056344618,0.056342079,0.056349695
353,INPUT_SKIN7_90_5.txt,OUTPUT_SKIN2_90_5.txt,1,0.16183953,0.178996194,0.179003281,0.178991731,0.178982081,0.179006322
354,INPUT_SKIN7_90_5.txt,OUTPUT_SKIN3_90_5.txt,1,0.16995624,0.138836806,0.138851777,0.138839618,0.138836137,0.138849395
355,INPUT_SKIN7_90_5.txt,OUTPUT_SKIN4_90_5.txt,1,0.078629698,0.100538015,0.100544636,0.100537468,0.100536312,0.100546526
356,INPUT_SKIN7_90_5.txt,OUTPUT_SKIN5_90_5.txt,1,215.9378892,204.9191076,204.9169651,204.9274664,204.9467708,204.9091803
357,INPUT_SKIN7_90_5.txt,OUTPUT_SKIN6_90_5.txt,1,0.056318205,30.13744022,30.13568197,30.13365644,30.13610753,30.13904719
358,INPUT_SKIN7_90_5.txt,OUTPUT_SKIN7_90_5.txt,1,-710118,-532903.5,-532882.5,-532923,-532947,-532875
359,INPUT_SKIN7_90_5.txt,OUTPUT_SKIN8_90_5.txt,1,0.901534031,2.117251069,2.118612071,2.117197107,2.117656665,2.118030053
360,INPUT_SKIN7_90_5.txt,OUTPUT_SKIN9_90_5.txt,1,0.574786354,0.454462148,0.454470313,0.454435864,0.454422378,0.454473926
361,INPUT_SKIN8_90_5.txt,OUTPUT_BM1_90_5.txt,1,10.26956481,10.24921235,10.24694403,10.24844466,10.2488856,10.24892761
362,INPUT_SKIN8_90_5.txt,OUTPUT_BM2_90_5.txt,1,10.59986301,10.58041296,10.57887346,10.57951522,10.5786697,10.57954015
363,INPUT_SKIN8_90_5.txt,OUTPUT_GUT_90_5.txt,1,11.82185865,11.79709481,11.79456046,11.79592106,11.79643318,11.79500435
364,INPUT_SKIN8_90_5.txt,OUTPUT_L_90_5.txt,1,9.401080083,9.382852664,9.380914958,9.382417447,9.382145958,9.381236346
365,INPUT_SKIN8_90_5.txt,OUTPUT_LN1_90_5.txt,1,84.36813918,84.77392808,84.77572785,84.78449719,84.82004076,84.79748245
366,INPUT_SKIN8_90_5.txt,OUTPUT_LN2_90_5.txt,1,45.96864016,45.97168816,45.96856303,45.9602308,45.96976471,45.9551136
367,INPUT_SKIN8_90_5.txt,OUTPUT_LUNG_90_5.txt,1,282.2037121,282.9422826,282.5722314,282.7392148,282.7135482,282.7148562
368,INPUT_SKIN8_90_5.txt,OUTPUT_S_90_5.txt,1,9.464994542,9.444584323,9.442552844,9.444166395,9.443780759,9.443173266
369,INPUT_SKIN8_90_5.txt,OUTPUT_SKIN1_90_5.txt,1,54.36344574,53.90724744,53.88954033,53.90340672,53.89971158,53.89359587
370,INPUT_SKIN8_90_5.txt,OUTPUT_SKIN10_90_5.txt,1,37.69797335,37.23377933,37.22326885,37.23143168,37.23068019,37.2257047
371,INPUT_SKIN8_90_5.txt,OUTPUT_SKIN11_90_5.txt,1,94.72965549,94.59855806,94.5514855,94.59403011,94.52968325,94.57565359
372,INPUT_SKIN8_90_5.txt,OUTPUT_SKIN12_90_5.txt,1,18.58649007,19.49399814,19.48900603,19.49297068,19.49201605,19.49038794
373,INPUT_SKIN8_90_5.txt,OUTPUT_SKIN2_90_5.txt,1,56.74742633,56.43721657,56.41746518,56.43381534,56.4294784,56.42330047
374,INPUT_SKIN8_90_5.txt,OUTPUT_SKIN3_90_5.txt,1,39.87296413,39.95026461,39.94349055,39.94951997,39.9491417,39.94536446
375,INPUT_SKIN8_90_5.txt,OUTPUT_SKIN4_90_5.txt,1,16.78593574,17.10350901,17.09950934,17.1028514,17.10249168,17.10062935
376,INPUT_SKIN8_90_5.txt,OUTPUT_SKIN5_90_5.txt,1,114.8731598,115.2028238,115.1763771,115.2156743,115.1899414,115.1835742
377,INPUT_SKIN8_90_5.txt,OUTPUT_SKIN6_90_5.txt,1,41.73001339,41.71051386,41.69584375,41.7055113,41.70600638,41.70155644
378,INPUT_SKIN8_90_5.txt,OUTPUT_SKIN7_90_5.txt,1,268.6682053,271.6916587,271.5413164,271.6178656,271.5398294,271.6123605
379,INPUT_SKIN8_90_5.txt,OUTPUT_SKIN8_90_5.txt,1,-981716.5,-738145.5,-738301,-738177.5,-738207,-738259.5
380,INPUT_SKIN8_90_5.txt,OUTPUT_SKIN9_90_5.txt,1,81.64970781,81.80412304,81.77544729,81.79808403,81.79266118,81.78321038
381,INPUT_SKIN9_90_5.txt,OUTPUT_BM1_90_5.txt,1,2.909255825,2.789464564,2.791773169,2.789810674,2.790819593,2.788299999
382,INPUT_SKIN9_90_5.txt,OUTPUT_BM2_90_5.txt,1,3.598291753,3.507682628,3.507216468,3.507999789,3.508242189,3.50725174
383,INPUT_SKIN9_90_5.txt,OUTPUT_GUT_90_5.txt,1,6.139881912,5.961816156,5.961449449,5.961490098,5.961811993,5.96144075
384,INPUT_SKIN9_90_5.txt,OUTPUT_L_90_5.txt,1,4.694515355,4.576283652,4.576342836,4.576330767,4.576308558,4.576322453
385,INPUT_SKIN9_90_5.txt,OUTPUT_LN1_90_5.txt,1,0.684634297,0.819812351,0.820199457,0.819523835,0.819817938,0.820046252
386,INPUT_SKIN9_90_5.txt,OUTPUT_LN2_90_5.txt,1,0.100595104,0.108773876,0.108737889,0.108757013,0.108730364,0.108753307
387,INPUT_SKIN9_90_5.txt,OUTPUT_LUNG_90_5.txt,1,0.818445872,1.001347842,1.001996669,1.001627785,1.001702144,1.001630081
388,INPUT_SKIN9_90_5.txt,OUTPUT_S_90_5.txt,1,4.390929912,4.195562823,4.195608414,4.195608221,4.195575794,4.195621385
389,INPUT_SKIN9_90_5.txt,OUTPUT_SKIN1_90_5.txt,1,0.658514195,0.663622685,0.663629796,0.663629803,0.663624719,0.66363183
390,INPUT_SKIN9_90_5.txt,OUTPUT_SKIN10_90_5.txt,1,0.083710962,0.064463354,0.064464045,0.064464045,0.064463551,0.064464242
391,INPUT_SKIN9_90_5.txt,OUTPUT_SKIN11_90_5.txt,1,0.145302713,0.178680792,0.17875486,0.178772535,0.17875987,0.178768673
392,INPUT_SKIN9_90_5.txt,OUTPUT_SKIN12_90_5.txt,1,0.097036705,0.096617204,0.09661824,0.09661824,0.0966175,0.096618536
393,INPUT_SKIN9_90_5.txt,OUTPUT_SKIN2_90_5.txt,1,0.02998838,0.80909417,0.809102908,0.809112946,0.809099176,0.809107914
394,INPUT_SKIN9_90_5.txt,OUTPUT_SKIN3_90_5.txt,1,0.073127255,0.069291902,0.069297435,0.069296636,0.069297507,0.069295454
395,INPUT_SKIN9_90_5.txt,OUTPUT_SKIN4_90_5.txt,1,0.084555138,0.103392916,0.103396905,0.10339044,0.103400301,0.103390757
396,INPUT_SKIN9_90_5.txt,OUTPUT_SKIN5_90_5.txt,1,0.44932842,0.464561928,0.464511031,0.464466049,0.464583822,0.464516551
397,INPUT_SKIN9_90_5.txt,OUTPUT_SKIN6_90_5.txt,1,0.056938486,0.066757654,0.066752986,0.066751193,0.066758934,0.066759112
398,INPUT_SKIN9_90_5.txt,OUTPUT_SKIN7_90_5.txt,1,1.034660655,1.04570251,1.045618282,1.045784597,1.045865098,1.045598104
399,INPUT_SKIN9_90_5.txt,OUTPUT_SKIN8_90_5.txt,1,0.488922273,0.418165109,0.418386903,0.418204562,0.418241875,0.418325061
400,INPUT_SKIN9_90_5.txt,OUTPUT_SKIN9_90_5.txt,1,-435753,-326953.5,-326950,-326950,-326952.5,-326949
401,INPUT_BM1_90_5.txt,OUTPUT_BM1_90_5.txt,2,-951201,-712936,-713200,-713400,-713392.5,-713163
402,INPUT_BM1_90_5.txt,OUTPUT_BM2_90_5.txt,2,129.8298093,138.3018853,138.1617394,138.1641869,138.1823933,138.228197
403,INPUT_BM1_90_5.txt,OUTPUT_GUT_90_5.txt,2,NA,NA,NA,NA,NA,NA
404,INPUT_BM1_90_5.txt,OUTPUT_L_90_5.txt,2,24.0608955,16.86278098,16.8559982,16.84217452,16.84811367,16.84727159
405,INPUT_BM1_90_5.txt,OUTPUT_LN1_90_5.txt,2,0.045663873,0.050639989,0.050628489,0.050612449,0.050617751,0.050631484
406,INPUT_BM1_90_5.txt,OUTPUT_LN2_90_5.txt,2,0.070900764,0.068055218,0.068022067,0.067995425,0.06800029,0.068033327
407,INPUT_BM1_90_5.txt,OUTPUT_LUNG_90_5.txt,2,0.081307395,0.100781882,0.10071412,0.100654226,0.100715243,0.100796693
408,INPUT_BM1_90_5.txt,OUTPUT_S_90_5.txt,2,34.44193136,29.83365524,29.82372789,29.82720442,29.81359988,29.80986518
409,INPUT_BM1_90_5.txt,OUTPUT_SKIN1_90_5.txt,2,0.030661354,0.030668301,0.030656932,0.030648327,0.030648649,0.030658529
410,INPUT_BM1_90_5.txt,OUTPUT_SKIN10_90_5.txt,2,0.12935261,0.065716901,0.065691378,0.065636186,0.065674956,0.065662708
411,INPUT_BM1_90_5.txt,OUTPUT_SKIN11_90_5.txt,2,0.082507006,0.252854395,0.252738287,0.252567011,0.252653715,0.252718397
412,INPUT_BM1_90_5.txt,OUTPUT_SKIN12_90_5.txt,2,0.152626658,0.131367494,0.131299061,0.131256983,0.13125326,0.131274159
413,INPUT_BM1_90_5.txt,OUTPUT_SKIN2_90_5.txt,2,0.009846031,0.011632276,0.011628087,0.011624625,0.011624428,0.011630806
414,INPUT_BM1_90_5.txt,OUTPUT_SKIN3_90_5.txt,2,0.026777978,0.076631273,0.076602214,0.076580947,0.076582055,0.076606813
415,INPUT_BM1_90_5.txt,OUTPUT_SKIN4_90_5.txt,2,0.112330875,0.11345387,0.113446575,0.113345037,0.113318117,0.113386095
416,INPUT_BM1_90_5.txt,OUTPUT_SKIN5_90_5.txt,2,0.130827381,0.138347804,0.138321676,0.138260065,0.138280973,0.138320978
417,INPUT_BM1_90_5.txt,OUTPUT_SKIN6_90_5.txt,2,1.074709047,1.013763832,1.013377276,1.013084161,1.013095084,1.013432901
418,INPUT_BM1_90_5.txt,OUTPUT_SKIN7_90_5.txt,2,0.111940794,0.121446888,0.121439599,0.121444103,0.1214589,0.121409963
419,INPUT_BM1_90_5.txt,OUTPUT_SKIN8_90_5.txt,2,0.072489359,0.079579037,0.079549455,0.079528168,0.079529007,0.079554728
420,INPUT_BM1_90_5.txt,OUTPUT_SKIN9_90_5.txt,2,0.093931793,0.093093487,0.093076459,0.09303624,0.093037477,0.093064055
421,INPUT_BM2_90_5.txt,OUTPUT_BM1_90_5.txt,2,955.6192163,902.3357802,903.8866422,904.476961,904.3214619,903.4993934
422,INPUT_BM2_90_5.txt,OUTPUT_BM2_90_5.txt,2,-673829,-505959.5,-505784.5,-505851.5,-505886,-505882
423,INPUT_BM2_90_5.txt,OUTPUT_GUT_90_5.txt,2,NA,NA,NA,NA,NA,NA
424,INPUT_BM2_90_5.txt,OUTPUT_L_90_5.txt,2,168.9911648,128.8767239,128.9186813,128.8267929,128.8630666,128.815972
425,INPUT_BM2_90_5.txt,OUTPUT_LN1_90_5.txt,2,0.059663888,0.065314229,0.065345625,0.065334777,0.065336085,0.065333329
426,INPUT_BM2_90_5.txt,OUTPUT_LN2_90_5.txt,2,0.151290185,0.166589009,0.166628815,0.166587994,0.166586311,0.166614578
427,INPUT_BM2_90_5.txt,OUTPUT_LUNG_90_5.txt,2,0.603704263,0.464060931,0.46408137,0.463873836,0.46411864,0.464348343
428,INPUT_BM2_90_5.txt,OUTPUT_S_90_5.txt,2,325.5159912,220.1051478,220.171527,220.2262174,220.1154229,220.028467
429,INPUT_BM2_90_5.txt,OUTPUT_SKIN1_90_5.txt,2,0.008886661,0.008098165,0.008100968,0.008099895,0.008099342,0.008099406
430,INPUT_BM2_90_5.txt,OUTPUT_SKIN10_90_5.txt,2,0.397072533,0.386630893,0.386763315,0.386519704,0.386687696,0.386514996
431,INPUT_BM2_90_5.txt,OUTPUT_SKIN11_90_5.txt,2,0.12968726,0.364363551,0.364265331,0.364098142,0.364176959,0.364163269
432,INPUT_BM2_90_5.txt,OUTPUT_SKIN12_90_5.txt,2,0.329477297,0.322769119,0.322840002,0.322782598,0.32274904,0.322704572
433,INPUT_BM2_90_5.txt,OUTPUT_SKIN2_90_5.txt,2,0.05690901,0.062901475,0.062923959,0.062914483,0.062908386,0.062923713
434,INPUT_BM2_90_5.txt,OUTPUT_SKIN3_90_5.txt,2,0.054556641,0.226684805,0.226762209,0.226732755,0.22671798,0.226719785
435,INPUT_BM2_90_5.txt,OUTPUT_SKIN4_90_5.txt,2,0.265802972,0.216377216,0.216515697,0.216361121,0.216295427,0.216353635
436,INPUT_BM2_90_5.txt,OUTPUT_SKIN5_90_5.txt,2,0.288823218,0.29296383,0.293068958,0.293024472,0.292994173,0.292998336
437,INPUT_BM2_90_5.txt,OUTPUT_SKIN6_90_5.txt,2,0.780790757,0.726869014,0.727124665,0.727026766,0.726976365,0.726982208
438,INPUT_BM2_90_5.txt,OUTPUT_SKIN7_90_5.txt,2,0.189347538,0.181809504,0.181919061,0.181949213,0.181961084,0.181841289
439,INPUT_BM2_90_5.txt,OUTPUT_SKIN8_90_5.txt,2,0.319782544,0.321003955,0.321116198,0.321082387,0.321060258,0.321062824
440,INPUT_BM2_90_5.txt,OUTPUT_SKIN9_90_5.txt,2,0.267889986,0.260535145,0.260673385,0.260600879,0.260583457,0.260576207
441,INPUT_GUT_90_5.txt,OUTPUT_BM1_90_5.txt,2,NA,NA,NA,NA,NA,NA
442,INPUT_GUT_90_5.txt,OUTPUT_BM2_90_5.txt,2,NA,NA,NA,NA,NA,NA
443,INPUT_GUT_90_5.txt,OUTPUT_GUT_90_5.txt,2,NA,NA,NA,NA,NA,NA
444,INPUT_GUT_90_5.txt,OUTPUT_L_90_5.txt,2,NA,NA,NA,NA,NA,NA
445,INPUT_GUT_90_5.txt,OUTPUT_LN1_90_5.txt,2,NA,NA,NA,NA,NA,NA
446,INPUT_GUT_90_5.txt,OUTPUT_LN2_90_5.txt,2,NA,NA,NA,NA,NA,NA
447,INPUT_GUT_90_5.txt,OUTPUT_LUNG_90_5.txt,2,NA,NA,NA,NA,NA,NA
448,INPUT_GUT_90_5.txt,OUTPUT_S_90_5.txt,2,NA,NA,NA,NA,NA,NA
449,INPUT_GUT_90_5.txt,OUTPUT_SKIN1_90_5.txt,2,NA,NA,NA,NA,NA,NA
450,INPUT_GUT_90_5.txt,OUTPUT_SKIN10_90_5.txt,2,NA,NA,NA,NA,NA,NA
451,INPUT_GUT_90_5.txt,OUTPUT_SKIN11_90_5.txt,2,NA,NA,NA,NA,NA,NA
452,INPUT_GUT_90_5.txt,OUTPUT_SKIN12_90_5.txt,2,NA,NA,NA,NA,NA,NA
453,INPUT_GUT_90_5.txt,OUTPUT_SKIN2_90_5.txt,2,NA,NA,NA,NA,NA,NA
454,INPUT_GUT_90_5.txt,OUTPUT_SKIN3_90_5.txt,2,NA,NA,NA,NA,NA,NA
455,INPUT_GUT_90_5.txt,OUTPUT_SKIN4_90_5.txt,2,NA,NA,NA,NA,NA,NA
456,INPUT_GUT_90_5.txt,OUTPUT_SKIN5_90_5.txt,2,NA,NA,NA,NA,NA,NA
457,INPUT_GUT_90_5.txt,OUTPUT_SKIN6_90_5.txt,2,NA,NA,NA,NA,NA,NA
458,INPUT_GUT_90_5.txt,OUTPUT_SKIN7_90_5.txt,2,NA,NA,NA,NA,NA,NA
459,INPUT_GUT_90_5.txt,OUTPUT_SKIN8_90_5.txt,2,NA,NA,NA,NA,NA,NA
460,INPUT_GUT_90_5.txt,OUTPUT_SKIN9_90_5.txt,2,NA,NA,NA,NA,NA,NA
461,INPUT_L_90_5.txt,OUTPUT_BM1_90_5.txt,2,1355.28046,1283.349841,1284.802774,1286.461929,1286.055773,1285.179868
462,INPUT_L_90_5.txt,OUTPUT_BM2_90_5.txt,2,1649.926782,1544.122067,1541.694331,1541.949423,1542.017975,1543.880984
463,INPUT_L_90_5.txt,OUTPUT_GUT_90_5.txt,2,NA,NA,NA,NA,NA,NA
464,INPUT_L_90_5.txt,OUTPUT_L_90_5.txt,2,-1239363,-930365.5,-930348,-930093.5,-930253.5,-930082
465,INPUT_L_90_5.txt,OUTPUT_LN1_90_5.txt,2,0.065796832,0.070698282,0.070709232,0.070726238,0.070720285,0.070730025
466,INPUT_L_90_5.txt,OUTPUT_LN2_90_5.txt,2,0.076435444,0.064791796,0.064785772,0.064796636,0.064789279,0.064811409
467,INPUT_L_90_5.txt,OUTPUT_LUNG_90_5.txt,2,0.66820184,0.642099958,0.641917839,0.641891819,0.642163808,0.642595272
468,INPUT_L_90_5.txt,OUTPUT_S_90_5.txt,2,1218.036376,1142.461394,1142.525503,1142.511277,1142.408762,1142.115713
469,INPUT_L_90_5.txt,OUTPUT_SKIN1_90_5.txt,2,0.004488507,0.005234669,0.005234767,0.0052362,0.005235299,0.005236264
470,INPUT_L_90_5.txt,OUTPUT_SKIN10_90_5.txt,2,1.455301558,1.371805035,1.371759182,1.371046148,1.372005746,1.37127437
471,INPUT_L_90_5.txt,OUTPUT_SKIN11_90_5.txt,2,0.374712921,0.532467443,0.532484832,0.532419861,0.53250532,0.532566864
472,INPUT_L_90_5.txt,OUTPUT_SKIN12_90_5.txt,2,0.338284557,0.354572064,0.35453769,0.354626258,0.354566028,0.354577043
473,INPUT_L_90_5.txt,OUTPUT_SKIN2_90_5.txt,2,0.01322641,0.016230816,0.016231286,0.016235454,0.016232219,0.016238856
474,INPUT_L_90_5.txt,OUTPUT_SKIN3_90_5.txt,2,0.091724643,0.236461159,0.23646374,0.236530112,0.236490164,0.236534095
475,INPUT_L_90_5.txt,OUTPUT_SKIN4_90_5.txt,2,0.149418509,0.130733029,0.130772586,0.130734594,0.13068214,0.130739605
476,INPUT_L_90_5.txt,OUTPUT_SKIN5_90_5.txt,2,0.247030776,0.237635117,0.237640028,0.237703114,0.23766155,0.237707208
477,INPUT_L_90_5.txt,OUTPUT_SKIN6_90_5.txt,2,4.472815616,4.206986704,4.207048659,4.208336408,4.207563219,4.208417505
478,INPUT_L_90_5.txt,OUTPUT_SKIN7_90_5.txt,2,0.117505783,0.137776259,0.137814716,0.13789576,0.137891655,0.137818123
479,INPUT_L_90_5.txt,OUTPUT_SKIN8_90_5.txt,2,0.258513547,0.244708319,0.244712757,0.244808803,0.244766441,0.244812053
480,INPUT_L_90_5.txt,OUTPUT_SKIN9_90_5.txt,2,0.247618957,0.263152399,0.263203503,0.263239461,0.263193762,0.263234687
481,INPUT_LN1_90_5.txt,OUTPUT_BM1_90_5.txt,2,11.70458495,11.2591733,11.2597096,11.26093578,11.26092658,11.25987536
482,INPUT_LN1_90_5.txt,OUTPUT_BM2_90_5.txt,2,12.48541506,11.77761125,11.77526461,11.77564676,11.77598313,11.7762641
483,INPUT_LN1_90_5.txt,OUTPUT_GUT_90_5.txt,2,NA,NA,NA,NA,NA,NA
484,INPUT_LN1_90_5.txt,OUTPUT_L_90_5.txt,2,9.031524428,10.20514734,10.20405067,10.20252828,10.20349007,10.20277958
485,INPUT_LN1_90_5.txt,OUTPUT_LN1_90_5.txt,2,-564324.5,-422784,-422812.5,-422805.5,-422824,-422813.5
486,INPUT_LN1_90_5.txt,OUTPUT_LN2_90_5.txt,2,0.502725773,1.597309669,1.597017906,1.596873209,1.596898144,1.597190985
487,INPUT_LN1_90_5.txt,OUTPUT_LUNG_90_5.txt,2,0.611115765,0.777747742,0.777470914,0.777250898,0.777658386,0.778036848
488,INPUT_LN1_90_5.txt,OUTPUT_S_90_5.txt,2,8.378040813,7.103487021,7.102910845,7.104249951,7.102533747,7.101241348
489,INPUT_LN1_90_5.txt,OUTPUT_SKIN1_90_5.txt,2,0.066247388,0.07317933,0.073174392,0.073175604,0.0731724,0.073174219
490,INPUT_LN1_90_5.txt,OUTPUT_SKIN10_90_5.txt,2,40.87212082,39.84676296,39.84143362,39.81199649,39.84134544,39.81517745
491,INPUT_LN1_90_5.txt,OUTPUT_SKIN11_90_5.txt,2,0.669401242,0.679762986,0.679748405,0.679493332,0.679686048,0.679655162
492,INPUT_LN1_90_5.txt,OUTPUT_SKIN12_90_5.txt,2,1.011129914,1.202755178,1.202508592,1.202451804,1.202352056,1.202197997
493,INPUT_LN1_90_5.txt,OUTPUT_SKIN2_90_5.txt,2,23.69423683,23.10766596,23.10551415,23.10619857,23.10526792,23.10333066
494,INPUT_LN1_90_5.txt,OUTPUT_SKIN3_90_5.txt,2,0.182088389,0.19927349,0.199258477,0.19926255,0.199254587,0.199259548
495,INPUT_LN1_90_5.txt,OUTPUT_SKIN4_90_5.txt,2,17.64980706,17.19468847,17.19230694,17.1945444,17.19445457,17.19410358
496,INPUT_LN1_90_5.txt,OUTPUT_SKIN5_90_5.txt,2,1.133194444,1.414599147,1.414475314,1.414504224,1.414371546,1.414428508
497,INPUT_LN1_90_5.txt,OUTPUT_SKIN6_90_5.txt,2,47.1054653,45.76318425,45.75694774,45.75704276,45.75643467,45.75823281
498,INPUT_LN1_90_5.txt,OUTPUT_SKIN7_90_5.txt,2,0.817153435,0.820473461,0.820618711,0.820903438,0.820973944,0.820437957
499,INPUT_LN1_90_5.txt,OUTPUT_SKIN8_90_5.txt,2,3.12366459,37.20696793,37.20681777,37.20716264,37.20498818,37.20660421
500,INPUT_LN1_90_5.txt,OUTPUT_SKIN9_90_5.txt,2,1.086490117,1.60086408,1.601056835,1.600842692,1.600773607,1.600755672
501,INPUT_LN2_90_5.txt,OUTPUT_BM1_90_5.txt,2,7.831025962,9.36339676,9.368778526,9.372732638,9.372546191,9.367854662
502,INPUT_LN2_90_5.txt,OUTPUT_BM2_90_5.txt,2,24.24284058,26.81932011,26.81322322,26.81257324,26.81464986,26.81769939
503,INPUT_LN2_90_5.txt,OUTPUT_GUT_90_5.txt,2,NA,NA,NA,NA,NA,NA
504,INPUT_LN2_90_5.txt,OUTPUT_L_90_5.txt,2,12.37050209,14.2312936,14.23089289,14.22599262,14.22906985,14.22619716
505,INPUT_LN2_90_5.txt,OUTPUT_LN1_90_5.txt,2,0.215070028,0.203953636,0.204002356,0.204006763,0.204005734,0.20399241
506,INPUT_LN2_90_5.txt,OUTPUT_LN2_90_5.txt,2,-477289,-358049,-358029,-358010,-358020.5,-358048.5
507,INPUT_LN2_90_5.txt,OUTPUT_LUNG_90_5.txt,2,46.78835939,44.38867622,44.38507725,44.38068007,44.38067049,44.38655912
508,INPUT_LN2_90_5.txt,OUTPUT_S_90_5.txt,2,19.36072305,20.95610562,20.9552455,20.95720212,20.95396154,20.95208544
509,INPUT_LN2_90_5.txt,OUTPUT_SKIN1_90_5.txt,2,4.14660644,3.839418743,3.839642589,3.839855855,3.839738168,3.83942414
510,INPUT_LN2_90_5.txt,OUTPUT_SKIN10_90_5.txt,2,1.81696774,1.688729875,1.688668484,1.686805153,1.688937767,1.687057961
511,INPUT_LN2_90_5.txt,OUTPUT_SKIN11_90_5.txt,2,0.666157977,0.737933812,0.738008468,0.737755318,0.737977337,0.73786781
512,INPUT_LN2_90_5.txt,OUTPUT_SKIN12_90_5.txt,2,0.754121774,0.862259184,0.862192474,0.862209864,0.862158514,0.861930558
513,INPUT_LN2_90_5.txt,OUTPUT_SKIN2_90_5.txt,2,0.206308666,0.258844405,0.258861521,0.258870988,0.258856405,0.258893351
514,INPUT_LN2_90_5.txt,OUTPUT_SKIN3_90_5.txt,2,0.213605806,0.244661168,0.244672943,0.244686955,0.244680614,0.244661419
515,INPUT_LN2_90_5.txt,OUTPUT_SKIN4_90_5.txt,2,1.394724194,1.296948798,1.29738048,1.296735558,1.296404065,1.2966229
516,INPUT_LN2_90_5.txt,OUTPUT_SKIN5_90_5.txt,2,0.901611497,0.848074123,0.848241341,0.848189568,0.84825264,0.848149435
517,INPUT_LN2_90_5.txt,OUTPUT_SKIN6_90_5.txt,2,8.777062481,8.095764563,8.096148237,8.096549655,8.096317943,8.095749863
518,INPUT_LN2_90_5.txt,OUTPUT_SKIN7_90_5.txt,2,0.382440304,0.28551335,0.285604045,0.285714815,0.285737976,0.285524443
519,INPUT_LN2_90_5.txt,OUTPUT_SKIN8_90_5.txt,2,0.441718689,0.452566024,0.452591399,0.45262686,0.452613454,0.452577835
520,INPUT_LN2_90_5.txt,OUTPUT_SKIN9_90_5.txt,2,0.572492405,0.487619331,0.487738824,0.487691853,0.487678435,0.487621496
521,INPUT_LUNG_90_5.txt,OUTPUT_BM1_90_5.txt,2,5.587214222,5.254181849,5.260069666,5.263852207,5.262200369,5.256299288
522,INPUT_LUNG_90_5.txt,OUTPUT_BM2_90_5.txt,2,13.4303357,11.89903013,11.89270489,11.89755315,11.89577661,11.89284842
523,INPUT_LUNG_90_5.txt,OUTPUT_GUT_90_5.txt,2,NA,NA,NA,NA,NA,NA
524,INPUT_LUNG_90_5.txt,OUTPUT_L_90_5.txt,2,9.112131769,8.609037556,8.610711383,8.607323834,8.607729003,8.601873107
525,INPUT_LUNG_90_5.txt,OUTPUT_LN1_90_5.txt,2,0.072033802,0.074802477,0.07482081,0.074832735,0.074796581,0.074793336
526,INPUT_LUNG_90_5.txt,OUTPUT_LN2_90_5.txt,2,0.12739243,0.122021806,0.122025417,0.122031213,0.122002274,0.121993085
527,INPUT_LUNG_90_5.txt,OUTPUT_LUNG_90_5.txt,2,-441502.5,-330934,-330884,-330832,-330930.5,-331011
528,INPUT_LUNG_90_5.txt,OUTPUT_S_90_5.txt,2,5.572140888,5.057805277,5.058594324,5.061318177,5.057444128,5.054076643
529,INPUT_LUNG_90_5.txt,OUTPUT_SKIN1_90_5.txt,2,0.066453963,0.070954737,0.070965481,0.070976659,0.070955489,0.070938196
530,INPUT_LUNG_90_5.txt,OUTPUT_SKIN10_90_5.txt,2,0.159232313,0.148529483,0.148551258,0.148504839,0.148530793,0.148430262
531,INPUT_LUNG_90_5.txt,OUTPUT_SKIN11_90_5.txt,2,0.17736239,0.210780084,0.210804457,0.210755197,0.210760932,0.210695465
532,INPUT_LUNG_90_5.txt,OUTPUT_SKIN12_90_5.txt,2,0.192387313,0.189454626,0.189500406,0.189532341,0.189480988,0.189454756
533,INPUT_LUNG_90_5.txt,OUTPUT_SKIN2_90_5.txt,2,0.013761192,0.016393518,0.016396135,0.016398482,0.016393227,0.016392298
534,INPUT_LUNG_90_5.txt,OUTPUT_SKIN3_90_5.txt,2,0.0647519,0.072956168,0.072966938,0.072978574,0.072956941,0.072939157
535,INPUT_LUNG_90_5.txt,OUTPUT_SKIN4_90_5.txt,2,0.101444477,0.100704152,0.100714534,0.100740139,0.100713988,0.100685056
536,INPUT_LUNG_90_5.txt,OUTPUT_SKIN5_90_5.txt,2,0.19795381,0.19803857,0.198060378,0.198098323,0.198036676,0.197990534
537,INPUT_LUNG_90_5.txt,OUTPUT_SKIN6_90_5.txt,2,0.485419845,0.476427203,0.47649993,0.47657559,0.476432294,0.476315248
538,INPUT_LUNG_90_5.txt,OUTPUT_SKIN7_90_5.txt,2,0.150130179,0.154688803,0.154710834,0.154765989,0.154720158,0.154649423
539,INPUT_LUNG_90_5.txt,OUTPUT_SKIN8_90_5.txt,2,0.090203084,0.100523145,0.100538385,0.100554475,0.100524448,0.100499922
540,INPUT_LUNG_90_5.txt,OUTPUT_SKIN9_90_5.txt,2,0.18887231,0.189574242,0.18960498,0.189633253,0.189573723,0.189530783
541,INPUT_S_90_5.txt,OUTPUT_BM1_90_5.txt,2,191.4665242,182.7301092,183.0460979,183.1230332,183.1775544,182.9298507
542,INPUT_S_90_5.txt,OUTPUT_BM2_90_5.txt,2,163.7043171,234.1814497,234.0056263,234.0198437,234.1192682,234.1739197
543,INPUT_S_90_5.txt,OUTPUT_GUT_90_5.txt,2,NA,NA,NA,NA,NA,NA
544,INPUT_S_90_5.txt,OUTPUT_L_90_5.txt,2,375.5505994,408.1490801,408.295692,407.8840401,408.2039237,407.985117
545,INPUT_S_90_5.txt,OUTPUT_LN1_90_5.txt,2,0.099832139,0.11391647,0.11393588,0.11390978,0.113942689,0.113966556
546,INPUT_S_90_5.txt,OUTPUT_LN2_90_5.txt,2,0.158245427,0.160319956,0.160300567,0.160251511,0.160300014,0.160361202
547,INPUT_S_90_5.txt,OUTPUT_LUNG_90_5.txt,2,64.28425062,60.30218452,60.28135281,60.24595391,60.30373614,60.3524672
548,INPUT_S_90_5.txt,OUTPUT_S_90_5.txt,2,-451516.5,-338464,-338465.5,-338531.5,-338450,-338376.5
549,INPUT_S_90_5.txt,OUTPUT_SKIN1_90_5.txt,2,0.004834957,0.006959739,0.006959708,0.006958351,0.006960027,0.006961539
550,INPUT_S_90_5.txt,OUTPUT_SKIN10_90_5.txt,2,0.955330281,0.892504369,0.892495275,0.891886478,0.89254095,0.892346498
551,INPUT_S_90_5.txt,OUTPUT_SKIN11_90_5.txt,2,0.226178028,0.766992061,0.766962949,0.766502577,0.766948118,0.76706411
552,INPUT_S_90_5.txt,OUTPUT_SKIN12_90_5.txt,2,0.432863337,0.425358713,0.425363582,0.425276632,0.42539187,0.425493057
553,INPUT_S_90_5.txt,OUTPUT_SKIN2_90_5.txt,2,0.097997009,0.104737344,0.104737598,0.104715906,0.104739295,0.104777953
554,INPUT_S_90_5.txt,OUTPUT_SKIN3_90_5.txt,2,0.073719262,0.273626352,0.273623439,0.273570449,0.273637774,0.273697756
555,INPUT_S_90_5.txt,OUTPUT_SKIN4_90_5.txt,2,0.263367166,0.257845573,0.257852324,0.257785863,0.257842067,0.257905661
556,INPUT_S_90_5.txt,OUTPUT_SKIN5_90_5.txt,2,0.399687102,0.411960546,0.41193693,0.411871477,0.411958909,0.412055943
557,INPUT_S_90_5.txt,OUTPUT_SKIN6_90_5.txt,2,4.727153508,4.397193674,4.39717215,4.396225294,4.397394576,4.398449614
558,INPUT_S_90_5.txt,OUTPUT_SKIN7_90_5.txt,2,0.242094554,0.25249741,0.25252643,0.252568957,0.252648799,0.252559656
559,INPUT_S_90_5.txt,OUTPUT_SKIN8_90_5.txt,2,0.329581824,0.338281156,0.33827964,0.338225838,0.338308223,0.338382556
560,INPUT_S_90_5.txt,OUTPUT_SKIN9_90_5.txt,2,0.373634862,0.366232211,0.366279629,0.366167553,0.366250443,0.366331416
561,INPUT_SKIN1_90_5.txt,OUTPUT_BM1_90_5.txt,2,5.683826894,5.999651153,6.002407158,6.004551953,6.004473597,6.002023423
562,INPUT_SKIN1_90_5.txt,OUTPUT_BM2_90_5.txt,2,6.879317714,7.363616947,7.360960544,7.361977677,7.362501371,7.362440655
563,INPUT_SKIN1_90_5.txt,OUTPUT_GUT_90_5.txt,2,NA,NA,NA,NA,NA,NA
564,INPUT_SKIN1_90_5.txt,OUTPUT_L_90_5.txt,2,3.578071062,3.798869349,3.798776664,3.797192587,3.798175465,3.797106081
565,INPUT_SKIN1_90_5.txt,OUTPUT_LN1_90_5.txt,2,0.073145806,0.075592762,0.075579,0.075579742,0.075581595,0.075580705
566,INPUT_SKIN1_90_5.txt,OUTPUT_LN2_90_5.txt,2,0.098450241,0.10575961,0.105746809,0.105735245,0.105741696,0.105759391
567,INPUT_SKIN1_90_5.txt,OUTPUT_LUNG_90_5.txt,2,0.361470127,0.321515825,0.32142053,0.321321437,0.321509154,0.321662605
568,INPUT_SKIN1_90_5.txt,OUTPUT_S_90_5.txt,2,2.266675632,2.536906606,2.536925326,2.537749043,2.536731885,2.535814636
569,INPUT_SKIN1_90_5.txt,OUTPUT_SKIN1_90_5.txt,2,-537363,-403210,-403210,-403210,-403210,-403210
570,INPUT_SKIN1_90_5.txt,OUTPUT_SKIN10_90_5.txt,2,0.314594234,0.320540701,0.320541626,0.320411276,0.320538813,0.320417988
571,INPUT_SKIN1_90_5.txt,OUTPUT_SKIN11_90_5.txt,2,0.296065741,0.292579986,0.292566838,0.292454338,0.292547708,0.292529096
572,INPUT_SKIN1_90_5.txt,OUTPUT_SKIN12_90_5.txt,2,0.358856388,0.377913459,0.377837062,0.377850189,0.377815075,0.377737092
573,INPUT_SKIN1_90_5.txt,OUTPUT_SKIN2_90_5.txt,2,0.0247218,0.022346302,0.022346534,0.022346148,0.022345532,0.022350617
574,INPUT_SKIN1_90_5.txt,OUTPUT_SKIN3_90_5.txt,2,0.128540094,0.120711893,0.120711866,0.12071188,0.120711893,0.120711893
575,INPUT_SKIN1_90_5.txt,OUTPUT_SKIN4_90_5.txt,2,0.208148375,0.198027461,0.198091366,0.197964042,0.197912552,0.197969764
576,INPUT_SKIN1_90_5.txt,OUTPUT_SKIN5_90_5.txt,2,0.268458641,0.27569356,0.275683137,0.275688104,0.275660305,0.27567161
577,INPUT_SKIN1_90_5.txt,OUTPUT_SKIN6_90_5.txt,2,0.367486377,0.342896488,0.342896488,0.342896488,0.342896488,0.342896488
578,INPUT_SKIN1_90_5.txt,OUTPUT_SKIN7_90_5.txt,2,0.228374709,0.211071118,0.211130607,0.211087592,0.211116234,0.211085804
579,INPUT_SKIN1_90_5.txt,OUTPUT_SKIN8_90_5.txt,2,0.159460215,0.180786259,0.180786259,0.180787828,0.180787828,0.180787828
580,INPUT_SKIN1_90_5.txt,OUTPUT_SKIN9_90_5.txt,2,0.332346992,0.342127943,0.342193593,0.342135458,0.342138522,0.342123044
581,INPUT_SKIN10_90_5.txt,OUTPUT_BM1_90_5.txt,2,2.503327482,2.920576731,2.922062914,2.92108344,2.92311082,2.919924766
582,INPUT_SKIN10_90_5.txt,OUTPUT_BM2_90_5.txt,2,5.724748272,5.916934711,5.915787981,5.906221657,5.916558095,5.907450747
583,INPUT_SKIN10_90_5.txt,OUTPUT_GUT_90_5.txt,2,NA,NA,NA,NA,NA,NA
584,INPUT_SKIN10_90_5.txt,OUTPUT_L_90_5.txt,2,2.864826465,3.200188147,3.200096692,3.196534245,3.19979015,3.196736649
585,INPUT_SKIN10_90_5.txt,OUTPUT_LN1_90_5.txt,2,0.09711798,0.104117192,0.104092755,0.104116675,0.104087077,0.104115813
586,INPUT_SKIN10_90_5.txt,OUTPUT_LN2_90_5.txt,2,0.127793658,0.125594939,0.125579657,0.125590896,0.125574219,0.125617836
587,INPUT_SKIN10_90_5.txt,OUTPUT_LUNG_90_5.txt,2,0.475324398,0.577845919,0.577680949,0.577537013,0.577836258,0.578121963
588,INPUT_SKIN10_90_5.txt,OUTPUT_S_90_5.txt,2,4.738097588,4.949293752,4.949159111,4.942848375,4.949166705,4.942040876
589,INPUT_SKIN10_90_5.txt,OUTPUT_SKIN1_90_5.txt,2,0.005915057,0.005102008,0.005102001,0.005103034,0.005102023,0.005102981
590,INPUT_SKIN10_90_5.txt,OUTPUT_SKIN10_90_5.txt,2,-450642,-338237.5,-338238,-338169.5,-338236.5,-338173
591,INPUT_SKIN10_90_5.txt,OUTPUT_SKIN11_90_5.txt,2,0.680258809,0.716157822,0.716049568,0.715892313,0.716014029,0.71606341
592,INPUT_SKIN10_90_5.txt,OUTPUT_SKIN12_90_5.txt,2,0.764480154,0.863106517,0.862972034,0.86317941,0.862971085,0.862933029
593,INPUT_SKIN10_90_5.txt,OUTPUT_SKIN2_90_5.txt,2,0.029456081,0.020364244,0.020364425,0.020368198,0.020363602,0.020372063
594,INPUT_SKIN10_90_5.txt,OUTPUT_SKIN3_90_5.txt,2,0.079308993,0.086792044,0.086791237,0.086809061,0.086792301,0.086808511
595,INPUT_SKIN10_90_5.txt,OUTPUT_SKIN4_90_5.txt,2,0.372002381,0.339591724,0.339701183,0.339550132,0.339394975,0.339556549
596,INPUT_SKIN10_90_5.txt,OUTPUT_SKIN5_90_5.txt,2,0.336321272,0.355501238,0.35548914,0.355564429,0.355463972,0.35554654
597,INPUT_SKIN10_90_5.txt,OUTPUT_SKIN6_90_5.txt,2,0.771194975,0.765476566,0.765474583,0.765583136,0.765478842,0.765579974
598,INPUT_SKIN10_90_5.txt,OUTPUT_SKIN7_90_5.txt,2,0.303115553,0.289250929,0.289333472,0.289483987,0.289468816,0.289322046
599,INPUT_SKIN10_90_5.txt,OUTPUT_SKIN8_90_5.txt,2,0.236612518,0.243750091,0.243749725,0.24380328,0.243755453,0.243800797
600,INPUT_SKIN10_90_5.txt,OUTPUT_SKIN9_90_5.txt,2,0.525399056,0.56002772,0.560133564,0.560163444,0.560053207,0.560137293
601,INPUT_SKIN11_90_5.txt,OUTPUT_BM1_90_5.txt,2,13.62959735,12.88688982,12.89869866,12.90544219,12.9042815,12.8932254
602,INPUT_SKIN11_90_5.txt,OUTPUT_BM2_90_5.txt,2,26.64834611,26.10006211,26.08922178,26.09185071,26.09456914,26.0942528
603,INPUT_SKIN11_90_5.txt,OUTPUT_GUT_90_5.txt,2,NA,NA,NA,NA,NA,NA
604,INPUT_SKIN11_90_5.txt,OUTPUT_L_90_5.txt,2,13.53932574,12.94921949,12.94940892,12.94503605,12.9475692,12.9430684
605,INPUT_SKIN11_90_5.txt,OUTPUT_LN1_90_5.txt,2,0.23179077,0.239235139,0.239263353,0.239317358,0.239171886,0.239286779
606,INPUT_SKIN11_90_5.txt,OUTPUT_LN2_90_5.txt,2,0.35416749,0.334181173,0.334131713,0.334162516,0.334126719,0.334195635
607,INPUT_SKIN11_90_5.txt,OUTPUT_LUNG_90_5.txt,2,0.576232493,0.748759552,0.748518279,0.748430243,0.748750145,0.749136332
608,INPUT_SKIN11_90_5.txt,OUTPUT_S_90_5.txt,2,26.14578384,24.11802346,24.11701018,24.1215124,24.11564278,24.10979243
609,INPUT_SKIN11_90_5.txt,OUTPUT_SKIN1_90_5.txt,2,1.43679043,1.500690815,1.500656809,1.500962362,1.500707374,1.500762263
610,INPUT_SKIN11_90_5.txt,OUTPUT_SKIN10_90_5.txt,2,0.730921482,0.95582413,0.95580503,0.955602489,0.955829233,0.955496707
611,INPUT_SKIN11_90_5.txt,OUTPUT_SKIN11_90_5.txt,2,-466601,-349698,-349706,-349636.5,-349694.5,-349682
612,INPUT_SKIN11_90_5.txt,OUTPUT_SKIN12_90_5.txt,2,1.441406675,1.446163505,1.445933394,1.446367973,1.446031775,1.445697088
613,INPUT_SKIN11_90_5.txt,OUTPUT_SKIN2_90_5.txt,2,0.052910245,0.025013804,0.02501349,0.025018034,0.025013193,0.025019778
614,INPUT_SKIN11_90_5.txt,OUTPUT_SKIN3_90_5.txt,2,0.837362237,0.70483548,0.704813876,0.704958504,0.704842909,0.704868373
615,INPUT_SKIN11_90_5.txt,OUTPUT_SKIN4_90_5.txt,2,0.417602775,0.419444777,0.419569189,0.419386278,0.419208221,0.419343259
616,INPUT_SKIN11_90_5.txt,OUTPUT_SKIN5_90_5.txt,2,1.040842936,1.045921349,1.045848694,1.046080366,1.045819396,1.045916929
617,INPUT_SKIN11_90_5.txt,OUTPUT_SKIN6_90_5.txt,2,26.68406117,26.37063455,26.36976487,26.3751928,26.37066927,26.37164977
618,INPUT_SKIN11_90_5.txt,OUTPUT_SKIN7_90_5.txt,2,0.541289051,0.527662402,0.527797675,0.528066233,0.528059928,0.527728661
619,INPUT_SKIN11_90_5.txt,OUTPUT_SKIN8_90_5.txt,2,0.639222919,0.688336346,0.688320696,0.688459313,0.688343643,0.688368547
620,INPUT_SKIN11_90_5.txt,OUTPUT_SKIN9_90_5.txt,2,1.250646628,1.278286876,1.278487901,1.278568945,1.278355973,1.278353348
621,INPUT_SKIN12_90_5.txt,OUTPUT_BM1_90_5.txt,2,4.629193412,4.412454515,4.412544293,4.412529546,4.41262907,4.413231073
622,INPUT_SKIN12_90_5.txt,OUTPUT_BM2_90_5.txt,2,4.575066862,4.375147256,4.375691629,4.375737804,4.375788208,4.376169873
623,INPUT_SKIN12_90_5.txt,OUTPUT_GUT_90_5.txt,2,NA,NA,NA,NA,NA,NA
624,INPUT_SKIN12_90_5.txt,OUTPUT_L_90_5.txt,2,4.464484311,4.265109751,4.265407693,4.265635203,4.265679578,4.266115249
625,INPUT_SKIN12_90_5.txt,OUTPUT_LN1_90_5.txt,2,0.175581956,0.235983296,0.236032229,0.236030875,0.236056843,0.236064792
626,INPUT_SKIN12_90_5.txt,OUTPUT_LN2_90_5.txt,2,0.486927393,0.600295943,0.600273795,0.600231602,0.600277817,0.600417625
627,INPUT_SKIN12_90_5.txt,OUTPUT_LUNG_90_5.txt,2,0.306808878,0.198584228,0.198541078,0.198487843,0.198604732,0.198713056
628,INPUT_SKIN12_90_5.txt,OUTPUT_S_90_5.txt,2,4.497828117,4.290820506,4.291136109,4.291159875,4.29139019,4.291877832
629,INPUT_SKIN12_90_5.txt,OUTPUT_SKIN1_90_5.txt,2,0.018956489,0.014127052,0.014128057,0.014128509,0.014128793,0.014129932
630,INPUT_SKIN12_90_5.txt,OUTPUT_SKIN10_90_5.txt,2,83.71853506,80.25282074,80.2617911,80.27600514,80.26707135,80.28434006
631,INPUT_SKIN12_90_5.txt,OUTPUT_SKIN11_90_5.txt,2,1.134821419,0.982994863,0.983111104,0.98279542,0.983105578,0.983123059
632,INPUT_SKIN12_90_5.txt,OUTPUT_SKIN12_90_5.txt,2,-563027.5,-422068,-422038,-422024.5,-422016,-421982
633,INPUT_SKIN12_90_5.txt,OUTPUT_SKIN2_90_5.txt,2,0.068103918,0.043851239,0.043854807,0.04385545,0.043855126,0.043868637
634,INPUT_SKIN12_90_5.txt,OUTPUT_SKIN3_90_5.txt,2,0.508115409,0.43165837,0.431685921,0.431701449,0.431711965,0.431747016
635,INPUT_SKIN12_90_5.txt,OUTPUT_SKIN4_90_5.txt,2,44.24426905,42.77649812,42.7864312,42.76904318,42.76163401,42.76994585
636,INPUT_SKIN12_90_5.txt,OUTPUT_SKIN5_90_5.txt,2,2.273503911,2.566120275,2.566241844,2.566346453,2.566247834,2.566500062
637,INPUT_SKIN12_90_5.txt,OUTPUT_SKIN6_90_5.txt,2,16.8447019,16.0267511,16.02825123,16.02881207,16.02926833,16.03096568
638,INPUT_SKIN12_90_5.txt,OUTPUT_SKIN7_90_5.txt,2,2.508080049,3.008851384,3.00985984,3.011005845,3.011487817,3.009567858
639,INPUT_SKIN12_90_5.txt,OUTPUT_SKIN8_90_5.txt,2,12.90926517,11.34905861,11.34988954,11.35029399,11.35052722,11.35145924
640,INPUT_SKIN12_90_5.txt,OUTPUT_SKIN9_90_5.txt,2,4.364656603,4.892159627,4.893454338,4.892859936,4.892981206,4.893194294
641,INPUT_SKIN2_90_5.txt,OUTPUT_BM1_90_5.txt,2,6.004505995,5.529263966,5.532748213,5.53353339,5.533588644,5.529529964
642,INPUT_SKIN2_90_5.txt,OUTPUT_BM2_90_5.txt,2,5.549508554,5.435580584,5.434666343,5.435055617,5.435311202,5.434619861
643,INPUT_SKIN2_90_5.txt,OUTPUT_GUT_90_5.txt,2,NA,NA,NA,NA,NA,NA
644,INPUT_SKIN2_90_5.txt,OUTPUT_L_90_5.txt,2,4.926139127,4.55516461,4.555434544,4.554570266,4.555215232,4.553681649
645,INPUT_SKIN2_90_5.txt,OUTPUT_LN1_90_5.txt,2,0.105767935,0.114049189,0.114096636,0.114099564,0.114027895,0.114089092
646,INPUT_SKIN2_90_5.txt,OUTPUT_LN2_90_5.txt,2,0.13490711,0.147526024,0.147507101,0.14749232,0.147503229,0.147511294
647,INPUT_SKIN2_90_5.txt,OUTPUT_LUNG_90_5.txt,2,0.19551866,0.232755174,0.232685765,0.232616861,0.232754432,0.232837634
648,INPUT_SKIN2_90_5.txt,OUTPUT_S_90_5.txt,2,6.514379015,6.081435618,6.081408146,6.081773447,6.081485196,6.080383861
649,INPUT_SKIN2_90_5.txt,OUTPUT_SKIN1_90_5.txt,2,0.035640022,0.024889233,0.024889104,0.024889319,0.024889662,0.024886827
650,INPUT_SKIN2_90_5.txt,OUTPUT_SKIN10_90_5.txt,2,0.411238261,0.396443548,0.396442613,0.396285222,0.396448103,0.396253668
651,INPUT_SKIN2_90_5.txt,OUTPUT_SKIN11_90_5.txt,2,0.630906383,0.730619525,0.730491094,0.730236745,0.73046795,0.730339605
652,INPUT_SKIN2_90_5.txt,OUTPUT_SKIN12_90_5.txt,2,0.889761202,0.968388237,0.968230327,0.968470909,0.968440016,0.967902406
653,INPUT_SKIN2_90_5.txt,OUTPUT_SKIN2_90_5.txt,2,-386854,-289822.5,-289824,-289821.5,-289817.5,-289850.5
654,INPUT_SKIN2_90_5.txt,OUTPUT_SKIN3_90_5.txt,2,0.220776871,0.221926408,0.221923533,0.221926317,0.221930255,0.221904865
655,INPUT_SKIN2_90_5.txt,OUTPUT_SKIN4_90_5.txt,2,0.703154034,0.620097394,0.620295772,0.619899483,0.6197456,0.619855617
656,INPUT_SKIN2_90_5.txt,OUTPUT_SKIN5_90_5.txt,2,0.436414658,0.438658358,0.438638002,0.438649061,0.438608557,0.438579964
657,INPUT_SKIN2_90_5.txt,OUTPUT_SKIN6_90_5.txt,2,0.930741297,0.852862104,0.8528576,0.852865107,0.852877118,0.852778035
658,INPUT_SKIN2_90_5.txt,OUTPUT_SKIN7_90_5.txt,2,0.292574916,0.311473535,0.311559779,0.311664891,0.31171638,0.311483441
659,INPUT_SKIN2_90_5.txt,OUTPUT_SKIN8_90_5.txt,2,0.39439968,0.374322774,0.374320827,0.374330737,0.374335928,0.374293103
660,INPUT_SKIN2_90_5.txt,OUTPUT_SKIN9_90_5.txt,2,0.604519995,0.651231774,0.651354617,0.651260059,0.651271308,0.651170434
661,INPUT_SKIN3_90_5.txt,OUTPUT_BM1_90_5.txt,2,4.996020558,8.711593999,8.71432933,8.716282697,8.716189264,8.713854876
662,INPUT_SKIN3_90_5.txt,OUTPUT_BM2_90_5.txt,2,13.12312353,12.98627638,12.98552836,12.98580802,12.98593779,12.98591936
663,INPUT_SKIN3_90_5.txt,OUTPUT_GUT_90_5.txt,2,NA,NA,NA,NA,NA,NA
664,INPUT_SKIN3_90_5.txt,OUTPUT_L_90_5.txt,2,4.529468545,8.298221029,8.298142218,8.296196819,8.297405901,8.296072259
665,INPUT_SKIN3_90_5.txt,OUTPUT_LN1_90_5.txt,2,0.127214341,0.138665466,0.138592838,0.138599355,0.138602528,0.138597629
666,INPUT_SKIN3_90_5.txt,OUTPUT_LN2_90_5.txt,2,0.110634148,0.135132306,0.135117288,0.135102263,0.135110155,0.135131913
667,INPUT_SKIN3_90_5.txt,OUTPUT_LUNG_90_5.txt,2,0.443367805,0.555090782,0.554931162,0.554761819,0.555079456,0.555339998
668,INPUT_SKIN3_90_5.txt,OUTPUT_S_90_5.txt,2,12.0932463,11.37984701,11.37991638,11.38073505,11.37966797,11.3787277
669,INPUT_SKIN3_90_5.txt,OUTPUT_SKIN1_90_5.txt,2,0.041895959,0.03033408,0.030334199,0.03033414,0.03033408,0.03033408
670,INPUT_SKIN3_90_5.txt,OUTPUT_SKIN10_90_5.txt,2,1.046499265,0.931539977,0.931546256,0.931162359,0.931534505,0.931180408
671,INPUT_SKIN3_90_5.txt,OUTPUT_SKIN11_90_5.txt,2,0.767875689,0.822588703,0.822461269,0.822157905,0.822411694,0.822360573
672,INPUT_SKIN3_90_5.txt,OUTPUT_SKIN12_90_5.txt,2,1.208155932,1.20272934,1.202527386,1.202560008,1.202522773,1.202250045
673,INPUT_SKIN3_90_5.txt,OUTPUT_SKIN2_90_5.txt,2,0.058867931,0.050928734,0.050929459,0.050928483,0.050926981,0.050938552
674,INPUT_SKIN3_90_5.txt,OUTPUT_SKIN3_90_5.txt,2,-342168,-256302,-256301,-256301.5,-256302,-256302
675,INPUT_SKIN3_90_5.txt,OUTPUT_SKIN4_90_5.txt,2,6.966952685,7.243714926,7.24527386,7.242207408,7.240958668,7.242331216
676,INPUT_SKIN3_90_5.txt,OUTPUT_SKIN5_90_5.txt,2,0.603346442,0.763253741,0.763239373,0.763242715,0.76320341,0.763215944
677,INPUT_SKIN3_90_5.txt,OUTPUT_SKIN6_90_5.txt,2,69.6156872,66.59025191,66.59074934,66.59050063,66.59025191,66.59025191
678,INPUT_SKIN3_90_5.txt,OUTPUT_SKIN7_90_5.txt,2,0.397946826,0.590847558,0.59100006,0.591205702,0.591288266,0.5908705
679,INPUT_SKIN3_90_5.txt,OUTPUT_SKIN8_90_5.txt,2,0.334809469,0.320927488,0.320928746,0.320932594,0.320931965,0.320931965
680,INPUT_SKIN3_90_5.txt,OUTPUT_SKIN9_90_5.txt,2,0.744944069,0.72404559,0.724186842,0.724075619,0.724076124,0.72404814
681,INPUT_SKIN4_90_5.txt,OUTPUT_BM1_90_5.txt,2,2.914985715,2.807600261,2.80866337,2.810761094,2.811104844,2.809332626
682,INPUT_SKIN4_90_5.txt,OUTPUT_BM2_90_5.txt,2,3.510637313,4.087584684,4.085200927,4.087257022,4.088159868,4.087485131
683,INPUT_SKIN4_90_5.txt,OUTPUT_GUT_90_5.txt,2,NA,NA,NA,NA,NA,NA
684,INPUT_SKIN4_90_5.txt,OUTPUT_L_90_5.txt,2,2.989283685,2.626214369,2.625704888,2.625532452,2.62656274,2.625433887
685,INPUT_SKIN4_90_5.txt,OUTPUT_LN1_90_5.txt,2,0.050566164,0.055419821,0.055386216,0.05540635,0.055414898,0.055405177
686,INPUT_SKIN4_90_5.txt,OUTPUT_LN2_90_5.txt,2,0.077079648,0.064306863,0.064288222,0.064302058,0.064314388,0.064316137
687,INPUT_SKIN4_90_5.txt,OUTPUT_LUNG_90_5.txt,2,0.32286616,0.354063049,0.353901618,0.353909456,0.354160088,0.354274824
688,INPUT_SKIN4_90_5.txt,OUTPUT_S_90_5.txt,2,1.761487719,1.738659172,1.738380779,1.739519407,1.739064436,1.738181672
689,INPUT_SKIN4_90_5.txt,OUTPUT_SKIN1_90_5.txt,2,0.018718469,0.014691125,0.014688735,0.014693497,0.014695424,0.014693283
690,INPUT_SKIN4_90_5.txt,OUTPUT_SKIN10_90_5.txt,2,0.119486685,0.10232386,0.102307498,0.102299216,0.102353236,0.102299849
691,INPUT_SKIN4_90_5.txt,OUTPUT_SKIN11_90_5.txt,2,0.335189711,0.236398111,0.236347407,0.236332862,0.236440912,0.236390256
692,INPUT_SKIN4_90_5.txt,OUTPUT_SKIN12_90_5.txt,2,0.385236825,0.360513702,0.360398742,0.360510316,0.360543616,0.360417515
693,INPUT_SKIN4_90_5.txt,OUTPUT_SKIN2_90_5.txt,2,0.022150034,0.023217201,0.023213667,0.023220789,0.023223192,0.023225098
694,INPUT_SKIN4_90_5.txt,OUTPUT_SKIN3_90_5.txt,2,0.152005847,0.093394885,0.093378925,0.093409626,0.093422271,0.093408633
695,INPUT_SKIN4_90_5.txt,OUTPUT_SKIN4_90_5.txt,2,-549175,-412000,-412067,-411933.5,-411879.5,-411939.5
696,INPUT_SKIN4_90_5.txt,OUTPUT_SKIN5_90_5.txt,2,0.2333165,0.208436649,0.208395387,0.208464899,0.208471655,0.208454455
697,INPUT_SKIN4_90_5.txt,OUTPUT_SKIN6_90_5.txt,2,0.222148328,0.192370274,0.192338839,0.192401484,0.192426835,0.192398667
698,INPUT_SKIN4_90_5.txt,OUTPUT_SKIN7_90_5.txt,2,0.230519639,0.225005772,0.225032321,0.225184151,0.225245738,0.22505895
699,INPUT_SKIN4_90_5.txt,OUTPUT_SKIN8_90_5.txt,2,0.148039454,0.136916147,0.136893844,0.13693915,0.136957137,0.136937151
700,INPUT_SKIN4_90_5.txt,OUTPUT_SKIN9_90_5.txt,2,0.309280219,0.292688806,0.292626656,0.292739111,0.292791087,0.292731162
701,INPUT_SKIN5_90_5.txt,OUTPUT_BM1_90_5.txt,2,9.142463418,9.053228275,9.052450262,9.051842495,9.05210963,9.052968308
702,INPUT_SKIN5_90_5.txt,OUTPUT_BM2_90_5.txt,2,8.693031484,8.609801167,8.610257617,8.610051253,8.610184772,8.610383384
703,INPUT_SKIN5_90_5.txt,OUTPUT_GUT_90_5.txt,2,NA,NA,NA,NA,NA,NA
704,INPUT_SKIN5_90_5.txt,OUTPUT_L_90_5.txt,2,8.916715276,8.830546307,8.830524809,8.831005934,8.830960384,8.831463247
705,INPUT_SKIN5_90_5.txt,OUTPUT_LN1_90_5.txt,2,0.600713303,0.528051541,0.528161823,0.528142748,0.528169446,0.528172733
706,INPUT_SKIN5_90_5.txt,OUTPUT_LN2_90_5.txt,2,14.34796753,14.99276842,14.99211846,14.99154057,14.99231951,14.9931067
707,INPUT_SKIN5_90_5.txt,OUTPUT_LUNG_90_5.txt,2,9.931016291,9.816183923,9.81654795,9.816967993,9.816426869,9.815963865
708,INPUT_SKIN5_90_5.txt,OUTPUT_S_90_5.txt,2,8.446545287,8.365360456,8.365309331,8.365068972,8.365561871,8.36598387
709,INPUT_SKIN5_90_5.txt,OUTPUT_SKIN1_90_5.txt,2,0.111543591,0.097750661,0.097751693,0.097751436,0.097754022,0.097753248
710,INPUT_SKIN5_90_5.txt,OUTPUT_SKIN10_90_5.txt,2,80.32928085,79.92238932,79.92076722,79.88296575,79.91478345,79.88503728
711,INPUT_SKIN5_90_5.txt,OUTPUT_SKIN11_90_5.txt,2,3.667535037,2.531125271,2.531274602,2.530406241,2.531192766,2.531022055
712,INPUT_SKIN5_90_5.txt,OUTPUT_SKIN12_90_5.txt,2,272.4442273,272.5523182,272.5468991,272.5480714,272.5213291,272.5338784
713,INPUT_SKIN5_90_5.txt,OUTPUT_SKIN2_90_5.txt,2,0.196824518,0.207754606,0.207758998,0.207754818,0.207754353,0.207799905
714,INPUT_SKIN5_90_5.txt,OUTPUT_SKIN3_90_5.txt,2,82.29272382,80.62561611,80.62372258,80.62421569,80.62598433,80.62550636
715,INPUT_SKIN5_90_5.txt,OUTPUT_SKIN4_90_5.txt,2,36.47268978,36.30021442,36.30860609,36.29397255,36.28986968,36.29565374
716,INPUT_SKIN5_90_5.txt,OUTPUT_SKIN5_90_5.txt,2,-503772,-378084,-378080,-378081,-378071,-378074
717,INPUT_SKIN5_90_5.txt,OUTPUT_SKIN6_90_5.txt,2,33.39199095,32.94921444,32.94892753,32.94904823,32.9504324,32.95102376
718,INPUT_SKIN5_90_5.txt,OUTPUT_SKIN7_90_5.txt,2,17.94021181,16.95434209,16.95895121,16.96431517,16.96713272,16.95566353
719,INPUT_SKIN5_90_5.txt,OUTPUT_SKIN8_90_5.txt,2,94.84780181,93.85060031,93.843692,93.85024752,93.84116201,93.84366482
720,INPUT_SKIN5_90_5.txt,OUTPUT_SKIN9_90_5.txt,2,132.7819739,131.4091474,131.4165982,131.4113637,131.3974349,131.3964117
721,INPUT_SKIN6_90_5.txt,OUTPUT_BM1_90_5.txt,2,13.13124561,11.90706149,11.92146789,11.92645085,11.92626339,11.91273298
722,INPUT_SKIN6_90_5.txt,OUTPUT_BM2_90_5.txt,2,16.18452866,13.84156439,13.83492301,13.83746579,13.8387751,13.8386233
723,INPUT_SKIN6_90_5.txt,OUTPUT_GUT_90_5.txt,2,NA,NA,NA,NA,NA,NA
724,INPUT_SKIN6_90_5.txt,OUTPUT_L_90_5.txt,2,10.08895594,9.116079627,9.116772985,9.112777209,9.115297597,9.111628043
725,INPUT_SKIN6_90_5.txt,OUTPUT_LN1_90_5.txt,2,0.140980301,0.140241912,0.140284666,0.140286738,0.140215668,0.140288144
726,INPUT_SKIN6_90_5.txt,OUTPUT_LN2_90_5.txt,2,0.232255382,0.22457687,0.224548528,0.224523975,0.224537543,0.224576222
727,INPUT_SKIN6_90_5.txt,OUTPUT_LUNG_90_5.txt,2,0.587690625,0.750879973,0.750656335,0.750423786,0.750864317,0.751224436
728,INPUT_SKIN6_90_5.txt,OUTPUT_S_90_5.txt,2,5.509660341,4.820264638,4.820302692,4.821977132,4.819909478,4.818045017
729,INPUT_SKIN6_90_5.txt,OUTPUT_SKIN1_90_5.txt,2,0.055337165,0.054315152,0.054315152,0.054315152,0.054315152,0.054315152
730,INPUT_SKIN6_90_5.txt,OUTPUT_SKIN10_90_5.txt,2,0.460870601,0.420747215,0.420748382,0.42057608,0.420744752,0.420585064
731,INPUT_SKIN6_90_5.txt,OUTPUT_SKIN11_90_5.txt,2,1.079769455,1.096025023,1.095933186,1.095510175,1.095866185,1.095792838
732,INPUT_SKIN6_90_5.txt,OUTPUT_SKIN12_90_5.txt,2,1.200989072,1.191669271,1.191509454,1.19173535,1.191687126,1.191262292
733,INPUT_SKIN6_90_5.txt,OUTPUT_SKIN2_90_5.txt,2,0.106237203,0.091110686,0.091111617,0.091110066,0.091107584,0.091128062
734,INPUT_SKIN6_90_5.txt,OUTPUT_SKIN3_90_5.txt,2,0.498490555,0.535769658,0.535765517,0.535767588,0.535769658,0.535769658
735,INPUT_SKIN6_90_5.txt,OUTPUT_SKIN4_90_5.txt,2,0.872067108,0.857621607,0.857864908,0.857380134,0.857184059,0.857401921
736,INPUT_SKIN6_90_5.txt,OUTPUT_SKIN5_90_5.txt,2,0.758974039,0.769427567,0.769403222,0.769409811,0.769367643,0.76940906
737,INPUT_SKIN6_90_5.txt,OUTPUT_SKIN6_90_5.txt,2,-257860.5,-193686.5,-193686.5,-193686.5,-193686.5,-193686.5
738,INPUT_SKIN6_90_5.txt,OUTPUT_SKIN7_90_5.txt,2,0.438505724,0.445124928,0.445238083,0.445386437,0.445453491,0.445169618
739,INPUT_SKIN6_90_5.txt,OUTPUT_SKIN8_90_5.txt,2,0.512846815,0.550849644,0.550849644,0.550862794,0.550862794,0.550862794
740,INPUT_SKIN6_90_5.txt,OUTPUT_SKIN9_90_5.txt,2,1.054212464,0.955097634,0.955277087,0.955134556,0.955135316,0.955101504
741,INPUT_SKIN7_90_5.txt,OUTPUT_BM1_90_5.txt,2,4.772083571,4.774289635,4.774261234,4.77394411,4.773596231,4.774760004
742,INPUT_SKIN7_90_5.txt,OUTPUT_BM2_90_5.txt,2,5.792953243,5.6733616,5.672613211,5.67168202,5.671289908,5.673257967
743,INPUT_SKIN7_90_5.txt,OUTPUT_GUT_90_5.txt,2,NA,NA,NA,NA,NA,NA
744,INPUT_SKIN7_90_5.txt,OUTPUT_L_90_5.txt,2,5.23468212,5.176263424,5.175543096,5.174421251,5.17424533,5.175876261
745,INPUT_SKIN7_90_5.txt,OUTPUT_LN1_90_5.txt,2,0.697601597,0.455911803,0.455916942,0.455825895,0.45583426,0.455967525
746,INPUT_SKIN7_90_5.txt,OUTPUT_LN2_90_5.txt,2,1.175531846,0.87029995,0.870096283,0.869862717,0.869852657,0.870284058
747,INPUT_SKIN7_90_5.txt,OUTPUT_LUNG_90_5.txt,2,0.143402895,0.185573632,0.185496111,0.185408798,0.185503546,0.185654677
748,INPUT_SKIN7_90_5.txt,OUTPUT_S_90_5.txt,2,4.951772631,4.727297801,4.726691686,4.726204686,4.725521697,4.726838834
749,INPUT_SKIN7_90_5.txt,OUTPUT_SKIN1_90_5.txt,2,0.126098504,0.074723211,0.074713931,0.074701518,0.074696402,0.074722092
750,INPUT_SKIN7_90_5.txt,OUTPUT_SKIN10_90_5.txt,2,53.62091195,53.32117472,53.31493924,53.29146723,53.30130498,53.3043209
751,INPUT_SKIN7_90_5.txt,OUTPUT_SKIN11_90_5.txt,2,2.387625044,2.470782718,2.470594203,2.469416704,2.469895027,2.470600552
752,INPUT_SKIN7_90_5.txt,OUTPUT_SKIN12_90_5.txt,2,3.62122106,3.337971934,3.337101857,3.336357493,3.336000508,3.336578266
753,INPUT_SKIN7_90_5.txt,OUTPUT_SKIN2_90_5.txt,2,19.62391508,19.44364854,19.44300496,19.43751911,19.43655176,19.44672867
754,INPUT_SKIN7_90_5.txt,OUTPUT_SKIN3_90_5.txt,2,52.72587466,52.20919051,52.19802897,52.21505169,52.20959676,52.2075876
755,INPUT_SKIN7_90_5.txt,OUTPUT_SKIN4_90_5.txt,2,75.25189856,74.36231817,74.37380096,74.40358088,74.40353765,74.36543617
756,INPUT_SKIN7_90_5.txt,OUTPUT_SKIN5_90_5.txt,2,3.504440827,2.865981223,2.865566043,2.865102314,2.864759351,2.86578904
757,INPUT_SKIN7_90_5.txt,OUTPUT_SKIN6_90_5.txt,2,24.52247172,24.09482575,24.09055301,24.08783496,24.08565172,24.0940666
758,INPUT_SKIN7_90_5.txt,OUTPUT_SKIN7_90_5.txt,2,-642217,-481901,-481961,-482041,-482073,-481908
759,INPUT_SKIN7_90_5.txt,OUTPUT_SKIN8_90_5.txt,2,3.044247077,2.830888786,2.830539679,2.830054396,2.82986342,2.830849146
760,INPUT_SKIN7_90_5.txt,OUTPUT_SKIN9_90_5.txt,2,8.708368782,7.133375445,7.133877602,7.131628429,7.131195489,7.13329666
761,INPUT_SKIN8_90_5.txt,OUTPUT_BM1_90_5.txt,2,7.136943174,6.637333656,6.640854489,6.642935342,6.642856916,6.63970716
762,INPUT_SKIN8_90_5.txt,OUTPUT_BM2_90_5.txt,2,9.29844901,8.657399405,8.654926965,8.655871738,8.656359166,8.656302655
763,INPUT_SKIN8_90_5.txt,OUTPUT_GUT_90_5.txt,2,NA,NA,NA,NA,NA,NA
764,INPUT_SKIN8_90_5.txt,OUTPUT_L_90_5.txt,2,5.99218074,6.164035111,6.164030482,6.162054971,6.163303674,6.161833884
765,INPUT_SKIN8_90_5.txt,OUTPUT_LN1_90_5.txt,2,0.1182056,0.125301111,0.125338858,0.125334637,0.125325228,0.12533946
766,INPUT_SKIN8_90_5.txt,OUTPUT_LN2_90_5.txt,2,0.225117496,0.233616065,0.233587998,0.233562953,0.233576792,0.233615393
767,INPUT_SKIN8_90_5.txt,OUTPUT_LUNG_90_5.txt,2,0.187261142,3.108442434,3.107673516,3.106873586,3.108388334,3.109626331
768,INPUT_SKIN8_90_5.txt,OUTPUT_S_90_5.txt,2,3.918996207,3.778933214,3.778958015,3.780048837,3.778701334,3.777486082
769,INPUT_SKIN8_90_5.txt,OUTPUT_SKIN1_90_5.txt,2,0.018121063,0.015060688,0.015060688,0.015060688,0.015060688,0.015060688
770,INPUT_SKIN8_90_5.txt,OUTPUT_SKIN10_90_5.txt,2,0.237867094,0.210950639,0.210951261,0.210865693,0.210949392,0.210870069
771,INPUT_SKIN8_90_5.txt,OUTPUT_SKIN11_90_5.txt,2,0.572734075,0.62228922,0.62217738,0.621950797,0.62214285,0.622104757
772,INPUT_SKIN8_90_5.txt,OUTPUT_SKIN12_90_5.txt,2,1.267927612,1.313250736,1.313042526,1.313108021,1.31304587,1.312723404
773,INPUT_SKIN8_90_5.txt,OUTPUT_SKIN2_90_5.txt,2,0.079547643,0.074561374,0.074562145,0.07456086,0.074558803,0.074575771
774,INPUT_SKIN8_90_5.txt,OUTPUT_SKIN3_90_5.txt,2,0.21640883,0.182566919,0.182565499,0.182566209,0.182566919,0.182566919
775,INPUT_SKIN8_90_5.txt,OUTPUT_SKIN4_90_5.txt,2,0.559627071,0.573844154,0.574029643,0.573660115,0.573510661,0.573676722
776,INPUT_SKIN8_90_5.txt,OUTPUT_SKIN5_90_5.txt,2,0.532892962,0.537135589,0.537112783,0.537126276,0.53706243,0.537084843
777,INPUT_SKIN8_90_5.txt,OUTPUT_SKIN6_90_5.txt,2,0.542262465,0.526174459,0.526174459,0.526174452,0.526174452,0.526174452
778,INPUT_SKIN8_90_5.txt,OUTPUT_SKIN7_90_5.txt,2,0.450697484,0.440865668,0.440990752,0.441129141,0.441191055,0.440899016
779,INPUT_SKIN8_90_5.txt,OUTPUT_SKIN8_90_5.txt,2,-483313.5,-362738.5,-362738.5,-362738.5,-362738.5,-362738.5
780,INPUT_SKIN8_90_5.txt,OUTPUT_SKIN9_90_5.txt,2,0.937278531,0.923221982,0.923397642,0.923258233,0.923261139,0.923224985
781,INPUT_SKIN9_90_5.txt,OUTPUT_BM1_90_5.txt,2,2.875078203,2.186750412,2.187223984,2.187906611,2.187882205,2.187342577
782,INPUT_SKIN9_90_5.txt,OUTPUT_BM2_90_5.txt,2,4.038888568,3.724712277,3.724359135,3.724637955,3.724630042,3.724705884
783,INPUT_SKIN9_90_5.txt,OUTPUT_GUT_90_5.txt,2,NA,NA,NA,NA,NA,NA
784,INPUT_SKIN9_90_5.txt,OUTPUT_L_90_5.txt,2,3.266311928,2.570755031,2.570471842,2.570220695,2.570498583,2.57025679
785,INPUT_SKIN9_90_5.txt,OUTPUT_LN1_90_5.txt,2,0.32527507,0.394864607,0.394883757,0.394898739,0.394933533,0.394921291
786,INPUT_SKIN9_90_5.txt,OUTPUT_LN2_90_5.txt,2,0.386718237,0.306529486,0.306466979,0.306456973,0.3064742,0.306528068
787,INPUT_SKIN9_90_5.txt,OUTPUT_LUNG_90_5.txt,2,4.716814834,4.465223339,4.464981894,4.465512684,4.46513748,4.464931578
788,INPUT_SKIN9_90_5.txt,OUTPUT_S_90_5.txt,2,3.998461964,3.728298488,3.727945972,3.728203707,3.728221454,3.728320921
789,INPUT_SKIN9_90_5.txt,OUTPUT_SKIN1_90_5.txt,2,0.005235335,0.00265648,0.002656229,0.002656428,0.002656424,0.002656476
790,INPUT_SKIN9_90_5.txt,OUTPUT_SKIN10_90_5.txt,2,68.30601428,65.17635934,65.17567696,65.18245959,65.17420731,65.18092342
791,INPUT_SKIN9_90_5.txt,OUTPUT_SKIN11_90_5.txt,2,0.978189922,0.792068287,0.792030814,0.791807583,0.79204272,0.79200711
792,INPUT_SKIN9_90_5.txt,OUTPUT_SKIN12_90_5.txt,2,2.981654063,2.891162034,2.89047535,2.890504749,2.890385227,2.889973293
793,INPUT_SKIN9_90_5.txt,OUTPUT_SKIN2_90_5.txt,2,17.08817629,16.190441,16.19178062,16.19038595,16.18967753,16.19296119
794,INPUT_SKIN9_90_5.txt,OUTPUT_SKIN3_90_5.txt,2,0.534958034,0.36829836,0.368261098,0.368289782,0.368290484,0.368297798
795,INPUT_SKIN9_90_5.txt,OUTPUT_SKIN4_90_5.txt,2,46.54632889,44.47309696,44.4753318,44.46631353,44.46221339,44.46714365
796,INPUT_SKIN9_90_5.txt,OUTPUT_SKIN5_90_5.txt,2,0.942904748,0.777248916,0.777158252,0.777221059,0.777177551,0.777205431
797,INPUT_SKIN9_90_5.txt,OUTPUT_SKIN6_90_5.txt,2,16.2189581,15.32448081,15.32460628,15.32436819,15.32398975,15.3245182
798,INPUT_SKIN9_90_5.txt,OUTPUT_SKIN7_90_5.txt,2,0.834551195,1.002433934,1.002594632,1.003007164,1.003140866,1.002461766
799,INPUT_SKIN9_90_5.txt,OUTPUT_SKIN8_90_5.txt,2,74.99822957,71.03272099,71.04184503,71.03554789,71.03287119,71.03517024
800,INPUT_SKIN9_90_5.txt,OUTPUT_SKIN9_90_5.txt,2,-407986,-306176,-306205,-306182,-306182.5,-306176.5
801,INPUT_BM1_90_5.txt,OUTPUT_BM1_90_5.txt,3,-651990,-489119,-489316,-489430.5,-489377.5,-489249.5
802,INPUT_BM1_90_5.txt,OUTPUT_BM2_90_5.txt,3,7.296595406,7.248339397,7.250676058,7.243692429,7.245250967,7.246897008
803,INPUT_BM1_90_5.txt,OUTPUT_GUT_90_5.txt,3,NA,NA,NA,NA,NA,NA
804,INPUT_BM1_90_5.txt,OUTPUT_L_90_5.txt,3,5.411939833,5.261337505,5.258827662,5.25685786,5.258578639,5.260783429
805,INPUT_BM1_90_5.txt,OUTPUT_LN1_90_5.txt,3,0.55875748,0.506442809,0.506237249,0.506117851,0.50617371,0.506307219
806,INPUT_BM1_90_5.txt,OUTPUT_LN2_90_5.txt,3,0.062074174,0.075963105,0.0759332,0.075917327,0.075900995,0.07594185
807,INPUT_BM1_90_5.txt,OUTPUT_LUNG_90_5.txt,3,446.7893324,405.5099567,405.688056,405.790986,405.7417991,405.6261005
808,INPUT_BM1_90_5.txt,OUTPUT_S_90_5.txt,3,NA,NA,NA,NA,NA,NA
809,INPUT_BM1_90_5.txt,OUTPUT_SKIN1_90_5.txt,3,0.023656415,0.020375544,0.020367326,0.020362563,0.020364766,0.020370104
810,INPUT_BM1_90_5.txt,OUTPUT_SKIN10_90_5.txt,3,0.009831113,0.011514385,0.011509747,0.011507054,0.0115083,0.011511313
811,INPUT_BM1_90_5.txt,OUTPUT_SKIN11_90_5.txt,3,0.027974683,0.021179047,0.021170923,0.02116583,0.021167305,0.021173871
812,INPUT_BM1_90_5.txt,OUTPUT_SKIN12_90_5.txt,3,0.046454251,0.081330502,0.081301963,0.081276714,0.081278926,0.081304258
813,INPUT_BM1_90_5.txt,OUTPUT_SKIN2_90_5.txt,3,0.165874025,0.13758549,0.137542532,0.13748194,0.13755722,0.137576862
814,INPUT_BM1_90_5.txt,OUTPUT_SKIN3_90_5.txt,3,0.015324756,0.02003819,0.020026628,0.020018129,0.020020542,0.020029515
815,INPUT_BM1_90_5.txt,OUTPUT_SKIN4_90_5.txt,3,0.063728426,0.068592922,0.068556296,0.068541163,0.068546903,0.068551422
816,INPUT_BM1_90_5.txt,OUTPUT_SKIN5_90_5.txt,3,0.072416267,0.070674677,0.070646133,0.070629554,0.070637227,0.070655766
817,INPUT_BM1_90_5.txt,OUTPUT_SKIN6_90_5.txt,3,0.044089521,0.045676801,0.04565722,0.045652301,0.045656909,0.045661367
818,INPUT_BM1_90_5.txt,OUTPUT_SKIN7_90_5.txt,3,0.034109558,0.02835015,0.028338637,0.028332087,0.028335508,0.028341728
819,INPUT_BM1_90_5.txt,OUTPUT_SKIN8_90_5.txt,3,0.026649419,0.038983223,0.038915017,0.038949725,0.038958928,0.038967024
820,INPUT_BM1_90_5.txt,OUTPUT_SKIN9_90_5.txt,3,0.014946223,0.01227887,0.012273924,0.012271051,0.012272381,0.012275593
821,INPUT_BM2_90_5.txt,OUTPUT_BM1_90_5.txt,3,0.891201094,0.862856868,0.863239533,0.863959645,0.863726104,0.863288652
822,INPUT_BM2_90_5.txt,OUTPUT_BM2_90_5.txt,3,-718976,-539931.5,-540127,-539929.5,-539958.5,-539949.5
823,INPUT_BM2_90_5.txt,OUTPUT_GUT_90_5.txt,3,NA,NA,NA,NA,NA,NA
824,INPUT_BM2_90_5.txt,OUTPUT_L_90_5.txt,3,20.9830769,24.05915157,24.04508874,24.05408756,24.05807277,24.05898065
825,INPUT_BM2_90_5.txt,OUTPUT_LN1_90_5.txt,3,1.230627895,1.213483546,1.213036817,1.213488117,1.213428569,1.213449141
826,INPUT_BM2_90_5.txt,OUTPUT_LN2_90_5.txt,3,0.123381438,0.119883442,0.119841327,0.119953109,0.119841909,0.119876298
827,INPUT_BM2_90_5.txt,OUTPUT_LUNG_90_5.txt,3,540.685622,540.794838,541.0152423,540.8024023,540.8282391,540.8137648
828,INPUT_BM2_90_5.txt,OUTPUT_S_90_5.txt,3,NA,NA,NA,NA,NA,NA
829,INPUT_BM2_90_5.txt,OUTPUT_SKIN1_90_5.txt,3,0.030404539,0.030758523,0.030747175,0.030758587,0.030756832,0.030757497
830,INPUT_BM2_90_5.txt,OUTPUT_SKIN10_90_5.txt,3,0.034306655,0.031348903,0.031337544,0.031349019,0.031347333,0.031347856
831,INPUT_BM2_90_5.txt,OUTPUT_SKIN11_90_5.txt,3,0.07625892,0.0643992,0.064376987,0.064400202,0.064394449,0.064398383
832,INPUT_BM2_90_5.txt,OUTPUT_SKIN12_90_5.txt,3,0.160449443,0.16243094,0.162377896,0.162428132,0.162409899,0.162418236
833,INPUT_BM2_90_5.txt,OUTPUT_SKIN2_90_5.txt,3,0.232595771,0.189531828,0.189481803,0.189517434,0.189588255,0.189565381
834,INPUT_BM2_90_5.txt,OUTPUT_SKIN3_90_5.txt,3,0.02175594,0.021429277,0.021417906,0.021421802,0.021420902,0.02142512
835,INPUT_BM2_90_5.txt,OUTPUT_SKIN4_90_5.txt,3,0.052329537,0.04347209,0.043450464,0.043466906,0.043463451,0.043455462
836,INPUT_BM2_90_5.txt,OUTPUT_SKIN5_90_5.txt,3,0.088229055,0.079756603,0.079727648,0.079756899,0.079752603,0.079753936
837,INPUT_BM2_90_5.txt,OUTPUT_SKIN6_90_5.txt,3,0.06889102,0.056126158,0.056104411,0.056129201,0.056125765,0.056120412
838,INPUT_BM2_90_5.txt,OUTPUT_SKIN7_90_5.txt,3,0.097603126,0.098760493,0.09872355,0.09876086,0.09875986,0.098746658
839,INPUT_BM2_90_5.txt,OUTPUT_SKIN8_90_5.txt,3,0.062592478,0.051461409,0.05138115,0.051451303,0.051454459,0.051453622
840,INPUT_BM2_90_5.txt,OUTPUT_SKIN9_90_5.txt,3,0.020820918,0.02420472,0.024195952,0.02420481,0.024203509,0.024203913
841,INPUT_GUT_90_5.txt,OUTPUT_BM1_90_5.txt,3,NA,NA,NA,NA,NA,NA
842,INPUT_GUT_90_5.txt,OUTPUT_BM2_90_5.txt,3,NA,NA,NA,NA,NA,NA
843,INPUT_GUT_90_5.txt,OUTPUT_GUT_90_5.txt,3,NA,NA,NA,NA,NA,NA
844,INPUT_GUT_90_5.txt,OUTPUT_L_90_5.txt,3,NA,NA,NA,NA,NA,NA
845,INPUT_GUT_90_5.txt,OUTPUT_LN1_90_5.txt,3,NA,NA,NA,NA,NA,NA
846,INPUT_GUT_90_5.txt,OUTPUT_LN2_90_5.txt,3,NA,NA,NA,NA,NA,NA
847,INPUT_GUT_90_5.txt,OUTPUT_LUNG_90_5.txt,3,NA,NA,NA,NA,NA,NA
848,INPUT_GUT_90_5.txt,OUTPUT_S_90_5.txt,3,NA,NA,NA,NA,NA,NA
849,INPUT_GUT_90_5.txt,OUTPUT_SKIN1_90_5.txt,3,NA,NA,NA,NA,NA,NA
850,INPUT_GUT_90_5.txt,OUTPUT_SKIN10_90_5.txt,3,NA,NA,NA,NA,NA,NA
851,INPUT_GUT_90_5.txt,OUTPUT_SKIN11_90_5.txt,3,NA,NA,NA,NA,NA,NA
852,INPUT_GUT_90_5.txt,OUTPUT_SKIN12_90_5.txt,3,NA,NA,NA,NA,NA,NA
853,INPUT_GUT_90_5.txt,OUTPUT_SKIN2_90_5.txt,3,NA,NA,NA,NA,NA,NA
854,INPUT_GUT_90_5.txt,OUTPUT_SKIN3_90_5.txt,3,NA,NA,NA,NA,NA,NA
855,INPUT_GUT_90_5.txt,OUTPUT_SKIN4_90_5.txt,3,NA,NA,NA,NA,NA,NA
856,INPUT_GUT_90_5.txt,OUTPUT_SKIN5_90_5.txt,3,NA,NA,NA,NA,NA,NA
857,INPUT_GUT_90_5.txt,OUTPUT_SKIN6_90_5.txt,3,NA,NA,NA,NA,NA,NA
858,INPUT_GUT_90_5.txt,OUTPUT_SKIN7_90_5.txt,3,NA,NA,NA,NA,NA,NA
859,INPUT_GUT_90_5.txt,OUTPUT_SKIN8_90_5.txt,3,NA,NA,NA,NA,NA,NA
860,INPUT_GUT_90_5.txt,OUTPUT_SKIN9_90_5.txt,3,NA,NA,NA,NA,NA,NA
861,INPUT_L_90_5.txt,OUTPUT_BM1_90_5.txt,3,120.5339863,116.2396543,116.3297505,116.3890908,116.3544697,116.2882764
862,INPUT_L_90_5.txt,OUTPUT_BM2_90_5.txt,3,1064.605769,1060.808012,1060.963648,1060.742689,1060.833675,1060.879175
863,INPUT_L_90_5.txt,OUTPUT_GUT_90_5.txt,3,NA,NA,NA,NA,NA,NA
864,INPUT_L_90_5.txt,OUTPUT_L_90_5.txt,3,-1194806.5,-896572,-896550.5,-896477.5,-896575,-896655.5
865,INPUT_L_90_5.txt,OUTPUT_LN1_90_5.txt,3,0.842338035,0.820411717,0.820431497,0.820499184,0.820410058,0.820335446
866,INPUT_L_90_5.txt,OUTPUT_LN2_90_5.txt,3,0.049645709,0.04688983,0.04689147,0.04692387,0.046875933,0.046884216
867,INPUT_L_90_5.txt,OUTPUT_LUNG_90_5.txt,3,382.1550447,372.8384269,372.832895,372.8010507,372.8421136,372.8760947
868,INPUT_L_90_5.txt,OUTPUT_S_90_5.txt,3,NA,NA,NA,NA,NA,NA
869,INPUT_L_90_5.txt,OUTPUT_SKIN1_90_5.txt,3,0.02928617,0.029663059,0.029663771,0.029666189,0.02966296,0.029660292
870,INPUT_L_90_5.txt,OUTPUT_SKIN10_90_5.txt,3,0.029497842,0.027618665,0.027619328,0.027621579,0.027618573,0.027616091
871,INPUT_L_90_5.txt,OUTPUT_SKIN11_90_5.txt,3,0.025671778,0.01471008,0.014710718,0.014711822,0.014709649,0.014709042
872,INPUT_L_90_5.txt,OUTPUT_SKIN12_90_5.txt,3,0.15140718,0.170041581,0.170044798,0.17005599,0.17003809,0.170021778
873,INPUT_L_90_5.txt,OUTPUT_SKIN2_90_5.txt,3,0.161112595,0.147278223,0.147297154,0.147274025,0.147332068,0.147298896
874,INPUT_L_90_5.txt,OUTPUT_SKIN3_90_5.txt,3,0.015152239,0.016376056,0.016373649,0.016371924,0.016370338,0.016371861
875,INPUT_L_90_5.txt,OUTPUT_SKIN4_90_5.txt,3,0.05667462,0.051479109,0.051473268,0.051478122,0.05147117,0.051456002
876,INPUT_L_90_5.txt,OUTPUT_SKIN5_90_5.txt,3,0.078212511,0.077232127,0.077233961,0.077240293,0.077231868,0.077224889
877,INPUT_L_90_5.txt,OUTPUT_SKIN6_90_5.txt,3,0.062633411,0.051071225,0.051071139,0.051081228,0.051075271,0.051062803
878,INPUT_L_90_5.txt,OUTPUT_SKIN7_90_5.txt,3,0.07469176,0.066225132,0.066225994,0.066232129,0.066227829,0.066211838
879,INPUT_L_90_5.txt,OUTPUT_SKIN8_90_5.txt,3,0.048673963,0.046591853,0.046536395,0.046587318,0.046587683,0.046581936
880,INPUT_L_90_5.txt,OUTPUT_SKIN9_90_5.txt,3,0.016449867,0.011817792,0.011818075,0.011819038,0.011817752,0.011816691
881,INPUT_LN1_90_5.txt,OUTPUT_BM1_90_5.txt,3,2.648023148,2.602399736,2.604439501,2.605625383,2.605079058,2.603753496
882,INPUT_LN1_90_5.txt,OUTPUT_BM2_90_5.txt,3,19.89735553,17.83285806,17.84331284,17.83275111,17.83442849,17.8339472
883,INPUT_LN1_90_5.txt,OUTPUT_GUT_90_5.txt,3,NA,NA,NA,NA,NA,NA
884,INPUT_LN1_90_5.txt,OUTPUT_L_90_5.txt,3,23.93962465,22.63980152,22.63890285,22.63608319,22.64011074,22.64322556
885,INPUT_LN1_90_5.txt,OUTPUT_LN1_90_5.txt,3,-78733.5,-58963,-58963,-58963,-58963,-58963
886,INPUT_LN1_90_5.txt,OUTPUT_LN2_90_5.txt,3,1.175595793,1.435616827,1.43563347,1.436555291,1.435175238,1.435577769
887,INPUT_LN1_90_5.txt,OUTPUT_LUNG_90_5.txt,3,77.4142653,76.29986715,76.30013882,76.30023114,76.30258651,76.30241235
888,INPUT_LN1_90_5.txt,OUTPUT_S_90_5.txt,3,NA,NA,NA,NA,NA,NA
889,INPUT_LN1_90_5.txt,OUTPUT_SKIN1_90_5.txt,3,0.436970191,0.438988788,0.438992139,0.438989626,0.438990953,0.43898844
890,INPUT_LN1_90_5.txt,OUTPUT_SKIN10_90_5.txt,3,0.126800075,0.155790068,0.155790068,0.155790068,0.155790049,0.155790049
891,INPUT_LN1_90_5.txt,OUTPUT_SKIN11_90_5.txt,3,3.188438721,3.162948562,3.162991637,3.162977279,3.162835887,3.162943565
892,INPUT_LN1_90_5.txt,OUTPUT_SKIN12_90_5.txt,3,1.793791822,2.164286104,2.164178229,2.164236734,2.164380004,2.164276862
893,INPUT_LN1_90_5.txt,OUTPUT_SKIN2_90_5.txt,3,5.173472469,5.407046436,5.407330253,5.407128429,5.407921538,5.407482247
894,INPUT_LN1_90_5.txt,OUTPUT_SKIN3_90_5.txt,3,0.151789119,0.176804304,0.176773142,0.176739084,0.176741218,0.176774551
895,INPUT_LN1_90_5.txt,OUTPUT_SKIN4_90_5.txt,3,0.37976104,0.452005703,0.451943096,0.451948913,0.451936673,0.451843422
896,INPUT_LN1_90_5.txt,OUTPUT_SKIN5_90_5.txt,3,0.992171358,1.1392933,1.1392933,1.1392933,1.139287873,1.139287873
897,INPUT_LN1_90_5.txt,OUTPUT_SKIN6_90_5.txt,3,0.743820617,1.109537536,1.109509778,1.109532484,1.109520999,1.109457346
898,INPUT_LN1_90_5.txt,OUTPUT_SKIN7_90_5.txt,3,0.406420411,0.4636185,0.463617976,0.4636185,0.46362047,0.463613249
899,INPUT_LN1_90_5.txt,OUTPUT_SKIN8_90_5.txt,3,0.359595147,0.393437195,0.39294746,0.393356105,0.393402686,0.393384921
900,INPUT_LN1_90_5.txt,OUTPUT_SKIN9_90_5.txt,3,0.340052094,0.391372711,0.391372711,0.391372711,0.391372476,0.391372476
901,INPUT_LN2_90_5.txt,OUTPUT_BM1_90_5.txt,3,0.490879744,0.468578619,0.468948283,0.469014505,0.469132199,0.468831371
902,INPUT_LN2_90_5.txt,OUTPUT_BM2_90_5.txt,3,1.865625929,1.49183713,1.492861504,1.491338318,1.492166467,1.491952183
903,INPUT_LN2_90_5.txt,OUTPUT_GUT_90_5.txt,3,NA,NA,NA,NA,NA,NA
904,INPUT_LN2_90_5.txt,OUTPUT_L_90_5.txt,3,5.504317767,4.30048653,4.300298264,4.298255051,4.300899915,4.301242629
905,INPUT_LN2_90_5.txt,OUTPUT_LN1_90_5.txt,3,2.773039324,2.467683137,2.46766966,2.466864574,2.468003956,2.467717323
906,INPUT_LN2_90_5.txt,OUTPUT_LN2_90_5.txt,3,-494293.5,-370611,-370613,-370731,-370557,-370606
907,INPUT_LN2_90_5.txt,OUTPUT_LUNG_90_5.txt,3,30.17563686,28.63541189,28.63608945,28.62490847,28.62666153,28.63578183
908,INPUT_LN2_90_5.txt,OUTPUT_S_90_5.txt,3,NA,NA,NA,NA,NA,NA
909,INPUT_LN2_90_5.txt,OUTPUT_SKIN1_90_5.txt,3,0.060139955,0.056002206,0.056001287,0.055983921,0.056009915,0.056002962
910,INPUT_LN2_90_5.txt,OUTPUT_SKIN10_90_5.txt,3,0.037495511,0.042340659,0.042340429,0.042326946,0.042346832,0.042341231
911,INPUT_LN2_90_5.txt,OUTPUT_SKIN11_90_5.txt,3,0.102667088,0.116315335,0.116316934,0.116279132,0.116329287,0.116319589
912,INPUT_LN2_90_5.txt,OUTPUT_SKIN12_90_5.txt,3,0.299502489,0.464597574,0.464570232,0.464435806,0.464689309,0.464605103
913,INPUT_LN2_90_5.txt,OUTPUT_SKIN2_90_5.txt,3,1.313774259,1.194163372,1.19431914,1.193686698,1.194900775,1.194509421
914,INPUT_LN2_90_5.txt,OUTPUT_SKIN3_90_5.txt,3,0.036587736,0.033875731,0.033869683,0.033852497,0.033868804,0.033870596
915,INPUT_LN2_90_5.txt,OUTPUT_SKIN4_90_5.txt,3,0.122097718,0.116322087,0.116305208,0.116269586,0.116321143,0.116281636
916,INPUT_LN2_90_5.txt,OUTPUT_SKIN5_90_5.txt,3,0.185530721,0.176320682,0.176319716,0.176263655,0.176346477,0.176323068
917,INPUT_LN2_90_5.txt,OUTPUT_SKIN6_90_5.txt,3,0.092238772,0.105480896,0.105477571,0.105464499,0.105513211,0.10547468
918,INPUT_LN2_90_5.txt,OUTPUT_SKIN7_90_5.txt,3,0.120068409,0.090987727,0.090986213,0.090958242,0.09100504,0.090979124
919,INPUT_LN2_90_5.txt,OUTPUT_SKIN8_90_5.txt,3,0.088051234,0.067060251,0.066974812,0.067024691,0.06706415,0.067050727
920,INPUT_LN2_90_5.txt,OUTPUT_SKIN9_90_5.txt,3,0.077869153,0.134937285,0.134936555,0.134893612,0.134956989,0.134939106
921,INPUT_LUNG_90_5.txt,OUTPUT_BM1_90_5.txt,3,0.585293419,0.652892327,0.653603501,0.653972569,0.653684239,0.653223671
922,INPUT_LUNG_90_5.txt,OUTPUT_BM2_90_5.txt,3,2.628304281,2.302881965,2.305212596,2.303741021,2.30347012,2.302973704
923,INPUT_LUNG_90_5.txt,OUTPUT_GUT_90_5.txt,3,NA,NA,NA,NA,NA,NA
924,INPUT_LUNG_90_5.txt,OUTPUT_L_90_5.txt,3,3.605009169,3.423984276,3.424698249,3.424570212,3.42454283,3.424432864
925,INPUT_LUNG_90_5.txt,OUTPUT_LN1_90_5.txt,3,0.414774667,0.372594691,0.372700261,0.372736139,0.372664482,0.372596804
926,INPUT_LUNG_90_5.txt,OUTPUT_LN2_90_5.txt,3,0.074713229,0.064451251,0.064470218,0.064481202,0.064442421,0.064449094
927,INPUT_LUNG_90_5.txt,OUTPUT_LUNG_90_5.txt,3,-495155,-371628.5,-371524,-371488.5,-371571.5,-371638.5
928,INPUT_LUNG_90_5.txt,OUTPUT_S_90_5.txt,3,NA,NA,NA,NA,NA,NA
929,INPUT_LUNG_90_5.txt,OUTPUT_SKIN1_90_5.txt,3,0.012759796,0.013690245,0.013694004,0.013695384,0.013692276,0.013689877
930,INPUT_LUNG_90_5.txt,OUTPUT_SKIN10_90_5.txt,3,0.014629043,0.015827816,0.015832271,0.015833785,0.015830246,0.01582739
931,INPUT_LUNG_90_5.txt,OUTPUT_SKIN11_90_5.txt,3,0.02948803,0.023168779,0.023175522,0.023177665,0.023172042,0.023168412
932,INPUT_LUNG_90_5.txt,OUTPUT_SKIN12_90_5.txt,3,0.051886405,0.046765736,0.046777833,0.046782401,0.046773373,0.046763872
933,INPUT_LUNG_90_5.txt,OUTPUT_SKIN2_90_5.txt,3,0.056358481,0.048534241,0.048547869,0.048554024,0.048541347,0.048532414
934,INPUT_LUNG_90_5.txt,OUTPUT_SKIN3_90_5.txt,3,0.020898874,0.020297117,0.020300844,0.020300614,0.020296214,0.020294676
935,INPUT_LUNG_90_5.txt,OUTPUT_SKIN4_90_5.txt,3,0.020575111,0.016844412,0.016847346,0.016849151,0.016845032,0.016839298
936,INPUT_LUNG_90_5.txt,OUTPUT_SKIN5_90_5.txt,3,0.033254906,0.028884218,0.028892353,0.028895117,0.028888654,0.028883439
937,INPUT_LUNG_90_5.txt,OUTPUT_SKIN6_90_5.txt,3,0.033551693,0.02887977,0.028887475,0.028890943,0.028884363,0.028877891
938,INPUT_LUNG_90_5.txt,OUTPUT_SKIN7_90_5.txt,3,0.058351257,0.05193004,0.05194466,0.051949652,0.051938094,0.051928464
939,INPUT_LUNG_90_5.txt,OUTPUT_SKIN8_90_5.txt,3,0.012796318,0.014444431,0.014430632,0.014446895,0.014445382,0.014442266
940,INPUT_LUNG_90_5.txt,OUTPUT_SKIN9_90_5.txt,3,0.019688926,0.015688286,0.015692702,0.015694202,0.015690694,0.015687864
941,INPUT_S_90_5.txt,OUTPUT_BM1_90_5.txt,3,NA,NA,NA,NA,NA,NA
942,INPUT_S_90_5.txt,OUTPUT_BM2_90_5.txt,3,NA,NA,NA,NA,NA,NA
943,INPUT_S_90_5.txt,OUTPUT_GUT_90_5.txt,3,NA,NA,NA,NA,NA,NA
944,INPUT_S_90_5.txt,OUTPUT_L_90_5.txt,3,NA,NA,NA,NA,NA,NA
945,INPUT_S_90_5.txt,OUTPUT_LN1_90_5.txt,3,NA,NA,NA,NA,NA,NA
946,INPUT_S_90_5.txt,OUTPUT_LN2_90_5.txt,3,NA,NA,NA,NA,NA,NA
947,INPUT_S_90_5.txt,OUTPUT_LUNG_90_5.txt,3,NA,NA,NA,NA,NA,NA
948,INPUT_S_90_5.txt,OUTPUT_S_90_5.txt,3,NA,NA,NA,NA,NA,NA
949,INPUT_S_90_5.txt,OUTPUT_SKIN1_90_5.txt,3,NA,NA,NA,NA,NA,NA
950,INPUT_S_90_5.txt,OUTPUT_SKIN10_90_5.txt,3,NA,NA,NA,NA,NA,NA
951,INPUT_S_90_5.txt,OUTPUT_SKIN11_90_5.txt,3,NA,NA,NA,NA,NA,NA
952,INPUT_S_90_5.txt,OUTPUT_SKIN12_90_5.txt,3,NA,NA,NA,NA,NA,NA
953,INPUT_S_90_5.txt,OUTPUT_SKIN2_90_5.txt,3,NA,NA,NA,NA,NA,NA
954,INPUT_S_90_5.txt,OUTPUT_SKIN3_90_5.txt,3,NA,NA,NA,NA,NA,NA
955,INPUT_S_90_5.txt,OUTPUT_SKIN4_90_5.txt,3,NA,NA,NA,NA,NA,NA
956,INPUT_S_90_5.txt,OUTPUT_SKIN5_90_5.txt,3,NA,NA,NA,NA,NA,NA
957,INPUT_S_90_5.txt,OUTPUT_SKIN6_90_5.txt,3,NA,NA,NA,NA,NA,NA
958,INPUT_S_90_5.txt,OUTPUT_SKIN7_90_5.txt,3,NA,NA,NA,NA,NA,NA
959,INPUT_S_90_5.txt,OUTPUT_SKIN8_90_5.txt,3,NA,NA,NA,NA,NA,NA
960,INPUT_S_90_5.txt,OUTPUT_SKIN9_90_5.txt,3,NA,NA,NA,NA,NA,NA
961,INPUT_SKIN1_90_5.txt,OUTPUT_BM1_90_5.txt,3,0.378582384,0.228277391,0.228457441,0.228560455,0.22851296,0.228395828
962,INPUT_SKIN1_90_5.txt,OUTPUT_BM2_90_5.txt,3,1.277650416,0.942613517,0.943222297,0.942608634,0.942700748,0.942669088
963,INPUT_SKIN1_90_5.txt,OUTPUT_GUT_90_5.txt,3,NA,NA,NA,NA,NA,NA
964,INPUT_SKIN1_90_5.txt,OUTPUT_L_90_5.txt,3,3.620468945,3.341668213,3.341569864,3.341249238,3.341695513,3.342022023
965,INPUT_SKIN1_90_5.txt,OUTPUT_LN1_90_5.txt,3,0.8941887,0.741298971,0.741303054,0.741299992,0.741301145,0.741298082
966,INPUT_SKIN1_90_5.txt,OUTPUT_LN2_90_5.txt,3,0.19670105,0.239884211,0.239888146,0.240044149,0.239813892,0.239877557
967,INPUT_SKIN1_90_5.txt,OUTPUT_LUNG_90_5.txt,3,7.814655501,7.565110491,7.565162068,7.565134329,7.565147119,7.565109531
968,INPUT_SKIN1_90_5.txt,OUTPUT_S_90_5.txt,3,NA,NA,NA,NA,NA,NA
969,INPUT_SKIN1_90_5.txt,OUTPUT_SKIN1_90_5.txt,3,-488125.5,-365796,-365794,-365795.5,-365794.5,-365796
970,INPUT_SKIN1_90_5.txt,OUTPUT_SKIN10_90_5.txt,3,0.040013481,0.039206508,0.039206723,0.039206562,0.039206669,0.039206508
971,INPUT_SKIN1_90_5.txt,OUTPUT_SKIN11_90_5.txt,3,0.029176565,0.012585119,0.012585435,0.012585301,0.012584841,0.012585407
972,INPUT_SKIN1_90_5.txt,OUTPUT_SKIN12_90_5.txt,3,0.098747861,0.079177305,0.079173582,0.079175712,0.079181786,0.079177493
973,INPUT_SKIN1_90_5.txt,OUTPUT_SKIN2_90_5.txt,3,0.722366282,0.76477096,0.764889864,0.764750343,0.765162927,0.764991298
974,INPUT_SKIN1_90_5.txt,OUTPUT_SKIN3_90_5.txt,3,0.092851754,0.072065079,0.072053061,0.0720392,0.072040263,0.072053244
975,INPUT_SKIN1_90_5.txt,OUTPUT_SKIN4_90_5.txt,3,0.281001272,0.27717242,0.27713567,0.277138032,0.277131531,0.277073382
976,INPUT_SKIN1_90_5.txt,OUTPUT_SKIN5_90_5.txt,3,0.2890801,0.31596412,0.315965854,0.315964553,0.31596542,0.31596412
977,INPUT_SKIN1_90_5.txt,OUTPUT_SKIN6_90_5.txt,3,0.196580871,0.188015159,0.188011243,0.188031918,0.18803095,0.188001311
978,INPUT_SKIN1_90_5.txt,OUTPUT_SKIN7_90_5.txt,3,0.09875908,0.075401199,0.075401656,0.075401301,0.075401322,0.075401644
979,INPUT_SKIN1_90_5.txt,OUTPUT_SKIN8_90_5.txt,3,0.055092662,0.052375088,0.052310547,0.052364559,0.052370801,0.052367459
980,INPUT_SKIN1_90_5.txt,OUTPUT_SKIN9_90_5.txt,3,0.01523034,0.011679658,0.011679721,0.011679674,0.011679706,0.011679658
981,INPUT_SKIN10_90_5.txt,OUTPUT_BM1_90_5.txt,3,0.686667345,0.658551951,0.659059845,0.65935512,0.659218435,0.658888379
982,INPUT_SKIN10_90_5.txt,OUTPUT_BM2_90_5.txt,3,1.410403868,1.011126891,1.011810727,1.011119896,1.011221323,1.011189845
983,INPUT_SKIN10_90_5.txt,OUTPUT_GUT_90_5.txt,3,NA,NA,NA,NA,NA,NA
984,INPUT_SKIN10_90_5.txt,OUTPUT_L_90_5.txt,3,4.844402249,4.468109145,4.467832245,4.467433856,4.468130582,4.468582541
985,INPUT_SKIN10_90_5.txt,OUTPUT_LN1_90_5.txt,3,1.317100887,0.976235814,0.976235814,0.976235814,0.976235081,0.976235081
986,INPUT_SKIN10_90_5.txt,OUTPUT_LN2_90_5.txt,3,0.21702624,0.194358187,0.1943603,0.194485299,0.194300904,0.194352881
987,INPUT_SKIN10_90_5.txt,OUTPUT_LUNG_90_5.txt,3,14.23257408,14.07547751,14.07549819,14.07550522,14.07548879,14.07547553
988,INPUT_SKIN10_90_5.txt,OUTPUT_S_90_5.txt,3,NA,NA,NA,NA,NA,NA
989,INPUT_SKIN10_90_5.txt,OUTPUT_SKIN1_90_5.txt,3,0.193895715,0.198430095,0.198432727,0.198430753,0.198432069,0.198430095
990,INPUT_SKIN10_90_5.txt,OUTPUT_SKIN10_90_5.txt,3,-522616.5,-391880,-391880,-391880,-391880,-391880
991,INPUT_SKIN10_90_5.txt,OUTPUT_SKIN11_90_5.txt,3,0.157945409,0.186633223,0.186636838,0.186635633,0.186628402,0.186637441
992,INPUT_SKIN10_90_5.txt,OUTPUT_SKIN12_90_5.txt,3,0.281256162,0.240400275,0.240388014,0.240395235,0.240412509,0.240400804
993,INPUT_SKIN10_90_5.txt,OUTPUT_SKIN2_90_5.txt,3,0.585124633,0.644919988,0.645005358,0.644850731,0.645215899,0.645099358
994,INPUT_SKIN10_90_5.txt,OUTPUT_SKIN3_90_5.txt,3,0.086135947,0.055902824,0.05589315,0.055882576,0.055883251,0.0558936
995,INPUT_SKIN10_90_5.txt,OUTPUT_SKIN4_90_5.txt,3,0.20065869,0.175865526,0.175840955,0.175843068,0.175838406,0.175801989
996,INPUT_SKIN10_90_5.txt,OUTPUT_SKIN5_90_5.txt,3,0.442456328,0.421774868,0.421774868,0.421774868,0.421774868,0.421774868
997,INPUT_SKIN10_90_5.txt,OUTPUT_SKIN6_90_5.txt,3,0.273920488,0.306736794,0.306728887,0.306761959,0.30675959,0.306714686
998,INPUT_SKIN10_90_5.txt,OUTPUT_SKIN7_90_5.txt,3,0.092767597,0.064217995,0.064217279,0.064217995,0.064220857,0.064211018
999,INPUT_SKIN10_90_5.txt,OUTPUT_SKIN8_90_5.txt,3,0.077459496,0.080573019,0.080472315,0.080556765,0.080566116,0.080560014
1000,INPUT_SKIN10_90_5.txt,OUTPUT_SKIN9_90_5.txt,3,0.077702956,0.083350925,0.083350925,0.083350925,0.083350925,0.083350925
1001,INPUT_SKIN11_90_5.txt,OUTPUT_BM1_90_5.txt,3,1.3244972,1.453533024,1.454582799,1.455206391,1.454949126,1.454221061
1002,INPUT_SKIN11_90_5.txt,OUTPUT_BM2_90_5.txt,3,5.369908894,5.928167992,5.930787873,5.928098424,5.92862282,5.928341343
1003,INPUT_SKIN11_90_5.txt,OUTPUT_GUT_90_5.txt,3,NA,NA,NA,NA,NA,NA
1004,INPUT_SKIN11_90_5.txt,OUTPUT_L_90_5.txt,3,7.306677626,7.313955201,7.313491604,7.313050799,7.314088321,7.314424213
1005,INPUT_SKIN11_90_5.txt,OUTPUT_LN1_90_5.txt,3,3.573456216,3.9910638,3.99102167,3.991035713,3.991104249,3.990998924
1006,INPUT_SKIN11_90_5.txt,OUTPUT_LN2_90_5.txt,3,0.218576308,0.316245734,0.31624681,0.316453993,0.316156427,0.316236998
1007,INPUT_SKIN11_90_5.txt,OUTPUT_LUNG_90_5.txt,3,14.84317476,14.61162832,14.61147914,14.61154314,14.61186705,14.61142753
1008,INPUT_SKIN11_90_5.txt,OUTPUT_S_90_5.txt,3,NA,NA,NA,NA,NA,NA
1009,INPUT_SKIN11_90_5.txt,OUTPUT_SKIN1_90_5.txt,3,0.099284431,0.103253902,0.103251762,0.103252945,0.103254411,0.103252719
1010,INPUT_SKIN11_90_5.txt,OUTPUT_SKIN10_90_5.txt,3,0.099226382,0.09060881,0.090607919,0.090608216,0.090609997,0.090607771
1011,INPUT_SKIN11_90_5.txt,OUTPUT_SKIN11_90_5.txt,3,-407742.5,-305800.5,-305803.5,-305802.5,-305796.5,-305804
1012,INPUT_SKIN11_90_5.txt,OUTPUT_SKIN12_90_5.txt,3,0.211372136,0.209668028,0.209655236,0.209662258,0.209681503,0.209666102
1013,INPUT_SKIN11_90_5.txt,OUTPUT_SKIN2_90_5.txt,3,1.032272257,0.950333402,0.950437776,0.950214905,0.95074276,0.950567241
1014,INPUT_SKIN11_90_5.txt,OUTPUT_SKIN3_90_5.txt,3,0.032304091,0.036752861,0.036746145,0.036739319,0.036740484,0.03674638
1015,INPUT_SKIN11_90_5.txt,OUTPUT_SKIN4_90_5.txt,3,0.121390079,0.113370797,0.113353887,0.113355654,0.113354885,0.113328636
1016,INPUT_SKIN11_90_5.txt,OUTPUT_SKIN5_90_5.txt,3,0.251940569,0.251481192,0.251478723,0.251479546,0.251484484,0.251478311
1017,INPUT_SKIN11_90_5.txt,OUTPUT_SKIN6_90_5.txt,3,0.136070052,0.184426026,0.184419413,0.184445631,0.184447817,0.184410471
1018,INPUT_SKIN11_90_5.txt,OUTPUT_SKIN7_90_5.txt,3,0.205749783,0.216974662,0.216972246,0.216973236,0.216978619,0.216969456
1019,INPUT_SKIN11_90_5.txt,OUTPUT_SKIN8_90_5.txt,3,0.105301123,0.104425711,0.104298786,0.104404092,0.10441819,0.104411575
1020,INPUT_SKIN11_90_5.txt,OUTPUT_SKIN9_90_5.txt,3,0.12108852,0.122825874,0.122824667,0.122825069,0.122827484,0.122824466
1021,INPUT_SKIN12_90_5.txt,OUTPUT_BM1_90_5.txt,3,0.77370468,0.774637582,0.775230537,0.775551275,0.775371501,0.775013698
1022,INPUT_SKIN12_90_5.txt,OUTPUT_BM2_90_5.txt,3,2.521220135,2.852732281,2.854217832,2.852680631,2.85283554,2.852802484
1023,INPUT_SKIN12_90_5.txt,OUTPUT_GUT_90_5.txt,3,NA,NA,NA,NA,NA,NA
1024,INPUT_SKIN12_90_5.txt,OUTPUT_L_90_5.txt,3,4.565335135,4.428697607,4.428531629,4.428079754,4.428545106,4.428924924
1025,INPUT_SKIN12_90_5.txt,OUTPUT_LN1_90_5.txt,3,3.176216813,3.599379573,3.59944406,3.599362866,3.599247239,3.599307379
1026,INPUT_SKIN12_90_5.txt,OUTPUT_LN2_90_5.txt,3,0.202250634,0.191257745,0.191265283,0.191388635,0.191195802,0.191254808
1027,INPUT_SKIN12_90_5.txt,OUTPUT_LUNG_90_5.txt,3,9.234304942,8.805492464,8.805337342,8.804881455,8.805023206,8.804838503
1028,INPUT_SKIN12_90_5.txt,OUTPUT_S_90_5.txt,3,NA,NA,NA,NA,NA,NA
1029,INPUT_SKIN12_90_5.txt,OUTPUT_SKIN1_90_5.txt,3,0.071855321,0.069027458,0.069029342,0.06902821,0.069025778,0.069027377
1030,INPUT_SKIN12_90_5.txt,OUTPUT_SKIN10_90_5.txt,3,0.061403658,0.06812137,0.068123114,0.068122082,0.068119625,0.068121289
1031,INPUT_SKIN12_90_5.txt,OUTPUT_SKIN11_90_5.txt,3,0.17074057,0.16524757,0.165255024,0.165251445,0.165239033,0.165251139
1032,INPUT_SKIN12_90_5.txt,OUTPUT_SKIN12_90_5.txt,3,-572792,-429881,-429870,-429876.5,-429892,-429881.5
1033,INPUT_SKIN12_90_5.txt,OUTPUT_SKIN2_90_5.txt,3,0.855126306,0.687417484,0.687514647,0.687302611,0.68768183,0.687600109
1034,INPUT_SKIN12_90_5.txt,OUTPUT_SKIN3_90_5.txt,3,0.279462781,0.268443452,0.268402162,0.268345418,0.268339061,0.268397191
1035,INPUT_SKIN12_90_5.txt,OUTPUT_SKIN4_90_5.txt,3,0.122547481,0.106898975,0.106886069,0.106885801,0.106878975,0.106858389
1036,INPUT_SKIN12_90_5.txt,OUTPUT_SKIN5_90_5.txt,3,0.304356043,0.268930973,0.268937886,0.268933801,0.268924061,0.268930659
1037,INPUT_SKIN12_90_5.txt,OUTPUT_SKIN6_90_5.txt,3,0.222546584,0.191419568,0.191419502,0.191443942,0.191435536,0.191405427
1038,INPUT_SKIN12_90_5.txt,OUTPUT_SKIN7_90_5.txt,3,0.106764742,0.108007617,0.108009152,0.108008744,0.108009763,0.10799551
1039,INPUT_SKIN12_90_5.txt,OUTPUT_SKIN8_90_5.txt,3,0.11343243,0.103967893,0.103840791,0.103947658,0.103956174,0.103953012
1040,INPUT_SKIN12_90_5.txt,OUTPUT_SKIN9_90_5.txt,3,0.047484036,0.035006448,0.035007344,0.035006815,0.035005552,0.035006407
1041,INPUT_SKIN2_90_5.txt,OUTPUT_BM1_90_5.txt,3,0.291433872,0.319291891,0.319504111,0.319692276,0.319538371,0.319404098
1042,INPUT_SKIN2_90_5.txt,OUTPUT_BM2_90_5.txt,3,1.566289536,1.529063565,1.52944191,1.529274527,1.528885872,1.528924246
1043,INPUT_SKIN2_90_5.txt,OUTPUT_GUT_90_5.txt,3,NA,NA,NA,NA,NA,NA
1044,INPUT_SKIN2_90_5.txt,OUTPUT_L_90_5.txt,3,2.065042456,1.961472871,1.961355333,1.961648355,1.961167589,1.9613185
1045,INPUT_SKIN2_90_5.txt,OUTPUT_LN1_90_5.txt,3,1.974526086,1.828163301,1.828086806,1.828424623,1.827857714,1.827928893
1046,INPUT_SKIN2_90_5.txt,OUTPUT_LN2_90_5.txt,3,0.130988797,0.167900302,0.167895299,0.16803469,0.167825629,0.167876281
1047,INPUT_SKIN2_90_5.txt,OUTPUT_LUNG_90_5.txt,3,2.489213674,2.379887944,2.379791846,2.380229566,2.379514849,2.37960525
1048,INPUT_SKIN2_90_5.txt,OUTPUT_S_90_5.txt,3,NA,NA,NA,NA,NA,NA
1049,INPUT_SKIN2_90_5.txt,OUTPUT_SKIN1_90_5.txt,3,0.155502371,0.162297742,0.162294704,0.162321137,0.162275532,0.162278983
1050,INPUT_SKIN2_90_5.txt,OUTPUT_SKIN10_90_5.txt,3,0.021056334,0.01985307,0.01985227,0.019855814,0.019850042,0.019850784
1051,INPUT_SKIN2_90_5.txt,OUTPUT_SKIN11_90_5.txt,3,0.082486127,0.078826309,0.078824671,0.078838249,0.078812205,0.07881902
1052,INPUT_SKIN2_90_5.txt,OUTPUT_SKIN12_90_5.txt,3,0.127806346,0.085991751,0.085983783,0.086001808,0.085983114,0.085982042
1053,INPUT_SKIN2_90_5.txt,OUTPUT_SKIN2_90_5.txt,3,-463002,-347535.5,-347549.5,-347487.5,-347588.5,-347575.5
1054,INPUT_SKIN2_90_5.txt,OUTPUT_SKIN3_90_5.txt,3,0.082252922,0.07400453,0.073988715,0.073987888,0.073967283,0.073983777
1055,INPUT_SKIN2_90_5.txt,OUTPUT_SKIN4_90_5.txt,3,0.18487457,0.178575795,0.178543401,0.178577493,0.178520687,0.178490067
1056,INPUT_SKIN2_90_5.txt,OUTPUT_SKIN5_90_5.txt,3,0.251181637,0.229400947,0.229391666,0.229432767,0.229365818,0.229374434
1057,INPUT_SKIN2_90_5.txt,OUTPUT_SKIN6_90_5.txt,3,0.194893765,0.20188132,0.201867952,0.201924904,0.201864442,0.201843429
1058,INPUT_SKIN2_90_5.txt,OUTPUT_SKIN7_90_5.txt,3,0.079114413,0.070694536,0.070691601,0.070704315,0.07068407,0.070685579
1059,INPUT_SKIN2_90_5.txt,OUTPUT_SKIN8_90_5.txt,3,0.057597854,0.048018511,0.047957679,0.048015372,0.048007028,0.048006844
1060,INPUT_SKIN2_90_5.txt,OUTPUT_SKIN9_90_5.txt,3,0.046502614,0.046267082,0.046265216,0.046273481,0.046260018,0.046261751
1061,INPUT_SKIN3_90_5.txt,OUTPUT_BM1_90_5.txt,3,0.082630372,0.072610766,0.07264586,0.072669483,0.0726613,0.07263585
1062,INPUT_SKIN3_90_5.txt,OUTPUT_BM2_90_5.txt,3,0.152317105,0.136793253,0.136808641,0.136818092,0.136817783,0.136804906
1063,INPUT_SKIN3_90_5.txt,OUTPUT_GUT_90_5.txt,3,NA,NA,NA,NA,NA,NA
1064,INPUT_SKIN3_90_5.txt,OUTPUT_L_90_5.txt,3,0.165133836,0.154409251,0.154423091,0.154439359,0.154436338,0.154420222
1065,INPUT_SKIN3_90_5.txt,OUTPUT_LN1_90_5.txt,3,0.248652092,0.221629312,0.22164861,0.221669708,0.221664166,0.221643518
1066,INPUT_SKIN3_90_5.txt,OUTPUT_LN2_90_5.txt,3,0.142131649,0.175450987,0.175466761,0.17559773,0.175453545,0.175460856
1067,INPUT_SKIN3_90_5.txt,OUTPUT_LUNG_90_5.txt,3,0.141699061,0.133122218,0.13313394,0.133146633,0.133145699,0.133133226
1068,INPUT_SKIN3_90_5.txt,OUTPUT_S_90_5.txt,3,NA,NA,NA,NA,NA,NA
1069,INPUT_SKIN3_90_5.txt,OUTPUT_SKIN1_90_5.txt,3,0.113943792,0.109485391,0.109495423,0.109505449,0.10950504,0.10949447
1070,INPUT_SKIN3_90_5.txt,OUTPUT_SKIN10_90_5.txt,3,0.054377195,0.053267556,0.05327218,0.053277236,0.053276913,0.053271965
1071,INPUT_SKIN3_90_5.txt,OUTPUT_SKIN11_90_5.txt,3,0.07857492,0.08200248,0.082011206,0.082018461,0.082014763,0.082011141
1072,INPUT_SKIN3_90_5.txt,OUTPUT_SKIN12_90_5.txt,3,0.087669465,0.096583653,0.096587107,0.096599339,0.096605731,0.096592047
1073,INPUT_SKIN3_90_5.txt,OUTPUT_SKIN2_90_5.txt,3,0.732100988,0.811643095,0.81181224,0.811667006,0.812133414,0.81193029
1074,INPUT_SKIN3_90_5.txt,OUTPUT_SKIN3_90_5.txt,3,-330129,-247947,-247925.5,-247902,-247903.5,-247926.5
1075,INPUT_SKIN3_90_5.txt,OUTPUT_SKIN4_90_5.txt,3,0.322680484,0.219757077,0.219745336,0.219768534,0.219761491,0.219695247
1076,INPUT_SKIN3_90_5.txt,OUTPUT_SKIN5_90_5.txt,3,0.338174754,0.322042737,0.322070806,0.322101492,0.322099533,0.3220695
1077,INPUT_SKIN3_90_5.txt,OUTPUT_SKIN6_90_5.txt,3,0.180047759,0.172664965,0.172675425,0.172732892,0.172730467,0.172666442
1078,INPUT_SKIN3_90_5.txt,OUTPUT_SKIN7_90_5.txt,3,0.083109283,0.086980264,0.086987687,0.08699608,0.086996081,0.086986174
1079,INPUT_SKIN3_90_5.txt,OUTPUT_SKIN8_90_5.txt,3,0.052237673,0.052262476,0.052209649,0.052262428,0.052267604,0.052260959
1080,INPUT_SKIN3_90_5.txt,OUTPUT_SKIN9_90_5.txt,3,0.030028341,0.028794301,0.0287968,0.028799532,0.028799358,0.028796684
1081,INPUT_SKIN4_90_5.txt,OUTPUT_BM1_90_5.txt,3,0.352408434,0.458256681,0.458644042,0.458847988,0.458758428,0.458575639
1082,INPUT_SKIN4_90_5.txt,OUTPUT_BM2_90_5.txt,3,4.863019656,4.750006559,4.752421535,4.75033989,4.750698875,4.751135697
1083,INPUT_SKIN4_90_5.txt,OUTPUT_GUT_90_5.txt,3,NA,NA,NA,NA,NA,NA
1084,INPUT_SKIN4_90_5.txt,OUTPUT_L_90_5.txt,3,4.195464256,3.987128508,3.987293737,3.986852304,3.987483493,3.988407763
1085,INPUT_SKIN4_90_5.txt,OUTPUT_LN1_90_5.txt,3,4.114445207,4.623058138,4.623407841,4.623395643,4.623431145,4.623950721
1086,INPUT_SKIN4_90_5.txt,OUTPUT_LN2_90_5.txt,3,0.170619409,0.157756722,0.15776954,0.157872057,0.157721729,0.157780984
1087,INPUT_SKIN4_90_5.txt,OUTPUT_LUNG_90_5.txt,3,11.13745613,10.98042207,10.98130011,10.98142185,10.98148927,10.98281297
1088,INPUT_SKIN4_90_5.txt,OUTPUT_S_90_5.txt,3,NA,NA,NA,NA,NA,NA
1089,INPUT_SKIN4_90_5.txt,OUTPUT_SKIN1_90_5.txt,3,0.280688542,0.26565567,0.265671518,0.265672094,0.265674214,0.265704026
1090,INPUT_SKIN4_90_5.txt,OUTPUT_SKIN10_90_5.txt,3,0.032867597,0.02835929,0.028361276,0.028361105,0.028361481,0.028364427
1091,INPUT_SKIN4_90_5.txt,OUTPUT_SKIN11_90_5.txt,3,0.032271454,0.041591946,0.041595676,0.041595158,0.04159408,0.041600435
1092,INPUT_SKIN4_90_5.txt,OUTPUT_SKIN12_90_5.txt,3,0.09181151,0.14680239,0.146805121,0.146808679,0.146821276,0.146829313
1093,INPUT_SKIN4_90_5.txt,OUTPUT_SKIN2_90_5.txt,3,0.393821976,0.442264581,0.44235262,0.442237656,0.442498765,0.442466579
1094,INPUT_SKIN4_90_5.txt,OUTPUT_SKIN3_90_5.txt,3,0.024008678,0.051079795,0.051074149,0.051063767,0.051065086,0.051080238
1095,INPUT_SKIN4_90_5.txt,OUTPUT_SKIN4_90_5.txt,3,-552882,-414244.5,-414215.5,-414218,-414212.5,-414169.5
1096,INPUT_SKIN4_90_5.txt,OUTPUT_SKIN5_90_5.txt,3,0.222500341,0.245232383,0.24524957,0.245248153,0.245251415,0.245276804
1097,INPUT_SKIN4_90_5.txt,OUTPUT_SKIN6_90_5.txt,3,0.335182276,0.37116564,0.37118205,0.371171808,0.371173863,0.371206011
1098,INPUT_SKIN4_90_5.txt,OUTPUT_SKIN7_90_5.txt,3,0.040114806,0.039077771,0.039080073,0.039080272,0.03908253,0.039080611
1099,INPUT_SKIN4_90_5.txt,OUTPUT_SKIN8_90_5.txt,3,0.051735527,0.063281795,0.063207213,0.063273035,0.06328125,0.063283397
1100,INPUT_SKIN4_90_5.txt,OUTPUT_SKIN9_90_5.txt,3,0.032482738,0.039198602,0.039201349,0.039201113,0.039201634,0.039205706
1101,INPUT_SKIN5_90_5.txt,OUTPUT_BM1_90_5.txt,3,0.28328491,0.218228106,0.21835938,0.218435677,0.218400361,0.218315067
1102,INPUT_SKIN5_90_5.txt,OUTPUT_BM2_90_5.txt,3,0.889427903,0.799896077,0.799933933,0.799895689,0.799901308,0.799899565
1103,INPUT_SKIN5_90_5.txt,OUTPUT_GUT_90_5.txt,3,NA,NA,NA,NA,NA,NA
1104,INPUT_SKIN5_90_5.txt,OUTPUT_L_90_5.txt,3,1.016589862,0.922304497,0.922306711,0.922314292,0.922304186,0.922295829
1105,INPUT_SKIN5_90_5.txt,OUTPUT_LN1_90_5.txt,3,1.085377066,0.921111742,0.921111742,0.921111742,0.921099435,0.921099435
1106,INPUT_SKIN5_90_5.txt,OUTPUT_LN2_90_5.txt,3,0.119891025,0.213348173,0.21335023,0.213492186,0.213289023,0.213342206
1107,INPUT_SKIN5_90_5.txt,OUTPUT_LUNG_90_5.txt,3,0.882015768,0.801535569,0.801536556,0.801536892,0.801536107,0.801535474
1108,INPUT_SKIN5_90_5.txt,OUTPUT_S_90_5.txt,3,NA,NA,NA,NA,NA,NA
1109,INPUT_SKIN5_90_5.txt,OUTPUT_SKIN1_90_5.txt,3,0.357164952,0.386130034,0.386125844,0.386128987,0.386126891,0.386130034
1110,INPUT_SKIN5_90_5.txt,OUTPUT_SKIN10_90_5.txt,3,0.050995,0.055200099,0.055200099,0.055200099,0.055200099,0.055200099
1111,INPUT_SKIN5_90_5.txt,OUTPUT_SKIN11_90_5.txt,3,0.099247192,0.119966036,0.119968388,0.119967604,0.1199629,0.11996878
1112,INPUT_SKIN5_90_5.txt,OUTPUT_SKIN12_90_5.txt,3,0.226392896,0.276331881,0.276317638,0.276326195,0.276346287,0.276332695
1113,INPUT_SKIN5_90_5.txt,OUTPUT_SKIN2_90_5.txt,3,0.644620158,0.578880279,0.57898173,0.578888276,0.579220917,0.579067349
1114,INPUT_SKIN5_90_5.txt,OUTPUT_SKIN3_90_5.txt,3,0.10015176,0.047619336,0.047611085,0.047602068,0.047602643,0.047611469
1115,INPUT_SKIN5_90_5.txt,OUTPUT_SKIN4_90_5.txt,3,0.507518963,0.440445442,0.440383259,0.440388557,0.440376858,0.4402844
1116,INPUT_SKIN5_90_5.txt,OUTPUT_SKIN5_90_5.txt,3,-469088,-352672,-352672,-352672,-352672,-352672
1117,INPUT_SKIN5_90_5.txt,OUTPUT_SKIN6_90_5.txt,3,0.234840536,0.192230856,0.192225849,0.19223334,0.192231836,0.192216819
1118,INPUT_SKIN5_90_5.txt,OUTPUT_SKIN7_90_5.txt,3,0.074890706,0.085136647,0.085136434,0.085136647,0.085137499,0.085134566
1119,INPUT_SKIN5_90_5.txt,OUTPUT_SKIN8_90_5.txt,3,0.060302054,0.068504384,0.068421823,0.068490693,0.06849857,0.068495698
1120,INPUT_SKIN5_90_5.txt,OUTPUT_SKIN9_90_5.txt,3,0.031383618,0.035620415,0.035620415,0.035620415,0.035620415,0.035620415
1121,INPUT_SKIN6_90_5.txt,OUTPUT_BM1_90_5.txt,3,0.193550167,0.172950634,0.173085582,0.173161063,0.173125965,0.173044904
1122,INPUT_SKIN6_90_5.txt,OUTPUT_BM2_90_5.txt,3,1.787230091,1.824562699,1.825238213,1.824540298,1.824647099,1.824690795
1123,INPUT_SKIN6_90_5.txt,OUTPUT_GUT_90_5.txt,3,NA,NA,NA,NA,NA,NA
1124,INPUT_SKIN6_90_5.txt,OUTPUT_L_90_5.txt,3,2.315034381,2.356140155,2.356078581,2.35592417,2.356129391,2.356376822
1125,INPUT_SKIN6_90_5.txt,OUTPUT_LN1_90_5.txt,3,2.672904859,2.814875229,2.814887689,2.814857858,2.814841811,2.814952204
1126,INPUT_SKIN6_90_5.txt,OUTPUT_LN2_90_5.txt,3,0.247603647,0.269149755,0.269157041,0.269329548,0.269074166,0.269157221
1127,INPUT_SKIN6_90_5.txt,OUTPUT_LUNG_90_5.txt,3,3.467196268,3.469108991,3.469074902,3.469040221,3.469050218,3.469234421
1128,INPUT_SKIN6_90_5.txt,OUTPUT_S_90_5.txt,3,NA,NA,NA,NA,NA,NA
1129,INPUT_SKIN6_90_5.txt,OUTPUT_SKIN1_90_5.txt,3,0.098794403,0.096377665,0.096380276,0.096378256,0.096379313,0.096381139
1130,INPUT_SKIN6_90_5.txt,OUTPUT_SKIN10_90_5.txt,3,0.03967933,0.032202253,0.032202668,0.032202336,0.03220246,0.032203414
1131,INPUT_SKIN6_90_5.txt,OUTPUT_SKIN11_90_5.txt,3,0.091575219,0.09163539,0.091638358,0.091636822,0.091633583,0.091640774
1132,INPUT_SKIN6_90_5.txt,OUTPUT_SKIN12_90_5.txt,3,0.123733297,0.141983338,0.141977809,0.141980698,0.141991612,0.141988799
1133,INPUT_SKIN6_90_5.txt,OUTPUT_SKIN2_90_5.txt,3,1.0990326,1.062507668,1.062604903,1.062223502,1.062830799,1.062784829
1134,INPUT_SKIN6_90_5.txt,OUTPUT_SKIN3_90_5.txt,3,0.117428057,0.132165792,0.132144637,0.132118289,0.132120395,0.132148767
1135,INPUT_SKIN6_90_5.txt,OUTPUT_SKIN4_90_5.txt,3,0.453281843,0.501232973,0.501169008,0.501169961,0.501158574,0.501068974
1136,INPUT_SKIN6_90_5.txt,OUTPUT_SKIN5_90_5.txt,3,0.210762763,0.220380278,0.220383105,0.22038085,0.220381697,0.220388188
1137,INPUT_SKIN6_90_5.txt,OUTPUT_SKIN6_90_5.txt,3,-517365.5,-388605.5,-388600.5,-388604.5,-388603,-388591.5
1138,INPUT_SKIN6_90_5.txt,OUTPUT_SKIN7_90_5.txt,3,0.051861619,0.059697327,0.059698023,0.059697479,0.059697996,0.059698779
1139,INPUT_SKIN6_90_5.txt,OUTPUT_SKIN8_90_5.txt,3,0.061716863,0.071122787,0.071036638,0.071108538,0.071117114,0.071116147
1140,INPUT_SKIN6_90_5.txt,OUTPUT_SKIN9_90_5.txt,3,0.040996847,0.039903783,0.039904297,0.039903886,0.03990404,0.039905221
1141,INPUT_SKIN7_90_5.txt,OUTPUT_BM1_90_5.txt,3,2.734733848,2.98589848,2.987891707,2.9890235,2.988423939,2.987372862
1142,INPUT_SKIN7_90_5.txt,OUTPUT_BM2_90_5.txt,3,1.804209731,2.301481605,2.302930312,2.301466918,2.301628036,2.301740155
1143,INPUT_SKIN7_90_5.txt,OUTPUT_GUT_90_5.txt,3,NA,NA,NA,NA,NA,NA
1144,INPUT_SKIN7_90_5.txt,OUTPUT_L_90_5.txt,3,9.529022233,9.55086384,9.550488316,9.549971375,9.550667217,9.551971983
1145,INPUT_SKIN7_90_5.txt,OUTPUT_LN1_90_5.txt,3,1.269718673,1.437112706,1.437120854,1.437112706,1.437152271,1.43726431
1146,INPUT_SKIN7_90_5.txt,OUTPUT_LN2_90_5.txt,3,0.220881257,0.176724732,0.176727657,0.176841422,0.176668305,0.17672949
1147,INPUT_SKIN7_90_5.txt,OUTPUT_LUNG_90_5.txt,3,15.65638411,15.29389518,15.29400869,15.29392554,15.29354415,15.29477883
1148,INPUT_SKIN7_90_5.txt,OUTPUT_S_90_5.txt,3,NA,NA,NA,NA,NA,NA
1149,INPUT_SKIN7_90_5.txt,OUTPUT_SKIN1_90_5.txt,3,0.171473399,0.186441448,0.186440449,0.186440938,0.186435755,0.186451598
1150,INPUT_SKIN7_90_5.txt,OUTPUT_SKIN10_90_5.txt,3,0.069268921,0.063368565,0.063368918,0.063368565,0.063367155,0.063372002
1151,INPUT_SKIN7_90_5.txt,OUTPUT_SKIN11_90_5.txt,3,0.132984897,0.118596832,0.118596307,0.118596041,0.118595767,0.118601898
1152,INPUT_SKIN7_90_5.txt,OUTPUT_SKIN12_90_5.txt,3,0.217347615,0.220599533,0.220589485,0.220594907,0.220605871,0.220612047
1153,INPUT_SKIN7_90_5.txt,OUTPUT_SKIN2_90_5.txt,3,0.468679061,0.460048526,0.460097879,0.459954599,0.460207196,0.460188106
1154,INPUT_SKIN7_90_5.txt,OUTPUT_SKIN3_90_5.txt,3,0.054708188,0.057838245,0.057828557,0.057817294,0.057816703,0.057831842
1155,INPUT_SKIN7_90_5.txt,OUTPUT_SKIN4_90_5.txt,3,0.207391546,0.285858387,0.285816447,0.285796646,0.285781532,0.285770869
1156,INPUT_SKIN7_90_5.txt,OUTPUT_SKIN5_90_5.txt,3,0.211060948,0.20464946,0.204650602,0.20464946,0.20464489,0.2046606
1157,INPUT_SKIN7_90_5.txt,OUTPUT_SKIN6_90_5.txt,3,0.155858148,0.171444021,0.171445581,0.171456411,0.171452934,0.171456618
1158,INPUT_SKIN7_90_5.txt,OUTPUT_SKIN7_90_5.txt,3,-478822.5,-359108,-359106,-359108,-359116,-359088.5
1159,INPUT_SKIN7_90_5.txt,OUTPUT_SKIN8_90_5.txt,3,0.193228773,0.189873781,0.189648023,0.189835882,0.189853454,0.189861777
1160,INPUT_SKIN7_90_5.txt,OUTPUT_SKIN9_90_5.txt,3,0.083499775,0.065501922,0.065502286,0.065501922,0.065500468,0.065505469
1161,INPUT_SKIN8_90_5.txt,OUTPUT_BM1_90_5.txt,3,12.52415352,11.64988299,11.64985043,11.65698072,11.6561109,11.65265825
1162,INPUT_SKIN8_90_5.txt,OUTPUT_BM2_90_5.txt,3,5.256755559,4.554582885,4.558137898,4.554701412,4.555016751,4.554907838
1163,INPUT_SKIN8_90_5.txt,OUTPUT_GUT_90_5.txt,3,NA,NA,NA,NA,NA,NA
1164,INPUT_SKIN8_90_5.txt,OUTPUT_L_90_5.txt,3,15.43812059,12.86507254,12.8578816,12.86266519,12.86466918,12.86507676
1165,INPUT_SKIN8_90_5.txt,OUTPUT_LN1_90_5.txt,3,2.147587851,2.627609096,2.628886029,2.627822653,2.627697487,2.627730987
1166,INPUT_SKIN8_90_5.txt,OUTPUT_LN2_90_5.txt,3,0.282476348,0.226647075,0.226784874,0.226813243,0.226590075,0.22665434
1167,INPUT_SKIN8_90_5.txt,OUTPUT_LUNG_90_5.txt,3,23.53924619,22.58784902,22.548739,22.58140291,22.5851108,22.58376857
1168,INPUT_SKIN8_90_5.txt,OUTPUT_S_90_5.txt,3,NA,NA,NA,NA,NA,NA
1169,INPUT_SKIN8_90_5.txt,OUTPUT_SKIN1_90_5.txt,3,0.288179145,0.263786698,0.263942419,0.263812459,0.263795783,0.263802296
1170,INPUT_SKIN8_90_5.txt,OUTPUT_SKIN10_90_5.txt,3,0.102302378,0.101773191,0.101834175,0.101783373,0.101777514,0.101779188
1171,INPUT_SKIN8_90_5.txt,OUTPUT_SKIN11_90_5.txt,3,0.160308103,0.147286216,0.147377327,0.147302848,0.147288684,0.147298212
1172,INPUT_SKIN8_90_5.txt,OUTPUT_SKIN12_90_5.txt,3,0.899357667,0.876737104,0.877225691,0.876807349,0.876816777,0.876790271
1173,INPUT_SKIN8_90_5.txt,OUTPUT_SKIN2_90_5.txt,3,1.779811969,1.628312481,1.629395663,1.628193089,1.628689284,1.628644089
1174,INPUT_SKIN8_90_5.txt,OUTPUT_SKIN3_90_5.txt,3,0.264909941,0.253251353,0.253362164,0.253189938,0.253178204,0.253226772
1175,INPUT_SKIN8_90_5.txt,OUTPUT_SKIN4_90_5.txt,3,0.076646438,0.111705931,0.111757083,0.111702735,0.111693305,0.111671651
1176,INPUT_SKIN8_90_5.txt,OUTPUT_SKIN5_90_5.txt,3,0.202441977,0.216095146,0.216225075,0.216116839,0.216104358,0.216107925
1177,INPUT_SKIN8_90_5.txt,OUTPUT_SKIN6_90_5.txt,3,0.1021936,0.166291516,0.166386996,0.166308628,0.166297724,0.166289101
1178,INPUT_SKIN8_90_5.txt,OUTPUT_SKIN7_90_5.txt,3,0.260844756,0.300220646,0.300397531,0.300250732,0.300246783,0.300205834
1179,INPUT_SKIN8_90_5.txt,OUTPUT_SKIN8_90_5.txt,3,-487029,-365197.5,-364979,-365161,-365182,-365176
1180,INPUT_SKIN8_90_5.txt,OUTPUT_SKIN9_90_5.txt,3,0.066802587,0.133700388,0.133780564,0.133713774,0.133706072,0.133708273
1181,INPUT_SKIN9_90_5.txt,OUTPUT_BM1_90_5.txt,3,0.517096357,0.434848831,0.435186666,0.435383076,0.435292157,0.435072613
1182,INPUT_SKIN9_90_5.txt,OUTPUT_BM2_90_5.txt,3,2.237701212,1.239255331,1.240060778,1.239247092,1.239366559,1.239329483
1183,INPUT_SKIN9_90_5.txt,OUTPUT_GUT_90_5.txt,3,NA,NA,NA,NA,NA,NA
1184,INPUT_SKIN9_90_5.txt,OUTPUT_L_90_5.txt,3,4.716964505,4.097513647,4.097332526,4.096933992,4.097532048,4.097976562
1185,INPUT_SKIN9_90_5.txt,OUTPUT_LN1_90_5.txt,3,1.192966223,0.929347124,0.929347124,0.929347124,0.929346179,0.929346179
1186,INPUT_SKIN9_90_5.txt,OUTPUT_LN2_90_5.txt,3,0.192428928,0.19566272,0.195665402,0.195793732,0.195604544,0.195658768
1187,INPUT_SKIN9_90_5.txt,OUTPUT_LUNG_90_5.txt,3,11.38782075,11.18489547,11.18491059,11.18491573,11.18490372,11.18489402
1188,INPUT_SKIN9_90_5.txt,OUTPUT_S_90_5.txt,3,NA,NA,NA,NA,NA,NA
1189,INPUT_SKIN9_90_5.txt,OUTPUT_SKIN1_90_5.txt,3,0.075294975,0.078614812,0.078613952,0.078614597,0.078614167,0.078614812
1190,INPUT_SKIN9_90_5.txt,OUTPUT_SKIN10_90_5.txt,3,0.051946719,0.043306335,0.043306335,0.043306335,0.043306335,0.043306335
1191,INPUT_SKIN9_90_5.txt,OUTPUT_SKIN11_90_5.txt,3,0.357046186,0.40798519,0.407993112,0.407990471,0.407974628,0.407994432
1192,INPUT_SKIN9_90_5.txt,OUTPUT_SKIN12_90_5.txt,3,0.223685161,0.211348524,0.211351307,0.211344097,0.211339337,0.211341813
1193,INPUT_SKIN9_90_5.txt,OUTPUT_SKIN2_90_5.txt,3,0.608420954,0.687342235,0.687411787,0.687240063,0.687588893,0.687501582
1194,INPUT_SKIN9_90_5.txt,OUTPUT_SKIN3_90_5.txt,3,0.042811603,0.046003669,0.045995755,0.045987106,0.045987658,0.045996123
1195,INPUT_SKIN9_90_5.txt,OUTPUT_SKIN4_90_5.txt,3,0.100983447,0.093178385,0.093165456,0.093166615,0.093164162,0.093144937
1196,INPUT_SKIN9_90_5.txt,OUTPUT_SKIN5_90_5.txt,3,0.257673987,0.239164985,0.239164985,0.239164985,0.239164985,0.239164985
1197,INPUT_SKIN9_90_5.txt,OUTPUT_SKIN6_90_5.txt,3,0.11388326,0.11804912,0.118046022,0.118067779,0.11806685,0.118040447
1198,INPUT_SKIN9_90_5.txt,OUTPUT_SKIN7_90_5.txt,3,0.063926783,0.079214068,0.079213185,0.079214068,0.0792176,0.07920546
1199,INPUT_SKIN9_90_5.txt,OUTPUT_SKIN8_90_5.txt,3,0.07585269,0.074158996,0.074067844,0.074144129,0.074152682,0.074148056
1200,INPUT_SKIN9_90_5.txt,OUTPUT_SKIN9_90_5.txt,3,-414912.5,-310956.5,-310956.5,-310956.5,-310956.5,-310956.5
1201,INPUT_BM1_90_5.txt,OUTPUT_BM1_90_5.txt,5,-1081769,-811650,-811844.5,-811541.5,-811386.5,-811778
1202,INPUT_BM1_90_5.txt,OUTPUT_BM2_90_5.txt,5,2.154319025,2.77786534,2.777930268,2.781050852,2.779723236,2.777652044
1203,INPUT_BM1_90_5.txt,OUTPUT_GUT_90_5.txt,5,NA,NA,NA,NA,NA,NA
1204,INPUT_BM1_90_5.txt,OUTPUT_L_90_5.txt,5,40.10500413,52.42542439,52.43561719,52.4444973,52.45148594,52.46639663
1205,INPUT_BM1_90_5.txt,OUTPUT_LN1_90_5.txt,5,3.911548125,4.586218083,4.589885828,4.59306929,4.595496439,4.591459781
1206,INPUT_BM1_90_5.txt,OUTPUT_LN2_90_5.txt,5,0.027934422,0.029516078,0.029510029,0.029521143,0.029527992,0.029511988
1207,INPUT_BM1_90_5.txt,OUTPUT_LUNG_90_5.txt,5,85.02266688,83.27424637,83.28330657,83.3064553,83.30767421,83.28346541
1208,INPUT_BM1_90_5.txt,OUTPUT_S_90_5.txt,5,4.522533543,5.738640258,5.730551592,5.737689077,5.735746932,5.735441427
1209,INPUT_BM1_90_5.txt,OUTPUT_SKIN1_90_5.txt,5,0.047122979,0.048730678,0.048718303,0.048739133,0.048748004,0.048722656
1210,INPUT_BM1_90_5.txt,OUTPUT_SKIN10_90_5.txt,5,0.110224135,0.117369102,0.11733548,0.117384338,0.117409646,0.117354137
1211,INPUT_BM1_90_5.txt,OUTPUT_SKIN11_90_5.txt,5,0.133631157,0.138374268,0.138341208,0.138392877,0.13841968,0.138352561
1212,INPUT_BM1_90_5.txt,OUTPUT_SKIN12_90_5.txt,5,0.086917575,0.097334817,0.097300294,0.0972758,0.097373253,0.097302581
1213,INPUT_BM1_90_5.txt,OUTPUT_SKIN2_90_5.txt,5,0.127516743,0.132754899,0.132705539,0.132956426,0.132839661,0.132832297
1214,INPUT_BM1_90_5.txt,OUTPUT_SKIN3_90_5.txt,5,0.028223143,0.033710424,0.033702529,0.033715113,0.033721578,0.033705116
1215,INPUT_BM1_90_5.txt,OUTPUT_SKIN4_90_5.txt,5,0.055078139,0.067058055,0.067040774,0.067065623,0.067079334,0.067047523
1216,INPUT_BM1_90_5.txt,OUTPUT_SKIN5_90_5.txt,5,0.13722569,0.142986454,0.142952299,0.143005683,0.143033367,0.142964011
1217,INPUT_BM1_90_5.txt,OUTPUT_SKIN6_90_5.txt,5,0.182695157,0.215366014,0.21532309,0.215410572,0.215457772,0.215345085
1218,INPUT_BM1_90_5.txt,OUTPUT_SKIN7_90_5.txt,5,0.037031266,0.044344315,0.044336231,0.044358466,0.044360853,0.044341636
1219,INPUT_BM1_90_5.txt,OUTPUT_SKIN8_90_5.txt,5,0.055349461,0.061612618,0.061595845,0.061618844,0.06163069,0.061600893
1220,INPUT_BM1_90_5.txt,OUTPUT_SKIN9_90_5.txt,5,0.086725932,0.085934376,0.085896965,0.08594457,0.085955375,0.085925271
1221,INPUT_BM2_90_5.txt,OUTPUT_BM1_90_5.txt,5,53.02398107,58.65601317,58.67482622,58.61019795,58.6059319,58.67067313
1222,INPUT_BM2_90_5.txt,OUTPUT_BM2_90_5.txt,5,-886656,-664331,-664418.5,-664667.5,-664445.5,-664358
1223,INPUT_BM2_90_5.txt,OUTPUT_GUT_90_5.txt,5,NA,NA,NA,NA,NA,NA
1224,INPUT_BM2_90_5.txt,OUTPUT_L_90_5.txt,5,138.0153276,138.012403,138.0541243,137.9838172,138.0192765,138.132672
1225,INPUT_BM2_90_5.txt,OUTPUT_LN1_90_5.txt,5,15.9148147,18.6494853,18.66624835,18.66544699,18.67775043,18.67271399
1226,INPUT_BM2_90_5.txt,OUTPUT_LN2_90_5.txt,5,0.152301195,0.170268803,0.170252853,0.17018951,0.170254397,0.170265613
1227,INPUT_BM2_90_5.txt,OUTPUT_LUNG_90_5.txt,5,135.9725009,135.6122628,135.6432748,135.5886093,135.6096804,135.6438515
1228,INPUT_BM2_90_5.txt,OUTPUT_S_90_5.txt,5,10.57293036,10.59483289,10.5810019,10.58617436,10.58413894,10.59016449
1229,INPUT_BM2_90_5.txt,OUTPUT_SKIN1_90_5.txt,5,0.019975809,0.024288051,0.024284458,0.024276789,0.024284645,0.024286868
1230,INPUT_BM2_90_5.txt,OUTPUT_SKIN10_90_5.txt,5,0.283381653,0.268404642,0.268365432,0.268275205,0.268353283,0.268401409
1231,INPUT_BM2_90_5.txt,OUTPUT_SKIN11_90_5.txt,5,0.437508604,0.426325644,0.426268686,0.426106683,0.426251461,0.426308414
1232,INPUT_BM2_90_5.txt,OUTPUT_SKIN12_90_5.txt,5,0.225592494,0.173509813,0.173495241,0.173487449,0.173651979,0.173660295
1233,INPUT_BM2_90_5.txt,OUTPUT_SKIN2_90_5.txt,5,0.119840086,0.123552369,0.123519963,0.123657284,0.123565735,0.123640349
1234,INPUT_BM2_90_5.txt,OUTPUT_SKIN3_90_5.txt,5,0.052759847,0.04046475,0.040459923,0.040444743,0.040458278,0.040463105
1235,INPUT_BM2_90_5.txt,OUTPUT_SKIN4_90_5.txt,5,0.193410653,0.178268795,0.178258189,0.17817562,0.178267263,0.178291411
1236,INPUT_BM2_90_5.txt,OUTPUT_SKIN5_90_5.txt,5,0.108487268,0.118586063,0.118570385,0.118525791,0.118565594,0.118581271
1237,INPUT_BM2_90_5.txt,OUTPUT_SKIN6_90_5.txt,5,0.226287503,0.179663879,0.179647145,0.179598783,0.179663614,0.179677776
1238,INPUT_BM2_90_5.txt,OUTPUT_SKIN7_90_5.txt,5,0.093989341,0.075826085,0.07581828,0.07580096,0.075814505,0.075828134
1239,INPUT_BM2_90_5.txt,OUTPUT_SKIN8_90_5.txt,5,0.083638812,0.143615727,0.14359641,0.143542348,0.143590599,0.143609605
1240,INPUT_BM2_90_5.txt,OUTPUT_SKIN9_90_5.txt,5,0.198292823,0.207677369,0.207614675,0.207567404,0.207626718,0.207678019
1241,INPUT_GUT_90_5.txt,OUTPUT_BM1_90_5.txt,5,NA,NA,NA,NA,NA,NA
1242,INPUT_GUT_90_5.txt,OUTPUT_BM2_90_5.txt,5,NA,NA,NA,NA,NA,NA
1243,INPUT_GUT_90_5.txt,OUTPUT_GUT_90_5.txt,5,NA,NA,NA,NA,NA,NA
1244,INPUT_GUT_90_5.txt,OUTPUT_L_90_5.txt,5,NA,NA,NA,NA,NA,NA
1245,INPUT_GUT_90_5.txt,OUTPUT_LN1_90_5.txt,5,NA,NA,NA,NA,NA,NA
1246,INPUT_GUT_90_5.txt,OUTPUT_LN2_90_5.txt,5,NA,NA,NA,NA,NA,NA
1247,INPUT_GUT_90_5.txt,OUTPUT_LUNG_90_5.txt,5,NA,NA,NA,NA,NA,NA
1248,INPUT_GUT_90_5.txt,OUTPUT_S_90_5.txt,5,NA,NA,NA,NA,NA,NA
1249,INPUT_GUT_90_5.txt,OUTPUT_SKIN1_90_5.txt,5,NA,NA,NA,NA,NA,NA
1250,INPUT_GUT_90_5.txt,OUTPUT_SKIN10_90_5.txt,5,NA,NA,NA,NA,NA,NA
1251,INPUT_GUT_90_5.txt,OUTPUT_SKIN11_90_5.txt,5,NA,NA,NA,NA,NA,NA
1252,INPUT_GUT_90_5.txt,OUTPUT_SKIN12_90_5.txt,5,NA,NA,NA,NA,NA,NA
1253,INPUT_GUT_90_5.txt,OUTPUT_SKIN2_90_5.txt,5,NA,NA,NA,NA,NA,NA
1254,INPUT_GUT_90_5.txt,OUTPUT_SKIN3_90_5.txt,5,NA,NA,NA,NA,NA,NA
1255,INPUT_GUT_90_5.txt,OUTPUT_SKIN4_90_5.txt,5,NA,NA,NA,NA,NA,NA
1256,INPUT_GUT_90_5.txt,OUTPUT_SKIN5_90_5.txt,5,NA,NA,NA,NA,NA,NA
1257,INPUT_GUT_90_5.txt,OUTPUT_SKIN6_90_5.txt,5,NA,NA,NA,NA,NA,NA
1258,INPUT_GUT_90_5.txt,OUTPUT_SKIN7_90_5.txt,5,NA,NA,NA,NA,NA,NA
1259,INPUT_GUT_90_5.txt,OUTPUT_SKIN8_90_5.txt,5,NA,NA,NA,NA,NA,NA
1260,INPUT_GUT_90_5.txt,OUTPUT_SKIN9_90_5.txt,5,NA,NA,NA,NA,NA,NA
1261,INPUT_L_90_5.txt,OUTPUT_BM1_90_5.txt,5,648.1977772,612.6860088,612.550419,612.1790421,611.6076166,612.1613135
1262,INPUT_L_90_5.txt,OUTPUT_BM2_90_5.txt,5,1300.212221,1256.021713,1255.924085,1257.590956,1256.292434,1254.816781
1263,INPUT_L_90_5.txt,OUTPUT_GUT_90_5.txt,5,NA,NA,NA,NA,NA,NA
1264,INPUT_L_90_5.txt,OUTPUT_L_90_5.txt,5,-1054842.5,-791384.5,-791561.5,-791485,-791472,-791770.5
1265,INPUT_L_90_5.txt,OUTPUT_LN1_90_5.txt,5,20.6080069,20.90666795,20.92370728,20.93244762,20.93989492,20.92373616
1266,INPUT_L_90_5.txt,OUTPUT_LN2_90_5.txt,5,0.141316205,0.14629663,0.146267725,0.14628876,0.146292237,0.14623033
1267,INPUT_L_90_5.txt,OUTPUT_LUNG_90_5.txt,5,167.1599754,163.0408009,163.0644273,163.0677698,163.0473099,163.0088654
1268,INPUT_L_90_5.txt,OUTPUT_S_90_5.txt,5,14.98652536,13.35399824,13.3351183,13.34816751,13.34121892,13.34186778
1269,INPUT_L_90_5.txt,OUTPUT_SKIN1_90_5.txt,5,0.033443701,0.038127945,0.038118798,0.038124711,0.038124928,0.038109023
1270,INPUT_L_90_5.txt,OUTPUT_SKIN10_90_5.txt,5,0.749134367,0.7482071,0.747995714,0.748096333,0.748126185,0.747844737
1271,INPUT_L_90_5.txt,OUTPUT_SKIN11_90_5.txt,5,0.463941925,0.472172248,0.472064486,0.47210992,0.472117796,0.471937402
1272,INPUT_L_90_5.txt,OUTPUT_SKIN12_90_5.txt,5,0.133264206,0.286271833,0.286213895,0.286295214,0.286458635,0.286317986
1273,INPUT_L_90_5.txt,OUTPUT_SKIN2_90_5.txt,5,0.183864267,0.177490874,0.177428781,0.177696371,0.177515044,0.177534949
1274,INPUT_L_90_5.txt,OUTPUT_SKIN3_90_5.txt,5,0.120857852,0.121031147,0.121004284,0.121015962,0.121017958,0.120971847
1275,INPUT_L_90_5.txt,OUTPUT_SKIN4_90_5.txt,5,0.13067143,0.135922845,0.135893684,0.135901246,0.135927911,0.13587692
1276,INPUT_L_90_5.txt,OUTPUT_SKIN5_90_5.txt,5,0.215369022,0.206606802,0.206560113,0.20658005,0.206583466,0.206505043
1277,INPUT_L_90_5.txt,OUTPUT_SKIN6_90_5.txt,5,0.258040758,0.388198091,0.388124088,0.388202362,0.388216985,0.388050044
1278,INPUT_L_90_5.txt,OUTPUT_SKIN7_90_5.txt,5,0.196572644,0.202052398,0.202015529,0.202056688,0.202036792,0.201968307
1279,INPUT_L_90_5.txt,OUTPUT_SKIN8_90_5.txt,5,0.164558825,0.193899533,0.193855379,0.193874081,0.193877287,0.19380375
1280,INPUT_L_90_5.txt,OUTPUT_SKIN9_90_5.txt,5,0.2587571,0.268091525,0.267990079,0.2680506,0.268044786,0.267969442
1281,INPUT_LN1_90_5.txt,OUTPUT_BM1_90_5.txt,5,2.447081143,2.292406084,2.292250411,2.290214286,2.288888682,2.291573601
1282,INPUT_LN1_90_5.txt,OUTPUT_BM2_90_5.txt,5,1.827532617,4.150544938,4.149468312,4.151928867,4.148415996,4.1481566
1283,INPUT_LN1_90_5.txt,OUTPUT_GUT_90_5.txt,5,NA,NA,NA,NA,NA,NA
1284,INPUT_LN1_90_5.txt,OUTPUT_L_90_5.txt,5,4.468115898,4.432721049,4.432390736,4.430838179,4.42993079,4.434155139
1285,INPUT_LN1_90_5.txt,OUTPUT_LN1_90_5.txt,5,-435380,-326729.5,-326900,-326953,-327009,-326943
1286,INPUT_LN1_90_5.txt,OUTPUT_LN2_90_5.txt,5,0.145671088,0.182440237,0.182338374,0.182329243,0.182279008,0.182327521
1287,INPUT_LN1_90_5.txt,OUTPUT_LUNG_90_5.txt,5,1.117108956,0.954004222,0.953855488,0.953621351,0.953322989,0.953655837
1288,INPUT_LN1_90_5.txt,OUTPUT_S_90_5.txt,5,4.03391779,3.327861497,3.322219008,3.324557706,3.322216241,3.324337086
1289,INPUT_LN1_90_5.txt,OUTPUT_SKIN1_90_5.txt,5,0.04909204,0.065472091,0.065436796,0.065429913,0.065418081,0.065428692
1290,INPUT_LN1_90_5.txt,OUTPUT_SKIN10_90_5.txt,5,0.808924511,0.783454223,0.782997953,0.78289587,0.782768562,0.782943791
1291,INPUT_LN1_90_5.txt,OUTPUT_SKIN11_90_5.txt,5,0.202456815,0.199495609,0.199390764,0.199358195,0.199323795,0.19936434
1292,INPUT_LN1_90_5.txt,OUTPUT_SKIN12_90_5.txt,5,0.2207349,0.372306579,0.372129633,0.372202367,0.372244829,0.372401342
1293,INPUT_LN1_90_5.txt,OUTPUT_SKIN2_90_5.txt,5,0.265784448,0.241367371,0.241220456,0.241478999,0.24118438,0.241411834
1294,INPUT_LN1_90_5.txt,OUTPUT_SKIN3_90_5.txt,5,0.086430567,0.064166501,0.064133079,0.064122656,0.064111646,0.064124489
1295,INPUT_LN1_90_5.txt,OUTPUT_SKIN4_90_5.txt,5,0.195387524,0.18158783,0.181497255,0.181458206,0.181468201,0.181504146
1296,INPUT_LN1_90_5.txt,OUTPUT_SKIN5_90_5.txt,5,0.18456957,0.169420269,0.169331344,0.169303721,0.169274544,0.169308932
1297,INPUT_LN1_90_5.txt,OUTPUT_SKIN6_90_5.txt,5,0.11224825,0.133882145,0.133818601,0.133787303,0.133768445,0.133791367
1298,INPUT_LN1_90_5.txt,OUTPUT_SKIN7_90_5.txt,5,0.083523908,0.087290068,0.087248163,0.087243735,0.087218303,0.087239637
1299,INPUT_LN1_90_5.txt,OUTPUT_SKIN8_90_5.txt,5,0.148809948,0.166558665,0.166459708,0.166432548,0.166403861,0.166437672
1300,INPUT_LN1_90_5.txt,OUTPUT_SKIN9_90_5.txt,5,0.282733364,0.259881831,0.259716453,0.259707813,0.259645478,0.259717633
1301,INPUT_LN2_90_5.txt,OUTPUT_BM1_90_5.txt,5,7.856333294,7.871533621,7.871202051,7.871824311,7.872184083,7.871325589
1302,INPUT_LN2_90_5.txt,OUTPUT_BM2_90_5.txt,5,7.85850469,7.880274364,7.88007918,7.879461426,7.880078925,7.880251496
1303,INPUT_LN2_90_5.txt,OUTPUT_GUT_90_5.txt,5,NA,NA,NA,NA,NA,NA
1304,INPUT_LN2_90_5.txt,OUTPUT_L_90_5.txt,5,7.603459452,7.62411707,7.623817933,7.623949676,7.623995099,7.623428272
1305,INPUT_LN2_90_5.txt,OUTPUT_LN1_90_5.txt,5,7.398929163,7.413849126,7.413259839,7.413098725,7.412916046,7.413103406
1306,INPUT_LN2_90_5.txt,OUTPUT_LN2_90_5.txt,5,-458585.5,-345047.5,-345046,-345044.5,-345043.5,-345046
1307,INPUT_LN2_90_5.txt,OUTPUT_LUNG_90_5.txt,5,7.550612025,7.570970496,7.570766201,7.57085235,7.570965547,7.570816354
1308,INPUT_LN2_90_5.txt,OUTPUT_S_90_5.txt,5,8.408743916,8.428496227,8.43010788,8.428988003,8.429728239,8.42910725
1309,INPUT_LN2_90_5.txt,OUTPUT_SKIN1_90_5.txt,5,16.37690356,15.75632774,15.75615603,15.75694841,15.75703467,15.75626704
1310,INPUT_LN2_90_5.txt,OUTPUT_SKIN10_90_5.txt,5,44.9500872,45.28145999,45.28122792,45.27091775,45.26635837,45.26796746
1311,INPUT_LN2_90_5.txt,OUTPUT_SKIN11_90_5.txt,5,40.69858328,40.7996159,40.79985927,40.80009893,40.80026324,40.79985741
1312,INPUT_LN2_90_5.txt,OUTPUT_SKIN12_90_5.txt,5,21.13010912,21.62144932,21.62309961,21.62557409,21.64115297,21.64765349
1313,INPUT_LN2_90_5.txt,OUTPUT_SKIN2_90_5.txt,5,16.26997237,16.30616605,16.30641331,16.31928297,16.30557962,16.31775969
1314,INPUT_LN2_90_5.txt,OUTPUT_SKIN3_90_5.txt,5,19.77808938,20.11275048,20.11302142,20.11312468,20.11319462,20.11285419
1315,INPUT_LN2_90_5.txt,OUTPUT_SKIN4_90_5.txt,5,7.493380732,7.218875197,7.21889606,7.218702851,7.220383044,7.220334604
1316,INPUT_LN2_90_5.txt,OUTPUT_SKIN5_90_5.txt,5,19.05591776,18.58540691,18.58550046,18.58559325,18.58565605,18.58550008
1317,INPUT_LN2_90_5.txt,OUTPUT_SKIN6_90_5.txt,5,12.20918597,11.70595376,11.70644083,11.70612989,11.70642378,11.70599266
1318,INPUT_LN2_90_5.txt,OUTPUT_SKIN7_90_5.txt,5,11.12537529,11.0786625,11.07879834,11.07993441,11.07883543,11.0790612
1319,INPUT_LN2_90_5.txt,OUTPUT_SKIN8_90_5.txt,5,16.53712563,16.75475917,16.75480212,16.75488751,16.75494519,16.75480181
1320,INPUT_LN2_90_5.txt,OUTPUT_SKIN9_90_5.txt,5,35.32118718,34.49020103,34.48981023,34.51386615,34.49031012,34.49098335
1321,INPUT_LUNG_90_5.txt,OUTPUT_BM1_90_5.txt,5,5.661494215,5.156289821,5.153145054,5.15394265,5.147914064,5.152750086
1322,INPUT_LUNG_90_5.txt,OUTPUT_BM2_90_5.txt,5,3.378588442,2.796656691,2.796881201,2.799097271,2.797418652,2.796474996
1323,INPUT_LUNG_90_5.txt,OUTPUT_GUT_90_5.txt,5,NA,NA,NA,NA,NA,NA
1324,INPUT_LUNG_90_5.txt,OUTPUT_L_90_5.txt,5,5.962540116,5.149757751,5.15112987,5.150749501,5.150944271,5.1540606
1325,INPUT_LUNG_90_5.txt,OUTPUT_LN1_90_5.txt,5,9.712743559,9.208863591,9.216762446,9.220117563,9.223907899,9.219530811
1326,INPUT_LUNG_90_5.txt,OUTPUT_LN2_90_5.txt,5,0.097750971,0.091372235,0.09135935,0.091362621,0.091374173,0.091360689
1327,INPUT_LUNG_90_5.txt,OUTPUT_LUNG_90_5.txt,5,-480257,-360560,-360626,-360611,-360585.5,-360612
1328,INPUT_LUNG_90_5.txt,OUTPUT_S_90_5.txt,5,4.050216393,3.689216343,3.684137677,3.687547382,3.685812146,3.68715344
1329,INPUT_LUNG_90_5.txt,OUTPUT_SKIN1_90_5.txt,5,0.044088117,0.056536654,0.056525905,0.056529574,0.056533404,0.056528294
1330,INPUT_LUNG_90_5.txt,OUTPUT_SKIN10_90_5.txt,5,0.154448041,0.155459382,0.15542272,0.155419817,0.155426317,0.155420233
1331,INPUT_LUNG_90_5.txt,OUTPUT_SKIN11_90_5.txt,5,0.175381693,0.16056714,0.160537584,0.160544301,0.16055572,0.160543853
1332,INPUT_LUNG_90_5.txt,OUTPUT_SKIN12_90_5.txt,5,0.12254676,0.151429735,0.15140466,0.151425724,0.151419379,0.151416819
1333,INPUT_LUNG_90_5.txt,OUTPUT_SKIN2_90_5.txt,5,0.197463477,0.183994133,0.183943573,0.183852914,0.184014856,0.183795674
1334,INPUT_LUNG_90_5.txt,OUTPUT_SKIN3_90_5.txt,5,0.072304364,0.047973034,0.047964787,0.047966786,0.047970184,0.047966104
1335,INPUT_LUNG_90_5.txt,OUTPUT_SKIN4_90_5.txt,5,0.088475405,0.088587799,0.088570349,0.088572394,0.088595677,0.088588852
1336,INPUT_LUNG_90_5.txt,OUTPUT_SKIN5_90_5.txt,5,0.128867433,0.127328569,0.127305162,0.127310481,0.127319524,0.127310126
1337,INPUT_LUNG_90_5.txt,OUTPUT_SKIN6_90_5.txt,5,0.111620075,0.120233561,0.120217309,0.120215103,0.120227458,0.120214781
1338,INPUT_LUNG_90_5.txt,OUTPUT_SKIN7_90_5.txt,5,0.161556556,0.153230545,0.153205225,0.153235787,0.15322019,0.153216172
1339,INPUT_LUNG_90_5.txt,OUTPUT_SKIN8_90_5.txt,5,0.09175254,0.100718256,0.100695446,0.10069965,0.100706798,0.10069937
1340,INPUT_LUNG_90_5.txt,OUTPUT_SKIN9_90_5.txt,5,0.189583946,0.187271923,0.187199273,0.187283156,0.187241762,0.187255303
1341,INPUT_S_90_5.txt,OUTPUT_BM1_90_5.txt,5,5.062289258,6.507226943,6.509650596,6.506234565,6.501265447,6.506350276
1342,INPUT_S_90_5.txt,OUTPUT_BM2_90_5.txt,5,6.040165225,6.186911491,6.192077593,6.194083838,6.191560427,6.188617698
1343,INPUT_S_90_5.txt,OUTPUT_GUT_90_5.txt,5,NA,NA,NA,NA,NA,NA
1344,INPUT_S_90_5.txt,OUTPUT_L_90_5.txt,5,17.69913151,22.18168439,22.20322189,22.19460673,22.19932238,22.20668305
1345,INPUT_S_90_5.txt,OUTPUT_LN1_90_5.txt,5,360.8927616,353.1210141,353.153704,353.2566499,353.255891,353.23935
1346,INPUT_S_90_5.txt,OUTPUT_LN2_90_5.txt,5,0.147836985,0.139639983,0.139714057,0.139684469,0.139695129,0.139679547
1347,INPUT_S_90_5.txt,OUTPUT_LUNG_90_5.txt,5,203.5496615,199.685767,199.7803153,199.7364603,199.7353336,199.7395236
1348,INPUT_S_90_5.txt,OUTPUT_S_90_5.txt,5,-1159885,-870833.5,-870328.5,-870703.5,-870474,-870661.5
1349,INPUT_S_90_5.txt,OUTPUT_SKIN1_90_5.txt,5,0.094536568,0.090748724,0.090800145,0.090766284,0.09078933,0.090766013
1350,INPUT_S_90_5.txt,OUTPUT_SKIN10_90_5.txt,5,1.048000097,1.037695321,1.038345906,1.037906862,1.038114937,1.037946145
1351,INPUT_S_90_5.txt,OUTPUT_SKIN11_90_5.txt,5,0.428627893,0.346065114,0.346269536,0.346117846,0.346210745,0.346135078
1352,INPUT_S_90_5.txt,OUTPUT_SKIN12_90_5.txt,5,0.370443795,0.329420081,0.329632812,0.329605938,0.329899038,0.329799642
1353,INPUT_S_90_5.txt,OUTPUT_SKIN2_90_5.txt,5,0.176086349,0.15245701,0.152518826,0.152679101,0.152564973,0.15258664
1354,INPUT_S_90_5.txt,OUTPUT_SKIN3_90_5.txt,5,0.066495654,0.060082018,0.06011739,0.060091426,0.060107315,0.06009393
1355,INPUT_S_90_5.txt,OUTPUT_SKIN4_90_5.txt,5,0.2379451,0.229077314,0.229204312,0.229102353,0.229212568,0.229163365
1356,INPUT_S_90_5.txt,OUTPUT_SKIN5_90_5.txt,5,0.287950056,0.238327871,0.238468278,0.238364107,0.238427915,0.238375975
1357,INPUT_S_90_5.txt,OUTPUT_SKIN6_90_5.txt,5,0.090352595,0.110485621,0.110555199,0.110507652,0.110540379,0.110512073
1358,INPUT_S_90_5.txt,OUTPUT_SKIN7_90_5.txt,5,0.023963968,0.027928733,0.027945489,0.027938121,0.027940528,0.027935909
1359,INPUT_S_90_5.txt,OUTPUT_SKIN8_90_5.txt,5,0.516957287,0.469141365,0.46942021,0.469212759,0.469339898,0.469236603
1360,INPUT_S_90_5.txt,OUTPUT_SKIN9_90_5.txt,5,0.123214174,0.107226333,0.107267581,0.107248682,0.107261248,0.107253381
1361,INPUT_SKIN1_90_5.txt,OUTPUT_BM1_90_5.txt,5,6.807265288,6.542829617,6.538551934,6.54241825,6.538198429,6.538711439
1362,INPUT_SKIN1_90_5.txt,OUTPUT_BM2_90_5.txt,5,2.736655144,2.903343147,2.903800593,2.904941774,2.903862324,2.903491095
1363,INPUT_SKIN1_90_5.txt,OUTPUT_GUT_90_5.txt,5,NA,NA,NA,NA,NA,NA
1364,INPUT_SKIN1_90_5.txt,OUTPUT_L_90_5.txt,5,5.829919233,5.714487783,5.714854007,5.71480357,5.714812213,5.715204596
1365,INPUT_SKIN1_90_5.txt,OUTPUT_LN1_90_5.txt,5,6.817127663,6.60194141,6.601840769,6.601583155,6.601568834,6.601772475
1366,INPUT_SKIN1_90_5.txt,OUTPUT_LN2_90_5.txt,5,1.832596207,1.816766652,1.816767147,1.816695055,1.816696608,1.816758617
1367,INPUT_SKIN1_90_5.txt,OUTPUT_LUNG_90_5.txt,5,7.420066402,7.186446983,7.186260998,7.186088547,7.186225705,7.186282417
1368,INPUT_SKIN1_90_5.txt,OUTPUT_S_90_5.txt,5,2.745893438,3.059329376,3.057393905,3.058757145,3.057883006,3.05867989
1369,INPUT_SKIN1_90_5.txt,OUTPUT_SKIN1_90_5.txt,5,-480440,-360435.5,-360432.5,-360443.5,-360441.5,-360434
1370,INPUT_SKIN1_90_5.txt,OUTPUT_SKIN10_90_5.txt,5,1.635426274,1.686948137,1.686916355,1.686937154,1.68692492,1.687009327
1371,INPUT_SKIN1_90_5.txt,OUTPUT_SKIN11_90_5.txt,5,0.784418537,0.721877514,0.721883606,0.72186124,0.721865329,0.72188056
1372,INPUT_SKIN1_90_5.txt,OUTPUT_SKIN12_90_5.txt,5,1.05595337,1.154255109,1.15432993,1.154742951,1.155578516,1.155510683
1373,INPUT_SKIN1_90_5.txt,OUTPUT_SKIN2_90_5.txt,5,0.784383525,0.751198608,0.751041323,0.752103172,0.751370861,0.751603102
1374,INPUT_SKIN1_90_5.txt,OUTPUT_SKIN3_90_5.txt,5,0.239551627,0.197059293,0.197062098,0.197056068,0.197057163,0.197060115
1375,INPUT_SKIN1_90_5.txt,OUTPUT_SKIN4_90_5.txt,5,0.333726316,0.371529413,0.371538197,0.371510377,0.371587636,0.371596348
1376,INPUT_SKIN1_90_5.txt,OUTPUT_SKIN5_90_5.txt,5,0.499358679,0.475496437,0.47550043,0.475485759,0.47548845,0.475498434
1377,INPUT_SKIN1_90_5.txt,OUTPUT_SKIN6_90_5.txt,5,0.32705645,0.418141699,0.418166298,0.4181146,0.418131876,0.418130138
1378,INPUT_SKIN1_90_5.txt,OUTPUT_SKIN7_90_5.txt,5,0.248209239,0.286783918,0.286802471,0.286831387,0.286792356,0.28681291
1379,INPUT_SKIN1_90_5.txt,OUTPUT_SKIN8_90_5.txt,5,1.097745983,0.801582882,0.801587669,0.801562926,0.801567477,0.801584303
1380,INPUT_SKIN1_90_5.txt,OUTPUT_SKIN9_90_5.txt,5,0.864278212,0.945182667,0.944952391,0.945779351,0.945063106,0.945259906
1381,INPUT_SKIN10_90_5.txt,OUTPUT_BM1_90_5.txt,5,2.102551672,2.021576473,2.020574077,2.020985294,2.018504901,2.02030642
1382,INPUT_SKIN10_90_5.txt,OUTPUT_BM2_90_5.txt,5,2.229744784,2.143545596,2.144056218,2.145400263,2.144131338,2.143643338
1383,INPUT_SKIN10_90_5.txt,OUTPUT_GUT_90_5.txt,5,NA,NA,NA,NA,NA,NA
1384,INPUT_SKIN10_90_5.txt,OUTPUT_L_90_5.txt,5,4.595831479,4.285569547,4.286921178,4.286934892,4.286817308,4.288460725
1385,INPUT_SKIN10_90_5.txt,OUTPUT_LN1_90_5.txt,5,17.63024971,15.36455296,15.36296734,15.36252043,15.36323547,15.36338051
1386,INPUT_SKIN10_90_5.txt,OUTPUT_LN2_90_5.txt,5,0.247177837,0.278309546,0.278307574,0.278336446,0.278299063,0.278317809
1387,INPUT_SKIN10_90_5.txt,OUTPUT_LUNG_90_5.txt,5,0.86213404,0.89163033,0.891956547,0.891866491,0.89173216,0.891855623
1388,INPUT_SKIN10_90_5.txt,OUTPUT_S_90_5.txt,5,2.992300572,2.796724908,2.794038657,2.795979251,2.794722076,2.795730176
1389,INPUT_SKIN10_90_5.txt,OUTPUT_SKIN1_90_5.txt,5,0.01995982,0.146327226,0.146328756,0.146335244,0.14633043,0.146323681
1390,INPUT_SKIN10_90_5.txt,OUTPUT_SKIN10_90_5.txt,5,-609625,-458122.5,-458109.5,-458119.5,-458129,-458129.5
1391,INPUT_SKIN10_90_5.txt,OUTPUT_SKIN11_90_5.txt,5,1.021524455,0.966912627,0.966940175,0.966918732,0.96689852,0.966897477
1392,INPUT_SKIN10_90_5.txt,OUTPUT_SKIN12_90_5.txt,5,0.229921265,0.257107064,0.257131549,0.257233752,0.257304622,0.257388121
1393,INPUT_SKIN10_90_5.txt,OUTPUT_SKIN2_90_5.txt,5,0.248618534,0.23338557,0.233360831,0.233695465,0.233434888,0.233532311
1394,INPUT_SKIN10_90_5.txt,OUTPUT_SKIN3_90_5.txt,5,0.080980349,0.056182015,0.056183611,0.056182383,0.056181218,0.056181156
1395,INPUT_SKIN10_90_5.txt,OUTPUT_SKIN4_90_5.txt,5,0.119786831,0.137021618,0.137026645,0.137017894,0.137045297,0.13704549
1396,INPUT_SKIN10_90_5.txt,OUTPUT_SKIN5_90_5.txt,5,0.153140324,0.150797769,0.150802048,0.150798747,0.150795618,0.150795454
1397,INPUT_SKIN10_90_5.txt,OUTPUT_SKIN6_90_5.txt,5,0.166503765,0.183952541,0.183966511,0.18395969,0.183961843,0.183954742
1398,INPUT_SKIN10_90_5.txt,OUTPUT_SKIN7_90_5.txt,5,0.134796816,0.145037661,0.145048608,0.145065855,0.145040946,0.145048151
1399,INPUT_SKIN10_90_5.txt,OUTPUT_SKIN8_90_5.txt,5,0.147298621,0.142129096,0.142121747,0.142118637,0.142115683,0.14211553
1400,INPUT_SKIN10_90_5.txt,OUTPUT_SKIN9_90_5.txt,5,0.331421306,0.295252664,0.295181456,0.295516246,0.295212808,0.295273668
1401,INPUT_SKIN11_90_5.txt,OUTPUT_BM1_90_5.txt,5,3.444126059,3.202113391,3.199658561,3.201276968,3.196892242,3.199438132
1402,INPUT_SKIN11_90_5.txt,OUTPUT_BM2_90_5.txt,5,3.38444679,3.08370121,3.084329534,3.086117588,3.0845247,3.083896375
1403,INPUT_SKIN11_90_5.txt,OUTPUT_GUT_90_5.txt,5,NA,NA,NA,NA,NA,NA
1404,INPUT_SKIN11_90_5.txt,OUTPUT_L_90_5.txt,5,6.571630349,6.164659375,6.166137203,6.166649481,6.166540615,6.167882596
1405,INPUT_SKIN11_90_5.txt,OUTPUT_LN1_90_5.txt,5,8.486482493,7.864093908,7.867371728,7.868390102,7.869465841,7.868197975
1406,INPUT_SKIN11_90_5.txt,OUTPUT_LN2_90_5.txt,5,0.187263428,0.171436173,0.171442146,0.171451011,0.171453387,0.171443592
1407,INPUT_SKIN11_90_5.txt,OUTPUT_LUNG_90_5.txt,5,2.070767633,1.746519433,1.747075217,1.746948899,1.746734163,1.74695732
1408,INPUT_SKIN11_90_5.txt,OUTPUT_S_90_5.txt,5,4.905680704,4.788822617,4.785167161,4.787884373,4.786223139,4.787585133
1409,INPUT_SKIN11_90_5.txt,OUTPUT_SKIN1_90_5.txt,5,0.051508959,0.138112352,0.138112924,0.138110474,0.138111206,0.138112638
1410,INPUT_SKIN11_90_5.txt,OUTPUT_SKIN10_90_5.txt,5,0.388322813,0.409973364,0.409953598,0.409912284,0.409888292,0.409907858
1411,INPUT_SKIN11_90_5.txt,OUTPUT_SKIN11_90_5.txt,5,-487827.5,-366195,-366195,-366195,-366195,-366195
1412,INPUT_SKIN11_90_5.txt,OUTPUT_SKIN12_90_5.txt,5,0.325264983,0.357022515,0.35705281,0.357160192,0.356873581,0.356957935
1413,INPUT_SKIN11_90_5.txt,OUTPUT_SKIN2_90_5.txt,5,0.544836193,0.569354623,0.569315955,0.570084807,0.569460258,0.569748294
1414,INPUT_SKIN11_90_5.txt,OUTPUT_SKIN3_90_5.txt,5,0.094726273,0.086762639,0.086763633,0.086763633,0.086763633,0.086762639
1415,INPUT_SKIN11_90_5.txt,OUTPUT_SKIN4_90_5.txt,5,0.155509064,0.180873392,0.180871046,0.180865731,0.180906872,0.18090734
1416,INPUT_SKIN11_90_5.txt,OUTPUT_SKIN5_90_5.txt,5,0.332961783,0.35511654,0.35511654,0.35511654,0.35511654,0.35511654
1417,INPUT_SKIN11_90_5.txt,OUTPUT_SKIN6_90_5.txt,5,0.179530437,0.186173038,0.186182162,0.186171038,0.186176827,0.186170601
1418,INPUT_SKIN11_90_5.txt,OUTPUT_SKIN7_90_5.txt,5,0.205501451,0.131403586,0.131412415,0.131428283,0.131411079,0.131417754
1419,INPUT_SKIN11_90_5.txt,OUTPUT_SKIN8_90_5.txt,5,0.180348432,0.209484871,0.209475932,0.209475932,0.209475932,0.209475932
1420,INPUT_SKIN11_90_5.txt,OUTPUT_SKIN9_90_5.txt,5,0.318462091,0.33299642,0.332908902,0.333255976,0.33295794,0.333023944
1421,INPUT_SKIN12_90_5.txt,OUTPUT_BM1_90_5.txt,5,6.026746834,5.226335976,5.216404066,5.224052431,5.211344212,5.213887714
1422,INPUT_SKIN12_90_5.txt,OUTPUT_BM2_90_5.txt,5,3.592106376,3.568557009,3.56897743,3.569740268,3.567150059,3.566757847
1423,INPUT_SKIN12_90_5.txt,OUTPUT_GUT_90_5.txt,5,NA,NA,NA,NA,NA,NA
1424,INPUT_SKIN12_90_5.txt,OUTPUT_L_90_5.txt,5,7.243294608,6.942935337,6.943119762,6.943101528,6.94061422,6.939930439
1425,INPUT_SKIN12_90_5.txt,OUTPUT_LN1_90_5.txt,5,8.147025322,7.891653208,7.891373923,7.889714539,7.886888471,7.887208494
1426,INPUT_SKIN12_90_5.txt,OUTPUT_LN2_90_5.txt,5,0.619271869,0.606598265,0.606555597,0.606535268,0.606239282,0.606313672
1427,INPUT_SKIN12_90_5.txt,OUTPUT_LUNG_90_5.txt,5,8.837637164,8.589130266,8.588631887,8.586877546,8.58388896,8.584124926
1428,INPUT_SKIN12_90_5.txt,OUTPUT_S_90_5.txt,5,5.178582962,4.514688684,4.512153856,4.51299828,4.510313771,4.511378214
1429,INPUT_SKIN12_90_5.txt,OUTPUT_SKIN1_90_5.txt,5,0.084871155,0.098828098,0.098823525,0.098809159,0.098773978,0.098773751
1430,INPUT_SKIN12_90_5.txt,OUTPUT_SKIN10_90_5.txt,5,0.936957831,1.010859099,1.010770056,1.010189417,1.009631942,1.009786368
1431,INPUT_SKIN12_90_5.txt,OUTPUT_SKIN11_90_5.txt,5,97.05961661,94.58095802,94.58397424,94.58871822,94.48880357,94.5057822
1432,INPUT_SKIN12_90_5.txt,OUTPUT_SKIN12_90_5.txt,5,-608675.5,-456508.5,-456522,-456615,-456774,-456756
1433,INPUT_SKIN12_90_5.txt,OUTPUT_SKIN2_90_5.txt,5,0.641551252,0.62108583,0.621032006,0.62171852,0.620784594,0.621108415
1434,INPUT_SKIN12_90_5.txt,OUTPUT_SKIN3_90_5.txt,5,0.133499048,0.138506731,0.138504556,0.138476376,0.138428082,0.138431647
1435,INPUT_SKIN12_90_5.txt,OUTPUT_SKIN4_90_5.txt,5,0.134310961,0.33967296,0.339679213,0.339587784,0.339537213,0.339551367
1436,INPUT_SKIN12_90_5.txt,OUTPUT_SKIN5_90_5.txt,5,0.497107123,0.482135741,0.482121465,0.482023232,0.481856908,0.481873235
1437,INPUT_SKIN12_90_5.txt,OUTPUT_SKIN6_90_5.txt,5,0.274082909,0.267834588,0.267839141,0.267777669,0.267692839,0.267693961
1438,INPUT_SKIN12_90_5.txt,OUTPUT_SKIN7_90_5.txt,5,0.260762991,0.234619571,0.234628674,0.234609004,0.234496791,0.234517905
1439,INPUT_SKIN12_90_5.txt,OUTPUT_SKIN8_90_5.txt,5,0.144449413,0.449607867,0.449593728,0.44950331,0.449345984,0.449364075
1440,INPUT_SKIN12_90_5.txt,OUTPUT_SKIN9_90_5.txt,5,0.917306116,0.748666367,0.748382207,0.74994206,0.748107944,0.748356289
1441,INPUT_SKIN2_90_5.txt,OUTPUT_BM1_90_5.txt,5,1.365094784,1.347336449,1.347376904,1.3463688,1.347230365,1.346789172
1442,INPUT_SKIN2_90_5.txt,OUTPUT_BM2_90_5.txt,5,1.339641171,1.320319568,1.320352731,1.319250729,1.320079092,1.319780436
1443,INPUT_SKIN2_90_5.txt,OUTPUT_GUT_90_5.txt,5,NA,NA,NA,NA,NA,NA
1444,INPUT_SKIN2_90_5.txt,OUTPUT_L_90_5.txt,5,1.335244024,1.318486293,1.318491228,1.317469376,1.318239047,1.31784157
1445,INPUT_SKIN2_90_5.txt,OUTPUT_LN1_90_5.txt,5,1.309784864,1.291571468,1.291522297,1.290477258,1.291193172,1.290918818
1446,INPUT_SKIN2_90_5.txt,OUTPUT_LN2_90_5.txt,5,4.93665583,4.63243951,4.632564262,4.62928099,4.631650184,4.630729402
1447,INPUT_SKIN2_90_5.txt,OUTPUT_LUNG_90_5.txt,5,1.229421719,1.215098691,1.215151455,1.214197231,1.214903963,1.214606935
1448,INPUT_SKIN2_90_5.txt,OUTPUT_S_90_5.txt,5,1.47158252,1.451398533,1.451710274,1.450387186,1.451344763,1.450902368
1449,INPUT_SKIN2_90_5.txt,OUTPUT_SKIN1_90_5.txt,5,5.048892881,5.005949614,5.006099726,5.002247921,5.005255591,5.003750418
1450,INPUT_SKIN2_90_5.txt,OUTPUT_SKIN10_90_5.txt,5,14.18392986,12.57725153,12.57901798,12.56915285,12.57524633,12.57300818
1451,INPUT_SKIN2_90_5.txt,OUTPUT_SKIN11_90_5.txt,5,16.37960578,16.17895927,16.17975546,16.16576988,16.17604541,16.17189418
1452,INPUT_SKIN2_90_5.txt,OUTPUT_SKIN12_90_5.txt,5,12.4123449,11.5204598,11.521652,11.51623307,11.53001155,11.5272483
1453,INPUT_SKIN2_90_5.txt,OUTPUT_SKIN2_90_5.txt,5,-741980,-558047,-558023.5,-558463.5,-558136,-558276
1454,INPUT_SKIN2_90_5.txt,OUTPUT_SKIN3_90_5.txt,5,1.314970308,1.201544963,1.20159761,1.200640927,1.201351514,1.201047265
1455,INPUT_SKIN2_90_5.txt,OUTPUT_SKIN4_90_5.txt,5,5.375810041,4.765335775,4.76541099,4.761455489,4.765449073,4.764248328
1456,INPUT_SKIN2_90_5.txt,OUTPUT_SKIN5_90_5.txt,5,16.36152761,16.16282888,16.16365384,16.15075682,16.15989055,16.15685977
1457,INPUT_SKIN2_90_5.txt,OUTPUT_SKIN6_90_5.txt,5,1.923757127,1.910709349,1.910877208,1.909187205,1.910382763,1.909858538
1458,INPUT_SKIN2_90_5.txt,OUTPUT_SKIN7_90_5.txt,5,11.39074386,11.0078346,11.00852182,11.00190643,11.00597473,11.00429082
1459,INPUT_SKIN2_90_5.txt,OUTPUT_SKIN8_90_5.txt,5,6.892442905,7.44814997,7.448492341,7.4425467,7.44683894,7.445200446
1460,INPUT_SKIN2_90_5.txt,OUTPUT_SKIN9_90_5.txt,5,5.404211596,3.937724622,3.937093207,3.934698155,3.936710352,3.936313095
1461,INPUT_SKIN3_90_5.txt,OUTPUT_BM1_90_5.txt,5,4.622403033,4.594840722,4.58869178,4.593813001,4.585895264,4.5886514
1462,INPUT_SKIN3_90_5.txt,OUTPUT_BM2_90_5.txt,5,2.789267476,2.931039856,2.931583861,2.933131881,2.931753205,2.931209205
1463,INPUT_SKIN3_90_5.txt,OUTPUT_GUT_90_5.txt,5,NA,NA,NA,NA,NA,NA
1464,INPUT_SKIN3_90_5.txt,OUTPUT_L_90_5.txt,5,4.686890202,4.658685334,4.659768044,4.659942823,4.659863064,4.661046818
1465,INPUT_SKIN3_90_5.txt,OUTPUT_LN1_90_5.txt,5,7.257512393,7.01832164,7.020272917,7.020879035,7.021519228,7.020764735
1466,INPUT_SKIN3_90_5.txt,OUTPUT_LN2_90_5.txt,5,0.288301059,0.307219739,0.30723762,0.307253968,0.307266727,0.307236847
1467,INPUT_SKIN3_90_5.txt,OUTPUT_LUNG_90_5.txt,5,10.95216111,10.62595733,10.62560486,10.62568492,10.62582105,10.62567973
1468,INPUT_SKIN3_90_5.txt,OUTPUT_S_90_5.txt,5,3.459160821,3.587519108,3.584824783,3.586827489,3.58560305,3.586606828
1469,INPUT_SKIN3_90_5.txt,OUTPUT_SKIN1_90_5.txt,5,0.124290506,0.109438587,0.109436772,0.109443041,0.109442222,0.109437679
1470,INPUT_SKIN3_90_5.txt,OUTPUT_SKIN10_90_5.txt,5,1.023915589,1.013556321,1.013420838,1.01288811,1.012746129,1.012826991
1471,INPUT_SKIN3_90_5.txt,OUTPUT_SKIN11_90_5.txt,5,0.439238843,0.435889977,0.435889977,0.435889977,0.435889977,0.435889977
1472,INPUT_SKIN3_90_5.txt,OUTPUT_SKIN12_90_5.txt,5,0.358789396,0.308952841,0.308970659,0.309095479,0.309248412,0.309290926
1473,INPUT_SKIN3_90_5.txt,OUTPUT_SKIN2_90_5.txt,5,0.415514345,0.430802577,0.430773406,0.431379824,0.430882107,0.431089449
1474,INPUT_SKIN3_90_5.txt,OUTPUT_SKIN3_90_5.txt,5,-502790,-377267,-377267,-377267,-377267,-377267
1475,INPUT_SKIN3_90_5.txt,OUTPUT_SKIN4_90_5.txt,5,0.174010965,0.18435813,0.184361051,0.184353132,0.184400984,0.184398657
1476,INPUT_SKIN3_90_5.txt,OUTPUT_SKIN5_90_5.txt,5,0.247072806,0.285182918,0.285182917,0.285182917,0.285182917,0.285182918
1477,INPUT_SKIN3_90_5.txt,OUTPUT_SKIN6_90_5.txt,5,0.180972978,0.181351772,0.181360455,0.181351657,0.18135768,0.181351991
1478,INPUT_SKIN3_90_5.txt,OUTPUT_SKIN7_90_5.txt,5,0.177900243,0.183231139,0.183242324,0.183265569,0.183240458,0.183249763
1479,INPUT_SKIN3_90_5.txt,OUTPUT_SKIN8_90_5.txt,5,0.333385339,0.352633194,0.352632352,0.352632352,0.352632352,0.352632346
1480,INPUT_SKIN3_90_5.txt,OUTPUT_SKIN9_90_5.txt,5,0.410648579,0.393655163,0.393549031,0.394006603,0.393607666,0.393689225
1481,INPUT_SKIN4_90_5.txt,OUTPUT_BM1_90_5.txt,5,13.76679651,13.41755605,13.41870842,13.41734823,13.41492176,13.41679563
1482,INPUT_SKIN4_90_5.txt,OUTPUT_BM2_90_5.txt,5,3.540672686,3.700437847,3.701245009,3.703383598,3.701075979,3.700326451
1483,INPUT_SKIN4_90_5.txt,OUTPUT_GUT_90_5.txt,5,NA,NA,NA,NA,NA,NA
1484,INPUT_SKIN4_90_5.txt,OUTPUT_L_90_5.txt,5,10.98734289,11.17246903,11.17401199,11.1735051,11.17207357,11.17431126
1485,INPUT_SKIN4_90_5.txt,OUTPUT_LN1_90_5.txt,5,13.969596,14.12271369,14.12389007,14.12425068,14.12286002,14.12248411
1486,INPUT_SKIN4_90_5.txt,OUTPUT_LN2_90_5.txt,5,0.402509639,0.436957429,0.436942766,0.437029673,0.436914218,0.436955382
1487,INPUT_SKIN4_90_5.txt,OUTPUT_LUNG_90_5.txt,5,15.05942121,15.03523165,15.03562413,15.03568067,15.03379903,15.03382361
1488,INPUT_SKIN4_90_5.txt,OUTPUT_S_90_5.txt,5,6.152506484,7.229768265,7.225273349,7.228748218,7.225804673,7.227519767
1489,INPUT_SKIN4_90_5.txt,OUTPUT_SKIN1_90_5.txt,5,0.087975547,0.075394899,0.075394874,0.075399843,0.075390696,0.075387472
1490,INPUT_SKIN4_90_5.txt,OUTPUT_SKIN10_90_5.txt,5,3.024306348,3.207731933,3.207602325,3.207757326,3.207601865,3.207601785
1491,INPUT_SKIN4_90_5.txt,OUTPUT_SKIN11_90_5.txt,5,1.502564851,1.392810362,1.392832209,1.392837593,1.392701315,1.392699277
1492,INPUT_SKIN4_90_5.txt,OUTPUT_SKIN12_90_5.txt,5,0.575034338,0.390123125,0.390152549,0.390311862,0.390541546,0.390511606
1493,INPUT_SKIN4_90_5.txt,OUTPUT_SKIN2_90_5.txt,5,0.626168944,0.642848482,0.642731633,0.643712572,0.642986038,0.64320112
1494,INPUT_SKIN4_90_5.txt,OUTPUT_SKIN3_90_5.txt,5,0.552523004,0.555079715,0.555088632,0.555091246,0.555032342,0.555031555
1495,INPUT_SKIN4_90_5.txt,OUTPUT_SKIN4_90_5.txt,5,-533036.5,-399342,-399335.5,-399333.5,-399377.5,-399378
1496,INPUT_SKIN4_90_5.txt,OUTPUT_SKIN5_90_5.txt,5,1.156776209,1.077110728,1.077127546,1.077132833,1.077019495,1.077017938
1497,INPUT_SKIN4_90_5.txt,OUTPUT_SKIN6_90_5.txt,5,0.559641716,0.579244022,0.579279852,0.579280342,0.579234021,0.579211315
1498,INPUT_SKIN4_90_5.txt,OUTPUT_SKIN7_90_5.txt,5,0.236640985,0.083169674,0.083171869,0.083187058,0.083162328,0.083166444
1499,INPUT_SKIN4_90_5.txt,OUTPUT_SKIN8_90_5.txt,5,1.685869816,1.945139476,1.945165048,1.945169477,1.945012033,1.945008109
1500,INPUT_SKIN4_90_5.txt,OUTPUT_SKIN9_90_5.txt,5,0.379740351,0.401050049,0.400974656,0.401074827,0.400978208,0.401036275
1501,INPUT_SKIN5_90_5.txt,OUTPUT_BM1_90_5.txt,5,4.432832855,4.064664831,4.060840763,4.063558887,4.057295234,4.060592185
1502,INPUT_SKIN5_90_5.txt,OUTPUT_BM2_90_5.txt,5,4.662199726,4.45852446,4.459405514,4.46191271,4.45967956,4.458798508
1503,INPUT_SKIN5_90_5.txt,OUTPUT_GUT_90_5.txt,5,NA,NA,NA,NA,NA,NA
1504,INPUT_SKIN5_90_5.txt,OUTPUT_L_90_5.txt,5,7.085333883,6.405570766,6.407380877,6.4077335,6.407600262,6.409518654
1505,INPUT_SKIN5_90_5.txt,OUTPUT_LN1_90_5.txt,5,11.71081467,11.46723678,11.47119834,11.472429,11.47372892,11.47219683
1506,INPUT_SKIN5_90_5.txt,OUTPUT_LN2_90_5.txt,5,0.292613451,0.260566632,0.260571772,0.260580335,0.260581859,0.260573484
1507,INPUT_SKIN5_90_5.txt,OUTPUT_LUNG_90_5.txt,5,2.299293091,1.955672993,1.956308938,1.9561644,1.955918692,1.956174036
1508,INPUT_SKIN5_90_5.txt,OUTPUT_S_90_5.txt,5,5.55152521,4.459943849,4.456028786,4.458937892,4.457158672,4.458615627
1509,INPUT_SKIN5_90_5.txt,OUTPUT_SKIN1_90_5.txt,5,0.119385633,0.056594159,0.056593656,0.056595459,0.056595165,0.056593908
1510,INPUT_SKIN5_90_5.txt,OUTPUT_SKIN10_90_5.txt,5,0.842705143,0.892097275,0.892011899,0.891827508,0.891806405,0.891830132
1511,INPUT_SKIN5_90_5.txt,OUTPUT_SKIN11_90_5.txt,5,0.561871608,0.523758569,0.523758569,0.523758569,0.523758569,0.523758569
1512,INPUT_SKIN5_90_5.txt,OUTPUT_SKIN12_90_5.txt,5,0.404874938,0.253911725,0.253930122,0.254032418,0.2539814,0.253961479
1513,INPUT_SKIN5_90_5.txt,OUTPUT_SKIN2_90_5.txt,5,0.905810263,0.883052355,0.882998728,0.884106598,0.883170661,0.883623251
1514,INPUT_SKIN5_90_5.txt,OUTPUT_SKIN3_90_5.txt,5,0.241099871,0.194476668,0.194476365,0.194476365,0.194476365,0.194476668
1515,INPUT_SKIN5_90_5.txt,OUTPUT_SKIN4_90_5.txt,5,0.224521841,0.161426767,0.161420783,0.161419606,0.161460076,0.161459155
1516,INPUT_SKIN5_90_5.txt,OUTPUT_SKIN5_90_5.txt,5,-493514.5,-370007.5,-370007.5,-370007.5,-370007.5,-370007.5
1517,INPUT_SKIN5_90_5.txt,OUTPUT_SKIN6_90_5.txt,5,0.245995832,0.204704039,0.204714092,0.204699541,0.204705863,0.204699355
1518,INPUT_SKIN5_90_5.txt,OUTPUT_SKIN7_90_5.txt,5,0.16218081,0.084060475,0.084067089,0.084076271,0.084066235,0.084070504
1519,INPUT_SKIN5_90_5.txt,OUTPUT_SKIN8_90_5.txt,5,0.326679636,0.324801119,0.324791531,0.324791531,0.324791531,0.324791531
1520,INPUT_SKIN5_90_5.txt,OUTPUT_SKIN9_90_5.txt,5,0.480426272,0.453242332,0.453118095,0.453674144,0.453186179,0.45328258
1521,INPUT_SKIN6_90_5.txt,OUTPUT_BM1_90_5.txt,5,16.71628774,16.05091102,16.05059687,16.05179764,16.05201821,16.05092873
1522,INPUT_SKIN6_90_5.txt,OUTPUT_BM2_90_5.txt,5,17.13690746,16.49578699,16.49562731,16.49406369,16.49512077,16.49614081
1523,INPUT_SKIN6_90_5.txt,OUTPUT_GUT_90_5.txt,5,NA,NA,NA,NA,NA,NA
1524,INPUT_SKIN6_90_5.txt,OUTPUT_L_90_5.txt,5,16.08218289,15.43762935,15.43740384,15.43771801,15.43736207,15.43680385
1525,INPUT_SKIN6_90_5.txt,OUTPUT_LN1_90_5.txt,5,15.63048131,14.93003932,14.92939492,14.92914924,14.92844681,14.92921937
1526,INPUT_SKIN6_90_5.txt,OUTPUT_LN2_90_5.txt,5,3.949626053,6.266503171,6.266286359,6.266576553,6.266406341,6.266574399
1527,INPUT_SKIN6_90_5.txt,OUTPUT_LUNG_90_5.txt,5,15.87794873,15.28498773,15.28496722,15.28512471,15.28489696,15.28512836
1528,INPUT_SKIN6_90_5.txt,OUTPUT_S_90_5.txt,5,14.11703203,13.21635665,13.21472426,13.21627519,13.2151381,13.21615122
1529,INPUT_SKIN6_90_5.txt,OUTPUT_SKIN1_90_5.txt,5,0.290024909,0.231852103,0.23184249,0.231867067,0.231860414,0.231853752
1530,INPUT_SKIN6_90_5.txt,OUTPUT_SKIN10_90_5.txt,5,1.360599878,1.184436819,1.184382369,1.184488721,1.184432296,1.184491962
1531,INPUT_SKIN6_90_5.txt,OUTPUT_SKIN11_90_5.txt,5,74.37119274,71.72943801,71.72794081,71.73234084,71.73120341,71.73148654
1532,INPUT_SKIN6_90_5.txt,OUTPUT_SKIN12_90_5.txt,5,2.039213136,1.532812045,1.532859599,1.53352125,1.534545876,1.534444464
1533,INPUT_SKIN6_90_5.txt,OUTPUT_SKIN2_90_5.txt,5,1.210289445,1.235967403,1.23583696,1.237693102,1.236330461,1.236956462
1534,INPUT_SKIN6_90_5.txt,OUTPUT_SKIN3_90_5.txt,5,1.046775116,1.09319554,1.093235756,1.09328634,1.093266798,1.093212894
1535,INPUT_SKIN6_90_5.txt,OUTPUT_SKIN4_90_5.txt,5,0.155362478,0.190552735,0.190545032,0.190549358,0.190586657,0.190589512
1536,INPUT_SKIN6_90_5.txt,OUTPUT_SKIN5_90_5.txt,5,1.074424901,0.992481753,0.992457233,0.992502608,0.992485209,0.992497365
1537,INPUT_SKIN6_90_5.txt,OUTPUT_SKIN6_90_5.txt,5,-642073.5,-481920.5,-481932.5,-481910.5,-481919,-481913
1538,INPUT_SKIN6_90_5.txt,OUTPUT_SKIN7_90_5.txt,5,0.362057849,0.307480684,0.307476176,0.307544727,0.307481701,0.307501111
1539,INPUT_SKIN6_90_5.txt,OUTPUT_SKIN8_90_5.txt,5,0.158497419,0.175719515,0.175699695,0.175707732,0.175704625,0.175706819
1540,INPUT_SKIN6_90_5.txt,OUTPUT_SKIN9_90_5.txt,5,0.907184508,3.909637001,3.908752256,3.909846551,3.90941262,3.909881469
1541,INPUT_SKIN7_90_5.txt,OUTPUT_BM1_90_5.txt,5,2.626084588,2.371666583,2.372374287,2.371014189,2.370600859,2.372066845
1542,INPUT_SKIN7_90_5.txt,OUTPUT_BM2_90_5.txt,5,1.448612226,1.611822486,1.612142263,1.6129303,1.612252463,1.611882809
1543,INPUT_SKIN7_90_5.txt,OUTPUT_GUT_90_5.txt,5,NA,NA,NA,NA,NA,NA
1544,INPUT_SKIN7_90_5.txt,OUTPUT_L_90_5.txt,5,3.473589589,3.351562046,3.352318342,3.35168683,3.351954564,3.353162128
1545,INPUT_SKIN7_90_5.txt,OUTPUT_LN1_90_5.txt,5,5.06312629,4.510138176,4.511716992,4.511797514,4.51276486,4.512025772
1546,INPUT_SKIN7_90_5.txt,OUTPUT_LN2_90_5.txt,5,0.257929158,0.238494259,0.238523205,0.238483702,0.238553201,0.238494154
1547,INPUT_SKIN7_90_5.txt,OUTPUT_LUNG_90_5.txt,5,1.26546843,1.086858907,1.087189093,1.087015241,1.086988639,1.087095582
1548,INPUT_SKIN7_90_5.txt,OUTPUT_S_90_5.txt,5,3.234751695,3.050070059,3.048004387,3.049249123,3.048613013,3.049297672
1549,INPUT_SKIN7_90_5.txt,OUTPUT_SKIN1_90_5.txt,5,0.097125431,0.069953297,0.069951779,0.069949584,0.069955622,0.069950939
1550,INPUT_SKIN7_90_5.txt,OUTPUT_SKIN10_90_5.txt,5,0.463761925,0.403685879,0.403660526,0.403581398,0.403601386,0.403607927
1551,INPUT_SKIN7_90_5.txt,OUTPUT_SKIN11_90_5.txt,5,0.295944329,0.293358181,0.293356691,0.293330621,0.293358178,0.293350729
1552,INPUT_SKIN7_90_5.txt,OUTPUT_SKIN12_90_5.txt,5,0.373398797,0.344064837,0.344081816,0.34417028,0.34444668,0.344430307
1553,INPUT_SKIN7_90_5.txt,OUTPUT_SKIN2_90_5.txt,5,0.436126282,0.361997274,0.361964777,0.362499234,0.362108821,0.362284403
1554,INPUT_SKIN7_90_5.txt,OUTPUT_SKIN3_90_5.txt,5,0.06680625,0.075963005,0.075963133,0.07595638,0.075963519,0.075961075
1555,INPUT_SKIN7_90_5.txt,OUTPUT_SKIN4_90_5.txt,5,0.132421252,0.166530777,0.166542704,0.166513604,0.166568588,0.166562774
1556,INPUT_SKIN7_90_5.txt,OUTPUT_SKIN5_90_5.txt,5,0.28705184,0.194413115,0.194412131,0.194394827,0.19441312,0.194408177
1557,INPUT_SKIN7_90_5.txt,OUTPUT_SKIN6_90_5.txt,5,0.131077793,0.142065424,0.142071563,0.142051029,0.142068688,0.142060245
1558,INPUT_SKIN7_90_5.txt,OUTPUT_SKIN7_90_5.txt,5,-524784,-393712.5,-393714.5,-393749.5,-393712.5,-393722.5
1559,INPUT_SKIN7_90_5.txt,OUTPUT_SKIN8_90_5.txt,5,0.108858081,0.129420979,0.129412605,0.12940108,0.129413264,0.129409971
1560,INPUT_SKIN7_90_5.txt,OUTPUT_SKIN9_90_5.txt,5,0.459962946,0.418709286,0.418621275,0.418687069,0.418672746,0.418721239
1561,INPUT_SKIN8_90_5.txt,OUTPUT_BM1_90_5.txt,5,2.630257369,2.566317857,2.56643945,2.565723727,2.56411333,2.566144576
1562,INPUT_SKIN8_90_5.txt,OUTPUT_BM2_90_5.txt,5,4.10594162,3.607910159,3.608595781,3.610546658,3.608809177,3.608123602
1563,INPUT_SKIN8_90_5.txt,OUTPUT_GUT_90_5.txt,5,NA,NA,NA,NA,NA,NA
1564,INPUT_SKIN8_90_5.txt,OUTPUT_L_90_5.txt,5,5.304190593,4.990393539,4.991742129,4.99143161,4.991332344,4.993334724
1565,INPUT_SKIN8_90_5.txt,OUTPUT_LN1_90_5.txt,5,9.016958623,8.49599033,8.498793477,8.499664189,8.50058389,8.499499925
1566,INPUT_SKIN8_90_5.txt,OUTPUT_LN2_90_5.txt,5,0.272524343,0.263355511,0.263364255,0.263393462,0.263387928,0.263374484
1567,INPUT_SKIN8_90_5.txt,OUTPUT_LUNG_90_5.txt,5,1.026297314,1.002319735,1.002657651,1.002580849,1.002450291,1.002585969
1568,INPUT_SKIN8_90_5.txt,OUTPUT_S_90_5.txt,5,5.663452826,5.380976752,5.377269889,5.380026264,5.378341632,5.379724289
1569,INPUT_SKIN8_90_5.txt,OUTPUT_SKIN1_90_5.txt,5,0.043256249,0.079337797,0.079336421,0.079340996,0.079340547,0.079337109
1570,INPUT_SKIN8_90_5.txt,OUTPUT_SKIN10_90_5.txt,5,0.984556593,0.92226599,0.922142354,0.921663193,0.921536169,0.921609204
1571,INPUT_SKIN8_90_5.txt,OUTPUT_SKIN11_90_5.txt,5,0.661450342,0.609687168,0.609687169,0.609687169,0.609687169,0.609687169
1572,INPUT_SKIN8_90_5.txt,OUTPUT_SKIN12_90_5.txt,5,0.41141963,0.471148007,0.471176652,0.471292291,0.471623827,0.471670202
1573,INPUT_SKIN8_90_5.txt,OUTPUT_SKIN2_90_5.txt,5,0.706845556,0.731460935,0.731406987,0.732484437,0.731627541,0.731997843
1574,INPUT_SKIN8_90_5.txt,OUTPUT_SKIN3_90_5.txt,5,0.112587822,0.096783052,0.096783053,0.096783053,0.096783053,0.096783052
1575,INPUT_SKIN8_90_5.txt,OUTPUT_SKIN4_90_5.txt,5,0.219246378,0.29923669,0.299243511,0.299228863,0.299292997,0.299293783
1576,INPUT_SKIN8_90_5.txt,OUTPUT_SKIN5_90_5.txt,5,0.792133571,0.799075254,0.799075256,0.799075256,0.799075256,0.799075256
1577,INPUT_SKIN8_90_5.txt,OUTPUT_SKIN6_90_5.txt,5,0.229688602,0.268632959,0.268645971,0.268635813,0.26864415,0.268634544
1578,INPUT_SKIN8_90_5.txt,OUTPUT_SKIN7_90_5.txt,5,0.211476274,0.24724996,0.247264718,0.247296244,0.247262219,0.247274728
1579,INPUT_SKIN8_90_5.txt,OUTPUT_SKIN8_90_5.txt,5,-573649,-430163.5,-430163.5,-430163.5,-430163.5,-430163.5
1580,INPUT_SKIN8_90_5.txt,OUTPUT_SKIN9_90_5.txt,5,0.523442084,0.437653529,0.437552729,0.437817514,0.437607475,0.43768272
1581,INPUT_SKIN9_90_5.txt,OUTPUT_BM1_90_5.txt,5,2.761144949,2.620634602,2.621151298,2.620547991,2.620549271,2.620746041
1582,INPUT_SKIN9_90_5.txt,OUTPUT_BM2_90_5.txt,5,2.010935224,1.661707049,1.662076241,1.662495326,1.662048203,1.6617276
1583,INPUT_SKIN9_90_5.txt,OUTPUT_GUT_90_5.txt,5,NA,NA,NA,NA,NA,NA
1584,INPUT_SKIN9_90_5.txt,OUTPUT_L_90_5.txt,5,3.115638459,2.926730442,2.927068184,2.926753753,2.926864302,2.926743579
1585,INPUT_SKIN9_90_5.txt,OUTPUT_LN1_90_5.txt,5,3.387255915,3.222531918,3.222592031,3.222203754,3.222241792,3.222112898
1586,INPUT_SKIN9_90_5.txt,OUTPUT_LN2_90_5.txt,5,0.29284674,0.273259632,0.273266693,0.273328559,0.273265693,0.273286023
1587,INPUT_SKIN9_90_5.txt,OUTPUT_LUNG_90_5.txt,5,3.48284236,3.315383121,3.315607202,3.315318871,3.315491567,3.315207493
1588,INPUT_SKIN9_90_5.txt,OUTPUT_S_90_5.txt,5,2.450973378,2.157271736,2.156701197,2.157086232,2.156810974,2.156952731
1589,INPUT_SKIN9_90_5.txt,OUTPUT_SKIN1_90_5.txt,5,0.025088657,0.052743346,0.052747676,0.052746179,0.052747543,0.052741535
1590,INPUT_SKIN9_90_5.txt,OUTPUT_SKIN10_90_5.txt,5,49.8873287,47.40993822,47.42255637,47.41690694,47.4133328,47.409749
1591,INPUT_SKIN9_90_5.txt,OUTPUT_SKIN11_90_5.txt,5,56.6270415,53.75112584,53.75489743,53.75287798,53.75288059,53.75017908
1592,INPUT_SKIN9_90_5.txt,OUTPUT_SKIN12_90_5.txt,5,0.453801034,0.466938049,0.46701218,0.46708238,0.46742511,0.467432715
1593,INPUT_SKIN9_90_5.txt,OUTPUT_SKIN2_90_5.txt,5,2.961788602,4.294100266,4.294115114,4.299462913,4.295570303,4.297502098
1594,INPUT_SKIN9_90_5.txt,OUTPUT_SKIN3_90_5.txt,5,0.168015585,0.146391069,0.146405634,0.146392182,0.146397652,0.146387314
1595,INPUT_SKIN9_90_5.txt,OUTPUT_SKIN4_90_5.txt,5,0.146233976,0.159199449,0.159209988,0.159193695,0.15923566,0.159224818
1596,INPUT_SKIN9_90_5.txt,OUTPUT_SKIN5_90_5.txt,5,44.16279762,41.93843756,41.94271807,41.93933556,41.94039088,41.93734339
1597,INPUT_SKIN9_90_5.txt,OUTPUT_SKIN6_90_5.txt,5,0.149410331,0.131205102,0.131224773,0.131200556,0.13121016,0.13119758
1598,INPUT_SKIN9_90_5.txt,OUTPUT_SKIN7_90_5.txt,5,0.352306157,0.342173391,0.342230653,0.342240281,0.342208546,0.342201808
1599,INPUT_SKIN9_90_5.txt,OUTPUT_SKIN8_90_5.txt,5,0.140709888,0.156684019,0.156687505,0.156673071,0.156678944,0.156667867
1600,INPUT_SKIN9_90_5.txt,OUTPUT_SKIN9_90_5.txt,5,-624034.5,-467599,-467552.5,-467595.5,-467578,-467611
1601,INPUT_BM1_90_5.txt,OUTPUT_BM1_90_5.txt,6,-518941,-389692.5,-389518,-389423.5,-389531,-389606
1602,INPUT_BM1_90_5.txt,OUTPUT_BM2_90_5.txt,6,0.130795809,0.109519612,0.109537878,0.109526986,0.109554486,0.109495088
1603,INPUT_BM1_90_5.txt,OUTPUT_GUT_90_5.txt,6,6.085816928,5.783518926,5.786569059,5.78822218,5.786341719,5.785030485
1604,INPUT_BM1_90_5.txt,OUTPUT_L_90_5.txt,6,NA,NA,NA,NA,NA,NA
1605,INPUT_BM1_90_5.txt,OUTPUT_LN1_90_5.txt,6,0.079151787,0.07811772,0.078152818,0.078171838,0.078150202,0.078135114
1606,INPUT_BM1_90_5.txt,OUTPUT_LN2_90_5.txt,6,0.071659703,0.060694191,0.060714095,0.060741467,0.060710633,0.060695591
1607,INPUT_BM1_90_5.txt,OUTPUT_LUNG_90_5.txt,6,1.091631437,0.987036519,0.987493432,0.987741049,0.987459378,0.987262959
1608,INPUT_BM1_90_5.txt,OUTPUT_S_90_5.txt,6,NA,NA,NA,NA,NA,NA
1609,INPUT_BM2_90_5.txt,OUTPUT_BM1_90_5.txt,6,1.889260701,1.748560668,1.747244418,1.746696193,1.747200291,1.748174005
1610,INPUT_BM2_90_5.txt,OUTPUT_BM2_90_5.txt,6,-526472,-394725.5,-394670,-394602.5,-394706.5,-394637.5
1611,INPUT_BM2_90_5.txt,OUTPUT_GUT_90_5.txt,6,0.144683598,0.125904163,0.125921932,0.125943551,0.125910245,0.125932341
1612,INPUT_BM2_90_5.txt,OUTPUT_L_90_5.txt,6,NA,NA,NA,NA,NA,NA
1613,INPUT_BM2_90_5.txt,OUTPUT_LN1_90_5.txt,6,0.018690025,0.021366838,0.021369844,0.021373503,0.021367867,0.021371606
1614,INPUT_BM2_90_5.txt,OUTPUT_LN2_90_5.txt,6,0.044991469,0.045620882,0.045619363,0.045639096,0.045616358,0.045619459
1615,INPUT_BM2_90_5.txt,OUTPUT_LUNG_90_5.txt,6,0.189472827,0.17888797,0.178913273,0.178944057,0.178896631,0.178928093
1616,INPUT_BM2_90_5.txt,OUTPUT_S_90_5.txt,6,NA,NA,NA,NA,NA,NA
1617,INPUT_GUT_90_5.txt,OUTPUT_BM1_90_5.txt,6,8.936648485,9.127846929,9.123093673,9.120518798,9.123447847,9.125490959
1618,INPUT_GUT_90_5.txt,OUTPUT_BM2_90_5.txt,6,0.44185008,0.44267008,0.442547902,0.442399329,0.442628251,0.442476364
1619,INPUT_GUT_90_5.txt,OUTPUT_GUT_90_5.txt,6,-75883,-56813,-56813,-56813,-56813,-56813
1620,INPUT_GUT_90_5.txt,OUTPUT_L_90_5.txt,6,NA,NA,NA,NA,NA,NA
1621,INPUT_GUT_90_5.txt,OUTPUT_LN1_90_5.txt,6,0.191637983,0.151803859,0.151803859,0.151803859,0.151803859,0.151803859
1622,INPUT_GUT_90_5.txt,OUTPUT_LN2_90_5.txt,6,0.320315501,0.314748682,0.314759942,0.314778897,0.314701556,0.314735118
1623,INPUT_GUT_90_5.txt,OUTPUT_LUNG_90_5.txt,6,0.386100852,0.39589692,0.39589692,0.39589692,0.39589692,0.39589692
1624,INPUT_GUT_90_5.txt,OUTPUT_S_90_5.txt,6,NA,NA,NA,NA,NA,NA
1625,INPUT_L_90_5.txt,OUTPUT_BM1_90_5.txt,6,NA,NA,NA,NA,NA,NA
1626,INPUT_L_90_5.txt,OUTPUT_BM2_90_5.txt,6,NA,NA,NA,NA,NA,NA
1627,INPUT_L_90_5.txt,OUTPUT_GUT_90_5.txt,6,NA,NA,NA,NA,NA,NA
1628,INPUT_L_90_5.txt,OUTPUT_L_90_5.txt,6,NA,NA,NA,NA,NA,NA
1629,INPUT_L_90_5.txt,OUTPUT_LN1_90_5.txt,6,NA,NA,NA,NA,NA,NA
1630,INPUT_L_90_5.txt,OUTPUT_LN2_90_5.txt,6,NA,NA,NA,NA,NA,NA
1631,INPUT_L_90_5.txt,OUTPUT_LUNG_90_5.txt,6,NA,NA,NA,NA,NA,NA
1632,INPUT_L_90_5.txt,OUTPUT_S_90_5.txt,6,NA,NA,NA,NA,NA,NA
1633,INPUT_LN1_90_5.txt,OUTPUT_BM1_90_5.txt,6,7.810593877,7.736366142,7.732647412,7.73063282,7.732924512,7.734522977
1634,INPUT_LN1_90_5.txt,OUTPUT_BM2_90_5.txt,6,0.073094627,0.085126302,0.085102478,0.085073507,0.085118145,0.085088528
1635,INPUT_LN1_90_5.txt,OUTPUT_GUT_90_5.txt,6,42.48440219,40.64485304,40.64485304,40.64485304,40.64485304,40.64485304
1636,INPUT_LN1_90_5.txt,OUTPUT_L_90_5.txt,6,NA,NA,NA,NA,NA,NA
1637,INPUT_LN1_90_5.txt,OUTPUT_LN1_90_5.txt,6,-470733,-353056,-353056,-353056,-353056,-353056
1638,INPUT_LN1_90_5.txt,OUTPUT_LN2_90_5.txt,6,0.096442342,0.098397827,0.098366141,0.098406006,0.09838313,0.098357944
1639,INPUT_LN1_90_5.txt,OUTPUT_LUNG_90_5.txt,6,0.272370802,0.270174754,0.270174754,0.270174754,0.270174754,0.270174754
1640,INPUT_LN1_90_5.txt,OUTPUT_S_90_5.txt,6,NA,NA,NA,NA,NA,NA
1641,INPUT_LN2_90_5.txt,OUTPUT_BM1_90_5.txt,6,7.369490291,6.992957877,6.990416082,6.986629763,6.989772059,6.992526426
1642,INPUT_LN2_90_5.txt,OUTPUT_BM2_90_5.txt,6,0.036353764,0.066133456,0.066124758,0.066088207,0.066131752,0.066116227
1643,INPUT_LN2_90_5.txt,OUTPUT_GUT_90_5.txt,6,0.123368352,0.129013219,0.129033718,0.129007926,0.12902272,0.129039016
1644,INPUT_LN2_90_5.txt,OUTPUT_L_90_5.txt,6,NA,NA,NA,NA,NA,NA
1645,INPUT_LN2_90_5.txt,OUTPUT_LN1_90_5.txt,6,0.040337648,0.039066575,0.039072757,0.039064967,0.039069458,0.039074364
1646,INPUT_LN2_90_5.txt,OUTPUT_LN2_90_5.txt,6,-551129,-413579.5,-413514,-413596.5,-413549,-413497
1647,INPUT_LN2_90_5.txt,OUTPUT_LUNG_90_5.txt,6,0.164052045,0.157917208,0.157942272,0.157910736,0.157928834,0.157948757
1648,INPUT_LN2_90_5.txt,OUTPUT_S_90_5.txt,6,NA,NA,NA,NA,NA,NA
1649,INPUT_LUNG_90_5.txt,OUTPUT_BM1_90_5.txt,6,3.195585774,2.929365758,2.927105612,2.92588181,2.927273976,2.928245347
1650,INPUT_LUNG_90_5.txt,OUTPUT_BM2_90_5.txt,6,0.133086693,0.135201396,0.1351636,0.135117639,0.135188456,0.13514147
1651,INPUT_LUNG_90_5.txt,OUTPUT_GUT_90_5.txt,6,0.205411965,0.222201086,0.222201086,0.222201086,0.222201086,0.222201086
1652,INPUT_LUNG_90_5.txt,OUTPUT_L_90_5.txt,6,NA,NA,NA,NA,NA,NA
1653,INPUT_LUNG_90_5.txt,OUTPUT_LN1_90_5.txt,6,0.067881585,0.063352342,0.063352342,0.063352342,0.063352342,0.063352342
1654,INPUT_LUNG_90_5.txt,OUTPUT_LN2_90_5.txt,6,0.085167957,0.077792689,0.077768053,0.077799092,0.077781205,0.077761654
1655,INPUT_LUNG_90_5.txt,OUTPUT_LUNG_90_5.txt,6,-412238,-309505,-309505,-309505,-309505,-309505
1656,INPUT_LUNG_90_5.txt,OUTPUT_S_90_5.txt,6,NA,NA,NA,NA,NA,NA
1657,INPUT_S_90_5.txt,OUTPUT_BM1_90_5.txt,6,NA,NA,NA,NA,NA,NA
1658,INPUT_S_90_5.txt,OUTPUT_BM2_90_5.txt,6,NA,NA,NA,NA,NA,NA
1659,INPUT_S_90_5.txt,OUTPUT_GUT_90_5.txt,6,NA,NA,NA,NA,NA,NA
1660,INPUT_S_90_5.txt,OUTPUT_L_90_5.txt,6,NA,NA,NA,NA,NA,NA
1661,INPUT_S_90_5.txt,OUTPUT_LN1_90_5.txt,6,NA,NA,NA,NA,NA,NA
1662,INPUT_S_90_5.txt,OUTPUT_LN2_90_5.txt,6,NA,NA,NA,NA,NA,NA
1663,INPUT_S_90_5.txt,OUTPUT_LUNG_90_5.txt,6,NA,NA,NA,NA,NA,NA
1664,INPUT_S_90_5.txt,OUTPUT_S_90_5.txt,6,NA,NA,NA,NA,NA,NA
1665,INPUT_BM1_90_5.txt,OUTPUT_BM1_90_5.txt,7,-713807.5,-535520.5,-535691.5,-535621.5,-535643,-535571
1666,INPUT_BM1_90_5.txt,OUTPUT_BM2_90_5.txt,7,1.318855182,1.337878032,1.33843818,1.336740641,1.337364597,1.336953658
1667,INPUT_BM1_90_5.txt,OUTPUT_GUT_90_5.txt,7,NA,NA,NA,NA,NA,NA
1668,INPUT_BM1_90_5.txt,OUTPUT_L_90_5.txt,7,2.247581359,2.122573608,2.121503885,2.120335684,2.121819237,2.123010896
1669,INPUT_BM1_90_5.txt,OUTPUT_LN1_90_5.txt,7,0.011672672,0.011396035,0.011392397,0.011393886,0.011393428,0.011394961
1670,INPUT_BM1_90_5.txt,OUTPUT_LN2_90_5.txt,7,0.020047978,0.008915951,0.008913104,0.008914269,0.008913911,0.00891511
1671,INPUT_BM1_90_5.txt,OUTPUT_LUNG_90_5.txt,7,0.00968862,0.009020591,0.009015993,0.009018905,0.009016587,0.009019614
1672,INPUT_BM1_90_5.txt,OUTPUT_S_90_5.txt,7,1.838811136,1.682116288,1.682088694,1.682315974,1.681348936,1.682450383
1673,INPUT_BM2_90_5.txt,OUTPUT_BM1_90_5.txt,7,0.047654011,0.04656262,0.046575087,0.04659552,0.046587453,0.046585217
1674,INPUT_BM2_90_5.txt,OUTPUT_BM2_90_5.txt,7,-942797,-706422,-706684,-706189.5,-706368.5,-706212.5
1675,INPUT_BM2_90_5.txt,OUTPUT_GUT_90_5.txt,7,NA,NA,NA,NA,NA,NA
1676,INPUT_BM2_90_5.txt,OUTPUT_L_90_5.txt,7,6.628666123,6.231215984,6.227818215,6.227846113,6.230875204,6.23485148
1677,INPUT_BM2_90_5.txt,OUTPUT_LN1_90_5.txt,7,0.139546632,0.130002706,0.129954341,0.130045656,0.130012587,0.130041406
1678,INPUT_BM2_90_5.txt,OUTPUT_LN2_90_5.txt,7,0.033649903,0.031610355,0.031598629,0.031620768,0.03161275,0.031619737
1679,INPUT_BM2_90_5.txt,OUTPUT_LUNG_90_5.txt,7,0.00711425,0.006425671,0.006422008,0.006427799,0.006424713,0.006427481
1680,INPUT_BM2_90_5.txt,OUTPUT_S_90_5.txt,7,7.315484086,6.973817258,6.9733819,6.978150388,6.972748048,6.97783607
1681,INPUT_GUT_90_5.txt,OUTPUT_BM1_90_5.txt,7,NA,NA,NA,NA,NA,NA
1682,INPUT_GUT_90_5.txt,OUTPUT_BM2_90_5.txt,7,NA,NA,NA,NA,NA,NA
1683,INPUT_GUT_90_5.txt,OUTPUT_GUT_90_5.txt,7,NA,NA,NA,NA,NA,NA
1684,INPUT_GUT_90_5.txt,OUTPUT_L_90_5.txt,7,NA,NA,NA,NA,NA,NA
1685,INPUT_GUT_90_5.txt,OUTPUT_LN1_90_5.txt,7,NA,NA,NA,NA,NA,NA
1686,INPUT_GUT_90_5.txt,OUTPUT_LN2_90_5.txt,7,NA,NA,NA,NA,NA,NA
1687,INPUT_GUT_90_5.txt,OUTPUT_LUNG_90_5.txt,7,NA,NA,NA,NA,NA,NA
1688,INPUT_GUT_90_5.txt,OUTPUT_S_90_5.txt,7,NA,NA,NA,NA,NA,NA
1689,INPUT_L_90_5.txt,OUTPUT_BM1_90_5.txt,7,0.049800884,0.051226206,0.051263788,0.051267915,0.051252981,0.051228161
1690,INPUT_L_90_5.txt,OUTPUT_BM2_90_5.txt,7,8.497671764,9.86429236,9.872778196,9.862151404,9.863433009,9.856737777
1691,INPUT_L_90_5.txt,OUTPUT_GUT_90_5.txt,7,NA,NA,NA,NA,NA,NA
1692,INPUT_L_90_5.txt,OUTPUT_L_90_5.txt,7,-359343.5,-269217,-269191.5,-269099.5,-269199.5,-269257.5
1693,INPUT_L_90_5.txt,OUTPUT_LN1_90_5.txt,7,0.336665007,0.328870227,0.328901711,0.329015351,0.328891833,0.328820235
1694,INPUT_L_90_5.txt,OUTPUT_LN2_90_5.txt,7,0.019644379,0.024325662,0.024327968,0.02433629,0.024327244,0.024322001
1695,INPUT_L_90_5.txt,OUTPUT_LUNG_90_5.txt,7,0.015147233,0.016505579,0.016502316,0.016512836,0.016501299,0.016502723
1696,INPUT_L_90_5.txt,OUTPUT_S_90_5.txt,7,10.05914119,10.84819964,10.85251751,10.85631505,10.8464038,10.84974805
1697,INPUT_LN1_90_5.txt,OUTPUT_BM1_90_5.txt,7,0.260339892,0.254316919,0.254405574,0.254369235,0.254380397,0.254343017
1698,INPUT_LN1_90_5.txt,OUTPUT_BM2_90_5.txt,7,0.590647882,0.57006555,0.570057807,0.570072416,0.570067131,0.570071737
1699,INPUT_LN1_90_5.txt,OUTPUT_GUT_90_5.txt,7,NA,NA,NA,NA,NA,NA
1700,INPUT_LN1_90_5.txt,OUTPUT_L_90_5.txt,7,0.56905926,0.545362264,0.54536428,0.545371555,0.545363647,0.545359061
1701,INPUT_LN1_90_5.txt,OUTPUT_LN1_90_5.txt,7,-77113.5,-57725.5,-57725.5,-57725.5,-57725.5,-57725.5
1702,INPUT_LN1_90_5.txt,OUTPUT_LN2_90_5.txt,7,0.097665859,0.071954279,0.071954279,0.071954279,0.071954279,0.071954279
1703,INPUT_LN1_90_5.txt,OUTPUT_LUNG_90_5.txt,7,0.080219088,0.085123935,0.08511703,0.085123995,0.085115726,0.085123573
1704,INPUT_LN1_90_5.txt,OUTPUT_S_90_5.txt,7,0.56935074,0.545945863,0.545943146,0.545943097,0.545947937,0.54594322
1705,INPUT_LN2_90_5.txt,OUTPUT_BM1_90_5.txt,7,0.339901116,0.284351978,0.28453274,0.284458739,0.284481467,0.284405358
1706,INPUT_LN2_90_5.txt,OUTPUT_BM2_90_5.txt,7,5.475774585,5.308943395,5.312527786,5.305763255,5.308211565,5.306077822
1707,INPUT_LN2_90_5.txt,OUTPUT_GUT_90_5.txt,7,NA,NA,NA,NA,NA,NA
1708,INPUT_LN2_90_5.txt,OUTPUT_L_90_5.txt,7,9.409762617,9.777108891,9.775627414,9.770282658,9.776092189,9.779461869
1709,INPUT_LN2_90_5.txt,OUTPUT_LN1_90_5.txt,7,0.097653463,0.085894005,0.085894005,0.085894005,0.085894005,0.085894005
1710,INPUT_LN2_90_5.txt,OUTPUT_LN2_90_5.txt,7,-85282.5,-63868,-63868,-63868,-63868,-63868
1711,INPUT_LN2_90_5.txt,OUTPUT_LUNG_90_5.txt,7,0.063955327,0.043904188,0.043895438,0.043904266,0.043894274,0.043903545
1712,INPUT_LN2_90_5.txt,OUTPUT_S_90_5.txt,7,9.015076698,9.193776894,9.196039774,9.196080918,9.192048926,9.195978058
1713,INPUT_LUNG_90_5.txt,OUTPUT_BM1_90_5.txt,7,0.072635269,0.072210543,0.072266197,0.072237339,0.072254455,0.072224819
1714,INPUT_LUNG_90_5.txt,OUTPUT_BM2_90_5.txt,7,2.379134221,2.466469069,2.46787394,2.46551549,2.466629535,2.465656441
1715,INPUT_LUNG_90_5.txt,OUTPUT_GUT_90_5.txt,7,NA,NA,NA,NA,NA,NA
1716,INPUT_LUNG_90_5.txt,OUTPUT_L_90_5.txt,7,2.463323298,2.31693487,2.317013385,2.315772236,2.31711333,2.317355572
1717,INPUT_LUNG_90_5.txt,OUTPUT_LN1_90_5.txt,7,5.208797964,5.066959822,5.067675819,5.06695334,5.067760384,5.067018427
1718,INPUT_LUNG_90_5.txt,OUTPUT_LN2_90_5.txt,7,0.347889518,0.300815383,0.300857576,0.300814895,0.300862458,0.300818835
1719,INPUT_LUNG_90_5.txt,OUTPUT_LUNG_90_5.txt,7,-525282.5,-393510,-393455,-393510.5,-393448.5,-393505.5
1720,INPUT_LUNG_90_5.txt,OUTPUT_S_90_5.txt,7,3.032301497,2.846197412,2.84700452,2.846581428,2.84631374,2.846624026
1721,INPUT_S_90_5.txt,OUTPUT_BM1_90_5.txt,7,0.141225887,0.131909923,0.131974308,0.131939446,0.131985498,0.131915463
1722,INPUT_S_90_5.txt,OUTPUT_BM2_90_5.txt,7,61.60364986,55.98928107,56.02570669,55.9367846,55.98777244,55.94139104
1723,INPUT_S_90_5.txt,OUTPUT_GUT_90_5.txt,7,NA,NA,NA,NA,NA,NA
1724,INPUT_S_90_5.txt,OUTPUT_L_90_5.txt,7,1033.089679,968.1076588,967.9524411,967.5296575,968.0567625,968.2558471
1725,INPUT_S_90_5.txt,OUTPUT_LN1_90_5.txt,7,0.082933453,0.076852725,0.076841115,0.076840904,0.076861593,0.076841432
1726,INPUT_S_90_5.txt,OUTPUT_LN2_90_5.txt,7,0.025351263,0.025586016,0.025582158,0.025582088,0.025588962,0.025582264
1727,INPUT_S_90_5.txt,OUTPUT_LUNG_90_5.txt,7,0.00897447,0.007814757,0.007811281,0.007813579,0.007813095,0.007813428
1728,INPUT_S_90_5.txt,OUTPUT_S_90_5.txt,7,-487128.5,-364963.5,-365018.5,-365019.5,-364921.5,-365017
1729,INPUT_BM1_90_5.txt,OUTPUT_BM1_90_5.txt,8,-821444,-616026,-616052,-615971,-616040,-615915
1730,INPUT_BM1_90_5.txt,OUTPUT_BM2_90_5.txt,8,0.260903905,0.235084346,0.23494895,0.2351362,0.234993159,0.234857989
1731,INPUT_BM1_90_5.txt,OUTPUT_GUT_90_5.txt,8,NA,NA,NA,NA,NA,NA
1732,INPUT_BM1_90_5.txt,OUTPUT_L_90_5.txt,8,NA,NA,NA,NA,NA,NA
1733,INPUT_BM1_90_5.txt,OUTPUT_LN1_90_5.txt,8,0.165681238,0.163501361,0.163579809,0.163544899,0.163456932,0.163495014
1734,INPUT_BM1_90_5.txt,OUTPUT_LN2_90_5.txt,8,0.21095635,0.206172948,0.206172388,0.206257763,0.206272465,0.206170571
1735,INPUT_BM1_90_5.txt,OUTPUT_LUNG_90_5.txt,8,0.008608699,0.008359364,0.008359011,0.008360111,0.008359174,0.008360871
1736,INPUT_BM1_90_5.txt,OUTPUT_S_90_5.txt,8,2.572647225,2.035652502,2.036206222,2.035865504,2.035497543,2.037665009
1737,INPUT_BM2_90_5.txt,OUTPUT_BM1_90_5.txt,8,429.3697767,410.2057044,410.0747536,410.2384338,410.1201626,409.9384661
1738,INPUT_BM2_90_5.txt,OUTPUT_BM2_90_5.txt,8,-894257,-671306.5,-671129.5,-671350.5,-671184,-670925
1739,INPUT_BM2_90_5.txt,OUTPUT_GUT_90_5.txt,8,NA,NA,NA,NA,NA,NA
1740,INPUT_BM2_90_5.txt,OUTPUT_L_90_5.txt,8,NA,NA,NA,NA,NA,NA
1741,INPUT_BM2_90_5.txt,OUTPUT_LN1_90_5.txt,8,0.044001752,0.052031617,0.05207177,0.052037144,0.052028522,0.05205011
1742,INPUT_BM2_90_5.txt,OUTPUT_LN2_90_5.txt,8,0.130472604,0.146870297,0.146914848,0.146907916,0.146971318,0.146925639
1743,INPUT_BM2_90_5.txt,OUTPUT_LUNG_90_5.txt,8,0.011568505,0.009517702,0.009520213,0.009517078,0.009519439,0.009523115
1744,INPUT_BM2_90_5.txt,OUTPUT_S_90_5.txt,8,4.109957082,4.398715342,4.401206885,4.398503223,4.39926236,4.404660028
1745,INPUT_GUT_90_5.txt,OUTPUT_BM1_90_5.txt,8,NA,NA,NA,NA,NA,NA
1746,INPUT_GUT_90_5.txt,OUTPUT_BM2_90_5.txt,8,NA,NA,NA,NA,NA,NA
1747,INPUT_GUT_90_5.txt,OUTPUT_GUT_90_5.txt,8,NA,NA,NA,NA,NA,NA
1748,INPUT_GUT_90_5.txt,OUTPUT_L_90_5.txt,8,NA,NA,NA,NA,NA,NA
1749,INPUT_GUT_90_5.txt,OUTPUT_LN1_90_5.txt,8,NA,NA,NA,NA,NA,NA
1750,INPUT_GUT_90_5.txt,OUTPUT_LN2_90_5.txt,8,NA,NA,NA,NA,NA,NA
1751,INPUT_GUT_90_5.txt,OUTPUT_LUNG_90_5.txt,8,NA,NA,NA,NA,NA,NA
1752,INPUT_GUT_90_5.txt,OUTPUT_S_90_5.txt,8,NA,NA,NA,NA,NA,NA
1753,INPUT_L_90_5.txt,OUTPUT_BM1_90_5.txt,8,NA,NA,NA,NA,NA,NA
1754,INPUT_L_90_5.txt,OUTPUT_BM2_90_5.txt,8,NA,NA,NA,NA,NA,NA
1755,INPUT_L_90_5.txt,OUTPUT_GUT_90_5.txt,8,NA,NA,NA,NA,NA,NA
1756,INPUT_L_90_5.txt,OUTPUT_L_90_5.txt,8,NA,NA,NA,NA,NA,NA
1757,INPUT_L_90_5.txt,OUTPUT_LN1_90_5.txt,8,NA,NA,NA,NA,NA,NA
1758,INPUT_L_90_5.txt,OUTPUT_LN2_90_5.txt,8,NA,NA,NA,NA,NA,NA
1759,INPUT_L_90_5.txt,OUTPUT_LUNG_90_5.txt,8,NA,NA,NA,NA,NA,NA
1760,INPUT_L_90_5.txt,OUTPUT_S_90_5.txt,8,NA,NA,NA,NA,NA,NA
1761,INPUT_LN1_90_5.txt,OUTPUT_BM1_90_5.txt,8,98.88768114,94.21166632,94.24872038,94.22632194,94.19211491,94.19948715
1762,INPUT_LN1_90_5.txt,OUTPUT_BM2_90_5.txt,8,0.324716792,0.390382533,0.390079231,0.390400245,0.390287412,0.389981769
1763,INPUT_LN1_90_5.txt,OUTPUT_GUT_90_5.txt,8,NA,NA,NA,NA,NA,NA
1764,INPUT_LN1_90_5.txt,OUTPUT_L_90_5.txt,8,NA,NA,NA,NA,NA,NA
1765,INPUT_LN1_90_5.txt,OUTPUT_LN1_90_5.txt,8,-512726.5,-384307.5,-384405,-384340.5,-384261,-384266.5
1766,INPUT_LN1_90_5.txt,OUTPUT_LN2_90_5.txt,8,0.544846607,0.449574672,0.449479163,0.449680491,0.449855052,0.449536343
1767,INPUT_LN1_90_5.txt,OUTPUT_LUNG_90_5.txt,8,0.009317724,0.010059908,0.010057356,0.010059044,0.010061126,0.010060982
1768,INPUT_LN1_90_5.txt,OUTPUT_S_90_5.txt,8,4.681185475,4.281375226,4.281705345,4.281120448,4.281610367,4.285058102
1769,INPUT_LN2_90_5.txt,OUTPUT_BM1_90_5.txt,8,3.052192479,2.744318184,2.744494447,2.743406617,2.743768206,2.743598393
1770,INPUT_LN2_90_5.txt,OUTPUT_BM2_90_5.txt,8,0.162111795,0.175882235,0.175785764,0.175877025,0.175773715,0.175698984
1771,INPUT_LN2_90_5.txt,OUTPUT_GUT_90_5.txt,8,NA,NA,NA,NA,NA,NA
1772,INPUT_LN2_90_5.txt,OUTPUT_L_90_5.txt,8,NA,NA,NA,NA,NA,NA
1773,INPUT_LN2_90_5.txt,OUTPUT_LN1_90_5.txt,8,0.08950099,0.16954634,0.1696388,0.169552349,0.169458595,0.169523625
1774,INPUT_LN2_90_5.txt,OUTPUT_LN2_90_5.txt,8,-472966,-354455,-354462,-354512,-354544.5,-354421
1775,INPUT_LN2_90_5.txt,OUTPUT_LUNG_90_5.txt,8,0.005537393,0.004327001,0.004326916,0.004326306,0.004325909,0.004327417
1776,INPUT_LN2_90_5.txt,OUTPUT_S_90_5.txt,8,2.535921913,2.231701119,2.232355684,2.231387375,2.231035284,2.233703843
1777,INPUT_LUNG_90_5.txt,OUTPUT_BM1_90_5.txt,8,1.590988405,1.388461795,1.388517192,1.388344598,1.388491624,1.388225257
1778,INPUT_LUNG_90_5.txt,OUTPUT_BM2_90_5.txt,8,0.328127899,0.264395337,0.264268397,0.264426799,0.264307752,0.264122212
1779,INPUT_LUNG_90_5.txt,OUTPUT_GUT_90_5.txt,8,NA,NA,NA,NA,NA,NA
1780,INPUT_LUNG_90_5.txt,OUTPUT_L_90_5.txt,8,NA,NA,NA,NA,NA,NA
1781,INPUT_LUNG_90_5.txt,OUTPUT_LN1_90_5.txt,8,0.081403766,0.09010771,0.090152489,0.09012307,0.09008654,0.090089182
1782,INPUT_LUNG_90_5.txt,OUTPUT_LN2_90_5.txt,8,0.548577936,0.554440938,0.554458523,0.554586543,0.554669861,0.554354089
1783,INPUT_LUNG_90_5.txt,OUTPUT_LUNG_90_5.txt,8,-468255,-350814,-350814,-350814,-350814,-350814
1784,INPUT_LUNG_90_5.txt,OUTPUT_S_90_5.txt,8,1.552120249,1.496748831,1.49694623,1.496758632,1.496715226,1.497256936
1785,INPUT_S_90_5.txt,OUTPUT_BM1_90_5.txt,8,201.6930943,186.0162794,185.9973539,185.976924,186.0320767,185.8461727
1786,INPUT_S_90_5.txt,OUTPUT_BM2_90_5.txt,8,8.239210526,7.664137635,7.658677557,7.665106158,7.661481971,7.651896771
1787,INPUT_S_90_5.txt,OUTPUT_GUT_90_5.txt,8,NA,NA,NA,NA,NA,NA
1788,INPUT_S_90_5.txt,OUTPUT_L_90_5.txt,8,NA,NA,NA,NA,NA,NA
1789,INPUT_S_90_5.txt,OUTPUT_LN1_90_5.txt,8,0.048101219,0.042908711,0.042923745,0.04291575,0.042899471,0.042882182
1790,INPUT_S_90_5.txt,OUTPUT_LN2_90_5.txt,8,12.39968573,11.38553449,11.3840739,11.38930989,11.3919063,11.37811376
1791,INPUT_S_90_5.txt,OUTPUT_LUNG_90_5.txt,8,0.007303894,0.004029979,0.004029346,0.004029948,0.004030087,0.004028349
1792,INPUT_S_90_5.txt,OUTPUT_S_90_5.txt,8,-598054,-448487,-448557.5,-448490.5,-448475,-448668.5
1793,INPUT_BM1_90_5.txt,OUTPUT_BM1_90_5.txt,9,-581335.5,-437020,-437107,-437018,-437210.5,-437023.5
1794,INPUT_BM1_90_5.txt,OUTPUT_BM2_90_5.txt,9,2.551096792,2.20604118,2.20550032,2.206129552,2.204250642,2.207475553
1795,INPUT_BM1_90_5.txt,OUTPUT_GUT_90_5.txt,9,NA,NA,NA,NA,NA,NA
1796,INPUT_BM1_90_5.txt,OUTPUT_L_90_5.txt,9,0.034822134,0.029947723,0.029941288,0.029947437,0.029935085,0.029947439
1797,INPUT_BM1_90_5.txt,OUTPUT_LN1_90_5.txt,9,0.007513257,0.008426949,0.008425271,0.008426987,0.008423276,0.008426881
1798,INPUT_BM1_90_5.txt,OUTPUT_LN2_90_5.txt,9,NA,NA,NA,NA,NA,NA
1799,INPUT_BM1_90_5.txt,OUTPUT_LUNG_90_5.txt,9,0.06250122,0.053667115,0.053677652,0.053670016,0.05364971,0.053672171
1800,INPUT_BM1_90_5.txt,OUTPUT_S_90_5.txt,9,0.997375661,1.078261239,1.078046803,1.078266169,1.07779181,1.07825261
1801,INPUT_BM2_90_5.txt,OUTPUT_BM1_90_5.txt,9,0.074129456,0.095669087,0.095709599,0.095666494,0.095771103,0.095638864
1802,INPUT_BM2_90_5.txt,OUTPUT_BM2_90_5.txt,9,-371968.5,-278747,-278740,-278752,-278693,-278839.5
1803,INPUT_BM2_90_5.txt,OUTPUT_GUT_90_5.txt,9,NA,NA,NA,NA,NA,NA
1804,INPUT_BM2_90_5.txt,OUTPUT_L_90_5.txt,9,0.04396349,0.042894624,0.042895226,0.042893427,0.042903375,0.042880321
1805,INPUT_BM2_90_5.txt,OUTPUT_LN1_90_5.txt,9,0.009232356,0.009888632,0.009888881,0.009888455,0.009890549,0.00988535
1806,INPUT_BM2_90_5.txt,OUTPUT_LN2_90_5.txt,9,NA,NA,NA,NA,NA,NA
1807,INPUT_BM2_90_5.txt,OUTPUT_LUNG_90_5.txt,9,0.081116414,0.076728063,0.076760376,0.07673048,0.076751574,0.076710393
1808,INPUT_BM2_90_5.txt,OUTPUT_S_90_5.txt,9,3.413439151,3.198106834,3.198188818,3.198048277,3.198739388,3.197023872
1809,INPUT_GUT_90_5.txt,OUTPUT_BM1_90_5.txt,9,NA,NA,NA,NA,NA,NA
1810,INPUT_GUT_90_5.txt,OUTPUT_BM2_90_5.txt,9,NA,NA,NA,NA,NA,NA
1811,INPUT_GUT_90_5.txt,OUTPUT_GUT_90_5.txt,9,NA,NA,NA,NA,NA,NA
1812,INPUT_GUT_90_5.txt,OUTPUT_L_90_5.txt,9,NA,NA,NA,NA,NA,NA
1813,INPUT_GUT_90_5.txt,OUTPUT_LN1_90_5.txt,9,NA,NA,NA,NA,NA,NA
1814,INPUT_GUT_90_5.txt,OUTPUT_LN2_90_5.txt,9,NA,NA,NA,NA,NA,NA
1815,INPUT_GUT_90_5.txt,OUTPUT_LUNG_90_5.txt,9,NA,NA,NA,NA,NA,NA
1816,INPUT_GUT_90_5.txt,OUTPUT_S_90_5.txt,9,NA,NA,NA,NA,NA,NA
1817,INPUT_L_90_5.txt,OUTPUT_BM1_90_5.txt,9,0.021574687,0.008921517,0.008925068,0.008921436,0.008929293,0.00892166
1818,INPUT_L_90_5.txt,OUTPUT_BM2_90_5.txt,9,1.790339621,1.239086739,1.239028643,1.239127769,1.238643572,1.239845382
1819,INPUT_L_90_5.txt,OUTPUT_GUT_90_5.txt,9,NA,NA,NA,NA,NA,NA
1820,INPUT_L_90_5.txt,OUTPUT_L_90_5.txt,9,-388898.5,-291877.5,-291877.5,-291877.5,-291877.5,-291877.5
1821,INPUT_L_90_5.txt,OUTPUT_LN1_90_5.txt,9,0.005971531,0.005514717,0.005514717,0.005514717,0.005514717,0.005514717
1822,INPUT_L_90_5.txt,OUTPUT_LN2_90_5.txt,9,NA,NA,NA,NA,NA,NA
1823,INPUT_L_90_5.txt,OUTPUT_LUNG_90_5.txt,9,0.195034743,0.184746622,0.184819495,0.184755729,0.18476727,0.184765446
1824,INPUT_L_90_5.txt,OUTPUT_S_90_5.txt,9,1.726796937,1.681337395,1.681336392,1.681337379,1.681337412,1.681336408
1825,INPUT_LN1_90_5.txt,OUTPUT_BM1_90_5.txt,9,0.568037493,0.443385376,0.443526518,0.443382132,0.443694435,0.443391054
1826,INPUT_LN1_90_5.txt,OUTPUT_BM2_90_5.txt,9,1.916544098,1.850691832,1.850685312,1.850696488,1.850641522,1.850777936
1827,INPUT_LN1_90_5.txt,OUTPUT_GUT_90_5.txt,9,NA,NA,NA,NA,NA,NA
1828,INPUT_LN1_90_5.txt,OUTPUT_L_90_5.txt,9,1.209829506,0.895639294,0.895638584,0.8956382,0.895640388,0.895639677
1829,INPUT_LN1_90_5.txt,OUTPUT_LN1_90_5.txt,9,-40279.5,-30099.5,-30099.5,-30099.5,-30099.5,-30099.5
1830,INPUT_LN1_90_5.txt,OUTPUT_LN2_90_5.txt,9,NA,NA,NA,NA,NA,NA
1831,INPUT_LN1_90_5.txt,OUTPUT_LUNG_90_5.txt,9,1.808419194,1.726370579,1.726800095,1.726424275,1.726492286,1.726481548
1832,INPUT_LN1_90_5.txt,OUTPUT_S_90_5.txt,9,2.243746479,2.247502495,2.247502495,2.247502495,2.247502495,2.247502495
1833,INPUT_LN2_90_5.txt,OUTPUT_BM1_90_5.txt,9,NA,NA,NA,NA,NA,NA
1834,INPUT_LN2_90_5.txt,OUTPUT_BM2_90_5.txt,9,NA,NA,NA,NA,NA,NA
1835,INPUT_LN2_90_5.txt,OUTPUT_GUT_90_5.txt,9,NA,NA,NA,NA,NA,NA
1836,INPUT_LN2_90_5.txt,OUTPUT_L_90_5.txt,9,NA,NA,NA,NA,NA,NA
1837,INPUT_LN2_90_5.txt,OUTPUT_LN1_90_5.txt,9,NA,NA,NA,NA,NA,NA
1838,INPUT_LN2_90_5.txt,OUTPUT_LN2_90_5.txt,9,NA,NA,NA,NA,NA,NA
1839,INPUT_LN2_90_5.txt,OUTPUT_LUNG_90_5.txt,9,NA,NA,NA,NA,NA,NA
1840,INPUT_LN2_90_5.txt,OUTPUT_S_90_5.txt,9,NA,NA,NA,NA,NA,NA
1841,INPUT_LUNG_90_5.txt,OUTPUT_BM1_90_5.txt,9,0.023367341,0.031336047,0.03134234,0.031334989,0.031361603,0.031334954
1842,INPUT_LUNG_90_5.txt,OUTPUT_BM2_90_5.txt,9,5.654521982,5.635260908,5.634483883,5.635359381,5.633309097,5.638200026
1843,INPUT_LUNG_90_5.txt,OUTPUT_GUT_90_5.txt,9,NA,NA,NA,NA,NA,NA
1844,INPUT_LUNG_90_5.txt,OUTPUT_L_90_5.txt,9,0.135287172,0.15205791,0.152027844,0.15205415,0.152049391,0.152050141
1845,INPUT_LUNG_90_5.txt,OUTPUT_LN1_90_5.txt,9,0.014915989,0.018035427,0.018031863,0.018034981,0.018034417,0.018034506
1846,INPUT_LUNG_90_5.txt,OUTPUT_LN2_90_5.txt,9,NA,NA,NA,NA,NA,NA
1847,INPUT_LUNG_90_5.txt,OUTPUT_LUNG_90_5.txt,9,-405409,-303756,-303816,-303763.5,-303773,-303771.5
1848,INPUT_LUNG_90_5.txt,OUTPUT_S_90_5.txt,9,2.103213088,1.9733856,1.973053938,1.973344138,1.973291621,1.973299913
1849,INPUT_S_90_5.txt,OUTPUT_BM1_90_5.txt,9,0.083343358,0.080509493,0.080541552,0.080508756,0.080579699,0.080510783
1850,INPUT_S_90_5.txt,OUTPUT_BM2_90_5.txt,9,270.4702319,258.4093516,258.4097852,258.4090419,258.4126936,258.4036132
1851,INPUT_S_90_5.txt,OUTPUT_GUT_90_5.txt,9,NA,NA,NA,NA,NA,NA
1852,INPUT_S_90_5.txt,OUTPUT_L_90_5.txt,9,0.120998896,0.123112318,0.123112046,0.123112067,0.123112569,0.123112297
1853,INPUT_S_90_5.txt,OUTPUT_LN1_90_5.txt,9,0.070076091,0.077728315,0.077728315,0.077728315,0.077728315,0.077728315
1854,INPUT_S_90_5.txt,OUTPUT_LN2_90_5.txt,9,NA,NA,NA,NA,NA,NA
1855,INPUT_S_90_5.txt,OUTPUT_LUNG_90_5.txt,9,1.611156275,1.487827725,1.48843231,1.487903291,1.487999011,1.487983897
1856,INPUT_S_90_5.txt,OUTPUT_S_90_5.txt,9,-131877,-99229,-99229,-99229,-99229,-99229
1857,INPUT_BM1_90_5.txt,OUTPUT_BM1_90_5.txt,10,-611496,-458465.5,-458718,-458584,-458669.5,-458685.5
1858,INPUT_BM1_90_5.txt,OUTPUT_BM2_90_5.txt,10,0.022736709,0.023065419,0.023052712,0.023059454,0.023055152,0.023054347
1859,INPUT_BM1_90_5.txt,OUTPUT_GUT_90_5.txt,10,0.100843017,0.09701853,0.096963726,0.096991806,0.096972567,0.096969995
1860,INPUT_BM1_90_5.txt,OUTPUT_L_90_5.txt,10,7.44586484,7.022198734,7.013404925,7.019770295,7.018393492,7.017159525
1861,INPUT_BM1_90_5.txt,OUTPUT_LN1_90_5.txt,10,0.019881555,0.023106319,0.023093595,0.023100346,0.023096038,0.023095232
1862,INPUT_BM1_90_5.txt,OUTPUT_LN2_90_5.txt,10,0.047390202,0.044336572,0.044316228,0.044326732,0.044316179,0.044316771
1863,INPUT_BM1_90_5.txt,OUTPUT_LUNG_90_5.txt,10,0.037386733,0.060605156,0.060560428,0.060584344,0.06056738,0.060576451
1864,INPUT_BM1_90_5.txt,OUTPUT_S_90_5.txt,10,3.955923403,4.019205465,4.012079657,4.016712743,4.017486243,4.016110865
1865,INPUT_BM2_90_5.txt,OUTPUT_BM1_90_5.txt,10,0.135359926,0.140900374,0.141054399,0.140972649,0.141024808,0.141034569
1866,INPUT_BM2_90_5.txt,OUTPUT_BM2_90_5.txt,10,-497430.5,-373638,-373638,-373638,-373638,-373638
1867,INPUT_BM2_90_5.txt,OUTPUT_GUT_90_5.txt,10,0.261115822,0.245364142,0.245397695,0.245380382,0.24543993,0.24538848
1868,INPUT_BM2_90_5.txt,OUTPUT_L_90_5.txt,10,7.677027006,7.169865453,7.166861683,7.169511713,7.169413958,7.168857345
1869,INPUT_BM2_90_5.txt,OUTPUT_LN1_90_5.txt,10,0.043402797,0.036730824,0.036730824,0.036730824,0.036730824,0.036730824
1870,INPUT_BM2_90_5.txt,OUTPUT_LN2_90_5.txt,10,0.200152428,0.162162956,0.162293173,0.162214803,0.162142687,0.162210514
1871,INPUT_BM2_90_5.txt,OUTPUT_LUNG_90_5.txt,10,0.07253049,0.059970809,0.059958144,0.059964534,0.059958705,0.059971289
1872,INPUT_BM2_90_5.txt,OUTPUT_S_90_5.txt,10,5.776950628,5.332378362,5.327830149,5.331015985,5.332423011,5.331271133
1873,INPUT_GUT_90_5.txt,OUTPUT_BM1_90_5.txt,10,0.017527141,0.013778259,0.013792456,0.013784908,0.013788429,0.013790767
1874,INPUT_GUT_90_5.txt,OUTPUT_BM2_90_5.txt,10,0.01037725,0.00935844,0.009357801,0.009358131,0.009357041,0.009357977
1875,INPUT_GUT_90_5.txt,OUTPUT_GUT_90_5.txt,10,-566256.5,-424985,-425014,-424999,-425048.5,-425006
1876,INPUT_GUT_90_5.txt,OUTPUT_L_90_5.txt,10,1.537818817,1.497992018,1.497156115,1.497855278,1.497655266,1.497670732
1877,INPUT_GUT_90_5.txt,OUTPUT_LN1_90_5.txt,10,0.020275818,0.015577379,0.015576316,0.015576866,0.015575051,0.015576609
1878,INPUT_GUT_90_5.txt,OUTPUT_LN2_90_5.txt,10,0.051471248,0.053695961,0.053736092,0.053711621,0.053681152,0.053709297
1879,INPUT_GUT_90_5.txt,OUTPUT_LUNG_90_5.txt,10,0.022211784,0.022615907,0.02260604,0.022608997,0.022604436,0.022615083
1880,INPUT_GUT_90_5.txt,OUTPUT_S_90_5.txt,10,1.11176255,1.091245092,1.090136787,1.090899721,1.091090649,1.090939551
1881,INPUT_L_90_5.txt,OUTPUT_BM1_90_5.txt,10,0.04340168,0.044849259,0.044914911,0.044874392,0.044891623,0.044897796
1882,INPUT_L_90_5.txt,OUTPUT_BM2_90_5.txt,10,1.312706411,1.271573003,1.272055174,1.271636912,1.271645463,1.27174194
1883,INPUT_L_90_5.txt,OUTPUT_GUT_90_5.txt,10,0.187325621,0.174223187,0.174307443,0.174241638,0.174278096,0.174260465
1884,INPUT_L_90_5.txt,OUTPUT_L_90_5.txt,10,-846023,-635076,-634846.5,-635048.5,-635041.5,-634998.5
1885,INPUT_L_90_5.txt,OUTPUT_LN1_90_5.txt,10,0.008872115,0.01142486,0.011428992,0.011425355,0.011425481,0.011426255
1886,INPUT_L_90_5.txt,OUTPUT_LN2_90_5.txt,10,0.600339478,0.597173849,0.597507991,0.59724599,0.597189509,0.597290471
1887,INPUT_L_90_5.txt,OUTPUT_LUNG_90_5.txt,10,0.06479856,0.039402464,0.039402471,0.039395932,0.039390893,0.039407815
1888,INPUT_L_90_5.txt,OUTPUT_S_90_5.txt,10,10.23200067,9.046855286,9.038944204,9.043902427,9.047459399,9.045246653
1889,INPUT_LN1_90_5.txt,OUTPUT_BM1_90_5.txt,10,0.894158307,0.778450459,0.779299099,0.778848676,0.779136058,0.779189843
1890,INPUT_LN1_90_5.txt,OUTPUT_BM2_90_5.txt,10,0.154304191,0.158811072,0.158811072,0.158811072,0.158811072,0.158811072
1891,INPUT_LN1_90_5.txt,OUTPUT_GUT_90_5.txt,10,0.870664074,0.759184744,0.759174557,0.759156332,0.759166676,0.759154442
1892,INPUT_LN1_90_5.txt,OUTPUT_L_90_5.txt,10,38.67307237,36.16994881,36.1580208,36.16835771,36.1681561,36.16575937
1893,INPUT_LN1_90_5.txt,OUTPUT_LN1_90_5.txt,10,-90737.5,-67941,-67941,-67941,-67941,-67941
1894,INPUT_LN1_90_5.txt,OUTPUT_LN2_90_5.txt,10,0.572228586,0.526410544,0.526265176,0.526352658,0.526433176,0.526357446
1895,INPUT_LN1_90_5.txt,OUTPUT_LUNG_90_5.txt,10,0.253784213,0.423256181,0.423163312,0.423221717,0.423167994,0.423259853
1896,INPUT_LN1_90_5.txt,OUTPUT_S_90_5.txt,10,23.86333253,23.19232295,23.17344635,23.18670766,23.19250824,23.18776658
1897,INPUT_LN2_90_5.txt,OUTPUT_BM1_90_5.txt,10,0.170659489,0.189200243,0.189326519,0.189264966,0.189376297,0.189349136
1898,INPUT_LN2_90_5.txt,OUTPUT_BM2_90_5.txt,10,0.015336165,0.015773997,0.015767619,0.015771456,0.01577499,0.015771666
1899,INPUT_LN2_90_5.txt,OUTPUT_GUT_90_5.txt,10,0.214968283,0.200484346,0.20042454,0.200437818,0.200553118,0.200446271
1900,INPUT_LN2_90_5.txt,OUTPUT_L_90_5.txt,10,5.155220271,4.761296386,4.758080586,4.76031537,4.761452892,4.7601391
1901,INPUT_LN2_90_5.txt,OUTPUT_LN1_90_5.txt,10,0.014736398,0.115466061,0.115419253,0.115447417,0.115473352,0.115448959
1902,INPUT_LN2_90_5.txt,OUTPUT_LN2_90_5.txt,10,-551019.5,-412986,-413153,-413052.5,-412960,-413047
1903,INPUT_LN2_90_5.txt,OUTPUT_LUNG_90_5.txt,10,0.059684178,0.071577565,0.071538882,0.071563113,0.071572929,0.071567364
1904,INPUT_LN2_90_5.txt,OUTPUT_S_90_5.txt,10,3.904181849,3.73797978,3.73416543,3.73668262,3.738252988,3.736859196
1905,INPUT_LUNG_90_5.txt,OUTPUT_BM1_90_5.txt,10,13.25652275,12.88064811,12.8825676,12.88190907,12.88260603,12.87995158
1906,INPUT_LUNG_90_5.txt,OUTPUT_BM2_90_5.txt,10,0.013682582,0.014551321,0.014553942,0.014552874,0.014553845,0.014551224
1907,INPUT_LUNG_90_5.txt,OUTPUT_GUT_90_5.txt,10,0.584185796,0.51437649,0.514538779,0.514464874,0.514617818,0.514423251
1908,INPUT_LUNG_90_5.txt,OUTPUT_L_90_5.txt,10,9.9441726,9.803687825,9.804444984,9.804762751,9.805364501,9.803240877
1909,INPUT_LUNG_90_5.txt,OUTPUT_LN1_90_5.txt,10,0.075594935,0.055994024,0.05600411,0.056000123,0.056003743,0.055993652
1910,INPUT_LUNG_90_5.txt,OUTPUT_LN2_90_5.txt,10,0.479794097,0.622011283,0.622609524,0.622271553,0.622044745,0.622184229
1911,INPUT_LUNG_90_5.txt,OUTPUT_LUNG_90_5.txt,10,-799759.5,-599908.5,-599800.5,-599844.5,-599804.5,-599912.5
1912,INPUT_LUNG_90_5.txt,OUTPUT_S_90_5.txt,10,6.749502526,7.134425084,7.132284287,7.134202691,7.13577526,7.133515903
1913,INPUT_S_90_5.txt,OUTPUT_BM1_90_5.txt,10,0.048520854,0.054358328,0.054451837,0.054396465,0.054406389,0.054418665
1914,INPUT_S_90_5.txt,OUTPUT_BM2_90_5.txt,10,0.582665118,0.565335054,0.565691568,0.565438197,0.565331556,0.565418202
1915,INPUT_S_90_5.txt,OUTPUT_GUT_90_5.txt,10,0.24567049,0.219832727,0.219992371,0.219885395,0.219880125,0.219883123
1916,INPUT_S_90_5.txt,OUTPUT_L_90_5.txt,10,115.9148233,101.4283852,101.4160452,101.4368359,101.4171285,101.4180624
1917,INPUT_S_90_5.txt,OUTPUT_LN1_90_5.txt,10,0.02960489,0.038083491,0.038107029,0.038090519,0.03808326,0.038089199
1918,INPUT_S_90_5.txt,OUTPUT_LN2_90_5.txt,10,0.286482883,0.330701401,0.330991675,0.330796194,0.330686399,0.330781842
1919,INPUT_S_90_5.txt,OUTPUT_LUNG_90_5.txt,10,0.054205795,0.053601682,0.053615473,0.053600029,0.053582704,0.05361043
1920,INPUT_S_90_5.txt,OUTPUT_S_90_5.txt,10,-769595.5,-577606.5,-577250,-577500,-577610,-577520
1921,INPUT_BM1_90_5.txt,OUTPUT_BM1_90_5.txt,11,-969387.5,-727011.5,-727251.5,-726932,-727107.5,-727097
1922,INPUT_BM1_90_5.txt,OUTPUT_BM2_90_5.txt,11,4.52708006,5.680018748,5.679624861,5.677924575,5.677477352,5.680287599
1923,INPUT_BM1_90_5.txt,OUTPUT_GUT_90_5.txt,11,NA,NA,NA,NA,NA,NA
1924,INPUT_BM1_90_5.txt,OUTPUT_L_90_5.txt,11,41.97450748,40.13033984,40.07671339,40.10027277,40.06164,40.10212861
1925,INPUT_BM1_90_5.txt,OUTPUT_LN1_90_5.txt,11,0.057012223,0.05868651,0.058655466,0.058691747,0.058693966,0.058676595
1926,INPUT_BM1_90_5.txt,OUTPUT_LN2_90_5.txt,11,0.579838675,0.547175087,0.546939418,0.547078572,0.546993231,0.5470237
1927,INPUT_BM1_90_5.txt,OUTPUT_LUNG_90_5.txt,11,0.019160345,0.0238407,0.023832827,0.02384331,0.023837549,0.023837895
1928,INPUT_BM1_90_5.txt,OUTPUT_S_90_5.txt,11,1.984266949,2.573755426,2.574236223,2.573599253,2.573963902,2.573080136
1929,INPUT_BM2_90_5.txt,OUTPUT_BM1_90_5.txt,11,9.097899538,10.99208792,10.99787496,10.9922775,10.99665654,10.99375941
1930,INPUT_BM2_90_5.txt,OUTPUT_BM2_90_5.txt,11,-1112507.5,-834466.5,-834576,-834267.5,-834336,-834535.5
1931,INPUT_BM2_90_5.txt,OUTPUT_GUT_90_5.txt,11,NA,NA,NA,NA,NA,NA
1932,INPUT_BM2_90_5.txt,OUTPUT_L_90_5.txt,11,4.500588327,4.605589162,4.599811749,4.602540673,4.59845472,4.602285531
1933,INPUT_BM2_90_5.txt,OUTPUT_LN1_90_5.txt,11,0.027141214,0.027442065,0.027433046,0.027448179,0.027453546,0.027438514
1934,INPUT_BM2_90_5.txt,OUTPUT_LN2_90_5.txt,11,0.557176389,0.630138476,0.629762867,0.629965778,0.629725641,0.629914618
1935,INPUT_BM2_90_5.txt,OUTPUT_LUNG_90_5.txt,11,0.086537003,0.065287225,0.06527865,0.065302836,0.065297458,0.065281822
1936,INPUT_BM2_90_5.txt,OUTPUT_S_90_5.txt,11,0.948216166,0.946795658,0.947159321,0.946859929,0.947143739,0.94657893
1937,INPUT_GUT_90_5.txt,OUTPUT_BM1_90_5.txt,11,NA,NA,NA,NA,NA,NA
1938,INPUT_GUT_90_5.txt,OUTPUT_BM2_90_5.txt,11,NA,NA,NA,NA,NA,NA
1939,INPUT_GUT_90_5.txt,OUTPUT_GUT_90_5.txt,11,NA,NA,NA,NA,NA,NA
1940,INPUT_GUT_90_5.txt,OUTPUT_L_90_5.txt,11,NA,NA,NA,NA,NA,NA
1941,INPUT_GUT_90_5.txt,OUTPUT_LN1_90_5.txt,11,NA,NA,NA,NA,NA,NA
1942,INPUT_GUT_90_5.txt,OUTPUT_LN2_90_5.txt,11,NA,NA,NA,NA,NA,NA
1943,INPUT_GUT_90_5.txt,OUTPUT_LUNG_90_5.txt,11,NA,NA,NA,NA,NA,NA
1944,INPUT_GUT_90_5.txt,OUTPUT_S_90_5.txt,11,NA,NA,NA,NA,NA,NA
1945,INPUT_L_90_5.txt,OUTPUT_BM1_90_5.txt,11,3.541106727,3.096384107,3.100264009,3.097112798,3.099890726,3.098117575
1946,INPUT_L_90_5.txt,OUTPUT_BM2_90_5.txt,11,2.06071293,1.763560978,1.765062115,1.763517545,1.764531791,1.764422356
1947,INPUT_L_90_5.txt,OUTPUT_GUT_90_5.txt,11,NA,NA,NA,NA,NA,NA
1948,INPUT_L_90_5.txt,OUTPUT_L_90_5.txt,11,-695852,-522638,-522333,-522402.5,-522190,-522470.5
1949,INPUT_L_90_5.txt,OUTPUT_LN1_90_5.txt,11,0.031213364,0.039885408,0.039900837,0.039902355,0.039929683,0.039895927
1950,INPUT_L_90_5.txt,OUTPUT_LN2_90_5.txt,11,0.471063033,0.814603271,0.814986208,0.814743575,0.815132359,0.814778311
1951,INPUT_L_90_5.txt,OUTPUT_LUNG_90_5.txt,11,0.078437884,0.067937944,0.067977664,0.067968667,0.067996373,0.067959794
1952,INPUT_L_90_5.txt,OUTPUT_S_90_5.txt,11,2.921639806,3.122332032,3.125761142,3.123204947,3.125664633,3.122870608
1953,INPUT_LN1_90_5.txt,OUTPUT_BM1_90_5.txt,11,18.15843157,22.43371755,22.44495379,22.42927124,22.43607214,22.43665572
1954,INPUT_LN1_90_5.txt,OUTPUT_BM2_90_5.txt,11,5.664267166,7.311824435,7.314127717,7.308531165,7.30885835,7.312906698
1955,INPUT_LN1_90_5.txt,OUTPUT_GUT_90_5.txt,11,NA,NA,NA,NA,NA,NA
1956,INPUT_LN1_90_5.txt,OUTPUT_L_90_5.txt,11,14.42417043,17.94064159,17.92624662,17.92807413,17.91648527,17.93160813
1957,INPUT_LN1_90_5.txt,OUTPUT_LN1_90_5.txt,11,-450978,-337976.5,-337944.5,-337977.5,-338022.5,-337972.5
1958,INPUT_LN1_90_5.txt,OUTPUT_LN2_90_5.txt,11,1.566707716,1.780541379,1.78072518,1.780137044,1.780252819,1.780322147
1959,INPUT_LN1_90_5.txt,OUTPUT_LUNG_90_5.txt,11,13.11495948,12.87629914,12.87782497,12.87647174,12.87421107,12.87658797
1960,INPUT_LN1_90_5.txt,OUTPUT_S_90_5.txt,11,1.741481238,2.29081366,2.292152864,2.290421374,2.290988259,2.290502753
1961,INPUT_LN2_90_5.txt,OUTPUT_BM1_90_5.txt,11,2.70675992,4.230672282,4.23456092,4.231115993,4.234200584,4.232128041
1962,INPUT_LN2_90_5.txt,OUTPUT_BM2_90_5.txt,11,12.48315654,12.92448749,12.93122792,12.92375283,12.93093713,12.92663224
1963,INPUT_LN2_90_5.txt,OUTPUT_GUT_90_5.txt,11,NA,NA,NA,NA,NA,NA
1964,INPUT_LN2_90_5.txt,OUTPUT_L_90_5.txt,11,2.391776433,2.776922612,2.781867867,2.775316558,2.774445817,2.775565646
1965,INPUT_LN2_90_5.txt,OUTPUT_LN1_90_5.txt,11,0.059314815,0.078025403,0.07803723,0.078051757,0.078095123,0.078037926
1966,INPUT_LN2_90_5.txt,OUTPUT_LN2_90_5.txt,11,-542035,-406928,-406785.5,-406793,-406681.5,-406852.5
1967,INPUT_LN2_90_5.txt,OUTPUT_LUNG_90_5.txt,11,0.051787874,0.051940883,0.051960679,0.051959181,0.05197187,0.051951596
1968,INPUT_LN2_90_5.txt,OUTPUT_S_90_5.txt,11,0.893919425,1.209716882,1.210739182,1.209904375,1.210693562,1.209758271
1969,INPUT_LUNG_90_5.txt,OUTPUT_BM1_90_5.txt,11,1.89567646,1.636762776,1.637746403,1.636437042,1.637156202,1.637113066
1970,INPUT_LUNG_90_5.txt,OUTPUT_BM2_90_5.txt,11,2.454465103,1.962375986,1.962837717,1.961537802,1.961826996,1.962667187
1971,INPUT_LUNG_90_5.txt,OUTPUT_GUT_90_5.txt,11,NA,NA,NA,NA,NA,NA
1972,INPUT_LUNG_90_5.txt,OUTPUT_L_90_5.txt,11,3.083622733,3.227559226,3.226460341,3.225206044,3.223078496,3.225884928
1973,INPUT_LUNG_90_5.txt,OUTPUT_LN1_90_5.txt,11,0.088277165,0.107976001,0.107954957,0.107973827,0.108003421,0.107970538
1974,INPUT_LUNG_90_5.txt,OUTPUT_LN2_90_5.txt,11,1.765320825,1.75304411,1.752147026,1.752091919,1.751480906,1.752569998
1975,INPUT_LUNG_90_5.txt,OUTPUT_LUNG_90_5.txt,11,-525165.5,-394639,-394639,-394639,-394639,-394639
1976,INPUT_LUNG_90_5.txt,OUTPUT_S_90_5.txt,11,0.733037623,0.814514984,0.814914632,0.814383542,0.814679738,0.814401068
1977,INPUT_S_90_5.txt,OUTPUT_BM1_90_5.txt,11,12.62124404,16.22477397,16.23143023,16.22256997,16.22736803,16.23003814
1978,INPUT_S_90_5.txt,OUTPUT_BM2_90_5.txt,11,6.12520753,7.89029091,7.890283005,7.887140164,7.886847107,7.892221948
1979,INPUT_S_90_5.txt,OUTPUT_GUT_90_5.txt,11,NA,NA,NA,NA,NA,NA
1980,INPUT_S_90_5.txt,OUTPUT_L_90_5.txt,11,12.04583154,12.10280697,12.09238128,12.09259563,12.08062074,12.09563072
1981,INPUT_S_90_5.txt,OUTPUT_LN1_90_5.txt,11,0.058841193,0.060732453,0.06070465,0.060735036,0.06074046,0.060732457
1982,INPUT_S_90_5.txt,OUTPUT_LN2_90_5.txt,11,0.569478525,0.580988263,0.58091058,0.580952779,0.581027734,0.58098772
1983,INPUT_S_90_5.txt,OUTPUT_LUNG_90_5.txt,11,0.040516943,0.038643238,0.03863331,0.038646557,0.038639106,0.038646119
1984,INPUT_S_90_5.txt,OUTPUT_S_90_5.txt,11,-589191,-441913,-442027,-441875.5,-441960,-441880.5
1985,INPUT_BM1_90_5.txt,OUTPUT_BM1_90_5.txt,12,-850661.5,-637709,-637951.5,-637502.5,-637700,-637894
1986,INPUT_BM1_90_5.txt,OUTPUT_BM2_90_5.txt,12,19.77769028,23.75861667,23.76537982,23.74766965,23.7588164,23.74868515
1987,INPUT_BM1_90_5.txt,OUTPUT_GUT_90_5.txt,12,NA,NA,NA,NA,NA,NA
1988,INPUT_BM1_90_5.txt,OUTPUT_L_90_5.txt,12,1.319132226,2.576960882,2.57748132,2.5769895,2.576006708,2.576958683
1989,INPUT_BM1_90_5.txt,OUTPUT_LN1_90_5.txt,12,0.023551581,0.019830266,0.019820846,0.019827095,0.019830652,0.019817786
1990,INPUT_BM1_90_5.txt,OUTPUT_LN2_90_5.txt,12,0.170056187,0.192050207,0.191948022,0.192096316,0.192085,0.191989584
1991,INPUT_BM1_90_5.txt,OUTPUT_LUNG_90_5.txt,12,0.23232644,0.223077735,0.2229629,0.223075106,0.223029336,0.222973926
1992,INPUT_BM1_90_5.txt,OUTPUT_S_90_5.txt,12,NA,NA,NA,NA,NA,NA
1993,INPUT_BM1_90_5.txt,OUTPUT_SKIN1_90_5.txt,12,2.844458177,2.770848489,2.771331654,2.772492196,2.772644831,2.771127183
1994,INPUT_BM1_90_5.txt,OUTPUT_SKIN10_90_5.txt,12,0.241912208,0.253500802,0.253628961,0.25383411,0.253515315,0.253645647
1995,INPUT_BM1_90_5.txt,OUTPUT_SKIN11_90_5.txt,12,0.346019698,0.385882548,0.385731844,0.386041191,0.385912904,0.385791911
1996,INPUT_BM1_90_5.txt,OUTPUT_SKIN12_90_5.txt,12,0.059877806,0.057250892,0.057207899,0.057272476,0.057250394,0.057235021
1997,INPUT_BM1_90_5.txt,OUTPUT_SKIN2_90_5.txt,12,0.196075716,0.188700342,0.188458571,0.188609598,0.188651871,0.188554595
1998,INPUT_BM1_90_5.txt,OUTPUT_SKIN3_90_5.txt,12,0.111362407,0.112136232,0.112075772,0.11217582,0.112130932,0.112104943
1999,INPUT_BM1_90_5.txt,OUTPUT_SKIN4_90_5.txt,12,0.016358728,0.016075109,0.016071695,0.01607999,0.016078074,0.01607059
2000,INPUT_BM1_90_5.txt,OUTPUT_SKIN5_90_5.txt,12,0.261899186,0.24629849,0.24624117,0.246403196,0.24632884,0.246264707
2001,INPUT_BM1_90_5.txt,OUTPUT_SKIN6_90_5.txt,12,0.571724051,0.630546497,0.630311909,0.630671355,0.630929323,0.630401371
2002,INPUT_BM1_90_5.txt,OUTPUT_SKIN7_90_5.txt,12,0.023760954,0.016999594,0.016993642,0.017001296,0.017000717,0.016991818
2003,INPUT_BM1_90_5.txt,OUTPUT_SKIN8_90_5.txt,12,0.063123051,0.068902125,0.068875557,0.068924366,0.068903031,0.068881904
2004,INPUT_BM1_90_5.txt,OUTPUT_SKIN9_90_5.txt,12,0.239354829,0.224532181,0.224388791,0.224561628,0.224480566,0.224491056
2005,INPUT_BM2_90_5.txt,OUTPUT_BM1_90_5.txt,12,2.439433166,3.23107487,3.232451218,3.230243295,3.23098787,3.233141475
2006,INPUT_BM2_90_5.txt,OUTPUT_BM2_90_5.txt,12,-973464.5,-729763.5,-730007.5,-729478.5,-729762.5,-729719.5
2007,INPUT_BM2_90_5.txt,OUTPUT_GUT_90_5.txt,12,NA,NA,NA,NA,NA,NA
2008,INPUT_BM2_90_5.txt,OUTPUT_L_90_5.txt,12,2.227892847,2.865832276,2.866535738,2.866056268,2.864740173,2.866824803
2009,INPUT_BM2_90_5.txt,OUTPUT_LN1_90_5.txt,12,0.014385961,0.01240936,0.012404018,0.012408101,0.012409445,0.012405823
2010,INPUT_BM2_90_5.txt,OUTPUT_LN2_90_5.txt,12,0.097558948,0.114206096,0.114150672,0.114241107,0.114225315,0.114210182
2011,INPUT_BM2_90_5.txt,OUTPUT_LUNG_90_5.txt,12,0.127554269,0.123827335,0.12377939,0.123845787,0.123800625,0.123813849
2012,INPUT_BM2_90_5.txt,OUTPUT_S_90_5.txt,12,NA,NA,NA,NA,NA,NA
2013,INPUT_BM2_90_5.txt,OUTPUT_SKIN1_90_5.txt,12,1.172088138,1.298277469,1.298570012,1.299125046,1.299094848,1.298873563
2014,INPUT_BM2_90_5.txt,OUTPUT_SKIN10_90_5.txt,12,0.133372448,0.134236913,0.13431832,0.134429381,0.13424335,0.13436793
2015,INPUT_BM2_90_5.txt,OUTPUT_SKIN11_90_5.txt,12,0.14499441,0.164792628,0.164735785,0.164868052,0.164802832,0.16480926
2016,INPUT_BM2_90_5.txt,OUTPUT_SKIN12_90_5.txt,12,0.049891259,0.052584004,0.052550674,0.052614506,0.052580637,0.052587839
2017,INPUT_BM2_90_5.txt,OUTPUT_SKIN2_90_5.txt,12,0.112347676,0.109305465,0.10915378,0.109257535,0.109268841,0.109243058
2018,INPUT_BM2_90_5.txt,OUTPUT_SKIN3_90_5.txt,12,0.080741623,0.076426174,0.076388803,0.076458085,0.076422466,0.076432137
2019,INPUT_BM2_90_5.txt,OUTPUT_SKIN4_90_5.txt,12,0.022304445,0.01829162,0.018288509,0.018298404,0.018294694,0.018292886
2020,INPUT_BM2_90_5.txt,OUTPUT_SKIN5_90_5.txt,12,0.151188642,0.1454468,0.14541576,0.145514625,0.145462127,0.145477957
2021,INPUT_BM2_90_5.txt,OUTPUT_SKIN6_90_5.txt,12,0.440978742,0.440840505,0.440697318,0.440957188,0.441102318,0.440894209
2022,INPUT_BM2_90_5.txt,OUTPUT_SKIN7_90_5.txt,12,0.019498839,0.018469893,0.018464279,0.018472963,0.018470884,0.018467906
2023,INPUT_BM2_90_5.txt,OUTPUT_SKIN8_90_5.txt,12,0.073274307,0.066366502,0.06634377,0.066392426,0.066366799,0.066370658
2024,INPUT_BM2_90_5.txt,OUTPUT_SKIN9_90_5.txt,12,0.183587817,0.172714417,0.172612077,0.172748405,0.172672351,0.172743823
2025,INPUT_GUT_90_5.txt,OUTPUT_BM1_90_5.txt,12,NA,NA,NA,NA,NA,NA
2026,INPUT_GUT_90_5.txt,OUTPUT_BM2_90_5.txt,12,NA,NA,NA,NA,NA,NA
2027,INPUT_GUT_90_5.txt,OUTPUT_GUT_90_5.txt,12,NA,NA,NA,NA,NA,NA
2028,INPUT_GUT_90_5.txt,OUTPUT_L_90_5.txt,12,NA,NA,NA,NA,NA,NA
2029,INPUT_GUT_90_5.txt,OUTPUT_LN1_90_5.txt,12,NA,NA,NA,NA,NA,NA
2030,INPUT_GUT_90_5.txt,OUTPUT_LN2_90_5.txt,12,NA,NA,NA,NA,NA,NA
2031,INPUT_GUT_90_5.txt,OUTPUT_LUNG_90_5.txt,12,NA,NA,NA,NA,NA,NA
2032,INPUT_GUT_90_5.txt,OUTPUT_S_90_5.txt,12,NA,NA,NA,NA,NA,NA
2033,INPUT_GUT_90_5.txt,OUTPUT_SKIN1_90_5.txt,12,NA,NA,NA,NA,NA,NA
2034,INPUT_GUT_90_5.txt,OUTPUT_SKIN10_90_5.txt,12,NA,NA,NA,NA,NA,NA
2035,INPUT_GUT_90_5.txt,OUTPUT_SKIN11_90_5.txt,12,NA,NA,NA,NA,NA,NA
2036,INPUT_GUT_90_5.txt,OUTPUT_SKIN12_90_5.txt,12,NA,NA,NA,NA,NA,NA
2037,INPUT_GUT_90_5.txt,OUTPUT_SKIN2_90_5.txt,12,NA,NA,NA,NA,NA,NA
2038,INPUT_GUT_90_5.txt,OUTPUT_SKIN3_90_5.txt,12,NA,NA,NA,NA,NA,NA
2039,INPUT_GUT_90_5.txt,OUTPUT_SKIN4_90_5.txt,12,NA,NA,NA,NA,NA,NA
2040,INPUT_GUT_90_5.txt,OUTPUT_SKIN5_90_5.txt,12,NA,NA,NA,NA,NA,NA
2041,INPUT_GUT_90_5.txt,OUTPUT_SKIN6_90_5.txt,12,NA,NA,NA,NA,NA,NA
2042,INPUT_GUT_90_5.txt,OUTPUT_SKIN7_90_5.txt,12,NA,NA,NA,NA,NA,NA
2043,INPUT_GUT_90_5.txt,OUTPUT_SKIN8_90_5.txt,12,NA,NA,NA,NA,NA,NA
2044,INPUT_GUT_90_5.txt,OUTPUT_SKIN9_90_5.txt,12,NA,NA,NA,NA,NA,NA
2045,INPUT_L_90_5.txt,OUTPUT_BM1_90_5.txt,12,4.205988998,4.004351738,4.00623967,4.002376144,4.00501161,4.006103512
2046,INPUT_L_90_5.txt,OUTPUT_BM2_90_5.txt,12,27.93325751,33.33768589,33.35039476,33.31607339,33.34451614,33.32823493
2047,INPUT_L_90_5.txt,OUTPUT_GUT_90_5.txt,12,NA,NA,NA,NA,NA,NA
2048,INPUT_L_90_5.txt,OUTPUT_L_90_5.txt,12,-858684,-643783,-643969.5,-643683,-643659.5,-643875.5
2049,INPUT_L_90_5.txt,OUTPUT_LN1_90_5.txt,12,0.031891977,0.02849773,0.028485584,0.028481984,0.0285034,0.028479223
2050,INPUT_L_90_5.txt,OUTPUT_LN2_90_5.txt,12,0.20107576,0.232291807,0.232189204,0.232308312,0.232375427,0.232252538
2051,INPUT_L_90_5.txt,OUTPUT_LUNG_90_5.txt,12,0.151892099,0.160196788,0.160114789,0.160169315,0.160169484,0.160150449
2052,INPUT_L_90_5.txt,OUTPUT_S_90_5.txt,12,NA,NA,NA,NA,NA,NA
2053,INPUT_L_90_5.txt,OUTPUT_SKIN1_90_5.txt,12,1.707916144,1.865588283,1.86609083,1.866365855,1.86713576,1.866057698
2054,INPUT_L_90_5.txt,OUTPUT_SKIN10_90_5.txt,12,0.020228123,0.025727167,0.025744481,0.025758797,0.025733373,0.02574745
2055,INPUT_L_90_5.txt,OUTPUT_SKIN11_90_5.txt,12,0.194694442,0.181975372,0.181924049,0.182019808,0.182024972,0.18196054
2056,INPUT_L_90_5.txt,OUTPUT_SKIN12_90_5.txt,12,0.151756426,0.151816645,0.151762611,0.15192891,0.15181688,0.15179623
2057,INPUT_L_90_5.txt,OUTPUT_SKIN2_90_5.txt,12,0.158556313,0.164811316,0.164605121,0.164701305,0.164795859,0.164702735
2058,INPUT_L_90_5.txt,OUTPUT_SKIN3_90_5.txt,12,0.124055381,0.11737173,0.117319588,0.11739311,0.117388223,0.117356589
2059,INPUT_L_90_5.txt,OUTPUT_SKIN4_90_5.txt,12,0.015900253,0.015310126,0.015308502,0.015312164,0.015315917,0.015308077
2060,INPUT_L_90_5.txt,OUTPUT_SKIN5_90_5.txt,12,0.342569774,0.352640129,0.352572761,0.352715915,0.352743518,0.352639643
2061,INPUT_L_90_5.txt,OUTPUT_SKIN6_90_5.txt,12,0.363588132,0.376257941,0.376152474,0.376268533,0.376554222,0.376226799
2062,INPUT_L_90_5.txt,OUTPUT_SKIN7_90_5.txt,12,0.012516115,0.014011502,0.014007868,0.01401054,0.014014924,0.014007141
2063,INPUT_L_90_5.txt,OUTPUT_SKIN8_90_5.txt,12,0.0125433,0.015596692,0.015592865,0.015599278,0.015599548,0.015594473
2064,INPUT_L_90_5.txt,OUTPUT_SKIN9_90_5.txt,12,0.046799648,0.052742221,0.05271324,0.052739981,0.052739301,0.05274047
2065,INPUT_LN1_90_5.txt,OUTPUT_BM1_90_5.txt,12,1.454323017,1.34808281,1.348901611,1.347957828,1.348049846,1.348989071
2066,INPUT_LN1_90_5.txt,OUTPUT_BM2_90_5.txt,12,1.305800334,1.229979864,1.230673205,1.229720813,1.229973064,1.230192126
2067,INPUT_LN1_90_5.txt,OUTPUT_GUT_90_5.txt,12,NA,NA,NA,NA,NA,NA
2068,INPUT_LN1_90_5.txt,OUTPUT_L_90_5.txt,12,1.819988628,1.72138789,1.722122375,1.721688856,1.720975081,1.722143075
2069,INPUT_LN1_90_5.txt,OUTPUT_LN1_90_5.txt,12,-575501,-431712.5,-431682.5,-431556.5,-431714,-431601
2070,INPUT_LN1_90_5.txt,OUTPUT_LN2_90_5.txt,12,0.442883871,0.389643703,0.389615391,0.389753814,0.389703892,0.389735676
2071,INPUT_LN1_90_5.txt,OUTPUT_LUNG_90_5.txt,12,0.404599927,0.344965289,0.34481852,0.344939756,0.344758812,0.344964268
2072,INPUT_LN1_90_5.txt,OUTPUT_S_90_5.txt,12,NA,NA,NA,NA,NA,NA
2073,INPUT_LN1_90_5.txt,OUTPUT_SKIN1_90_5.txt,12,1.60036482,1.278291862,1.278962439,1.279024131,1.278919424,1.27904133
2074,INPUT_LN1_90_5.txt,OUTPUT_SKIN10_90_5.txt,12,0.211978886,0.190889687,0.191086564,0.191163549,0.190898384,0.191116871
2075,INPUT_LN1_90_5.txt,OUTPUT_SKIN11_90_5.txt,12,0.268678395,0.252317186,0.252326968,0.252420515,0.252325784,0.252388255
2076,INPUT_LN1_90_5.txt,OUTPUT_SKIN12_90_5.txt,12,0.125649059,0.109872097,0.109841471,0.109924238,0.109866975,0.109902594
2077,INPUT_LN1_90_5.txt,OUTPUT_SKIN2_90_5.txt,12,0.37687443,0.310851388,0.310574876,0.31070207,0.310767408,0.310791194
2078,INPUT_LN1_90_5.txt,OUTPUT_SKIN3_90_5.txt,12,0.212719203,0.230914677,0.230891738,0.23099351,0.230896797,0.230969255
2079,INPUT_LN1_90_5.txt,OUTPUT_SKIN4_90_5.txt,12,0.033857151,0.04065521,0.040665543,0.040669004,0.040662675,0.040666127
2080,INPUT_LN1_90_5.txt,OUTPUT_SKIN5_90_5.txt,12,0.489985242,0.529873676,0.529987875,0.530112053,0.529937587,0.530102305
2081,INPUT_LN1_90_5.txt,OUTPUT_SKIN6_90_5.txt,12,0.55431091,0.316574662,0.316599881,0.316651257,0.316750947,0.31667494
2082,INPUT_LN1_90_5.txt,OUTPUT_SKIN7_90_5.txt,12,0.021377949,0.025230595,0.025233121,0.025234037,0.025231831,0.025232868
2083,INPUT_LN1_90_5.txt,OUTPUT_SKIN8_90_5.txt,12,0.060721051,0.045783152,0.045788258,0.045800141,0.045782581,0.045795006
2084,INPUT_LN1_90_5.txt,OUTPUT_SKIN9_90_5.txt,12,0.150515836,0.13943991,0.13941318,0.139462586,0.139404645,0.139491584
2085,INPUT_LN2_90_5.txt,OUTPUT_BM1_90_5.txt,12,3.619713348,3.595007906,3.597846083,3.592928207,3.594645449,3.597030683
2086,INPUT_LN2_90_5.txt,OUTPUT_BM2_90_5.txt,12,6.607234937,6.613574109,6.61801264,6.609076703,6.613118328,6.612910054
2087,INPUT_LN2_90_5.txt,OUTPUT_GUT_90_5.txt,12,NA,NA,NA,NA,NA,NA
2088,INPUT_LN2_90_5.txt,OUTPUT_L_90_5.txt,12,3.18045937,2.826067776,2.827828655,2.825333733,2.824816321,2.826877263
2089,INPUT_LN2_90_5.txt,OUTPUT_LN1_90_5.txt,12,0.046355433,0.025119305,0.025117371,0.025100491,0.025117401,0.025105405
2090,INPUT_LN2_90_5.txt,OUTPUT_LN2_90_5.txt,12,-488269.5,-365864.5,-365837,-365849,-365895,-365860
2091,INPUT_LN2_90_5.txt,OUTPUT_LUNG_90_5.txt,12,0.577905892,0.560744172,0.5606349,0.560534955,0.560438878,0.560659796
2092,INPUT_LN2_90_5.txt,OUTPUT_S_90_5.txt,12,NA,NA,NA,NA,NA,NA
2093,INPUT_LN2_90_5.txt,OUTPUT_SKIN1_90_5.txt,12,3.767114178,3.456546163,3.458731676,3.457562981,3.458393672,3.457959686
2094,INPUT_LN2_90_5.txt,OUTPUT_SKIN10_90_5.txt,12,0.223407039,0.224876804,0.225105713,0.225123023,0.224868804,0.225084556
2095,INPUT_LN2_90_5.txt,OUTPUT_SKIN11_90_5.txt,12,0.328104298,0.207500285,0.207525304,0.207534265,0.2075065,0.207522936
2096,INPUT_LN2_90_5.txt,OUTPUT_SKIN12_90_5.txt,12,0.095898442,0.093670962,0.093645481,0.09368709,0.093658649,0.093674032
2097,INPUT_LN2_90_5.txt,OUTPUT_SKIN2_90_5.txt,12,0.442100589,0.488349708,0.487912464,0.487954835,0.488170377,0.488113615
2098,INPUT_LN2_90_5.txt,OUTPUT_SKIN3_90_5.txt,12,0.248009378,0.250541392,0.250520044,0.25056002,0.250496597,0.250543358
2099,INPUT_LN2_90_5.txt,OUTPUT_SKIN4_90_5.txt,12,0.028659602,0.03316706,0.033175883,0.033167696,0.033170705,0.03316781
2100,INPUT_LN2_90_5.txt,OUTPUT_SKIN5_90_5.txt,12,0.746627957,0.932152876,0.932421401,0.932333982,0.932197103,0.93231989
2101,INPUT_LN2_90_5.txt,OUTPUT_SKIN6_90_5.txt,12,0.953949666,0.877806707,0.877880849,0.87772923,0.878256453,0.877869262
2102,INPUT_LN2_90_5.txt,OUTPUT_SKIN7_90_5.txt,12,0.03601169,0.037618988,0.037623007,0.037611839,0.037617888,0.037612914
2103,INPUT_LN2_90_5.txt,OUTPUT_SKIN8_90_5.txt,12,0.085869806,0.073857123,0.073865681,0.073860922,0.073850284,0.07385803
2104,INPUT_LN2_90_5.txt,OUTPUT_SKIN9_90_5.txt,12,0.378025281,0.304310102,0.304254073,0.304262701,0.304209061,0.304347664
2105,INPUT_LUNG_90_5.txt,OUTPUT_BM1_90_5.txt,12,3.519563052,3.428331408,3.428709735,3.429168882,3.4291849,3.428567449
2106,INPUT_LUNG_90_5.txt,OUTPUT_BM2_90_5.txt,12,3.878471243,3.762931232,3.76318968,3.76414391,3.763898928,3.76345074
2107,INPUT_LUNG_90_5.txt,OUTPUT_GUT_90_5.txt,12,NA,NA,NA,NA,NA,NA
2108,INPUT_LUNG_90_5.txt,OUTPUT_L_90_5.txt,12,3.106522325,3.084468763,3.084999549,3.085069759,3.08522796,3.084807077
2109,INPUT_LUNG_90_5.txt,OUTPUT_LN1_90_5.txt,12,0.046780196,0.04724996,0.047251896,0.047225741,0.047261809,0.047229214
2110,INPUT_LUNG_90_5.txt,OUTPUT_LN2_90_5.txt,12,8.973786075,8.701237672,8.703855538,8.703616257,8.702614128,8.702562338
2111,INPUT_LUNG_90_5.txt,OUTPUT_LUNG_90_5.txt,12,-1080288,-812251.5,-812105,-812081,-812053,-812189
2112,INPUT_LUNG_90_5.txt,OUTPUT_S_90_5.txt,12,NA,NA,NA,NA,NA,NA
2113,INPUT_LUNG_90_5.txt,OUTPUT_SKIN1_90_5.txt,12,6.103110649,5.944973768,5.944897671,5.945648438,5.945076687,5.944935172
2114,INPUT_LUNG_90_5.txt,OUTPUT_SKIN10_90_5.txt,12,125.9518213,122.7212231,122.8391283,122.8394409,122.7137808,122.8179957
2115,INPUT_LUNG_90_5.txt,OUTPUT_SKIN11_90_5.txt,12,47.27921813,45.60131373,45.61968981,45.60879021,45.61692699,45.61041596
2116,INPUT_LUNG_90_5.txt,OUTPUT_SKIN12_90_5.txt,12,0.908693679,0.919735743,0.919474322,0.919854284,0.919983783,0.919827832
2117,INPUT_LUNG_90_5.txt,OUTPUT_SKIN2_90_5.txt,12,9.778570277,10.76935546,10.7607754,10.76228984,10.76919617,10.76462923
2118,INPUT_LUNG_90_5.txt,OUTPUT_SKIN3_90_5.txt,12,140.9369302,137.7201466,137.7127529,137.7590083,137.7551414,137.7284654
2119,INPUT_LUNG_90_5.txt,OUTPUT_SKIN4_90_5.txt,12,20.75837887,20.19785629,20.19343025,20.20111564,20.20587299,20.20030337
2120,INPUT_LUNG_90_5.txt,OUTPUT_SKIN5_90_5.txt,12,5.093399727,5.97366341,5.975566142,5.975402542,5.975812782,5.975080345
2121,INPUT_LUNG_90_5.txt,OUTPUT_SKIN6_90_5.txt,12,4.369433953,4.292426806,4.293155439,4.293377855,4.293187854,4.292870566
2122,INPUT_LUNG_90_5.txt,OUTPUT_SKIN7_90_5.txt,12,16.67257707,16.2375827,16.24057076,16.23795787,16.24242481,16.23690819
2123,INPUT_LUNG_90_5.txt,OUTPUT_SKIN8_90_5.txt,12,34.56245904,33.56572955,33.57387921,33.57503064,33.57496131,33.56942927
2124,INPUT_LUNG_90_5.txt,OUTPUT_SKIN9_90_5.txt,12,31.83908778,30.9891072,30.99155985,30.99144454,30.99280005,30.99385015
2125,INPUT_S_90_5.txt,OUTPUT_BM1_90_5.txt,12,NA,NA,NA,NA,NA,NA
2126,INPUT_S_90_5.txt,OUTPUT_BM2_90_5.txt,12,NA,NA,NA,NA,NA,NA
2127,INPUT_S_90_5.txt,OUTPUT_GUT_90_5.txt,12,NA,NA,NA,NA,NA,NA
2128,INPUT_S_90_5.txt,OUTPUT_L_90_5.txt,12,NA,NA,NA,NA,NA,NA
2129,INPUT_S_90_5.txt,OUTPUT_LN1_90_5.txt,12,NA,NA,NA,NA,NA,NA
2130,INPUT_S_90_5.txt,OUTPUT_LN2_90_5.txt,12,NA,NA,NA,NA,NA,NA
2131,INPUT_S_90_5.txt,OUTPUT_LUNG_90_5.txt,12,NA,NA,NA,NA,NA,NA
2132,INPUT_S_90_5.txt,OUTPUT_S_90_5.txt,12,NA,NA,NA,NA,NA,NA
2133,INPUT_S_90_5.txt,OUTPUT_SKIN1_90_5.txt,12,NA,NA,NA,NA,NA,NA
2134,INPUT_S_90_5.txt,OUTPUT_SKIN10_90_5.txt,12,NA,NA,NA,NA,NA,NA
2135,INPUT_S_90_5.txt,OUTPUT_SKIN11_90_5.txt,12,NA,NA,NA,NA,NA,NA
2136,INPUT_S_90_5.txt,OUTPUT_SKIN12_90_5.txt,12,NA,NA,NA,NA,NA,NA
2137,INPUT_S_90_5.txt,OUTPUT_SKIN2_90_5.txt,12,NA,NA,NA,NA,NA,NA
2138,INPUT_S_90_5.txt,OUTPUT_SKIN3_90_5.txt,12,NA,NA,NA,NA,NA,NA
2139,INPUT_S_90_5.txt,OUTPUT_SKIN4_90_5.txt,12,NA,NA,NA,NA,NA,NA
2140,INPUT_S_90_5.txt,OUTPUT_SKIN5_90_5.txt,12,NA,NA,NA,NA,NA,NA
2141,INPUT_S_90_5.txt,OUTPUT_SKIN6_90_5.txt,12,NA,NA,NA,NA,NA,NA
2142,INPUT_S_90_5.txt,OUTPUT_SKIN7_90_5.txt,12,NA,NA,NA,NA,NA,NA
2143,INPUT_S_90_5.txt,OUTPUT_SKIN8_90_5.txt,12,NA,NA,NA,NA,NA,NA
2144,INPUT_S_90_5.txt,OUTPUT_SKIN9_90_5.txt,12,NA,NA,NA,NA,NA,NA
2145,INPUT_SKIN1_90_5.txt,OUTPUT_BM1_90_5.txt,12,5.192573471,5.010604543,5.012961601,5.006873818,5.009024984,5.012471295
2146,INPUT_SKIN1_90_5.txt,OUTPUT_BM2_90_5.txt,12,17.71217977,15.96958574,15.97557182,15.95676335,15.96568676,15.96526739
2147,INPUT_SKIN1_90_5.txt,OUTPUT_GUT_90_5.txt,12,NA,NA,NA,NA,NA,NA
2148,INPUT_SKIN1_90_5.txt,OUTPUT_L_90_5.txt,12,1.585322824,1.138624565,1.138961768,1.138130616,1.137844241,1.138723989
2149,INPUT_SKIN1_90_5.txt,OUTPUT_LN1_90_5.txt,12,0.0186736,0.024303346,0.024293093,0.02428271,0.024295949,0.024285939
2150,INPUT_SKIN1_90_5.txt,OUTPUT_LN2_90_5.txt,12,0.186201022,0.082769074,0.082733189,0.082751448,0.082757112,0.082750405
2151,INPUT_SKIN1_90_5.txt,OUTPUT_LUNG_90_5.txt,12,0.574199539,0.546807828,0.546441047,0.546497797,0.546364347,0.546606637
2152,INPUT_SKIN1_90_5.txt,OUTPUT_S_90_5.txt,12,NA,NA,NA,NA,NA,NA
2153,INPUT_SKIN1_90_5.txt,OUTPUT_SKIN1_90_5.txt,12,-1119024.5,-838694,-838931.5,-838801.5,-838955,-838862.5
2154,INPUT_SKIN1_90_5.txt,OUTPUT_SKIN10_90_5.txt,12,0.490996125,1.615521051,1.616483786,1.616908033,1.615069263,1.616576764
2155,INPUT_SKIN1_90_5.txt,OUTPUT_SKIN11_90_5.txt,12,0.224777111,0.171470641,0.171423468,0.171463777,0.171430382,0.171447106
2156,INPUT_SKIN1_90_5.txt,OUTPUT_SKIN12_90_5.txt,12,0.074735468,0.070135583,0.070083887,0.070120961,0.07011499,0.070122856
2157,INPUT_SKIN1_90_5.txt,OUTPUT_SKIN2_90_5.txt,12,0.489336008,0.550685072,0.549999408,0.55015132,0.550358785,0.550301467
2158,INPUT_SKIN1_90_5.txt,OUTPUT_SKIN3_90_5.txt,12,0.230819493,0.222692337,0.222592991,0.2226709,0.222602047,0.222647281
2159,INPUT_SKIN1_90_5.txt,OUTPUT_SKIN4_90_5.txt,12,0.062988506,0.06281164,0.062805057,0.062802214,0.062803442,0.062799615
2160,INPUT_SKIN1_90_5.txt,OUTPUT_SKIN5_90_5.txt,12,0.751546034,0.713583586,0.713480277,0.713549865,0.713442774,0.713554065
2161,INPUT_SKIN1_90_5.txt,OUTPUT_SKIN6_90_5.txt,12,1.231339916,1.268903529,1.26855953,1.268581463,1.269258499,1.268727312
2162,INPUT_SKIN1_90_5.txt,OUTPUT_SKIN7_90_5.txt,12,0.213062061,0.237841131,0.237780618,0.237757866,0.237779011,0.237753771
2163,INPUT_SKIN1_90_5.txt,OUTPUT_SKIN8_90_5.txt,12,0.175830499,0.12664253,0.126608705,0.126626397,0.126601869,0.126616048
2164,INPUT_SKIN1_90_5.txt,OUTPUT_SKIN9_90_5.txt,12,0.31856473,0.295401263,0.2952414,0.295305279,0.295236332,0.295374109
2165,INPUT_SKIN10_90_5.txt,OUTPUT_BM1_90_5.txt,12,1.750726009,1.887870682,1.887737417,1.886181489,1.887791725,1.887584593
2166,INPUT_SKIN10_90_5.txt,OUTPUT_BM2_90_5.txt,12,2.227192936,2.167654062,2.167311672,2.165657526,2.167597115,2.166513154
2167,INPUT_SKIN10_90_5.txt,OUTPUT_GUT_90_5.txt,12,NA,NA,NA,NA,NA,NA
2168,INPUT_SKIN10_90_5.txt,OUTPUT_L_90_5.txt,12,2.191585113,2.109832017,2.109394415,2.108377102,2.10939242,2.109133595
2169,INPUT_SKIN10_90_5.txt,OUTPUT_LN1_90_5.txt,12,0.009102845,0.011839728,0.011832379,0.011824814,0.011839518,0.011828097
2170,INPUT_SKIN10_90_5.txt,OUTPUT_LN2_90_5.txt,12,0.234549177,0.29565359,0.295468278,0.295470225,0.295693362,0.2955084
2171,INPUT_SKIN10_90_5.txt,OUTPUT_LUNG_90_5.txt,12,0.68634579,0.798533001,0.797852107,0.79780404,0.798194464,0.798025596
2172,INPUT_SKIN10_90_5.txt,OUTPUT_S_90_5.txt,12,NA,NA,NA,NA,NA,NA
2173,INPUT_SKIN10_90_5.txt,OUTPUT_SKIN1_90_5.txt,12,2.936760943,3.237954585,3.237166616,3.236534088,3.238715079,3.236999455
2174,INPUT_SKIN10_90_5.txt,OUTPUT_SKIN10_90_5.txt,12,-513484,-384849.5,-385035,-385056.5,-384859,-385029
2175,INPUT_SKIN10_90_5.txt,OUTPUT_SKIN11_90_5.txt,12,0.331669198,0.369299746,0.369119944,0.369128534,0.369313964,0.369146214
2176,INPUT_SKIN10_90_5.txt,OUTPUT_SKIN12_90_5.txt,12,0.10869046,0.122683008,0.122573828,0.122616772,0.122679176,0.122627775
2177,INPUT_SKIN10_90_5.txt,OUTPUT_SKIN2_90_5.txt,12,0.614261225,0.616380549,0.615484146,0.615524422,0.61619645,0.615782243
2178,INPUT_SKIN10_90_5.txt,OUTPUT_SKIN3_90_5.txt,12,0.351684827,0.34255767,0.342338162,0.342382328,0.342509971,0.342391598
2179,INPUT_SKIN10_90_5.txt,OUTPUT_SKIN4_90_5.txt,12,0.118301337,0.108213722,0.108180908,0.108153138,0.108230686,0.108164276
2180,INPUT_SKIN10_90_5.txt,OUTPUT_SKIN5_90_5.txt,12,1.070696555,0.992270355,0.991941141,0.991824129,0.992375059,0.991984629
2181,INPUT_SKIN10_90_5.txt,OUTPUT_SKIN6_90_5.txt,12,1.390504318,1.505638058,1.504919646,1.504687054,1.506221416,1.504993901
2182,INPUT_SKIN10_90_5.txt,OUTPUT_SKIN7_90_5.txt,12,0.165093667,0.157846411,0.157775428,0.157726284,0.157850791,0.157746544
2183,INPUT_SKIN10_90_5.txt,OUTPUT_SKIN8_90_5.txt,12,0.185774381,0.182256155,0.182172385,0.182158552,0.182250017,0.182169955
2184,INPUT_SKIN10_90_5.txt,OUTPUT_SKIN9_90_5.txt,12,0.362323568,0.324336938,0.324095728,0.324097531,0.324248535,0.324220921
2185,INPUT_SKIN11_90_5.txt,OUTPUT_BM1_90_5.txt,12,3.564168993,3.741971389,3.744295906,3.739982294,3.741868972,3.743731983
2186,INPUT_SKIN11_90_5.txt,OUTPUT_BM2_90_5.txt,12,3.8930346,4.222239972,4.22449145,4.219608291,4.222221323,4.221830626
2187,INPUT_SKIN11_90_5.txt,OUTPUT_GUT_90_5.txt,12,NA,NA,NA,NA,NA,NA
2188,INPUT_SKIN11_90_5.txt,OUTPUT_L_90_5.txt,12,1.912678043,2.364967835,2.366187573,2.364299053,2.364150461,2.365554425
2189,INPUT_SKIN11_90_5.txt,OUTPUT_LN1_90_5.txt,12,0.054799304,0.052365453,0.052358997,0.052326568,0.052364831,0.052337976
2190,INPUT_SKIN11_90_5.txt,OUTPUT_LN2_90_5.txt,12,3.62813333,3.524524072,3.524081412,3.524201203,3.52501097,3.5244235
2191,INPUT_SKIN11_90_5.txt,OUTPUT_LUNG_90_5.txt,12,0.737503137,0.746042521,0.745827528,0.745757292,0.745737751,0.745903008
2192,INPUT_SKIN11_90_5.txt,OUTPUT_S_90_5.txt,12,NA,NA,NA,NA,NA,NA
2193,INPUT_SKIN11_90_5.txt,OUTPUT_SKIN1_90_5.txt,12,5.374318418,5.391976324,5.394528418,5.393077976,5.394686454,5.393759677
2194,INPUT_SKIN11_90_5.txt,OUTPUT_SKIN10_90_5.txt,12,1.659894538,1.409910328,1.411288461,1.4113919,1.409952521,1.411209892
2195,INPUT_SKIN11_90_5.txt,OUTPUT_SKIN11_90_5.txt,12,-603324.5,-452703.5,-452696.5,-452713,-452712,-452707.5
2196,INPUT_SKIN11_90_5.txt,OUTPUT_SKIN12_90_5.txt,12,0.19658,0.188802925,0.188732847,0.188806339,0.188795115,0.188804592
2197,INPUT_SKIN11_90_5.txt,OUTPUT_SKIN2_90_5.txt,12,0.631942606,0.602005216,0.601432808,0.601483006,0.601828587,0.601698884
2198,INPUT_SKIN11_90_5.txt,OUTPUT_SKIN3_90_5.txt,12,0.253436721,0.224526005,0.22449152,0.224523153,0.224508856,0.224526578
2199,INPUT_SKIN11_90_5.txt,OUTPUT_SKIN4_90_5.txt,12,0.126355072,0.121530067,0.121553709,0.121524869,0.121549838,0.121530169
2200,INPUT_SKIN11_90_5.txt,OUTPUT_SKIN5_90_5.txt,12,0.950128369,1.010086136,1.01025156,1.010152657,1.010198429,1.01025371
2201,INPUT_SKIN11_90_5.txt,OUTPUT_SKIN6_90_5.txt,12,2.463235364,2.340547889,2.340593288,2.340246628,2.341778842,2.340665409
2202,INPUT_SKIN11_90_5.txt,OUTPUT_SKIN7_90_5.txt,12,0.148873815,0.145025062,0.145031733,0.144989434,0.145029933,0.144999421
2203,INPUT_SKIN11_90_5.txt,OUTPUT_SKIN8_90_5.txt,12,0.281775417,0.237527566,0.237542401,0.237525192,0.237520967,0.237525961
2204,INPUT_SKIN11_90_5.txt,OUTPUT_SKIN9_90_5.txt,12,0.702380883,0.732349485,0.732177547,0.732194105,0.732160734,0.732421336
2205,INPUT_SKIN12_90_5.txt,OUTPUT_BM1_90_5.txt,12,1.317825705,1.395262915,1.396554133,1.394493947,1.395211155,1.395993769
2206,INPUT_SKIN12_90_5.txt,OUTPUT_BM2_90_5.txt,12,1.857664309,1.869151407,1.870692842,1.867932754,1.869126314,1.86893873
2207,INPUT_SKIN12_90_5.txt,OUTPUT_GUT_90_5.txt,12,NA,NA,NA,NA,NA,NA
2208,INPUT_SKIN12_90_5.txt,OUTPUT_L_90_5.txt,12,1.096198331,0.96758555,0.968334511,0.967342326,0.967225523,0.967840151
2209,INPUT_SKIN12_90_5.txt,OUTPUT_LN1_90_5.txt,12,0.087310708,0.0830257,0.083034102,0.082971117,0.083024982,0.082980234
2210,INPUT_SKIN12_90_5.txt,OUTPUT_LN2_90_5.txt,12,0.405858964,0.39881137,0.398842892,0.398794359,0.398872623,0.398798491
2211,INPUT_SKIN12_90_5.txt,OUTPUT_LUNG_90_5.txt,12,0.737679989,0.719599175,0.71949783,0.719302268,0.719227708,0.719482126
2212,INPUT_SKIN12_90_5.txt,OUTPUT_S_90_5.txt,12,NA,NA,NA,NA,NA,NA
2213,INPUT_SKIN12_90_5.txt,OUTPUT_SKIN1_90_5.txt,12,1.56406762,1.623639792,1.624872423,1.624095997,1.624562632,1.624237765
2214,INPUT_SKIN12_90_5.txt,OUTPUT_SKIN10_90_5.txt,12,0.304996392,0.41644775,0.416943027,0.416913357,0.416463725,0.416833664
2215,INPUT_SKIN12_90_5.txt,OUTPUT_SKIN11_90_5.txt,12,0.279102664,0.268378759,0.268442684,0.268413859,0.268397563,0.268394203
2216,INPUT_SKIN12_90_5.txt,OUTPUT_SKIN12_90_5.txt,12,-737556,-553160,-553035,-553137.5,-553166,-553164.5
2217,INPUT_SKIN12_90_5.txt,OUTPUT_SKIN2_90_5.txt,12,0.506309992,0.562132447,0.56171304,0.561684028,0.561974581,0.561848771
2218,INPUT_SKIN12_90_5.txt,OUTPUT_SKIN3_90_5.txt,12,0.323960494,0.303996259,0.304015417,0.304009812,0.303981685,0.303997419
2219,INPUT_SKIN12_90_5.txt,OUTPUT_SKIN4_90_5.txt,12,0.109976231,0.105034558,0.105077099,0.105036532,0.105052487,0.105034721
2220,INPUT_SKIN12_90_5.txt,OUTPUT_SKIN5_90_5.txt,12,0.631645297,0.576872405,0.577113968,0.576975729,0.576939197,0.576967018
2221,INPUT_SKIN12_90_5.txt,OUTPUT_SKIN6_90_5.txt,12,1.515669266,1.414240716,1.414577966,1.414127557,1.415005314,1.414306696
2222,INPUT_SKIN12_90_5.txt,OUTPUT_SKIN7_90_5.txt,12,0.241540079,0.292914884,0.292988267,0.292860772,0.292927116,0.292863561
2223,INPUT_SKIN12_90_5.txt,OUTPUT_SKIN8_90_5.txt,12,0.110320201,0.084751026,0.084773437,0.084755177,0.084749345,0.084750275
2224,INPUT_SKIN12_90_5.txt,OUTPUT_SKIN9_90_5.txt,12,0.254365912,0.217332489,0.217473748,0.217411606,0.217417911,0.217291363
2225,INPUT_SKIN2_90_5.txt,OUTPUT_BM1_90_5.txt,12,1.192210906,2.172050026,2.171419071,2.169919405,2.169793371,2.17288649
2226,INPUT_SKIN2_90_5.txt,OUTPUT_BM2_90_5.txt,12,1.575387965,1.769677345,1.769652984,1.76811194,1.768311782,1.769812337
2227,INPUT_SKIN2_90_5.txt,OUTPUT_GUT_90_5.txt,12,NA,NA,NA,NA,NA,NA
2228,INPUT_SKIN2_90_5.txt,OUTPUT_L_90_5.txt,12,3.811245364,3.699228789,3.693770754,3.693478907,3.692032903,3.699335632
2229,INPUT_SKIN2_90_5.txt,OUTPUT_LN1_90_5.txt,12,8.81621752,8.238032833,8.240953831,8.236108342,8.239109366,8.236203258
2230,INPUT_SKIN2_90_5.txt,OUTPUT_LN2_90_5.txt,12,2.560776088,2.309589845,2.30935295,2.309327436,2.308968247,2.310005512
2231,INPUT_SKIN2_90_5.txt,OUTPUT_LUNG_90_5.txt,12,2.648224306,3.577169577,3.57746957,3.576926811,3.575822931,3.577467743
2232,INPUT_SKIN2_90_5.txt,OUTPUT_S_90_5.txt,12,NA,NA,NA,NA,NA,NA
2233,INPUT_SKIN2_90_5.txt,OUTPUT_SKIN1_90_5.txt,12,2.659777396,6.950132074,6.938125127,6.938459907,6.934848964,6.9495943
2234,INPUT_SKIN2_90_5.txt,OUTPUT_SKIN10_90_5.txt,12,70.49996024,64.86510134,64.91795054,64.92179801,64.87376863,64.90890471
2235,INPUT_SKIN2_90_5.txt,OUTPUT_SKIN11_90_5.txt,12,41.50428102,38.13556626,38.10914737,38.10409855,38.09083594,38.1389457
2236,INPUT_SKIN2_90_5.txt,OUTPUT_SKIN12_90_5.txt,12,0.335427684,0.304032786,0.304039817,0.304134364,0.304078565,0.304113329
2237,INPUT_SKIN2_90_5.txt,OUTPUT_SKIN2_90_5.txt,12,-939657.5,-706556.5,-706216.5,-706259,-706460.5,-706380.5
2238,INPUT_SKIN2_90_5.txt,OUTPUT_SKIN3_90_5.txt,12,1.222240914,6.123195544,6.124863592,6.123129113,6.121222563,6.122227153
2239,INPUT_SKIN2_90_5.txt,OUTPUT_SKIN4_90_5.txt,12,0.368875858,0.39606687,0.396326514,0.396222729,0.396190179,0.396169258
2240,INPUT_SKIN2_90_5.txt,OUTPUT_SKIN5_90_5.txt,12,1.700229138,3.484489437,3.486605295,3.486182331,3.485395633,3.485862495
2241,INPUT_SKIN2_90_5.txt,OUTPUT_SKIN6_90_5.txt,12,3.319281511,4.959315788,4.952652042,4.952539057,4.950531353,4.959477404
2242,INPUT_SKIN2_90_5.txt,OUTPUT_SKIN7_90_5.txt,12,26.74707891,24.75218328,24.73968733,24.73378712,24.73665265,24.74665665
2243,INPUT_SKIN2_90_5.txt,OUTPUT_SKIN8_90_5.txt,12,1.060523637,1.019499591,1.020035015,1.019937339,1.019622676,1.019757495
2244,INPUT_SKIN2_90_5.txt,OUTPUT_SKIN9_90_5.txt,12,0.392025708,0.354928816,0.355004815,0.355005465,0.354885961,0.355056756
2245,INPUT_SKIN3_90_5.txt,OUTPUT_BM1_90_5.txt,12,2.180086087,2.42922685,2.430596644,2.42824029,2.429199957,2.430117824
2246,INPUT_SKIN3_90_5.txt,OUTPUT_BM2_90_5.txt,12,7.420734647,7.074767827,7.075161229,7.075258133,7.074797171,7.074960794
2247,INPUT_SKIN3_90_5.txt,OUTPUT_GUT_90_5.txt,12,NA,NA,NA,NA,NA,NA
2248,INPUT_SKIN3_90_5.txt,OUTPUT_L_90_5.txt,12,1.52872136,3.291177124,3.292381943,3.290712861,3.290580312,3.291650686
2249,INPUT_SKIN3_90_5.txt,OUTPUT_LN1_90_5.txt,12,0.005957279,0.00753192,0.007531483,0.007526404,0.007532052,0.007527926
2250,INPUT_SKIN3_90_5.txt,OUTPUT_LN2_90_5.txt,12,0.156821619,0.197077539,0.197064424,0.197059313,0.197111884,0.197070121
2251,INPUT_SKIN3_90_5.txt,OUTPUT_LUNG_90_5.txt,12,0.470161602,0.499156918,0.498976693,0.498928966,0.498923717,0.499090402
2252,INPUT_SKIN3_90_5.txt,OUTPUT_S_90_5.txt,12,NA,NA,NA,NA,NA,NA
2253,INPUT_SKIN3_90_5.txt,OUTPUT_SKIN1_90_5.txt,12,2.935566046,2.965187881,2.96658683,2.965711882,2.966456507,2.965997881
2254,INPUT_SKIN3_90_5.txt,OUTPUT_SKIN10_90_5.txt,12,0.95712486,1.155511756,1.156723977,1.15675045,1.155580051,1.156580015
2255,INPUT_SKIN3_90_5.txt,OUTPUT_SKIN11_90_5.txt,12,0.204452323,0.256541286,0.256554171,0.256549513,0.256553572,0.256542254
2256,INPUT_SKIN3_90_5.txt,OUTPUT_SKIN12_90_5.txt,12,0.04543476,0.06482532,0.06480532,0.064826854,0.064825096,0.06482638
2257,INPUT_SKIN3_90_5.txt,OUTPUT_SKIN2_90_5.txt,12,0.421647428,0.400867989,0.400508837,0.400521477,0.400761524,0.400659593
2258,INPUT_SKIN3_90_5.txt,OUTPUT_SKIN3_90_5.txt,12,-815022.5,-612145,-612095.5,-612151,-612138.5,-612153.5
2259,INPUT_SKIN3_90_5.txt,OUTPUT_SKIN4_90_5.txt,12,0.094819453,0.088795134,0.08881876,0.088792265,0.088812739,0.088794789
2260,INPUT_SKIN3_90_5.txt,OUTPUT_SKIN5_90_5.txt,12,0.795346053,0.839228258,0.839411459,0.839284182,0.839341612,0.839359477
2261,INPUT_SKIN3_90_5.txt,OUTPUT_SKIN6_90_5.txt,12,1.06738963,0.924614574,0.92469861,0.924505271,0.925109575,0.924655329
2262,INPUT_SKIN3_90_5.txt,OUTPUT_SKIN7_90_5.txt,12,0.06193365,0.058892774,0.058899345,0.05887894,0.058896493,0.058882051
2263,INPUT_SKIN3_90_5.txt,OUTPUT_SKIN8_90_5.txt,12,0.203243814,0.083780189,0.083790913,0.083780313,0.083780325,0.083779214
2264,INPUT_SKIN3_90_5.txt,OUTPUT_SKIN9_90_5.txt,12,42.58085536,40.84955288,40.87099654,40.86699095,40.86820871,40.83978502
2265,INPUT_SKIN4_90_5.txt,OUTPUT_BM1_90_5.txt,12,2.062375208,2.181103809,2.182292018,2.179945773,2.180850546,2.182151566
2266,INPUT_SKIN4_90_5.txt,OUTPUT_BM2_90_5.txt,12,2.451582924,2.533312453,2.534458189,2.531733195,2.53307345,2.533051863
2267,INPUT_SKIN4_90_5.txt,OUTPUT_GUT_90_5.txt,12,NA,NA,NA,NA,NA,NA
2268,INPUT_SKIN4_90_5.txt,OUTPUT_L_90_5.txt,12,0.858822687,1.073547569,1.074021446,1.07325319,1.073071882,1.073825203
2269,INPUT_SKIN4_90_5.txt,OUTPUT_LN1_90_5.txt,12,0.032888937,0.032718475,0.032711013,0.032695096,0.032715767,0.032701357
2270,INPUT_SKIN4_90_5.txt,OUTPUT_LN2_90_5.txt,12,0.554389329,0.554308436,0.554179007,0.554268479,0.554349775,0.554292532
2271,INPUT_SKIN4_90_5.txt,OUTPUT_LUNG_90_5.txt,12,0.510269721,0.518194753,0.5178233,0.517972496,0.517810396,0.518025788
2272,INPUT_SKIN4_90_5.txt,OUTPUT_S_90_5.txt,12,NA,NA,NA,NA,NA,NA
2273,INPUT_SKIN4_90_5.txt,OUTPUT_SKIN1_90_5.txt,12,1.819949987,2.143960901,2.144850165,2.144473937,2.144948056,2.144720605
2274,INPUT_SKIN4_90_5.txt,OUTPUT_SKIN10_90_5.txt,12,0.377437023,0.404266132,0.404619069,0.404703794,0.404250056,0.404640119
2275,INPUT_SKIN4_90_5.txt,OUTPUT_SKIN11_90_5.txt,12,0.291972544,0.283610848,0.283580946,0.283632211,0.283599987,0.283620919
2276,INPUT_SKIN4_90_5.txt,OUTPUT_SKIN12_90_5.txt,12,0.091652115,0.085300046,0.085253364,0.085293959,0.085294045,0.085301457
2277,INPUT_SKIN4_90_5.txt,OUTPUT_SKIN2_90_5.txt,12,0.485146451,0.464737767,0.464248191,0.464347719,0.464571484,0.464518736
2278,INPUT_SKIN4_90_5.txt,OUTPUT_SKIN3_90_5.txt,12,0.278746231,0.322938042,0.322857249,0.322946089,0.322878966,0.322929641
2279,INPUT_SKIN4_90_5.txt,OUTPUT_SKIN4_90_5.txt,12,-552033,-413604,-413641,-413599.5,-413641.5,-413606
2280,INPUT_SKIN4_90_5.txt,OUTPUT_SKIN5_90_5.txt,12,0.55473802,0.61608513,0.616126454,0.616146487,0.616111662,0.616188869
2281,INPUT_SKIN4_90_5.txt,OUTPUT_SKIN6_90_5.txt,12,1.449736357,1.467397998,1.467279491,1.467241271,1.468049656,1.467468052
2282,INPUT_SKIN4_90_5.txt,OUTPUT_SKIN7_90_5.txt,12,2.110040992,2.157078225,2.156941579,2.156640769,2.156983708,2.156722287
2283,INPUT_SKIN4_90_5.txt,OUTPUT_SKIN8_90_5.txt,12,0.103610133,0.105758081,0.105751668,0.105759693,0.105747729,0.105757117
2284,INPUT_SKIN4_90_5.txt,OUTPUT_SKIN9_90_5.txt,12,0.156969921,0.152552513,0.152499047,0.152523719,0.152500677,0.152568816
2285,INPUT_SKIN5_90_5.txt,OUTPUT_BM1_90_5.txt,12,1.070887352,0.982516765,0.983012421,0.98199598,0.982434656,0.982863954
2286,INPUT_SKIN5_90_5.txt,OUTPUT_BM2_90_5.txt,12,1.207621544,1.44107374,1.441599163,1.440287176,1.440982068,1.440840037
2287,INPUT_SKIN5_90_5.txt,OUTPUT_GUT_90_5.txt,12,NA,NA,NA,NA,NA,NA
2288,INPUT_SKIN5_90_5.txt,OUTPUT_L_90_5.txt,12,2.49771482,2.660244595,2.660562901,2.659869238,2.659756882,2.660257087
2289,INPUT_SKIN5_90_5.txt,OUTPUT_LN1_90_5.txt,12,0.023447578,0.023672606,0.023667626,0.023654537,0.023671326,0.023658404
2290,INPUT_SKIN5_90_5.txt,OUTPUT_LN2_90_5.txt,12,0.356276264,0.338745592,0.33867329,0.338704499,0.338778327,0.33870927
2291,INPUT_SKIN5_90_5.txt,OUTPUT_LUNG_90_5.txt,12,1.171853041,1.427279687,1.426811007,1.426583584,1.426459284,1.426935385
2292,INPUT_SKIN5_90_5.txt,OUTPUT_S_90_5.txt,12,NA,NA,NA,NA,NA,NA
2293,INPUT_SKIN5_90_5.txt,OUTPUT_SKIN1_90_5.txt,12,2.386834652,1.859221581,1.85979508,1.859460388,1.859860751,1.859565529
2294,INPUT_SKIN5_90_5.txt,OUTPUT_SKIN10_90_5.txt,12,2.987603669,3.25619637,3.259164151,3.259620537,3.256172397,3.259011388
2295,INPUT_SKIN5_90_5.txt,OUTPUT_SKIN11_90_5.txt,12,0.402265787,0.434125,0.434104959,0.434149106,0.43413849,0.434120181
2296,INPUT_SKIN5_90_5.txt,OUTPUT_SKIN12_90_5.txt,12,0.14628456,0.122239216,0.122175253,0.122224373,0.122234367,0.12223097
2297,INPUT_SKIN5_90_5.txt,OUTPUT_SKIN2_90_5.txt,12,1.11046167,1.248090662,1.246788836,1.2469779,1.247673855,1.247355639
2298,INPUT_SKIN5_90_5.txt,OUTPUT_SKIN3_90_5.txt,12,0.317554339,0.403728085,0.403633496,0.403704322,0.403679613,0.403690359
2299,INPUT_SKIN5_90_5.txt,OUTPUT_SKIN4_90_5.txt,12,0.089503468,0.083131584,0.08314053,0.08312637,0.0831416,0.083125434
2300,INPUT_SKIN5_90_5.txt,OUTPUT_SKIN5_90_5.txt,12,-764864.5,-574152.5,-574193.5,-574176,-574187.5,-574200.5
2301,INPUT_SKIN5_90_5.txt,OUTPUT_SKIN6_90_5.txt,12,1.375845018,1.613700754,1.613602094,1.61349867,1.614232296,1.613630413
2302,INPUT_SKIN5_90_5.txt,OUTPUT_SKIN7_90_5.txt,12,6.548836437,6.737301848,6.736907622,6.735467102,6.73713115,6.735616407
2303,INPUT_SKIN5_90_5.txt,OUTPUT_SKIN8_90_5.txt,12,0.72136747,0.573086901,0.573072822,0.57306991,0.573046898,0.573039993
2304,INPUT_SKIN5_90_5.txt,OUTPUT_SKIN9_90_5.txt,12,32.07892305,30.76873673,30.76524184,30.76651956,30.76527472,30.76728551
2305,INPUT_SKIN6_90_5.txt,OUTPUT_BM1_90_5.txt,12,3.041160637,3.666262899,3.668989309,3.664148996,3.665115824,3.66824905
2306,INPUT_SKIN6_90_5.txt,OUTPUT_BM2_90_5.txt,12,2.251530438,2.897287996,2.899190453,2.895228741,2.896446614,2.896856519
2307,INPUT_SKIN6_90_5.txt,OUTPUT_GUT_90_5.txt,12,NA,NA,NA,NA,NA,NA
2308,INPUT_SKIN6_90_5.txt,OUTPUT_L_90_5.txt,12,0.775746479,0.999727425,1.0002987,0.999480962,0.999054564,0.999983167
2309,INPUT_SKIN6_90_5.txt,OUTPUT_LN1_90_5.txt,12,0.0937686,0.092752748,0.092739542,0.092692489,0.092725994,0.092702647
2310,INPUT_SKIN6_90_5.txt,OUTPUT_LN2_90_5.txt,12,0.653613336,0.724188345,0.724075269,0.724172866,0.72409476,0.724148228
2311,INPUT_SKIN6_90_5.txt,OUTPUT_LUNG_90_5.txt,12,0.605712452,0.69645784,0.696197256,0.696215073,0.695923995,0.696341755
2312,INPUT_SKIN6_90_5.txt,OUTPUT_S_90_5.txt,12,NA,NA,NA,NA,NA,NA
2313,INPUT_SKIN6_90_5.txt,OUTPUT_SKIN1_90_5.txt,12,8.383227018,7.153661275,7.157724139,7.155985578,7.156012877,7.156340799
2314,INPUT_SKIN6_90_5.txt,OUTPUT_SKIN10_90_5.txt,12,0.479396188,0.515544699,0.516024761,0.51611559,0.515415093,0.515996229
2315,INPUT_SKIN6_90_5.txt,OUTPUT_SKIN11_90_5.txt,12,0.513479032,0.411962543,0.411961105,0.41202001,0.411869094,0.41197092
2316,INPUT_SKIN6_90_5.txt,OUTPUT_SKIN12_90_5.txt,12,0.18140721,0.182194309,0.182111576,0.182191326,0.182144266,0.182195495
2317,INPUT_SKIN6_90_5.txt,OUTPUT_SKIN2_90_5.txt,12,0.76425773,0.828096491,0.827280889,0.827463005,0.82760304,0.827638414
2318,INPUT_SKIN6_90_5.txt,OUTPUT_SKIN3_90_5.txt,12,0.363123852,0.348580163,0.348522895,0.348601583,0.348461756,0.348571464
2319,INPUT_SKIN6_90_5.txt,OUTPUT_SKIN4_90_5.txt,12,0.161450253,0.166564137,0.166592887,0.166571118,0.166544876,0.166560638
2320,INPUT_SKIN6_90_5.txt,OUTPUT_SKIN5_90_5.txt,12,0.544076684,0.681102317,0.68123261,0.681241326,0.680975959,0.681189513
2321,INPUT_SKIN6_90_5.txt,OUTPUT_SKIN6_90_5.txt,12,-895749.5,-672121,-672124.5,-672078.5,-672319,-672141.5
2322,INPUT_SKIN6_90_5.txt,OUTPUT_SKIN7_90_5.txt,12,0.176324563,0.184964902,0.18496953,0.184935488,0.184919771,0.184928465
2323,INPUT_SKIN6_90_5.txt,OUTPUT_SKIN8_90_5.txt,12,0.558046657,0.505035079,0.505054803,0.505074196,0.504879875,0.505021895
2324,INPUT_SKIN6_90_5.txt,OUTPUT_SKIN9_90_5.txt,12,3.186954905,2.877406002,2.876752598,2.877143923,2.875887082,2.877613726
2325,INPUT_SKIN7_90_5.txt,OUTPUT_BM1_90_5.txt,12,1.604060019,1.600710775,1.601791537,1.59995292,1.600626093,1.601692935
2326,INPUT_SKIN7_90_5.txt,OUTPUT_BM2_90_5.txt,12,1.845764181,1.667024148,1.668009612,1.666034952,1.666975205,1.666985471
2327,INPUT_SKIN7_90_5.txt,OUTPUT_GUT_90_5.txt,12,NA,NA,NA,NA,NA,NA
2328,INPUT_SKIN7_90_5.txt,OUTPUT_L_90_5.txt,12,2.101753418,1.773604513,1.774496521,1.773315507,1.772947515,1.77421367
2329,INPUT_SKIN7_90_5.txt,OUTPUT_LN1_90_5.txt,12,0.027363686,0.03132534,0.031322266,0.0313157,0.031324674,0.031318831
2330,INPUT_SKIN7_90_5.txt,OUTPUT_LN2_90_5.txt,12,0.57246192,0.504959933,0.504877397,0.504975258,0.505029433,0.50499065
2331,INPUT_SKIN7_90_5.txt,OUTPUT_LUNG_90_5.txt,12,0.326310672,0.278960446,0.278861381,0.278877773,0.278831209,0.278907656
2332,INPUT_SKIN7_90_5.txt,OUTPUT_S_90_5.txt,12,NA,NA,NA,NA,NA,NA
2333,INPUT_SKIN7_90_5.txt,OUTPUT_SKIN1_90_5.txt,12,1.41026795,1.324526185,1.325217697,1.3250013,1.325272275,1.325146055
2334,INPUT_SKIN7_90_5.txt,OUTPUT_SKIN10_90_5.txt,12,0.241656904,0.287434936,0.28770942,0.2877779,0.287441547,0.287729295
2335,INPUT_SKIN7_90_5.txt,OUTPUT_SKIN11_90_5.txt,12,0.24996016,0.225173968,0.225168048,0.225214227,0.225180993,0.225202333
2336,INPUT_SKIN7_90_5.txt,OUTPUT_SKIN12_90_5.txt,12,0.101647818,0.092200437,0.092157043,0.092203328,0.092199744,0.09220978
2337,INPUT_SKIN7_90_5.txt,OUTPUT_SKIN2_90_5.txt,12,0.35858978,0.310710769,0.310421116,0.310488286,0.310619248,0.310583212
2338,INPUT_SKIN7_90_5.txt,OUTPUT_SKIN3_90_5.txt,12,0.189107412,0.16154637,0.161517483,0.161567786,0.161531787,0.161561253
2339,INPUT_SKIN7_90_5.txt,OUTPUT_SKIN4_90_5.txt,12,0.11279204,0.099662479,0.099673513,0.099672193,0.099672591,0.099671563
2340,INPUT_SKIN7_90_5.txt,OUTPUT_SKIN5_90_5.txt,12,0.393522719,0.341868224,0.341913518,0.341936903,0.341902355,0.34195651
2341,INPUT_SKIN7_90_5.txt,OUTPUT_SKIN6_90_5.txt,12,0.95950123,0.944247748,0.944242517,0.944238793,0.944756535,0.944381434
2342,INPUT_SKIN7_90_5.txt,OUTPUT_SKIN7_90_5.txt,12,-609652.5,-457260,-457267,-457208.5,-457272,-457221.5
2343,INPUT_SKIN7_90_5.txt,OUTPUT_SKIN8_90_5.txt,12,0.084371013,0.080618365,0.080617471,0.080627518,0.080616139,0.080625115
2344,INPUT_SKIN7_90_5.txt,OUTPUT_SKIN9_90_5.txt,12,0.166519981,0.160152202,0.160107971,0.160138396,0.160108114,0.160183581
2345,INPUT_SKIN8_90_5.txt,OUTPUT_BM1_90_5.txt,12,1.098545812,1.310379892,1.311176099,1.309659087,1.310349967,1.311009226
2346,INPUT_SKIN8_90_5.txt,OUTPUT_BM2_90_5.txt,12,1.252961793,1.4190184,1.419761497,1.418092564,1.419016879,1.418871066
2347,INPUT_SKIN8_90_5.txt,OUTPUT_GUT_90_5.txt,12,NA,NA,NA,NA,NA,NA
2348,INPUT_SKIN8_90_5.txt,OUTPUT_L_90_5.txt,12,1.601809122,1.62516363,1.625859823,1.624748924,1.624672585,1.625522585
2349,INPUT_SKIN8_90_5.txt,OUTPUT_LN1_90_5.txt,12,0.024131617,0.022457741,0.022454164,0.02244151,0.022457974,0.022445998
2350,INPUT_SKIN8_90_5.txt,OUTPUT_LN2_90_5.txt,12,0.346239726,0.351315972,0.351256136,0.351284893,0.351374439,0.351307036
2351,INPUT_SKIN8_90_5.txt,OUTPUT_LUNG_90_5.txt,12,0.315685431,0.292458391,0.292314758,0.292331112,0.292295089,0.292391696
2352,INPUT_SKIN8_90_5.txt,OUTPUT_S_90_5.txt,12,NA,NA,NA,NA,NA,NA
2353,INPUT_SKIN8_90_5.txt,OUTPUT_SKIN1_90_5.txt,12,1.208150511,1.074786573,1.075310966,1.075028357,1.075393473,1.075176026
2354,INPUT_SKIN8_90_5.txt,OUTPUT_SKIN10_90_5.txt,12,0.483288596,0.487575385,0.488031474,0.488094898,0.48760165,0.488027255
2355,INPUT_SKIN8_90_5.txt,OUTPUT_SKIN11_90_5.txt,12,0.310602685,0.315993333,0.315984955,0.316013676,0.316015499,0.316007424
2356,INPUT_SKIN8_90_5.txt,OUTPUT_SKIN12_90_5.txt,12,0.102013366,0.109095542,0.109043015,0.109086079,0.109097683,0.109097255
2357,INPUT_SKIN8_90_5.txt,OUTPUT_SKIN2_90_5.txt,12,0.349491099,0.414249932,0.413835866,0.413897059,0.414138526,0.414042379
2358,INPUT_SKIN8_90_5.txt,OUTPUT_SKIN3_90_5.txt,12,0.155817536,0.270236073,0.270181336,0.270234635,0.270208984,0.270233163
2359,INPUT_SKIN8_90_5.txt,OUTPUT_SKIN4_90_5.txt,12,0.096916364,0.090918767,0.090932921,0.090916274,0.090935697,0.090919546
2360,INPUT_SKIN8_90_5.txt,OUTPUT_SKIN5_90_5.txt,12,0.54596699,0.640067202,0.640192212,0.64016411,0.640188721,0.640212545
2361,INPUT_SKIN8_90_5.txt,OUTPUT_SKIN6_90_5.txt,12,1.771597746,1.529873182,1.52984588,1.529697001,1.530639015,1.529946742
2362,INPUT_SKIN8_90_5.txt,OUTPUT_SKIN7_90_5.txt,12,0.194504551,0.177598435,0.177599637,0.177557781,0.17760849,0.177568593
2363,INPUT_SKIN8_90_5.txt,OUTPUT_SKIN8_90_5.txt,12,-593894,-445335,-445345.5,-445337.5,-445333,-445335.5
2364,INPUT_SKIN8_90_5.txt,OUTPUT_SKIN9_90_5.txt,12,0.264638091,0.301603772,0.301758039,0.301725358,0.301759222,0.301534374
2365,INPUT_SKIN9_90_5.txt,OUTPUT_BM1_90_5.txt,12,2.84368198,2.513345514,2.515280551,2.512225679,2.513596493,2.514430531
2366,INPUT_SKIN9_90_5.txt,OUTPUT_BM2_90_5.txt,12,2.908055387,2.586155979,2.587948511,2.584718102,2.586472828,2.585748716
2367,INPUT_SKIN9_90_5.txt,OUTPUT_GUT_90_5.txt,12,NA,NA,NA,NA,NA,NA
2368,INPUT_SKIN9_90_5.txt,OUTPUT_L_90_5.txt,12,3.122098608,3.48433632,3.486349559,3.483843357,3.483735562,3.484912505
2369,INPUT_SKIN9_90_5.txt,OUTPUT_LN1_90_5.txt,12,0.032476259,0.031486837,0.031486569,0.031467239,0.031490973,0.031468839
2370,INPUT_SKIN9_90_5.txt,OUTPUT_LN2_90_5.txt,12,0.45586037,0.294629436,0.294624104,0.294634118,0.294714797,0.294605816
2371,INPUT_SKIN9_90_5.txt,OUTPUT_LUNG_90_5.txt,12,0.655661185,0.534653406,0.534543761,0.534505286,0.534497829,0.534534489
2372,INPUT_SKIN9_90_5.txt,OUTPUT_S_90_5.txt,12,NA,NA,NA,NA,NA,NA
2373,INPUT_SKIN9_90_5.txt,OUTPUT_SKIN1_90_5.txt,12,3.01889971,2.657373925,2.659065945,2.658248198,2.659171495,2.65817332
2374,INPUT_SKIN9_90_5.txt,OUTPUT_SKIN10_90_5.txt,12,1.06974825,0.999827542,1.000852464,1.000934644,1.000001324,1.000632636
2375,INPUT_SKIN9_90_5.txt,OUTPUT_SKIN11_90_5.txt,12,0.500027083,0.432887383,0.432939772,0.432960251,0.432966862,0.43288198
2376,INPUT_SKIN9_90_5.txt,OUTPUT_SKIN12_90_5.txt,12,0.153457475,0.140804984,0.140765781,0.140818274,0.140821558,0.140799522
2377,INPUT_SKIN9_90_5.txt,OUTPUT_SKIN2_90_5.txt,12,0.805182677,0.763354759,0.762729688,0.76279939,0.7632397,0.762945443
2378,INPUT_SKIN9_90_5.txt,OUTPUT_SKIN3_90_5.txt,12,0.459596113,0.400629126,0.400611053,0.400669186,0.400634761,0.400599544
2379,INPUT_SKIN9_90_5.txt,OUTPUT_SKIN4_90_5.txt,12,0.153879175,0.157180017,0.157228528,0.157192152,0.15722799,0.157172839
2380,INPUT_SKIN9_90_5.txt,OUTPUT_SKIN5_90_5.txt,12,1.02717735,0.974038449,0.97432692,0.974236074,0.974297077,0.974147463
2381,INPUT_SKIN9_90_5.txt,OUTPUT_SKIN6_90_5.txt,12,2.290914676,2.19909168,2.199403283,2.199065874,2.200523145,2.199087248
2382,INPUT_SKIN9_90_5.txt,OUTPUT_SKIN7_90_5.txt,12,0.192711888,0.194806541,0.19483778,0.1947833,0.194840839,0.19476374
2383,INPUT_SKIN9_90_5.txt,OUTPUT_SKIN8_90_5.txt,12,0.344830001,0.356218064,0.356271519,0.356254406,0.356259494,0.356195563
2384,INPUT_SKIN9_90_5.txt,OUTPUT_SKIN9_90_5.txt,12,-561441,-421386.5,-421331.5,-421344.5,-421334,-421410
2385,INPUT_BM1_90_5.txt,OUTPUT_BM1_90_5.txt,13,NA,NA,NA,NA,NA,NA
2386,INPUT_BM1_90_5.txt,OUTPUT_BM2_90_5.txt,13,NA,NA,NA,NA,NA,NA
2387,INPUT_BM1_90_5.txt,OUTPUT_GUT_90_5.txt,13,NA,NA,NA,NA,NA,NA
2388,INPUT_BM1_90_5.txt,OUTPUT_L_90_5.txt,13,NA,NA,NA,NA,NA,NA
2389,INPUT_BM1_90_5.txt,OUTPUT_LN1_90_5.txt,13,NA,NA,NA,NA,NA,NA
2390,INPUT_BM1_90_5.txt,OUTPUT_LN2_90_5.txt,13,NA,NA,NA,NA,NA,NA
2391,INPUT_BM1_90_5.txt,OUTPUT_LUNG_90_5.txt,13,NA,NA,NA,NA,NA,NA
2392,INPUT_BM1_90_5.txt,OUTPUT_S_90_5.txt,13,NA,NA,NA,NA,NA,NA
2393,INPUT_BM1_90_5.txt,OUTPUT_SKIN1_90_5.txt,13,NA,NA,NA,NA,NA,NA
2394,INPUT_BM1_90_5.txt,OUTPUT_SKIN10_90_5.txt,13,NA,NA,NA,NA,NA,NA
2395,INPUT_BM1_90_5.txt,OUTPUT_SKIN11_90_5.txt,13,NA,NA,NA,NA,NA,NA
2396,INPUT_BM1_90_5.txt,OUTPUT_SKIN12_90_5.txt,13,NA,NA,NA,NA,NA,NA
2397,INPUT_BM1_90_5.txt,OUTPUT_SKIN2_90_5.txt,13,NA,NA,NA,NA,NA,NA
2398,INPUT_BM1_90_5.txt,OUTPUT_SKIN3_90_5.txt,13,NA,NA,NA,NA,NA,NA
2399,INPUT_BM1_90_5.txt,OUTPUT_SKIN4_90_5.txt,13,NA,NA,NA,NA,NA,NA
2400,INPUT_BM1_90_5.txt,OUTPUT_SKIN5_90_5.txt,13,NA,NA,NA,NA,NA,NA
2401,INPUT_BM1_90_5.txt,OUTPUT_SKIN6_90_5.txt,13,NA,NA,NA,NA,NA,NA
2402,INPUT_BM1_90_5.txt,OUTPUT_SKIN7_90_5.txt,13,NA,NA,NA,NA,NA,NA
2403,INPUT_BM1_90_5.txt,OUTPUT_SKIN8_90_5.txt,13,NA,NA,NA,NA,NA,NA
2404,INPUT_BM1_90_5.txt,OUTPUT_SKIN9_90_5.txt,13,NA,NA,NA,NA,NA,NA
2405,INPUT_BM2_90_5.txt,OUTPUT_BM1_90_5.txt,13,NA,NA,NA,NA,NA,NA
2406,INPUT_BM2_90_5.txt,OUTPUT_BM2_90_5.txt,13,-1166624,-874747.5,-874839.5,-874736.5,-874891,-874770.5
2407,INPUT_BM2_90_5.txt,OUTPUT_GUT_90_5.txt,13,0.566966571,0.589216368,0.589153781,0.589223869,0.58911853,0.589201254
2408,INPUT_BM2_90_5.txt,OUTPUT_L_90_5.txt,13,1.184274191,1.322717478,1.322774501,1.322907901,1.323575372,1.322853334
2409,INPUT_BM2_90_5.txt,OUTPUT_LN1_90_5.txt,13,0.008542948,0.007103384,0.007102637,0.007103474,0.007102219,0.007103198
2410,INPUT_BM2_90_5.txt,OUTPUT_LN2_90_5.txt,13,0.024344972,0.01678791,0.016780225,0.016789121,0.016788076,0.016785597
2411,INPUT_BM2_90_5.txt,OUTPUT_LUNG_90_5.txt,13,0.088584612,0.097656463,0.097712876,0.097653108,0.097701617,0.09772266
2412,INPUT_BM2_90_5.txt,OUTPUT_S_90_5.txt,13,0.907426773,0.786812592,0.786730027,0.786822465,0.786683825,0.786791929
2413,INPUT_BM2_90_5.txt,OUTPUT_SKIN1_90_5.txt,13,0.021002246,0.013971555,0.013971673,0.013972063,0.013973124,0.013973802
2414,INPUT_BM2_90_5.txt,OUTPUT_SKIN10_90_5.txt,13,0.011996937,0.013829842,0.013829361,0.013828015,0.013824984,0.013826009
2415,INPUT_BM2_90_5.txt,OUTPUT_SKIN11_90_5.txt,13,0.005008813,0.005532443,0.005531873,0.005532386,0.005531915,0.00553231
2416,INPUT_BM2_90_5.txt,OUTPUT_SKIN12_90_5.txt,13,0.039331399,0.03303415,0.033036367,0.033032774,0.033021792,0.033027107
2417,INPUT_BM2_90_5.txt,OUTPUT_SKIN2_90_5.txt,13,0.07643678,0.073404117,0.073380241,0.073381401,0.073405773,0.073346948
2418,INPUT_BM2_90_5.txt,OUTPUT_SKIN3_90_5.txt,13,0.028590915,0.032609856,0.032606003,0.032609845,0.03260408,0.032609001
2419,INPUT_BM2_90_5.txt,OUTPUT_SKIN4_90_5.txt,13,0.073784208,0.067520624,0.067549727,0.067536175,0.067500615,0.067554693
2420,INPUT_BM2_90_5.txt,OUTPUT_SKIN5_90_5.txt,13,0.011932155,0.013020842,0.013019473,0.013021006,0.013018706,0.013020501
2421,INPUT_BM2_90_5.txt,OUTPUT_SKIN6_90_5.txt,13,0.061039525,0.064363136,0.064213547,0.064279193,0.06417347,0.064234621
2422,INPUT_BM2_90_5.txt,OUTPUT_SKIN7_90_5.txt,13,0.051660394,0.054557741,0.054547432,0.054563402,0.054547144,0.054565907
2423,INPUT_BM2_90_5.txt,OUTPUT_SKIN8_90_5.txt,13,0.029212988,0.019055812,0.019053807,0.019056052,0.019052685,0.019055312
2424,INPUT_BM2_90_5.txt,OUTPUT_SKIN9_90_5.txt,13,0.056796862,0.073372727,0.073372722,0.073419366,0.073352782,0.073398671
2425,INPUT_GUT_90_5.txt,OUTPUT_BM1_90_5.txt,13,NA,NA,NA,NA,NA,NA
2426,INPUT_GUT_90_5.txt,OUTPUT_BM2_90_5.txt,13,0.248134995,0.241212555,0.241262892,0.241206538,0.241291065,0.241225155
2427,INPUT_GUT_90_5.txt,OUTPUT_GUT_90_5.txt,13,-258966,-194443.5,-194443.5,-194443.5,-194443.5,-194443.5
2428,INPUT_GUT_90_5.txt,OUTPUT_L_90_5.txt,13,0.476125377,0.42436047,0.424422454,0.424415456,0.424700435,0.424414456
2429,INPUT_GUT_90_5.txt,OUTPUT_LN1_90_5.txt,13,0.007987887,0.011534542,0.011534542,0.011534542,0.011534542,0.011534542
2430,INPUT_GUT_90_5.txt,OUTPUT_LN2_90_5.txt,13,0.029764744,0.014114653,0.014109511,0.014115522,0.014117192,0.014112972
2431,INPUT_GUT_90_5.txt,OUTPUT_LUNG_90_5.txt,13,0.502514197,0.392342002,0.392612221,0.392319498,0.392585993,0.392616641
2432,INPUT_GUT_90_5.txt,OUTPUT_S_90_5.txt,13,1.170393632,1.177342334,1.177342334,1.177342334,1.177342334,1.177342334
2433,INPUT_GUT_90_5.txt,OUTPUT_SKIN1_90_5.txt,13,0.039533562,0.036839645,0.036845588,0.036841985,0.036850679,0.036845859
2434,INPUT_GUT_90_5.txt,OUTPUT_SKIN10_90_5.txt,13,0.012226992,0.009862761,0.009863172,0.009861139,0.009860517,0.009860006
2435,INPUT_GUT_90_5.txt,OUTPUT_SKIN11_90_5.txt,13,0.011476043,0.011588096,0.011588125,0.011587803,0.011588974,0.011588125
2436,INPUT_GUT_90_5.txt,OUTPUT_SKIN12_90_5.txt,13,0.096050698,0.072319723,0.072332724,0.072315596,0.072303626,0.072305378
2437,INPUT_GUT_90_5.txt,OUTPUT_SKIN2_90_5.txt,13,0.065493993,0.084715647,0.084695584,0.084667062,0.084712153,0.084724454
2438,INPUT_GUT_90_5.txt,OUTPUT_SKIN3_90_5.txt,13,0.059174272,0.071147324,0.071142151,0.071142151,0.071142151,0.071147324
2439,INPUT_GUT_90_5.txt,OUTPUT_SKIN4_90_5.txt,13,0.057819339,0.04893167,0.048960539,0.048943731,0.048924601,0.0489602
2440,INPUT_GUT_90_5.txt,OUTPUT_SKIN5_90_5.txt,13,0.010845313,0.003846654,0.003846654,0.003846654,0.003846654,0.003846654
2441,INPUT_GUT_90_5.txt,OUTPUT_SKIN6_90_5.txt,13,0.066968013,0.122087822,0.121801363,0.121891066,0.121806723,0.121925163
2442,INPUT_GUT_90_5.txt,OUTPUT_SKIN7_90_5.txt,13,0.064607167,0.079405576,0.079401587,0.079415798,0.079403984,0.079426543
2443,INPUT_GUT_90_5.txt,OUTPUT_SKIN8_90_5.txt,13,0.036336999,0.037380283,0.037380283,0.037380283,0.037380283,0.037380283
2444,INPUT_GUT_90_5.txt,OUTPUT_SKIN9_90_5.txt,13,147.6355175,131.1406433,131.1321989,131.0936017,131.1502952,131.1110445
2445,INPUT_L_90_5.txt,OUTPUT_BM1_90_5.txt,13,NA,NA,NA,NA,NA,NA
2446,INPUT_L_90_5.txt,OUTPUT_BM2_90_5.txt,13,0.47539913,0.482950392,0.48301581,0.482906487,0.482912572,0.482943066
2447,INPUT_L_90_5.txt,OUTPUT_GUT_90_5.txt,13,0.107244842,0.110965164,0.110956918,0.110957849,0.11091996,0.110957982
2448,INPUT_L_90_5.txt,OUTPUT_L_90_5.txt,13,-557496.5,-418281.5,-418312.5,-418309,-418451.5,-418308.5
2449,INPUT_L_90_5.txt,OUTPUT_LN1_90_5.txt,13,0.009316032,0.008977822,0.008977156,0.008977232,0.008974173,0.008977242
2450,INPUT_L_90_5.txt,OUTPUT_LN2_90_5.txt,13,0.040158755,0.039547253,0.03953037,0.039547006,0.039538051,0.039540448
2451,INPUT_L_90_5.txt,OUTPUT_LUNG_90_5.txt,13,0.10807178,0.129419916,0.129498715,0.129405139,0.129448182,0.129502503
2452,INPUT_L_90_5.txt,OUTPUT_S_90_5.txt,13,1.71375491,1.876098726,1.875960205,1.875975844,1.875339343,1.875978078
2453,INPUT_L_90_5.txt,OUTPUT_SKIN1_90_5.txt,13,0.028083808,0.029551133,0.029552012,0.029550183,0.029541978,0.029554255
2454,INPUT_L_90_5.txt,OUTPUT_SKIN10_90_5.txt,13,0.012895869,0.015547295,0.015547829,0.01554429,0.015538673,0.015542736
2455,INPUT_L_90_5.txt,OUTPUT_SKIN11_90_5.txt,13,0.012460657,0.014025572,0.01402456,0.014024373,0.0140207,0.014024694
2456,INPUT_L_90_5.txt,OUTPUT_SKIN12_90_5.txt,13,0.095396503,0.091900902,0.091908868,0.091889874,0.091843365,0.091875892
2457,INPUT_L_90_5.txt,OUTPUT_SKIN2_90_5.txt,13,0.081184415,0.08243882,0.082454402,0.082438192,0.082405943,0.082445734
2458,INPUT_L_90_5.txt,OUTPUT_SKIN3_90_5.txt,13,0.032994326,0.031612718,0.031610451,0.031610716,0.031599938,0.031610675
2459,INPUT_L_90_5.txt,OUTPUT_SKIN4_90_5.txt,13,0.059882236,0.057345121,0.057338065,0.057324095,0.057322854,0.057340297
2460,INPUT_L_90_5.txt,OUTPUT_SKIN5_90_5.txt,13,0.010767966,0.011612543,0.011611682,0.01161178,0.011607824,0.011611793
2461,INPUT_L_90_5.txt,OUTPUT_SKIN6_90_5.txt,13,0.068504933,0.069614781,0.069579738,0.069603607,0.069562186,0.069584861
2462,INPUT_L_90_5.txt,OUTPUT_SKIN7_90_5.txt,13,0.082332344,0.080642965,0.080630843,0.080645744,0.080607751,0.080653829
2463,INPUT_L_90_5.txt,OUTPUT_SKIN8_90_5.txt,13,0.048481309,0.038784703,0.038781825,0.03878215,0.038768925,0.038782196
2464,INPUT_L_90_5.txt,OUTPUT_SKIN9_90_5.txt,13,0.07408472,0.075124557,0.075124203,0.07516478,0.075081429,0.075148255
2465,INPUT_LN1_90_5.txt,OUTPUT_BM1_90_5.txt,13,NA,NA,NA,NA,NA,NA
2466,INPUT_LN1_90_5.txt,OUTPUT_BM2_90_5.txt,13,1.236502975,1.078578762,1.078784721,1.078553968,1.078902232,1.078624931
2467,INPUT_LN1_90_5.txt,OUTPUT_GUT_90_5.txt,13,0.850621876,0.792453433,0.792453433,0.792453433,0.792453433,0.792453433
2468,INPUT_LN1_90_5.txt,OUTPUT_L_90_5.txt,13,0.946626167,0.822916284,0.823030103,0.823017252,0.823540527,0.823015416
2469,INPUT_LN1_90_5.txt,OUTPUT_LN1_90_5.txt,13,-518212.5,-388400,-388400,-388400,-388400,-388400
2470,INPUT_LN1_90_5.txt,OUTPUT_LN2_90_5.txt,13,0.034358928,0.037063979,0.037050926,0.037066183,0.037070422,0.037059537
2471,INPUT_LN1_90_5.txt,OUTPUT_LUNG_90_5.txt,13,0.397488402,0.317412293,0.317624326,0.317397742,0.317606855,0.317630903
2472,INPUT_LN1_90_5.txt,OUTPUT_S_90_5.txt,13,4.021553774,3.84921724,3.84921724,3.84921724,3.84921724,3.84921724
2473,INPUT_LN1_90_5.txt,OUTPUT_SKIN1_90_5.txt,13,0.065999146,0.072448297,0.072452751,0.072450805,0.072471238,0.072444482
2474,INPUT_LN1_90_5.txt,OUTPUT_SKIN10_90_5.txt,13,0.017736315,0.017514007,0.017514772,0.017512244,0.017511669,0.01751095
2475,INPUT_LN1_90_5.txt,OUTPUT_SKIN11_90_5.txt,13,0.025759295,0.019719718,0.019719766,0.019719237,0.01972116,0.019719766
2476,INPUT_LN1_90_5.txt,OUTPUT_SKIN12_90_5.txt,13,0.146662146,0.133254396,0.133275624,0.13324731,0.133224933,0.133225561
2477,INPUT_LN1_90_5.txt,OUTPUT_SKIN2_90_5.txt,13,0.119905696,0.107640015,0.107597692,0.107603509,0.107639082,0.107654333
2478,INPUT_LN1_90_5.txt,OUTPUT_SKIN3_90_5.txt,13,0.048125102,0.036254589,0.0362543,0.0362543,0.0362543,0.036254589
2479,INPUT_LN1_90_5.txt,OUTPUT_SKIN4_90_5.txt,13,0.138216337,0.118963942,0.119009152,0.119016886,0.118950249,0.119005029
2480,INPUT_LN1_90_5.txt,OUTPUT_SKIN5_90_5.txt,13,0.028540127,0.024071933,0.024071933,0.024071933,0.024071933,0.024071933
2481,INPUT_LN1_90_5.txt,OUTPUT_SKIN6_90_5.txt,13,0.132336911,0.11842969,0.118410513,0.118356886,0.118413814,0.118454321
2482,INPUT_LN1_90_5.txt,OUTPUT_SKIN7_90_5.txt,13,0.126126191,0.112199001,0.112195586,0.11219229,0.11220047,0.112174418
2483,INPUT_LN1_90_5.txt,OUTPUT_SKIN8_90_5.txt,13,0.130341191,0.133739436,0.133739436,0.133739436,0.133739436,0.133739436
2484,INPUT_LN1_90_5.txt,OUTPUT_SKIN9_90_5.txt,13,0.174650171,0.192153492,0.192175814,0.192266489,0.192125146,0.192227591
2485,INPUT_LN2_90_5.txt,OUTPUT_BM1_90_5.txt,13,NA,NA,NA,NA,NA,NA
2486,INPUT_LN2_90_5.txt,OUTPUT_BM2_90_5.txt,13,11.07420954,10.46071955,10.4624844,10.46049776,10.4629917,10.46120197
2487,INPUT_LN2_90_5.txt,OUTPUT_GUT_90_5.txt,13,0.890351995,0.860158629,0.860308788,0.860133283,0.860084543,0.860209327
2488,INPUT_LN2_90_5.txt,OUTPUT_L_90_5.txt,13,2.525266367,2.580515795,2.581222712,2.58076928,2.5822776,2.580942788
2489,INPUT_LN2_90_5.txt,OUTPUT_LN1_90_5.txt,13,0.031788991,0.030063563,0.030068866,0.030062668,0.030060947,0.030065354
2490,INPUT_LN2_90_5.txt,OUTPUT_LN2_90_5.txt,13,-582620,-436832.5,-436755.5,-436845.5,-436870.5,-436806.5
2491,INPUT_LN2_90_5.txt,OUTPUT_LUNG_90_5.txt,13,0.430486398,0.423147185,0.423505978,0.423115278,0.423373831,0.42346669
2492,INPUT_LN2_90_5.txt,OUTPUT_S_90_5.txt,13,2.00665237,12.1051842,12.10490019,12.105232,12.10532381,12.10508732
2493,INPUT_LN2_90_5.txt,OUTPUT_SKIN1_90_5.txt,13,0.068890786,0.063503167,0.06351715,0.063498566,0.063514474,0.063522553
2494,INPUT_LN2_90_5.txt,OUTPUT_SKIN10_90_5.txt,13,0.02002551,0.021561122,0.021566713,0.021557406,0.021555379,0.021557026
2495,INPUT_LN2_90_5.txt,OUTPUT_SKIN11_90_5.txt,13,0.044133951,0.045788224,0.045796425,0.04578567,0.045787807,0.045791072
2496,INPUT_LN2_90_5.txt,OUTPUT_SKIN12_90_5.txt,13,0.112352604,0.134182857,0.134229948,0.134171483,0.134142572,0.134165383
2497,INPUT_LN2_90_5.txt,OUTPUT_SKIN2_90_5.txt,13,0.152076341,0.153208512,0.153200156,0.153115516,0.15318644,0.153002376
2498,INPUT_LN2_90_5.txt,OUTPUT_SKIN3_90_5.txt,13,0.041650615,0.040950424,0.040957343,0.040948898,0.040946553,0.040952864
2499,INPUT_LN2_90_5.txt,OUTPUT_SKIN4_90_5.txt,13,0.190594412,0.181840683,0.181975751,0.181878653,0.181802161,0.181953289
2500,INPUT_LN2_90_5.txt,OUTPUT_SKIN5_90_5.txt,13,0.023719064,0.022683271,0.022687271,0.022682595,0.022681297,0.022684621
2501,INPUT_LN2_90_5.txt,OUTPUT_SKIN6_90_5.txt,13,0.100350911,0.103302726,0.10308293,0.103165347,0.103002101,0.103096251
2502,INPUT_LN2_90_5.txt,OUTPUT_SKIN7_90_5.txt,13,0.132674407,0.135020732,0.135030462,0.135028381,0.135005535,0.135048835
2503,INPUT_LN2_90_5.txt,OUTPUT_SKIN8_90_5.txt,13,0.111654384,0.101072484,0.101090332,0.101069471,0.101063678,0.10107851
2504,INPUT_LN2_90_5.txt,OUTPUT_SKIN9_90_5.txt,13,0.102788953,0.126066728,0.126102124,0.126141389,0.126042318,0.126121968
2505,INPUT_LUNG_90_5.txt,OUTPUT_BM1_90_5.txt,13,NA,NA,NA,NA,NA,NA
2506,INPUT_LUNG_90_5.txt,OUTPUT_BM2_90_5.txt,13,1.22225242,0.958269017,0.958145368,0.95826746,0.958284672,0.95798495
2507,INPUT_LUNG_90_5.txt,OUTPUT_GUT_90_5.txt,13,0.438256373,0.472699401,0.47253681,0.472710591,0.472550227,0.472531795
2508,INPUT_LUNG_90_5.txt,OUTPUT_L_90_5.txt,13,1.354844736,1.158413025,1.158192746,1.158591461,1.158991095,1.158158562
2509,INPUT_LUNG_90_5.txt,OUTPUT_LN1_90_5.txt,13,0.028747899,0.025109276,0.025100703,0.025109866,0.02510141,0.025100438
2510,INPUT_LUNG_90_5.txt,OUTPUT_LN2_90_5.txt,13,0.064416183,0.052015354,0.051979246,0.052019674,0.052008106,0.051991175
2511,INPUT_LUNG_90_5.txt,OUTPUT_LUNG_90_5.txt,13,-568477,-426320.5,-426466,-426310.5,-426454,-426470.5
2512,INPUT_LUNG_90_5.txt,OUTPUT_S_90_5.txt,13,1.610303074,1.597790463,1.597254553,1.597827248,1.597298678,1.597237924
2513,INPUT_LUNG_90_5.txt,OUTPUT_SKIN1_90_5.txt,13,0.073123498,0.057866036,0.057854862,0.057870771,0.057863363,0.057854736
2514,INPUT_LUNG_90_5.txt,OUTPUT_SKIN10_90_5.txt,13,0.013288841,0.014515159,0.014511447,0.014513573,0.014508237,0.014506661
2515,INPUT_LUNG_90_5.txt,OUTPUT_SKIN11_90_5.txt,13,0.027766651,0.01520412,0.015198964,0.015204131,0.015200396,0.015198804
2516,INPUT_LUNG_90_5.txt,OUTPUT_SKIN12_90_5.txt,13,0.099899676,0.105027656,0.105009761,0.10502441,0.104972412,0.10497076
2517,INPUT_LUNG_90_5.txt,OUTPUT_SKIN2_90_5.txt,13,0.247672042,0.208127024,0.208024678,0.208049361,0.208072171,0.208109859
2518,INPUT_LUNG_90_5.txt,OUTPUT_SKIN3_90_5.txt,13,0.050039125,0.03632266,0.036309971,0.036323231,0.036310995,0.036309871
2519,INPUT_LUNG_90_5.txt,OUTPUT_SKIN4_90_5.txt,13,0.114816494,0.095381011,0.095396931,0.095401519,0.095339751,0.095395593
2520,INPUT_LUNG_90_5.txt,OUTPUT_SKIN5_90_5.txt,13,0.016761993,0.013728097,0.013723411,0.013728419,0.013723798,0.013723266
2521,INPUT_LUNG_90_5.txt,OUTPUT_SKIN6_90_5.txt,13,0.197305558,0.180285521,0.179859153,0.180138004,0.179961536,0.180026483
2522,INPUT_LUNG_90_5.txt,OUTPUT_SKIN7_90_5.txt,13,0.188090583,0.180976513,0.180910136,0.18100619,0.180919907,0.180960484
2523,INPUT_LUNG_90_5.txt,OUTPUT_SKIN8_90_5.txt,13,0.094277909,0.054367123,0.054348546,0.054368402,0.054350079,0.054347973
2524,INPUT_LUNG_90_5.txt,OUTPUT_SKIN9_90_5.txt,13,0.698787583,0.747608603,0.747430371,0.748103484,0.747288033,0.747634622
2525,INPUT_S_90_5.txt,OUTPUT_BM1_90_5.txt,13,NA,NA,NA,NA,NA,NA
2526,INPUT_S_90_5.txt,OUTPUT_BM2_90_5.txt,13,134.4154673,115.3684644,115.3963992,115.3650996,115.4123645,115.3746625
2527,INPUT_S_90_5.txt,OUTPUT_GUT_90_5.txt,13,2.951553587,2.580796898,2.580796898,2.580796898,2.580796898,2.580796898
2528,INPUT_S_90_5.txt,OUTPUT_L_90_5.txt,13,30.44851882,28.04237805,28.04663547,28.04615478,28.06572876,28.04608611
2529,INPUT_S_90_5.txt,OUTPUT_LN1_90_5.txt,13,0.077365894,0.13052988,0.13052988,0.13052988,0.13052988,0.13052988
2530,INPUT_S_90_5.txt,OUTPUT_LN2_90_5.txt,13,0.653215215,0.491730069,0.491549266,0.491760598,0.491819309,0.491683238
2531,INPUT_S_90_5.txt,OUTPUT_LUNG_90_5.txt,13,6.082932984,5.572198938,5.576179002,5.571923886,5.575849133,5.576300558
2532,INPUT_S_90_5.txt,OUTPUT_S_90_5.txt,13,-78502.5,-58752,-58752,-58752,-58752,-58752
2533,INPUT_S_90_5.txt,OUTPUT_SKIN1_90_5.txt,13,0.270718074,0.26530078,0.265331331,0.265312469,0.265364083,0.265331281
2534,INPUT_S_90_5.txt,OUTPUT_SKIN10_90_5.txt,13,0.078612271,0.147753901,0.147766713,0.147736655,0.147733231,0.147723278
2535,INPUT_S_90_5.txt,OUTPUT_SKIN11_90_5.txt,13,0.106923369,0.075238713,0.075238881,0.075237033,0.075243754,0.075238881
2536,INPUT_S_90_5.txt,OUTPUT_SKIN12_90_5.txt,13,0.631646195,1.204829655,1.205038683,1.204761508,1.204553286,1.204574063
2537,INPUT_S_90_5.txt,OUTPUT_SKIN2_90_5.txt,13,0.877173639,0.714307212,0.714194016,0.714094468,0.714316305,0.714398414
2538,INPUT_S_90_5.txt,OUTPUT_SKIN3_90_5.txt,13,0.159551983,0.107366743,0.107366658,0.107366658,0.107366658,0.107366743
2539,INPUT_S_90_5.txt,OUTPUT_SKIN4_90_5.txt,13,0.673269628,0.696203223,0.696374847,0.696270437,0.696146893,0.696372479
2540,INPUT_S_90_5.txt,OUTPUT_SKIN5_90_5.txt,13,0.154130146,0.150936302,0.150936302,0.150936302,0.150936302,0.150936302
2541,INPUT_S_90_5.txt,OUTPUT_SKIN6_90_5.txt,13,0.587647218,0.516057384,0.515240387,0.515672034,0.515375751,0.51560368
2542,INPUT_S_90_5.txt,OUTPUT_SKIN7_90_5.txt,13,0.67415323,0.592760591,0.592733239,0.592791806,0.592750438,0.592811226
2543,INPUT_S_90_5.txt,OUTPUT_SKIN8_90_5.txt,13,0.290264599,0.626766753,0.626766753,0.626766753,0.626766753,0.626766753
2544,INPUT_S_90_5.txt,OUTPUT_SKIN9_90_5.txt,13,0.928384522,1.139138057,1.139204635,1.139843792,1.138952414,1.139573014
2545,INPUT_SKIN1_90_5.txt,OUTPUT_BM1_90_5.txt,13,NA,NA,NA,NA,NA,NA
2546,INPUT_SKIN1_90_5.txt,OUTPUT_BM2_90_5.txt,13,1.713211524,1.677627587,1.677643824,1.677560838,1.67761057,1.677531117
2547,INPUT_SKIN1_90_5.txt,OUTPUT_GUT_90_5.txt,13,0.861422894,0.842435329,0.842371338,0.84241061,0.842317014,0.842367221
2548,INPUT_SKIN1_90_5.txt,OUTPUT_L_90_5.txt,13,0.873151095,0.88024828,0.88027082,0.880301945,0.880611084,0.880254963
2549,INPUT_SKIN1_90_5.txt,OUTPUT_LN1_90_5.txt,13,0.020388037,0.023973587,0.023971778,0.023972896,0.023970146,0.02397166
2550,INPUT_SKIN1_90_5.txt,OUTPUT_LN2_90_5.txt,13,0.028692612,0.03570021,0.035685001,0.035701293,0.03570126,0.035693456
2551,INPUT_SKIN1_90_5.txt,OUTPUT_LUNG_90_5.txt,13,0.259781526,0.197088399,0.197199824,0.197074055,0.19717601,0.197202781
2552,INPUT_SKIN1_90_5.txt,OUTPUT_S_90_5.txt,13,0.848782061,0.850033579,0.84996913,0.850008937,0.849911559,0.849964785
2553,INPUT_SKIN1_90_5.txt,OUTPUT_SKIN1_90_5.txt,13,-1086255.5,-815042,-815103.5,-815065.5,-815159,-815107.5
2554,INPUT_SKIN1_90_5.txt,OUTPUT_SKIN10_90_5.txt,13,0.022035554,0.026861396,0.026861454,0.026857103,0.026853121,0.026853061
2555,INPUT_SKIN1_90_5.txt,OUTPUT_SKIN11_90_5.txt,13,0.056820512,0.04281141,0.042808277,0.042809193,0.042808212,0.042808065
2556,INPUT_SKIN1_90_5.txt,OUTPUT_SKIN12_90_5.txt,13,0.213352006,0.235473756,0.235495265,0.235454566,0.235392105,0.235412269
2557,INPUT_SKIN1_90_5.txt,OUTPUT_SKIN2_90_5.txt,13,0.522517725,0.536964036,0.536814076,0.536633513,0.536837035,0.536933792
2558,INPUT_SKIN1_90_5.txt,OUTPUT_SKIN3_90_5.txt,13,0.084613963,0.096782518,0.096773868,0.096778384,0.096767306,0.096774731
2559,INPUT_SKIN1_90_5.txt,OUTPUT_SKIN4_90_5.txt,13,0.308006455,0.328958931,0.329117431,0.32902478,0.32886498,0.329113707
2560,INPUT_SKIN1_90_5.txt,OUTPUT_SKIN5_90_5.txt,13,0.137892121,0.154975207,0.154963498,0.154970739,0.154952932,0.15496271
2561,INPUT_SKIN1_90_5.txt,OUTPUT_SKIN6_90_5.txt,13,0.653935712,0.587636048,0.586258002,0.586883207,0.586472311,0.586782978
2562,INPUT_SKIN1_90_5.txt,OUTPUT_SKIN7_90_5.txt,13,0.352565407,0.33304912,0.332992785,0.333077279,0.332988739,0.333091597
2563,INPUT_SKIN1_90_5.txt,OUTPUT_SKIN8_90_5.txt,13,0.085886777,0.112399276,0.112390783,0.112396026,0.112383131,0.112390241
2564,INPUT_SKIN1_90_5.txt,OUTPUT_SKIN9_90_5.txt,13,0.260185478,0.260410747,0.260397752,0.260553263,0.260329354,0.260480936
2565,INPUT_SKIN10_90_5.txt,OUTPUT_BM1_90_5.txt,13,NA,NA,NA,NA,NA,NA
2566,INPUT_SKIN10_90_5.txt,OUTPUT_BM2_90_5.txt,13,2.969135439,2.825160801,2.825466728,2.825289566,2.826065288,2.825615113
2567,INPUT_SKIN10_90_5.txt,OUTPUT_GUT_90_5.txt,13,3.371273608,3.319445227,3.31926893,3.31966161,3.319697144,3.319839412
2568,INPUT_SKIN10_90_5.txt,OUTPUT_L_90_5.txt,13,5.907619559,5.998629989,5.998765633,5.999384751,6.001313363,5.99975247
2569,INPUT_SKIN10_90_5.txt,OUTPUT_LN1_90_5.txt,13,0.047969065,0.029119628,0.029117912,0.02912144,0.029121536,0.029122682
2570,INPUT_SKIN10_90_5.txt,OUTPUT_LN2_90_5.txt,13,0.345544256,0.345474776,0.345332435,0.34551732,0.345561224,0.345478139
2571,INPUT_SKIN10_90_5.txt,OUTPUT_LUNG_90_5.txt,13,0.296941936,0.35613784,0.356355829,0.356143825,0.356380688,0.356421762
2572,INPUT_SKIN10_90_5.txt,OUTPUT_S_90_5.txt,13,3.321647699,2.643414114,2.643284548,2.643583696,2.643611327,2.643730916
2573,INPUT_SKIN10_90_5.txt,OUTPUT_SKIN1_90_5.txt,13,0.366920021,0.315522579,0.315549524,0.315560409,0.31563104,0.31560443
2574,INPUT_SKIN10_90_5.txt,OUTPUT_SKIN10_90_5.txt,13,-525868,-393933,-393953.5,-393908.5,-393904.5,-393889
2575,INPUT_SKIN10_90_5.txt,OUTPUT_SKIN11_90_5.txt,13,0.119302588,0.107437241,0.107431887,0.10744147,0.107452421,0.107449509
2576,INPUT_SKIN10_90_5.txt,OUTPUT_SKIN12_90_5.txt,13,0.433182442,0.46561846,0.465671497,0.465622746,0.465554578,0.465583685
2577,INPUT_SKIN10_90_5.txt,OUTPUT_SKIN2_90_5.txt,13,0.651671564,0.696325552,0.696146496,0.695985427,0.696398154,0.696533892
2578,INPUT_SKIN10_90_5.txt,OUTPUT_SKIN3_90_5.txt,13,0.14494717,0.107194453,0.107188868,0.107201132,0.107202223,0.107206448
2579,INPUT_SKIN10_90_5.txt,OUTPUT_SKIN4_90_5.txt,13,0.378090768,0.407462087,0.407668644,0.407581754,0.407436899,0.407733052
2580,INPUT_SKIN10_90_5.txt,OUTPUT_SKIN5_90_5.txt,13,0.182617208,0.179314842,0.179295134,0.179326025,0.179317506,0.179324583
2581,INPUT_SKIN10_90_5.txt,OUTPUT_SKIN6_90_5.txt,13,0.749099797,0.757779413,0.756070579,0.756485339,0.756028763,0.756880381
2582,INPUT_SKIN10_90_5.txt,OUTPUT_SKIN7_90_5.txt,13,0.518637905,0.524573314,0.524541048,0.52466862,0.524600726,0.524778646
2583,INPUT_SKIN10_90_5.txt,OUTPUT_SKIN8_90_5.txt,13,0.177309802,0.095010947,0.095006001,0.095016859,0.095017824,0.095021566
2584,INPUT_SKIN10_90_5.txt,OUTPUT_SKIN9_90_5.txt,13,1.128245571,0.900326881,0.900255831,0.900908235,0.900191091,0.900748313
2585,INPUT_SKIN11_90_5.txt,OUTPUT_BM1_90_5.txt,13,NA,NA,NA,NA,NA,NA
2586,INPUT_SKIN11_90_5.txt,OUTPUT_BM2_90_5.txt,13,4.73159634,4.496075501,4.496423159,4.496086498,4.496462145,4.496171617
2587,INPUT_SKIN11_90_5.txt,OUTPUT_GUT_90_5.txt,13,3.889689502,3.078712514,3.078710272,3.078734936,3.078645224,3.078710272
2588,INPUT_SKIN11_90_5.txt,OUTPUT_L_90_5.txt,13,5.214259349,4.844052235,4.844268404,4.844306034,4.845097503,4.844239778
2589,INPUT_SKIN11_90_5.txt,OUTPUT_LN1_90_5.txt,13,0.087976758,0.089889836,0.089889733,0.089890868,0.08988674,0.089889733
2590,INPUT_SKIN11_90_5.txt,OUTPUT_LN2_90_5.txt,13,0.358105754,0.336564352,0.336443787,0.336588519,0.336612043,0.336528712
2591,INPUT_SKIN11_90_5.txt,OUTPUT_LUNG_90_5.txt,13,0.73094011,0.584626826,0.584996808,0.584608196,0.584946782,0.585008374
2592,INPUT_SKIN11_90_5.txt,OUTPUT_S_90_5.txt,13,5.622858948,5.394416258,5.394409919,5.394479649,5.394226094,5.394409919
2593,INPUT_SKIN11_90_5.txt,OUTPUT_SKIN1_90_5.txt,13,0.740350011,0.691978015,0.692080116,0.692025322,0.692151963,0.692084967
2594,INPUT_SKIN11_90_5.txt,OUTPUT_SKIN10_90_5.txt,13,0.082778239,0.068261717,0.06826732,0.068253677,0.068248464,0.068246086
2595,INPUT_SKIN11_90_5.txt,OUTPUT_SKIN11_90_5.txt,13,-581433,-435701.5,-435702,-435696.5,-435716.5,-435702
2596,INPUT_SKIN11_90_5.txt,OUTPUT_SKIN12_90_5.txt,13,0.630240435,0.617831992,0.617933056,0.617806598,0.617684698,0.61771885
2597,INPUT_SKIN11_90_5.txt,OUTPUT_SKIN2_90_5.txt,13,1.239863316,1.288181609,1.287916414,1.287547764,1.288146141,1.288364581
2598,INPUT_SKIN11_90_5.txt,OUTPUT_SKIN3_90_5.txt,13,1.676843757,1.641851003,1.641724437,1.641742796,1.641676033,1.641849334
2599,INPUT_SKIN11_90_5.txt,OUTPUT_SKIN4_90_5.txt,13,1.087859142,1.05898675,1.059575085,1.059248955,1.05881682,1.059568164
2600,INPUT_SKIN11_90_5.txt,OUTPUT_SKIN5_90_5.txt,13,0.109313777,0.098512429,0.098512316,0.098513561,0.098509033,0.098512316
2601,INPUT_SKIN11_90_5.txt,OUTPUT_SKIN6_90_5.txt,13,1.456389882,1.422091398,1.418954335,1.419359353,1.418461463,1.420246968
2602,INPUT_SKIN11_90_5.txt,OUTPUT_SKIN7_90_5.txt,13,0.972196323,0.96205292,0.962011146,0.962184022,0.962005332,0.962276964
2603,INPUT_SKIN11_90_5.txt,OUTPUT_SKIN8_90_5.txt,13,0.325615951,0.319558191,0.319557825,0.319561843,0.319547233,0.319557825
2604,INPUT_SKIN11_90_5.txt,OUTPUT_SKIN9_90_5.txt,13,0.583361752,0.502779556,0.502771089,0.50307975,0.502654628,0.502958015
2605,INPUT_SKIN12_90_5.txt,OUTPUT_BM1_90_5.txt,13,NA,NA,NA,NA,NA,NA
2606,INPUT_SKIN12_90_5.txt,OUTPUT_BM2_90_5.txt,13,5.636389715,4.652156856,4.652798501,4.652111411,4.653614985,4.652501923
2607,INPUT_SKIN12_90_5.txt,OUTPUT_GUT_90_5.txt,13,0.735317348,0.727084641,0.727023984,0.727103724,0.727158458,0.727150204
2608,INPUT_SKIN12_90_5.txt,OUTPUT_L_90_5.txt,13,2.052215511,2.134934785,2.135092793,2.135235457,2.136693464,2.135322737
2609,INPUT_SKIN12_90_5.txt,OUTPUT_LN1_90_5.txt,13,0.048272736,0.047596432,0.047592386,0.047597707,0.047601375,0.047600833
2610,INPUT_SKIN12_90_5.txt,OUTPUT_LN2_90_5.txt,13,86.29737686,85.58220351,85.57513612,85.58269679,85.58224488,85.57388615
2611,INPUT_SKIN12_90_5.txt,OUTPUT_LUNG_90_5.txt,13,46.97091365,46.32705761,46.3279686,46.32366901,46.29712207,46.29582162
2612,INPUT_SKIN12_90_5.txt,OUTPUT_S_90_5.txt,13,1.721322415,1.719897657,1.71978389,1.719932942,1.720031138,1.72001268
2613,INPUT_SKIN12_90_5.txt,OUTPUT_SKIN1_90_5.txt,13,0.584016127,0.608065534,0.60810388,0.608116456,0.608303806,0.608219144
2614,INPUT_SKIN12_90_5.txt,OUTPUT_SKIN10_90_5.txt,13,0.013980346,0.018000888,0.018001231,0.017999131,0.018000153,0.017998533
2615,INPUT_SKIN12_90_5.txt,OUTPUT_SKIN11_90_5.txt,13,0.112455781,0.108061521,0.108052567,0.108061938,0.1080802,0.108071771
2616,INPUT_SKIN12_90_5.txt,OUTPUT_SKIN12_90_5.txt,13,-996257.5,-746927,-746990.5,-746907,-746849.5,-746858
2617,INPUT_SKIN12_90_5.txt,OUTPUT_SKIN2_90_5.txt,13,0.853134531,0.837966583,0.837720299,0.837485376,0.838039514,0.838151011
2618,INPUT_SKIN12_90_5.txt,OUTPUT_SKIN3_90_5.txt,13,0.101516874,0.101959898,0.101951219,0.101962628,0.101970487,0.10196933
2619,INPUT_SKIN12_90_5.txt,OUTPUT_SKIN4_90_5.txt,13,0.262377586,0.210158103,0.210259552,0.210214386,0.210152477,0.210295633
2620,INPUT_SKIN12_90_5.txt,OUTPUT_SKIN5_90_5.txt,13,0.085292932,0.083579791,0.083572681,0.083582031,0.083588472,0.083587521
2621,INPUT_SKIN12_90_5.txt,OUTPUT_SKIN6_90_5.txt,13,0.913224303,0.960326232,0.958184443,0.959229664,0.958733266,0.959163488
2622,INPUT_SKIN12_90_5.txt,OUTPUT_SKIN7_90_5.txt,13,0.315423111,0.357191159,0.357121138,0.357244534,0.357220808,0.357287008
2623,INPUT_SKIN12_90_5.txt,OUTPUT_SKIN8_90_5.txt,13,0.165022623,0.16194682,0.161933042,0.16195116,0.161963646,0.161961804
2624,INPUT_SKIN12_90_5.txt,OUTPUT_SKIN9_90_5.txt,13,0.173910398,0.128481063,0.12847077,0.128562979,0.128468114,0.128540661
2625,INPUT_SKIN2_90_5.txt,OUTPUT_BM1_90_5.txt,13,NA,NA,NA,NA,NA,NA
2626,INPUT_SKIN2_90_5.txt,OUTPUT_BM2_90_5.txt,13,3.192735608,3.109982597,3.11019015,3.110954516,3.109704995,3.109642013
2627,INPUT_SKIN2_90_5.txt,OUTPUT_GUT_90_5.txt,13,11.08438402,10.75597391,10.75627697,10.75839425,10.75569926,10.75371275
2628,INPUT_SKIN2_90_5.txt,OUTPUT_L_90_5.txt,13,3.124227175,3.043771115,3.044009327,3.044631753,3.043234627,3.043382559
2629,INPUT_SKIN2_90_5.txt,OUTPUT_LN1_90_5.txt,13,0.164527231,0.142165517,0.142180461,0.142208761,0.142167155,0.142156392
2630,INPUT_SKIN2_90_5.txt,OUTPUT_LN2_90_5.txt,13,11.38695531,11.09668323,11.10181764,11.09918788,11.09402679,11.09608427
2631,INPUT_SKIN2_90_5.txt,OUTPUT_LUNG_90_5.txt,13,0.47467303,0.416038085,0.416326161,0.416148173,0.416265571,0.416261463
2632,INPUT_SKIN2_90_5.txt,OUTPUT_S_90_5.txt,13,2.909804312,2.829468992,2.829764118,2.830334993,2.82939566,2.829177507
2633,INPUT_SKIN2_90_5.txt,OUTPUT_SKIN1_90_5.txt,13,7.259995454,7.443353404,7.445178167,7.445154673,7.444746136,7.443473664
2634,INPUT_SKIN2_90_5.txt,OUTPUT_SKIN10_90_5.txt,13,0.187123141,0.138885681,0.138914759,0.138910637,0.138867264,0.138845744
2635,INPUT_SKIN2_90_5.txt,OUTPUT_SKIN11_90_5.txt,13,1.435015722,1.485629752,1.485790003,1.486052449,1.485750253,1.485550572
2636,INPUT_SKIN2_90_5.txt,OUTPUT_SKIN12_90_5.txt,13,0.912152927,0.86839155,0.868616597,0.868610197,0.868235301,0.868186155
2637,INPUT_SKIN2_90_5.txt,OUTPUT_SKIN2_90_5.txt,13,-627128,-470720,-470670.5,-470577,-470714.5,-470750.5
2638,INPUT_SKIN2_90_5.txt,OUTPUT_SKIN3_90_5.txt,13,0.088378569,0.113954311,0.11396625,0.113988908,0.113955638,0.113946834
2639,INPUT_SKIN2_90_5.txt,OUTPUT_SKIN4_90_5.txt,13,91.53805649,89.04425679,89.06422594,89.04812271,89.03872156,89.04269632
2640,INPUT_SKIN2_90_5.txt,OUTPUT_SKIN5_90_5.txt,13,8.056486076,8.385128597,8.386042116,8.387915484,8.385210285,8.385059073
2641,INPUT_SKIN2_90_5.txt,OUTPUT_SKIN6_90_5.txt,13,6.396981164,5.63432413,5.625221841,5.629772795,5.625380835,5.627144233
2642,INPUT_SKIN2_90_5.txt,OUTPUT_SKIN7_90_5.txt,13,0.991453564,1.195879961,1.195868601,1.19639046,1.195867074,1.196010797
2643,INPUT_SKIN2_90_5.txt,OUTPUT_SKIN8_90_5.txt,13,0.477071859,0.41478144,0.414825235,0.414906578,0.414784951,0.414752708
2644,INPUT_SKIN2_90_5.txt,OUTPUT_SKIN9_90_5.txt,13,1.539143931,1.443240881,1.443481453,1.444259313,1.443156481,1.443478668
2645,INPUT_SKIN3_90_5.txt,OUTPUT_BM1_90_5.txt,13,NA,NA,NA,NA,NA,NA
2646,INPUT_SKIN3_90_5.txt,OUTPUT_BM2_90_5.txt,13,2.221824058,2.109674448,2.110057145,2.109628778,2.110270728,2.109771634
2647,INPUT_SKIN3_90_5.txt,OUTPUT_GUT_90_5.txt,13,2.271393401,3.039229563,3.039229327,3.039229327,3.039229327,3.039229563
2648,INPUT_SKIN3_90_5.txt,OUTPUT_L_90_5.txt,13,17.38236197,17.39449783,17.39407858,17.39412697,17.39215724,17.39412447
2649,INPUT_SKIN3_90_5.txt,OUTPUT_LN1_90_5.txt,13,0.080898147,0.087093401,0.087093401,0.087093401,0.087093401,0.087093401
2650,INPUT_SKIN3_90_5.txt,OUTPUT_LN2_90_5.txt,13,0.227687383,0.237757741,0.237671599,0.237772285,0.237800257,0.237731569
2651,INPUT_SKIN3_90_5.txt,OUTPUT_LUNG_90_5.txt,13,0.411987118,0.502444179,0.502777516,0.502421307,0.50275006,0.502787873
2652,INPUT_SKIN3_90_5.txt,OUTPUT_S_90_5.txt,13,3.600295923,3.288303105,3.288303197,3.288303197,3.288303197,3.288303105
2653,INPUT_SKIN3_90_5.txt,OUTPUT_SKIN1_90_5.txt,13,0.373405113,0.357628442,0.357681779,0.357648688,0.357731238,0.357685381
2654,INPUT_SKIN3_90_5.txt,OUTPUT_SKIN10_90_5.txt,13,0.108253493,0.124660156,0.124673137,0.124644723,0.124642251,0.124632473
2655,INPUT_SKIN3_90_5.txt,OUTPUT_SKIN11_90_5.txt,13,0.133195921,0.146987055,0.146987393,0.146983677,0.146997189,0.146987393
2656,INPUT_SKIN3_90_5.txt,OUTPUT_SKIN12_90_5.txt,13,0.499634081,0.510162441,0.510248203,0.510135101,0.510055543,0.510067206
2657,INPUT_SKIN3_90_5.txt,OUTPUT_SKIN2_90_5.txt,13,0.883981365,0.934456138,0.934253861,0.933944976,0.934491707,0.93462863
2658,INPUT_SKIN3_90_5.txt,OUTPUT_SKIN3_90_5.txt,13,-419438,-314308.5,-314308.5,-314308.5,-314308.5,-314308.5
2659,INPUT_SKIN3_90_5.txt,OUTPUT_SKIN4_90_5.txt,13,0.567901183,0.602985447,0.603318641,0.603122953,0.602897506,0.603314548
2660,INPUT_SKIN3_90_5.txt,OUTPUT_SKIN5_90_5.txt,13,0.076257207,0.08685608,0.086856079,0.086856079,0.086856079,0.08685608
2661,INPUT_SKIN3_90_5.txt,OUTPUT_SKIN6_90_5.txt,13,0.989467126,0.752240839,0.75064324,0.751463484,0.750985666,0.751337847
2662,INPUT_SKIN3_90_5.txt,OUTPUT_SKIN7_90_5.txt,13,0.553121721,0.540959797,0.540909452,0.541026398,0.540949271,0.541065046
2663,INPUT_SKIN3_90_5.txt,OUTPUT_SKIN8_90_5.txt,13,0.356288163,0.376495452,0.37649545,0.37649545,0.37649545,0.376495452
2664,INPUT_SKIN3_90_5.txt,OUTPUT_SKIN9_90_5.txt,13,0.481130961,0.459605627,0.459617144,0.45988215,0.459523144,0.459773961
2665,INPUT_SKIN4_90_5.txt,OUTPUT_BM1_90_5.txt,13,NA,NA,NA,NA,NA,NA
2666,INPUT_SKIN4_90_5.txt,OUTPUT_BM2_90_5.txt,13,0.925256261,0.900092614,0.899984932,0.899965775,0.900385528,0.899876317
2667,INPUT_SKIN4_90_5.txt,OUTPUT_GUT_90_5.txt,13,2.336742926,1.812240594,1.811733468,1.812035049,1.81235706,1.811738344
2668,INPUT_SKIN4_90_5.txt,OUTPUT_L_90_5.txt,13,1.501311758,1.319363915,1.319120139,1.319322516,1.320189214,1.319107189
2669,INPUT_SKIN4_90_5.txt,OUTPUT_LN1_90_5.txt,13,0.013831887,0.016225875,0.016221258,0.016223919,0.016226939,0.016221312
2670,INPUT_SKIN4_90_5.txt,OUTPUT_LN2_90_5.txt,13,0.108230028,0.092188938,0.09212943,0.092183419,0.092211414,0.092155047
2671,INPUT_SKIN4_90_5.txt,OUTPUT_LUNG_90_5.txt,13,0.121863405,0.156852277,0.156911237,0.156826239,0.156957718,0.15691497
2672,INPUT_SKIN4_90_5.txt,OUTPUT_S_90_5.txt,13,2.130557861,2.237555007,2.236910314,2.23728316,2.237703641,2.236917608
2673,INPUT_SKIN4_90_5.txt,OUTPUT_SKIN1_90_5.txt,13,0.21413327,0.223839637,0.223809682,0.223825431,0.223918635,0.223812651
2674,INPUT_SKIN4_90_5.txt,OUTPUT_SKIN10_90_5.txt,13,0.033834501,0.024887118,0.024881826,0.024880821,0.024884551,0.024874365
2675,INPUT_SKIN4_90_5.txt,OUTPUT_SKIN11_90_5.txt,13,0.07165278,0.073778226,0.07375739,0.073767633,0.073788154,0.073757632
2676,INPUT_SKIN4_90_5.txt,OUTPUT_SKIN12_90_5.txt,13,0.30531877,0.194561653,0.194538938,0.194527787,0.194533812,0.19447072
2677,INPUT_SKIN4_90_5.txt,OUTPUT_SKIN2_90_5.txt,13,0.517619345,0.476472502,0.476240315,0.476155893,0.476473685,0.476360426
2678,INPUT_SKIN4_90_5.txt,OUTPUT_SKIN3_90_5.txt,13,0.094378095,0.088872118,0.08884535,0.088859933,0.088876462,0.088847125
2679,INPUT_SKIN4_90_5.txt,OUTPUT_SKIN4_90_5.txt,13,-812617.5,-609808.5,-609982,-609882,-609768.5,-609980
2680,INPUT_SKIN4_90_5.txt,OUTPUT_SKIN5_90_5.txt,13,0.095854593,0.104258075,0.10422837,0.104245491,0.104264925,0.104228712
2681,INPUT_SKIN4_90_5.txt,OUTPUT_SKIN6_90_5.txt,13,0.379339534,0.392969386,0.391953126,0.392459806,0.392281597,0.392333788
2682,INPUT_SKIN4_90_5.txt,OUTPUT_SKIN7_90_5.txt,13,0.225353131,0.250509926,0.250423253,0.250510001,0.250519772,0.250499329
2683,INPUT_SKIN4_90_5.txt,OUTPUT_SKIN8_90_5.txt,13,0.050795846,0.064360911,0.064342595,0.064353144,0.064365135,0.064342807
2684,INPUT_SKIN4_90_5.txt,OUTPUT_SKIN9_90_5.txt,13,0.364326682,0.392190802,0.392090169,0.392369592,0.392151679,0.392217529
2685,INPUT_SKIN5_90_5.txt,OUTPUT_BM1_90_5.txt,13,NA,NA,NA,NA,NA,NA
2686,INPUT_SKIN5_90_5.txt,OUTPUT_BM2_90_5.txt,13,0.721926471,0.692699569,0.692837248,0.692683114,0.692914241,0.692734185
2687,INPUT_SKIN5_90_5.txt,OUTPUT_GUT_90_5.txt,13,0.364759061,0.297976209,0.297976209,0.297976209,0.297976209,0.297976209
2688,INPUT_SKIN5_90_5.txt,OUTPUT_L_90_5.txt,13,2.538738571,2.406780285,2.407066982,2.407034613,2.408352536,2.407029989
2689,INPUT_SKIN5_90_5.txt,OUTPUT_LN1_90_5.txt,13,0.029316519,0.032897823,0.032897823,0.032897823,0.032897823,0.032897823
2690,INPUT_SKIN5_90_5.txt,OUTPUT_LN2_90_5.txt,13,0.161507679,0.149660714,0.149606439,0.149669879,0.149687503,0.149646401
2691,INPUT_SKIN5_90_5.txt,OUTPUT_LUNG_90_5.txt,13,0.141783111,0.769163712,0.769670005,0.769124405,0.769623726,0.769681147
2692,INPUT_SKIN5_90_5.txt,OUTPUT_S_90_5.txt,13,2.393275517,2.303963641,2.303963641,2.303963641,2.303963641,2.303963641
2693,INPUT_SKIN5_90_5.txt,OUTPUT_SKIN1_90_5.txt,13,0.179735616,0.155690044,0.155711053,0.155701576,0.155696731,0.155708313
2694,INPUT_SKIN5_90_5.txt,OUTPUT_SKIN10_90_5.txt,13,0.037991287,0.036121255,0.03612412,0.036116664,0.036115543,0.03611317
2695,INPUT_SKIN5_90_5.txt,OUTPUT_SKIN11_90_5.txt,13,0.069343146,0.068365799,0.068365928,0.068364507,0.068369674,0.068365928
2696,INPUT_SKIN5_90_5.txt,OUTPUT_SKIN12_90_5.txt,13,0.208235734,0.206514935,0.206550038,0.206503786,0.20647136,0.206476052
2697,INPUT_SKIN5_90_5.txt,OUTPUT_SKIN2_90_5.txt,13,0.325511255,0.298840833,0.298894697,0.298842525,0.298835569,0.2990507
2698,INPUT_SKIN5_90_5.txt,OUTPUT_SKIN3_90_5.txt,13,0.073657704,0.080205922,0.080205344,0.080205344,0.080205344,0.080205922
2699,INPUT_SKIN5_90_5.txt,OUTPUT_SKIN4_90_5.txt,13,0.160233154,0.168592482,0.168607121,0.168565148,0.168589173,0.168610349
2700,INPUT_SKIN5_90_5.txt,OUTPUT_SKIN5_90_5.txt,13,-623851,-467971,-467971,-467971,-467971,-467971
2701,INPUT_SKIN5_90_5.txt,OUTPUT_SKIN6_90_5.txt,13,0.366021676,0.344454951,0.34412056,0.34446799,0.344299963,0.344334923
2702,INPUT_SKIN5_90_5.txt,OUTPUT_SKIN7_90_5.txt,13,0.253216896,0.24753409,0.247517004,0.247559452,0.247528084,0.247578362
2703,INPUT_SKIN5_90_5.txt,OUTPUT_SKIN8_90_5.txt,13,0.095321501,0.108240362,0.108240362,0.108240362,0.108240362,0.108240362
2704,INPUT_SKIN5_90_5.txt,OUTPUT_SKIN9_90_5.txt,13,0.245622776,0.276053859,0.276062352,0.276220466,0.276005376,0.276155432
2705,INPUT_SKIN6_90_5.txt,OUTPUT_BM1_90_5.txt,13,NA,NA,NA,NA,NA,NA
2706,INPUT_SKIN6_90_5.txt,OUTPUT_BM2_90_5.txt,13,4.106802948,4.04231653,4.0465799,4.04440796,4.045466197,4.044516659
2707,INPUT_SKIN6_90_5.txt,OUTPUT_GUT_90_5.txt,13,14.46827724,14.18654021,14.20127603,14.19238091,14.19671668,14.19350119
2708,INPUT_SKIN6_90_5.txt,OUTPUT_L_90_5.txt,13,4.011397536,3.948701307,3.952911873,3.95062507,3.9514461,3.950773289
2709,INPUT_SKIN6_90_5.txt,OUTPUT_LN1_90_5.txt,13,0.062424767,0.081711151,0.081797873,0.081752182,0.081777466,0.081758057
2710,INPUT_SKIN6_90_5.txt,OUTPUT_LN2_90_5.txt,13,13.92078314,13.72497154,13.74509569,13.73185942,13.73520156,13.73430087
2711,INPUT_SKIN6_90_5.txt,OUTPUT_LUNG_90_5.txt,13,5.29364041,5.209322889,5.213762791,5.212198295,5.212637757,5.210915628
2712,INPUT_SKIN6_90_5.txt,OUTPUT_S_90_5.txt,13,2.961273679,2.548934706,2.551687409,2.550228864,2.551048299,2.550349765
2713,INPUT_SKIN6_90_5.txt,OUTPUT_SKIN1_90_5.txt,13,91.26770516,91.37883252,91.50713383,91.40684274,91.51454487,91.46074247
2714,INPUT_SKIN6_90_5.txt,OUTPUT_SKIN10_90_5.txt,13,4.759849412,4.67628294,4.681699189,4.6780715,4.679369374,4.677910826
2715,INPUT_SKIN6_90_5.txt,OUTPUT_SKIN11_90_5.txt,13,16.02035561,15.76621038,15.78516388,15.77507941,15.78259816,15.77705954
2716,INPUT_SKIN6_90_5.txt,OUTPUT_SKIN12_90_5.txt,13,31.25341022,30.84854158,30.87496351,30.8688825,30.88589466,30.87641858
2717,INPUT_SKIN6_90_5.txt,OUTPUT_SKIN2_90_5.txt,13,126.9022316,95.07994442,95.1330134,95.07057366,95.13486396,95.12598981
2718,INPUT_SKIN6_90_5.txt,OUTPUT_SKIN3_90_5.txt,13,20.82337309,20.50944167,20.53075156,20.51921913,20.52433983,20.52007276
2719,INPUT_SKIN6_90_5.txt,OUTPUT_SKIN4_90_5.txt,13,67.77917806,67.05886342,67.16583611,67.09259494,67.09487119,67.12724061
2720,INPUT_SKIN6_90_5.txt,OUTPUT_SKIN5_90_5.txt,13,13.72617184,13.539879,13.55318177,13.54862719,13.55085532,13.54727402
2721,INPUT_SKIN6_90_5.txt,OUTPUT_SKIN6_90_5.txt,13,-1179745.5,-886576,-885637,-886131.5,-885858,-886068
2722,INPUT_SKIN6_90_5.txt,OUTPUT_SKIN7_90_5.txt,13,212.0089592,208.8963589,209.0917559,209.083035,209.1283905,209.0172993
2723,INPUT_SKIN6_90_5.txt,OUTPUT_SKIN8_90_5.txt,13,0.181166977,0.238536759,0.238789948,0.238656452,0.238730252,0.238673536
2724,INPUT_SKIN6_90_5.txt,OUTPUT_SKIN9_90_5.txt,13,7.616015776,7.455235672,7.462628031,7.457424541,7.461776096,7.457959713
2725,INPUT_SKIN7_90_5.txt,OUTPUT_BM1_90_5.txt,13,NA,NA,NA,NA,NA,NA
2726,INPUT_SKIN7_90_5.txt,OUTPUT_BM2_90_5.txt,13,1.25170463,1.330420787,1.330573187,1.330322063,1.330655909,1.330271814
2727,INPUT_SKIN7_90_5.txt,OUTPUT_GUT_90_5.txt,13,2.251537817,2.406902822,2.406915963,2.406752535,2.406921081,2.406555407
2728,INPUT_SKIN7_90_5.txt,OUTPUT_L_90_5.txt,13,3.240005651,3.202070592,3.202001325,3.201796114,3.201617209,3.201539804
2729,INPUT_SKIN7_90_5.txt,OUTPUT_LN1_90_5.txt,13,0.037153833,0.045497594,0.045497835,0.045494838,0.04549793,0.045491226
2730,INPUT_SKIN7_90_5.txt,OUTPUT_LN2_90_5.txt,13,0.609629958,0.673363927,0.673149875,0.673359865,0.673477111,0.673195994
2731,INPUT_SKIN7_90_5.txt,OUTPUT_LUNG_90_5.txt,13,0.724224259,0.766956602,0.767356056,0.766883078,0.767325498,0.767256489
2732,INPUT_SKIN7_90_5.txt,OUTPUT_S_90_5.txt,13,1.452103198,1.348349179,1.348356488,1.348266696,1.348359193,1.348158688
2733,INPUT_SKIN7_90_5.txt,OUTPUT_SKIN1_90_5.txt,13,0.570105136,0.573789055,0.573878267,0.573787379,0.573957568,0.573801032
2734,INPUT_SKIN7_90_5.txt,OUTPUT_SKIN10_90_5.txt,13,0.201316708,0.260804589,0.260834583,0.260756105,0.260768429,0.260711135
2735,INPUT_SKIN7_90_5.txt,OUTPUT_SKIN11_90_5.txt,13,0.307359046,0.3135945,0.313596928,0.313568238,0.313618442,0.313551146
2736,INPUT_SKIN7_90_5.txt,OUTPUT_SKIN12_90_5.txt,13,0.991239729,0.996805006,0.996959864,0.996695252,0.99661979,0.996493564
2737,INPUT_SKIN7_90_5.txt,OUTPUT_SKIN2_90_5.txt,13,2.276735318,2.401635188,2.401139292,2.400027318,2.401593817,2.401617053
2738,INPUT_SKIN7_90_5.txt,OUTPUT_SKIN3_90_5.txt,13,0.323818906,0.426990544,0.426992723,0.426964457,0.426993617,0.426930448
2739,INPUT_SKIN7_90_5.txt,OUTPUT_SKIN4_90_5.txt,13,0.657638905,0.82202666,0.822496706,0.822172615,0.821925258,0.822371682
2740,INPUT_SKIN7_90_5.txt,OUTPUT_SKIN5_90_5.txt,13,0.811191721,1.02224217,1.022246524,1.022178371,1.022248874,1.022095531
2741,INPUT_SKIN7_90_5.txt,OUTPUT_SKIN6_90_5.txt,13,2.820604901,2.773780365,2.767133801,2.769678457,2.76826112,2.76907895
2742,INPUT_SKIN7_90_5.txt,OUTPUT_SKIN7_90_5.txt,13,-638903,-479044.5,-479042,-479073.5,-479041,-479111.5
2743,INPUT_SKIN7_90_5.txt,OUTPUT_SKIN8_90_5.txt,13,0.136848134,0.17749897,0.177499878,0.177488204,0.17750025,0.177474122
2744,INPUT_SKIN7_90_5.txt,OUTPUT_SKIN9_90_5.txt,13,0.739840926,0.717670685,0.717653039,0.717994603,0.717526002,0.717800126
2745,INPUT_SKIN8_90_5.txt,OUTPUT_BM1_90_5.txt,13,NA,NA,NA,NA,NA,NA
2746,INPUT_SKIN8_90_5.txt,OUTPUT_BM2_90_5.txt,13,2.487234414,2.307536891,2.307968709,2.307485307,2.308209863,2.30764624
2747,INPUT_SKIN8_90_5.txt,OUTPUT_GUT_90_5.txt,13,1.359259823,1.454255118,1.454255118,1.454255118,1.454255118,1.454255118
2748,INPUT_SKIN8_90_5.txt,OUTPUT_L_90_5.txt,13,1.604507869,1.501584239,1.501790429,1.501767149,1.502715088,1.501763824
2749,INPUT_SKIN8_90_5.txt,OUTPUT_LN1_90_5.txt,13,0.112916907,0.107076452,0.107076452,0.107076452,0.107076452,0.107076452
2750,INPUT_SKIN8_90_5.txt,OUTPUT_LN2_90_5.txt,13,0.183335342,0.183620483,0.183553758,0.18363175,0.183653417,0.183601696
2751,INPUT_SKIN8_90_5.txt,OUTPUT_LUNG_90_5.txt,13,0.459384481,0.409872534,0.410147714,0.409853645,0.410125037,0.410156247
2752,INPUT_SKIN8_90_5.txt,OUTPUT_S_90_5.txt,13,1.961219534,1.889164921,1.889164921,1.889164921,1.889164921,1.889164921
2753,INPUT_SKIN8_90_5.txt,OUTPUT_SKIN1_90_5.txt,13,0.431735779,0.368235311,0.36829055,0.368256305,0.36834065,0.368294545
2754,INPUT_SKIN8_90_5.txt,OUTPUT_SKIN10_90_5.txt,13,0.050987551,0.050495106,0.05049903,0.050488492,0.050486806,0.050483503
2755,INPUT_SKIN8_90_5.txt,OUTPUT_SKIN11_90_5.txt,13,0.080918391,0.081191158,0.081191344,0.081189294,0.08119675,0.081191344
2756,INPUT_SKIN8_90_5.txt,OUTPUT_SKIN12_90_5.txt,13,0.393694788,0.432938524,0.433011307,0.432915382,0.432848181,0.432858018
2757,INPUT_SKIN8_90_5.txt,OUTPUT_SKIN2_90_5.txt,13,0.628306879,0.650857766,0.650725915,0.650472418,0.650815349,0.650894423
2758,INPUT_SKIN8_90_5.txt,OUTPUT_SKIN3_90_5.txt,13,0.149552886,0.169117868,0.169115575,0.169115575,0.169115575,0.169117868
2759,INPUT_SKIN8_90_5.txt,OUTPUT_SKIN4_90_5.txt,13,0.470882627,0.433437516,0.433679562,0.433537455,0.433377319,0.433676784
2760,INPUT_SKIN8_90_5.txt,OUTPUT_SKIN5_90_5.txt,13,0.066369281,0.063135074,0.063135074,0.063135074,0.063135074,0.063135074
2761,INPUT_SKIN8_90_5.txt,OUTPUT_SKIN6_90_5.txt,13,0.605308619,0.556425468,0.555217631,0.555534501,0.555193454,0.555739009
2762,INPUT_SKIN8_90_5.txt,OUTPUT_SKIN7_90_5.txt,13,0.440604429,0.456970392,0.456907128,0.45702485,0.456955253,0.457038675
2763,INPUT_SKIN8_90_5.txt,OUTPUT_SKIN8_90_5.txt,13,-527705.5,-396391,-396391,-396391,-396391,-396391
2764,INPUT_SKIN8_90_5.txt,OUTPUT_SKIN9_90_5.txt,13,0.370778823,0.316439104,0.316456946,0.316631263,0.316391489,0.316556135
2765,INPUT_SKIN9_90_5.txt,OUTPUT_BM1_90_5.txt,13,NA,NA,NA,NA,NA,NA
2766,INPUT_SKIN9_90_5.txt,OUTPUT_BM2_90_5.txt,13,2.870569366,2.734451984,2.734917178,2.733609704,2.73550605,2.734134066
2767,INPUT_SKIN9_90_5.txt,OUTPUT_GUT_90_5.txt,13,6.472747908,6.481469645,6.481119071,6.479422329,6.481851668,6.480206769
2768,INPUT_SKIN9_90_5.txt,OUTPUT_L_90_5.txt,13,5.817727232,5.072807663,5.073294667,5.072077145,5.076926574,5.072606038
2769,INPUT_SKIN9_90_5.txt,OUTPUT_LN1_90_5.txt,13,0.05625343,0.061027597,0.061024444,0.0610089,0.061030823,0.061016205
2770,INPUT_SKIN9_90_5.txt,OUTPUT_LN2_90_5.txt,13,0.048635846,0.057085344,0.057061286,0.05707143,0.05709878,0.057067862
2771,INPUT_SKIN9_90_5.txt,OUTPUT_LUNG_90_5.txt,13,0.506076448,0.567177625,0.567541761,0.566977211,0.567566558,0.567476725
2772,INPUT_SKIN9_90_5.txt,OUTPUT_S_90_5.txt,13,5.431488403,4.436178318,4.435982516,4.434989285,4.436372077,4.435460854
2773,INPUT_SKIN9_90_5.txt,OUTPUT_SKIN1_90_5.txt,13,0.293759469,0.269105715,0.269134985,0.269040314,0.269198358,0.269099732
2774,INPUT_SKIN9_90_5.txt,OUTPUT_SKIN10_90_5.txt,13,0.093557372,0.074711809,0.074713968,0.074679191,0.07470366,0.074680767
2775,INPUT_SKIN9_90_5.txt,OUTPUT_SKIN11_90_5.txt,13,0.120034683,0.117143303,0.117137513,0.117104594,0.117157803,0.117121674
2776,INPUT_SKIN9_90_5.txt,OUTPUT_SKIN12_90_5.txt,13,0.500812336,0.497764719,0.497826541,0.497583322,0.497682222,0.497573853
2777,INPUT_SKIN9_90_5.txt,OUTPUT_SKIN2_90_5.txt,13,0.630608855,0.653035827,0.652858669,0.652466812,0.653070632,0.653015291
2778,INPUT_SKIN9_90_5.txt,OUTPUT_SKIN3_90_5.txt,13,0.10092403,0.115647766,0.115641063,0.115611581,0.115653177,0.11562615
2779,INPUT_SKIN9_90_5.txt,OUTPUT_SKIN4_90_5.txt,13,0.48923053,0.488586787,0.488840494,0.488548223,0.488540079,0.488770637
2780,INPUT_SKIN9_90_5.txt,OUTPUT_SKIN5_90_5.txt,13,0.107643109,0.093144685,0.093139865,0.093116126,0.093149616,0.093127281
2781,INPUT_SKIN9_90_5.txt,OUTPUT_SKIN6_90_5.txt,13,0.709452987,0.684429218,0.682837533,0.682920268,0.682749822,0.68334811
2782,INPUT_SKIN9_90_5.txt,OUTPUT_SKIN7_90_5.txt,13,0.31959426,0.403448686,0.403423601,0.403373801,0.403461957,0.403488891
2783,INPUT_SKIN9_90_5.txt,OUTPUT_SKIN8_90_5.txt,13,0.214691207,0.238667348,0.238654972,0.238594013,0.23868002,0.238622652
2784,INPUT_SKIN9_90_5.txt,OUTPUT_SKIN9_90_5.txt,13,-569014,-426323,-426345,-426453.5,-426300.5,-426402.5
2785,INPUT_BM1_90_5.txt,OUTPUT_BM1_90_5.txt,14,-501961,-376635.5,-376655.5,-376706,-376604.5,-376551
2786,INPUT_BM1_90_5.txt,OUTPUT_BM2_90_5.txt,14,2.079012977,1.916639528,1.915440359,1.91655128,1.917203674,1.916739408
2787,INPUT_BM1_90_5.txt,OUTPUT_GUT_90_5.txt,14,0.191795484,0.202103254,0.202128756,0.202028993,0.202094335,0.202138092
2788,INPUT_BM1_90_5.txt,OUTPUT_L_90_5.txt,14,NA,NA,NA,NA,NA,NA
2789,INPUT_BM1_90_5.txt,OUTPUT_LN1_90_5.txt,14,NA,NA,NA,NA,NA,NA
2790,INPUT_BM1_90_5.txt,OUTPUT_LN2_90_5.txt,14,0.216664828,0.211730239,0.211754436,0.211705337,0.211710709,0.211824613
2791,INPUT_BM1_90_5.txt,OUTPUT_LUNG_90_5.txt,14,0.059882191,0.067688225,0.067678403,0.067675578,0.067686331,0.067721303
2792,INPUT_BM1_90_5.txt,OUTPUT_S_90_5.txt,14,2.244999311,2.290878929,2.290596465,2.289946415,2.291711615,2.291252668
2793,INPUT_BM1_90_5.txt,OUTPUT_SKIN1_90_5.txt,14,0.106569363,0.102989558,0.102974825,0.102975322,0.102993586,0.103008191
2794,INPUT_BM1_90_5.txt,OUTPUT_SKIN10_90_5.txt,14,0.059583628,0.06009144,0.060088419,0.060063524,0.060108047,0.060063392
2795,INPUT_BM1_90_5.txt,OUTPUT_SKIN11_90_5.txt,14,0.007875835,0.009995218,0.009993785,0.009992148,0.009994469,0.009996682
2796,INPUT_BM1_90_5.txt,OUTPUT_SKIN12_90_5.txt,14,0.150156806,0.150543502,0.150491877,0.150584466,0.150612107,0.150601531
2797,INPUT_BM1_90_5.txt,OUTPUT_SKIN2_90_5.txt,14,0.03599312,0.032382455,0.032380883,0.032376995,0.032384048,0.032390572
2798,INPUT_BM1_90_5.txt,OUTPUT_SKIN3_90_5.txt,14,0.116439863,0.117190052,0.117184503,0.117167294,0.117197582,0.117217902
2799,INPUT_BM1_90_5.txt,OUTPUT_SKIN4_90_5.txt,14,0.061479793,0.063283477,0.063280291,0.063268701,0.063377567,0.063386529
2800,INPUT_BM1_90_5.txt,OUTPUT_SKIN5_90_5.txt,14,0.235621736,0.198098416,0.19804981,0.198067945,0.198106219,0.198208692
2801,INPUT_BM1_90_5.txt,OUTPUT_SKIN6_90_5.txt,14,0.068957993,0.076475618,0.076471539,0.076461268,0.07648193,0.076492817
2802,INPUT_BM1_90_5.txt,OUTPUT_SKIN7_90_5.txt,14,0.013311768,0.012012785,0.01201198,0.012010298,0.012013357,0.012015328
2803,INPUT_BM1_90_5.txt,OUTPUT_SKIN8_90_5.txt,14,0.163777045,0.175918288,0.175908837,0.175885136,0.175932869,0.175957994
2804,INPUT_BM1_90_5.txt,OUTPUT_SKIN9_90_5.txt,14,0.327759302,0.308892726,0.308860708,0.308818931,0.308923756,0.308963356
2805,INPUT_BM2_90_5.txt,OUTPUT_BM1_90_5.txt,14,1.542451163,1.367689971,1.368224316,1.368104655,1.367321353,1.36719507
2806,INPUT_BM2_90_5.txt,OUTPUT_BM2_90_5.txt,14,-555300.5,-416669.5,-416550.5,-416699,-416713.5,-416633.5
2807,INPUT_BM2_90_5.txt,OUTPUT_GUT_90_5.txt,14,0.16777651,0.147680115,0.147748938,0.147643129,0.147645771,0.147685116
2808,INPUT_BM2_90_5.txt,OUTPUT_L_90_5.txt,14,NA,NA,NA,NA,NA,NA
2809,INPUT_BM2_90_5.txt,OUTPUT_LN1_90_5.txt,14,NA,NA,NA,NA,NA,NA
2810,INPUT_BM2_90_5.txt,OUTPUT_LN2_90_5.txt,14,0.157158141,0.139877619,0.139940822,0.139877161,0.139837987,0.139920551
2811,INPUT_BM2_90_5.txt,OUTPUT_LUNG_90_5.txt,14,0.059265643,0.051850315,0.051864453,0.05184758,0.051846842,0.051865747
2812,INPUT_BM2_90_5.txt,OUTPUT_S_90_5.txt,14,2.86882188,2.323490163,2.323985865,2.322815944,2.323899297,2.323547747
2813,INPUT_BM2_90_5.txt,OUTPUT_SKIN1_90_5.txt,14,0.068382849,0.065467117,0.065482957,0.065465677,0.065464286,0.06547654
2814,INPUT_BM2_90_5.txt,OUTPUT_SKIN10_90_5.txt,14,0.035045703,0.031232588,0.031241148,0.031225965,0.031231802,0.031213378
2815,INPUT_BM2_90_5.txt,OUTPUT_SKIN11_90_5.txt,14,0.028229978,0.028155483,0.028162853,0.028152582,0.028151325,0.028157328
2816,INPUT_BM2_90_5.txt,OUTPUT_SKIN12_90_5.txt,14,0.081270072,0.077758998,0.07777023,0.077729234,0.077723866,0.077750879
2817,INPUT_BM2_90_5.txt,OUTPUT_SKIN2_90_5.txt,14,0.014964438,0.014111271,0.014115353,0.014110488,0.014109273,0.014112853
2818,INPUT_BM2_90_5.txt,OUTPUT_SKIN3_90_5.txt,14,0.105041884,0.104014455,0.104043982,0.104007378,0.104004382,0.104022843
2819,INPUT_BM2_90_5.txt,OUTPUT_SKIN4_90_5.txt,14,0.035138343,0.031943834,0.031953176,0.031940086,0.031988988,0.031995118
2820,INPUT_BM2_90_5.txt,OUTPUT_SKIN5_90_5.txt,14,0.084819389,0.078303124,0.078336308,0.07829658,0.078298431,0.078294377
2821,INPUT_BM2_90_5.txt,OUTPUT_SKIN6_90_5.txt,14,0.047011181,0.045656021,0.045669085,0.045652784,0.045651193,0.045659972
2822,INPUT_BM2_90_5.txt,OUTPUT_SKIN7_90_5.txt,14,0.016330751,0.018704879,0.018709924,0.018703139,0.018702209,0.018706138
2823,INPUT_BM2_90_5.txt,OUTPUT_SKIN8_90_5.txt,14,0.057957671,0.099175584,0.099204031,0.099168534,0.09916507,0.099184188
2824,INPUT_BM2_90_5.txt,OUTPUT_SKIN9_90_5.txt,14,0.111811354,0.103197646,0.103220832,0.103183886,0.103188924,0.103206849
2825,INPUT_GUT_90_5.txt,OUTPUT_BM1_90_5.txt,14,0.263500311,0.226013987,0.226017871,0.226118156,0.225991086,0.225918986
2826,INPUT_GUT_90_5.txt,OUTPUT_BM2_90_5.txt,14,0.178786901,0.175723969,0.175608392,0.175764365,0.175771962,0.175698307
2827,INPUT_GUT_90_5.txt,OUTPUT_GUT_90_5.txt,14,-379508,-284629,-284654.5,-284603.5,-284611,-284621.5
2828,INPUT_GUT_90_5.txt,OUTPUT_L_90_5.txt,14,NA,NA,NA,NA,NA,NA
2829,INPUT_GUT_90_5.txt,OUTPUT_LN1_90_5.txt,14,NA,NA,NA,NA,NA,NA
2830,INPUT_GUT_90_5.txt,OUTPUT_LN2_90_5.txt,14,0.021740592,0.02285801,0.022859681,0.02286155,0.022855353,0.022863638
2831,INPUT_GUT_90_5.txt,OUTPUT_LUNG_90_5.txt,14,0.030404599,0.043185673,0.043177467,0.043189551,0.043183172,0.043199026
2832,INPUT_GUT_90_5.txt,OUTPUT_S_90_5.txt,14,0.646191477,0.599284932,0.599191286,0.599205466,0.599489094,0.599263765
2833,INPUT_GUT_90_5.txt,OUTPUT_SKIN1_90_5.txt,14,0.031176325,0.038740001,0.038735043,0.038736246,0.038727084,0.038724958
2834,INPUT_GUT_90_5.txt,OUTPUT_SKIN10_90_5.txt,14,0.013423134,0.018920844,0.018919196,0.018916982,0.018925956,0.018907053
2835,INPUT_GUT_90_5.txt,OUTPUT_SKIN11_90_5.txt,14,0.017491499,0.018641943,0.018638125,0.018640702,0.018639067,0.018640604
2836,INPUT_GUT_90_5.txt,OUTPUT_SKIN12_90_5.txt,14,0.135143608,0.301574475,0.301477847,0.301756764,0.301743046,0.301655868
2837,INPUT_GUT_90_5.txt,OUTPUT_SKIN2_90_5.txt,14,0.006242965,0.006152659,0.006152136,0.006153331,0.006152853,0.00615298
2838,INPUT_GUT_90_5.txt,OUTPUT_SKIN3_90_5.txt,14,0.027866961,0.021734285,0.021732347,0.021736223,0.021735627,0.021734881
2839,INPUT_GUT_90_5.txt,OUTPUT_SKIN4_90_5.txt,14,0.011395398,0.012789426,0.012787652,0.01279014,0.012783863,0.012783394
2840,INPUT_GUT_90_5.txt,OUTPUT_SKIN5_90_5.txt,14,0.11036411,0.11382106,0.113797997,0.113834867,0.113833188,0.113865137
2841,INPUT_GUT_90_5.txt,OUTPUT_SKIN6_90_5.txt,14,0.008987693,0.010987822,0.010986838,0.010988807,0.010988518,0.010988112
2842,INPUT_GUT_90_5.txt,OUTPUT_SKIN7_90_5.txt,14,0.003337545,0.003738451,0.003738059,0.003738706,0.003738552,0.003738478
2843,INPUT_GUT_90_5.txt,OUTPUT_SKIN8_90_5.txt,14,0.067936225,0.057662406,0.057657227,0.057667587,0.057666063,0.05766393
2844,INPUT_GUT_90_5.txt,OUTPUT_SKIN9_90_5.txt,14,0.02494238,0.021713134,0.021709773,0.021713668,0.021714998,0.021713761
2845,INPUT_L_90_5.txt,OUTPUT_BM1_90_5.txt,14,NA,NA,NA,NA,NA,NA
2846,INPUT_L_90_5.txt,OUTPUT_BM2_90_5.txt,14,NA,NA,NA,NA,NA,NA
2847,INPUT_L_90_5.txt,OUTPUT_GUT_90_5.txt,14,NA,NA,NA,NA,NA,NA
2848,INPUT_L_90_5.txt,OUTPUT_L_90_5.txt,14,NA,NA,NA,NA,NA,NA
2849,INPUT_L_90_5.txt,OUTPUT_LN1_90_5.txt,14,NA,NA,NA,NA,NA,NA
2850,INPUT_L_90_5.txt,OUTPUT_LN2_90_5.txt,14,NA,NA,NA,NA,NA,NA
2851,INPUT_L_90_5.txt,OUTPUT_LUNG_90_5.txt,14,NA,NA,NA,NA,NA,NA
2852,INPUT_L_90_5.txt,OUTPUT_S_90_5.txt,14,NA,NA,NA,NA,NA,NA
2853,INPUT_L_90_5.txt,OUTPUT_SKIN1_90_5.txt,14,NA,NA,NA,NA,NA,NA
2854,INPUT_L_90_5.txt,OUTPUT_SKIN10_90_5.txt,14,NA,NA,NA,NA,NA,NA
2855,INPUT_L_90_5.txt,OUTPUT_SKIN11_90_5.txt,14,NA,NA,NA,NA,NA,NA
2856,INPUT_L_90_5.txt,OUTPUT_SKIN12_90_5.txt,14,NA,NA,NA,NA,NA,NA
2857,INPUT_L_90_5.txt,OUTPUT_SKIN2_90_5.txt,14,NA,NA,NA,NA,NA,NA
2858,INPUT_L_90_5.txt,OUTPUT_SKIN3_90_5.txt,14,NA,NA,NA,NA,NA,NA
2859,INPUT_L_90_5.txt,OUTPUT_SKIN4_90_5.txt,14,NA,NA,NA,NA,NA,NA
2860,INPUT_L_90_5.txt,OUTPUT_SKIN5_90_5.txt,14,NA,NA,NA,NA,NA,NA
2861,INPUT_L_90_5.txt,OUTPUT_SKIN6_90_5.txt,14,NA,NA,NA,NA,NA,NA
2862,INPUT_L_90_5.txt,OUTPUT_SKIN7_90_5.txt,14,NA,NA,NA,NA,NA,NA
2863,INPUT_L_90_5.txt,OUTPUT_SKIN8_90_5.txt,14,NA,NA,NA,NA,NA,NA
2864,INPUT_L_90_5.txt,OUTPUT_SKIN9_90_5.txt,14,NA,NA,NA,NA,NA,NA
2865,INPUT_LN1_90_5.txt,OUTPUT_BM1_90_5.txt,14,NA,NA,NA,NA,NA,NA
2866,INPUT_LN1_90_5.txt,OUTPUT_BM2_90_5.txt,14,NA,NA,NA,NA,NA,NA
2867,INPUT_LN1_90_5.txt,OUTPUT_GUT_90_5.txt,14,NA,NA,NA,NA,NA,NA
2868,INPUT_LN1_90_5.txt,OUTPUT_L_90_5.txt,14,NA,NA,NA,NA,NA,NA
2869,INPUT_LN1_90_5.txt,OUTPUT_LN1_90_5.txt,14,NA,NA,NA,NA,NA,NA
2870,INPUT_LN1_90_5.txt,OUTPUT_LN2_90_5.txt,14,NA,NA,NA,NA,NA,NA
2871,INPUT_LN1_90_5.txt,OUTPUT_LUNG_90_5.txt,14,NA,NA,NA,NA,NA,NA
2872,INPUT_LN1_90_5.txt,OUTPUT_S_90_5.txt,14,NA,NA,NA,NA,NA,NA
2873,INPUT_LN1_90_5.txt,OUTPUT_SKIN1_90_5.txt,14,NA,NA,NA,NA,NA,NA
2874,INPUT_LN1_90_5.txt,OUTPUT_SKIN10_90_5.txt,14,NA,NA,NA,NA,NA,NA
2875,INPUT_LN1_90_5.txt,OUTPUT_SKIN11_90_5.txt,14,NA,NA,NA,NA,NA,NA
2876,INPUT_LN1_90_5.txt,OUTPUT_SKIN12_90_5.txt,14,NA,NA,NA,NA,NA,NA
2877,INPUT_LN1_90_5.txt,OUTPUT_SKIN2_90_5.txt,14,NA,NA,NA,NA,NA,NA
2878,INPUT_LN1_90_5.txt,OUTPUT_SKIN3_90_5.txt,14,NA,NA,NA,NA,NA,NA
2879,INPUT_LN1_90_5.txt,OUTPUT_SKIN4_90_5.txt,14,NA,NA,NA,NA,NA,NA
2880,INPUT_LN1_90_5.txt,OUTPUT_SKIN5_90_5.txt,14,NA,NA,NA,NA,NA,NA
2881,INPUT_LN1_90_5.txt,OUTPUT_SKIN6_90_5.txt,14,NA,NA,NA,NA,NA,NA
2882,INPUT_LN1_90_5.txt,OUTPUT_SKIN7_90_5.txt,14,NA,NA,NA,NA,NA,NA
2883,INPUT_LN1_90_5.txt,OUTPUT_SKIN8_90_5.txt,14,NA,NA,NA,NA,NA,NA
2884,INPUT_LN1_90_5.txt,OUTPUT_SKIN9_90_5.txt,14,NA,NA,NA,NA,NA,NA
2885,INPUT_LN2_90_5.txt,OUTPUT_BM1_90_5.txt,14,2.847872998,2.47243745,2.472526546,2.473276947,2.472241277,2.471126298
2886,INPUT_LN2_90_5.txt,OUTPUT_BM2_90_5.txt,14,1.553100635,1.320708476,1.319876876,1.320854906,1.321095715,1.320350328
2887,INPUT_LN2_90_5.txt,OUTPUT_GUT_90_5.txt,14,0.054304516,0.062154365,0.062160657,0.062141416,0.062152291,0.062144264
2888,INPUT_LN2_90_5.txt,OUTPUT_L_90_5.txt,14,NA,NA,NA,NA,NA,NA
2889,INPUT_LN2_90_5.txt,OUTPUT_LN1_90_5.txt,14,NA,NA,NA,NA,NA,NA
2890,INPUT_LN2_90_5.txt,OUTPUT_LN2_90_5.txt,14,-588380.5,-441338,-441372.5,-441351,-441297,-441386.5
2891,INPUT_LN2_90_5.txt,OUTPUT_LUNG_90_5.txt,14,0.08320657,0.066005075,0.06599391,0.066003261,0.06600402,0.066015373
2892,INPUT_LN2_90_5.txt,OUTPUT_S_90_5.txt,14,2.701464131,2.625290262,2.624939983,2.624678044,2.626202085,2.624891933
2893,INPUT_LN2_90_5.txt,OUTPUT_SKIN1_90_5.txt,14,0.139550516,0.117721777,0.1177085,0.117696285,0.117686507,0.11765829
2894,INPUT_LN2_90_5.txt,OUTPUT_SKIN10_90_5.txt,14,0.026135846,0.02498708,0.024985201,0.024978944,0.024994507,0.02496531
2895,INPUT_LN2_90_5.txt,OUTPUT_SKIN11_90_5.txt,14,0.028223001,0.025606936,0.025601572,0.025601695,0.025603372,0.025601212
2896,INPUT_LN2_90_5.txt,OUTPUT_SKIN12_90_5.txt,14,0.115025848,0.191700643,0.191632517,0.191785636,0.191791586,0.191707661
2897,INPUT_LN2_90_5.txt,OUTPUT_SKIN2_90_5.txt,14,0.010825073,0.011444093,0.011443229,0.01144395,0.011444753,0.011443134
2898,INPUT_LN2_90_5.txt,OUTPUT_SKIN3_90_5.txt,14,0.138105608,0.123122619,0.123114026,0.123118114,0.123131304,0.12311097
2899,INPUT_LN2_90_5.txt,OUTPUT_SKIN4_90_5.txt,14,0.015867693,0.017342741,0.017341177,0.017341446,0.017360659,0.017357133
2900,INPUT_LN2_90_5.txt,OUTPUT_SKIN5_90_5.txt,14,0.151808321,0.1275255,0.127502354,0.127532698,0.127545135,0.127561988
2901,INPUT_LN2_90_5.txt,OUTPUT_SKIN6_90_5.txt,14,0.065155864,0.064577696,0.06457272,0.064575869,0.064583781,0.064570591
2902,INPUT_LN2_90_5.txt,OUTPUT_SKIN7_90_5.txt,14,0.013920357,0.009097748,0.009096881,0.00909727,0.009098247,0.009096722
2903,INPUT_LN2_90_5.txt,OUTPUT_SKIN8_90_5.txt,14,0.12014863,0.089084109,0.089077226,0.089081574,0.089092502,0.089074296
2904,INPUT_LN2_90_5.txt,OUTPUT_SKIN9_90_5.txt,14,0.125686123,0.110011356,0.109995737,0.11000111,0.110024137,0.1099995
2905,INPUT_LUNG_90_5.txt,OUTPUT_BM1_90_5.txt,14,0.746287891,0.812938608,0.813062597,0.813232204,0.812867313,0.812492052
2906,INPUT_LUNG_90_5.txt,OUTPUT_BM2_90_5.txt,14,0.597882976,0.609614695,0.609307223,0.609699447,0.609780301,0.609437247
2907,INPUT_LUNG_90_5.txt,OUTPUT_GUT_90_5.txt,14,0.080097457,0.069630373,0.069646149,0.069617924,0.069625672,0.069617489
2908,INPUT_LUNG_90_5.txt,OUTPUT_L_90_5.txt,14,NA,NA,NA,NA,NA,NA
2909,INPUT_LUNG_90_5.txt,OUTPUT_LN1_90_5.txt,14,NA,NA,NA,NA,NA,NA
2910,INPUT_LUNG_90_5.txt,OUTPUT_LN2_90_5.txt,14,0.204540241,0.176585054,0.176622881,0.17659731,0.176564701,0.176600398
2911,INPUT_LUNG_90_5.txt,OUTPUT_LUNG_90_5.txt,14,-617561,-463002,-462980,-463002,-462975,-463063.5
2912,INPUT_LUNG_90_5.txt,OUTPUT_S_90_5.txt,14,2.544523631,2.140968405,2.140954633,2.140560179,2.141699277,2.140646028
2913,INPUT_LUNG_90_5.txt,OUTPUT_SKIN1_90_5.txt,14,0.188070555,0.133194305,0.13319565,0.133170019,0.133150426,0.133122042
2914,INPUT_LUNG_90_5.txt,OUTPUT_SKIN10_90_5.txt,14,0.056694028,0.053736337,0.053739024,0.053720439,0.05375054,0.053688618
2915,INPUT_LUNG_90_5.txt,OUTPUT_SKIN11_90_5.txt,14,0.045617025,0.03229932,0.032297109,0.032294335,0.032294637,0.032291794
2916,INPUT_LUNG_90_5.txt,OUTPUT_SKIN12_90_5.txt,14,0.352580274,0.260539683,0.260472995,0.260682179,0.260671349,0.260553008
2917,INPUT_LUNG_90_5.txt,OUTPUT_SKIN2_90_5.txt,14,0.02105021,0.022257043,0.0222582,0.022257441,0.022257528,0.022254692
2918,INPUT_LUNG_90_5.txt,OUTPUT_SKIN3_90_5.txt,14,0.148944163,0.148605624,0.148615186,0.14860313,0.148606806,0.148590827
2919,INPUT_LUNG_90_5.txt,OUTPUT_SKIN4_90_5.txt,14,0.034172033,0.028299289,0.028299207,0.028298313,0.028286842,0.028281435
2920,INPUT_LUNG_90_5.txt,OUTPUT_SKIN5_90_5.txt,14,0.304857719,0.246731582,0.246713148,0.24674708,0.246757067,0.246797855
2921,INPUT_LUNG_90_5.txt,OUTPUT_SKIN6_90_5.txt,14,0.104140704,0.067531226,0.067534435,0.067531227,0.067535162,0.067522256
2922,INPUT_LUNG_90_5.txt,OUTPUT_SKIN7_90_5.txt,14,0.10762766,0.094563114,0.094566471,0.094561416,0.094565504,0.094541999
2923,INPUT_LUNG_90_5.txt,OUTPUT_SKIN8_90_5.txt,14,0.091849703,0.108054371,0.108059506,0.108054371,0.108060662,0.108040001
2924,INPUT_LUNG_90_5.txt,OUTPUT_SKIN9_90_5.txt,14,0.585795244,0.551001193,0.550992143,0.550965859,0.551045483,0.550928745
2925,INPUT_S_90_5.txt,OUTPUT_BM1_90_5.txt,14,25.86679777,25.29476779,25.29839157,25.30708949,25.28700093,25.28417333
2926,INPUT_S_90_5.txt,OUTPUT_BM2_90_5.txt,14,35.1630725,34.08518505,34.06605303,34.09437832,34.08748106,34.08014161
2927,INPUT_S_90_5.txt,OUTPUT_GUT_90_5.txt,14,0.041444785,0.05084998,0.050860887,0.050846466,0.050836388,0.050848852
2928,INPUT_S_90_5.txt,OUTPUT_L_90_5.txt,14,NA,NA,NA,NA,NA,NA
2929,INPUT_S_90_5.txt,OUTPUT_LN1_90_5.txt,14,NA,NA,NA,NA,NA,NA
2930,INPUT_S_90_5.txt,OUTPUT_LN2_90_5.txt,14,0.077734786,0.088880024,0.08889858,0.088896603,0.088852494,0.088902307
2931,INPUT_S_90_5.txt,OUTPUT_LUNG_90_5.txt,14,0.061387114,0.050844858,0.050842054,0.050850528,0.050832253,0.05085986
2932,INPUT_S_90_5.txt,OUTPUT_S_90_5.txt,14,-719697.5,-540561,-540542,-540501.5,-540637,-540544.5
2933,INPUT_S_90_5.txt,OUTPUT_SKIN1_90_5.txt,14,0.144642316,0.138557256,0.138557072,0.138550764,0.138490658,0.138515807
2934,INPUT_S_90_5.txt,OUTPUT_SKIN10_90_5.txt,14,0.018147883,0.020599443,0.020600218,0.02059598,0.020600554,0.020585398
2935,INPUT_S_90_5.txt,OUTPUT_SKIN11_90_5.txt,14,0.004961358,0.006412226,0.006411702,0.006411937,0.006410027,0.006411773
2936,INPUT_S_90_5.txt,OUTPUT_SKIN12_90_5.txt,14,0.090229878,0.109395151,0.109367579,0.109458898,0.109421215,0.109415232
2937,INPUT_S_90_5.txt,OUTPUT_SKIN2_90_5.txt,14,0.044706978,0.053172143,0.053174788,0.053178824,0.053162763,0.05317512
2938,INPUT_S_90_5.txt,OUTPUT_SKIN3_90_5.txt,14,0.116943783,0.108258391,0.108261885,0.108270698,0.108244085,0.108261052
2939,INPUT_S_90_5.txt,OUTPUT_SKIN4_90_5.txt,14,0.013868006,0.016333259,0.016333748,0.016334349,0.01634874,0.016351539
2940,INPUT_S_90_5.txt,OUTPUT_SKIN5_90_5.txt,14,0.078014456,0.09553394,0.095529105,0.095551018,0.095526043,0.095569554
2941,INPUT_S_90_5.txt,OUTPUT_SKIN6_90_5.txt,14,0.020253835,0.025022016,0.025022896,0.025024773,0.025018495,0.02502278
2942,INPUT_S_90_5.txt,OUTPUT_SKIN7_90_5.txt,14,0.00866852,0.010267607,0.010267844,0.010268553,0.010265825,0.010267575
2943,INPUT_S_90_5.txt,OUTPUT_SKIN8_90_5.txt,14,0.171354336,0.159884858,0.159890518,0.159902584,0.159862222,0.159889773
2944,INPUT_S_90_5.txt,OUTPUT_SKIN9_90_5.txt,14,0.187665486,0.197365487,0.197362197,0.19737712,0.197341051,0.197371962
2945,INPUT_SKIN1_90_5.txt,OUTPUT_BM1_90_5.txt,14,0.864564805,0.937295588,0.93738677,0.937643592,0.937362941,0.937178952
2946,INPUT_SKIN1_90_5.txt,OUTPUT_BM2_90_5.txt,14,0.583854388,0.590612361,0.590337733,0.590737212,0.590832844,0.590650571
2947,INPUT_SKIN1_90_5.txt,OUTPUT_GUT_90_5.txt,14,0.520320175,0.494670404,0.494761083,0.494634215,0.494709077,0.494750842
2948,INPUT_SKIN1_90_5.txt,OUTPUT_L_90_5.txt,14,NA,NA,NA,NA,NA,NA
2949,INPUT_SKIN1_90_5.txt,OUTPUT_LN1_90_5.txt,14,NA,NA,NA,NA,NA,NA
2950,INPUT_SKIN1_90_5.txt,OUTPUT_LN2_90_5.txt,14,0.694189861,0.560725586,0.560817786,0.56080743,0.560737519,0.560959114
2951,INPUT_SKIN1_90_5.txt,OUTPUT_LUNG_90_5.txt,14,0.241937489,0.245055228,0.245036378,0.245077473,0.245073599,0.245171113
2952,INPUT_SKIN1_90_5.txt,OUTPUT_S_90_5.txt,14,1.496621802,1.32921406,1.329179134,1.329149032,1.329712756,1.329443885
2953,INPUT_SKIN1_90_5.txt,OUTPUT_SKIN1_90_5.txt,14,-644437,-483253.5,-483244.5,-483209.5,-483160,-483152
2954,INPUT_SKIN1_90_5.txt,OUTPUT_SKIN10_90_5.txt,14,0.111316787,0.10476614,0.104768332,0.104745854,0.104806898,0.104712683
2955,INPUT_SKIN1_90_5.txt,OUTPUT_SKIN11_90_5.txt,14,0.034016942,0.028501218,0.028498659,0.028499693,0.028501277,0.028504539
2956,INPUT_SKIN1_90_5.txt,OUTPUT_SKIN12_90_5.txt,14,0.800343633,0.789456398,0.789238941,0.789936303,0.789940081,0.789751333
2957,INPUT_SKIN1_90_5.txt,OUTPUT_SKIN2_90_5.txt,14,0.061317002,0.057903614,0.05790484,0.057910145,0.057913159,0.05791725
2958,INPUT_SKIN1_90_5.txt,OUTPUT_SKIN3_90_5.txt,14,0.154475017,0.128841371,0.128845548,0.128851343,0.128861007,0.128872031
2959,INPUT_SKIN1_90_5.txt,OUTPUT_SKIN4_90_5.txt,14,0.091930292,0.075550514,0.075552703,0.075553875,0.075689235,0.075690489
2960,INPUT_SKIN1_90_5.txt,OUTPUT_SKIN5_90_5.txt,14,1.160444945,1.060320176,1.060130906,1.060442518,1.060504137,1.061028561
2961,INPUT_SKIN1_90_5.txt,OUTPUT_SKIN6_90_5.txt,14,0.179060898,0.131109849,0.13111229,0.131121785,0.131135206,0.131137379
2962,INPUT_SKIN1_90_5.txt,OUTPUT_SKIN7_90_5.txt,14,0.074420592,0.073504191,0.073504681,0.073509576,0.07351601,0.07351942
2963,INPUT_SKIN1_90_5.txt,OUTPUT_SKIN8_90_5.txt,14,0.363978667,0.379285355,0.379292386,0.379319994,0.379358936,0.379365218
2964,INPUT_SKIN1_90_5.txt,OUTPUT_SKIN9_90_5.txt,14,0.114033212,0.397764631,0.397746242,0.397775216,0.397850884,0.397849485
2965,INPUT_SKIN10_90_5.txt,OUTPUT_BM1_90_5.txt,14,0.65691893,0.723652574,0.723693612,0.723907315,0.723514914,0.723732738
2966,INPUT_SKIN10_90_5.txt,OUTPUT_BM2_90_5.txt,14,0.466457033,0.469789752,0.469595009,0.469905156,0.469815335,0.469900969
2967,INPUT_SKIN10_90_5.txt,OUTPUT_GUT_90_5.txt,14,0.501286565,0.512018946,0.512092281,0.512018402,0.511916339,0.51218314
2968,INPUT_SKIN10_90_5.txt,OUTPUT_L_90_5.txt,14,NA,NA,NA,NA,NA,NA
2969,INPUT_SKIN10_90_5.txt,OUTPUT_LN1_90_5.txt,14,NA,NA,NA,NA,NA,NA
2970,INPUT_SKIN10_90_5.txt,OUTPUT_LN2_90_5.txt,14,0.120455809,0.122563065,0.122581295,0.122587456,0.122529173,0.122633238
2971,INPUT_SKIN10_90_5.txt,OUTPUT_LUNG_90_5.txt,14,0.191063932,0.156964747,0.156949502,0.15698703,0.156930861,0.157062895
2972,INPUT_SKIN10_90_5.txt,OUTPUT_S_90_5.txt,14,0.757618867,0.821832529,0.821802937,0.821861127,0.8218656,0.822105279
2973,INPUT_SKIN10_90_5.txt,OUTPUT_SKIN1_90_5.txt,14,0.227417998,0.222155613,0.222146998,0.222147077,0.22204815,0.222143034
2974,INPUT_SKIN10_90_5.txt,OUTPUT_SKIN10_90_5.txt,14,-550576,-414031.5,-414032,-413972.5,-414072,-413882
2975,INPUT_SKIN10_90_5.txt,OUTPUT_SKIN11_90_5.txt,14,0.039787247,0.044457821,0.04445295,0.044457737,0.044444977,0.044469735
2976,INPUT_SKIN10_90_5.txt,OUTPUT_SKIN12_90_5.txt,14,0.305232933,0.249963098,0.249892937,0.250130866,0.250050191,0.250101637
2977,INPUT_SKIN10_90_5.txt,OUTPUT_SKIN2_90_5.txt,14,0.097630174,0.092218028,0.092218149,0.092233167,0.092206318,0.092253706
2978,INPUT_SKIN10_90_5.txt,OUTPUT_SKIN3_90_5.txt,14,0.146804968,0.129390006,0.129390481,0.12940785,0.129375432,0.129438082
2979,INPUT_SKIN10_90_5.txt,OUTPUT_SKIN4_90_5.txt,14,0.104906907,0.102927045,0.102927677,0.102937158,0.103066819,0.103114243
2980,INPUT_SKIN10_90_5.txt,OUTPUT_SKIN5_90_5.txt,14,0.499382382,0.575196559,0.575104505,0.575314915,0.575151994,0.575690304
2981,INPUT_SKIN10_90_5.txt,OUTPUT_SKIN6_90_5.txt,14,0.272341325,0.246732956,0.246732668,0.246768167,0.246708805,0.246822473
2982,INPUT_SKIN10_90_5.txt,OUTPUT_SKIN7_90_5.txt,14,0.057238463,0.056271408,0.056270414,0.056278168,0.056263804,0.056291585
2983,INPUT_SKIN10_90_5.txt,OUTPUT_SKIN8_90_5.txt,14,0.270514579,0.235593031,0.235592747,0.235626694,0.235569931,0.235678379
2984,INPUT_SKIN10_90_5.txt,OUTPUT_SKIN9_90_5.txt,14,0.583009419,0.549702883,0.549666281,0.549745969,0.549661039,0.549903136
2985,INPUT_SKIN11_90_5.txt,OUTPUT_BM1_90_5.txt,14,0.040410084,0.03870298,0.038705262,0.03870666,0.038706316,0.038703729
2986,INPUT_SKIN11_90_5.txt,OUTPUT_BM2_90_5.txt,14,0.045509253,0.042893657,0.042896143,0.042896777,0.042897722,0.042895745
2987,INPUT_SKIN11_90_5.txt,OUTPUT_GUT_90_5.txt,14,0.097696669,0.083518131,0.083518644,0.083528375,0.083529034,0.08352334
2988,INPUT_SKIN11_90_5.txt,OUTPUT_L_90_5.txt,14,NA,NA,NA,NA,NA,NA
2989,INPUT_SKIN11_90_5.txt,OUTPUT_LN1_90_5.txt,14,NA,NA,NA,NA,NA,NA
2990,INPUT_SKIN11_90_5.txt,OUTPUT_LN2_90_5.txt,14,0.086231017,0.081126806,0.081130273,0.081131674,0.081135332,0.081129035
2991,INPUT_SKIN11_90_5.txt,OUTPUT_LUNG_90_5.txt,14,0.150524881,0.136327952,0.136318529,0.136334521,0.136308459,0.136347116
2992,INPUT_SKIN11_90_5.txt,OUTPUT_S_90_5.txt,14,0.052721492,0.046348143,0.046351146,0.04635292,0.046350825,0.046350743
2993,INPUT_SKIN11_90_5.txt,OUTPUT_SKIN1_90_5.txt,14,0.324207326,0.253661106,0.253668364,0.253636627,0.253585473,0.253570612
2994,INPUT_SKIN11_90_5.txt,OUTPUT_SKIN10_90_5.txt,14,0.126054823,0.127909068,0.127920105,0.127884747,0.127949605,0.127923886
2995,INPUT_SKIN11_90_5.txt,OUTPUT_SKIN11_90_5.txt,14,-626242.5,-470187,-470161,-470152.5,-470142,-470164.5
2996,INPUT_SKIN11_90_5.txt,OUTPUT_SKIN12_90_5.txt,14,0.291986526,0.323188328,0.32313977,0.323378359,0.323364373,0.323267124
2997,INPUT_SKIN11_90_5.txt,OUTPUT_SKIN2_90_5.txt,14,0.053795223,0.053551504,0.053554679,0.053556247,0.053554739,0.05355542
2998,INPUT_SKIN11_90_5.txt,OUTPUT_SKIN3_90_5.txt,14,0.181153929,0.175075551,0.175084733,0.175088957,0.175093928,0.175082901
2999,INPUT_SKIN11_90_5.txt,OUTPUT_SKIN4_90_5.txt,14,0.095439264,0.084954785,0.084959323,0.084957383,0.085060071,0.085056021
3000,INPUT_SKIN11_90_5.txt,OUTPUT_SKIN5_90_5.txt,14,0.572791734,0.63006902,0.630031393,0.63015702,0.630162198,0.630390125
3001,INPUT_SKIN11_90_5.txt,OUTPUT_SKIN6_90_5.txt,14,0.270366872,0.274298124,0.274313303,0.274318265,0.274324391,0.27431126
3002,INPUT_SKIN11_90_5.txt,OUTPUT_SKIN7_90_5.txt,14,0.081931661,0.080135482,0.080139102,0.080140102,0.080140866,0.080136775
3003,INPUT_SKIN11_90_5.txt,OUTPUT_SKIN8_90_5.txt,14,0.175746756,0.202211331,0.202222543,0.202226208,0.202230733,0.202221033
3004,INPUT_SKIN11_90_5.txt,OUTPUT_SKIN9_90_5.txt,14,0.107180068,0.317061533,0.317108784,0.317114543,0.317081758,0.317075639
3005,INPUT_SKIN12_90_5.txt,OUTPUT_BM1_90_5.txt,14,0.406565743,0.400794547,0.400847182,0.400833414,0.400647602,0.400595592
3006,INPUT_SKIN12_90_5.txt,OUTPUT_BM2_90_5.txt,14,0.422681335,0.419715751,0.41951319,0.419667287,0.419703932,0.419611455
3007,INPUT_SKIN12_90_5.txt,OUTPUT_GUT_90_5.txt,14,2.826993464,2.844614018,2.844464793,2.843705779,2.843765381,2.844272765
3008,INPUT_SKIN12_90_5.txt,OUTPUT_L_90_5.txt,14,NA,NA,NA,NA,NA,NA
3009,INPUT_SKIN12_90_5.txt,OUTPUT_LN1_90_5.txt,14,NA,NA,NA,NA,NA,NA
3010,INPUT_SKIN12_90_5.txt,OUTPUT_LN2_90_5.txt,14,0.135703559,0.154407968,0.154452625,0.15437669,0.154346412,0.154427118
3011,INPUT_SKIN12_90_5.txt,OUTPUT_LUNG_90_5.txt,14,0.246288664,0.396506192,0.396521898,0.396400878,0.396371118,0.396574922
3012,INPUT_SKIN12_90_5.txt,OUTPUT_S_90_5.txt,14,0.728311885,0.842529598,0.842404531,0.842196815,0.842537713,0.842413734
3013,INPUT_SKIN12_90_5.txt,OUTPUT_SKIN1_90_5.txt,14,0.39029276,0.401301841,0.401344,0.401121731,0.401056963,0.401100566
3014,INPUT_SKIN12_90_5.txt,OUTPUT_SKIN10_90_5.txt,14,0.071005023,0.081474827,0.081486932,0.081430138,0.081472962,0.081408912
3015,INPUT_SKIN12_90_5.txt,OUTPUT_SKIN11_90_5.txt,14,0.028690354,0.019299437,0.019300122,0.019291473,0.019291527,0.019295845
3016,INPUT_SKIN12_90_5.txt,OUTPUT_SKIN12_90_5.txt,14,-743327.5,-558233.5,-558152,-558382,-558355.5,-558284
3017,INPUT_SKIN12_90_5.txt,OUTPUT_SKIN2_90_5.txt,14,0.052609244,0.060428056,0.06043706,0.060412885,0.06041263,0.060424028
3018,INPUT_SKIN12_90_5.txt,OUTPUT_SKIN3_90_5.txt,14,0.198268198,0.196117968,0.196149963,0.196061567,0.196061945,0.196107453
3019,INPUT_SKIN12_90_5.txt,OUTPUT_SKIN4_90_5.txt,14,0.115837064,0.115846182,0.115866604,0.115809458,0.116092468,0.11610736
3020,INPUT_SKIN12_90_5.txt,OUTPUT_SKIN5_90_5.txt,14,0.7507551,0.940435365,0.94054188,0.940341903,0.940349887,0.941206624
3021,INPUT_SKIN12_90_5.txt,OUTPUT_SKIN6_90_5.txt,14,0.220339538,0.223663604,0.223695566,0.22360415,0.223614641,0.223643338
3022,INPUT_SKIN12_90_5.txt,OUTPUT_SKIN7_90_5.txt,14,0.044141725,0.039643263,0.039648436,0.039632006,0.039633148,0.039638794
3023,INPUT_SKIN12_90_5.txt,OUTPUT_SKIN8_90_5.txt,14,0.274298135,0.313302523,0.313348128,0.313218888,0.313233756,0.313274046
3024,INPUT_SKIN12_90_5.txt,OUTPUT_SKIN9_90_5.txt,14,0.196488559,0.749282778,0.749341261,0.749032724,0.749130538,0.749212338
3025,INPUT_SKIN2_90_5.txt,OUTPUT_BM1_90_5.txt,14,1.189698288,1.141965768,1.14206635,1.142318541,1.141827139,1.141517491
3026,INPUT_SKIN2_90_5.txt,OUTPUT_BM2_90_5.txt,14,1.181097148,1.147751718,1.147192209,1.147881274,1.147978499,1.147568285
3027,INPUT_SKIN2_90_5.txt,OUTPUT_GUT_90_5.txt,14,0.769624879,0.796800325,0.796933138,0.796660497,0.796720019,0.796750887
3028,INPUT_SKIN2_90_5.txt,OUTPUT_L_90_5.txt,14,NA,NA,NA,NA,NA,NA
3029,INPUT_SKIN2_90_5.txt,OUTPUT_LN1_90_5.txt,14,NA,NA,NA,NA,NA,NA
3030,INPUT_SKIN2_90_5.txt,OUTPUT_LN2_90_5.txt,14,0.141775769,0.154927363,0.154951136,0.154935214,0.154901601,0.154959107
3031,INPUT_SKIN2_90_5.txt,OUTPUT_LUNG_90_5.txt,14,0.146031738,0.158707674,0.158692467,0.158706471,0.158692422,0.158747996
3032,INPUT_SKIN2_90_5.txt,OUTPUT_S_90_5.txt,14,1.487794586,1.610946553,1.610856065,1.610657286,1.611329032,1.610849199
3033,INPUT_SKIN2_90_5.txt,OUTPUT_SKIN1_90_5.txt,14,0.214877854,0.220707186,0.220698724,0.220665374,0.220625886,0.220611882
3034,INPUT_SKIN2_90_5.txt,OUTPUT_SKIN10_90_5.txt,14,0.191160593,0.215114804,0.21511506,0.215052467,0.215160291,0.214958343
3035,INPUT_SKIN2_90_5.txt,OUTPUT_SKIN11_90_5.txt,14,0.059593386,0.061174532,0.061167649,0.061165037,0.061163834,0.061167869
3036,INPUT_SKIN2_90_5.txt,OUTPUT_SKIN12_90_5.txt,14,0.406089352,0.463141259,0.463006402,0.463378229,0.463346204,0.463216405
3037,INPUT_SKIN2_90_5.txt,OUTPUT_SKIN2_90_5.txt,14,-528291.5,-395898.5,-395899,-395901.5,-395891.5,-395903.5
3038,INPUT_SKIN2_90_5.txt,OUTPUT_SKIN3_90_5.txt,14,0.212835749,0.184039401,0.184038619,0.184038557,0.184044312,0.184035973
3039,INPUT_SKIN2_90_5.txt,OUTPUT_SKIN4_90_5.txt,14,0.154631811,0.135334104,0.135336415,0.135326551,0.135596816,0.135592716
3040,INPUT_SKIN2_90_5.txt,OUTPUT_SKIN5_90_5.txt,14,1.03806414,1.03155129,1.031518888,1.031715019,1.031713304,1.032211678
3041,INPUT_SKIN2_90_5.txt,OUTPUT_SKIN6_90_5.txt,14,0.205609209,0.161957385,0.161957185,0.16195616,0.161960246,0.161955342
3042,INPUT_SKIN2_90_5.txt,OUTPUT_SKIN7_90_5.txt,14,0.068236439,0.064402466,0.064401065,0.064400274,0.064400941,0.06440146
3043,INPUT_SKIN2_90_5.txt,OUTPUT_SKIN8_90_5.txt,14,0.333094962,0.303461783,0.303461411,0.303459491,0.303467146,0.303457956
3044,INPUT_SKIN2_90_5.txt,OUTPUT_SKIN9_90_5.txt,14,0.979832847,0.902746622,0.902688642,0.902682923,0.902782191,0.902737475
3045,INPUT_SKIN3_90_5.txt,OUTPUT_BM1_90_5.txt,14,3.733335057,3.803839561,3.803906571,3.804080596,3.803713615,3.803546295
3046,INPUT_SKIN3_90_5.txt,OUTPUT_BM2_90_5.txt,14,2.8444346,2.963868685,2.963231728,2.964023161,2.964092319,2.963683638
3047,INPUT_SKIN3_90_5.txt,OUTPUT_GUT_90_5.txt,14,0.28500409,0.26901711,0.269064034,0.26897019,0.26898306,0.26900424
3048,INPUT_SKIN3_90_5.txt,OUTPUT_L_90_5.txt,14,NA,NA,NA,NA,NA,NA
3049,INPUT_SKIN3_90_5.txt,OUTPUT_LN1_90_5.txt,14,NA,NA,NA,NA,NA,NA
3050,INPUT_SKIN3_90_5.txt,OUTPUT_LN2_90_5.txt,14,0.364959465,0.471181355,0.471251832,0.471206744,0.471096157,0.471280829
3051,INPUT_SKIN3_90_5.txt,OUTPUT_LUNG_90_5.txt,14,0.094597442,0.232791467,0.232769194,0.232791058,0.23276244,0.232854808
3052,INPUT_SKIN3_90_5.txt,OUTPUT_S_90_5.txt,14,4.421782679,4.444276249,4.444275431,4.444246041,4.444286186,4.444283109
3053,INPUT_SKIN3_90_5.txt,OUTPUT_SKIN1_90_5.txt,14,0.464570759,0.437748566,0.437732877,0.437668767,0.437578285,0.437567168
3054,INPUT_SKIN3_90_5.txt,OUTPUT_SKIN10_90_5.txt,14,0.29859342,0.287612272,0.287613401,0.287530378,0.287666902,0.287406869
3055,INPUT_SKIN3_90_5.txt,OUTPUT_SKIN11_90_5.txt,14,0.193141641,0.239532902,0.239504857,0.239494668,0.23948169,0.239509116
3056,INPUT_SKIN3_90_5.txt,OUTPUT_SKIN12_90_5.txt,14,0.490064102,0.452744577,0.452611451,0.452984706,0.452939756,0.452826834
3057,INPUT_SKIN3_90_5.txt,OUTPUT_SKIN2_90_5.txt,14,0.150468337,0.157042005,0.157042646,0.157044998,0.157036451,0.157046514
3058,INPUT_SKIN3_90_5.txt,OUTPUT_SKIN3_90_5.txt,14,-444159.5,-332953.5,-332953,-332954,-332955,-332952.5
3059,INPUT_SKIN3_90_5.txt,OUTPUT_SKIN4_90_5.txt,14,0.08433278,0.086305313,0.086305599,0.086301302,0.08642066,0.08642131
3060,INPUT_SKIN3_90_5.txt,OUTPUT_SKIN5_90_5.txt,14,1.1380266,1.19489205,1.194688265,1.194951463,1.194889082,1.195559468
3061,INPUT_SKIN3_90_5.txt,OUTPUT_SKIN6_90_5.txt,14,1.50649469,1.441578604,1.441580818,1.441576391,1.441571964,1.441583031
3062,INPUT_SKIN3_90_5.txt,OUTPUT_SKIN7_90_5.txt,14,0.211350264,0.2391334,0.239124267,0.239122118,0.239117831,0.239133348
3063,INPUT_SKIN3_90_5.txt,OUTPUT_SKIN8_90_5.txt,14,0.326850843,0.398248773,0.398249375,0.398248171,0.398246967,0.398249977
3064,INPUT_SKIN3_90_5.txt,OUTPUT_SKIN9_90_5.txt,14,0.176073163,0.226022347,0.226007994,0.226007313,0.226026411,0.226023594
3065,INPUT_SKIN4_90_5.txt,OUTPUT_BM1_90_5.txt,14,0.444867015,0.537450318,0.537513522,0.537635259,0.537507545,0.537374043
3066,INPUT_SKIN4_90_5.txt,OUTPUT_BM2_90_5.txt,14,0.419107015,0.456265611,0.456042955,0.456331132,0.456465878,0.456308687
3067,INPUT_SKIN4_90_5.txt,OUTPUT_GUT_90_5.txt,14,14.37487658,13.24296557,13.24126856,13.24531153,13.2482327,13.24737986
3068,INPUT_SKIN4_90_5.txt,OUTPUT_L_90_5.txt,14,NA,NA,NA,NA,NA,NA
3069,INPUT_SKIN4_90_5.txt,OUTPUT_LN1_90_5.txt,14,NA,NA,NA,NA,NA,NA
3070,INPUT_SKIN4_90_5.txt,OUTPUT_LN2_90_5.txt,14,0.164506909,0.142204444,0.142230567,0.142215824,0.142214757,0.142270703
3071,INPUT_SKIN4_90_5.txt,OUTPUT_LUNG_90_5.txt,14,0.074573497,0.084200594,0.084194451,0.08420204,0.084211599,0.084244805
3072,INPUT_SKIN4_90_5.txt,OUTPUT_S_90_5.txt,14,0.75622454,1.301214184,1.301181985,1.301037288,1.301793141,1.301483936
3073,INPUT_SKIN4_90_5.txt,OUTPUT_SKIN1_90_5.txt,14,0.151289599,0.134993083,0.134991379,0.134970897,0.13497473,0.134971219
3074,INPUT_SKIN4_90_5.txt,OUTPUT_SKIN10_90_5.txt,14,0.071807537,0.071934711,0.071936713,0.071915723,0.071966775,0.071901308
3075,INPUT_SKIN4_90_5.txt,OUTPUT_SKIN11_90_5.txt,14,0.053333983,0.03930917,0.039305891,0.039304149,0.039311429,0.039315312
3076,INPUT_SKIN4_90_5.txt,OUTPUT_SKIN12_90_5.txt,14,0.241094285,0.198138492,0.198085706,0.198246404,0.198273871,0.198223283
3077,INPUT_SKIN4_90_5.txt,OUTPUT_SKIN2_90_5.txt,14,0.038154903,0.03482479,0.034825798,0.034826028,0.03483237,0.034834367
3078,INPUT_SKIN4_90_5.txt,OUTPUT_SKIN3_90_5.txt,14,0.139081201,0.136909329,0.136914071,0.136910157,0.136939157,0.136946401
3079,INPUT_SKIN4_90_5.txt,OUTPUT_SKIN4_90_5.txt,14,-502550.5,-376398.5,-376389,-376392,-376304.5,-376304.5
3080,INPUT_SKIN4_90_5.txt,OUTPUT_SKIN5_90_5.txt,14,0.656175732,0.607897338,0.607840353,0.607940857,0.608076431,0.608282336
3081,INPUT_SKIN4_90_5.txt,OUTPUT_SKIN6_90_5.txt,14,0.911210113,0.883815236,0.883837942,0.88383076,0.884039388,0.884039555
3082,INPUT_SKIN4_90_5.txt,OUTPUT_SKIN7_90_5.txt,14,0.062461939,0.055631083,0.055630822,0.05563009,0.055642109,0.055642459
3083,INPUT_SKIN4_90_5.txt,OUTPUT_SKIN8_90_5.txt,14,0.19977099,0.169321612,0.169325897,0.169324542,0.169364025,0.169364027
3084,INPUT_SKIN4_90_5.txt,OUTPUT_SKIN9_90_5.txt,14,0.264448153,0.222239597,0.222231121,0.222229402,0.222300082,0.222295761
3085,INPUT_SKIN5_90_5.txt,OUTPUT_BM1_90_5.txt,14,0.454806166,0.413037921,0.413101942,0.413147365,0.412975525,0.412807182
3086,INPUT_SKIN5_90_5.txt,OUTPUT_BM2_90_5.txt,14,0.588091349,0.532046297,0.531854861,0.532084479,0.532120841,0.531871131
3087,INPUT_SKIN5_90_5.txt,OUTPUT_GUT_90_5.txt,14,5.966537519,5.882781095,5.88256795,5.883455482,5.883341321,5.88175524
3088,INPUT_SKIN5_90_5.txt,OUTPUT_L_90_5.txt,14,NA,NA,NA,NA,NA,NA
3089,INPUT_SKIN5_90_5.txt,OUTPUT_LN1_90_5.txt,14,NA,NA,NA,NA,NA,NA
3090,INPUT_SKIN5_90_5.txt,OUTPUT_LN2_90_5.txt,14,2.380245391,2.370305824,2.370625676,2.370264537,2.370083746,2.370017715
3091,INPUT_SKIN5_90_5.txt,OUTPUT_LUNG_90_5.txt,14,0.308156007,0.290316841,0.290309371,0.2903065,0.290275999,0.290334484
3092,INPUT_SKIN5_90_5.txt,OUTPUT_S_90_5.txt,14,2.107671214,2.089400053,2.089554053,2.089332319,2.089354264,2.088979004
3093,INPUT_SKIN5_90_5.txt,OUTPUT_SKIN1_90_5.txt,14,0.814627753,0.806243863,0.806271683,0.806071029,0.805919657,0.805746867
3094,INPUT_SKIN5_90_5.txt,OUTPUT_SKIN10_90_5.txt,14,0.172565132,0.226090041,0.226106409,0.226017687,0.226129927,0.225882576
3095,INPUT_SKIN5_90_5.txt,OUTPUT_SKIN11_90_5.txt,14,0.077245992,0.068632016,0.068629205,0.068619503,0.068617499,0.068611836
3096,INPUT_SKIN5_90_5.txt,OUTPUT_SKIN12_90_5.txt,14,0.675715673,0.792229546,0.792055254,0.792623097,0.792560514,0.792216154
3097,INPUT_SKIN5_90_5.txt,OUTPUT_SKIN2_90_5.txt,14,0.086011637,0.103827883,0.103835437,0.103825858,0.103822223,0.103809955
3098,INPUT_SKIN5_90_5.txt,OUTPUT_SKIN3_90_5.txt,14,0.551161178,0.645535019,0.645579478,0.645514781,0.645528407,0.645403102
3099,INPUT_SKIN5_90_5.txt,OUTPUT_SKIN4_90_5.txt,14,0.348465754,0.267021281,0.267030508,0.267005898,0.266909026,0.266857919
3100,INPUT_SKIN5_90_5.txt,OUTPUT_SKIN5_90_5.txt,14,-514974.5,-386662,-386635,-386675.5,-386669.5,-386738.5
3101,INPUT_SKIN5_90_5.txt,OUTPUT_SKIN6_90_5.txt,14,0.237537227,0.181545306,0.181558105,0.181538996,0.18154188,0.181509372
3102,INPUT_SKIN5_90_5.txt,OUTPUT_SKIN7_90_5.txt,14,6.754073759,6.584276354,6.584613999,6.583890787,6.583891578,6.58286977
3103,INPUT_SKIN5_90_5.txt,OUTPUT_SKIN8_90_5.txt,14,0.608351336,0.518623116,0.518660429,0.518605545,0.518613828,0.518519945
3104,INPUT_SKIN5_90_5.txt,OUTPUT_SKIN9_90_5.txt,14,1.485900415,1.640957368,1.640980807,1.640802724,1.640971824,1.640628409
3105,INPUT_SKIN6_90_5.txt,OUTPUT_BM1_90_5.txt,14,0.342509176,0.417930951,0.417974324,0.418083975,0.417863672,0.417747538
3106,INPUT_SKIN6_90_5.txt,OUTPUT_BM2_90_5.txt,14,0.367023305,0.418996262,0.418761045,0.419054581,0.419083248,0.418925097
3107,INPUT_SKIN6_90_5.txt,OUTPUT_GUT_90_5.txt,14,0.385174975,0.323076091,0.323136348,0.323015839,0.323033559,0.323058369
3108,INPUT_SKIN6_90_5.txt,OUTPUT_L_90_5.txt,14,NA,NA,NA,NA,NA,NA
3109,INPUT_SKIN6_90_5.txt,OUTPUT_LN1_90_5.txt,14,NA,NA,NA,NA,NA,NA
3110,INPUT_SKIN6_90_5.txt,OUTPUT_LN2_90_5.txt,14,0.282809921,0.234051053,0.234090138,0.234066594,0.234007495,0.234104137
3111,INPUT_SKIN6_90_5.txt,OUTPUT_LUNG_90_5.txt,14,0.140590275,0.118442396,0.118430279,0.118442394,0.118427693,0.118476425
3112,INPUT_SKIN6_90_5.txt,OUTPUT_S_90_5.txt,14,1.77494184,1.792148899,1.792036467,1.791796817,1.792598648,1.792051261
3113,INPUT_SKIN6_90_5.txt,OUTPUT_SKIN1_90_5.txt,14,0.228126891,0.19463048,0.194625218,0.194594987,0.194546783,0.1945447
3114,INPUT_SKIN6_90_5.txt,OUTPUT_SKIN10_90_5.txt,14,0.097598556,0.095644798,0.09564807,0.095611918,0.095671573,0.095638391
3115,INPUT_SKIN6_90_5.txt,OUTPUT_SKIN11_90_5.txt,14,0.060481664,0.046948559,0.046943487,0.046941789,0.046939571,0.046944186
3116,INPUT_SKIN6_90_5.txt,OUTPUT_SKIN12_90_5.txt,14,0.42572441,0.395246421,0.395117534,0.395478698,0.395437304,0.395324412
3117,INPUT_SKIN6_90_5.txt,OUTPUT_SKIN2_90_5.txt,14,0.088216909,0.071947788,0.071948137,0.071949447,0.071945533,0.071949745
3118,INPUT_SKIN6_90_5.txt,OUTPUT_SKIN3_90_5.txt,14,0.148616014,0.130938766,0.130939344,0.130938187,0.13093703,0.130939923
3119,INPUT_SKIN6_90_5.txt,OUTPUT_SKIN4_90_5.txt,14,0.118479035,0.103090452,0.103090995,0.103085589,0.103245422,0.103245425
3120,INPUT_SKIN6_90_5.txt,OUTPUT_SKIN5_90_5.txt,14,0.59025427,0.573135981,0.573043191,0.573167257,0.573151185,0.573443594
3121,INPUT_SKIN6_90_5.txt,OUTPUT_SKIN6_90_5.txt,14,-506110,-380335.5,-380335.5,-380335.5,-380335.5,-380335.5
3122,INPUT_SKIN6_90_5.txt,OUTPUT_SKIN7_90_5.txt,14,0.050472639,0.041274827,0.041274074,0.041273828,0.041273212,0.041274106
3123,INPUT_SKIN6_90_5.txt,OUTPUT_SKIN8_90_5.txt,14,0.201900588,0.255860035,0.255860035,0.255860035,0.255860035,0.255860035
3124,INPUT_SKIN6_90_5.txt,OUTPUT_SKIN9_90_5.txt,14,0.074037051,0.163732034,0.163732034,0.163732034,0.163732034,0.163732034
3125,INPUT_SKIN7_90_5.txt,OUTPUT_BM1_90_5.txt,14,0.460018064,0.552608181,0.552651814,0.552778904,0.55251559,0.552392056
3126,INPUT_SKIN7_90_5.txt,OUTPUT_BM2_90_5.txt,14,0.554300494,0.638064183,0.637748672,0.638131493,0.638159122,0.637967365
3127,INPUT_SKIN7_90_5.txt,OUTPUT_GUT_90_5.txt,14,0.280611133,0.312536974,0.312590889,0.312484995,0.31250152,0.312521281
3128,INPUT_SKIN7_90_5.txt,OUTPUT_L_90_5.txt,14,NA,NA,NA,NA,NA,NA
3129,INPUT_SKIN7_90_5.txt,OUTPUT_LN1_90_5.txt,14,NA,NA,NA,NA,NA,NA
3130,INPUT_SKIN7_90_5.txt,OUTPUT_LN2_90_5.txt,14,0.149772671,0.131754341,0.131775193,0.131762923,0.131732038,0.131782918
3131,INPUT_SKIN7_90_5.txt,OUTPUT_LUNG_90_5.txt,14,0.2737544,0.260534535,0.260511001,0.260536512,0.260508389,0.260604248
3132,INPUT_SKIN7_90_5.txt,OUTPUT_S_90_5.txt,14,1.49855629,1.42566002,1.425538533,1.425394267,1.425777285,1.425580516
3133,INPUT_SKIN7_90_5.txt,OUTPUT_SKIN1_90_5.txt,14,0.18665829,0.170043373,0.170039239,0.170015663,0.169979894,0.169973466
3134,INPUT_SKIN7_90_5.txt,OUTPUT_SKIN10_90_5.txt,14,0.100633398,0.088313579,0.088316165,0.088290326,0.088333956,0.088300889
3135,INPUT_SKIN7_90_5.txt,OUTPUT_SKIN11_90_5.txt,14,0.05990746,0.050813543,0.050808364,0.050806686,0.050804687,0.050808892
3136,INPUT_SKIN7_90_5.txt,OUTPUT_SKIN12_90_5.txt,14,0.377608177,0.395841063,0.395727152,0.396053971,0.396019028,0.395911565
3137,INPUT_SKIN7_90_5.txt,OUTPUT_SKIN2_90_5.txt,14,0.078990781,0.087435337,0.087436077,0.08743795,0.087434192,0.087437672
3138,INPUT_SKIN7_90_5.txt,OUTPUT_SKIN3_90_5.txt,14,0.156843938,0.192318461,0.192322097,0.192317678,0.192314122,0.192323737
3139,INPUT_SKIN7_90_5.txt,OUTPUT_SKIN4_90_5.txt,14,0.071198773,0.080237013,0.080238779,0.0802339,0.080386045,0.080384847
3140,INPUT_SKIN7_90_5.txt,OUTPUT_SKIN5_90_5.txt,14,0.437610416,0.457773666,0.457706781,0.457805265,0.457793293,0.457962463
3141,INPUT_SKIN7_90_5.txt,OUTPUT_SKIN6_90_5.txt,14,0.22130396,0.228433753,0.228434999,0.228435653,0.228437258,0.228434062
3142,INPUT_SKIN7_90_5.txt,OUTPUT_SKIN7_90_5.txt,14,-447603,-335370,-335368,-335367,-335364.5,-335369.5
3143,INPUT_SKIN7_90_5.txt,OUTPUT_SKIN8_90_5.txt,14,0.181427239,0.254139472,0.254140964,0.254141709,0.254143592,0.25413985
3144,INPUT_SKIN7_90_5.txt,OUTPUT_SKIN9_90_5.txt,14,0.119653426,0.135151509,0.135153013,0.135153413,0.135153484,0.135151686
3145,INPUT_SKIN8_90_5.txt,OUTPUT_BM1_90_5.txt,14,0.577453747,0.701653476,0.701719607,0.701887382,0.701550631,0.701372928
3146,INPUT_SKIN8_90_5.txt,OUTPUT_BM2_90_5.txt,14,0.44284143,0.461667996,0.461422545,0.46172885,0.461758763,0.461593737
3147,INPUT_SKIN8_90_5.txt,OUTPUT_GUT_90_5.txt,14,0.587340749,0.54246956,0.54256196,0.542377166,0.54240434,0.542442385
3148,INPUT_SKIN8_90_5.txt,OUTPUT_L_90_5.txt,14,NA,NA,NA,NA,NA,NA
3149,INPUT_SKIN8_90_5.txt,OUTPUT_LN1_90_5.txt,14,NA,NA,NA,NA,NA,NA
3150,INPUT_SKIN8_90_5.txt,OUTPUT_LN2_90_5.txt,14,0.563872593,0.433805987,0.43388325,0.433841735,0.433737786,0.433899353
3151,INPUT_SKIN8_90_5.txt,OUTPUT_LUNG_90_5.txt,14,0.104409022,0.137998945,0.137985701,0.13799893,0.13798264,0.138035822
3152,INPUT_SKIN8_90_5.txt,OUTPUT_S_90_5.txt,14,0.908560254,2.115007357,2.114907717,2.114695321,2.115405902,2.114920827
3153,INPUT_SKIN8_90_5.txt,OUTPUT_SKIN1_90_5.txt,14,0.407535234,0.350724333,0.350711222,0.350660676,0.350588971,0.350587131
3154,INPUT_SKIN8_90_5.txt,OUTPUT_SKIN10_90_5.txt,14,0.076343379,0.079471445,0.079471638,0.079449271,0.07948698,0.079414607
3155,INPUT_SKIN8_90_5.txt,OUTPUT_SKIN11_90_5.txt,14,0.095399569,0.09137879,0.091369304,0.091365982,0.091361201,0.091370672
3156,INPUT_SKIN8_90_5.txt,OUTPUT_SKIN12_90_5.txt,14,0.681512325,0.676486038,0.676313148,0.676840763,0.676805343,0.676634673
3157,INPUT_SKIN8_90_5.txt,OUTPUT_SKIN2_90_5.txt,14,0.114459588,0.100559291,0.100560191,0.100562009,0.100556929,0.100561831
3158,INPUT_SKIN8_90_5.txt,OUTPUT_SKIN3_90_5.txt,14,0.18297373,0.199790692,0.199792242,0.199789141,0.199786041,0.199793792
3159,INPUT_SKIN8_90_5.txt,OUTPUT_SKIN4_90_5.txt,14,0.225661871,0.207100726,0.207091009,0.207093794,0.206992747,0.206992976
3160,INPUT_SKIN8_90_5.txt,OUTPUT_SKIN5_90_5.txt,14,0.717549122,0.937814646,0.93774564,0.937874413,0.937873965,0.938489252
3161,INPUT_SKIN8_90_5.txt,OUTPUT_SKIN6_90_5.txt,14,0.713015936,0.643237944,0.643237944,0.643237944,0.643237944,0.643237944
3162,INPUT_SKIN8_90_5.txt,OUTPUT_SKIN7_90_5.txt,14,0.077046132,0.064531254,0.064530483,0.064530098,0.064529136,0.064527411
3163,INPUT_SKIN8_90_5.txt,OUTPUT_SKIN8_90_5.txt,14,-527929,-395544,-395544,-395544,-395544,-395544
3164,INPUT_SKIN8_90_5.txt,OUTPUT_SKIN9_90_5.txt,14,0.23850779,0.255432407,0.255416137,0.255416137,0.255438039,0.255433033
3165,INPUT_SKIN9_90_5.txt,OUTPUT_BM1_90_5.txt,14,0.92304355,0.94791003,0.948017378,0.94821366,0.947779375,0.947580848
3166,INPUT_SKIN9_90_5.txt,OUTPUT_BM2_90_5.txt,14,0.983533415,0.965383967,0.964987772,0.965520912,0.965531186,0.965253531
3167,INPUT_SKIN9_90_5.txt,OUTPUT_GUT_90_5.txt,14,0.464393729,0.546243878,0.546351437,0.546171441,0.546174276,0.546216733
3168,INPUT_SKIN9_90_5.txt,OUTPUT_L_90_5.txt,14,NA,NA,NA,NA,NA,NA
3169,INPUT_SKIN9_90_5.txt,OUTPUT_LN1_90_5.txt,14,NA,NA,NA,NA,NA,NA
3170,INPUT_SKIN9_90_5.txt,OUTPUT_LN2_90_5.txt,14,0.418852387,0.349296476,0.349362289,0.349329648,0.349232923,0.349369366
3171,INPUT_SKIN9_90_5.txt,OUTPUT_LUNG_90_5.txt,14,0.120099353,0.143406128,0.143397077,0.143410692,0.143387699,0.143443808
3172,INPUT_SKIN9_90_5.txt,OUTPUT_S_90_5.txt,14,1.633761369,1.310198749,1.310178206,1.310044536,1.310434968,1.310142672
3173,INPUT_SKIN9_90_5.txt,OUTPUT_SKIN1_90_5.txt,14,0.321077908,0.302462157,0.302460565,0.302417019,0.302342234,0.302337808
3174,INPUT_SKIN9_90_5.txt,OUTPUT_SKIN10_90_5.txt,14,0.14096978,0.162334832,0.162340395,0.162294547,0.1623647,0.16221818
3175,INPUT_SKIN9_90_5.txt,OUTPUT_SKIN11_90_5.txt,14,0.032727116,0.024437533,0.024435613,0.02443473,0.024432587,0.024435165
3176,INPUT_SKIN9_90_5.txt,OUTPUT_SKIN12_90_5.txt,14,0.454414203,0.557123277,0.556979199,0.557433989,0.557357147,0.557221647
3177,INPUT_SKIN9_90_5.txt,OUTPUT_SKIN2_90_5.txt,14,0.10238298,0.105697748,0.105701654,0.105702734,0.105692839,0.105700288
3178,INPUT_SKIN9_90_5.txt,OUTPUT_SKIN3_90_5.txt,14,0.239451445,0.235367938,0.235377081,0.235373879,0.235360523,0.23537085
3179,INPUT_SKIN9_90_5.txt,OUTPUT_SKIN4_90_5.txt,14,0.204897141,0.219277919,0.219273906,0.219277378,0.219166835,0.219168997
3180,INPUT_SKIN9_90_5.txt,OUTPUT_SKIN5_90_5.txt,14,0.660210294,0.743669449,0.743596064,0.743735195,0.743686275,0.743997063
3181,INPUT_SKIN9_90_5.txt,OUTPUT_SKIN6_90_5.txt,14,0.344686029,0.317557809,0.317568011,0.317568011,0.317554278,0.317557417
3182,INPUT_SKIN9_90_5.txt,OUTPUT_SKIN7_90_5.txt,14,0.07250265,0.07270612,0.072707072,0.072706638,0.072702422,0.072704159
3183,INPUT_SKIN9_90_5.txt,OUTPUT_SKIN8_90_5.txt,14,0.346843593,0.30718342,0.307193269,0.307193269,0.30718001,0.307183041
3184,INPUT_SKIN9_90_5.txt,OUTPUT_SKIN9_90_5.txt,14,-542866,-406734.5,-406721.5,-406721.5,-406739,-406735
3185,INPUT_BM1_90_5.txt,OUTPUT_BM1_90_5.txt,15,-1113171.5,-835095,-835027,-834945.5,-834824,-834867
3186,INPUT_BM1_90_5.txt,OUTPUT_BM2_90_5.txt,15,34.71085564,22.65791988,22.64683516,22.66006576,22.65068466,22.65704992
3187,INPUT_BM1_90_5.txt,OUTPUT_GUT_90_5.txt,15,43.5560875,25.26395538,25.27414592,25.28937463,25.2918988,25.27070092
3188,INPUT_BM1_90_5.txt,OUTPUT_L_90_5.txt,15,606.1866249,556.1815042,556.2205646,556.4046318,556.3941536,556.5574311
3189,INPUT_BM1_90_5.txt,OUTPUT_LN1_90_5.txt,15,51.77007721,46.28575177,46.27187669,46.2959938,46.31370583,46.29066823
3190,INPUT_BM1_90_5.txt,OUTPUT_LN2_90_5.txt,15,13.53043862,12.71852969,12.72125821,12.72053978,12.72306182,12.73307045
3191,INPUT_BM1_90_5.txt,OUTPUT_LUNG_90_5.txt,15,191.5246157,138.486128,138.487146,138.5832373,138.5373927,138.5440004
3192,INPUT_BM1_90_5.txt,OUTPUT_S_90_5.txt,15,610.4360877,567.5460265,567.6143851,567.4207074,567.4779713,567.5289071
3193,INPUT_BM1_90_5.txt,OUTPUT_SKIN1_90_5.txt,15,0.098296108,0.091855656,0.09185926,0.09186938,0.091878461,0.091880417
3194,INPUT_BM1_90_5.txt,OUTPUT_SKIN2_90_5.txt,15,0.210383431,0.183120506,0.183120833,0.183155905,0.183162735,0.183153499
3195,INPUT_BM1_90_5.txt,OUTPUT_SKIN3_90_5.txt,15,0.106237873,0.087116427,0.087121573,0.087133535,0.087144505,0.087128757
3196,INPUT_BM1_90_5.txt,OUTPUT_SKIN4_90_5.txt,15,0.161945248,0.148912887,0.148926806,0.148939823,0.148957535,0.148950156
3197,INPUT_BM1_90_5.txt,OUTPUT_SKIN5_90_5.txt,15,0.109906293,0.10993918,0.109941339,0.109952074,0.109967606,0.109978219
3198,INPUT_BM1_90_5.txt,OUTPUT_SKIN6_90_5.txt,15,0.082665038,0.086120623,0.086105348,0.08615085,0.086116569,0.086150574
3199,INPUT_BM2_90_5.txt,OUTPUT_BM1_90_5.txt,15,2.207296683,1.502177522,1.502980181,1.501729487,1.502331581,1.50221485
3200,INPUT_BM2_90_5.txt,OUTPUT_BM2_90_5.txt,15,-1186787,-890478.5,-890226.5,-890439.5,-890192,-890339
3201,INPUT_BM2_90_5.txt,OUTPUT_GUT_90_5.txt,15,2.696656079,2.906507111,2.90819611,2.908859323,2.909513862,2.906885913
3202,INPUT_BM2_90_5.txt,OUTPUT_L_90_5.txt,15,3.769214347,2.390053421,2.390458082,2.390384436,2.3904225,2.390732054
3203,INPUT_BM2_90_5.txt,OUTPUT_LN1_90_5.txt,15,4.523512215,4.923474341,4.92293282,4.923896462,4.926365631,4.923367816
3204,INPUT_BM2_90_5.txt,OUTPUT_LN2_90_5.txt,15,0.279088649,0.340603516,0.340743937,0.34060455,0.340715368,0.34092378
3205,INPUT_BM2_90_5.txt,OUTPUT_LUNG_90_5.txt,15,3.628651044,2.387097812,2.387695781,2.388272457,2.387979605,2.387665597
3206,INPUT_BM2_90_5.txt,OUTPUT_S_90_5.txt,15,3.856556254,1.851354906,1.851158205,1.849761622,1.850635837,1.851579339
3207,INPUT_BM2_90_5.txt,OUTPUT_SKIN1_90_5.txt,15,0.056138822,0.054993491,0.055006265,0.054993989,0.05500638,0.055001798
3208,INPUT_BM2_90_5.txt,OUTPUT_SKIN2_90_5.txt,15,0.115334068,0.123529859,0.123555503,0.123537821,0.123558885,0.123537399
3209,INPUT_BM2_90_5.txt,OUTPUT_SKIN3_90_5.txt,15,0.096677277,0.084509193,0.084516707,0.084501578,0.0845247,0.084497838
3210,INPUT_BM2_90_5.txt,OUTPUT_SKIN4_90_5.txt,15,0.117227492,0.109183087,0.109215242,0.109186902,0.109214118,0.109196244
3211,INPUT_BM2_90_5.txt,OUTPUT_SKIN5_90_5.txt,15,0.074679493,0.070765894,0.070782587,0.070765196,0.070782775,0.070785437
3212,INPUT_BM2_90_5.txt,OUTPUT_SKIN6_90_5.txt,15,0.023185944,0.02713239,0.027145139,0.027150793,0.027143054,0.02713884
3213,INPUT_GUT_90_5.txt,OUTPUT_BM1_90_5.txt,15,1.283155656,1.162986409,1.16404226,1.162187754,1.163294686,1.163782346
3214,INPUT_GUT_90_5.txt,OUTPUT_BM2_90_5.txt,15,4.904603039,5.210255196,5.206606725,5.20788863,5.205172012,5.20871454
3215,INPUT_GUT_90_5.txt,OUTPUT_GUT_90_5.txt,15,-532042.5,-398692,-398750.5,-398843.5,-398832.5,-398686.5
3216,INPUT_GUT_90_5.txt,OUTPUT_L_90_5.txt,15,0.737784456,0.749301835,0.749107434,0.749089246,0.748913915,0.749407357
3217,INPUT_GUT_90_5.txt,OUTPUT_LN1_90_5.txt,15,0.740118736,0.818427281,0.817985385,0.818153263,0.818361354,0.818292244
3218,INPUT_GUT_90_5.txt,OUTPUT_LN2_90_5.txt,15,0.213741873,0.176557327,0.176554013,0.176482923,0.176495983,0.176698024
3219,INPUT_GUT_90_5.txt,OUTPUT_LUNG_90_5.txt,15,0.732165883,0.689858547,0.689747681,0.689905542,0.689653287,0.689932362
3220,INPUT_GUT_90_5.txt,OUTPUT_S_90_5.txt,15,0.929622533,0.914785603,0.914299223,0.913615588,0.913820387,0.914766885
3221,INPUT_GUT_90_5.txt,OUTPUT_SKIN1_90_5.txt,15,0.051722494,0.056963866,0.056954993,0.056940851,0.05696736,0.05696452
3222,INPUT_GUT_90_5.txt,OUTPUT_SKIN2_90_5.txt,15,0.058397721,0.057404285,0.057390073,0.057383024,0.057377085,0.057399187
3223,INPUT_GUT_90_5.txt,OUTPUT_SKIN3_90_5.txt,15,0.073890786,0.070878117,0.070882274,0.07086647,0.070865333,0.070884161
3224,INPUT_GUT_90_5.txt,OUTPUT_SKIN4_90_5.txt,15,0.057499219,0.067104487,0.067095752,0.067080447,0.067081132,0.067105114
3225,INPUT_GUT_90_5.txt,OUTPUT_SKIN5_90_5.txt,15,0.039033317,0.04122975,0.041223381,0.041212226,0.041212871,0.04123683
3226,INPUT_GUT_90_5.txt,OUTPUT_SKIN6_90_5.txt,15,0.054550672,0.045283431,0.045413759,0.045429618,0.045398692,0.045288126
3227,INPUT_L_90_5.txt,OUTPUT_BM1_90_5.txt,15,29.28184773,38.38200286,38.37946813,38.36690685,38.36230466,38.36073121
3228,INPUT_L_90_5.txt,OUTPUT_BM2_90_5.txt,15,228.6416417,228.277283,228.1615333,228.2555912,228.1499792,228.1922043
3229,INPUT_L_90_5.txt,OUTPUT_GUT_90_5.txt,15,94.59449943,64.56198796,64.59641359,64.62196196,64.61978967,64.55491798
3230,INPUT_L_90_5.txt,OUTPUT_L_90_5.txt,15,-1267365,-950538,-950484,-950583,-950458.5,-950598.5
3231,INPUT_L_90_5.txt,OUTPUT_LN1_90_5.txt,15,42.95226349,43.88643886,43.87204925,43.8862624,43.90137019,43.87619858
3232,INPUT_L_90_5.txt,OUTPUT_LN2_90_5.txt,15,12.12386795,8.287461624,8.289088611,8.286678908,8.288265596,8.293690016
3233,INPUT_L_90_5.txt,OUTPUT_LUNG_90_5.txt,15,1893.225709,1767.883603,1768.036965,1768.621086,1768.145714,1767.978333
3234,INPUT_L_90_5.txt,OUTPUT_S_90_5.txt,15,1027.423613,1032.170268,1032.530856,1033.718556,1032.890145,1032.486266
3235,INPUT_L_90_5.txt,OUTPUT_SKIN1_90_5.txt,15,0.050289354,0.048434913,0.04843572,0.048430729,0.048461382,0.048431294
3236,INPUT_L_90_5.txt,OUTPUT_SKIN2_90_5.txt,15,0.138554673,0.111183239,0.11118101,0.11117633,0.111179105,0.111169215
3237,INPUT_L_90_5.txt,OUTPUT_SKIN3_90_5.txt,15,0.0772163,0.078925509,0.078948374,0.078941348,0.078947262,0.078928419
3238,INPUT_L_90_5.txt,OUTPUT_SKIN4_90_5.txt,15,0.106174267,0.082590658,0.08259677,0.082588819,0.082598194,0.082585238
3239,INPUT_L_90_5.txt,OUTPUT_SKIN5_90_5.txt,15,0.072110743,0.057925312,0.057926839,0.057918391,0.05792717,0.057929262
3240,INPUT_L_90_5.txt,OUTPUT_SKIN6_90_5.txt,15,0.049718831,0.036739973,0.03673279,0.036744781,0.036729501,0.036740695
3241,INPUT_LN1_90_5.txt,OUTPUT_BM1_90_5.txt,15,45.77139828,44.66178465,44.72610265,44.64725346,44.69208383,44.7042249
3242,INPUT_LN1_90_5.txt,OUTPUT_BM2_90_5.txt,15,90.70728273,89.18889245,89.15503854,89.17870331,89.11611097,89.16826116
3243,INPUT_LN1_90_5.txt,OUTPUT_GUT_90_5.txt,15,23.95533943,23.34244529,23.35472784,23.3606264,23.35635848,23.34405456
3244,INPUT_LN1_90_5.txt,OUTPUT_L_90_5.txt,15,59.70284222,56.01218487,56.01714043,56.01612744,55.99456916,56.02481418
3245,INPUT_LN1_90_5.txt,OUTPUT_LN1_90_5.txt,15,-471971,-354292,-354222.5,-354299.5,-354339.5,-354260.5
3246,INPUT_LN1_90_5.txt,OUTPUT_LN2_90_5.txt,15,1.311287567,1.291791808,1.292215683,1.291710869,1.291623202,1.292926445
3247,INPUT_LN1_90_5.txt,OUTPUT_LUNG_90_5.txt,15,73.87681912,69.30405324,69.32683003,69.3337056,69.30703634,69.3177178
3248,INPUT_LN1_90_5.txt,OUTPUT_S_90_5.txt,15,36.39522912,34.34408566,34.33745935,34.31403871,34.31701318,34.34567554
3249,INPUT_LN1_90_5.txt,OUTPUT_SKIN1_90_5.txt,15,0.170498978,0.204602117,0.204635868,0.204590645,0.20466817,0.204618549
3250,INPUT_LN1_90_5.txt,OUTPUT_SKIN2_90_5.txt,15,0.571975149,0.560110916,0.560179598,0.560101362,0.559984893,0.560117579
3251,INPUT_LN1_90_5.txt,OUTPUT_SKIN3_90_5.txt,15,0.283057058,0.552858941,0.553093201,0.552978221,0.552882484,0.552968199
3252,INPUT_LN1_90_5.txt,OUTPUT_SKIN4_90_5.txt,15,0.450145187,0.457754608,0.457853921,0.457753989,0.457695811,0.457793356
3253,INPUT_LN1_90_5.txt,OUTPUT_SKIN5_90_5.txt,15,0.220075306,0.249795462,0.249849637,0.249781276,0.249746322,0.249861069
3254,INPUT_LN1_90_5.txt,OUTPUT_SKIN6_90_5.txt,15,0.15081542,0.182289547,0.182340617,0.182380404,0.182259233,0.182320807
3255,INPUT_LN2_90_5.txt,OUTPUT_BM1_90_5.txt,15,20.77297622,21.49681778,21.49272324,21.49060304,21.48475982,21.48124988
3256,INPUT_LN2_90_5.txt,OUTPUT_BM2_90_5.txt,15,9.442730756,9.644078646,9.638449401,9.643457497,9.6382562,9.638032708
3257,INPUT_LN2_90_5.txt,OUTPUT_GUT_90_5.txt,15,1.259504354,1.289032299,1.289326947,1.290032315,1.289932119,1.288500101
3258,INPUT_LN2_90_5.txt,OUTPUT_L_90_5.txt,15,79.99884376,78.3237631,78.30873563,78.31507646,78.31761434,78.33336159
3259,INPUT_LN2_90_5.txt,OUTPUT_LN1_90_5.txt,15,21.98921352,16.19221766,16.1858533,16.19306613,16.19601229,16.18500866
3260,INPUT_LN2_90_5.txt,OUTPUT_LN2_90_5.txt,15,-490286.5,-367369,-367392.5,-367361.5,-367370,-367512.5
3261,INPUT_LN2_90_5.txt,OUTPUT_LUNG_90_5.txt,15,55.23699771,54.54045272,54.54737856,54.56511017,54.53973462,54.55032886
3262,INPUT_LN2_90_5.txt,OUTPUT_S_90_5.txt,15,98.50029427,83.8099393,83.80671943,83.79176115,83.7968908,83.83376479
3263,INPUT_LN2_90_5.txt,OUTPUT_SKIN1_90_5.txt,15,0.176305086,0.336004615,0.335981159,0.336004357,0.336157571,0.335871333
3264,INPUT_LN2_90_5.txt,OUTPUT_SKIN2_90_5.txt,15,0.627820287,0.609722737,0.609633242,0.60974573,0.609666641,0.609424952
3265,INPUT_LN2_90_5.txt,OUTPUT_SKIN3_90_5.txt,15,0.671985948,0.620728526,0.620836718,0.62089111,0.620848812,0.62055532
3266,INPUT_LN2_90_5.txt,OUTPUT_SKIN4_90_5.txt,15,0.794461583,1.464946494,1.46487866,1.465010772,1.464969617,1.464356297
3267,INPUT_LN2_90_5.txt,OUTPUT_SKIN5_90_5.txt,15,0.724687773,1.122482466,1.122456466,1.122518566,1.122473232,1.122171013
3268,INPUT_LN2_90_5.txt,OUTPUT_SKIN6_90_5.txt,15,0.126511548,0.094117341,0.094087378,0.094135847,0.094082189,0.094088403
3269,INPUT_LUNG_90_5.txt,OUTPUT_BM1_90_5.txt,15,351.2020173,351.4224135,351.4273601,351.2826307,351.2852851,351.3223467
3270,INPUT_LUNG_90_5.txt,OUTPUT_BM2_90_5.txt,15,294.7183798,290.2641126,290.091442,290.1480581,290.0691166,290.1357943
3271,INPUT_LUNG_90_5.txt,OUTPUT_GUT_90_5.txt,15,78.11050408,79.27238655,79.29403512,79.30830631,79.33658422,79.25635696
3272,INPUT_LUNG_90_5.txt,OUTPUT_L_90_5.txt,15,1522.248253,2034.768682,2034.786574,2034.571465,2034.568709,2034.97186
3273,INPUT_LUNG_90_5.txt,OUTPUT_LN1_90_5.txt,15,7.90709548,10.04934068,10.04588935,10.04747939,10.05209031,10.04716384
3274,INPUT_LUNG_90_5.txt,OUTPUT_LN2_90_5.txt,15,18.95122636,17.82038953,17.8235787,17.81480785,17.82035823,17.83477281
3275,INPUT_LUNG_90_5.txt,OUTPUT_LUNG_90_5.txt,15,-1065544.5,-799370.5,-799333.5,-799554.5,-799365.5,-799403
3276,INPUT_LUNG_90_5.txt,OUTPUT_S_90_5.txt,15,110.6644914,140.1106496,140.0778048,140.0102083,140.0436359,140.1062681
3277,INPUT_LUNG_90_5.txt,OUTPUT_SKIN1_90_5.txt,15,0.056130761,0.063508039,0.063510604,0.063492021,0.063536196,0.063505301
3278,INPUT_LUNG_90_5.txt,OUTPUT_SKIN2_90_5.txt,15,0.237748899,0.212248924,0.212238752,0.212199136,0.212222859,0.212222372
3279,INPUT_LUNG_90_5.txt,OUTPUT_SKIN3_90_5.txt,15,0.120455926,0.132697631,0.132732637,0.132696902,0.132722575,0.132703514
3280,INPUT_LUNG_90_5.txt,OUTPUT_SKIN4_90_5.txt,15,0.233484241,0.226282119,0.226296412,0.226234988,0.226284857,0.226272455
3281,INPUT_LUNG_90_5.txt,OUTPUT_SKIN5_90_5.txt,15,0.143087571,0.147966974,0.147971391,0.147924575,0.147960565,0.147980975
3282,INPUT_LUNG_90_5.txt,OUTPUT_SKIN6_90_5.txt,15,0.037580737,0.047746998,0.047737044,0.047744495,0.047729577,0.047749031
3283,INPUT_S_90_5.txt,OUTPUT_BM1_90_5.txt,15,146.6469973,123.0866221,123.1877074,123.1173498,123.1453779,123.096679
3284,INPUT_S_90_5.txt,OUTPUT_BM2_90_5.txt,15,78.45833043,70.95100273,70.92203218,70.98762222,70.93108673,70.92620688
3285,INPUT_S_90_5.txt,OUTPUT_GUT_90_5.txt,15,11.47784067,13.13773645,13.14470864,13.15507646,13.15284391,13.13760293
3286,INPUT_S_90_5.txt,OUTPUT_L_90_5.txt,15,598.5274233,519.9168346,520.1614068,520.9158224,520.4031611,520.1102329
3287,INPUT_S_90_5.txt,OUTPUT_LN1_90_5.txt,15,40.9973893,28.28724823,28.28162417,28.30281128,28.30645644,28.28246762
3288,INPUT_S_90_5.txt,OUTPUT_LN2_90_5.txt,15,10.18601132,9.989659802,9.993340314,9.994541333,9.993887945,9.998418424
3289,INPUT_S_90_5.txt,OUTPUT_LUNG_90_5.txt,15,300.1324867,255.6847072,255.8108899,256.1622192,255.9337097,255.7448548
3290,INPUT_S_90_5.txt,OUTPUT_S_90_5.txt,15,-1361843.5,-1022096,-1021897.5,-1021632,-1021733,-1022078.5
3291,INPUT_S_90_5.txt,OUTPUT_SKIN1_90_5.txt,15,0.034689169,0.03473285,0.034736821,0.034746598,0.034762343,0.034732712
3292,INPUT_S_90_5.txt,OUTPUT_SKIN2_90_5.txt,15,0.085089446,0.079587339,0.079598196,0.079625669,0.079611311,0.079581526
3293,INPUT_S_90_5.txt,OUTPUT_SKIN3_90_5.txt,15,0.088677642,0.08113744,0.081172735,0.081196143,0.081181809,0.081148429
3294,INPUT_S_90_5.txt,OUTPUT_SKIN4_90_5.txt,15,0.071159314,0.06509359,0.065107378,0.065125365,0.065117261,0.06509505
3295,INPUT_S_90_5.txt,OUTPUT_SKIN5_90_5.txt,15,0.05442558,0.047157837,0.047164567,0.047175563,0.047172367,0.047163984
3296,INPUT_S_90_5.txt,OUTPUT_SKIN6_90_5.txt,15,0.048260097,0.033847122,0.033845476,0.033868876,0.033846991,0.033850524
3297,INPUT_SKIN1_90_5.txt,OUTPUT_BM1_90_5.txt,15,1.654466716,1.602785511,1.603652682,1.602355449,1.602650663,1.60312641
3298,INPUT_SKIN1_90_5.txt,OUTPUT_BM2_90_5.txt,15,1.453657536,1.555888388,1.555134029,1.555787931,1.554662648,1.555470592
3299,INPUT_SKIN1_90_5.txt,OUTPUT_GUT_90_5.txt,15,0.294104234,0.371506428,0.371613141,0.371784502,0.371674831,0.371496922
3300,INPUT_SKIN1_90_5.txt,OUTPUT_L_90_5.txt,15,2.758083857,2.738339642,2.738065895,2.738520864,2.737345568,2.738605773
3301,INPUT_SKIN1_90_5.txt,OUTPUT_LN1_90_5.txt,15,9.253677474,9.13863108,9.138102541,9.138798196,9.136702885,9.138392519
3302,INPUT_SKIN1_90_5.txt,OUTPUT_LN2_90_5.txt,15,0.262606122,0.300627099,0.30066551,0.300618288,0.300559373,0.300857669
3303,INPUT_SKIN1_90_5.txt,OUTPUT_LUNG_90_5.txt,15,2.693657915,2.696268815,2.696423895,2.697243139,2.695881256,2.696497215
3304,INPUT_SKIN1_90_5.txt,OUTPUT_S_90_5.txt,15,6.087176238,6.003621783,6.002686323,6.001466099,6.00042299,6.003545624
3305,INPUT_SKIN1_90_5.txt,OUTPUT_SKIN1_90_5.txt,15,-563731,-422234,-422233,-422229.5,-422331,-422233.5
3306,INPUT_SKIN1_90_5.txt,OUTPUT_SKIN2_90_5.txt,15,1.258129007,1.423149496,1.423002227,1.423193301,1.422660811,1.422985514
3307,INPUT_SKIN1_90_5.txt,OUTPUT_SKIN3_90_5.txt,15,0.493922568,0.597496408,0.597647434,0.597655929,0.597482738,0.597563073
3308,INPUT_SKIN1_90_5.txt,OUTPUT_SKIN4_90_5.txt,15,7.223285912,5.233985994,5.234082458,5.2345808,5.232889262,5.23439466
3309,INPUT_SKIN1_90_5.txt,OUTPUT_SKIN5_90_5.txt,15,1.00902343,1.279402346,1.279256478,1.279214353,1.27900789,1.279484193
3310,INPUT_SKIN1_90_5.txt,OUTPUT_SKIN6_90_5.txt,15,0.116409628,0.141414718,0.141949269,0.142035061,0.141898848,0.14142736
3311,INPUT_SKIN2_90_5.txt,OUTPUT_BM1_90_5.txt,15,6.003359366,6.678560174,6.678287931,6.677728618,6.677350155,6.677689191
3312,INPUT_SKIN2_90_5.txt,OUTPUT_BM2_90_5.txt,15,0.825172852,1.055962815,1.055480287,1.055869166,1.055412271,1.055729482
3313,INPUT_SKIN2_90_5.txt,OUTPUT_GUT_90_5.txt,15,0.078125828,0.102199364,0.102234452,0.102275283,0.102276468,0.102202555
3314,INPUT_SKIN2_90_5.txt,OUTPUT_L_90_5.txt,15,5.294060485,5.873721565,5.872776229,5.873002366,5.87361384,5.874422765
3315,INPUT_SKIN2_90_5.txt,OUTPUT_LN1_90_5.txt,15,9.768076513,9.808886141,9.809164671,9.808776953,9.809342685,9.809599478
3316,INPUT_SKIN2_90_5.txt,OUTPUT_LN2_90_5.txt,15,10.08066119,10.22509967,10.22580566,10.22489001,10.22567132,10.22759938
3317,INPUT_SKIN2_90_5.txt,OUTPUT_LUNG_90_5.txt,15,4.103309142,4.720455732,4.721214963,4.722374276,4.72064749,4.72177749
3318,INPUT_SKIN2_90_5.txt,OUTPUT_S_90_5.txt,15,9.117016743,8.836710023,8.836820427,8.836325954,8.836887083,8.837328029
3319,INPUT_SKIN2_90_5.txt,OUTPUT_SKIN1_90_5.txt,15,0.520872291,0.5090792,0.509103486,0.509063041,0.50934325,0.509107746
3320,INPUT_SKIN2_90_5.txt,OUTPUT_SKIN2_90_5.txt,15,-593454,-445131,-445107.5,-445135.5,-445106,-445105
3321,INPUT_SKIN2_90_5.txt,OUTPUT_SKIN3_90_5.txt,15,0.409411261,0.334310897,0.334412881,0.33439393,0.334399376,0.334367315
3322,INPUT_SKIN2_90_5.txt,OUTPUT_SKIN4_90_5.txt,15,1.984773486,2.208121765,2.208278118,2.208148722,2.208263583,2.208236401
3323,INPUT_SKIN2_90_5.txt,OUTPUT_SKIN5_90_5.txt,15,0.793234869,0.895398678,0.895421943,0.895311237,0.895386702,0.895577761
3324,INPUT_SKIN2_90_5.txt,OUTPUT_SKIN6_90_5.txt,15,0.293594703,0.360353373,0.36028339,0.360410793,0.36024404,0.360403767
3325,INPUT_SKIN3_90_5.txt,OUTPUT_BM1_90_5.txt,15,1.618020867,1.684479966,1.68407214,1.68387553,1.683583748,1.68377831
3326,INPUT_SKIN3_90_5.txt,OUTPUT_BM2_90_5.txt,15,0.384200165,1.882400155,1.881514825,1.882055488,1.88146693,1.881938292
3327,INPUT_SKIN3_90_5.txt,OUTPUT_GUT_90_5.txt,15,0.040562085,3.800292134,3.80007971,3.800502876,3.800546267,3.800058323
3328,INPUT_SKIN3_90_5.txt,OUTPUT_L_90_5.txt,15,2.843208774,4.002309193,4.001717966,4.001844633,4.001777559,4.002173636
3329,INPUT_SKIN3_90_5.txt,OUTPUT_LN1_90_5.txt,15,5.151054625,5.10521967,5.104749149,5.104527675,5.104556034,5.105023506
3330,INPUT_SKIN3_90_5.txt,OUTPUT_LN2_90_5.txt,15,0.818442175,0.623372929,0.623366374,0.623269799,0.623311306,0.62377617
3331,INPUT_SKIN3_90_5.txt,OUTPUT_LUNG_90_5.txt,15,2.50875514,3.905594805,3.904999034,3.90540838,3.905144019,3.905427813
3332,INPUT_SKIN3_90_5.txt,OUTPUT_S_90_5.txt,15,4.513008358,4.554198011,4.553681641,4.553740826,4.553827749,4.553956994
3333,INPUT_SKIN3_90_5.txt,OUTPUT_SKIN1_90_5.txt,15,0.122120656,0.142086473,0.142068059,0.142065215,0.142137614,0.142078394
3334,INPUT_SKIN3_90_5.txt,OUTPUT_SKIN2_90_5.txt,15,0.177494518,0.147219903,0.147185942,0.147204013,0.147188122,0.147194627
3335,INPUT_SKIN3_90_5.txt,OUTPUT_SKIN3_90_5.txt,15,-1232754,-925010.5,-925126,-925129,-925106,-925061
3336,INPUT_SKIN3_90_5.txt,OUTPUT_SKIN4_90_5.txt,15,1.137872622,1.150700174,1.15057788,1.150623303,1.150590828,1.150674316
3337,INPUT_SKIN3_90_5.txt,OUTPUT_SKIN5_90_5.txt,15,0.231764908,0.272012165,0.271983583,0.27196838,0.271963705,0.272050162
3338,INPUT_SKIN3_90_5.txt,OUTPUT_SKIN6_90_5.txt,15,0.110883609,0.143285859,0.143232475,0.143291752,0.143219398,0.143289662
3339,INPUT_SKIN4_90_5.txt,OUTPUT_BM1_90_5.txt,15,1.153719074,1.178241385,1.178999924,1.178263808,1.178704298,1.178605173
3340,INPUT_SKIN4_90_5.txt,OUTPUT_BM2_90_5.txt,15,1.26450077,1.318345603,1.318428151,1.318488803,1.318253868,1.318234053
3341,INPUT_SKIN4_90_5.txt,OUTPUT_GUT_90_5.txt,15,0.216486863,0.257312728,0.257386536,0.257487194,0.257475372,0.257307438
3342,INPUT_SKIN4_90_5.txt,OUTPUT_L_90_5.txt,15,1.250374995,1.206777325,1.206955355,1.206948482,1.206827057,1.206835104
3343,INPUT_SKIN4_90_5.txt,OUTPUT_LN1_90_5.txt,15,1.786599391,1.617882797,1.618264878,1.618162486,1.61815532,1.617857863
3344,INPUT_SKIN4_90_5.txt,OUTPUT_LN2_90_5.txt,15,0.164220171,0.185459853,0.185483893,0.18545322,0.185461985,0.185594011
3345,INPUT_SKIN4_90_5.txt,OUTPUT_LUNG_90_5.txt,15,1.14447253,1.142293035,1.142528195,1.142624623,1.142440083,1.142347985
3346,INPUT_SKIN4_90_5.txt,OUTPUT_S_90_5.txt,15,1.617540084,1.516396107,1.516770774,1.51650663,1.516495021,1.516395647
3347,INPUT_SKIN4_90_5.txt,OUTPUT_SKIN1_90_5.txt,15,0.403059912,0.48267564,0.482670447,0.482660738,0.482899827,0.482676207
3348,INPUT_SKIN4_90_5.txt,OUTPUT_SKIN2_90_5.txt,15,0.867724367,0.892314669,0.892215527,0.892325911,0.892211531,0.892211557
3349,INPUT_SKIN4_90_5.txt,OUTPUT_SKIN3_90_5.txt,15,0.552593529,0.875970441,0.876185483,0.876188793,0.876150725,0.876070709
3350,INPUT_SKIN4_90_5.txt,OUTPUT_SKIN4_90_5.txt,15,-561307,-421622.5,-421626,-421627,-421624,-421621
3351,INPUT_SKIN4_90_5.txt,OUTPUT_SKIN5_90_5.txt,15,0.330256778,0.652271868,0.652286776,0.652247889,0.652223267,0.652405982
3352,INPUT_SKIN4_90_5.txt,OUTPUT_SKIN6_90_5.txt,15,0.028079291,0.028583755,0.028596911,0.028609751,0.028593724,0.028586226
3353,INPUT_SKIN5_90_5.txt,OUTPUT_BM1_90_5.txt,15,1.841541753,1.782913752,1.783359988,1.782571962,1.782901022,1.782764343
3354,INPUT_SKIN5_90_5.txt,OUTPUT_BM2_90_5.txt,15,1.895002665,4.518208604,4.518256175,4.518277559,4.518371461,4.517913594
3355,INPUT_SKIN5_90_5.txt,OUTPUT_GUT_90_5.txt,15,2.104872219,1.991029319,1.991435264,1.992026753,1.992028517,1.990853308
3356,INPUT_SKIN5_90_5.txt,OUTPUT_L_90_5.txt,15,0.883972254,1.052634075,1.052548134,1.052737013,1.052546389,1.05265684
3357,INPUT_SKIN5_90_5.txt,OUTPUT_LN1_90_5.txt,15,1.145902181,1.254296015,1.253945053,1.25436399,1.254612327,1.254034626
3358,INPUT_SKIN5_90_5.txt,OUTPUT_LN2_90_5.txt,15,0.373713616,0.348386257,0.348426813,0.348380638,0.348401285,0.348612402
3359,INPUT_SKIN5_90_5.txt,OUTPUT_LUNG_90_5.txt,15,0.917390434,1.099091858,1.099041075,1.099507611,1.099155023,1.099074147
3360,INPUT_SKIN5_90_5.txt,OUTPUT_S_90_5.txt,15,1.257808307,1.301616757,1.301274065,1.300797171,1.301024259,1.301489589
3361,INPUT_SKIN5_90_5.txt,OUTPUT_SKIN1_90_5.txt,15,0.22867384,0.155791807,0.155789826,0.155791953,0.15586932,0.155777068
3362,INPUT_SKIN5_90_5.txt,OUTPUT_SKIN2_90_5.txt,15,0.592632268,0.642049182,0.641976839,0.642076954,0.641999875,0.641915175
3363,INPUT_SKIN5_90_5.txt,OUTPUT_SKIN3_90_5.txt,15,0.388258658,0.363615212,0.363704581,0.363717992,0.363704241,0.363622016
3364,INPUT_SKIN5_90_5.txt,OUTPUT_SKIN4_90_5.txt,15,6.968466037,6.128085732,6.128159696,6.128355486,6.128336083,6.127491887
3365,INPUT_SKIN5_90_5.txt,OUTPUT_SKIN5_90_5.txt,15,-745000.5,-558608.5,-558613,-558596,-558589,-558660
3366,INPUT_SKIN5_90_5.txt,OUTPUT_SKIN6_90_5.txt,15,0.144613282,0.14168923,0.141876634,0.141947934,0.141866694,0.141687718
3367,INPUT_SKIN6_90_5.txt,OUTPUT_BM1_90_5.txt,15,1.740281186,1.860746989,1.860668714,1.859957281,1.859867117,1.859664095
3368,INPUT_SKIN6_90_5.txt,OUTPUT_BM2_90_5.txt,15,1.83453876,3.406674582,3.4052375,3.406196207,3.40514931,3.405533805
3369,INPUT_SKIN6_90_5.txt,OUTPUT_GUT_90_5.txt,15,0.501600837,0.540468976,0.540708765,0.540871383,0.540980597,0.540431076
3370,INPUT_SKIN6_90_5.txt,OUTPUT_L_90_5.txt,15,1.512534831,1.87846382,1.878463611,1.878498092,1.878474992,1.878633302
3371,INPUT_SKIN6_90_5.txt,OUTPUT_LN1_90_5.txt,15,1.949357092,2.020323524,2.019780063,2.020272894,2.02121206,2.019890725
3372,INPUT_SKIN6_90_5.txt,OUTPUT_LN2_90_5.txt,15,0.669269921,0.315313468,0.315394148,0.315273778,0.31537277,0.315551307
3373,INPUT_SKIN6_90_5.txt,OUTPUT_LUNG_90_5.txt,15,1.367496864,1.723638459,1.723705073,1.72433518,1.723917045,1.723731855
3374,INPUT_SKIN6_90_5.txt,OUTPUT_S_90_5.txt,15,2.342630355,2.342832137,2.34222354,2.340609765,2.341602991,2.342669304
3375,INPUT_SKIN6_90_5.txt,OUTPUT_SKIN1_90_5.txt,15,0.212541322,0.23715411,0.237177202,0.237125458,0.237314611,0.237142327
3376,INPUT_SKIN6_90_5.txt,OUTPUT_SKIN2_90_5.txt,15,0.469647406,0.417811029,0.417823045,0.417779935,0.417842865,0.417749619
3377,INPUT_SKIN6_90_5.txt,OUTPUT_SKIN3_90_5.txt,15,0.461823806,0.583913663,0.584140003,0.584021862,0.584146472,0.583959666
3378,INPUT_SKIN6_90_5.txt,OUTPUT_SKIN4_90_5.txt,15,0.609755873,0.682076509,0.682175154,0.682033963,0.682208817,0.682046955
3379,INPUT_SKIN6_90_5.txt,OUTPUT_SKIN5_90_5.txt,15,0.347501733,0.35689585,0.356942919,0.356846536,0.356937647,0.356942785
3380,INPUT_SKIN6_90_5.txt,OUTPUT_SKIN6_90_5.txt,15,-535903,-401439.5,-401389,-401474,-401366,-401456
3381,INPUT_BM1_90_5.txt,OUTPUT_BM1_90_5.txt,16,-1040855.5,-782793.5,-783095.5,-782905.5,-782709.5,-782858.5
3382,INPUT_BM1_90_5.txt,OUTPUT_BM2_90_5.txt,16,8.119236203,8.056405082,8.052749263,8.05505295,8.057074603,8.055475715
3383,INPUT_BM1_90_5.txt,OUTPUT_GUT_90_5.txt,16,NA,NA,NA,NA,NA,NA
3384,INPUT_BM1_90_5.txt,OUTPUT_L_90_5.txt,16,48.70133766,48.22290906,48.1989565,48.23227014,48.22435602,48.2028499
3385,INPUT_BM1_90_5.txt,OUTPUT_LN1_90_5.txt,16,42.34418457,41.80735692,41.79548955,41.80242812,41.81695233,41.80520575
3386,INPUT_BM1_90_5.txt,OUTPUT_LN2_90_5.txt,16,29.7588485,29.54249892,29.52187603,29.51993543,29.54710355,29.53294332
3387,INPUT_BM1_90_5.txt,OUTPUT_LUNG_90_5.txt,16,66.78096945,66.12551475,66.10861479,66.11370988,66.14023654,66.11437615
3388,INPUT_BM1_90_5.txt,OUTPUT_S_90_5.txt,16,NA,NA,NA,NA,NA,NA
3389,INPUT_BM1_90_5.txt,OUTPUT_SKIN1_90_5.txt,16,91.48552572,89.75578276,89.7969201,89.78496399,89.7767709,89.76842519
3390,INPUT_BM1_90_5.txt,OUTPUT_SKIN2_90_5.txt,16,79.99757835,79.65320264,79.63731126,79.64065888,79.67541725,79.64636528
3391,INPUT_BM1_90_5.txt,OUTPUT_SKIN3_90_5.txt,16,221.792824,220.4454155,220.0596878,220.2915229,220.372401,220.1576577
3392,INPUT_BM1_90_5.txt,OUTPUT_SKIN4_90_5.txt,16,115.6438941,114.485959,114.4547592,114.4710651,114.5119617,114.4817675
3393,INPUT_BM1_90_5.txt,OUTPUT_SKIN5_90_5.txt,16,217.0823267,213.2897098,213.4552445,213.3509552,213.3346409,213.2998629
3394,INPUT_BM1_90_5.txt,OUTPUT_SKIN6_90_5.txt,16,220.779857,221.0359418,221.0761538,220.9956792,220.9050844,220.8972613
3395,INPUT_BM2_90_5.txt,OUTPUT_BM1_90_5.txt,16,0.318638385,0.366061347,0.365759532,0.365869095,0.365891261,0.365782522
3396,INPUT_BM2_90_5.txt,OUTPUT_BM2_90_5.txt,16,-369367,-276703.5,-276825,-276747,-276802,-276767
3397,INPUT_BM2_90_5.txt,OUTPUT_GUT_90_5.txt,16,NA,NA,NA,NA,NA,NA
3398,INPUT_BM2_90_5.txt,OUTPUT_L_90_5.txt,16,0.25003891,0.246103353,0.246011111,0.245990261,0.246039577,0.246093982
3399,INPUT_BM2_90_5.txt,OUTPUT_LN1_90_5.txt,16,0.118535057,0.127023525,0.126964808,0.127000261,0.126973896,0.126991053
3400,INPUT_BM2_90_5.txt,OUTPUT_LN2_90_5.txt,16,1.082511317,1.165717085,1.165427028,1.16606418,1.165286789,1.165651026
3401,INPUT_BM2_90_5.txt,OUTPUT_LUNG_90_5.txt,16,0.280177109,0.277565078,0.277453091,0.27753408,0.277475609,0.277501606
3402,INPUT_BM2_90_5.txt,OUTPUT_S_90_5.txt,16,NA,NA,NA,NA,NA,NA
3403,INPUT_BM2_90_5.txt,OUTPUT_SKIN1_90_5.txt,16,0.070367749,0.231021425,0.23109398,0.231160222,0.230938995,0.230966777
3404,INPUT_BM2_90_5.txt,OUTPUT_SKIN2_90_5.txt,16,0.234823399,0.290027214,0.289922959,0.290002716,0.289948475,0.289960713
3405,INPUT_BM2_90_5.txt,OUTPUT_SKIN3_90_5.txt,16,0.273230255,0.297315977,0.296894324,0.297182563,0.297060319,0.296949965
3406,INPUT_BM2_90_5.txt,OUTPUT_SKIN4_90_5.txt,16,0.229478458,0.255236311,0.255137145,0.255201049,0.255136378,0.255176478
3407,INPUT_BM2_90_5.txt,OUTPUT_SKIN5_90_5.txt,16,0.223962252,0.263276097,0.263082777,0.263138154,0.263202652,0.263218572
3408,INPUT_BM2_90_5.txt,OUTPUT_SKIN6_90_5.txt,16,0.328943476,0.370904499,0.370637866,0.370740394,0.370572626,0.370661569
3409,INPUT_GUT_90_5.txt,OUTPUT_BM1_90_5.txt,16,NA,NA,NA,NA,NA,NA
3410,INPUT_GUT_90_5.txt,OUTPUT_BM2_90_5.txt,16,NA,NA,NA,NA,NA,NA
3411,INPUT_GUT_90_5.txt,OUTPUT_GUT_90_5.txt,16,NA,NA,NA,NA,NA,NA
3412,INPUT_GUT_90_5.txt,OUTPUT_L_90_5.txt,16,NA,NA,NA,NA,NA,NA
3413,INPUT_GUT_90_5.txt,OUTPUT_LN1_90_5.txt,16,NA,NA,NA,NA,NA,NA
3414,INPUT_GUT_90_5.txt,OUTPUT_LN2_90_5.txt,16,NA,NA,NA,NA,NA,NA
3415,INPUT_GUT_90_5.txt,OUTPUT_LUNG_90_5.txt,16,NA,NA,NA,NA,NA,NA
3416,INPUT_GUT_90_5.txt,OUTPUT_S_90_5.txt,16,NA,NA,NA,NA,NA,NA
3417,INPUT_GUT_90_5.txt,OUTPUT_SKIN1_90_5.txt,16,NA,NA,NA,NA,NA,NA
3418,INPUT_GUT_90_5.txt,OUTPUT_SKIN2_90_5.txt,16,NA,NA,NA,NA,NA,NA
3419,INPUT_GUT_90_5.txt,OUTPUT_SKIN3_90_5.txt,16,NA,NA,NA,NA,NA,NA
3420,INPUT_GUT_90_5.txt,OUTPUT_SKIN4_90_5.txt,16,NA,NA,NA,NA,NA,NA
3421,INPUT_GUT_90_5.txt,OUTPUT_SKIN5_90_5.txt,16,NA,NA,NA,NA,NA,NA
3422,INPUT_GUT_90_5.txt,OUTPUT_SKIN6_90_5.txt,16,NA,NA,NA,NA,NA,NA
3423,INPUT_L_90_5.txt,OUTPUT_BM1_90_5.txt,16,0.215421823,0.212285573,0.213823643,0.212377987,0.213582641,0.212321627
3424,INPUT_L_90_5.txt,OUTPUT_BM2_90_5.txt,16,0.100000511,0.078070167,0.078136005,0.078106303,0.078121811,0.078098475
3425,INPUT_L_90_5.txt,OUTPUT_GUT_90_5.txt,16,NA,NA,NA,NA,NA,NA
3426,INPUT_L_90_5.txt,OUTPUT_L_90_5.txt,16,-541651,-406142,-406155.5,-406081,-406162,-406181
3427,INPUT_L_90_5.txt,OUTPUT_LN1_90_5.txt,16,0.080282288,0.087549132,0.087542879,0.087558509,0.087540218,0.087536943
3428,INPUT_L_90_5.txt,OUTPUT_LN2_90_5.txt,16,0.582883769,0.994114138,0.99427708,0.994703632,0.994054461,0.994195352
3429,INPUT_L_90_5.txt,OUTPUT_LUNG_90_5.txt,16,0.079168099,0.062916124,0.062916518,0.062928569,0.062915345,0.062910244
3430,INPUT_L_90_5.txt,OUTPUT_S_90_5.txt,16,NA,NA,NA,NA,NA,NA
3431,INPUT_L_90_5.txt,OUTPUT_SKIN1_90_5.txt,16,0.112759606,0.164045357,0.164164436,0.164194692,0.164039915,0.164028329
3432,INPUT_L_90_5.txt,OUTPUT_SKIN2_90_5.txt,16,0.197822022,0.234498603,0.23450913,0.234553065,0.234508547,0.234472156
3433,INPUT_L_90_5.txt,OUTPUT_SKIN3_90_5.txt,16,0.311140163,0.279533636,0.279207743,0.279367102,0.279264806,0.279098708
3434,INPUT_L_90_5.txt,OUTPUT_SKIN4_90_5.txt,16,0.2923523,0.292107416,0.292118453,0.29215844,0.292084847,0.292084092
3435,INPUT_L_90_5.txt,OUTPUT_SKIN5_90_5.txt,16,0.200470146,0.206097879,0.206192381,0.206202756,0.206060027,0.206079424
3436,INPUT_L_90_5.txt,OUTPUT_SKIN6_90_5.txt,16,0.339052641,0.414166691,0.414041761,0.414113098,0.413930101,0.41395434
3437,INPUT_LN1_90_5.txt,OUTPUT_BM1_90_5.txt,16,1.060822339,1.023496342,1.024418333,1.023716044,1.023296928,1.023426866
3438,INPUT_LN1_90_5.txt,OUTPUT_BM2_90_5.txt,16,0.262629719,0.108173667,0.108260967,0.108200761,0.108243232,0.108216342
3439,INPUT_LN1_90_5.txt,OUTPUT_GUT_90_5.txt,16,NA,NA,NA,NA,NA,NA
3440,INPUT_LN1_90_5.txt,OUTPUT_L_90_5.txt,16,0.420157621,0.40565231,0.405652639,0.405500581,0.405666727,0.405707493
3441,INPUT_LN1_90_5.txt,OUTPUT_LN1_90_5.txt,16,-383083,-286984,-287003.5,-287002,-287003,-287002
3442,INPUT_LN1_90_5.txt,OUTPUT_LN2_90_5.txt,16,1.396380579,0.953916064,0.954039709,0.954285816,0.953840711,0.954024343
3443,INPUT_LN1_90_5.txt,OUTPUT_LUNG_90_5.txt,16,0.484466179,0.491926816,0.491912776,0.491919214,0.491912262,0.491897127
3444,INPUT_LN1_90_5.txt,OUTPUT_S_90_5.txt,16,NA,NA,NA,NA,NA,NA
3445,INPUT_LN1_90_5.txt,OUTPUT_SKIN1_90_5.txt,16,0.478138057,0.373118502,0.373383197,0.373385005,0.373106233,0.373106505
3446,INPUT_LN1_90_5.txt,OUTPUT_SKIN2_90_5.txt,16,0.504407601,0.363387955,0.363392249,0.363395012,0.363397751,0.363359154
3447,INPUT_LN1_90_5.txt,OUTPUT_SKIN3_90_5.txt,16,0.64151586,0.277888253,0.277558507,0.277667736,0.277613427,0.277460488
3448,INPUT_LN1_90_5.txt,OUTPUT_SKIN4_90_5.txt,16,0.437867075,0.213325414,0.213324735,0.21331637,0.213303766,0.213314
3449,INPUT_LN1_90_5.txt,OUTPUT_SKIN5_90_5.txt,16,0.570829743,0.54500912,0.545234494,0.545173919,0.544910563,0.544986998
3450,INPUT_LN1_90_5.txt,OUTPUT_SKIN6_90_5.txt,16,0.80501486,0.903057508,0.902791332,0.902783905,0.902559356,0.902620014
3451,INPUT_LN2_90_5.txt,OUTPUT_BM1_90_5.txt,16,0.7826813,0.865459011,0.871085199,0.865505117,0.870350647,0.865533407
3452,INPUT_LN2_90_5.txt,OUTPUT_BM2_90_5.txt,16,0.036158142,0.043861739,0.043895957,0.043865763,0.04389322,0.043878036
3453,INPUT_LN2_90_5.txt,OUTPUT_GUT_90_5.txt,16,NA,NA,NA,NA,NA,NA
3454,INPUT_LN2_90_5.txt,OUTPUT_L_90_5.txt,16,0.544025129,0.532977679,0.532960762,0.532697583,0.533033574,0.533033577
3455,INPUT_LN2_90_5.txt,OUTPUT_LN1_90_5.txt,16,0.427849462,0.471286001,0.471303323,0.471239111,0.471350949,0.471303412
3456,INPUT_LN2_90_5.txt,OUTPUT_LN2_90_5.txt,16,-442792.5,-332121,-332153.5,-332195,-332119,-332150
3457,INPUT_LN2_90_5.txt,OUTPUT_LUNG_90_5.txt,16,0.511028397,0.4802294,0.480200948,0.480144191,0.480250004,0.480188355
3458,INPUT_LN2_90_5.txt,OUTPUT_S_90_5.txt,16,NA,NA,NA,NA,NA,NA
3459,INPUT_LN2_90_5.txt,OUTPUT_SKIN1_90_5.txt,16,0.255567426,0.293085931,0.293273256,0.29323629,0.293086171,0.293059283
3460,INPUT_LN2_90_5.txt,OUTPUT_SKIN2_90_5.txt,16,0.279817193,0.336734546,0.3367272,0.336685635,0.336766913,0.336699553
3461,INPUT_LN2_90_5.txt,OUTPUT_SKIN3_90_5.txt,16,0.990110243,1.030194002,1.028934891,1.029200985,1.029268793,1.028608982
3462,INPUT_LN2_90_5.txt,OUTPUT_SKIN4_90_5.txt,16,0.703867592,0.691401426,0.691393807,0.691267728,0.691397868,0.691363262
3463,INPUT_LN2_90_5.txt,OUTPUT_SKIN5_90_5.txt,16,0.913213221,0.895567714,0.895893873,0.895680153,0.895476472,0.895511106
3464,INPUT_LN2_90_5.txt,OUTPUT_SKIN6_90_5.txt,16,1.319832268,3.49207877,3.490734409,3.49021079,3.490119381,3.490195736
3465,INPUT_LUNG_90_5.txt,OUTPUT_BM1_90_5.txt,16,0.828199857,0.853779202,0.856459887,0.853988257,0.85561157,0.85386019
3466,INPUT_LUNG_90_5.txt,OUTPUT_BM2_90_5.txt,16,0.577786671,0.605549491,0.606054398,0.605720085,0.605957326,0.60581885
3467,INPUT_LUNG_90_5.txt,OUTPUT_GUT_90_5.txt,16,NA,NA,NA,NA,NA,NA
3468,INPUT_LUNG_90_5.txt,OUTPUT_L_90_5.txt,16,0.379586064,0.377857359,0.377874878,0.377735292,0.377887427,0.377929154
3469,INPUT_LUNG_90_5.txt,OUTPUT_LN1_90_5.txt,16,0.198681835,0.181646971,0.18163617,0.181634552,0.181633777,0.18163862
3470,INPUT_LUNG_90_5.txt,OUTPUT_LN2_90_5.txt,16,1.175505906,0.886901406,0.887054501,0.887268857,0.886874448,0.887052515
3471,INPUT_LUNG_90_5.txt,OUTPUT_LUNG_90_5.txt,16,-505785.5,-379116,-379123.5,-379125,-379123,-379116.5
3472,INPUT_LUNG_90_5.txt,OUTPUT_S_90_5.txt,16,NA,NA,NA,NA,NA,NA
3473,INPUT_LUNG_90_5.txt,OUTPUT_SKIN1_90_5.txt,16,0.207006335,0.235383242,0.235551651,0.23555072,0.2353773,0.235380591
3474,INPUT_LUNG_90_5.txt,OUTPUT_SKIN2_90_5.txt,16,0.435727539,0.412264097,0.412288271,0.412287771,0.412294381,0.412256891
3475,INPUT_LUNG_90_5.txt,OUTPUT_SKIN3_90_5.txt,16,1.031294164,0.888965657,0.88798669,0.888320089,0.888156228,0.887694217
3476,INPUT_LUNG_90_5.txt,OUTPUT_SKIN4_90_5.txt,16,0.451832341,0.544139506,0.544163151,0.544137418,0.544109936,0.544143382
3477,INPUT_LUNG_90_5.txt,OUTPUT_SKIN5_90_5.txt,16,0.576065466,0.668488389,0.668796464,0.668712146,0.668395146,0.66849893
3478,INPUT_LUNG_90_5.txt,OUTPUT_SKIN6_90_5.txt,16,0.966890254,0.990255887,0.990029645,0.990012798,0.989777981,0.989840135
3479,INPUT_S_90_5.txt,OUTPUT_BM1_90_5.txt,16,NA,NA,NA,NA,NA,NA
3480,INPUT_S_90_5.txt,OUTPUT_BM2_90_5.txt,16,NA,NA,NA,NA,NA,NA
3481,INPUT_S_90_5.txt,OUTPUT_GUT_90_5.txt,16,NA,NA,NA,NA,NA,NA
3482,INPUT_S_90_5.txt,OUTPUT_L_90_5.txt,16,NA,NA,NA,NA,NA,NA
3483,INPUT_S_90_5.txt,OUTPUT_LN1_90_5.txt,16,NA,NA,NA,NA,NA,NA
3484,INPUT_S_90_5.txt,OUTPUT_LN2_90_5.txt,16,NA,NA,NA,NA,NA,NA
3485,INPUT_S_90_5.txt,OUTPUT_LUNG_90_5.txt,16,NA,NA,NA,NA,NA,NA
3486,INPUT_S_90_5.txt,OUTPUT_S_90_5.txt,16,NA,NA,NA,NA,NA,NA
3487,INPUT_S_90_5.txt,OUTPUT_SKIN1_90_5.txt,16,NA,NA,NA,NA,NA,NA
3488,INPUT_S_90_5.txt,OUTPUT_SKIN2_90_5.txt,16,NA,NA,NA,NA,NA,NA
3489,INPUT_S_90_5.txt,OUTPUT_SKIN3_90_5.txt,16,NA,NA,NA,NA,NA,NA
3490,INPUT_S_90_5.txt,OUTPUT_SKIN4_90_5.txt,16,NA,NA,NA,NA,NA,NA
3491,INPUT_S_90_5.txt,OUTPUT_SKIN5_90_5.txt,16,NA,NA,NA,NA,NA,NA
3492,INPUT_S_90_5.txt,OUTPUT_SKIN6_90_5.txt,16,NA,NA,NA,NA,NA,NA
3493,INPUT_SKIN1_90_5.txt,OUTPUT_BM1_90_5.txt,16,0.464212596,0.485772525,0.486069137,0.485733121,0.48574069,0.485800174
3494,INPUT_SKIN1_90_5.txt,OUTPUT_BM2_90_5.txt,16,4.138106756,4.066807852,4.064165884,4.064903527,4.065904714,4.066230651
3495,INPUT_SKIN1_90_5.txt,OUTPUT_GUT_90_5.txt,16,NA,NA,NA,NA,NA,NA
3496,INPUT_SKIN1_90_5.txt,OUTPUT_L_90_5.txt,16,0.165624681,0.196115684,0.19605645,0.195986213,0.196135854,0.19615356
3497,INPUT_SKIN1_90_5.txt,OUTPUT_LN1_90_5.txt,16,0.188468121,0.189091258,0.189048452,0.189046381,0.189118569,0.189116997
3498,INPUT_SKIN1_90_5.txt,OUTPUT_LN2_90_5.txt,16,0.854272749,0.780942035,0.78078519,0.780953095,0.780938785,0.781064057
3499,INPUT_SKIN1_90_5.txt,OUTPUT_LUNG_90_5.txt,16,0.646676667,0.660342447,0.660125176,0.660130408,0.660371327,0.660347875
3500,INPUT_SKIN1_90_5.txt,OUTPUT_S_90_5.txt,16,NA,NA,NA,NA,NA,NA
3501,INPUT_SKIN1_90_5.txt,OUTPUT_SKIN1_90_5.txt,16,-601327,-451218,-451383.5,-451383.5,-451215,-451215.5
3502,INPUT_SKIN1_90_5.txt,OUTPUT_SKIN2_90_5.txt,16,0.199371122,0.195868457,0.19581205,0.195812584,0.195887922,0.195866332
3503,INPUT_SKIN1_90_5.txt,OUTPUT_SKIN3_90_5.txt,16,0.686208833,0.753805472,0.752784539,0.753085088,0.753112692,0.752690539
3504,INPUT_SKIN1_90_5.txt,OUTPUT_SKIN4_90_5.txt,16,0.620840527,0.516697932,0.516543817,0.516519494,0.516686131,0.51670865
3505,INPUT_SKIN1_90_5.txt,OUTPUT_SKIN5_90_5.txt,16,0.339808651,0.366918611,0.366964277,0.366922528,0.366879301,0.366930562
3506,INPUT_SKIN1_90_5.txt,OUTPUT_SKIN6_90_5.txt,16,0.724245372,0.711207806,0.710798368,0.710788875,0.710884774,0.710916044
3507,INPUT_SKIN2_90_5.txt,OUTPUT_BM1_90_5.txt,16,0.62620757,1.058179238,1.05916501,1.058439724,1.058071215,1.058328194
3508,INPUT_SKIN2_90_5.txt,OUTPUT_BM2_90_5.txt,16,5.506842798,5.118525317,5.116832396,5.117783036,5.11708088,5.117790333
3509,INPUT_SKIN2_90_5.txt,OUTPUT_GUT_90_5.txt,16,NA,NA,NA,NA,NA,NA
3510,INPUT_SKIN2_90_5.txt,OUTPUT_L_90_5.txt,16,0.386532093,0.437563074,0.437574227,0.437419733,0.437584797,0.437647139
3511,INPUT_SKIN2_90_5.txt,OUTPUT_LN1_90_5.txt,16,0.134370475,1.986778042,1.98696434,1.986940415,1.986942598,1.987035139
3512,INPUT_SKIN2_90_5.txt,OUTPUT_LN2_90_5.txt,16,1.650881707,1.894675873,1.894870266,1.895207487,1.894572069,1.894929679
3513,INPUT_SKIN2_90_5.txt,OUTPUT_LUNG_90_5.txt,16,17.29509216,15.68745265,15.68744675,15.68756602,15.68729246,15.68764365
3514,INPUT_SKIN2_90_5.txt,OUTPUT_S_90_5.txt,16,NA,NA,NA,NA,NA,NA
3515,INPUT_SKIN2_90_5.txt,OUTPUT_SKIN1_90_5.txt,16,0.492892381,1.471993843,1.473024219,1.473022468,1.471908732,1.471988491
3516,INPUT_SKIN2_90_5.txt,OUTPUT_SKIN2_90_5.txt,16,-508591.5,-381435,-381449.5,-381450,-381452,-381432
3517,INPUT_SKIN2_90_5.txt,OUTPUT_SKIN3_90_5.txt,16,2.545743105,2.302322279,2.299722015,2.300661452,2.300129355,2.298979804
3518,INPUT_SKIN2_90_5.txt,OUTPUT_SKIN4_90_5.txt,16,2.370008224,2.674562679,2.67486558,2.674627133,2.674579053,2.674841369
3519,INPUT_SKIN2_90_5.txt,OUTPUT_SKIN5_90_5.txt,16,0.446420362,0.533188531,0.533425924,0.53336523,0.533105061,0.533206905
3520,INPUT_SKIN2_90_5.txt,OUTPUT_SKIN6_90_5.txt,16,0.605137669,1.934220791,1.933700299,1.933672617,1.933198089,1.933428742
3521,INPUT_SKIN3_90_5.txt,OUTPUT_BM1_90_5.txt,16,0.895665143,0.694068399,0.695144284,0.694533733,0.69434553,0.694688246
3522,INPUT_SKIN3_90_5.txt,OUTPUT_BM2_90_5.txt,16,0.056269229,0.068306171,0.068405296,0.068353647,0.068385683,0.068387233
3523,INPUT_SKIN3_90_5.txt,OUTPUT_GUT_90_5.txt,16,NA,NA,NA,NA,NA,NA
3524,INPUT_SKIN3_90_5.txt,OUTPUT_L_90_5.txt,16,0.693501758,0.672444981,0.672875846,0.672502095,0.672816394,0.673061821
3525,INPUT_SKIN3_90_5.txt,OUTPUT_LN1_90_5.txt,16,0.270621725,0.284508141,0.284711134,0.28465315,0.284675737,0.284752334
3526,INPUT_SKIN3_90_5.txt,OUTPUT_LN2_90_5.txt,16,2.940006656,2.034132883,2.03570873,2.035736164,2.035025493,2.035939011
3527,INPUT_SKIN3_90_5.txt,OUTPUT_LUNG_90_5.txt,16,0.207355343,0.251037983,0.251192563,0.251146284,0.251161942,0.251222284
3528,INPUT_SKIN3_90_5.txt,OUTPUT_S_90_5.txt,16,NA,NA,NA,NA,NA,NA
3529,INPUT_SKIN3_90_5.txt,OUTPUT_SKIN1_90_5.txt,16,0.304966002,0.286382595,0.286756585,0.286702016,0.286508977,0.286587789
3530,INPUT_SKIN3_90_5.txt,OUTPUT_SKIN2_90_5.txt,16,0.193484098,0.201092891,0.20122402,0.201186131,0.20120289,0.201236575
3531,INPUT_SKIN3_90_5.txt,OUTPUT_SKIN3_90_5.txt,16,-1120011,-841788,-841303.5,-841465.5,-841404,-841173
3532,INPUT_SKIN3_90_5.txt,OUTPUT_SKIN4_90_5.txt,16,0.885567701,0.915458787,0.91602864,0.91581975,0.915827197,0.916120104
3533,INPUT_SKIN3_90_5.txt,OUTPUT_SKIN5_90_5.txt,16,0.439659153,0.370182118,0.370573827,0.370461562,0.370309438,0.370462243
3534,INPUT_SKIN3_90_5.txt,OUTPUT_SKIN6_90_5.txt,16,0.870699669,1.336625079,1.337072888,1.336821892,1.336585671,1.337008795
3535,INPUT_SKIN4_90_5.txt,OUTPUT_BM1_90_5.txt,16,0.279926635,0.238652526,0.240380018,0.238720815,0.240158667,0.238690664
3536,INPUT_SKIN4_90_5.txt,OUTPUT_BM2_90_5.txt,16,2.697075777,2.559558491,2.561548307,2.560279471,2.56128834,2.560642633
3537,INPUT_SKIN4_90_5.txt,OUTPUT_GUT_90_5.txt,16,NA,NA,NA,NA,NA,NA
3538,INPUT_SKIN4_90_5.txt,OUTPUT_L_90_5.txt,16,0.657212341,0.726263069,0.726295067,0.726042729,0.726353936,0.72640554
3539,INPUT_SKIN4_90_5.txt,OUTPUT_LN1_90_5.txt,16,0.111075938,0.27503671,0.275068967,0.275070625,0.275081546,0.27507349
3540,INPUT_SKIN4_90_5.txt,OUTPUT_LN2_90_5.txt,16,0.751674121,0.84162181,0.841764788,0.841985293,0.841634859,0.841770387
3541,INPUT_SKIN4_90_5.txt,OUTPUT_LUNG_90_5.txt,16,43.2758874,39.45978975,39.46063617,39.46152879,39.46209782,39.45996214
3542,INPUT_SKIN4_90_5.txt,OUTPUT_S_90_5.txt,16,NA,NA,NA,NA,NA,NA
3543,INPUT_SKIN4_90_5.txt,OUTPUT_SKIN1_90_5.txt,16,0.379765333,0.779197336,0.779755968,0.779768857,0.779207771,0.779192753
3544,INPUT_SKIN4_90_5.txt,OUTPUT_SKIN2_90_5.txt,16,0.332750492,0.522304327,0.522333539,0.522343677,0.522366075,0.522298568
3545,INPUT_SKIN4_90_5.txt,OUTPUT_SKIN3_90_5.txt,16,1.331784009,1.112357775,1.111147518,1.111585673,1.111379126,1.110744905
3546,INPUT_SKIN4_90_5.txt,OUTPUT_SKIN4_90_5.txt,16,-513659.5,-384974,-384982.5,-384976,-384963.5,-384972
3547,INPUT_SKIN4_90_5.txt,OUTPUT_SKIN5_90_5.txt,16,0.591126836,0.547692391,0.547947527,0.547895006,0.547645435,0.547709866
3548,INPUT_SKIN4_90_5.txt,OUTPUT_SKIN6_90_5.txt,16,0.476831456,0.565993661,0.565817025,0.565819,0.565702246,0.565762834
3549,INPUT_SKIN5_90_5.txt,OUTPUT_BM1_90_5.txt,16,1.223450027,1.183850547,1.193027555,1.183957669,1.192143852,1.184010335
3550,INPUT_SKIN5_90_5.txt,OUTPUT_BM2_90_5.txt,16,0.154242127,0.034311601,0.034333218,0.034315941,0.034337755,0.034326771
3551,INPUT_SKIN5_90_5.txt,OUTPUT_GUT_90_5.txt,16,NA,NA,NA,NA,NA,NA
3552,INPUT_SKIN5_90_5.txt,OUTPUT_L_90_5.txt,16,0.807112089,0.829268303,0.829117587,0.828882589,0.829390309,0.829404614
3553,INPUT_SKIN5_90_5.txt,OUTPUT_LN1_90_5.txt,16,0.326198412,0.335588366,0.335552663,0.335567898,0.335651521,0.335625933
3554,INPUT_SKIN5_90_5.txt,OUTPUT_LN2_90_5.txt,16,3.301111397,3.045334773,3.044914645,3.04551798,3.045485639,3.045598125
3555,INPUT_SKIN5_90_5.txt,OUTPUT_LUNG_90_5.txt,16,75.37011447,74.40172968,74.36988896,74.3758939,74.41180427,74.40036069
3556,INPUT_SKIN5_90_5.txt,OUTPUT_S_90_5.txt,16,NA,NA,NA,NA,NA,NA
3557,INPUT_SKIN5_90_5.txt,OUTPUT_SKIN1_90_5.txt,16,0.628009177,0.665028354,0.665363326,0.665400386,0.665064855,0.6650205
3558,INPUT_SKIN5_90_5.txt,OUTPUT_SKIN2_90_5.txt,16,0.5000156,0.424196605,0.424126977,0.424151746,0.424259161,0.424184133
3559,INPUT_SKIN5_90_5.txt,OUTPUT_SKIN3_90_5.txt,16,1.162178491,0.831205618,0.830046602,0.830416764,0.830495511,0.829982065
3560,INPUT_SKIN5_90_5.txt,OUTPUT_SKIN4_90_5.txt,16,0.809619397,0.829283923,0.82913703,0.829147089,0.829301162,0.829280657
3561,INPUT_SKIN5_90_5.txt,OUTPUT_SKIN5_90_5.txt,16,-704608.5,-528697,-528824.5,-528795,-528667.5,-528704
3562,INPUT_SKIN5_90_5.txt,OUTPUT_SKIN6_90_5.txt,16,1.515754699,1.449719153,1.449066493,1.44912694,1.4491366,1.449103675
3563,INPUT_SKIN6_90_5.txt,OUTPUT_BM1_90_5.txt,16,1.582094357,1.53180556,1.534236448,1.532480121,1.531679787,1.533258395
3564,INPUT_SKIN6_90_5.txt,OUTPUT_BM2_90_5.txt,16,0.046936985,0.056703287,0.056760427,0.056729354,0.056753326,0.056735623
3565,INPUT_SKIN6_90_5.txt,OUTPUT_GUT_90_5.txt,16,NA,NA,NA,NA,NA,NA
3566,INPUT_SKIN6_90_5.txt,OUTPUT_L_90_5.txt,16,0.781893855,0.683681795,0.68382263,0.683596672,0.683804319,0.683819673
3567,INPUT_SKIN6_90_5.txt,OUTPUT_LN1_90_5.txt,16,0.267609799,0.323548869,0.323557301,0.323558518,0.323570418,0.323555268
3568,INPUT_SKIN6_90_5.txt,OUTPUT_LN2_90_5.txt,16,3.11165391,2.94965276,2.950301652,2.950620257,2.945357449,2.945458344
3569,INPUT_SKIN6_90_5.txt,OUTPUT_LUNG_90_5.txt,16,1.428354377,1.266196654,1.266431929,1.266449644,1.266423065,1.266298393
3570,INPUT_SKIN6_90_5.txt,OUTPUT_S_90_5.txt,16,NA,NA,NA,NA,NA,NA
3571,INPUT_SKIN6_90_5.txt,OUTPUT_SKIN1_90_5.txt,16,0.378054441,0.388823229,0.389178902,0.389181435,0.388935392,0.388910648
3572,INPUT_SKIN6_90_5.txt,OUTPUT_SKIN2_90_5.txt,16,0.191232243,0.230785615,0.230837015,0.230839138,0.230868064,0.230828601
3573,INPUT_SKIN6_90_5.txt,OUTPUT_SKIN3_90_5.txt,16,0.425394308,0.375661735,0.375289101,0.375437201,0.375412604,0.375183615
3574,INPUT_SKIN6_90_5.txt,OUTPUT_SKIN4_90_5.txt,16,0.351837646,0.303856321,0.30391399,0.303905606,0.303909235,0.303903251
3575,INPUT_SKIN6_90_5.txt,OUTPUT_SKIN5_90_5.txt,16,1.180921856,1.028573423,1.029221238,1.029109838,1.028728892,1.02880483
3576,INPUT_SKIN6_90_5.txt,OUTPUT_SKIN6_90_5.txt,16,-713948,-536940,-536862,-536858.5,-536796.5,-536831
3577,INPUT_BM1_90_5.txt,OUTPUT_BM1_90_5.txt,17,-937631,-703677.5,-703436,-703355,-703531.5,-703424
3578,INPUT_BM1_90_5.txt,OUTPUT_BM2_90_5.txt,17,4.278460916,3.920440906,3.92051844,3.921457225,3.920989776,3.918771445
3579,INPUT_BM1_90_5.txt,OUTPUT_GUT_90_5.txt,17,0.047999431,0.042346092,0.042360653,0.04236554,0.042354894,0.04236138
3580,INPUT_BM1_90_5.txt,OUTPUT_L_90_5.txt,17,88.53181961,72.49740132,72.51987498,72.4900906,72.45329079,72.47385129
3581,INPUT_BM1_90_5.txt,OUTPUT_LN1_90_5.txt,17,0.267622093,0.262522961,0.262612018,0.262644293,0.262577876,0.262618324
3582,INPUT_BM1_90_5.txt,OUTPUT_LN2_90_5.txt,17,0.171842327,0.194985312,0.195082677,0.195072615,0.195096702,0.195087188
3583,INPUT_BM1_90_5.txt,OUTPUT_LUNG_90_5.txt,17,0.030853613,0.027962376,0.027979494,0.027977581,0.027971346,0.027977601
3584,INPUT_BM1_90_5.txt,OUTPUT_S_90_5.txt,17,31.0847325,35.88563928,35.89513169,35.89831608,35.89137765,35.89560534
3585,INPUT_BM1_90_5.txt,OUTPUT_SKIN1_90_5.txt,17,0.191954163,0.188846404,0.188909962,0.188931901,0.188865652,0.188917185
3586,INPUT_BM1_90_5.txt,OUTPUT_SKIN2_90_5.txt,17,0.175354244,0.150772137,0.150785238,0.150891276,0.150839939,0.150860871
3587,INPUT_BM1_90_5.txt,OUTPUT_SKIN3_90_5.txt,17,0.159217161,0.160843585,0.160915398,0.161033454,0.160872576,0.160903549
3588,INPUT_BM1_90_5.txt,OUTPUT_SKIN4_90_5.txt,17,0.167611767,0.151243279,0.151184846,0.151291612,0.151165,0.151298023
3589,INPUT_BM1_90_5.txt,OUTPUT_SKIN5_90_5.txt,17,0.429232751,0.481352489,0.4813379,0.481515633,0.481354798,0.481421395
3590,INPUT_BM1_90_5.txt,OUTPUT_SKIN6_90_5.txt,17,0.083155401,0.060640018,0.060657585,0.060681148,0.060660019,0.060656834
3591,INPUT_BM2_90_5.txt,OUTPUT_BM1_90_5.txt,17,0.641968818,0.658825776,0.658478494,0.658284421,0.658573116,0.658614051
3592,INPUT_BM2_90_5.txt,OUTPUT_BM2_90_5.txt,17,-750887,-563171,-563081,-563117,-563153,-562949.5
3593,INPUT_BM2_90_5.txt,OUTPUT_GUT_90_5.txt,17,0.0354691,0.034691562,0.034697115,0.034694894,0.034692673,0.034705231
3594,INPUT_BM2_90_5.txt,OUTPUT_L_90_5.txt,17,8.265662974,7.591099781,7.593706623,7.588556225,7.584241559,7.589024275
3595,INPUT_BM2_90_5.txt,OUTPUT_LN1_90_5.txt,17,0.192266237,0.200774266,0.200805195,0.20079364,0.200780724,0.20085376
3596,INPUT_BM2_90_5.txt,OUTPUT_LN2_90_5.txt,17,0.113790941,0.088927391,0.08895562,0.088934657,0.088962807,0.088976334
3597,INPUT_BM2_90_5.txt,OUTPUT_LUNG_90_5.txt,17,0.028016468,0.025159486,0.025171907,0.025164552,0.025163826,0.02517514
3598,INPUT_BM2_90_5.txt,OUTPUT_S_90_5.txt,17,5.037292403,4.832882327,4.833650471,4.833343185,4.833035937,4.834773244
3599,INPUT_BM2_90_5.txt,OUTPUT_SKIN1_90_5.txt,17,0.126837169,0.122215328,0.122233816,0.122225976,0.12220613,0.122265077
3600,INPUT_BM2_90_5.txt,OUTPUT_SKIN2_90_5.txt,17,0.090118882,0.085811186,0.0858169,0.085827751,0.085814161,0.085839339
3601,INPUT_BM2_90_5.txt,OUTPUT_SKIN3_90_5.txt,17,0.105120557,0.097121884,0.097146047,0.097108575,0.097122848,0.09716497
3602,INPUT_BM2_90_5.txt,OUTPUT_SKIN4_90_5.txt,17,0.102559052,0.101012242,0.101060005,0.101026331,0.101050502,0.101053624
3603,INPUT_BM2_90_5.txt,OUTPUT_SKIN5_90_5.txt,17,0.344913119,0.341749629,0.341685476,0.341737382,0.341679183,0.34182672
3604,INPUT_BM2_90_5.txt,OUTPUT_SKIN6_90_5.txt,17,0.062942567,0.067459217,0.067466703,0.067477948,0.067470114,0.067480096
3605,INPUT_GUT_90_5.txt,OUTPUT_BM1_90_5.txt,17,0.119653359,0.114807161,0.114793118,0.114788404,0.114798673,0.114792667
3606,INPUT_GUT_90_5.txt,OUTPUT_BM2_90_5.txt,17,0.137805791,0.123942029,0.123940617,0.123941182,0.123941746,0.123938551
3607,INPUT_GUT_90_5.txt,OUTPUT_GUT_90_5.txt,17,-249375.5,-186767.5,-186767.5,-186767.5,-186767.5,-186767.5
3608,INPUT_GUT_90_5.txt,OUTPUT_L_90_5.txt,17,0.146162517,0.135445879,0.135443778,0.135450745,0.135456471,0.135453372
3609,INPUT_GUT_90_5.txt,OUTPUT_LN1_90_5.txt,17,0.01266351,0.011737801,0.011737722,0.011737801,0.011737801,0.011737801
3610,INPUT_GUT_90_5.txt,OUTPUT_LN2_90_5.txt,17,0.05796888,0.057930383,0.057937846,0.057929361,0.057947748,0.057937501
3611,INPUT_GUT_90_5.txt,OUTPUT_LUNG_90_5.txt,17,0.037255201,0.039108655,0.039114564,0.039110521,0.039111143,0.039112698
3612,INPUT_GUT_90_5.txt,OUTPUT_S_90_5.txt,17,0.141601998,0.130807372,0.130807372,0.130807372,0.130807372,0.130807372
3613,INPUT_GUT_90_5.txt,OUTPUT_SKIN1_90_5.txt,17,0.077689792,0.083759343,0.083758491,0.083758492,0.08374955,0.083760407
3614,INPUT_GUT_90_5.txt,OUTPUT_SKIN2_90_5.txt,17,0.100358762,0.090375656,0.090348846,0.090374063,0.090372197,0.090369107
3615,INPUT_GUT_90_5.txt,OUTPUT_SKIN3_90_5.txt,17,0.111473526,0.129423216,0.129440175,0.129536339,0.129420321,0.129440319
3616,INPUT_GUT_90_5.txt,OUTPUT_SKIN4_90_5.txt,17,0.081951338,0.078374297,0.078414161,0.078380284,0.078417423,0.07837626
3617,INPUT_GUT_90_5.txt,OUTPUT_SKIN5_90_5.txt,17,0.240062505,0.213840581,0.21382531,0.21382993,0.213831272,0.213830334
3618,INPUT_GUT_90_5.txt,OUTPUT_SKIN6_90_5.txt,17,0.056167484,0.055681349,0.05567789,0.055691333,0.055688381,0.05567611
3619,INPUT_L_90_5.txt,OUTPUT_BM1_90_5.txt,17,1.082242334,1.045038839,1.044221067,1.04430517,1.045098717,1.044633534
3620,INPUT_L_90_5.txt,OUTPUT_BM2_90_5.txt,17,7.158982087,7.291849442,7.288816018,7.292037959,7.294853645,7.28853478
3621,INPUT_L_90_5.txt,OUTPUT_GUT_90_5.txt,17,0.046097955,0.051093354,0.051088574,0.051104428,0.051117458,0.051110407
3622,INPUT_L_90_5.txt,OUTPUT_L_90_5.txt,17,-542420,-407009.5,-407047.5,-406921.5,-406818,-406874
3623,INPUT_L_90_5.txt,OUTPUT_LN1_90_5.txt,17,0.211519938,0.232960235,0.23293676,0.233011021,0.233070781,0.233038443
3624,INPUT_L_90_5.txt,OUTPUT_LN2_90_5.txt,17,0.103554825,0.119733457,0.119740583,0.119757649,0.119833241,0.119792424
3625,INPUT_L_90_5.txt,OUTPUT_LUNG_90_5.txt,17,0.05211242,0.052423158,0.052430168,0.05243828,0.052452902,0.052448805
3626,INPUT_L_90_5.txt,OUTPUT_S_90_5.txt,17,17.73361241,17.85363134,17.85194935,17.85752763,17.86211225,17.85963141
3627,INPUT_L_90_5.txt,OUTPUT_SKIN1_90_5.txt,17,0.256525625,0.23627207,0.236247617,0.236321548,0.236359517,0.236354284
3628,INPUT_L_90_5.txt,OUTPUT_SKIN2_90_5.txt,17,0.200219324,0.196476177,0.196406692,0.196531161,0.196572941,0.196542404
3629,INPUT_L_90_5.txt,OUTPUT_SKIN3_90_5.txt,17,0.146127508,0.2084016,0.208402843,0.208590771,0.208494095,0.208469539
3630,INPUT_L_90_5.txt,OUTPUT_SKIN4_90_5.txt,17,0.15654547,0.137731308,0.137605835,0.137739675,0.137684362,0.137777183
3631,INPUT_L_90_5.txt,OUTPUT_SKIN5_90_5.txt,17,0.65554656,0.646898044,0.646590869,0.64696414,0.647080073,0.646972699
3632,INPUT_L_90_5.txt,OUTPUT_SKIN6_90_5.txt,17,0.158783469,0.15122092,0.15119878,0.151285723,0.151310217,0.151258282
3633,INPUT_LN1_90_5.txt,OUTPUT_BM1_90_5.txt,17,4.385009603,4.354857077,4.352563803,4.351787019,4.353467225,4.352506846
3634,INPUT_LN1_90_5.txt,OUTPUT_BM2_90_5.txt,17,8.733130758,8.358563153,8.357126811,8.357750128,8.358292155,8.355227677
3635,INPUT_LN1_90_5.txt,OUTPUT_GUT_90_5.txt,17,0.630546532,0.567475669,0.567477592,0.567475669,0.567475669,0.567475669
3636,INPUT_LN1_90_5.txt,OUTPUT_L_90_5.txt,17,17.25735969,15.54905596,15.54924502,15.54872402,15.54833311,15.54854468
3637,INPUT_LN1_90_5.txt,OUTPUT_LN1_90_5.txt,17,-196544.5,-147159,-147158.5,-147159,-147159,-147159
3638,INPUT_LN1_90_5.txt,OUTPUT_LN2_90_5.txt,17,1.095635134,0.934605538,0.934711538,0.934621224,0.934937926,0.934781136
3639,INPUT_LN1_90_5.txt,OUTPUT_LUNG_90_5.txt,17,0.195575435,0.233856607,0.233845391,0.233852832,0.233851574,0.233848429
3640,INPUT_LN1_90_5.txt,OUTPUT_S_90_5.txt,17,16.61608249,15.28386526,15.2837173,15.28386526,15.28386526,15.28386526
3641,INPUT_LN1_90_5.txt,OUTPUT_SKIN1_90_5.txt,17,4.915094226,4.339381668,4.339351927,4.339375393,4.33930423,4.339390079
3642,INPUT_LN1_90_5.txt,OUTPUT_SKIN2_90_5.txt,17,1.392928136,2.412528311,2.412072956,2.412294414,2.412373842,2.412410341
3643,INPUT_LN1_90_5.txt,OUTPUT_SKIN3_90_5.txt,17,1.716226051,1.281617954,1.281732176,1.282654986,1.281591782,1.281596683
3644,INPUT_LN1_90_5.txt,OUTPUT_SKIN4_90_5.txt,17,1.233347129,1.074960181,1.074052656,1.074792769,1.074047504,1.074958368
3645,INPUT_LN1_90_5.txt,OUTPUT_SKIN5_90_5.txt,17,3.112981405,3.398603259,3.397440917,3.398160725,3.397890174,3.397944738
3646,INPUT_LN1_90_5.txt,OUTPUT_SKIN6_90_5.txt,17,1.876697702,1.869405362,1.869411782,1.86968375,1.869623913,1.869278999
3647,INPUT_LN2_90_5.txt,OUTPUT_BM1_90_5.txt,17,0.781189281,0.695644643,0.695125843,0.695023547,0.695244177,0.695101343
3648,INPUT_LN2_90_5.txt,OUTPUT_BM2_90_5.txt,17,3.097335109,2.894946017,2.893934845,2.894454495,2.894394496,2.892686138
3649,INPUT_LN2_90_5.txt,OUTPUT_GUT_90_5.txt,17,12.10519601,12.06873033,12.06768131,12.06877895,12.06613267,12.0675911
3650,INPUT_LN2_90_5.txt,OUTPUT_L_90_5.txt,17,22.19614077,20.1343952,20.13726534,20.13075069,20.12993641,20.13017473
3651,INPUT_LN2_90_5.txt,OUTPUT_LN1_90_5.txt,17,0.013073837,0.009205624,0.009204869,0.0092057,0.009203995,0.009204917
3652,INPUT_LN2_90_5.txt,OUTPUT_LN2_90_5.txt,17,-399703,-299545,-299567.5,-299542.5,-299598,-299568
3653,INPUT_LN2_90_5.txt,OUTPUT_LUNG_90_5.txt,17,0.064740139,0.082196238,0.082206527,0.082202131,0.082188614,0.082201197
3654,INPUT_LN2_90_5.txt,OUTPUT_S_90_5.txt,17,4.998859374,3.786765443,3.78658039,3.786786286,3.786328586,3.786568797
3655,INPUT_LN2_90_5.txt,OUTPUT_SKIN1_90_5.txt,17,1.755669445,1.84832895,1.848171191,1.84832975,1.847810113,1.848204072
3656,INPUT_LN2_90_5.txt,OUTPUT_SKIN2_90_5.txt,17,1.06226532,0.783681732,0.783425574,0.783766178,0.783599696,0.783679521
3657,INPUT_LN2_90_5.txt,OUTPUT_SKIN3_90_5.txt,17,1.593466663,1.896722767,1.896756883,1.898268412,1.896334589,1.896605051
3658,INPUT_LN2_90_5.txt,OUTPUT_SKIN4_90_5.txt,17,0.608268554,0.695250755,0.694585572,0.695139666,0.694514748,0.695196647
3659,INPUT_LN2_90_5.txt,OUTPUT_SKIN5_90_5.txt,17,3.718886389,2.958516765,2.957229382,2.958107907,2.957327066,2.957689539
3660,INPUT_LN2_90_5.txt,OUTPUT_SKIN6_90_5.txt,17,0.443927619,0.441151059,0.441096103,0.441253295,0.441129243,0.441081145
3661,INPUT_LUNG_90_5.txt,OUTPUT_BM1_90_5.txt,17,0.507112933,0.38054956,0.380303274,0.380210454,0.380398817,0.380287997
3662,INPUT_LUNG_90_5.txt,OUTPUT_BM2_90_5.txt,17,7.682808274,8.123379641,8.122155708,8.122581057,8.123184859,8.119965265
3663,INPUT_LUNG_90_5.txt,OUTPUT_GUT_90_5.txt,17,1.493754549,1.492882911,1.492922774,1.492895499,1.492899695,1.492910186
3664,INPUT_LUNG_90_5.txt,OUTPUT_L_90_5.txt,17,14.73666016,14.36144719,14.36237557,14.36038664,14.35902812,14.35989585
3665,INPUT_LUNG_90_5.txt,OUTPUT_LN1_90_5.txt,17,0.684500448,0.792584147,0.792599749,0.792590788,0.792593002,0.792598537
3666,INPUT_LUNG_90_5.txt,OUTPUT_LN2_90_5.txt,17,0.310603151,0.319661561,0.319718298,0.319660322,0.319778876,0.319718188
3667,INPUT_LUNG_90_5.txt,OUTPUT_LUNG_90_5.txt,17,-481694.5,-361181.5,-361172,-361178.5,-361177.5,-361175
3668,INPUT_LUNG_90_5.txt,OUTPUT_S_90_5.txt,17,6.972977181,5.910940706,5.911102397,5.910991765,5.911008785,5.911051335
3669,INPUT_LUNG_90_5.txt,OUTPUT_SKIN1_90_5.txt,17,0.664247171,0.681780302,0.681791751,0.681779379,0.681711607,0.681800971
3670,INPUT_LUNG_90_5.txt,OUTPUT_SKIN2_90_5.txt,17,0.58402004,0.583983319,0.58382661,0.584034325,0.584008617,0.584007092
3671,INPUT_LUNG_90_5.txt,OUTPUT_SKIN3_90_5.txt,17,0.546042935,0.57010777,0.57018201,0.57058145,0.570095866,0.570118006
3672,INPUT_LUNG_90_5.txt,OUTPUT_SKIN4_90_5.txt,17,0.412282931,0.395344448,0.395001108,0.395280945,0.394995962,0.395351243
3673,INPUT_LUNG_90_5.txt,OUTPUT_SKIN5_90_5.txt,17,1.658201184,1.883355219,1.882740431,1.883096022,1.882952645,1.883007421
3674,INPUT_LUNG_90_5.txt,OUTPUT_SKIN6_90_5.txt,17,0.28914536,0.303633885,0.303627679,0.303704117,0.303676547,0.303613005
3675,INPUT_S_90_5.txt,OUTPUT_BM1_90_5.txt,17,33.12958643,29.33375093,29.3116144,29.30419176,29.3203671,29.31097216
3676,INPUT_S_90_5.txt,OUTPUT_BM2_90_5.txt,17,173.2515137,156.0109477,155.9560483,155.9780073,155.9999674,155.8758454
3677,INPUT_S_90_5.txt,OUTPUT_GUT_90_5.txt,17,0.333191145,0.311537126,0.311537126,0.311537126,0.311537126,0.311537126
3678,INPUT_S_90_5.txt,OUTPUT_L_90_5.txt,17,287.9882117,260.6880026,260.7326711,260.5845528,260.4628694,260.5287094
3679,INPUT_S_90_5.txt,OUTPUT_LN1_90_5.txt,17,1.280488914,1.172121585,1.17211443,1.172121585,1.172121585,1.172121585
3680,INPUT_S_90_5.txt,OUTPUT_LN2_90_5.txt,17,1.032001819,0.925232061,0.925379909,0.92521275,0.925577559,0.925373272
3681,INPUT_S_90_5.txt,OUTPUT_LUNG_90_5.txt,17,0.253465368,0.180208081,0.180290355,0.180234057,0.180242717,0.180264368
3682,INPUT_S_90_5.txt,OUTPUT_S_90_5.txt,17,-80065,-59923.5,-59923.5,-59923.5,-59923.5,-59923.5
3683,INPUT_S_90_5.txt,OUTPUT_SKIN1_90_5.txt,17,0.936097789,0.872678031,0.872677461,0.872678708,0.872671469,0.872678743
3684,INPUT_S_90_5.txt,OUTPUT_SKIN2_90_5.txt,17,0.745189101,0.708267288,0.708212057,0.708259181,0.708255716,0.708249886
3685,INPUT_S_90_5.txt,OUTPUT_SKIN3_90_5.txt,17,0.666200888,0.735592601,0.735624468,0.735767936,0.735575713,0.735569392
3686,INPUT_S_90_5.txt,OUTPUT_SKIN4_90_5.txt,17,0.777168139,0.69698863,0.696912777,0.696973257,0.69691505,0.696988991
3687,INPUT_S_90_5.txt,OUTPUT_SKIN5_90_5.txt,17,2.214834129,2.264539755,2.263628666,2.264357874,2.264109658,2.264053009
3688,INPUT_S_90_5.txt,OUTPUT_SKIN6_90_5.txt,17,0.603791124,0.556051638,0.556038987,0.556098229,0.556094332,0.556033055
3689,INPUT_SKIN1_90_5.txt,OUTPUT_BM1_90_5.txt,17,0.536854544,0.507482955,0.50731189,0.50725365,0.5074071,0.507297593
3690,INPUT_SKIN1_90_5.txt,OUTPUT_BM2_90_5.txt,17,0.649564899,0.521942063,0.521871477,0.521900755,0.521957324,0.521758666
3691,INPUT_SKIN1_90_5.txt,OUTPUT_GUT_90_5.txt,17,0.792126888,0.735949842,0.735953506,0.735953545,0.735991982,0.735945261
3692,INPUT_SKIN1_90_5.txt,OUTPUT_L_90_5.txt,17,1.060475428,0.987289781,0.987277837,0.987333802,0.987431552,0.987343812
3693,INPUT_SKIN1_90_5.txt,OUTPUT_LN1_90_5.txt,17,0.012172912,0.011940004,0.011939982,0.011940063,0.011940686,0.01193993
3694,INPUT_SKIN1_90_5.txt,OUTPUT_LN2_90_5.txt,17,0.541192962,0.59267563,0.592744445,0.592675774,0.592865056,0.592745348
3695,INPUT_SKIN1_90_5.txt,OUTPUT_LUNG_90_5.txt,17,0.088995559,0.048247567,0.048280906,0.048258255,0.048264255,0.04826991
3696,INPUT_SKIN1_90_5.txt,OUTPUT_S_90_5.txt,17,0.905968147,0.849585883,0.849590122,0.849590126,0.849634638,0.849580584
3697,INPUT_SKIN1_90_5.txt,OUTPUT_SKIN1_90_5.txt,17,-537518.5,-403080,-403078,-403078,-403057,-403082.5
3698,INPUT_SKIN1_90_5.txt,OUTPUT_SKIN2_90_5.txt,17,0.633631404,0.799201179,0.798995779,0.799356091,0.799362348,0.799311478
3699,INPUT_SKIN1_90_5.txt,OUTPUT_SKIN3_90_5.txt,17,0.490457439,0.583733957,0.583798497,0.584229468,0.583755239,0.583723181
3700,INPUT_SKIN1_90_5.txt,OUTPUT_SKIN4_90_5.txt,17,0.614852369,0.69730271,0.696690105,0.697188366,0.696728216,0.697296627
3701,INPUT_SKIN1_90_5.txt,OUTPUT_SKIN5_90_5.txt,17,0.940697872,1.069081648,1.068893177,1.068982294,1.069006438,1.06895384
3702,INPUT_SKIN1_90_5.txt,OUTPUT_SKIN6_90_5.txt,17,0.285684092,0.423897781,0.423874757,0.42399334,0.423970351,0.423855231
3703,INPUT_SKIN2_90_5.txt,OUTPUT_BM1_90_5.txt,17,0.322185821,0.249168534,0.249041813,0.248969732,0.249085442,0.249013749
3704,INPUT_SKIN2_90_5.txt,OUTPUT_BM2_90_5.txt,17,2.352942913,2.356803389,2.35690001,2.356708048,2.356890186,2.356278414
3705,INPUT_SKIN2_90_5.txt,OUTPUT_GUT_90_5.txt,17,1.262777922,1.158067381,1.158215839,1.15813295,1.15812466,1.158128251
3706,INPUT_SKIN2_90_5.txt,OUTPUT_L_90_5.txt,17,3.455371737,3.3713385,3.371769216,3.371362236,3.371618111,3.37136795
3707,INPUT_SKIN2_90_5.txt,OUTPUT_LN1_90_5.txt,17,0.01146633,0.012059198,0.012060695,0.012059926,0.012059839,0.012059852
3708,INPUT_SKIN2_90_5.txt,OUTPUT_LN2_90_5.txt,17,0.948465211,0.88212357,0.882385275,0.882184317,0.882475217,0.882310599
3709,INPUT_SKIN2_90_5.txt,OUTPUT_LUNG_90_5.txt,17,10.8983369,10.58809221,10.59376168,10.5899605,10.59047838,10.59146231
3710,INPUT_SKIN2_90_5.txt,OUTPUT_S_90_5.txt,17,1.878291032,1.728473309,1.728703844,1.728520085,1.72856736,1.728509601
3711,INPUT_SKIN2_90_5.txt,OUTPUT_SKIN1_90_5.txt,17,1.00167544,1.100307478,1.100441952,1.10036309,1.100241131,1.100380331
3712,INPUT_SKIN2_90_5.txt,OUTPUT_SKIN2_90_5.txt,17,-651532.5,-489111.5,-489047.5,-489082,-489085.5,-489085
3713,INPUT_SKIN2_90_5.txt,OUTPUT_SKIN3_90_5.txt,17,0.790626482,0.792590679,0.792777966,0.793308752,0.792617368,0.792651727
3714,INPUT_SKIN2_90_5.txt,OUTPUT_SKIN4_90_5.txt,17,0.456267581,0.458061182,0.45771867,0.458011833,0.457684166,0.458084733
3715,INPUT_SKIN2_90_5.txt,OUTPUT_SKIN5_90_5.txt,17,0.936763236,1.120346423,1.120144792,1.120258854,1.120180447,1.12019888
3716,INPUT_SKIN2_90_5.txt,OUTPUT_SKIN6_90_5.txt,17,0.549227385,0.584838081,0.584889858,0.585005896,0.584949248,0.58481845
3717,INPUT_SKIN3_90_5.txt,OUTPUT_BM1_90_5.txt,17,0.196905895,3.73436601,3.733493376,3.731903027,3.733712874,3.733507483
3718,INPUT_SKIN3_90_5.txt,OUTPUT_BM2_90_5.txt,17,1.503567081,0.984034105,0.983735058,0.983474671,0.983973105,0.983402928
3719,INPUT_SKIN3_90_5.txt,OUTPUT_GUT_90_5.txt,17,0.503336143,0.484641855,0.484616526,0.484437842,0.484646994,0.484636394
3720,INPUT_SKIN3_90_5.txt,OUTPUT_L_90_5.txt,17,5.325605904,5.00472264,5.00442957,5.002922984,5.004595983,5.004775503
3721,INPUT_SKIN3_90_5.txt,OUTPUT_LN1_90_5.txt,17,0.012761124,0.012909093,0.012908328,0.012903663,0.012909231,0.012908946
3722,INPUT_SKIN3_90_5.txt,OUTPUT_LN2_90_5.txt,17,0.424899523,0.520564158,0.520613133,0.520348335,0.5207487,0.520648889
3723,INPUT_SKIN3_90_5.txt,OUTPUT_LUNG_90_5.txt,17,5.878648815,6.018661586,6.018390852,6.016039585,6.01870887,6.018584648
3724,INPUT_SKIN3_90_5.txt,OUTPUT_S_90_5.txt,17,1.65360402,2.76131551,2.761185783,2.760189656,2.761166952,2.761229404
3725,INPUT_SKIN3_90_5.txt,OUTPUT_SKIN1_90_5.txt,17,0.891167759,2.426884514,2.426735898,2.425832945,2.426635001,2.426889235
3726,INPUT_SKIN3_90_5.txt,OUTPUT_SKIN2_90_5.txt,17,0.778185782,0.950378942,0.950078476,0.950669209,0.950938948,0.950916352
3727,INPUT_SKIN3_90_5.txt,OUTPUT_SKIN3_90_5.txt,17,-875059,-657110.5,-657145,-657387,-657103.5,-657118
3728,INPUT_SKIN3_90_5.txt,OUTPUT_SKIN4_90_5.txt,17,0.38297736,0.457061124,0.456631137,0.456790697,0.456661101,0.457054753
3729,INPUT_SKIN3_90_5.txt,OUTPUT_SKIN5_90_5.txt,17,2.34373224,2.982653309,2.981684954,2.98099884,2.982108231,2.982124372
3730,INPUT_SKIN3_90_5.txt,OUTPUT_SKIN6_90_5.txt,17,0.276759715,0.297132353,0.297104417,0.297075445,0.297177543,0.297103523
3731,INPUT_SKIN4_90_5.txt,OUTPUT_BM1_90_5.txt,17,0.442542785,0.493609884,0.493517353,0.493238506,0.493639014,0.493285306
3732,INPUT_SKIN4_90_5.txt,OUTPUT_BM2_90_5.txt,17,1.821026589,1.925203938,1.925668141,1.925135359,1.925974487,1.924253204
3733,INPUT_SKIN4_90_5.txt,OUTPUT_GUT_90_5.txt,17,29.90144639,27.73439535,27.75266321,27.73793329,27.75274888,27.73455887
3734,INPUT_SKIN4_90_5.txt,OUTPUT_L_90_5.txt,17,5.534326204,5.153554358,5.155831398,5.154054481,5.155975844,5.15364295
3735,INPUT_SKIN4_90_5.txt,OUTPUT_LN1_90_5.txt,17,0.015673208,0.015036102,0.015042584,0.015037364,0.015042668,0.015036102
3736,INPUT_SKIN4_90_5.txt,OUTPUT_LN2_90_5.txt,17,0.694909178,0.656590636,0.65697524,0.656635296,0.657104283,0.656688818
3737,INPUT_SKIN4_90_5.txt,OUTPUT_LUNG_90_5.txt,17,22.01526121,20.55468411,20.56085039,20.55614099,20.55991548,20.55537421
3738,INPUT_SKIN4_90_5.txt,OUTPUT_S_90_5.txt,17,2.69290234,2.682521016,2.683707572,2.682748691,2.683703537,2.68252069
3739,INPUT_SKIN4_90_5.txt,OUTPUT_SKIN1_90_5.txt,17,1.927136863,1.793057956,1.793833817,1.793192012,1.793642019,1.793080673
3740,INPUT_SKIN4_90_5.txt,OUTPUT_SKIN2_90_5.txt,17,0.724588114,0.586410815,0.586513137,0.586656909,0.586822745,0.586564643
3741,INPUT_SKIN4_90_5.txt,OUTPUT_SKIN3_90_5.txt,17,0.932133321,1.137715742,1.138336643,1.138770517,1.138189286,1.137677037
3742,INPUT_SKIN4_90_5.txt,OUTPUT_SKIN4_90_5.txt,17,-516023,-387271.5,-387102,-387239,-387102.5,-387271.5
3743,INPUT_SKIN4_90_5.txt,OUTPUT_SKIN5_90_5.txt,17,1.035270879,1.140107371,1.140235121,1.140042986,1.140366913,1.139889832
3744,INPUT_SKIN4_90_5.txt,OUTPUT_SKIN6_90_5.txt,17,0.309628135,0.300821745,0.300937914,0.300915498,0.300991621,0.300794027
3745,INPUT_SKIN5_90_5.txt,OUTPUT_BM1_90_5.txt,17,0.917113411,0.878064017,0.877623508,0.877338377,0.877803262,0.877530761
3746,INPUT_SKIN5_90_5.txt,OUTPUT_BM2_90_5.txt,17,31.70660245,29.93936665,29.93081849,29.93725127,29.93577325,29.93130699
3747,INPUT_SKIN5_90_5.txt,OUTPUT_GUT_90_5.txt,17,0.752213143,0.721671999,0.721805059,0.721726043,0.721756322,0.72174816
3748,INPUT_SKIN5_90_5.txt,OUTPUT_L_90_5.txt,17,42.6610042,40.40494685,40.38834614,40.40379629,40.40079582,40.40015183
3749,INPUT_SKIN5_90_5.txt,OUTPUT_LN1_90_5.txt,17,0.400659902,0.389661203,0.389729311,0.38969025,0.389706167,0.389701824
3750,INPUT_SKIN5_90_5.txt,OUTPUT_LN2_90_5.txt,17,1.427934895,1.694772253,1.695345221,1.694808133,1.6955949,1.695160106
3751,INPUT_SKIN5_90_5.txt,OUTPUT_LUNG_90_5.txt,17,0.017994892,0.011391466,0.011401473,0.011394821,0.011396121,0.011398084
3752,INPUT_SKIN5_90_5.txt,OUTPUT_S_90_5.txt,17,12.07628754,11.96126636,11.96143101,11.96164343,11.96154056,11.96148044
3753,INPUT_SKIN5_90_5.txt,OUTPUT_SKIN1_90_5.txt,17,0.918193147,1.017667448,1.017737642,1.017624487,1.017562168,1.017788235
3754,INPUT_SKIN5_90_5.txt,OUTPUT_SKIN2_90_5.txt,17,0.932382269,0.910697173,0.910538405,0.910748459,0.910723472,0.910698942
3755,INPUT_SKIN5_90_5.txt,OUTPUT_SKIN3_90_5.txt,17,0.456340126,0.44835701,0.448482248,0.448753111,0.448389483,0.448411026
3756,INPUT_SKIN5_90_5.txt,OUTPUT_SKIN4_90_5.txt,17,0.211857341,0.228057344,0.22789352,0.228032966,0.227878991,0.228080551
3757,INPUT_SKIN5_90_5.txt,OUTPUT_SKIN5_90_5.txt,17,-770169.5,-577848,-577743.5,-577805,-577781.5,-577788
3758,INPUT_SKIN5_90_5.txt,OUTPUT_SKIN6_90_5.txt,17,0.360642779,0.327536299,0.327567639,0.327633835,0.327605155,0.327542734
3759,INPUT_SKIN6_90_5.txt,OUTPUT_BM1_90_5.txt,17,0.329748006,0.349616843,0.349402058,0.349278763,0.349458784,0.349397235
3760,INPUT_SKIN6_90_5.txt,OUTPUT_BM2_90_5.txt,17,1.275960638,1.28747194,1.287206924,1.287145975,1.287327588,1.286796358
3761,INPUT_SKIN6_90_5.txt,OUTPUT_GUT_90_5.txt,17,24.07327039,23.06523976,23.06288694,23.06116651,23.06548277,23.06690949
3762,INPUT_SKIN6_90_5.txt,OUTPUT_L_90_5.txt,17,4.326882352,4.173068107,4.173229002,4.172451234,4.172509452,4.173053771
3763,INPUT_SKIN6_90_5.txt,OUTPUT_LN1_90_5.txt,17,0.0093588,0.007537363,0.007537496,0.007536506,0.007536867,0.007537682
3764,INPUT_SKIN6_90_5.txt,OUTPUT_LN2_90_5.txt,17,0.427877004,0.491113809,0.491196966,0.491049653,0.491248901,0.491207714
3765,INPUT_SKIN6_90_5.txt,OUTPUT_LUNG_90_5.txt,17,18.563361,16.17953266,16.18193246,16.17799682,16.17906814,16.18172871
3766,INPUT_SKIN6_90_5.txt,OUTPUT_S_90_5.txt,17,2.473247357,2.13954583,2.13959912,2.139298853,2.139403817,2.139638293
3767,INPUT_SKIN6_90_5.txt,OUTPUT_SKIN1_90_5.txt,17,1.770007294,1.991102229,1.99112565,1.990854867,1.990747395,1.991210158
3768,INPUT_SKIN6_90_5.txt,OUTPUT_SKIN2_90_5.txt,17,0.524237737,1.224405248,1.224115312,1.224116907,1.224192776,1.224321288
3769,INPUT_SKIN6_90_5.txt,OUTPUT_SKIN3_90_5.txt,17,0.645414185,0.687743577,0.687831745,0.688234102,0.687683928,0.687788484
3770,INPUT_SKIN6_90_5.txt,OUTPUT_SKIN4_90_5.txt,17,0.403632296,1.071428558,1.070300624,1.071124566,1.070208013,1.071271968
3771,INPUT_SKIN6_90_5.txt,OUTPUT_SKIN5_90_5.txt,17,0.811231683,0.95682046,0.956525729,0.956576322,0.95655321,0.956677221
3772,INPUT_SKIN6_90_5.txt,OUTPUT_SKIN6_90_5.txt,17,-709202,-532254,-532241,-532314.5,-532289,-532231.5
3773,INPUT_BM1_90_5.txt,OUTPUT_BM1_90_5.txt,18,-877124.5,-658377.5,-658263,-658222,-658101.5,-658277
3774,INPUT_BM1_90_5.txt,OUTPUT_BM2_90_5.txt,18,0.361575158,0.327115238,0.327132158,0.327371071,0.327485141,0.327232624
3775,INPUT_BM1_90_5.txt,OUTPUT_GUT_90_5.txt,18,6.809144772,6.464920965,6.466203544,6.46666293,6.468013448,6.466046695
3776,INPUT_BM1_90_5.txt,OUTPUT_L_90_5.txt,18,0.718951186,0.619900256,0.619575277,0.619293406,0.619536563,0.619444709
3777,INPUT_BM1_90_5.txt,OUTPUT_LN1_90_5.txt,18,0.143592826,0.14244064,0.142532838,0.142537284,0.142493131,0.142524114
3778,INPUT_BM1_90_5.txt,OUTPUT_LN2_90_5.txt,18,0.402447241,0.379319144,0.379385861,0.379409757,0.379480004,0.379377702
3779,INPUT_BM1_90_5.txt,OUTPUT_LUNG_90_5.txt,18,0.029113286,0.027993904,0.027997833,0.028004043,0.028034965,0.02803093
3780,INPUT_BM1_90_5.txt,OUTPUT_S_90_5.txt,18,2.524830567,2.259043666,2.258456346,2.260602233,2.260478687,2.259852046
3781,INPUT_BM1_90_5.txt,OUTPUT_SKIN1_90_5.txt,18,0.121750296,0.11852295,0.118544409,0.118451143,0.118401833,0.118365082
3782,INPUT_BM1_90_5.txt,OUTPUT_SKIN2_90_5.txt,18,0.14146782,0.132631946,0.132672626,0.1327156,0.132709898,0.132628355
3783,INPUT_BM1_90_5.txt,OUTPUT_SKIN3_90_5.txt,18,0.157239901,0.208679759,0.208726489,0.208730381,0.208786966,0.20867294
3784,INPUT_BM1_90_5.txt,OUTPUT_SKIN4_90_5.txt,18,0.154173715,0.14179325,0.141947006,0.141966029,0.141891325,0.141844701
3785,INPUT_BM1_90_5.txt,OUTPUT_SKIN5_90_5.txt,18,0.133768093,0.206793519,0.206703657,0.206719173,0.206872991,0.20668999
3786,INPUT_BM1_90_5.txt,OUTPUT_SKIN6_90_5.txt,18,0.248700524,0.284660144,0.284781127,0.284764852,0.284857892,0.284729663
3787,INPUT_BM2_90_5.txt,OUTPUT_BM1_90_5.txt,18,1.071282325,0.934408256,0.934141075,0.933715542,0.933298326,0.934028444
3788,INPUT_BM2_90_5.txt,OUTPUT_BM2_90_5.txt,18,-849391,-637097,-637058,-637270.5,-637323,-637162.5
3789,INPUT_BM2_90_5.txt,OUTPUT_GUT_90_5.txt,18,0.095399558,0.097190068,0.097196027,0.097163566,0.097155549,0.097180061
3790,INPUT_BM2_90_5.txt,OUTPUT_L_90_5.txt,18,1.198254733,1.195869291,1.195109791,1.194097489,1.194248822,1.194689222
3791,INPUT_BM2_90_5.txt,OUTPUT_LN1_90_5.txt,18,0.080904438,0.076993983,0.07703479,0.077007361,0.076963019,0.077019824
3792,INPUT_BM2_90_5.txt,OUTPUT_LN2_90_5.txt,18,0.098720116,0.099698311,0.099704428,0.099671102,0.099662872,0.099688037
3793,INPUT_BM2_90_5.txt,OUTPUT_LUNG_90_5.txt,18,0.058032578,0.05664892,0.056649397,0.056620881,0.056616207,0.056638649
3794,INPUT_BM2_90_5.txt,OUTPUT_S_90_5.txt,18,2.06137972,1.797788322,1.79712279,1.798121889,1.79755381,1.797975821
3795,INPUT_BM2_90_5.txt,OUTPUT_SKIN1_90_5.txt,18,0.047610219,0.052600713,0.052604296,0.052540492,0.052503876,0.052514763
3796,INPUT_BM2_90_5.txt,OUTPUT_SKIN2_90_5.txt,18,0.038108006,0.035075691,0.035102989,0.035080014,0.035068389,0.035084895
3797,INPUT_BM2_90_5.txt,OUTPUT_SKIN3_90_5.txt,18,0.124994741,0.110401893,0.110405136,0.11031579,0.110367895,0.110311492
3798,INPUT_BM2_90_5.txt,OUTPUT_SKIN4_90_5.txt,18,0.074261594,0.077523275,0.077598566,0.077579179,0.077516811,0.077530197
3799,INPUT_BM2_90_5.txt,OUTPUT_SKIN5_90_5.txt,18,0.13385977,0.127165773,0.127094511,0.12705421,0.127110346,0.127068212
3800,INPUT_BM2_90_5.txt,OUTPUT_SKIN6_90_5.txt,18,0.164821142,0.170489086,0.170541262,0.170462922,0.170473705,0.170485124
3801,INPUT_GUT_90_5.txt,OUTPUT_BM1_90_5.txt,18,1.680895449,1.372358823,1.371902891,1.371739646,1.371259911,1.371958635
3802,INPUT_GUT_90_5.txt,OUTPUT_BM2_90_5.txt,18,0.476515875,0.410279945,0.410231425,0.410500578,0.410568418,0.410364299
3803,INPUT_GUT_90_5.txt,OUTPUT_GUT_90_5.txt,18,-135649,-101648.5,-101648.5,-101648.5,-101648.5,-101648.5
3804,INPUT_GUT_90_5.txt,OUTPUT_L_90_5.txt,18,0.91000901,0.929722156,0.929087397,0.92862257,0.928812637,0.928917833
3805,INPUT_GUT_90_5.txt,OUTPUT_LN1_90_5.txt,18,0.151565313,0.135528801,0.135606765,0.135601289,0.135528885,0.135598149
3806,INPUT_GUT_90_5.txt,OUTPUT_LN2_90_5.txt,18,0.078030097,0.055406859,0.055406859,0.055406859,0.055406859,0.055406859
3807,INPUT_GUT_90_5.txt,OUTPUT_LUNG_90_5.txt,18,0.025150553,0.028432811,0.028431884,0.028428915,0.028428915,0.028431438
3808,INPUT_GUT_90_5.txt,OUTPUT_S_90_5.txt,18,2.568566451,2.328000354,2.327090501,2.328957938,2.328460614,2.328434161
3809,INPUT_GUT_90_5.txt,OUTPUT_SKIN1_90_5.txt,18,0.063670202,0.061835959,0.061837119,0.061776309,0.061753545,0.061750727
3810,INPUT_GUT_90_5.txt,OUTPUT_SKIN2_90_5.txt,18,0.062015756,0.057665667,0.057678025,0.057692031,0.057679382,0.05767022
3811,INPUT_GUT_90_5.txt,OUTPUT_SKIN3_90_5.txt,18,0.134381546,0.107432214,0.107426039,0.107454916,0.107433449,0.107441375
3812,INPUT_GUT_90_5.txt,OUTPUT_SKIN4_90_5.txt,18,0.102049931,0.082148423,0.082183656,0.082168682,0.082126392,0.082118643
3813,INPUT_GUT_90_5.txt,OUTPUT_SKIN5_90_5.txt,18,0.136341119,0.12028613,0.120268348,0.120269394,0.120272309,0.120276908
3814,INPUT_GUT_90_5.txt,OUTPUT_SKIN6_90_5.txt,18,0.12032515,0.111290233,0.111326439,0.111303789,0.111328524,0.111305029
3815,INPUT_L_90_5.txt,OUTPUT_BM1_90_5.txt,18,0.755217273,0.38821476,0.388215173,0.388267147,0.388084485,0.388268422
3816,INPUT_L_90_5.txt,OUTPUT_BM2_90_5.txt,18,144.7428554,141.8658661,141.9248352,142.1078744,142.1156376,142.0076791
3817,INPUT_L_90_5.txt,OUTPUT_GUT_90_5.txt,18,4.137504721,4.059610556,4.061151908,4.062290768,4.061828713,4.061568484
3818,INPUT_L_90_5.txt,OUTPUT_L_90_5.txt,18,-809327,-607456.5,-607244.5,-607087.5,-607151,-607187
3819,INPUT_L_90_5.txt,OUTPUT_LN1_90_5.txt,18,0.129975029,0.136922657,0.137029478,0.13706362,0.136979065,0.13704131
3820,INPUT_L_90_5.txt,OUTPUT_LN2_90_5.txt,18,0.293787425,0.300533438,0.300639293,0.3007177,0.300685969,0.300668
3821,INPUT_L_90_5.txt,OUTPUT_LUNG_90_5.txt,18,0.047953686,0.073048035,0.07306978,0.073076451,0.073068785,0.073074873
3822,INPUT_L_90_5.txt,OUTPUT_S_90_5.txt,18,82.28376903,42.3112783,42.30636001,42.3485078,42.33613489,42.33367157
3823,INPUT_L_90_5.txt,OUTPUT_SKIN1_90_5.txt,18,0.048670283,0.05147155,0.051489888,0.051458517,0.051421556,0.051416265
3824,INPUT_L_90_5.txt,OUTPUT_SKIN2_90_5.txt,18,0.032917543,0.03985671,0.03987977,0.039897293,0.039883437,0.039870458
3825,INPUT_L_90_5.txt,OUTPUT_SKIN3_90_5.txt,18,0.102736928,0.1039267,0.103964949,0.104002735,0.10398455,0.103949899
3826,INPUT_L_90_5.txt,OUTPUT_SKIN4_90_5.txt,18,0.07358261,0.069565888,0.069655437,0.069677889,0.069619264,0.069612806
3827,INPUT_L_90_5.txt,OUTPUT_SKIN5_90_5.txt,18,0.162535495,0.153683955,0.153643373,0.153685374,0.153746869,0.153652388
3828,INPUT_L_90_5.txt,OUTPUT_SKIN6_90_5.txt,18,0.127529944,0.143538023,0.143624869,0.143643653,0.143650131,0.143614767
3829,INPUT_LN1_90_5.txt,OUTPUT_BM1_90_5.txt,18,0.88798957,1.089711846,1.089282601,1.089159663,1.088918314,1.089320504
3830,INPUT_LN1_90_5.txt,OUTPUT_BM2_90_5.txt,18,15.49261274,14.26095437,14.2776967,14.27607265,14.25815909,14.27613038
3831,INPUT_LN1_90_5.txt,OUTPUT_GUT_90_5.txt,18,21.52228787,20.12623885,20.13558728,20.13511457,20.12553823,20.13481849
3832,INPUT_LN1_90_5.txt,OUTPUT_L_90_5.txt,18,2.012238798,1.584504281,1.583497221,1.582780036,1.583153823,1.583225103
3833,INPUT_LN1_90_5.txt,OUTPUT_LN1_90_5.txt,18,-645765,-484344.5,-484446.5,-484444,-484322,-484444.5
3834,INPUT_LN1_90_5.txt,OUTPUT_LN2_90_5.txt,18,1.634796807,2.305601968,2.305182469,2.305192623,2.305688112,2.305190993
3835,INPUT_LN1_90_5.txt,OUTPUT_LUNG_90_5.txt,18,0.052593311,0.043408176,0.043397696,0.04340867,0.04347134,0.043465722
3836,INPUT_LN1_90_5.txt,OUTPUT_S_90_5.txt,18,2.913240331,1.964566962,1.963974967,1.965392003,1.96494404,1.964979895
3837,INPUT_LN1_90_5.txt,OUTPUT_SKIN1_90_5.txt,18,0.184866689,0.19378696,0.193747342,0.193575817,0.193504559,0.193446839
3838,INPUT_LN1_90_5.txt,OUTPUT_SKIN2_90_5.txt,18,0.289639551,0.289354931,0.289532528,0.289411678,0.289411623,0.2894287
3839,INPUT_LN1_90_5.txt,OUTPUT_SKIN3_90_5.txt,18,0.664389506,0.640042661,0.639957187,0.640167477,0.640134252,0.639896418
3840,INPUT_LN1_90_5.txt,OUTPUT_SKIN4_90_5.txt,18,0.363358452,0.462109062,0.462441878,0.462486563,0.462252474,0.462106619
3841,INPUT_LN1_90_5.txt,OUTPUT_SKIN5_90_5.txt,18,0.510587031,0.458702752,0.458314897,0.458325743,0.45869028,0.458298666
3842,INPUT_LN1_90_5.txt,OUTPUT_SKIN6_90_5.txt,18,0.670361314,0.615220668,0.615238199,0.615161987,0.615412529,0.615135489
3843,INPUT_LN2_90_5.txt,OUTPUT_BM1_90_5.txt,18,2.625967897,3.245212675,3.244214483,3.243857072,3.242806691,3.244336529
3844,INPUT_LN2_90_5.txt,OUTPUT_BM2_90_5.txt,18,1.035138776,1.072960525,1.072833625,1.073525058,1.073695888,1.073173613
3845,INPUT_LN2_90_5.txt,OUTPUT_GUT_90_5.txt,18,39.8129647,37.77618684,37.77618684,37.77618684,37.77618684,37.77618684
3846,INPUT_LN2_90_5.txt,OUTPUT_L_90_5.txt,18,2.637927956,2.835401751,2.833621277,2.832301927,2.832835118,2.833137919
3847,INPUT_LN2_90_5.txt,OUTPUT_LN1_90_5.txt,18,0.673545355,0.867324426,0.86770095,0.86769137,0.867242101,0.867692966
3848,INPUT_LN2_90_5.txt,OUTPUT_LN2_90_5.txt,18,-275400,-206346.5,-206346.5,-206346.5,-206346.5,-206346.5
3849,INPUT_LN2_90_5.txt,OUTPUT_LUNG_90_5.txt,18,0.091529847,0.098078071,0.098073562,0.098067333,0.098095516,0.09810874
3850,INPUT_LN2_90_5.txt,OUTPUT_S_90_5.txt,18,8.621426087,8.779211603,8.776773314,8.781777155,8.780444811,8.780373939
3851,INPUT_LN2_90_5.txt,OUTPUT_SKIN1_90_5.txt,18,0.757784116,0.740502615,0.740508293,0.739853663,0.739414993,0.739382441
3852,INPUT_LN2_90_5.txt,OUTPUT_SKIN2_90_5.txt,18,0.668804466,0.734489982,0.735054636,0.734751816,0.734581105,0.734799929
3853,INPUT_LN2_90_5.txt,OUTPUT_SKIN3_90_5.txt,18,0.71994681,0.657708,0.657684832,0.657424336,0.657730687,0.657303402
3854,INPUT_LN2_90_5.txt,OUTPUT_SKIN4_90_5.txt,18,0.53886169,0.623583315,0.624147027,0.62419432,0.623734632,0.623698444
3855,INPUT_LN2_90_5.txt,OUTPUT_SKIN5_90_5.txt,18,0.525568883,0.587980129,0.587625589,0.587634287,0.587961594,0.587596207
3856,INPUT_LN2_90_5.txt,OUTPUT_SKIN6_90_5.txt,18,1.138464137,1.246481515,1.246765576,1.246625751,1.246790964,1.246577714
3857,INPUT_LUNG_90_5.txt,OUTPUT_BM1_90_5.txt,18,0.361294135,0.426319439,0.426221242,0.426225693,0.426132776,0.426270278
3858,INPUT_LUNG_90_5.txt,OUTPUT_BM2_90_5.txt,18,0.314135395,0.340107974,0.340083191,0.340303205,0.340366954,0.340202611
3859,INPUT_LUNG_90_5.txt,OUTPUT_GUT_90_5.txt,18,0.150393588,0.143146226,0.143150124,0.143164812,0.143172444,0.143162098
3860,INPUT_LUNG_90_5.txt,OUTPUT_L_90_5.txt,18,0.875594491,0.869985632,0.869714081,0.869583355,0.869718137,0.869705854
3861,INPUT_LUNG_90_5.txt,OUTPUT_LN1_90_5.txt,18,0.164054365,0.154902712,0.154978999,0.154991351,0.154924549,0.154987062
3862,INPUT_LUNG_90_5.txt,OUTPUT_LN2_90_5.txt,18,0.238151131,0.223911428,0.223917536,0.223940551,0.223952504,0.22393629
3863,INPUT_LUNG_90_5.txt,OUTPUT_LUNG_90_5.txt,18,-637918,-478596,-478583,-478534,-478508.5,-478543
3864,INPUT_LUNG_90_5.txt,OUTPUT_S_90_5.txt,18,0.909721662,0.885998343,0.885856851,0.88628819,0.886244658,0.886175459
3865,INPUT_LUNG_90_5.txt,OUTPUT_SKIN1_90_5.txt,18,0.140684164,0.138758683,0.138763401,0.138655985,0.138578498,0.138562259
3866,INPUT_LUNG_90_5.txt,OUTPUT_SKIN2_90_5.txt,18,0.127980087,0.106542194,0.1065996,0.106599029,0.106578121,0.106571988
3867,INPUT_LUNG_90_5.txt,OUTPUT_SKIN3_90_5.txt,18,0.225642307,0.235577244,0.23560286,0.235647616,0.235647809,0.235577502
3868,INPUT_LUNG_90_5.txt,OUTPUT_SKIN4_90_5.txt,18,0.170597588,0.17178867,0.171949032,0.171982346,0.171864359,0.171841008
3869,INPUT_LUNG_90_5.txt,OUTPUT_SKIN5_90_5.txt,18,0.278831477,0.285247805,0.285075686,0.28511014,0.285271733,0.28508879
3870,INPUT_LUNG_90_5.txt,OUTPUT_SKIN6_90_5.txt,18,0.341876879,0.332984446,0.333070217,0.333070198,0.333128401,0.333037262
3871,INPUT_S_90_5.txt,OUTPUT_BM1_90_5.txt,18,63.62102005,62.52280404,62.51512152,62.47309168,62.45676409,62.49398478
3872,INPUT_S_90_5.txt,OUTPUT_BM2_90_5.txt,18,28.08695366,27.32042775,27.32424253,27.32948616,27.33883018,27.32346326
3873,INPUT_S_90_5.txt,OUTPUT_GUT_90_5.txt,18,4.734085625,4.543026077,4.54412698,4.54186814,4.542469427,4.542501414
3874,INPUT_S_90_5.txt,OUTPUT_L_90_5.txt,18,23.62283346,23.87705549,23.86517533,23.84036183,23.84880815,23.85190933
3875,INPUT_S_90_5.txt,OUTPUT_LN1_90_5.txt,18,0.18911628,0.186821517,0.186943353,0.186857426,0.186783287,0.186881252
3876,INPUT_S_90_5.txt,OUTPUT_LN2_90_5.txt,18,2.042567512,2.085843059,2.08632747,2.085333543,2.085598123,2.085612198
3877,INPUT_S_90_5.txt,OUTPUT_LUNG_90_5.txt,18,0.156378663,0.128720766,0.128750247,0.128808473,0.129208677,0.129218719
3878,INPUT_S_90_5.txt,OUTPUT_S_90_5.txt,18,-528248,-396283,-396197,-396373.5,-396326.5,-396324
3879,INPUT_S_90_5.txt,OUTPUT_SKIN1_90_5.txt,18,0.239006741,0.259071562,0.259129983,0.258806907,0.258692567,0.2586839
3880,INPUT_S_90_5.txt,OUTPUT_SKIN2_90_5.txt,18,0.322348226,0.332457739,0.332730414,0.332438128,0.332428746,0.332494106
3881,INPUT_S_90_5.txt,OUTPUT_SKIN3_90_5.txt,18,0.388195834,0.350483094,0.350549969,0.350237617,0.350449181,0.350216018
3882,INPUT_S_90_5.txt,OUTPUT_SKIN4_90_5.txt,18,0.22729861,0.272096405,0.272387937,0.27228427,0.272132896,0.272114161
3883,INPUT_S_90_5.txt,OUTPUT_SKIN5_90_5.txt,18,0.188257556,0.251825546,0.251736226,0.251626993,0.251783008,0.251646261
3884,INPUT_S_90_5.txt,OUTPUT_SKIN6_90_5.txt,18,0.397640801,0.491482076,0.491616959,0.491377612,0.491455148,0.491431035
3885,INPUT_SKIN1_90_5.txt,OUTPUT_BM1_90_5.txt,18,0.923823933,0.756856102,0.756683683,0.756954858,0.757005767,0.757282823
3886,INPUT_SKIN1_90_5.txt,OUTPUT_BM2_90_5.txt,18,3.140449759,2.958132121,2.958200737,2.959065456,2.959832775,2.960252381
3887,INPUT_SKIN1_90_5.txt,OUTPUT_GUT_90_5.txt,18,7.047641413,6.557806309,6.557817101,6.559881279,6.562089585,6.56220513
3888,INPUT_SKIN1_90_5.txt,OUTPUT_L_90_5.txt,18,0.816901864,0.917449691,0.91707346,0.917198852,0.917588964,0.917673132
3889,INPUT_SKIN1_90_5.txt,OUTPUT_LN1_90_5.txt,18,1.058422919,1.188173169,1.188640034,1.189157782,1.188959122,1.189548841
3890,INPUT_SKIN1_90_5.txt,OUTPUT_LN2_90_5.txt,18,9.29810238,8.770260406,8.77024059,8.774115078,8.777109093,8.777307587
3891,INPUT_SKIN1_90_5.txt,OUTPUT_LUNG_90_5.txt,18,0.031170269,0.037244463,0.037242356,0.037252308,0.037263555,0.037269749
3892,INPUT_SKIN1_90_5.txt,OUTPUT_S_90_5.txt,18,2.206897922,2.039417742,2.039420084,2.040299207,2.040925223,2.040970348
3893,INPUT_SKIN1_90_5.txt,OUTPUT_SKIN1_90_5.txt,18,-581221.5,-436280,-436281.5,-436091,-435959,-435949.5
3894,INPUT_SKIN1_90_5.txt,OUTPUT_SKIN2_90_5.txt,18,0.808213512,0.809886602,0.809028312,0.810586516,0.810661093,0.809450062
3895,INPUT_SKIN1_90_5.txt,OUTPUT_SKIN3_90_5.txt,18,0.402263422,0.715723097,0.71570621,0.716245936,0.716247083,0.716226394
3896,INPUT_SKIN1_90_5.txt,OUTPUT_SKIN4_90_5.txt,18,0.443374182,0.629749684,0.630337041,0.630651753,0.630402803,0.630359145
3897,INPUT_SKIN1_90_5.txt,OUTPUT_SKIN5_90_5.txt,18,0.294314461,0.849910083,0.849366443,0.849752762,0.850450153,0.849982956
3898,INPUT_SKIN1_90_5.txt,OUTPUT_SKIN6_90_5.txt,18,0.540057526,0.731725206,0.731914803,0.732141255,0.732472707,0.732348139
3899,INPUT_SKIN2_90_5.txt,OUTPUT_BM1_90_5.txt,18,0.817059688,0.74507437,0.74459629,0.744686143,0.744591784,0.7447496
3900,INPUT_SKIN2_90_5.txt,OUTPUT_BM2_90_5.txt,18,3.439775927,3.366281105,3.365028718,3.365107001,3.365376932,3.365306471
3901,INPUT_SKIN2_90_5.txt,OUTPUT_GUT_90_5.txt,18,7.653986198,7.535149409,7.531812934,7.533484744,7.534520417,7.533267931
3902,INPUT_SKIN2_90_5.txt,OUTPUT_L_90_5.txt,18,0.917356993,0.886419704,0.885668477,0.88555803,0.885785999,0.885717399
3903,INPUT_SKIN2_90_5.txt,OUTPUT_LN1_90_5.txt,18,1.34709155,1.105379782,1.105373666,1.105593577,1.105200124,1.105563398
3904,INPUT_SKIN2_90_5.txt,OUTPUT_LN2_90_5.txt,18,3.154947537,2.688685105,2.687545634,2.688110609,2.68845826,2.688049131
3905,INPUT_SKIN2_90_5.txt,OUTPUT_LUNG_90_5.txt,18,0.052921942,0.051329108,0.051306236,0.051315613,0.051342865,0.051341892
3906,INPUT_SKIN2_90_5.txt,OUTPUT_S_90_5.txt,18,1.67649054,1.578666554,1.57782665,1.578563901,1.578650728,1.578402754
3907,INPUT_SKIN2_90_5.txt,OUTPUT_SKIN1_90_5.txt,18,0.708451378,0.677723845,0.677454337,0.677011719,0.676681519,0.676539636
3908,INPUT_SKIN2_90_5.txt,OUTPUT_SKIN2_90_5.txt,18,-697010.5,-523019.5,-523230,-523122,-523057.5,-523137.5
3909,INPUT_SKIN2_90_5.txt,OUTPUT_SKIN3_90_5.txt,18,0.511859567,0.455692213,0.455518933,0.455742648,0.45567617,0.45561856
3910,INPUT_SKIN2_90_5.txt,OUTPUT_SKIN4_90_5.txt,18,0.665023719,0.862425568,0.862846264,0.863080162,0.862590491,0.862407372
3911,INPUT_SKIN2_90_5.txt,OUTPUT_SKIN5_90_5.txt,18,0.641267465,0.603106731,0.602481968,0.602610915,0.603100565,0.602558635
3912,INPUT_SKIN2_90_5.txt,OUTPUT_SKIN6_90_5.txt,18,1.047253256,0.996540905,0.996395256,0.996473587,0.996747537,0.996402789
3913,INPUT_SKIN3_90_5.txt,OUTPUT_BM1_90_5.txt,18,0.817809823,0.941567179,0.941340437,0.941189217,0.941178393,0.941428878
3914,INPUT_SKIN3_90_5.txt,OUTPUT_BM2_90_5.txt,18,2.731786061,2.668188322,2.667834968,2.6672152,2.667617045,2.667942063
3915,INPUT_SKIN3_90_5.txt,OUTPUT_GUT_90_5.txt,18,6.225264949,6.056170406,6.05535109,6.05494107,6.056144308,6.056067485
3916,INPUT_SKIN3_90_5.txt,OUTPUT_L_90_5.txt,18,1.010178851,1.129314684,1.128904558,1.128561473,1.1288498,1.128907424
3917,INPUT_SKIN3_90_5.txt,OUTPUT_LN1_90_5.txt,18,38.21768873,37.1800984,37.14665534,37.145408,37.19270168,37.15059717
3918,INPUT_SKIN3_90_5.txt,OUTPUT_LN2_90_5.txt,18,4.409989228,4.777429698,4.777204192,4.776599476,4.777411193,4.777485432
3919,INPUT_SKIN3_90_5.txt,OUTPUT_LUNG_90_5.txt,18,0.053784677,0.063419189,0.063416028,0.063393594,0.063395833,0.063406906
3920,INPUT_SKIN3_90_5.txt,OUTPUT_S_90_5.txt,18,1.996434506,1.935976599,1.935747283,1.935476402,1.935919206,1.935869726
3921,INPUT_SKIN3_90_5.txt,OUTPUT_SKIN1_90_5.txt,18,1.399554074,1.284276158,1.284289826,1.282965324,1.282352557,1.282336396
3922,INPUT_SKIN3_90_5.txt,OUTPUT_SKIN2_90_5.txt,18,1.713885576,1.775681481,1.777114354,1.776117521,1.775931275,1.776523497
3923,INPUT_SKIN3_90_5.txt,OUTPUT_SKIN3_90_5.txt,18,-932367,-700264.5,-700261.5,-700366,-700267,-700245.5
3924,INPUT_SKIN3_90_5.txt,OUTPUT_SKIN4_90_5.txt,18,0.926461465,0.78678959,0.787501859,0.787456888,0.787000631,0.786952223
3925,INPUT_SKIN3_90_5.txt,OUTPUT_SKIN5_90_5.txt,18,1.135162829,1.318768919,1.317938064,1.31776988,1.318632339,1.317922316
3926,INPUT_SKIN3_90_5.txt,OUTPUT_SKIN6_90_5.txt,18,0.870824844,0.807924831,0.808120852,0.807897093,0.80813276,0.808003202
3927,INPUT_SKIN4_90_5.txt,OUTPUT_BM1_90_5.txt,18,0.980315927,1.147308527,1.147079431,1.14641853,1.147059726,1.147046567
3928,INPUT_SKIN4_90_5.txt,OUTPUT_BM2_90_5.txt,18,0.547448291,0.624292612,0.624081156,0.624281949,0.624714846,0.62436395
3929,INPUT_SKIN4_90_5.txt,OUTPUT_GUT_90_5.txt,18,12.11339598,11.45154397,11.46169496,11.44631284,11.46289031,11.44967508
3930,INPUT_SKIN4_90_5.txt,OUTPUT_L_90_5.txt,18,1.846569102,1.758295639,1.758109078,1.75642097,1.75838097,1.757502228
3931,INPUT_SKIN4_90_5.txt,OUTPUT_LN1_90_5.txt,18,3.247717672,2.532831276,2.532732008,2.532512167,2.532362034,2.533600641
3932,INPUT_SKIN4_90_5.txt,OUTPUT_LN2_90_5.txt,18,4.664241777,4.079270577,4.077415092,4.076388529,4.078672447,4.078925877
3933,INPUT_SKIN4_90_5.txt,OUTPUT_LUNG_90_5.txt,18,0.190428141,0.190868452,0.190773136,0.190725771,0.190774216,0.190810577
3934,INPUT_SKIN4_90_5.txt,OUTPUT_S_90_5.txt,18,2.137707715,1.862534555,1.86297746,1.862123626,1.864102381,1.862763244
3935,INPUT_SKIN4_90_5.txt,OUTPUT_SKIN1_90_5.txt,18,1.500261627,1.340306981,1.339710754,1.33847063,1.33811418,1.338118238
3936,INPUT_SKIN4_90_5.txt,OUTPUT_SKIN2_90_5.txt,18,2.205892773,2.09655591,2.0973036,2.096331002,2.096573501,2.09731344
3937,INPUT_SKIN4_90_5.txt,OUTPUT_SKIN3_90_5.txt,18,0.895921347,0.868051421,0.867654978,0.867874845,0.867939721,0.867927288
3938,INPUT_SKIN4_90_5.txt,OUTPUT_SKIN4_90_5.txt,18,-501545.5,-376047,-376215.5,-376232.5,-376098,-376080.5
3939,INPUT_SKIN4_90_5.txt,OUTPUT_SKIN5_90_5.txt,18,1.335454946,1.21616709,1.214853555,1.214822365,1.215881229,1.21524748
3940,INPUT_SKIN4_90_5.txt,OUTPUT_SKIN6_90_5.txt,18,1.257702957,1.581671755,1.581332528,1.581063793,1.58185676,1.581631657
3941,INPUT_SKIN5_90_5.txt,OUTPUT_BM1_90_5.txt,18,0.878252292,1.074600232,1.074631484,1.074509756,1.07390894,1.074689101
3942,INPUT_SKIN5_90_5.txt,OUTPUT_BM2_90_5.txt,18,8.439195684,8.192636403,8.195397182,8.194413422,8.192092069,8.195107636
3943,INPUT_SKIN5_90_5.txt,OUTPUT_GUT_90_5.txt,18,12.11125541,11.76724917,11.77131622,11.77118079,11.76787508,11.7717523
3944,INPUT_SKIN5_90_5.txt,OUTPUT_L_90_5.txt,18,3.311756412,3.215811513,3.215717986,3.214849703,3.214346637,3.215472062
3945,INPUT_SKIN5_90_5.txt,OUTPUT_LN1_90_5.txt,18,0.868270953,1.104563856,1.105377182,1.105354507,1.104517343,1.105388357
3946,INPUT_SKIN5_90_5.txt,OUTPUT_LN2_90_5.txt,18,3.880213971,6.19212147,6.194236583,6.194169027,6.192457825,6.194350305
3947,INPUT_SKIN5_90_5.txt,OUTPUT_LUNG_90_5.txt,18,0.226596128,0.201114808,0.201167043,0.201130982,0.201079124,0.201165671
3948,INPUT_SKIN5_90_5.txt,OUTPUT_S_90_5.txt,18,3.826151803,4.171897685,4.172710052,4.173742793,4.172376237,4.17356235
3949,INPUT_SKIN5_90_5.txt,OUTPUT_SKIN1_90_5.txt,18,0.579521632,0.718076183,0.718307878,0.717670686,0.717047552,0.717220982
3950,INPUT_SKIN5_90_5.txt,OUTPUT_SKIN2_90_5.txt,18,1.325763986,1.498279731,1.499926664,1.499341033,1.498535863,1.49940433
3951,INPUT_SKIN5_90_5.txt,OUTPUT_SKIN3_90_5.txt,18,0.887698032,1.067982568,1.068416518,1.06876495,1.068150989,1.068372828
3952,INPUT_SKIN5_90_5.txt,OUTPUT_SKIN4_90_5.txt,18,0.736224883,0.500571774,0.501181787,0.501222369,0.500733793,0.500828581
3953,INPUT_SKIN5_90_5.txt,OUTPUT_SKIN5_90_5.txt,18,-655663.5,-491734.5,-491579.5,-491584.5,-491710,-491570.5
3954,INPUT_SKIN5_90_5.txt,OUTPUT_SKIN6_90_5.txt,18,0.98157257,1.199918996,1.20058385,1.200418755,1.200291389,1.200403633
3955,INPUT_SKIN6_90_5.txt,OUTPUT_BM1_90_5.txt,18,0.694637918,0.779614528,0.779360596,0.779423638,0.779250628,0.779439938
3956,INPUT_SKIN6_90_5.txt,OUTPUT_BM2_90_5.txt,18,1.949938245,1.926168229,1.92575343,1.92572037,1.925467127,1.925713534
3957,INPUT_SKIN6_90_5.txt,OUTPUT_GUT_90_5.txt,18,5.152800413,5.110732356,5.109448051,5.110418568,5.11002419,5.109901134
3958,INPUT_SKIN6_90_5.txt,OUTPUT_L_90_5.txt,18,1.316455102,1.196619883,1.196271517,1.196394433,1.196330614,1.1963474
3959,INPUT_SKIN6_90_5.txt,OUTPUT_LN1_90_5.txt,18,1.043485671,1.215489141,1.21577161,1.21584363,1.215228944,1.215869015
3960,INPUT_SKIN6_90_5.txt,OUTPUT_LN2_90_5.txt,18,3.815779498,3.773621006,3.772971754,3.773370685,3.773093797,3.773283637
3961,INPUT_SKIN6_90_5.txt,OUTPUT_LUNG_90_5.txt,18,0.180219023,0.232641678,0.232627555,0.233067893,0.234372828,0.234402443
3962,INPUT_SKIN6_90_5.txt,OUTPUT_S_90_5.txt,18,1.040293246,0.910296962,0.91000589,0.910354776,0.910229762,0.910235437
3963,INPUT_SKIN6_90_5.txt,OUTPUT_SKIN1_90_5.txt,18,2.132740477,2.500751005,2.500467659,2.498430949,2.496714397,2.496844513
3964,INPUT_SKIN6_90_5.txt,OUTPUT_SKIN2_90_5.txt,18,13.70586878,11.59947428,11.60673362,11.60326399,11.59967174,11.60363806
3965,INPUT_SKIN6_90_5.txt,OUTPUT_SKIN3_90_5.txt,18,1.495699365,1.414390293,1.414360731,1.414804566,1.414367372,1.414853049
3966,INPUT_SKIN6_90_5.txt,OUTPUT_SKIN4_90_5.txt,18,0.711232369,0.66517409,0.66568398,0.665788743,0.665260193,0.665267702
3967,INPUT_SKIN6_90_5.txt,OUTPUT_SKIN5_90_5.txt,18,2.215561434,1.914974343,1.913539955,1.913702815,1.914533424,1.913632346
3968,INPUT_SKIN6_90_5.txt,OUTPUT_SKIN6_90_5.txt,18,-710440.5,-533089.5,-533153,-533119,-533159,-533108
3969,INPUT_BM1_90_5.txt,OUTPUT_BM1_90_5.txt,19,-141753,-106206,-106206,-106206,-106206,-106206
3970,INPUT_BM1_90_5.txt,OUTPUT_BM2_90_5.txt,19,2.124635866,2.036110532,2.033917817,2.034773897,2.034037868,2.034544202
3971,INPUT_BM1_90_5.txt,OUTPUT_GUT_90_5.txt,19,NA,NA,NA,NA,NA,NA
3972,INPUT_BM1_90_5.txt,OUTPUT_L_90_5.txt,19,0.580047862,0.578645109,0.578640775,0.578625831,0.578640775,0.578625828
3973,INPUT_BM1_90_5.txt,OUTPUT_LN1_90_5.txt,19,0.27325824,0.218312265,0.218285565,0.218284413,0.218285636,0.218312336
3974,INPUT_BM1_90_5.txt,OUTPUT_LN2_90_5.txt,19,NA,NA,NA,NA,NA,NA
3975,INPUT_BM1_90_5.txt,OUTPUT_LUNG_90_5.txt,19,0.24166999,0.235534961,0.235536209,0.235535897,0.235554301,0.235554613
3976,INPUT_BM1_90_5.txt,OUTPUT_S_90_5.txt,19,2.339441155,2.22504767,2.22467773,2.225042308,2.224597311,2.224361425
3977,INPUT_BM1_90_5.txt,OUTPUT_SKIN1_90_5.txt,19,0.458691155,0.448801965,0.448802402,0.448808029,0.448805124,0.44880049
3978,INPUT_BM1_90_5.txt,OUTPUT_SKIN2_90_5.txt,19,0.601949421,0.613674701,0.613799196,0.613746765,0.613477008,0.613612122
3979,INPUT_BM1_90_5.txt,OUTPUT_SKIN3_90_5.txt,19,0.599685912,0.631070317,0.63131328,0.630984459,0.631052665,0.631064667
3980,INPUT_BM1_90_5.txt,OUTPUT_SKIN4_90_5.txt,19,0.531135549,0.552322331,0.552435071,0.552365747,0.552449721,0.552354809
3981,INPUT_BM1_90_5.txt,OUTPUT_SKIN5_90_5.txt,19,0.482524361,0.495480155,0.495426561,0.495396943,0.495358695,0.49533705
3982,INPUT_BM1_90_5.txt,OUTPUT_SKIN6_90_5.txt,19,0.395772469,0.418914845,0.418919834,0.418909802,0.418922903,0.418932791
3983,INPUT_BM2_90_5.txt,OUTPUT_BM1_90_5.txt,19,6.541590077,6.136732836,6.140452698,6.138999664,6.140248879,6.139389437
3984,INPUT_BM2_90_5.txt,OUTPUT_BM2_90_5.txt,19,-503956.5,-377717.5,-377507.5,-377589.5,-377519,-377567.5
3985,INPUT_BM2_90_5.txt,OUTPUT_GUT_90_5.txt,19,NA,NA,NA,NA,NA,NA
3986,INPUT_BM2_90_5.txt,OUTPUT_L_90_5.txt,19,0.173507658,0.155755742,0.155841549,0.155803588,0.155836784,0.155812695
3987,INPUT_BM2_90_5.txt,OUTPUT_LN1_90_5.txt,19,0.071651749,0.064611856,0.064635541,0.064620735,0.064633594,0.064637607
3988,INPUT_BM2_90_5.txt,OUTPUT_LN2_90_5.txt,19,NA,NA,NA,NA,NA,NA
3989,INPUT_BM2_90_5.txt,OUTPUT_LUNG_90_5.txt,19,0.076046866,0.065105515,0.065142115,0.065127861,0.065144466,0.065136153
3990,INPUT_BM2_90_5.txt,OUTPUT_S_90_5.txt,19,1.077562806,1.073843509,1.074254619,1.074204111,1.074181742,1.07392608
3991,INPUT_BM2_90_5.txt,OUTPUT_SKIN1_90_5.txt,19,0.106531373,0.087580099,0.087627399,0.087610374,0.087624756,0.087613328
3992,INPUT_BM2_90_5.txt,OUTPUT_SKIN2_90_5.txt,19,0.144359605,0.123509019,0.123596273,0.123562045,0.123531285,0.123543369
3993,INPUT_BM2_90_5.txt,OUTPUT_SKIN3_90_5.txt,19,0.181495288,0.165505892,0.165658554,0.165541553,0.165587759,0.165570677
3994,INPUT_BM2_90_5.txt,OUTPUT_SKIN4_90_5.txt,19,0.124905385,0.102867522,0.102937157,0.10290229,0.102944795,0.102904839
3995,INPUT_BM2_90_5.txt,OUTPUT_SKIN5_90_5.txt,19,0.14029567,0.106016531,0.106068354,0.106038901,0.106051012,0.106032875
3996,INPUT_BM2_90_5.txt,OUTPUT_SKIN6_90_5.txt,19,0.127958103,0.113260646,0.11332339,0.113297377,0.113321265,0.113309942
3997,INPUT_GUT_90_5.txt,OUTPUT_BM1_90_5.txt,19,NA,NA,NA,NA,NA,NA
3998,INPUT_GUT_90_5.txt,OUTPUT_BM2_90_5.txt,19,NA,NA,NA,NA,NA,NA
3999,INPUT_GUT_90_5.txt,OUTPUT_GUT_90_5.txt,19,NA,NA,NA,NA,NA,NA
4000,INPUT_GUT_90_5.txt,OUTPUT_L_90_5.txt,19,NA,NA,NA,NA,NA,NA
4001,INPUT_GUT_90_5.txt,OUTPUT_LN1_90_5.txt,19,NA,NA,NA,NA,NA,NA
4002,INPUT_GUT_90_5.txt,OUTPUT_LN2_90_5.txt,19,NA,NA,NA,NA,NA,NA
4003,INPUT_GUT_90_5.txt,OUTPUT_LUNG_90_5.txt,19,NA,NA,NA,NA,NA,NA
4004,INPUT_GUT_90_5.txt,OUTPUT_S_90_5.txt,19,NA,NA,NA,NA,NA,NA
4005,INPUT_GUT_90_5.txt,OUTPUT_SKIN1_90_5.txt,19,NA,NA,NA,NA,NA,NA
4006,INPUT_GUT_90_5.txt,OUTPUT_SKIN2_90_5.txt,19,NA,NA,NA,NA,NA,NA
4007,INPUT_GUT_90_5.txt,OUTPUT_SKIN3_90_5.txt,19,NA,NA,NA,NA,NA,NA
4008,INPUT_GUT_90_5.txt,OUTPUT_SKIN4_90_5.txt,19,NA,NA,NA,NA,NA,NA
4009,INPUT_GUT_90_5.txt,OUTPUT_SKIN5_90_5.txt,19,NA,NA,NA,NA,NA,NA
4010,INPUT_GUT_90_5.txt,OUTPUT_SKIN6_90_5.txt,19,NA,NA,NA,NA,NA,NA
4011,INPUT_L_90_5.txt,OUTPUT_BM1_90_5.txt,19,58.88967257,56.70650091,56.70635906,56.70568721,56.70635906,56.70593811
4012,INPUT_L_90_5.txt,OUTPUT_BM2_90_5.txt,19,0.475043375,0.464957586,0.464449612,0.464648595,0.464477512,0.464595166
4013,INPUT_L_90_5.txt,OUTPUT_GUT_90_5.txt,19,NA,NA,NA,NA,NA,NA
4014,INPUT_L_90_5.txt,OUTPUT_L_90_5.txt,19,-366380.5,-274901.5,-274900.5,-274900.5,-274900.5,-274900.5
4015,INPUT_L_90_5.txt,OUTPUT_LN1_90_5.txt,19,0.088315523,0.108251902,0.108230524,0.108229526,0.108231601,0.108253372
4016,INPUT_L_90_5.txt,OUTPUT_LN2_90_5.txt,19,NA,NA,NA,NA,NA,NA
4017,INPUT_L_90_5.txt,OUTPUT_LUNG_90_5.txt,19,0.07823734,0.070643647,0.070644564,0.070644395,0.070654132,0.070654296
4018,INPUT_L_90_5.txt,OUTPUT_S_90_5.txt,19,0.647274272,0.716889219,0.716770512,0.716890099,0.716744178,0.716666933
4019,INPUT_L_90_5.txt,OUTPUT_SKIN1_90_5.txt,19,0.211508207,0.221570406,0.221557429,0.221579056,0.221564185,0.221559587
4020,INPUT_L_90_5.txt,OUTPUT_SKIN2_90_5.txt,19,0.250199183,0.284619123,0.284601838,0.284621191,0.284473339,0.284584676
4021,INPUT_L_90_5.txt,OUTPUT_SKIN3_90_5.txt,19,0.222854181,0.242991076,0.243088359,0.242955434,0.242993524,0.24299683
4022,INPUT_L_90_5.txt,OUTPUT_SKIN4_90_5.txt,19,0.217552159,0.205226412,0.205317824,0.205294023,0.205272862,0.205293964
4023,INPUT_L_90_5.txt,OUTPUT_SKIN5_90_5.txt,19,0.188849663,0.183608982,0.183651521,0.183635064,0.183624549,0.183615639
4024,INPUT_L_90_5.txt,OUTPUT_SKIN6_90_5.txt,19,0.211773635,0.193908208,0.193899348,0.193908985,0.193892397,0.193875029
4025,INPUT_LN1_90_5.txt,OUTPUT_BM1_90_5.txt,19,36.05774217,32.71899496,32.72365635,32.72423793,32.72373427,32.71907286
4026,INPUT_LN1_90_5.txt,OUTPUT_BM2_90_5.txt,19,0.769988613,0.712791311,0.712111555,0.712411115,0.712153586,0.712259005
4027,INPUT_LN1_90_5.txt,OUTPUT_GUT_90_5.txt,19,NA,NA,NA,NA,NA,NA
4028,INPUT_LN1_90_5.txt,OUTPUT_L_90_5.txt,19,76.1458285,68.74214042,68.69124037,68.68460206,68.69147371,68.74258895
4029,INPUT_LN1_90_5.txt,OUTPUT_LN1_90_5.txt,19,-419225,-314225.5,-314196,-314192.5,-314195.5,-314225
4030,INPUT_LN1_90_5.txt,OUTPUT_LN2_90_5.txt,19,NA,NA,NA,NA,NA,NA
4031,INPUT_LN1_90_5.txt,OUTPUT_LUNG_90_5.txt,19,0.341200567,0.326922894,0.326956898,0.326959759,0.327003262,0.326973207
4032,INPUT_LN1_90_5.txt,OUTPUT_S_90_5.txt,19,1.416254851,1.531080504,1.530992424,1.531236479,1.530944792,1.530655506
4033,INPUT_LN1_90_5.txt,OUTPUT_SKIN1_90_5.txt,19,0.778239702,0.868002227,0.868028326,0.868090478,0.868031966,0.867957555
4034,INPUT_LN1_90_5.txt,OUTPUT_SKIN2_90_5.txt,19,0.499177844,0.59839167,0.598473576,0.598504277,0.598187709,0.598372301
4035,INPUT_LN1_90_5.txt,OUTPUT_SKIN3_90_5.txt,19,0.632093256,0.61765679,0.617965235,0.617627343,0.617717311,0.617673887
4036,INPUT_LN1_90_5.txt,OUTPUT_SKIN4_90_5.txt,19,0.443629197,0.49181425,0.491945137,0.491892986,0.491973096,0.491822587
4037,INPUT_LN1_90_5.txt,OUTPUT_SKIN5_90_5.txt,19,0.601547512,0.524146818,0.524316509,0.524275534,0.524240575,0.524165587
4038,INPUT_LN1_90_5.txt,OUTPUT_SKIN6_90_5.txt,19,0.270230164,0.29175359,0.291781229,0.291791264,0.291769494,0.291723419
4039,INPUT_LN2_90_5.txt,OUTPUT_BM1_90_5.txt,19,NA,NA,NA,NA,NA,NA
4040,INPUT_LN2_90_5.txt,OUTPUT_BM2_90_5.txt,19,NA,NA,NA,NA,NA,NA
4041,INPUT_LN2_90_5.txt,OUTPUT_GUT_90_5.txt,19,NA,NA,NA,NA,NA,NA
4042,INPUT_LN2_90_5.txt,OUTPUT_L_90_5.txt,19,NA,NA,NA,NA,NA,NA
4043,INPUT_LN2_90_5.txt,OUTPUT_LN1_90_5.txt,19,NA,NA,NA,NA,NA,NA
4044,INPUT_LN2_90_5.txt,OUTPUT_LN2_90_5.txt,19,NA,NA,NA,NA,NA,NA
4045,INPUT_LN2_90_5.txt,OUTPUT_LUNG_90_5.txt,19,NA,NA,NA,NA,NA,NA
4046,INPUT_LN2_90_5.txt,OUTPUT_S_90_5.txt,19,NA,NA,NA,NA,NA,NA
4047,INPUT_LN2_90_5.txt,OUTPUT_SKIN1_90_5.txt,19,NA,NA,NA,NA,NA,NA
4048,INPUT_LN2_90_5.txt,OUTPUT_SKIN2_90_5.txt,19,NA,NA,NA,NA,NA,NA
4049,INPUT_LN2_90_5.txt,OUTPUT_SKIN3_90_5.txt,19,NA,NA,NA,NA,NA,NA
4050,INPUT_LN2_90_5.txt,OUTPUT_SKIN4_90_5.txt,19,NA,NA,NA,NA,NA,NA
4051,INPUT_LN2_90_5.txt,OUTPUT_SKIN5_90_5.txt,19,NA,NA,NA,NA,NA,NA
4052,INPUT_LN2_90_5.txt,OUTPUT_SKIN6_90_5.txt,19,NA,NA,NA,NA,NA,NA
4053,INPUT_LUNG_90_5.txt,OUTPUT_BM1_90_5.txt,19,27.88075924,26.66319535,26.66302489,26.66306751,26.66055352,26.66051091
4054,INPUT_LUNG_90_5.txt,OUTPUT_BM2_90_5.txt,19,0.923656381,0.908648548,0.90771417,0.908078387,0.90770378,0.907917502
4055,INPUT_LUNG_90_5.txt,OUTPUT_GUT_90_5.txt,19,NA,NA,NA,NA,NA,NA
4056,INPUT_LUNG_90_5.txt,OUTPUT_L_90_5.txt,19,0.137324976,0.097407271,0.097406115,0.097405222,0.097399588,0.097398473
4057,INPUT_LUNG_90_5.txt,OUTPUT_LN1_90_5.txt,19,0.124894291,0.113629319,0.113607339,0.113605915,0.113599372,0.113620694
4058,INPUT_LUNG_90_5.txt,OUTPUT_LN2_90_5.txt,19,NA,NA,NA,NA,NA,NA
4059,INPUT_LUNG_90_5.txt,OUTPUT_LUNG_90_5.txt,19,-577973.5,-433252.5,-433254.5,-433254,-433283.5,-433284
4060,INPUT_LUNG_90_5.txt,OUTPUT_S_90_5.txt,19,0.710300966,1.252831655,1.252633954,1.252824488,1.252507477,1.252383688
4061,INPUT_LUNG_90_5.txt,OUTPUT_SKIN1_90_5.txt,19,0.322857265,0.287524755,0.287511988,0.287537857,0.287495715,0.287489052
4062,INPUT_LUNG_90_5.txt,OUTPUT_SKIN2_90_5.txt,19,0.526332581,0.45693939,0.456881283,0.456914303,0.456658237,0.456846742
4063,INPUT_LUNG_90_5.txt,OUTPUT_SKIN3_90_5.txt,19,0.626070547,0.536952517,0.53715644,0.536881464,0.536925062,0.536922296
4064,INPUT_LUNG_90_5.txt,OUTPUT_SKIN4_90_5.txt,19,0.431235648,0.381852009,0.381877208,0.381833514,0.381910202,0.381787412
4065,INPUT_LUNG_90_5.txt,OUTPUT_SKIN5_90_5.txt,19,0.230723473,0.231733017,0.231783904,0.231763625,0.231735639,0.23172336
4066,INPUT_LUNG_90_5.txt,OUTPUT_SKIN6_90_5.txt,19,0.384693138,0.364510078,0.364429354,0.364488112,0.364397365,0.364346179
4067,INPUT_S_90_5.txt,OUTPUT_BM1_90_5.txt,19,15.92883724,15.13983094,15.1414507,15.13985441,15.14180286,15.14283596
4068,INPUT_S_90_5.txt,OUTPUT_BM2_90_5.txt,19,0.855908125,0.550676323,0.550111142,0.55030373,0.550154922,0.55032642
4069,INPUT_S_90_5.txt,OUTPUT_GUT_90_5.txt,19,NA,NA,NA,NA,NA,NA
4070,INPUT_S_90_5.txt,OUTPUT_L_90_5.txt,19,0.257560589,0.216701824,0.21671888,0.216688377,0.216722941,0.216722729
4071,INPUT_S_90_5.txt,OUTPUT_LN1_90_5.txt,19,0.095852629,0.082594838,0.082585987,0.082578835,0.082587752,0.08260823
4072,INPUT_S_90_5.txt,OUTPUT_LN2_90_5.txt,19,NA,NA,NA,NA,NA,NA
4073,INPUT_S_90_5.txt,OUTPUT_LUNG_90_5.txt,19,0.045752892,0.104912458,0.104922474,0.104913331,0.104938788,0.104944793
4074,INPUT_S_90_5.txt,OUTPUT_S_90_5.txt,19,-536846,-402625,-402590.5,-402624.5,-402583,-402561
4075,INPUT_S_90_5.txt,OUTPUT_SKIN1_90_5.txt,19,0.262377622,0.266758816,0.266762661,0.266763219,0.266776429,0.266788347
4076,INPUT_S_90_5.txt,OUTPUT_SKIN2_90_5.txt,19,0.358720747,0.360414577,0.360470281,0.360451937,0.360308286,0.360458496
4077,INPUT_S_90_5.txt,OUTPUT_SKIN3_90_5.txt,19,0.235030407,0.259810901,0.259931027,0.259771053,0.259836296,0.259855664
4078,INPUT_S_90_5.txt,OUTPUT_SKIN4_90_5.txt,19,0.245276271,0.391490802,0.391552366,0.391475124,0.391616803,0.391518592
4079,INPUT_S_90_5.txt,OUTPUT_SKIN5_90_5.txt,19,0.194271392,0.211580824,0.21164613,0.211609772,0.211619277,0.211621601
4080,INPUT_S_90_5.txt,OUTPUT_SKIN6_90_5.txt,19,0.213332372,0.199565301,0.199574359,0.199570361,0.199570149,0.199569153
4081,INPUT_SKIN1_90_5.txt,OUTPUT_BM1_90_5.txt,19,3.451450609,3.231524987,3.231629642,3.23153401,3.231630379,3.231612926
4082,INPUT_SKIN1_90_5.txt,OUTPUT_BM2_90_5.txt,19,1.34395499,1.263407944,1.263634422,1.263525021,1.263624155,1.263574677
4083,INPUT_SKIN1_90_5.txt,OUTPUT_GUT_90_5.txt,19,NA,NA,NA,NA,NA,NA
4084,INPUT_SKIN1_90_5.txt,OUTPUT_L_90_5.txt,19,7.23695549,6.734204412,6.7344907,6.734151959,6.734486734,6.734443947
4085,INPUT_SKIN1_90_5.txt,OUTPUT_LN1_90_5.txt,19,0.541092976,0.640288518,0.640187653,0.640155173,0.640185671,0.640303163
4086,INPUT_SKIN1_90_5.txt,OUTPUT_LN2_90_5.txt,19,NA,NA,NA,NA,NA,NA
4087,INPUT_SKIN1_90_5.txt,OUTPUT_LUNG_90_5.txt,19,0.163652882,0.163718905,0.163725516,0.163720458,0.163747603,0.163747166
4088,INPUT_SKIN1_90_5.txt,OUTPUT_S_90_5.txt,19,0.932295446,0.949035167,0.949043311,0.949037187,0.949038639,0.949020252
4089,INPUT_SKIN1_90_5.txt,OUTPUT_SKIN1_90_5.txt,19,-537145,-402842.5,-402830,-402841.5,-402830,-402832
4090,INPUT_SKIN1_90_5.txt,OUTPUT_SKIN2_90_5.txt,19,0.510131533,1.661083367,1.661071208,1.661124572,1.660291563,1.660891807
4091,INPUT_SKIN1_90_5.txt,OUTPUT_SKIN3_90_5.txt,19,0.604136509,0.893647558,0.893979923,0.893508736,0.893670867,0.893642646
4092,INPUT_SKIN1_90_5.txt,OUTPUT_SKIN4_90_5.txt,19,1.489164184,1.31948372,1.319620303,1.319429139,1.319822016,1.319391664
4093,INPUT_SKIN1_90_5.txt,OUTPUT_SKIN5_90_5.txt,19,1.138322421,1.270233747,1.270572839,1.270423736,1.270382136,1.270321118
4094,INPUT_SKIN1_90_5.txt,OUTPUT_SKIN6_90_5.txt,19,0.359474712,0.658373252,0.658416812,0.658391437,0.658389216,0.658340871
4095,INPUT_SKIN2_90_5.txt,OUTPUT_BM1_90_5.txt,19,11.92682364,11.21754468,11.21797812,11.21747086,11.21965318,11.21803924
4096,INPUT_SKIN2_90_5.txt,OUTPUT_BM2_90_5.txt,19,1.095060722,1.032246624,1.031423501,1.031719881,1.031714499,1.031717927
4097,INPUT_SKIN2_90_5.txt,OUTPUT_GUT_90_5.txt,19,NA,NA,NA,NA,NA,NA
4098,INPUT_SKIN2_90_5.txt,OUTPUT_L_90_5.txt,19,21.25220177,19.85311393,19.85361318,19.8521601,19.85892618,19.85439326
4099,INPUT_SKIN2_90_5.txt,OUTPUT_LN1_90_5.txt,19,0.750258465,0.453129603,0.453017723,0.453029126,0.453157895,0.453195302
4100,INPUT_SKIN2_90_5.txt,OUTPUT_LN2_90_5.txt,19,NA,NA,NA,NA,NA,NA
4101,INPUT_SKIN2_90_5.txt,OUTPUT_LUNG_90_5.txt,19,0.163251159,0.158962523,0.158966692,0.158961583,0.15902554,0.158996832
4102,INPUT_SKIN2_90_5.txt,OUTPUT_S_90_5.txt,19,0.808839233,0.553249514,0.553177375,0.553240804,0.553290191,0.553136988
4103,INPUT_SKIN2_90_5.txt,OUTPUT_SKIN1_90_5.txt,19,0.626523238,0.664956819,0.664896007,0.664977869,0.665116159,0.664968905
4104,INPUT_SKIN2_90_5.txt,OUTPUT_SKIN2_90_5.txt,19,-1020757.5,-765540,-765526,-765549,-765346.5,-765486
4105,INPUT_SKIN2_90_5.txt,OUTPUT_SKIN3_90_5.txt,19,0.51105827,0.480918786,0.481122702,0.480836903,0.481040265,0.480967783
4106,INPUT_SKIN2_90_5.txt,OUTPUT_SKIN4_90_5.txt,19,0.684884283,0.598974436,0.599404357,0.599317066,0.599259842,0.599385599
4107,INPUT_SKIN2_90_5.txt,OUTPUT_SKIN5_90_5.txt,19,0.637989797,0.513319359,0.513448642,0.513387298,0.513491054,0.513375411
4108,INPUT_SKIN2_90_5.txt,OUTPUT_SKIN6_90_5.txt,19,0.918836225,0.865047542,0.86495426,0.86505367,0.865124211,0.864919945
4109,INPUT_SKIN3_90_5.txt,OUTPUT_BM1_90_5.txt,19,14.72549273,14.12187327,14.11854658,14.12222693,14.1213413,14.12076795
4110,INPUT_SKIN3_90_5.txt,OUTPUT_BM2_90_5.txt,19,2.415470216,2.216510293,2.214649469,2.2158716,2.215225814,2.215484805
4111,INPUT_SKIN3_90_5.txt,OUTPUT_GUT_90_5.txt,19,NA,NA,NA,NA,NA,NA
4112,INPUT_SKIN3_90_5.txt,OUTPUT_L_90_5.txt,19,28.26862569,26.92871326,26.91990366,26.93005923,26.92802517,26.92690522
4113,INPUT_SKIN3_90_5.txt,OUTPUT_LN1_90_5.txt,19,2.834361867,2.543664974,2.542657529,2.543335603,2.543174106,2.543617518
4114,INPUT_SKIN3_90_5.txt,OUTPUT_LN2_90_5.txt,19,NA,NA,NA,NA,NA,NA
4115,INPUT_SKIN3_90_5.txt,OUTPUT_LUNG_90_5.txt,19,0.457750842,0.577856501,0.577744295,0.577907253,0.577938971,0.577931542
4116,INPUT_SKIN3_90_5.txt,OUTPUT_S_90_5.txt,19,1.444946667,1.599209765,1.598663088,1.599325139,1.5989729,1.59882746
4117,INPUT_SKIN3_90_5.txt,OUTPUT_SKIN1_90_5.txt,19,0.935343993,1.024001372,1.023730309,1.024078854,1.023938713,1.023932244
4118,INPUT_SKIN3_90_5.txt,OUTPUT_SKIN2_90_5.txt,19,1.763443463,1.735214741,1.734803856,1.735396176,1.734337862,1.734943958
4119,INPUT_SKIN3_90_5.txt,OUTPUT_SKIN3_90_5.txt,19,-1030023.5,-772826,-772981.5,-772765,-772826,-772838
4120,INPUT_SKIN3_90_5.txt,OUTPUT_SKIN4_90_5.txt,19,1.517326476,1.627587522,1.627376525,1.627647473,1.6279523,1.627408549
4121,INPUT_SKIN3_90_5.txt,OUTPUT_SKIN5_90_5.txt,19,0.603225542,0.721106463,0.721128525,0.721266469,0.721164667,0.721122488
4122,INPUT_SKIN3_90_5.txt,OUTPUT_SKIN6_90_5.txt,19,0.244973666,0.322825622,0.322771686,0.322859253,0.322823518,0.322796552
4123,INPUT_SKIN4_90_5.txt,OUTPUT_BM1_90_5.txt,19,10.62957595,10.33142688,10.33119956,10.33167621,10.33056443,10.33190524
4124,INPUT_SKIN4_90_5.txt,OUTPUT_BM2_90_5.txt,19,1.368706332,1.371728128,1.370742741,1.371187962,1.37068779,1.37112544
4125,INPUT_SKIN4_90_5.txt,OUTPUT_GUT_90_5.txt,19,NA,NA,NA,NA,NA,NA
4126,INPUT_SKIN4_90_5.txt,OUTPUT_L_90_5.txt,19,18.96571815,18.32833783,18.32779381,18.32847151,18.32616571,18.32935571
4127,INPUT_SKIN4_90_5.txt,OUTPUT_LN1_90_5.txt,19,0.33923577,0.35311542,0.353026515,0.353048744,0.353008072,0.353141118
4128,INPUT_SKIN4_90_5.txt,OUTPUT_LN2_90_5.txt,19,NA,NA,NA,NA,NA,NA
4129,INPUT_SKIN4_90_5.txt,OUTPUT_LUNG_90_5.txt,19,0.200199143,0.211065695,0.211060152,0.211071821,0.211072319,0.211106534
4130,INPUT_SKIN4_90_5.txt,OUTPUT_S_90_5.txt,19,1.205501197,1.152313757,1.152140049,1.152337704,1.152022296,1.152123817
4131,INPUT_SKIN4_90_5.txt,OUTPUT_SKIN1_90_5.txt,19,1.187269985,1.336268352,1.33604114,1.336338632,1.336080399,1.336262034
4132,INPUT_SKIN4_90_5.txt,OUTPUT_SKIN2_90_5.txt,19,1.214075514,1.156993116,1.15691109,1.157046283,1.156279859,1.156885893
4133,INPUT_SKIN4_90_5.txt,OUTPUT_SKIN3_90_5.txt,19,0.715852967,0.686832537,0.687081093,0.686737241,0.686756157,0.686877583
4134,INPUT_SKIN4_90_5.txt,OUTPUT_SKIN4_90_5.txt,19,-567159.5,-425229,-425244,-425219.5,-425276.5,-425208.5
4135,INPUT_SKIN4_90_5.txt,OUTPUT_SKIN5_90_5.txt,19,0.873024092,0.878076479,0.878253366,0.878224402,0.878052323,0.878153909
4136,INPUT_SKIN4_90_5.txt,OUTPUT_SKIN6_90_5.txt,19,1.829590162,1.520820913,1.520820468,1.52089273,1.520639175,1.520778818
4137,INPUT_SKIN5_90_5.txt,OUTPUT_BM1_90_5.txt,19,7.422209079,7.257165355,7.256130381,7.256437143,7.256609871,7.256754825
4138,INPUT_SKIN5_90_5.txt,OUTPUT_BM2_90_5.txt,19,1.695480443,1.523111261,1.522290073,1.522610532,1.522442128,1.522624185
4139,INPUT_SKIN5_90_5.txt,OUTPUT_GUT_90_5.txt,19,NA,NA,NA,NA,NA,NA
4140,INPUT_SKIN5_90_5.txt,OUTPUT_L_90_5.txt,19,11.54659762,11.29017386,11.28884536,11.28909237,11.28886938,11.28993142
4141,INPUT_SKIN5_90_5.txt,OUTPUT_LN1_90_5.txt,19,1.704693013,1.990168826,1.989275826,1.989645316,1.989722981,1.990449831
4142,INPUT_SKIN5_90_5.txt,OUTPUT_LN2_90_5.txt,19,NA,NA,NA,NA,NA,NA
4143,INPUT_SKIN5_90_5.txt,OUTPUT_LUNG_90_5.txt,19,0.614192271,0.64740325,0.647335094,0.647362382,0.647473566,0.647489041
4144,INPUT_SKIN5_90_5.txt,OUTPUT_S_90_5.txt,19,1.442195006,1.365371346,1.365112177,1.365273387,1.365194171,1.365159158
4145,INPUT_SKIN5_90_5.txt,OUTPUT_SKIN1_90_5.txt,19,1.532894401,1.217161633,1.216871897,1.216997543,1.216966196,1.217082362
4146,INPUT_SKIN5_90_5.txt,OUTPUT_SKIN2_90_5.txt,19,1.785048913,2.176791287,2.176477743,2.176701118,2.175612244,2.176455388
4147,INPUT_SKIN5_90_5.txt,OUTPUT_SKIN3_90_5.txt,19,1.806878021,1.294246013,1.294627332,1.293946396,1.29419354,1.294263105
4148,INPUT_SKIN5_90_5.txt,OUTPUT_SKIN4_90_5.txt,19,9.513326036,9.239572835,9.239398469,9.238683936,9.241511353,9.238715049
4149,INPUT_SKIN5_90_5.txt,OUTPUT_SKIN5_90_5.txt,19,-496095.5,-372230.5,-372273.5,-372257,-372245.5,-372237.5
4150,INPUT_SKIN5_90_5.txt,OUTPUT_SKIN6_90_5.txt,19,2.023120025,1.697556158,1.697428615,1.697487318,1.697488363,1.697410678
4151,INPUT_SKIN6_90_5.txt,OUTPUT_BM1_90_5.txt,19,11.51981682,10.81704297,10.81684262,10.81689034,10.81709761,10.81754176
4152,INPUT_SKIN6_90_5.txt,OUTPUT_BM2_90_5.txt,19,1.273606536,1.015496345,1.014635561,1.014969322,1.014702835,1.014933293
4153,INPUT_SKIN6_90_5.txt,OUTPUT_GUT_90_5.txt,19,NA,NA,NA,NA,NA,NA
4154,INPUT_SKIN6_90_5.txt,OUTPUT_L_90_5.txt,19,24.53197819,22.89072334,22.89019859,22.89002063,22.89077431,22.89174133
4155,INPUT_SKIN6_90_5.txt,OUTPUT_LN1_90_5.txt,19,1.169299303,0.813563996,0.813251735,0.81338224,0.813410392,0.813736654
4156,INPUT_SKIN6_90_5.txt,OUTPUT_LN2_90_5.txt,19,NA,NA,NA,NA,NA,NA
4157,INPUT_SKIN6_90_5.txt,OUTPUT_LUNG_90_5.txt,19,0.05054995,0.132653985,0.132652913,0.132653256,0.132674034,0.132678891
4158,INPUT_SKIN6_90_5.txt,OUTPUT_S_90_5.txt,19,1.30605582,0.958684365,0.958542282,0.958669577,0.95853523,0.958489784
4159,INPUT_SKIN6_90_5.txt,OUTPUT_SKIN1_90_5.txt,19,0.498601612,0.510029021,0.509957451,0.510073528,0.510052651,0.510021716
4160,INPUT_SKIN6_90_5.txt,OUTPUT_SKIN2_90_5.txt,19,0.945255517,1.152538576,1.152355862,1.152431605,1.151884018,1.152419835
4161,INPUT_SKIN6_90_5.txt,OUTPUT_SKIN3_90_5.txt,19,0.528918996,0.75844754,0.758717314,0.758333278,0.758445438,0.758472915
4162,INPUT_SKIN6_90_5.txt,OUTPUT_SKIN4_90_5.txt,19,0.232787429,0.572770482,0.572801195,0.572737241,0.572901622,0.572736043
4163,INPUT_SKIN6_90_5.txt,OUTPUT_SKIN5_90_5.txt,19,0.44542868,0.431481265,0.431571121,0.431534905,0.431518592,0.43151129
4164,INPUT_SKIN6_90_5.txt,OUTPUT_SKIN6_90_5.txt,19,-805101.5,-604225,-604235.5,-604232.5,-604223,-604202.5
4165,INPUT_BM1_90_5.txt,OUTPUT_BM1_90_5.txt,20,-483304.5,-362727,-362854,-362877,-362791.5,-362805
4166,INPUT_BM1_90_5.txt,OUTPUT_BM2_90_5.txt,20,56.13419735,52.90496512,52.90502108,52.89707214,52.9122958,52.91527223
4167,INPUT_BM1_90_5.txt,OUTPUT_GUT_90_5.txt,20,NA,NA,NA,NA,NA,NA
4168,INPUT_BM1_90_5.txt,OUTPUT_L_90_5.txt,20,1.982755641,2.127344501,2.12571761,2.12630804,2.126383126,2.126336463
4169,INPUT_BM1_90_5.txt,OUTPUT_LN1_90_5.txt,20,0.140630153,0.147995648,0.147995657,0.147959561,0.14799725,0.147984814
4170,INPUT_BM1_90_5.txt,OUTPUT_LN2_90_5.txt,20,NA,NA,NA,NA,NA,NA
4171,INPUT_BM1_90_5.txt,OUTPUT_LUNG_90_5.txt,20,0.059761933,0.059409934,0.059388356,0.059386098,0.059399549,0.059397829
4172,INPUT_BM1_90_5.txt,OUTPUT_S_90_5.txt,20,5.392621428,6.239130755,6.233818005,6.23564609,6.237636372,6.241260038
4173,INPUT_BM1_90_5.txt,OUTPUT_SKIN1_90_5.txt,20,0.157350694,0.161436603,0.161378187,0.161357897,0.161521883,0.161523976
4174,INPUT_BM1_90_5.txt,OUTPUT_SKIN2_90_5.txt,20,0.273249755,0.333905873,0.33371881,0.333729537,0.33370359,0.333959738
4175,INPUT_BM1_90_5.txt,OUTPUT_SKIN3_90_5.txt,20,0.18640742,0.189541189,0.189497434,0.189526014,0.189562828,0.189535986
4176,INPUT_BM1_90_5.txt,OUTPUT_SKIN4_90_5.txt,20,0.109467845,0.112817277,0.112779451,0.112770337,0.112798117,0.112792765
4177,INPUT_BM1_90_5.txt,OUTPUT_SKIN5_90_5.txt,20,0.090997287,0.092680913,0.092646563,0.092641601,0.092664771,0.092658058
4178,INPUT_BM1_90_5.txt,OUTPUT_SKIN6_90_5.txt,20,0.119971793,0.119517835,0.119492159,0.119484024,0.119521868,0.119499344
4179,INPUT_BM2_90_5.txt,OUTPUT_BM1_90_5.txt,20,1.305974791,1.139635929,1.14026079,1.140469935,1.139864635,1.139894323
4180,INPUT_BM2_90_5.txt,OUTPUT_BM2_90_5.txt,20,-592846.5,-444940.5,-445008.5,-444983.5,-445009.5,-445031
4181,INPUT_BM2_90_5.txt,OUTPUT_GUT_90_5.txt,20,NA,NA,NA,NA,NA,NA
4182,INPUT_BM2_90_5.txt,OUTPUT_L_90_5.txt,20,0.739521562,0.7160216,0.715617892,0.71592146,0.715737818,0.715711017
4183,INPUT_BM2_90_5.txt,OUTPUT_LN1_90_5.txt,20,0.105676676,0.097172288,0.097205675,0.097173612,0.097192055,0.097154857
4184,INPUT_BM2_90_5.txt,OUTPUT_LN2_90_5.txt,20,NA,NA,NA,NA,NA,NA
4185,INPUT_BM2_90_5.txt,OUTPUT_LUNG_90_5.txt,20,0.049084752,0.049213174,0.049218301,0.049210942,0.049217909,0.049207086
4186,INPUT_BM2_90_5.txt,OUTPUT_S_90_5.txt,20,2.683965334,2.518046867,2.516337062,2.5173849,2.517480224,2.518941876
4187,INPUT_BM2_90_5.txt,OUTPUT_SKIN1_90_5.txt,20,0.129222693,0.124492997,0.124471361,0.124473026,0.124562593,0.124557202
4188,INPUT_BM2_90_5.txt,OUTPUT_SKIN2_90_5.txt,20,0.187825742,0.188196121,0.188127557,0.188149854,0.188091678,0.188221014
4189,INPUT_BM2_90_5.txt,OUTPUT_SKIN3_90_5.txt,20,0.192117007,0.180081032,0.180079277,0.180120951,0.180009002,0.180077579
4190,INPUT_BM2_90_5.txt,OUTPUT_SKIN4_90_5.txt,20,0.134897829,0.128861628,0.128841123,0.128849204,0.1288431,0.128835328
4191,INPUT_BM2_90_5.txt,OUTPUT_SKIN5_90_5.txt,20,0.140574641,0.134091592,0.134069026,0.134078106,0.134072071,0.134060796
4192,INPUT_BM2_90_5.txt,OUTPUT_SKIN6_90_5.txt,20,0.083837526,0.085564286,0.08556218,0.085567502,0.085568419,0.085552149
4193,INPUT_GUT_90_5.txt,OUTPUT_BM1_90_5.txt,20,NA,NA,NA,NA,NA,NA
4194,INPUT_GUT_90_5.txt,OUTPUT_BM2_90_5.txt,20,NA,NA,NA,NA,NA,NA
4195,INPUT_GUT_90_5.txt,OUTPUT_GUT_90_5.txt,20,NA,NA,NA,NA,NA,NA
4196,INPUT_GUT_90_5.txt,OUTPUT_L_90_5.txt,20,NA,NA,NA,NA,NA,NA
4197,INPUT_GUT_90_5.txt,OUTPUT_LN1_90_5.txt,20,NA,NA,NA,NA,NA,NA
4198,INPUT_GUT_90_5.txt,OUTPUT_LN2_90_5.txt,20,NA,NA,NA,NA,NA,NA
4199,INPUT_GUT_90_5.txt,OUTPUT_LUNG_90_5.txt,20,NA,NA,NA,NA,NA,NA
4200,INPUT_GUT_90_5.txt,OUTPUT_S_90_5.txt,20,NA,NA,NA,NA,NA,NA
4201,INPUT_GUT_90_5.txt,OUTPUT_SKIN1_90_5.txt,20,NA,NA,NA,NA,NA,NA
4202,INPUT_GUT_90_5.txt,OUTPUT_SKIN2_90_5.txt,20,NA,NA,NA,NA,NA,NA
4203,INPUT_GUT_90_5.txt,OUTPUT_SKIN3_90_5.txt,20,NA,NA,NA,NA,NA,NA
4204,INPUT_GUT_90_5.txt,OUTPUT_SKIN4_90_5.txt,20,NA,NA,NA,NA,NA,NA
4205,INPUT_GUT_90_5.txt,OUTPUT_SKIN5_90_5.txt,20,NA,NA,NA,NA,NA,NA
4206,INPUT_GUT_90_5.txt,OUTPUT_SKIN6_90_5.txt,20,NA,NA,NA,NA,NA,NA
4207,INPUT_L_90_5.txt,OUTPUT_BM1_90_5.txt,20,1.311233574,1.509869342,1.511228854,1.511144572,1.510583079,1.510686811
4208,INPUT_L_90_5.txt,OUTPUT_BM2_90_5.txt,20,0.935466925,1.13640222,1.136977475,1.136644265,1.136887082,1.136990152
4209,INPUT_L_90_5.txt,OUTPUT_GUT_90_5.txt,20,NA,NA,NA,NA,NA,NA
4210,INPUT_L_90_5.txt,OUTPUT_L_90_5.txt,20,-723805,-542652.5,-542541.5,-542641,-542587.5,-542590.5
4211,INPUT_L_90_5.txt,OUTPUT_LN1_90_5.txt,20,0.141987157,0.144872797,0.144920571,0.144861655,0.144940762,0.1448776
4212,INPUT_L_90_5.txt,OUTPUT_LN2_90_5.txt,20,NA,NA,NA,NA,NA,NA
4213,INPUT_L_90_5.txt,OUTPUT_LUNG_90_5.txt,20,0.303003008,0.324007066,0.324153473,0.324034496,0.324128949,0.324073796
4214,INPUT_L_90_5.txt,OUTPUT_S_90_5.txt,20,5.911793622,6.870029583,6.86781746,6.869043245,6.870285632,6.874401494
4215,INPUT_L_90_5.txt,OUTPUT_SKIN1_90_5.txt,20,0.14293725,0.13979402,0.139818929,0.139795814,0.139914457,0.139908838
4216,INPUT_L_90_5.txt,OUTPUT_SKIN2_90_5.txt,20,0.263323617,0.249900976,0.249902788,0.249875513,0.249827929,0.250020917
4217,INPUT_L_90_5.txt,OUTPUT_SKIN3_90_5.txt,20,0.202503794,0.196602396,0.196670924,0.196666355,0.196574544,0.196658094
4218,INPUT_L_90_5.txt,OUTPUT_SKIN4_90_5.txt,20,0.138311396,0.134853688,0.134884201,0.13485663,0.134871305,0.134870664
4219,INPUT_L_90_5.txt,OUTPUT_SKIN5_90_5.txt,20,0.191619061,0.179060546,0.179094432,0.179060521,0.179082663,0.179075212
4220,INPUT_L_90_5.txt,OUTPUT_SKIN6_90_5.txt,20,0.159941555,0.149639179,0.149688398,0.1496623,0.149686861,0.149665671
4221,INPUT_LN1_90_5.txt,OUTPUT_BM1_90_5.txt,20,1.416060347,1.374854895,1.375474008,1.375740295,1.375164835,1.375425788
4222,INPUT_LN1_90_5.txt,OUTPUT_BM2_90_5.txt,20,1.248317649,1.187736793,1.187936453,1.18795437,1.187972741,1.188218363
4223,INPUT_LN1_90_5.txt,OUTPUT_GUT_90_5.txt,20,NA,NA,NA,NA,NA,NA
4224,INPUT_LN1_90_5.txt,OUTPUT_L_90_5.txt,20,1.335512244,1.337469503,1.336968489,1.337481941,1.337184312,1.337374397
4225,INPUT_LN1_90_5.txt,OUTPUT_LN1_90_5.txt,20,-683268,-512414.5,-512446.5,-512395.5,-512432.5,-512364
4226,INPUT_LN1_90_5.txt,OUTPUT_LN2_90_5.txt,20,NA,NA,NA,NA,NA,NA
4227,INPUT_LN1_90_5.txt,OUTPUT_LUNG_90_5.txt,20,0.068159415,0.081440275,0.081456597,0.081448046,0.081458833,0.081455418
4228,INPUT_LN1_90_5.txt,OUTPUT_S_90_5.txt,20,2.889530418,2.756636079,2.755881303,2.756554969,2.756460789,2.757520585
4229,INPUT_LN1_90_5.txt,OUTPUT_SKIN1_90_5.txt,20,0.201009501,0.220912715,0.220892918,0.220912128,0.221062926,0.221084741
4230,INPUT_LN1_90_5.txt,OUTPUT_SKIN2_90_5.txt,20,0.342573112,0.34605878,0.345967277,0.346046067,0.345916281,0.346230935
4231,INPUT_LN1_90_5.txt,OUTPUT_SKIN3_90_5.txt,20,0.483453316,0.462058719,0.46209642,0.462221808,0.461919973,0.462186054
4232,INPUT_LN1_90_5.txt,OUTPUT_SKIN4_90_5.txt,20,0.404909511,0.388542708,0.388516266,0.388556403,0.388526454,0.388576851
4233,INPUT_LN1_90_5.txt,OUTPUT_SKIN5_90_5.txt,20,0.224685586,0.231329902,0.23131176,0.231333024,0.231321954,0.231344483
4234,INPUT_LN1_90_5.txt,OUTPUT_SKIN6_90_5.txt,20,0.459065336,0.647676471,0.647726123,0.647789308,0.647793138,0.647782345
4235,INPUT_LN2_90_5.txt,OUTPUT_BM1_90_5.txt,20,NA,NA,NA,NA,NA,NA
4236,INPUT_LN2_90_5.txt,OUTPUT_BM2_90_5.txt,20,NA,NA,NA,NA,NA,NA
4237,INPUT_LN2_90_5.txt,OUTPUT_GUT_90_5.txt,20,NA,NA,NA,NA,NA,NA
4238,INPUT_LN2_90_5.txt,OUTPUT_L_90_5.txt,20,NA,NA,NA,NA,NA,NA
4239,INPUT_LN2_90_5.txt,OUTPUT_LN1_90_5.txt,20,NA,NA,NA,NA,NA,NA
4240,INPUT_LN2_90_5.txt,OUTPUT_LN2_90_5.txt,20,NA,NA,NA,NA,NA,NA
4241,INPUT_LN2_90_5.txt,OUTPUT_LUNG_90_5.txt,20,NA,NA,NA,NA,NA,NA
4242,INPUT_LN2_90_5.txt,OUTPUT_S_90_5.txt,20,NA,NA,NA,NA,NA,NA
4243,INPUT_LN2_90_5.txt,OUTPUT_SKIN1_90_5.txt,20,NA,NA,NA,NA,NA,NA
4244,INPUT_LN2_90_5.txt,OUTPUT_SKIN2_90_5.txt,20,NA,NA,NA,NA,NA,NA
4245,INPUT_LN2_90_5.txt,OUTPUT_SKIN3_90_5.txt,20,NA,NA,NA,NA,NA,NA
4246,INPUT_LN2_90_5.txt,OUTPUT_SKIN4_90_5.txt,20,NA,NA,NA,NA,NA,NA
4247,INPUT_LN2_90_5.txt,OUTPUT_SKIN5_90_5.txt,20,NA,NA,NA,NA,NA,NA
4248,INPUT_LN2_90_5.txt,OUTPUT_SKIN6_90_5.txt,20,NA,NA,NA,NA,NA,NA
4249,INPUT_LUNG_90_5.txt,OUTPUT_BM1_90_5.txt,20,4.598841841,4.363253977,4.364290887,4.3650614,4.363487678,4.364067299
4250,INPUT_LUNG_90_5.txt,OUTPUT_BM2_90_5.txt,20,4.439828875,4.361553566,4.361628016,4.361846226,4.361639491,4.362247555
4251,INPUT_LUNG_90_5.txt,OUTPUT_GUT_90_5.txt,20,NA,NA,NA,NA,NA,NA
4252,INPUT_LUNG_90_5.txt,OUTPUT_L_90_5.txt,20,6.185180437,5.892398789,5.890518691,5.892171288,5.891029932,5.891598054
4253,INPUT_LUNG_90_5.txt,OUTPUT_LN1_90_5.txt,20,1.123086933,1.281535482,1.281519903,1.281386552,1.281607216,1.281284555
4254,INPUT_LUNG_90_5.txt,OUTPUT_LN2_90_5.txt,20,NA,NA,NA,NA,NA,NA
4255,INPUT_LUNG_90_5.txt,OUTPUT_LUNG_90_5.txt,20,-92912.5,-69590.5,-69599.5,-69592.5,-69599.5,-69593.5
4256,INPUT_LUNG_90_5.txt,OUTPUT_S_90_5.txt,20,7.557730291,7.139940252,7.138378748,7.139543226,7.138862719,7.140168505
4257,INPUT_LUNG_90_5.txt,OUTPUT_SKIN1_90_5.txt,20,2.28173479,2.092164191,2.091820716,2.092017832,2.093344462,2.093461328
4258,INPUT_LUNG_90_5.txt,OUTPUT_SKIN2_90_5.txt,20,2.469335976,1.753586594,1.753000935,1.753399725,1.752688424,1.754191799
4259,INPUT_LUNG_90_5.txt,OUTPUT_SKIN3_90_5.txt,20,2.214368394,2.102684591,2.102655747,2.1031022,2.101701225,2.102861239
4260,INPUT_LUNG_90_5.txt,OUTPUT_SKIN4_90_5.txt,20,2.221070156,3.21216771,3.211671219,3.212100552,3.211841972,3.21205511
4261,INPUT_LUNG_90_5.txt,OUTPUT_SKIN5_90_5.txt,20,1.09597037,1.122116756,1.121950242,1.122057098,1.121969767,1.122026763
4262,INPUT_LUNG_90_5.txt,OUTPUT_SKIN6_90_5.txt,20,1.686830884,1.522415367,1.522382112,1.522554214,1.522486841,1.5224332
4263,INPUT_S_90_5.txt,OUTPUT_BM1_90_5.txt,20,60.32719912,58.83410915,58.89859452,58.89464675,58.85896684,58.83765981
4264,INPUT_S_90_5.txt,OUTPUT_BM2_90_5.txt,20,41.52776261,38.60428747,38.62591796,38.61468493,38.61738986,38.60794358
4265,INPUT_S_90_5.txt,OUTPUT_GUT_90_5.txt,20,NA,NA,NA,NA,NA,NA
4266,INPUT_S_90_5.txt,OUTPUT_L_90_5.txt,20,1.13698626,1.410118298,1.409913629,1.410154977,1.40980241,1.409371118
4267,INPUT_S_90_5.txt,OUTPUT_LN1_90_5.txt,20,0.124962102,0.097521018,0.097551451,0.097523511,0.097542494,0.09748905
4268,INPUT_S_90_5.txt,OUTPUT_LN2_90_5.txt,20,NA,NA,NA,NA,NA,NA
4269,INPUT_S_90_5.txt,OUTPUT_LUNG_90_5.txt,20,0.111290163,0.095187601,0.095203312,0.095195386,0.095183451,0.095159634
4270,INPUT_S_90_5.txt,OUTPUT_S_90_5.txt,20,-748865.5,-561598,-561449.5,-561551,-561578,-561755
4271,INPUT_S_90_5.txt,OUTPUT_SKIN1_90_5.txt,20,0.10623169,0.10339473,0.103419556,0.10340269,0.103471157,0.103436111
4272,INPUT_S_90_5.txt,OUTPUT_SKIN2_90_5.txt,20,0.129869976,0.140457043,0.14046555,0.14045492,0.140405995,0.140471375
4273,INPUT_S_90_5.txt,OUTPUT_SKIN3_90_5.txt,20,0.134726102,0.142708506,0.142760846,0.14275978,0.142722321,0.142694936
4274,INPUT_S_90_5.txt,OUTPUT_SKIN4_90_5.txt,20,0.091420447,0.079717345,0.079738003,0.079723692,0.079719588,0.07969473
4275,INPUT_S_90_5.txt,OUTPUT_SKIN5_90_5.txt,20,0.148093963,0.11259879,0.112625722,0.112606358,0.112602482,0.11256279
4276,INPUT_S_90_5.txt,OUTPUT_SKIN6_90_5.txt,20,0.088218249,0.090250715,0.090284669,0.090269393,0.090270131,0.090230504
4277,INPUT_SKIN1_90_5.txt,OUTPUT_BM1_90_5.txt,20,3.672263916,3.595280488,3.595739444,3.595849801,3.594207153,3.594322341
4278,INPUT_SKIN1_90_5.txt,OUTPUT_BM2_90_5.txt,20,4.859988861,4.652186986,4.652027296,4.652144507,4.650300831,4.650311532
4279,INPUT_SKIN1_90_5.txt,OUTPUT_GUT_90_5.txt,20,NA,NA,NA,NA,NA,NA
4280,INPUT_SKIN1_90_5.txt,OUTPUT_L_90_5.txt,20,5.56325048,5.199792425,5.200076433,5.200017167,5.198132168,5.198195408
4281,INPUT_SKIN1_90_5.txt,OUTPUT_LN1_90_5.txt,20,1.652648691,2.120757908,2.121059644,2.120650945,2.120150355,2.119600597
4282,INPUT_SKIN1_90_5.txt,OUTPUT_LN2_90_5.txt,20,NA,NA,NA,NA,NA,NA
4283,INPUT_SKIN1_90_5.txt,OUTPUT_LUNG_90_5.txt,20,1.041432626,1.323643318,1.323993334,1.323744171,1.323509925,1.323307817
4284,INPUT_SKIN1_90_5.txt,OUTPUT_S_90_5.txt,20,3.837480932,3.779967413,3.779972021,3.780029932,3.778606988,3.778711031
4285,INPUT_SKIN1_90_5.txt,OUTPUT_SKIN1_90_5.txt,20,-544201.5,-408189,-408183.5,-408180.5,-408332.5,-408325.5
4286,INPUT_SKIN1_90_5.txt,OUTPUT_SKIN2_90_5.txt,20,0.610137785,0.582806654,0.582688524,0.582773034,0.582371963,0.582840863
4287,INPUT_SKIN1_90_5.txt,OUTPUT_SKIN3_90_5.txt,20,1.588868443,1.324315149,1.324530456,1.324766199,1.323494561,1.324097794
4288,INPUT_SKIN1_90_5.txt,OUTPUT_SKIN4_90_5.txt,20,0.89203675,1.144081379,1.144066047,1.144070515,1.143700447,1.143625966
4289,INPUT_SKIN1_90_5.txt,OUTPUT_SKIN5_90_5.txt,20,0.909316484,0.904165133,0.904152441,0.904166242,0.903842254,0.903825217
4290,INPUT_SKIN1_90_5.txt,OUTPUT_SKIN6_90_5.txt,20,0.481585748,0.45390413,0.45395441,0.453975082,0.453823111,0.453779804
4291,INPUT_SKIN2_90_5.txt,OUTPUT_BM1_90_5.txt,20,15.16949018,14.38538779,14.39215407,14.39025341,14.38877438,14.38672232
4292,INPUT_SKIN2_90_5.txt,OUTPUT_BM2_90_5.txt,20,34.6730017,34.13972903,34.13847307,34.12365851,34.1295756,34.13528966
4293,INPUT_SKIN2_90_5.txt,OUTPUT_GUT_90_5.txt,20,NA,NA,NA,NA,NA,NA
4294,INPUT_SKIN2_90_5.txt,OUTPUT_L_90_5.txt,20,3.84044798,3.624689166,3.623719927,3.624589155,3.624507238,3.623259135
4295,INPUT_SKIN2_90_5.txt,OUTPUT_LN1_90_5.txt,20,0.564538131,56.04399128,56.04314306,56.06468495,56.04830038,56.04117009
4296,INPUT_SKIN2_90_5.txt,OUTPUT_LN2_90_5.txt,20,NA,NA,NA,NA,NA,NA
4297,INPUT_SKIN2_90_5.txt,OUTPUT_LUNG_90_5.txt,20,0.034044215,0.044768675,0.044785265,0.044773363,0.044789218,0.044763761
4298,INPUT_SKIN2_90_5.txt,OUTPUT_S_90_5.txt,20,6.152668979,5.140238285,5.138484398,5.139328963,5.14056373,5.141651444
4299,INPUT_SKIN2_90_5.txt,OUTPUT_SKIN1_90_5.txt,20,0.342548704,0.394975153,0.395007674,0.394994766,0.395345703,0.395177823
4300,INPUT_SKIN2_90_5.txt,OUTPUT_SKIN2_90_5.txt,20,-764417.5,-573203.5,-573141,-573177,-573090.5,-573316.5
4301,INPUT_SKIN2_90_5.txt,OUTPUT_SKIN3_90_5.txt,20,0.598539326,0.477609312,0.477729267,0.477781785,0.47758156,0.477598937
4302,INPUT_SKIN2_90_5.txt,OUTPUT_SKIN4_90_5.txt,20,1.57185761,1.892612614,1.892833154,1.892729383,1.892978178,1.892260204
4303,INPUT_SKIN2_90_5.txt,OUTPUT_SKIN5_90_5.txt,20,1.215181492,1.08326529,1.083354243,1.083307671,1.083476374,1.08301552
4304,INPUT_SKIN2_90_5.txt,OUTPUT_SKIN6_90_5.txt,20,0.99485493,1.053640302,1.053863964,1.053845799,1.054040696,1.053509896
4305,INPUT_SKIN3_90_5.txt,OUTPUT_BM1_90_5.txt,20,4.111389746,4.111971113,4.113056966,4.112863506,4.113146671,4.112429935
4306,INPUT_SKIN3_90_5.txt,OUTPUT_BM2_90_5.txt,20,2.290176473,2.328301591,2.328612866,2.328216229,2.329093614,2.328753665
4307,INPUT_SKIN3_90_5.txt,OUTPUT_GUT_90_5.txt,20,NA,NA,NA,NA,NA,NA
4308,INPUT_SKIN3_90_5.txt,OUTPUT_L_90_5.txt,20,10.18644394,9.608024217,9.607438402,9.606232699,9.609487972,9.607408449
4309,INPUT_SKIN3_90_5.txt,OUTPUT_LN1_90_5.txt,20,0.50863776,25.97257146,25.97476244,25.95028785,25.960527,25.94970609
4310,INPUT_SKIN3_90_5.txt,OUTPUT_LN2_90_5.txt,20,NA,NA,NA,NA,NA,NA
4311,INPUT_SKIN3_90_5.txt,OUTPUT_LUNG_90_5.txt,20,0.160281592,0.156651494,0.156680446,0.156635344,0.1567114,0.156651133
4312,INPUT_SKIN3_90_5.txt,OUTPUT_S_90_5.txt,20,5.364563883,5.268526598,5.26731445,5.267302408,5.269051161,5.268857875
4313,INPUT_SKIN3_90_5.txt,OUTPUT_SKIN1_90_5.txt,20,0.680841427,0.779470943,0.779392657,0.77931299,0.780113376,0.77991821
4314,INPUT_SKIN3_90_5.txt,OUTPUT_SKIN2_90_5.txt,20,0.763693357,0.783168854,0.782939093,0.782998094,0.782936753,0.783432487
4315,INPUT_SKIN3_90_5.txt,OUTPUT_SKIN3_90_5.txt,20,-650480,-488315,-488351,-488393,-488252.5,-488358
4316,INPUT_SKIN3_90_5.txt,OUTPUT_SKIN4_90_5.txt,20,0.593603365,0.878047248,0.878024043,0.877895944,0.878222082,0.877932844
4317,INPUT_SKIN3_90_5.txt,OUTPUT_SKIN5_90_5.txt,20,0.236748084,0.294528148,0.294500257,0.294474246,0.294563813,0.294490892
4318,INPUT_SKIN3_90_5.txt,OUTPUT_SKIN6_90_5.txt,20,0.957671935,1.079860419,1.079866596,1.079830182,1.080162156,1.079829261
4319,INPUT_SKIN4_90_5.txt,OUTPUT_BM1_90_5.txt,20,4.175567753,3.98035474,3.98092528,3.981042304,3.980763943,3.980768713
4320,INPUT_SKIN4_90_5.txt,OUTPUT_BM2_90_5.txt,20,5.380385056,5.225621925,5.22547557,5.225564982,5.22566868,5.225494225
4321,INPUT_SKIN4_90_5.txt,OUTPUT_GUT_90_5.txt,20,NA,NA,NA,NA,NA,NA
4322,INPUT_SKIN4_90_5.txt,OUTPUT_L_90_5.txt,20,4.728348133,3.777256266,3.776798234,3.777275662,3.777134332,3.777083458
4323,INPUT_SKIN4_90_5.txt,OUTPUT_LN1_90_5.txt,20,4.233688041,2.551994738,2.552314395,2.551801373,2.552188217,2.551480118
4324,INPUT_SKIN4_90_5.txt,OUTPUT_LN2_90_5.txt,20,NA,NA,NA,NA,NA,NA
4325,INPUT_SKIN4_90_5.txt,OUTPUT_LUNG_90_5.txt,20,0.034607218,0.044065402,0.044076813,0.044067934,0.044077158,0.04406918
4326,INPUT_SKIN4_90_5.txt,OUTPUT_S_90_5.txt,20,3.395193517,3.030367771,3.029873448,3.030229966,3.030394118,3.030948074
4327,INPUT_SKIN4_90_5.txt,OUTPUT_SKIN1_90_5.txt,20,0.392599742,0.459902872,0.459888729,0.459884196,0.46023757,0.460218749
4328,INPUT_SKIN4_90_5.txt,OUTPUT_SKIN2_90_5.txt,20,0.967722435,1.028628709,1.028403917,1.028175623,1.028243032,1.028656424
4329,INPUT_SKIN4_90_5.txt,OUTPUT_SKIN3_90_5.txt,20,0.797710128,0.75205872,0.752167448,0.75229811,0.751864894,0.752189769
4330,INPUT_SKIN4_90_5.txt,OUTPUT_SKIN4_90_5.txt,20,-767218,-576336.5,-576338.5,-576337,-576334,-576337.5
4331,INPUT_SKIN4_90_5.txt,OUTPUT_SKIN5_90_5.txt,20,0.714595204,0.725545505,0.725523504,0.725531043,0.725544802,0.725514827
4332,INPUT_SKIN4_90_5.txt,OUTPUT_SKIN6_90_5.txt,20,0.444917213,0.29454327,0.294583136,0.294582898,0.294608364,0.294561196
4333,INPUT_SKIN5_90_5.txt,OUTPUT_BM1_90_5.txt,20,2.482979871,2.396100212,2.39532844,2.395418352,2.39652451,2.394766213
4334,INPUT_SKIN5_90_5.txt,OUTPUT_BM2_90_5.txt,20,2.324689343,2.248712765,2.248089534,2.248257915,2.249158473,2.24738686
4335,INPUT_SKIN5_90_5.txt,OUTPUT_GUT_90_5.txt,20,NA,NA,NA,NA,NA,NA
4336,INPUT_SKIN5_90_5.txt,OUTPUT_L_90_5.txt,20,2.886064123,2.776089394,2.775753345,2.775728398,2.776922782,2.774937004
4337,INPUT_SKIN5_90_5.txt,OUTPUT_LN1_90_5.txt,20,0.646057474,0.619172695,0.619259445,0.619132846,0.61921966,0.619063193
4338,INPUT_SKIN5_90_5.txt,OUTPUT_LN2_90_5.txt,20,NA,NA,NA,NA,NA,NA
4339,INPUT_SKIN5_90_5.txt,OUTPUT_LUNG_90_5.txt,20,0.456313976,0.372560341,0.37266188,0.3725851,0.372658427,0.372599429
4340,INPUT_SKIN5_90_5.txt,OUTPUT_S_90_5.txt,20,2.065721665,1.990186857,1.98980878,1.989873773,1.990664244,1.989099331
4341,INPUT_SKIN5_90_5.txt,OUTPUT_SKIN1_90_5.txt,20,0.857518225,0.635084845,0.635075908,0.635087391,0.635563587,0.635552287
4342,INPUT_SKIN5_90_5.txt,OUTPUT_SKIN2_90_5.txt,20,1.089680965,1.356081827,1.355806478,1.356022064,1.355666334,1.356542925
4343,INPUT_SKIN5_90_5.txt,OUTPUT_SKIN3_90_5.txt,20,2.228682993,2.112927788,2.113256807,2.113592242,2.112358337,2.113315305
4344,INPUT_SKIN5_90_5.txt,OUTPUT_SKIN4_90_5.txt,20,0.888596137,0.591712674,0.591725547,0.591719061,0.591710183,0.591726169
4345,INPUT_SKIN5_90_5.txt,OUTPUT_SKIN5_90_5.txt,20,-500720.5,-375415.5,-375410.5,-375412,-375414.5,-375408
4346,INPUT_SKIN5_90_5.txt,OUTPUT_SKIN6_90_5.txt,20,0.805284507,0.829956008,0.830027096,0.830074831,0.830082586,0.830023613
4347,INPUT_SKIN6_90_5.txt,OUTPUT_BM1_90_5.txt,20,3.582010453,3.305719818,3.305913646,3.306007859,3.305569257,3.305886524
4348,INPUT_SKIN6_90_5.txt,OUTPUT_BM2_90_5.txt,20,4.754681702,4.363670372,4.363160904,4.363243897,4.362983984,4.363270236
4349,INPUT_SKIN6_90_5.txt,OUTPUT_GUT_90_5.txt,20,NA,NA,NA,NA,NA,NA
4350,INPUT_SKIN6_90_5.txt,OUTPUT_L_90_5.txt,20,4.654611261,4.400204631,4.399853283,4.399959187,4.399767635,4.400108488
4351,INPUT_SKIN6_90_5.txt,OUTPUT_LN1_90_5.txt,20,1.97304476,0.650828252,0.65086564,0.650736071,0.650804345,0.650678993
4352,INPUT_SKIN6_90_5.txt,OUTPUT_LN2_90_5.txt,20,NA,NA,NA,NA,NA,NA
4353,INPUT_SKIN6_90_5.txt,OUTPUT_LUNG_90_5.txt,20,0.309210006,0.265768214,0.265819173,0.265765684,0.265808821,0.265783104
4354,INPUT_SKIN6_90_5.txt,OUTPUT_S_90_5.txt,20,3.417418752,2.962343745,2.961832744,2.962043386,2.961971472,2.962551847
4355,INPUT_SKIN6_90_5.txt,OUTPUT_SKIN1_90_5.txt,20,0.564972832,0.544530577,0.544477838,0.544532446,0.54491726,0.544940391
4356,INPUT_SKIN6_90_5.txt,OUTPUT_SKIN2_90_5.txt,20,0.921843051,1.092213346,1.091912421,1.092066469,1.091692194,1.092610215
4357,INPUT_SKIN6_90_5.txt,OUTPUT_SKIN3_90_5.txt,20,0.783202639,0.59342315,0.593469983,0.593573428,0.59320506,0.593509479
4358,INPUT_SKIN6_90_5.txt,OUTPUT_SKIN4_90_5.txt,20,0.875380086,0.483958508,0.483928851,0.48392665,0.483902446,0.483945064
4359,INPUT_SKIN6_90_5.txt,OUTPUT_SKIN5_90_5.txt,20,0.436765386,0.418418094,0.418377409,0.418381839,0.418370186,0.418388016
4360,INPUT_SKIN6_90_5.txt,OUTPUT_SKIN6_90_5.txt,20,-790259.5,-593203.5,-593245,-593243.5,-593268,-593222
4361,INPUT_BM1_90_5.txt,OUTPUT_BM1_90_5.txt,21,-525914.5,-394677.5,-394677,-394677,-394677.5,-394677.5
4362,INPUT_BM1_90_5.txt,OUTPUT_BM2_90_5.txt,21,3.925242124,5.034511865,5.037093759,5.038749344,5.034598292,5.038469791
4363,INPUT_BM1_90_5.txt,OUTPUT_GUT_90_5.txt,21,0.008630395,0.008245645,0.008245655,0.008245655,0.008245645,0.008245645
4364,INPUT_BM1_90_5.txt,OUTPUT_L_90_5.txt,21,0.960831314,0.845127741,0.845102393,0.844953781,0.844880053,0.845337447
4365,INPUT_BM1_90_5.txt,OUTPUT_LN1_90_5.txt,21,0.371700083,0.352615114,0.35260019,0.352613639,0.352599742,0.352608387
4366,INPUT_BM1_90_5.txt,OUTPUT_LN2_90_5.txt,21,0.521713691,0.596332589,0.596333348,0.596333346,0.596332589,0.596332586
4367,INPUT_BM1_90_5.txt,OUTPUT_LUNG_90_5.txt,21,0.315113202,0.389411698,0.389194872,0.389598574,0.389396458,0.389369277
4368,INPUT_BM1_90_5.txt,OUTPUT_S_90_5.txt,21,NA,NA,NA,NA,NA,NA
4369,INPUT_BM1_90_5.txt,OUTPUT_SKIN1_90_5.txt,21,1.240059079,1.273229555,1.273231147,1.273065973,1.27328353,1.272713038
4370,INPUT_BM1_90_5.txt,OUTPUT_SKIN10_90_5.txt,21,0.838300396,0.968929541,0.969239763,0.969386537,0.969269291,0.969201691
4371,INPUT_BM1_90_5.txt,OUTPUT_SKIN11_90_5.txt,21,0.63277401,0.700833866,0.701045575,0.701099447,0.700847202,0.700835081
4372,INPUT_BM1_90_5.txt,OUTPUT_SKIN12_90_5.txt,21,0.373657508,0.536729179,0.53666253,0.536727525,0.536866851,0.536796377
4373,INPUT_BM1_90_5.txt,OUTPUT_SKIN2_90_5.txt,21,0.608079168,1.752615413,1.752694406,1.752676255,1.752592851,1.752705526
4374,INPUT_BM1_90_5.txt,OUTPUT_SKIN3_90_5.txt,21,1.759983741,2.212348496,2.205784556,2.072483135,2.078986763,2.324639195
4375,INPUT_BM1_90_5.txt,OUTPUT_SKIN4_90_5.txt,21,1.581195139,1.624469911,1.624458121,1.624561818,1.623828309,1.624413175
4376,INPUT_BM1_90_5.txt,OUTPUT_SKIN5_90_5.txt,21,1.835611413,1.918122807,1.917944864,1.918240783,1.91774767,1.91827155
4377,INPUT_BM1_90_5.txt,OUTPUT_SKIN6_90_5.txt,21,0.542734292,0.791086099,0.791279763,0.79129951,0.791075213,0.791231879
4378,INPUT_BM1_90_5.txt,OUTPUT_SKIN7_90_5.txt,21,1.013912734,1.603954097,1.604026199,1.604495004,1.604011415,1.604092889
4379,INPUT_BM1_90_5.txt,OUTPUT_SKIN8_90_5.txt,21,0.94972297,1.262260912,1.262297941,1.262291224,1.262289688,1.262179532
4380,INPUT_BM1_90_5.txt,OUTPUT_SKIN9_90_5.txt,21,0.545613104,0.369462877,0.369194049,0.369447484,0.369233305,0.36945178
4381,INPUT_BM2_90_5.txt,OUTPUT_BM1_90_5.txt,21,442.1937804,445.4445401,445.5880346,445.6362755,445.450436,445.6045927
4382,INPUT_BM2_90_5.txt,OUTPUT_BM2_90_5.txt,21,-879072.5,-661340,-661505.5,-661612,-661345.5,-661594.5
4383,INPUT_BM2_90_5.txt,OUTPUT_GUT_90_5.txt,21,2.462938772,2.463355477,2.462731563,2.462325955,2.463334513,2.46239264
4384,INPUT_BM2_90_5.txt,OUTPUT_L_90_5.txt,21,6.161136736,6.11655454,6.115288427,6.114753614,6.117243022,6.113835555
4385,INPUT_BM2_90_5.txt,OUTPUT_LN1_90_5.txt,21,13.78364538,13.77244838,13.76869949,13.76612363,13.772326,13.76648467
4386,INPUT_BM2_90_5.txt,OUTPUT_LN2_90_5.txt,21,0.1107902,0.146908908,0.146872207,0.146848543,0.146907698,0.146852417
4387,INPUT_BM2_90_5.txt,OUTPUT_LUNG_90_5.txt,21,5.113103119,5.072309945,5.071519592,5.070921503,5.07244083,5.07065818
4388,INPUT_BM2_90_5.txt,OUTPUT_S_90_5.txt,21,NA,NA,NA,NA,NA,NA
4389,INPUT_BM2_90_5.txt,OUTPUT_SKIN1_90_5.txt,21,0.109569952,0.146612199,0.146575414,0.146533299,0.14661707,0.146497623
4390,INPUT_BM2_90_5.txt,OUTPUT_SKIN10_90_5.txt,21,242.7167464,241.4703174,241.3447029,241.3626266,241.5410129,241.3393735
4391,INPUT_BM2_90_5.txt,OUTPUT_SKIN11_90_5.txt,21,179.3790059,178.3254625,178.3613452,178.3128755,178.322847,178.2650541
4392,INPUT_BM2_90_5.txt,OUTPUT_SKIN12_90_5.txt,21,82.84630529,82.08064468,82.0368688,82.03283943,82.10293025,82.04580585
4393,INPUT_BM2_90_5.txt,OUTPUT_SKIN2_90_5.txt,21,204.9110098,203.3631857,203.2742744,203.2447534,203.3621362,203.2544807
4394,INPUT_BM2_90_5.txt,OUTPUT_SKIN3_90_5.txt,21,435.4730768,506.293471,507.6354324,505.5548887,505.1645856,508.5333621
4395,INPUT_BM2_90_5.txt,OUTPUT_SKIN4_90_5.txt,21,122.3127731,122.0816646,122.0642575,122.0451803,122.0508355,122.0376267
4396,INPUT_BM2_90_5.txt,OUTPUT_SKIN5_90_5.txt,21,181.9357798,179.4762435,179.5200711,179.4877801,179.4447017,179.499321
4397,INPUT_BM2_90_5.txt,OUTPUT_SKIN6_90_5.txt,21,8.513146622,8.285926927,8.2856822,8.28449838,8.285737416,8.284042592
4398,INPUT_BM2_90_5.txt,OUTPUT_SKIN7_90_5.txt,21,7.776406748,10.02517083,10.02286567,10.02410584,10.02556984,10.02184332
4399,INPUT_BM2_90_5.txt,OUTPUT_SKIN8_90_5.txt,21,123.2695871,122.6578487,122.7229999,122.7147213,122.6645572,122.703095
4400,INPUT_BM2_90_5.txt,OUTPUT_SKIN9_90_5.txt,21,80.03983534,81.2161856,81.21672451,81.24900514,81.18086949,81.25169365
4401,INPUT_GUT_90_5.txt,OUTPUT_BM1_90_5.txt,21,0.535589924,0.559779164,0.559779164,0.559767363,0.559779164,0.559767363
4402,INPUT_GUT_90_5.txt,OUTPUT_BM2_90_5.txt,21,0.654969673,0.672772791,0.672578598,0.672794423,0.672789012,0.672755767
4403,INPUT_GUT_90_5.txt,OUTPUT_GUT_90_5.txt,21,-69937.5,-52308.5,-52308.5,-52308.5,-52308.5,-52308.5
4404,INPUT_GUT_90_5.txt,OUTPUT_L_90_5.txt,21,0.341878485,0.374514371,0.374507841,0.374471107,0.374453146,0.374566192
4405,INPUT_GUT_90_5.txt,OUTPUT_LN1_90_5.txt,21,0.05021184,0.157892185,0.157885241,0.157891317,0.157885241,0.157889147
4406,INPUT_GUT_90_5.txt,OUTPUT_LN2_90_5.txt,21,0.49206445,0.484544982,0.484544982,0.484544982,0.484544982,0.484544982
4407,INPUT_GUT_90_5.txt,OUTPUT_LUNG_90_5.txt,21,0.395364738,0.40361706,0.403525794,0.40372013,0.403620228,0.403600297
4408,INPUT_GUT_90_5.txt,OUTPUT_S_90_5.txt,21,NA,NA,NA,NA,NA,NA
4409,INPUT_GUT_90_5.txt,OUTPUT_SKIN1_90_5.txt,21,0.647730412,0.55352731,0.553529269,0.553458536,0.553551945,0.553308297
4410,INPUT_GUT_90_5.txt,OUTPUT_SKIN10_90_5.txt,21,0.51730075,0.551613144,0.551779059,0.551777741,0.551793352,0.551883639
4411,INPUT_GUT_90_5.txt,OUTPUT_SKIN11_90_5.txt,21,0.366375738,0.489365079,0.489509968,0.489536849,0.489384336,0.489373841
4412,INPUT_GUT_90_5.txt,OUTPUT_SKIN12_90_5.txt,21,0.302506477,0.331064111,0.331027318,0.33106607,0.331152124,0.331116753
4413,INPUT_GUT_90_5.txt,OUTPUT_SKIN2_90_5.txt,21,0.242873482,0.363935001,0.363954466,0.363944189,0.363937585,0.363957535
4414,INPUT_GUT_90_5.txt,OUTPUT_SKIN3_90_5.txt,21,0.741671632,0.7849777,0.785527245,0.778264608,0.779405973,0.790458075
4415,INPUT_GUT_90_5.txt,OUTPUT_SKIN4_90_5.txt,21,0.51892282,0.498233884,0.498232073,0.4982602,0.498069571,0.4982289
4416,INPUT_GUT_90_5.txt,OUTPUT_SKIN5_90_5.txt,21,0.462457162,0.476417373,0.47635878,0.476462883,0.476369977,0.476446509
4417,INPUT_GUT_90_5.txt,OUTPUT_SKIN6_90_5.txt,21,0.572791582,0.643970431,0.644089908,0.644106944,0.643938396,0.644143686
4418,INPUT_GUT_90_5.txt,OUTPUT_SKIN7_90_5.txt,21,0.260137898,0.278890852,0.278905888,0.27899313,0.278911914,0.278926863
4419,INPUT_GUT_90_5.txt,OUTPUT_SKIN8_90_5.txt,21,0.537614003,0.565221848,0.565234123,0.565232305,0.565227029,0.565214912
4420,INPUT_GUT_90_5.txt,OUTPUT_SKIN9_90_5.txt,21,0.507927459,0.535160023,0.535086502,0.535150859,0.535131365,0.53515269
4421,INPUT_L_90_5.txt,OUTPUT_BM1_90_5.txt,21,0.194773735,0.191242713,0.191246719,0.191268659,0.191280274,0.191210327
4422,INPUT_L_90_5.txt,OUTPUT_BM2_90_5.txt,21,0.237457342,0.225739379,0.225858131,0.225962607,0.225802116,0.225879558
4423,INPUT_L_90_5.txt,OUTPUT_GUT_90_5.txt,21,0.009470886,0.011669761,0.011670004,0.01167137,0.011672037,0.011667834
4424,INPUT_L_90_5.txt,OUTPUT_L_90_5.txt,21,-513150.5,-384728,-384720,-384675,-384653,-384791.5
4425,INPUT_L_90_5.txt,OUTPUT_LN1_90_5.txt,21,0.080170931,0.079048099,0.079046162,0.079058566,0.079059961,0.079033458
4426,INPUT_L_90_5.txt,OUTPUT_LN2_90_5.txt,21,0.168528404,0.157742179,0.157745471,0.157763988,0.157773043,0.157716057
4427,INPUT_L_90_5.txt,OUTPUT_LUNG_90_5.txt,21,0.301720282,0.272130142,0.271963673,0.272307791,0.272182284,0.272051342
4428,INPUT_L_90_5.txt,OUTPUT_S_90_5.txt,21,NA,NA,NA,NA,NA,NA
4429,INPUT_L_90_5.txt,OUTPUT_SKIN1_90_5.txt,21,0.183621832,0.178878299,0.178892954,0.178889509,0.178928587,0.178782467
4430,INPUT_L_90_5.txt,OUTPUT_SKIN10_90_5.txt,21,0.197509447,0.213236404,0.213351374,0.213378915,0.213402121,0.213295737
4431,INPUT_L_90_5.txt,OUTPUT_SKIN11_90_5.txt,21,0.131882977,0.138650089,0.13864088,0.138660444,0.138674488,0.138625196
4432,INPUT_L_90_5.txt,OUTPUT_SKIN12_90_5.txt,21,0.109713303,0.130152844,0.130139253,0.130170266,0.130211681,0.130147508
4433,INPUT_L_90_5.txt,OUTPUT_SKIN2_90_5.txt,21,0.175651194,0.17324827,0.173255806,0.173273449,0.173276588,0.173228341
4434,INPUT_L_90_5.txt,OUTPUT_SKIN3_90_5.txt,21,0.219235902,0.21861505,0.218349311,0.215569765,0.215782718,0.220763195
4435,INPUT_L_90_5.txt,OUTPUT_SKIN4_90_5.txt,21,0.165055941,0.165858669,0.16586576,0.16588986,0.165953264,0.165840782
4436,INPUT_L_90_5.txt,OUTPUT_SKIN5_90_5.txt,21,0.180877431,0.163323653,0.163345565,0.163358175,0.163361516,0.163305644
4437,INPUT_L_90_5.txt,OUTPUT_SKIN6_90_5.txt,21,0.124372179,0.135291316,0.135292888,0.135309694,0.135314694,0.135260728
4438,INPUT_L_90_5.txt,OUTPUT_SKIN7_90_5.txt,21,0.193620004,0.174576527,0.174575864,0.174589979,0.174611201,0.174545393
4439,INPUT_L_90_5.txt,OUTPUT_SKIN8_90_5.txt,21,0.184073415,0.171652443,0.171643333,0.171662795,0.171674959,0.171605282
4440,INPUT_L_90_5.txt,OUTPUT_SKIN9_90_5.txt,21,0.124634085,0.213841094,0.213962814,0.213868,0.214010862,0.213804528
4441,INPUT_LN1_90_5.txt,OUTPUT_BM1_90_5.txt,21,0.509851292,0.50161659,0.501628076,0.501611773,0.501628076,0.501615362
4442,INPUT_LN1_90_5.txt,OUTPUT_BM2_90_5.txt,21,0.601130281,0.551181863,0.550442575,0.550603199,0.551200583,0.550570566
4443,INPUT_LN1_90_5.txt,OUTPUT_GUT_90_5.txt,21,0.004049058,0.003485007,0.003485086,0.003485017,0.003485086,0.003485041
4444,INPUT_LN1_90_5.txt,OUTPUT_L_90_5.txt,21,0.308167493,0.208414063,0.208410067,0.208357633,0.208338003,0.20848439
4445,INPUT_LN1_90_5.txt,OUTPUT_LN1_90_5.txt,21,-471166,-353389.5,-353381.5,-353388.5,-353381.5,-353386
4446,INPUT_LN1_90_5.txt,OUTPUT_LN2_90_5.txt,21,0.127051528,0.1440523,0.144055552,0.144052707,0.144055552,0.144053723
4447,INPUT_LN1_90_5.txt,OUTPUT_LUNG_90_5.txt,21,0.272653366,0.282963612,0.282792703,0.283112714,0.282968921,0.282931598
4448,INPUT_LN1_90_5.txt,OUTPUT_S_90_5.txt,21,NA,NA,NA,NA,NA,NA
4449,INPUT_LN1_90_5.txt,OUTPUT_SKIN1_90_5.txt,21,0.06393508,0.07094711,0.070948698,0.070938371,0.070951625,0.070919903
4450,INPUT_LN1_90_5.txt,OUTPUT_SKIN10_90_5.txt,21,0.56934899,0.505617697,0.505781117,0.50584708,0.505796608,0.505753561
4451,INPUT_LN1_90_5.txt,OUTPUT_SKIN11_90_5.txt,21,0.256859139,0.390992753,0.391119207,0.391148432,0.391014386,0.390999576
4452,INPUT_LN1_90_5.txt,OUTPUT_SKIN12_90_5.txt,21,0.150777836,0.187215661,0.187202276,0.187218403,0.187267374,0.187249315
4453,INPUT_LN1_90_5.txt,OUTPUT_SKIN2_90_5.txt,21,0.344465226,0.297688438,0.297703283,0.29769299,0.297687997,0.29770729
4454,INPUT_LN1_90_5.txt,OUTPUT_SKIN3_90_5.txt,21,0.463515869,0.470652246,0.47121502,0.457535116,0.458744412,0.481440598
4455,INPUT_LN1_90_5.txt,OUTPUT_SKIN4_90_5.txt,21,0.403040288,0.328746462,0.328753556,0.328764542,0.328627756,0.328750079
4456,INPUT_LN1_90_5.txt,OUTPUT_SKIN5_90_5.txt,21,0.522427624,0.517093844,0.517002473,0.517173548,0.516979489,0.517120903
4457,INPUT_LN1_90_5.txt,OUTPUT_SKIN6_90_5.txt,21,0.343181674,0.297545865,0.297622793,0.297624296,0.297539933,0.297604108
4458,INPUT_LN1_90_5.txt,OUTPUT_SKIN7_90_5.txt,21,0.260679536,0.235347787,0.235371486,0.23543161,0.235364833,0.235372824
4459,INPUT_LN1_90_5.txt,OUTPUT_SKIN8_90_5.txt,21,0.248563586,0.266799684,0.266812807,0.266808007,0.26681083,0.266785088
4460,INPUT_LN1_90_5.txt,OUTPUT_SKIN9_90_5.txt,21,0.21974237,0.27488567,0.274684558,0.274873208,0.274714859,0.274878186
4461,INPUT_LN2_90_5.txt,OUTPUT_BM1_90_5.txt,21,1.54176778,1.477102503,1.477102503,1.477063327,1.477102503,1.477063327
4462,INPUT_LN2_90_5.txt,OUTPUT_BM2_90_5.txt,21,1.44877269,1.644788705,1.645641498,1.646149615,1.644807501,1.646063114
4463,INPUT_LN2_90_5.txt,OUTPUT_GUT_90_5.txt,21,0.016869291,0.015821725,0.015821725,0.015821725,0.015821725,0.015821725
4464,INPUT_LN2_90_5.txt,OUTPUT_L_90_5.txt,21,0.564595178,0.503787193,0.503766449,0.503649774,0.503592738,0.50395186
4465,INPUT_LN2_90_5.txt,OUTPUT_LN1_90_5.txt,21,0.152940016,0.122975321,0.122969749,0.122974624,0.122969749,0.122972883
4466,INPUT_LN2_90_5.txt,OUTPUT_LN2_90_5.txt,21,-231237.5,-173171,-173171,-173171,-173171,-173171
4467,INPUT_LN2_90_5.txt,OUTPUT_LUNG_90_5.txt,21,1.605620156,1.563716153,1.562759402,1.564525232,1.563837084,1.563528898
4468,INPUT_LN2_90_5.txt,OUTPUT_S_90_5.txt,21,NA,NA,NA,NA,NA,NA
4469,INPUT_LN2_90_5.txt,OUTPUT_SKIN1_90_5.txt,21,0.740101079,0.78135316,0.781352036,0.781258251,0.781383156,0.781058856
4470,INPUT_LN2_90_5.txt,OUTPUT_SKIN10_90_5.txt,21,1.301707406,1.544023712,1.544475745,1.544698689,1.544523226,1.544414599
4471,INPUT_LN2_90_5.txt,OUTPUT_SKIN11_90_5.txt,21,0.966336972,1.091677711,1.092003449,1.092099113,1.091732241,1.091692288
4472,INPUT_LN2_90_5.txt,OUTPUT_SKIN12_90_5.txt,21,0.323132496,0.394456652,0.394407168,0.394454769,0.394557605,0.394505778
4473,INPUT_LN2_90_5.txt,OUTPUT_SKIN2_90_5.txt,21,0.819722762,0.703010153,0.703014731,0.703000492,0.702982596,0.703050943
4474,INPUT_LN2_90_5.txt,OUTPUT_SKIN3_90_5.txt,21,1.151819716,2.157842921,2.156307078,2.15700914,2.158161898,2.158130268
4475,INPUT_LN2_90_5.txt,OUTPUT_SKIN4_90_5.txt,21,1.313405537,1.263527235,1.263538984,1.263594107,1.263044472,1.263502468
4476,INPUT_LN2_90_5.txt,OUTPUT_SKIN5_90_5.txt,21,1.602781833,1.715768039,1.715308883,1.716145765,1.715293768,1.715811338
4477,INPUT_LN2_90_5.txt,OUTPUT_SKIN6_90_5.txt,21,0.571470322,0.520704834,0.520827183,0.520838759,0.520686963,0.520798897
4478,INPUT_LN2_90_5.txt,OUTPUT_SKIN7_90_5.txt,21,0.543580265,0.528113659,0.528141091,0.528295323,0.528126535,0.528179185
4479,INPUT_LN2_90_5.txt,OUTPUT_SKIN8_90_5.txt,21,0.67395353,0.694759597,0.69478554,0.694785809,0.694777067,0.694725994
4480,INPUT_LN2_90_5.txt,OUTPUT_SKIN9_90_5.txt,21,0.519717084,0.55173756,0.551335681,0.551707763,0.551400839,0.551721614
4481,INPUT_LUNG_90_5.txt,OUTPUT_BM1_90_5.txt,21,0.26179021,0.281592444,0.281682885,0.281538856,0.281601509,0.281611845
4482,INPUT_LUNG_90_5.txt,OUTPUT_BM2_90_5.txt,21,0.299070983,0.298700291,0.298948207,0.298893298,0.298715898,0.29895318
4483,INPUT_LUNG_90_5.txt,OUTPUT_GUT_90_5.txt,21,0.009246545,0.008805048,0.008807834,0.008802726,0.008805252,0.008805595
4484,INPUT_LUNG_90_5.txt,OUTPUT_L_90_5.txt,21,0.280266796,0.236510706,0.236575682,0.236383111,0.236423948,0.236603473
4485,INPUT_LUNG_90_5.txt,OUTPUT_LN1_90_5.txt,21,0.063502142,0.043505019,0.043516843,0.043494119,0.043504155,0.043506898
4486,INPUT_LUNG_90_5.txt,OUTPUT_LN2_90_5.txt,21,0.145946589,0.114391113,0.114427457,0.114364074,0.114394147,0.114398379
4487,INPUT_LUNG_90_5.txt,OUTPUT_LUNG_90_5.txt,21,-549162.5,-411148,-411018,-411256.5,-411138.5,-411122.5
4488,INPUT_LUNG_90_5.txt,OUTPUT_S_90_5.txt,21,NA,NA,NA,NA,NA,NA
4489,INPUT_LUNG_90_5.txt,OUTPUT_SKIN1_90_5.txt,21,0.290946899,0.263284369,0.263369375,0.263211062,0.263305697,0.263196857
4490,INPUT_LUNG_90_5.txt,OUTPUT_SKIN10_90_5.txt,21,0.20798034,0.213967415,0.214117686,0.213994542,0.21406559,0.214094157
4491,INPUT_LUNG_90_5.txt,OUTPUT_SKIN11_90_5.txt,21,0.162061754,0.174695907,0.174806701,0.174722589,0.174709141,0.17471097
4492,INPUT_LUNG_90_5.txt,OUTPUT_SKIN12_90_5.txt,21,0.134823096,0.138043687,0.13806985,0.138009182,0.13808358,0.138070191
4493,INPUT_LUNG_90_5.txt,OUTPUT_SKIN2_90_5.txt,21,0.173709132,0.171264475,0.171326692,0.17122823,0.171266607,0.171283737
4494,INPUT_LUNG_90_5.txt,OUTPUT_SKIN3_90_5.txt,21,0.310096456,0.312101545,0.311927065,0.310064839,0.310393126,0.313366353
4495,INPUT_LUNG_90_5.txt,OUTPUT_SKIN4_90_5.txt,21,0.21381067,0.207573911,0.2076387,0.207546008,0.207504787,0.207583025
4496,INPUT_LUNG_90_5.txt,OUTPUT_SKIN5_90_5.txt,21,0.200896014,0.211358997,0.211405353,0.211329211,0.211344883,0.211385647
4497,INPUT_LUNG_90_5.txt,OUTPUT_SKIN6_90_5.txt,21,0.204721953,0.200377255,0.200486588,0.200380952,0.200379966,0.200439734
4498,INPUT_LUNG_90_5.txt,OUTPUT_SKIN7_90_5.txt,21,0.194944317,0.201503672,0.20157447,0.201532245,0.201525016,0.201548551
4499,INPUT_LUNG_90_5.txt,OUTPUT_SKIN8_90_5.txt,21,0.203436624,0.208651254,0.208722859,0.208607853,0.208657508,0.20865887
4500,INPUT_LUNG_90_5.txt,OUTPUT_SKIN9_90_5.txt,21,0.158994821,0.230600629,0.230759688,0.2305449,0.230708092,0.23061761
4501,INPUT_S_90_5.txt,OUTPUT_BM1_90_5.txt,21,NA,NA,NA,NA,NA,NA
4502,INPUT_S_90_5.txt,OUTPUT_BM2_90_5.txt,21,NA,NA,NA,NA,NA,NA
4503,INPUT_S_90_5.txt,OUTPUT_GUT_90_5.txt,21,NA,NA,NA,NA,NA,NA
4504,INPUT_S_90_5.txt,OUTPUT_L_90_5.txt,21,NA,NA,NA,NA,NA,NA
4505,INPUT_S_90_5.txt,OUTPUT_LN1_90_5.txt,21,NA,NA,NA,NA,NA,NA
4506,INPUT_S_90_5.txt,OUTPUT_LN2_90_5.txt,21,NA,NA,NA,NA,NA,NA
4507,INPUT_S_90_5.txt,OUTPUT_LUNG_90_5.txt,21,NA,NA,NA,NA,NA,NA
4508,INPUT_S_90_5.txt,OUTPUT_S_90_5.txt,21,NA,NA,NA,NA,NA,NA
4509,INPUT_S_90_5.txt,OUTPUT_SKIN1_90_5.txt,21,NA,NA,NA,NA,NA,NA
4510,INPUT_S_90_5.txt,OUTPUT_SKIN10_90_5.txt,21,NA,NA,NA,NA,NA,NA
4511,INPUT_S_90_5.txt,OUTPUT_SKIN11_90_5.txt,21,NA,NA,NA,NA,NA,NA
4512,INPUT_S_90_5.txt,OUTPUT_SKIN12_90_5.txt,21,NA,NA,NA,NA,NA,NA
4513,INPUT_S_90_5.txt,OUTPUT_SKIN2_90_5.txt,21,NA,NA,NA,NA,NA,NA
4514,INPUT_S_90_5.txt,OUTPUT_SKIN3_90_5.txt,21,NA,NA,NA,NA,NA,NA
4515,INPUT_S_90_5.txt,OUTPUT_SKIN4_90_5.txt,21,NA,NA,NA,NA,NA,NA
4516,INPUT_S_90_5.txt,OUTPUT_SKIN5_90_5.txt,21,NA,NA,NA,NA,NA,NA
4517,INPUT_S_90_5.txt,OUTPUT_SKIN6_90_5.txt,21,NA,NA,NA,NA,NA,NA
4518,INPUT_S_90_5.txt,OUTPUT_SKIN7_90_5.txt,21,NA,NA,NA,NA,NA,NA
4519,INPUT_S_90_5.txt,OUTPUT_SKIN8_90_5.txt,21,NA,NA,NA,NA,NA,NA
4520,INPUT_S_90_5.txt,OUTPUT_SKIN9_90_5.txt,21,NA,NA,NA,NA,NA,NA
4521,INPUT_SKIN1_90_5.txt,OUTPUT_BM1_90_5.txt,21,0.696445313,0.618014397,0.618014405,0.618045968,0.618001478,0.618129859
4522,INPUT_SKIN1_90_5.txt,OUTPUT_BM2_90_5.txt,21,1.058635648,1.02461027,1.025137391,1.025520117,1.024624426,1.025623193
4523,INPUT_SKIN1_90_5.txt,OUTPUT_GUT_90_5.txt,21,0.016935764,0.016797379,0.016797379,0.016798446,0.01679703,0.016800716
4524,INPUT_SKIN1_90_5.txt,OUTPUT_L_90_5.txt,21,0.31578495,0.274702229,0.274691146,0.274647838,0.274595163,0.274842779
4525,INPUT_SKIN1_90_5.txt,OUTPUT_LN1_90_5.txt,21,0.061216155,0.055431839,0.055429336,0.055435047,0.055428185,0.055441765
4526,INPUT_SKIN1_90_5.txt,OUTPUT_LN2_90_5.txt,21,0.231021413,0.239356972,0.239356897,0.23937216,0.239351967,0.239404693
4527,INPUT_SKIN1_90_5.txt,OUTPUT_LUNG_90_5.txt,21,0.156286034,0.195192897,0.195074172,0.195305019,0.195184749,0.195208495
4528,INPUT_SKIN1_90_5.txt,OUTPUT_S_90_5.txt,21,NA,NA,NA,NA,NA,NA
4529,INPUT_SKIN1_90_5.txt,OUTPUT_SKIN1_90_5.txt,21,-576972.5,-433139.5,-433139.5,-433112,-433148.5,-433053.5
4530,INPUT_SKIN1_90_5.txt,OUTPUT_SKIN10_90_5.txt,21,1.433501266,1.395470946,1.395915412,1.396212941,1.39593167,1.396143767
4531,INPUT_SKIN1_90_5.txt,OUTPUT_SKIN11_90_5.txt,21,0.558308067,0.562474045,0.562636803,0.562735346,0.562477721,0.562589128
4532,INPUT_SKIN1_90_5.txt,OUTPUT_SKIN12_90_5.txt,21,0.595638597,0.558173839,0.558104262,0.558207195,0.558304781,0.558355303
4533,INPUT_SKIN1_90_5.txt,OUTPUT_SKIN2_90_5.txt,21,0.391476028,0.391631866,0.391649515,0.391670488,0.391619387,0.391729873
4534,INPUT_SKIN1_90_5.txt,OUTPUT_SKIN3_90_5.txt,21,1.293865886,1.275730553,1.274869208,1.275327462,1.276009314,1.276216993
4535,INPUT_SKIN1_90_5.txt,OUTPUT_SKIN4_90_5.txt,21,1.108644091,1.277221364,1.277240727,1.27736955,1.276737633,1.277567855
4536,INPUT_SKIN1_90_5.txt,OUTPUT_SKIN5_90_5.txt,21,0.744084702,0.719293534,0.719125759,0.719448335,0.71910212,0.719440956
4537,INPUT_SKIN1_90_5.txt,OUTPUT_SKIN6_90_5.txt,21,0.423619157,0.370596329,0.370684288,0.370714942,0.370577613,0.370735736
4538,INPUT_SKIN1_90_5.txt,OUTPUT_SKIN7_90_5.txt,21,0.367908532,0.382995784,0.383014927,0.383154245,0.382994771,0.383122904
4539,INPUT_SKIN1_90_5.txt,OUTPUT_SKIN8_90_5.txt,21,0.373786059,0.392380158,0.392389565,0.392421469,0.392386781,0.39243416
4540,INPUT_SKIN1_90_5.txt,OUTPUT_SKIN9_90_5.txt,21,0.304132435,0.318846127,0.318618876,0.318853025,0.318645937,0.318900235
4541,INPUT_SKIN10_90_5.txt,OUTPUT_BM1_90_5.txt,21,1.114064537,1.196722069,1.19653147,1.196440341,1.196512722,1.196554072
4542,INPUT_SKIN10_90_5.txt,OUTPUT_BM2_90_5.txt,21,1.528192284,1.626216999,1.626774334,1.627183518,1.625959131,1.627250917
4543,INPUT_SKIN10_90_5.txt,OUTPUT_GUT_90_5.txt,21,0.046704629,0.036993115,0.036987218,0.03698441,0.036986633,0.036987919
4544,INPUT_SKIN10_90_5.txt,OUTPUT_L_90_5.txt,21,0.225456734,0.176131539,0.176096614,0.176044662,0.176036498,0.176160898
4545,INPUT_SKIN10_90_5.txt,OUTPUT_LN1_90_5.txt,21,0.053540737,0.048735657,0.048725694,0.04872391,0.048724921,0.048727849
4546,INPUT_SKIN10_90_5.txt,OUTPUT_LN2_90_5.txt,21,0.072360267,0.054918742,0.054909984,0.054905809,0.054909109,0.054911025
4547,INPUT_SKIN10_90_5.txt,OUTPUT_LUNG_90_5.txt,21,0.18510908,3.102643635,3.102694168,3.101807145,3.102116286,3.102333939
4548,INPUT_SKIN10_90_5.txt,OUTPUT_S_90_5.txt,21,NA,NA,NA,NA,NA,NA
4549,INPUT_SKIN10_90_5.txt,OUTPUT_SKIN1_90_5.txt,21,0.190467781,0.199100346,0.199068746,0.199028377,0.199073881,0.198993602
4550,INPUT_SKIN10_90_5.txt,OUTPUT_SKIN10_90_5.txt,21,-1053306,-790626,-790752,-790812,-790764.5,-790737
4551,INPUT_SKIN10_90_5.txt,OUTPUT_SKIN11_90_5.txt,21,0.637183498,0.643266755,0.64334929,0.643367153,0.643165684,0.643173104
4552,INPUT_SKIN10_90_5.txt,OUTPUT_SKIN12_90_5.txt,21,0.885897152,0.836212499,0.835974361,0.836011428,0.836278782,0.836198613
4553,INPUT_SKIN10_90_5.txt,OUTPUT_SKIN2_90_5.txt,21,0.429005354,0.429206996,0.429143238,0.429106245,0.429112437,0.429168464
4554,INPUT_SKIN10_90_5.txt,OUTPUT_SKIN3_90_5.txt,21,1.019078961,1.155783251,1.154780991,1.155052372,1.155840598,1.155818425
4555,INPUT_SKIN10_90_5.txt,OUTPUT_SKIN4_90_5.txt,21,0.843234599,1.004590106,1.004420101,1.004408102,1.004015625,1.004412331
4556,INPUT_SKIN10_90_5.txt,OUTPUT_SKIN5_90_5.txt,21,0.892569189,1.216205832,1.215895055,1.215990047,1.215751667,1.216125545
4557,INPUT_SKIN10_90_5.txt,OUTPUT_SKIN6_90_5.txt,21,0.46666886,0.547891879,0.547935581,0.547907472,0.547787881,0.547913883
4558,INPUT_SKIN10_90_5.txt,OUTPUT_SKIN7_90_5.txt,21,0.548895653,0.465000368,0.464940387,0.465058245,0.464923244,0.464986601
4559,INPUT_SKIN10_90_5.txt,OUTPUT_SKIN8_90_5.txt,21,0.42604435,0.506509868,0.506443484,0.506402186,0.506432875,0.506406357
4560,INPUT_SKIN10_90_5.txt,OUTPUT_SKIN9_90_5.txt,21,0.308446775,0.333736981,0.333441009,0.333644078,0.33347148,0.333680133
4561,INPUT_SKIN11_90_5.txt,OUTPUT_BM1_90_5.txt,21,1.719074232,1.931590547,1.931313588,1.93121426,1.93157196,1.931593923
4562,INPUT_SKIN11_90_5.txt,OUTPUT_BM2_90_5.txt,21,6.060462405,6.177637762,6.180140171,6.181546564,6.177897593,6.182671824
4563,INPUT_SKIN11_90_5.txt,OUTPUT_GUT_90_5.txt,21,0.395933969,0.390834602,0.390778416,0.390758336,0.390830879,0.390835344
4564,INPUT_SKIN11_90_5.txt,OUTPUT_L_90_5.txt,21,0.508260084,0.581204298,0.581099918,0.580952854,0.581003352,0.581370854
4565,INPUT_SKIN11_90_5.txt,OUTPUT_LN1_90_5.txt,21,0.139961499,0.141850943,0.141824347,0.141822637,0.141843264,0.141848443
4566,INPUT_SKIN11_90_5.txt,OUTPUT_LN2_90_5.txt,21,0.0907764,0.108942685,0.108927101,0.108921523,0.108941656,0.108942894
4567,INPUT_SKIN11_90_5.txt,OUTPUT_LUNG_90_5.txt,21,0.292512088,0.197457796,0.197310655,0.197519616,0.197447355,0.197434893
4568,INPUT_SKIN11_90_5.txt,OUTPUT_S_90_5.txt,21,NA,NA,NA,NA,NA,NA
4569,INPUT_SKIN11_90_5.txt,OUTPUT_SKIN1_90_5.txt,21,0.225273791,0.225099019,0.22506665,0.225027128,0.225106201,0.225010273
4570,INPUT_SKIN11_90_5.txt,OUTPUT_SKIN10_90_5.txt,21,11.30265172,10.24387499,10.24522558,10.24641782,10.2470986,10.24641194
4571,INPUT_SKIN11_90_5.txt,OUTPUT_SKIN11_90_5.txt,21,-702987,-527433,-527508.5,-527535.5,-527438,-527432
4572,INPUT_SKIN11_90_5.txt,OUTPUT_SKIN12_90_5.txt,21,1.049504371,1.087693179,1.087395554,1.087480331,1.08795945,1.08782788
4573,INPUT_SKIN11_90_5.txt,OUTPUT_SKIN2_90_5.txt,21,2.064345179,1.381377242,1.381142236,1.381058651,1.381253207,1.381448849
4574,INPUT_SKIN11_90_5.txt,OUTPUT_SKIN3_90_5.txt,21,5.039294917,5.613082036,5.608508294,5.613491243,5.617700491,5.611123863
4575,INPUT_SKIN11_90_5.txt,OUTPUT_SKIN4_90_5.txt,21,1.307356851,1.649705952,1.649443636,1.649492728,1.649039862,1.649643919
4576,INPUT_SKIN11_90_5.txt,OUTPUT_SKIN5_90_5.txt,21,3.184745705,2.608279157,2.607565146,2.60793162,2.607747742,2.608385061
4577,INPUT_SKIN11_90_5.txt,OUTPUT_SKIN6_90_5.txt,21,0.614173231,0.735611438,0.735682845,0.735664239,0.735594288,0.73574692
4578,INPUT_SKIN11_90_5.txt,OUTPUT_SKIN7_90_5.txt,21,0.841951549,0.860543833,0.860461218,0.860654749,0.860574935,0.860609712
4579,INPUT_SKIN11_90_5.txt,OUTPUT_SKIN8_90_5.txt,21,0.527614213,0.642031305,0.641956155,0.641921998,0.642039706,0.641991439
4580,INPUT_SKIN11_90_5.txt,OUTPUT_SKIN9_90_5.txt,21,0.379373579,0.487392789,0.486972823,0.487277307,0.487089871,0.487379208
4581,INPUT_SKIN12_90_5.txt,OUTPUT_BM1_90_5.txt,21,1.599566994,1.596362837,1.596459647,1.596365629,1.596162395,1.596262924
4582,INPUT_SKIN12_90_5.txt,OUTPUT_BM2_90_5.txt,21,1.423154389,1.548827062,1.549701824,1.550113958,1.548658824,1.54993222
4583,INPUT_SKIN12_90_5.txt,OUTPUT_GUT_90_5.txt,21,0.005549258,0.004383383,0.004383655,0.004383392,0.004382825,0.00438311
4584,INPUT_SKIN12_90_5.txt,OUTPUT_L_90_5.txt,21,0.125548124,0.107484586,0.107486926,0.107455054,0.107429585,0.107514373
4585,INPUT_SKIN12_90_5.txt,OUTPUT_LN1_90_5.txt,21,0.271105256,0.21570618,0.215709398,0.215705262,0.215668709,0.215688861
4586,INPUT_SKIN12_90_5.txt,OUTPUT_LN2_90_5.txt,21,0.150931732,0.152173741,0.152183285,0.152173982,0.152154689,0.152164809
4587,INPUT_SKIN12_90_5.txt,OUTPUT_LUNG_90_5.txt,21,0.100188836,0.809258226,0.808906492,0.809612366,0.809299227,0.809184903
4588,INPUT_SKIN12_90_5.txt,OUTPUT_S_90_5.txt,21,NA,NA,NA,NA,NA,NA
4589,INPUT_SKIN12_90_5.txt,OUTPUT_SKIN1_90_5.txt,21,0.441555427,0.373663274,0.373686385,0.373616896,0.373631649,0.373492671
4590,INPUT_SKIN12_90_5.txt,OUTPUT_SKIN10_90_5.txt,21,3.110779953,2.41958371,2.420457909,2.420681014,2.420085341,2.420069125
4591,INPUT_SKIN12_90_5.txt,OUTPUT_SKIN11_90_5.txt,21,1.101043754,0.933408615,0.933733413,0.933794789,0.933328102,0.933367205
4592,INPUT_SKIN12_90_5.txt,OUTPUT_SKIN12_90_5.txt,21,-931035,-699047.5,-699004,-699046,-699136.5,-699091
4593,INPUT_SKIN12_90_5.txt,OUTPUT_SKIN2_90_5.txt,21,0.664697156,0.754322763,0.754279316,0.75422642,0.754094687,0.754314509
4594,INPUT_SKIN12_90_5.txt,OUTPUT_SKIN3_90_5.txt,21,1.116833047,1.415336444,1.411000139,1.319636838,1.323842562,1.492819535
4595,INPUT_SKIN12_90_5.txt,OUTPUT_SKIN4_90_5.txt,21,0.863790633,0.822622234,0.822690869,0.822668838,0.822219769,0.822566948
4596,INPUT_SKIN12_90_5.txt,OUTPUT_SKIN5_90_5.txt,21,0.635096843,0.833326667,0.833126014,0.833588556,0.832973349,0.833333051
4597,INPUT_SKIN12_90_5.txt,OUTPUT_SKIN6_90_5.txt,21,0.260830858,0.474221651,0.474366713,0.474340161,0.474144946,0.474269728
4598,INPUT_SKIN12_90_5.txt,OUTPUT_SKIN7_90_5.txt,21,0.636028832,0.631827762,0.631925887,0.632035128,0.631776617,0.631891846
4599,INPUT_SKIN12_90_5.txt,OUTPUT_SKIN8_90_5.txt,21,0.417770791,0.482359381,0.482397308,0.482386852,0.482319921,0.482298653
4600,INPUT_SKIN12_90_5.txt,OUTPUT_SKIN9_90_5.txt,21,0.312488123,0.365702014,0.365458222,0.365686984,0.365428712,0.365668058
4601,INPUT_SKIN2_90_5.txt,OUTPUT_BM1_90_5.txt,21,2.112269468,2.38594405,2.385890022,2.385901382,2.385955794,2.385883345
4602,INPUT_SKIN2_90_5.txt,OUTPUT_BM2_90_5.txt,21,3.093421615,2.908110772,2.909496787,2.910456887,2.908175647,2.910278552
4603,INPUT_SKIN2_90_5.txt,OUTPUT_GUT_90_5.txt,21,0.196311578,0.153114499,0.153110997,0.153111776,0.153115276,0.153110608
4604,INPUT_SKIN2_90_5.txt,OUTPUT_L_90_5.txt,21,0.617474211,0.515567346,0.515535652,0.515426516,0.515383689,0.515711938
4605,INPUT_SKIN2_90_5.txt,OUTPUT_LN1_90_5.txt,21,0.143946356,0.140767426,0.140757874,0.14076413,0.14076181,0.140761078
4606,INPUT_SKIN2_90_5.txt,OUTPUT_LN2_90_5.txt,21,0.30335479,0.316307816,0.316300565,0.316302177,0.316309427,0.316299759
4607,INPUT_SKIN2_90_5.txt,OUTPUT_LUNG_90_5.txt,21,0.669350195,0.653786943,0.653398003,0.654094502,0.653805704,0.653697231
4608,INPUT_SKIN2_90_5.txt,OUTPUT_S_90_5.txt,21,NA,NA,NA,NA,NA,NA
4609,INPUT_SKIN2_90_5.txt,OUTPUT_SKIN1_90_5.txt,21,0.442162573,0.472181803,0.472171163,0.472113833,0.472203423,0.471982935
4610,INPUT_SKIN2_90_5.txt,OUTPUT_SKIN10_90_5.txt,21,4.290360618,4.244002027,4.245187842,4.245846312,4.245435755,4.245013284
4611,INPUT_SKIN2_90_5.txt,OUTPUT_SKIN11_90_5.txt,21,0.695660108,0.650720293,0.650891662,0.650967135,0.650740838,0.650706109
4612,INPUT_SKIN2_90_5.txt,OUTPUT_SKIN12_90_5.txt,21,1.264263277,1.199412743,1.199235696,1.199386151,1.199724398,1.199531361
4613,INPUT_SKIN2_90_5.txt,OUTPUT_SKIN2_90_5.txt,21,-525331.5,-394238.5,-394247.5,-394245.5,-394236.5,-394248.5
4614,INPUT_SKIN2_90_5.txt,OUTPUT_SKIN3_90_5.txt,21,2.39487592,2.423911138,2.422342457,2.424729952,2.426214844,2.422964357
4615,INPUT_SKIN2_90_5.txt,OUTPUT_SKIN4_90_5.txt,21,1.384165671,1.551811972,1.551806521,1.551869221,1.55126215,1.551763342
4616,INPUT_SKIN2_90_5.txt,OUTPUT_SKIN5_90_5.txt,21,1.022212931,1.1620758,1.161781842,1.162323013,1.161777093,1.162135199
4617,INPUT_SKIN2_90_5.txt,OUTPUT_SKIN6_90_5.txt,21,0.542255895,0.848773507,0.848957993,0.848968186,0.848751235,0.848890855
4618,INPUT_SKIN2_90_5.txt,OUTPUT_SKIN7_90_5.txt,21,1.063361154,1.058276097,1.058339981,1.058596815,1.058329574,1.058402013
4619,INPUT_SKIN2_90_5.txt,OUTPUT_SKIN8_90_5.txt,21,1.242763471,1.206698588,1.206672547,1.206703774,1.20669953,1.206558857
4620,INPUT_SKIN2_90_5.txt,OUTPUT_SKIN9_90_5.txt,21,0.422934422,1.492943854,1.491822031,1.49285326,1.492021709,1.49285896
4621,INPUT_SKIN3_90_5.txt,OUTPUT_BM1_90_5.txt,21,329.0278898,308.9872342,309.2304254,308.5336116,308.5282351,309.43107
4622,INPUT_SKIN3_90_5.txt,OUTPUT_BM2_90_5.txt,21,40.15183769,52.03568544,52.09065067,52.06775109,52.00405451,52.10098965
4623,INPUT_SKIN3_90_5.txt,OUTPUT_GUT_90_5.txt,21,2.002243305,1.952629183,1.953298103,1.952226005,1.951651951,1.953066478
4624,INPUT_SKIN3_90_5.txt,OUTPUT_L_90_5.txt,21,6.627176681,6.463284659,6.465377206,6.462237114,6.460340677,6.464230359
4625,INPUT_SKIN3_90_5.txt,OUTPUT_LN1_90_5.txt,21,8.565596981,8.444848807,8.447738849,8.44283461,8.440020122,8.44673994
4626,INPUT_SKIN3_90_5.txt,OUTPUT_LN2_90_5.txt,21,2.523673842,3.08384587,3.084888666,3.083182526,3.082257379,3.084531726
4627,INPUT_SKIN3_90_5.txt,OUTPUT_LUNG_90_5.txt,21,6.458014787,6.300959732,6.303560836,6.299822619,6.297799277,6.302386142
4628,INPUT_SKIN3_90_5.txt,OUTPUT_S_90_5.txt,21,NA,NA,NA,NA,NA,NA
4629,INPUT_SKIN3_90_5.txt,OUTPUT_SKIN1_90_5.txt,21,58.48849131,57.1189906,57.15807905,57.09058894,57.10703359,57.13808585
4630,INPUT_SKIN3_90_5.txt,OUTPUT_SKIN10_90_5.txt,21,171.9052351,182.8887681,183.1162763,182.8096073,182.8008915,183.1906163
4631,INPUT_SKIN3_90_5.txt,OUTPUT_SKIN11_90_5.txt,21,10.94216617,93.66468793,93.73899722,93.64717022,93.57195023,93.70631748
4632,INPUT_SKIN3_90_5.txt,OUTPUT_SKIN12_90_5.txt,21,1.749274319,2.24815012,2.248646509,2.247664819,2.247601292,2.248953345
4633,INPUT_SKIN3_90_5.txt,OUTPUT_SKIN2_90_5.txt,21,1.075382597,1.395689102,1.396231699,1.395447003,1.394982382,1.39608115
4634,INPUT_SKIN3_90_5.txt,OUTPUT_SKIN3_90_5.txt,21,-805479.5,-607165.5,-606959.5,-607290,-607464.5,-607029.5
4635,INPUT_SKIN3_90_5.txt,OUTPUT_SKIN4_90_5.txt,21,70.51597335,68.68215767,68.71297335,68.65355918,68.6060821,68.71259703
4636,INPUT_SKIN3_90_5.txt,OUTPUT_SKIN5_90_5.txt,21,131.5616033,127.2204213,127.2548179,127.1320574,127.024086,127.311788
4637,INPUT_SKIN3_90_5.txt,OUTPUT_SKIN6_90_5.txt,21,1.208264389,1.523549049,1.524440303,1.523632037,1.522768175,1.5241802
4638,INPUT_SKIN3_90_5.txt,OUTPUT_SKIN7_90_5.txt,21,3.047333479,3.895534869,3.897101698,3.895970299,3.893755034,3.896780227
4639,INPUT_SKIN3_90_5.txt,OUTPUT_SKIN8_90_5.txt,21,2.005689122,2.625099524,2.62605062,2.624605577,2.623850297,2.625513038
4640,INPUT_SKIN3_90_5.txt,OUTPUT_SKIN9_90_5.txt,21,1.090522132,0.729263315,0.728984628,0.729080578,0.728454742,0.729405709
4641,INPUT_SKIN4_90_5.txt,OUTPUT_BM1_90_5.txt,21,0.827296291,0.890296058,0.890300043,0.890271737,0.890474208,0.890311436
4642,INPUT_SKIN4_90_5.txt,OUTPUT_BM2_90_5.txt,21,1.388363365,1.436672987,1.437439799,1.437851393,1.437002122,1.437853415
4643,INPUT_SKIN4_90_5.txt,OUTPUT_GUT_90_5.txt,21,0.021329831,0.018179444,0.018179524,0.018178947,0.018183046,0.018179763
4644,INPUT_SKIN4_90_5.txt,OUTPUT_L_90_5.txt,21,0.796593014,0.894191079,0.894164557,0.893964664,0.894083741,0.894448555
4645,INPUT_SKIN4_90_5.txt,OUTPUT_LN1_90_5.txt,21,0.038693986,0.04323704,0.043235278,0.043235613,0.043243649,0.043236943
4646,INPUT_SKIN4_90_5.txt,OUTPUT_LN2_90_5.txt,21,0.067127834,0.170098476,0.170099233,0.170093828,0.170132105,0.170101156
4647,INPUT_SKIN4_90_5.txt,OUTPUT_LUNG_90_5.txt,21,5.800508511,5.465254482,5.466239,5.465086571,5.466549363,5.465573532
4648,INPUT_SKIN4_90_5.txt,OUTPUT_S_90_5.txt,21,NA,NA,NA,NA,NA,NA
4649,INPUT_SKIN4_90_5.txt,OUTPUT_SKIN1_90_5.txt,21,0.185094663,0.156488177,0.156488856,0.156464057,0.156525673,0.156428855
4650,INPUT_SKIN4_90_5.txt,OUTPUT_SKIN10_90_5.txt,21,3.180550294,2.465337577,2.466140133,2.466444398,2.466710603,2.466068148
4651,INPUT_SKIN4_90_5.txt,OUTPUT_SKIN11_90_5.txt,21,0.394473688,0.423885486,0.424010609,0.424041287,0.423977695,0.423890768
4652,INPUT_SKIN4_90_5.txt,OUTPUT_SKIN12_90_5.txt,21,0.391385132,0.407054676,0.407003045,0.407041686,0.407245014,0.40711515
4653,INPUT_SKIN4_90_5.txt,OUTPUT_SKIN2_90_5.txt,21,0.279964633,0.318042107,0.318058275,0.318044871,0.318102,0.318064256
4654,INPUT_SKIN4_90_5.txt,OUTPUT_SKIN3_90_5.txt,21,1.827904875,1.774040248,1.772830179,1.774672776,1.776112916,1.773308204
4655,INPUT_SKIN4_90_5.txt,OUTPUT_SKIN4_90_5.txt,21,-609307,-456999.5,-456997.5,-457012,-456909,-456991.5
4656,INPUT_SKIN4_90_5.txt,OUTPUT_SKIN5_90_5.txt,21,1.301364459,1.309507519,1.309341351,1.30947905,1.309509121,1.309515051
4657,INPUT_SKIN4_90_5.txt,OUTPUT_SKIN6_90_5.txt,21,0.399189943,0.423211278,0.423317676,0.423314973,0.423289489,0.423297834
4658,INPUT_SKIN4_90_5.txt,OUTPUT_SKIN7_90_5.txt,21,0.344804739,0.376771523,0.376781461,0.376908968,0.376843032,0.376828722
4659,INPUT_SKIN4_90_5.txt,OUTPUT_SKIN8_90_5.txt,21,0.593787301,0.593991812,0.594011653,0.593989649,0.594124082,0.593963535
4660,INPUT_SKIN4_90_5.txt,OUTPUT_SKIN9_90_5.txt,21,0.191167638,0.229628521,0.229459235,0.229612232,0.229528944,0.229625452
4661,INPUT_SKIN5_90_5.txt,OUTPUT_BM1_90_5.txt,21,1.280436336,1.397124979,1.397192263,1.397086534,1.397261595,1.397074448
4662,INPUT_SKIN5_90_5.txt,OUTPUT_BM2_90_5.txt,21,2.515888627,2.331544177,2.332858029,2.333433374,2.331810553,2.333290298
4663,INPUT_SKIN5_90_5.txt,OUTPUT_GUT_90_5.txt,21,0.063521426,0.040868511,0.040870439,0.040867365,0.040872491,0.040867006
4664,INPUT_SKIN5_90_5.txt,OUTPUT_L_90_5.txt,21,0.334494455,0.305740191,0.305742089,0.305652718,0.305658424,0.305823877
4665,INPUT_SKIN5_90_5.txt,OUTPUT_LN1_90_5.txt,21,0.108288756,0.083935682,0.08393583,0.083932777,0.083940078,0.083930832
4666,INPUT_SKIN5_90_5.txt,OUTPUT_LN2_90_5.txt,21,0.355541432,0.265130442,0.265142759,0.265122933,0.265156481,0.265120329
4667,INPUT_SKIN5_90_5.txt,OUTPUT_LUNG_90_5.txt,21,7.556129295,6.977949479,6.979366672,6.978190925,6.979432324,6.977985233
4668,INPUT_SKIN5_90_5.txt,OUTPUT_S_90_5.txt,21,NA,NA,NA,NA,NA,NA
4669,INPUT_SKIN5_90_5.txt,OUTPUT_SKIN1_90_5.txt,21,0.125905608,0.079602837,0.079606578,0.079590434,0.079613885,0.079568255
4670,INPUT_SKIN5_90_5.txt,OUTPUT_SKIN10_90_5.txt,21,1.732063748,1.335578723,1.336063188,1.336163056,1.336171628,1.335896126
4671,INPUT_SKIN5_90_5.txt,OUTPUT_SKIN11_90_5.txt,21,0.596161619,0.625173416,0.625381112,0.625398569,0.625252303,0.62514732
4672,INPUT_SKIN5_90_5.txt,OUTPUT_SKIN12_90_5.txt,21,0.62493924,0.527515185,0.527474577,0.527497643,0.527700919,0.527560694
4673,INPUT_SKIN5_90_5.txt,OUTPUT_SKIN2_90_5.txt,21,0.669674298,0.648969703,0.649014722,0.648958537,0.649013127,0.64898
4674,INPUT_SKIN5_90_5.txt,OUTPUT_SKIN3_90_5.txt,21,1.90896612,1.95914372,1.957826287,1.958303813,1.959736104,1.959390401
4675,INPUT_SKIN5_90_5.txt,OUTPUT_SKIN4_90_5.txt,21,2.185077862,2.159447577,2.159528856,2.159502778,2.158802361,2.159292102
4676,INPUT_SKIN5_90_5.txt,OUTPUT_SKIN5_90_5.txt,21,-595988,-446928.5,-446907.5,-446941.5,-446885,-446945.5
4677,INPUT_SKIN5_90_5.txt,OUTPUT_SKIN6_90_5.txt,21,0.595535001,1.41780793,1.418224722,1.418156547,1.417927445,1.41802376
4678,INPUT_SKIN5_90_5.txt,OUTPUT_SKIN7_90_5.txt,21,0.745315531,0.612050022,0.612106438,0.612235223,0.612132632,0.612078066
4679,INPUT_SKIN5_90_5.txt,OUTPUT_SKIN8_90_5.txt,21,0.518156923,0.730202107,0.73027169,0.730208481,0.730299663,0.730147817
4680,INPUT_SKIN5_90_5.txt,OUTPUT_SKIN9_90_5.txt,21,0.382207597,0.466313448,0.465992444,0.466275749,0.466070175,0.466282019
4681,INPUT_SKIN6_90_5.txt,OUTPUT_BM1_90_5.txt,21,1.824789166,1.687419712,1.687219031,1.68711129,1.687430803,1.687180643
4682,INPUT_SKIN6_90_5.txt,OUTPUT_BM2_90_5.txt,21,3.598732576,3.456055237,3.457260458,3.458327516,3.456134021,3.458286877
4683,INPUT_SKIN6_90_5.txt,OUTPUT_GUT_90_5.txt,21,0.008152955,0.007663614,0.007662697,0.007662603,0.007663666,0.00766292
4684,INPUT_SKIN6_90_5.txt,OUTPUT_L_90_5.txt,21,0.347662264,0.312365318,0.31231536,0.312241261,0.312250326,0.312436096
4685,INPUT_SKIN6_90_5.txt,OUTPUT_LN1_90_5.txt,21,0.111549619,0.116584748,0.116565251,0.116568705,0.116579946,0.116571785
4686,INPUT_SKIN6_90_5.txt,OUTPUT_LN2_90_5.txt,21,0.089282799,0.244784483,0.244755237,0.244752229,0.244786122,0.244762376
4687,INPUT_SKIN6_90_5.txt,OUTPUT_LUNG_90_5.txt,21,0.187755735,8.220435551,8.220770108,8.219345522,8.220742848,8.219976681
4688,INPUT_SKIN6_90_5.txt,OUTPUT_S_90_5.txt,21,NA,NA,NA,NA,NA,NA
4689,INPUT_SKIN6_90_5.txt,OUTPUT_SKIN1_90_5.txt,21,0.499142447,0.53309739,0.533034078,0.532960402,0.533122845,0.53283964
4690,INPUT_SKIN6_90_5.txt,OUTPUT_SKIN10_90_5.txt,21,2.20165856,2.338053673,2.338501785,2.338826402,2.338871382,2.338479037
4691,INPUT_SKIN6_90_5.txt,OUTPUT_SKIN11_90_5.txt,21,0.973500845,1.174034894,1.174231262,1.174338164,1.174064679,1.173924297
4692,INPUT_SKIN6_90_5.txt,OUTPUT_SKIN12_90_5.txt,21,0.93088003,0.978781569,0.978542051,0.978647696,0.979038255,0.978815027
4693,INPUT_SKIN6_90_5.txt,OUTPUT_SKIN2_90_5.txt,21,1.85262588,2.040021757,2.039867051,2.039820578,2.040015414,2.039936015
4694,INPUT_SKIN6_90_5.txt,OUTPUT_SKIN3_90_5.txt,21,2.733774985,2.972786925,2.970557375,2.97127411,2.973594117,2.973116336
4695,INPUT_SKIN6_90_5.txt,OUTPUT_SKIN4_90_5.txt,21,2.190403447,2.361433343,2.361138987,2.361260086,2.36050205,2.361144404
4696,INPUT_SKIN6_90_5.txt,OUTPUT_SKIN5_90_5.txt,21,1.312499482,1.86144208,1.861049166,1.861310143,1.861093473,1.861418695
4697,INPUT_SKIN6_90_5.txt,OUTPUT_SKIN6_90_5.txt,21,-595038.5,-446855.5,-446909,-446914.5,-446852.5,-446896
4698,INPUT_SKIN6_90_5.txt,OUTPUT_SKIN7_90_5.txt,21,0.862725283,0.776571649,0.776515879,0.776717926,0.776612165,0.776558031
4699,INPUT_SKIN6_90_5.txt,OUTPUT_SKIN8_90_5.txt,21,0.685573245,0.754663408,0.754594363,0.754580991,0.754685477,0.754547343
4700,INPUT_SKIN6_90_5.txt,OUTPUT_SKIN9_90_5.txt,21,0.555729927,0.90013867,0.899372119,0.8999803,0.899583277,0.900029343
4701,INPUT_SKIN7_90_5.txt,OUTPUT_BM1_90_5.txt,21,1.712337745,1.942997365,1.943099425,1.942843332,1.942954231,1.942930637
4702,INPUT_SKIN7_90_5.txt,OUTPUT_BM2_90_5.txt,21,4.363012485,4.197290639,4.199263504,4.199986526,4.197385008,4.20036971
4703,INPUT_SKIN7_90_5.txt,OUTPUT_GUT_90_5.txt,21,0.00848232,0.009261008,0.009260785,0.009259528,0.009260798,0.009260667
4704,INPUT_SKIN7_90_5.txt,OUTPUT_L_90_5.txt,21,2.359159923,2.100195054,2.100119272,2.099715152,2.09995769,2.100277087
4705,INPUT_SKIN7_90_5.txt,OUTPUT_LN1_90_5.txt,21,0.121700527,0.093794252,0.09378783,0.093778797,0.093787963,0.09378897
4706,INPUT_SKIN7_90_5.txt,OUTPUT_LN2_90_5.txt,21,0.143121549,0.659876305,0.659860493,0.659772226,0.6598614,0.659852717
4707,INPUT_SKIN7_90_5.txt,OUTPUT_LUNG_90_5.txt,21,3.552665485,3.411197231,3.411710109,3.410566665,3.411215488,3.411213224
4708,INPUT_SKIN7_90_5.txt,OUTPUT_S_90_5.txt,21,NA,NA,NA,NA,NA,NA
4709,INPUT_SKIN7_90_5.txt,OUTPUT_SKIN1_90_5.txt,21,0.254579573,0.254921499,0.254915465,0.254848983,0.254926384,0.254811316
4710,INPUT_SKIN7_90_5.txt,OUTPUT_SKIN10_90_5.txt,21,2.286196747,2.414787181,2.415498131,2.415539846,2.415580381,2.415373947
4711,INPUT_SKIN7_90_5.txt,OUTPUT_SKIN11_90_5.txt,21,1.333507519,1.662141016,1.662560658,1.662511723,1.662155682,1.662076084
4712,INPUT_SKIN7_90_5.txt,OUTPUT_SKIN12_90_5.txt,21,1.268220506,1.479035182,1.478814766,1.478793434,1.479380521,1.479167287
4713,INPUT_SKIN7_90_5.txt,OUTPUT_SKIN2_90_5.txt,21,2.795882751,2.149061214,2.149101107,2.148785303,2.148996713,2.149102432
4714,INPUT_SKIN7_90_5.txt,OUTPUT_SKIN3_90_5.txt,21,3.233151892,3.208211914,3.20250301,3.107689418,3.113896626,3.283619978
4715,INPUT_SKIN7_90_5.txt,OUTPUT_SKIN4_90_5.txt,21,1.787262657,1.851849325,1.851791016,1.851673108,1.851089821,1.85172481
4716,INPUT_SKIN7_90_5.txt,OUTPUT_SKIN5_90_5.txt,21,2.588768186,2.847621903,2.84717518,2.847358774,2.847011669,2.847626651
4717,INPUT_SKIN7_90_5.txt,OUTPUT_SKIN6_90_5.txt,21,1.27360816,1.369750602,1.370051067,1.369902932,1.36970149,1.369952222
4718,INPUT_SKIN7_90_5.txt,OUTPUT_SKIN7_90_5.txt,21,-471789.5,-353544,-353552.5,-353600.5,-353552,-353557
4719,INPUT_SKIN7_90_5.txt,OUTPUT_SKIN8_90_5.txt,21,0.984978325,1.0895082,1.089526499,1.08936906,1.089519047,1.089420917
4720,INPUT_SKIN7_90_5.txt,OUTPUT_SKIN9_90_5.txt,21,0.516670948,0.633054856,0.632576593,0.632920486,0.632650153,0.633012828
4721,INPUT_SKIN8_90_5.txt,OUTPUT_BM1_90_5.txt,21,1.805926767,2.466191348,2.466157808,2.466165251,2.466165875,2.466268505
4722,INPUT_SKIN8_90_5.txt,OUTPUT_BM2_90_5.txt,21,3.357899983,4.251708472,4.253851992,4.255256914,4.251739955,4.255205007
4723,INPUT_SKIN8_90_5.txt,OUTPUT_GUT_90_5.txt,21,0.006819158,0.006301934,0.006301847,0.006301865,0.006301865,0.006302135
4724,INPUT_SKIN8_90_5.txt,OUTPUT_L_90_5.txt,21,0.284724363,0.275125862,0.27511114,0.27505048,0.275020454,0.275221302
4725,INPUT_SKIN8_90_5.txt,OUTPUT_LN1_90_5.txt,21,0.120969584,0.117837163,0.11783025,0.117835214,0.117830574,0.117838596
4726,INPUT_SKIN8_90_5.txt,OUTPUT_LN2_90_5.txt,21,0.329756926,0.320965377,0.320960995,0.320961888,0.320961877,0.320975627
4727,INPUT_SKIN8_90_5.txt,OUTPUT_LUNG_90_5.txt,21,2.537058966,2.177928874,2.177025887,2.178726458,2.177852596,2.177832066
4728,INPUT_SKIN8_90_5.txt,OUTPUT_S_90_5.txt,21,NA,NA,NA,NA,NA,NA
4729,INPUT_SKIN8_90_5.txt,OUTPUT_SKIN1_90_5.txt,21,0.426644459,0.450900212,0.450893713,0.450837946,0.450913722,0.450735541
4730,INPUT_SKIN8_90_5.txt,OUTPUT_SKIN10_90_5.txt,21,2.038643526,1.808133134,1.808689139,1.808963431,1.808753987,1.808703589
4731,INPUT_SKIN8_90_5.txt,OUTPUT_SKIN11_90_5.txt,21,0.644913955,1.084833257,1.085132176,1.085247291,1.084843048,1.084863914
4732,INPUT_SKIN8_90_5.txt,OUTPUT_SKIN12_90_5.txt,21,1.15464136,1.192564166,1.192397886,1.19254552,1.192855784,1.192749872
4733,INPUT_SKIN8_90_5.txt,OUTPUT_SKIN2_90_5.txt,21,0.725866513,1.097286059,1.097321314,1.097313131,1.097262853,1.097376807
4734,INPUT_SKIN8_90_5.txt,OUTPUT_SKIN3_90_5.txt,21,5.722566785,5.994178599,5.98978288,5.996466336,5.999928905,5.991552311
4735,INPUT_SKIN8_90_5.txt,OUTPUT_SKIN4_90_5.txt,21,1.302015735,1.44504163,1.445010345,1.44510653,1.444458953,1.445037796
4736,INPUT_SKIN8_90_5.txt,OUTPUT_SKIN5_90_5.txt,21,1.710620818,1.6112389,1.611067569,1.611318612,1.610910909,1.61141461
4737,INPUT_SKIN8_90_5.txt,OUTPUT_SKIN6_90_5.txt,21,1.108163896,1.444664585,1.444993921,1.445033983,1.44462979,1.444975435
4738,INPUT_SKIN8_90_5.txt,OUTPUT_SKIN7_90_5.txt,21,0.789801798,0.86949843,0.869528418,0.869769079,0.869529121,0.869590704
4739,INPUT_SKIN8_90_5.txt,OUTPUT_SKIN8_90_5.txt,21,-482660,-362185,-362190,-362189,-362189,-362173.5
4740,INPUT_SKIN8_90_5.txt,OUTPUT_SKIN9_90_5.txt,21,0.367003796,0.422827243,0.422519667,0.422804607,0.422565617,0.422827973
4741,INPUT_SKIN9_90_5.txt,OUTPUT_BM1_90_5.txt,21,2.519411693,2.375601883,2.376463054,2.375654859,2.376338594,2.375639209
4742,INPUT_SKIN9_90_5.txt,OUTPUT_BM2_90_5.txt,21,2.775949437,2.791118239,2.793535163,2.79352918,2.79199824,2.793319065
4743,INPUT_SKIN9_90_5.txt,OUTPUT_GUT_90_5.txt,21,0.009136678,0.007232089,0.007234687,0.007232242,0.007234304,0.007232196
4744,INPUT_SKIN9_90_5.txt,OUTPUT_L_90_5.txt,21,9.778488813,9.065979618,9.069560541,9.066674843,9.069651517,9.065551675
4745,INPUT_SKIN9_90_5.txt,OUTPUT_LN1_90_5.txt,21,0.049472378,0.034476832,0.034487663,0.034477369,0.034485838,0.034476662
4746,INPUT_SKIN9_90_5.txt,OUTPUT_LN2_90_5.txt,21,0.109560664,0.069324924,0.06934985,0.069326396,0.069346178,0.069325955
4747,INPUT_SKIN9_90_5.txt,OUTPUT_LUNG_90_5.txt,21,0.445200732,0.54610932,0.545986574,0.546392495,0.546254901,0.546054909
4748,INPUT_SKIN9_90_5.txt,OUTPUT_S_90_5.txt,21,NA,NA,NA,NA,NA,NA
4749,INPUT_SKIN9_90_5.txt,OUTPUT_SKIN1_90_5.txt,21,0.159920872,0.146062707,0.146115333,0.146047298,0.146113678,0.146006956
4750,INPUT_SKIN9_90_5.txt,OUTPUT_SKIN10_90_5.txt,21,1.084092373,1.003053371,1.003730985,1.003545006,1.003709604,1.003350388
4751,INPUT_SKIN9_90_5.txt,OUTPUT_SKIN11_90_5.txt,21,0.58615797,0.576159665,0.576530803,0.576394543,0.576347444,0.576166054
4752,INPUT_SKIN9_90_5.txt,OUTPUT_SKIN12_90_5.txt,21,1.13440836,1.046569141,1.046816412,1.046586954,1.047159125,1.046715161
4753,INPUT_SKIN9_90_5.txt,OUTPUT_SKIN2_90_5.txt,21,0.514371654,0.494585902,0.494785125,0.494612799,0.494731181,0.494618459
4754,INPUT_SKIN9_90_5.txt,OUTPUT_SKIN3_90_5.txt,21,2.517146773,2.75173325,2.747024359,2.649071402,2.655354908,2.830126381
4755,INPUT_SKIN9_90_5.txt,OUTPUT_SKIN4_90_5.txt,21,1.070010875,1.023989035,1.024347388,1.024067713,1.023904964,1.023969691
4756,INPUT_SKIN9_90_5.txt,OUTPUT_SKIN5_90_5.txt,21,1.588399812,1.590158958,1.590606009,1.590290734,1.590340679,1.59032968
4757,INPUT_SKIN9_90_5.txt,OUTPUT_SKIN6_90_5.txt,21,0.430462243,0.475130172,0.475411718,0.475266654,0.475262347,0.47522705
4758,INPUT_SKIN9_90_5.txt,OUTPUT_SKIN7_90_5.txt,21,0.591054005,0.851891825,0.852211234,0.852243076,0.852134561,0.852027559
4759,INPUT_SKIN9_90_5.txt,OUTPUT_SKIN8_90_5.txt,21,0.586813678,0.783788192,0.784094401,0.783822304,0.784048874,0.783749781
4760,INPUT_SKIN9_90_5.txt,OUTPUT_SKIN9_90_5.txt,21,-944869,-708671.5,-708417,-708656.5,-708454.5,-708661
4761,INPUT_BM1_90_5.txt,OUTPUT_BM1_90_5.txt,22,-519450,-389849,-389731,-389796.5,-389669.5,-389824
4762,INPUT_BM1_90_5.txt,OUTPUT_BM2_90_5.txt,22,4.827168014,4.86499702,4.865489787,4.866466471,4.86786808,4.867654956
4763,INPUT_BM1_90_5.txt,OUTPUT_GUT_90_5.txt,22,NA,NA,NA,NA,NA,NA
4764,INPUT_BM1_90_5.txt,OUTPUT_L_90_5.txt,22,0.825399424,0.825084633,0.825194393,0.825026141,0.824982342,0.824540547
4765,INPUT_BM1_90_5.txt,OUTPUT_LN1_90_5.txt,22,0.201439276,0.185251343,0.185309107,0.185271705,0.185337043,0.185264405
4766,INPUT_BM1_90_5.txt,OUTPUT_LN2_90_5.txt,22,0.115826792,0.129404365,0.129424571,0.129409574,0.129422919,0.129375595
4767,INPUT_BM1_90_5.txt,OUTPUT_LUNG_90_5.txt,22,0.107448577,0.096982353,0.097011823,0.096995462,0.09702719,0.096988595
4768,INPUT_BM1_90_5.txt,OUTPUT_S_90_5.txt,22,12.14690581,11.11016269,11.11099133,11.10621727,11.11376943,11.11158435
4769,INPUT_BM1_90_5.txt,OUTPUT_SKIN1_90_5.txt,22,0.114288202,0.093060143,0.093053572,0.093058749,0.093094187,0.093041448
4770,INPUT_BM1_90_5.txt,OUTPUT_SKIN10_90_5.txt,22,0.013896826,0.016243591,0.016248511,0.01624578,0.016251077,0.016244633
4771,INPUT_BM1_90_5.txt,OUTPUT_SKIN11_90_5.txt,22,4.933849142,4.689732351,4.691658145,4.690174546,4.691947124,4.690262883
4772,INPUT_BM1_90_5.txt,OUTPUT_SKIN12_90_5.txt,22,0.052081178,0.059372122,0.059379431,0.059368112,0.059381111,0.059360556
4773,INPUT_BM1_90_5.txt,OUTPUT_SKIN2_90_5.txt,22,0.113611841,0.118740278,0.118762388,0.118740456,0.118794337,0.118765894
4774,INPUT_BM1_90_5.txt,OUTPUT_SKIN3_90_5.txt,22,0.367388221,0.356840545,0.356963098,0.356889326,0.357033133,0.356871704
4775,INPUT_BM1_90_5.txt,OUTPUT_SKIN4_90_5.txt,22,0.153060181,0.1575368,0.157590134,0.157560163,0.15761135,0.157548547
4776,INPUT_BM1_90_5.txt,OUTPUT_SKIN5_90_5.txt,22,0.139604229,0.127547894,0.127585362,0.127562423,0.127615197,0.127555497
4777,INPUT_BM1_90_5.txt,OUTPUT_SKIN6_90_5.txt,22,NA,NA,NA,NA,NA,NA
4778,INPUT_BM1_90_5.txt,OUTPUT_SKIN7_90_5.txt,22,0.021202081,0.019859233,0.019860369,0.019855039,0.019864124,0.019859202
4779,INPUT_BM1_90_5.txt,OUTPUT_SKIN8_90_5.txt,22,0.134787358,0.123455599,0.123468411,0.123442186,0.123508428,0.12342901
4780,INPUT_BM1_90_5.txt,OUTPUT_SKIN9_90_5.txt,22,0.895574062,0.791770927,0.791631097,0.791966771,0.791847147,0.791954547
4781,INPUT_BM2_90_5.txt,OUTPUT_BM1_90_5.txt,22,0.287045594,0.206160797,0.206056835,0.206086493,0.205959183,0.206083908
4782,INPUT_BM2_90_5.txt,OUTPUT_BM2_90_5.txt,22,-667582,-500384.5,-500334,-500430,-500413.5,-500507
4783,INPUT_BM2_90_5.txt,OUTPUT_GUT_90_5.txt,22,NA,NA,NA,NA,NA,NA
4784,INPUT_BM2_90_5.txt,OUTPUT_L_90_5.txt,22,0.620491492,0.592757066,0.592700353,0.592577664,0.592392385,0.592220827
4785,INPUT_BM2_90_5.txt,OUTPUT_LN1_90_5.txt,22,0.142624963,0.150922786,0.150940713,0.150902812,0.150899582,0.150875113
4786,INPUT_BM2_90_5.txt,OUTPUT_LN2_90_5.txt,22,0.150331271,0.127660213,0.127653992,0.127636395,0.12761107,0.127591062
4787,INPUT_BM2_90_5.txt,OUTPUT_LUNG_90_5.txt,22,0.067633835,0.06574938,0.065756046,0.065743467,0.065745562,0.065733313
4788,INPUT_BM2_90_5.txt,OUTPUT_S_90_5.txt,22,4.679815043,3.272409882,3.272004564,3.270555211,3.271824798,3.271874796
4789,INPUT_BM2_90_5.txt,OUTPUT_SKIN1_90_5.txt,22,0.129501881,0.129224017,0.12918687,0.129191607,0.129202302,0.129153969
4790,INPUT_BM2_90_5.txt,OUTPUT_SKIN10_90_5.txt,22,0.013171037,0.013155624,0.013156953,0.01315443,0.013154862,0.013152405
4791,INPUT_BM2_90_5.txt,OUTPUT_SKIN11_90_5.txt,22,0.11339166,0.148079925,0.148092661,0.148072157,0.148078801,0.148042599
4792,INPUT_BM2_90_5.txt,OUTPUT_SKIN12_90_5.txt,22,0.049717433,0.051722111,0.051720882,0.051699157,0.051695393,0.051693103
4793,INPUT_BM2_90_5.txt,OUTPUT_SKIN2_90_5.txt,22,0.070438876,0.07177787,0.071776577,0.071761316,0.071772817,0.071762445
4794,INPUT_BM2_90_5.txt,OUTPUT_SKIN3_90_5.txt,22,0.31476102,0.302806796,0.302817179,0.302748193,0.302811646,0.302737841
4795,INPUT_BM2_90_5.txt,OUTPUT_SKIN4_90_5.txt,22,0.148259296,0.147668692,0.14769213,0.147657938,0.147661571,0.147635216
4796,INPUT_BM2_90_5.txt,OUTPUT_SKIN5_90_5.txt,22,0.115880729,0.1142008,0.11421237,0.114188029,0.114188465,0.114171634
4797,INPUT_BM2_90_5.txt,OUTPUT_SKIN6_90_5.txt,22,NA,NA,NA,NA,NA,NA
4798,INPUT_BM2_90_5.txt,OUTPUT_SKIN7_90_5.txt,22,0.007700078,0.008843651,0.008842372,0.008839789,0.008841243,0.008840906
4799,INPUT_BM2_90_5.txt,OUTPUT_SKIN8_90_5.txt,22,0.102743657,0.104048431,0.104019888,0.103993813,0.104038326,0.103975334
4800,INPUT_BM2_90_5.txt,OUTPUT_SKIN9_90_5.txt,22,0.982953354,0.847895523,0.847575342,0.84791412,0.847538585,0.847830959
4801,INPUT_GUT_90_5.txt,OUTPUT_BM1_90_5.txt,22,NA,NA,NA,NA,NA,NA
4802,INPUT_GUT_90_5.txt,OUTPUT_BM2_90_5.txt,22,NA,NA,NA,NA,NA,NA
4803,INPUT_GUT_90_5.txt,OUTPUT_GUT_90_5.txt,22,NA,NA,NA,NA,NA,NA
4804,INPUT_GUT_90_5.txt,OUTPUT_L_90_5.txt,22,NA,NA,NA,NA,NA,NA
4805,INPUT_GUT_90_5.txt,OUTPUT_LN1_90_5.txt,22,NA,NA,NA,NA,NA,NA
4806,INPUT_GUT_90_5.txt,OUTPUT_LN2_90_5.txt,22,NA,NA,NA,NA,NA,NA
4807,INPUT_GUT_90_5.txt,OUTPUT_LUNG_90_5.txt,22,NA,NA,NA,NA,NA,NA
4808,INPUT_GUT_90_5.txt,OUTPUT_S_90_5.txt,22,NA,NA,NA,NA,NA,NA
4809,INPUT_GUT_90_5.txt,OUTPUT_SKIN1_90_5.txt,22,NA,NA,NA,NA,NA,NA
4810,INPUT_GUT_90_5.txt,OUTPUT_SKIN10_90_5.txt,22,NA,NA,NA,NA,NA,NA
4811,INPUT_GUT_90_5.txt,OUTPUT_SKIN11_90_5.txt,22,NA,NA,NA,NA,NA,NA
4812,INPUT_GUT_90_5.txt,OUTPUT_SKIN12_90_5.txt,22,NA,NA,NA,NA,NA,NA
4813,INPUT_GUT_90_5.txt,OUTPUT_SKIN2_90_5.txt,22,NA,NA,NA,NA,NA,NA
4814,INPUT_GUT_90_5.txt,OUTPUT_SKIN3_90_5.txt,22,NA,NA,NA,NA,NA,NA
4815,INPUT_GUT_90_5.txt,OUTPUT_SKIN4_90_5.txt,22,NA,NA,NA,NA,NA,NA
4816,INPUT_GUT_90_5.txt,OUTPUT_SKIN5_90_5.txt,22,NA,NA,NA,NA,NA,NA
4817,INPUT_GUT_90_5.txt,OUTPUT_SKIN6_90_5.txt,22,NA,NA,NA,NA,NA,NA
4818,INPUT_GUT_90_5.txt,OUTPUT_SKIN7_90_5.txt,22,NA,NA,NA,NA,NA,NA
4819,INPUT_GUT_90_5.txt,OUTPUT_SKIN8_90_5.txt,22,NA,NA,NA,NA,NA,NA
4820,INPUT_GUT_90_5.txt,OUTPUT_SKIN9_90_5.txt,22,NA,NA,NA,NA,NA,NA
4821,INPUT_L_90_5.txt,OUTPUT_BM1_90_5.txt,22,0.162107647,0.211805836,0.211698339,0.211771022,0.211669053,0.211847546
4822,INPUT_L_90_5.txt,OUTPUT_BM2_90_5.txt,22,103.7418868,102.2169204,102.1862357,102.1234172,102.1874908,102.1162066
4823,INPUT_L_90_5.txt,OUTPUT_GUT_90_5.txt,22,NA,NA,NA,NA,NA,NA
4824,INPUT_L_90_5.txt,OUTPUT_L_90_5.txt,22,-815543,-611359,-611299,-611294.5,-611190,-611159
4825,INPUT_L_90_5.txt,OUTPUT_LN1_90_5.txt,22,43.40854773,42.8966835,42.90534394,42.90423614,42.927526,42.93263215
4826,INPUT_L_90_5.txt,OUTPUT_LN2_90_5.txt,22,0.20255869,0.215663433,0.215652826,0.215665802,0.215653933,0.21567121
4827,INPUT_L_90_5.txt,OUTPUT_LUNG_90_5.txt,22,0.399802512,0.451455538,0.451500392,0.451503803,0.45158213,0.451605417
4828,INPUT_L_90_5.txt,OUTPUT_S_90_5.txt,22,4.680478297,4.769529345,4.768930726,4.76785777,4.770079741,4.771235705
4829,INPUT_L_90_5.txt,OUTPUT_SKIN1_90_5.txt,22,1.763859252,1.492190682,1.49182208,1.492146483,1.492502882,1.492354902
4830,INPUT_L_90_5.txt,OUTPUT_SKIN10_90_5.txt,22,2.049612162,2.015365599,2.015567058,2.015586107,2.015952556,2.016065129
4831,INPUT_L_90_5.txt,OUTPUT_SKIN11_90_5.txt,22,0.123142942,0.082235456,0.082242281,0.08224717,0.082262363,0.082261788
4832,INPUT_L_90_5.txt,OUTPUT_SKIN12_90_5.txt,22,6.887833282,6.747502255,6.746782627,6.749777862,6.750688158,6.749970366
4833,INPUT_L_90_5.txt,OUTPUT_SKIN2_90_5.txt,22,0.349097439,0.378846532,0.378844528,0.378839851,0.378956346,0.378633944
4834,INPUT_L_90_5.txt,OUTPUT_SKIN3_90_5.txt,22,1.952083267,1.763938938,1.764575203,1.764522427,1.764578406,1.764599989
4835,INPUT_L_90_5.txt,OUTPUT_SKIN4_90_5.txt,22,1.173929058,1.061227585,1.061303948,1.061348344,1.061541389,1.061576616
4836,INPUT_L_90_5.txt,OUTPUT_SKIN5_90_5.txt,22,0.720855349,0.812959489,0.813018302,0.813031542,0.813403128,0.813237643
4837,INPUT_L_90_5.txt,OUTPUT_SKIN6_90_5.txt,22,NA,NA,NA,NA,NA,NA
4838,INPUT_L_90_5.txt,OUTPUT_SKIN7_90_5.txt,22,0.007003734,0.007351828,0.007350744,0.007350061,0.007352284,0.00735375
4839,INPUT_L_90_5.txt,OUTPUT_SKIN8_90_5.txt,22,0.193633691,0.178417645,0.17845805,0.178457438,0.178462486,0.178486461
4840,INPUT_L_90_5.txt,OUTPUT_SKIN9_90_5.txt,22,1.048929797,1.036608293,1.036216611,1.036829825,1.036513404,1.037108975
4841,INPUT_LN1_90_5.txt,OUTPUT_BM1_90_5.txt,22,3.483704878,3.309762144,3.308211472,3.309024098,3.307551579,3.309671664
4842,INPUT_LN1_90_5.txt,OUTPUT_BM2_90_5.txt,22,1.76190784,1.871683562,1.871368713,1.872004489,1.871972917,1.872661009
4843,INPUT_LN1_90_5.txt,OUTPUT_GUT_90_5.txt,22,NA,NA,NA,NA,NA,NA
4844,INPUT_LN1_90_5.txt,OUTPUT_L_90_5.txt,22,1.508072043,1.68856456,1.688264388,1.688212404,1.687786587,1.687661364
4845,INPUT_LN1_90_5.txt,OUTPUT_LN1_90_5.txt,22,-624847.5,-468598.5,-468596,-468604,-468574,-468565
4846,INPUT_LN1_90_5.txt,OUTPUT_LN2_90_5.txt,22,0.132458437,0.158348327,0.15832591,0.158331512,0.158305875,0.158313473
4847,INPUT_LN1_90_5.txt,OUTPUT_LUNG_90_5.txt,22,0.268816683,0.245153814,0.245155115,0.245150945,0.245166674,0.245171369
4848,INPUT_LN1_90_5.txt,OUTPUT_S_90_5.txt,22,3.077137861,3.304166887,3.303629848,3.302903442,3.304032494,3.304575454
4849,INPUT_LN1_90_5.txt,OUTPUT_SKIN1_90_5.txt,22,0.188825456,0.175139336,0.175076894,0.1751117,0.175133946,0.175109752
4850,INPUT_LN1_90_5.txt,OUTPUT_SKIN10_90_5.txt,22,0.011048057,0.011713197,0.01171326,0.01171306,0.01171381,0.011714035
4851,INPUT_LN1_90_5.txt,OUTPUT_SKIN11_90_5.txt,22,0.043576247,7.539930051,7.540646256,7.539166097,7.539790628,7.540895694
4852,INPUT_LN1_90_5.txt,OUTPUT_SKIN12_90_5.txt,22,0.019129394,0.02400879,0.024000052,0.024016748,0.024016068,0.024009707
4853,INPUT_LN1_90_5.txt,OUTPUT_SKIN2_90_5.txt,22,0.327784498,0.328042215,0.328010223,0.327998084,0.328062689,0.32777169
4854,INPUT_LN1_90_5.txt,OUTPUT_SKIN3_90_5.txt,22,1.211502269,1.008334355,1.008600749,1.008546524,1.008461084,1.008441487
4855,INPUT_LN1_90_5.txt,OUTPUT_SKIN4_90_5.txt,22,0.572101838,0.579587381,0.579573269,0.579583397,0.579623678,0.579623375
4856,INPUT_LN1_90_5.txt,OUTPUT_SKIN5_90_5.txt,22,0.375231969,0.357413075,0.357404698,0.357401767,0.357528251,0.357441083
4857,INPUT_LN1_90_5.txt,OUTPUT_SKIN6_90_5.txt,22,NA,NA,NA,NA,NA,NA
4858,INPUT_LN1_90_5.txt,OUTPUT_SKIN7_90_5.txt,22,0.019660633,0.018807191,0.018802677,0.018800471,0.018804145,0.018807301
4859,INPUT_LN1_90_5.txt,OUTPUT_SKIN8_90_5.txt,22,0.120988826,0.125153703,0.125136229,0.125129304,0.1251559,0.125134487
4860,INPUT_LN1_90_5.txt,OUTPUT_SKIN9_90_5.txt,22,4.913339677,5.322286284,5.320727862,5.32259438,5.32130319,5.323175696
4861,INPUT_LN2_90_5.txt,OUTPUT_BM1_90_5.txt,22,0.156095081,0.100710377,0.100656963,0.100688062,0.100633953,0.100712059
4862,INPUT_LN2_90_5.txt,OUTPUT_BM2_90_5.txt,22,0.54060035,0.600671164,0.600465549,0.600228859,0.60083082,0.600583641
4863,INPUT_LN2_90_5.txt,OUTPUT_GUT_90_5.txt,22,NA,NA,NA,NA,NA,NA
4864,INPUT_LN2_90_5.txt,OUTPUT_L_90_5.txt,22,1.456406696,1.55632845,1.556135435,1.556075329,1.555719352,1.555546083
4865,INPUT_LN2_90_5.txt,OUTPUT_LN1_90_5.txt,22,0.392134169,0.331121923,0.331143845,0.331133286,0.331140116,0.331111033
4866,INPUT_LN2_90_5.txt,OUTPUT_LN2_90_5.txt,22,-507261,-380159.5,-380131.5,-380141.5,-380098.5,-380104
4867,INPUT_LN2_90_5.txt,OUTPUT_LUNG_90_5.txt,22,0.665923145,0.663787405,0.663837099,0.663819342,0.663895606,0.663885708
4868,INPUT_LN2_90_5.txt,OUTPUT_S_90_5.txt,22,0.850791744,0.940574909,0.9404762,0.94015478,0.94059542,0.940808852
4869,INPUT_LN2_90_5.txt,OUTPUT_SKIN1_90_5.txt,22,0.269903725,0.277983252,0.277898975,0.277971967,0.278001903,0.277972336
4870,INPUT_LN2_90_5.txt,OUTPUT_SKIN10_90_5.txt,22,12.56613304,11.35964399,11.36055691,11.36022965,11.36160585,11.3613907
4871,INPUT_LN2_90_5.txt,OUTPUT_SKIN11_90_5.txt,22,0.00910891,0.01102805,0.011029948,0.011027504,0.011028906,0.011030261
4872,INPUT_LN2_90_5.txt,OUTPUT_SKIN12_90_5.txt,22,24.99370052,22.62629656,22.63050234,22.61966282,22.62280103,22.62691026
4873,INPUT_LN2_90_5.txt,OUTPUT_SKIN2_90_5.txt,22,0.194648004,0.369574508,0.369562732,0.369546578,0.369640521,0.369296145
4874,INPUT_LN2_90_5.txt,OUTPUT_SKIN3_90_5.txt,22,0.691859804,0.729947461,0.730192285,0.73014588,0.730119199,0.730079577
4875,INPUT_LN2_90_5.txt,OUTPUT_SKIN4_90_5.txt,22,0.39438216,0.455272682,0.455292897,0.455296828,0.455351177,0.455335197
4876,INPUT_LN2_90_5.txt,OUTPUT_SKIN5_90_5.txt,22,0.390452859,0.324868297,0.324883691,0.324877362,0.325009231,0.324918605
4877,INPUT_LN2_90_5.txt,OUTPUT_SKIN6_90_5.txt,22,NA,NA,NA,NA,NA,NA
4878,INPUT_LN2_90_5.txt,OUTPUT_SKIN7_90_5.txt,22,0.007881592,0.006820426,0.006819253,0.00681839,0.006820057,0.006820973
4879,INPUT_LN2_90_5.txt,OUTPUT_SKIN8_90_5.txt,22,0.0729224,0.068969994,0.068984048,0.068981106,0.068979239,0.06898526
4880,INPUT_LN2_90_5.txt,OUTPUT_SKIN9_90_5.txt,22,0.783525039,0.721446804,0.721158634,0.721557235,0.721297163,0.721662364
4881,INPUT_LUNG_90_5.txt,OUTPUT_BM1_90_5.txt,22,0.083414867,0.101829752,0.101769371,0.101802885,0.101737908,0.101816958
4882,INPUT_LUNG_90_5.txt,OUTPUT_BM2_90_5.txt,22,1.486872238,1.452040956,1.451861662,1.452309911,1.452155442,1.452592556
4883,INPUT_LUNG_90_5.txt,OUTPUT_GUT_90_5.txt,22,NA,NA,NA,NA,NA,NA
4884,INPUT_LUNG_90_5.txt,OUTPUT_L_90_5.txt,22,2.532546046,2.036469388,2.036196979,2.036180366,2.035720869,2.035588268
4885,INPUT_LUNG_90_5.txt,OUTPUT_LN1_90_5.txt,22,0.826455244,0.754536048,0.754524478,0.754554212,0.754532742,0.754502972
4886,INPUT_LUNG_90_5.txt,OUTPUT_LN2_90_5.txt,22,0.206007174,9.176038222,9.175841733,9.175899085,9.175505616,9.175347648
4887,INPUT_LUNG_90_5.txt,OUTPUT_LUNG_90_5.txt,22,-523820,-392914,-392914,-392914,-392914,-392914
4888,INPUT_LUNG_90_5.txt,OUTPUT_S_90_5.txt,22,1.383337369,2.102527528,2.102323781,2.102111948,2.102412612,2.102631044
4889,INPUT_LUNG_90_5.txt,OUTPUT_SKIN1_90_5.txt,22,0.605862279,0.809004793,0.80871001,0.808886433,0.808937171,0.808809559
4890,INPUT_LUNG_90_5.txt,OUTPUT_SKIN10_90_5.txt,22,0.072250334,0.072705217,0.072705217,0.072705217,0.072705217,0.072705217
4891,INPUT_LUNG_90_5.txt,OUTPUT_SKIN11_90_5.txt,22,0.965900704,0.880475827,0.880559226,0.880393391,0.880405472,0.88052175
4892,INPUT_LUNG_90_5.txt,OUTPUT_SKIN12_90_5.txt,22,40.68119268,37.14088401,37.13693777,37.15959641,37.16025777,37.14990501
4893,INPUT_LUNG_90_5.txt,OUTPUT_SKIN2_90_5.txt,22,0.784154121,0.677910214,0.677838579,0.677824817,0.677917258,0.677284254
4894,INPUT_LUNG_90_5.txt,OUTPUT_SKIN3_90_5.txt,22,0.680225723,0.522009751,0.522144649,0.522125915,0.522046997,0.522027085
4895,INPUT_LUNG_90_5.txt,OUTPUT_SKIN4_90_5.txt,22,1.038909281,0.938059058,0.938030481,0.938063663,0.938068424,0.938049563
4896,INPUT_LUNG_90_5.txt,OUTPUT_SKIN5_90_5.txt,22,1.177291121,1.090024189,1.089992333,1.090002608,1.090321777,1.090031478
4897,INPUT_LUNG_90_5.txt,OUTPUT_SKIN6_90_5.txt,22,NA,NA,NA,NA,NA,NA
4898,INPUT_LUNG_90_5.txt,OUTPUT_SKIN7_90_5.txt,22,0.018791995,0.018758033,0.01875344,0.018751564,0.018754022,0.018756804
4899,INPUT_LUNG_90_5.txt,OUTPUT_SKIN8_90_5.txt,22,0.083776302,0.092860988,0.092873856,0.092872806,0.092858368,0.092866786
4900,INPUT_LUNG_90_5.txt,OUTPUT_SKIN9_90_5.txt,22,2.112624167,1.795946175,1.795475004,1.796056882,1.795588097,1.796111055
4901,INPUT_S_90_5.txt,OUTPUT_BM1_90_5.txt,22,45.39504115,44.95723524,44.93430285,44.93528926,44.91641141,44.92831662
4902,INPUT_S_90_5.txt,OUTPUT_BM2_90_5.txt,22,98.79960352,97.2007675,97.18925146,97.21841693,97.22750783,97.22667142
4903,INPUT_S_90_5.txt,OUTPUT_GUT_90_5.txt,22,NA,NA,NA,NA,NA,NA
4904,INPUT_S_90_5.txt,OUTPUT_L_90_5.txt,22,0.468863289,0.405482344,0.40544761,0.40549643,0.405280937,0.405200323
4905,INPUT_S_90_5.txt,OUTPUT_LN1_90_5.txt,22,0.179892456,0.180993985,0.18102634,0.181017562,0.180990983,0.181006024
4906,INPUT_S_90_5.txt,OUTPUT_LN2_90_5.txt,22,0.050005489,0.053692294,0.053690245,0.053700355,0.053678097,0.053674569
4907,INPUT_S_90_5.txt,OUTPUT_LUNG_90_5.txt,22,0.056889165,0.055580467,0.055586689,0.055594181,0.055583929,0.055578618
4908,INPUT_S_90_5.txt,OUTPUT_S_90_5.txt,22,-1105360.5,-828906.5,-828814,-828702.5,-828855,-828934
4909,INPUT_S_90_5.txt,OUTPUT_SKIN1_90_5.txt,22,0.086037193,0.08253411,0.082512797,0.082546221,0.082531645,0.082515159
4910,INPUT_S_90_5.txt,OUTPUT_SKIN10_90_5.txt,22,0.00560375,0.005865791,0.005866446,0.005867236,0.005866156,0.005865597
4911,INPUT_S_90_5.txt,OUTPUT_SKIN11_90_5.txt,22,4.654105913,4.572380923,4.573087795,4.57359807,4.572587417,4.572237825
4912,INPUT_S_90_5.txt,OUTPUT_SKIN12_90_5.txt,22,0.002706087,0.016357749,0.016353051,0.016367997,0.016363052,0.016356535
4913,INPUT_S_90_5.txt,OUTPUT_SKIN2_90_5.txt,22,0.065372385,0.063396679,0.063395435,0.063404138,0.06339976,0.063340667
4914,INPUT_S_90_5.txt,OUTPUT_SKIN3_90_5.txt,22,0.240938687,0.226658924,0.226618818,0.226640865,0.226689971,0.226652406
4915,INPUT_S_90_5.txt,OUTPUT_SKIN4_90_5.txt,22,0.147440537,0.1478286,0.147841638,0.147865998,0.1478393,0.147822469
4916,INPUT_S_90_5.txt,OUTPUT_SKIN5_90_5.txt,22,0.080730771,0.079468446,0.079478514,0.079486129,0.079455122,0.079464042
4917,INPUT_S_90_5.txt,OUTPUT_SKIN6_90_5.txt,22,NA,NA,NA,NA,NA,NA
4918,INPUT_S_90_5.txt,OUTPUT_SKIN7_90_5.txt,22,0.00624627,0.004086796,0.004086248,0.004086388,0.004086173,0.004086391
4919,INPUT_S_90_5.txt,OUTPUT_SKIN8_90_5.txt,22,0.081173984,0.056887296,0.056900484,0.056907495,0.056889317,0.056888148
4920,INPUT_S_90_5.txt,OUTPUT_SKIN9_90_5.txt,22,0.895670952,0.737555344,0.737284065,0.737820427,0.737332321,0.737654749
4921,INPUT_SKIN1_90_5.txt,OUTPUT_BM1_90_5.txt,22,0.196119218,0.151961815,0.151900981,0.151934734,0.151834368,0.151960554
4922,INPUT_SKIN1_90_5.txt,OUTPUT_BM2_90_5.txt,22,1.234623879,1.454958486,1.455042356,1.455407592,1.455111525,1.455596262
4923,INPUT_SKIN1_90_5.txt,OUTPUT_GUT_90_5.txt,22,NA,NA,NA,NA,NA,NA
4924,INPUT_SKIN1_90_5.txt,OUTPUT_L_90_5.txt,22,3.328732614,2.099941558,2.100049458,2.099915266,2.099334265,2.099327712
4925,INPUT_SKIN1_90_5.txt,OUTPUT_LN1_90_5.txt,22,2.185338865,2.662627611,2.663083731,2.662898561,2.662471787,2.66257385
4926,INPUT_SKIN1_90_5.txt,OUTPUT_LN2_90_5.txt,22,0.481394732,0.57413933,0.574161491,0.574131341,0.573986536,0.574045094
4927,INPUT_SKIN1_90_5.txt,OUTPUT_LUNG_90_5.txt,22,0.470982243,0.511497381,0.511589883,0.511534847,0.511518663,0.511558978
4928,INPUT_SKIN1_90_5.txt,OUTPUT_S_90_5.txt,22,2.879556361,2.794930327,2.795249651,2.795365077,2.794945507,2.795045991
4929,INPUT_SKIN1_90_5.txt,OUTPUT_SKIN1_90_5.txt,22,-597460.5,-448706.5,-448626,-448674,-448688,-448653
4930,INPUT_SKIN1_90_5.txt,OUTPUT_SKIN10_90_5.txt,22,12.88094116,12.28868186,12.29096458,12.29015656,12.28916556,12.28987723
4931,INPUT_SKIN1_90_5.txt,OUTPUT_SKIN11_90_5.txt,22,1.603930669,1.528783733,1.529194474,1.528762301,1.528723003,1.52903615
4932,INPUT_SKIN1_90_5.txt,OUTPUT_SKIN12_90_5.txt,22,0.154652023,0.141364224,0.1413375,0.141422733,0.14140552,0.141376482
4933,INPUT_SKIN1_90_5.txt,OUTPUT_SKIN2_90_5.txt,22,0.405897729,0.427639932,0.427673636,0.427619485,0.427661786,0.427313526
4934,INPUT_SKIN1_90_5.txt,OUTPUT_SKIN3_90_5.txt,22,0.924476421,1.161178307,1.161681893,1.161525917,1.161302814,1.161349739
4935,INPUT_SKIN1_90_5.txt,OUTPUT_SKIN4_90_5.txt,22,0.678917666,0.68696195,0.687065396,0.687015822,0.686997305,0.687037899
4936,INPUT_SKIN1_90_5.txt,OUTPUT_SKIN5_90_5.txt,22,0.863149934,0.790596169,0.790716146,0.790638121,0.790842065,0.790696439
4937,INPUT_SKIN1_90_5.txt,OUTPUT_SKIN6_90_5.txt,22,NA,NA,NA,NA,NA,NA
4938,INPUT_SKIN1_90_5.txt,OUTPUT_SKIN7_90_5.txt,22,0.031214452,0.029173944,0.029172047,0.029166032,0.029168921,0.029175506
4939,INPUT_SKIN1_90_5.txt,OUTPUT_SKIN8_90_5.txt,22,0.620905894,0.502626754,0.502791489,0.502732358,0.502645888,0.50272597
4940,INPUT_SKIN1_90_5.txt,OUTPUT_SKIN9_90_5.txt,22,4.346469796,4.136338243,4.137338535,4.137238928,4.136750219,4.136090596
4941,INPUT_SKIN10_90_5.txt,OUTPUT_BM1_90_5.txt,22,0.149483145,0.145550482,0.145463077,0.145511591,0.145417532,0.145531962
4942,INPUT_SKIN10_90_5.txt,OUTPUT_BM2_90_5.txt,22,0.593586239,0.555870774,0.55565778,0.555498354,0.555933559,0.555759201
4943,INPUT_SKIN10_90_5.txt,OUTPUT_GUT_90_5.txt,22,NA,NA,NA,NA,NA,NA
4944,INPUT_SKIN10_90_5.txt,OUTPUT_L_90_5.txt,22,0.868429904,0.88374143,0.88357079,0.883558185,0.883261781,0.883174049
4945,INPUT_SKIN10_90_5.txt,OUTPUT_LN1_90_5.txt,22,0.211267311,0.200308705,0.200309878,0.200299069,0.200324592,0.200323701
4946,INPUT_SKIN10_90_5.txt,OUTPUT_LN2_90_5.txt,22,0.226242109,0.207082431,0.207050926,0.207062177,0.207013791,0.207019968
4947,INPUT_SKIN10_90_5.txt,OUTPUT_LUNG_90_5.txt,22,0.13094743,0.120970197,0.120970197,0.120970197,0.120970197,0.120970197
4948,INPUT_SKIN10_90_5.txt,OUTPUT_S_90_5.txt,22,1.419195279,1.418207369,1.41795597,1.417558151,1.418045359,1.418346975
4949,INPUT_SKIN10_90_5.txt,OUTPUT_SKIN1_90_5.txt,22,0.19695941,0.207401519,0.207327141,0.207364501,0.207384506,0.207342467
4950,INPUT_SKIN10_90_5.txt,OUTPUT_SKIN10_90_5.txt,22,-505892,-379513,-379513,-379513,-379513,-379513
4951,INPUT_SKIN10_90_5.txt,OUTPUT_SKIN11_90_5.txt,22,0.022713279,0.018351835,0.018352957,0.018350844,0.018351056,0.018352475
4952,INPUT_SKIN10_90_5.txt,OUTPUT_SKIN12_90_5.txt,22,0.091410839,0.084120188,0.084101605,0.084160819,0.084159521,0.084133508
4953,INPUT_SKIN10_90_5.txt,OUTPUT_SKIN2_90_5.txt,22,0.192445743,0.170684151,0.17066385,0.170663046,0.170683969,0.170533682
4954,INPUT_SKIN10_90_5.txt,OUTPUT_SKIN3_90_5.txt,22,0.313109461,0.302565016,0.302584086,0.30257287,0.302587443,0.302572122
4955,INPUT_SKIN10_90_5.txt,OUTPUT_SKIN4_90_5.txt,22,0.191676459,0.189271684,0.189266004,0.189272631,0.189274138,0.189270351
4956,INPUT_SKIN10_90_5.txt,OUTPUT_SKIN5_90_5.txt,22,0.184807474,0.171120733,0.171120258,0.171116862,0.171118027,0.171118798
4957,INPUT_SKIN10_90_5.txt,OUTPUT_SKIN6_90_5.txt,22,NA,NA,NA,NA,NA,NA
4958,INPUT_SKIN10_90_5.txt,OUTPUT_SKIN7_90_5.txt,22,0.015739022,0.013530639,0.013527318,0.013525962,0.013527739,0.013529751
4959,INPUT_SKIN10_90_5.txt,OUTPUT_SKIN8_90_5.txt,22,0.054610984,0.053163953,0.0531643,0.053162911,0.053162324,0.053161048
4960,INPUT_SKIN10_90_5.txt,OUTPUT_SKIN9_90_5.txt,22,0.657320683,0.620620533,0.620333112,0.620688085,0.620402088,0.620721144
4961,INPUT_SKIN11_90_5.txt,OUTPUT_BM1_90_5.txt,22,0.049903123,0.062749507,0.062712143,0.062731466,0.062690284,0.06274174
4962,INPUT_SKIN11_90_5.txt,OUTPUT_BM2_90_5.txt,22,1.421479843,1.295059021,1.294422395,1.293457457,1.295168219,1.29423182
4963,INPUT_SKIN11_90_5.txt,OUTPUT_GUT_90_5.txt,22,NA,NA,NA,NA,NA,NA
4964,INPUT_SKIN11_90_5.txt,OUTPUT_L_90_5.txt,22,1.130569935,1.099352114,1.099174191,1.099110126,1.098701088,1.0985974
4965,INPUT_SKIN11_90_5.txt,OUTPUT_LN1_90_5.txt,22,0.258214038,0.24883372,0.248836025,0.248822859,0.248850312,0.248858119
4966,INPUT_SKIN11_90_5.txt,OUTPUT_LN2_90_5.txt,22,0.198717797,0.217856166,0.217825367,0.217831083,0.217780233,0.217793788
4967,INPUT_SKIN11_90_5.txt,OUTPUT_LUNG_90_5.txt,22,0.132055574,0.132672144,0.132673222,0.132669631,0.132668735,0.132672683
4968,INPUT_SKIN11_90_5.txt,OUTPUT_S_90_5.txt,22,2.294384967,1.902312284,1.901945759,1.901477921,1.902046985,1.90249554
4969,INPUT_SKIN11_90_5.txt,OUTPUT_SKIN1_90_5.txt,22,0.28239534,0.270840873,0.270739927,0.270793965,0.270806574,0.270766988
4970,INPUT_SKIN11_90_5.txt,OUTPUT_SKIN10_90_5.txt,22,0.051916686,0.047150131,0.047150514,0.047149239,0.047148921,0.047150323
4971,INPUT_SKIN11_90_5.txt,OUTPUT_SKIN11_90_5.txt,22,-491664.5,-370223.5,-370220.5,-370230.5,-370233,-370222
4972,INPUT_SKIN11_90_5.txt,OUTPUT_SKIN12_90_5.txt,22,0.110554544,0.101675934,0.101654057,0.101669833,0.101659891,0.101658102
4973,INPUT_SKIN11_90_5.txt,OUTPUT_SKIN2_90_5.txt,22,0.233559203,0.211708345,0.211684711,0.21167719,0.211701843,0.211700933
4974,INPUT_SKIN11_90_5.txt,OUTPUT_SKIN3_90_5.txt,22,0.470820842,0.459639487,0.459669819,0.459640346,0.459661417,0.459651967
4975,INPUT_SKIN11_90_5.txt,OUTPUT_SKIN4_90_5.txt,22,0.241797006,0.219155126,0.219159203,0.219153159,0.219151666,0.219156598
4976,INPUT_SKIN11_90_5.txt,OUTPUT_SKIN5_90_5.txt,22,0.27147719,0.253648672,0.253649925,0.253638111,0.253638013,0.253647306
4977,INPUT_SKIN11_90_5.txt,OUTPUT_SKIN6_90_5.txt,22,NA,NA,NA,NA,NA,NA
4978,INPUT_SKIN11_90_5.txt,OUTPUT_SKIN7_90_5.txt,22,0.030832986,0.027777127,0.027770536,0.027767001,0.027770462,0.027775416
4979,INPUT_SKIN11_90_5.txt,OUTPUT_SKIN8_90_5.txt,22,0.070803643,0.064012379,0.064016669,0.064013625,0.064008965,0.064012474
4980,INPUT_SKIN11_90_5.txt,OUTPUT_SKIN9_90_5.txt,22,1.048720325,0.974810257,0.974372176,0.974896706,0.974445076,0.974971944
4981,INPUT_SKIN12_90_5.txt,OUTPUT_BM1_90_5.txt,22,0.056537934,0.073065436,0.073034198,0.073033062,0.072988221,0.073057176
4982,INPUT_SKIN12_90_5.txt,OUTPUT_BM2_90_5.txt,22,0.586980554,0.593960096,0.593929474,0.59384908,0.593951249,0.594160195
4983,INPUT_SKIN12_90_5.txt,OUTPUT_GUT_90_5.txt,22,NA,NA,NA,NA,NA,NA
4984,INPUT_SKIN12_90_5.txt,OUTPUT_L_90_5.txt,22,0.743564129,0.746713439,0.746733499,0.746440334,0.746202453,0.746212918
4985,INPUT_SKIN12_90_5.txt,OUTPUT_LN1_90_5.txt,22,0.172041593,0.180361091,0.180390195,0.180330029,0.180383947,0.180398268
4986,INPUT_SKIN12_90_5.txt,OUTPUT_LN2_90_5.txt,22,0.075566326,0.072534482,0.072537246,0.072515249,0.072502298,0.072514836
4987,INPUT_SKIN12_90_5.txt,OUTPUT_LUNG_90_5.txt,22,0.120969225,0.093853455,0.093870813,0.09383746,0.093841702,0.093855039
4988,INPUT_SKIN12_90_5.txt,OUTPUT_S_90_5.txt,22,1.155863494,1.187396296,1.187415031,1.18669834,1.187119571,1.187525217
4989,INPUT_SKIN12_90_5.txt,OUTPUT_SKIN1_90_5.txt,22,0.211618041,0.225393754,0.225351756,0.225328418,0.225345474,0.225348837
4990,INPUT_SKIN12_90_5.txt,OUTPUT_SKIN10_90_5.txt,22,0.034905248,0.035872611,0.035879244,0.035866493,0.035868113,0.035873213
4991,INPUT_SKIN12_90_5.txt,OUTPUT_SKIN11_90_5.txt,22,0.02731594,0.02575586,0.025762344,0.025749908,0.025751418,0.025757248
4992,INPUT_SKIN12_90_5.txt,OUTPUT_SKIN12_90_5.txt,22,-797629.5,-598047,-597936.5,-598149,-598122,-598037
4993,INPUT_SKIN12_90_5.txt,OUTPUT_SKIN2_90_5.txt,22,0.106111811,0.109941838,0.109950678,0.109910579,0.109930305,0.109846257
4994,INPUT_SKIN12_90_5.txt,OUTPUT_SKIN3_90_5.txt,22,0.317808641,0.278496267,0.27862122,0.27851145,0.278481883,0.27851051
4995,INPUT_SKIN12_90_5.txt,OUTPUT_SKIN4_90_5.txt,22,0.148635626,0.195582988,0.19561314,0.195550576,0.195560426,0.195584247
4996,INPUT_SKIN12_90_5.txt,OUTPUT_SKIN5_90_5.txt,22,0.241519089,0.226873975,0.226909689,0.226830614,0.226908464,0.226879561
4997,INPUT_SKIN12_90_5.txt,OUTPUT_SKIN6_90_5.txt,22,NA,NA,NA,NA,NA,NA
4998,INPUT_SKIN12_90_5.txt,OUTPUT_SKIN7_90_5.txt,22,0.01405205,0.014356068,0.014355199,0.01434866,0.014351192,0.014355365
4999,INPUT_SKIN12_90_5.txt,OUTPUT_SKIN8_90_5.txt,22,0.036547227,0.035028608,0.035037441,0.035024165,0.035023073,0.035028913
5000,INPUT_SKIN12_90_5.txt,OUTPUT_SKIN9_90_5.txt,22,0.49242386,0.423555256,0.423432349,0.423530025,0.423348829,0.423632789
5001,INPUT_SKIN2_90_5.txt,OUTPUT_BM1_90_5.txt,22,0.248605481,0.232464922,0.232281796,0.232351595,0.232280073,0.232541906
5002,INPUT_SKIN2_90_5.txt,OUTPUT_BM2_90_5.txt,22,1.587802073,1.595165753,1.59244377,1.592769871,1.595246751,1.596218979
5003,INPUT_SKIN2_90_5.txt,OUTPUT_GUT_90_5.txt,22,NA,NA,NA,NA,NA,NA
5004,INPUT_SKIN2_90_5.txt,OUTPUT_L_90_5.txt,22,1.422092811,1.690516766,1.688751799,1.688765241,1.690220257,1.690901048
5005,INPUT_SKIN2_90_5.txt,OUTPUT_LN1_90_5.txt,22,0.815817986,1.056660613,1.056643676,1.056690203,1.056545541,1.056977029
5006,INPUT_SKIN2_90_5.txt,OUTPUT_LN2_90_5.txt,22,0.207074851,0.267246025,0.267208303,0.267224137,0.267163971,0.267290292
5007,INPUT_SKIN2_90_5.txt,OUTPUT_LUNG_90_5.txt,22,0.336166805,0.442550706,0.442572049,0.442576404,0.442548604,0.442744556
5008,INPUT_SKIN2_90_5.txt,OUTPUT_S_90_5.txt,22,1.496888717,1.398286198,1.395432619,1.395394921,1.398310164,1.398926511
5009,INPUT_SKIN2_90_5.txt,OUTPUT_SKIN1_90_5.txt,22,0.827789615,0.91893357,0.918644921,0.918853055,0.91885253,0.919117691
5010,INPUT_SKIN2_90_5.txt,OUTPUT_SKIN10_90_5.txt,22,0.068422467,0.046652963,0.046655075,0.046655532,0.046652738,0.04667356
5011,INPUT_SKIN2_90_5.txt,OUTPUT_SKIN11_90_5.txt,22,5.076331392,5.01806911,5.015502299,5.014921529,5.01783747,5.020632219
5012,INPUT_SKIN2_90_5.txt,OUTPUT_SKIN12_90_5.txt,22,0.133394595,0.136554334,0.136510552,0.136608796,0.136587886,0.136609823
5013,INPUT_SKIN2_90_5.txt,OUTPUT_SKIN2_90_5.txt,22,-543667.5,-407892.5,-407872,-407868,-407894.5,-407712.5
5014,INPUT_SKIN2_90_5.txt,OUTPUT_SKIN3_90_5.txt,22,0.548953269,0.699017186,0.699149932,0.69913397,0.699059946,0.699348037
5015,INPUT_SKIN2_90_5.txt,OUTPUT_SKIN4_90_5.txt,22,2.25266798,2.821332317,2.821333479,2.821460614,2.821346585,2.822542938
5016,INPUT_SKIN2_90_5.txt,OUTPUT_SKIN5_90_5.txt,22,1.821318087,2.270878223,2.270922255,2.270965258,2.271480292,2.271890811
5017,INPUT_SKIN2_90_5.txt,OUTPUT_SKIN6_90_5.txt,22,NA,NA,NA,NA,NA,NA
5018,INPUT_SKIN2_90_5.txt,OUTPUT_SKIN7_90_5.txt,22,0.013628456,0.015114337,0.015111293,0.015109934,0.015111041,0.015120023
5019,INPUT_SKIN2_90_5.txt,OUTPUT_SKIN8_90_5.txt,22,0.332499041,0.326530428,0.326588085,0.326587843,0.326524534,0.326698172
5020,INPUT_SKIN2_90_5.txt,OUTPUT_SKIN9_90_5.txt,22,2.168424669,2.140881721,2.135098422,2.134818489,2.141177187,2.141751897
5021,INPUT_SKIN3_90_5.txt,OUTPUT_BM1_90_5.txt,22,0.038903158,10.05561784,10.05150162,10.05328314,10.05076511,10.05503863
5022,INPUT_SKIN3_90_5.txt,OUTPUT_BM2_90_5.txt,22,4.741526139,5.726773161,5.725254261,5.727219701,5.72725358,5.729155876
5023,INPUT_SKIN3_90_5.txt,OUTPUT_GUT_90_5.txt,22,NA,NA,NA,NA,NA,NA
5024,INPUT_SKIN3_90_5.txt,OUTPUT_L_90_5.txt,22,2.032470464,1.91898277,1.918371296,1.918375818,1.917878361,1.917721277
5025,INPUT_SKIN3_90_5.txt,OUTPUT_LN1_90_5.txt,22,0.310591542,0.260341419,0.260305632,0.260290301,0.260304018,0.260269724
5026,INPUT_SKIN3_90_5.txt,OUTPUT_LN2_90_5.txt,22,0.258533974,0.220374036,0.220312584,0.220328603,0.220292914,0.220303859
5027,INPUT_SKIN3_90_5.txt,OUTPUT_LUNG_90_5.txt,22,0.194162144,0.124923602,0.124907768,0.124910073,0.124918989,0.124921475
5028,INPUT_SKIN3_90_5.txt,OUTPUT_S_90_5.txt,22,6.694723265,7.826427871,7.824642428,7.823256012,7.825909095,7.826823444
5029,INPUT_SKIN3_90_5.txt,OUTPUT_SKIN1_90_5.txt,22,0.422991072,0.475414487,0.475177839,0.475292981,0.475356748,0.475288534
5030,INPUT_SKIN3_90_5.txt,OUTPUT_SKIN10_90_5.txt,22,0.064414987,0.057615437,0.057608007,0.057609067,0.057613315,0.057614451
5031,INPUT_SKIN3_90_5.txt,OUTPUT_SKIN11_90_5.txt,22,0.340858326,0.226016229,0.225985064,0.225997683,0.226017472,0.22601145
5032,INPUT_SKIN3_90_5.txt,OUTPUT_SKIN12_90_5.txt,22,0.142000941,0.123568561,0.123507126,0.123596939,0.123594822,0.123562263
5033,INPUT_SKIN3_90_5.txt,OUTPUT_SKIN2_90_5.txt,22,0.1970893,0.166180347,0.166140832,0.166140598,0.166175849,0.166027472
5034,INPUT_SKIN3_90_5.txt,OUTPUT_SKIN3_90_5.txt,22,-506559,-380158.5,-380207.5,-380200.5,-380172.5,-380165
5035,INPUT_SKIN3_90_5.txt,OUTPUT_SKIN4_90_5.txt,22,0.517053336,0.505508081,0.505427611,0.505455139,0.50549444,0.505494147
5036,INPUT_SKIN3_90_5.txt,OUTPUT_SKIN5_90_5.txt,22,0.289139625,0.254243025,0.254204524,0.254210057,0.254307256,0.254241422
5037,INPUT_SKIN3_90_5.txt,OUTPUT_SKIN6_90_5.txt,22,NA,NA,NA,NA,NA,NA
5038,INPUT_SKIN3_90_5.txt,OUTPUT_SKIN7_90_5.txt,22,0.013767733,0.012070695,0.012066176,0.012065188,0.012067663,0.012069696
5039,INPUT_SKIN3_90_5.txt,OUTPUT_SKIN8_90_5.txt,22,0.265456278,0.453916918,0.453870941,0.453868009,0.453884651,0.453882639
5040,INPUT_SKIN3_90_5.txt,OUTPUT_SKIN9_90_5.txt,22,3.542169366,3.575044789,3.573189199,3.575016925,3.573881021,3.575524434
5041,INPUT_SKIN4_90_5.txt,OUTPUT_BM1_90_5.txt,22,0.07986898,0.096289729,0.09623409,0.096264095,0.096202472,0.096278148
5042,INPUT_SKIN4_90_5.txt,OUTPUT_BM2_90_5.txt,22,1.735180192,1.145793019,1.145640227,1.146002526,1.14589515,1.146279587
5043,INPUT_SKIN4_90_5.txt,OUTPUT_GUT_90_5.txt,22,NA,NA,NA,NA,NA,NA
5044,INPUT_SKIN4_90_5.txt,OUTPUT_L_90_5.txt,22,1.86324941,1.965507847,1.965251691,1.965198288,1.964713024,1.964591556
5045,INPUT_SKIN4_90_5.txt,OUTPUT_LN1_90_5.txt,22,0.263837087,0.352772919,0.352774357,0.352780384,0.35273418,0.35272394
5046,INPUT_SKIN4_90_5.txt,OUTPUT_LN2_90_5.txt,22,0.335563023,0.414399377,0.414345437,0.414359655,0.414266171,0.414281781
5047,INPUT_SKIN4_90_5.txt,OUTPUT_LUNG_90_5.txt,22,0.57405545,0.679644327,0.679654259,0.679642595,0.679640934,0.679647648
5048,INPUT_SKIN4_90_5.txt,OUTPUT_S_90_5.txt,22,1.588615772,1.038364562,1.038202887,1.037980911,1.038264883,1.038436657
5049,INPUT_SKIN4_90_5.txt,OUTPUT_SKIN1_90_5.txt,22,0.274836621,0.225399634,0.225320448,0.225371676,0.225378781,0.225352074
5050,INPUT_SKIN4_90_5.txt,OUTPUT_SKIN10_90_5.txt,22,0.056490469,0.053183694,0.053184486,0.053183562,0.053183431,0.053183959
5051,INPUT_SKIN4_90_5.txt,OUTPUT_SKIN11_90_5.txt,22,0.046288846,0.05855802,0.058557993,0.058560029,0.058560675,0.058557863
5052,INPUT_SKIN4_90_5.txt,OUTPUT_SKIN12_90_5.txt,22,0.09601663,0.064974978,0.064951952,0.064996967,0.064990941,0.064973128
5053,INPUT_SKIN4_90_5.txt,OUTPUT_SKIN2_90_5.txt,22,0.341641624,0.523335051,0.523289132,0.523269709,0.523337623,0.522869917
5054,INPUT_SKIN4_90_5.txt,OUTPUT_SKIN3_90_5.txt,22,0.768739743,0.500604199,0.500739793,0.500713098,0.500637532,0.500623377
5055,INPUT_SKIN4_90_5.txt,OUTPUT_SKIN4_90_5.txt,22,-537862.5,-402999,-402993,-403000,-403001,-402997
5056,INPUT_SKIN4_90_5.txt,OUTPUT_SKIN5_90_5.txt,22,0.500969901,0.650862073,0.650853009,0.65084744,0.651034131,0.650869534
5057,INPUT_SKIN4_90_5.txt,OUTPUT_SKIN6_90_5.txt,22,NA,NA,NA,NA,NA,NA
5058,INPUT_SKIN4_90_5.txt,OUTPUT_SKIN7_90_5.txt,22,0.009408814,0.010461082,0.010458672,0.010457443,0.01045879,0.010460448
5059,INPUT_SKIN4_90_5.txt,OUTPUT_SKIN8_90_5.txt,22,0.35877988,0.315098954,0.315138671,0.315129308,0.315089023,0.315113174
5060,INPUT_SKIN4_90_5.txt,OUTPUT_SKIN9_90_5.txt,22,2.51034646,2.261019263,2.260496331,2.261144441,2.260602658,2.261244102
5061,INPUT_SKIN5_90_5.txt,OUTPUT_BM1_90_5.txt,22,1.14701639,1.185884503,1.185591709,1.185758536,1.185229589,1.185792091
5062,INPUT_SKIN5_90_5.txt,OUTPUT_BM2_90_5.txt,22,1.514635404,1.456430732,1.456376536,1.456726767,1.456272382,1.456815063
5063,INPUT_SKIN5_90_5.txt,OUTPUT_GUT_90_5.txt,22,NA,NA,NA,NA,NA,NA
5064,INPUT_SKIN5_90_5.txt,OUTPUT_L_90_5.txt,22,2.696651931,2.67005038,2.669982645,2.66997769,2.669395581,2.669728947
5065,INPUT_SKIN5_90_5.txt,OUTPUT_LN1_90_5.txt,22,1.160826658,1.450961653,1.450884041,1.451005945,1.450517326,1.45073848
5066,INPUT_SKIN5_90_5.txt,OUTPUT_LN2_90_5.txt,22,0.180246888,4.537193221,4.537122028,4.53714616,4.536216456,4.536722626
5067,INPUT_SKIN5_90_5.txt,OUTPUT_LUNG_90_5.txt,22,1.147541166,1.400835316,1.400828582,1.400849555,1.400616189,1.400813334
5068,INPUT_SKIN5_90_5.txt,OUTPUT_S_90_5.txt,22,1.150727718,1.227346106,1.227256299,1.227122134,1.227095134,1.227348832
5069,INPUT_SKIN5_90_5.txt,OUTPUT_SKIN1_90_5.txt,22,0.352137075,0.474484109,0.474317687,0.474419723,0.474378141,0.474367506
5070,INPUT_SKIN5_90_5.txt,OUTPUT_SKIN10_90_5.txt,22,0.042710067,0.033670308,0.033670791,0.033670642,0.033665766,0.033670194
5071,INPUT_SKIN5_90_5.txt,OUTPUT_SKIN11_90_5.txt,22,0.119435719,0.1529212,0.152921047,0.152928303,0.152908174,0.15291947
5072,INPUT_SKIN5_90_5.txt,OUTPUT_SKIN12_90_5.txt,22,0.082971149,0.08936972,0.089338014,0.089401072,0.08938006,0.089366438
5073,INPUT_SKIN5_90_5.txt,OUTPUT_SKIN2_90_5.txt,22,0.239365138,0.256371749,0.256349152,0.256343038,0.25633964,0.2561415
5074,INPUT_SKIN5_90_5.txt,OUTPUT_SKIN3_90_5.txt,22,1.010586944,0.932347847,0.932595481,0.932560818,0.932278668,0.932370833
5075,INPUT_SKIN5_90_5.txt,OUTPUT_SKIN4_90_5.txt,22,1.161192144,1.298804956,1.298780799,1.298824439,1.298635973,1.298784816
5076,INPUT_SKIN5_90_5.txt,OUTPUT_SKIN5_90_5.txt,22,-603372.5,-452553,-452546.5,-452548.5,-452614,-452554.5
5077,INPUT_SKIN5_90_5.txt,OUTPUT_SKIN6_90_5.txt,22,NA,NA,NA,NA,NA,NA
5078,INPUT_SKIN5_90_5.txt,OUTPUT_SKIN7_90_5.txt,22,0.0126296,0.012582982,0.012580084,0.012578771,0.012578597,0.012582116
5079,INPUT_SKIN5_90_5.txt,OUTPUT_SKIN8_90_5.txt,22,0.084944585,0.083053525,0.083065451,0.083064212,0.083040135,0.083058085
5080,INPUT_SKIN5_90_5.txt,OUTPUT_SKIN9_90_5.txt,22,2.314454673,2.194145615,2.194214138,2.194159252,2.193802482,2.194053761
5081,INPUT_SKIN6_90_5.txt,OUTPUT_BM1_90_5.txt,22,NA,NA,NA,NA,NA,NA
5082,INPUT_SKIN6_90_5.txt,OUTPUT_BM2_90_5.txt,22,NA,NA,NA,NA,NA,NA
5083,INPUT_SKIN6_90_5.txt,OUTPUT_GUT_90_5.txt,22,NA,NA,NA,NA,NA,NA
5084,INPUT_SKIN6_90_5.txt,OUTPUT_L_90_5.txt,22,NA,NA,NA,NA,NA,NA
5085,INPUT_SKIN6_90_5.txt,OUTPUT_LN1_90_5.txt,22,NA,NA,NA,NA,NA,NA
5086,INPUT_SKIN6_90_5.txt,OUTPUT_LN2_90_5.txt,22,NA,NA,NA,NA,NA,NA
5087,INPUT_SKIN6_90_5.txt,OUTPUT_LUNG_90_5.txt,22,NA,NA,NA,NA,NA,NA
5088,INPUT_SKIN6_90_5.txt,OUTPUT_S_90_5.txt,22,NA,NA,NA,NA,NA,NA
5089,INPUT_SKIN6_90_5.txt,OUTPUT_SKIN1_90_5.txt,22,NA,NA,NA,NA,NA,NA
5090,INPUT_SKIN6_90_5.txt,OUTPUT_SKIN10_90_5.txt,22,NA,NA,NA,NA,NA,NA
5091,INPUT_SKIN6_90_5.txt,OUTPUT_SKIN11_90_5.txt,22,NA,NA,NA,NA,NA,NA
5092,INPUT_SKIN6_90_5.txt,OUTPUT_SKIN12_90_5.txt,22,NA,NA,NA,NA,NA,NA
5093,INPUT_SKIN6_90_5.txt,OUTPUT_SKIN2_90_5.txt,22,NA,NA,NA,NA,NA,NA
5094,INPUT_SKIN6_90_5.txt,OUTPUT_SKIN3_90_5.txt,22,NA,NA,NA,NA,NA,NA
5095,INPUT_SKIN6_90_5.txt,OUTPUT_SKIN4_90_5.txt,22,NA,NA,NA,NA,NA,NA
5096,INPUT_SKIN6_90_5.txt,OUTPUT_SKIN5_90_5.txt,22,NA,NA,NA,NA,NA,NA
5097,INPUT_SKIN6_90_5.txt,OUTPUT_SKIN6_90_5.txt,22,NA,NA,NA,NA,NA,NA
5098,INPUT_SKIN6_90_5.txt,OUTPUT_SKIN7_90_5.txt,22,NA,NA,NA,NA,NA,NA
5099,INPUT_SKIN6_90_5.txt,OUTPUT_SKIN8_90_5.txt,22,NA,NA,NA,NA,NA,NA
5100,INPUT_SKIN6_90_5.txt,OUTPUT_SKIN9_90_5.txt,22,NA,NA,NA,NA,NA,NA
5101,INPUT_SKIN7_90_5.txt,OUTPUT_BM1_90_5.txt,22,0.363922046,0.376530426,0.376349426,0.376493719,0.376225647,0.376494612
5102,INPUT_SKIN7_90_5.txt,OUTPUT_BM2_90_5.txt,22,1.082391119,0.957944401,0.957646714,0.957283452,0.958153715,0.957645152
5103,INPUT_SKIN7_90_5.txt,OUTPUT_GUT_90_5.txt,22,NA,NA,NA,NA,NA,NA
5104,INPUT_SKIN7_90_5.txt,OUTPUT_L_90_5.txt,22,0.976848905,0.82530215,0.82525433,0.825272597,0.824914771,0.8247524
5105,INPUT_SKIN7_90_5.txt,OUTPUT_LN1_90_5.txt,22,0.203088924,0.219802809,0.21983079,0.219833962,0.219833402,0.219815838
5106,INPUT_SKIN7_90_5.txt,OUTPUT_LN2_90_5.txt,22,0.12267533,0.124867277,0.124864216,0.124877063,0.124840801,0.124835355
5107,INPUT_SKIN7_90_5.txt,OUTPUT_LUNG_90_5.txt,22,0.135042991,0.111171513,0.111185198,0.111190789,0.111183463,0.111175175
5108,INPUT_SKIN7_90_5.txt,OUTPUT_S_90_5.txt,22,2.31528767,2.155071099,2.154899384,2.154370749,2.155021302,2.155334205
5109,INPUT_SKIN7_90_5.txt,OUTPUT_SKIN1_90_5.txt,22,0.207568682,0.186618562,0.186570854,0.186622135,0.186620024,0.186573279
5110,INPUT_SKIN7_90_5.txt,OUTPUT_SKIN10_90_5.txt,22,0.048727471,0.046122975,0.046128642,0.046130957,0.046127924,0.046124492
5111,INPUT_SKIN7_90_5.txt,OUTPUT_SKIN11_90_5.txt,22,0.049400635,0.044288145,0.044297327,0.044292216,0.044289901,0.044291674
5112,INPUT_SKIN7_90_5.txt,OUTPUT_SKIN12_90_5.txt,22,0.08429271,0.0590717,0.059064123,0.059083786,0.059074585,0.059064708
5113,INPUT_SKIN7_90_5.txt,OUTPUT_SKIN2_90_5.txt,22,0.171646507,0.147889559,0.147890527,0.14789599,0.147904883,0.14788512
5114,INPUT_SKIN7_90_5.txt,OUTPUT_SKIN3_90_5.txt,22,0.416389774,0.40242318,0.402497519,0.402502946,0.4024963,0.402445891
5115,INPUT_SKIN7_90_5.txt,OUTPUT_SKIN4_90_5.txt,22,0.226361049,0.215212915,0.215245135,0.215252924,0.215238271,0.215221659
5116,INPUT_SKIN7_90_5.txt,OUTPUT_SKIN5_90_5.txt,22,0.192598078,0.173765379,0.173785293,0.173791724,0.17379257,0.173770131
5117,INPUT_SKIN7_90_5.txt,OUTPUT_SKIN6_90_5.txt,22,NA,NA,NA,NA,NA,NA
5118,INPUT_SKIN7_90_5.txt,OUTPUT_SKIN7_90_5.txt,22,-385124.5,-289148.5,-289113,-289098.5,-289117.5,-289139
5119,INPUT_SKIN7_90_5.txt,OUTPUT_SKIN8_90_5.txt,22,0.078903479,0.069918483,0.069930536,0.069932516,0.069924015,0.069919974
5120,INPUT_SKIN7_90_5.txt,OUTPUT_SKIN9_90_5.txt,22,1.005748946,0.875786238,0.875476217,0.876029291,0.875562342,0.875958704
5121,INPUT_SKIN8_90_5.txt,OUTPUT_BM1_90_5.txt,22,10.08768857,10.54959579,10.54860291,10.54855582,10.54752718,10.54791469
5122,INPUT_SKIN8_90_5.txt,OUTPUT_BM2_90_5.txt,22,2.706716911,3.273098727,3.272470401,3.273548531,3.273369164,3.274287643
5123,INPUT_SKIN8_90_5.txt,OUTPUT_GUT_90_5.txt,22,NA,NA,NA,NA,NA,NA
5124,INPUT_SKIN8_90_5.txt,OUTPUT_L_90_5.txt,22,4.061992249,4.398637569,4.397712025,4.397641376,4.396722134,4.396163188
5125,INPUT_SKIN8_90_5.txt,OUTPUT_LN1_90_5.txt,22,0.893213621,0.689384592,0.689334437,0.689285558,0.689320612,0.689190242
5126,INPUT_SKIN8_90_5.txt,OUTPUT_LN2_90_5.txt,22,0.187169651,0.166670001,0.166634452,0.166644299,0.166617382,0.166615442
5127,INPUT_SKIN8_90_5.txt,OUTPUT_LUNG_90_5.txt,22,0.080117509,0.079496722,0.079491794,0.079492205,0.079497853,0.079494567
5128,INPUT_SKIN8_90_5.txt,OUTPUT_S_90_5.txt,22,5.792152709,6.376390672,6.375572917,6.374588908,6.375773777,6.375922798
5129,INPUT_SKIN8_90_5.txt,OUTPUT_SKIN1_90_5.txt,22,0.580167983,0.562629233,0.562385669,0.562577913,0.562582126,0.562540258
5130,INPUT_SKIN8_90_5.txt,OUTPUT_SKIN10_90_5.txt,22,0.048258969,0.037797524,0.037795181,0.037795376,0.03779806,0.037796497
5131,INPUT_SKIN8_90_5.txt,OUTPUT_SKIN11_90_5.txt,22,0.355484386,0.26525362,0.265233598,0.265247685,0.265270081,0.265244582
5132,INPUT_SKIN8_90_5.txt,OUTPUT_SKIN12_90_5.txt,22,0.083807806,0.064505349,0.064477622,0.064523609,0.064522398,0.064501462
5133,INPUT_SKIN8_90_5.txt,OUTPUT_SKIN2_90_5.txt,22,0.167253274,0.251538485,0.251496005,0.251492355,0.251544552,0.251307344
5134,INPUT_SKIN8_90_5.txt,OUTPUT_SKIN3_90_5.txt,22,0.458674535,0.663207794,0.66333784,0.663316529,0.663265705,0.663211775
5135,INPUT_SKIN8_90_5.txt,OUTPUT_SKIN4_90_5.txt,22,0.303495251,0.40617521,0.406137844,0.406153997,0.406185061,0.406160127
5136,INPUT_SKIN8_90_5.txt,OUTPUT_SKIN5_90_5.txt,22,0.311696348,0.335746477,0.335716878,0.33572071,0.335842972,0.335740179
5137,INPUT_SKIN8_90_5.txt,OUTPUT_SKIN6_90_5.txt,22,NA,NA,NA,NA,NA,NA
5138,INPUT_SKIN8_90_5.txt,OUTPUT_SKIN7_90_5.txt,22,4.404477899,4.220643945,4.219557909,4.21919525,4.219914778,4.220226788
5139,INPUT_SKIN8_90_5.txt,OUTPUT_SKIN8_90_5.txt,22,-516935.5,-387296.5,-387320.5,-387318.5,-387291,-387307
5140,INPUT_SKIN8_90_5.txt,OUTPUT_SKIN9_90_5.txt,22,2.032010183,1.898727569,1.897857736,1.898798982,1.898141529,1.898906591
5141,INPUT_SKIN9_90_5.txt,OUTPUT_BM1_90_5.txt,22,0.15999644,0.153647348,0.153591151,0.153597319,0.15353385,0.15361476
5142,INPUT_SKIN9_90_5.txt,OUTPUT_BM2_90_5.txt,22,1.549436379,1.582537417,1.582602759,1.5827263,1.583007931,1.583176015
5143,INPUT_SKIN9_90_5.txt,OUTPUT_GUT_90_5.txt,22,NA,NA,NA,NA,NA,NA
5144,INPUT_SKIN9_90_5.txt,OUTPUT_L_90_5.txt,22,0.928551956,0.94488425,0.94492627,0.944628094,0.944528594,0.944176041
5145,INPUT_SKIN9_90_5.txt,OUTPUT_LN1_90_5.txt,22,0.227839474,0.203835878,0.203886988,0.203817757,0.203853127,0.203798478
5146,INPUT_SKIN9_90_5.txt,OUTPUT_LN2_90_5.txt,22,0.184269512,0.108499325,0.108508989,0.10848273,0.108483929,0.108459362
5147,INPUT_SKIN9_90_5.txt,OUTPUT_LUNG_90_5.txt,22,0.141005302,0.094179457,0.094202107,0.094174135,0.09419667,0.094171532
5148,INPUT_SKIN9_90_5.txt,OUTPUT_S_90_5.txt,22,2.481656556,3.007804752,3.007950573,3.006163225,3.007974136,3.007912437
5149,INPUT_SKIN9_90_5.txt,OUTPUT_SKIN1_90_5.txt,22,0.216100842,0.205686172,0.205761459,0.205699704,0.205731971,0.205701727
5150,INPUT_SKIN9_90_5.txt,OUTPUT_SKIN10_90_5.txt,22,0.049762753,0.045521672,0.045532597,0.045519105,0.045529975,0.045517849
5151,INPUT_SKIN9_90_5.txt,OUTPUT_SKIN11_90_5.txt,22,0.043467646,0.041942385,0.041955737,0.041936919,0.041947496,0.041940688
5152,INPUT_SKIN9_90_5.txt,OUTPUT_SKIN12_90_5.txt,22,0.110600377,0.106132101,0.106119513,0.106160609,0.106176171,0.106119042
5153,INPUT_SKIN9_90_5.txt,OUTPUT_SKIN2_90_5.txt,22,0.130708885,0.134445212,0.134461249,0.134421342,0.134469872,0.134319337
5154,INPUT_SKIN9_90_5.txt,OUTPUT_SKIN3_90_5.txt,22,0.591074096,0.440799652,0.440912683,0.440767524,0.440913688,0.44077785
5155,INPUT_SKIN9_90_5.txt,OUTPUT_SKIN4_90_5.txt,22,0.213567333,0.206575188,0.206617355,0.20656254,0.20661315,0.206555333
5156,INPUT_SKIN9_90_5.txt,OUTPUT_SKIN5_90_5.txt,22,0.225703247,0.193001236,0.19304768,0.192989961,0.193024892,0.192983573
5157,INPUT_SKIN9_90_5.txt,OUTPUT_SKIN6_90_5.txt,22,NA,NA,NA,NA,NA,NA
5158,INPUT_SKIN9_90_5.txt,OUTPUT_SKIN7_90_5.txt,22,0.023387055,0.021655571,0.021655444,0.021646861,0.021654872,0.021652331
5159,INPUT_SKIN9_90_5.txt,OUTPUT_SKIN8_90_5.txt,22,0.105520028,0.112166166,0.112196405,0.112160752,0.112183755,0.112151762
5160,INPUT_SKIN9_90_5.txt,OUTPUT_SKIN9_90_5.txt,22,-556934.5,-417319,-417219,-417342.5,-417243,-417354
5161,INPUT_BM1_90_5.txt,OUTPUT_BM1_90_5.txt,23,-621902.5,-466909,-466873,-466901,-466787.5,-466861.5
5162,INPUT_BM1_90_5.txt,OUTPUT_BM2_90_5.txt,23,73.20256999,71.02262352,71.05466955,71.04944805,71.01610182,71.06991558
5163,INPUT_BM1_90_5.txt,OUTPUT_GUT_90_5.txt,23,0.242999741,0.277638577,0.277660204,0.277643383,0.277711581,0.277667113
5164,INPUT_BM1_90_5.txt,OUTPUT_L_90_5.txt,23,27.33046138,19.16753661,19.16440273,19.18136792,19.17496776,19.18332804
5165,INPUT_BM1_90_5.txt,OUTPUT_LN1_90_5.txt,23,0.033416043,0.023931783,0.023923394,0.023931644,0.023942139,0.023932296
5166,INPUT_BM1_90_5.txt,OUTPUT_LN2_90_5.txt,23,0.227592331,0.230470931,0.230452976,0.230477647,0.230490559,0.230399288
5167,INPUT_BM1_90_5.txt,OUTPUT_LUNG_90_5.txt,23,0.039277492,0.038838645,0.038828832,0.038830893,0.038834487,0.038832077
5168,INPUT_BM1_90_5.txt,OUTPUT_S_90_5.txt,23,125.2732815,139.3022678,139.327531,139.2711179,139.308808,139.3748058
5169,INPUT_BM1_90_5.txt,OUTPUT_SKIN1_90_5.txt,23,0.401756015,0.412698612,0.412722941,0.412708798,0.412744313,0.412749593
5170,INPUT_BM1_90_5.txt,OUTPUT_SKIN10_90_5.txt,23,0.042624761,0.053611295,0.053614667,0.053611919,0.053625424,0.053616049
5171,INPUT_BM1_90_5.txt,OUTPUT_SKIN11_90_5.txt,23,0.061994894,0.03841305,0.038415275,0.038412638,0.038423392,0.03841806
5172,INPUT_BM1_90_5.txt,OUTPUT_SKIN12_90_5.txt,23,0.03219229,0.024975729,0.024980972,0.024979835,0.024986369,0.024977955
5173,INPUT_BM1_90_5.txt,OUTPUT_SKIN2_90_5.txt,23,0.053309883,0.056055314,0.056043224,0.056056684,0.056070339,0.056061028
5174,INPUT_BM1_90_5.txt,OUTPUT_SKIN3_90_5.txt,23,0.215192853,0.19341359,0.193428171,0.193414127,0.193450618,0.1934442
5175,INPUT_BM1_90_5.txt,OUTPUT_SKIN4_90_5.txt,23,0.275403963,0.305010514,0.305104015,0.305057314,0.305094516,0.305156992
5176,INPUT_BM1_90_5.txt,OUTPUT_SKIN5_90_5.txt,23,0.084427498,0.08326178,0.083267422,0.083263277,0.083275111,0.083271084
5177,INPUT_BM1_90_5.txt,OUTPUT_SKIN6_90_5.txt,23,0.207373599,0.175959618,0.175809822,0.175851583,0.175875727,0.175636852
5178,INPUT_BM1_90_5.txt,OUTPUT_SKIN7_90_5.txt,23,0.205598232,0.212982077,0.212932607,0.212981713,0.212973131,0.213005034
5179,INPUT_BM1_90_5.txt,OUTPUT_SKIN8_90_5.txt,23,0.426503727,0.291726796,0.291711232,0.291807357,0.291742853,0.29180109
5180,INPUT_BM1_90_5.txt,OUTPUT_SKIN9_90_5.txt,23,0.036250047,0.019948489,0.01994598,0.019937569,0.019949063,0.019947571
5181,INPUT_BM2_90_5.txt,OUTPUT_BM1_90_5.txt,23,1.827079155,1.568188117,1.567583479,1.567800197,1.56762302,1.567325978
5182,INPUT_BM2_90_5.txt,OUTPUT_BM2_90_5.txt,23,-560004,-420020.5,-420117,-420109.5,-419953,-420165
5183,INPUT_BM2_90_5.txt,OUTPUT_GUT_90_5.txt,23,0.07007365,0.064528605,0.064513746,0.064514901,0.064539003,0.064506358
5184,INPUT_BM2_90_5.txt,OUTPUT_L_90_5.txt,23,9.846800862,8.317969196,8.314055613,8.322386707,8.320630284,8.32153123
5185,INPUT_BM2_90_5.txt,OUTPUT_LN1_90_5.txt,23,0.03722794,0.031386504,0.031365867,0.031379129,0.03139696,0.03137318
5186,INPUT_BM2_90_5.txt,OUTPUT_LN2_90_5.txt,23,0.18766158,0.154815279,0.15475561,0.154787247,0.154816299,0.15470102
5187,INPUT_BM2_90_5.txt,OUTPUT_LUNG_90_5.txt,23,0.05014772,0.064811666,0.064774386,0.064783212,0.06479717,0.064770966
5188,INPUT_BM2_90_5.txt,OUTPUT_S_90_5.txt,23,3.240976438,2.727546093,2.727493415,2.726087229,2.727757204,2.728441899
5189,INPUT_BM2_90_5.txt,OUTPUT_SKIN1_90_5.txt,23,0.098164228,0.087809832,0.087786241,0.087788589,0.087819676,0.08778043
5190,INPUT_BM2_90_5.txt,OUTPUT_SKIN10_90_5.txt,23,0.05805762,0.055880859,0.055868001,0.055868825,0.055889946,0.05586074
5191,INPUT_BM2_90_5.txt,OUTPUT_SKIN11_90_5.txt,23,0.047594181,0.035474182,0.035465722,0.035466222,0.035480025,0.035462359
5192,INPUT_BM2_90_5.txt,OUTPUT_SKIN12_90_5.txt,23,0.032622954,0.030673742,0.030669578,0.030670443,0.030682283,0.030662903
5193,INPUT_BM2_90_5.txt,OUTPUT_SKIN2_90_5.txt,23,0.042594806,0.041939646,0.041924287,0.041930889,0.041946539,0.041925201
5194,INPUT_BM2_90_5.txt,OUTPUT_SKIN3_90_5.txt,23,0.09089007,0.082976319,0.082957253,0.08295878,0.082990008,0.082947582
5195,INPUT_BM2_90_5.txt,OUTPUT_SKIN4_90_5.txt,23,0.083991929,0.08196886,0.08193484,0.081940549,0.081974536,0.081919562
5196,INPUT_BM2_90_5.txt,OUTPUT_SKIN5_90_5.txt,23,0.075855019,0.072416748,0.07239991,0.072401584,0.072423535,0.072392171
5197,INPUT_BM2_90_5.txt,OUTPUT_SKIN6_90_5.txt,23,0.095089498,0.088678277,0.088657434,0.088612961,0.088669918,0.088592383
5198,INPUT_BM2_90_5.txt,OUTPUT_SKIN7_90_5.txt,23,0.109139795,0.094146296,0.094095571,0.094124495,0.094132077,0.094113413
5199,INPUT_BM2_90_5.txt,OUTPUT_SKIN8_90_5.txt,23,0.145794224,0.268220995,0.268112704,0.268234401,0.268213515,0.268142845
5200,INPUT_BM2_90_5.txt,OUTPUT_SKIN9_90_5.txt,23,0.013210164,0.015380796,0.015374142,0.015368856,0.015379707,0.015373232
5201,INPUT_GUT_90_5.txt,OUTPUT_BM1_90_5.txt,23,0.124094363,0.120641472,0.120640795,0.120641322,0.120639183,0.120640578
5202,INPUT_GUT_90_5.txt,OUTPUT_BM2_90_5.txt,23,0.104190732,0.101268871,0.101275592,0.10127507,0.101264167,0.101278933
5203,INPUT_GUT_90_5.txt,OUTPUT_GUT_90_5.txt,23,-266546.5,-200196.5,-200196.5,-200196.5,-200196.5,-200196.5
5204,INPUT_GUT_90_5.txt,OUTPUT_L_90_5.txt,23,0.119879401,0.116169181,0.116169339,0.116168697,0.116168474,0.116168679
5205,INPUT_GUT_90_5.txt,OUTPUT_LN1_90_5.txt,23,0.016534234,0.018379856,0.018372675,0.01837947,0.018382748,0.018378506
5206,INPUT_GUT_90_5.txt,OUTPUT_LN2_90_5.txt,23,0.065607455,0.122678014,0.122673198,0.122675735,0.122669643,0.12266255
5207,INPUT_GUT_90_5.txt,OUTPUT_LUNG_90_5.txt,23,0.017828402,0.020554573,0.020548306,0.020550454,0.020547589,0.020549425
5208,INPUT_GUT_90_5.txt,OUTPUT_S_90_5.txt,23,0.117206974,0.115103855,0.115104381,0.115103046,0.115103647,0.115105534
5209,INPUT_GUT_90_5.txt,OUTPUT_SKIN1_90_5.txt,23,0.063478375,0.070073968,0.070076674,0.07007799,0.070066346,0.070074541
5210,INPUT_GUT_90_5.txt,OUTPUT_SKIN10_90_5.txt,23,0.018026735,0.034146881,0.034149203,0.034147841,0.034146401,0.034149361
5211,INPUT_GUT_90_5.txt,OUTPUT_SKIN11_90_5.txt,23,0.022375363,0.025782939,0.025782402,0.025782164,0.025783178,0.025783289
5212,INPUT_GUT_90_5.txt,OUTPUT_SKIN12_90_5.txt,23,0.019901906,0.021817966,0.021821098,0.021821441,0.02182187,0.021817666
5213,INPUT_GUT_90_5.txt,OUTPUT_SKIN2_90_5.txt,23,0.01525502,0.020621637,0.020617705,0.020621735,0.020621735,0.020621637
5214,INPUT_GUT_90_5.txt,OUTPUT_SKIN3_90_5.txt,23,0.037986011,0.046169201,0.046168987,0.046168343,0.046165339,0.046171992
5215,INPUT_GUT_90_5.txt,OUTPUT_SKIN4_90_5.txt,23,0.057523705,0.081102545,0.0811285,0.081117047,0.081105554,0.081139838
5216,INPUT_GUT_90_5.txt,OUTPUT_SKIN5_90_5.txt,23,0.027742207,0.032919662,0.032919622,0.032920587,0.032915849,0.032920008
5217,INPUT_GUT_90_5.txt,OUTPUT_SKIN6_90_5.txt,23,0.039957487,0.068065775,0.068039464,0.068024987,0.068092851,0.068064437
5218,INPUT_GUT_90_5.txt,OUTPUT_SKIN7_90_5.txt,23,0.023936795,0.039712882,0.039700069,0.03971212,0.039700865,0.039713483
5219,INPUT_GUT_90_5.txt,OUTPUT_SKIN8_90_5.txt,23,0.119038437,0.116668409,0.116659574,0.11667886,0.116661854,0.11666568
5220,INPUT_GUT_90_5.txt,OUTPUT_SKIN9_90_5.txt,23,0.017097867,0.021074269,0.02106999,0.021062364,0.021069386,0.021071153
5221,INPUT_L_90_5.txt,OUTPUT_BM1_90_5.txt,23,1.760558274,1.546598759,1.546550109,1.545966742,1.545664778,1.545682572
5222,INPUT_L_90_5.txt,OUTPUT_BM2_90_5.txt,23,280.2693099,264.5706856,264.757842,264.5703499,264.4424908,264.6478948
5223,INPUT_L_90_5.txt,OUTPUT_GUT_90_5.txt,23,0.139135739,0.142494602,0.14251215,0.142441374,0.142483037,0.142439392
5224,INPUT_L_90_5.txt,OUTPUT_L_90_5.txt,23,-625161,-469697,-469639.5,-469871.5,-469735,-469878
5225,INPUT_L_90_5.txt,OUTPUT_LN1_90_5.txt,23,0.022313678,0.018453982,0.018448349,0.018446702,0.018455667,0.018445387
5226,INPUT_L_90_5.txt,OUTPUT_LN2_90_5.txt,23,0.125556157,0.125141035,0.12513697,0.125095895,0.125108834,0.125041041
5227,INPUT_L_90_5.txt,OUTPUT_LUNG_90_5.txt,23,0.049166062,0.058473059,0.058460932,0.058438629,0.058446823,0.05843465
5228,INPUT_L_90_5.txt,OUTPUT_S_90_5.txt,23,4.867434613,5.896034372,5.898004367,5.891919,5.89506217,5.897724426
5229,INPUT_L_90_5.txt,OUTPUT_SKIN1_90_5.txt,23,0.129191349,0.138892589,0.138903085,0.138844504,0.138850438,0.138844756
5230,INPUT_L_90_5.txt,OUTPUT_SKIN10_90_5.txt,23,0.031893783,0.020749798,0.020751968,0.020741883,0.02074822,0.020741158
5231,INPUT_L_90_5.txt,OUTPUT_SKIN11_90_5.txt,23,0.039825603,0.042629486,0.042634557,0.042613399,0.042626103,0.042612817
5232,INPUT_L_90_5.txt,OUTPUT_SKIN12_90_5.txt,23,0.020860221,0.018089578,0.018094271,0.018085602,0.018091201,0.018082367
5233,INPUT_L_90_5.txt,OUTPUT_SKIN2_90_5.txt,23,0.02977652,0.027088894,0.027084282,0.02707902,0.027086897,0.027078448
5234,INPUT_L_90_5.txt,OUTPUT_SKIN3_90_5.txt,23,0.035010726,0.038608862,0.038613706,0.038594117,0.038603151,0.038596548
5235,INPUT_L_90_5.txt,OUTPUT_SKIN4_90_5.txt,23,0.21604871,0.202631547,0.202707132,0.202585866,0.202619499,0.202636282
5236,INPUT_L_90_5.txt,OUTPUT_SKIN5_90_5.txt,23,0.067558226,0.066848297,0.066855773,0.066824019,0.066841228,0.066822819
5237,INPUT_L_90_5.txt,OUTPUT_SKIN6_90_5.txt,23,0.120823107,0.109864735,0.109877574,0.10974477,0.109806348,0.109705578
5238,INPUT_L_90_5.txt,OUTPUT_SKIN7_90_5.txt,23,0.023556814,0.028427772,0.028422874,0.028416687,0.028417001,0.028416719
5239,INPUT_L_90_5.txt,OUTPUT_SKIN8_90_5.txt,23,0.171375686,0.202464392,0.202463141,0.202441299,0.202406026,0.202417792
5240,INPUT_L_90_5.txt,OUTPUT_SKIN9_90_5.txt,23,0.008504587,0.016227893,0.016226398,0.016212178,0.016222606,0.016219104
5241,INPUT_LN1_90_5.txt,OUTPUT_BM1_90_5.txt,23,1.073577654,0.877819779,0.877867061,0.877799848,0.877297194,0.877677808
5242,INPUT_LN1_90_5.txt,OUTPUT_BM2_90_5.txt,23,1.797994185,1.541753181,1.542743806,1.542402888,1.541150632,1.542838721
5243,INPUT_LN1_90_5.txt,OUTPUT_GUT_90_5.txt,23,0.380009609,0.367600535,0.367679991,0.3676048,0.367568549,0.367615464
5244,INPUT_LN1_90_5.txt,OUTPUT_L_90_5.txt,23,3.63659315,3.287010193,3.286838868,3.289316586,3.287069162,3.289479024
5245,INPUT_LN1_90_5.txt,OUTPUT_LN1_90_5.txt,23,-465173.5,-348465,-348390.5,-348461,-348495,-348451
5246,INPUT_LN1_90_5.txt,OUTPUT_LN2_90_5.txt,23,0.305350447,0.300957184,0.300974196,0.300963888,0.300877747,0.300843792
5247,INPUT_LN1_90_5.txt,OUTPUT_LUNG_90_5.txt,23,0.071959649,0.06566062,0.065653012,0.065647146,0.065630841,0.065645473
5248,INPUT_LN1_90_5.txt,OUTPUT_S_90_5.txt,23,2.63049972,2.235479257,2.236351201,2.234811194,2.235131405,2.236994822
5249,INPUT_LN1_90_5.txt,OUTPUT_SKIN1_90_5.txt,23,0.11971793,0.098887453,0.098910188,0.098892132,0.098865428,0.098892731
5250,INPUT_LN1_90_5.txt,OUTPUT_SKIN10_90_5.txt,23,0.028097702,0.030958273,0.030964064,0.030958326,0.030955758,0.030958836
5251,INPUT_LN1_90_5.txt,OUTPUT_SKIN11_90_5.txt,23,0.052755744,0.041270984,0.041278987,0.041270253,0.041267801,0.041273722
5252,INPUT_LN1_90_5.txt,OUTPUT_SKIN12_90_5.txt,23,0.033900786,0.037812795,0.037825967,0.037818862,0.037815863,0.037813829
5253,INPUT_LN1_90_5.txt,OUTPUT_SKIN2_90_5.txt,23,0.045443823,0.047570988,0.047575087,0.047571685,0.047567039,0.047572901
5254,INPUT_LN1_90_5.txt,OUTPUT_SKIN3_90_5.txt,23,0.079209316,0.072828517,0.072843809,0.072828096,0.072816572,0.072835538
5255,INPUT_LN1_90_5.txt,OUTPUT_SKIN4_90_5.txt,23,0.22271578,0.211259639,0.211369529,0.211303277,0.211244066,0.211363302
5256,INPUT_LN1_90_5.txt,OUTPUT_SKIN5_90_5.txt,23,0.070386267,0.075951677,0.075967649,0.0759534,0.075936541,0.075955482
5257,INPUT_LN1_90_5.txt,OUTPUT_SKIN6_90_5.txt,23,0.201516305,0.195049463,0.194547028,0.194746212,0.194414357,0.194000827
5258,INPUT_LN1_90_5.txt,OUTPUT_SKIN7_90_5.txt,23,0.087954263,0.099892967,0.099882641,0.099892227,0.099853557,0.099897455
5259,INPUT_LN1_90_5.txt,OUTPUT_SKIN8_90_5.txt,23,0.719745874,0.670598303,0.670607295,0.670781128,0.670423827,0.670616362
5260,INPUT_LN1_90_5.txt,OUTPUT_SKIN9_90_5.txt,23,0.022059768,0.024237711,0.024237977,0.024224309,0.024230014,0.024235105
5261,INPUT_LN2_90_5.txt,OUTPUT_BM1_90_5.txt,23,1.033198764,0.944215274,0.944142676,0.944178712,0.943810536,0.944216724
5262,INPUT_LN2_90_5.txt,OUTPUT_BM2_90_5.txt,23,1.460676541,1.173084047,1.173704032,1.173569342,1.172813607,1.174116575
5263,INPUT_LN2_90_5.txt,OUTPUT_GUT_90_5.txt,23,12.6587403,11.87831092,11.87960464,11.87745858,11.87894838,11.8809996
5264,INPUT_LN2_90_5.txt,OUTPUT_L_90_5.txt,23,2.77133668,2.246576561,2.246204718,2.248192301,2.246944695,2.248699387
5265,INPUT_LN2_90_5.txt,OUTPUT_LN1_90_5.txt,23,0.033235972,0.040172309,0.040158242,0.040171167,0.04018278,0.040177385
5266,INPUT_LN2_90_5.txt,OUTPUT_LN2_90_5.txt,23,-490870,-367791,-367762.5,-367793,-367758.5,-367715
5267,INPUT_LN2_90_5.txt,OUTPUT_LUNG_90_5.txt,23,0.026110734,0.027868408,0.027861379,0.027862217,0.027860632,0.02786662
5268,INPUT_LN2_90_5.txt,OUTPUT_S_90_5.txt,23,1.525280258,1.395746645,1.396139479,1.395296662,1.39575272,1.396949164
5269,INPUT_LN2_90_5.txt,OUTPUT_SKIN1_90_5.txt,23,0.129658021,0.086973188,0.086980815,0.086975391,0.086968329,0.086992454
5270,INPUT_LN2_90_5.txt,OUTPUT_SKIN10_90_5.txt,23,0.058522581,0.046887485,0.046891206,0.046887279,0.046891605,0.046897368
5271,INPUT_LN2_90_5.txt,OUTPUT_SKIN11_90_5.txt,23,0.053585331,0.04112041,0.041122749,0.041118953,0.041124424,0.041130158
5272,INPUT_LN2_90_5.txt,OUTPUT_SKIN12_90_5.txt,23,0.04920794,0.045919095,0.045929007,0.045925883,0.045931067,0.045927987
5273,INPUT_LN2_90_5.txt,OUTPUT_SKIN2_90_5.txt,23,0.038112684,0.019979785,0.019976906,0.019979785,0.019981661,0.019983916
5274,INPUT_LN2_90_5.txt,OUTPUT_SKIN3_90_5.txt,23,0.135169796,0.113844493,0.113852854,0.113841825,0.113845476,0.113874662
5275,INPUT_LN2_90_5.txt,OUTPUT_SKIN4_90_5.txt,23,0.224315867,0.247790223,0.247878034,0.247830371,0.247819792,0.247957968
5276,INPUT_LN2_90_5.txt,OUTPUT_SKIN5_90_5.txt,23,0.101322369,0.086481498,0.086487351,0.08648113,0.086480162,0.086500279
5277,INPUT_LN2_90_5.txt,OUTPUT_SKIN6_90_5.txt,23,0.289596635,0.262635531,0.262460149,0.26248951,0.262568905,0.262351409
5278,INPUT_LN2_90_5.txt,OUTPUT_SKIN7_90_5.txt,23,0.134714842,0.128343918,0.128313536,0.128340795,0.128315697,0.12837059
5279,INPUT_LN2_90_5.txt,OUTPUT_SKIN8_90_5.txt,23,0.295949528,0.370982019,0.370963324,0.371075901,0.370937967,0.37111766
5280,INPUT_LN2_90_5.txt,OUTPUT_SKIN9_90_5.txt,23,0.012069215,0.006526545,0.006525727,0.006522826,0.006525611,0.00652693
5281,INPUT_LUNG_90_5.txt,OUTPUT_BM1_90_5.txt,23,1.724631208,1.630144282,1.630140598,1.630246729,1.629595101,1.630021175
5282,INPUT_LUNG_90_5.txt,OUTPUT_BM2_90_5.txt,23,10.53750779,9.537346436,9.540877576,9.540516842,9.535468146,9.542413564
5283,INPUT_LUNG_90_5.txt,OUTPUT_GUT_90_5.txt,23,0.403627284,0.371284024,0.371345735,0.371324575,0.371352789,0.371334714
5284,INPUT_LUNG_90_5.txt,OUTPUT_L_90_5.txt,23,7.360394553,7.048320393,7.047391698,7.052776229,7.04906724,7.053004152
5285,INPUT_LUNG_90_5.txt,OUTPUT_LN1_90_5.txt,23,0.058747199,0.053026161,0.053012228,0.053030684,0.053045024,0.053029076
5286,INPUT_LUNG_90_5.txt,OUTPUT_LN2_90_5.txt,23,0.319771152,0.270336111,0.270338522,0.270368075,0.270337728,0.27026108
5287,INPUT_LUNG_90_5.txt,OUTPUT_LUNG_90_5.txt,23,-566779,-424684,-424614,-424638,-424606,-424626.5
5288,INPUT_LUNG_90_5.txt,OUTPUT_S_90_5.txt,23,2.625300439,2.691773722,2.692639977,2.691195381,2.691949738,2.69372757
5289,INPUT_LUNG_90_5.txt,OUTPUT_SKIN1_90_5.txt,23,0.310233993,0.33424063,0.334290246,0.334278584,0.334245063,0.33429283
5290,INPUT_LUNG_90_5.txt,OUTPUT_SKIN10_90_5.txt,23,0.098731728,0.098757414,0.09877538,0.098768519,0.0987754,0.098771087
5291,INPUT_LUNG_90_5.txt,OUTPUT_SKIN11_90_5.txt,23,0.164208643,0.161451373,0.161474769,0.161464142,0.161482601,0.161478825
5292,INPUT_LUNG_90_5.txt,OUTPUT_SKIN12_90_5.txt,23,0.034221192,0.037783924,0.037795209,0.037793624,0.037797167,0.037788561
5293,INPUT_LUNG_90_5.txt,OUTPUT_SKIN2_90_5.txt,23,0.057920592,0.054644016,0.054636968,0.054650339,0.054654462,0.054651422
5294,INPUT_LUNG_90_5.txt,OUTPUT_SKIN3_90_5.txt,23,0.147005265,0.148088562,0.148112407,0.148102051,0.148104129,0.14811715
5295,INPUT_LUNG_90_5.txt,OUTPUT_SKIN4_90_5.txt,23,0.605614277,0.593627434,0.593879439,0.593792397,0.593746901,0.593970518
5296,INPUT_LUNG_90_5.txt,OUTPUT_SKIN5_90_5.txt,23,0.171326,0.168862012,0.168888245,0.168879082,0.168873892,0.168886684
5297,INPUT_LUNG_90_5.txt,OUTPUT_SKIN6_90_5.txt,23,0.255322192,0.237993695,0.237603183,0.237792209,0.237590465,0.237135696
5298,INPUT_LUNG_90_5.txt,OUTPUT_SKIN7_90_5.txt,23,0.253315261,0.239271216,0.239238234,0.239292817,0.239240859,0.239301871
5299,INPUT_LUNG_90_5.txt,OUTPUT_SKIN8_90_5.txt,23,62.59747562,59.7530182,59.74332695,59.75316483,59.74167405,59.74921368
5300,INPUT_LUNG_90_5.txt,OUTPUT_SKIN9_90_5.txt,23,0.020827015,0.016523613,0.016522863,0.016515739,0.016522684,0.016523321
5301,INPUT_S_90_5.txt,OUTPUT_BM1_90_5.txt,23,95.56198498,91.79935234,91.76884358,91.81629215,91.74716883,91.73381589
5302,INPUT_S_90_5.txt,OUTPUT_BM2_90_5.txt,23,100.7980919,94.82684673,94.8608257,94.88328384,94.79998189,94.8603871
5303,INPUT_S_90_5.txt,OUTPUT_GUT_90_5.txt,23,0.521704425,0.489718852,0.489666291,0.489799738,0.489739649,0.489550811
5304,INPUT_S_90_5.txt,OUTPUT_L_90_5.txt,23,27.87423617,28.07168495,28.06207393,28.09659449,28.07706113,28.08384374
5305,INPUT_S_90_5.txt,OUTPUT_LN1_90_5.txt,23,0.027131337,0.028877898,0.02886251,0.028881909,0.028884075,0.028865867
5306,INPUT_S_90_5.txt,OUTPUT_LN2_90_5.txt,23,0.163476266,0.18804122,0.187991896,0.18807417,0.188015828,0.187899562
5307,INPUT_S_90_5.txt,OUTPUT_LUNG_90_5.txt,23,0.071714027,0.088133675,0.088094586,0.08812838,0.08810414,0.088079506
5308,INPUT_S_90_5.txt,OUTPUT_S_90_5.txt,23,-577400.5,-432874.5,-432920,-432804.5,-432856.5,-433020
5309,INPUT_S_90_5.txt,OUTPUT_SKIN1_90_5.txt,23,0.1510157,0.1591827,0.15916303,0.159208627,0.159165009,0.159131558
5310,INPUT_S_90_5.txt,OUTPUT_SKIN10_90_5.txt,23,0.084101988,0.089152942,0.08914699,0.08916829,0.089156226,0.08912378
5311,INPUT_S_90_5.txt,OUTPUT_SKIN11_90_5.txt,23,0.026211817,0.031107676,0.031103751,0.031111773,0.031109261,0.031097841
5312,INPUT_S_90_5.txt,OUTPUT_SKIN12_90_5.txt,23,0.013794001,0.012249572,0.012249913,0.012253363,0.012252113,0.012245298
5313,INPUT_S_90_5.txt,OUTPUT_SKIN2_90_5.txt,23,0.027654373,0.033656846,0.033643453,0.033662541,0.033658491,0.033645521
5314,INPUT_S_90_5.txt,OUTPUT_SKIN3_90_5.txt,23,0.07611207,0.068545232,0.06853768,0.068555172,0.068542907,0.068525764
5315,INPUT_S_90_5.txt,OUTPUT_SKIN4_90_5.txt,23,0.195520317,0.220938363,0.220958069,0.221002809,0.220945863,0.220935583
5316,INPUT_S_90_5.txt,OUTPUT_SKIN5_90_5.txt,23,0.040764067,0.047750081,0.047744593,0.047758506,0.047747589,0.047734485
5317,INPUT_S_90_5.txt,OUTPUT_SKIN6_90_5.txt,23,0.116994972,0.123967443,0.123670676,0.123844494,0.123651998,0.123331351
5318,INPUT_S_90_5.txt,OUTPUT_SKIN7_90_5.txt,23,0.115575835,0.102127569,0.102085272,0.102142228,0.102102532,0.1020953
5319,INPUT_S_90_5.txt,OUTPUT_SKIN8_90_5.txt,23,3.987213001,3.805751962,3.804577876,3.807454321,3.805202381,3.804443056
5320,INPUT_S_90_5.txt,OUTPUT_SKIN9_90_5.txt,23,0.142444641,0.136483596,0.136439846,0.136424075,0.136455793,0.136416186
5321,INPUT_SKIN1_90_5.txt,OUTPUT_BM1_90_5.txt,23,1.440827433,1.096051582,1.095923246,1.096017977,1.095682768,1.09585865
5322,INPUT_SKIN1_90_5.txt,OUTPUT_BM2_90_5.txt,23,6.339175335,5.923118616,5.922983202,5.922925228,5.923784668,5.922783218
5323,INPUT_SKIN1_90_5.txt,OUTPUT_GUT_90_5.txt,23,35.09971418,33.02300795,33.02370892,33.02417055,33.0229835,33.02307444
5324,INPUT_SKIN1_90_5.txt,OUTPUT_L_90_5.txt,23,6.376037476,5.983658231,5.983864535,5.983163338,5.984113774,5.983105296
5325,INPUT_SKIN1_90_5.txt,OUTPUT_LN1_90_5.txt,23,0.062073736,0.071543284,0.071513524,0.071541474,0.071561757,0.071536861
5326,INPUT_SKIN1_90_5.txt,OUTPUT_LN2_90_5.txt,23,0.783920811,0.576199963,0.576122012,0.576203143,0.576154468,0.575971714
5327,INPUT_SKIN1_90_5.txt,OUTPUT_LUNG_90_5.txt,23,0.674134411,0.686859902,0.686650441,0.686716506,0.686680269,0.686676012
5328,INPUT_SKIN1_90_5.txt,OUTPUT_S_90_5.txt,23,6.32657703,5.986668126,5.986613448,5.98680789,5.987257265,5.986268038
5329,INPUT_SKIN1_90_5.txt,OUTPUT_SKIN1_90_5.txt,23,-535869.5,-401820,-401816.5,-401821,-401785,-401824
5330,INPUT_SKIN1_90_5.txt,OUTPUT_SKIN10_90_5.txt,23,0.274707669,0.232459807,0.232466927,0.232460311,0.232479581,0.232457825
5331,INPUT_SKIN1_90_5.txt,OUTPUT_SKIN11_90_5.txt,23,0.512988822,0.539347778,0.539345965,0.539334979,0.539399901,0.53936062
5332,INPUT_SKIN1_90_5.txt,OUTPUT_SKIN12_90_5.txt,23,0.151262834,0.135831097,0.135850486,0.135850959,0.13586563,0.135827998
5333,INPUT_SKIN1_90_5.txt,OUTPUT_SKIN2_90_5.txt,23,0.25255636,0.243361914,0.243292458,0.243363091,0.243384927,0.243359488
5334,INPUT_SKIN1_90_5.txt,OUTPUT_SKIN3_90_5.txt,23,0.508784207,0.554007779,0.554010107,0.553996599,0.554011825,0.554034077
5335,INPUT_SKIN1_90_5.txt,OUTPUT_SKIN4_90_5.txt,23,1.183033096,0.918903456,0.919174021,0.919056784,0.919010949,0.919325507
5336,INPUT_SKIN1_90_5.txt,OUTPUT_SKIN5_90_5.txt,23,0.272944076,0.302984726,0.302984377,0.302981742,0.302977284,0.302984715
5337,INPUT_SKIN1_90_5.txt,OUTPUT_SKIN6_90_5.txt,23,0.696993535,0.68294133,0.682142497,0.682422385,0.68229596,0.681333935
5338,INPUT_SKIN1_90_5.txt,OUTPUT_SKIN7_90_5.txt,23,0.183390599,0.190253432,0.190200005,0.190249574,0.190213481,0.19025009
5339,INPUT_SKIN1_90_5.txt,OUTPUT_SKIN8_90_5.txt,23,0.327617137,12.80577308,12.80690021,12.80409793,12.80829407,12.80512178
5340,INPUT_SKIN1_90_5.txt,OUTPUT_SKIN9_90_5.txt,23,0.180549366,0.158840224,0.158809757,0.158751222,0.158817745,0.158815455
5341,INPUT_SKIN10_90_5.txt,OUTPUT_BM1_90_5.txt,23,1.319189227,1.968973046,1.968752728,1.968927871,1.96813432,1.968668936
5342,INPUT_SKIN10_90_5.txt,OUTPUT_BM2_90_5.txt,23,1.39470335,1.273943668,1.274468473,1.274418055,1.273585531,1.274717832
5343,INPUT_SKIN10_90_5.txt,OUTPUT_GUT_90_5.txt,23,0.530158289,0.416239208,0.416244844,0.416241258,0.416238184,0.416243819
5344,INPUT_SKIN10_90_5.txt,OUTPUT_L_90_5.txt,23,3.521724782,3.20029582,3.199823353,3.201877064,3.200475447,3.20195511
5345,INPUT_SKIN10_90_5.txt,OUTPUT_LN1_90_5.txt,23,2.841098965,2.828749714,2.82770349,2.828705708,2.829176619,2.828585353
5346,INPUT_SKIN10_90_5.txt,OUTPUT_LN2_90_5.txt,23,0.476278247,0.346582252,0.346534502,0.346587398,0.346521344,0.346446028
5347,INPUT_SKIN10_90_5.txt,OUTPUT_LUNG_90_5.txt,23,0.25620955,0.245813051,0.245730328,0.245757714,0.24571657,0.245745088
5348,INPUT_SKIN10_90_5.txt,OUTPUT_S_90_5.txt,23,1.86444621,1.807548572,1.807881113,1.807083564,1.807422256,1.808553723
5349,INPUT_SKIN10_90_5.txt,OUTPUT_SKIN1_90_5.txt,23,0.276783697,0.453362544,0.453419274,0.45342137,0.4533528,0.45336412
5350,INPUT_SKIN10_90_5.txt,OUTPUT_SKIN10_90_5.txt,23,-544605.5,-408096,-408090.5,-408094,-408097,-408091.5
5351,INPUT_SKIN10_90_5.txt,OUTPUT_SKIN11_90_5.txt,23,0.150865608,0.135258039,0.135257283,0.135254827,0.135259001,0.135262797
5352,INPUT_SKIN10_90_5.txt,OUTPUT_SKIN12_90_5.txt,23,0.133882532,0.12941168,0.129430742,0.129431528,0.129432947,0.129411449
5353,INPUT_SKIN10_90_5.txt,OUTPUT_SKIN2_90_5.txt,23,0.181195952,0.176564495,0.176513303,0.17656669,0.176565389,0.176566449
5354,INPUT_SKIN10_90_5.txt,OUTPUT_SKIN3_90_5.txt,23,0.139317091,0.073313367,0.073314039,0.073312468,0.073307528,0.073318259
5355,INPUT_SKIN10_90_5.txt,OUTPUT_SKIN4_90_5.txt,23,0.534315191,0.552620965,0.552780229,0.552718496,0.552634508,0.552885166
5356,INPUT_SKIN10_90_5.txt,OUTPUT_SKIN5_90_5.txt,23,0.20837468,0.203403566,0.203404229,0.203406347,0.20338302,0.203407883
5357,INPUT_SKIN10_90_5.txt,OUTPUT_SKIN6_90_5.txt,23,0.789935471,0.706831572,0.706090507,0.706392169,0.706277112,0.705365504
5358,INPUT_SKIN10_90_5.txt,OUTPUT_SKIN7_90_5.txt,23,0.116734998,0.132678119,0.132640133,0.132676403,0.132638483,0.132679378
5359,INPUT_SKIN10_90_5.txt,OUTPUT_SKIN8_90_5.txt,23,0.286661621,0.353235352,0.353196106,0.353326314,0.35316287,0.3532944
5360,INPUT_SKIN10_90_5.txt,OUTPUT_SKIN9_90_5.txt,23,0.051613107,0.044903486,0.044894999,0.044878408,0.044892999,0.04489736
5361,INPUT_SKIN11_90_5.txt,OUTPUT_BM1_90_5.txt,23,2.440676575,2.522642029,2.522368774,2.522615669,2.521609704,2.522199257
5362,INPUT_SKIN11_90_5.txt,OUTPUT_BM2_90_5.txt,23,1.571699142,1.475913635,1.476513604,1.476475044,1.475499056,1.476761435
5363,INPUT_SKIN11_90_5.txt,OUTPUT_GUT_90_5.txt,23,50.96420191,48.45755131,48.45813,48.4583486,48.45733269,48.45650932
5364,INPUT_SKIN11_90_5.txt,OUTPUT_L_90_5.txt,23,4.791057178,4.482447302,4.481881063,4.48439705,4.482708735,4.484315279
5365,INPUT_SKIN11_90_5.txt,OUTPUT_LN1_90_5.txt,23,0.040627628,0.04593326,0.045914183,0.045932937,0.045940945,0.045928797
5366,INPUT_SKIN11_90_5.txt,OUTPUT_LN2_90_5.txt,23,0.806144364,0.757768498,0.757665282,0.757787389,0.757636258,0.757456094
5367,INPUT_SKIN11_90_5.txt,OUTPUT_LUNG_90_5.txt,23,0.031592664,0.225485082,0.225410513,0.225437981,0.225398114,0.225417884
5368,INPUT_SKIN11_90_5.txt,OUTPUT_S_90_5.txt,23,5.481261217,5.333678216,5.334290732,5.332919473,5.333435548,5.335342951
5369,INPUT_SKIN11_90_5.txt,OUTPUT_SKIN1_90_5.txt,23,0.527140021,0.442490307,0.442524811,0.442534028,0.442456498,0.44248359
5370,INPUT_SKIN11_90_5.txt,OUTPUT_SKIN10_90_5.txt,23,0.175901432,0.167409028,0.167411336,0.167411338,0.167408442,0.167404044
5371,INPUT_SKIN11_90_5.txt,OUTPUT_SKIN11_90_5.txt,23,-588365.5,-441481,-441476,-441474,-441483,-441488.5
5372,INPUT_SKIN11_90_5.txt,OUTPUT_SKIN12_90_5.txt,23,0.198139628,0.201181,0.201210221,0.201214088,0.201213669,0.201174993
5373,INPUT_SKIN11_90_5.txt,OUTPUT_SKIN2_90_5.txt,23,0.192304203,0.173369301,0.173320345,0.17337332,0.173369777,0.173366348
5374,INPUT_SKIN11_90_5.txt,OUTPUT_SKIN3_90_5.txt,23,0.144014128,0.130311661,0.130312567,0.130311452,0.130300834,0.130316831
5375,INPUT_SKIN11_90_5.txt,OUTPUT_SKIN4_90_5.txt,23,1.03175817,1.075006305,1.075318965,1.075205626,1.075035073,1.075495016
5376,INPUT_SKIN11_90_5.txt,OUTPUT_SKIN5_90_5.txt,23,0.470476722,0.436384217,0.436384756,0.436387818,0.436332984,0.436381121
5377,INPUT_SKIN11_90_5.txt,OUTPUT_SKIN6_90_5.txt,23,0.620349932,0.612766451,0.612140205,0.612389527,0.612314488,0.61152032
5378,INPUT_SKIN11_90_5.txt,OUTPUT_SKIN7_90_5.txt,23,0.215877977,0.187292637,0.187236382,0.187292143,0.187232879,0.187287965
5379,INPUT_SKIN11_90_5.txt,OUTPUT_SKIN8_90_5.txt,23,1.391661986,0.965441875,0.965336734,0.965692811,0.965248359,0.965571252
5380,INPUT_SKIN11_90_5.txt,OUTPUT_SKIN9_90_5.txt,23,0.10050327,0.095564205,0.095545968,0.095511968,0.095541724,0.095548514
5381,INPUT_SKIN12_90_5.txt,OUTPUT_BM1_90_5.txt,23,0.734364658,0.573308764,0.573197254,0.573250345,0.573021341,0.573220016
5382,INPUT_SKIN12_90_5.txt,OUTPUT_BM2_90_5.txt,23,0.779716274,0.79584652,0.796039826,0.796020464,0.79559634,0.796230784
5383,INPUT_SKIN12_90_5.txt,OUTPUT_GUT_90_5.txt,23,0.494060986,0.367561107,0.367536979,0.367534323,0.367531027,0.367563422
5384,INPUT_SKIN12_90_5.txt,OUTPUT_L_90_5.txt,23,1.781193465,1.746853578,1.7465718,1.747122179,1.746764261,1.747280018
5385,INPUT_SKIN12_90_5.txt,OUTPUT_LN1_90_5.txt,23,0.141962217,0.147044904,0.14697097,0.147030532,0.147058323,0.14703382
5386,INPUT_SKIN12_90_5.txt,OUTPUT_LN2_90_5.txt,23,0.441330723,0.396148799,0.396066551,0.396121938,0.396050991,0.396003843
5387,INPUT_SKIN12_90_5.txt,OUTPUT_LUNG_90_5.txt,23,0.022048393,0.026399172,0.026388736,0.026391514,0.02638731,0.026392223
5388,INPUT_SKIN12_90_5.txt,OUTPUT_S_90_5.txt,23,1.438508879,1.392057271,1.392078217,1.391745816,1.3918674,1.392496054
5389,INPUT_SKIN12_90_5.txt,OUTPUT_SKIN1_90_5.txt,23,0.249934973,0.250593348,0.250572281,0.250576056,0.250528898,0.250599929
5390,INPUT_SKIN12_90_5.txt,OUTPUT_SKIN10_90_5.txt,23,0.207732127,0.175743031,0.175733433,0.175730563,0.175728018,0.175745043
5391,INPUT_SKIN12_90_5.txt,OUTPUT_SKIN11_90_5.txt,23,0.125199483,0.11840549,0.118395255,0.118393317,0.118396668,0.118409406
5392,INPUT_SKIN12_90_5.txt,OUTPUT_SKIN12_90_5.txt,23,-727125,-544872.5,-544909,-544913,-544918,-544869
5393,INPUT_SKIN12_90_5.txt,OUTPUT_SKIN2_90_5.txt,23,0.08455481,0.085527413,0.085496551,0.085521678,0.08552089,0.085527963
5394,INPUT_SKIN12_90_5.txt,OUTPUT_SKIN3_90_5.txt,23,0.209589318,0.201731393,0.201717035,0.201712961,0.201699001,0.201743933
5395,INPUT_SKIN12_90_5.txt,OUTPUT_SKIN4_90_5.txt,23,0.377233399,0.454074476,0.454175303,0.454120143,0.454049771,0.454291664
5396,INPUT_SKIN12_90_5.txt,OUTPUT_SKIN5_90_5.txt,23,0.155804137,0.163319857,0.163307302,0.163308116,0.163289557,0.163322527
5397,INPUT_SKIN12_90_5.txt,OUTPUT_SKIN6_90_5.txt,23,0.581023702,0.539337569,0.539352953,0.539173784,0.539722372,0.539590621
5398,INPUT_SKIN12_90_5.txt,OUTPUT_SKIN7_90_5.txt,23,0.074925205,0.064574983,0.064551974,0.064569036,0.06455057,0.064575059
5399,INPUT_SKIN12_90_5.txt,OUTPUT_SKIN8_90_5.txt,23,0.546554684,0.267091846,0.267041916,0.267136312,0.267017443,0.26713359
5400,INPUT_SKIN12_90_5.txt,OUTPUT_SKIN9_90_5.txt,23,0.078282951,0.072878734,0.072859236,0.072832689,0.072855968,0.07286857
5401,INPUT_SKIN2_90_5.txt,OUTPUT_BM1_90_5.txt,23,3.783925648,3.768441153,3.768542448,3.768325712,3.766884362,3.76783794
5402,INPUT_SKIN2_90_5.txt,OUTPUT_BM2_90_5.txt,23,1.696136208,1.656313734,1.657262177,1.656955519,1.655816323,1.657365671
5403,INPUT_SKIN2_90_5.txt,OUTPUT_GUT_90_5.txt,23,0.552700798,0.471679158,0.471748866,0.47167743,0.47167743,0.471679158
5404,INPUT_SKIN2_90_5.txt,OUTPUT_L_90_5.txt,23,4.131292499,4.00727697,4.007145199,4.00948136,4.007542968,4.009578898
5405,INPUT_SKIN2_90_5.txt,OUTPUT_LN1_90_5.txt,23,2.01526019,1.818216418,1.817716525,1.818168061,1.818521329,1.818070961
5406,INPUT_SKIN2_90_5.txt,OUTPUT_LN2_90_5.txt,23,0.701711417,0.642031827,0.642029946,0.642035744,0.641918261,0.641772623
5407,INPUT_SKIN2_90_5.txt,OUTPUT_LUNG_90_5.txt,23,0.150974456,0.154057166,0.154025344,0.154020924,0.153996103,0.154012561
5408,INPUT_SKIN2_90_5.txt,OUTPUT_S_90_5.txt,23,8.727456556,8.412286353,8.414388132,8.41098711,8.411928755,8.414920194
5409,INPUT_SKIN2_90_5.txt,OUTPUT_SKIN1_90_5.txt,23,0.418465565,0.397358713,0.397423857,0.397373137,0.397301299,0.397364024
5410,INPUT_SKIN2_90_5.txt,OUTPUT_SKIN10_90_5.txt,23,0.235379801,0.22501232,0.225039374,0.225009317,0.225012591,0.225007421
5411,INPUT_SKIN2_90_5.txt,OUTPUT_SKIN11_90_5.txt,23,0.172283831,0.148703112,0.148722309,0.14869857,0.148703911,0.148707096
5412,INPUT_SKIN2_90_5.txt,OUTPUT_SKIN12_90_5.txt,23,0.071728615,0.056285056,0.05630102,0.056293389,0.056294443,0.056284318
5413,INPUT_SKIN2_90_5.txt,OUTPUT_SKIN2_90_5.txt,23,-548927.5,-411781,-411720.5,-411782.5,-411782.5,-411781
5414,INPUT_SKIN2_90_5.txt,OUTPUT_SKIN3_90_5.txt,23,0.157308761,0.104398639,0.104413509,0.104396325,0.104389552,0.104404933
5415,INPUT_SKIN2_90_5.txt,OUTPUT_SKIN4_90_5.txt,23,0.568565256,0.534984061,0.535218808,0.535078322,0.534998388,0.535246561
5416,INPUT_SKIN2_90_5.txt,OUTPUT_SKIN5_90_5.txt,23,0.283505053,0.291213752,0.291253548,0.291214601,0.291183565,0.291216707
5417,INPUT_SKIN2_90_5.txt,OUTPUT_SKIN6_90_5.txt,23,0.649225322,0.570585266,0.565699699,0.56835054,0.56386698,0.55988501
5418,INPUT_SKIN2_90_5.txt,OUTPUT_SKIN7_90_5.txt,23,0.182392526,0.157292976,0.157265859,0.157289425,0.157242555,0.157292488
5419,INPUT_SKIN2_90_5.txt,OUTPUT_SKIN8_90_5.txt,23,0.293008851,0.380438222,0.380446457,0.380533868,0.380358973,0.380498038
5420,INPUT_SKIN2_90_5.txt,OUTPUT_SKIN9_90_5.txt,23,0.090530649,0.073666502,0.07366044,0.073619227,0.073646952,0.073654198
5421,INPUT_SKIN3_90_5.txt,OUTPUT_BM1_90_5.txt,23,1.643574059,2.739397129,2.739430248,2.739427092,2.739598568,2.739353746
5422,INPUT_SKIN3_90_5.txt,OUTPUT_BM2_90_5.txt,23,1.373904348,1.330169326,1.33044851,1.330435719,1.330027906,1.330545343
5423,INPUT_SKIN3_90_5.txt,OUTPUT_GUT_90_5.txt,23,0.818366976,0.721721061,0.721722656,0.721727183,0.721748337,0.72170159
5424,INPUT_SKIN3_90_5.txt,OUTPUT_L_90_5.txt,23,2.399996287,2.296963847,2.296951536,2.297035386,2.297070292,2.296951445
5425,INPUT_SKIN3_90_5.txt,OUTPUT_LN1_90_5.txt,23,0.053591954,0.121446827,0.121394007,0.12144502,0.121472901,0.121433459
5426,INPUT_SKIN3_90_5.txt,OUTPUT_LN2_90_5.txt,23,0.429082532,0.457062391,0.457001784,0.457068969,0.457008041,0.456883657
5427,INPUT_SKIN3_90_5.txt,OUTPUT_LUNG_90_5.txt,23,0.202045778,0.190802607,0.190739474,0.190762491,0.190739194,0.190745068
5428,INPUT_SKIN3_90_5.txt,OUTPUT_S_90_5.txt,23,2.490724746,2.28614817,2.28617867,2.286128232,2.286227967,2.286164764
5429,INPUT_SKIN3_90_5.txt,OUTPUT_SKIN1_90_5.txt,23,0.679396335,0.648918912,0.648908933,0.648927704,0.648830752,0.648913705
5430,INPUT_SKIN3_90_5.txt,OUTPUT_SKIN10_90_5.txt,23,0.281271794,0.237817317,0.237815323,0.237817025,0.23782769,0.237801482
5431,INPUT_SKIN3_90_5.txt,OUTPUT_SKIN11_90_5.txt,23,0.334371888,0.26631763,0.266313483,0.266312792,0.266330337,0.266313259
5432,INPUT_SKIN3_90_5.txt,OUTPUT_SKIN12_90_5.txt,23,0.650990819,0.578880884,0.578960013,0.578972289,0.579000407,0.578857205
5433,INPUT_SKIN3_90_5.txt,OUTPUT_SKIN2_90_5.txt,23,0.125545886,0.117808772,0.117774459,0.117810642,0.117814185,0.117805483
5434,INPUT_SKIN3_90_5.txt,OUTPUT_SKIN3_90_5.txt,23,-310850.5,-232989,-232988.5,-232987,-232980,-232995.5
5435,INPUT_SKIN3_90_5.txt,OUTPUT_SKIN4_90_5.txt,23,1.665240032,1.690560926,1.691051126,1.690860972,1.690677306,1.691311388
5436,INPUT_SKIN3_90_5.txt,OUTPUT_SKIN5_90_5.txt,23,0.239193142,0.211670241,0.21166862,0.211674186,0.211658406,0.211666426
5437,INPUT_SKIN3_90_5.txt,OUTPUT_SKIN6_90_5.txt,23,0.926530216,0.90456643,0.904651346,0.904441461,0.90540396,0.904960368
5438,INPUT_SKIN3_90_5.txt,OUTPUT_SKIN7_90_5.txt,23,1.736622562,1.302358866,1.301997292,1.302347663,1.302120306,1.302397471
5439,INPUT_SKIN3_90_5.txt,OUTPUT_SKIN8_90_5.txt,23,0.451918211,0.542136519,0.542079088,0.542261004,0.542061103,0.542196677
5440,INPUT_SKIN3_90_5.txt,OUTPUT_SKIN9_90_5.txt,23,0.138080394,0.136325421,0.136298734,0.136251535,0.136299908,0.136301954
5441,INPUT_SKIN4_90_5.txt,OUTPUT_BM1_90_5.txt,23,0.650847013,0.517228066,0.517107289,0.517173472,0.517066167,0.517044715
5442,INPUT_SKIN4_90_5.txt,OUTPUT_BM2_90_5.txt,23,0.790105252,0.781975132,0.781970182,0.78200848,0.781885573,0.781951751
5443,INPUT_SKIN4_90_5.txt,OUTPUT_GUT_90_5.txt,23,87.32695415,83.74450291,83.73749502,83.73664872,83.73680529,83.73105792
5444,INPUT_SKIN4_90_5.txt,OUTPUT_L_90_5.txt,23,0.902582488,0.882589542,0.882417664,0.882642796,0.882604554,0.882512546
5445,INPUT_SKIN4_90_5.txt,OUTPUT_LN1_90_5.txt,23,0.064501215,0.056759156,0.056726177,0.056752992,0.056768233,0.056741058
5446,INPUT_SKIN4_90_5.txt,OUTPUT_LN2_90_5.txt,23,0.569563436,0.532125069,0.531992395,0.532078271,0.532048075,0.531846083
5447,INPUT_SKIN4_90_5.txt,OUTPUT_LUNG_90_5.txt,23,0.757040077,0.781998224,0.781694789,0.781806484,0.781775219,0.781655236
5448,INPUT_SKIN4_90_5.txt,OUTPUT_S_90_5.txt,23,0.639894643,0.559506504,0.559483826,0.559367903,0.55947404,0.559561054
5449,INPUT_SKIN4_90_5.txt,OUTPUT_SKIN1_90_5.txt,23,0.483512505,0.387800915,0.387737923,0.387769786,0.387726902,0.387716464
5450,INPUT_SKIN4_90_5.txt,OUTPUT_SKIN10_90_5.txt,23,0.08928462,0.096378922,0.096363763,0.096369763,0.096377847,0.096352598
5451,INPUT_SKIN4_90_5.txt,OUTPUT_SKIN11_90_5.txt,23,0.13523833,0.11863929,0.118621203,0.11862712,0.118638503,0.118615327
5452,INPUT_SKIN4_90_5.txt,OUTPUT_SKIN12_90_5.txt,23,0.056836175,0.057308122,0.05730753,0.057311765,0.057316783,0.057293815
5453,INPUT_SKIN4_90_5.txt,OUTPUT_SKIN2_90_5.txt,23,0.056072045,0.052220151,0.052197426,0.052216081,0.052219694,0.052207786
5454,INPUT_SKIN4_90_5.txt,OUTPUT_SKIN3_90_5.txt,23,0.054804432,0.056928117,0.056919656,0.056922292,0.056922808,0.056917816
5455,INPUT_SKIN4_90_5.txt,OUTPUT_SKIN4_90_5.txt,23,-1003011,-752150.5,-752259,-752214.5,-752162.5,-752328.5
5456,INPUT_SKIN4_90_5.txt,OUTPUT_SKIN5_90_5.txt,23,0.083809468,0.094373672,0.094359091,0.094364921,0.094361557,0.094352247
5457,INPUT_SKIN4_90_5.txt,OUTPUT_SKIN6_90_5.txt,23,0.501606337,0.420496346,0.419656321,0.420049899,0.419677053,0.418785506
5458,INPUT_SKIN4_90_5.txt,OUTPUT_SKIN7_90_5.txt,23,0.086161598,0.070072057,0.070041742,0.070064847,0.070050206,0.070054929
5459,INPUT_SKIN4_90_5.txt,OUTPUT_SKIN8_90_5.txt,23,0.139763018,0.174322416,0.174277353,0.174347982,0.174287048,0.17430642
5460,INPUT_SKIN4_90_5.txt,OUTPUT_SKIN9_90_5.txt,23,0.038344023,0.030289301,0.03027886,0.030269836,0.03028189,0.03027771
5461,INPUT_SKIN5_90_5.txt,OUTPUT_BM1_90_5.txt,23,1.506737268,1.41129965,1.411150971,1.411270277,1.410852612,1.411087254
5462,INPUT_SKIN5_90_5.txt,OUTPUT_BM2_90_5.txt,23,5.512302343,5.289730523,5.289411023,5.289430774,5.290267893,5.289185798
5463,INPUT_SKIN5_90_5.txt,OUTPUT_GUT_90_5.txt,23,43.87376705,42.12169779,42.12228143,42.12260172,42.11264154,42.12225415
5464,INPUT_SKIN5_90_5.txt,OUTPUT_L_90_5.txt,23,3.052921119,4.227289552,4.227245013,4.227504411,4.227576496,4.22747522
5465,INPUT_SKIN5_90_5.txt,OUTPUT_LN1_90_5.txt,23,11.13799834,10.72278686,10.72424852,10.72291465,10.72261503,10.72300866
5466,INPUT_SKIN5_90_5.txt,OUTPUT_LN2_90_5.txt,23,0.645249607,0.460974237,0.46090993,0.460979722,0.460922908,0.460793533
5467,INPUT_SKIN5_90_5.txt,OUTPUT_LUNG_90_5.txt,23,0.548564197,0.579766804,0.579580187,0.579644412,0.579587892,0.579608298
5468,INPUT_SKIN5_90_5.txt,OUTPUT_S_90_5.txt,23,2.251654346,2.342876369,2.343130113,2.342512537,2.34291046,2.343638808
5469,INPUT_SKIN5_90_5.txt,OUTPUT_SKIN1_90_5.txt,23,0.707207669,0.713556364,0.713547765,0.713562986,0.713469661,0.713567188
5470,INPUT_SKIN5_90_5.txt,OUTPUT_SKIN10_90_5.txt,23,0.214266132,0.202266029,0.202261576,0.202264791,0.202278019,0.202260578
5471,INPUT_SKIN5_90_5.txt,OUTPUT_SKIN11_90_5.txt,23,0.299209512,0.28015974,0.280154825,0.280151949,0.280177185,0.280167846
5472,INPUT_SKIN5_90_5.txt,OUTPUT_SKIN12_90_5.txt,23,0.078545362,0.355051542,0.355102084,0.355107,0.355131606,0.355045144
5473,INPUT_SKIN5_90_5.txt,OUTPUT_SKIN2_90_5.txt,23,0.632880835,0.425616021,0.42549305,0.425620701,0.425642695,0.425613926
5474,INPUT_SKIN5_90_5.txt,OUTPUT_SKIN3_90_5.txt,23,0.503927653,0.593359373,0.59335983,0.593351468,0.593345002,0.593389773
5475,INPUT_SKIN5_90_5.txt,OUTPUT_SKIN4_90_5.txt,23,1.105901076,0.863161964,0.863410531,0.863318977,0.863226181,0.863559399
5476,INPUT_SKIN5_90_5.txt,OUTPUT_SKIN5_90_5.txt,23,-542375.5,-406872.5,-406870.5,-406871,-406850,-406874.5
5477,INPUT_SKIN5_90_5.txt,OUTPUT_SKIN6_90_5.txt,23,0.637297306,0.949494085,0.949381326,0.94922792,0.950031174,0.9494689
5478,INPUT_SKIN5_90_5.txt,OUTPUT_SKIN7_90_5.txt,23,0.105843435,0.127209003,0.127172798,0.127207212,0.127178181,0.127207412
5479,INPUT_SKIN5_90_5.txt,OUTPUT_SKIN8_90_5.txt,23,0.592462384,0.752072574,0.7519909,0.752249561,0.751972379,0.752178314
5480,INPUT_SKIN5_90_5.txt,OUTPUT_SKIN9_90_5.txt,23,0.090400244,0.091518188,0.091500231,0.091467307,0.091502159,0.091504337
5481,INPUT_SKIN6_90_5.txt,OUTPUT_BM1_90_5.txt,23,4.659179701,4.634581299,4.634526769,4.634939677,4.633133837,4.633704304
5482,INPUT_SKIN6_90_5.txt,OUTPUT_BM2_90_5.txt,23,4.076630321,4.061807609,4.06135825,4.061839908,4.060254477,4.06049369
5483,INPUT_SKIN6_90_5.txt,OUTPUT_GUT_90_5.txt,23,65.75554623,65.87753529,65.84104324,65.79166269,65.82752289,65.78289871
5484,INPUT_SKIN6_90_5.txt,OUTPUT_L_90_5.txt,23,3.930856424,3.913714835,3.913650193,3.913620185,3.911977776,3.912453752
5485,INPUT_SKIN6_90_5.txt,OUTPUT_LN1_90_5.txt,23,8.554119778,8.496663521,8.497198698,8.497274659,8.492449406,8.494884652
5486,INPUT_SKIN6_90_5.txt,OUTPUT_LN2_90_5.txt,23,8.315727798,8.280035062,8.280387914,8.280119891,8.276804669,8.279723807
5487,INPUT_SKIN6_90_5.txt,OUTPUT_LUNG_90_5.txt,23,8.664570361,8.608882382,8.608651652,8.609703219,8.605125323,8.606801009
5488,INPUT_SKIN6_90_5.txt,OUTPUT_S_90_5.txt,23,4.052935228,4.038135977,4.03783186,4.038588316,4.036460259,4.036841634
5489,INPUT_SKIN6_90_5.txt,OUTPUT_SKIN1_90_5.txt,23,57.01301662,56.79551592,56.78767862,56.80306034,56.76887466,56.78242492
5490,INPUT_SKIN6_90_5.txt,OUTPUT_SKIN10_90_5.txt,23,30.9475324,30.91378217,30.91142061,30.91833954,30.90101274,30.9066843
5491,INPUT_SKIN6_90_5.txt,OUTPUT_SKIN11_90_5.txt,23,37.2787993,37.18834873,37.18353961,37.19113785,37.17393482,37.18219466
5492,INPUT_SKIN6_90_5.txt,OUTPUT_SKIN12_90_5.txt,23,37.02548292,37.10436623,37.14047361,37.12429379,37.14193778,37.16638215
5493,INPUT_SKIN6_90_5.txt,OUTPUT_SKIN2_90_5.txt,23,19.59132451,19.52748181,19.52171041,19.52894921,19.51802058,19.522077
5494,INPUT_SKIN6_90_5.txt,OUTPUT_SKIN3_90_5.txt,23,29.04762246,28.70258905,28.69970096,28.70151173,28.68815383,28.69678487
5495,INPUT_SKIN6_90_5.txt,OUTPUT_SKIN4_90_5.txt,23,112.8000361,112.7511055,112.6399868,112.6165487,112.6315523,112.5742668
5496,INPUT_SKIN6_90_5.txt,OUTPUT_SKIN5_90_5.txt,23,63.95436286,63.72356496,63.71793673,63.72010697,63.67065043,63.68792978
5497,INPUT_SKIN6_90_5.txt,OUTPUT_SKIN6_90_5.txt,23,-1241377,-935949,-935994.5,-935888.5,-936362.5,-936163
5498,INPUT_SKIN6_90_5.txt,OUTPUT_SKIN7_90_5.txt,23,10.33944603,10.59804503,10.59486549,10.59857879,10.59070947,10.59540838
5499,INPUT_SKIN6_90_5.txt,OUTPUT_SKIN8_90_5.txt,23,9.073582678,9.049804141,9.050295567,9.049124505,9.047069985,9.047335814
5500,INPUT_SKIN6_90_5.txt,OUTPUT_SKIN9_90_5.txt,23,7.224073137,7.211103289,7.210557959,7.211191041,7.20788995,7.209488559
5501,INPUT_SKIN7_90_5.txt,OUTPUT_BM1_90_5.txt,23,1.267951952,2.651814282,2.6504858,2.651693318,2.649856481,2.65143877
5502,INPUT_SKIN7_90_5.txt,OUTPUT_BM2_90_5.txt,23,1.271173081,1.205434293,1.205731874,1.205847455,1.204955846,1.206115989
5503,INPUT_SKIN7_90_5.txt,OUTPUT_GUT_90_5.txt,23,42.61413778,41.07784669,41.08758935,41.07844442,41.08799899,41.07825937
5504,INPUT_SKIN7_90_5.txt,OUTPUT_L_90_5.txt,23,3.195167731,3.096585298,3.09430418,3.097726888,3.094820085,3.097836209
5505,INPUT_SKIN7_90_5.txt,OUTPUT_LN1_90_5.txt,23,0.072673641,0.078586154,0.078561915,0.078584938,0.078611507,0.078579838
5506,INPUT_SKIN7_90_5.txt,OUTPUT_LN2_90_5.txt,23,0.469387028,1.462031144,1.461798037,1.462036936,1.461767154,1.461501114
5507,INPUT_SKIN7_90_5.txt,OUTPUT_LUNG_90_5.txt,23,0.156398496,0.147052823,0.147022839,0.147021031,0.147017644,0.147012057
5508,INPUT_SKIN7_90_5.txt,OUTPUT_S_90_5.txt,23,3.29605246,3.261682259,3.260041522,3.261007174,3.259528036,3.262790182
5509,INPUT_SKIN7_90_5.txt,OUTPUT_SKIN1_90_5.txt,23,0.300089885,0.344149103,0.344193085,0.344153875,0.344140471,0.344157269
5510,INPUT_SKIN7_90_5.txt,OUTPUT_SKIN10_90_5.txt,23,0.247349275,0.229093292,0.22912588,0.229093073,0.229128352,0.229083389
5511,INPUT_SKIN7_90_5.txt,OUTPUT_SKIN11_90_5.txt,23,0.184690674,0.167874938,0.167895945,0.167871656,0.167901357,0.167881273
5512,INPUT_SKIN7_90_5.txt,OUTPUT_SKIN12_90_5.txt,23,0.139066886,0.116546503,0.116579033,0.116564866,0.116583329,0.116545451
5513,INPUT_SKIN7_90_5.txt,OUTPUT_SKIN2_90_5.txt,23,0.101036065,0.102854271,0.102838854,0.102855929,0.10287022,0.102854661
5514,INPUT_SKIN7_90_5.txt,OUTPUT_SKIN3_90_5.txt,23,0.163366995,0.085868448,0.085880538,0.085867739,0.085874602,0.085873565
5515,INPUT_SKIN7_90_5.txt,OUTPUT_SKIN4_90_5.txt,23,0.501524253,0.534280367,0.534506473,0.534375667,0.534377447,0.534534328
5516,INPUT_SKIN7_90_5.txt,OUTPUT_SKIN5_90_5.txt,23,0.182891382,0.178883134,0.178907336,0.178883411,0.178889946,0.178885578
5517,INPUT_SKIN7_90_5.txt,OUTPUT_SKIN6_90_5.txt,23,0.626660718,0.655024408,0.654050182,0.654457983,0.654064826,0.652836731
5518,INPUT_SKIN7_90_5.txt,OUTPUT_SKIN7_90_5.txt,23,-524158.5,-393383,-393326,-393379.5,-393324.5,-393381.5
5519,INPUT_SKIN7_90_5.txt,OUTPUT_SKIN8_90_5.txt,23,0.300482443,0.375836655,0.375830793,0.375932981,0.375803065,0.375895763
5520,INPUT_SKIN7_90_5.txt,OUTPUT_SKIN9_90_5.txt,23,0.065004934,0.063611472,0.063607644,0.063576259,0.063606068,0.063602348
5521,INPUT_SKIN8_90_5.txt,OUTPUT_BM1_90_5.txt,23,1.03301749,1.174441337,1.17433491,1.174254617,1.173956285,1.17411407
5522,INPUT_SKIN8_90_5.txt,OUTPUT_BM2_90_5.txt,23,2.149499972,1.818133164,1.819056446,1.818663698,1.817741016,1.819214822
5523,INPUT_SKIN8_90_5.txt,OUTPUT_GUT_90_5.txt,23,0.489547561,0.490149048,0.490180881,0.490084863,0.490200506,0.490109764
5524,INPUT_SKIN8_90_5.txt,OUTPUT_L_90_5.txt,23,2.749899626,2.751843986,2.751353436,2.753486381,2.752321153,2.753677108
5525,INPUT_SKIN8_90_5.txt,OUTPUT_LN1_90_5.txt,23,0.066451532,0.051586318,0.051567551,0.05157847,0.051600549,0.051578071
5526,INPUT_SKIN8_90_5.txt,OUTPUT_LN2_90_5.txt,23,0.360196702,0.391312646,0.391276273,0.391266584,0.391283277,0.391118217
5527,INPUT_SKIN8_90_5.txt,OUTPUT_LUNG_90_5.txt,23,0.051578682,0.060292742,0.06027631,0.060271622,0.060276389,0.060271287
5528,INPUT_SKIN8_90_5.txt,OUTPUT_S_90_5.txt,23,1.907374363,2.131956072,2.132516476,2.131030569,2.131990222,2.133186269
5529,INPUT_SKIN8_90_5.txt,OUTPUT_SKIN1_90_5.txt,23,0.347413822,0.385442865,0.385466059,0.385398791,0.385422592,0.385418518
5530,INPUT_SKIN8_90_5.txt,OUTPUT_SKIN10_90_5.txt,23,0.141741054,0.135366476,0.135375827,0.135348699,0.135380666,0.135353887
5531,INPUT_SKIN8_90_5.txt,OUTPUT_SKIN11_90_5.txt,23,0.113250153,0.112607506,0.112612919,0.112590093,0.11262023,0.112601294
5532,INPUT_SKIN8_90_5.txt,OUTPUT_SKIN12_90_5.txt,23,0.079151808,0.070197334,0.070211217,0.070198666,0.070216326,0.070190848
5533,INPUT_SKIN8_90_5.txt,OUTPUT_SKIN2_90_5.txt,23,0.119014745,0.120639301,0.120611598,0.120624556,0.120652714,0.120629694
5534,INPUT_SKIN8_90_5.txt,OUTPUT_SKIN3_90_5.txt,23,0.205219399,0.192936825,0.192948361,0.192908371,0.192941752,0.19293231
5535,INPUT_SKIN8_90_5.txt,OUTPUT_SKIN4_90_5.txt,23,0.462718085,0.468867361,0.469020432,0.468884166,0.468928427,0.469043711
5536,INPUT_SKIN8_90_5.txt,OUTPUT_SKIN5_90_5.txt,23,0.174296281,0.150006335,0.15001444,0.149987696,0.150006709,0.14999591
5537,INPUT_SKIN8_90_5.txt,OUTPUT_SKIN6_90_5.txt,23,0.392963017,0.402416155,0.402043089,0.402116065,0.402172443,0.401605392
5538,INPUT_SKIN8_90_5.txt,OUTPUT_SKIN7_90_5.txt,23,0.063258711,0.074503171,0.074486266,0.074492202,0.074488965,0.074496952
5539,INPUT_SKIN8_90_5.txt,OUTPUT_SKIN8_90_5.txt,23,-470134.5,-352330.5,-352308,-352376,-352294,-352358.5
5540,INPUT_SKIN8_90_5.txt,OUTPUT_SKIN9_90_5.txt,23,0.066240065,0.062526939,0.062518246,0.062483561,0.06251894,0.062512727
5541,INPUT_SKIN9_90_5.txt,OUTPUT_BM1_90_5.txt,23,0.679684918,0.830224513,0.830178834,0.830419516,0.829891427,0.830116884
5542,INPUT_SKIN9_90_5.txt,OUTPUT_BM2_90_5.txt,23,1.744281385,1.723444495,1.724358599,1.72457482,1.723089285,1.7246946
5543,INPUT_SKIN9_90_5.txt,OUTPUT_GUT_90_5.txt,23,0.169082609,0.170327483,0.170344817,0.170375725,0.170347267,0.170340106
5544,INPUT_SKIN9_90_5.txt,OUTPUT_L_90_5.txt,23,4.17227742,4.3533858,4.352735564,4.357124395,4.354195371,4.356608838
5545,INPUT_SKIN9_90_5.txt,OUTPUT_LN1_90_5.txt,23,0.12729976,0.118245188,0.118203999,0.118275653,0.118280263,0.118243916
5546,INPUT_SKIN9_90_5.txt,OUTPUT_LN2_90_5.txt,23,0.430841843,0.38007079,0.380050275,0.380189186,0.380056377,0.379950297
5547,INPUT_SKIN9_90_5.txt,OUTPUT_LUNG_90_5.txt,23,0.046443558,0.055377668,0.055365028,0.055381299,0.055363735,0.055366761
5548,INPUT_SKIN9_90_5.txt,OUTPUT_S_90_5.txt,23,2.107485196,2.229778714,2.230414111,2.229628853,2.229821728,2.231337686
5549,INPUT_SKIN9_90_5.txt,OUTPUT_SKIN1_90_5.txt,23,0.253698915,0.201423323,0.201439343,0.201472116,0.20144194,0.201437872
5550,INPUT_SKIN9_90_5.txt,OUTPUT_SKIN10_90_5.txt,23,0.161223727,0.158959524,0.158977248,0.159004838,0.158977815,0.158971341
5551,INPUT_SKIN9_90_5.txt,OUTPUT_SKIN11_90_5.txt,23,0.134756027,0.134512987,0.134523813,0.134546979,0.134529814,0.134526818
5552,INPUT_SKIN9_90_5.txt,OUTPUT_SKIN12_90_5.txt,23,0.087144425,0.091719655,0.091736406,0.091753841,0.091739555,0.09172573
5553,INPUT_SKIN9_90_5.txt,OUTPUT_SKIN2_90_5.txt,23,0.130613552,0.133506493,0.13350717,0.133544564,0.133522293,0.133516371
5554,INPUT_SKIN9_90_5.txt,OUTPUT_SKIN3_90_5.txt,23,0.105937734,0.098372275,0.098381423,0.098398625,0.098379078,0.098381196
5555,INPUT_SKIN9_90_5.txt,OUTPUT_SKIN4_90_5.txt,23,0.207826016,0.209187994,0.209158396,0.209212986,0.209189814,0.209137407
5556,INPUT_SKIN9_90_5.txt,OUTPUT_SKIN5_90_5.txt,23,0.164688321,0.175856445,0.175873024,0.175906144,0.175857097,0.17587121
5557,INPUT_SKIN9_90_5.txt,OUTPUT_SKIN6_90_5.txt,23,0.338328307,0.335934202,0.335834798,0.335955478,0.33588015,0.33564595
5558,INPUT_SKIN9_90_5.txt,OUTPUT_SKIN7_90_5.txt,23,0.100489641,0.087573067,0.087556552,0.087596268,0.087557277,0.087579013
5559,INPUT_SKIN9_90_5.txt,OUTPUT_SKIN8_90_5.txt,23,0.249509284,2.008373329,2.008240436,2.009430321,2.008216597,2.008653167
5560,INPUT_SKIN9_90_5.txt,OUTPUT_SKIN9_90_5.txt,23,-604829.5,-453568,-453522,-453440,-453515.5,-453534.5
5561,INPUT_BM1_90_5.txt,OUTPUT_BM1_90_5.txt,24,-649101,-487476,-487378.5,-487448.5,-487484,-487417.5
5562,INPUT_BM1_90_5.txt,OUTPUT_BM2_90_5.txt,24,0.213050118,0.214389922,0.214289827,0.214322576,0.214368972,0.214328019
5563,INPUT_BM1_90_5.txt,OUTPUT_GUT_90_5.txt,24,0.323526001,0.339339318,0.339365967,0.339244564,0.339232727,0.339396517
5564,INPUT_BM1_90_5.txt,OUTPUT_L_90_5.txt,24,3.024171653,2.952959411,2.953276465,2.952374771,2.951876222,2.95325999
5565,INPUT_BM1_90_5.txt,OUTPUT_LN1_90_5.txt,24,0.3875806,0.396526236,0.396549535,0.396518628,0.396522274,0.396563543
5566,INPUT_BM1_90_5.txt,OUTPUT_LN2_90_5.txt,24,0.578676575,0.442177373,0.442192097,0.442286708,0.442068409,0.44244079
5567,INPUT_BM1_90_5.txt,OUTPUT_LUNG_90_5.txt,24,0.058892931,0.056519018,0.056530348,0.056522215,0.05651809,0.056525815
5568,INPUT_BM1_90_5.txt,OUTPUT_S_90_5.txt,24,11.92465896,11.79387466,11.79445925,11.79255689,11.79951765,11.79640387
5569,INPUT_BM1_90_5.txt,OUTPUT_SKIN1_90_5.txt,24,0.162622944,0.162895301,0.162887145,0.162859919,0.162868106,0.162837563
5570,INPUT_BM1_90_5.txt,OUTPUT_SKIN10_90_5.txt,24,0.161537945,0.164355083,0.164360952,0.164343492,0.164366051,0.164372365
5571,INPUT_BM1_90_5.txt,OUTPUT_SKIN11_90_5.txt,24,0.145944617,0.148627809,0.148636053,0.148649562,0.148649566,0.14860939
5572,INPUT_BM1_90_5.txt,OUTPUT_SKIN12_90_5.txt,24,0.031259983,0.02468647,0.02469494,0.024687124,0.02469132,0.024696098
5573,INPUT_BM1_90_5.txt,OUTPUT_SKIN2_90_5.txt,24,0.083562196,0.073714211,0.073729502,0.073718173,0.073713514,0.073722971
5574,INPUT_BM1_90_5.txt,OUTPUT_SKIN3_90_5.txt,24,0.045928713,0.040710586,0.040719438,0.040712191,0.04071154,0.04071803
5575,INPUT_BM1_90_5.txt,OUTPUT_SKIN4_90_5.txt,24,0.272086454,0.262011244,0.262050446,0.262015221,0.26199613,0.26203273
5576,INPUT_BM1_90_5.txt,OUTPUT_SKIN5_90_5.txt,24,0.130080605,0.141908051,0.141936581,0.141916105,0.141905719,0.141925168
5577,INPUT_BM1_90_5.txt,OUTPUT_SKIN6_90_5.txt,24,0.131548215,0.155995636,0.156019562,0.156004541,0.155992245,0.156002789
5578,INPUT_BM1_90_5.txt,OUTPUT_SKIN7_90_5.txt,24,0.086355813,0.096852372,0.096874842,0.096858713,0.096848614,0.096843898
5579,INPUT_BM1_90_5.txt,OUTPUT_SKIN8_90_5.txt,24,0.272197817,0.255909717,0.256009664,0.256016282,0.255992864,0.25596541
5580,INPUT_BM1_90_5.txt,OUTPUT_SKIN9_90_5.txt,24,0.223548424,0.227184443,0.227039063,0.22701956,0.227087326,0.227126058
5581,INPUT_BM2_90_5.txt,OUTPUT_BM1_90_5.txt,24,0.882249286,0.768899206,0.768847428,0.76895114,0.768952233,0.768871429
5582,INPUT_BM2_90_5.txt,OUTPUT_BM2_90_5.txt,24,-558565.5,-418455.5,-418316,-418378,-418438.5,-418370
5583,INPUT_BM2_90_5.txt,OUTPUT_GUT_90_5.txt,24,0.10424354,0.105857768,0.105908854,0.105892516,0.105884828,0.105878464
5584,INPUT_BM2_90_5.txt,OUTPUT_L_90_5.txt,24,2.73459653,2.459878234,2.460461594,2.459707162,2.459121412,2.460329972
5585,INPUT_BM2_90_5.txt,OUTPUT_LN1_90_5.txt,24,0.183131988,0.169886324,0.169946881,0.169919833,0.169891998,0.16992172
5586,INPUT_BM2_90_5.txt,OUTPUT_LN2_90_5.txt,24,0.531111451,0.529835868,0.529924528,0.530035418,0.529735762,0.53019623
5587,INPUT_BM2_90_5.txt,OUTPUT_LUNG_90_5.txt,24,0.084179043,0.0794281,0.079454653,0.079442849,0.079431334,0.079444328
5588,INPUT_BM2_90_5.txt,OUTPUT_S_90_5.txt,24,26.308044,23.55885555,23.56312296,23.55816655,23.57151756,23.5656291
5589,INPUT_BM2_90_5.txt,OUTPUT_SKIN1_90_5.txt,24,0.175469043,0.199189272,0.199248839,0.199226097,0.199199304,0.199264423
5590,INPUT_BM2_90_5.txt,OUTPUT_SKIN10_90_5.txt,24,0.128007473,0.123601874,0.123645444,0.123625005,0.12361239,0.123628531
5591,INPUT_BM2_90_5.txt,OUTPUT_SKIN11_90_5.txt,24,0.131792126,0.122427622,0.122434856,0.122448852,0.122429905,0.122418673
5592,INPUT_BM2_90_5.txt,OUTPUT_SKIN12_90_5.txt,24,0.023146483,0.023320842,0.023331758,0.023324818,0.023326362,0.023331344
5593,INPUT_BM2_90_5.txt,OUTPUT_SKIN2_90_5.txt,24,0.040489703,0.04501334,0.045028271,0.045021575,0.045015074,0.045022116
5594,INPUT_BM2_90_5.txt,OUTPUT_SKIN3_90_5.txt,24,0.05666156,0.061536559,0.061557929,0.061547173,0.061540948,0.061552121
5595,INPUT_BM2_90_5.txt,OUTPUT_SKIN4_90_5.txt,24,0.175468972,0.164494304,0.164549599,0.164525576,0.164502127,0.164528664
5596,INPUT_BM2_90_5.txt,OUTPUT_SKIN5_90_5.txt,24,0.075917924,0.098645587,0.098678582,0.098663915,0.098649607,0.098665807
5597,INPUT_BM2_90_5.txt,OUTPUT_SKIN6_90_5.txt,24,0.125071777,0.121658039,0.121697777,0.121680765,0.121663815,0.121682654
5598,INPUT_BM2_90_5.txt,OUTPUT_SKIN7_90_5.txt,24,0.059918161,0.06469623,0.06471879,0.064708291,0.064698125,0.064702887
5599,INPUT_BM2_90_5.txt,OUTPUT_SKIN8_90_5.txt,24,0.10163124,0.10139134,0.10142716,0.101410987,0.101396319,0.10141528
5600,INPUT_BM2_90_5.txt,OUTPUT_SKIN9_90_5.txt,24,0.219603591,0.209046904,0.20923456,0.20917932,0.209036739,0.209171025
5601,INPUT_GUT_90_5.txt,OUTPUT_BM1_90_5.txt,24,0.293305549,0.31687852,0.316852186,0.316915813,0.316947072,0.316823963
5602,INPUT_GUT_90_5.txt,OUTPUT_BM2_90_5.txt,24,0.029553655,0.034518354,0.034501514,0.034512381,0.034522384,0.034503766
5603,INPUT_GUT_90_5.txt,OUTPUT_GUT_90_5.txt,24,-546868.5,-411191.5,-411129,-411116.5,-411111.5,-411204
5604,INPUT_GUT_90_5.txt,OUTPUT_L_90_5.txt,24,0.544091524,0.52428332,0.524347152,0.524334231,0.524323765,0.524263952
5605,INPUT_GUT_90_5.txt,OUTPUT_LN1_90_5.txt,24,0.2123392,0.203078356,0.203076165,0.203097727,0.203119698,0.203065727
5606,INPUT_GUT_90_5.txt,OUTPUT_LN2_90_5.txt,24,0.121043232,0.103071482,0.103071427,0.103108186,0.103070033,0.10311286
5607,INPUT_GUT_90_5.txt,OUTPUT_LUNG_90_5.txt,24,0.027577062,0.027012071,0.027016181,0.027017003,0.027017332,0.027011249
5608,INPUT_GUT_90_5.txt,OUTPUT_S_90_5.txt,24,0.754708788,0.723998642,0.724110484,0.724138637,0.724128775,0.723974925
5609,INPUT_GUT_90_5.txt,OUTPUT_SKIN1_90_5.txt,24,0.094508089,0.104238407,0.104271009,0.104275516,0.104273106,0.104279033
5610,INPUT_GUT_90_5.txt,OUTPUT_SKIN10_90_5.txt,24,0.064110222,0.056195711,0.056194437,0.056198394,0.056212306,0.056193016
5611,INPUT_GUT_90_5.txt,OUTPUT_SKIN11_90_5.txt,24,0.129409976,0.131902764,0.131901049,0.13194182,0.131953571,0.131865642
5612,INPUT_GUT_90_5.txt,OUTPUT_SKIN12_90_5.txt,24,0.003217435,0.002753919,0.002754757,0.002754317,0.002755084,0.002754637
5613,INPUT_GUT_90_5.txt,OUTPUT_SKIN2_90_5.txt,24,0.01119112,0.017437842,0.017440574,0.017440975,0.017441316,0.017437245
5614,INPUT_GUT_90_5.txt,OUTPUT_SKIN3_90_5.txt,24,0.027728911,0.028660169,0.028665019,0.028664909,0.028666895,0.028661097
5615,INPUT_GUT_90_5.txt,OUTPUT_SKIN4_90_5.txt,24,0.182693476,0.15808759,0.158104191,0.158109438,0.158111847,0.158076124
5616,INPUT_GUT_90_5.txt,OUTPUT_SKIN5_90_5.txt,24,0.066848396,0.07108605,0.071096873,0.071099035,0.071099905,0.071083887
5617,INPUT_GUT_90_5.txt,OUTPUT_SKIN6_90_5.txt,24,0.103288693,0.119410672,0.119422532,0.119432584,0.11943477,0.119397593
5618,INPUT_GUT_90_5.txt,OUTPUT_SKIN7_90_5.txt,24,0.04370875,0.046509219,0.046517806,0.046518143,0.046517197,0.046497776
5619,INPUT_GUT_90_5.txt,OUTPUT_SKIN8_90_5.txt,24,2.06837725,1.69447829,1.695101625,1.695457651,1.695458701,1.694605094
5620,INPUT_GUT_90_5.txt,OUTPUT_SKIN9_90_5.txt,24,0.141725638,0.14722058,0.147284696,0.14732316,0.147210562,0.147346631
5621,INPUT_L_90_5.txt,OUTPUT_BM1_90_5.txt,24,0.53290706,0.665010173,0.664775272,0.665019506,0.665148067,0.664856847
5622,INPUT_L_90_5.txt,OUTPUT_BM2_90_5.txt,24,0.490205502,0.465379891,0.465063384,0.465251073,0.465419996,0.465176942
5623,INPUT_L_90_5.txt,OUTPUT_GUT_90_5.txt,24,0.164072388,0.180890222,0.180845799,0.180853796,0.180858818,0.180901085
5624,INPUT_L_90_5.txt,OUTPUT_L_90_5.txt,24,-572583,-429059.5,-429039.5,-429005,-428984.5,-429055.5
5625,INPUT_L_90_5.txt,OUTPUT_LN1_90_5.txt,24,0.32880238,0.3418293,0.341793287,0.341845713,0.341892107,0.341823018
5626,INPUT_L_90_5.txt,OUTPUT_LN2_90_5.txt,24,0.342766145,0.388565113,0.388518041,0.388688716,0.388544141,0.388753137
5627,INPUT_L_90_5.txt,OUTPUT_LUNG_90_5.txt,24,0.070110678,0.062535496,0.062538418,0.062543459,0.062546454,0.06253608
5628,INPUT_L_90_5.txt,OUTPUT_S_90_5.txt,24,10.42756471,10.82701458,10.82731939,10.82663143,10.83538455,10.82964137
5629,INPUT_L_90_5.txt,OUTPUT_SKIN1_90_5.txt,24,0.149377756,0.151976017,0.151962454,0.15197942,0.152008651,0.151937184
5630,INPUT_L_90_5.txt,OUTPUT_SKIN10_90_5.txt,24,0.148651451,0.156665061,0.156646849,0.156665466,0.156708153,0.15666476
5631,INPUT_L_90_5.txt,OUTPUT_SKIN11_90_5.txt,24,0.205019012,0.233544152,0.233518845,0.233598565,0.233627008,0.23349083
5632,INPUT_L_90_5.txt,OUTPUT_SKIN12_90_5.txt,24,0.011623684,0.014389943,0.014392959,0.014391375,0.014395941,0.014394469
5633,INPUT_L_90_5.txt,OUTPUT_SKIN2_90_5.txt,24,0.037530365,0.022966811,0.022967791,0.022969669,0.022970738,0.02296675
5634,INPUT_L_90_5.txt,OUTPUT_SKIN3_90_5.txt,24,0.03717545,0.033716609,0.033718748,0.033720333,0.03372383,0.033718996
5635,INPUT_L_90_5.txt,OUTPUT_SKIN4_90_5.txt,24,0.321493146,0.313654983,0.313650861,0.313681997,0.313698026,0.313645489
5636,INPUT_L_90_5.txt,OUTPUT_SKIN5_90_5.txt,24,0.11042175,0.129056194,0.129062237,0.129072664,0.12907886,0.129057402
5637,INPUT_L_90_5.txt,OUTPUT_SKIN6_90_5.txt,24,0.18781834,0.186823303,0.186822997,0.186847078,0.186856321,0.186814219
5638,INPUT_L_90_5.txt,OUTPUT_SKIN7_90_5.txt,24,0.069720612,0.100291674,0.100299626,0.100305378,0.100306937,0.100270934
5639,INPUT_L_90_5.txt,OUTPUT_SKIN8_90_5.txt,24,0.085960658,0.11828183,0.11831129,0.118342062,0.118345681,0.118295131
5640,INPUT_L_90_5.txt,OUTPUT_SKIN9_90_5.txt,24,0.225394869,0.242587865,0.242779737,0.242769701,0.242584256,0.242798431
5641,INPUT_LN1_90_5.txt,OUTPUT_BM1_90_5.txt,24,8.158387766,7.952234251,7.953112463,7.952578322,7.951842995,7.952522262
5642,INPUT_LN1_90_5.txt,OUTPUT_BM2_90_5.txt,24,1.304849239,1.314939416,1.314306533,1.314583325,1.31483711,1.31450677
5643,INPUT_LN1_90_5.txt,OUTPUT_GUT_90_5.txt,24,1.063159687,2.077764075,2.07937389,2.077107423,2.077663178,2.077915539
5644,INPUT_LN1_90_5.txt,OUTPUT_L_90_5.txt,24,9.74266633,9.459285671,9.460110556,9.460142304,9.459673807,9.459379503
5645,INPUT_LN1_90_5.txt,OUTPUT_LN1_90_5.txt,24,-702988.5,-526725.5,-526684,-526703.5,-526727.5,-526718
5646,INPUT_LN1_90_5.txt,OUTPUT_LN2_90_5.txt,24,19.21872453,18.689421,18.692754,18.68764867,18.69119968,18.68388055
5647,INPUT_LN1_90_5.txt,OUTPUT_LUNG_90_5.txt,24,0.085653589,36.91363018,36.91621403,36.91491886,36.91334631,36.91456239
5648,INPUT_LN1_90_5.txt,OUTPUT_S_90_5.txt,24,7.52959306,7.308330209,7.308789831,7.308620671,7.307396435,7.308167912
5649,INPUT_LN1_90_5.txt,OUTPUT_SKIN1_90_5.txt,24,1.14616673,0.881507687,0.881539042,0.881502015,0.881573818,0.881727864
5650,INPUT_LN1_90_5.txt,OUTPUT_SKIN10_90_5.txt,24,0.946923613,0.45955019,0.459507493,0.459508528,0.459594945,0.459539174
5651,INPUT_LN1_90_5.txt,OUTPUT_SKIN11_90_5.txt,24,0.306290446,0.262649326,0.26263206,0.262688172,0.262696163,0.262592889
5652,INPUT_LN1_90_5.txt,OUTPUT_SKIN12_90_5.txt,24,0.280592042,0.318274631,0.318278769,0.318277336,0.318243051,0.318242951
5653,INPUT_LN1_90_5.txt,OUTPUT_SKIN2_90_5.txt,24,0.047117318,0.030444263,0.030446417,0.030445452,0.030443903,0.030444208
5654,INPUT_LN1_90_5.txt,OUTPUT_SKIN3_90_5.txt,24,1.343616091,1.576039141,1.576193419,1.576079676,1.57609776,1.576164572
5655,INPUT_LN1_90_5.txt,OUTPUT_SKIN4_90_5.txt,24,39.29528806,38.45751472,38.45938374,38.45802876,38.45621134,38.45690592
5656,INPUT_LN1_90_5.txt,OUTPUT_SKIN5_90_5.txt,24,0.147877691,0.156146904,0.156159212,0.15615343,0.156146313,0.156149126
5657,INPUT_LN1_90_5.txt,OUTPUT_SKIN6_90_5.txt,24,0.304686175,0.269435266,0.269443653,0.269446559,0.269433758,0.269426144
5658,INPUT_LN1_90_5.txt,OUTPUT_SKIN7_90_5.txt,24,0.197202511,0.179554591,0.17957447,0.17956374,0.179549823,0.179519106
5659,INPUT_LN1_90_5.txt,OUTPUT_SKIN8_90_5.txt,24,1.1400201,1.674784484,1.675262666,1.675493977,1.675399614,1.674981222
5660,INPUT_LN1_90_5.txt,OUTPUT_SKIN9_90_5.txt,24,1.142753271,0.696514346,0.696683581,0.696898314,0.69625041,0.697109113
5661,INPUT_LN2_90_5.txt,OUTPUT_BM1_90_5.txt,24,1.668335212,1.886578366,1.885989721,1.886199907,1.886844711,1.885710811
5662,INPUT_LN2_90_5.txt,OUTPUT_BM2_90_5.txt,24,0.081426338,0.096042178,0.095986223,0.095997545,0.09604536,0.095980309
5663,INPUT_LN2_90_5.txt,OUTPUT_GUT_90_5.txt,24,0.90305598,0.763195044,0.763056998,0.762830583,0.762993005,0.763030222
5664,INPUT_LN2_90_5.txt,OUTPUT_L_90_5.txt,24,4.767753133,4.614530704,4.61446531,4.613022907,4.613464208,4.613475502
5665,INPUT_LN2_90_5.txt,OUTPUT_LN1_90_5.txt,24,0.508239895,0.53010705,0.530070085,0.530012886,0.530172469,0.529964486
5666,INPUT_LN2_90_5.txt,OUTPUT_LN2_90_5.txt,24,-541827.5,-406029,-405995,-406067.5,-405982.5,-406125
5667,INPUT_LN2_90_5.txt,OUTPUT_LUNG_90_5.txt,24,0.100551635,0.106455858,0.1064648,0.106445735,0.106468087,0.10643062
5668,INPUT_LN2_90_5.txt,OUTPUT_S_90_5.txt,24,8.957275531,8.405701,8.404909307,8.403882714,8.409915302,8.404831913
5669,INPUT_LN2_90_5.txt,OUTPUT_SKIN1_90_5.txt,24,0.231210531,0.216190077,0.216095835,0.216048238,0.216124587,0.216055145
5670,INPUT_LN2_90_5.txt,OUTPUT_SKIN10_90_5.txt,24,0.314922583,0.278246509,0.278225813,0.278186378,0.278306714,0.278177691
5671,INPUT_LN2_90_5.txt,OUTPUT_SKIN11_90_5.txt,24,0.282195054,0.205896292,0.205884954,0.205896322,0.205955491,0.20579793
5672,INPUT_LN2_90_5.txt,OUTPUT_SKIN12_90_5.txt,24,0.111480312,0.081700656,0.081704772,0.081694701,0.081704832,0.081673917
5673,INPUT_LN2_90_5.txt,OUTPUT_SKIN2_90_5.txt,24,0.072187481,0.034604327,0.034606937,0.034600951,0.034608003,0.034595575
5674,INPUT_LN2_90_5.txt,OUTPUT_SKIN3_90_5.txt,24,0.05456843,0.052120402,0.052125682,0.052114544,0.052128501,0.052111394
5675,INPUT_LN2_90_5.txt,OUTPUT_SKIN4_90_5.txt,24,0.52265623,0.517028638,0.517035646,0.516956052,0.517067262,0.516883255
5676,INPUT_LN2_90_5.txt,OUTPUT_SKIN5_90_5.txt,24,0.086301167,0.093188837,0.09319666,0.09317998,0.093199536,0.093166755
5677,INPUT_LN2_90_5.txt,OUTPUT_SKIN6_90_5.txt,24,0.239485288,0.197645401,0.19765281,0.197626847,0.197667806,0.197584666
5678,INPUT_LN2_90_5.txt,OUTPUT_SKIN7_90_5.txt,24,0.100563371,0.110725698,0.110738611,0.110716196,0.110735834,0.110675448
5679,INPUT_LN2_90_5.txt,OUTPUT_SKIN8_90_5.txt,24,0.591751145,0.531109372,0.531251096,0.531258417,0.531352518,0.531036286
5680,INPUT_LN2_90_5.txt,OUTPUT_SKIN9_90_5.txt,24,0.305302973,0.298624382,0.298723959,0.298746472,0.298504155,0.298803245
5681,INPUT_LUNG_90_5.txt,OUTPUT_BM1_90_5.txt,24,1.266021028,1.176785936,1.176433271,1.176687074,1.17681548,1.176569074
5682,INPUT_LUNG_90_5.txt,OUTPUT_BM2_90_5.txt,24,0.080775392,0.093088204,0.09302725,0.093054338,0.093080775,0.093050816
5683,INPUT_LUNG_90_5.txt,OUTPUT_GUT_90_5.txt,24,0.414385094,0.455108437,0.454969596,0.454954405,0.454944845,0.455130343
5684,INPUT_LUNG_90_5.txt,OUTPUT_L_90_5.txt,24,1.435516905,1.490112265,1.49001608,1.489850157,1.489751563,1.490085046
5685,INPUT_LUNG_90_5.txt,OUTPUT_LN1_90_5.txt,24,0.723673311,0.761302833,0.761185513,0.76124211,0.76130854,0.761280094
5686,INPUT_LUNG_90_5.txt,OUTPUT_LN2_90_5.txt,24,0.787671696,0.763378261,0.763263838,0.763507834,0.763221772,0.763700377
5687,INPUT_LUNG_90_5.txt,OUTPUT_LUNG_90_5.txt,24,-582616,-437054.5,-437054.5,-437054.5,-437054.5,-437054.5
5688,INPUT_LUNG_90_5.txt,OUTPUT_S_90_5.txt,24,2.569759961,2.397992439,2.397969102,2.397819394,2.398651291,2.398205939
5689,INPUT_LUNG_90_5.txt,OUTPUT_SKIN1_90_5.txt,24,0.226252267,0.255990231,0.255983978,0.25598543,0.255983333,0.255925527
5690,INPUT_LUNG_90_5.txt,OUTPUT_SKIN10_90_5.txt,24,0.337954153,0.338446578,0.338391063,0.338404193,0.338481416,0.338443045
5691,INPUT_LUNG_90_5.txt,OUTPUT_SKIN11_90_5.txt,24,0.152921238,0.118515757,0.118499619,0.11852719,0.118536178,0.118488071
5692,INPUT_LUNG_90_5.txt,OUTPUT_SKIN12_90_5.txt,24,0.030921238,0.02888416,0.028888568,0.028883521,0.028890658,0.02889232
5693,INPUT_LUNG_90_5.txt,OUTPUT_SKIN2_90_5.txt,24,0.025055921,0.031266806,0.031266541,0.031266723,0.031266541,0.031266289
5694,INPUT_LUNG_90_5.txt,OUTPUT_SKIN3_90_5.txt,24,0.064488378,0.078374852,0.07837617,0.078373533,0.078377928,0.078379687
5695,INPUT_LUNG_90_5.txt,OUTPUT_SKIN4_90_5.txt,24,0.386195529,0.410314841,0.410291654,0.410297749,0.410297733,0.410298899
5696,INPUT_LUNG_90_5.txt,OUTPUT_SKIN5_90_5.txt,24,0.141975681,0.152455019,0.152455019,0.152455019,0.152455019,0.152455019
5697,INPUT_LUNG_90_5.txt,OUTPUT_SKIN6_90_5.txt,24,0.139904531,0.135483358,0.135476927,0.135483638,0.135483022,0.135473043
5698,INPUT_LUNG_90_5.txt,OUTPUT_SKIN7_90_5.txt,24,0.103214199,0.076858163,0.076860614,0.076858861,0.076856412,0.076841878
5699,INPUT_LUNG_90_5.txt,OUTPUT_SKIN8_90_5.txt,24,0.314698351,0.29388614,0.29394496,0.293998555,0.293992673,0.293916495
5700,INPUT_LUNG_90_5.txt,OUTPUT_SKIN9_90_5.txt,24,0.338313791,0.32697668,0.326599343,0.326688429,0.326897193,0.326778219
5701,INPUT_S_90_5.txt,OUTPUT_BM1_90_5.txt,24,64.41602824,60.4248033,60.39712161,60.42422229,60.4008524,60.39990064
5702,INPUT_S_90_5.txt,OUTPUT_BM2_90_5.txt,24,0.875954975,0.615297643,0.614853314,0.615099649,0.615045532,0.614949058
5703,INPUT_S_90_5.txt,OUTPUT_GUT_90_5.txt,24,0.108743741,0.119377212,0.119357458,0.119350048,0.119304602,0.1193674
5704,INPUT_S_90_5.txt,OUTPUT_L_90_5.txt,24,19.8681276,18.79349825,18.79177291,18.79020729,18.77968496,18.7906479
5705,INPUT_S_90_5.txt,OUTPUT_LN1_90_5.txt,24,0.179439499,0.167775705,0.167755211,0.16777841,0.167722471,0.167751442
5706,INPUT_S_90_5.txt,OUTPUT_LN2_90_5.txt,24,0.19575748,0.186285187,0.186255072,0.186336449,0.186182634,0.186351506
5707,INPUT_S_90_5.txt,OUTPUT_LUNG_90_5.txt,24,0.029736374,0.046870116,0.046870407,0.046874098,0.046855103,0.0468646
5708,INPUT_S_90_5.txt,OUTPUT_S_90_5.txt,24,-873470.5,-654962,-654958,-654906.5,-655171.5,-655039
5709,INPUT_S_90_5.txt,OUTPUT_SKIN1_90_5.txt,24,0.100965893,0.096524395,0.096518126,0.096528107,0.096500384,0.096536493
5710,INPUT_S_90_5.txt,OUTPUT_SKIN10_90_5.txt,24,0.076626927,0.077080714,0.077069132,0.077077811,0.077060369,0.077070497
5711,INPUT_S_90_5.txt,OUTPUT_SKIN11_90_5.txt,24,0.092911336,0.087986104,0.08797123,0.088001924,0.087972233,0.087953431
5712,INPUT_S_90_5.txt,OUTPUT_SKIN12_90_5.txt,24,0.010004659,0.011597707,0.011599702,0.01159854,0.011596799,0.011599831
5713,INPUT_S_90_5.txt,OUTPUT_SKIN2_90_5.txt,24,0.022974222,0.016193041,0.016193208,0.01619437,0.016187928,0.016191075
5714,INPUT_S_90_5.txt,OUTPUT_SKIN3_90_5.txt,24,0.028726397,0.024263257,0.024263827,0.024264895,0.024256472,0.024261946
5715,INPUT_S_90_5.txt,OUTPUT_SKIN4_90_5.txt,24,0.168729366,0.15610195,0.156092216,0.156108698,0.156045545,0.156077367
5716,INPUT_S_90_5.txt,OUTPUT_SKIN5_90_5.txt,24,0.041110021,0.041120837,0.041121092,0.04112433,0.041107668,0.041116
5717,INPUT_S_90_5.txt,OUTPUT_SKIN6_90_5.txt,24,0.085023966,0.095298818,0.09529488,0.095306718,0.095267909,0.095281866
5718,INPUT_S_90_5.txt,OUTPUT_SKIN7_90_5.txt,24,0.053235334,0.05452538,0.054527382,0.054530461,0.054506715,0.05450788
5719,INPUT_S_90_5.txt,OUTPUT_SKIN8_90_5.txt,24,0.07212721,0.074965861,0.074979701,0.074998259,0.074966237,0.074964034
5720,INPUT_S_90_5.txt,OUTPUT_SKIN9_90_5.txt,24,0.140371027,0.131654098,0.131736074,0.13173368,0.131574482,0.131734919
5721,INPUT_SKIN1_90_5.txt,OUTPUT_BM1_90_5.txt,24,12.56547516,12.38822133,12.38934782,12.38887982,12.38763448,12.38709494
5722,INPUT_SKIN1_90_5.txt,OUTPUT_BM2_90_5.txt,24,8.633847733,8.513184174,8.511783904,8.5126566,8.512727198,8.511193016
5723,INPUT_SKIN1_90_5.txt,OUTPUT_GUT_90_5.txt,24,2.9555083,3.588027268,3.590407402,3.586929382,3.587732936,3.587732734
5724,INPUT_SKIN1_90_5.txt,OUTPUT_L_90_5.txt,24,13.59012404,13.40744463,13.40755535,13.40848308,13.40824097,13.4055018
5725,INPUT_SKIN1_90_5.txt,OUTPUT_LN1_90_5.txt,24,15.61195886,33.96682261,33.96666395,33.96652466,33.96618035,33.96108014
5726,INPUT_SKIN1_90_5.txt,OUTPUT_LN2_90_5.txt,24,29.30290962,28.85541722,28.85978989,28.85216529,28.85739374,28.83661427
5727,INPUT_SKIN1_90_5.txt,OUTPUT_LUNG_90_5.txt,24,0.446431142,0.492565202,0.492566707,0.492576992,0.49254596,0.492496613
5728,INPUT_SKIN1_90_5.txt,OUTPUT_S_90_5.txt,24,10.42405072,10.27812115,10.27815667,10.27858624,10.27687206,10.27636096
5729,INPUT_SKIN1_90_5.txt,OUTPUT_SKIN1_90_5.txt,24,-922811,-692212.5,-692212.5,-692196,-692239.5,-692308.5
5730,INPUT_SKIN1_90_5.txt,OUTPUT_SKIN10_90_5.txt,24,0.788739576,1.039585865,1.039411431,1.039476278,1.039646357,1.039420498
5731,INPUT_SKIN1_90_5.txt,OUTPUT_SKIN11_90_5.txt,24,86.79237626,85.59306935,85.58138812,85.60706662,85.60121668,85.55527604
5732,INPUT_SKIN1_90_5.txt,OUTPUT_SKIN12_90_5.txt,24,2.118646938,2.659634209,2.659732113,2.659693235,2.658814714,2.658186336
5733,INPUT_SKIN1_90_5.txt,OUTPUT_SKIN2_90_5.txt,24,32.79962925,32.34625345,32.34753473,32.34602748,32.3389742,32.33027514
5734,INPUT_SKIN1_90_5.txt,OUTPUT_SKIN3_90_5.txt,24,27.81927721,27.4590484,27.47726992,27.45960566,27.45900442,27.45592671
5735,INPUT_SKIN1_90_5.txt,OUTPUT_SKIN4_90_5.txt,24,22.89401278,110.2528246,110.2740167,110.2770527,110.2437228,110.249935
5736,INPUT_SKIN1_90_5.txt,OUTPUT_SKIN5_90_5.txt,24,91.34208895,90.39909252,90.32312509,90.33322701,90.41614718,90.39945115
5737,INPUT_SKIN1_90_5.txt,OUTPUT_SKIN6_90_5.txt,24,65.58891674,68.85265859,68.85609054,68.85905612,68.85081377,68.84453449
5738,INPUT_SKIN1_90_5.txt,OUTPUT_SKIN7_90_5.txt,24,48.89157707,48.51192936,48.51455962,48.51387251,48.50756573,48.50187522
5739,INPUT_SKIN1_90_5.txt,OUTPUT_SKIN8_90_5.txt,24,14.90226237,16.35552147,16.35853767,16.36097843,16.3595243,16.35476232
5740,INPUT_SKIN1_90_5.txt,OUTPUT_SKIN9_90_5.txt,24,10.87085753,40.50147328,40.51070692,40.52165644,40.48889783,40.52469867
5741,INPUT_SKIN10_90_5.txt,OUTPUT_BM1_90_5.txt,24,0.22022485,0.259296897,0.259234705,0.259290325,0.259290944,0.259248329
5742,INPUT_SKIN10_90_5.txt,OUTPUT_BM2_90_5.txt,24,0.004525693,0.00561543,0.005612181,0.005613728,0.005614693,0.00561319
5743,INPUT_SKIN10_90_5.txt,OUTPUT_GUT_90_5.txt,24,0.383334578,0.486984373,0.486876553,0.486839167,0.486769932,0.487018081
5744,INPUT_SKIN10_90_5.txt,OUTPUT_L_90_5.txt,24,1.719729954,1.634379355,1.634542736,1.634544083,1.634374534,1.6343969
5745,INPUT_SKIN10_90_5.txt,OUTPUT_LN1_90_5.txt,24,0.652732272,0.695234328,0.695186106,0.695224362,0.695205336,0.695218103
5746,INPUT_SKIN10_90_5.txt,OUTPUT_LN2_90_5.txt,24,4.154461117,3.889913886,3.890817995,3.889563685,3.89047246,3.888404674
5747,INPUT_SKIN10_90_5.txt,OUTPUT_LUNG_90_5.txt,24,0.127747137,0.112147693,0.112157351,0.112155126,0.112142165,0.112148625
5748,INPUT_SKIN10_90_5.txt,OUTPUT_S_90_5.txt,24,1.193784068,1.125568237,1.125619299,1.125620938,1.125551271,1.125563262
5749,INPUT_SKIN10_90_5.txt,OUTPUT_SKIN1_90_5.txt,24,0.228758339,0.227264347,0.227047226,0.227008176,0.227015236,0.227065789
5750,INPUT_SKIN10_90_5.txt,OUTPUT_SKIN10_90_5.txt,24,-1220703,-916114.5,-916036,-916054,-916160.5,-916107
5751,INPUT_SKIN10_90_5.txt,OUTPUT_SKIN11_90_5.txt,24,0.273252071,0.213478589,0.21346605,0.21351534,0.213506668,0.213431484
5752,INPUT_SKIN10_90_5.txt,OUTPUT_SKIN12_90_5.txt,24,0.105421823,0.076706923,0.076707346,0.076709785,0.076694025,0.076696564
5753,INPUT_SKIN10_90_5.txt,OUTPUT_SKIN2_90_5.txt,24,0.080261005,0.07187621,0.071881799,0.071880767,0.071872023,0.071875652
5754,INPUT_SKIN10_90_5.txt,OUTPUT_SKIN3_90_5.txt,24,0.03431963,0.03769318,0.037697045,0.037695035,0.037692766,0.037695815
5755,INPUT_SKIN10_90_5.txt,OUTPUT_SKIN4_90_5.txt,24,16.97135718,19.5934127,19.59496953,19.59416882,19.5920062,19.59302281
5756,INPUT_SKIN10_90_5.txt,OUTPUT_SKIN5_90_5.txt,24,0.045314778,0.147000071,0.147012667,0.147009781,0.146992659,0.147001279
5757,INPUT_SKIN10_90_5.txt,OUTPUT_SKIN6_90_5.txt,24,0.216542457,0.21671591,0.216724201,0.21673024,0.216704617,0.216703686
5758,INPUT_SKIN10_90_5.txt,OUTPUT_SKIN7_90_5.txt,24,0.299437257,0.289091879,0.289125874,0.289113688,0.289071061,0.289033045
5759,INPUT_SKIN10_90_5.txt,OUTPUT_SKIN8_90_5.txt,24,0.56552377,0.547718077,0.547878481,0.547964029,0.547892975,0.547779219
5760,INPUT_SKIN10_90_5.txt,OUTPUT_SKIN9_90_5.txt,24,0.428780512,0.458565826,0.458654563,0.458796296,0.458392274,0.458948616
5761,INPUT_SKIN11_90_5.txt,OUTPUT_BM1_90_5.txt,24,0.845069892,0.956428425,0.956215655,0.956302927,0.956363813,0.956364153
5762,INPUT_SKIN11_90_5.txt,OUTPUT_BM2_90_5.txt,24,0.017812058,0.022844051,0.022830546,0.022834424,0.022840121,0.022837373
5763,INPUT_SKIN11_90_5.txt,OUTPUT_GUT_90_5.txt,24,1.358367812,1.072124129,1.071853238,1.071721624,1.071656282,1.072279919
5764,INPUT_SKIN11_90_5.txt,OUTPUT_L_90_5.txt,24,4.153379225,3.973326679,3.973701351,3.973239832,3.973009998,3.973773998
5765,INPUT_SKIN11_90_5.txt,OUTPUT_LN1_90_5.txt,24,0.961472167,1.00050974,1.000417289,1.000372802,1.000425096,1.000585422
5766,INPUT_SKIN11_90_5.txt,OUTPUT_LN2_90_5.txt,24,3.58087077,3.321868395,3.321865755,3.321970386,3.321234127,3.322858291
5767,INPUT_SKIN11_90_5.txt,OUTPUT_LUNG_90_5.txt,24,0.19291017,0.164919711,0.164931463,0.164910908,0.164904627,0.16493847
5768,INPUT_SKIN11_90_5.txt,OUTPUT_S_90_5.txt,24,3.057179381,2.947805741,2.948072225,2.947647281,2.947761581,2.94822406
5769,INPUT_SKIN11_90_5.txt,OUTPUT_SKIN1_90_5.txt,24,0.399519906,0.384051318,0.38406912,0.384004524,0.384038738,0.384190794
5770,INPUT_SKIN11_90_5.txt,OUTPUT_SKIN10_90_5.txt,24,0.828603598,1.00107231,1.00097486,1.000895235,1.001078911,1.001165602
5771,INPUT_SKIN11_90_5.txt,OUTPUT_SKIN11_90_5.txt,24,-614180.5,-460440,-460407,-460464.5,-460482,-460387.5
5772,INPUT_SKIN11_90_5.txt,OUTPUT_SKIN12_90_5.txt,24,0.285789132,0.251138999,0.251131276,0.251111238,0.251080256,0.25112608
5773,INPUT_SKIN11_90_5.txt,OUTPUT_SKIN2_90_5.txt,24,0.203548862,0.222868486,0.222882737,0.22285604,0.222846334,0.222890374
5774,INPUT_SKIN11_90_5.txt,OUTPUT_SKIN3_90_5.txt,24,0.080371459,0.079540055,0.079547069,0.079534481,0.079535916,0.079554007
5775,INPUT_SKIN11_90_5.txt,OUTPUT_SKIN4_90_5.txt,24,3.676726833,4.138580632,4.138174524,4.138166713,4.138010608,4.138600673
5776,INPUT_SKIN11_90_5.txt,OUTPUT_SKIN5_90_5.txt,24,0.242846692,0.249393188,0.249410488,0.249379871,0.249370368,0.249421019
5777,INPUT_SKIN11_90_5.txt,OUTPUT_SKIN6_90_5.txt,24,0.529761443,0.51384982,0.513858791,0.513822136,0.513801632,0.51387166
5778,INPUT_SKIN11_90_5.txt,OUTPUT_SKIN7_90_5.txt,24,0.140931308,0.170620141,0.170637869,0.170612616,0.170600686,0.170603452
5779,INPUT_SKIN11_90_5.txt,OUTPUT_SKIN8_90_5.txt,24,1.799793438,1.819409749,1.819832641,1.820008108,1.819873552,1.819758237
5780,INPUT_SKIN11_90_5.txt,OUTPUT_SKIN9_90_5.txt,24,0.576703157,0.536257788,0.536389261,0.536189171,0.535708257,0.536744539
5781,INPUT_SKIN12_90_5.txt,OUTPUT_BM1_90_5.txt,24,0.5272541,0.619810956,0.619689309,0.619788525,0.619864318,0.619777162
5782,INPUT_SKIN12_90_5.txt,OUTPUT_BM2_90_5.txt,24,0.007363543,0.334142599,0.33396265,0.334042148,0.334140884,0.334051722
5783,INPUT_SKIN12_90_5.txt,OUTPUT_GUT_90_5.txt,24,0.431081211,0.487451484,0.487445654,0.487334445,0.487382729,0.487522779
5784,INPUT_SKIN12_90_5.txt,OUTPUT_L_90_5.txt,24,2.633997951,2.515026498,2.515434838,2.515374286,2.515343462,2.515469543
5785,INPUT_SKIN12_90_5.txt,OUTPUT_LN1_90_5.txt,24,1.14634751,2.034548457,2.034365105,2.034464746,2.034719186,2.034671571
5786,INPUT_SKIN12_90_5.txt,OUTPUT_LN2_90_5.txt,24,5.566416277,5.311476838,5.312944857,5.311035621,5.31266118,5.310350554
5787,INPUT_SKIN12_90_5.txt,OUTPUT_LUNG_90_5.txt,24,0.115816614,0.12858777,0.12859461,0.12859147,0.128597296,0.128598866
5788,INPUT_SKIN12_90_5.txt,OUTPUT_S_90_5.txt,24,1.603722332,1.581032755,1.581216222,1.581104794,1.581191635,1.581307411
5789,INPUT_SKIN12_90_5.txt,OUTPUT_SKIN1_90_5.txt,24,0.398367706,0.444080029,0.444010804,0.443937851,0.444005744,0.443704971
5790,INPUT_SKIN12_90_5.txt,OUTPUT_SKIN10_90_5.txt,24,0.751918211,0.50672653,0.506666469,0.506674234,0.506814996,0.506757845
5791,INPUT_SKIN12_90_5.txt,OUTPUT_SKIN11_90_5.txt,24,0.677091377,0.72056715,0.720500501,0.720661474,0.720748623,0.720463515
5792,INPUT_SKIN12_90_5.txt,OUTPUT_SKIN12_90_5.txt,24,-765662,-574765,-574734.5,-574748.5,-574722.5,-574715.5
5793,INPUT_SKIN12_90_5.txt,OUTPUT_SKIN2_90_5.txt,24,0.103382618,0.073193619,0.073196942,0.073195537,0.073198441,0.073198777
5794,INPUT_SKIN12_90_5.txt,OUTPUT_SKIN3_90_5.txt,24,0.074239855,0.078406571,0.078412054,0.078407507,0.078415451,0.078418164
5795,INPUT_SKIN12_90_5.txt,OUTPUT_SKIN4_90_5.txt,24,1.418022172,1.548945255,1.548960102,1.548926052,1.549000421,1.549020402
5796,INPUT_SKIN12_90_5.txt,OUTPUT_SKIN5_90_5.txt,24,0.253923386,0.30094977,0.300965835,0.300958463,0.300972088,0.300975826
5797,INPUT_SKIN12_90_5.txt,OUTPUT_SKIN6_90_5.txt,24,0.568137186,0.596777624,0.596778973,0.596792122,0.596818053,0.596789303
5798,INPUT_SKIN12_90_5.txt,OUTPUT_SKIN7_90_5.txt,24,0.289742906,0.294444792,0.294469893,0.294455957,0.294459949,0.294407982
5799,INPUT_SKIN12_90_5.txt,OUTPUT_SKIN8_90_5.txt,24,1.48993762,1.678472872,1.678903176,1.679150091,1.679206717,1.678786119
5800,INPUT_SKIN12_90_5.txt,OUTPUT_SKIN9_90_5.txt,24,0.574471036,0.692647556,0.692782767,0.692670266,0.692209928,0.693253572
5801,INPUT_SKIN2_90_5.txt,OUTPUT_BM1_90_5.txt,24,1.02010997,0.394365841,0.394211831,0.394322488,0.394380174,0.394275614
5802,INPUT_SKIN2_90_5.txt,OUTPUT_BM2_90_5.txt,24,0.011490788,0.014315501,0.014306019,0.01431022,0.014314395,0.014309768
5803,INPUT_SKIN2_90_5.txt,OUTPUT_GUT_90_5.txt,24,0.567012289,0.543185265,0.543064794,0.542985544,0.542988322,0.543216818
5804,INPUT_SKIN2_90_5.txt,OUTPUT_L_90_5.txt,24,3.645262276,3.579650608,3.579371796,3.57885489,3.578563831,3.579621601
5805,INPUT_SKIN2_90_5.txt,OUTPUT_LN1_90_5.txt,24,0.416615922,0.493252156,0.493175529,0.493210935,0.493257795,0.493241068
5806,INPUT_SKIN2_90_5.txt,OUTPUT_LN2_90_5.txt,24,1.476081738,1.31134815,1.311138588,1.311592722,1.311059727,1.31196382
5807,INPUT_SKIN2_90_5.txt,OUTPUT_LUNG_90_5.txt,24,0.095587693,0.079688843,0.079689161,0.079688949,0.079689161,0.079689479
5808,INPUT_SKIN2_90_5.txt,OUTPUT_S_90_5.txt,24,7.576155348,6.853382499,6.85300846,6.852619599,6.856253491,6.854339514
5809,INPUT_SKIN2_90_5.txt,OUTPUT_SKIN1_90_5.txt,24,0.330665146,0.29715931,0.297119583,0.297114383,0.297098985,0.29715409
5810,INPUT_SKIN2_90_5.txt,OUTPUT_SKIN10_90_5.txt,24,0.483508765,0.459405653,0.459330115,0.45934772,0.459449872,0.45940397
5811,INPUT_SKIN2_90_5.txt,OUTPUT_SKIN11_90_5.txt,24,0.475171103,0.478092724,0.478026657,0.478146508,0.47818392,0.477988224
5812,INPUT_SKIN2_90_5.txt,OUTPUT_SKIN12_90_5.txt,24,0.249525237,0.242885375,0.242878885,0.242891771,0.242871693,0.242866186
5813,INPUT_SKIN2_90_5.txt,OUTPUT_SKIN2_90_5.txt,24,-498535,-374195.5,-374194,-374195,-374194,-374192.5
5814,INPUT_SKIN2_90_5.txt,OUTPUT_SKIN3_90_5.txt,24,0.044391351,0.047924346,0.047925343,0.047923604,0.047926417,0.047927683
5815,INPUT_SKIN2_90_5.txt,OUTPUT_SKIN4_90_5.txt,24,0.782516827,0.749129375,0.749087251,0.749097753,0.749101436,0.749103692
5816,INPUT_SKIN2_90_5.txt,OUTPUT_SKIN5_90_5.txt,24,0.157161618,0.171176011,0.171176677,0.171176232,0.171176677,0.171177341
5817,INPUT_SKIN2_90_5.txt,OUTPUT_SKIN6_90_5.txt,24,0.35259225,0.353566313,0.353551308,0.353568882,0.353569714,0.353546424
5818,INPUT_SKIN2_90_5.txt,OUTPUT_SKIN7_90_5.txt,24,0.235935824,0.238098981,0.238107522,0.238101464,0.238094515,0.238050488
5819,INPUT_SKIN2_90_5.txt,OUTPUT_SKIN8_90_5.txt,24,0.426817328,0.431065281,0.431153491,0.43123106,0.431223766,0.431112682
5820,INPUT_SKIN2_90_5.txt,OUTPUT_SKIN9_90_5.txt,24,0.432901816,0.364933515,0.36518085,0.364998771,0.364690662,0.365330206
5821,INPUT_SKIN3_90_5.txt,OUTPUT_BM1_90_5.txt,24,1.175626022,1.260960049,1.26080997,1.26093314,1.260948752,1.260837647
5822,INPUT_SKIN3_90_5.txt,OUTPUT_BM2_90_5.txt,24,0.021839228,0.027403795,0.027385554,0.027394019,0.027401062,0.027391911
5823,INPUT_SKIN3_90_5.txt,OUTPUT_GUT_90_5.txt,24,1.885383856,2.042749174,2.04231406,2.042003492,2.041979406,2.042767348
5824,INPUT_SKIN3_90_5.txt,OUTPUT_L_90_5.txt,24,1.691921811,1.662017162,1.661991382,1.661999438,1.66194045,1.661963116
5825,INPUT_SKIN3_90_5.txt,OUTPUT_LN1_90_5.txt,24,1.611798247,1.57398823,1.573731758,1.573874533,1.573970688,1.573895335
5826,INPUT_SKIN3_90_5.txt,OUTPUT_LN2_90_5.txt,24,2.209727918,2.101547342,2.101457506,2.10164669,2.101407394,2.101686041
5827,INPUT_SKIN3_90_5.txt,OUTPUT_LUNG_90_5.txt,24,0.285266646,0.314530601,0.314527951,0.314533252,0.314524417,0.314520889
5828,INPUT_SKIN3_90_5.txt,OUTPUT_S_90_5.txt,24,1.697114461,1.63934659,1.639333574,1.639371551,1.639279576,1.639285042
5829,INPUT_SKIN3_90_5.txt,OUTPUT_SKIN1_90_5.txt,24,0.834431956,0.828388563,0.828451583,0.828492924,0.828258702,0.828400939
5830,INPUT_SKIN3_90_5.txt,OUTPUT_SKIN10_90_5.txt,24,1.075204111,1.076001525,1.075815706,1.075876469,1.076082229,1.075958125
5831,INPUT_SKIN3_90_5.txt,OUTPUT_SKIN11_90_5.txt,24,0.855933408,0.876328743,0.876184504,0.876432463,0.876473914,0.876090607
5832,INPUT_SKIN3_90_5.txt,OUTPUT_SKIN12_90_5.txt,24,0.150291563,0.143445129,0.143461843,0.143443401,0.143468633,0.143473738
5833,INPUT_SKIN3_90_5.txt,OUTPUT_SKIN2_90_5.txt,24,0.160762216,0.178415172,0.178413865,0.178416199,0.178411859,0.17840842
5834,INPUT_SKIN3_90_5.txt,OUTPUT_SKIN3_90_5.txt,24,-238022,-178260.5,-178262,-178259,-178264,-178266
5835,INPUT_SKIN3_90_5.txt,OUTPUT_SKIN4_90_5.txt,24,1.571950689,1.50755006,1.507440877,1.507495533,1.507459882,1.507443734
5836,INPUT_SKIN3_90_5.txt,OUTPUT_SKIN5_90_5.txt,24,0.354063411,0.310168396,0.310165802,0.310170991,0.310162342,0.310158883
5837,INPUT_SKIN3_90_5.txt,OUTPUT_SKIN6_90_5.txt,24,0.80291646,0.810717806,0.810672749,0.810728232,0.81070658,0.810655419
5838,INPUT_SKIN3_90_5.txt,OUTPUT_SKIN7_90_5.txt,24,0.474029979,0.472876361,0.472887417,0.472884637,0.472856258,0.472761622
5839,INPUT_SKIN3_90_5.txt,OUTPUT_SKIN8_90_5.txt,24,1.166246105,1.170112684,1.17033041,1.170566851,1.170506514,1.170198005
5840,INPUT_SKIN3_90_5.txt,OUTPUT_SKIN9_90_5.txt,24,1.102241284,1.03857391,1.038863174,1.038944339,1.03806803,1.03940917
5841,INPUT_SKIN4_90_5.txt,OUTPUT_BM1_90_5.txt,24,0.523198817,0.597826101,0.597625853,0.597779169,0.597856447,0.597709982
5842,INPUT_SKIN4_90_5.txt,OUTPUT_BM2_90_5.txt,24,0.011092038,0.01358301,0.013574297,0.013578294,0.013582194,0.013577757
5843,INPUT_SKIN4_90_5.txt,OUTPUT_GUT_90_5.txt,24,0.485581478,0.56634058,0.566185481,0.566146932,0.566134364,0.566387265
5844,INPUT_SKIN4_90_5.txt,OUTPUT_L_90_5.txt,24,2.275973716,1.937238778,1.937163472,1.936949723,1.936821698,1.937255739
5845,INPUT_SKIN4_90_5.txt,OUTPUT_LN1_90_5.txt,24,0.719420373,0.933177261,0.933052377,0.933120706,0.933204209,0.933167267
5846,INPUT_SKIN4_90_5.txt,OUTPUT_LN2_90_5.txt,24,2.860666676,2.507155685,2.506912473,2.507557842,2.506793554,2.508068909
5847,INPUT_SKIN4_90_5.txt,OUTPUT_LUNG_90_5.txt,24,0.08068083,0.097626059,0.097628389,0.097628252,0.097628115,0.097628115
5848,INPUT_SKIN4_90_5.txt,OUTPUT_S_90_5.txt,24,3.706923804,3.432003225,3.432068661,3.431880141,3.432834686,3.432353132
5849,INPUT_SKIN4_90_5.txt,OUTPUT_SKIN1_90_5.txt,24,0.277064746,0.310396483,0.310469461,0.310459649,0.310401319,0.310463037
5850,INPUT_SKIN4_90_5.txt,OUTPUT_SKIN10_90_5.txt,24,0.491617973,1.798229186,1.79796556,1.798031269,1.798452814,1.798219879
5851,INPUT_SKIN4_90_5.txt,OUTPUT_SKIN11_90_5.txt,24,0.126557256,0.172471544,0.172450489,0.172493928,0.172506918,0.17243524
5852,INPUT_SKIN4_90_5.txt,OUTPUT_SKIN12_90_5.txt,24,0.250864059,0.2680395,0.268051161,0.26806654,0.268044792,0.268037383
5853,INPUT_SKIN4_90_5.txt,OUTPUT_SKIN2_90_5.txt,24,0.146972006,0.142346923,0.142349183,0.14234974,0.142348785,0.142347639
5854,INPUT_SKIN4_90_5.txt,OUTPUT_SKIN3_90_5.txt,24,0.0433907,0.050869252,0.050871351,0.050869504,0.050872393,0.050873576
5855,INPUT_SKIN4_90_5.txt,OUTPUT_SKIN4_90_5.txt,24,-476230.5,-356738.5,-356730,-356730.5,-356731,-356731
5856,INPUT_SKIN4_90_5.txt,OUTPUT_SKIN5_90_5.txt,24,0.126125181,0.127106046,0.127109077,0.127108899,0.127108721,0.127108721
5857,INPUT_SKIN4_90_5.txt,OUTPUT_SKIN6_90_5.txt,24,0.19266658,0.222091351,0.22208607,0.222096334,0.222095613,0.222081395
5858,INPUT_SKIN4_90_5.txt,OUTPUT_SKIN7_90_5.txt,24,0.091049007,0.104166658,0.104172469,0.104169946,0.104166477,0.104146768
5859,INPUT_SKIN4_90_5.txt,OUTPUT_SKIN8_90_5.txt,24,0.400957483,0.387367828,0.387458128,0.387525489,0.387520307,0.387416135
5860,INPUT_SKIN4_90_5.txt,OUTPUT_SKIN9_90_5.txt,24,0.446193491,0.425702492,0.425865863,0.42589128,0.425537467,0.426068312
5861,INPUT_SKIN5_90_5.txt,OUTPUT_BM1_90_5.txt,24,1.69045334,1.74102872,1.74048547,1.740876333,1.741074133,1.74070277
5862,INPUT_SKIN5_90_5.txt,OUTPUT_BM2_90_5.txt,24,0.480753361,0.330906614,0.330675991,0.330778481,0.330878506,0.330765256
5863,INPUT_SKIN5_90_5.txt,OUTPUT_GUT_90_5.txt,24,0.826634177,0.675651548,0.675482482,0.675461108,0.675456865,0.675692488
5864,INPUT_SKIN5_90_5.txt,OUTPUT_L_90_5.txt,24,10.89439027,10.56237329,10.56265975,10.56315397,10.5634477,10.56243058
5865,INPUT_SKIN5_90_5.txt,OUTPUT_LN1_90_5.txt,24,0.753157892,0.931099807,0.930951394,0.93102123,0.931107087,0.931072827
5866,INPUT_SKIN5_90_5.txt,OUTPUT_LN2_90_5.txt,24,1.236856124,1.199115002,1.198933266,1.199320801,1.198866453,1.199628182
5867,INPUT_SKIN5_90_5.txt,OUTPUT_LUNG_90_5.txt,24,0.156409943,0.126046805,0.126046805,0.126046805,0.126046805,0.126046805
5868,INPUT_SKIN5_90_5.txt,OUTPUT_S_90_5.txt,24,7.318624226,7.060884328,7.060549191,7.060871634,7.060599043,7.060568381
5869,INPUT_SKIN5_90_5.txt,OUTPUT_SKIN1_90_5.txt,24,0.410576874,0.402233331,0.402069923,0.402071281,0.402128704,0.401951326
5870,INPUT_SKIN5_90_5.txt,OUTPUT_SKIN10_90_5.txt,24,0.781501847,0.728950332,0.728825101,0.72885413,0.729021734,0.728936186
5871,INPUT_SKIN5_90_5.txt,OUTPUT_SKIN11_90_5.txt,24,0.365369414,0.376000489,0.375942748,0.376040403,0.376068927,0.375910902
5872,INPUT_SKIN5_90_5.txt,OUTPUT_SKIN12_90_5.txt,24,0.072138881,0.067617061,0.067625027,0.067616252,0.067628591,0.067631376
5873,INPUT_SKIN5_90_5.txt,OUTPUT_SKIN2_90_5.txt,24,0.102687579,0.095578968,0.095579154,0.095578712,0.095579154,0.095578386
5874,INPUT_SKIN5_90_5.txt,OUTPUT_SKIN3_90_5.txt,24,0.116416272,0.103681049,0.103682825,0.103679273,0.103685193,0.103687562
5875,INPUT_SKIN5_90_5.txt,OUTPUT_SKIN4_90_5.txt,24,1.034111882,1.010091823,1.010043887,1.010046712,1.010049548,1.010049531
5876,INPUT_SKIN5_90_5.txt,OUTPUT_SKIN5_90_5.txt,24,-448122.5,-336045.5,-336045.5,-336045.5,-336045.5,-336045.5
5877,INPUT_SKIN5_90_5.txt,OUTPUT_SKIN6_90_5.txt,24,0.33504281,0.411627532,0.411606667,0.411626224,0.411626458,0.411595648
5878,INPUT_SKIN5_90_5.txt,OUTPUT_SKIN7_90_5.txt,24,0.291080841,0.287031252,0.287040409,0.287033863,0.287024709,0.286970415
5879,INPUT_SKIN5_90_5.txt,OUTPUT_SKIN8_90_5.txt,24,0.602234844,0.612160057,0.612287615,0.612394502,0.612387191,0.612223202
5880,INPUT_SKIN5_90_5.txt,OUTPUT_SKIN9_90_5.txt,24,0.616182839,0.621746329,0.621977586,0.621959611,0.621424029,0.622277932
5881,INPUT_SKIN6_90_5.txt,OUTPUT_BM1_90_5.txt,24,1.338967307,1.038198703,1.03788219,1.038103566,1.038237598,1.038033384
5882,INPUT_SKIN6_90_5.txt,OUTPUT_BM2_90_5.txt,24,0.007854861,0.706953443,0.706518703,0.706702959,0.706903251,0.706703238
5883,INPUT_SKIN6_90_5.txt,OUTPUT_GUT_90_5.txt,24,0.644734131,0.799652677,0.799576756,0.799421598,0.799452777,0.799729618
5884,INPUT_SKIN6_90_5.txt,OUTPUT_L_90_5.txt,24,7.663160206,7.36454317,7.364795626,7.365042733,7.365703584,7.364866912
5885,INPUT_SKIN6_90_5.txt,OUTPUT_LN1_90_5.txt,24,1.638799222,2.416513312,2.416201409,2.416326318,2.416538321,2.416548281
5886,INPUT_SKIN6_90_5.txt,OUTPUT_LN2_90_5.txt,24,15.28073371,14.66942745,14.67139369,14.66771553,14.67259323,14.66555359
5887,INPUT_SKIN6_90_5.txt,OUTPUT_LUNG_90_5.txt,24,0.447164599,0.424926363,0.424938698,0.424929365,0.424927516,0.424944891
5888,INPUT_SKIN6_90_5.txt,OUTPUT_S_90_5.txt,24,5.817079343,5.549920773,5.549998069,5.550004241,5.549968075,5.550035158
5889,INPUT_SKIN6_90_5.txt,OUTPUT_SKIN1_90_5.txt,24,0.750083232,0.818425221,0.818445237,0.818365269,0.81845609,0.818649604
5890,INPUT_SKIN6_90_5.txt,OUTPUT_SKIN10_90_5.txt,24,0.790509784,1.001884879,1.001738165,1.001753051,1.001985965,1.001905298
5891,INPUT_SKIN6_90_5.txt,OUTPUT_SKIN11_90_5.txt,24,82.43897125,78.78152736,78.75962459,78.81241385,78.79265315,78.76492045
5892,INPUT_SKIN6_90_5.txt,OUTPUT_SKIN12_90_5.txt,24,0.364075264,0.386580823,0.386555415,0.386559256,0.386533312,0.386539903
5893,INPUT_SKIN6_90_5.txt,OUTPUT_SKIN2_90_5.txt,24,11.43511861,10.98652431,10.9931037,10.99484043,10.98882073,10.99530177
5894,INPUT_SKIN6_90_5.txt,OUTPUT_SKIN3_90_5.txt,24,0.063787783,0.073284756,0.073287722,0.073283522,0.073287703,0.073291948
5895,INPUT_SKIN6_90_5.txt,OUTPUT_SKIN4_90_5.txt,24,16.75094247,12.44658494,12.44634937,12.44612744,12.44609671,12.44660818
5896,INPUT_SKIN6_90_5.txt,OUTPUT_SKIN5_90_5.txt,24,0.255362658,0.18616252,0.186166909,0.186162508,0.186162691,0.186169275
5897,INPUT_SKIN6_90_5.txt,OUTPUT_SKIN6_90_5.txt,24,-732535,-550231,-550218,-550231,-550230.5,-550211
5898,INPUT_SKIN6_90_5.txt,OUTPUT_SKIN7_90_5.txt,24,0.481661817,0.336225778,0.336244534,0.336228941,0.336218496,0.336167003
5899,INPUT_SKIN6_90_5.txt,OUTPUT_SKIN8_90_5.txt,24,3.468227287,3.585728092,3.586534533,3.587052526,3.58701813,3.586220313
5900,INPUT_SKIN6_90_5.txt,OUTPUT_SKIN9_90_5.txt,24,2.036031374,2.15671099,2.157087084,2.157008467,2.155271905,2.158529818
5901,INPUT_SKIN7_90_5.txt,OUTPUT_BM1_90_5.txt,24,1.4845372,1.334063363,1.333614783,1.333937172,1.334114328,1.333950697
5902,INPUT_SKIN7_90_5.txt,OUTPUT_BM2_90_5.txt,24,0.009175243,0.011341914,0.011334132,0.011337639,0.011341117,0.011338458
5903,INPUT_SKIN7_90_5.txt,OUTPUT_GUT_90_5.txt,24,0.84435977,1.040265715,1.040152292,1.039879736,1.039940593,1.040436649
5904,INPUT_SKIN7_90_5.txt,OUTPUT_L_90_5.txt,24,7.8419702,7.287598807,7.287510392,7.28766319,7.287831612,7.288442463
5905,INPUT_SKIN7_90_5.txt,OUTPUT_LN1_90_5.txt,24,0.646337291,0.444476888,0.444399689,0.444438088,0.444485433,0.444511328
5906,INPUT_SKIN7_90_5.txt,OUTPUT_LN2_90_5.txt,24,0.911095587,0.801459025,0.801322087,0.801595667,0.801298678,0.801895119
5907,INPUT_SKIN7_90_5.txt,OUTPUT_LUNG_90_5.txt,24,0.103210332,0.091593352,0.091591887,0.09159293,0.091594398,0.09160308
5908,INPUT_SKIN7_90_5.txt,OUTPUT_S_90_5.txt,24,3.521217806,3.217340615,3.217081158,3.217085028,3.21815104,3.217871986
5909,INPUT_SKIN7_90_5.txt,OUTPUT_SKIN1_90_5.txt,24,0.262855702,0.26406362,0.263898676,0.263881452,0.263925888,0.264001747
5910,INPUT_SKIN7_90_5.txt,OUTPUT_SKIN10_90_5.txt,24,0.33767759,0.34921087,0.349144808,0.349162834,0.349249622,0.349241642
5911,INPUT_SKIN7_90_5.txt,OUTPUT_SKIN11_90_5.txt,24,0.434353281,0.493628602,0.493549349,0.493682513,0.493728759,0.49356686
5912,INPUT_SKIN7_90_5.txt,OUTPUT_SKIN12_90_5.txt,24,0.05904358,0.051819084,0.051826913,0.051819972,0.051831781,0.051839123
5913,INPUT_SKIN7_90_5.txt,OUTPUT_SKIN2_90_5.txt,24,0.071702069,0.08372062,0.083718613,0.083720014,0.083720906,0.083728167
5914,INPUT_SKIN7_90_5.txt,OUTPUT_SKIN3_90_5.txt,24,0.059818911,0.059612582,0.05961265,0.059611288,0.059615643,0.05962265
5915,INPUT_SKIN7_90_5.txt,OUTPUT_SKIN4_90_5.txt,24,0.716266926,0.675500354,0.675458235,0.675467722,0.67548053,0.675544732
5916,INPUT_SKIN7_90_5.txt,OUTPUT_SKIN5_90_5.txt,24,0.127536234,0.154292473,0.154290008,0.154291767,0.154294233,0.154308848
5917,INPUT_SKIN7_90_5.txt,OUTPUT_SKIN6_90_5.txt,24,0.536727661,0.486611515,0.486582323,0.486614662,0.4866213,0.486649514
5918,INPUT_SKIN7_90_5.txt,OUTPUT_SKIN7_90_5.txt,24,-584362.5,-438375,-438382,-438377,-438370,-438328.5
5919,INPUT_SKIN7_90_5.txt,OUTPUT_SKIN8_90_5.txt,24,2.239069894,1.653719035,1.654041982,1.65435252,1.654357912,1.654063774
5920,INPUT_SKIN7_90_5.txt,OUTPUT_SKIN9_90_5.txt,24,0.34542028,0.277271827,0.277397669,0.277446324,0.277215823,0.277617652
5921,INPUT_SKIN8_90_5.txt,OUTPUT_BM1_90_5.txt,24,1.68293191,1.545731569,1.54562458,1.545449197,1.545438127,1.545685232
5922,INPUT_SKIN8_90_5.txt,OUTPUT_BM2_90_5.txt,24,0.051502921,0.032511836,0.03248721,0.032493789,0.032503189,0.032497145
5923,INPUT_SKIN8_90_5.txt,OUTPUT_GUT_90_5.txt,24,0.650786748,1.386799736,1.386484963,1.386323291,1.386382569,1.386813233
5924,INPUT_SKIN8_90_5.txt,OUTPUT_L_90_5.txt,24,2.00340719,1.84907625,1.848926063,1.848839566,1.848898134,1.848989299
5925,INPUT_SKIN8_90_5.txt,OUTPUT_LN1_90_5.txt,24,0.805529036,0.653298188,0.653130809,0.653122003,0.653181301,0.653245804
5926,INPUT_SKIN8_90_5.txt,OUTPUT_LN2_90_5.txt,24,1.615659553,1.337209918,1.336983999,1.337043484,1.336841562,1.337377656
5927,INPUT_SKIN8_90_5.txt,OUTPUT_LUNG_90_5.txt,24,0.184569831,0.156725372,0.156709029,0.156695255,0.156696196,0.156717353
5928,INPUT_SKIN8_90_5.txt,OUTPUT_S_90_5.txt,24,1.189870249,1.120248147,1.120125753,1.120005991,1.120128977,1.120222031
5929,INPUT_SKIN8_90_5.txt,OUTPUT_SKIN1_90_5.txt,24,0.363548191,0.349357309,0.349256104,0.34919262,0.349245086,0.349379195
5930,INPUT_SKIN8_90_5.txt,OUTPUT_SKIN10_90_5.txt,24,0.5607803,0.463890722,0.463762107,0.463739813,0.463849613,0.463856404
5931,INPUT_SKIN8_90_5.txt,OUTPUT_SKIN11_90_5.txt,24,0.625993453,0.535017964,0.534870451,0.534971774,0.535015731,0.534853369
5932,INPUT_SKIN8_90_5.txt,OUTPUT_SKIN12_90_5.txt,24,0.03549643,0.0471516,0.047150807,0.047140546,0.047149153,0.047157431
5933,INPUT_SKIN8_90_5.txt,OUTPUT_SKIN2_90_5.txt,24,0.063541043,0.052545441,0.052540131,0.052535186,0.052535833,0.052542491
5934,INPUT_SKIN8_90_5.txt,OUTPUT_SKIN3_90_5.txt,24,0.053776132,0.05508471,0.055079889,0.055073163,0.055076642,0.055085324
5935,INPUT_SKIN8_90_5.txt,OUTPUT_SKIN4_90_5.txt,24,1.645576079,1.301762612,1.301563633,1.301451105,1.30146277,1.30164116
5936,INPUT_SKIN8_90_5.txt,OUTPUT_SKIN5_90_5.txt,24,0.086716615,0.236762823,0.236738013,0.236717184,0.236718611,0.236750571
5937,INPUT_SKIN8_90_5.txt,OUTPUT_SKIN6_90_5.txt,24,0.316183991,0.25496593,0.254926236,0.254915709,0.254917546,0.25493805
5938,INPUT_SKIN8_90_5.txt,OUTPUT_SKIN7_90_5.txt,24,0.40779549,0.435324852,0.435293596,0.435245421,0.435234102,0.435210289
5939,INPUT_SKIN8_90_5.txt,OUTPUT_SKIN8_90_5.txt,24,-553231,-415800,-415843.5,-415880,-415877.5,-415821.5
5940,INPUT_SKIN8_90_5.txt,OUTPUT_SKIN9_90_5.txt,24,0.517108596,0.476052753,0.476125531,0.476179648,0.475614653,0.476409778
5941,INPUT_SKIN9_90_5.txt,OUTPUT_BM1_90_5.txt,24,11.73400574,11.74879814,11.7481411,11.74554063,11.75081613,11.74350019
5942,INPUT_SKIN9_90_5.txt,OUTPUT_BM2_90_5.txt,24,8.078454222,8.082837359,8.0806123,8.079915471,8.084099276,8.078220501
5943,INPUT_SKIN9_90_5.txt,OUTPUT_GUT_90_5.txt,24,5.33786024,6.91937367,6.927394844,6.915591704,6.921887854,6.916441224
5944,INPUT_SKIN9_90_5.txt,OUTPUT_L_90_5.txt,24,12.63711503,12.66411779,12.66260067,12.661188,12.66760836,12.65775953
5945,INPUT_SKIN9_90_5.txt,OUTPUT_LN1_90_5.txt,24,3.618777336,4.786674831,4.785520429,4.785122603,4.787532498,4.784463782
5946,INPUT_SKIN9_90_5.txt,OUTPUT_LN2_90_5.txt,24,23.95598967,23.94136186,23.93964325,23.9304948,23.94884356,23.92135223
5947,INPUT_SKIN9_90_5.txt,OUTPUT_LUNG_90_5.txt,24,46.64545018,46.67963228,46.64295464,46.6548597,46.66829161,46.66389206
5948,INPUT_SKIN9_90_5.txt,OUTPUT_S_90_5.txt,24,9.709333343,9.723994921,9.722611539,9.721325722,9.724809482,9.718906557
5949,INPUT_SKIN9_90_5.txt,OUTPUT_SKIN1_90_5.txt,24,1.686210446,2.034199375,2.033975936,2.033555721,2.034645001,2.033822477
5950,INPUT_SKIN9_90_5.txt,OUTPUT_SKIN10_90_5.txt,24,0.947979381,1.259926692,1.259615457,1.259466095,1.260273584,1.259367416
5951,INPUT_SKIN9_90_5.txt,OUTPUT_SKIN11_90_5.txt,24,95.95625854,95.97991013,95.90875598,95.93578489,95.9855241,95.83246284
5952,INPUT_SKIN9_90_5.txt,OUTPUT_SKIN12_90_5.txt,24,0.506873153,0.65037532,0.650287608,0.650187237,0.650438414,0.65004372
5953,INPUT_SKIN9_90_5.txt,OUTPUT_SKIN2_90_5.txt,24,0.049866626,0.049523986,0.04951981,0.049512356,0.049532131,0.049502185
5954,INPUT_SKIN9_90_5.txt,OUTPUT_SKIN3_90_5.txt,24,29.92468987,29.89049438,29.89540187,29.88784367,29.89834487,29.88295508
5955,INPUT_SKIN9_90_5.txt,OUTPUT_SKIN4_90_5.txt,24,124.2416941,124.0392035,123.9885041,123.9684742,124.0732872,123.9406208
5956,INPUT_SKIN9_90_5.txt,OUTPUT_SKIN5_90_5.txt,24,84.67960449,84.67111333,84.66267328,84.6371819,84.69865048,84.6009077
5957,INPUT_SKIN9_90_5.txt,OUTPUT_SKIN6_90_5.txt,24,0.346328691,0.455927076,0.455870539,0.455820912,0.456005189,0.455700119
5958,INPUT_SKIN9_90_5.txt,OUTPUT_SKIN7_90_5.txt,24,70.99131991,71.49191786,71.43574141,71.44390115,71.4656374,71.46889596
5959,INPUT_SKIN9_90_5.txt,OUTPUT_SKIN8_90_5.txt,24,8.199293088,8.385050786,8.385478851,8.385213101,8.388715156,8.38189406
5960,INPUT_SKIN9_90_5.txt,OUTPUT_SKIN9_90_5.txt,24,-1525491.5,-1145829,-1145916.5,-1146095,-1145631.5,-1146315
5961,INPUT_BM1_90_5.txt,OUTPUT_BM1_90_5.txt,25,-453278,-339906.5,-339761,-339864,-339875.5,-339879.5
5962,INPUT_BM1_90_5.txt,OUTPUT_BM2_90_5.txt,25,0.231050452,0.256753918,0.256883289,0.256787467,0.256864451,0.256788451
5963,INPUT_BM1_90_5.txt,OUTPUT_GUT_90_5.txt,25,NA,NA,NA,NA,NA,NA
5964,INPUT_BM1_90_5.txt,OUTPUT_L_90_5.txt,25,0.035016272,0.036524594,0.036540243,0.036529163,0.036527927,0.036527497
5965,INPUT_BM1_90_5.txt,OUTPUT_LN1_90_5.txt,25,0.051196719,0.048500734,0.048521522,0.048506804,0.048505162,0.04850459
5966,INPUT_BM1_90_5.txt,OUTPUT_LN2_90_5.txt,25,0.064343577,0.049478337,0.049499538,0.049484528,0.049482853,0.04948227
5967,INPUT_BM1_90_5.txt,OUTPUT_LUNG_90_5.txt,25,0.193126296,0.194756539,0.194840147,0.194780951,0.194774347,0.194772049
5968,INPUT_BM1_90_5.txt,OUTPUT_S_90_5.txt,25,0.988159954,0.81669839,0.816737858,0.816569119,0.816907096,0.817151905
5969,INPUT_BM1_90_5.txt,OUTPUT_SKIN1_90_5.txt,25,0.140280388,0.129046284,0.129101576,0.129062469,0.12905809,0.129056567
5970,INPUT_BM1_90_5.txt,OUTPUT_SKIN10_90_5.txt,25,0.053997707,0.053931839,0.053954963,0.053938592,0.053936749,0.053936129
5971,INPUT_BM1_90_5.txt,OUTPUT_SKIN11_90_5.txt,25,0.161922083,0.161790118,0.161856984,0.161807721,0.161794533,0.161809075
5972,INPUT_BM1_90_5.txt,OUTPUT_SKIN12_90_5.txt,25,0.086579933,0.129829948,0.129880273,0.129848981,0.129841846,0.12983881
5973,INPUT_BM1_90_5.txt,OUTPUT_SKIN2_90_5.txt,25,0.095463944,0.104103558,0.104158457,0.104116009,0.104133592,0.104133562
5974,INPUT_BM1_90_5.txt,OUTPUT_SKIN3_90_5.txt,25,0.0587962,0.057116473,0.057140963,0.057123623,0.05712169,0.057121017
5975,INPUT_BM1_90_5.txt,OUTPUT_SKIN4_90_5.txt,25,0.128913271,0.129223479,0.12927926,0.129241353,0.129232775,0.129231516
5976,INPUT_BM1_90_5.txt,OUTPUT_SKIN5_90_5.txt,25,0.166131702,0.14789505,0.147895086,0.14792477,0.147878327,0.147899815
5977,INPUT_BM1_90_5.txt,OUTPUT_SKIN6_90_5.txt,25,0.315893589,0.313564372,0.313896137,0.31377725,0.313678899,0.313555653
5978,INPUT_BM1_90_5.txt,OUTPUT_SKIN7_90_5.txt,25,0.059173854,0.073111723,0.073143088,0.073120881,0.073118404,0.073117541
5979,INPUT_BM1_90_5.txt,OUTPUT_SKIN8_90_5.txt,25,0.176674686,0.146711411,0.14678485,0.146719837,0.146696208,0.146750059
5980,INPUT_BM1_90_5.txt,OUTPUT_SKIN9_90_5.txt,25,0.143911258,0.124227307,0.124273198,0.12415703,0.124231161,0.124155545
5981,INPUT_BM2_90_5.txt,OUTPUT_BM1_90_5.txt,25,0.043102382,0.044622354,0.044582328,0.044611031,0.044605784,0.044613608
5982,INPUT_BM2_90_5.txt,OUTPUT_BM2_90_5.txt,25,-557839,-418505.5,-418522.5,-418507,-418584.5,-418521
5983,INPUT_BM2_90_5.txt,OUTPUT_GUT_90_5.txt,25,NA,NA,NA,NA,NA,NA
5984,INPUT_BM2_90_5.txt,OUTPUT_L_90_5.txt,25,0.031995968,0.030553453,0.030552211,0.030553344,0.030547681,0.03055232
5985,INPUT_BM2_90_5.txt,OUTPUT_LN1_90_5.txt,25,0.035907303,0.031862982,0.031861686,0.031862867,0.031856962,0.0318618
5986,INPUT_BM2_90_5.txt,OUTPUT_LN2_90_5.txt,25,0.054466843,0.054564728,0.054562508,0.054564532,0.054554413,0.054562704
5987,INPUT_BM2_90_5.txt,OUTPUT_LUNG_90_5.txt,25,0.139760469,0.171142606,0.17113562,0.171141989,0.171110145,0.171136234
5988,INPUT_BM2_90_5.txt,OUTPUT_S_90_5.txt,25,0.225410508,0.235897919,0.235802301,0.235830504,0.235894051,0.236004494
5989,INPUT_BM2_90_5.txt,OUTPUT_SKIN1_90_5.txt,25,0.069636536,0.083344162,0.083341025,0.083343862,0.083328386,0.083341066
5990,INPUT_BM2_90_5.txt,OUTPUT_SKIN10_90_5.txt,25,0.04242678,0.03171986,0.03171857,0.031719746,0.031713841,0.031718684
5991,INPUT_BM2_90_5.txt,OUTPUT_SKIN11_90_5.txt,25,0.250424164,0.22577193,0.22574768,0.225773381,0.225682052,0.225746613
5992,INPUT_BM2_90_5.txt,OUTPUT_SKIN12_90_5.txt,25,0.132468333,0.107717553,0.107702237,0.107723886,0.107696945,0.107711318
5993,INPUT_BM2_90_5.txt,OUTPUT_SKIN2_90_5.txt,25,0.096079594,0.105278477,0.105311189,0.105279338,0.105318428,0.105342411
5994,INPUT_BM2_90_5.txt,OUTPUT_SKIN3_90_5.txt,25,0.051530546,0.050455045,0.050452992,0.050454864,0.050445502,0.050453171
5995,INPUT_BM2_90_5.txt,OUTPUT_SKIN4_90_5.txt,25,0.142721289,0.126524966,0.126522388,0.126537674,0.126481376,0.126502709
5996,INPUT_BM2_90_5.txt,OUTPUT_SKIN5_90_5.txt,25,0.894672361,0.862640116,0.863154385,0.862887069,0.862689632,0.862906266
5997,INPUT_BM2_90_5.txt,OUTPUT_SKIN6_90_5.txt,25,0.642702549,0.425800271,0.426043181,0.425604673,0.425822317,0.425720821
5998,INPUT_BM2_90_5.txt,OUTPUT_SKIN7_90_5.txt,25,0.103534644,0.099729167,0.099725101,0.099728808,0.099710271,0.099725457
5999,INPUT_BM2_90_5.txt,OUTPUT_SKIN8_90_5.txt,25,0.533766926,0.549761602,0.549823511,0.549903714,0.549811297,0.54964719
6000,INPUT_BM2_90_5.txt,OUTPUT_SKIN9_90_5.txt,25,0.089830511,0.104029421,0.104126873,0.104060766,0.104026697,0.10400717
6001,INPUT_GUT_90_5.txt,OUTPUT_BM1_90_5.txt,25,NA,NA,NA,NA,NA,NA
6002,INPUT_GUT_90_5.txt,OUTPUT_BM2_90_5.txt,25,NA,NA,NA,NA,NA,NA
6003,INPUT_GUT_90_5.txt,OUTPUT_GUT_90_5.txt,25,NA,NA,NA,NA,NA,NA
6004,INPUT_GUT_90_5.txt,OUTPUT_L_90_5.txt,25,NA,NA,NA,NA,NA,NA
6005,INPUT_GUT_90_5.txt,OUTPUT_LN1_90_5.txt,25,NA,NA,NA,NA,NA,NA
6006,INPUT_GUT_90_5.txt,OUTPUT_LN2_90_5.txt,25,NA,NA,NA,NA,NA,NA
6007,INPUT_GUT_90_5.txt,OUTPUT_LUNG_90_5.txt,25,NA,NA,NA,NA,NA,NA
6008,INPUT_GUT_90_5.txt,OUTPUT_S_90_5.txt,25,NA,NA,NA,NA,NA,NA
6009,INPUT_GUT_90_5.txt,OUTPUT_SKIN1_90_5.txt,25,NA,NA,NA,NA,NA,NA
6010,INPUT_GUT_90_5.txt,OUTPUT_SKIN10_90_5.txt,25,NA,NA,NA,NA,NA,NA
6011,INPUT_GUT_90_5.txt,OUTPUT_SKIN11_90_5.txt,25,NA,NA,NA,NA,NA,NA
6012,INPUT_GUT_90_5.txt,OUTPUT_SKIN12_90_5.txt,25,NA,NA,NA,NA,NA,NA
6013,INPUT_GUT_90_5.txt,OUTPUT_SKIN2_90_5.txt,25,NA,NA,NA,NA,NA,NA
6014,INPUT_GUT_90_5.txt,OUTPUT_SKIN3_90_5.txt,25,NA,NA,NA,NA,NA,NA
6015,INPUT_GUT_90_5.txt,OUTPUT_SKIN4_90_5.txt,25,NA,NA,NA,NA,NA,NA
6016,INPUT_GUT_90_5.txt,OUTPUT_SKIN5_90_5.txt,25,NA,NA,NA,NA,NA,NA
6017,INPUT_GUT_90_5.txt,OUTPUT_SKIN6_90_5.txt,25,NA,NA,NA,NA,NA,NA
6018,INPUT_GUT_90_5.txt,OUTPUT_SKIN7_90_5.txt,25,NA,NA,NA,NA,NA,NA
6019,INPUT_GUT_90_5.txt,OUTPUT_SKIN8_90_5.txt,25,NA,NA,NA,NA,NA,NA
6020,INPUT_GUT_90_5.txt,OUTPUT_SKIN9_90_5.txt,25,NA,NA,NA,NA,NA,NA
6021,INPUT_L_90_5.txt,OUTPUT_BM1_90_5.txt,25,0.051531736,0.047177982,0.047137636,0.047166195,0.047169384,0.047170494
6022,INPUT_L_90_5.txt,OUTPUT_BM2_90_5.txt,25,0.340312548,0.318305576,0.31833101,0.31830782,0.318415975,0.318324865
6023,INPUT_L_90_5.txt,OUTPUT_GUT_90_5.txt,25,NA,NA,NA,NA,NA,NA
6024,INPUT_L_90_5.txt,OUTPUT_L_90_5.txt,25,-370774.5,-277997.5,-277997.5,-277997.5,-277997.5,-277997.5
6025,INPUT_L_90_5.txt,OUTPUT_LN1_90_5.txt,25,0.060287484,0.059464946,0.059464946,0.059464946,0.059464946,0.059464946
6026,INPUT_L_90_5.txt,OUTPUT_LN2_90_5.txt,25,0.039368291,0.027655226,0.027655226,0.027655226,0.027655226,0.027655226
6027,INPUT_L_90_5.txt,OUTPUT_LUNG_90_5.txt,25,0.180631835,0.180989997,0.180989997,0.180989997,0.180989997,0.180989997
6028,INPUT_L_90_5.txt,OUTPUT_S_90_5.txt,25,0.463085141,0.513005844,0.51282433,0.512865425,0.513091475,0.513249051
6029,INPUT_L_90_5.txt,OUTPUT_SKIN1_90_5.txt,25,0.126458865,0.122720182,0.122721348,0.122720182,0.122720182,0.122720182
6030,INPUT_L_90_5.txt,OUTPUT_SKIN10_90_5.txt,25,0.039315899,0.045230941,0.045230941,0.045230941,0.045230834,0.045230941
6031,INPUT_L_90_5.txt,OUTPUT_SKIN11_90_5.txt,25,0.191815533,0.226038287,0.226020685,0.226051519,0.225996407,0.226027369
6032,INPUT_L_90_5.txt,OUTPUT_SKIN12_90_5.txt,25,0.103408562,0.102698146,0.102687479,0.102704759,0.102698478,0.102696331
6033,INPUT_L_90_5.txt,OUTPUT_SKIN2_90_5.txt,25,0.114169307,0.120043287,0.12005521,0.12002199,0.120063287,0.120061012
6034,INPUT_L_90_5.txt,OUTPUT_SKIN3_90_5.txt,25,0.059772908,0.057942875,0.057942875,0.057942875,0.057942875,0.057942875
6035,INPUT_L_90_5.txt,OUTPUT_SKIN4_90_5.txt,25,0.134059833,0.122918918,0.122921466,0.122931915,0.12289955,0.122901589
6036,INPUT_L_90_5.txt,OUTPUT_SKIN5_90_5.txt,25,0.308510609,0.284455656,0.28413906,0.284046489,0.284550082,0.284297633
6037,INPUT_L_90_5.txt,OUTPUT_SKIN6_90_5.txt,25,0.297245873,0.285642483,0.285823356,0.285865732,0.285722365,0.285614546
6038,INPUT_L_90_5.txt,OUTPUT_SKIN7_90_5.txt,25,0.045225065,0.05087149,0.05087149,0.05087149,0.05087149,0.05087149
6039,INPUT_L_90_5.txt,OUTPUT_SKIN8_90_5.txt,25,0.456859037,0.444081073,0.444139447,0.444209414,0.444215158,0.443995022
6040,INPUT_L_90_5.txt,OUTPUT_SKIN9_90_5.txt,25,0.108800586,0.111440061,0.111418765,0.111344458,0.11141919,0.111359776
6041,INPUT_LN1_90_5.txt,OUTPUT_BM1_90_5.txt,25,0.034018498,0.03395436,0.033925325,0.033945878,0.033948173,0.033948971
6042,INPUT_LN1_90_5.txt,OUTPUT_BM2_90_5.txt,25,0.467812015,0.477939303,0.47797698,0.477942627,0.478096315,0.477964614
6043,INPUT_LN1_90_5.txt,OUTPUT_GUT_90_5.txt,25,NA,NA,NA,NA,NA,NA
6044,INPUT_LN1_90_5.txt,OUTPUT_L_90_5.txt,25,0.054834175,0.049325781,0.049325781,0.049325781,0.049325781,0.049325781
6045,INPUT_LN1_90_5.txt,OUTPUT_LN1_90_5.txt,25,-463271.5,-347248,-347248,-347248,-347248,-347248
6046,INPUT_LN1_90_5.txt,OUTPUT_LN2_90_5.txt,25,0.099318223,0.10686893,0.10686893,0.10686893,0.10686893,0.10686893
6047,INPUT_LN1_90_5.txt,OUTPUT_LUNG_90_5.txt,25,0.299124986,0.28711838,0.28711838,0.28711838,0.28711838,0.28711838
6048,INPUT_LN1_90_5.txt,OUTPUT_S_90_5.txt,25,0.49590246,0.647091459,0.646864841,0.646916148,0.647198366,0.647395095
6049,INPUT_LN1_90_5.txt,OUTPUT_SKIN1_90_5.txt,25,0.081374492,0.090043599,0.090043856,0.090043599,0.090043599,0.090043599
6050,INPUT_LN1_90_5.txt,OUTPUT_SKIN10_90_5.txt,25,0.03802337,0.030538324,0.030538324,0.030538324,0.030538304,0.030538324
6051,INPUT_LN1_90_5.txt,OUTPUT_SKIN11_90_5.txt,25,0.229911298,0.275569771,0.275550529,0.275573335,0.275510439,0.275548114
6052,INPUT_LN1_90_5.txt,OUTPUT_SKIN12_90_5.txt,25,0.155320979,0.200123629,0.200102152,0.200139099,0.200125121,0.200118687
6053,INPUT_LN1_90_5.txt,OUTPUT_SKIN2_90_5.txt,25,0.186323996,0.165262797,0.165322028,0.165265101,0.165358642,0.165371544
6054,INPUT_LN1_90_5.txt,OUTPUT_SKIN3_90_5.txt,25,0.169238332,0.164991786,0.164991786,0.164991786,0.164991786,0.164991786
6055,INPUT_LN1_90_5.txt,OUTPUT_SKIN4_90_5.txt,25,0.272684202,0.261516036,0.261521452,0.261543657,0.261474879,0.261479211
6056,INPUT_LN1_90_5.txt,OUTPUT_SKIN5_90_5.txt,25,1.422875212,1.233497023,1.2346108,1.234012612,1.233994478,1.233998624
6057,INPUT_LN1_90_5.txt,OUTPUT_SKIN6_90_5.txt,25,0.877919517,0.713627745,0.714061505,0.713269779,0.713802557,0.713521354
6058,INPUT_LN1_90_5.txt,OUTPUT_SKIN7_90_5.txt,25,0.071639078,0.066738216,0.066738216,0.066738216,0.066738216,0.066738216
6059,INPUT_LN1_90_5.txt,OUTPUT_SKIN8_90_5.txt,25,0.767686727,0.9872323,0.987417821,0.987529002,0.987562619,0.987073908
6060,INPUT_LN1_90_5.txt,OUTPUT_SKIN9_90_5.txt,25,0.27712036,0.296779028,0.297077264,0.296876622,0.296829492,0.296729509
6061,INPUT_LN2_90_5.txt,OUTPUT_BM1_90_5.txt,25,0.023801301,0.020339816,0.020322411,0.020334731,0.020336107,0.020336586
6062,INPUT_LN2_90_5.txt,OUTPUT_BM2_90_5.txt,25,0.238660705,0.166425095,0.166438509,0.166426279,0.166482138,0.166434678
6063,INPUT_LN2_90_5.txt,OUTPUT_GUT_90_5.txt,25,NA,NA,NA,NA,NA,NA
6064,INPUT_LN2_90_5.txt,OUTPUT_L_90_5.txt,25,0.062494015,0.060183463,0.060183463,0.060183463,0.060183463,0.060183463
6065,INPUT_LN2_90_5.txt,OUTPUT_LN1_90_5.txt,25,0.10913067,0.093476142,0.093476142,0.093476142,0.093476142,0.093476142
6066,INPUT_LN2_90_5.txt,OUTPUT_LN2_90_5.txt,25,-459845,-345151,-345151,-345151,-345151,-345151
6067,INPUT_LN2_90_5.txt,OUTPUT_LUNG_90_5.txt,25,0.240262462,0.227808252,0.227808252,0.227808252,0.227808252,0.227808252
6068,INPUT_LN2_90_5.txt,OUTPUT_S_90_5.txt,25,1.068357356,0.654055093,0.653820577,0.653873672,0.654165726,0.654369314
6069,INPUT_LN2_90_5.txt,OUTPUT_SKIN1_90_5.txt,25,0.352503382,0.328705874,0.328706695,0.328705874,0.328705874,0.328705874
6070,INPUT_LN2_90_5.txt,OUTPUT_SKIN10_90_5.txt,25,0.031579169,0.033838103,0.033838103,0.033838103,0.033838098,0.033838103
6071,INPUT_LN2_90_5.txt,OUTPUT_SKIN11_90_5.txt,25,0.231764867,0.202059761,0.202046936,0.202070232,0.202024848,0.20205166
6072,INPUT_LN2_90_5.txt,OUTPUT_SKIN12_90_5.txt,25,0.115102745,0.086174778,0.086165535,0.086180617,0.086174334,0.086172556
6073,INPUT_LN2_90_5.txt,OUTPUT_SKIN2_90_5.txt,25,0.110392972,0.102569989,0.10260658,0.102571358,0.102629176,0.102636933
6074,INPUT_LN2_90_5.txt,OUTPUT_SKIN3_90_5.txt,25,0.176311658,0.169147835,0.169147835,0.169147835,0.169147835,0.169147835
6075,INPUT_LN2_90_5.txt,OUTPUT_SKIN4_90_5.txt,25,0.165534259,0.153564311,0.1535675,0.153580577,0.153540072,0.153542623
6076,INPUT_LN2_90_5.txt,OUTPUT_SKIN5_90_5.txt,25,0.993965946,1.026168594,1.02732976,1.026556585,1.026786362,1.02661908
6077,INPUT_LN2_90_5.txt,OUTPUT_SKIN6_90_5.txt,25,0.598934786,0.449862357,0.45014298,0.449633048,0.449974671,0.44979341
6078,INPUT_LN2_90_5.txt,OUTPUT_SKIN7_90_5.txt,25,0.069593416,0.070177575,0.070177575,0.070177575,0.070177575,0.070177575
6079,INPUT_LN2_90_5.txt,OUTPUT_SKIN8_90_5.txt,25,0.690983788,1.095810824,1.095871237,1.096098214,1.096081057,1.095603667
6080,INPUT_LN2_90_5.txt,OUTPUT_SKIN9_90_5.txt,25,0.475095032,0.425228411,0.425665412,0.425368305,0.425301919,0.425152937
6081,INPUT_LUNG_90_5.txt,OUTPUT_BM1_90_5.txt,25,0.098515672,0.109563609,0.109469976,0.109536254,0.109543656,0.109546231
6082,INPUT_LUNG_90_5.txt,OUTPUT_BM2_90_5.txt,25,2.125886199,2.552174519,2.552364978,2.552191324,2.553059048,2.552347881
6083,INPUT_LUNG_90_5.txt,OUTPUT_GUT_90_5.txt,25,NA,NA,NA,NA,NA,NA
6084,INPUT_LUNG_90_5.txt,OUTPUT_L_90_5.txt,25,18.07962911,17.96098937,17.96098937,17.96098937,17.96098937,17.96098937
6085,INPUT_LUNG_90_5.txt,OUTPUT_LN1_90_5.txt,25,0.120505303,0.129278036,0.129278036,0.129278036,0.129278036,0.129278036
6086,INPUT_LUNG_90_5.txt,OUTPUT_LN2_90_5.txt,25,0.083029267,0.08053886,0.08053886,0.08053886,0.08053886,0.08053886
6087,INPUT_LUNG_90_5.txt,OUTPUT_LUNG_90_5.txt,25,-525101.5,-393902,-393902,-393902,-393902,-393902
6088,INPUT_LUNG_90_5.txt,OUTPUT_S_90_5.txt,25,3.819598623,3.925363124,3.924174701,3.924443774,3.925923719,3.926955243
6089,INPUT_LUNG_90_5.txt,OUTPUT_SKIN1_90_5.txt,25,0.462365677,0.555230293,0.555230259,0.555230293,0.555230293,0.555230293
6090,INPUT_LUNG_90_5.txt,OUTPUT_SKIN10_90_5.txt,25,0.123551209,0.106767917,0.106767917,0.106767917,0.106767917,0.106767917
6091,INPUT_LUNG_90_5.txt,OUTPUT_SKIN11_90_5.txt,25,0.504193531,0.502072207,0.502033448,0.502090938,0.501974396,0.502043347
6092,INPUT_LUNG_90_5.txt,OUTPUT_SKIN12_90_5.txt,25,0.369806562,0.397777012,0.397738348,0.397794103,0.397770355,0.397770956
6093,INPUT_LUNG_90_5.txt,OUTPUT_SKIN2_90_5.txt,25,0.140083974,0.173291911,0.173353856,0.173294257,0.17339215,0.173405242
6094,INPUT_LUNG_90_5.txt,OUTPUT_SKIN3_90_5.txt,25,0.102549159,0.103990837,0.103990837,0.103990837,0.103990837,0.103990837
6095,INPUT_LUNG_90_5.txt,OUTPUT_SKIN4_90_5.txt,25,0.482706889,0.588199139,0.588211251,0.588260909,0.588107096,0.588116785
6096,INPUT_LUNG_90_5.txt,OUTPUT_SKIN5_90_5.txt,25,1.93150969,2.075957053,2.077624439,2.076640858,2.076657307,2.076759275
6097,INPUT_LUNG_90_5.txt,OUTPUT_SKIN6_90_5.txt,25,1.796707961,1.566899224,1.567850754,1.566137518,1.567283164,1.566666876
6098,INPUT_LUNG_90_5.txt,OUTPUT_SKIN7_90_5.txt,25,0.137089591,0.135881246,0.135881246,0.135881246,0.135881246,0.135881246
6099,INPUT_LUNG_90_5.txt,OUTPUT_SKIN8_90_5.txt,25,0.849670157,0.939966614,0.94004702,0.9402369,0.94021539,0.939801006
6100,INPUT_LUNG_90_5.txt,OUTPUT_SKIN9_90_5.txt,25,0.724659456,0.611729887,0.612347761,0.611926064,0.611833551,0.611621531
6101,INPUT_S_90_5.txt,OUTPUT_BM1_90_5.txt,25,0.063445168,0.058262727,0.058223461,0.05825639,0.058247067,0.058239199
6102,INPUT_S_90_5.txt,OUTPUT_BM2_90_5.txt,25,0.571129936,0.399206529,0.399312073,0.399265912,0.399310571,0.399132091
6103,INPUT_S_90_5.txt,OUTPUT_GUT_90_5.txt,25,NA,NA,NA,NA,NA,NA
6104,INPUT_S_90_5.txt,OUTPUT_L_90_5.txt,25,0.057255318,0.062006509,0.062017854,0.062015285,0.062001158,0.061991316
6105,INPUT_S_90_5.txt,OUTPUT_LN1_90_5.txt,25,0.056818471,0.065924908,0.065936976,0.065934243,0.065919217,0.065908748
6106,INPUT_S_90_5.txt,OUTPUT_LN2_90_5.txt,25,0.069851298,0.07691773,0.076931813,0.076928624,0.076911088,0.076898871
6107,INPUT_S_90_5.txt,OUTPUT_LUNG_90_5.txt,25,0.343076287,0.299591041,0.299646356,0.29963383,0.299564955,0.299516971
6108,INPUT_S_90_5.txt,OUTPUT_S_90_5.txt,25,-193518,-145180,-145153.5,-145159.5,-145192.5,-145215.5
6109,INPUT_S_90_5.txt,OUTPUT_SKIN1_90_5.txt,25,0.19685336,0.188642674,0.188678979,0.188669542,0.188626295,0.188596165
6110,INPUT_S_90_5.txt,OUTPUT_SKIN10_90_5.txt,25,0.053243354,0.063471093,0.063482713,0.063480082,0.063465481,0.063455533
6111,INPUT_S_90_5.txt,OUTPUT_SKIN11_90_5.txt,25,0.276714748,0.265965898,0.266002062,0.266005526,0.265921565,0.265883142
6112,INPUT_S_90_5.txt,OUTPUT_SKIN12_90_5.txt,25,0.310540074,0.298513752,0.298552049,0.298562676,0.298486967,0.298443935
6113,INPUT_S_90_5.txt,OUTPUT_SKIN2_90_5.txt,25,0.232809667,0.326074434,0.326171915,0.326111276,0.326104984,0.326059457
6114,INPUT_S_90_5.txt,OUTPUT_SKIN3_90_5.txt,25,0.140187396,0.13411474,0.134139377,0.134133798,0.134103121,0.134081748
6115,INPUT_S_90_5.txt,OUTPUT_SKIN4_90_5.txt,25,0.248952091,0.211197749,0.211239208,0.211240948,0.211159864,0.211128191
6116,INPUT_S_90_5.txt,OUTPUT_SKIN5_90_5.txt,25,0.345142695,0.328017772,0.328098182,0.32808066,0.32799131,0.327960107
6117,INPUT_S_90_5.txt,OUTPUT_SKIN6_90_5.txt,25,0.959165414,0.916706789,0.917273017,0.917352012,0.916680585,0.916384153
6118,INPUT_S_90_5.txt,OUTPUT_SKIN7_90_5.txt,25,0.13542009,0.147790917,0.147818086,0.147811933,0.147778105,0.147754536
6119,INPUT_S_90_5.txt,OUTPUT_SKIN8_90_5.txt,25,0.349023269,0.335128654,0.335191874,0.335171752,0.335082338,0.335061178
6120,INPUT_S_90_5.txt,OUTPUT_SKIN9_90_5.txt,25,0.313827139,0.292821717,0.292921207,0.292797545,0.29278895,0.292666583
6121,INPUT_SKIN1_90_5.txt,OUTPUT_BM1_90_5.txt,25,0.023835491,0.026966673,0.026943652,0.026959947,0.026961767,0.0269624
6122,INPUT_SKIN1_90_5.txt,OUTPUT_BM2_90_5.txt,25,0.353575535,0.365571586,0.365599949,0.365574089,0.365667095,0.365579297
6123,INPUT_SKIN1_90_5.txt,OUTPUT_GUT_90_5.txt,25,NA,NA,NA,NA,NA,NA
6124,INPUT_SKIN1_90_5.txt,OUTPUT_L_90_5.txt,25,0.052214286,0.049468051,0.049468051,0.049468051,0.049468051,0.049468051
6125,INPUT_SKIN1_90_5.txt,OUTPUT_LN1_90_5.txt,25,0.016357227,0.020510603,0.020510603,0.020510603,0.020510603,0.020510603
6126,INPUT_SKIN1_90_5.txt,OUTPUT_LN2_90_5.txt,25,0.052829995,0.065520183,0.065520183,0.065520183,0.065520183,0.065520183
6127,INPUT_SKIN1_90_5.txt,OUTPUT_LUNG_90_5.txt,25,0.289918191,0.303507738,0.303507733,0.303507738,0.303507738,0.303507738
6128,INPUT_SKIN1_90_5.txt,OUTPUT_S_90_5.txt,25,1.172590832,1.097204163,1.096893132,1.096963577,1.097350863,1.097620794
6129,INPUT_SKIN1_90_5.txt,OUTPUT_SKIN1_90_5.txt,25,-506821.5,-380356,-380356,-380356,-380356,-380356
6130,INPUT_SKIN1_90_5.txt,OUTPUT_SKIN10_90_5.txt,25,0.099331126,0.086402346,0.086402345,0.086402346,0.086402346,0.086402346
6131,INPUT_SKIN1_90_5.txt,OUTPUT_SKIN11_90_5.txt,25,0.448593211,0.409506305,0.409474704,0.409527293,0.409431873,0.409491881
6132,INPUT_SKIN1_90_5.txt,OUTPUT_SKIN12_90_5.txt,25,0.255368264,0.214433045,0.214412386,0.214441967,0.214429506,0.214429572
6133,INPUT_SKIN1_90_5.txt,OUTPUT_SKIN2_90_5.txt,25,0.288851892,0.277606224,0.277706065,0.277610329,0.277768059,0.277789307
6134,INPUT_SKIN1_90_5.txt,OUTPUT_SKIN3_90_5.txt,25,7.410877698,7.080881076,7.080882202,7.080881076,7.080881076,7.080881076
6135,INPUT_SKIN1_90_5.txt,OUTPUT_SKIN4_90_5.txt,25,0.571603323,0.519871929,0.519882756,0.519927089,0.519789736,0.519798388
6136,INPUT_SKIN1_90_5.txt,OUTPUT_SKIN5_90_5.txt,25,1.851125882,1.791354284,1.792900163,1.792023568,1.791995842,1.792096614
6137,INPUT_SKIN1_90_5.txt,OUTPUT_SKIN6_90_5.txt,25,1.609507143,1.388829659,1.38962195,1.388137215,1.389160293,1.388636848
6138,INPUT_SKIN1_90_5.txt,OUTPUT_SKIN7_90_5.txt,25,0.071164412,0.061676286,0.061676286,0.061676286,0.061676286,0.061676286
6139,INPUT_SKIN1_90_5.txt,OUTPUT_SKIN8_90_5.txt,25,1.415297684,1.319420007,1.31951237,1.319783944,1.319762399,1.319192249
6140,INPUT_SKIN1_90_5.txt,OUTPUT_SKIN9_90_5.txt,25,0.533139519,0.494707014,0.495203863,0.494869962,0.494790703,0.494625028
6141,INPUT_SKIN10_90_5.txt,OUTPUT_BM1_90_5.txt,25,0.074758681,0.078344025,0.078277312,0.078324534,0.078329809,0.078331643
6142,INPUT_SKIN10_90_5.txt,OUTPUT_BM2_90_5.txt,25,0.566618531,0.516902315,0.516941545,0.516905776,0.517084585,0.516938061
6143,INPUT_SKIN10_90_5.txt,OUTPUT_GUT_90_5.txt,25,NA,NA,NA,NA,NA,NA
6144,INPUT_SKIN10_90_5.txt,OUTPUT_L_90_5.txt,25,37.60467303,35.39721962,35.39721962,35.39721962,35.39721895,35.39721962
6145,INPUT_SKIN10_90_5.txt,OUTPUT_LN1_90_5.txt,25,0.150457004,0.125960665,0.125960665,0.125960665,0.125960664,0.125960665
6146,INPUT_SKIN10_90_5.txt,OUTPUT_LN2_90_5.txt,25,0.049012886,0.031214679,0.031214679,0.031214679,0.031214679,0.031214679
6147,INPUT_SKIN10_90_5.txt,OUTPUT_LUNG_90_5.txt,25,0.28072542,0.257843656,0.257843656,0.257843656,0.257843657,0.257843656
6148,INPUT_SKIN10_90_5.txt,OUTPUT_S_90_5.txt,25,0.532280132,0.509995114,0.509822529,0.509861603,0.510076532,0.510226347
6149,INPUT_SKIN10_90_5.txt,OUTPUT_SKIN1_90_5.txt,25,0.073550194,0.198373885,0.198373883,0.198373885,0.198373884,0.198373885
6150,INPUT_SKIN10_90_5.txt,OUTPUT_SKIN10_90_5.txt,25,-545679,-408847.5,-408847.5,-408847.5,-408847.5,-408847.5
6151,INPUT_SKIN10_90_5.txt,OUTPUT_SKIN11_90_5.txt,25,0.397830568,0.4246217,0.424593458,0.424651356,0.424554228,0.42460681
6152,INPUT_SKIN10_90_5.txt,OUTPUT_SKIN12_90_5.txt,25,0.188064859,0.181619736,0.181600514,0.181634426,0.181620211,0.181613951
6153,INPUT_SKIN10_90_5.txt,OUTPUT_SKIN2_90_5.txt,25,0.182377574,0.166299529,0.166358465,0.166301575,0.166394686,0.166407075
6154,INPUT_SKIN10_90_5.txt,OUTPUT_SKIN3_90_5.txt,25,0.060006241,0.060029522,0.060029522,0.060029522,0.060029522,0.060029522
6155,INPUT_SKIN10_90_5.txt,OUTPUT_SKIN4_90_5.txt,25,0.286225834,0.225020137,0.225024816,0.225044,0.224984576,0.224988321
6156,INPUT_SKIN10_90_5.txt,OUTPUT_SKIN5_90_5.txt,25,2.408025285,2.43374149,2.436433228,2.43465498,2.435166811,2.434791059
6157,INPUT_SKIN10_90_5.txt,OUTPUT_SKIN6_90_5.txt,25,0.802533236,0.669905308,0.670305158,0.669573182,0.670067504,0.669807433
6158,INPUT_SKIN10_90_5.txt,OUTPUT_SKIN7_90_5.txt,25,0.117788426,0.11858873,0.11858873,0.11858873,0.118588729,0.11858873
6159,INPUT_SKIN10_90_5.txt,OUTPUT_SKIN8_90_5.txt,25,1.069600306,1.134634546,1.134717866,1.134953451,1.134932031,1.13442438
6160,INPUT_SKIN10_90_5.txt,OUTPUT_SKIN9_90_5.txt,25,0.269731823,0.257989572,0.258248222,0.258073359,0.258033136,0.257945842
6161,INPUT_SKIN11_90_5.txt,OUTPUT_BM1_90_5.txt,25,0.023822336,0.024005889,0.023986229,0.023999222,0.024003479,0.024002301
6162,INPUT_SKIN11_90_5.txt,OUTPUT_BM2_90_5.txt,25,0.702262482,0.642968452,0.643038619,0.642954412,0.643240807,0.643017359
6163,INPUT_SKIN11_90_5.txt,OUTPUT_GUT_90_5.txt,25,NA,NA,NA,NA,NA,NA
6164,INPUT_SKIN11_90_5.txt,OUTPUT_L_90_5.txt,25,33.41860118,31.55851555,31.55974573,31.55720182,31.5614754,31.55920039
6165,INPUT_SKIN11_90_5.txt,OUTPUT_LN1_90_5.txt,25,0.130335491,0.11717826,0.117182413,0.117174959,0.117187843,0.117179326
6166,INPUT_SKIN11_90_5.txt,OUTPUT_LN2_90_5.txt,25,0.043273592,0.049801011,0.049802773,0.049799609,0.049805079,0.049801472
6167,INPUT_SKIN11_90_5.txt,OUTPUT_LUNG_90_5.txt,25,0.401112006,0.479627175,0.479643441,0.479613079,0.479665771,0.479631808
6168,INPUT_SKIN11_90_5.txt,OUTPUT_S_90_5.txt,25,0.935564039,0.862032876,0.86179353,0.861799563,0.86223105,0.862402575
6169,INPUT_SKIN11_90_5.txt,OUTPUT_SKIN1_90_5.txt,25,0.208377106,0.137626067,0.137631963,0.137622169,0.137637242,0.137627512
6170,INPUT_SKIN11_90_5.txt,OUTPUT_SKIN10_90_5.txt,25,0.320584308,0.247791252,0.247800031,0.247784292,0.247809033,0.247793502
6171,INPUT_SKIN11_90_5.txt,OUTPUT_SKIN11_90_5.txt,25,-734226,-551015.5,-550996,-551031,-550970.5,-551010.5
6172,INPUT_SKIN11_90_5.txt,OUTPUT_SKIN12_90_5.txt,25,0.276973234,0.523952554,0.523919464,0.523960474,0.524003972,0.523966724
6173,INPUT_SKIN11_90_5.txt,OUTPUT_SKIN2_90_5.txt,25,0.39606783,0.325808529,0.32593391,0.325802564,0.326018533,0.326021034
6174,INPUT_SKIN11_90_5.txt,OUTPUT_SKIN3_90_5.txt,25,0.670877508,0.547439996,0.547453869,0.547424602,0.547479317,0.547487736
6175,INPUT_SKIN11_90_5.txt,OUTPUT_SKIN4_90_5.txt,25,0.786515103,0.891788245,0.891838174,0.891857841,0.891720271,0.891669852
6176,INPUT_SKIN11_90_5.txt,OUTPUT_SKIN5_90_5.txt,25,6.200362485,8.176379475,8.187577575,8.179145141,8.184007494,8.17957756
6177,INPUT_SKIN11_90_5.txt,OUTPUT_SKIN6_90_5.txt,25,1.515241647,1.55743064,1.558383566,1.55662054,1.557932867,1.557227308
6178,INPUT_SKIN11_90_5.txt,OUTPUT_SKIN7_90_5.txt,25,0.210454222,0.18709413,0.187100338,0.187088864,0.18710901,0.187099118
6179,INPUT_SKIN11_90_5.txt,OUTPUT_SKIN8_90_5.txt,25,2.60084201,3.017314297,3.017665744,3.018111161,3.018334857,3.01679521
6180,INPUT_SKIN11_90_5.txt,OUTPUT_SKIN9_90_5.txt,25,0.571685305,0.42654566,0.426987133,0.426670788,0.426652168,0.426476514
6181,INPUT_SKIN12_90_5.txt,OUTPUT_BM1_90_5.txt,25,0.022011527,0.020112667,0.020096445,0.020107217,0.02010917,0.020109629
6182,INPUT_SKIN12_90_5.txt,OUTPUT_BM2_90_5.txt,25,0.119338823,0.15143223,0.151451558,0.15143006,0.151489394,0.151444345
6183,INPUT_SKIN12_90_5.txt,OUTPUT_GUT_90_5.txt,25,NA,NA,NA,NA,NA,NA
6184,INPUT_SKIN12_90_5.txt,OUTPUT_L_90_5.txt,25,11.12324896,10.70600538,10.70657514,10.70669767,10.70612322,10.70702517
6185,INPUT_SKIN12_90_5.txt,OUTPUT_LN1_90_5.txt,25,0.019486475,0.024237244,0.024238411,0.024236728,0.024237444,0.024237428
6186,INPUT_SKIN12_90_5.txt,OUTPUT_LN2_90_5.txt,25,0.022496979,0.027936745,0.027938089,0.02793615,0.027936975,0.027936956
6187,INPUT_SKIN12_90_5.txt,OUTPUT_LUNG_90_5.txt,25,0.177526376,0.202644102,0.202653869,0.202639766,0.202645768,0.202645643
6188,INPUT_SKIN12_90_5.txt,OUTPUT_S_90_5.txt,25,0.301751728,0.38693127,0.386817592,0.386820616,0.386996897,0.387111524
6189,INPUT_SKIN12_90_5.txt,OUTPUT_SKIN1_90_5.txt,25,0.206713507,0.214867038,0.214877324,0.214862487,0.214868803,0.214868658
6190,INPUT_SKIN12_90_5.txt,OUTPUT_SKIN10_90_5.txt,25,0.063554716,0.062817986,0.062821006,0.06281665,0.062818504,0.062818461
6191,INPUT_SKIN12_90_5.txt,OUTPUT_SKIN11_90_5.txt,25,0.346915755,0.388360914,0.388352237,0.38836319,0.388289733,0.38834365
6192,INPUT_SKIN12_90_5.txt,OUTPUT_SKIN12_90_5.txt,25,-970246,-727499.5,-727464.5,-727515,-727493.5,-727494
6193,INPUT_SKIN12_90_5.txt,OUTPUT_SKIN2_90_5.txt,25,0.213073078,0.199178525,0.199258176,0.199177104,0.199293822,0.199308562
6194,INPUT_SKIN12_90_5.txt,OUTPUT_SKIN3_90_5.txt,25,0.630470568,0.649207874,0.649238903,0.649194247,0.649213241,0.649212758
6195,INPUT_SKIN12_90_5.txt,OUTPUT_SKIN4_90_5.txt,25,0.493656242,0.492389535,0.492423136,0.492431321,0.492316046,0.492323832
6196,INPUT_SKIN12_90_5.txt,OUTPUT_SKIN5_90_5.txt,25,1.00104751,1.02795586,1.029330468,1.028337222,1.028796478,1.028365749
6197,INPUT_SKIN12_90_5.txt,OUTPUT_SKIN6_90_5.txt,25,0.538718618,0.605984439,0.60637305,0.605674069,0.606135269,0.605901166
6198,INPUT_SKIN12_90_5.txt,OUTPUT_SKIN7_90_5.txt,25,0.066726718,0.072506197,0.072509684,0.072504654,0.072506795,0.072506745
6199,INPUT_SKIN12_90_5.txt,OUTPUT_SKIN8_90_5.txt,25,0.613319937,0.708824815,0.708917949,0.709019865,0.70902305,0.708721773
6200,INPUT_SKIN12_90_5.txt,OUTPUT_SKIN9_90_5.txt,25,0.128253063,0.156169218,0.156333232,0.156216461,0.15619687,0.156143801
6201,INPUT_SKIN2_90_5.txt,OUTPUT_BM1_90_5.txt,25,0.019714517,0.019231591,0.019211745,0.019226668,0.019222588,0.019222324
6202,INPUT_SKIN2_90_5.txt,OUTPUT_BM2_90_5.txt,25,10.52905123,9.42693538,9.424990295,9.426875183,9.423387566,9.42349828
6203,INPUT_SKIN2_90_5.txt,OUTPUT_GUT_90_5.txt,25,NA,NA,NA,NA,NA,NA
6204,INPUT_SKIN2_90_5.txt,OUTPUT_L_90_5.txt,25,14.86665561,13.36955473,13.36640767,13.36939137,13.36482822,13.36409359
6205,INPUT_SKIN2_90_5.txt,OUTPUT_LN1_90_5.txt,25,0.024472034,0.044346726,0.044338874,0.044346455,0.04433405,0.044332401
6206,INPUT_SKIN2_90_5.txt,OUTPUT_LN2_90_5.txt,25,0.012463476,0.186841412,0.186808278,0.186840252,0.18678793,0.186780966
6207,INPUT_SKIN2_90_5.txt,OUTPUT_LUNG_90_5.txt,25,0.190197667,0.196367484,0.196332628,0.196366266,0.196311221,0.196303894
6208,INPUT_SKIN2_90_5.txt,OUTPUT_S_90_5.txt,25,0.112967077,0.136660945,0.136587755,0.136622215,0.136644934,0.136682344
6209,INPUT_SKIN2_90_5.txt,OUTPUT_SKIN1_90_5.txt,25,0.136672468,0.25770368,0.257658161,0.257702081,0.257630155,0.257620595
6210,INPUT_SKIN2_90_5.txt,OUTPUT_SKIN10_90_5.txt,25,0.043084663,0.019175821,0.019172425,0.019175701,0.019170339,0.019169625
6211,INPUT_SKIN2_90_5.txt,OUTPUT_SKIN11_90_5.txt,25,0.139652951,0.189691756,0.189643529,0.189681821,0.189584085,0.189603266
6212,INPUT_SKIN2_90_5.txt,OUTPUT_SKIN12_90_5.txt,25,0.150104977,0.15311296,0.153070936,0.153118623,0.153066595,0.153061051
6213,INPUT_SKIN2_90_5.txt,OUTPUT_SKIN2_90_5.txt,25,-1395067.5,-1047319.5,-1047505,-1047326,-1047619,-1047658
6214,INPUT_SKIN2_90_5.txt,OUTPUT_SKIN3_90_5.txt,25,0.160512596,0.135515704,0.135491662,0.135514849,0.135476933,0.135471871
6215,INPUT_SKIN2_90_5.txt,OUTPUT_SKIN4_90_5.txt,25,1.108159441,1.009303848,1.009145795,1.009403258,1.008855929,1.008834818
6216,INPUT_SKIN2_90_5.txt,OUTPUT_SKIN5_90_5.txt,25,1.11727259,0.913732501,0.914328311,0.914049347,0.913807287,0.913788661
6217,INPUT_SKIN2_90_5.txt,OUTPUT_SKIN6_90_5.txt,25,0.462068639,0.544396286,0.544624403,0.544123549,0.54437167,0.544140727
6218,INPUT_SKIN2_90_5.txt,OUTPUT_SKIN7_90_5.txt,25,0.087099116,0.076801781,0.076788178,0.076801306,0.076779823,0.076776964
6219,INPUT_SKIN2_90_5.txt,OUTPUT_SKIN8_90_5.txt,25,0.428419922,0.501638689,0.501589719,0.501777462,0.5016295,0.501394428
6220,INPUT_SKIN2_90_5.txt,OUTPUT_SKIN9_90_5.txt,25,0.057434936,0.065890877,0.06594546,0.065912048,0.065883234,0.065858508
6221,INPUT_SKIN3_90_5.txt,OUTPUT_BM1_90_5.txt,25,0.044647788,0.038968366,0.038937876,0.038959452,0.038961871,0.038962709
6222,INPUT_SKIN3_90_5.txt,OUTPUT_BM2_90_5.txt,25,0.188494924,0.18738506,0.187389308,0.187385435,0.187401233,0.187387151
6223,INPUT_SKIN3_90_5.txt,OUTPUT_GUT_90_5.txt,25,NA,NA,NA,NA,NA,NA
6224,INPUT_SKIN3_90_5.txt,OUTPUT_L_90_5.txt,25,0.082999395,0.083558043,0.083558043,0.083558043,0.083558043,0.083558043
6225,INPUT_SKIN3_90_5.txt,OUTPUT_LN1_90_5.txt,25,0.090755546,0.110704528,0.110704528,0.110704528,0.110704528,0.110704528
6226,INPUT_SKIN3_90_5.txt,OUTPUT_LN2_90_5.txt,25,0.152859985,0.152252704,0.152252704,0.152252704,0.152252704,0.152252704
6227,INPUT_SKIN3_90_5.txt,OUTPUT_LUNG_90_5.txt,25,0.381181546,0.339387469,0.339387469,0.339387469,0.339387469,0.339387469
6228,INPUT_SKIN3_90_5.txt,OUTPUT_S_90_5.txt,25,0.197621338,0.203343602,0.20333374,0.203335974,0.203348252,0.203356804
6229,INPUT_SKIN3_90_5.txt,OUTPUT_SKIN1_90_5.txt,25,0.381780514,0.383451629,0.383455193,0.383451629,0.383451629,0.383451629
6230,INPUT_SKIN3_90_5.txt,OUTPUT_SKIN10_90_5.txt,25,0.136641802,0.134765237,0.134765237,0.134765237,0.134764927,0.134765237
6231,INPUT_SKIN3_90_5.txt,OUTPUT_SKIN11_90_5.txt,25,0.650799131,0.670821696,0.670773891,0.670856897,0.670730644,0.67077584
6232,INPUT_SKIN3_90_5.txt,OUTPUT_SKIN12_90_5.txt,25,0.507945183,0.467892799,0.467843293,0.467930841,0.467898556,0.467884454
6233,INPUT_SKIN3_90_5.txt,OUTPUT_SKIN2_90_5.txt,25,0.629258269,0.600122351,0.600332659,0.600128834,0.600462058,0.60050968
6234,INPUT_SKIN3_90_5.txt,OUTPUT_SKIN3_90_5.txt,25,-193961.5,-145167,-145167,-145167,-145167,-145167
6235,INPUT_SKIN3_90_5.txt,OUTPUT_SKIN4_90_5.txt,25,0.426467413,0.439782595,0.439791724,0.439829154,0.439713217,0.43972052
6236,INPUT_SKIN3_90_5.txt,OUTPUT_SKIN5_90_5.txt,25,2.092989434,2.055773691,2.058190182,2.056387415,2.056897731,2.056856313
6237,INPUT_SKIN3_90_5.txt,OUTPUT_SKIN6_90_5.txt,25,0.910194672,1.03024014,1.030076369,1.029731937,1.030288578,1.030286039
6238,INPUT_SKIN3_90_5.txt,OUTPUT_SKIN7_90_5.txt,25,0.256637583,0.223555352,0.223555352,0.223555352,0.223555352,0.223555352
6239,INPUT_SKIN3_90_5.txt,OUTPUT_SKIN8_90_5.txt,25,1.735280568,1.822722625,1.822996202,1.823265043,1.823287851,1.822384907
6240,INPUT_SKIN3_90_5.txt,OUTPUT_SKIN9_90_5.txt,25,0.29789237,0.33747495,0.337812382,0.337581829,0.337531701,0.337416527
6241,INPUT_SKIN4_90_5.txt,OUTPUT_BM1_90_5.txt,25,0.014249089,0.013727603,0.013715715,0.013723443,0.013726186,0.013726395
6242,INPUT_SKIN4_90_5.txt,OUTPUT_BM2_90_5.txt,25,0.07782048,0.467095339,0.467128122,0.467073701,0.467270272,0.467144294
6243,INPUT_SKIN4_90_5.txt,OUTPUT_GUT_90_5.txt,25,NA,NA,NA,NA,NA,NA
6244,INPUT_SKIN4_90_5.txt,OUTPUT_L_90_5.txt,25,0.024633139,0.022961903,0.022961663,0.022960683,0.02296372,0.022963528
6245,INPUT_SKIN4_90_5.txt,OUTPUT_LN1_90_5.txt,25,0.02365625,0.0281837,0.028183406,0.028182203,0.02818593,0.028185695
6246,INPUT_SKIN4_90_5.txt,OUTPUT_LN2_90_5.txt,25,0.025945885,0.027786427,0.027786138,0.027784952,0.027788626,0.027788395
6247,INPUT_SKIN4_90_5.txt,OUTPUT_LUNG_90_5.txt,25,0.200541356,0.178624542,0.178622678,0.178615035,0.178638712,0.17863722
6248,INPUT_SKIN4_90_5.txt,OUTPUT_S_90_5.txt,25,0.314557137,0.364506106,0.364372858,0.364386537,0.364596149,0.364705474
6249,INPUT_SKIN4_90_5.txt,OUTPUT_SKIN1_90_5.txt,25,0.100520406,0.073300071,0.07329931,0.073296181,0.07330587,0.073305259
6250,INPUT_SKIN4_90_5.txt,OUTPUT_SKIN10_90_5.txt,25,0.040711666,0.039308456,0.039308047,0.039306369,0.039311566,0.039311239
6251,INPUT_SKIN4_90_5.txt,OUTPUT_SKIN11_90_5.txt,25,0.285722997,0.247036474,0.247017891,0.247032101,0.247009208,0.247037916
6252,INPUT_SKIN4_90_5.txt,OUTPUT_SKIN12_90_5.txt,25,0.172419188,0.13915483,0.139138205,0.13916026,0.139167104,0.139159288
6253,INPUT_SKIN4_90_5.txt,OUTPUT_SKIN2_90_5.txt,25,0.265856024,0.208443144,0.208514066,0.208435524,0.208578769,0.208592765
6254,INPUT_SKIN4_90_5.txt,OUTPUT_SKIN3_90_5.txt,25,0.073193981,0.06079431,0.060793677,0.060791082,0.060799121,0.060798614
6255,INPUT_SKIN4_90_5.txt,OUTPUT_SKIN4_90_5.txt,25,-640233.5,-480381.5,-480386.5,-480407,-480343.5,-480347.5
6256,INPUT_SKIN4_90_5.txt,OUTPUT_SKIN5_90_5.txt,25,0.971875409,0.898117753,0.898909755,0.898402763,0.898514139,0.898578163
6257,INPUT_SKIN4_90_5.txt,OUTPUT_SKIN6_90_5.txt,25,0.544144678,0.49157821,0.491869831,0.491307731,0.49173619,0.491540275
6258,INPUT_SKIN4_90_5.txt,OUTPUT_SKIN7_90_5.txt,25,0.072876938,0.091360034,0.091359082,0.091355181,0.091367265,0.091366504
6259,INPUT_SKIN4_90_5.txt,OUTPUT_SKIN8_90_5.txt,25,0.581775942,0.664800464,0.664852112,0.66496431,0.665035198,0.664723577
6260,INPUT_SKIN4_90_5.txt,OUTPUT_SKIN9_90_5.txt,25,0.159814557,0.157936574,0.158093527,0.157979601,0.15797582,0.157921
6261,INPUT_SKIN5_90_5.txt,OUTPUT_BM1_90_5.txt,25,0.005073379,0.003346072,0.003341793,0.003344623,0.003344918,0.003344798
6262,INPUT_SKIN5_90_5.txt,OUTPUT_BM2_90_5.txt,25,0.312473923,0.30857362,0.30843271,0.308516947,0.308526951,0.308508026
6263,INPUT_SKIN5_90_5.txt,OUTPUT_GUT_90_5.txt,25,NA,NA,NA,NA,NA,NA
6264,INPUT_SKIN5_90_5.txt,OUTPUT_L_90_5.txt,25,0.019540593,0.017492269,0.017484788,0.017489044,0.017489412,0.017488373
6265,INPUT_SKIN5_90_5.txt,OUTPUT_LN1_90_5.txt,25,0.006910294,0.009009039,0.009005187,0.009007378,0.009007568,0.009007032
6266,INPUT_SKIN5_90_5.txt,OUTPUT_LN2_90_5.txt,25,0.099270264,0.083010561,0.082975044,0.082995263,0.082996989,0.082992065
6267,INPUT_SKIN5_90_5.txt,OUTPUT_LUNG_90_5.txt,25,0.08024406,0.073488192,0.073456746,0.073474647,0.073476176,0.073471815
6268,INPUT_SKIN5_90_5.txt,OUTPUT_S_90_5.txt,25,0.235211018,0.242656408,0.242530778,0.242594941,0.242626999,0.242631711
6269,INPUT_SKIN5_90_5.txt,OUTPUT_SKIN1_90_5.txt,25,0.074312679,0.072219902,0.072189014,0.072206597,0.072208098,0.07220381
6270,INPUT_SKIN5_90_5.txt,OUTPUT_SKIN10_90_5.txt,25,0.037170537,0.027445192,0.027433453,0.027440132,0.027440708,0.027439077
6271,INPUT_SKIN5_90_5.txt,OUTPUT_SKIN11_90_5.txt,25,0.208438034,0.191009702,0.19091649,0.190986515,0.190949393,0.190960719
6272,INPUT_SKIN5_90_5.txt,OUTPUT_SKIN12_90_5.txt,25,0.122386317,0.108062091,0.108003909,0.10805215,0.10804535,0.10803378
6273,INPUT_SKIN5_90_5.txt,OUTPUT_SKIN2_90_5.txt,25,0.22529725,0.240023739,0.240006836,0.239982809,0.240123417,0.240127406
6274,INPUT_SKIN5_90_5.txt,OUTPUT_SKIN3_90_5.txt,25,0.037179572,0.039422092,0.03940523,0.039414823,0.039415653,0.039413312
6275,INPUT_SKIN5_90_5.txt,OUTPUT_SKIN4_90_5.txt,25,0.113179904,0.099971263,0.09993057,0.099963447,0.0999391,0.099934831
6276,INPUT_SKIN5_90_5.txt,OUTPUT_SKIN5_90_5.txt,25,-1233076,-924566.5,-924962,-924737,-924717.5,-924772.5
6277,INPUT_SKIN5_90_5.txt,OUTPUT_SKIN6_90_5.txt,25,0.267262253,0.201400168,0.201415798,0.20126327,0.201412135,0.201330781
6278,INPUT_SKIN5_90_5.txt,OUTPUT_SKIN7_90_5.txt,25,0.041184432,0.048463037,0.048442309,0.048454106,0.048455118,0.048452241
6279,INPUT_SKIN5_90_5.txt,OUTPUT_SKIN8_90_5.txt,25,1.606322491,1.614725065,1.614087151,1.614795081,1.614830565,1.614060133
6280,INPUT_SKIN5_90_5.txt,OUTPUT_SKIN9_90_5.txt,25,0.12949585,0.110281683,0.110345394,0.11029751,0.110282353,0.110238556
6281,INPUT_SKIN6_90_5.txt,OUTPUT_BM1_90_5.txt,25,0.069380924,0.059339391,0.05927088,0.059339278,0.059321567,0.059334369
6282,INPUT_SKIN6_90_5.txt,OUTPUT_BM2_90_5.txt,25,1.306177838,1.309079505,1.308829174,1.309420243,1.309417254,1.309260475
6283,INPUT_SKIN6_90_5.txt,OUTPUT_GUT_90_5.txt,25,NA,NA,NA,NA,NA,NA
6284,INPUT_SKIN6_90_5.txt,OUTPUT_L_90_5.txt,25,8.447284143,8.318452673,8.317802441,8.320735834,8.319445528,8.319010018
6285,INPUT_SKIN6_90_5.txt,OUTPUT_LN1_90_5.txt,25,0.073302257,0.069004461,0.068983646,0.069021557,0.068996174,0.069009593
6286,INPUT_SKIN6_90_5.txt,OUTPUT_LN2_90_5.txt,25,0.045147368,0.031961684,0.031952021,0.03196961,0.031957818,0.031964061
6287,INPUT_SKIN6_90_5.txt,OUTPUT_LUNG_90_5.txt,25,0.214899574,0.23127274,0.23120297,0.231330223,0.231244962,0.231289949
6288,INPUT_SKIN6_90_5.txt,OUTPUT_S_90_5.txt,25,0.776779002,0.558031095,0.557670661,0.558016033,0.558059157,0.558338089
6289,INPUT_SKIN6_90_5.txt,OUTPUT_SKIN1_90_5.txt,25,0.345434198,0.259452788,0.259377657,0.259516942,0.259422204,0.259472121
6290,INPUT_SKIN6_90_5.txt,OUTPUT_SKIN10_90_5.txt,25,0.0568045,0.041695034,0.041682438,0.041705372,0.041689956,0.041698135
6291,INPUT_SKIN6_90_5.txt,OUTPUT_SKIN11_90_5.txt,25,0.413910204,0.380371823,0.380227187,0.38047443,0.380243342,0.380369235
6292,INPUT_SKIN6_90_5.txt,OUTPUT_SKIN12_90_5.txt,25,0.13293922,0.164608643,0.164542951,0.164656611,0.164587375,0.164619575
6293,INPUT_SKIN6_90_5.txt,OUTPUT_SKIN2_90_5.txt,25,0.225588456,0.215471587,0.215482722,0.21552749,0.215568718,0.21562747
6294,INPUT_SKIN6_90_5.txt,OUTPUT_SKIN3_90_5.txt,25,0.143706263,0.133107046,0.133066709,0.133140059,0.13309092,0.13311697
6295,INPUT_SKIN6_90_5.txt,OUTPUT_SKIN4_90_5.txt,25,0.440625748,0.433970091,0.433847211,0.434123672,0.43384919,0.433941491
6296,INPUT_SKIN6_90_5.txt,OUTPUT_SKIN5_90_5.txt,25,2.89263611,3.022402184,3.024207774,3.024220589,3.023490378,3.02365417
6297,INPUT_SKIN6_90_5.txt,OUTPUT_SKIN6_90_5.txt,25,-672481,-504322,-504474.5,-504197,-504383,-504284.5
6298,INPUT_SKIN6_90_5.txt,OUTPUT_SKIN7_90_5.txt,25,0.098409883,0.080757586,0.080733175,0.080777599,0.080747849,0.080763598
6299,INPUT_SKIN6_90_5.txt,OUTPUT_SKIN8_90_5.txt,25,1.221133591,1.413988185,1.413670207,1.414719638,1.414186374,1.413883673
6300,INPUT_SKIN6_90_5.txt,OUTPUT_SKIN9_90_5.txt,25,0.213278613,0.198421999,0.198561378,0.198535832,0.198431913,0.198403274
6301,INPUT_SKIN7_90_5.txt,OUTPUT_BM1_90_5.txt,25,0.019462355,0.017897373,0.017882141,0.017892923,0.017894128,0.017894546
6302,INPUT_SKIN7_90_5.txt,OUTPUT_BM2_90_5.txt,25,0.233885262,0.219410828,0.219426423,0.219412204,0.219472674,0.219419735
6303,INPUT_SKIN7_90_5.txt,OUTPUT_GUT_90_5.txt,25,NA,NA,NA,NA,NA,NA
6304,INPUT_SKIN7_90_5.txt,OUTPUT_L_90_5.txt,25,0.029669811,0.030081017,0.030081017,0.030081017,0.030081017,0.030081017
6305,INPUT_SKIN7_90_5.txt,OUTPUT_LN1_90_5.txt,25,1.049101991,1.038876458,1.038876458,1.038876458,1.038876458,1.038876458
6306,INPUT_SKIN7_90_5.txt,OUTPUT_LN2_90_5.txt,25,0.212174407,0.210306692,0.210306692,0.210306692,0.210306692,0.210306692
6307,INPUT_SKIN7_90_5.txt,OUTPUT_LUNG_90_5.txt,25,0.213721576,0.232936529,0.232936529,0.232936529,0.232936529,0.232936529
6308,INPUT_SKIN7_90_5.txt,OUTPUT_S_90_5.txt,25,0.493522476,0.551059396,0.550928519,0.550958153,0.551121127,0.551234705
6309,INPUT_SKIN7_90_5.txt,OUTPUT_SKIN1_90_5.txt,25,0.152124019,0.174616321,0.174617512,0.174616321,0.174616321,0.174616321
6310,INPUT_SKIN7_90_5.txt,OUTPUT_SKIN10_90_5.txt,25,0.085336761,0.082691231,0.082691231,0.082691231,0.082691047,0.082691231
6311,INPUT_SKIN7_90_5.txt,OUTPUT_SKIN11_90_5.txt,25,0.304424687,0.343824291,0.343799377,0.343846668,0.343763996,0.34380932
6312,INPUT_SKIN7_90_5.txt,OUTPUT_SKIN12_90_5.txt,25,0.223243873,0.203414608,0.203392313,0.203433795,0.20341837,0.203408141
6313,INPUT_SKIN7_90_5.txt,OUTPUT_SKIN2_90_5.txt,25,0.55125405,0.522366835,0.52254875,0.522372753,0.522660497,0.522702939
6314,INPUT_SKIN7_90_5.txt,OUTPUT_SKIN3_90_5.txt,25,0.088269828,0.076746732,0.076746732,0.076746732,0.076746732,0.076746732
6315,INPUT_SKIN7_90_5.txt,OUTPUT_SKIN4_90_5.txt,25,0.593672675,0.573463506,0.573475399,0.573524161,0.573373122,0.573382636
6316,INPUT_SKIN7_90_5.txt,OUTPUT_SKIN5_90_5.txt,25,3.169805128,2.739226089,2.742516067,2.740423203,2.741182226,2.74030073
6317,INPUT_SKIN7_90_5.txt,OUTPUT_SKIN6_90_5.txt,25,0.672184152,0.970991417,0.971491043,0.970507825,0.971211556,0.970871098
6318,INPUT_SKIN7_90_5.txt,OUTPUT_SKIN7_90_5.txt,25,-546324,-409528,-409528,-409528,-409528,-409528
6319,INPUT_SKIN7_90_5.txt,OUTPUT_SKIN8_90_5.txt,25,1.338217015,1.528386854,1.528487549,1.528792676,1.528764315,1.528174544
6320,INPUT_SKIN7_90_5.txt,OUTPUT_SKIN9_90_5.txt,25,0.255154761,0.223820412,0.224045224,0.22389326,0.223858341,0.223782406
6321,INPUT_SKIN8_90_5.txt,OUTPUT_BM1_90_5.txt,25,0.035644697,0.039040586,0.0390069,0.03902546,0.039028405,0.039038282
6322,INPUT_SKIN8_90_5.txt,OUTPUT_BM2_90_5.txt,25,0.287222512,0.183009204,0.18301097,0.182982956,0.183029014,0.183035102
6323,INPUT_SKIN8_90_5.txt,OUTPUT_GUT_90_5.txt,25,NA,NA,NA,NA,NA,NA
6324,INPUT_SKIN8_90_5.txt,OUTPUT_L_90_5.txt,25,1.116207838,1.053486829,1.053442251,1.053329947,1.05333912,1.053587605
6325,INPUT_SKIN8_90_5.txt,OUTPUT_LN1_90_5.txt,25,0.027928197,0.018049134,0.018048352,0.018046463,0.018046654,0.018050813
6326,INPUT_SKIN8_90_5.txt,OUTPUT_LN2_90_5.txt,25,0.425639008,0.219929944,0.219920417,0.21989733,0.219899624,0.219950485
6327,INPUT_SKIN8_90_5.txt,OUTPUT_LUNG_90_5.txt,25,0.258640907,0.16435085,0.164343833,0.164326618,0.164328312,0.16436619
6328,INPUT_SKIN8_90_5.txt,OUTPUT_S_90_5.txt,25,0.161909659,0.177271849,0.177223671,0.177214275,0.177266556,0.177342637
6329,INPUT_SKIN8_90_5.txt,OUTPUT_SKIN1_90_5.txt,25,0.145306463,0.172787846,0.172780359,0.172762236,0.172764061,0.17280395
6330,INPUT_SKIN8_90_5.txt,OUTPUT_SKIN10_90_5.txt,25,0.049505928,0.053105374,0.053103073,0.053097515,0.053098074,0.053110317
6331,INPUT_SKIN8_90_5.txt,OUTPUT_SKIN11_90_5.txt,25,0.743027129,0.640769925,0.640683306,0.64067761,0.640515854,0.640758193
6332,INPUT_SKIN8_90_5.txt,OUTPUT_SKIN12_90_5.txt,25,0.381308164,0.261598506,0.261562488,0.26157175,0.261558728,0.261618996
6333,INPUT_SKIN8_90_5.txt,OUTPUT_SKIN2_90_5.txt,25,0.331809756,0.388573403,0.388694035,0.388520003,0.388741942,0.388861263
6334,INPUT_SKIN8_90_5.txt,OUTPUT_SKIN3_90_5.txt,25,12.22655335,11.76758998,11.76723742,11.76578484,11.76568787,11.76895854
6335,INPUT_SKIN8_90_5.txt,OUTPUT_SKIN4_90_5.txt,25,0.839989081,0.915179732,0.915169435,0.915153446,0.91491648,0.915135811
6336,INPUT_SKIN8_90_5.txt,OUTPUT_SKIN5_90_5.txt,25,10.98500603,8.825212362,8.854329664,8.826537948,8.849460979,8.829354808
6337,INPUT_SKIN8_90_5.txt,OUTPUT_SKIN6_90_5.txt,25,0.842005188,0.700454875,0.700684614,0.700007807,0.700496285,0.700461397
6338,INPUT_SKIN8_90_5.txt,OUTPUT_SKIN7_90_5.txt,25,0.122886593,0.090026151,0.090022253,0.090012818,0.090013763,0.090034542
6339,INPUT_SKIN8_90_5.txt,OUTPUT_SKIN8_90_5.txt,25,-630272.5,-473231,-473251.5,-473301,-473296,-473187
6340,INPUT_SKIN8_90_5.txt,OUTPUT_SKIN9_90_5.txt,25,0.128404478,0.122376579,0.12249395,0.1223981,0.122380368,0.122367181
6341,INPUT_SKIN9_90_5.txt,OUTPUT_BM1_90_5.txt,25,0.02865418,0.026251619,0.026216004,0.026240762,0.02624461,0.026249663
6342,INPUT_SKIN9_90_5.txt,OUTPUT_BM2_90_5.txt,25,0.501423117,0.430521785,0.430338279,0.430453495,0.430607236,0.430571178
6343,INPUT_SKIN9_90_5.txt,OUTPUT_GUT_90_5.txt,25,NA,NA,NA,NA,NA,NA
6344,INPUT_SKIN9_90_5.txt,OUTPUT_L_90_5.txt,25,15.42325391,14.79265715,14.7831702,14.78396369,14.79096339,14.78856597
6345,INPUT_SKIN9_90_5.txt,OUTPUT_LN1_90_5.txt,25,0.088432835,0.084722802,0.08468021,0.084708925,0.084715608,0.084729941
6346,INPUT_SKIN9_90_5.txt,OUTPUT_LN2_90_5.txt,25,0.027556999,0.03267871,0.03266228,0.032673346,0.032675933,0.032681454
6347,INPUT_SKIN9_90_5.txt,OUTPUT_LUNG_90_5.txt,25,0.338138594,0.328211758,0.328046061,0.328157332,0.328183722,0.328239101
6348,INPUT_SKIN9_90_5.txt,OUTPUT_S_90_5.txt,25,1.583131814,1.18183163,1.180877711,1.181359821,1.181897702,1.182405544
6349,INPUT_SKIN9_90_5.txt,OUTPUT_SKIN1_90_5.txt,25,0.07615685,0.092435045,0.092389209,0.092419903,0.092427184,0.092442837
6350,INPUT_SKIN9_90_5.txt,OUTPUT_SKIN10_90_5.txt,25,0.065818411,0.069068922,0.069034184,0.069057577,0.069062803,0.06907472
6351,INPUT_SKIN9_90_5.txt,OUTPUT_SKIN11_90_5.txt,25,0.361680258,0.38951783,0.389292177,0.389465828,0.389408556,0.389527583
6352,INPUT_SKIN9_90_5.txt,OUTPUT_SKIN12_90_5.txt,25,0.216192766,0.200499198,0.20037884,0.200474482,0.20048194,0.200515862
6353,INPUT_SKIN9_90_5.txt,OUTPUT_SKIN2_90_5.txt,25,0.244792673,0.237619643,0.23758348,0.237582596,0.23773348,0.237792537
6354,INPUT_SKIN9_90_5.txt,OUTPUT_SKIN3_90_5.txt,25,0.07332388,0.072202686,0.072166368,0.072190699,0.072196545,0.072208621
6355,INPUT_SKIN9_90_5.txt,OUTPUT_SKIN4_90_5.txt,25,0.377403695,0.347663915,0.347495855,0.347642563,0.34757923,0.347643149
6356,INPUT_SKIN9_90_5.txt,OUTPUT_SKIN5_90_5.txt,25,1.709029281,1.729662297,1.730268194,1.730021665,1.730121563,1.73049934
6357,INPUT_SKIN9_90_5.txt,OUTPUT_SKIN6_90_5.txt,25,0.934637803,0.67442731,0.674486421,0.673979408,0.674531981,0.674384535
6358,INPUT_SKIN9_90_5.txt,OUTPUT_SKIN7_90_5.txt,25,0.106885497,0.073131143,0.07309437,0.073119102,0.073124927,0.073137249
6359,INPUT_SKIN9_90_5.txt,OUTPUT_SKIN8_90_5.txt,25,1.285543886,1.217615445,1.217077784,1.217720879,1.217807824,1.217506552
6360,INPUT_SKIN9_90_5.txt,OUTPUT_SKIN9_90_5.txt,25,-785140,-588672,-588968,-588768.5,-588722,-588622.5
