,INPUT_POOL,OUTPUT_POOL,FP_5,mouse_ID,FP_1,FP_4,FP_3,FP_2,FP
1,INPUT_BM1_90_5.txt,OUTPUT_BM1_90_5.txt,-853704,1,-853507,-853316,-853630.5,-853670.5,-947749.5
2,INPUT_BM1_90_5.txt,OUTPUT_BM2_90_5.txt,61.45069199,1,61.46007286,61.51134766,61.51470658,61.46701548,57.4010843
3,INPUT_BM1_90_5.txt,OUTPUT_GUT_90_5.txt,45.37621929,1,45.36122327,45.39452712,45.39252827,45.38953256,45.32610104
4,INPUT_BM1_90_5.txt,OUTPUT_L_90_5.txt,1042.451127,1,1042.120637,1041.487043,1042.264016,1042.269583,1002.613638
5,INPUT_BM1_90_5.txt,OUTPUT_LN1_90_5.txt,0.202040021,1,0.201987261,0.201979422,0.201978179,0.201982117,0.222431
6,INPUT_BM1_90_5.txt,OUTPUT_LN2_90_5.txt,0.023064867,1,0.023072317,0.023076632,0.02306338,0.023068708,0.021275068
7,INPUT_BM1_90_5.txt,OUTPUT_LUNG_90_5.txt,0.161970208,1,0.162025007,0.162058129,0.161993465,0.161970832,0.152846515
8,INPUT_BM1_90_5.txt,OUTPUT_S_90_5.txt,104.4062799,1,104.4258936,104.4414283,104.4146397,104.4109413,96.67097283
9,INPUT_BM1_90_5.txt,OUTPUT_SKIN1_90_5.txt,0.200222165,1,0.200265344,0.200320587,0.200196863,0.200199518,0.203908047
10,INPUT_BM1_90_5.txt,OUTPUT_SKIN10_90_5.txt,0.054897306,1,0.054909982,0.054922322,0.054902018,0.054899446,0.052036549
11,INPUT_BM1_90_5.txt,OUTPUT_SKIN11_90_5.txt,0.035389013,1,0.035378327,0.035405372,0.035372789,0.035367921,0.04290563
12,INPUT_BM1_90_5.txt,OUTPUT_SKIN12_90_5.txt,0.014599197,1,0.014602567,0.014605838,0.014600453,0.014599769,0.013528063
13,INPUT_BM1_90_5.txt,OUTPUT_SKIN2_90_5.txt,0.06089989,1,0.06091469,0.060927788,0.060905122,0.060902269,0.061882999
14,INPUT_BM1_90_5.txt,OUTPUT_SKIN3_90_5.txt,0.012958142,1,0.012963172,0.012966842,0.012960164,0.012960569,0.01166524
15,INPUT_BM1_90_5.txt,OUTPUT_SKIN4_90_5.txt,0.036095681,1,0.036102162,0.036114939,0.036100346,0.036095092,0.033182471
16,INPUT_BM1_90_5.txt,OUTPUT_SKIN5_90_5.txt,0.148213266,1,0.148274975,0.148292378,0.148261039,0.148204213,0.142997339
17,INPUT_BM1_90_5.txt,OUTPUT_SKIN6_90_5.txt,0.137688971,1,0.137734513,0.137759983,0.137667698,0.137705825,0.142750739
18,INPUT_BM1_90_5.txt,OUTPUT_SKIN7_90_5.txt,0.25890426,1,0.258960637,0.259023472,0.258942115,0.258925291,0.25570996
19,INPUT_BM1_90_5.txt,OUTPUT_SKIN8_90_5.txt,0.098427875,1,0.098417114,0.098455649,0.098440558,0.09842359,0.093092324
20,INPUT_BM1_90_5.txt,OUTPUT_SKIN9_90_5.txt,0.396475845,1,0.396574031,0.396694326,0.396493379,0.396491653,0.37593878
21,INPUT_BM2_90_5.txt,OUTPUT_BM1_90_5.txt,17.74740831,1,17.77957625,17.7270447,17.76863761,17.7836787,15.94095256
22,INPUT_BM2_90_5.txt,OUTPUT_BM2_90_5.txt,-827380,1,-827342,-827585.5,-827762,-827468.5,-919406
23,INPUT_BM2_90_5.txt,OUTPUT_GUT_90_5.txt,44.98702086,1,44.96288069,44.96852886,44.97524137,44.99214993,46.35675194
24,INPUT_BM2_90_5.txt,OUTPUT_L_90_5.txt,233.0741129,1,233.1221149,233.1104275,233.1116531,233.1642845,159.3080572
25,INPUT_BM2_90_5.txt,OUTPUT_LN1_90_5.txt,0.305920386,1,0.305801337,0.30567509,0.30565934,0.305847347,0.314107385
26,INPUT_BM2_90_5.txt,OUTPUT_LN2_90_5.txt,0.026094366,1,0.026102676,0.026089284,0.02608302,0.026099673,0.029826463
27,INPUT_BM2_90_5.txt,OUTPUT_LUNG_90_5.txt,0.369065057,1,0.369106096,0.368947162,0.368876824,0.368996671,0.38577249
28,INPUT_BM2_90_5.txt,OUTPUT_S_90_5.txt,125.1704374,1,125.1740239,125.1510417,125.1343823,125.1620846,117.2584089
29,INPUT_BM2_90_5.txt,OUTPUT_SKIN1_90_5.txt,0.280566128,1,0.280576132,0.280502118,0.280394886,0.280506714,0.334453881
30,INPUT_BM2_90_5.txt,OUTPUT_SKIN10_90_5.txt,0.131365865,1,0.131371927,0.131333096,0.131304964,0.131351751,0.153791132
31,INPUT_BM2_90_5.txt,OUTPUT_SKIN11_90_5.txt,0.087215342,1,0.087173098,0.087194224,0.087127727,0.087150844,0.087661264
32,INPUT_BM2_90_5.txt,OUTPUT_SKIN12_90_5.txt,0.013001365,1,0.013001963,0.012998136,0.012995363,0.012999974,0.012190425
33,INPUT_BM2_90_5.txt,OUTPUT_SKIN2_90_5.txt,0.036307702,1,0.036309812,0.036298764,0.036290928,0.036303815,0.03402703
34,INPUT_BM2_90_5.txt,OUTPUT_SKIN3_90_5.txt,0.035345142,1,0.035349108,0.035339722,0.035329193,0.035344389,0.036045206
35,INPUT_BM2_90_5.txt,OUTPUT_SKIN4_90_5.txt,0.076731534,1,0.076730853,0.076717748,0.076698736,0.076719322,0.076068317
36,INPUT_BM2_90_5.txt,OUTPUT_SKIN5_90_5.txt,0.124285368,1,0.124310915,0.12426269,0.124253179,0.124261261,0.128982853
37,INPUT_BM2_90_5.txt,OUTPUT_SKIN6_90_5.txt,0.037322523,1,0.037327946,0.037313621,0.037296426,0.037319827,0.037793645
38,INPUT_BM2_90_5.txt,OUTPUT_SKIN7_90_5.txt,0.341761074,1,0.341773965,0.341675978,0.341614814,0.34173012,0.35141273
39,INPUT_BM2_90_5.txt,OUTPUT_SKIN8_90_5.txt,0.237742985,1,0.237675496,0.237636741,0.237647283,0.237709015,0.227409002
40,INPUT_BM2_90_5.txt,OUTPUT_SKIN9_90_5.txt,0.124945295,1,0.124953213,0.124926322,0.124881984,0.124932015,0.178920228
41,INPUT_GUT_90_5.txt,OUTPUT_BM1_90_5.txt,5.974209642,1,5.976377172,5.969191066,5.975184347,5.976404368,6.407396575
42,INPUT_GUT_90_5.txt,OUTPUT_BM2_90_5.txt,5.246011775,1,5.246950653,5.248913665,5.250196326,5.246560475,5.145134113
43,INPUT_GUT_90_5.txt,OUTPUT_GUT_90_5.txt,-268885,1,-268811,-268868.5,-268917.5,-268914.5,-298732.5
44,INPUT_GUT_90_5.txt,OUTPUT_L_90_5.txt,18.05298704,1,18.06005669,18.05788745,18.05775183,18.06207438,18.36241159
45,INPUT_GUT_90_5.txt,OUTPUT_LN1_90_5.txt,0.30414262,1,0.304322389,0.30430066,0.304168232,0.304191026,0.320528094
46,INPUT_GUT_90_5.txt,OUTPUT_LN2_90_5.txt,0.082486925,1,0.082515187,0.082495591,0.082463245,0.082486592,0.086605046
47,INPUT_GUT_90_5.txt,OUTPUT_LUNG_90_5.txt,0.318134162,1,0.318216358,0.318172057,0.318128742,0.318152484,0.330759029
48,INPUT_GUT_90_5.txt,OUTPUT_S_90_5.txt,22.16794726,1,22.17318231,22.16911436,22.16564873,22.16586088,22.007369
49,INPUT_GUT_90_5.txt,OUTPUT_SKIN1_90_5.txt,0.214195234,1,0.214253632,0.214210475,0.214156367,0.214162373,0.219181648
50,INPUT_GUT_90_5.txt,OUTPUT_SKIN10_90_5.txt,0.092655208,1,0.092680786,0.09266091,0.092643979,0.092645016,0.089832849
51,INPUT_GUT_90_5.txt,OUTPUT_SKIN11_90_5.txt,0.166164638,1,0.166121756,0.166176022,0.166054277,0.166040752,0.168073655
52,INPUT_GUT_90_5.txt,OUTPUT_SKIN12_90_5.txt,0.030112228,1,0.030120524,0.030114078,0.030108586,0.030108923,0.027556545
53,INPUT_GUT_90_5.txt,OUTPUT_SKIN2_90_5.txt,0.120295325,1,0.12033,0.120303021,0.12028074,0.120282086,0.124777747
54,INPUT_GUT_90_5.txt,OUTPUT_SKIN3_90_5.txt,0.090495408,1,0.090525832,0.090508946,0.090485087,0.090492685,0.087460719
55,INPUT_GUT_90_5.txt,OUTPUT_SKIN4_90_5.txt,0.120142254,1,0.120169476,0.120158861,0.120132677,0.120122816,0.08685761
56,INPUT_GUT_90_5.txt,OUTPUT_SKIN5_90_5.txt,0.221208319,1,0.221266137,0.221223261,0.221178326,0.221184556,0.230656651
57,INPUT_GUT_90_5.txt,OUTPUT_SKIN6_90_5.txt,0.063130937,1,0.06315325,0.063135178,0.063111378,0.063125606,0.066451092
58,INPUT_GUT_90_5.txt,OUTPUT_SKIN7_90_5.txt,0.305803316,1,0.305890312,0.305821049,0.305758904,0.305763964,0.318703635
59,INPUT_GUT_90_5.txt,OUTPUT_SKIN8_90_5.txt,0.274587167,1,0.274688746,0.274559962,0.274574656,0.274548062,0.277062056
60,INPUT_GUT_90_5.txt,OUTPUT_SKIN9_90_5.txt,0.236732109,1,0.236800861,0.236744933,0.236700786,0.236702676,0.241952631
61,INPUT_L_90_5.txt,OUTPUT_BM1_90_5.txt,5.903572423,1,5.900019582,5.897191525,5.901314203,5.901222931,5.413778922
62,INPUT_L_90_5.txt,OUTPUT_BM2_90_5.txt,19.30909517,1,19.30428467,19.31564301,19.32297996,19.30667615,19.35685599
63,INPUT_L_90_5.txt,OUTPUT_GUT_90_5.txt,33.80651766,1,33.78022589,33.7956178,33.80636107,33.80162816,34.39589023
64,INPUT_L_90_5.txt,OUTPUT_L_90_5.txt,-1114223,1,-1114388.5,-1114405.5,-1114465,-1114588.5,-1237692
65,INPUT_L_90_5.txt,OUTPUT_LN1_90_5.txt,0.185430193,1,0.185307012,0.185261369,0.1853145,0.185310126,0.206541149
66,INPUT_L_90_5.txt,OUTPUT_LN2_90_5.txt,0.029225578,1,0.02922342,0.029222362,0.029214516,0.029219128,0.026922526
67,INPUT_L_90_5.txt,OUTPUT_LUNG_90_5.txt,0.254596822,1,0.254577597,0.254606466,0.254582211,0.254537202,0.27892522
68,INPUT_L_90_5.txt,OUTPUT_S_90_5.txt,142.8885431,1,142.8661647,142.8641709,142.8565456,142.8404977,176.2103329
69,INPUT_L_90_5.txt,OUTPUT_SKIN1_90_5.txt,0.16674766,1,0.166720309,0.166725727,0.166676829,0.166668096,0.186774256
70,INPUT_L_90_5.txt,OUTPUT_SKIN10_90_5.txt,0.037243708,1,0.037238184,0.037237614,0.037235608,0.037231481,0.046881695
71,INPUT_L_90_5.txt,OUTPUT_SKIN11_90_5.txt,0.047493921,1,0.04746186,0.047486468,0.047458037,0.047448516,0.070624297
72,INPUT_L_90_5.txt,OUTPUT_SKIN12_90_5.txt,0.022013126,1,0.022009856,0.02200952,0.022008342,0.022005903,0.025556414
73,INPUT_L_90_5.txt,OUTPUT_SKIN2_90_5.txt,0.028796361,1,0.028792432,0.028791714,0.028790101,0.028786911,0.027049996
74,INPUT_L_90_5.txt,OUTPUT_SKIN3_90_5.txt,0.022938166,1,0.02293647,0.022936846,0.022933549,0.022932739,0.024293537
75,INPUT_L_90_5.txt,OUTPUT_SKIN4_90_5.txt,0.064615032,1,0.064601452,0.064609002,0.06460327,0.064590055,0.026718527
76,INPUT_L_90_5.txt,OUTPUT_SKIN5_90_5.txt,0.107275311,1,0.107279147,0.107265893,0.107277184,0.107229372,0.114134471
77,INPUT_L_90_5.txt,OUTPUT_SKIN6_90_5.txt,0.018014464,1,0.01801366,0.018011678,0.018006067,0.018009186,0.022687861
78,INPUT_L_90_5.txt,OUTPUT_SKIN7_90_5.txt,0.30802853,1,0.307981283,0.307978882,0.30797671,0.307939331,0.310043872
79,INPUT_L_90_5.txt,OUTPUT_SKIN8_90_5.txt,0.175985671,1,0.175900237,0.175924125,0.175955098,0.175917741,0.188297678
80,INPUT_L_90_5.txt,OUTPUT_SKIN9_90_5.txt,0.384893681,1,0.384841927,0.384859347,0.384795087,0.38476642,0.368069683
81,INPUT_LN1_90_5.txt,OUTPUT_BM1_90_5.txt,1.762860004,1,1.76270971,1.762285934,1.763009722,1.763123006,1.684682952
82,INPUT_LN1_90_5.txt,OUTPUT_BM2_90_5.txt,2.44916383,1,2.449755542,2.451293089,2.451587353,2.450133215,2.403423176
83,INPUT_LN1_90_5.txt,OUTPUT_GUT_90_5.txt,0.292415844,1,0.292350275,0.292514432,0.292554209,0.292541275,0.317671414
84,INPUT_LN1_90_5.txt,OUTPUT_L_90_5.txt,4.5090046,1,4.510801326,4.51172355,4.511151644,4.511839123,4.441584565
85,INPUT_LN1_90_5.txt,OUTPUT_LN1_90_5.txt,-491070.5,1,-490916,-490846.5,-490954.5,-490966,-544903.5
86,INPUT_LN1_90_5.txt,OUTPUT_LN2_90_5.txt,0.047232222,1,0.047250595,0.047257024,0.047235057,0.047248159,0.04411605
87,INPUT_LN1_90_5.txt,OUTPUT_LUNG_90_5.txt,0.724507637,1,0.724823822,0.72486863,0.724686148,0.72460586,0.719290081
88,INPUT_LN1_90_5.txt,OUTPUT_S_90_5.txt,4.520211699,1,4.521641424,4.52232261,4.521267508,4.521236054,4.425996569
89,INPUT_LN1_90_5.txt,OUTPUT_SKIN1_90_5.txt,0.376165195,1,0.37627645,0.376350837,0.376164084,0.376181339,0.346347763
90,INPUT_LN1_90_5.txt,OUTPUT_SKIN10_90_5.txt,0.040990633,1,0.041003513,0.041009325,0.041000298,0.040999366,0.043456012
91,INPUT_LN1_90_5.txt,OUTPUT_SKIN11_90_5.txt,0.171186442,1,0.171144246,0.171265775,0.171130834,0.171109687,0.165165232
92,INPUT_LN1_90_5.txt,OUTPUT_SKIN12_90_5.txt,0.074204555,1,0.074227905,0.074238432,0.074222079,0.074220374,0.076806451
93,INPUT_LN1_90_5.txt,OUTPUT_SKIN2_90_5.txt,0.043326679,1,0.043340832,0.043346553,0.043336905,0.04333591,0.040160159
94,INPUT_LN1_90_5.txt,OUTPUT_SKIN3_90_5.txt,0.050981715,1,0.051000825,0.051009859,0.050994275,0.05099668,0.050738187
95,INPUT_LN1_90_5.txt,OUTPUT_SKIN4_90_5.txt,0.064063706,1,0.0640799,0.064097797,0.064081446,0.064073283,0.09049808
96,INPUT_LN1_90_5.txt,OUTPUT_SKIN5_90_5.txt,0.671033955,1,0.671386535,0.671338561,0.67141613,0.671114168,0.711250012
97,INPUT_LN1_90_5.txt,OUTPUT_SKIN6_90_5.txt,0.135111252,1,0.135168703,0.135173792,0.13510715,0.135144719,0.129624033
98,INPUT_LN1_90_5.txt,OUTPUT_SKIN7_90_5.txt,0.486820716,1,0.486959909,0.487037191,0.486968944,0.486946517,0.496207777
99,INPUT_LN1_90_5.txt,OUTPUT_SKIN8_90_5.txt,0.190329279,1,0.190473383,0.190550008,0.190356579,0.190427116,0.187569826
100,INPUT_LN1_90_5.txt,OUTPUT_SKIN9_90_5.txt,0.258479259,1,0.25856083,0.258625396,0.258521971,0.258526348,0.251695759
101,INPUT_LN2_90_5.txt,OUTPUT_BM1_90_5.txt,12.27662234,1,12.27504522,12.27153645,12.27782664,12.27717218,11.97609412
102,INPUT_LN2_90_5.txt,OUTPUT_BM2_90_5.txt,14.41312406,1,14.41374958,14.41536782,14.4203644,14.41542589,14.88298532
103,INPUT_LN2_90_5.txt,OUTPUT_GUT_90_5.txt,28.3278993,1,28.33467942,28.3282484,28.33115328,28.33183495,28.66583573
104,INPUT_LN2_90_5.txt,OUTPUT_L_90_5.txt,15.16579971,1,15.16841398,15.16688742,15.17044107,15.17000894,14.87233785
105,INPUT_LN2_90_5.txt,OUTPUT_LN1_90_5.txt,1.312900055,1,1.312159375,1.311768184,1.312335636,1.312405874,1.415952638
106,INPUT_LN2_90_5.txt,OUTPUT_LN2_90_5.txt,-417958,1,-417962.5,-417969,-417915,-417970.5,-463983.5
107,INPUT_LN2_90_5.txt,OUTPUT_LUNG_90_5.txt,1.404677461,1,1.404706208,1.404673325,1.404645446,1.404553076,1.345618878
108,INPUT_LN2_90_5.txt,OUTPUT_S_90_5.txt,20.84627634,1,20.84892418,20.845976,20.85096772,20.84948689,20.88829659
109,INPUT_LN2_90_5.txt,OUTPUT_SKIN1_90_5.txt,4.777155825,1,4.777072976,4.777331946,4.775534619,4.776492194,4.863548197
110,INPUT_LN2_90_5.txt,OUTPUT_SKIN10_90_5.txt,0.056905792,1,0.05690518,0.056904298,0.056911607,0.056904094,0.052206717
111,INPUT_LN2_90_5.txt,OUTPUT_SKIN11_90_5.txt,0.472698538,1,0.472442751,0.472689628,0.472489206,0.472385645,0.43800621
112,INPUT_LN2_90_5.txt,OUTPUT_SKIN12_90_5.txt,0.045757155,1,0.045756665,0.045755953,0.045761846,0.045755791,0.043804205
113,INPUT_LN2_90_5.txt,OUTPUT_SKIN2_90_5.txt,0.699023715,1,0.699024867,0.699007822,0.699089003,0.699003811,0.709620249
114,INPUT_LN2_90_5.txt,OUTPUT_SKIN3_90_5.txt,0.216194234,1,0.216187752,0.216203003,0.216216516,0.216191744,0.199470214
115,INPUT_LN2_90_5.txt,OUTPUT_SKIN4_90_5.txt,0.051466526,1,0.051462745,0.051469088,0.051473991,0.051461553,0.047456524
116,INPUT_LN2_90_5.txt,OUTPUT_SKIN5_90_5.txt,0.629978973,1,0.630100076,0.630016173,0.630193579,0.629893233,0.643396712
117,INPUT_LN2_90_5.txt,OUTPUT_SKIN6_90_5.txt,0.948843356,1,0.948931848,0.948884399,0.948695657,0.948905438,0.929606516
118,INPUT_LN2_90_5.txt,OUTPUT_SKIN7_90_5.txt,2.339895128,1,2.33983287,2.339856405,2.340112452,2.339962283,2.250031857
119,INPUT_LN2_90_5.txt,OUTPUT_SKIN8_90_5.txt,1.184900534,1,1.184464343,1.184617728,1.185016764,1.184745896,1.144182129
120,INPUT_LN2_90_5.txt,OUTPUT_SKIN9_90_5.txt,0.414319064,1,0.414322236,0.414360952,0.414327927,0.414309281,0.377527702
121,INPUT_LUNG_90_5.txt,OUTPUT_BM1_90_5.txt,5.049318906,1,5.048066021,5.047422266,5.048987773,5.04938303,6.547154715
122,INPUT_LUNG_90_5.txt,OUTPUT_BM2_90_5.txt,8.435014247,1,8.434480212,8.434841473,8.435114888,8.435425182,8.666601757
123,INPUT_LUNG_90_5.txt,OUTPUT_GUT_90_5.txt,10.32829094,1,10.32848425,10.3282237,10.32802147,10.32850428,10.72852703
124,INPUT_LUNG_90_5.txt,OUTPUT_L_90_5.txt,8.43334511,1,8.4327103,8.43300944,8.433190053,8.433425534,8.754807543
125,INPUT_LUNG_90_5.txt,OUTPUT_LN1_90_5.txt,80.28520895,1,80.23643979,80.23919774,80.25903251,80.27771447,82.64598535
126,INPUT_LUNG_90_5.txt,OUTPUT_LN2_90_5.txt,0.056486401,1,0.056484351,0.056488347,0.056474952,0.056492551,0.063250251
127,INPUT_LUNG_90_5.txt,OUTPUT_LUNG_90_5.txt,-632161,1,-632197.5,-632172.5,-632159,-632130,-701818.5
128,INPUT_LUNG_90_5.txt,OUTPUT_S_90_5.txt,8.492931441,1,8.492405694,8.492746926,8.493023904,8.493351044,8.816206771
129,INPUT_LUNG_90_5.txt,OUTPUT_SKIN1_90_5.txt,0.677201553,1,0.677150452,0.677213778,0.677039712,0.677116865,0.710728395
130,INPUT_LUNG_90_5.txt,OUTPUT_SKIN10_90_5.txt,0.387761002,1,0.387738526,0.387753407,0.387761733,0.387779702,0.408621604
131,INPUT_LUNG_90_5.txt,OUTPUT_SKIN11_90_5.txt,0.392467074,1,0.392237797,0.392462516,0.392257245,0.392240173,0.425509616
132,INPUT_LUNG_90_5.txt,OUTPUT_SKIN12_90_5.txt,0.980979423,1,0.980938314,0.980978568,0.980961158,0.981080149,1.668726538
133,INPUT_LUNG_90_5.txt,OUTPUT_SKIN2_90_5.txt,18.4435255,1,18.44251313,18.44144156,18.44201749,18.4439057,17.82265376
134,INPUT_LUNG_90_5.txt,OUTPUT_SKIN3_90_5.txt,0.135860168,1,0.135859047,0.135866994,0.135860282,0.135877122,0.1290483
135,INPUT_LUNG_90_5.txt,OUTPUT_SKIN4_90_5.txt,0.182107492,1,0.182091147,0.182117937,0.182115654,0.182109879,0.168773614
136,INPUT_LUNG_90_5.txt,OUTPUT_SKIN5_90_5.txt,121.3560232,1,121.3639143,121.3742695,121.3805474,121.3496933,126.1408954
137,INPUT_LUNG_90_5.txt,OUTPUT_SKIN6_90_5.txt,0.251101758,1,0.251113827,0.251098937,0.251038984,0.251122418,0.234460535
138,INPUT_LUNG_90_5.txt,OUTPUT_SKIN7_90_5.txt,10.98384201,1,10.98292801,10.98372345,10.98595265,10.98378503,10.7089653
139,INPUT_LUNG_90_5.txt,OUTPUT_SKIN8_90_5.txt,2.820727383,1,2.819576778,2.820102039,2.820744897,2.820679996,2.874061919
140,INPUT_LUNG_90_5.txt,OUTPUT_SKIN9_90_5.txt,113.7842677,1,113.7750827,113.7943709,113.7812222,113.7846305,119.8351388
141,INPUT_S_90_5.txt,OUTPUT_BM1_90_5.txt,110.0970263,1,110.0975473,109.9852509,110.1232428,110.1444028,106.6401968
142,INPUT_S_90_5.txt,OUTPUT_BM2_90_5.txt,110.7031305,1,110.6913457,110.7668739,110.8216385,110.7305795,112.3182755
143,INPUT_S_90_5.txt,OUTPUT_GUT_90_5.txt,41.00665793,1,40.98133667,41.00101118,41.01778163,41.01675476,41.77350414
144,INPUT_S_90_5.txt,OUTPUT_L_90_5.txt,414.5007756,1,414.4601398,414.5246808,414.6218387,414.7369103,406.7239418
145,INPUT_S_90_5.txt,OUTPUT_LN1_90_5.txt,1.450441912,1,1.45034348,1.450462231,1.45028138,1.450644352,1.441275928
146,INPUT_S_90_5.txt,OUTPUT_LN2_90_5.txt,0.597134169,1,0.597175092,0.597160858,0.59704778,0.597198948,0.580751185
147,INPUT_S_90_5.txt,OUTPUT_LUNG_90_5.txt,1.683453725,1,1.683431019,1.683486767,1.683544279,1.683582116,1.688149448
148,INPUT_S_90_5.txt,OUTPUT_S_90_5.txt,-44165.5,1,-44165.5,-44165.5,-44165.5,-44165.5,-49066.5
149,INPUT_S_90_5.txt,OUTPUT_SKIN1_90_5.txt,1.1381791,1,1.1381741,1.138189655,1.138111838,1.138130746,1.141147476
150,INPUT_S_90_5.txt,OUTPUT_SKIN10_90_5.txt,0.386355064,1,0.386355064,0.386355064,0.386355064,0.386355064,0.365624746
151,INPUT_S_90_5.txt,OUTPUT_SKIN11_90_5.txt,1.282786561,1,1.282048014,1.282794794,1.282036885,1.281907818,1.28686799
152,INPUT_S_90_5.txt,OUTPUT_SKIN12_90_5.txt,0.248942511,1,0.248942511,0.248942511,0.248942511,0.248942511,0.229731402
153,INPUT_S_90_5.txt,OUTPUT_SKIN2_90_5.txt,0.799027604,1,0.799034862,0.799029056,0.799027604,0.799027604,0.763496033
154,INPUT_S_90_5.txt,OUTPUT_SKIN3_90_5.txt,0.828222314,1,0.828277834,0.828307535,0.828234274,0.82829152,0.825034295
155,INPUT_S_90_5.txt,OUTPUT_SKIN4_90_5.txt,0.951064156,1,0.951010668,0.951139069,0.95110517,0.951007541,0.491159875
156,INPUT_S_90_5.txt,OUTPUT_SKIN5_90_5.txt,1.157653173,1,1.157654222,1.157664403,1.157657044,1.15764533,1.157008903
157,INPUT_S_90_5.txt,OUTPUT_SKIN6_90_5.txt,0.957292957,1,0.957322313,0.957300222,0.957224143,0.957307362,0.954100178
158,INPUT_S_90_5.txt,OUTPUT_SKIN7_90_5.txt,1.6363978,1,1.636412975,1.636402355,1.636380341,1.636374854,1.6314584
159,INPUT_S_90_5.txt,OUTPUT_SKIN8_90_5.txt,1.501327987,1,1.501065154,1.501174436,1.50138954,1.501266299,1.477399416
160,INPUT_S_90_5.txt,OUTPUT_SKIN9_90_5.txt,1.077246062,1,1.077251743,1.077264239,1.077233206,1.07724092,1.055927285
161,INPUT_SKIN1_90_5.txt,OUTPUT_BM1_90_5.txt,2.323406128,1,2.323325234,2.32211404,2.323882909,2.324032947,2.310683296
162,INPUT_SKIN1_90_5.txt,OUTPUT_BM2_90_5.txt,2.674220191,1,2.674112564,2.67488148,2.675867703,2.674759676,2.650580491
163,INPUT_SKIN1_90_5.txt,OUTPUT_GUT_90_5.txt,0.42563,1,0.425415735,0.425573415,0.425776521,0.425753418,0.415861306
164,INPUT_SKIN1_90_5.txt,OUTPUT_L_90_5.txt,4.061526937,1,4.06156157,4.061540731,4.062396935,4.062519585,4.086114787
165,INPUT_SKIN1_90_5.txt,OUTPUT_LN1_90_5.txt,1.218746327,1,1.217977077,1.217591951,1.21829829,1.218323099,1.171642905
166,INPUT_SKIN1_90_5.txt,OUTPUT_LN2_90_5.txt,0.063693279,1,0.06369851,0.063696364,0.063689612,0.063706575,0.061022243
167,INPUT_SKIN1_90_5.txt,OUTPUT_LUNG_90_5.txt,0.925741374,1,0.925774556,0.925731352,0.925765765,0.925741177,0.865306022
168,INPUT_SKIN1_90_5.txt,OUTPUT_S_90_5.txt,4.33161832,1,4.331657478,4.331535657,4.332144822,4.331996868,4.39101595
169,INPUT_SKIN1_90_5.txt,OUTPUT_SKIN1_90_5.txt,-509394.5,1,-509390,-509404,-509334,-509351,-565342
170,INPUT_SKIN1_90_5.txt,OUTPUT_SKIN10_90_5.txt,0.061088895,1,0.061089435,0.061087755,0.061096156,0.061094116,0.057680654
171,INPUT_SKIN1_90_5.txt,OUTPUT_SKIN11_90_5.txt,0.141584471,1,0.14150447,0.141582863,0.141519108,0.14150016,0.126215612
172,INPUT_SKIN1_90_5.txt,OUTPUT_SKIN12_90_5.txt,0.021146054,1,0.021146241,0.021145659,0.021148566,0.02114786,0.021032543
173,INPUT_SKIN1_90_5.txt,OUTPUT_SKIN2_90_5.txt,0.129622109,1,0.129624837,0.129620004,0.129637531,0.129633197,0.137574215
174,INPUT_SKIN1_90_5.txt,OUTPUT_SKIN3_90_5.txt,0.087460498,1,0.087466887,0.087467091,0.087471826,0.087475287,0.086621007
175,INPUT_SKIN1_90_5.txt,OUTPUT_SKIN4_90_5.txt,0.094114072,1,0.094110685,0.094119254,0.094129001,0.094117716,0.087970983
176,INPUT_SKIN1_90_5.txt,OUTPUT_SKIN5_90_5.txt,0.553284044,1,0.553404926,0.553292757,0.553514966,0.553274472,0.590057195
177,INPUT_SKIN1_90_5.txt,OUTPUT_SKIN6_90_5.txt,0.118909073,1,0.118923144,0.118907943,0.118891975,0.118923554,0.114806176
178,INPUT_SKIN1_90_5.txt,OUTPUT_SKIN7_90_5.txt,0.704892087,1,0.704882694,0.704878977,0.705024351,0.70499092,0.697254603
179,INPUT_SKIN1_90_5.txt,OUTPUT_SKIN8_90_5.txt,0.206777915,1,0.206751929,0.206868072,0.206803075,0.206837342,0.197039308
180,INPUT_SKIN1_90_5.txt,OUTPUT_SKIN9_90_5.txt,0.504384139,1,0.504389039,0.504430334,0.504407404,0.504410811,0.487334306
181,INPUT_SKIN10_90_5.txt,OUTPUT_BM1_90_5.txt,2.598199247,1,2.597727462,2.596549367,2.598184356,2.598423757,2.481229633
182,INPUT_SKIN10_90_5.txt,OUTPUT_BM2_90_5.txt,2.861598799,1,2.861421815,2.862555859,2.863377788,2.862010974,2.818868747
183,INPUT_SKIN10_90_5.txt,OUTPUT_GUT_90_5.txt,0.528127037,1,0.527852783,0.528065881,0.528247505,0.528236385,0.526710956
184,INPUT_SKIN10_90_5.txt,OUTPUT_L_90_5.txt,4.94500538,1,4.945496318,4.945663739,4.945752613,4.94624808,4.867773262
185,INPUT_SKIN10_90_5.txt,OUTPUT_LN1_90_5.txt,0.882886435,1,0.882352851,0.882079619,0.882463034,0.882542783,0.841936293
186,INPUT_SKIN10_90_5.txt,OUTPUT_LN2_90_5.txt,0.048162725,1,0.048169773,0.048165165,0.04815814,0.048171968,0.044480527
187,INPUT_SKIN10_90_5.txt,OUTPUT_LUNG_90_5.txt,0.61623308,1,0.616268743,0.616217968,0.616166819,0.616137513,0.629615554
188,INPUT_SKIN10_90_5.txt,OUTPUT_S_90_5.txt,5.785323685,1,5.785323685,5.785323685,5.785323685,5.785323685,5.689262582
189,INPUT_SKIN10_90_5.txt,OUTPUT_SKIN1_90_5.txt,0.579885286,1,0.579874956,0.579907096,0.579746403,0.579785427,0.588864458
190,INPUT_SKIN10_90_5.txt,OUTPUT_SKIN10_90_5.txt,-475196.5,1,-475196.5,-475196.5,-475196.5,-475196.5,-527985.5
191,INPUT_SKIN10_90_5.txt,OUTPUT_SKIN11_90_5.txt,0.152560047,1,0.152477519,0.152561093,0.152476696,0.152462195,0.14793474
192,INPUT_SKIN10_90_5.txt,OUTPUT_SKIN12_90_5.txt,0.049651114,1,0.049651114,0.049651114,0.049651114,0.049651114,0.052364355
193,INPUT_SKIN10_90_5.txt,OUTPUT_SKIN2_90_5.txt,0.28462355,1,0.2846272,0.28462428,0.28462355,0.28462355,0.278431015
194,INPUT_SKIN10_90_5.txt,OUTPUT_SKIN3_90_5.txt,0.087543517,1,0.087548875,0.087551957,0.087544478,0.087550603,0.084575488
195,INPUT_SKIN10_90_5.txt,OUTPUT_SKIN4_90_5.txt,0.067255267,1,0.067252106,0.067260378,0.067258091,0.067251837,0.060965123
196,INPUT_SKIN10_90_5.txt,OUTPUT_SKIN5_90_5.txt,0.323381885,1,0.323449564,0.323402245,0.323473955,0.32334726,0.307199125
197,INPUT_SKIN10_90_5.txt,OUTPUT_SKIN6_90_5.txt,0.195203587,1,0.195224517,0.195208339,0.195153465,0.195213569,0.17806699
198,INPUT_SKIN10_90_5.txt,OUTPUT_SKIN7_90_5.txt,0.582051024,1,0.582020996,0.582037229,0.582084196,0.582072446,0.563630894
199,INPUT_SKIN10_90_5.txt,OUTPUT_SKIN8_90_5.txt,0.26796877,1,0.267926852,0.268091849,0.267959314,0.268024215,0.271544384
200,INPUT_SKIN10_90_5.txt,OUTPUT_SKIN9_90_5.txt,0.150509798,1,0.150511626,0.150527704,0.150500911,0.150508482,0.196850965
201,INPUT_SKIN11_90_5.txt,OUTPUT_BM1_90_5.txt,12.61265981,1,12.59653447,12.61217889,12.59638301,12.59372419,6.763078988
202,INPUT_SKIN11_90_5.txt,OUTPUT_BM2_90_5.txt,11.6178093,1,11.60515168,11.61874116,11.60658449,11.60320565,11.72765397
203,INPUT_SKIN11_90_5.txt,OUTPUT_GUT_90_5.txt,16.03853762,1,16.01728162,16.03890727,16.01553735,16.01170623,16.27638468
204,INPUT_SKIN11_90_5.txt,OUTPUT_L_90_5.txt,11.81070064,1,11.79612177,11.81113084,11.79585879,11.79345369,11.88762376
205,INPUT_SKIN11_90_5.txt,OUTPUT_LN1_90_5.txt,7.407608334,1,7.404860719,7.401228872,7.405940641,7.407107705,8.46553818
206,INPUT_SKIN11_90_5.txt,OUTPUT_LN2_90_5.txt,0.088162448,1,0.088194397,0.088167432,0.088171602,0.088201323,0.086020369
207,INPUT_SKIN11_90_5.txt,OUTPUT_LUNG_90_5.txt,2.126975079,1,2.127653599,2.127006872,2.127407442,2.12749112,2.281142247
208,INPUT_SKIN11_90_5.txt,OUTPUT_S_90_5.txt,13.43569195,1,13.41605074,13.43584633,13.41562379,13.41219396,13.60260506
209,INPUT_SKIN11_90_5.txt,OUTPUT_SKIN1_90_5.txt,2.189344511,1,2.189890469,2.18941863,2.189424271,2.189669528,2.504934551
210,INPUT_SKIN11_90_5.txt,OUTPUT_SKIN10_90_5.txt,0.263474694,1,0.263543414,0.263473795,0.263544916,0.263556624,0.249730543
211,INPUT_SKIN11_90_5.txt,OUTPUT_SKIN11_90_5.txt,-440105.5,1,-439991,-440107,-439988.5,-439969,-489046.5
212,INPUT_SKIN11_90_5.txt,OUTPUT_SKIN12_90_5.txt,0.160073461,1,0.160114836,0.160072918,0.160115741,0.160122788,0.147561669
213,INPUT_SKIN11_90_5.txt,OUTPUT_SKIN2_90_5.txt,0.107347675,1,0.10737687,0.107347571,0.107376174,0.107380925,0.099758284
214,INPUT_SKIN11_90_5.txt,OUTPUT_SKIN3_90_5.txt,0.196923236,1,0.196984905,0.196937993,0.196974862,0.197000548,0.181668725
215,INPUT_SKIN11_90_5.txt,OUTPUT_SKIN4_90_5.txt,0.357910007,1,0.357988136,0.357937497,0.358019639,0.358005058,0.33229983
216,INPUT_SKIN11_90_5.txt,OUTPUT_SKIN5_90_5.txt,4.122765193,1,4.124701017,4.123080949,4.124951151,4.123677566,4.635609694
217,INPUT_SKIN11_90_5.txt,OUTPUT_SKIN6_90_5.txt,0.057128359,1,0.057149936,0.057128583,0.057127474,0.05714818,0.052069257
218,INPUT_SKIN11_90_5.txt,OUTPUT_SKIN7_90_5.txt,1.987714725,1,1.988201853,1.987708495,1.988393104,1.988454872,1.941427007
219,INPUT_SKIN11_90_5.txt,OUTPUT_SKIN8_90_5.txt,0.799498869,1,0.799469044,0.799366405,0.799772974,0.799687791,0.761666356
220,INPUT_SKIN11_90_5.txt,OUTPUT_SKIN9_90_5.txt,0.29496428,1,0.295046572,0.294999979,0.295027322,0.295056935,0.660806942
221,INPUT_SKIN12_90_5.txt,OUTPUT_BM1_90_5.txt,6.191867587,1,6.189662756,6.187396065,6.191070224,6.191549193,5.974380419
222,INPUT_SKIN12_90_5.txt,OUTPUT_BM2_90_5.txt,4.800174913,1,4.799803471,4.802183735,4.803909207,4.801040006,4.587978526
223,INPUT_SKIN12_90_5.txt,OUTPUT_GUT_90_5.txt,1.059101777,1,1.058537437,1.058975933,1.059349671,1.059326788,1.054593411
224,INPUT_SKIN12_90_5.txt,OUTPUT_L_90_5.txt,10.8066757,1,10.80801157,10.80845855,10.80931268,10.81091574,10.48258589
225,INPUT_SKIN12_90_5.txt,OUTPUT_LN1_90_5.txt,1.208103019,1,1.2073743,1.207017867,1.207531142,1.207634081,1.480515356
226,INPUT_SKIN12_90_5.txt,OUTPUT_LN2_90_5.txt,0.091054832,1,0.091060786,0.091059377,0.091039634,0.091064676,0.084886292
227,INPUT_SKIN12_90_5.txt,OUTPUT_LUNG_90_5.txt,1.141314808,1,1.141383599,1.141290933,1.141193289,1.141147801,1.147344748
228,INPUT_SKIN12_90_5.txt,OUTPUT_S_90_5.txt,13.85763466,1,13.85763466,13.85763466,13.85763466,13.85763466,13.60610521
229,INPUT_SKIN12_90_5.txt,OUTPUT_SKIN1_90_5.txt,0.6923086,1,0.692296347,0.692334467,0.692143874,0.692190159,0.692386683
230,INPUT_SKIN12_90_5.txt,OUTPUT_SKIN10_90_5.txt,0.120519527,1,0.120519527,0.120519527,0.120519527,0.120519527,0.113746802
231,INPUT_SKIN12_90_5.txt,OUTPUT_SKIN11_90_5.txt,0.154810493,1,0.154727165,0.154811567,0.154725833,0.15471142,0.214725648
232,INPUT_SKIN12_90_5.txt,OUTPUT_SKIN12_90_5.txt,-341370.5,1,-341370.5,-341370.5,-341370.5,-341370.5,-378795
233,INPUT_SKIN12_90_5.txt,OUTPUT_SKIN2_90_5.txt,0.11347313,1,0.11347451,0.113473406,0.11347313,0.11347313,0.160645074
234,INPUT_SKIN12_90_5.txt,OUTPUT_SKIN3_90_5.txt,0.100094281,1,0.10009882,0.10010152,0.100094207,0.100101361,0.097579867
235,INPUT_SKIN12_90_5.txt,OUTPUT_SKIN4_90_5.txt,0.095634642,1,0.095630014,0.09564175,0.095638493,0.095629803,0.091399832
236,INPUT_SKIN12_90_5.txt,OUTPUT_SKIN5_90_5.txt,0.98577888,1,0.9859806,0.985826419,0.986062173,0.98567825,0.998335459
237,INPUT_SKIN12_90_5.txt,OUTPUT_SKIN6_90_5.txt,0.125761919,1,0.125775189,0.12576349,0.125730135,0.125766807,0.118528528
238,INPUT_SKIN12_90_5.txt,OUTPUT_SKIN7_90_5.txt,0.813631398,1,0.813596921,0.813617918,0.813681527,0.813663538,0.787049703
239,INPUT_SKIN12_90_5.txt,OUTPUT_SKIN8_90_5.txt,0.48697528,1,0.486900647,0.487167373,0.486969075,0.48706327,0.473830768
240,INPUT_SKIN12_90_5.txt,OUTPUT_SKIN9_90_5.txt,0.552937019,1,0.552941336,0.552999728,0.552902393,0.552927559,0.507581652
241,INPUT_SKIN2_90_5.txt,OUTPUT_BM1_90_5.txt,3.051463693,1,3.050644597,3.049130767,3.051334193,3.051645863,2.99517901
242,INPUT_SKIN2_90_5.txt,OUTPUT_BM2_90_5.txt,4.601440508,1,4.601089112,4.60317878,4.604682497,4.602191597,4.64008034
243,INPUT_SKIN2_90_5.txt,OUTPUT_GUT_90_5.txt,0.811832646,1,0.811398197,0.81173588,0.812021307,0.812003892,0.819440935
244,INPUT_SKIN2_90_5.txt,OUTPUT_L_90_5.txt,9.028676238,1,9.028923372,9.029532629,9.030205674,9.031426134,8.969473295
245,INPUT_SKIN2_90_5.txt,OUTPUT_LN1_90_5.txt,0.957959183,1,0.957364618,0.957093043,0.957504263,0.95757551,0.936650208
246,INPUT_SKIN2_90_5.txt,OUTPUT_LN2_90_5.txt,0.06941736,1,0.069421796,0.069421442,0.069405644,0.069425287,0.065061728
247,INPUT_SKIN2_90_5.txt,OUTPUT_LUNG_90_5.txt,0.77831681,1,0.778349112,0.77831551,0.778275044,0.778215736,0.76478259
248,INPUT_SKIN2_90_5.txt,OUTPUT_S_90_5.txt,9.823086837,1,9.823023433,9.823074156,9.823086837,9.823086837,10.27223381
249,INPUT_SKIN2_90_5.txt,OUTPUT_SKIN1_90_5.txt,1.112419793,1,1.112393705,1.112459897,1.112156157,1.112230234,1.063830034
250,INPUT_SKIN2_90_5.txt,OUTPUT_SKIN10_90_5.txt,0.052596289,1,0.05259597,0.052596225,0.052596289,0.052596289,0.048646702
251,INPUT_SKIN2_90_5.txt,OUTPUT_SKIN11_90_5.txt,0.165142775,1,0.165050473,0.165143719,0.165050853,0.165034679,0.172387401
252,INPUT_SKIN2_90_5.txt,OUTPUT_SKIN12_90_5.txt,0.020589202,1,0.020589077,0.020589177,0.020589202,0.020589202,0.018779401
253,INPUT_SKIN2_90_5.txt,OUTPUT_SKIN2_90_5.txt,-411098,1,-411100.5,-411098.5,-411098,-411098,-456519
254,INPUT_SKIN2_90_5.txt,OUTPUT_SKIN3_90_5.txt,0.094980553,1,0.094986,0.094989766,0.094981754,0.094988324,0.090086955
255,INPUT_SKIN2_90_5.txt,OUTPUT_SKIN4_90_5.txt,0.132528403,1,0.132519622,0.132538028,0.132533679,0.132520194,0.125144868
256,INPUT_SKIN2_90_5.txt,OUTPUT_SKIN5_90_5.txt,0.736860229,1,0.737008057,0.736902894,0.737079997,0.73678413,0.741961798
257,INPUT_SKIN2_90_5.txt,OUTPUT_SKIN6_90_5.txt,0.162306643,1,0.162322775,0.162308442,0.162265642,0.162312918,0.170656164
258,INPUT_SKIN2_90_5.txt,OUTPUT_SKIN7_90_5.txt,0.712640211,1,0.712617142,0.7126327,0.712687237,0.712673516,0.699133161
259,INPUT_SKIN2_90_5.txt,OUTPUT_SKIN8_90_5.txt,0.25478001,1,0.254826511,0.254838671,0.254785121,0.254808417,0.243098747
260,INPUT_SKIN2_90_5.txt,OUTPUT_SKIN9_90_5.txt,0.523487812,1,0.523481725,0.523540433,0.523447287,0.523464365,0.497761521
261,INPUT_SKIN3_90_5.txt,OUTPUT_BM1_90_5.txt,3.751775425,1,3.75508593,3.749141056,3.755081086,3.75619496,3.878446928
262,INPUT_SKIN3_90_5.txt,OUTPUT_BM2_90_5.txt,4.05015471,1,4.049897956,4.05173602,4.053037827,4.050832433,5.270143968
263,INPUT_SKIN3_90_5.txt,OUTPUT_GUT_90_5.txt,21.41889475,1,21.42326642,21.42286719,21.4184173,21.42141085,22.35678627
264,INPUT_SKIN3_90_5.txt,OUTPUT_L_90_5.txt,12.71252378,1,12.71356313,12.71491904,12.71291122,12.71513521,13.17193376
265,INPUT_SKIN3_90_5.txt,OUTPUT_LN1_90_5.txt,0.970818524,1,0.97024808,0.969931113,0.970371484,0.970430611,0.953665047
266,INPUT_SKIN3_90_5.txt,OUTPUT_LN2_90_5.txt,0.161668072,1,0.161675569,0.161671644,0.16164058,0.161680039,0.135322251
267,INPUT_SKIN3_90_5.txt,OUTPUT_LUNG_90_5.txt,0.53870914,1,0.538687313,0.53900301,0.538932734,0.538923613,0.526156505
268,INPUT_SKIN3_90_5.txt,OUTPUT_S_90_5.txt,9.7881588,1,9.788739573,9.788956172,9.788240354,9.788850607,10.47314073
269,INPUT_SKIN3_90_5.txt,OUTPUT_SKIN1_90_5.txt,0.364363773,1,0.364348572,0.364365183,0.364277607,0.364288019,0.201164469
270,INPUT_SKIN3_90_5.txt,OUTPUT_SKIN10_90_5.txt,0.050197576,1,0.050196355,0.050195894,0.050197632,0.050195724,0.048386107
271,INPUT_SKIN3_90_5.txt,OUTPUT_SKIN11_90_5.txt,0.22125624,1,0.22112099,0.221250426,0.221126518,0.22109473,0.214670588
272,INPUT_SKIN3_90_5.txt,OUTPUT_SKIN12_90_5.txt,0.020730096,1,0.020729594,0.020729403,0.02073012,0.020729331,0.007171298
273,INPUT_SKIN3_90_5.txt,OUTPUT_SKIN2_90_5.txt,0.077623298,1,0.077622357,0.07762089,0.077623387,0.077620436,0.073986404
274,INPUT_SKIN3_90_5.txt,OUTPUT_SKIN3_90_5.txt,-433541,1,-433551.5,-433555.5,-433540.5,-433557,-481715
275,INPUT_SKIN3_90_5.txt,OUTPUT_SKIN4_90_5.txt,0.186765088,1,0.1867546,0.186773062,0.186773154,0.186751491,0.24428578
276,INPUT_SKIN3_90_5.txt,OUTPUT_SKIN5_90_5.txt,0.579653545,1,0.579758319,0.579691766,0.57981441,0.579568628,0.587153785
277,INPUT_SKIN3_90_5.txt,OUTPUT_SKIN6_90_5.txt,0.068768996,1,0.068774586,0.068767706,0.068751698,0.068769282,0.065319112
278,INPUT_SKIN3_90_5.txt,OUTPUT_SKIN7_90_5.txt,0.811308533,1,0.81129935,0.811286169,0.811364035,0.81134463,0.873421713
279,INPUT_SKIN3_90_5.txt,OUTPUT_SKIN8_90_5.txt,0.292415054,1,0.292313283,0.2923552,0.292467087,0.292414789,0.262647858
280,INPUT_SKIN3_90_5.txt,OUTPUT_SKIN9_90_5.txt,0.142648142,1,0.142646292,0.142660159,0.142639826,0.142641418,0.135645651
281,INPUT_SKIN4_90_5.txt,OUTPUT_BM1_90_5.txt,2.986429186,1,2.987152795,2.984064248,2.987516436,2.988131997,2.916413816
282,INPUT_SKIN4_90_5.txt,OUTPUT_BM2_90_5.txt,4.191724606,1,4.191427187,4.193359386,4.194789607,4.192446759,4.14819895
283,INPUT_SKIN4_90_5.txt,OUTPUT_GUT_90_5.txt,15.84688782,1,15.84441608,15.8477435,15.84844749,15.84704941,16.34936951
284,INPUT_SKIN4_90_5.txt,OUTPUT_L_90_5.txt,10.79251447,1,10.7915215,10.79339083,10.79390893,10.79467159,10.85770142
285,INPUT_SKIN4_90_5.txt,OUTPUT_LN1_90_5.txt,0.356047658,1,0.355768708,0.355621006,0.355825323,0.35586321,0.371852052
286,INPUT_SKIN4_90_5.txt,OUTPUT_LN2_90_5.txt,0.063938096,1,0.063969316,0.063937505,0.063965334,0.06397053,0.061410092
287,INPUT_SKIN4_90_5.txt,OUTPUT_LUNG_90_5.txt,0.42816348,1,0.428196743,0.428145673,0.428108996,0.428072455,0.438960368
288,INPUT_SKIN4_90_5.txt,OUTPUT_S_90_5.txt,9.946678993,1,9.94647437,9.947166772,9.946948721,9.946448377,10.24841219
289,INPUT_SKIN4_90_5.txt,OUTPUT_SKIN1_90_5.txt,0.220718684,1,0.220717428,0.220720397,0.220649419,0.220676224,0.210941717
290,INPUT_SKIN4_90_5.txt,OUTPUT_SKIN10_90_5.txt,0.050173071,1,0.050173875,0.05017116,0.050172015,0.050173976,0.047918748
291,INPUT_SKIN4_90_5.txt,OUTPUT_SKIN11_90_5.txt,0.062240647,1,0.062205067,0.062238591,0.062202124,0.062198124,0.061932313
292,INPUT_SKIN4_90_5.txt,OUTPUT_SKIN12_90_5.txt,0.012136517,1,0.012136711,0.012136055,0.012136262,0.012136735,0.011258352
293,INPUT_SKIN4_90_5.txt,OUTPUT_SKIN2_90_5.txt,0.01884587,1,0.018846171,0.018845152,0.018845473,0.018846209,0.017473724
294,INPUT_SKIN4_90_5.txt,OUTPUT_SKIN3_90_5.txt,0.104071716,1,0.104081201,0.104078429,0.104070942,0.104083358,0.085804355
295,INPUT_SKIN4_90_5.txt,OUTPUT_SKIN4_90_5.txt,-499333.5,1,-499325.5,-499352.5,-499344,-499324.5,-554981.5
296,INPUT_SKIN4_90_5.txt,OUTPUT_SKIN5_90_5.txt,0.406371316,1,0.40647934,0.406407189,0.40649597,0.406322698,0.503103994
297,INPUT_SKIN4_90_5.txt,OUTPUT_SKIN6_90_5.txt,0.138698921,1,0.138717098,0.138696714,0.138657804,0.138708487,0.164502191
298,INPUT_SKIN4_90_5.txt,OUTPUT_SKIN7_90_5.txt,0.590799722,1,0.590794176,0.590779103,0.590840098,0.590846713,0.608324039
299,INPUT_SKIN4_90_5.txt,OUTPUT_SKIN8_90_5.txt,0.252650855,1,0.252522505,0.252561204,0.252655328,0.252630863,0.253995852
300,INPUT_SKIN4_90_5.txt,OUTPUT_SKIN9_90_5.txt,0.110556805,1,0.110557729,0.110569168,0.110547222,0.110558169,0.104364362
301,INPUT_SKIN5_90_5.txt,OUTPUT_BM1_90_5.txt,3.109658189,1,3.108948184,3.108407044,3.109162932,3.10991081,3.515414265
302,INPUT_SKIN5_90_5.txt,OUTPUT_BM2_90_5.txt,3.84000617,1,3.839446251,3.840336932,3.840353807,3.840361337,4.108971271
303,INPUT_SKIN5_90_5.txt,OUTPUT_GUT_90_5.txt,6.517170762,1,6.516930597,6.517039084,6.515818968,6.51709456,6.81035723
304,INPUT_SKIN5_90_5.txt,OUTPUT_L_90_5.txt,4.549607856,1,4.549154825,4.549528861,4.549040061,4.549959442,4.379310473
305,INPUT_SKIN5_90_5.txt,OUTPUT_LN1_90_5.txt,2.072724901,1,2.071212304,2.070747969,2.071473686,2.071960292,2.354937512
306,INPUT_SKIN5_90_5.txt,OUTPUT_LN2_90_5.txt,0.088321151,1,0.088318266,0.088322371,0.088293778,0.088336031,0.085806634
307,INPUT_SKIN5_90_5.txt,OUTPUT_LUNG_90_5.txt,1.210495646,1,1.210409391,1.210439369,1.210279901,1.210373589,1.198581953
308,INPUT_SKIN5_90_5.txt,OUTPUT_S_90_5.txt,4.617227756,1,4.616647586,4.617021697,4.616505249,4.617360409,4.874216566
309,INPUT_SKIN5_90_5.txt,OUTPUT_SKIN1_90_5.txt,0.470003892,1,0.469945862,0.470001224,0.469828426,0.469949994,0.46055861
310,INPUT_SKIN5_90_5.txt,OUTPUT_SKIN10_90_5.txt,0.14400059,1,0.143985397,0.143994407,0.143981159,0.144008715,0.161772602
311,INPUT_SKIN5_90_5.txt,OUTPUT_SKIN11_90_5.txt,0.242313133,1,0.242159259,0.242304397,0.242149318,0.242173888,0.241370324
312,INPUT_SKIN5_90_5.txt,OUTPUT_SKIN12_90_5.txt,0.015856385,1,0.015854716,0.015855706,0.01585425,0.015857278,0.015250884
313,INPUT_SKIN5_90_5.txt,OUTPUT_SKIN2_90_5.txt,0.131361415,1,0.131349154,0.131356095,0.131343686,0.131368823,0.125075174
314,INPUT_SKIN5_90_5.txt,OUTPUT_SKIN3_90_5.txt,0.088361373,1,0.088357946,0.08836644,0.088350654,0.088373833,0.080440828
315,INPUT_SKIN5_90_5.txt,OUTPUT_SKIN4_90_5.txt,0.152550463,1,0.15252531,0.152555103,0.152535908,0.152549735,0.165465577
316,INPUT_SKIN5_90_5.txt,OUTPUT_SKIN5_90_5.txt,-408511.5,1,-408554.5,-408529,-408566.5,-408488.5,-453999
317,INPUT_SKIN5_90_5.txt,OUTPUT_SKIN6_90_5.txt,0.176549535,1,0.176549627,0.176543221,0.176480972,0.176565409,0.177169645
318,INPUT_SKIN5_90_5.txt,OUTPUT_SKIN7_90_5.txt,1.295197246,1,1.295030793,1.295141065,1.295118649,1.295334573,1.351275191
319,INPUT_SKIN5_90_5.txt,OUTPUT_SKIN8_90_5.txt,0.485519831,1,0.485280566,0.485387443,0.485464476,0.485513103,0.495676796
320,INPUT_SKIN5_90_5.txt,OUTPUT_SKIN9_90_5.txt,0.183989347,1,0.183973247,0.184004445,0.183954717,0.184000185,0.223044058
321,INPUT_SKIN6_90_5.txt,OUTPUT_BM1_90_5.txt,3.103434526,1,3.102525556,3.101321681,3.103709341,3.103528905,3.072382351
322,INPUT_SKIN6_90_5.txt,OUTPUT_BM2_90_5.txt,3.431197007,1,3.430781226,3.432415575,3.433936402,3.43166791,3.506071018
323,INPUT_SKIN6_90_5.txt,OUTPUT_GUT_90_5.txt,0.471471228,1,0.471195944,0.471413864,0.471641266,0.471563153,0.48586808
324,INPUT_SKIN6_90_5.txt,OUTPUT_L_90_5.txt,6.393589331,1,6.393494966,6.394128833,6.395478749,6.395247004,6.47326851
325,INPUT_SKIN6_90_5.txt,OUTPUT_LN1_90_5.txt,0.911493187,1,0.910867039,0.910653721,0.911172686,0.911089434,0.865992646
326,INPUT_SKIN6_90_5.txt,OUTPUT_LN2_90_5.txt,0.067048198,1,0.067049255,0.067052158,0.067045578,0.067054841,0.062575449
327,INPUT_SKIN6_90_5.txt,OUTPUT_LUNG_90_5.txt,0.793887604,1,0.793889696,0.793899702,0.793941665,0.793801868,0.79183846
328,INPUT_SKIN6_90_5.txt,OUTPUT_S_90_5.txt,7.065435886,1,7.065036882,7.06541101,7.066395832,7.065310769,7.234610925
329,INPUT_SKIN6_90_5.txt,OUTPUT_SKIN1_90_5.txt,0.450036638,1,0.450004828,0.450051953,0.449986746,0.449952239,0.431137011
330,INPUT_SKIN6_90_5.txt,OUTPUT_SKIN10_90_5.txt,0.04482125,1,0.044818878,0.044821101,0.044826934,0.044820508,0.042362003
331,INPUT_SKIN6_90_5.txt,OUTPUT_SKIN11_90_5.txt,0.111512364,1,0.11144537,0.111512772,0.11146471,0.111438031,0.105047211
332,INPUT_SKIN6_90_5.txt,OUTPUT_SKIN12_90_5.txt,0.018506333,1,0.018505354,0.018506272,0.018508679,0.018506027,0.02644978
333,INPUT_SKIN6_90_5.txt,OUTPUT_SKIN2_90_5.txt,0.096815086,1,0.096811135,0.096815001,0.096827375,0.096813483,0.106773037
334,INPUT_SKIN6_90_5.txt,OUTPUT_SKIN3_90_5.txt,0.08529995,1,0.085300774,0.085307672,0.085311703,0.085305503,0.080980281
335,INPUT_SKIN6_90_5.txt,OUTPUT_SKIN4_90_5.txt,0.103081358,1,0.103070928,0.103088852,0.103098768,0.103074268,0.111486853
336,INPUT_SKIN6_90_5.txt,OUTPUT_SKIN5_90_5.txt,0.430466348,1,0.430534147,0.430487295,0.430647723,0.430414033,0.429872562
337,INPUT_SKIN6_90_5.txt,OUTPUT_SKIN6_90_5.txt,-453690,1,-453714,-453691.5,-453632.5,-453697.5,-504110
338,INPUT_SKIN6_90_5.txt,OUTPUT_SKIN7_90_5.txt,0.73788515,1,0.737829919,0.737882739,0.738031194,0.737911917,0.726250303
339,INPUT_SKIN6_90_5.txt,OUTPUT_SKIN8_90_5.txt,0.334770625,1,0.334730061,0.335004248,0.334788472,0.334867206,0.334506777
340,INPUT_SKIN6_90_5.txt,OUTPUT_SKIN9_90_5.txt,0.188967446,1,0.188959259,0.188988866,0.188979722,0.188961703,0.184360558
341,INPUT_SKIN7_90_5.txt,OUTPUT_BM1_90_5.txt,4.292790446,1,4.294374398,4.291681532,4.294057274,4.294521839,4.244144486
342,INPUT_SKIN7_90_5.txt,OUTPUT_BM2_90_5.txt,6.877212062,1,6.877527262,6.876769966,6.876061998,6.876592295,7.171450421
343,INPUT_SKIN7_90_5.txt,OUTPUT_GUT_90_5.txt,7.571484786,1,7.572431629,7.571640446,7.570819565,7.570738126,7.89643666
344,INPUT_SKIN7_90_5.txt,OUTPUT_L_90_5.txt,5.600642265,1,5.600882996,5.600705961,5.600442411,5.600403549,5.718612652
345,INPUT_SKIN7_90_5.txt,OUTPUT_LN1_90_5.txt,4.540252363,1,4.53741834,4.53611128,4.537917042,4.538249825,4.231037391
346,INPUT_SKIN7_90_5.txt,OUTPUT_LN2_90_5.txt,0.077007603,1,0.077015596,0.07701186,0.076993424,0.077015732,0.065205824
347,INPUT_SKIN7_90_5.txt,OUTPUT_LUNG_90_5.txt,2.192011742,1,2.192289066,2.192095605,2.191926171,2.191739517,2.227078049
348,INPUT_SKIN7_90_5.txt,OUTPUT_S_90_5.txt,6.110357894,1,6.110561479,6.110358902,6.110072654,6.109982552,6.363664742
349,INPUT_SKIN7_90_5.txt,OUTPUT_SKIN1_90_5.txt,0.643261043,1,0.643256635,0.643285065,0.643085639,0.643133631,0.604004257
350,INPUT_SKIN7_90_5.txt,OUTPUT_SKIN10_90_5.txt,0.271448343,1,0.2714513,0.271448341,0.271438904,0.271440953,0.255659188
351,INPUT_SKIN7_90_5.txt,OUTPUT_SKIN11_90_5.txt,0.185816567,1,0.185721135,0.185817849,0.185710571,0.185695276,0.147894986
352,INPUT_SKIN7_90_5.txt,OUTPUT_SKIN12_90_5.txt,0.050525622,1,0.050526176,0.050525622,0.050523882,0.050524237,0.076283016
353,INPUT_SKIN7_90_5.txt,OUTPUT_SKIN2_90_5.txt,0.172823658,1,0.172827656,0.172824078,0.1728177,0.172818902,0.16183953
354,INPUT_SKIN7_90_5.txt,OUTPUT_SKIN3_90_5.txt,0.122496077,1,0.122515629,0.122520644,0.122499631,0.122510085,0.16995624
355,INPUT_SKIN7_90_5.txt,OUTPUT_SKIN4_90_5.txt,0.084681335,1,0.084679556,0.084687759,0.08468197,0.084675968,0.078629698
356,INPUT_SKIN7_90_5.txt,OUTPUT_SKIN5_90_5.txt,207.5552617,1,207.5530591,207.5545266,207.5642595,207.5561829,215.9378892
357,INPUT_SKIN7_90_5.txt,OUTPUT_SKIN6_90_5.txt,0.060165536,1,0.060172662,0.060165942,0.060147974,0.060165913,0.056318205
358,INPUT_SKIN7_90_5.txt,OUTPUT_SKIN7_90_5.txt,-639540,1,-639533,-639540,-639562,-639557.5,-710118
359,INPUT_SKIN7_90_5.txt,OUTPUT_SKIN8_90_5.txt,1.876664365,1,1.875697106,1.876290731,1.876752227,1.876964121,0.901534031
360,INPUT_SKIN7_90_5.txt,OUTPUT_SKIN9_90_5.txt,0.433413785,1,0.433426208,0.433467843,0.43337572,0.433403037,0.574786354
361,INPUT_SKIN8_90_5.txt,OUTPUT_BM1_90_5.txt,10.26595525,1,10.26837905,10.26831059,10.2660383,10.26639479,10.26956481
362,INPUT_SKIN8_90_5.txt,OUTPUT_BM2_90_5.txt,10.59729382,1,10.59951255,10.59790646,10.59601189,10.59748659,10.59986301
363,INPUT_SKIN8_90_5.txt,OUTPUT_GUT_90_5.txt,11.81626342,1,11.81965837,11.81745093,11.81584081,11.81612509,11.82185865
364,INPUT_SKIN8_90_5.txt,OUTPUT_L_90_5.txt,9.397979847,1,9.399660691,9.398959217,9.397720964,9.397996384,9.401080083
365,INPUT_SKIN8_90_5.txt,OUTPUT_LN1_90_5.txt,84.54337136,1,84.52798124,84.55124075,84.49119169,84.56769656,84.36813918
366,INPUT_SKIN8_90_5.txt,OUTPUT_LN2_90_5.txt,46.15147459,1,46.16052765,46.1567905,46.13841794,46.15427578,45.96864016
367,INPUT_SKIN8_90_5.txt,OUTPUT_LUNG_90_5.txt,281.1327472,1,281.2294112,281.2107632,281.0363308,281.1921032,282.2037121
368,INPUT_SKIN8_90_5.txt,OUTPUT_S_90_5.txt,9.467975703,1,9.469812092,9.469137674,9.467999859,9.46841205,9.464994542
369,INPUT_SKIN8_90_5.txt,OUTPUT_SKIN1_90_5.txt,54.33283398,1,54.34915466,54.34751014,54.32508254,54.33296506,54.36344574
370,INPUT_SKIN8_90_5.txt,OUTPUT_SKIN10_90_5.txt,37.46545934,1,37.47220931,37.47137387,37.4665433,37.47015152,37.69797335
371,INPUT_SKIN8_90_5.txt,OUTPUT_SKIN11_90_5.txt,94.96960795,1,95.0248195,94.98477391,94.99909923,94.95752627,94.72965549
372,INPUT_SKIN8_90_5.txt,OUTPUT_SKIN12_90_5.txt,19.44493758,1,19.4491016,19.44757237,19.44475003,19.4459583,18.58649007
373,INPUT_SKIN8_90_5.txt,OUTPUT_SKIN2_90_5.txt,56.67551552,1,56.69160199,56.68631525,56.67537338,56.68066498,56.74742633
374,INPUT_SKIN8_90_5.txt,OUTPUT_SKIN3_90_5.txt,40.33602417,1,40.34258959,40.34156068,40.33588581,40.33856808,39.87296413
375,INPUT_SKIN8_90_5.txt,OUTPUT_SKIN4_90_5.txt,17.0111074,1,17.01379939,17.01461332,17.01143844,17.01158156,16.78593574
376,INPUT_SKIN8_90_5.txt,OUTPUT_SKIN5_90_5.txt,114.6494651,1,114.649505,114.6768498,114.6053008,114.6581496,114.8731598
377,INPUT_SKIN8_90_5.txt,OUTPUT_SKIN6_90_5.txt,41.59048682,1,41.59779863,41.59683785,41.58181921,41.59268857,41.73001339
378,INPUT_SKIN8_90_5.txt,OUTPUT_SKIN7_90_5.txt,268.2122453,1,268.2803861,268.3478068,268.1395869,268.2228212,268.6682053
379,INPUT_SKIN8_90_5.txt,OUTPUT_SKIN8_90_5.txt,-884028,1,-883866,-883933.5,-884038,-883994,-981716.5
380,INPUT_SKIN8_90_5.txt,OUTPUT_SKIN9_90_5.txt,81.68351825,1,81.70630535,81.7083711,81.67985092,81.69360178,81.64970781
381,INPUT_SKIN9_90_5.txt,OUTPUT_BM1_90_5.txt,2.675076011,1,2.676548705,2.673834434,2.676612527,2.677022316,2.909255825
382,INPUT_SKIN9_90_5.txt,OUTPUT_BM2_90_5.txt,3.531113634,1,3.530993627,3.531363355,3.532097355,3.531314499,3.598291753
383,INPUT_SKIN9_90_5.txt,OUTPUT_GUT_90_5.txt,6.048233222,1,6.04874674,6.047958829,6.048154964,6.047998372,6.139881912
384,INPUT_SKIN9_90_5.txt,OUTPUT_L_90_5.txt,4.615303673,1,4.615269414,4.615007471,4.615409577,4.615269876,4.694515355
385,INPUT_SKIN9_90_5.txt,OUTPUT_LN1_90_5.txt,0.738107531,1,0.737636925,0.737389427,0.737778561,0.737793369,0.684634297
386,INPUT_SKIN9_90_5.txt,OUTPUT_LN2_90_5.txt,0.103872978,1,0.10390096,0.103872428,0.103877514,0.103905477,0.100595104
387,INPUT_SKIN9_90_5.txt,OUTPUT_LUNG_90_5.txt,0.847387395,1,0.847443474,0.84735366,0.847372109,0.847311062,0.818445872
388,INPUT_SKIN9_90_5.txt,OUTPUT_S_90_5.txt,4.30132009,1,4.301281459,4.301043272,4.301438644,4.301314551,4.390929912
389,INPUT_SKIN9_90_5.txt,OUTPUT_SKIN1_90_5.txt,0.639368645,1,0.639351449,0.639352787,0.639231528,0.639256882,0.658514195
390,INPUT_SKIN9_90_5.txt,OUTPUT_SKIN10_90_5.txt,0.085159484,1,0.085158724,0.085154161,0.085161766,0.085159376,0.083710962
391,INPUT_SKIN9_90_5.txt,OUTPUT_SKIN11_90_5.txt,0.156680418,1,0.156596952,0.156671693,0.15660076,0.156582389,0.145302713
392,INPUT_SKIN9_90_5.txt,OUTPUT_SKIN12_90_5.txt,0.104680311,1,0.104679376,0.104673765,0.104683117,0.104680178,0.097036705
393,INPUT_SKIN9_90_5.txt,OUTPUT_SKIN2_90_5.txt,0.03276324,1,0.032763346,0.032761272,0.032764117,0.032763198,0.02998838
394,INPUT_SKIN9_90_5.txt,OUTPUT_SKIN3_90_5.txt,0.072593701,1,0.072597349,0.072596994,0.07259686,0.072599128,0.073127255
395,INPUT_SKIN9_90_5.txt,OUTPUT_SKIN4_90_5.txt,0.091327184,1,0.091317623,0.091328525,0.091333401,0.091318215,0.084555138
396,INPUT_SKIN9_90_5.txt,OUTPUT_SKIN5_90_5.txt,0.465202361,1,0.465296045,0.465213175,0.465339974,0.465149449,0.44932842
397,INPUT_SKIN9_90_5.txt,OUTPUT_SKIN6_90_5.txt,0.061303026,1,0.061309069,0.061299611,0.061288878,0.061305008,0.056938486
398,INPUT_SKIN9_90_5.txt,OUTPUT_SKIN7_90_5.txt,1.029122531,1,1.029090486,1.029057944,1.029225955,1.029173324,1.034660655
399,INPUT_SKIN9_90_5.txt,OUTPUT_SKIN8_90_5.txt,0.488474516,1,0.488294577,0.488334779,0.488574868,0.488516976,0.488922273
400,INPUT_SKIN9_90_5.txt,OUTPUT_SKIN9_90_5.txt,-392336,1,-392339.5,-392360.5,-392325.5,-392336.5,-435753
401,INPUT_BM1_90_5.txt,OUTPUT_BM1_90_5.txt,-855948.5,2,-856268,-856153,-856177.5,-856252.5,-951201
402,INPUT_BM1_90_5.txt,OUTPUT_BM2_90_5.txt,129.5427137,2,129.425241,129.5137232,129.4494836,129.441476,129.8298093
403,INPUT_BM1_90_5.txt,OUTPUT_GUT_90_5.txt,NA,2,NA,NA,NA,NA,NA
404,INPUT_BM1_90_5.txt,OUTPUT_L_90_5.txt,19.35247258,2,19.34410165,19.33646684,19.3424347,19.35391392,24.0608955
405,INPUT_BM1_90_5.txt,OUTPUT_LN1_90_5.txt,0.047200576,2,0.047196114,0.047189884,0.047187907,0.047191394,0.045663873
406,INPUT_BM1_90_5.txt,OUTPUT_LN2_90_5.txt,0.061157753,2,0.061131974,0.061155166,0.061160647,0.061143324,0.070900764
407,INPUT_BM1_90_5.txt,OUTPUT_LUNG_90_5.txt,0.0871844,2,0.087082353,0.087133085,0.08706328,0.087193799,0.081307395
408,INPUT_BM1_90_5.txt,OUTPUT_S_90_5.txt,29.88818883,2,29.89489742,29.87614975,29.85683952,29.8634254,34.44193136
409,INPUT_BM1_90_5.txt,OUTPUT_SKIN1_90_5.txt,0.031773412,2,0.031762342,0.031766701,0.031764822,0.031763892,0.030661354
410,INPUT_BM1_90_5.txt,OUTPUT_SKIN10_90_5.txt,0.090562943,2,0.090501428,0.090545401,0.090546785,0.090498616,0.12935261
411,INPUT_BM1_90_5.txt,OUTPUT_SKIN11_90_5.txt,0.230154343,2,0.230058715,0.230039973,0.230059963,0.230067722,0.082507006
412,INPUT_BM1_90_5.txt,OUTPUT_SKIN12_90_5.txt,0.141420384,2,0.141374141,0.141376275,0.141358438,0.141360641,0.152626658
413,INPUT_BM1_90_5.txt,OUTPUT_SKIN2_90_5.txt,0.010177688,2,0.010176042,0.010178021,0.010178545,0.010176838,0.009846031
414,INPUT_BM1_90_5.txt,OUTPUT_SKIN3_90_5.txt,0.068574198,2,0.06854857,0.068557782,0.068555619,0.06855002,0.026777978
415,INPUT_BM1_90_5.txt,OUTPUT_SKIN4_90_5.txt,0.112445817,2,0.112390965,0.112345553,0.112362014,0.112342151,0.112330875
416,INPUT_BM1_90_5.txt,OUTPUT_SKIN5_90_5.txt,0.132663305,2,0.132602244,0.132653998,0.132646992,0.132635777,0.130827381
417,INPUT_BM1_90_5.txt,OUTPUT_SKIN6_90_5.txt,1.060584603,2,1.06017553,1.060176767,1.060264509,1.060045743,1.074709047
418,INPUT_BM1_90_5.txt,OUTPUT_SKIN7_90_5.txt,0.114756775,2,0.114653629,0.114693154,0.114747173,0.114723289,0.111940794
419,INPUT_BM1_90_5.txt,OUTPUT_SKIN8_90_5.txt,0.0746723,2,0.07464951,0.074654419,0.074647859,0.074649255,0.072489359
420,INPUT_BM1_90_5.txt,OUTPUT_SKIN9_90_5.txt,0.092483436,2,0.092447699,0.092460523,0.092456555,0.09244898,0.093931793
421,INPUT_BM2_90_5.txt,OUTPUT_BM1_90_5.txt,944.8106798,2,946.4818598,945.5465049,946.2553316,946.3793438,955.6192163
422,INPUT_BM2_90_5.txt,OUTPUT_BM2_90_5.txt,-607403.5,2,-607204.5,-607392,-607212,-607238,-673829
423,INPUT_BM2_90_5.txt,OUTPUT_GUT_90_5.txt,NA,2,NA,NA,NA,NA,NA
424,INPUT_BM2_90_5.txt,OUTPUT_L_90_5.txt,164.8753372,2,164.924095,164.7771582,164.8889419,164.9980296,168.9911648
425,INPUT_BM2_90_5.txt,OUTPUT_LN1_90_5.txt,0.062860065,2,0.06289702,0.062861988,0.062879802,0.062886574,0.059663888
426,INPUT_BM2_90_5.txt,OUTPUT_LN2_90_5.txt,0.163011968,2,0.163059828,0.163047526,0.163114595,0.163077467,0.151290185
427,INPUT_BM2_90_5.txt,OUTPUT_LUNG_90_5.txt,0.661630259,2,0.661319183,0.661411161,0.661096029,0.662117784,0.603704263
428,INPUT_BM2_90_5.txt,OUTPUT_S_90_5.txt,313.387581,2,313.6366082,313.3402602,313.2351957,313.3112551,325.5159912
429,INPUT_BM2_90_5.txt,OUTPUT_SKIN1_90_5.txt,0.009736368,2,0.009739754,0.009736768,0.009739418,0.009739454,0.008886661
430,INPUT_BM2_90_5.txt,OUTPUT_SKIN10_90_5.txt,0.39515735,2,0.395123236,0.395158105,0.395290277,0.395101704,0.397072533
431,INPUT_BM2_90_5.txt,OUTPUT_SKIN11_90_5.txt,0.142385232,2,0.142442668,0.142370461,0.142426918,0.142437223,0.12968726
432,INPUT_BM2_90_5.txt,OUTPUT_SKIN12_90_5.txt,0.334985385,2,0.335113464,0.334970051,0.335042572,0.335058684,0.329477297
433,INPUT_BM2_90_5.txt,OUTPUT_SKIN2_90_5.txt,0.060161673,2,0.060194706,0.060179855,0.060202754,0.060195147,0.05690901
434,INPUT_BM2_90_5.txt,OUTPUT_SKIN3_90_5.txt,0.059904334,2,0.059924004,0.059905471,0.059923071,0.059920882,0.054556641
435,INPUT_BM2_90_5.txt,OUTPUT_SKIN4_90_5.txt,0.252821672,2,0.252878943,0.252672957,0.252789645,0.252757839,0.265802972
436,INPUT_BM2_90_5.txt,OUTPUT_SKIN5_90_5.txt,0.289203684,2,0.289245884,0.289217187,0.289304042,0.289277866,0.288823218
437,INPUT_BM2_90_5.txt,OUTPUT_SKIN6_90_5.txt,0.772765545,2,0.77301972,0.772672954,0.772989854,0.772868857,0.780790757
438,INPUT_BM2_90_5.txt,OUTPUT_SKIN7_90_5.txt,0.187459068,2,0.18743217,0.18741195,0.187550043,0.187515009,0.189347538
439,INPUT_BM2_90_5.txt,OUTPUT_SKIN8_90_5.txt,0.322784864,2,0.322916019,0.322791038,0.322873914,0.322887765,0.319782544
440,INPUT_BM2_90_5.txt,OUTPUT_SKIN9_90_5.txt,0.271760251,2,0.271866895,0.271766104,0.271860807,0.271833459,0.267889986
441,INPUT_GUT_90_5.txt,OUTPUT_BM1_90_5.txt,NA,2,NA,NA,NA,NA,NA
442,INPUT_GUT_90_5.txt,OUTPUT_BM2_90_5.txt,NA,2,NA,NA,NA,NA,NA
443,INPUT_GUT_90_5.txt,OUTPUT_GUT_90_5.txt,NA,2,NA,NA,NA,NA,NA
444,INPUT_GUT_90_5.txt,OUTPUT_L_90_5.txt,NA,2,NA,NA,NA,NA,NA
445,INPUT_GUT_90_5.txt,OUTPUT_LN1_90_5.txt,NA,2,NA,NA,NA,NA,NA
446,INPUT_GUT_90_5.txt,OUTPUT_LN2_90_5.txt,NA,2,NA,NA,NA,NA,NA
447,INPUT_GUT_90_5.txt,OUTPUT_LUNG_90_5.txt,NA,2,NA,NA,NA,NA,NA
448,INPUT_GUT_90_5.txt,OUTPUT_S_90_5.txt,NA,2,NA,NA,NA,NA,NA
449,INPUT_GUT_90_5.txt,OUTPUT_SKIN1_90_5.txt,NA,2,NA,NA,NA,NA,NA
450,INPUT_GUT_90_5.txt,OUTPUT_SKIN10_90_5.txt,NA,2,NA,NA,NA,NA,NA
451,INPUT_GUT_90_5.txt,OUTPUT_SKIN11_90_5.txt,NA,2,NA,NA,NA,NA,NA
452,INPUT_GUT_90_5.txt,OUTPUT_SKIN12_90_5.txt,NA,2,NA,NA,NA,NA,NA
453,INPUT_GUT_90_5.txt,OUTPUT_SKIN2_90_5.txt,NA,2,NA,NA,NA,NA,NA
454,INPUT_GUT_90_5.txt,OUTPUT_SKIN3_90_5.txt,NA,2,NA,NA,NA,NA,NA
455,INPUT_GUT_90_5.txt,OUTPUT_SKIN4_90_5.txt,NA,2,NA,NA,NA,NA,NA
456,INPUT_GUT_90_5.txt,OUTPUT_SKIN5_90_5.txt,NA,2,NA,NA,NA,NA,NA
457,INPUT_GUT_90_5.txt,OUTPUT_SKIN6_90_5.txt,NA,2,NA,NA,NA,NA,NA
458,INPUT_GUT_90_5.txt,OUTPUT_SKIN7_90_5.txt,NA,2,NA,NA,NA,NA,NA
459,INPUT_GUT_90_5.txt,OUTPUT_SKIN8_90_5.txt,NA,2,NA,NA,NA,NA,NA
460,INPUT_GUT_90_5.txt,OUTPUT_SKIN9_90_5.txt,NA,2,NA,NA,NA,NA,NA
461,INPUT_L_90_5.txt,OUTPUT_BM1_90_5.txt,1311.316544,2,1312.669705,1312.793934,1312.265387,1312.085517,1355.28046
462,INPUT_L_90_5.txt,OUTPUT_BM2_90_5.txt,1594.170164,2,1593.632702,1594.233344,1593.670903,1593.642461,1649.926782
463,INPUT_L_90_5.txt,OUTPUT_GUT_90_5.txt,NA,2,NA,NA,NA,NA,NA
464,INPUT_L_90_5.txt,OUTPUT_L_90_5.txt,-1115724.5,2,-1115688.5,-1115392.5,-1115582.5,-1115963,-1239363
465,INPUT_L_90_5.txt,OUTPUT_LN1_90_5.txt,0.070340179,2,0.070360972,0.070361991,0.070349001,0.070335842,0.065796832
466,INPUT_L_90_5.txt,OUTPUT_LN2_90_5.txt,0.075241922,2,0.07524088,0.075278289,0.075274329,0.075234143,0.076435444
467,INPUT_L_90_5.txt,OUTPUT_LUNG_90_5.txt,0.710275525,2,0.709731475,0.710238643,0.709568353,0.710452558,0.66820184
468,INPUT_L_90_5.txt,OUTPUT_S_90_5.txt,1169.248663,2,1169.483121,1169.078821,1168.92248,1169.157509,1218.036376
469,INPUT_L_90_5.txt,OUTPUT_SKIN1_90_5.txt,0.004644925,2,0.004645162,0.004646404,0.004645507,0.004644124,0.004488507
470,INPUT_L_90_5.txt,OUTPUT_SKIN10_90_5.txt,1.404115938,2,1.403962362,1.404753316,1.40458555,1.403424853,1.455301558
471,INPUT_L_90_5.txt,OUTPUT_SKIN11_90_5.txt,0.375853675,2,0.375825355,0.375843482,0.375824318,0.375740291,0.374712921
472,INPUT_L_90_5.txt,OUTPUT_SKIN12_90_5.txt,0.366792678,2,0.366818849,0.366880421,0.366796338,0.366693658,0.338284557
473,INPUT_L_90_5.txt,OUTPUT_SKIN2_90_5.txt,0.014069052,2,0.014072458,0.014077032,0.014075751,0.014069833,0.01322641
474,INPUT_L_90_5.txt,OUTPUT_SKIN3_90_5.txt,0.263171034,2,0.263179086,0.26324948,0.263203404,0.263115139,0.091724643
475,INPUT_L_90_5.txt,OUTPUT_SKIN4_90_5.txt,0.146614329,2,0.146603278,0.146571047,0.146569058,0.146507505,0.149418509
476,INPUT_L_90_5.txt,OUTPUT_SKIN5_90_5.txt,0.253807425,2,0.253768864,0.25389513,0.253845518,0.253750831,0.247030776
477,INPUT_L_90_5.txt,OUTPUT_SKIN6_90_5.txt,4.313868116,2,4.313958544,4.31460073,4.314278434,4.312217813,4.472815616
478,INPUT_L_90_5.txt,OUTPUT_SKIN7_90_5.txt,0.120799987,2,0.120744733,0.120801011,0.120831443,0.120777628,0.117505783
479,INPUT_L_90_5.txt,OUTPUT_SKIN8_90_5.txt,0.264472128,2,0.264514736,0.264551293,0.264510811,0.264425917,0.258513547
480,INPUT_L_90_5.txt,OUTPUT_SKIN9_90_5.txt,0.268955632,2,0.268974369,0.269033143,0.268997032,0.268892588,0.247618957
481,INPUT_LN1_90_5.txt,OUTPUT_BM1_90_5.txt,11.14315993,2,11.14368004,11.14409611,11.14448986,11.14377754,11.70458495
482,INPUT_LN1_90_5.txt,OUTPUT_BM2_90_5.txt,12.10148571,2,12.09912417,12.10116242,12.10042198,12.09943424,12.48541506
483,INPUT_LN1_90_5.txt,OUTPUT_GUT_90_5.txt,NA,2,NA,NA,NA,NA,NA
484,INPUT_LN1_90_5.txt,OUTPUT_L_90_5.txt,10.75051783,2,10.74908589,10.74879624,10.74977142,10.7505261,9.031524428
485,INPUT_LN1_90_5.txt,OUTPUT_LN1_90_5.txt,-507755.5,2,-507821.5,-507758.5,-507755,-507793.5,-564324.5
486,INPUT_LN1_90_5.txt,OUTPUT_LN2_90_5.txt,1.614220902,2,1.61393152,1.614505831,1.614714746,1.614270652,0.502725773
487,INPUT_LN1_90_5.txt,OUTPUT_LUNG_90_5.txt,0.656000101,2,0.655414645,0.655776181,0.655296109,0.656240745,0.611115765
488,INPUT_LN1_90_5.txt,OUTPUT_S_90_5.txt,7.879957959,2,7.880993501,7.879214238,7.877189237,7.877531371,8.378040813
489,INPUT_LN1_90_5.txt,OUTPUT_SKIN1_90_5.txt,0.071344961,2,0.071337006,0.071346012,0.071344883,0.071342564,0.066247388
490,INPUT_LN1_90_5.txt,OUTPUT_SKIN10_90_5.txt,39.77955543,2,39.7563083,39.78144862,39.78405527,39.75712602,40.87212082
491,INPUT_LN1_90_5.txt,OUTPUT_SKIN11_90_5.txt,0.712206108,2,0.712025074,0.711960161,0.712050383,0.712079146,0.669401242
492,INPUT_LN1_90_5.txt,OUTPUT_SKIN12_90_5.txt,1.163503332,2,1.163418584,1.163418868,1.16331852,1.163345942,1.011129914
493,INPUT_LN1_90_5.txt,OUTPUT_SKIN2_90_5.txt,23.01513572,2,23.00884794,23.01177501,23.01107647,23.00971814,23.69423683
494,INPUT_LN1_90_5.txt,OUTPUT_SKIN3_90_5.txt,0.197047008,2,0.197021333,0.197045838,0.197046569,0.197032851,0.182088389
495,INPUT_LN1_90_5.txt,OUTPUT_SKIN4_90_5.txt,17.16902048,2,17.16660597,17.17092974,17.17050555,17.16922694,17.64980706
496,INPUT_LN1_90_5.txt,OUTPUT_SKIN5_90_5.txt,1.318943272,2,1.318484848,1.318965461,1.318991056,1.318801908,1.133194444
497,INPUT_LN1_90_5.txt,OUTPUT_SKIN6_90_5.txt,45.83035436,2,45.82192535,45.83105027,45.83041969,45.82565396,47.1054653
498,INPUT_LN1_90_5.txt,OUTPUT_SKIN7_90_5.txt,0.701577623,2,0.701129262,0.701366128,0.701712144,0.701533023,0.817153435
499,INPUT_LN1_90_5.txt,OUTPUT_SKIN8_90_5.txt,37.19155274,2,37.18811292,37.19153726,37.1924324,37.1906492,3.12366459
500,INPUT_LN1_90_5.txt,OUTPUT_SKIN9_90_5.txt,1.407146809,2,1.407087171,1.407148517,1.407259287,1.407037995,1.086490117
501,INPUT_LN2_90_5.txt,OUTPUT_BM1_90_5.txt,8.516891543,2,8.521937095,8.519853514,8.519968283,8.521495723,7.831025962
502,INPUT_LN2_90_5.txt,OUTPUT_BM2_90_5.txt,25.2709871,2,25.26551239,25.27377797,25.27064866,25.2687554,24.24284058
503,INPUT_LN2_90_5.txt,OUTPUT_GUT_90_5.txt,NA,2,NA,NA,NA,NA,NA
504,INPUT_LN2_90_5.txt,OUTPUT_L_90_5.txt,13.36822701,2,13.36771518,13.36335003,13.36629853,13.37211052,12.37050209
505,INPUT_LN2_90_5.txt,OUTPUT_LN1_90_5.txt,0.180504746,2,0.180553403,0.18049053,0.180477386,0.180530819,0.215070028
506,INPUT_LN2_90_5.txt,OUTPUT_LN2_90_5.txt,-429885,2,-429875,-429924,-429950,-429908,-477289
507,INPUT_LN2_90_5.txt,OUTPUT_LUNG_90_5.txt,46.79636999,2,46.79956395,46.80982344,46.82060596,46.80081117,46.78835939
508,INPUT_LN2_90_5.txt,OUTPUT_S_90_5.txt,20.23450619,2,20.23962276,20.2345659,20.22971871,20.23111571,19.36072305
509,INPUT_LN2_90_5.txt,OUTPUT_SKIN1_90_5.txt,4.174097631,2,4.174284066,4.17379533,4.173426887,4.174052819,4.14660644
510,INPUT_LN2_90_5.txt,OUTPUT_SKIN10_90_5.txt,1.846210389,2,1.846614504,1.846658528,1.84670509,1.845949397,1.81696774
511,INPUT_LN2_90_5.txt,OUTPUT_SKIN11_90_5.txt,0.698059154,2,0.697989007,0.697757993,0.697800578,0.697951022,0.666157977
512,INPUT_LN2_90_5.txt,OUTPUT_SKIN12_90_5.txt,0.778253874,2,0.778295617,0.778131375,0.778018133,0.778146182,0.754121774
513,INPUT_LN2_90_5.txt,OUTPUT_SKIN2_90_5.txt,0.228780347,2,0.228833168,0.228820463,0.228824535,0.228829018,0.206308666
514,INPUT_LN2_90_5.txt,OUTPUT_SKIN3_90_5.txt,0.234687991,2,0.234693501,0.234666681,0.234651684,0.23467624,0.213605806
515,INPUT_LN2_90_5.txt,OUTPUT_SKIN4_90_5.txt,1.431895367,2,1.431785008,1.430934356,1.431066836,1.431101581,1.394724194
516,INPUT_LN2_90_5.txt,OUTPUT_SKIN5_90_5.txt,0.814018238,2,0.81397815,0.814091202,0.81396615,0.814057542,0.901611497
517,INPUT_LN2_90_5.txt,OUTPUT_SKIN6_90_5.txt,8.866556355,2,8.866701723,8.864670069,8.865100937,8.864940111,8.777062481
518,INPUT_LN2_90_5.txt,OUTPUT_SKIN7_90_5.txt,0.270932673,2,0.270798356,0.27083048,0.270945956,0.270924936,0.382440304
519,INPUT_LN2_90_5.txt,OUTPUT_SKIN8_90_5.txt,0.473322693,2,0.473369595,0.473279475,0.473226328,0.473319401,0.441718689
520,INPUT_LN2_90_5.txt,OUTPUT_SKIN9_90_5.txt,0.489041268,2,0.489048972,0.488992272,0.488957561,0.489006663,0.572492405
521,INPUT_LUNG_90_5.txt,OUTPUT_BM1_90_5.txt,5.389858475,2,5.395934862,5.393211059,5.394246595,5.392298653,5.587214222
522,INPUT_LUNG_90_5.txt,OUTPUT_BM2_90_5.txt,11.7045426,2,11.70148916,11.70605456,11.70357646,11.6957438,13.4303357
523,INPUT_LUNG_90_5.txt,OUTPUT_GUT_90_5.txt,NA,2,NA,NA,NA,NA,NA
524,INPUT_LUNG_90_5.txt,OUTPUT_L_90_5.txt,8.784943669,2,8.787854392,8.781357698,8.787529849,8.786673131,9.112131769
525,INPUT_LUNG_90_5.txt,OUTPUT_LN1_90_5.txt,0.069237374,2,0.06926078,0.069249076,0.069276585,0.069231792,0.072033802
526,INPUT_LUNG_90_5.txt,OUTPUT_LN2_90_5.txt,0.1169662,2,0.117007315,0.117008741,0.1170686,0.116951998,0.12739243
527,INPUT_LUNG_90_5.txt,OUTPUT_LUNG_90_5.txt,-397453.5,2,-397295,-397384,-397230.5,-397545.5,-441502.5
528,INPUT_LUNG_90_5.txt,OUTPUT_S_90_5.txt,5.214766829,2,5.219849609,5.214704359,5.213395743,5.210955678,5.572140888
529,INPUT_LUNG_90_5.txt,OUTPUT_SKIN1_90_5.txt,0.068254498,2,0.068283497,0.068268364,0.068292701,0.06824248,0.066453963
530,INPUT_LUNG_90_5.txt,OUTPUT_SKIN10_90_5.txt,0.15247478,2,0.152469827,0.152497457,0.152561635,0.152374669,0.159232313
531,INPUT_LUNG_90_5.txt,OUTPUT_SKIN11_90_5.txt,0.189034005,2,0.189098461,0.189016047,0.189110936,0.188983278,0.17736239
532,INPUT_LUNG_90_5.txt,OUTPUT_SKIN12_90_5.txt,0.18847663,2,0.188547568,0.188515829,0.188598344,0.18843723,0.192387313
533,INPUT_LUNG_90_5.txt,OUTPUT_SKIN2_90_5.txt,0.014704004,2,0.014712501,0.01470995,0.014716631,0.014703971,0.013761192
534,INPUT_LUNG_90_5.txt,OUTPUT_SKIN3_90_5.txt,0.068130254,2,0.068157493,0.068142195,0.068168466,0.068114571,0.0647519
535,INPUT_LUNG_90_5.txt,OUTPUT_SKIN4_90_5.txt,0.100649445,2,0.100689808,0.100676349,0.100712537,0.100634174,0.101444477
536,INPUT_LUNG_90_5.txt,OUTPUT_SKIN5_90_5.txt,0.193481601,2,0.193564435,0.193509784,0.193584213,0.193428912,0.19795381
537,INPUT_LUNG_90_5.txt,OUTPUT_SKIN6_90_5.txt,0.476238157,2,0.476427998,0.476256306,0.476493759,0.476058827,0.485419845
538,INPUT_LUNG_90_5.txt,OUTPUT_SKIN7_90_5.txt,0.148585021,2,0.148615307,0.148582531,0.148669725,0.148548124,0.150130179
539,INPUT_LUNG_90_5.txt,OUTPUT_SKIN8_90_5.txt,0.094876041,2,0.094916186,0.094892684,0.094927266,0.09485563,0.090203084
540,INPUT_LUNG_90_5.txt,OUTPUT_SKIN9_90_5.txt,0.188541068,2,0.188614496,0.188573125,0.18864406,0.188495806,0.18887231
541,INPUT_S_90_5.txt,OUTPUT_BM1_90_5.txt,189.5461836,2,189.6330521,189.6635088,189.6369603,189.75643,191.4665242
542,INPUT_S_90_5.txt,OUTPUT_BM2_90_5.txt,168.6950853,2,168.5233321,168.7055768,168.6594654,168.6459791,163.7043171
543,INPUT_S_90_5.txt,OUTPUT_GUT_90_5.txt,NA,2,NA,NA,NA,NA,NA
544,INPUT_S_90_5.txt,OUTPUT_L_90_5.txt,383.8153875,2,383.6298645,383.5966783,383.9128634,384.1605591,375.5505994
545,INPUT_S_90_5.txt,OUTPUT_LN1_90_5.txt,0.106197824,2,0.106193973,0.106209001,0.106241401,0.106244305,0.099832139
546,INPUT_S_90_5.txt,OUTPUT_LN2_90_5.txt,0.16034942,2,0.160294096,0.160395575,0.160465704,0.160409633,0.158245427
547,INPUT_S_90_5.txt,OUTPUT_LUNG_90_5.txt,63.87167541,2,63.79165074,63.85358806,63.8223399,63.92458674,64.28425062
548,INPUT_S_90_5.txt,OUTPUT_S_90_5.txt,-406259.5,2,-406380,-406222,-406093,-406155.5,-451516.5
549,INPUT_S_90_5.txt,OUTPUT_SKIN1_90_5.txt,0.005264573,2,0.00526311,0.005265168,0.005266721,0.005266139,0.004834957
550,INPUT_S_90_5.txt,OUTPUT_SKIN10_90_5.txt,0.940127272,2,0.939424841,0.940191051,0.940530449,0.939969818,0.955330281
551,INPUT_S_90_5.txt,OUTPUT_SKIN11_90_5.txt,0.240453699,2,0.240356392,0.240397562,0.240503408,0.240495075,0.226178028
552,INPUT_S_90_5.txt,OUTPUT_SKIN12_90_5.txt,0.433168766,2,0.433040948,0.433207659,0.433347051,0.43328088,0.432863337
553,INPUT_S_90_5.txt,OUTPUT_SKIN2_90_5.txt,0.097498274,2,0.097484052,0.097526285,0.09756296,0.097542304,0.097997009
554,INPUT_S_90_5.txt,OUTPUT_SKIN3_90_5.txt,0.08063831,2,0.080614338,0.080645774,0.080671212,0.080659257,0.073719262
555,INPUT_S_90_5.txt,OUTPUT_SKIN4_90_5.txt,0.267197482,2,0.267106465,0.267200893,0.267290468,0.267248205,0.263367166
556,INPUT_S_90_5.txt,OUTPUT_SKIN5_90_5.txt,0.406297854,2,0.406141403,0.406326688,0.406455373,0.40638176,0.399687102
557,INPUT_S_90_5.txt,OUTPUT_SKIN6_90_5.txt,4.660947149,2,4.659398952,4.660740988,4.662909435,4.661562805,4.727153508
558,INPUT_S_90_5.txt,OUTPUT_SKIN7_90_5.txt,0.248228228,2,0.248043226,0.248166366,0.248346208,0.248292016,0.242094554
559,INPUT_S_90_5.txt,OUTPUT_SKIN8_90_5.txt,0.34291267,2,0.342826416,0.342944676,0.343058069,0.343006351,0.329581824
560,INPUT_S_90_5.txt,OUTPUT_SKIN9_90_5.txt,0.377440479,2,0.377340758,0.377469551,0.377605197,0.377529741,0.373634862
561,INPUT_SKIN1_90_5.txt,OUTPUT_BM1_90_5.txt,5.727979179,2,5.730703673,5.729767612,5.729879022,5.730665383,5.683826894
562,INPUT_SKIN1_90_5.txt,OUTPUT_BM2_90_5.txt,7.133229214,2,7.13082293,7.133188262,7.130813779,7.13135744,6.879317714
563,INPUT_SKIN1_90_5.txt,OUTPUT_GUT_90_5.txt,NA,2,NA,NA,NA,NA,NA
564,INPUT_SKIN1_90_5.txt,OUTPUT_L_90_5.txt,3.736378034,2,3.736217172,3.734711803,3.735654778,3.737609361,3.578071062
565,INPUT_SKIN1_90_5.txt,OUTPUT_LN1_90_5.txt,0.074368583,2,0.074351084,0.074365652,0.07436866,0.074350267,0.073145806
566,INPUT_SKIN1_90_5.txt,OUTPUT_LN2_90_5.txt,0.101177614,2,0.101171779,0.101195581,0.101209093,0.101186743,0.098450241
567,INPUT_SKIN1_90_5.txt,OUTPUT_LUNG_90_5.txt,0.39254085,2,0.392231907,0.392403194,0.392111124,0.392711158,0.361470127
568,INPUT_SKIN1_90_5.txt,OUTPUT_S_90_5.txt,2.386133423,2,2.387321282,2.385758155,2.384487297,2.3850961,2.266675632
569,INPUT_SKIN1_90_5.txt,OUTPUT_SKIN1_90_5.txt,-483922,2,-483926.5,-483927,-483921.5,-483932,-537363
570,INPUT_SKIN1_90_5.txt,OUTPUT_SKIN10_90_5.txt,0.322846317,2,0.322684163,0.322823157,0.322835618,0.322692347,0.314594234
571,INPUT_SKIN1_90_5.txt,OUTPUT_SKIN11_90_5.txt,0.302534329,2,0.302516027,0.302453624,0.302490628,0.302520147,0.296065741
572,INPUT_SKIN1_90_5.txt,OUTPUT_SKIN12_90_5.txt,0.369575618,2,0.369587299,0.369546858,0.36951806,0.369555004,0.358856388
573,INPUT_SKIN1_90_5.txt,OUTPUT_SKIN2_90_5.txt,0.027203712,2,0.027209236,0.027210848,0.027213343,0.027210566,0.0247218
574,INPUT_SKIN1_90_5.txt,OUTPUT_SKIN3_90_5.txt,0.123694417,2,0.123693267,0.123693139,0.123694554,0.123691852,0.128540094
575,INPUT_SKIN1_90_5.txt,OUTPUT_SKIN4_90_5.txt,0.203365471,2,0.203355714,0.203224677,0.203267961,0.203240159,0.208148375
576,INPUT_SKIN1_90_5.txt,OUTPUT_SKIN5_90_5.txt,0.270085878,2,0.270018077,0.270085332,0.270099164,0.270073694,0.268458641
577,INPUT_SKIN1_90_5.txt,OUTPUT_SKIN6_90_5.txt,0.373443422,2,0.373438459,0.373388729,0.373432651,0.373383392,0.367486377
578,INPUT_SKIN1_90_5.txt,OUTPUT_SKIN7_90_5.txt,0.207764804,2,0.207764576,0.207813671,0.207809094,0.207770765,0.228374709
579,INPUT_SKIN1_90_5.txt,OUTPUT_SKIN8_90_5.txt,0.167735557,2,0.167744754,0.167733824,0.167724584,0.167740161,0.159460215
580,INPUT_SKIN1_90_5.txt,OUTPUT_SKIN9_90_5.txt,0.343413673,2,0.343440129,0.343413094,0.343450377,0.343403185,0.332346992
581,INPUT_SKIN10_90_5.txt,OUTPUT_BM1_90_5.txt,2.615320244,2,2.615570944,2.616170466,2.616239151,2.615432623,2.503327482
582,INPUT_SKIN10_90_5.txt,OUTPUT_BM2_90_5.txt,5.694962661,2,5.686983089,5.694828941,5.694593765,5.686987443,5.724748272
583,INPUT_SKIN10_90_5.txt,OUTPUT_GUT_90_5.txt,NA,2,NA,NA,NA,NA,NA
584,INPUT_SKIN10_90_5.txt,OUTPUT_L_90_5.txt,2.947709011,2,2.946106312,2.94664107,2.947399483,2.946940475,2.864826465
585,INPUT_SKIN10_90_5.txt,OUTPUT_LN1_90_5.txt,0.092904117,2,0.092894282,0.092903575,0.092906085,0.092904962,0.09711798
586,INPUT_SKIN10_90_5.txt,OUTPUT_LN2_90_5.txt,0.123177322,2,0.123201274,0.123203959,0.12321705,0.123218394,0.127793658
587,INPUT_SKIN10_90_5.txt,OUTPUT_LUNG_90_5.txt,0.500836021,2,0.500527552,0.500685141,0.500319661,0.501111219,0.475324398
588,INPUT_SKIN10_90_5.txt,OUTPUT_S_90_5.txt,4.702855362,2,4.69918434,4.702493666,4.701796097,4.69709599,4.738097588
589,INPUT_SKIN10_90_5.txt,OUTPUT_SKIN1_90_5.txt,0.00423999,2,0.004241118,0.004240214,0.004240054,0.004241143,0.005915057
590,INPUT_SKIN10_90_5.txt,OUTPUT_SKIN10_90_5.txt,-406276.5,2,-406176.5,-406264,-406269.5,-406184,-450642
591,INPUT_SKIN10_90_5.txt,OUTPUT_SKIN11_90_5.txt,0.642179835,2,0.642319452,0.642084839,0.642142698,0.642320735,0.680258809
592,INPUT_SKIN10_90_5.txt,OUTPUT_SKIN12_90_5.txt,0.827557688,2,0.827741524,0.827520634,0.827429679,0.827632954,0.764480154
593,INPUT_SKIN10_90_5.txt,OUTPUT_SKIN2_90_5.txt,0.017429722,2,0.017437719,0.017435015,0.01743618,0.017438448,0.029456081
594,INPUT_SKIN10_90_5.txt,OUTPUT_SKIN3_90_5.txt,0.0836898,2,0.083710335,0.083692374,0.083690975,0.08370906,0.079308993
595,INPUT_SKIN10_90_5.txt,OUTPUT_SKIN4_90_5.txt,0.375286948,2,0.375334189,0.375041713,0.375105418,0.375148942,0.372002381
596,INPUT_SKIN10_90_5.txt,OUTPUT_SKIN5_90_5.txt,0.330067791,2,0.330071051,0.330084285,0.330089221,0.330135475,0.336321272
597,INPUT_SKIN10_90_5.txt,OUTPUT_SKIN6_90_5.txt,0.748276599,2,0.748421826,0.748200074,0.748270016,0.748309139,0.771194975
598,INPUT_SKIN10_90_5.txt,OUTPUT_SKIN7_90_5.txt,0.298602009,2,0.298520079,0.298527479,0.29866698,0.298682039,0.303115553
599,INPUT_SKIN10_90_5.txt,OUTPUT_SKIN8_90_5.txt,0.245470023,2,0.245548021,0.245477549,0.245459963,0.245537398,0.236612518
600,INPUT_SKIN10_90_5.txt,OUTPUT_SKIN9_90_5.txt,0.54598483,2,0.546168211,0.546002307,0.54603658,0.546106001,0.525399056
601,INPUT_SKIN11_90_5.txt,OUTPUT_BM1_90_5.txt,13.03119717,2,13.03941202,13.03695446,13.03356578,13.03859992,13.62959735
602,INPUT_SKIN11_90_5.txt,OUTPUT_BM2_90_5.txt,27.24139042,2,27.23299402,27.24101532,27.23303584,27.23456859,26.64834611
603,INPUT_SKIN11_90_5.txt,OUTPUT_GUT_90_5.txt,NA,2,NA,NA,NA,NA,NA
604,INPUT_SKIN11_90_5.txt,OUTPUT_L_90_5.txt,13.70323283,2,13.70317635,13.6982444,13.70128398,13.70826081,13.53932574
605,INPUT_SKIN11_90_5.txt,OUTPUT_LN1_90_5.txt,0.238860156,2,0.238791085,0.238894101,0.238889306,0.238885119,0.23179077
606,INPUT_SKIN11_90_5.txt,OUTPUT_LN2_90_5.txt,0.368467951,2,0.368473461,0.368598722,0.368621264,0.368526596,0.35416749
607,INPUT_SKIN11_90_5.txt,OUTPUT_LUNG_90_5.txt,0.636479595,2,0.636015976,0.636366277,0.635841781,0.636803816,0.576232493
608,INPUT_SKIN11_90_5.txt,OUTPUT_S_90_5.txt,26.90969561,2,26.91857974,26.9072127,26.89890087,26.90348207,26.14578384
609,INPUT_SKIN11_90_5.txt,OUTPUT_SKIN1_90_5.txt,1.482787386,2,1.482910471,1.483080104,1.482951261,1.482930909,1.43679043
610,INPUT_SKIN11_90_5.txt,OUTPUT_SKIN10_90_5.txt,0.813200974,2,0.812848722,0.813293056,0.813265299,0.812869209,0.730921482
611,INPUT_SKIN11_90_5.txt,OUTPUT_SKIN11_90_5.txt,-419935.5,2,-419909.5,-419863.5,-419889,-419914,-466601
612,INPUT_SKIN11_90_5.txt,OUTPUT_SKIN12_90_5.txt,1.531355555,2,1.53133412,1.531510641,1.531271331,1.531137757,1.441406675
613,INPUT_SKIN11_90_5.txt,OUTPUT_SKIN2_90_5.txt,0.057662016,2,0.057677818,0.057687616,0.057688737,0.057680671,0.052910245
614,INPUT_SKIN11_90_5.txt,OUTPUT_SKIN3_90_5.txt,0.813458487,2,0.813509294,0.813599672,0.813546894,0.813503117,0.837362237
615,INPUT_SKIN11_90_5.txt,OUTPUT_SKIN4_90_5.txt,0.436341798,2,0.43631764,0.436122613,0.436174678,0.436108718,0.417602775
616,INPUT_SKIN11_90_5.txt,OUTPUT_SKIN5_90_5.txt,1.05752688,2,1.057371671,1.057759396,1.057696856,1.057547786,1.040842936
617,INPUT_SKIN11_90_5.txt,OUTPUT_SKIN6_90_5.txt,26.78097432,2,26.78275153,26.78217139,26.78339229,26.77872264,26.68406117
618,INPUT_SKIN11_90_5.txt,OUTPUT_SKIN7_90_5.txt,0.518239788,2,0.51801572,0.518204563,0.518421837,0.518286209,0.541289051
619,INPUT_SKIN11_90_5.txt,OUTPUT_SKIN8_90_5.txt,0.665428005,2,0.665507344,0.665543302,0.665453926,0.665494085,0.639222919
620,INPUT_SKIN11_90_5.txt,OUTPUT_SKIN9_90_5.txt,1.266072402,2,1.266253364,1.266290203,1.266303408,1.266124245,1.250646628
621,INPUT_SKIN12_90_5.txt,OUTPUT_BM1_90_5.txt,4.558127872,2,4.557805729,4.558169955,4.558440549,4.55809674,4.629193412
622,INPUT_SKIN12_90_5.txt,OUTPUT_BM2_90_5.txt,4.505100514,2,4.505184247,4.505273652,4.505688607,4.505431902,4.575066862
623,INPUT_SKIN12_90_5.txt,OUTPUT_GUT_90_5.txt,NA,2,NA,NA,NA,NA,NA
624,INPUT_SKIN12_90_5.txt,OUTPUT_L_90_5.txt,4.399416102,2,4.399281687,4.39965284,4.399820408,4.399495635,4.464484311
625,INPUT_SKIN12_90_5.txt,OUTPUT_LN1_90_5.txt,0.194633535,2,0.194679658,0.194642575,0.194649328,0.194669676,0.175581956
626,INPUT_SKIN12_90_5.txt,OUTPUT_LN2_90_5.txt,0.604360463,2,0.604314816,0.604487435,0.60458812,0.604441966,0.486927393
627,INPUT_SKIN12_90_5.txt,OUTPUT_LUNG_90_5.txt,0.171756131,2,0.171619263,0.171704276,0.171584967,0.171838079,0.306808878
628,INPUT_SKIN12_90_5.txt,OUTPUT_S_90_5.txt,4.427180967,2,4.426871573,4.427394316,4.427805403,4.427479941,4.497828117
629,INPUT_SKIN12_90_5.txt,OUTPUT_SKIN1_90_5.txt,0.015469583,2,0.015469441,0.015470468,0.015470829,0.015470773,0.018956489
630,INPUT_SKIN12_90_5.txt,OUTPUT_SKIN10_90_5.txt,82.69384781,2,82.68430709,82.69332649,82.6982701,82.69398516,83.71853506
631,INPUT_SKIN12_90_5.txt,OUTPUT_SKIN11_90_5.txt,0.863637995,2,0.863511998,0.863396229,0.863533549,0.863582225,1.134821419
632,INPUT_SKIN12_90_5.txt,OUTPUT_SKIN12_90_5.txt,-506984,2,-506999,-506966.5,-506942,-506968,-563027.5
633,INPUT_SKIN12_90_5.txt,OUTPUT_SKIN2_90_5.txt,0.074437925,2,0.07445154,0.07446081,0.07447039,0.074460589,0.068103918
634,INPUT_SKIN12_90_5.txt,OUTPUT_SKIN3_90_5.txt,0.373604662,2,0.373593544,0.373617628,0.373634554,0.373617709,0.508115409
635,INPUT_SKIN12_90_5.txt,OUTPUT_SKIN4_90_5.txt,43.68203589,2,43.67726264,43.66207981,43.66796249,43.66402095,44.24426905
636,INPUT_SKIN12_90_5.txt,OUTPUT_SKIN5_90_5.txt,2.55388747,2,2.553220382,2.554034387,2.554189443,2.553875204,2.273503911
637,INPUT_SKIN12_90_5.txt,OUTPUT_SKIN6_90_5.txt,16.53284942,2,16.5323184,16.53554257,16.53501586,16.53553342,16.8447019
638,INPUT_SKIN12_90_5.txt,OUTPUT_SKIN7_90_5.txt,2.879589232,2,2.877955335,2.878796145,2.88041734,2.879722874,2.508080049
639,INPUT_SKIN12_90_5.txt,OUTPUT_SKIN8_90_5.txt,12.23675309,2,12.23709007,12.23720566,12.23690462,12.23776742,12.90926517
640,INPUT_SKIN12_90_5.txt,OUTPUT_SKIN9_90_5.txt,4.706429958,2,4.706273192,4.706159775,4.706755063,4.706113176,4.364656603
641,INPUT_SKIN2_90_5.txt,OUTPUT_BM1_90_5.txt,5.791510345,2,5.791886265,5.791050335,5.788245602,5.791372793,6.004505995
642,INPUT_SKIN2_90_5.txt,OUTPUT_BM2_90_5.txt,5.506092014,2,5.50452499,5.505225272,5.504141104,5.504502625,5.549508554
643,INPUT_SKIN2_90_5.txt,OUTPUT_GUT_90_5.txt,NA,2,NA,NA,NA,NA,NA
644,INPUT_SKIN2_90_5.txt,OUTPUT_L_90_5.txt,4.69831926,2,4.697661425,4.696574591,4.696944446,4.698384486,4.926139127
645,INPUT_SKIN2_90_5.txt,OUTPUT_LN1_90_5.txt,0.108866941,2,0.108838762,0.1088518,0.108850083,0.108909829,0.105767935
646,INPUT_SKIN2_90_5.txt,OUTPUT_LN2_90_5.txt,0.135897125,2,0.135876203,0.13590401,0.135914953,0.135893703,0.13490711
647,INPUT_SKIN2_90_5.txt,OUTPUT_LUNG_90_5.txt,0.208265295,2,0.208081321,0.208165846,0.20800082,0.2083307,0.19551866
648,INPUT_SKIN2_90_5.txt,OUTPUT_S_90_5.txt,6.349299036,2,6.349054269,6.348196497,6.3473873,6.347923509,6.514379015
649,INPUT_SKIN2_90_5.txt,OUTPUT_SKIN1_90_5.txt,0.03167469,2,0.031671911,0.03167102,0.031669027,0.031671674,0.035640022
650,INPUT_SKIN2_90_5.txt,OUTPUT_SKIN10_90_5.txt,0.404555064,2,0.404313141,0.404474884,0.404469508,0.404315663,0.411238261
651,INPUT_SKIN2_90_5.txt,OUTPUT_SKIN11_90_5.txt,0.674815115,2,0.674753669,0.674601353,0.674641526,0.67474694,0.630906383
652,INPUT_SKIN2_90_5.txt,OUTPUT_SKIN12_90_5.txt,0.929922667,2,0.929581743,0.929735456,0.929602981,0.929474131,0.889761202
653,INPUT_SKIN2_90_5.txt,OUTPUT_SKIN2_90_5.txt,-348117,2,-348154,-348164.5,-348178.5,-348164.5,-386854
654,INPUT_SKIN2_90_5.txt,OUTPUT_SKIN3_90_5.txt,0.232281481,2,0.232256674,0.232249635,0.232239501,0.232250384,0.220776871
655,INPUT_SKIN2_90_5.txt,OUTPUT_SKIN4_90_5.txt,0.697757842,2,0.697601236,0.697183457,0.697283903,0.697246865,0.703154034
656,INPUT_SKIN2_90_5.txt,OUTPUT_SKIN5_90_5.txt,0.44525579,2,0.445102899,0.445203868,0.445193617,0.44517893,0.436414658
657,INPUT_SKIN2_90_5.txt,OUTPUT_SKIN6_90_5.txt,0.901481479,2,0.901380031,0.901238681,0.901293308,0.901235017,0.930741297
658,INPUT_SKIN2_90_5.txt,OUTPUT_SKIN7_90_5.txt,0.289473183,2,0.289288343,0.289370992,0.289499046,0.289445157,0.292574916
659,INPUT_SKIN2_90_5.txt,OUTPUT_SKIN8_90_5.txt,0.40255852,2,0.402544075,0.402503324,0.402462729,0.402522806,0.39439968
660,INPUT_SKIN2_90_5.txt,OUTPUT_SKIN9_90_5.txt,0.603923081,2,0.603908503,0.603837124,0.603859125,0.603832056,0.604519995
661,INPUT_SKIN3_90_5.txt,OUTPUT_BM1_90_5.txt,5.254480079,2,5.257075057,5.256133582,5.256300684,5.256930951,4.996020558
662,INPUT_SKIN3_90_5.txt,OUTPUT_BM2_90_5.txt,13.14828275,2,13.14724234,13.14822265,13.14730609,13.14739304,13.12312353
663,INPUT_SKIN3_90_5.txt,OUTPUT_GUT_90_5.txt,NA,2,NA,NA,NA,NA,NA
664,INPUT_SKIN3_90_5.txt,OUTPUT_L_90_5.txt,4.696017764,2,4.695803092,4.694079188,4.695193725,4.697398645,4.529468545
665,INPUT_SKIN3_90_5.txt,OUTPUT_LN1_90_5.txt,0.128303822,2,0.128229364,0.128296119,0.12830403,0.128233889,0.127214341
666,INPUT_SKIN3_90_5.txt,OUTPUT_LN2_90_5.txt,0.115726187,2,0.115720679,0.115748097,0.115762157,0.1157391,0.110634148
667,INPUT_SKIN3_90_5.txt,OUTPUT_LUNG_90_5.txt,0.488956379,2,0.488578035,0.488790464,0.488424908,0.489175246,0.443367805
668,INPUT_SKIN3_90_5.txt,OUTPUT_S_90_5.txt,11.7502016,2,11.75161075,11.74976285,11.7482743,11.74896302,12.0932463
669,INPUT_SKIN3_90_5.txt,OUTPUT_SKIN1_90_5.txt,0.039829025,2,0.039829765,0.039829848,0.039829007,0.039830606,0.041895959
670,INPUT_SKIN3_90_5.txt,OUTPUT_SKIN10_90_5.txt,1.115992039,2,1.115438736,1.115923641,1.115956153,1.115477735,1.046499265
671,INPUT_SKIN3_90_5.txt,OUTPUT_SKIN11_90_5.txt,0.793414126,2,0.793443203,0.793287698,0.793367819,0.793458767,0.767875689
672,INPUT_SKIN3_90_5.txt,OUTPUT_SKIN12_90_5.txt,1.206613478,2,1.206620728,1.20653116,1.206401022,1.206504674,1.208155932
673,INPUT_SKIN3_90_5.txt,OUTPUT_SKIN2_90_5.txt,0.062858846,2,0.062872172,0.062875953,0.062881098,0.062875851,0.058867931
674,INPUT_SKIN3_90_5.txt,OUTPUT_SKIN3_90_5.txt,-307901.5,2,-307901.5,-307901.5,-307901,-307902,-342168
675,INPUT_SKIN3_90_5.txt,OUTPUT_SKIN4_90_5.txt,7.354979205,2,7.35429789,7.351637125,7.352518996,7.352073002,6.966952685
676,INPUT_SKIN3_90_5.txt,OUTPUT_SKIN5_90_5.txt,0.603135878,2,0.602996122,0.603145505,0.603153917,0.603113193,0.603346442
677,INPUT_SKIN3_90_5.txt,OUTPUT_SKIN6_90_5.txt,69.53326145,2,69.53346685,69.53983439,69.53491483,69.5398242,69.6156872
678,INPUT_SKIN3_90_5.txt,OUTPUT_SKIN7_90_5.txt,0.416001337,2,0.415782563,0.415881961,0.416081956,0.416004602,0.397946826
679,INPUT_SKIN3_90_5.txt,OUTPUT_SKIN8_90_5.txt,0.309397506,2,0.309418853,0.309397506,0.309379101,0.309411832,0.334809469
680,INPUT_SKIN3_90_5.txt,OUTPUT_SKIN9_90_5.txt,0.736128154,2,0.736192008,0.736127708,0.736184916,0.736120436,0.744944069
681,INPUT_SKIN4_90_5.txt,OUTPUT_BM1_90_5.txt,2.744299458,2,2.745988182,2.7461692,2.745107508,2.746511681,2.914985715
682,INPUT_SKIN4_90_5.txt,OUTPUT_BM2_90_5.txt,3.410897162,2,3.409608499,3.412049365,3.410361075,3.410725994,3.510637313
683,INPUT_SKIN4_90_5.txt,OUTPUT_GUT_90_5.txt,NA,2,NA,NA,NA,NA,NA
684,INPUT_SKIN4_90_5.txt,OUTPUT_L_90_5.txt,2.746090487,2,2.746125346,2.745871369,2.746263741,2.747814714,2.989283685
685,INPUT_SKIN4_90_5.txt,OUTPUT_LN1_90_5.txt,0.051347428,2,0.051329899,0.051363728,0.051361029,0.051370215,0.050566164
686,INPUT_SKIN4_90_5.txt,OUTPUT_LN2_90_5.txt,0.069232556,2,0.069233373,0.0692695,0.069271594,0.069261031,0.077079648
687,INPUT_SKIN4_90_5.txt,OUTPUT_LUNG_90_5.txt,0.328850672,2,0.328615797,0.328852803,0.328575793,0.329097239,0.32286616
688,INPUT_SKIN4_90_5.txt,OUTPUT_S_90_5.txt,1.687835131,2,1.688772642,1.688171827,1.687117345,1.687631796,1.761487719
689,INPUT_SKIN4_90_5.txt,OUTPUT_SKIN1_90_5.txt,0.01688117,2,0.016882491,0.016887327,0.016885388,0.016886907,0.018718469
690,INPUT_SKIN4_90_5.txt,OUTPUT_SKIN10_90_5.txt,0.115105253,2,0.115055465,0.115137831,0.115130336,0.11508722,0.119486685
691,INPUT_SKIN4_90_5.txt,OUTPUT_SKIN11_90_5.txt,0.298654169,2,0.298661964,0.29868536,0.298690522,0.298740184,0.335189711
692,INPUT_SKIN4_90_5.txt,OUTPUT_SKIN12_90_5.txt,0.384919715,2,0.384887782,0.385025603,0.384950791,0.384940339,0.385236825
693,INPUT_SKIN4_90_5.txt,OUTPUT_SKIN2_90_5.txt,0.021641114,2,0.021647006,0.021654466,0.021654214,0.02165348,0.022150034
694,INPUT_SKIN4_90_5.txt,OUTPUT_SKIN3_90_5.txt,0.123492899,2,0.123500279,0.123535498,0.123523684,0.123530266,0.152005847
695,INPUT_SKIN4_90_5.txt,OUTPUT_SKIN4_90_5.txt,-494437.5,2,-494408,-494267.5,-494313,-494290,-549175
696,INPUT_SKIN4_90_5.txt,OUTPUT_SKIN5_90_5.txt,0.220853252,2,0.220815276,0.220935518,0.220923475,0.220916764,0.2333165
697,INPUT_SKIN4_90_5.txt,OUTPUT_SKIN6_90_5.txt,0.210741145,2,0.210752861,0.210785238,0.210788205,0.210774695,0.222148328
698,INPUT_SKIN4_90_5.txt,OUTPUT_SKIN7_90_5.txt,0.221299647,2,0.2211896,0.221327459,0.221417855,0.221373928,0.230519639
699,INPUT_SKIN4_90_5.txt,OUTPUT_SKIN8_90_5.txt,0.148116264,2,0.148134643,0.148167308,0.148143653,0.14816774,0.148039454
700,INPUT_SKIN4_90_5.txt,OUTPUT_SKIN9_90_5.txt,0.306860291,2,0.306895128,0.306969911,0.306954153,0.306959734,0.309280219
701,INPUT_SKIN5_90_5.txt,OUTPUT_BM1_90_5.txt,9.143210193,2,9.143448933,9.142605078,9.142609151,9.142518884,9.142463418
702,INPUT_SKIN5_90_5.txt,OUTPUT_BM2_90_5.txt,8.692307778,2,8.693705245,8.692223036,8.692704692,8.692734378,8.693031484
703,INPUT_SKIN5_90_5.txt,OUTPUT_GUT_90_5.txt,NA,2,NA,NA,NA,NA,NA
704,INPUT_SKIN5_90_5.txt,OUTPUT_L_90_5.txt,8.917365809,2,8.918339478,8.91773789,8.917488711,8.917020207,8.916715276
705,INPUT_SKIN5_90_5.txt,OUTPUT_LN1_90_5.txt,0.666572105,2,0.666820633,0.666573981,0.66656017,0.666723701,0.600713303
706,INPUT_SKIN5_90_5.txt,OUTPUT_LN2_90_5.txt,15.45991826,2,15.46156089,15.46058996,15.4612581,15.46055222,14.34796753
707,INPUT_SKIN5_90_5.txt,OUTPUT_LUNG_90_5.txt,9.924606091,2,9.926806201,9.924962506,9.926094973,9.923990483,9.931016291
708,INPUT_SKIN5_90_5.txt,OUTPUT_S_90_5.txt,8.450386629,2,8.450943323,8.450389892,8.450783211,8.450690835,8.446545287
709,INPUT_SKIN5_90_5.txt,OUTPUT_SKIN1_90_5.txt,0.123513422,2,0.123529488,0.123514602,0.123510983,0.123520558,0.111543591
710,INPUT_SKIN5_90_5.txt,OUTPUT_SKIN10_90_5.txt,80.95525249,2,80.92598505,80.95489097,80.95141569,80.91504129,80.32928085
711,INPUT_SKIN5_90_5.txt,OUTPUT_SKIN11_90_5.txt,4.033815652,2,4.033837791,4.032646804,4.033002127,4.033503436,3.667535037
712,INPUT_SKIN5_90_5.txt,OUTPUT_SKIN12_90_5.txt,275.0946216,2,275.050597,275.1014044,275.1060842,275.0908611,272.4442273
713,INPUT_SKIN5_90_5.txt,OUTPUT_SKIN2_90_5.txt,0.217933575,2,0.218003962,0.217990574,0.218006393,0.21799633,0.196824518
714,INPUT_SKIN5_90_5.txt,OUTPUT_SKIN3_90_5.txt,82.06063861,2,82.07646234,82.05774935,82.05511883,82.05775786,82.29272382
715,INPUT_SKIN5_90_5.txt,OUTPUT_SKIN4_90_5.txt,36.5755486,2,36.57375017,36.56307401,36.56671233,36.56536824,36.47268978
716,INPUT_SKIN5_90_5.txt,OUTPUT_SKIN5_90_5.txt,-453355,2,-453304.5,-453360,-453363,-453347.5,-503772
717,INPUT_SKIN5_90_5.txt,OUTPUT_SKIN6_90_5.txt,33.31778494,2,33.32297115,33.32101454,33.31790616,33.32187303,33.39199095
718,INPUT_SKIN5_90_5.txt,OUTPUT_SKIN7_90_5.txt,19.9145616,2,19.9068262,19.90910229,19.91861748,19.91539803,17.94021181
719,INPUT_SKIN5_90_5.txt,OUTPUT_SKIN8_90_5.txt,94.84254159,2,94.85034804,94.83604205,94.83012668,94.83855722,94.84780181
720,INPUT_SKIN5_90_5.txt,OUTPUT_SKIN9_90_5.txt,134.8825595,2,134.8853744,134.8672747,134.873677,134.8657645,132.7819739
721,INPUT_SKIN6_90_5.txt,OUTPUT_BM1_90_5.txt,12.98081104,2,12.98785967,12.98463169,12.97580061,12.98682679,13.13124561
722,INPUT_SKIN6_90_5.txt,OUTPUT_BM2_90_5.txt,13.30079844,2,13.29465794,13.30063084,13.29492483,13.29588047,16.18452866
723,INPUT_SKIN6_90_5.txt,OUTPUT_GUT_90_5.txt,NA,2,NA,NA,NA,NA,NA
724,INPUT_SKIN6_90_5.txt,OUTPUT_L_90_5.txt,10.22028653,2,10.21977043,10.21582583,10.21820002,10.22398244,10.08895594
725,INPUT_SKIN6_90_5.txt,OUTPUT_LN1_90_5.txt,0.138025673,2,0.137998062,0.138033956,0.138030494,0.138092276,0.140980301
726,INPUT_SKIN6_90_5.txt,OUTPUT_LN2_90_5.txt,0.24257845,2,0.242567344,0.242641095,0.242657695,0.242623012,0.232255382
727,INPUT_SKIN6_90_5.txt,OUTPUT_LUNG_90_5.txt,0.63688312,2,0.636382736,0.636705554,0.636186578,0.637218231,0.587690625
728,INPUT_SKIN6_90_5.txt,OUTPUT_S_90_5.txt,5.108538855,2,5.11122564,5.107946251,5.104890227,5.106475407,5.509660341
729,INPUT_SKIN6_90_5.txt,OUTPUT_SKIN1_90_5.txt,0.055722459,2,0.055723617,0.055727452,0.055723184,0.055728725,0.055337165
730,INPUT_SKIN6_90_5.txt,OUTPUT_SKIN10_90_5.txt,0.44202871,2,0.441811137,0.442032452,0.442020544,0.441858001,0.460870601
731,INPUT_SKIN6_90_5.txt,OUTPUT_SKIN11_90_5.txt,1.096689801,2,1.096680098,1.096526099,1.096585811,1.09677914,1.079769455
732,INPUT_SKIN6_90_5.txt,OUTPUT_SKIN12_90_5.txt,1.184159728,2,1.183901052,1.184171575,1.184008045,1.183885167,1.200989072
733,INPUT_SKIN6_90_5.txt,OUTPUT_SKIN2_90_5.txt,0.114893697,2,0.114917965,0.114932467,0.114935359,0.114932715,0.106237203
734,INPUT_SKIN6_90_5.txt,OUTPUT_SKIN3_90_5.txt,0.501187888,2,0.501188977,0.501222735,0.501193897,0.501225437,0.498490555
735,INPUT_SKIN6_90_5.txt,OUTPUT_SKIN4_90_5.txt,0.873574724,2,0.873481875,0.873113559,0.873204615,0.873184793,0.872067108
736,INPUT_SKIN6_90_5.txt,OUTPUT_SKIN5_90_5.txt,0.785902109,2,0.785737695,0.785982016,0.785951677,0.785944419,0.758974039
737,INPUT_SKIN6_90_5.txt,OUTPUT_SKIN6_90_5.txt,-232391.5,2,-232391,-232375.5,-232388,-232375,-257860.5
738,INPUT_SKIN6_90_5.txt,OUTPUT_SKIN7_90_5.txt,0.465367814,2,0.4651298,0.465305503,0.465490999,0.465414543,0.438505724
739,INPUT_SKIN6_90_5.txt,OUTPUT_SKIN8_90_5.txt,0.541244783,2,0.541287216,0.541282451,0.541226377,0.541308646,0.512846815
740,INPUT_SKIN6_90_5.txt,OUTPUT_SKIN9_90_5.txt,1.042872607,2,1.042937952,1.042920974,1.042939365,1.042914783,1.054212464
741,INPUT_SKIN7_90_5.txt,OUTPUT_BM1_90_5.txt,4.886413621,2,4.888314392,4.887531288,4.886422704,4.886981435,4.772083571
742,INPUT_SKIN7_90_5.txt,OUTPUT_BM2_90_5.txt,5.770932803,2,5.772433402,5.771764263,5.770344482,5.770897087,5.792953243
743,INPUT_SKIN7_90_5.txt,OUTPUT_GUT_90_5.txt,NA,2,NA,NA,NA,NA,NA
744,INPUT_SKIN7_90_5.txt,OUTPUT_L_90_5.txt,5.318515988,2,5.319846935,5.318997414,5.317844245,5.318676732,5.23468212
745,INPUT_SKIN7_90_5.txt,OUTPUT_LN1_90_5.txt,0.743333528,2,0.743716848,0.743448105,0.743254711,0.743441738,0.697601597
746,INPUT_SKIN7_90_5.txt,OUTPUT_LN2_90_5.txt,1.253703378,2,1.253972331,1.25410196,1.253934938,1.253820041,1.175531846
747,INPUT_SKIN7_90_5.txt,OUTPUT_LUNG_90_5.txt,0.15801602,2,0.157933623,0.157985498,0.157827948,0.158086361,0.143402895
748,INPUT_SKIN7_90_5.txt,OUTPUT_S_90_5.txt,4.844230783,2,4.845904662,4.844802003,4.843155329,4.843830279,4.951772631
749,INPUT_SKIN7_90_5.txt,OUTPUT_SKIN1_90_5.txt,0.109149113,2,0.109179154,0.109167727,0.109138423,0.109153213,0.126098504
750,INPUT_SKIN7_90_5.txt,OUTPUT_SKIN10_90_5.txt,53.62096091,2,53.61670282,53.62673357,53.6166872,53.60392908,53.62091195
751,INPUT_SKIN7_90_5.txt,OUTPUT_SKIN11_90_5.txt,2.356635051,2,2.356972319,2.356296297,2.355955957,2.356403159,2.387625044
752,INPUT_SKIN7_90_5.txt,OUTPUT_SKIN12_90_5.txt,3.890954228,2,3.892138784,3.891246534,3.889959015,3.890704396,3.62122106
753,INPUT_SKIN7_90_5.txt,OUTPUT_SKIN2_90_5.txt,19.52739466,2,19.53615185,19.53643898,19.53215127,19.53182243,19.62391508
754,INPUT_SKIN7_90_5.txt,OUTPUT_SKIN3_90_5.txt,52.78897384,2,52.78012834,52.77082421,52.78040456,52.78768858,52.72587466
755,INPUT_SKIN7_90_5.txt,OUTPUT_SKIN4_90_5.txt,75.32434817,2,75.27966304,75.29160819,75.33193063,75.31728854,75.25189856
756,INPUT_SKIN7_90_5.txt,OUTPUT_SKIN5_90_5.txt,3.718883151,2,3.719009628,3.719524291,3.718660406,3.718743766,3.504440827
757,INPUT_SKIN7_90_5.txt,OUTPUT_SKIN6_90_5.txt,24.43241604,2,24.43845165,24.43801817,24.42989114,24.43543064,24.52247172
758,INPUT_SKIN7_90_5.txt,OUTPUT_SKIN7_90_5.txt,-578728.5,2,-578580.5,-578643,-578784.5,-578732,-642217
759,INPUT_SKIN7_90_5.txt,OUTPUT_SKIN8_90_5.txt,3.041683867,2,3.042652915,3.042160336,3.041172717,3.041819024,3.044247077
760,INPUT_SKIN7_90_5.txt,OUTPUT_SKIN9_90_5.txt,7.970382115,2,7.973105421,7.971582066,7.970257494,7.970314422,8.708368782
761,INPUT_SKIN8_90_5.txt,OUTPUT_BM1_90_5.txt,7.394822387,2,7.397561026,7.396643853,7.396431953,7.397373096,7.136943174
762,INPUT_SKIN8_90_5.txt,OUTPUT_BM2_90_5.txt,9.214872459,2,9.212130048,9.214730804,9.212881024,9.212590842,9.29844901
763,INPUT_SKIN8_90_5.txt,OUTPUT_GUT_90_5.txt,NA,2,NA,NA,NA,NA,NA
764,INPUT_SKIN8_90_5.txt,OUTPUT_L_90_5.txt,5.840970458,2,5.840547972,5.83877955,5.840233798,5.842389573,5.99218074
765,INPUT_SKIN8_90_5.txt,OUTPUT_LN1_90_5.txt,0.122198474,2,0.122227842,0.122200519,0.122203305,0.122232536,0.1182056
766,INPUT_SKIN8_90_5.txt,OUTPUT_LN2_90_5.txt,0.220877838,2,0.22086113,0.220918872,0.220953138,0.220896992,0.225117496
767,INPUT_SKIN8_90_5.txt,OUTPUT_LUNG_90_5.txt,0.20325775,2,0.203091765,0.203187525,0.203039946,0.20334581,0.187261142
768,INPUT_SKIN8_90_5.txt,OUTPUT_S_90_5.txt,3.931641316,2,3.933255405,3.931102336,3.929398079,3.930047952,3.918996207
769,INPUT_SKIN8_90_5.txt,OUTPUT_SKIN1_90_5.txt,0.015367916,2,0.015367781,0.015368256,0.015368448,0.015368226,0.018121063
770,INPUT_SKIN8_90_5.txt,OUTPUT_SKIN10_90_5.txt,0.243449336,2,0.243322354,0.243434343,0.243449898,0.243332463,0.237867094
771,INPUT_SKIN8_90_5.txt,OUTPUT_SKIN11_90_5.txt,0.610873361,2,0.610881015,0.610780059,0.610862631,0.610896754,0.572734075
772,INPUT_SKIN8_90_5.txt,OUTPUT_SKIN12_90_5.txt,1.274098939,2,1.274030051,1.274011231,1.273919385,1.27390273,1.267927612
773,INPUT_SKIN8_90_5.txt,OUTPUT_SKIN2_90_5.txt,0.065838376,2,0.065850476,0.065856334,0.065864045,0.065854747,0.079547643
774,INPUT_SKIN8_90_5.txt,OUTPUT_SKIN3_90_5.txt,0.213731298,2,0.213725142,0.213731298,0.213738486,0.213726819,0.21640883
775,INPUT_SKIN8_90_5.txt,OUTPUT_SKIN4_90_5.txt,0.568658891,2,0.568575517,0.568270223,0.568394877,0.568308147,0.559627071
776,INPUT_SKIN8_90_5.txt,OUTPUT_SKIN5_90_5.txt,0.510993698,2,0.510859247,0.510996914,0.511028809,0.51096187,0.532892962
777,INPUT_SKIN8_90_5.txt,OUTPUT_SKIN6_90_5.txt,0.537262121,2,0.537244268,0.537189152,0.537266081,0.537173797,0.542262465
778,INPUT_SKIN8_90_5.txt,OUTPUT_SKIN7_90_5.txt,0.44411013,2,0.443866799,0.443983548,0.444225214,0.444117718,0.450697484
779,INPUT_SKIN8_90_5.txt,OUTPUT_SKIN8_90_5.txt,-435210.5,2,-435223,-435210.5,-435194.5,-435221,-483313.5
780,INPUT_SKIN8_90_5.txt,OUTPUT_SKIN9_90_5.txt,0.925349639,2,0.925402606,0.925348485,0.925453186,0.925318518,0.937278531
781,INPUT_SKIN9_90_5.txt,OUTPUT_BM1_90_5.txt,2.786128685,2,2.786602156,2.786504543,2.786467678,2.786702884,2.875078203
782,INPUT_SKIN9_90_5.txt,OUTPUT_BM2_90_5.txt,3.944177502,2,3.944068958,3.944165455,3.944086663,3.944244004,4.038888568
783,INPUT_SKIN9_90_5.txt,OUTPUT_GUT_90_5.txt,NA,2,NA,NA,NA,NA,NA
784,INPUT_SKIN9_90_5.txt,OUTPUT_L_90_5.txt,3.088072228,2,3.087876946,3.08768242,3.087775186,3.088337106,3.266311928
785,INPUT_SKIN9_90_5.txt,OUTPUT_LN1_90_5.txt,0.283162282,2,0.283224839,0.283164554,0.283149813,0.283206022,0.32527507
786,INPUT_SKIN9_90_5.txt,OUTPUT_LN2_90_5.txt,0.397574509,2,0.397537365,0.397643457,0.397675775,0.397615892,0.386718237
787,INPUT_SKIN9_90_5.txt,OUTPUT_LUNG_90_5.txt,4.58589543,2,4.586177638,4.586097157,4.586407492,4.585601602,4.716814834
788,INPUT_SKIN9_90_5.txt,OUTPUT_S_90_5.txt,3.902174393,2,3.901906696,3.902182826,3.902118221,3.902242813,3.998461964
789,INPUT_SKIN9_90_5.txt,OUTPUT_SKIN1_90_5.txt,0.005625169,2,0.005625009,0.005625266,0.00562492,0.00562541,0.005235335
790,INPUT_SKIN9_90_5.txt,OUTPUT_SKIN10_90_5.txt,66.5545777,2,66.54299118,66.54998042,66.54719813,66.54864972,68.30601428
791,INPUT_SKIN9_90_5.txt,OUTPUT_SKIN11_90_5.txt,0.915297517,2,0.915147115,0.915009318,0.915072808,0.915208717,0.978189922
792,INPUT_SKIN9_90_5.txt,OUTPUT_SKIN12_90_5.txt,3.329733645,2,3.329771559,3.329486979,3.32903851,3.329522797,2.981654063
793,INPUT_SKIN9_90_5.txt,OUTPUT_SKIN2_90_5.txt,16.69682149,2,16.69939975,16.70041634,16.70135247,16.70025011,17.08817629
794,INPUT_SKIN9_90_5.txt,OUTPUT_SKIN3_90_5.txt,0.461458884,2,0.461436961,0.461456958,0.461437889,0.461460284,0.534958034
795,INPUT_SKIN9_90_5.txt,OUTPUT_SKIN4_90_5.txt,45.56192333,2,45.55759228,45.54778874,45.54997999,45.55008929,46.54632889
796,INPUT_SKIN9_90_5.txt,OUTPUT_SKIN5_90_5.txt,1.00556099,2,1.005284704,1.005578781,1.005553852,1.00552653,0.942904748
797,INPUT_SKIN9_90_5.txt,OUTPUT_SKIN6_90_5.txt,15.7359268,2,15.73541955,15.73786273,15.73579535,15.73785272,16.2189581
798,INPUT_SKIN9_90_5.txt,OUTPUT_SKIN7_90_5.txt,1.286361486,2,1.285628234,1.285966462,1.286556675,1.286374603,0.834551195
799,INPUT_SKIN9_90_5.txt,OUTPUT_SKIN8_90_5.txt,73.19795578,2,73.19807896,73.19223989,73.18896992,73.1944678,74.99822957
800,INPUT_SKIN9_90_5.txt,OUTPUT_SKIN9_90_5.txt,-367423,2,-367440.5,-367424.5,-367438.5,-367423,-407986
801,INPUT_BM1_90_5.txt,OUTPUT_BM1_90_5.txt,-586607,3,-586268,-586445.5,-586619,-586285.5,-651990
802,INPUT_BM1_90_5.txt,OUTPUT_BM2_90_5.txt,6.763932121,3,6.765449631,6.759381234,6.759340333,6.765812602,7.296595406
803,INPUT_BM1_90_5.txt,OUTPUT_GUT_90_5.txt,NA,3,NA,NA,NA,NA,NA
804,INPUT_BM1_90_5.txt,OUTPUT_L_90_5.txt,5.410677909,3,5.411743359,5.413225993,5.407847611,5.413008947,5.411939833
805,INPUT_BM1_90_5.txt,OUTPUT_LN1_90_5.txt,0.530170419,3,0.530479629,0.530317774,0.530159487,0.530464001,0.55875748
806,INPUT_BM1_90_5.txt,OUTPUT_LN2_90_5.txt,0.057333016,3,0.057381022,0.057333662,0.057323717,0.057356896,0.062074174
807,INPUT_BM1_90_5.txt,OUTPUT_LUNG_90_5.txt,432.2054703,3,431.9318137,432.0750538,432.217699,431.9567572,446.7893324
808,INPUT_BM1_90_5.txt,OUTPUT_S_90_5.txt,NA,3,NA,NA,NA,NA,NA
809,INPUT_BM1_90_5.txt,OUTPUT_SKIN1_90_5.txt,0.024584633,3,0.024598878,0.024591407,0.024584142,0.024598116,0.023656415
810,INPUT_BM1_90_5.txt,OUTPUT_SKIN10_90_5.txt,0.010468002,3,0.010474057,0.010470886,0.010467788,0.010473744,0.009831113
811,INPUT_BM1_90_5.txt,OUTPUT_SKIN11_90_5.txt,0.019185213,3,0.019202162,0.019192832,0.019187094,0.01919936,0.027974683
812,INPUT_BM1_90_5.txt,OUTPUT_SKIN12_90_5.txt,0.033036274,3,0.033053376,0.033047253,0.033036638,0.033053917,0.046454251
813,INPUT_BM1_90_5.txt,OUTPUT_SKIN2_90_5.txt,0.161520371,3,0.161713022,0.161554,0.161582334,0.1617049,0.165874025
814,INPUT_BM1_90_5.txt,OUTPUT_SKIN3_90_5.txt,0.01574162,3,0.015748201,0.015744772,0.015747177,0.01575129,0.015324756
815,INPUT_BM1_90_5.txt,OUTPUT_SKIN4_90_5.txt,0.064312823,3,0.064363417,0.064345386,0.064319749,0.064347173,0.063728426
816,INPUT_BM1_90_5.txt,OUTPUT_SKIN5_90_5.txt,0.072771208,3,0.072826788,0.072800241,0.072787543,0.072802704,0.072416267
817,INPUT_BM1_90_5.txt,OUTPUT_SKIN6_90_5.txt,0.045105913,3,0.045126709,0.045115345,0.045110405,0.045131767,0.044089521
818,INPUT_BM1_90_5.txt,OUTPUT_SKIN7_90_5.txt,0.02751323,3,0.027528313,0.02751991,0.027511845,0.027528291,0.034109558
819,INPUT_BM1_90_5.txt,OUTPUT_SKIN8_90_5.txt,0.029559542,3,0.029611881,0.029597691,0.029552621,0.029575535,0.026649419
820,INPUT_BM1_90_5.txt,OUTPUT_SKIN9_90_5.txt,0.013135504,3,0.013143104,0.013139124,0.013135235,0.013142711,0.014946223
821,INPUT_BM2_90_5.txt,OUTPUT_BM1_90_5.txt,0.872292627,3,0.871438016,0.872225957,0.872616192,0.871453725,0.891201094
822,INPUT_BM2_90_5.txt,OUTPUT_BM2_90_5.txt,-647360.5,3,-647246.5,-647053.5,-647147,-647273.5,-718976
823,INPUT_BM2_90_5.txt,OUTPUT_GUT_90_5.txt,NA,3,NA,NA,NA,NA,NA
824,INPUT_BM2_90_5.txt,OUTPUT_L_90_5.txt,21.09845466,3,21.0940774,21.10960173,21.09685671,21.10335498,20.9830769
825,INPUT_BM2_90_5.txt,OUTPUT_LN1_90_5.txt,1.19900905,3,1.199223799,1.199583375,1.199411295,1.19917837,1.230627895
826,INPUT_BM2_90_5.txt,OUTPUT_LN2_90_5.txt,0.107361478,3,0.107407646,0.107344133,0.107343239,0.107322744,0.123381438
827,INPUT_BM2_90_5.txt,OUTPUT_LUNG_90_5.txt,539.7520669,3,539.6482035,539.4888986,539.5669583,539.6900417,540.685622
828,INPUT_BM2_90_5.txt,OUTPUT_S_90_5.txt,NA,3,NA,NA,NA,NA,NA
829,INPUT_BM2_90_5.txt,OUTPUT_SKIN1_90_5.txt,0.028310909,3,0.028315817,0.028324379,0.028320175,0.028314801,0.030404539
830,INPUT_BM2_90_5.txt,OUTPUT_SKIN10_90_5.txt,0.034867746,3,0.034873894,0.034884302,0.034879262,0.034872438,0.034306655
831,INPUT_BM2_90_5.txt,OUTPUT_SKIN11_90_5.txt,0.067165766,3,0.067196276,0.067204685,0.067195237,0.067186369,0.07625892
832,INPUT_BM2_90_5.txt,OUTPUT_SKIN12_90_5.txt,0.163555278,3,0.163639905,0.163702245,0.163586291,0.163620719,0.160449443
833,INPUT_BM2_90_5.txt,OUTPUT_SKIN2_90_5.txt,0.194524236,3,0.194677458,0.194603131,0.194668192,0.194666299,0.232595771
834,INPUT_BM2_90_5.txt,OUTPUT_SKIN3_90_5.txt,0.019842064,3,0.01984238,0.019849988,0.019856019,0.019846031,0.02175594
835,INPUT_BM2_90_5.txt,OUTPUT_SKIN4_90_5.txt,0.038006708,3,0.03802162,0.038033771,0.038024299,0.038011291,0.052329537
836,INPUT_BM2_90_5.txt,OUTPUT_SKIN5_90_5.txt,0.071767295,3,0.071792527,0.071809712,0.071808148,0.071768665,0.088229055
837,INPUT_BM2_90_5.txt,OUTPUT_SKIN6_90_5.txt,0.051712071,3,0.051715073,0.05173618,0.051735395,0.051720189,0.06889102
838,INPUT_BM2_90_5.txt,OUTPUT_SKIN7_90_5.txt,0.088242911,3,0.088250442,0.088276225,0.088264251,0.088254403,0.097603126
839,INPUT_BM2_90_5.txt,OUTPUT_SKIN8_90_5.txt,0.059246257,3,0.059322501,0.059330466,0.059253391,0.059253156,0.062592478
840,INPUT_BM2_90_5.txt,OUTPUT_SKIN9_90_5.txt,0.022054267,3,0.022058154,0.022064731,0.022061549,0.022057234,0.020820918
841,INPUT_GUT_90_5.txt,OUTPUT_BM1_90_5.txt,NA,3,NA,NA,NA,NA,NA
842,INPUT_GUT_90_5.txt,OUTPUT_BM2_90_5.txt,NA,3,NA,NA,NA,NA,NA
843,INPUT_GUT_90_5.txt,OUTPUT_GUT_90_5.txt,NA,3,NA,NA,NA,NA,NA
844,INPUT_GUT_90_5.txt,OUTPUT_L_90_5.txt,NA,3,NA,NA,NA,NA,NA
845,INPUT_GUT_90_5.txt,OUTPUT_LN1_90_5.txt,NA,3,NA,NA,NA,NA,NA
846,INPUT_GUT_90_5.txt,OUTPUT_LN2_90_5.txt,NA,3,NA,NA,NA,NA,NA
847,INPUT_GUT_90_5.txt,OUTPUT_LUNG_90_5.txt,NA,3,NA,NA,NA,NA,NA
848,INPUT_GUT_90_5.txt,OUTPUT_S_90_5.txt,NA,3,NA,NA,NA,NA,NA
849,INPUT_GUT_90_5.txt,OUTPUT_SKIN1_90_5.txt,NA,3,NA,NA,NA,NA,NA
850,INPUT_GUT_90_5.txt,OUTPUT_SKIN10_90_5.txt,NA,3,NA,NA,NA,NA,NA
851,INPUT_GUT_90_5.txt,OUTPUT_SKIN11_90_5.txt,NA,3,NA,NA,NA,NA,NA
852,INPUT_GUT_90_5.txt,OUTPUT_SKIN12_90_5.txt,NA,3,NA,NA,NA,NA,NA
853,INPUT_GUT_90_5.txt,OUTPUT_SKIN2_90_5.txt,NA,3,NA,NA,NA,NA,NA
854,INPUT_GUT_90_5.txt,OUTPUT_SKIN3_90_5.txt,NA,3,NA,NA,NA,NA,NA
855,INPUT_GUT_90_5.txt,OUTPUT_SKIN4_90_5.txt,NA,3,NA,NA,NA,NA,NA
856,INPUT_GUT_90_5.txt,OUTPUT_SKIN5_90_5.txt,NA,3,NA,NA,NA,NA,NA
857,INPUT_GUT_90_5.txt,OUTPUT_SKIN6_90_5.txt,NA,3,NA,NA,NA,NA,NA
858,INPUT_GUT_90_5.txt,OUTPUT_SKIN7_90_5.txt,NA,3,NA,NA,NA,NA,NA
859,INPUT_GUT_90_5.txt,OUTPUT_SKIN8_90_5.txt,NA,3,NA,NA,NA,NA,NA
860,INPUT_GUT_90_5.txt,OUTPUT_SKIN9_90_5.txt,NA,3,NA,NA,NA,NA,NA
861,INPUT_L_90_5.txt,OUTPUT_BM1_90_5.txt,120.5706493,3,120.4604477,120.5072989,120.5951597,120.4481992,120.5339863
862,INPUT_L_90_5.txt,OUTPUT_BM2_90_5.txt,1072.145453,3,1071.944757,1071.945237,1071.77197,1071.975997,1064.605769
863,INPUT_L_90_5.txt,OUTPUT_GUT_90_5.txt,NA,3,NA,NA,NA,NA,NA
864,INPUT_L_90_5.txt,OUTPUT_L_90_5.txt,-1075943,3,-1075737,-1075965,-1075727,-1075921,-1194806.5
865,INPUT_L_90_5.txt,OUTPUT_LN1_90_5.txt,0.859372298,3,0.859538771,0.859354329,0.859547329,0.859391641,0.842338035
866,INPUT_L_90_5.txt,OUTPUT_LN2_90_5.txt,0.047365994,3,0.047386814,0.047333159,0.047350045,0.047341638,0.049645709
867,INPUT_L_90_5.txt,OUTPUT_LUNG_90_5.txt,381.9273545,3,381.8469481,381.9515681,381.8313482,381.9118201,382.1550447
868,INPUT_L_90_5.txt,OUTPUT_S_90_5.txt,NA,3,NA,NA,NA,NA,NA
869,INPUT_L_90_5.txt,OUTPUT_SKIN1_90_5.txt,0.030416759,3,0.030422595,0.030416133,0.030422882,0.030417383,0.02928617
870,INPUT_L_90_5.txt,OUTPUT_SKIN10_90_5.txt,0.025108359,3,0.025113171,0.025107844,0.025113408,0.025108876,0.029497842
871,INPUT_L_90_5.txt,OUTPUT_SKIN11_90_5.txt,0.020568004,3,0.020578218,0.020570082,0.020574581,0.020572314,0.025671778
872,INPUT_L_90_5.txt,OUTPUT_SKIN12_90_5.txt,0.16244702,3,0.162474198,0.162457459,0.162482414,0.162452049,0.15140718
873,INPUT_L_90_5.txt,OUTPUT_SKIN2_90_5.txt,0.169208496,3,0.169361353,0.169190686,0.169322254,0.16932819,0.161112595
874,INPUT_L_90_5.txt,OUTPUT_SKIN3_90_5.txt,0.016130554,3,0.016131024,0.016128993,0.016139895,0.016131955,0.015152239
875,INPUT_L_90_5.txt,OUTPUT_SKIN4_90_5.txt,0.054807711,3,0.054830067,0.054819647,0.054826034,0.054808053,0.05667462
876,INPUT_L_90_5.txt,OUTPUT_SKIN5_90_5.txt,0.083311912,3,0.083343121,0.083320433,0.08334923,0.083303836,0.078212511
877,INPUT_L_90_5.txt,OUTPUT_SKIN6_90_5.txt,0.062709841,3,0.062714329,0.062706706,0.062730148,0.062712637,0.062633411
878,INPUT_L_90_5.txt,OUTPUT_SKIN7_90_5.txt,0.062279386,3,0.062285615,0.062271951,0.062286354,0.062280392,0.07469176
879,INPUT_L_90_5.txt,OUTPUT_SKIN8_90_5.txt,0.045922601,3,0.045983107,0.045965683,0.045922061,0.045922701,0.048673963
880,INPUT_L_90_5.txt,OUTPUT_SKIN9_90_5.txt,0.014950113,3,0.014952977,0.014949806,0.014953117,0.01495042,0.016449867
881,INPUT_LN1_90_5.txt,OUTPUT_BM1_90_5.txt,2.66178472,3,2.658794802,2.660360328,2.661890599,2.65895103,2.648023148
882,INPUT_LN1_90_5.txt,OUTPUT_BM2_90_5.txt,19.88399139,3,19.8784753,19.8691162,19.87366088,19.87991255,19.89735553
883,INPUT_LN1_90_5.txt,OUTPUT_GUT_90_5.txt,NA,3,NA,NA,NA,NA,NA
884,INPUT_LN1_90_5.txt,OUTPUT_L_90_5.txt,24.06792649,3,24.06087191,24.06881918,24.05939587,24.06626766,23.93962465
885,INPUT_LN1_90_5.txt,OUTPUT_LN1_90_5.txt,-70865,3,-70865,-70865,-70865,-70865,-78733.5
886,INPUT_LN1_90_5.txt,OUTPUT_LN2_90_5.txt,1.254672303,3,1.254998107,1.253780852,1.253958906,1.253960787,1.175595793
887,INPUT_LN1_90_5.txt,OUTPUT_LUNG_90_5.txt,76.28990773,3,76.2898863,76.29022394,76.29022823,76.29269052,77.4142653
888,INPUT_LN1_90_5.txt,OUTPUT_S_90_5.txt,NA,3,NA,NA,NA,NA,NA
889,INPUT_LN1_90_5.txt,OUTPUT_SKIN1_90_5.txt,0.426147022,3,0.426148462,0.426146302,0.426148462,0.426145307,0.436970191
890,INPUT_LN1_90_5.txt,OUTPUT_SKIN10_90_5.txt,0.135008119,3,0.135008119,0.135008119,0.135008119,0.135008108,0.126800075
891,INPUT_LN1_90_5.txt,OUTPUT_SKIN11_90_5.txt,3.17692648,3,3.177603726,3.177196194,3.177190201,3.177299449,3.188438721
892,INPUT_LN1_90_5.txt,OUTPUT_SKIN12_90_5.txt,1.923213913,3,1.922571002,1.922818707,1.923496013,1.922811531,1.793791822
893,INPUT_LN1_90_5.txt,OUTPUT_SKIN2_90_5.txt,5.283534024,3,5.284908876,5.283663864,5.284662071,5.285089571,5.173472469
894,INPUT_LN1_90_5.txt,OUTPUT_SKIN3_90_5.txt,0.16080375,3,0.160776779,0.16079109,0.160866508,0.160814732,0.151789119
895,INPUT_LN1_90_5.txt,OUTPUT_SKIN4_90_5.txt,0.411769342,3,0.411860236,0.411869613,0.411825235,0.411763007,0.37976104
896,INPUT_LN1_90_5.txt,OUTPUT_SKIN5_90_5.txt,1.04360032,3,1.043783786,1.04372493,1.043848933,1.04347643,0.992171358
897,INPUT_LN1_90_5.txt,OUTPUT_SKIN6_90_5.txt,0.992214478,3,0.992097015,0.992279162,0.99233354,0.992235171,0.743820617
898,INPUT_LN1_90_5.txt,OUTPUT_SKIN7_90_5.txt,0.43589813,3,0.43589571,0.435895527,0.435895771,0.435897921,0.406420411
899,INPUT_LN1_90_5.txt,OUTPUT_SKIN8_90_5.txt,0.370229255,3,0.370652519,0.370589798,0.370151528,0.370224606,0.359595147
900,INPUT_LN1_90_5.txt,OUTPUT_SKIN9_90_5.txt,0.364078856,3,0.364078856,0.364078856,0.364078856,0.364078687,0.340052094
901,INPUT_LN2_90_5.txt,OUTPUT_BM1_90_5.txt,0.498040031,3,0.497415499,0.49794483,0.49820297,0.497644672,0.490879744
902,INPUT_LN2_90_5.txt,OUTPUT_BM2_90_5.txt,1.913621334,3,1.912800448,1.912585877,1.913000227,1.913705566,1.865625929
903,INPUT_LN2_90_5.txt,OUTPUT_GUT_90_5.txt,NA,3,NA,NA,NA,NA,NA
904,INPUT_LN2_90_5.txt,OUTPUT_L_90_5.txt,5.224373618,3,5.222378794,5.22643473,5.223949994,5.225560247,5.504317767
905,INPUT_LN2_90_5.txt,OUTPUT_LN1_90_5.txt,3.048723266,3,3.048402692,3.049819564,3.049636845,3.049625448,2.773039324
906,INPUT_LN2_90_5.txt,OUTPUT_LN2_90_5.txt,-445218,3,-445272.5,-445062,-445092,-445092.5,-494293.5
907,INPUT_LN2_90_5.txt,OUTPUT_LUNG_90_5.txt,29.84022254,3,29.85022557,29.85128096,29.85541348,29.85604203,30.17563686
908,INPUT_LN2_90_5.txt,OUTPUT_S_90_5.txt,NA,3,NA,NA,NA,NA,NA
909,INPUT_LN2_90_5.txt,OUTPUT_SKIN1_90_5.txt,0.055432281,3,0.055425232,0.055451842,0.05544772,0.055448157,0.060139955
910,INPUT_LN2_90_5.txt,OUTPUT_SKIN10_90_5.txt,0.037262662,3,0.037258098,0.037275729,0.037273215,0.037273172,0.037495511
911,INPUT_LN2_90_5.txt,OUTPUT_SKIN11_90_5.txt,0.100746798,3,0.100765283,0.100794458,0.100787372,0.100794302,0.102667088
912,INPUT_LN2_90_5.txt,OUTPUT_SKIN12_90_5.txt,0.327368487,3,0.327212644,0.327413889,0.327512763,0.327388982,0.299502489
913,INPUT_LN2_90_5.txt,OUTPUT_SKIN2_90_5.txt,1.340513718,3,1.341412767,1.340945501,1.341663402,1.342006257,1.313774259
914,INPUT_LN2_90_5.txt,OUTPUT_SKIN3_90_5.txt,0.035946249,3,0.035935936,0.035956072,0.035970177,0.035958794,0.036587736
915,INPUT_LN2_90_5.txt,OUTPUT_SKIN4_90_5.txt,0.124977256,3,0.124989735,0.125051669,0.125029683,0.125010729,0.122097718
916,INPUT_LN2_90_5.txt,OUTPUT_SKIN5_90_5.txt,0.178709323,3,0.178721453,0.178795003,0.17880595,0.178737377,0.185530721
917,INPUT_LN2_90_5.txt,OUTPUT_SKIN6_90_5.txt,0.098927114,3,0.09890277,0.098947721,0.098967498,0.098957289,0.092238772
918,INPUT_LN2_90_5.txt,OUTPUT_SKIN7_90_5.txt,0.12914869,3,0.129120919,0.129181217,0.129173677,0.129184508,0.120068409
919,INPUT_LN2_90_5.txt,OUTPUT_SKIN8_90_5.txt,0.086688637,3,0.086777244,0.086803619,0.086696263,0.086713315,0.088051234
920,INPUT_LN2_90_5.txt,OUTPUT_SKIN9_90_5.txt,0.07921523,3,0.079205521,0.079242997,0.07923765,0.07923756,0.077869153
921,INPUT_LUNG_90_5.txt,OUTPUT_BM1_90_5.txt,0.618690455,3,0.617960088,0.618553665,0.618923634,0.618428957,0.585293419
922,INPUT_LUNG_90_5.txt,OUTPUT_BM2_90_5.txt,2.214009447,3,2.213176265,2.212642755,2.213290512,2.214915721,2.628304281
923,INPUT_LUNG_90_5.txt,OUTPUT_GUT_90_5.txt,NA,3,NA,NA,NA,NA,NA
924,INPUT_LUNG_90_5.txt,OUTPUT_L_90_5.txt,3.492378596,3,3.490948979,3.494002942,3.491761422,3.494338592,3.605009169
925,INPUT_LUNG_90_5.txt,OUTPUT_LN1_90_5.txt,0.386725171,3,0.386716446,0.386853913,0.386855659,0.386997909,0.414774667
926,INPUT_LUNG_90_5.txt,OUTPUT_LN2_90_5.txt,0.070212921,3,0.070230772,0.070229928,0.070239123,0.070263525,0.074713229
927,INPUT_LUNG_90_5.txt,OUTPUT_LUNG_90_5.txt,-446387.5,3,-446397.5,-446240,-446238,-446087,-495155
928,INPUT_LUNG_90_5.txt,OUTPUT_S_90_5.txt,NA,3,NA,NA,NA,NA,NA
929,INPUT_LUNG_90_5.txt,OUTPUT_SKIN1_90_5.txt,0.013037937,3,0.013037605,0.013042269,0.013042268,0.013046764,0.012759796
930,INPUT_LUNG_90_5.txt,OUTPUT_SKIN10_90_5.txt,0.014953454,3,0.014953119,0.014958399,0.014958466,0.014963533,0.014629043
931,INPUT_LUNG_90_5.txt,OUTPUT_SKIN11_90_5.txt,0.026412664,3,0.02641567,0.026422836,0.026422923,0.026432704,0.02948803
932,INPUT_LUNG_90_5.txt,OUTPUT_SKIN12_90_5.txt,0.050095452,3,0.050088469,0.050109604,0.05011455,0.05012617,0.051886405
933,INPUT_LUNG_90_5.txt,OUTPUT_SKIN2_90_5.txt,0.052990662,3,0.052985486,0.053009851,0.053006694,0.05302372,0.056358481
934,INPUT_LUNG_90_5.txt,OUTPUT_SKIN3_90_5.txt,0.019873305,3,0.019870906,0.019878962,0.019884513,0.019887501,0.020898874
935,INPUT_LUNG_90_5.txt,OUTPUT_SKIN4_90_5.txt,0.015741824,3,0.015744244,0.015750094,0.015748809,0.015752229,0.020575111
936,INPUT_LUNG_90_5.txt,OUTPUT_SKIN5_90_5.txt,0.028324842,3,0.028326681,0.028336125,0.028337972,0.028342078,0.033254906
937,INPUT_LUNG_90_5.txt,OUTPUT_SKIN6_90_5.txt,0.028427203,3,0.028424449,0.028437468,0.028438877,0.02844668,0.033551693
938,INPUT_LUNG_90_5.txt,OUTPUT_SKIN7_90_5.txt,0.054039478,3,0.054038371,0.054057491,0.054057724,0.054075961,0.058351257
939,INPUT_LUNG_90_5.txt,OUTPUT_SKIN8_90_5.txt,0.013459219,3,0.013474155,0.013476654,0.013460858,0.013468051,0.012796318
940,INPUT_LUNG_90_5.txt,OUTPUT_SKIN9_90_5.txt,0.01862313,3,0.018622713,0.01862929,0.018629374,0.018635685,0.019688926
941,INPUT_S_90_5.txt,OUTPUT_BM1_90_5.txt,NA,3,NA,NA,NA,NA,NA
942,INPUT_S_90_5.txt,OUTPUT_BM2_90_5.txt,NA,3,NA,NA,NA,NA,NA
943,INPUT_S_90_5.txt,OUTPUT_GUT_90_5.txt,NA,3,NA,NA,NA,NA,NA
944,INPUT_S_90_5.txt,OUTPUT_L_90_5.txt,NA,3,NA,NA,NA,NA,NA
945,INPUT_S_90_5.txt,OUTPUT_LN1_90_5.txt,NA,3,NA,NA,NA,NA,NA
946,INPUT_S_90_5.txt,OUTPUT_LN2_90_5.txt,NA,3,NA,NA,NA,NA,NA
947,INPUT_S_90_5.txt,OUTPUT_LUNG_90_5.txt,NA,3,NA,NA,NA,NA,NA
948,INPUT_S_90_5.txt,OUTPUT_S_90_5.txt,NA,3,NA,NA,NA,NA,NA
949,INPUT_S_90_5.txt,OUTPUT_SKIN1_90_5.txt,NA,3,NA,NA,NA,NA,NA
950,INPUT_S_90_5.txt,OUTPUT_SKIN10_90_5.txt,NA,3,NA,NA,NA,NA,NA
951,INPUT_S_90_5.txt,OUTPUT_SKIN11_90_5.txt,NA,3,NA,NA,NA,NA,NA
952,INPUT_S_90_5.txt,OUTPUT_SKIN12_90_5.txt,NA,3,NA,NA,NA,NA,NA
953,INPUT_S_90_5.txt,OUTPUT_SKIN2_90_5.txt,NA,3,NA,NA,NA,NA,NA
954,INPUT_S_90_5.txt,OUTPUT_SKIN3_90_5.txt,NA,3,NA,NA,NA,NA,NA
955,INPUT_S_90_5.txt,OUTPUT_SKIN4_90_5.txt,NA,3,NA,NA,NA,NA,NA
956,INPUT_S_90_5.txt,OUTPUT_SKIN5_90_5.txt,NA,3,NA,NA,NA,NA,NA
957,INPUT_S_90_5.txt,OUTPUT_SKIN6_90_5.txt,NA,3,NA,NA,NA,NA,NA
958,INPUT_S_90_5.txt,OUTPUT_SKIN7_90_5.txt,NA,3,NA,NA,NA,NA,NA
959,INPUT_S_90_5.txt,OUTPUT_SKIN8_90_5.txt,NA,3,NA,NA,NA,NA,NA
960,INPUT_S_90_5.txt,OUTPUT_SKIN9_90_5.txt,NA,3,NA,NA,NA,NA,NA
961,INPUT_SKIN1_90_5.txt,OUTPUT_BM1_90_5.txt,0.350412028,3,0.35002471,0.350226721,0.350426569,0.350043119,0.378582384
962,INPUT_SKIN1_90_5.txt,OUTPUT_BM2_90_5.txt,1.361282949,3,1.360884352,1.360199276,1.360533759,1.360973274,1.277650416
963,INPUT_SKIN1_90_5.txt,OUTPUT_GUT_90_5.txt,NA,3,NA,NA,NA,NA,NA
964,INPUT_SKIN1_90_5.txt,OUTPUT_L_90_5.txt,3.60117717,3,3.600380535,3.601704533,3.60024302,3.60100569,3.620468945
965,INPUT_SKIN1_90_5.txt,OUTPUT_LN1_90_5.txt,0.948813281,3,0.948815461,0.948812191,0.948815461,0.948809928,0.8941887
966,INPUT_SKIN1_90_5.txt,OUTPUT_LN2_90_5.txt,0.21575866,3,0.215813021,0.215603104,0.21563352,0.215633014,0.19670105
967,INPUT_SKIN1_90_5.txt,OUTPUT_LUNG_90_5.txt,7.804207545,3,7.804224565,7.804210717,7.80423764,7.804214348,7.814655501
968,INPUT_SKIN1_90_5.txt,OUTPUT_S_90_5.txt,NA,3,NA,NA,NA,NA,NA
969,INPUT_SKIN1_90_5.txt,OUTPUT_SKIN1_90_5.txt,-439317,3,-439316,-439317.5,-439316,-439318,-488125.5
970,INPUT_SKIN1_90_5.txt,OUTPUT_SKIN10_90_5.txt,0.04090245,3,0.040902544,0.040902404,0.040902544,0.040902357,0.040013481
971,INPUT_SKIN1_90_5.txt,OUTPUT_SKIN11_90_5.txt,0.03227201,3,0.032282019,0.03227593,0.032275952,0.032278091,0.029176565
972,INPUT_SKIN1_90_5.txt,OUTPUT_SKIN12_90_5.txt,0.109588176,3,0.109549221,0.109563856,0.109605848,0.10956353,0.098747861
973,INPUT_SKIN1_90_5.txt,OUTPUT_SKIN2_90_5.txt,0.742417453,3,0.743018657,0.74242098,0.742871673,0.743067656,0.722366282
974,INPUT_SKIN1_90_5.txt,OUTPUT_SKIN3_90_5.txt,0.102886087,3,0.102869537,0.102878091,0.102925377,0.102892704,0.092851754
975,INPUT_SKIN1_90_5.txt,OUTPUT_SKIN4_90_5.txt,0.298263863,3,0.298329939,0.298335702,0.298304778,0.298258802,0.281001272
976,INPUT_SKIN1_90_5.txt,OUTPUT_SKIN5_90_5.txt,0.287195417,3,0.287250492,0.287231685,0.287269375,0.287159541,0.2890801
977,INPUT_SKIN1_90_5.txt,OUTPUT_SKIN6_90_5.txt,0.188107599,3,0.188084607,0.188105451,0.188131836,0.18811175,0.196580871
978,INPUT_SKIN1_90_5.txt,OUTPUT_SKIN7_90_5.txt,0.071769962,3,0.071770267,0.071770033,0.071770264,0.071769806,0.09875908
979,INPUT_SKIN1_90_5.txt,OUTPUT_SKIN8_90_5.txt,0.057474738,3,0.057539407,0.057529647,0.057464281,0.05747517,0.055092662
980,INPUT_SKIN1_90_5.txt,OUTPUT_SKIN9_90_5.txt,0.016714334,3,0.016714371,0.016714315,0.016714371,0.016714296,0.01523034
981,INPUT_SKIN10_90_5.txt,OUTPUT_BM1_90_5.txt,0.577188975,3,0.576547059,0.57688315,0.577211705,0.576580145,0.686667345
982,INPUT_SKIN10_90_5.txt,OUTPUT_BM2_90_5.txt,0.852904288,3,0.852620694,0.85214057,0.852373203,0.852687858,1.410403868
983,INPUT_SKIN10_90_5.txt,OUTPUT_GUT_90_5.txt,NA,3,NA,NA,NA,NA,NA
984,INPUT_SKIN10_90_5.txt,OUTPUT_L_90_5.txt,4.439440864,3,4.438218885,4.439938236,4.437896388,4.439149141,4.844402249
985,INPUT_SKIN10_90_5.txt,OUTPUT_LN1_90_5.txt,0.84349551,3,0.84349551,0.84349551,0.84349551,0.843495054,1.317100887
986,INPUT_SKIN10_90_5.txt,OUTPUT_LN2_90_5.txt,0.227345873,3,0.227402138,0.227185123,0.227216067,0.227216581,0.21702624
987,INPUT_SKIN10_90_5.txt,OUTPUT_LUNG_90_5.txt,14.07138977,3,14.07138813,14.07141405,14.07141438,14.07143925,14.23257408
988,INPUT_SKIN10_90_5.txt,OUTPUT_S_90_5.txt,NA,3,NA,NA,NA,NA,NA
989,INPUT_SKIN10_90_5.txt,OUTPUT_SKIN1_90_5.txt,0.204768728,3,0.204770068,0.204768058,0.204770068,0.204767388,0.193895715
990,INPUT_SKIN10_90_5.txt,OUTPUT_SKIN10_90_5.txt,-470543.5,3,-470543.5,-470543.5,-470543.5,-470543.5,-522616.5
991,INPUT_SKIN10_90_5.txt,OUTPUT_SKIN11_90_5.txt,0.171946759,3,0.171999109,0.171967605,0.171967142,0.171979187,0.157945409
992,INPUT_SKIN10_90_5.txt,OUTPUT_SKIN12_90_5.txt,0.282110513,3,0.282012534,0.282050209,0.282154057,0.282049584,0.281256162
993,INPUT_SKIN10_90_5.txt,OUTPUT_SKIN2_90_5.txt,0.587658613,3,0.588145071,0.587623301,0.587996621,0.588149738,0.585124633
994,INPUT_SKIN10_90_5.txt,OUTPUT_SKIN3_90_5.txt,0.093822468,3,0.09380707,0.09381524,0.093858298,0.093828754,0.086135947
995,INPUT_SKIN10_90_5.txt,OUTPUT_SKIN4_90_5.txt,0.17583465,3,0.175873812,0.175877681,0.175858634,0.175832187,0.20065869
996,INPUT_SKIN10_90_5.txt,OUTPUT_SKIN5_90_5.txt,0.453969102,3,0.454054064,0.454026911,0.454084359,0.45391338,0.442456328
997,INPUT_SKIN10_90_5.txt,OUTPUT_SKIN6_90_5.txt,0.282896359,3,0.282861601,0.282887477,0.282931751,0.282902973,0.273920488
998,INPUT_SKIN10_90_5.txt,OUTPUT_SKIN7_90_5.txt,0.091634963,3,0.091626457,0.09162582,0.09162667,0.091634538,0.092767597
999,INPUT_SKIN10_90_5.txt,OUTPUT_SKIN8_90_5.txt,0.085286795,3,0.085382252,0.085368107,0.085270017,0.08528651,0.077459496
1000,INPUT_SKIN10_90_5.txt,OUTPUT_SKIN9_90_5.txt,0.07805614,3,0.07805614,0.07805614,0.07805614,0.07805614,0.077702956
1001,INPUT_SKIN11_90_5.txt,OUTPUT_BM1_90_5.txt,1.359466447,3,1.357816059,1.358696882,1.359434212,1.357971113,1.3244972
1002,INPUT_SKIN11_90_5.txt,OUTPUT_BM2_90_5.txt,5.539793727,3,5.537603136,5.536005167,5.537058189,5.538254319,5.369908894
1003,INPUT_SKIN11_90_5.txt,OUTPUT_GUT_90_5.txt,NA,3,NA,NA,NA,NA,NA
1004,INPUT_SKIN11_90_5.txt,OUTPUT_L_90_5.txt,7.30064968,3,7.297854309,7.300948246,7.298291927,7.29961895,7.306677626
1005,INPUT_SKIN11_90_5.txt,OUTPUT_LN1_90_5.txt,3.586645818,3,3.586055804,3.586410834,3.586416056,3.586269753,3.573456216
1006,INPUT_SKIN11_90_5.txt,OUTPUT_LN2_90_5.txt,0.327655804,3,0.327690124,0.327400656,0.327448737,0.327435256,0.218576308
1007,INPUT_SKIN11_90_5.txt,OUTPUT_LUNG_90_5.txt,14.64130287,3,14.63862126,14.64026015,14.6402842,14.63969279,14.84317476
1008,INPUT_SKIN11_90_5.txt,OUTPUT_S_90_5.txt,NA,3,NA,NA,NA,NA,NA
1009,INPUT_SKIN11_90_5.txt,OUTPUT_SKIN1_90_5.txt,0.09845768,3,0.09844205,0.098451857,0.098451321,0.098448721,0.099284431
1010,INPUT_SKIN11_90_5.txt,OUTPUT_SKIN10_90_5.txt,0.09869538,3,0.098680152,0.098689315,0.09868945,0.098685946,0.099226382
1011,INPUT_SKIN11_90_5.txt,OUTPUT_SKIN11_90_5.txt,-366849.5,3,-366906,-366872,-366871.5,-366884.5,-407742.5
1012,INPUT_SKIN11_90_5.txt,OUTPUT_SKIN12_90_5.txt,0.209409419,3,0.20930405,0.209351423,0.209429256,0.209343933,0.211372136
1013,INPUT_SKIN11_90_5.txt,OUTPUT_SKIN2_90_5.txt,0.898759196,3,0.899322789,0.898645898,0.899188467,0.899376176,1.032272257
1014,INPUT_SKIN11_90_5.txt,OUTPUT_SKIN3_90_5.txt,0.032745215,3,0.032734792,0.032740681,0.032755767,0.032744286,0.032304091
1015,INPUT_SKIN11_90_5.txt,OUTPUT_SKIN4_90_5.txt,0.101768205,3,0.101775094,0.101786816,0.10177595,0.101757027,0.121390079
1016,INPUT_SKIN11_90_5.txt,OUTPUT_SKIN5_90_5.txt,0.238940743,3,0.238949179,0.238956508,0.238987364,0.238888643,0.251940569
1017,INPUT_SKIN11_90_5.txt,OUTPUT_SKIN6_90_5.txt,0.159256668,3,0.159212491,0.159236231,0.159267037,0.159245283,0.136070052
1018,INPUT_SKIN11_90_5.txt,OUTPUT_SKIN7_90_5.txt,0.206551003,3,0.206514982,0.206533906,0.206534596,0.206531003,0.205749783
1019,INPUT_SKIN11_90_5.txt,OUTPUT_SKIN8_90_5.txt,0.101790383,3,0.101887882,0.101880568,0.101763347,0.101779295,0.105301123
1020,INPUT_SKIN11_90_5.txt,OUTPUT_SKIN9_90_5.txt,0.127481343,3,0.127461674,0.12747351,0.127473684,0.127469158,0.12108852
1021,INPUT_SKIN12_90_5.txt,OUTPUT_BM1_90_5.txt,0.776645901,3,0.775948277,0.776336361,0.776614245,0.77594441,0.77370468
1022,INPUT_SKIN12_90_5.txt,OUTPUT_BM2_90_5.txt,2.639803184,3,2.639536912,2.638281953,2.638321053,2.639577834,2.521220135
1023,INPUT_SKIN12_90_5.txt,OUTPUT_GUT_90_5.txt,NA,3,NA,NA,NA,NA,NA
1024,INPUT_SKIN12_90_5.txt,OUTPUT_L_90_5.txt,4.53556598,3,4.535276697,4.53691592,4.53400206,4.535853722,4.565335135
1025,INPUT_SKIN12_90_5.txt,OUTPUT_LN1_90_5.txt,3.381216072,3,3.381777262,3.381604931,3.380940162,3.381582521,3.176216813
1026,INPUT_SKIN12_90_5.txt,OUTPUT_LN2_90_5.txt,0.196404139,3,0.196490391,0.196282741,0.196275396,0.196310669,0.202250634
1027,INPUT_SKIN12_90_5.txt,OUTPUT_LUNG_90_5.txt,8.952169531,3,8.953050873,8.953387794,8.951390499,8.953210519,9.234304942
1028,INPUT_SKIN12_90_5.txt,OUTPUT_S_90_5.txt,NA,3,NA,NA,NA,NA,NA
1029,INPUT_SKIN12_90_5.txt,OUTPUT_SKIN1_90_5.txt,0.067807902,3,0.067819784,0.067815185,0.067802678,0.067815232,0.071855321
1030,INPUT_SKIN12_90_5.txt,OUTPUT_SKIN10_90_5.txt,0.062365672,3,0.062376564,0.062372391,0.062360832,0.06237245,0.061403658
1031,INPUT_SKIN12_90_5.txt,OUTPUT_SKIN11_90_5.txt,0.163616693,3,0.163695477,0.163654291,0.16362355,0.163665574,0.17074057
1032,INPUT_SKIN12_90_5.txt,OUTPUT_SKIN12_90_5.txt,-515715.5,3,-515625.5,-515660,-515755.5,-515659.5,-572792
1033,INPUT_SKIN12_90_5.txt,OUTPUT_SKIN2_90_5.txt,0.774345026,3,0.775133644,0.774351804,0.774714264,0.775057497,0.855126306
1034,INPUT_SKIN12_90_5.txt,OUTPUT_SKIN3_90_5.txt,0.271890137,3,0.27189134,0.271897979,0.271976912,0.271938692,0.279462781
1035,INPUT_SKIN12_90_5.txt,OUTPUT_SKIN4_90_5.txt,0.116114487,3,0.116161869,0.116156798,0.116122059,0.11612541,0.122547481
1036,INPUT_SKIN12_90_5.txt,OUTPUT_SKIN5_90_5.txt,0.294850865,3,0.294959627,0.294921409,0.294905032,0.294845871,0.304356043
1037,INPUT_SKIN12_90_5.txt,OUTPUT_SKIN6_90_5.txt,0.212315607,3,0.212326507,0.212325516,0.212325791,0.212343748,0.222546584
1038,INPUT_SKIN12_90_5.txt,OUTPUT_SKIN7_90_5.txt,0.099661947,3,0.099669903,0.099662527,0.099645003,0.099672305,0.106764742
1039,INPUT_SKIN12_90_5.txt,OUTPUT_SKIN8_90_5.txt,0.110067659,3,0.110212104,0.110186178,0.110037849,0.110080004,0.11343243
1040,INPUT_SKIN12_90_5.txt,OUTPUT_SKIN9_90_5.txt,0.032861229,3,0.032866968,0.032864768,0.032858679,0.0328648,0.047484036
1041,INPUT_SKIN2_90_5.txt,OUTPUT_BM1_90_5.txt,0.316451123,3,0.316002127,0.316329505,0.316390793,0.316039218,0.291433872
1042,INPUT_SKIN2_90_5.txt,OUTPUT_BM2_90_5.txt,1.604666559,3,1.603790249,1.604238401,1.603886213,1.603947974,1.566289536
1043,INPUT_SKIN2_90_5.txt,OUTPUT_GUT_90_5.txt,NA,3,NA,NA,NA,NA,NA
1044,INPUT_SKIN2_90_5.txt,OUTPUT_L_90_5.txt,2.053965079,3,2.052931437,2.054277556,2.053201713,2.053152586,2.065042456
1045,INPUT_SKIN2_90_5.txt,OUTPUT_LN1_90_5.txt,1.933614331,3,1.932810269,1.933813792,1.933161324,1.93292518,1.974526086
1046,INPUT_SKIN2_90_5.txt,OUTPUT_LN2_90_5.txt,0.120309559,3,0.120290468,0.120236461,0.120213402,0.120200348,0.130988797
1047,INPUT_SKIN2_90_5.txt,OUTPUT_LUNG_90_5.txt,2.450454363,3,2.449442587,2.450708543,2.449887845,2.449612711,2.489213674
1048,INPUT_SKIN2_90_5.txt,OUTPUT_S_90_5.txt,NA,3,NA,NA,NA,NA,NA
1049,INPUT_SKIN2_90_5.txt,OUTPUT_SKIN1_90_5.txt,0.163355126,3,0.163291107,0.163370609,0.163319832,0.163298298,0.155502371
1050,INPUT_SKIN2_90_5.txt,OUTPUT_SKIN10_90_5.txt,0.020948936,3,0.020940538,0.020951024,0.020944208,0.020941896,0.021056334
1051,INPUT_SKIN2_90_5.txt,OUTPUT_SKIN11_90_5.txt,0.078734254,3,0.078726849,0.078751758,0.078725884,0.078722746,0.082486127
1052,INPUT_SKIN2_90_5.txt,OUTPUT_SKIN12_90_5.txt,0.134608211,3,0.134506213,0.134592179,0.134599087,0.134533065,0.127806346
1053,INPUT_SKIN2_90_5.txt,OUTPUT_SKIN2_90_5.txt,-416595,3,-416762,-416553.5,-416689,-416735,-463002
1054,INPUT_SKIN2_90_5.txt,OUTPUT_SKIN3_90_5.txt,0.063878563,3,0.063842449,0.063879989,0.063888629,0.063861396,0.082252922
1055,INPUT_SKIN2_90_5.txt,OUTPUT_SKIN4_90_5.txt,0.198128703,3,0.198093369,0.198197198,0.198111002,0.198059173,0.18487457
1056,INPUT_SKIN2_90_5.txt,OUTPUT_SKIN5_90_5.txt,0.221765128,3,0.221717798,0.221815655,0.22177153,0.221663037,0.251181637
1057,INPUT_SKIN2_90_5.txt,OUTPUT_SKIN6_90_5.txt,0.188931397,3,0.188832263,0.188947385,0.188912206,0.188872139,0.194893765
1058,INPUT_SKIN2_90_5.txt,OUTPUT_SKIN7_90_5.txt,0.064125283,3,0.064097992,0.064129999,0.064109275,0.064103634,0.079114413
1059,INPUT_SKIN2_90_5.txt,OUTPUT_SKIN8_90_5.txt,0.056944766,3,0.056985514,0.057004648,0.056920366,0.056925064,0.057597854
1060,INPUT_SKIN2_90_5.txt,OUTPUT_SKIN9_90_5.txt,0.045154954,3,0.045136838,0.045159457,0.045144755,0.045139766,0.046502614
1061,INPUT_SKIN3_90_5.txt,OUTPUT_BM1_90_5.txt,0.06959334,3,0.069555811,0.069575453,0.06958153,0.06954992,0.082630372
1062,INPUT_SKIN3_90_5.txt,OUTPUT_BM2_90_5.txt,0.148926282,3,0.148938277,0.14893103,0.148897151,0.148921043,0.152317105
1063,INPUT_SKIN3_90_5.txt,OUTPUT_GUT_90_5.txt,NA,3,NA,NA,NA,NA,NA
1064,INPUT_SKIN3_90_5.txt,OUTPUT_L_90_5.txt,0.163144199,3,0.163161561,0.163149945,0.163118019,0.163140211,0.165133836
1065,INPUT_SKIN3_90_5.txt,OUTPUT_LN1_90_5.txt,0.237074183,3,0.237093791,0.237083386,0.237028579,0.237062394,0.248652092
1066,INPUT_SKIN3_90_5.txt,OUTPUT_LN2_90_5.txt,0.147348626,3,0.147381742,0.147251433,0.147230447,0.147253449,0.142131649
1067,INPUT_SKIN3_90_5.txt,OUTPUT_LUNG_90_5.txt,0.140332976,3,0.140344537,0.140338608,0.140306256,0.140328659,0.141699061
1068,INPUT_SKIN3_90_5.txt,OUTPUT_S_90_5.txt,NA,3,NA,NA,NA,NA,NA
1069,INPUT_SKIN3_90_5.txt,OUTPUT_SKIN1_90_5.txt,0.103644928,3,0.103653643,0.103648867,0.10362518,0.103641279,0.113943792
1070,INPUT_SKIN3_90_5.txt,OUTPUT_SKIN10_90_5.txt,0.047735594,3,0.047739529,0.047737441,0.047726441,0.047733988,0.054377195
1071,INPUT_SKIN3_90_5.txt,OUTPUT_SKIN11_90_5.txt,0.071739207,3,0.071767127,0.071750746,0.071734007,0.07175042,0.07857492
1072,INPUT_SKIN3_90_5.txt,OUTPUT_SKIN12_90_5.txt,0.086700608,3,0.086677006,0.086684919,0.08669773,0.086678472,0.087669465
1073,INPUT_SKIN3_90_5.txt,OUTPUT_SKIN2_90_5.txt,0.74053131,3,0.741212216,0.740493049,0.740804258,0.741111235,0.732100988
1074,INPUT_SKIN3_90_5.txt,OUTPUT_SKIN3_90_5.txt,-297497.5,3,-297473,-297486,-297554.5,-297507.5,-330129
1075,INPUT_SKIN3_90_5.txt,OUTPUT_SKIN4_90_5.txt,0.284088006,3,0.284175386,0.284169271,0.284072501,0.284074908,0.322680484
1076,INPUT_SKIN3_90_5.txt,OUTPUT_SKIN5_90_5.txt,0.314037345,3,0.314122993,0.31409013,0.314057809,0.313987621,0.338174754
1077,INPUT_SKIN3_90_5.txt,OUTPUT_SKIN6_90_5.txt,0.18746892,3,0.187461013,0.187463572,0.187456782,0.187467045,0.180047759
1078,INPUT_SKIN3_90_5.txt,OUTPUT_SKIN7_90_5.txt,0.083118873,3,0.083124113,0.083120354,0.08310135,0.083115994,0.083109283
1079,INPUT_SKIN3_90_5.txt,OUTPUT_SKIN8_90_5.txt,0.049939856,3,0.049995222,0.049985442,0.049920779,0.049937531,0.052237673
1080,INPUT_SKIN3_90_5.txt,OUTPUT_SKIN9_90_5.txt,0.02640762,3,0.026409796,0.026408641,0.026402558,0.026406732,0.030028341
1081,INPUT_SKIN4_90_5.txt,OUTPUT_BM1_90_5.txt,0.390934521,3,0.390453484,0.390677957,0.390923076,0.390522485,0.352408434
1082,INPUT_SKIN4_90_5.txt,OUTPUT_BM2_90_5.txt,4.502465154,3,4.50092828,4.49918696,4.500271907,4.501716921,4.863019656
1083,INPUT_SKIN4_90_5.txt,OUTPUT_GUT_90_5.txt,NA,3,NA,NA,NA,NA,NA
1084,INPUT_SKIN4_90_5.txt,OUTPUT_L_90_5.txt,4.025355971,3,4.023830556,4.025296914,4.023735705,4.025024831,4.195464256
1085,INPUT_SKIN4_90_5.txt,OUTPUT_LN1_90_5.txt,4.198385086,3,4.19787529,4.197825449,4.198073707,4.198387537,4.114445207
1086,INPUT_SKIN4_90_5.txt,OUTPUT_LN2_90_5.txt,0.184280564,3,0.184306222,0.184124995,0.184160505,0.184174839,0.170619409
1087,INPUT_SKIN4_90_5.txt,OUTPUT_LUNG_90_5.txt,11.13919591,3,11.13770836,11.13754764,11.13829369,11.13915332,11.13745613
1088,INPUT_SKIN4_90_5.txt,OUTPUT_S_90_5.txt,NA,3,NA,NA,NA,NA,NA
1089,INPUT_SKIN4_90_5.txt,OUTPUT_SKIN1_90_5.txt,0.284740401,3,0.28470713,0.284705942,0.284719567,0.284743631,0.280688542
1090,INPUT_SKIN4_90_5.txt,OUTPUT_SKIN10_90_5.txt,0.035227056,3,0.035223125,0.035222735,0.035224648,0.035227304,0.032867597
1091,INPUT_SKIN4_90_5.txt,OUTPUT_SKIN11_90_5.txt,0.035590627,3,0.035597604,0.035590623,0.035592459,0.035597661,0.032271454
1092,INPUT_SKIN4_90_5.txt,OUTPUT_SKIN12_90_5.txt,0.10140962,3,0.101363115,0.101375554,0.101418327,0.101388455,0.09181151
1093,INPUT_SKIN4_90_5.txt,OUTPUT_SKIN2_90_5.txt,0.40673609,3,0.407034346,0.40666241,0.40694708,0.407085346,0.393821976
1094,INPUT_SKIN4_90_5.txt,OUTPUT_SKIN3_90_5.txt,0.025369526,3,0.025362523,0.025364458,0.025377512,0.02537141,0.024008678
1095,INPUT_SKIN4_90_5.txt,OUTPUT_SKIN4_90_5.txt,-497443,3,-497498.5,-497504,-497477,-497439.5,-552882
1096,INPUT_SKIN4_90_5.txt,OUTPUT_SKIN5_90_5.txt,0.235973282,3,0.235991903,0.235974798,0.236018011,0.235945552,0.222500341
1097,INPUT_SKIN4_90_5.txt,OUTPUT_SKIN6_90_5.txt,0.320224663,3,0.320149316,0.320229254,0.320242977,0.320234444,0.335182276
1098,INPUT_SKIN4_90_5.txt,OUTPUT_SKIN7_90_5.txt,0.043478157,3,0.043469277,0.043468493,0.043471257,0.043478262,0.040114806
1099,INPUT_SKIN4_90_5.txt,OUTPUT_SKIN8_90_5.txt,0.055677085,3,0.055733421,0.055723535,0.055663216,0.055678226,0.051735527
1100,INPUT_SKIN4_90_5.txt,OUTPUT_SKIN9_90_5.txt,0.035050922,3,0.035047008,0.035046621,0.035048525,0.035051168,0.032482738
1101,INPUT_SKIN5_90_5.txt,OUTPUT_BM1_90_5.txt,0.245163803,3,0.244935154,0.245050321,0.245139707,0.244983964,0.28328491
1102,INPUT_SKIN5_90_5.txt,OUTPUT_BM2_90_5.txt,0.838784049,3,0.838688326,0.838686039,0.83864654,0.8388237,0.889427903
1103,INPUT_SKIN5_90_5.txt,OUTPUT_GUT_90_5.txt,NA,3,NA,NA,NA,NA,NA
1104,INPUT_SKIN5_90_5.txt,OUTPUT_L_90_5.txt,0.95697599,3,0.956903876,0.956907836,0.956873339,0.957037589,1.016589862
1105,INPUT_SKIN5_90_5.txt,OUTPUT_LN1_90_5.txt,1.036091138,3,1.035991863,1.036024197,1.035957208,1.03614309,1.085377066
1106,INPUT_SKIN5_90_5.txt,OUTPUT_LN2_90_5.txt,0.138615177,3,0.138634779,0.138506262,0.138515635,0.138542138,0.119891025
1107,INPUT_SKIN5_90_5.txt,OUTPUT_LUNG_90_5.txt,0.830251986,3,0.830173068,0.830200007,0.830146823,0.830305628,0.882015768
1108,INPUT_SKIN5_90_5.txt,OUTPUT_S_90_5.txt,NA,3,NA,NA,NA,NA,NA
1109,INPUT_SKIN5_90_5.txt,OUTPUT_SKIN1_90_5.txt,0.370286044,3,0.370249167,0.370263092,0.370236815,0.370310633,0.357164952
1110,INPUT_SKIN5_90_5.txt,OUTPUT_SKIN10_90_5.txt,0.052480482,3,0.052475508,0.052477125,0.052473769,0.052483714,0.050995
1111,INPUT_SKIN5_90_5.txt,OUTPUT_SKIN11_90_5.txt,0.103187048,3,0.103209059,0.103193103,0.103186235,0.103213081,0.099247192
1112,INPUT_SKIN5_90_5.txt,OUTPUT_SKIN12_90_5.txt,0.168599026,3,0.16852382,0.168551761,0.168603812,0.168572541,0.226392896
1113,INPUT_SKIN5_90_5.txt,OUTPUT_SKIN2_90_5.txt,0.671760113,3,0.672279381,0.671740595,0.672128922,0.672453211,0.644620158
1114,INPUT_SKIN5_90_5.txt,OUTPUT_SKIN3_90_5.txt,0.043300445,3,0.043289217,0.043294334,0.043311491,0.043306017,0.10015176
1115,INPUT_SKIN5_90_5.txt,OUTPUT_SKIN4_90_5.txt,0.447161991,3,0.447219974,0.447244152,0.447166378,0.447183224,0.507518963
1116,INPUT_SKIN5_90_5.txt,OUTPUT_SKIN5_90_5.txt,-422464.5,3,-422504.5,-422491.5,-422518.5,-422438.5,-469088
1117,INPUT_SKIN5_90_5.txt,OUTPUT_SKIN6_90_5.txt,0.225745595,3,0.225696303,0.225744239,0.225745073,0.225764898,0.234840536
1118,INPUT_SKIN5_90_5.txt,OUTPUT_SKIN7_90_5.txt,0.078108438,3,0.078098904,0.078101154,0.078096368,0.078113144,0.074890706
1119,INPUT_SKIN5_90_5.txt,OUTPUT_SKIN8_90_5.txt,0.066250146,3,0.066317447,0.066308587,0.06622831,0.066253582,0.060302054
1120,INPUT_SKIN5_90_5.txt,OUTPUT_SKIN9_90_5.txt,0.032462877,3,0.032459803,0.032460802,0.032458727,0.032464876,0.031383618
1121,INPUT_SKIN6_90_5.txt,OUTPUT_BM1_90_5.txt,0.213806895,3,0.213586831,0.21368906,0.213801603,0.213583472,0.193550167
1122,INPUT_SKIN6_90_5.txt,OUTPUT_BM2_90_5.txt,1.780760126,3,1.780527719,1.779822808,1.78002162,1.780490215,1.787230091
1123,INPUT_SKIN6_90_5.txt,OUTPUT_GUT_90_5.txt,NA,3,NA,NA,NA,NA,NA
1124,INPUT_SKIN6_90_5.txt,OUTPUT_L_90_5.txt,2.337420521,3,2.337192595,2.337523483,2.336816087,2.337303391,2.315034381
1125,INPUT_SKIN6_90_5.txt,OUTPUT_LN1_90_5.txt,2.725348503,3,2.725500492,2.725258512,2.725154645,2.725294455,2.672904859
1126,INPUT_SKIN6_90_5.txt,OUTPUT_LN2_90_5.txt,0.267847477,3,0.26793278,0.267647186,0.267678121,0.267689208,0.247603647
1127,INPUT_SKIN6_90_5.txt,OUTPUT_LUNG_90_5.txt,3.464090193,3,3.46423421,3.463983194,3.463808061,3.464059841,3.467196268
1128,INPUT_SKIN6_90_5.txt,OUTPUT_S_90_5.txt,NA,3,NA,NA,NA,NA,NA
1129,INPUT_SKIN6_90_5.txt,OUTPUT_SKIN1_90_5.txt,0.101700509,3,0.101707293,0.101696955,0.101694737,0.10169875,0.098794403
1130,INPUT_SKIN6_90_5.txt,OUTPUT_SKIN10_90_5.txt,0.039673849,3,0.039676274,0.039672572,0.03967138,0.03967338,0.03967933
1131,INPUT_SKIN6_90_5.txt,OUTPUT_SKIN11_90_5.txt,0.093610158,3,0.093644676,0.093618622,0.093615546,0.093626907,0.091575219
1132,INPUT_SKIN6_90_5.txt,OUTPUT_SKIN12_90_5.txt,0.136063837,3,0.136024062,0.136029807,0.136076752,0.136032302,0.123733297
1133,INPUT_SKIN6_90_5.txt,OUTPUT_SKIN2_90_5.txt,1.166172391,3,1.1671518,1.165908703,1.166616482,1.16692053,1.0990326
1134,INPUT_SKIN6_90_5.txt,OUTPUT_SKIN3_90_5.txt,0.129625518,3,0.129612117,0.129611353,0.129667042,0.129632655,0.117428057
1135,INPUT_SKIN6_90_5.txt,OUTPUT_SKIN4_90_5.txt,0.473551553,3,0.473686362,0.473652873,0.473587117,0.473539115,0.453281843
1136,INPUT_SKIN6_90_5.txt,OUTPUT_SKIN5_90_5.txt,0.223662521,3,0.223718507,0.223683941,0.223705814,0.223632368,0.210762763
1137,INPUT_SKIN6_90_5.txt,OUTPUT_SKIN6_90_5.txt,-466331.5,3,-466303,-466346.5,-466360.5,-466337,-517365.5
1138,INPUT_SKIN6_90_5.txt,OUTPUT_SKIN7_90_5.txt,0.055095169,3,0.055097846,0.055092652,0.055091066,0.055094484,0.051861619
1139,INPUT_SKIN6_90_5.txt,OUTPUT_SKIN8_90_5.txt,0.067011487,3,0.067091048,0.067073604,0.066993537,0.067009957,0.061716863
1140,INPUT_SKIN6_90_5.txt,OUTPUT_SKIN9_90_5.txt,0.042917298,3,0.042919923,0.042915917,0.042914628,0.042916793,0.040996847
1141,INPUT_SKIN7_90_5.txt,OUTPUT_BM1_90_5.txt,2.773678907,3,2.771124935,2.77253823,2.773901399,2.771143352,2.734733848
1142,INPUT_SKIN7_90_5.txt,OUTPUT_BM2_90_5.txt,1.968177623,3,1.9676578,1.966629134,1.967121407,1.967715212,1.804209731
1143,INPUT_SKIN7_90_5.txt,OUTPUT_GUT_90_5.txt,NA,3,NA,NA,NA,NA,NA
1144,INPUT_SKIN7_90_5.txt,OUTPUT_L_90_5.txt,9.543675961,3,9.542497541,9.54578169,9.542015596,9.543307546,9.529022233
1145,INPUT_SKIN7_90_5.txt,OUTPUT_LN1_90_5.txt,1.331122257,3,1.33118502,1.331189727,1.331183451,1.331177311,1.269718673
1146,INPUT_SKIN7_90_5.txt,OUTPUT_LN2_90_5.txt,0.225194861,3,0.225261482,0.225045343,0.225075191,0.225066009,0.220881257
1147,INPUT_SKIN7_90_5.txt,OUTPUT_LUNG_90_5.txt,15.47300945,3,15.47377298,15.47385893,15.47378275,15.4731022,15.65638411
1148,INPUT_SKIN7_90_5.txt,OUTPUT_S_90_5.txt,NA,3,NA,NA,NA,NA,NA
1149,INPUT_SKIN7_90_5.txt,OUTPUT_SKIN1_90_5.txt,0.175521366,3,0.175528727,0.175530539,0.175528523,0.175522574,0.171473399
1150,INPUT_SKIN7_90_5.txt,OUTPUT_SKIN10_90_5.txt,0.075035364,3,0.075038839,0.0750391,0.075038752,0.075035537,0.069268921
1151,INPUT_SKIN7_90_5.txt,OUTPUT_SKIN11_90_5.txt,0.13138551,3,0.13136375,0.131380975,0.131380612,0.131368554,0.132984897
1152,INPUT_SKIN7_90_5.txt,OUTPUT_SKIN12_90_5.txt,0.231978093,3,0.231908034,0.231939853,0.232024549,0.231928335,0.217347615
1153,INPUT_SKIN7_90_5.txt,OUTPUT_SKIN2_90_5.txt,0.463096269,3,0.463490808,0.463052074,0.463346177,0.463434559,0.468679061
1154,INPUT_SKIN7_90_5.txt,OUTPUT_SKIN3_90_5.txt,0.05637433,3,0.056367679,0.056372793,0.056398446,0.056378244,0.054708188
1155,INPUT_SKIN7_90_5.txt,OUTPUT_SKIN4_90_5.txt,0.215273731,3,0.215345904,0.215334627,0.215311326,0.215284421,0.207391546
1156,INPUT_SKIN7_90_5.txt,OUTPUT_SKIN5_90_5.txt,0.20058372,3,0.200555276,0.200591944,0.20057043,0.200582993,0.211060948
1157,INPUT_SKIN7_90_5.txt,OUTPUT_SKIN6_90_5.txt,0.163298748,3,0.163296081,0.163291065,0.163319767,0.163290977,0.155858148
1158,INPUT_SKIN7_90_5.txt,OUTPUT_SKIN7_90_5.txt,-431154.5,3,-431134.5,-431133,-431135,-431153.5,-478822.5
1159,INPUT_SKIN7_90_5.txt,OUTPUT_SKIN8_90_5.txt,0.200447753,3,0.200679036,0.200646842,0.200414816,0.200444563,0.193228773
1160,INPUT_SKIN7_90_5.txt,OUTPUT_SKIN9_90_5.txt,0.085313057,3,0.085316999,0.085317294,0.0853169,0.085313254,0.083499775
1161,INPUT_SKIN8_90_5.txt,OUTPUT_BM1_90_5.txt,11.80001963,3,11.79739921,11.80053298,11.7994402,11.79307917,12.52415352
1162,INPUT_SKIN8_90_5.txt,OUTPUT_BM2_90_5.txt,4.400989829,3,4.398852396,4.396814066,4.398765214,4.400035366,5.256755559
1163,INPUT_SKIN8_90_5.txt,OUTPUT_GUT_90_5.txt,NA,3,NA,NA,NA,NA,NA
1164,INPUT_SKIN8_90_5.txt,OUTPUT_L_90_5.txt,12.02911672,3,12.03114727,12.03319359,12.02399204,12.02750522,15.43812059
1165,INPUT_SKIN8_90_5.txt,OUTPUT_LN1_90_5.txt,2.067729819,3,2.066748714,2.066894035,2.067916405,2.067745623,2.147587851
1166,INPUT_SKIN8_90_5.txt,OUTPUT_LN2_90_5.txt,0.227886973,3,0.227817551,0.227623127,0.227785111,0.227763898,0.282476348
1167,INPUT_SKIN8_90_5.txt,OUTPUT_LUNG_90_5.txt,22.86684805,3,22.90336729,22.89800479,22.86018873,22.86654802,23.53924619
1168,INPUT_SKIN8_90_5.txt,OUTPUT_S_90_5.txt,NA,3,NA,NA,NA,NA,NA
1169,INPUT_SKIN8_90_5.txt,OUTPUT_SKIN1_90_5.txt,0.248717837,3,0.248578359,0.248600539,0.248742913,0.248721245,0.288179145
1170,INPUT_SKIN8_90_5.txt,OUTPUT_SKIN10_90_5.txt,0.107075339,3,0.107015959,0.107024752,0.107086587,0.107076317,0.102302378
1171,INPUT_SKIN8_90_5.txt,OUTPUT_SKIN11_90_5.txt,0.147790192,3,0.147752987,0.147738189,0.147823158,0.147819285,0.160308103
1172,INPUT_SKIN8_90_5.txt,OUTPUT_SKIN12_90_5.txt,0.908739173,3,0.907929395,0.908119333,0.908968072,0.908561565,0.899357667
1173,INPUT_SKIN8_90_5.txt,OUTPUT_SKIN2_90_5.txt,1.429220389,3,1.429183965,1.428332975,1.429807928,1.429880335,1.779811969
1174,INPUT_SKIN8_90_5.txt,OUTPUT_SKIN3_90_5.txt,0.256779962,3,0.256597085,0.256639443,0.256900038,0.256798628,0.264909941
1175,INPUT_SKIN8_90_5.txt,OUTPUT_SKIN4_90_5.txt,0.105452162,3,0.105417401,0.105428481,0.105477826,0.10545157,0.076646438
1176,INPUT_SKIN8_90_5.txt,OUTPUT_SKIN5_90_5.txt,0.204401994,3,0.204326298,0.204330732,0.20447481,0.204379207,0.202441977
1177,INPUT_SKIN8_90_5.txt,OUTPUT_SKIN6_90_5.txt,0.150326196,3,0.150223971,0.150263597,0.150361042,0.150331232,0.1021936
1178,INPUT_SKIN8_90_5.txt,OUTPUT_SKIN7_90_5.txt,0.257024227,3,0.256857709,0.256877054,0.257028012,0.257025366,0.260844756
1179,INPUT_SKIN8_90_5.txt,OUTPUT_SKIN8_90_5.txt,-438357.5,3,-438600.5,-438564.5,-438311.5,-438353.5,-487029
1180,INPUT_SKIN8_90_5.txt,OUTPUT_SKIN9_90_5.txt,0.068847896,3,0.068809718,0.068815371,0.068855128,0.068848525,0.066802587
1181,INPUT_SKIN9_90_5.txt,OUTPUT_BM1_90_5.txt,0.510924265,3,0.510358607,0.510654774,0.510944294,0.51038776,0.517096357
1182,INPUT_SKIN9_90_5.txt,OUTPUT_BM2_90_5.txt,1.823288633,3,1.822743077,1.821819033,1.822266941,1.822872284,2.237701212
1183,INPUT_SKIN9_90_5.txt,OUTPUT_GUT_90_5.txt,NA,3,NA,NA,NA,NA,NA
1184,INPUT_SKIN9_90_5.txt,OUTPUT_L_90_5.txt,4.670598851,3,4.669478214,4.671842562,4.66940205,4.670518035,4.716964505
1185,INPUT_SKIN9_90_5.txt,OUTPUT_LN1_90_5.txt,1.102051102,3,1.102051102,1.102051102,1.102051102,1.10205,1.192966223
1186,INPUT_SKIN9_90_5.txt,OUTPUT_LN2_90_5.txt,0.208475168,3,0.208529156,0.208324506,0.208354592,0.208354332,0.192428928
1187,INPUT_SKIN9_90_5.txt,OUTPUT_LUNG_90_5.txt,11.22254417,3,11.22254298,11.2225618,11.22256204,11.2225801,11.38782075
1188,INPUT_SKIN9_90_5.txt,OUTPUT_S_90_5.txt,NA,3,NA,NA,NA,NA,NA
1189,INPUT_SKIN9_90_5.txt,OUTPUT_SKIN1_90_5.txt,0.075881815,3,0.075881469,0.075881988,0.075881469,0.075882161,0.075294975
1190,INPUT_SKIN9_90_5.txt,OUTPUT_SKIN10_90_5.txt,0.045238809,3,0.045238809,0.045238809,0.045238809,0.045238809,0.051946719
1191,INPUT_SKIN9_90_5.txt,OUTPUT_SKIN11_90_5.txt,0.369945693,3,0.370058584,0.369990647,0.369989648,0.370015623,0.357046186
1192,INPUT_SKIN9_90_5.txt,OUTPUT_SKIN12_90_5.txt,0.211223262,3,0.211253206,0.211275148,0.211211533,0.21125006,0.223685161
1193,INPUT_SKIN9_90_5.txt,OUTPUT_SKIN2_90_5.txt,0.623455686,3,0.623914366,0.623394878,0.623753758,0.623891977,0.608420954
1194,INPUT_SKIN9_90_5.txt,OUTPUT_SKIN3_90_5.txt,0.044502121,3,0.044494848,0.044498707,0.044519042,0.044505089,0.042811603
1195,INPUT_SKIN9_90_5.txt,OUTPUT_SKIN4_90_5.txt,0.098307668,3,0.098329354,0.098331568,0.09832099,0.098306246,0.100983447
1196,INPUT_SKIN9_90_5.txt,OUTPUT_SKIN5_90_5.txt,0.252610223,3,0.252658412,0.252642493,0.252674968,0.252579182,0.257673987
1197,INPUT_SKIN9_90_5.txt,OUTPUT_SKIN6_90_5.txt,0.11809223,3,0.118077583,0.118074561,0.118107114,0.118095108,0.11388326
1198,INPUT_SKIN9_90_5.txt,OUTPUT_SKIN7_90_5.txt,0.068321861,3,0.068315519,0.068315044,0.068315678,0.068321544,0.063926783
1199,INPUT_SKIN9_90_5.txt,OUTPUT_SKIN8_90_5.txt,0.079660446,3,0.079749037,0.07973591,0.07964621,0.079661517,0.07585269
1200,INPUT_SKIN9_90_5.txt,OUTPUT_SKIN9_90_5.txt,-373463,3,-373463,-373463,-373463,-373463,-414912.5
1201,INPUT_BM1_90_5.txt,OUTPUT_BM1_90_5.txt,-974151,5,-974157.5,-973960.5,-973989.5,-973787.5,-1081769
1202,INPUT_BM1_90_5.txt,OUTPUT_BM2_90_5.txt,2.37002822,5,2.371096886,2.370578476,2.36901877,2.371521752,2.154319025
1203,INPUT_BM1_90_5.txt,OUTPUT_GUT_90_5.txt,NA,5,NA,NA,NA,NA,NA
1204,INPUT_BM1_90_5.txt,OUTPUT_L_90_5.txt,44.02829817,5,44.04239086,44.04195199,44.03452055,44.05885343,40.10500413
1205,INPUT_BM1_90_5.txt,OUTPUT_LN1_90_5.txt,3.953277353,5,3.951506567,3.951299504,3.954438592,3.954730033,3.911548125
1206,INPUT_BM1_90_5.txt,OUTPUT_LN2_90_5.txt,0.028572749,5,0.028565985,0.028575691,0.028589397,0.028587933,0.027934422
1207,INPUT_BM1_90_5.txt,OUTPUT_LUNG_90_5.txt,84.92636354,5,84.93143011,84.98156599,84.94277186,85.04851132,85.02266688
1208,INPUT_BM1_90_5.txt,OUTPUT_S_90_5.txt,4.899557479,5,4.89804482,4.89854833,4.900244952,4.899938348,4.522533543
1209,INPUT_BM1_90_5.txt,OUTPUT_SKIN1_90_5.txt,0.045392483,5,0.045393028,0.045397198,0.045397607,0.045406958,0.047122979
1210,INPUT_BM1_90_5.txt,OUTPUT_SKIN10_90_5.txt,0.109724113,5,0.10973445,0.109776889,0.109766737,0.109804011,0.110224135
1211,INPUT_BM1_90_5.txt,OUTPUT_SKIN11_90_5.txt,0.137126126,5,0.137131435,0.137142137,0.137113702,0.137154827,0.133631157
1212,INPUT_BM1_90_5.txt,OUTPUT_SKIN12_90_5.txt,0.092026157,5,0.092076602,0.092057484,0.09199656,0.09207952,0.086917575
1213,INPUT_BM1_90_5.txt,OUTPUT_SKIN2_90_5.txt,0.129018162,5,0.129114744,0.129076182,0.12913188,0.129131982,0.127516743
1214,INPUT_BM1_90_5.txt,OUTPUT_SKIN3_90_5.txt,0.030420603,5,0.030423416,0.030425685,0.030425653,0.030435323,0.028223143
1215,INPUT_BM1_90_5.txt,OUTPUT_SKIN4_90_5.txt,0.058960621,5,0.058960628,0.058972633,0.058966246,0.058978573,0.055078139
1216,INPUT_BM1_90_5.txt,OUTPUT_SKIN5_90_5.txt,0.142261088,5,0.142260056,0.142288847,0.14228473,0.142314388,0.13722569
1217,INPUT_BM1_90_5.txt,OUTPUT_SKIN6_90_5.txt,0.190923566,5,0.190886712,0.190944293,0.190964866,0.190955418,0.182695157
1218,INPUT_BM1_90_5.txt,OUTPUT_SKIN7_90_5.txt,0.040514958,5,0.04051857,0.040526342,0.040522507,0.040527287,0.037031266
1219,INPUT_BM1_90_5.txt,OUTPUT_SKIN8_90_5.txt,0.05824535,5,0.058250206,0.058251577,0.058257056,0.058259601,0.055349461
1220,INPUT_BM1_90_5.txt,OUTPUT_SKIN9_90_5.txt,0.090988615,5,0.090986376,0.091012201,0.091013327,0.091048806,0.086725932
1221,INPUT_BM2_90_5.txt,OUTPUT_BM1_90_5.txt,58.98740069,5,58.97459388,58.96434088,58.98531903,58.93554365,53.02398107
1222,INPUT_BM2_90_5.txt,OUTPUT_BM2_90_5.txt,-797608,5,-797790.5,-797622.5,-797372,-797710.5,-886656
1223,INPUT_BM2_90_5.txt,OUTPUT_GUT_90_5.txt,NA,5,NA,NA,NA,NA,NA
1224,INPUT_BM2_90_5.txt,OUTPUT_L_90_5.txt,149.8970684,5,149.9141649,149.9111515,149.9328402,149.9292322,138.0153276
1225,INPUT_BM2_90_5.txt,OUTPUT_LN1_90_5.txt,16.42806003,5,16.417241,16.41647081,16.43488001,16.42597132,15.9148147
1226,INPUT_BM2_90_5.txt,OUTPUT_LN2_90_5.txt,0.156629817,5,0.156623755,0.156656363,0.156627292,0.15659962,0.152301195
1227,INPUT_BM2_90_5.txt,OUTPUT_LUNG_90_5.txt,136.1765533,5,136.1580232,136.2356407,136.2175139,136.3096835,135.9725009
1228,INPUT_BM2_90_5.txt,OUTPUT_S_90_5.txt,10.94008157,5,10.93422708,10.93545349,10.94309311,10.93537702,10.57293036
1229,INPUT_BM2_90_5.txt,OUTPUT_SKIN1_90_5.txt,0.022039842,5,0.022035287,0.022037439,0.022045217,0.022035895,0.019975809
1230,INPUT_BM2_90_5.txt,OUTPUT_SKIN10_90_5.txt,0.292734069,5,0.292693255,0.292808829,0.292892209,0.292799934,0.283381653
1231,INPUT_BM2_90_5.txt,OUTPUT_SKIN11_90_5.txt,0.442121814,5,0.442033078,0.44209013,0.442176456,0.442013853,0.437508604
1232,INPUT_BM2_90_5.txt,OUTPUT_SKIN12_90_5.txt,0.226236893,5,0.226127406,0.226070803,0.226204846,0.226064618,0.225592494
1233,INPUT_BM2_90_5.txt,OUTPUT_SKIN2_90_5.txt,0.120094879,5,0.120151096,0.120120959,0.120207162,0.120134415,0.119840086
1234,INPUT_BM2_90_5.txt,OUTPUT_SKIN3_90_5.txt,0.054030622,5,0.054023001,0.05402815,0.054046644,0.054029002,0.052759847
1235,INPUT_BM2_90_5.txt,OUTPUT_SKIN4_90_5.txt,0.197409729,5,0.197395732,0.197450092,0.197441628,0.197361989,0.193410653
1236,INPUT_BM2_90_5.txt,OUTPUT_SKIN5_90_5.txt,0.11509202,5,0.115065593,0.115089956,0.115126212,0.115077176,0.108487268
1237,INPUT_BM2_90_5.txt,OUTPUT_SKIN6_90_5.txt,0.232069067,5,0.231999247,0.232054149,0.232182907,0.23199319,0.226287503
1238,INPUT_BM2_90_5.txt,OUTPUT_SKIN7_90_5.txt,0.093443644,5,0.093430624,0.093449477,0.093475226,0.09342753,0.093989341
1239,INPUT_BM2_90_5.txt,OUTPUT_SKIN8_90_5.txt,0.087179808,5,0.087155226,0.087190084,0.087203914,0.087182489,0.083638812
1240,INPUT_BM2_90_5.txt,OUTPUT_SKIN9_90_5.txt,0.202248032,5,0.202198311,0.202256869,0.202326966,0.202272289,0.198292823
1241,INPUT_GUT_90_5.txt,OUTPUT_BM1_90_5.txt,NA,5,NA,NA,NA,NA,NA
1242,INPUT_GUT_90_5.txt,OUTPUT_BM2_90_5.txt,NA,5,NA,NA,NA,NA,NA
1243,INPUT_GUT_90_5.txt,OUTPUT_GUT_90_5.txt,NA,5,NA,NA,NA,NA,NA
1244,INPUT_GUT_90_5.txt,OUTPUT_L_90_5.txt,NA,5,NA,NA,NA,NA,NA
1245,INPUT_GUT_90_5.txt,OUTPUT_LN1_90_5.txt,NA,5,NA,NA,NA,NA,NA
1246,INPUT_GUT_90_5.txt,OUTPUT_LN2_90_5.txt,NA,5,NA,NA,NA,NA,NA
1247,INPUT_GUT_90_5.txt,OUTPUT_LUNG_90_5.txt,NA,5,NA,NA,NA,NA,NA
1248,INPUT_GUT_90_5.txt,OUTPUT_S_90_5.txt,NA,5,NA,NA,NA,NA,NA
1249,INPUT_GUT_90_5.txt,OUTPUT_SKIN1_90_5.txt,NA,5,NA,NA,NA,NA,NA
1250,INPUT_GUT_90_5.txt,OUTPUT_SKIN10_90_5.txt,NA,5,NA,NA,NA,NA,NA
1251,INPUT_GUT_90_5.txt,OUTPUT_SKIN11_90_5.txt,NA,5,NA,NA,NA,NA,NA
1252,INPUT_GUT_90_5.txt,OUTPUT_SKIN12_90_5.txt,NA,5,NA,NA,NA,NA,NA
1253,INPUT_GUT_90_5.txt,OUTPUT_SKIN2_90_5.txt,NA,5,NA,NA,NA,NA,NA
1254,INPUT_GUT_90_5.txt,OUTPUT_SKIN3_90_5.txt,NA,5,NA,NA,NA,NA,NA
1255,INPUT_GUT_90_5.txt,OUTPUT_SKIN4_90_5.txt,NA,5,NA,NA,NA,NA,NA
1256,INPUT_GUT_90_5.txt,OUTPUT_SKIN5_90_5.txt,NA,5,NA,NA,NA,NA,NA
1257,INPUT_GUT_90_5.txt,OUTPUT_SKIN6_90_5.txt,NA,5,NA,NA,NA,NA,NA
1258,INPUT_GUT_90_5.txt,OUTPUT_SKIN7_90_5.txt,NA,5,NA,NA,NA,NA,NA
1259,INPUT_GUT_90_5.txt,OUTPUT_SKIN8_90_5.txt,NA,5,NA,NA,NA,NA,NA
1260,INPUT_GUT_90_5.txt,OUTPUT_SKIN9_90_5.txt,NA,5,NA,NA,NA,NA,NA
1261,INPUT_L_90_5.txt,OUTPUT_BM1_90_5.txt,628.359102,5,628.0917674,628.0802744,628.0868119,627.4491948,648.1977772
1262,INPUT_L_90_5.txt,OUTPUT_BM2_90_5.txt,1303.53401,5,1303.943816,1303.363195,1302.338551,1303.508902,1300.212221
1263,INPUT_L_90_5.txt,OUTPUT_GUT_90_5.txt,NA,5,NA,NA,NA,NA,NA
1264,INPUT_L_90_5.txt,OUTPUT_L_90_5.txt,-949983,5,-950143.5,-950041.5,-949975.5,-950151,-1054842.5
1265,INPUT_L_90_5.txt,OUTPUT_LN1_90_5.txt,22.26402829,5,22.25058022,22.24730492,22.26706854,22.26013244,20.6080069
1266,INPUT_L_90_5.txt,OUTPUT_LN2_90_5.txt,0.147017121,5,0.147006271,0.147030765,0.146989829,0.146992083,0.141316205
1267,INPUT_L_90_5.txt,OUTPUT_LUNG_90_5.txt,169.0590953,5,169.0427176,169.1311213,169.0682788,169.2270058,167.1599754
1268,INPUT_L_90_5.txt,OUTPUT_S_90_5.txt,14.69582138,5,14.68880317,14.68889252,14.69557119,14.68870609,14.98652536
1269,INPUT_L_90_5.txt,OUTPUT_SKIN1_90_5.txt,0.028953803,5,0.028949539,0.028949411,0.028952531,0.028947222,0.033443701
1270,INPUT_L_90_5.txt,OUTPUT_SKIN10_90_5.txt,0.758034344,5,0.757949134,0.758168496,0.758190443,0.75809747,0.749134367
1271,INPUT_L_90_5.txt,OUTPUT_SKIN11_90_5.txt,0.473879443,5,0.473810725,0.473827509,0.473811062,0.473747612,0.463941925
1272,INPUT_L_90_5.txt,OUTPUT_SKIN12_90_5.txt,0.144912988,5,0.144853669,0.144797062,0.144845662,0.144792833,0.133264206
1273,INPUT_L_90_5.txt,OUTPUT_SKIN2_90_5.txt,0.173988651,5,0.174070582,0.174017349,0.17408921,0.174029765,0.183864267
1274,INPUT_L_90_5.txt,OUTPUT_SKIN3_90_5.txt,0.11787479,5,0.117865499,0.117864423,0.117875724,0.117865736,0.120857852
1275,INPUT_L_90_5.txt,OUTPUT_SKIN4_90_5.txt,0.136637933,5,0.136635687,0.136653627,0.136628076,0.136603205,0.13067143
1276,INPUT_L_90_5.txt,OUTPUT_SKIN5_90_5.txt,0.193189833,5,0.193157018,0.193177881,0.193191367,0.193155484,0.215369022
1277,INPUT_L_90_5.txt,OUTPUT_SKIN6_90_5.txt,0.259927018,5,0.259843126,0.259892515,0.259949604,0.259828216,0.258040758
1278,INPUT_L_90_5.txt,OUTPUT_SKIN7_90_5.txt,0.201246412,5,0.201228134,0.201248118,0.20125261,0.201200212,0.196572644
1279,INPUT_L_90_5.txt,OUTPUT_SKIN8_90_5.txt,0.177646102,5,0.177610653,0.177642316,0.177645482,0.177624092,0.164558825
1280,INPUT_L_90_5.txt,OUTPUT_SKIN9_90_5.txt,0.259938999,5,0.259890765,0.259938024,0.259963233,0.259951101,0.2587571
1281,INPUT_LN1_90_5.txt,OUTPUT_BM1_90_5.txt,2.515807853,5,2.516402177,2.515749422,2.514803989,2.513927004,2.447081143
1282,INPUT_LN1_90_5.txt,OUTPUT_BM2_90_5.txt,1.962586056,5,1.963923284,1.9633453,1.961294187,1.963094219,1.827532617
1283,INPUT_LN1_90_5.txt,OUTPUT_GUT_90_5.txt,NA,5,NA,NA,NA,NA,NA
1284,INPUT_LN1_90_5.txt,OUTPUT_L_90_5.txt,4.621052837,5,4.623671825,4.623267624,4.62067837,4.6227223,4.468115898
1285,INPUT_LN1_90_5.txt,OUTPUT_LN1_90_5.txt,-392468.5,5,-392381.5,-392331.5,-392494,-392468,-435380
1286,INPUT_LN1_90_5.txt,OUTPUT_LN2_90_5.txt,0.157312454,5,0.157384855,0.157402316,0.157224239,0.157299921,0.145671088
1287,INPUT_LN1_90_5.txt,OUTPUT_LUNG_90_5.txt,1.125899607,5,1.126225103,1.12683558,1.125878514,1.127209928,1.117108956
1288,INPUT_LN1_90_5.txt,OUTPUT_S_90_5.txt,4.204607502,5,4.204283809,4.204398112,4.2042192,4.203356607,4.03391779
1289,INPUT_LN1_90_5.txt,OUTPUT_SKIN1_90_5.txt,0.053494171,5,0.053507266,0.053508327,0.053488111,0.053491844,0.04909204
1290,INPUT_LN1_90_5.txt,OUTPUT_SKIN10_90_5.txt,0.812684076,5,0.812905142,0.813128249,0.812755623,0.812821476,0.808924511
1291,INPUT_LN1_90_5.txt,OUTPUT_SKIN11_90_5.txt,0.204511226,5,0.204562968,0.204572785,0.204463799,0.204489564,0.202456815
1292,INPUT_LN1_90_5.txt,OUTPUT_SKIN12_90_5.txt,0.227148202,5,0.227156707,0.227028642,0.227016021,0.226964687,0.2207349
1293,INPUT_LN1_90_5.txt,OUTPUT_SKIN2_90_5.txt,0.259699392,5,0.259846279,0.259821987,0.259721515,0.259734532,0.265784448
1294,INPUT_LN1_90_5.txt,OUTPUT_SKIN3_90_5.txt,0.061631651,5,0.06165097,0.061651642,0.061627638,0.061637958,0.086430567
1295,INPUT_LN1_90_5.txt,OUTPUT_SKIN4_90_5.txt,0.201925272,5,0.202006951,0.202036294,0.201902739,0.201915557,0.195387524
1296,INPUT_LN1_90_5.txt,OUTPUT_SKIN5_90_5.txt,0.186875643,5,0.186917354,0.186941334,0.186863421,0.186875882,0.18456957
1297,INPUT_LN1_90_5.txt,OUTPUT_SKIN6_90_5.txt,0.120785614,5,0.120783816,0.120815904,0.120773803,0.120760086,0.11224825
1298,INPUT_LN1_90_5.txt,OUTPUT_SKIN7_90_5.txt,0.090120697,5,0.090148047,0.090158761,0.090116454,0.090115573,0.083523908
1299,INPUT_LN1_90_5.txt,OUTPUT_SKIN8_90_5.txt,0.155122205,5,0.155147942,0.155197991,0.155108641,0.155147699,0.148809948
1300,INPUT_LN1_90_5.txt,OUTPUT_SKIN9_90_5.txt,0.274264017,5,0.274322937,0.274361663,0.274262214,0.274306531,0.282733364
1301,INPUT_LN2_90_5.txt,OUTPUT_BM1_90_5.txt,7.92582694,5,7.924517924,7.925364672,7.92828984,7.92716974,7.856333294
1302,INPUT_LN2_90_5.txt,OUTPUT_BM2_90_5.txt,7.929570733,5,7.927891588,7.928797573,7.932289851,7.930077897,7.85850469
1303,INPUT_LN2_90_5.txt,OUTPUT_GUT_90_5.txt,NA,5,NA,NA,NA,NA,NA
1304,INPUT_LN2_90_5.txt,OUTPUT_L_90_5.txt,7.674415234,5,7.672913928,7.67357575,7.676547213,7.674840411,7.603459452
1305,INPUT_LN2_90_5.txt,OUTPUT_LN1_90_5.txt,7.462720325,5,7.461794562,7.462438137,7.464694201,7.463405219,7.398929163
1306,INPUT_LN2_90_5.txt,OUTPUT_LN2_90_5.txt,-413192.5,5,-413255,-413229,-413085,-413156.5,-458585.5
1307,INPUT_LN2_90_5.txt,OUTPUT_LUNG_90_5.txt,7.618393565,5,7.617127433,7.617360311,7.620467472,7.618338064,7.550612025
1308,INPUT_LN2_90_5.txt,OUTPUT_S_90_5.txt,8.482390647,5,8.481240215,8.482051657,8.484708697,8.483503522,8.408743916
1309,INPUT_LN2_90_5.txt,OUTPUT_SKIN1_90_5.txt,16.3733249,5,16.37057067,16.37064286,16.37838234,16.37501712,16.37690356
1310,INPUT_LN2_90_5.txt,OUTPUT_SKIN10_90_5.txt,45.48847407,5,45.48891473,45.48181782,45.51635528,45.49508027,44.9500872
1311,INPUT_LN2_90_5.txt,OUTPUT_SKIN11_90_5.txt,41.12060263,5,41.11093222,41.11764879,41.1418135,41.12974066,40.69858328
1312,INPUT_LN2_90_5.txt,OUTPUT_SKIN12_90_5.txt,21.64739999,5,21.64248556,21.63079782,21.6405041,21.63676047,21.13010912
1313,INPUT_LN2_90_5.txt,OUTPUT_SKIN2_90_5.txt,16.46054995,5,16.45762009,16.458575,16.46307717,16.45986925,16.26997237
1314,INPUT_LN2_90_5.txt,OUTPUT_SKIN3_90_5.txt,20.00323735,5,20.00007331,20.00090957,20.00955419,20.00592392,19.77808938
1315,INPUT_LN2_90_5.txt,OUTPUT_SKIN4_90_5.txt,7.384973395,5,7.385261775,7.38588453,7.386726652,7.385304437,7.493380732
1316,INPUT_LN2_90_5.txt,OUTPUT_SKIN5_90_5.txt,19.0374842,5,19.03397325,19.03542154,19.04352702,19.03949931,19.05591776
1317,INPUT_LN2_90_5.txt,OUTPUT_SKIN6_90_5.txt,12.18877014,5,12.18459709,12.18652673,12.19264485,12.18801327,12.20918597
1318,INPUT_LN2_90_5.txt,OUTPUT_SKIN7_90_5.txt,11.20979505,5,11.20851589,11.20922931,11.21344175,11.21068549,11.12537529
1319,INPUT_LN2_90_5.txt,OUTPUT_SKIN8_90_5.txt,16.18369919,5,16.17989635,16.18354231,16.18800787,16.18720034,16.53712563
1320,INPUT_LN2_90_5.txt,OUTPUT_SKIN9_90_5.txt,35.25077642,5,35.24335501,35.22281652,35.26369324,35.25308148,35.32118718
1321,INPUT_LUNG_90_5.txt,OUTPUT_BM1_90_5.txt,5.291919711,5,5.291841243,5.292780547,5.289832388,5.284903981,5.661494215
1322,INPUT_LUNG_90_5.txt,OUTPUT_BM2_90_5.txt,3.235645195,5,3.23701921,3.234976942,3.233653073,3.23459463,3.378588442
1323,INPUT_LUNG_90_5.txt,OUTPUT_GUT_90_5.txt,NA,5,NA,NA,NA,NA,NA
1324,INPUT_LUNG_90_5.txt,OUTPUT_L_90_5.txt,5.552397271,5,5.554524998,5.552184052,5.552181266,5.551577368,5.962540116
1325,INPUT_LUNG_90_5.txt,OUTPUT_LN1_90_5.txt,9.659171146,5,9.654587697,9.650158908,9.660199293,9.653593081,9.712743559
1326,INPUT_LUNG_90_5.txt,OUTPUT_LN2_90_5.txt,0.095931778,5,0.095926781,0.09591272,0.095934733,0.095880016,0.097750971
1327,INPUT_LUNG_90_5.txt,OUTPUT_LUNG_90_5.txt,-432189.5,5,-432204,-432293.5,-432199.5,-432440.5,-480257
1328,INPUT_LUNG_90_5.txt,OUTPUT_S_90_5.txt,3.934401977,5,3.933200203,3.931883113,3.93427681,3.930962507,4.050216393
1329,INPUT_LUNG_90_5.txt,OUTPUT_SKIN1_90_5.txt,0.046905866,5,0.046904355,0.046890314,0.046902225,0.046875233,0.044088117
1330,INPUT_LUNG_90_5.txt,OUTPUT_SKIN10_90_5.txt,0.150760146,5,0.150763864,0.150765164,0.150813952,0.150723025,0.154448041
1331,INPUT_LUNG_90_5.txt,OUTPUT_SKIN11_90_5.txt,0.172343369,5,0.172345284,0.172288411,0.172295917,0.17221478,0.175381693
1332,INPUT_LUNG_90_5.txt,OUTPUT_SKIN12_90_5.txt,0.125427452,5,0.125434888,0.125386337,0.125423193,0.125353883,0.12254676
1333,INPUT_LUNG_90_5.txt,OUTPUT_SKIN2_90_5.txt,0.19262743,5,0.192719153,0.192599261,0.192778007,0.192625691,0.197463477
1334,INPUT_LUNG_90_5.txt,OUTPUT_SKIN3_90_5.txt,0.061162723,5,0.061166024,0.061146257,0.061161305,0.061133158,0.072304364
1335,INPUT_LUNG_90_5.txt,OUTPUT_SKIN4_90_5.txt,0.089386944,5,0.089396014,0.089378092,0.089381394,0.089331114,0.088475405
1336,INPUT_LUNG_90_5.txt,OUTPUT_SKIN5_90_5.txt,0.122130661,5,0.122126547,0.122101159,0.122127823,0.122059482,0.128867433
1337,INPUT_LUNG_90_5.txt,OUTPUT_SKIN6_90_5.txt,0.115639707,5,0.115608974,0.115600085,0.115635191,0.115547684,0.111620075
1338,INPUT_LUNG_90_5.txt,OUTPUT_SKIN7_90_5.txt,0.158075657,5,0.158084404,0.158050299,0.158079681,0.157978712,0.161556556
1339,INPUT_LUNG_90_5.txt,OUTPUT_SKIN8_90_5.txt,0.096792214,5,0.096787423,0.096774709,0.096789373,0.096742392,0.09175254
1340,INPUT_LUNG_90_5.txt,OUTPUT_SKIN9_90_5.txt,0.187531911,5,0.187522436,0.187448861,0.187547335,0.187473366,0.189583946
1341,INPUT_S_90_5.txt,OUTPUT_BM1_90_5.txt,5.654478565,5,5.655397079,5.656297453,5.652524571,5.651104722,5.062289258
1342,INPUT_S_90_5.txt,OUTPUT_BM2_90_5.txt,6.633790968,5,6.63781017,6.63534483,6.629961749,6.636465643,6.040165225
1343,INPUT_S_90_5.txt,OUTPUT_GUT_90_5.txt,NA,5,NA,NA,NA,NA,NA
1344,INPUT_S_90_5.txt,OUTPUT_L_90_5.txt,19.59384225,5,19.60649285,19.60327836,19.59382095,19.60672251,17.69913151
1345,INPUT_S_90_5.txt,OUTPUT_LN1_90_5.txt,361.1920758,5,361.1351514,361.0844437,361.2161318,361.1783863,360.8927616
1346,INPUT_S_90_5.txt,OUTPUT_LN2_90_5.txt,0.139089487,5,0.139137603,0.13915444,0.139021923,0.139108837,0.147836985
1347,INPUT_S_90_5.txt,OUTPUT_LUNG_90_5.txt,204.2078807,5,204.2383032,204.2975417,204.2203507,204.3939919,203.5496615
1348,INPUT_S_90_5.txt,OUTPUT_S_90_5.txt,-1044560.5,5,-1044403.5,-1044351,-1044546.5,-1044405.5,-1159885
1349,INPUT_S_90_5.txt,OUTPUT_SKIN1_90_5.txt,0.088331309,5,0.088346511,0.088340798,0.088327687,0.088339744,0.094536568
1350,INPUT_S_90_5.txt,OUTPUT_SKIN10_90_5.txt,1.089228424,5,1.089445133,1.08973873,1.089517055,1.089774559,1.048000097
1351,INPUT_S_90_5.txt,OUTPUT_SKIN11_90_5.txt,0.437341066,5,0.437423965,0.437398159,0.437242542,0.437339735,0.428627893
1352,INPUT_S_90_5.txt,OUTPUT_SKIN12_90_5.txt,0.29672025,5,0.296678807,0.296538912,0.296579474,0.296551156,0.370443795
1353,INPUT_S_90_5.txt,OUTPUT_SKIN2_90_5.txt,0.171537318,5,0.17169879,0.171616468,0.171667148,0.171655704,0.176086349
1354,INPUT_S_90_5.txt,OUTPUT_SKIN3_90_5.txt,0.064339386,5,0.064355246,0.0643505,0.064340232,0.064355842,0.066495654
1355,INPUT_S_90_5.txt,OUTPUT_SKIN4_90_5.txt,0.236418516,5,0.236496301,0.236508543,0.236410638,0.236441489,0.2379451
1356,INPUT_S_90_5.txt,OUTPUT_SKIN5_90_5.txt,0.294978377,5,0.29502144,0.295037776,0.294981346,0.295022005,0.287950056
1357,INPUT_S_90_5.txt,OUTPUT_SKIN6_90_5.txt,0.098681949,5,0.098676405,0.098692868,0.098685934,0.098675442,0.090352595
1358,INPUT_S_90_5.txt,OUTPUT_SKIN7_90_5.txt,0.025345682,5,0.025351929,0.025352952,0.025347465,0.025348604,0.023963968
1359,INPUT_S_90_5.txt,OUTPUT_SKIN8_90_5.txt,0.548379137,5,0.548436022,0.548520906,0.548375164,0.548501297,0.516957287
1360,INPUT_S_90_5.txt,OUTPUT_SKIN9_90_5.txt,0.101212958,5,0.101226303,0.101231112,0.101224522,0.101256715,0.123214174
1361,INPUT_SKIN1_90_5.txt,OUTPUT_BM1_90_5.txt,6.641658213,5,6.641567165,6.645963402,6.641546476,6.641693434,6.807265288
1362,INPUT_SKIN1_90_5.txt,OUTPUT_BM2_90_5.txt,2.867403591,5,2.868130176,2.867601485,2.866498619,2.867905644,2.736655144
1363,INPUT_SKIN1_90_5.txt,OUTPUT_GUT_90_5.txt,NA,5,NA,NA,NA,NA,NA
1364,INPUT_SKIN1_90_5.txt,OUTPUT_L_90_5.txt,5.844106628,5,5.844573672,5.844771078,5.844258304,5.844811433,5.829919233
1365,INPUT_SKIN1_90_5.txt,OUTPUT_LN1_90_5.txt,6.717830478,5,6.717815966,6.718259348,6.718000118,6.718013518,6.817127663
1366,INPUT_SKIN1_90_5.txt,OUTPUT_LN2_90_5.txt,1.940715581,5,1.941141443,1.941060711,1.940000602,1.940504321,1.832596207
1367,INPUT_SKIN1_90_5.txt,OUTPUT_LUNG_90_5.txt,7.321207051,5,7.321073452,7.321232153,7.321381247,7.320602201,7.420066402
1368,INPUT_SKIN1_90_5.txt,OUTPUT_S_90_5.txt,2.887902994,5,2.887338353,2.887352496,2.887925127,2.887466643,2.745893438
1369,INPUT_SKIN1_90_5.txt,OUTPUT_SKIN1_90_5.txt,-432565,5,-432570,-432545,-432553.5,-432554,-480440
1370,INPUT_SKIN1_90_5.txt,OUTPUT_SKIN10_90_5.txt,1.620916124,5,1.621057429,1.62144432,1.62133205,1.621548507,1.635426274
1371,INPUT_SKIN1_90_5.txt,OUTPUT_SKIN11_90_5.txt,0.772884712,5,0.772912389,0.772857048,0.772697735,0.772770361,0.784418537
1372,INPUT_SKIN1_90_5.txt,OUTPUT_SKIN12_90_5.txt,1.112327,5,1.111982704,1.111355927,1.111723795,1.111445371,1.05595337
1373,INPUT_SKIN1_90_5.txt,OUTPUT_SKIN2_90_5.txt,0.778254484,5,0.77895067,0.77847557,0.778933755,0.778730241,0.784383525
1374,INPUT_SKIN1_90_5.txt,OUTPUT_SKIN3_90_5.txt,0.213145792,5,0.213164284,0.21314953,0.213151457,0.213174522,0.239551627
1375,INPUT_SKIN1_90_5.txt,OUTPUT_SKIN4_90_5.txt,0.3415165,5,0.341573751,0.341602037,0.34150145,0.341502141,0.333726316
1376,INPUT_SKIN1_90_5.txt,OUTPUT_SKIN5_90_5.txt,0.505841542,5,0.505835564,0.505864931,0.505854995,0.505854289,0.499358679
1377,INPUT_SKIN1_90_5.txt,OUTPUT_SKIN6_90_5.txt,0.350023937,5,0.349931495,0.350003877,0.350018577,0.349958667,0.32705645
1378,INPUT_SKIN1_90_5.txt,OUTPUT_SKIN7_90_5.txt,0.266763211,5,0.266786047,0.266798665,0.266775901,0.266751303,0.248209239
1379,INPUT_SKIN1_90_5.txt,OUTPUT_SKIN8_90_5.txt,0.957544181,5,0.957478038,0.957663369,0.957548654,0.957668024,1.097745983
1380,INPUT_SKIN1_90_5.txt,OUTPUT_SKIN9_90_5.txt,0.863190277,5,0.863164662,0.862631566,0.863325678,0.863463795,0.864278212
1381,INPUT_SKIN10_90_5.txt,OUTPUT_BM1_90_5.txt,2.14600853,5,2.145920025,2.145662149,2.145251357,2.144320556,2.102551672
1382,INPUT_SKIN10_90_5.txt,OUTPUT_BM2_90_5.txt,2.141946863,5,2.142692604,2.141817689,2.140737696,2.142145006,2.229744784
1383,INPUT_SKIN10_90_5.txt,OUTPUT_GUT_90_5.txt,NA,5,NA,NA,NA,NA,NA
1384,INPUT_SKIN10_90_5.txt,OUTPUT_L_90_5.txt,4.469071563,5,4.47019333,4.469576326,4.469128621,4.47011145,4.595831479
1385,INPUT_SKIN10_90_5.txt,OUTPUT_LN1_90_5.txt,16.5345481,5,16.53374751,16.53921681,16.54107669,16.5375762,17.63024971
1386,INPUT_SKIN10_90_5.txt,OUTPUT_LN2_90_5.txt,0.263144093,5,0.263197585,0.263171568,0.262971847,0.263076621,0.247177837
1387,INPUT_SKIN10_90_5.txt,OUTPUT_LUNG_90_5.txt,0.915707184,5,0.915717059,0.916013011,0.91567352,0.916569666,0.86213404
1388,INPUT_SKIN10_90_5.txt,OUTPUT_S_90_5.txt,2.833568446,5,2.832693098,2.832382293,2.833409496,2.832510437,2.992300572
1389,INPUT_SKIN10_90_5.txt,OUTPUT_SKIN1_90_5.txt,0.028393905,5,0.028393087,0.028387073,0.028389273,0.0283874,0.01995982
1390,INPUT_SKIN10_90_5.txt,OUTPUT_SKIN10_90_5.txt,-548498,5,-548527,-548577,-548557,-548594.5,-609625
1391,INPUT_SKIN10_90_5.txt,OUTPUT_SKIN11_90_5.txt,0.971609163,5,0.971603774,0.971389887,0.971245298,0.971271195,1.021524455
1392,INPUT_SKIN10_90_5.txt,OUTPUT_SKIN12_90_5.txt,0.281402014,5,0.281410467,0.281092762,0.281212702,0.281112752,0.229921265
1393,INPUT_SKIN10_90_5.txt,OUTPUT_SKIN2_90_5.txt,0.242653584,5,0.242836311,0.242676446,0.242813469,0.242736406,0.248618534
1394,INPUT_SKIN10_90_5.txt,OUTPUT_SKIN3_90_5.txt,0.070263725,5,0.070267299,0.070251585,0.070256166,0.070259429,0.080980349
1395,INPUT_SKIN10_90_5.txt,OUTPUT_SKIN4_90_5.txt,0.1360576,5,0.136075703,0.136065786,0.136031719,0.13602284,0.119786831
1396,INPUT_SKIN10_90_5.txt,OUTPUT_SKIN5_90_5.txt,0.149270193,5,0.149262304,0.149248698,0.14925415,0.14924394,0.153140324
1397,INPUT_SKIN10_90_5.txt,OUTPUT_SKIN6_90_5.txt,0.191419475,5,0.191369529,0.191374454,0.191403588,0.191344877,0.166503765
1398,INPUT_SKIN10_90_5.txt,OUTPUT_SKIN7_90_5.txt,0.139401533,5,0.139407734,0.139393526,0.139390625,0.139368434,0.134796816
1399,INPUT_SKIN10_90_5.txt,OUTPUT_SKIN8_90_5.txt,0.15343035,5,0.153413028,0.153426516,0.153410272,0.153425771,0.147298621
1400,INPUT_SKIN10_90_5.txt,OUTPUT_SKIN9_90_5.txt,0.327160533,5,0.327137359,0.327005326,0.327163849,0.327198453,0.331421306
1401,INPUT_SKIN11_90_5.txt,OUTPUT_BM1_90_5.txt,3.516518431,5,3.516464048,3.519387146,3.51591947,3.514852952,3.444126059
1402,INPUT_SKIN11_90_5.txt,OUTPUT_BM2_90_5.txt,3.00703019,5,3.008041666,3.007245368,3.00604483,3.007910303,3.38444679
1403,INPUT_SKIN11_90_5.txt,OUTPUT_GUT_90_5.txt,NA,5,NA,NA,NA,NA,NA
1404,INPUT_SKIN11_90_5.txt,OUTPUT_L_90_5.txt,6.552006052,5,6.554273167,6.553984903,6.552901246,6.555109436,6.571630349
1405,INPUT_SKIN11_90_5.txt,OUTPUT_LN1_90_5.txt,8.529717452,5,8.52806007,8.527845813,8.531399521,8.530522076,8.486482493
1406,INPUT_SKIN11_90_5.txt,OUTPUT_LN2_90_5.txt,0.183758393,5,0.183806631,0.183817597,0.183688563,0.183757346,0.187263428
1407,INPUT_SKIN11_90_5.txt,OUTPUT_LUNG_90_5.txt,2.069872988,5,2.069940644,2.07080882,2.070239502,2.072105547,2.070767633
1408,INPUT_SKIN11_90_5.txt,OUTPUT_S_90_5.txt,4.843677856,5,4.842545319,4.842573036,4.844264836,4.843144421,4.905680704
1409,INPUT_SKIN11_90_5.txt,OUTPUT_SKIN1_90_5.txt,0.055154148,5,0.055152966,0.055151298,0.055158505,0.055154921,0.051508959
1410,INPUT_SKIN11_90_5.txt,OUTPUT_SKIN10_90_5.txt,0.396545327,5,0.39663017,0.396684808,0.396754309,0.396747247,0.388322813
1411,INPUT_SKIN11_90_5.txt,OUTPUT_SKIN11_90_5.txt,-439029.5,5,-439040,-439011.5,-438970.5,-438991.5,-487827.5
1412,INPUT_SKIN11_90_5.txt,OUTPUT_SKIN12_90_5.txt,0.307437041,5,0.30742556,0.307543353,0.307643415,0.307586438,0.325264983
1413,INPUT_SKIN11_90_5.txt,OUTPUT_SKIN2_90_5.txt,0.564344508,5,0.564706309,0.564410645,0.56480313,0.56451547,0.544836193
1414,INPUT_SKIN11_90_5.txt,OUTPUT_SKIN3_90_5.txt,0.095717637,5,0.095724118,0.095718813,0.095730503,0.095735752,0.094726273
1415,INPUT_SKIN11_90_5.txt,OUTPUT_SKIN4_90_5.txt,0.16132262,5,0.161348613,0.161360289,0.161333765,0.161325353,0.155509064
1416,INPUT_SKIN11_90_5.txt,OUTPUT_SKIN5_90_5.txt,0.345468517,5,0.345460242,0.345482704,0.345515022,0.345498468,0.332961783
1417,INPUT_SKIN11_90_5.txt,OUTPUT_SKIN6_90_5.txt,0.171325275,5,0.171281598,0.171314663,0.171346326,0.171303404,0.179530437
1418,INPUT_SKIN11_90_5.txt,OUTPUT_SKIN7_90_5.txt,0.219021976,5,0.21903806,0.219049956,0.219057599,0.219027198,0.205501451
1419,INPUT_SKIN11_90_5.txt,OUTPUT_SKIN8_90_5.txt,0.190971497,5,0.190955458,0.191001686,0.190992796,0.191015587,0.180348432
1420,INPUT_SKIN11_90_5.txt,OUTPUT_SKIN9_90_5.txt,0.330372261,5,0.330358438,0.330096961,0.330461338,0.330497369,0.318462091
1421,INPUT_SKIN12_90_5.txt,OUTPUT_BM1_90_5.txt,5.481592448,5,5.48246567,5.485536674,5.482429467,5.482549549,6.026746834
1422,INPUT_SKIN12_90_5.txt,OUTPUT_BM2_90_5.txt,3.698180981,5,3.699684292,3.699994,3.698028306,3.700246113,3.592106376
1423,INPUT_SKIN12_90_5.txt,OUTPUT_GUT_90_5.txt,NA,5,NA,NA,NA,NA,NA
1424,INPUT_SKIN12_90_5.txt,OUTPUT_L_90_5.txt,6.986385105,5,6.988074362,6.99011604,6.988359231,6.989949499,7.243294608
1425,INPUT_SKIN12_90_5.txt,OUTPUT_LN1_90_5.txt,7.941804561,5,7.943085757,7.945625377,7.94405295,7.945146636,8.147025322
1426,INPUT_SKIN12_90_5.txt,OUTPUT_LN2_90_5.txt,0.604939465,5,0.605173222,0.605374917,0.604773718,0.605152406,0.619271869
1427,INPUT_SKIN12_90_5.txt,OUTPUT_LUNG_90_5.txt,8.593136554,5,8.594452876,8.596931116,8.59556971,8.596036803,8.837637164
1428,INPUT_SKIN12_90_5.txt,OUTPUT_S_90_5.txt,5.203680227,5,5.203845555,5.205339961,5.205077034,5.20526908,5.178582962
1429,INPUT_SKIN12_90_5.txt,OUTPUT_SKIN1_90_5.txt,0.083503948,5,0.083518952,0.083534864,0.08352264,0.083534143,0.084871155
1430,INPUT_SKIN12_90_5.txt,OUTPUT_SKIN10_90_5.txt,1.008530319,5,1.009192618,1.00936151,1.009525898,1.009476704,0.936957831
1431,INPUT_SKIN12_90_5.txt,OUTPUT_SKIN11_90_5.txt,94.40011656,5,94.41300504,94.47340378,94.46572358,94.46704727,97.05961661
1432,INPUT_SKIN12_90_5.txt,OUTPUT_SKIN12_90_5.txt,-547806.5,5,-547720,-547553,-547654.5,-547580.5,-608675.5
1433,INPUT_SKIN12_90_5.txt,OUTPUT_SKIN2_90_5.txt,0.603450975,5,0.603977866,0.603851072,0.60404672,0.603948282,0.641551252
1434,INPUT_SKIN12_90_5.txt,OUTPUT_SKIN3_90_5.txt,0.144924639,5,0.144960938,0.144987621,0.144964941,0.144999519,0.133499048
1435,INPUT_SKIN12_90_5.txt,OUTPUT_SKIN4_90_5.txt,0.338643991,5,0.338761585,0.338883689,0.338703953,0.338756906,0.134310961
1436,INPUT_SKIN12_90_5.txt,OUTPUT_SKIN5_90_5.txt,0.42896312,5,0.429028838,0.429162868,0.429083242,0.429141317,0.497107123
1437,INPUT_SKIN12_90_5.txt,OUTPUT_SKIN6_90_5.txt,0.233505348,5,0.233492719,0.233592434,0.233572729,0.233553414,0.274082909
1438,INPUT_SKIN12_90_5.txt,OUTPUT_SKIN7_90_5.txt,0.239515215,5,0.239576264,0.239647013,0.239585706,0.239596237,0.260762991
1439,INPUT_SKIN12_90_5.txt,OUTPUT_SKIN8_90_5.txt,0.38612947,5,0.386166214,0.386339422,0.386227798,0.386330607,0.144449413
1440,INPUT_SKIN12_90_5.txt,OUTPUT_SKIN9_90_5.txt,0.919683613,5,0.919812382,0.919610305,0.920049234,0.920330631,0.917306116
1441,INPUT_SKIN2_90_5.txt,OUTPUT_BM1_90_5.txt,1.379153827,5,1.37865615,1.379004567,1.378699841,1.37892443,1.365094784
1442,INPUT_SKIN2_90_5.txt,OUTPUT_BM2_90_5.txt,1.356973189,5,1.356443917,1.356808168,1.3565468,1.356639317,1.339641171
1443,INPUT_SKIN2_90_5.txt,OUTPUT_GUT_90_5.txt,NA,5,NA,NA,NA,NA,NA
1444,INPUT_SKIN2_90_5.txt,OUTPUT_L_90_5.txt,1.349555268,5,1.34902878,1.349372801,1.349076372,1.349201999,1.335244024
1445,INPUT_SKIN2_90_5.txt,OUTPUT_LN1_90_5.txt,1.322487915,5,1.322061053,1.322400504,1.322003735,1.322187247,1.309784864
1446,INPUT_SKIN2_90_5.txt,OUTPUT_LN2_90_5.txt,5.184586408,5,5.18368071,5.18503909,5.180347611,5.183047288,4.93665583
1447,INPUT_SKIN2_90_5.txt,OUTPUT_LUNG_90_5.txt,1.243810135,5,1.24336628,1.243661853,1.243367964,1.243530651,1.229421719
1448,INPUT_SKIN2_90_5.txt,OUTPUT_S_90_5.txt,1.485850797,5,1.485355023,1.485747762,1.485311113,1.48556353,1.47158252
1449,INPUT_SKIN2_90_5.txt,OUTPUT_SKIN1_90_5.txt,5.061993482,5,5.060217064,5.060872053,5.059863106,5.06052917,5.048892881
1450,INPUT_SKIN2_90_5.txt,OUTPUT_SKIN10_90_5.txt,12.09754299,5,12.09465964,12.09442846,12.09011712,12.09445937,14.18392986
1451,INPUT_SKIN2_90_5.txt,OUTPUT_SKIN11_90_5.txt,16.52473947,5,16.51892645,16.52102624,16.51319298,16.51730167,16.37960578
1452,INPUT_SKIN2_90_5.txt,OUTPUT_SKIN12_90_5.txt,13.32121841,5,13.31364972,13.3088149,13.30914239,13.30849816,12.4123449
1453,INPUT_SKIN2_90_5.txt,OUTPUT_SKIN2_90_5.txt,-668644.5,5,-668881.5,-668724.5,-668879.5,-668794.5,-741980
1454,INPUT_SKIN2_90_5.txt,OUTPUT_SKIN3_90_5.txt,1.443350372,5,1.442982511,1.44313345,1.442837005,1.443188696,1.314970308
1455,INPUT_SKIN2_90_5.txt,OUTPUT_SKIN4_90_5.txt,4.882645827,5,4.881702423,4.882894762,4.880617179,4.881232045,5.375810041
1456,INPUT_SKIN2_90_5.txt,OUTPUT_SKIN5_90_5.txt,16.51263258,5,16.50585003,16.510405,16.50557939,16.50803246,16.36152761
1457,INPUT_SKIN2_90_5.txt,OUTPUT_SKIN6_90_5.txt,1.696722777,5,1.69576928,1.696371897,1.696073188,1.696047217,1.923757127
1458,INPUT_SKIN2_90_5.txt,OUTPUT_SKIN7_90_5.txt,11.34011856,5,11.33691586,11.33970705,11.33634187,11.33684039,11.39074386
1459,INPUT_SKIN2_90_5.txt,OUTPUT_SKIN8_90_5.txt,6.898337396,5,6.895336934,6.897940701,6.895522448,6.897233529,6.892442905
1460,INPUT_SKIN2_90_5.txt,OUTPUT_SKIN9_90_5.txt,4.191510068,5,4.189890802,4.191249956,4.190403911,4.191778592,5.404211596
1461,INPUT_SKIN3_90_5.txt,OUTPUT_BM1_90_5.txt,4.617772699,5,4.617549743,4.62343464,4.616569808,4.615617276,4.622403033
1462,INPUT_SKIN3_90_5.txt,OUTPUT_BM2_90_5.txt,2.842216189,5,2.842997432,2.842333592,2.841009032,2.842572082,2.789267476
1463,INPUT_SKIN3_90_5.txt,OUTPUT_GUT_90_5.txt,NA,5,NA,NA,NA,NA,NA
1464,INPUT_SKIN3_90_5.txt,OUTPUT_L_90_5.txt,4.69574958,5,4.696980783,4.696778887,4.695710695,4.696992418,4.686890202
1465,INPUT_SKIN3_90_5.txt,OUTPUT_LN1_90_5.txt,7.15907895,5,7.157844851,7.157875161,7.159323475,7.158632018,7.257512393
1466,INPUT_SKIN3_90_5.txt,OUTPUT_LN2_90_5.txt,0.28911333,5,0.289180286,0.289210828,0.288967642,0.289078096,0.288301059
1467,INPUT_SKIN3_90_5.txt,OUTPUT_LUNG_90_5.txt,10.7844557,5,10.78376786,10.78415724,10.78441044,10.78263198,10.95216111
1468,INPUT_SKIN3_90_5.txt,OUTPUT_S_90_5.txt,3.607992205,5,3.607066679,3.607094266,3.60791669,3.607068517,3.459160821
1469,INPUT_SKIN3_90_5.txt,OUTPUT_SKIN1_90_5.txt,0.117148151,5,0.117144443,0.117139004,0.117141923,0.117135453,0.124290506
1470,INPUT_SKIN3_90_5.txt,OUTPUT_SKIN10_90_5.txt,0.966285558,5,0.966794855,0.966661051,0.967021116,0.966721133,1.023915589
1471,INPUT_SKIN3_90_5.txt,OUTPUT_SKIN11_90_5.txt,0.448426484,5,0.448424687,0.448396167,0.448306056,0.448323222,0.439238843
1472,INPUT_SKIN3_90_5.txt,OUTPUT_SKIN12_90_5.txt,0.352419899,5,0.352373501,0.352093336,0.35222258,0.352101964,0.358789396
1473,INPUT_SKIN3_90_5.txt,OUTPUT_SKIN2_90_5.txt,0.432528927,5,0.432829679,0.432579487,0.432841864,0.432641301,0.415514345
1474,INPUT_SKIN3_90_5.txt,OUTPUT_SKIN3_90_5.txt,-452760,5,-452783.5,-452753.5,-452760,-452786,-502790
1475,INPUT_SKIN3_90_5.txt,OUTPUT_SKIN4_90_5.txt,0.178990732,5,0.179014279,0.179031946,0.178985127,0.178975157,0.174010965
1476,INPUT_SKIN3_90_5.txt,OUTPUT_SKIN5_90_5.txt,0.261411711,5,0.261398137,0.261415466,0.261411711,0.261396693,0.247072806
1477,INPUT_SKIN3_90_5.txt,OUTPUT_SKIN6_90_5.txt,0.180755371,5,0.18070612,0.180740949,0.180755431,0.180707103,0.180972978
1478,INPUT_SKIN3_90_5.txt,OUTPUT_SKIN7_90_5.txt,0.157133863,5,0.157141005,0.157149749,0.157136998,0.15711369,0.177900243
1479,INPUT_SKIN3_90_5.txt,OUTPUT_SKIN8_90_5.txt,0.346128281,5,0.346088738,0.3461624,0.346119958,0.346147153,0.333385339
1480,INPUT_SKIN3_90_5.txt,OUTPUT_SKIN9_90_5.txt,0.418899781,5,0.418870547,0.41842822,0.418959163,0.418997783,0.410648579
1481,INPUT_SKIN4_90_5.txt,OUTPUT_BM1_90_5.txt,13.55489733,5,13.55353364,13.55282238,13.55459891,13.55386775,13.76679651
1482,INPUT_SKIN4_90_5.txt,OUTPUT_BM2_90_5.txt,3.198879,5,3.199745165,3.198672929,3.197447142,3.19961988,3.540672686
1483,INPUT_SKIN4_90_5.txt,OUTPUT_GUT_90_5.txt,NA,5,NA,NA,NA,NA,NA
1484,INPUT_SKIN4_90_5.txt,OUTPUT_L_90_5.txt,10.83901343,5,10.83905604,10.83837093,10.8392386,10.84047948,10.98734289
1485,INPUT_SKIN4_90_5.txt,OUTPUT_LN1_90_5.txt,13.90393584,5,13.90208592,13.90180609,13.90444444,13.90434563,13.969596
1486,INPUT_SKIN4_90_5.txt,OUTPUT_LN2_90_5.txt,0.409766918,5,0.409827091,0.409849241,0.409552929,0.409765892,0.402509639
1487,INPUT_SKIN4_90_5.txt,OUTPUT_LUNG_90_5.txt,15.06206244,5,15.06056846,15.06069705,15.06247669,15.06287732,15.05942121
1488,INPUT_SKIN4_90_5.txt,OUTPUT_S_90_5.txt,6.56218055,5,6.560323952,6.559965638,6.562209159,6.561182816,6.152506484
1489,INPUT_SKIN4_90_5.txt,OUTPUT_SKIN1_90_5.txt,0.092533558,5,0.092527185,0.092516509,0.092530761,0.092531256,0.087975547
1490,INPUT_SKIN4_90_5.txt,OUTPUT_SKIN10_90_5.txt,2.937125041,5,2.937173593,2.937734255,2.937823398,2.938210287,3.024306348
1491,INPUT_SKIN4_90_5.txt,OUTPUT_SKIN11_90_5.txt,1.481685156,5,1.481637164,1.481447233,1.481325232,1.481468895,1.502564851
1492,INPUT_SKIN4_90_5.txt,OUTPUT_SKIN12_90_5.txt,0.517280561,5,0.5170737,0.516759995,0.517006704,0.516871836,0.575034338
1493,INPUT_SKIN4_90_5.txt,OUTPUT_SKIN2_90_5.txt,0.643472835,5,0.643969704,0.643596605,0.644005717,0.643876358,0.626168944
1494,INPUT_SKIN4_90_5.txt,OUTPUT_SKIN3_90_5.txt,0.547050179,5,0.54705844,0.546986224,0.547062832,0.547127019,0.552523004
1495,INPUT_SKIN4_90_5.txt,OUTPUT_SKIN4_90_5.txt,-479582,5,-479626,-479626,-479571,-479569.5,-533036.5
1496,INPUT_SKIN4_90_5.txt,OUTPUT_SKIN5_90_5.txt,1.141044956,5,1.140945093,1.1409448,1.141071678,1.141074788,1.156776209
1497,INPUT_SKIN4_90_5.txt,OUTPUT_SKIN6_90_5.txt,0.575375201,5,0.575218567,0.575275013,0.575418802,0.575271691,0.559641716
1498,INPUT_SKIN4_90_5.txt,OUTPUT_SKIN7_90_5.txt,0.130238634,5,0.130239462,0.130238086,0.130249881,0.130238445,0.236640985
1499,INPUT_SKIN4_90_5.txt,OUTPUT_SKIN8_90_5.txt,1.780838728,5,1.780616787,1.780862676,1.78084123,1.781073602,1.685869816
1500,INPUT_SKIN4_90_5.txt,OUTPUT_SKIN9_90_5.txt,0.400081535,5,0.400038523,0.400047825,0.400132252,0.400208649,0.379740351
1501,INPUT_SKIN5_90_5.txt,OUTPUT_BM1_90_5.txt,4.294658005,5,4.294699536,4.298502012,4.293271924,4.292185908,4.432832855
1502,INPUT_SKIN5_90_5.txt,OUTPUT_BM2_90_5.txt,4.611267222,5,4.61285497,4.611395233,4.609214005,4.612158973,4.662199726
1503,INPUT_SKIN5_90_5.txt,OUTPUT_GUT_90_5.txt,NA,5,NA,NA,NA,NA,NA
1504,INPUT_SKIN5_90_5.txt,OUTPUT_L_90_5.txt,6.820204833,5,6.822900665,6.82198415,6.820137442,6.822968054,7.085333883
1505,INPUT_SKIN5_90_5.txt,OUTPUT_LN1_90_5.txt,11.75357161,5,11.75178215,11.7507534,11.75409597,11.75356133,11.71081467
1506,INPUT_SKIN5_90_5.txt,OUTPUT_LN2_90_5.txt,0.275465446,5,0.275545144,0.275535474,0.27532455,0.275434476,0.292613451
1507,INPUT_SKIN5_90_5.txt,OUTPUT_LUNG_90_5.txt,2.117311736,5,2.117437333,2.118212615,2.117398354,2.119486166,2.299293091
1508,INPUT_SKIN5_90_5.txt,OUTPUT_S_90_5.txt,5.052730062,5,5.051581725,5.051225696,5.052615063,5.051612479,5.55152521
1509,INPUT_SKIN5_90_5.txt,OUTPUT_SKIN1_90_5.txt,0.096050731,5,0.096049601,0.096042378,0.096045625,0.096042793,0.119385633
1510,INPUT_SKIN5_90_5.txt,OUTPUT_SKIN10_90_5.txt,0.868944407,5,0.869251187,0.869231134,0.869371617,0.869318491,0.842705143
1511,INPUT_SKIN5_90_5.txt,OUTPUT_SKIN11_90_5.txt,0.554666375,5,0.554692857,0.554620977,0.554517579,0.554570538,0.561871608
1512,INPUT_SKIN5_90_5.txt,OUTPUT_SKIN12_90_5.txt,0.375463394,5,0.375349979,0.37562506,0.375760002,0.375659036,0.404874938
1513,INPUT_SKIN5_90_5.txt,OUTPUT_SKIN2_90_5.txt,0.885846289,5,0.886408921,0.885862473,0.886429339,0.885939266,0.905810263
1514,INPUT_SKIN5_90_5.txt,OUTPUT_SKIN3_90_5.txt,0.234447955,5,0.23447264,0.234441226,0.234447955,0.234475228,0.241099871
1515,INPUT_SKIN5_90_5.txt,OUTPUT_SKIN4_90_5.txt,0.193781585,5,0.193816868,0.193816369,0.193779158,0.193776625,0.224521841
1516,INPUT_SKIN5_90_5.txt,OUTPUT_SKIN5_90_5.txt,-444372,5,-444372,-444372,-444372,-444372,-493514.5
1517,INPUT_SKIN5_90_5.txt,OUTPUT_SKIN6_90_5.txt,0.244399729,5,0.24434302,0.244373233,0.244396669,0.244346649,0.245995832
1518,INPUT_SKIN5_90_5.txt,OUTPUT_SKIN7_90_5.txt,0.129759453,5,0.12977208,0.129770708,0.129761088,0.129749285,0.16218081
1519,INPUT_SKIN5_90_5.txt,OUTPUT_SKIN8_90_5.txt,0.317131981,5,0.317112627,0.317166558,0.317124489,0.317175299,0.326679636
1520,INPUT_SKIN5_90_5.txt,OUTPUT_SKIN9_90_5.txt,0.471900275,5,0.471891845,0.471352936,0.471967153,0.472037687,0.480426272
1521,INPUT_SKIN6_90_5.txt,OUTPUT_BM1_90_5.txt,16.51208854,5,16.50402597,16.50967568,16.50924371,16.50667198,16.71628774
1522,INPUT_SKIN6_90_5.txt,OUTPUT_BM2_90_5.txt,16.94919641,5,16.93964498,16.94594452,16.94696396,16.9415841,17.13690746
1523,INPUT_SKIN6_90_5.txt,OUTPUT_GUT_90_5.txt,NA,5,NA,NA,NA,NA,NA
1524,INPUT_SKIN6_90_5.txt,OUTPUT_L_90_5.txt,15.88782678,5,15.87969688,15.8847909,15.88462776,15.88102338,16.08218289
1525,INPUT_SKIN6_90_5.txt,OUTPUT_LN1_90_5.txt,15.44463585,5,15.43764154,15.4426023,15.44137005,15.43845879,15.63048131
1526,INPUT_SKIN6_90_5.txt,OUTPUT_LN2_90_5.txt,3.935379021,5,3.936631547,3.93600753,3.934187104,3.93537671,3.949626053
1527,INPUT_SKIN6_90_5.txt,OUTPUT_LUNG_90_5.txt,15.70271268,5,15.69517877,15.69940415,15.6995441,15.69529401,15.87794873
1528,INPUT_SKIN6_90_5.txt,OUTPUT_S_90_5.txt,13.66796224,5,13.66247326,13.66546784,13.66569352,13.66346022,14.11703203
1529,INPUT_SKIN6_90_5.txt,OUTPUT_SKIN1_90_5.txt,0.19881415,5,0.198843462,0.198805933,0.198807706,0.198824848,0.290024909
1530,INPUT_SKIN6_90_5.txt,OUTPUT_SKIN10_90_5.txt,1.392524405,5,1.392838201,1.392992304,1.392899452,1.393202004,1.360599878
1531,INPUT_SKIN6_90_5.txt,OUTPUT_SKIN11_90_5.txt,73.51347898,5,73.52183715,73.51191919,73.51116502,73.51288561,74.37119274
1532,INPUT_SKIN6_90_5.txt,OUTPUT_SKIN12_90_5.txt,1.937591472,5,1.937270848,1.935991934,1.936597858,1.936290606,2.039213136
1533,INPUT_SKIN6_90_5.txt,OUTPUT_SKIN2_90_5.txt,1.206137642,5,1.207119172,1.206388283,1.206913614,1.206778839,1.210289445
1534,INPUT_SKIN6_90_5.txt,OUTPUT_SKIN3_90_5.txt,1.113808467,5,1.114005012,1.113833254,1.113832478,1.113995042,1.046775116
1535,INPUT_SKIN6_90_5.txt,OUTPUT_SKIN4_90_5.txt,0.168889027,5,0.168940694,0.168929932,0.168883119,0.168896756,0.155362478
1536,INPUT_SKIN6_90_5.txt,OUTPUT_SKIN5_90_5.txt,0.995273592,5,0.99539681,0.995323947,0.99529458,0.995376837,1.074424901
1537,INPUT_SKIN6_90_5.txt,OUTPUT_SKIN6_90_5.txt,-577955.5,5,-577883.5,-577926,-577943.5,-577895,-642073.5
1538,INPUT_SKIN6_90_5.txt,OUTPUT_SKIN7_90_5.txt,0.332550517,5,0.332624319,0.332596244,0.332578553,0.33257622,0.362057849
1539,INPUT_SKIN6_90_5.txt,OUTPUT_SKIN8_90_5.txt,0.172558891,5,0.172570139,0.172595812,0.172558504,0.17260971,0.158497419
1540,INPUT_SKIN6_90_5.txt,OUTPUT_SKIN9_90_5.txt,0.965088889,5,0.965191811,0.965143032,0.965215121,0.965471481,0.907184508
1541,INPUT_SKIN7_90_5.txt,OUTPUT_BM1_90_5.txt,2.625244747,5,2.625134362,2.624498654,2.624596356,2.624020657,2.626084588
1542,INPUT_SKIN7_90_5.txt,OUTPUT_BM2_90_5.txt,1.516110996,5,1.516586241,1.516088442,1.515350888,1.516441078,1.448612226
1543,INPUT_SKIN7_90_5.txt,OUTPUT_GUT_90_5.txt,NA,5,NA,NA,NA,NA,NA
1544,INPUT_SKIN7_90_5.txt,OUTPUT_L_90_5.txt,3.477908842,5,3.478351088,3.477985369,3.477766783,3.478603,3.473589589
1545,INPUT_SKIN7_90_5.txt,OUTPUT_LN1_90_5.txt,4.938823099,5,4.937914473,4.937563323,4.938852486,4.938889967,5.06312629
1546,INPUT_SKIN7_90_5.txt,OUTPUT_LN2_90_5.txt,0.25098219,5,0.251052121,0.251046197,0.2508555,0.250954022,0.257929158
1547,INPUT_SKIN7_90_5.txt,OUTPUT_LUNG_90_5.txt,1.25792937,5,1.257937117,1.25837357,1.257937033,1.259152141,1.26546843
1548,INPUT_SKIN7_90_5.txt,OUTPUT_S_90_5.txt,3.187662942,5,3.186926587,3.186775655,3.187496191,3.187153012,3.234751695
1549,INPUT_SKIN7_90_5.txt,OUTPUT_SKIN1_90_5.txt,0.085249363,5,0.085246929,0.085237646,0.085242123,0.085246056,0.097125431
1550,INPUT_SKIN7_90_5.txt,OUTPUT_SKIN10_90_5.txt,0.458202797,5,0.458296671,0.458326628,0.458371774,0.458400416,0.463761925
1551,INPUT_SKIN7_90_5.txt,OUTPUT_SKIN11_90_5.txt,0.293695748,5,0.293695502,0.293658926,0.293607493,0.293648949,0.295944329
1552,INPUT_SKIN7_90_5.txt,OUTPUT_SKIN12_90_5.txt,0.354022682,5,0.3539248,0.353707531,0.353814451,0.353761947,0.373398797
1553,INPUT_SKIN7_90_5.txt,OUTPUT_SKIN2_90_5.txt,0.338814631,5,0.33904176,0.338872497,0.339039133,0.338968543,0.436126282
1554,INPUT_SKIN7_90_5.txt,OUTPUT_SKIN3_90_5.txt,0.071688463,5,0.071692045,0.071683294,0.071686187,0.071697314,0.06680625
1555,INPUT_SKIN7_90_5.txt,OUTPUT_SKIN4_90_5.txt,0.127688957,5,0.127706135,0.127713171,0.127675309,0.127682963,0.132421252
1556,INPUT_SKIN7_90_5.txt,OUTPUT_SKIN5_90_5.txt,0.171448114,5,0.171439762,0.171440669,0.171442664,0.171450472,0.28705184
1557,INPUT_SKIN7_90_5.txt,OUTPUT_SKIN6_90_5.txt,0.136415592,5,0.136377964,0.136395649,0.136410186,0.136388328,0.131077793
1558,INPUT_SKIN7_90_5.txt,OUTPUT_SKIN7_90_5.txt,-472479.5,5,-472502.5,-472500,-472494.5,-472473,-524784
1559,INPUT_SKIN7_90_5.txt,OUTPUT_SKIN8_90_5.txt,0.116016662,5,0.116003981,0.116026955,0.116010254,0.116036769,0.108858081
1560,INPUT_SKIN7_90_5.txt,OUTPUT_SKIN9_90_5.txt,0.451390178,5,0.451360061,0.451373005,0.451425056,0.451528722,0.459962946
1561,INPUT_SKIN8_90_5.txt,OUTPUT_BM1_90_5.txt,2.602554168,5,2.602661279,2.602391148,2.601842933,2.600839033,2.630257369
1562,INPUT_SKIN8_90_5.txt,OUTPUT_BM2_90_5.txt,3.95724033,5,3.958645646,3.957180412,3.955630677,3.957740798,4.10594162
1563,INPUT_SKIN8_90_5.txt,OUTPUT_GUT_90_5.txt,NA,5,NA,NA,NA,NA,NA
1564,INPUT_SKIN8_90_5.txt,OUTPUT_L_90_5.txt,5.244104732,5,5.245637044,5.244572415,5.244118826,5.245227519,5.304190593
1565,INPUT_SKIN8_90_5.txt,OUTPUT_LN1_90_5.txt,9.07893,5,9.078009973,9.076625865,9.079400301,9.078399235,9.016958623
1566,INPUT_SKIN8_90_5.txt,OUTPUT_LN2_90_5.txt,0.275903399,5,0.275985549,0.275981368,0.275763258,0.275875735,0.272524343
1567,INPUT_SKIN8_90_5.txt,OUTPUT_LUNG_90_5.txt,1.009122678,5,1.009215833,1.009530885,1.009177664,1.010151368,1.026297314
1568,INPUT_SKIN8_90_5.txt,OUTPUT_S_90_5.txt,5.539601937,5,5.538731627,5.538015334,5.539557354,5.538280677,5.663452826
1569,INPUT_SKIN8_90_5.txt,OUTPUT_SKIN1_90_5.txt,0.045442579,5,0.045444843,0.045436416,0.045440664,0.045437712,0.043256249
1570,INPUT_SKIN8_90_5.txt,OUTPUT_SKIN10_90_5.txt,0.980213201,5,0.980918588,0.980564563,0.98109345,0.980698745,0.984556593
1571,INPUT_SKIN8_90_5.txt,OUTPUT_SKIN11_90_5.txt,0.648900762,5,0.648951047,0.648822222,0.648735642,0.64875486,0.661450342
1572,INPUT_SKIN8_90_5.txt,OUTPUT_SKIN12_90_5.txt,0.440038046,5,0.439961447,0.439656493,0.439795675,0.439695228,0.41141963
1573,INPUT_SKIN8_90_5.txt,OUTPUT_SKIN2_90_5.txt,0.760105604,5,0.760665131,0.760188396,0.760646193,0.76033211,0.706845556
1574,INPUT_SKIN8_90_5.txt,OUTPUT_SKIN3_90_5.txt,0.105846999,5,0.105861393,0.105839691,0.10584823,0.105853762,0.112587822
1575,INPUT_SKIN8_90_5.txt,OUTPUT_SKIN4_90_5.txt,0.230848575,5,0.230899992,0.230888972,0.230835053,0.230821032,0.219246378
1576,INPUT_SKIN8_90_5.txt,OUTPUT_SKIN5_90_5.txt,0.878137477,5,0.878164089,0.87810228,0.878147778,0.878090263,0.792133571
1577,INPUT_SKIN8_90_5.txt,OUTPUT_SKIN6_90_5.txt,0.234923588,5,0.234877739,0.23489025,0.234927307,0.23485959,0.229688602
1578,INPUT_SKIN8_90_5.txt,OUTPUT_SKIN7_90_5.txt,0.229558692,5,0.229587866,0.229569411,0.229565756,0.229530019,0.211476274
1579,INPUT_SKIN8_90_5.txt,OUTPUT_SKIN8_90_5.txt,-516198.5,5,-516183,-516219,-516192.5,-516226,-573649
1580,INPUT_SKIN8_90_5.txt,OUTPUT_SKIN9_90_5.txt,0.512789073,5,0.512795346,0.512517686,0.512856134,0.512911426,0.523442084
1581,INPUT_SKIN9_90_5.txt,OUTPUT_BM1_90_5.txt,2.839340738,5,2.839366074,2.839057636,2.839069823,2.838642665,2.761144949
1582,INPUT_SKIN9_90_5.txt,OUTPUT_BM2_90_5.txt,2.102470439,5,2.102828844,2.102431979,2.101923061,2.102351647,2.010935224
1583,INPUT_SKIN9_90_5.txt,OUTPUT_GUT_90_5.txt,NA,5,NA,NA,NA,NA,NA
1584,INPUT_SKIN9_90_5.txt,OUTPUT_L_90_5.txt,3.161232526,5,3.161258005,3.161121905,3.161068254,3.160761883,3.115638459
1585,INPUT_SKIN9_90_5.txt,OUTPUT_LN1_90_5.txt,3.395251163,5,3.395402075,3.395332017,3.395039903,3.394748853,3.387255915
1586,INPUT_SKIN9_90_5.txt,OUTPUT_LN2_90_5.txt,0.323821621,5,0.323886991,0.323922127,0.323618509,0.323789237,0.29284674
1587,INPUT_SKIN9_90_5.txt,OUTPUT_LUNG_90_5.txt,3.492027899,5,3.492037884,3.491760545,3.491831844,3.491134455,3.48284236
1588,INPUT_SKIN9_90_5.txt,OUTPUT_S_90_5.txt,2.54769487,5,2.547504497,2.547361253,2.547529332,2.547126759,2.450973378
1589,INPUT_SKIN9_90_5.txt,OUTPUT_SKIN1_90_5.txt,0.027598907,5,0.02759979,0.02759547,0.027596038,0.027593497,0.025088657
1590,INPUT_SKIN9_90_5.txt,OUTPUT_SKIN10_90_5.txt,50.0237838,5,50.03093498,50.00430538,50.00085874,50.00706996,49.8873287
1591,INPUT_SKIN9_90_5.txt,OUTPUT_SKIN11_90_5.txt,56.75327248,5,56.75607494,56.74615376,56.73758654,56.73839382,56.6270415
1592,INPUT_SKIN9_90_5.txt,OUTPUT_SKIN12_90_5.txt,0.502436528,5,0.502408543,0.502081334,0.502132191,0.502075025,0.453801034
1593,INPUT_SKIN9_90_5.txt,OUTPUT_SKIN2_90_5.txt,3.192604941,5,3.194824316,3.192743083,3.194122788,3.193573268,2.961788602
1594,INPUT_SKIN9_90_5.txt,OUTPUT_SKIN3_90_5.txt,0.160754932,5,0.160773043,0.160745154,0.160746774,0.160750055,0.168015585
1595,INPUT_SKIN9_90_5.txt,OUTPUT_SKIN4_90_5.txt,0.157666285,5,0.157697377,0.157690906,0.157650859,0.157634952,0.146233976
1596,INPUT_SKIN9_90_5.txt,OUTPUT_SKIN5_90_5.txt,44.19765622,5,44.19806475,44.19555013,44.19536604,44.19099596,44.16279762
1597,INPUT_SKIN9_90_5.txt,OUTPUT_SKIN6_90_5.txt,0.146133917,5,0.146098519,0.146114172,0.146120415,0.146081856,0.149410331
1598,INPUT_SKIN9_90_5.txt,OUTPUT_SKIN7_90_5.txt,0.393838114,5,0.393879931,0.393859579,0.393824456,0.393751535,0.352306157
1599,INPUT_SKIN9_90_5.txt,OUTPUT_SKIN8_90_5.txt,0.151031504,5,0.151023792,0.151049177,0.151020318,0.151036158,0.140709888
1600,INPUT_SKIN9_90_5.txt,OUTPUT_SKIN9_90_5.txt,-561417.5,5,-561412.5,-561435.5,-561446,-561499,-624034.5
1601,INPUT_BM1_90_5.txt,OUTPUT_BM1_90_5.txt,-466895.5,6,-466873,-467145,-466951.5,-467012,-518941
1602,INPUT_BM1_90_5.txt,OUTPUT_BM2_90_5.txt,0.117226723,6,0.117154715,0.117077577,0.117214885,0.117126754,0.130795809
1603,INPUT_BM1_90_5.txt,OUTPUT_GUT_90_5.txt,5.792277072,6,5.792605712,5.788635293,5.791459284,5.790576038,6.085816928
1604,INPUT_BM1_90_5.txt,OUTPUT_L_90_5.txt,NA,6,NA,NA,NA,NA,NA
1605,INPUT_BM1_90_5.txt,OUTPUT_LN1_90_5.txt,0.074190881,6,0.074194466,0.074151146,0.074181959,0.074172322,0.079151787
1606,INPUT_BM1_90_5.txt,OUTPUT_LN2_90_5.txt,0.070641341,6,0.070621017,0.0705861,0.070626442,0.070628738,0.071659703
1607,INPUT_BM1_90_5.txt,OUTPUT_LUNG_90_5.txt,1.009879324,6,1.00983769,1.009330636,1.009749568,1.009665538,1.091631437
1608,INPUT_BM1_90_5.txt,OUTPUT_S_90_5.txt,NA,6,NA,NA,NA,NA,NA
1609,INPUT_BM2_90_5.txt,OUTPUT_BM1_90_5.txt,1.855462032,6,1.855893785,1.858119204,1.855888083,1.856940659,1.889260701
1610,INPUT_BM2_90_5.txt,OUTPUT_BM2_90_5.txt,-474036.5,6,-473879.5,-473861.5,-474041,-473893.5,-526472
1611,INPUT_BM2_90_5.txt,OUTPUT_GUT_90_5.txt,0.141863525,6,0.141910706,0.141916117,0.141862173,0.141906498,0.144683598
1612,INPUT_BM2_90_5.txt,OUTPUT_L_90_5.txt,NA,6,NA,NA,NA,NA,NA
1613,INPUT_BM2_90_5.txt,OUTPUT_LN1_90_5.txt,0.019705851,6,0.019712384,0.019713133,0.019705664,0.019711801,0.018690025
1614,INPUT_BM2_90_5.txt,OUTPUT_LN2_90_5.txt,0.042743077,6,0.042742697,0.04275173,0.042738764,0.042762743,0.044991469
1615,INPUT_BM2_90_5.txt,OUTPUT_LUNG_90_5.txt,0.190867003,6,0.190899345,0.190940978,0.190863644,0.190940823,0.189472827
1616,INPUT_BM2_90_5.txt,OUTPUT_S_90_5.txt,NA,6,NA,NA,NA,NA,NA
1617,INPUT_GUT_90_5.txt,OUTPUT_BM1_90_5.txt,9.032431024,6,9.031913576,9.03816761,9.033718807,9.035109934,8.936648485
1618,INPUT_GUT_90_5.txt,OUTPUT_BM2_90_5.txt,0.383167911,6,0.382918107,0.382889472,0.383175072,0.38294038,0.44185008
1619,INPUT_GUT_90_5.txt,OUTPUT_GUT_90_5.txt,-68302,6,-68302,-68302,-68302,-68302,-75883
1620,INPUT_GUT_90_5.txt,OUTPUT_L_90_5.txt,NA,6,NA,NA,NA,NA,NA
1621,INPUT_GUT_90_5.txt,OUTPUT_LN1_90_5.txt,0.19256144,6,0.19256144,0.19256144,0.19256144,0.19256144,0.191637983
1622,INPUT_GUT_90_5.txt,OUTPUT_LN2_90_5.txt,0.327753816,6,0.327637375,0.327617367,0.327723331,0.327726768,0.320315501
1623,INPUT_GUT_90_5.txt,OUTPUT_LUNG_90_5.txt,0.398245887,6,0.398180525,0.398252316,0.398242672,0.398279105,0.386100852
1624,INPUT_GUT_90_5.txt,OUTPUT_S_90_5.txt,NA,6,NA,NA,NA,NA,NA
1625,INPUT_L_90_5.txt,OUTPUT_BM1_90_5.txt,NA,6,NA,NA,NA,NA,NA
1626,INPUT_L_90_5.txt,OUTPUT_BM2_90_5.txt,NA,6,NA,NA,NA,NA,NA
1627,INPUT_L_90_5.txt,OUTPUT_GUT_90_5.txt,NA,6,NA,NA,NA,NA,NA
1628,INPUT_L_90_5.txt,OUTPUT_L_90_5.txt,NA,6,NA,NA,NA,NA,NA
1629,INPUT_L_90_5.txt,OUTPUT_LN1_90_5.txt,NA,6,NA,NA,NA,NA,NA
1630,INPUT_L_90_5.txt,OUTPUT_LN2_90_5.txt,NA,6,NA,NA,NA,NA,NA
1631,INPUT_L_90_5.txt,OUTPUT_LUNG_90_5.txt,NA,6,NA,NA,NA,NA,NA
1632,INPUT_L_90_5.txt,OUTPUT_S_90_5.txt,NA,6,NA,NA,NA,NA,NA
1633,INPUT_LN1_90_5.txt,OUTPUT_BM1_90_5.txt,7.660057257,6,7.659652188,7.664547734,7.661065346,7.662154307,7.810593877
1634,INPUT_LN1_90_5.txt,OUTPUT_BM2_90_5.txt,0.071973198,6,0.071925717,0.071920275,0.071974559,0.071929951,0.073094627
1635,INPUT_LN1_90_5.txt,OUTPUT_GUT_90_5.txt,41.29658249,6,41.29658249,41.29658249,41.29658249,41.29658249,42.48440219
1636,INPUT_LN1_90_5.txt,OUTPUT_L_90_5.txt,NA,6,NA,NA,NA,NA,NA
1637,INPUT_LN1_90_5.txt,OUTPUT_LN1_90_5.txt,-423926.5,6,-423926.5,-423926.5,-423926.5,-423926.5,-470733
1638,INPUT_LN1_90_5.txt,OUTPUT_LN2_90_5.txt,0.088709604,6,0.088679522,0.088706397,0.088701432,0.08873539,0.096442342
1639,INPUT_LN1_90_5.txt,OUTPUT_LUNG_90_5.txt,0.26376488,6,0.263722172,0.263769081,0.26376278,0.263786585,0.272370802
1640,INPUT_LN1_90_5.txt,OUTPUT_S_90_5.txt,NA,6,NA,NA,NA,NA,NA
1641,INPUT_LN2_90_5.txt,OUTPUT_BM1_90_5.txt,7.058438137,6,7.058773909,7.062097046,7.059444952,7.058617992,7.369490291
1642,INPUT_LN2_90_5.txt,OUTPUT_BM2_90_5.txt,0.029227813,6,0.029213364,0.029206776,0.029229687,0.029206008,0.036353764
1643,INPUT_LN2_90_5.txt,OUTPUT_GUT_90_5.txt,0.114402273,6,0.114421392,0.11440427,0.114407453,0.114385844,0.123368352
1644,INPUT_LN2_90_5.txt,OUTPUT_L_90_5.txt,NA,6,NA,NA,NA,NA,NA
1645,INPUT_LN2_90_5.txt,OUTPUT_LN1_90_5.txt,0.03869473,6,0.03870121,0.038695439,0.038696485,0.038689195,0.040337648
1646,INPUT_LN2_90_5.txt,OUTPUT_LN2_90_5.txt,-495993.5,6,-495910.5,-495984.5,-495971,-496064.5,-551129
1647,INPUT_LN2_90_5.txt,OUTPUT_LUNG_90_5.txt,0.164630839,6,0.164630936,0.164636436,0.164636953,0.164621164,0.164052045
1648,INPUT_LN2_90_5.txt,OUTPUT_S_90_5.txt,NA,6,NA,NA,NA,NA,NA
1649,INPUT_LUNG_90_5.txt,OUTPUT_BM1_90_5.txt,3.111386679,6,3.111399991,3.114213227,3.112040332,3.112581288,3.195585774
1650,INPUT_LUNG_90_5.txt,OUTPUT_BM2_90_5.txt,0.145570413,6,0.145486567,0.145462425,0.14557375,0.145477044,0.133086693
1651,INPUT_LUNG_90_5.txt,OUTPUT_GUT_90_5.txt,0.221046437,6,0.221064601,0.22104465,0.22104733,0.221037207,0.205411965
1652,INPUT_LUNG_90_5.txt,OUTPUT_L_90_5.txt,NA,6,NA,NA,NA,NA,NA
1653,INPUT_LUNG_90_5.txt,OUTPUT_LN1_90_5.txt,0.067708455,6,0.067714024,0.067707907,0.067708729,0.067705625,0.067881585
1654,INPUT_LUNG_90_5.txt,OUTPUT_LN2_90_5.txt,0.090884426,6,0.090861447,0.090880358,0.09087654,0.090906645,0.085167957
1655,INPUT_LUNG_90_5.txt,OUTPUT_LUNG_90_5.txt,-371317.5,6,-371287,-371320.5,-371316,-371333,-412238
1656,INPUT_LUNG_90_5.txt,OUTPUT_S_90_5.txt,NA,6,NA,NA,NA,NA,NA
1657,INPUT_S_90_5.txt,OUTPUT_BM1_90_5.txt,NA,6,NA,NA,NA,NA,NA
1658,INPUT_S_90_5.txt,OUTPUT_BM2_90_5.txt,NA,6,NA,NA,NA,NA,NA
1659,INPUT_S_90_5.txt,OUTPUT_GUT_90_5.txt,NA,6,NA,NA,NA,NA,NA
1660,INPUT_S_90_5.txt,OUTPUT_L_90_5.txt,NA,6,NA,NA,NA,NA,NA
1661,INPUT_S_90_5.txt,OUTPUT_LN1_90_5.txt,NA,6,NA,NA,NA,NA,NA
1662,INPUT_S_90_5.txt,OUTPUT_LN2_90_5.txt,NA,6,NA,NA,NA,NA,NA
1663,INPUT_S_90_5.txt,OUTPUT_LUNG_90_5.txt,NA,6,NA,NA,NA,NA,NA
1664,INPUT_S_90_5.txt,OUTPUT_S_90_5.txt,NA,6,NA,NA,NA,NA,NA
1665,INPUT_BM1_90_5.txt,OUTPUT_BM1_90_5.txt,-642219.5,7,-642396.5,-642187.5,-642081,-642216,-713807.5
1666,INPUT_BM1_90_5.txt,OUTPUT_BM2_90_5.txt,1.291361208,7,1.290255768,1.290821428,1.291623207,1.291034386,1.318855182
1667,INPUT_BM1_90_5.txt,OUTPUT_GUT_90_5.txt,NA,7,NA,NA,NA,NA,NA
1668,INPUT_BM1_90_5.txt,OUTPUT_L_90_5.txt,2.166659784,7,2.165763283,2.168039534,2.166175353,2.1666515,2.247581359
1669,INPUT_BM1_90_5.txt,OUTPUT_LN1_90_5.txt,0.01144218,7,0.011439027,0.011442751,0.011444649,0.011442243,0.011672672
1670,INPUT_BM1_90_5.txt,OUTPUT_LN2_90_5.txt,0.021078082,7,0.021072272,0.021079133,0.021082631,0.021078197,0.020047978
1671,INPUT_BM1_90_5.txt,OUTPUT_LUNG_90_5.txt,0.009828733,7,0.009824183,0.009827374,0.009829062,0.009828909,0.00968862
1672,INPUT_BM1_90_5.txt,OUTPUT_S_90_5.txt,1.788134867,7,1.78678515,1.786764545,1.787741059,1.787925084,1.838811136
1673,INPUT_BM2_90_5.txt,OUTPUT_BM1_90_5.txt,0.044910197,7,0.044948015,0.04491623,0.04489112,0.044915584,0.047654011
1674,INPUT_BM2_90_5.txt,OUTPUT_BM2_90_5.txt,-848437,7,-848190.5,-848238.5,-848431.5,-848326,-942797
1675,INPUT_BM2_90_5.txt,OUTPUT_GUT_90_5.txt,NA,7,NA,NA,NA,NA,NA
1676,INPUT_BM2_90_5.txt,OUTPUT_L_90_5.txt,6.393551262,7,6.394453659,6.398717803,6.390828583,6.394302356,6.628666123
1677,INPUT_BM2_90_5.txt,OUTPUT_LN1_90_5.txt,0.13241768,7,0.132456297,0.132448776,0.132418535,0.132435067,0.139546632
1678,INPUT_BM2_90_5.txt,OUTPUT_LN2_90_5.txt,0.032067163,7,0.032076488,0.032074671,0.032067371,0.032071361,0.033649903
1679,INPUT_BM2_90_5.txt,OUTPUT_LUNG_90_5.txt,0.006539902,7,0.006540484,0.006540109,0.006538663,0.006540845,0.00711425
1680,INPUT_BM2_90_5.txt,OUTPUT_S_90_5.txt,7.199656371,7,7.198253498,7.195481951,7.196613892,7.199695243,7.315484086
1681,INPUT_GUT_90_5.txt,OUTPUT_BM1_90_5.txt,NA,7,NA,NA,NA,NA,NA
1682,INPUT_GUT_90_5.txt,OUTPUT_BM2_90_5.txt,NA,7,NA,NA,NA,NA,NA
1683,INPUT_GUT_90_5.txt,OUTPUT_GUT_90_5.txt,NA,7,NA,NA,NA,NA,NA
1684,INPUT_GUT_90_5.txt,OUTPUT_L_90_5.txt,NA,7,NA,NA,NA,NA,NA
1685,INPUT_GUT_90_5.txt,OUTPUT_LN1_90_5.txt,NA,7,NA,NA,NA,NA,NA
1686,INPUT_GUT_90_5.txt,OUTPUT_LN2_90_5.txt,NA,7,NA,NA,NA,NA,NA
1687,INPUT_GUT_90_5.txt,OUTPUT_LUNG_90_5.txt,NA,7,NA,NA,NA,NA,NA
1688,INPUT_GUT_90_5.txt,OUTPUT_S_90_5.txt,NA,7,NA,NA,NA,NA,NA
1689,INPUT_L_90_5.txt,OUTPUT_BM1_90_5.txt,0.054236102,7,0.054269868,0.05421468,0.054224617,0.054235762,0.049800884
1690,INPUT_L_90_5.txt,OUTPUT_BM2_90_5.txt,8.898573121,7,8.893945478,8.891572056,8.900510375,8.896234679,8.497671764
1691,INPUT_L_90_5.txt,OUTPUT_GUT_90_5.txt,NA,7,NA,NA,NA,NA,NA
1692,INPUT_L_90_5.txt,OUTPUT_L_90_5.txt,-323358.5,7,-323335.5,-323454,-323287.5,-323357,-359343.5
1693,INPUT_L_90_5.txt,OUTPUT_LN1_90_5.txt,0.331915492,7,0.331939355,0.331816443,0.331989168,0.331917048,0.336665007
1694,INPUT_L_90_5.txt,OUTPUT_LN2_90_5.txt,0.021338528,7,0.021340047,0.021332225,0.021343217,0.021338627,0.019644379
1695,INPUT_L_90_5.txt,OUTPUT_LUNG_90_5.txt,0.01614831,7,0.016144743,0.016138866,0.016147286,0.016148631,0.015147233
1696,INPUT_L_90_5.txt,OUTPUT_S_90_5.txt,10.01776071,7,10.01361707,10.00655475,10.01559549,10.01656927,10.05914119
1697,INPUT_LN1_90_5.txt,OUTPUT_BM1_90_5.txt,0.261502316,7,0.261582524,0.261487814,0.261439542,0.261500833,0.260339892
1698,INPUT_LN1_90_5.txt,OUTPUT_BM2_90_5.txt,0.596444453,7,0.596449283,0.596448343,0.59644444,0.596446628,0.590647882
1699,INPUT_LN1_90_5.txt,OUTPUT_GUT_90_5.txt,NA,7,NA,NA,NA,NA,NA
1700,INPUT_LN1_90_5.txt,OUTPUT_L_90_5.txt,0.572981077,7,0.572982638,0.572974596,0.572985896,0.572981179,0.56905926
1701,INPUT_LN1_90_5.txt,OUTPUT_LN1_90_5.txt,-69406.5,7,-69406.5,-69406.5,-69406.5,-69406.5,-77113.5
1702,INPUT_LN1_90_5.txt,OUTPUT_LN2_90_5.txt,0.105615623,7,0.105615623,0.105615623,0.105615623,0.105615623,0.097665859
1703,INPUT_LN1_90_5.txt,OUTPUT_LUNG_90_5.txt,0.085132505,7,0.085121897,0.085121717,0.085122141,0.085133357,0.080219088
1704,INPUT_LN1_90_5.txt,OUTPUT_S_90_5.txt,0.573701934,7,0.573706302,0.573709331,0.573705869,0.573703046,0.56935074
1705,INPUT_LN2_90_5.txt,OUTPUT_BM1_90_5.txt,0.284721139,7,0.284877366,0.284692899,0.284598923,0.284718048,0.339901116
1706,INPUT_LN2_90_5.txt,OUTPUT_BM2_90_5.txt,5.3884776,7,5.385627337,5.386182319,5.388443026,5.387194053,5.475774585
1707,INPUT_LN2_90_5.txt,OUTPUT_GUT_90_5.txt,NA,7,NA,NA,NA,NA,NA
1708,INPUT_LN2_90_5.txt,OUTPUT_L_90_5.txt,9.112465877,7,9.111406966,9.116862843,9.109197119,9.112396817,9.409762617
1709,INPUT_LN2_90_5.txt,OUTPUT_LN1_90_5.txt,0.089482691,7,0.089482691,0.089482691,0.089482691,0.089482691,0.097653463
1710,INPUT_LN2_90_5.txt,OUTPUT_LN2_90_5.txt,-76754.5,7,-76754.5,-76754.5,-76754.5,-76754.5,-85282.5
1711,INPUT_LN2_90_5.txt,OUTPUT_LUNG_90_5.txt,0.061149707,7,0.061142528,0.061142353,0.061142674,0.061150343,0.063955327
1712,INPUT_LN2_90_5.txt,OUTPUT_S_90_5.txt,8.6732438,7,8.669761846,8.667347608,8.670106746,8.672356865,9.015076698
1713,INPUT_LUNG_90_5.txt,OUTPUT_BM1_90_5.txt,0.069114183,7,0.069161349,0.069116897,0.069093953,0.069112854,0.072635269
1714,INPUT_LUNG_90_5.txt,OUTPUT_BM2_90_5.txt,2.35287164,7,2.352386664,2.352556067,2.353182382,2.352485565,2.379134221
1715,INPUT_LUNG_90_5.txt,OUTPUT_GUT_90_5.txt,NA,7,NA,NA,NA,NA,NA
1716,INPUT_LUNG_90_5.txt,OUTPUT_L_90_5.txt,2.366598114,7,2.366739372,2.367717535,2.366353052,2.366565731,2.463323298
1717,INPUT_LUNG_90_5.txt,OUTPUT_LN1_90_5.txt,5.063652533,7,5.064356677,5.064356603,5.064334968,5.063609263,5.208797964
1718,INPUT_LUNG_90_5.txt,OUTPUT_LN2_90_5.txt,0.30650574,7,0.306548048,0.306548139,0.306546837,0.306503137,0.347889518
1719,INPUT_LUNG_90_5.txt,OUTPUT_LUNG_90_5.txt,-472595.5,7,-472530.5,-472530.5,-472532.5,-472599.5,-525282.5
1720,INPUT_LUNG_90_5.txt,OUTPUT_S_90_5.txt,2.92090893,7,2.920668764,2.920241653,2.9207417,2.920719291,3.032301497
1721,INPUT_S_90_5.txt,OUTPUT_BM1_90_5.txt,0.134654628,7,0.13476149,0.134696389,0.13462588,0.134661458,0.141225887
1722,INPUT_S_90_5.txt,OUTPUT_BM2_90_5.txt,59.65959727,7,59.63846012,59.65870064,59.6758769,59.64652892,61.60364986
1723,INPUT_S_90_5.txt,OUTPUT_GUT_90_5.txt,NA,7,NA,NA,NA,NA,NA
1724,INPUT_S_90_5.txt,OUTPUT_L_90_5.txt,1014.898077,7,1014.872577,1015.395799,1014.672382,1014.909176,1033.089679
1725,INPUT_S_90_5.txt,OUTPUT_LN1_90_5.txt,0.082345943,7,0.082365912,0.082379763,0.082363933,0.082351029,0.082933453
1726,INPUT_S_90_5.txt,OUTPUT_LN2_90_5.txt,0.02617566,7,0.026181994,0.026186388,0.026181367,0.026177273,0.025351263
1727,INPUT_S_90_5.txt,OUTPUT_LUNG_90_5.txt,0.007541716,7,0.007541418,0.00754269,0.007541302,0.007542304,0.00897447
1728,INPUT_S_90_5.txt,OUTPUT_S_90_5.txt,-438382,7,-438276,-438202.5,-438286.5,-438355,-487128.5
1729,INPUT_BM1_90_5.txt,OUTPUT_BM1_90_5.txt,-739264,8,-739150,-738993.5,-738995,-738845,-821444
1730,INPUT_BM1_90_5.txt,OUTPUT_BM2_90_5.txt,0.246779958,8,0.247039659,0.246882674,0.246838258,0.247174942,0.260903905
1731,INPUT_BM1_90_5.txt,OUTPUT_GUT_90_5.txt,NA,8,NA,NA,NA,NA,NA
1732,INPUT_BM1_90_5.txt,OUTPUT_L_90_5.txt,NA,8,NA,NA,NA,NA,NA
1733,INPUT_BM1_90_5.txt,OUTPUT_LN1_90_5.txt,0.163726332,8,0.163698353,0.163850676,0.163794477,0.163849732,0.165681238
1734,INPUT_BM1_90_5.txt,OUTPUT_LN2_90_5.txt,0.217799515,8,0.217924849,0.217900874,0.217815395,0.217919122,0.21095635
1735,INPUT_BM1_90_5.txt,OUTPUT_LUNG_90_5.txt,0.009521377,8,0.009522846,0.009524863,0.009524844,0.009526778,0.008608699
1736,INPUT_BM1_90_5.txt,OUTPUT_S_90_5.txt,2.466151533,8,2.466334061,2.469169501,2.467384865,2.470016615,2.572647225
1737,INPUT_BM2_90_5.txt,OUTPUT_BM1_90_5.txt,415.9977986,8,416.2085454,416.0188251,415.9768174,416.2503302,429.3697767
1738,INPUT_BM2_90_5.txt,OUTPUT_BM2_90_5.txt,-804358.5,8,-804721,-804378.5,-804307,-804775,-894257
1739,INPUT_BM2_90_5.txt,OUTPUT_GUT_90_5.txt,NA,8,NA,NA,NA,NA,NA
1740,INPUT_BM2_90_5.txt,OUTPUT_L_90_5.txt,NA,8,NA,NA,NA,NA,NA
1741,INPUT_BM2_90_5.txt,OUTPUT_LN1_90_5.txt,0.046689542,8,0.046653728,0.046706194,0.046694861,0.046673761,0.044001752
1742,INPUT_BM2_90_5.txt,OUTPUT_LN2_90_5.txt,0.140735861,8,0.140731612,0.140746247,0.140703867,0.140660352,0.130472604
1743,INPUT_BM2_90_5.txt,OUTPUT_LUNG_90_5.txt,0.011214798,8,0.011209744,0.011214519,0.011215516,0.011208991,0.011568505
1744,INPUT_BM2_90_5.txt,OUTPUT_S_90_5.txt,4.139890418,8,4.137749615,4.143306824,4.140710293,4.141905489,4.109957082
1745,INPUT_GUT_90_5.txt,OUTPUT_BM1_90_5.txt,NA,8,NA,NA,NA,NA,NA
1746,INPUT_GUT_90_5.txt,OUTPUT_BM2_90_5.txt,NA,8,NA,NA,NA,NA,NA
1747,INPUT_GUT_90_5.txt,OUTPUT_GUT_90_5.txt,NA,8,NA,NA,NA,NA,NA
1748,INPUT_GUT_90_5.txt,OUTPUT_L_90_5.txt,NA,8,NA,NA,NA,NA,NA
1749,INPUT_GUT_90_5.txt,OUTPUT_LN1_90_5.txt,NA,8,NA,NA,NA,NA,NA
1750,INPUT_GUT_90_5.txt,OUTPUT_LN2_90_5.txt,NA,8,NA,NA,NA,NA,NA
1751,INPUT_GUT_90_5.txt,OUTPUT_LUNG_90_5.txt,NA,8,NA,NA,NA,NA,NA
1752,INPUT_GUT_90_5.txt,OUTPUT_S_90_5.txt,NA,8,NA,NA,NA,NA,NA
1753,INPUT_L_90_5.txt,OUTPUT_BM1_90_5.txt,NA,8,NA,NA,NA,NA,NA
1754,INPUT_L_90_5.txt,OUTPUT_BM2_90_5.txt,NA,8,NA,NA,NA,NA,NA
1755,INPUT_L_90_5.txt,OUTPUT_GUT_90_5.txt,NA,8,NA,NA,NA,NA,NA
1756,INPUT_L_90_5.txt,OUTPUT_L_90_5.txt,NA,8,NA,NA,NA,NA,NA
1757,INPUT_L_90_5.txt,OUTPUT_LN1_90_5.txt,NA,8,NA,NA,NA,NA,NA
1758,INPUT_L_90_5.txt,OUTPUT_LN2_90_5.txt,NA,8,NA,NA,NA,NA,NA
1759,INPUT_L_90_5.txt,OUTPUT_LUNG_90_5.txt,NA,8,NA,NA,NA,NA,NA
1760,INPUT_L_90_5.txt,OUTPUT_S_90_5.txt,NA,8,NA,NA,NA,NA,NA
1761,INPUT_LN1_90_5.txt,OUTPUT_BM1_90_5.txt,95.80112632,8,95.78050361,95.84135846,95.81481457,95.83108863,98.88768114
1762,INPUT_LN1_90_5.txt,OUTPUT_BM2_90_5.txt,0.346432266,8,0.346798103,0.346383853,0.346379465,0.346759052,0.324716792
1763,INPUT_LN1_90_5.txt,OUTPUT_GUT_90_5.txt,NA,8,NA,NA,NA,NA,NA
1764,INPUT_LN1_90_5.txt,OUTPUT_L_90_5.txt,NA,8,NA,NA,NA,NA,NA
1765,INPUT_LN1_90_5.txt,OUTPUT_LN1_90_5.txt,-461464,8,-461391,-461552,-461475.5,-461505.5,-512726.5
1766,INPUT_LN1_90_5.txt,OUTPUT_LN2_90_5.txt,0.560600874,8,0.56092365,0.56054999,0.560424386,0.560540414,0.544846607
1767,INPUT_LN1_90_5.txt,OUTPUT_LUNG_90_5.txt,0.010009265,8,0.010010849,0.010007356,0.010009016,0.010008365,0.009317724
1768,INPUT_LN1_90_5.txt,OUTPUT_S_90_5.txt,4.644986952,8,4.645269443,4.647986829,4.645487936,4.649020312,4.681185475
1769,INPUT_LN2_90_5.txt,OUTPUT_BM1_90_5.txt,2.895565987,8,2.894093886,2.893336861,2.893896615,2.892355168,3.052192479
1770,INPUT_LN2_90_5.txt,OUTPUT_BM2_90_5.txt,0.159471666,8,0.15958167,0.159471732,0.159474463,0.159638121,0.162111795
1771,INPUT_LN2_90_5.txt,OUTPUT_GUT_90_5.txt,NA,8,NA,NA,NA,NA,NA
1772,INPUT_LN2_90_5.txt,OUTPUT_L_90_5.txt,NA,8,NA,NA,NA,NA,NA
1773,INPUT_LN2_90_5.txt,OUTPUT_LN1_90_5.txt,0.057706173,8,0.057674408,0.057726902,0.057717677,0.057717877,0.08950099
1774,INPUT_LN2_90_5.txt,OUTPUT_LN2_90_5.txt,-425661,8,-425750.5,-425682,-425599,-425657,-472966
1775,INPUT_LN2_90_5.txt,OUTPUT_LUNG_90_5.txt,0.005609039,8,0.00560786,0.005608762,0.005609856,0.005609092,0.005537393
1776,INPUT_LN2_90_5.txt,OUTPUT_S_90_5.txt,2.459272415,8,2.458575958,2.461254049,2.459955245,2.461743861,2.535921913
1777,INPUT_LUNG_90_5.txt,OUTPUT_BM1_90_5.txt,1.570468274,8,1.570269946,1.569942031,1.569968362,1.569653024,1.590988405
1778,INPUT_LUNG_90_5.txt,OUTPUT_BM2_90_5.txt,0.320983544,8,0.321243835,0.320997881,0.320947459,0.321281722,0.328127899
1779,INPUT_LUNG_90_5.txt,OUTPUT_GUT_90_5.txt,NA,8,NA,NA,NA,NA,NA
1780,INPUT_LUNG_90_5.txt,OUTPUT_L_90_5.txt,NA,8,NA,NA,NA,NA,NA
1781,INPUT_LUNG_90_5.txt,OUTPUT_LN1_90_5.txt,0.087211586,8,0.087184604,0.087244003,0.087215882,0.087226949,0.081403766
1782,INPUT_LUNG_90_5.txt,OUTPUT_LN2_90_5.txt,0.545574835,8,0.545768787,0.545620049,0.545444382,0.545566265,0.548577936
1783,INPUT_LUNG_90_5.txt,OUTPUT_LUNG_90_5.txt,-421370.5,8,-421370.5,-421370.5,-421370.5,-421370.5,-468255
1784,INPUT_LUNG_90_5.txt,OUTPUT_S_90_5.txt,1.59910027,8,1.59906991,1.599699561,1.599221398,1.599799193,1.552120249
1785,INPUT_S_90_5.txt,OUTPUT_BM1_90_5.txt,193.6179684,8,193.5600951,193.3530082,193.4417652,193.2476386,201.6930943
1786,INPUT_S_90_5.txt,OUTPUT_BM2_90_5.txt,8.0026621,8,8.010367811,7.999455392,8.001031947,8.006914913,8.239210526
1787,INPUT_S_90_5.txt,OUTPUT_GUT_90_5.txt,NA,8,NA,NA,NA,NA,NA
1788,INPUT_S_90_5.txt,OUTPUT_L_90_5.txt,NA,8,NA,NA,NA,NA,NA
1789,INPUT_S_90_5.txt,OUTPUT_LN1_90_5.txt,0.05176854,8,0.051754219,0.051766026,0.051767561,0.05175189,0.048101219
1790,INPUT_S_90_5.txt,OUTPUT_LN2_90_5.txt,11.89584859,8,11.90167105,11.89137054,11.89123031,11.88899289,12.39968573
1791,INPUT_S_90_5.txt,OUTPUT_LUNG_90_5.txt,0.005144565,8,0.00514477,0.005142354,0.005144211,0.005141987,0.007303894
1792,INPUT_S_90_5.txt,OUTPUT_S_90_5.txt,-538642,8,-538620.5,-538873.5,-538679,-538912,-598054
1793,INPUT_BM1_90_5.txt,OUTPUT_BM1_90_5.txt,-524060,9,-524124,-524013.5,-523878,-523876.5,-581335.5
1794,INPUT_BM1_90_5.txt,OUTPUT_BM2_90_5.txt,2.395536563,9,2.394015693,2.394943735,2.396807407,2.397041204,2.551096792
1795,INPUT_BM1_90_5.txt,OUTPUT_GUT_90_5.txt,NA,9,NA,NA,NA,NA,NA
1796,INPUT_BM1_90_5.txt,OUTPUT_L_90_5.txt,0.03481283,9,0.034810166,0.034815323,0.034824339,0.034825533,0.034822134
1797,INPUT_BM1_90_5.txt,OUTPUT_LN1_90_5.txt,0.008106279,9,0.008105288,0.008106998,0.008109096,0.008109119,0.007513257
1798,INPUT_BM1_90_5.txt,OUTPUT_LN2_90_5.txt,NA,9,NA,NA,NA,NA,NA
1799,INPUT_BM1_90_5.txt,OUTPUT_LUNG_90_5.txt,0.062293523,9,0.062283339,0.062293074,0.062301857,0.062313839,0.06250122
1800,INPUT_BM1_90_5.txt,OUTPUT_S_90_5.txt,1.026607094,9,1.026499061,1.026577373,1.026859993,1.026966473,0.997375661
1801,INPUT_BM2_90_5.txt,OUTPUT_BM1_90_5.txt,0.079710091,9,0.079750301,0.0797094,0.079647103,0.079642839,0.074129456
1802,INPUT_BM2_90_5.txt,OUTPUT_BM2_90_5.txt,-334802.5,9,-334715.5,-334746,-334834.5,-334850.5,-371968.5
1803,INPUT_BM2_90_5.txt,OUTPUT_GUT_90_5.txt,NA,9,NA,NA,NA,NA,NA
1804,INPUT_BM2_90_5.txt,OUTPUT_L_90_5.txt,0.041165079,9,0.041177678,0.041171412,0.041160312,0.041159837,0.04396349
1805,INPUT_BM2_90_5.txt,OUTPUT_LN1_90_5.txt,0.009969984,9,0.009972577,0.009971667,0.009969031,0.009968554,0.009232356
1806,INPUT_BM2_90_5.txt,OUTPUT_LN2_90_5.txt,NA,9,NA,NA,NA,NA,NA
1807,INPUT_BM2_90_5.txt,OUTPUT_LUNG_90_5.txt,0.075583938,9,0.075600516,0.075589459,0.075560508,0.075571209,0.081116414
1808,INPUT_BM2_90_5.txt,OUTPUT_S_90_5.txt,3.09897176,9,3.09984613,3.099136519,3.098353606,3.098518607,3.413439151
1809,INPUT_GUT_90_5.txt,OUTPUT_BM1_90_5.txt,NA,9,NA,NA,NA,NA,NA
1810,INPUT_GUT_90_5.txt,OUTPUT_BM2_90_5.txt,NA,9,NA,NA,NA,NA,NA
1811,INPUT_GUT_90_5.txt,OUTPUT_GUT_90_5.txt,NA,9,NA,NA,NA,NA,NA
1812,INPUT_GUT_90_5.txt,OUTPUT_L_90_5.txt,NA,9,NA,NA,NA,NA,NA
1813,INPUT_GUT_90_5.txt,OUTPUT_LN1_90_5.txt,NA,9,NA,NA,NA,NA,NA
1814,INPUT_GUT_90_5.txt,OUTPUT_LN2_90_5.txt,NA,9,NA,NA,NA,NA,NA
1815,INPUT_GUT_90_5.txt,OUTPUT_LUNG_90_5.txt,NA,9,NA,NA,NA,NA,NA
1816,INPUT_GUT_90_5.txt,OUTPUT_S_90_5.txt,NA,9,NA,NA,NA,NA,NA
1817,INPUT_L_90_5.txt,OUTPUT_BM1_90_5.txt,0.007565674,9,0.007567349,0.007564365,0.00756053,0.007560293,0.021574687
1818,INPUT_L_90_5.txt,OUTPUT_BM2_90_5.txt,1.137548812,9,1.136979439,1.137196027,1.137763225,1.137843612,1.790339621
1819,INPUT_L_90_5.txt,OUTPUT_GUT_90_5.txt,NA,9,NA,NA,NA,NA,NA
1820,INPUT_L_90_5.txt,OUTPUT_L_90_5.txt,-350291.5,9,-350299.5,-350290,-350286.5,-350295.5,-388898.5
1821,INPUT_L_90_5.txt,OUTPUT_LN1_90_5.txt,0.005115421,9,0.005115304,0.005115443,0.005115494,0.005115363,0.005971531
1822,INPUT_L_90_5.txt,OUTPUT_LN2_90_5.txt,NA,9,NA,NA,NA,NA,NA
1823,INPUT_L_90_5.txt,OUTPUT_LUNG_90_5.txt,0.188684795,9,0.188672767,0.18866753,0.188647207,0.188678007,0.195034743
1824,INPUT_L_90_5.txt,OUTPUT_S_90_5.txt,1.824514835,9,1.824515281,1.824326463,1.824364518,1.824502994,1.726796937
1825,INPUT_LN1_90_5.txt,OUTPUT_BM1_90_5.txt,0.554530507,9,0.554631736,0.554456958,0.554242635,0.554240262,0.568037493
1826,INPUT_LN1_90_5.txt,OUTPUT_BM2_90_5.txt,1.813535412,9,1.813458278,1.813485327,1.813563768,1.813577942,1.916544098
1827,INPUT_LN1_90_5.txt,OUTPUT_GUT_90_5.txt,NA,9,NA,NA,NA,NA,NA
1828,INPUT_LN1_90_5.txt,OUTPUT_L_90_5.txt,1.127864278,9,1.127907404,1.127853727,1.127838772,1.127883376,1.209829506
1829,INPUT_LN1_90_5.txt,OUTPUT_LN1_90_5.txt,-36252,9,-36252,-36252,-36252,-36252,-40279.5
1830,INPUT_LN1_90_5.txt,OUTPUT_LN2_90_5.txt,NA,9,NA,NA,NA,NA,NA
1831,INPUT_LN1_90_5.txt,OUTPUT_LUNG_90_5.txt,1.678988367,9,1.678944406,1.678885789,1.678759755,1.67896199,1.808419194
1832,INPUT_LN1_90_5.txt,OUTPUT_S_90_5.txt,2.217280889,9,2.217280533,2.217283377,2.217283022,2.217280889,2.243746479
1833,INPUT_LN2_90_5.txt,OUTPUT_BM1_90_5.txt,NA,9,NA,NA,NA,NA,NA
1834,INPUT_LN2_90_5.txt,OUTPUT_BM2_90_5.txt,NA,9,NA,NA,NA,NA,NA
1835,INPUT_LN2_90_5.txt,OUTPUT_GUT_90_5.txt,NA,9,NA,NA,NA,NA,NA
1836,INPUT_LN2_90_5.txt,OUTPUT_L_90_5.txt,NA,9,NA,NA,NA,NA,NA
1837,INPUT_LN2_90_5.txt,OUTPUT_LN1_90_5.txt,NA,9,NA,NA,NA,NA,NA
1838,INPUT_LN2_90_5.txt,OUTPUT_LN2_90_5.txt,NA,9,NA,NA,NA,NA,NA
1839,INPUT_LN2_90_5.txt,OUTPUT_LUNG_90_5.txt,NA,9,NA,NA,NA,NA,NA
1840,INPUT_LN2_90_5.txt,OUTPUT_S_90_5.txt,NA,9,NA,NA,NA,NA,NA
1841,INPUT_LUNG_90_5.txt,OUTPUT_BM1_90_5.txt,0.026037921,9,0.026044812,0.026034549,0.026022624,0.026020019,0.023367341
1842,INPUT_LUNG_90_5.txt,OUTPUT_BM2_90_5.txt,5.74091999,9,5.738529488,5.739462818,5.742114374,5.742304142,5.654521982
1843,INPUT_LUNG_90_5.txt,OUTPUT_GUT_90_5.txt,NA,9,NA,NA,NA,NA,NA
1844,INPUT_LUNG_90_5.txt,OUTPUT_L_90_5.txt,0.151075889,9,0.151087021,0.151081639,0.151087044,0.151081766,0.135287172
1845,INPUT_LUNG_90_5.txt,OUTPUT_LN1_90_5.txt,0.016079683,9,0.016080014,0.016080455,0.016081403,0.016079882,0.014915989
1846,INPUT_LUNG_90_5.txt,OUTPUT_LN2_90_5.txt,NA,9,NA,NA,NA,NA,NA
1847,INPUT_LUNG_90_5.txt,OUTPUT_LUNG_90_5.txt,-364892.5,9,-364885,-364875,-364853.5,-364888,-405409
1848,INPUT_LUNG_90_5.txt,OUTPUT_S_90_5.txt,2.14154919,9,2.141620801,2.141392322,2.141532813,2.14157133,2.103213088
1849,INPUT_S_90_5.txt,OUTPUT_BM1_90_5.txt,0.090907852,9,0.090929294,0.090897067,0.0908493,0.090844199,0.083343358
1850,INPUT_S_90_5.txt,OUTPUT_BM2_90_5.txt,265.0396271,9,265.0472439,265.0251522,265.0225199,265.036821,270.4702319
1851,INPUT_S_90_5.txt,OUTPUT_GUT_90_5.txt,NA,9,NA,NA,NA,NA,NA
1852,INPUT_S_90_5.txt,OUTPUT_L_90_5.txt,0.130739591,9,0.130744478,0.130746025,0.130742682,0.130742415,0.120998896
1853,INPUT_S_90_5.txt,OUTPUT_LN1_90_5.txt,0.065829039,9,0.065828484,0.065832924,0.065832369,0.065829039,0.070076091
1854,INPUT_S_90_5.txt,OUTPUT_LN2_90_5.txt,NA,9,NA,NA,NA,NA,NA
1855,INPUT_S_90_5.txt,OUTPUT_LUNG_90_5.txt,1.609928577,9,1.609846216,1.609868784,1.609659161,1.609887671,1.611156275
1856,INPUT_S_90_5.txt,OUTPUT_S_90_5.txt,-118997.5,9,-118998.5,-118990.5,-118991.5,-118997.5,-131877
1857,INPUT_BM1_90_5.txt,OUTPUT_BM1_90_5.txt,-550801.5,10,-550754,-550710,-550668.5,-550774.5,-611496
1858,INPUT_BM1_90_5.txt,OUTPUT_BM2_90_5.txt,0.022071158,10,0.02207162,0.022073003,0.022076323,0.022070883,0.022736709
1859,INPUT_BM1_90_5.txt,OUTPUT_GUT_90_5.txt,0.097788976,10,0.097798093,0.097806062,0.097815349,0.097794668,0.100843017
1860,INPUT_BM1_90_5.txt,OUTPUT_L_90_5.txt,7.023089469,10,7.025653835,7.026586252,7.028720706,7.024722462,7.44586484
1861,INPUT_BM1_90_5.txt,OUTPUT_LN1_90_5.txt,0.020470347,10,0.020472113,0.020473749,0.020475293,0.020471351,0.019881555
1862,INPUT_BM1_90_5.txt,OUTPUT_LN2_90_5.txt,0.045969423,10,0.045973404,0.045977314,0.045981375,0.045973938,0.047390202
1863,INPUT_BM1_90_5.txt,OUTPUT_LUNG_90_5.txt,0.064282943,10,0.064291934,0.064297048,0.06430972,0.064285975,0.037386733
1864,INPUT_BM1_90_5.txt,OUTPUT_S_90_5.txt,3.732004375,10,3.733745811,3.732507769,3.733408235,3.732948776,3.955923403
1865,INPUT_BM2_90_5.txt,OUTPUT_BM1_90_5.txt,0.133756329,10,0.13372835,0.133705794,0.133691611,0.133738532,0.135359926
1866,INPUT_BM2_90_5.txt,OUTPUT_BM2_90_5.txt,-448384,10,-448401,-448405.5,-448386,-448400,-497430.5
1867,INPUT_BM2_90_5.txt,OUTPUT_GUT_90_5.txt,0.252495415,10,0.25248113,0.252467932,0.252422016,0.252444245,0.261115822
1868,INPUT_BM2_90_5.txt,OUTPUT_L_90_5.txt,7.334690509,10,7.335639361,7.335763142,7.337099017,7.335241205,7.677027006
1869,INPUT_BM2_90_5.txt,OUTPUT_LN1_90_5.txt,0.03249763,10,0.032496397,0.032496071,0.032497485,0.03249647,0.043402797
1870,INPUT_BM2_90_5.txt,OUTPUT_LN2_90_5.txt,0.18805086,10,0.188044086,0.188050841,0.188081228,0.188129114,0.200152428
1871,INPUT_BM2_90_5.txt,OUTPUT_LUNG_90_5.txt,0.070572857,10,0.070574054,0.070573324,0.070586413,0.070570177,0.07253049
1872,INPUT_BM2_90_5.txt,OUTPUT_S_90_5.txt,5.500610997,10,5.501835093,5.500209211,5.501097206,5.501173812,5.776950628
1873,INPUT_GUT_90_5.txt,OUTPUT_BM1_90_5.txt,0.019533458,10,0.019530408,0.019527242,0.019527222,0.019533715,0.017527141
1874,INPUT_GUT_90_5.txt,OUTPUT_BM2_90_5.txt,0.010659077,10,0.010656552,0.010655808,0.010660485,0.010657724,0.01037725
1875,INPUT_GUT_90_5.txt,OUTPUT_GUT_90_5.txt,-509896.5,10,-509888.5,-509890,-509814,-509840,-566256.5
1876,INPUT_GUT_90_5.txt,OUTPUT_L_90_5.txt,1.505332855,10,1.505655289,1.505700152,1.506165822,1.505700601,1.537818817
1877,INPUT_GUT_90_5.txt,OUTPUT_LN1_90_5.txt,0.013701607,10,0.013701822,0.013701782,0.013703825,0.013703126,0.020275818
1878,INPUT_GUT_90_5.txt,OUTPUT_LN2_90_5.txt,0.055562611,10,0.055563599,0.055566032,0.055580955,0.055594271,0.051471248
1879,INPUT_GUT_90_5.txt,OUTPUT_LUNG_90_5.txt,0.023009217,10,0.023010459,0.023010464,0.023020979,0.023011758,0.022211784
1880,INPUT_GUT_90_5.txt,OUTPUT_S_90_5.txt,1.108908411,10,1.10924993,1.108895231,1.109204526,1.109205293,1.11176255
1881,INPUT_L_90_5.txt,OUTPUT_BM1_90_5.txt,0.045201663,10,0.045187306,0.045178988,0.045166927,0.045192867,0.04340168
1882,INPUT_L_90_5.txt,OUTPUT_BM2_90_5.txt,1.311429832,10,1.311189307,1.31113842,1.311031525,1.311258858,1.312706411
1883,INPUT_L_90_5.txt,OUTPUT_GUT_90_5.txt,0.188095778,10,0.188062967,0.188059013,0.187988551,0.188042036,0.187325621
1884,INPUT_L_90_5.txt,OUTPUT_L_90_5.txt,-761154,10,-761264.5,-761283,-761371.5,-761227.5,-846023
1885,INPUT_L_90_5.txt,OUTPUT_LN1_90_5.txt,0.009810867,10,0.009809442,0.009809204,0.009808063,0.009809919,0.008872115
1886,INPUT_L_90_5.txt,OUTPUT_LN2_90_5.txt,0.613670334,10,0.613579925,0.613570979,0.613515599,0.613677992,0.600339478
1887,INPUT_L_90_5.txt,OUTPUT_LUNG_90_5.txt,0.068852605,10,0.06884901,0.068847395,0.068859525,0.068845647,0.06479856
1888,INPUT_L_90_5.txt,OUTPUT_S_90_5.txt,10.32292425,10,10.32535862,10.32083515,10.32136059,10.32402613,10.23200067
1889,INPUT_LN1_90_5.txt,OUTPUT_BM1_90_5.txt,0.854994692,10,0.854848921,0.854713903,0.854586565,0.854911832,0.894158307
1890,INPUT_LN1_90_5.txt,OUTPUT_BM2_90_5.txt,0.162969726,10,0.162931607,0.16292152,0.16296524,0.162933849,0.154304191
1891,INPUT_LN1_90_5.txt,OUTPUT_GUT_90_5.txt,0.782792953,10,0.782804947,0.782821048,0.782821086,0.782778017,0.870664074
1892,INPUT_LN1_90_5.txt,OUTPUT_L_90_5.txt,37.2151295,10,37.21982111,37.22077258,37.22464317,37.21820264,38.67307237
1893,INPUT_LN1_90_5.txt,OUTPUT_LN1_90_5.txt,-81641,10,-81641,-81641,-81641,-81641,-90737.5
1894,INPUT_LN1_90_5.txt,OUTPUT_LN2_90_5.txt,0.540686868,10,0.54068647,0.54067733,0.540653883,0.540597056,0.572228586
1895,INPUT_LN1_90_5.txt,OUTPUT_LUNG_90_5.txt,0.448531778,10,0.448572618,0.448572346,0.448645371,0.448531249,0.253784213
1896,INPUT_LN1_90_5.txt,OUTPUT_S_90_5.txt,23.12481138,10,23.1306815,23.12434297,23.12691392,23.12795556,23.86333253
1897,INPUT_LN2_90_5.txt,OUTPUT_BM1_90_5.txt,0.179079656,10,0.179049318,0.179017221,0.178980198,0.179021595,0.170659489
1898,INPUT_LN2_90_5.txt,OUTPUT_BM2_90_5.txt,0.014859494,10,0.014855792,0.014854472,0.014857817,0.01485264,0.015336165
1899,INPUT_LN2_90_5.txt,OUTPUT_GUT_90_5.txt,0.205778946,10,0.205788536,0.205785558,0.2057199,0.205675887,0.214968283
1900,INPUT_LN2_90_5.txt,OUTPUT_L_90_5.txt,4.879706673,10,4.880156611,4.880123515,4.880182185,4.878798802,5.155220271
1901,INPUT_LN2_90_5.txt,OUTPUT_LN1_90_5.txt,0.133464278,10,0.133464143,0.133461039,0.133453076,0.133433781,0.014736398
1902,INPUT_LN2_90_5.txt,OUTPUT_LN2_90_5.txt,-496015.5,10,-496016,-496027.5,-496057,-496128.5,-551019.5
1903,INPUT_LN2_90_5.txt,OUTPUT_LUNG_90_5.txt,0.071486842,10,0.071490495,0.071488785,0.071491984,0.071470366,0.059684178
1904,INPUT_LN2_90_5.txt,OUTPUT_S_90_5.txt,3.683227012,10,3.683925051,3.683076273,3.683150119,3.682708777,3.904181849
1905,INPUT_LUNG_90_5.txt,OUTPUT_BM1_90_5.txt,13.04368028,10,13.04155338,13.04164408,13.03824092,13.04354361,13.25652275
1906,INPUT_LUNG_90_5.txt,OUTPUT_BM2_90_5.txt,0.012369991,10,0.012366285,0.012365444,0.01236717,0.012367055,0.013682582
1907,INPUT_LUNG_90_5.txt,OUTPUT_GUT_90_5.txt,0.604847455,10,0.604801133,0.604804184,0.604534193,0.604716674,0.584185796
1908,INPUT_LUNG_90_5.txt,OUTPUT_L_90_5.txt,9.609751357,10,9.608938949,9.609006725,9.607103431,9.610004811,9.9441726
1909,INPUT_LUNG_90_5.txt,OUTPUT_LN1_90_5.txt,0.058894352,10,0.05889181,0.058891766,0.058882784,0.058894476,0.075594935
1910,INPUT_LUNG_90_5.txt,OUTPUT_LN2_90_5.txt,0.526316533,10,0.526293596,0.526316896,0.526296784,0.526550266,0.479794097
1911,INPUT_LUNG_90_5.txt,OUTPUT_LUNG_90_5.txt,-719356,10,-719388.5,-719389,-719498.5,-719354.5,-799759.5
1912,INPUT_LUNG_90_5.txt,OUTPUT_S_90_5.txt,7.159714285,10,7.15997184,7.158775396,7.157696358,7.160236844,6.749502526
1913,INPUT_S_90_5.txt,OUTPUT_BM1_90_5.txt,0.054079928,10,0.054060305,0.054062819,0.054050147,0.054069127,0.048520854
1914,INPUT_S_90_5.txt,OUTPUT_BM2_90_5.txt,0.580888044,10,0.580704365,0.580808679,0.580837024,0.580760955,0.582665118
1915,INPUT_S_90_5.txt,OUTPUT_GUT_90_5.txt,0.249508855,10,0.24945306,0.24950532,0.249431813,0.249444991,0.24567049
1916,INPUT_S_90_5.txt,OUTPUT_L_90_5.txt,121.4622973,10,121.4741734,121.5033888,121.5211992,121.4727883,115.9148233
1917,INPUT_S_90_5.txt,OUTPUT_LN1_90_5.txt,0.032679903,10,0.032673677,0.032680421,0.032677685,0.032676577,0.02960489
1918,INPUT_S_90_5.txt,OUTPUT_LN2_90_5.txt,0.306065119,10,0.306006258,0.306075576,0.306063585,0.306086826,0.286482883
1919,INPUT_S_90_5.txt,OUTPUT_LUNG_90_5.txt,0.057387457,10,0.057381889,0.057393827,0.057406189,0.057381627,0.054205795
1920,INPUT_S_90_5.txt,OUTPUT_S_90_5.txt,-693202.5,10,-693334.5,-693191.5,-693249.5,-693273,-769595.5
1921,INPUT_BM1_90_5.txt,OUTPUT_BM1_90_5.txt,-872959,11,-873203,-872631.5,-872914,-872907.5,-969387.5
1922,INPUT_BM1_90_5.txt,OUTPUT_BM2_90_5.txt,4.868084681,11,4.870922727,4.870993815,4.870802095,4.869062513,4.52708006
1923,INPUT_BM1_90_5.txt,OUTPUT_GUT_90_5.txt,NA,11,NA,NA,NA,NA,NA
1924,INPUT_BM1_90_5.txt,OUTPUT_L_90_5.txt,39.35636311,11,39.37651313,39.39216709,39.3614891,39.37058741,41.97450748
1925,INPUT_BM1_90_5.txt,OUTPUT_LN1_90_5.txt,0.05947295,11,0.059442372,0.059522275,0.059455557,0.059472668,0.057012223
1926,INPUT_BM1_90_5.txt,OUTPUT_LN2_90_5.txt,0.541515746,11,0.541448568,0.54168656,0.541529033,0.541586372,0.579838675
1927,INPUT_BM1_90_5.txt,OUTPUT_LUNG_90_5.txt,0.020454704,11,0.020442549,0.020460411,0.020450433,0.020452093,0.019160345
1928,INPUT_BM1_90_5.txt,OUTPUT_S_90_5.txt,2.145488774,11,2.146030803,2.146822418,2.146657943,2.147229926,1.984266949
1929,INPUT_BM2_90_5.txt,OUTPUT_BM1_90_5.txt,9.51082139,11,9.51207278,9.502703508,9.507481321,9.509046477,9.097899538
1930,INPUT_BM2_90_5.txt,OUTPUT_BM2_90_5.txt,-1000909,11,-1001340,-1001018.5,-1001161.5,-1000979.5,-1112507.5
1931,INPUT_BM2_90_5.txt,OUTPUT_GUT_90_5.txt,NA,11,NA,NA,NA,NA,NA
1932,INPUT_BM2_90_5.txt,OUTPUT_L_90_5.txt,3.92570354,11,3.927157628,3.927676569,3.925031818,3.926735424,4.500588327
1933,INPUT_BM2_90_5.txt,OUTPUT_LN1_90_5.txt,0.024939597,11,0.024923045,0.024948094,0.024924786,0.024936253,0.027141214
1934,INPUT_BM2_90_5.txt,OUTPUT_LN2_90_5.txt,0.593687966,11,0.59339418,0.593276708,0.593544307,0.593551366,0.557176389
1935,INPUT_BM2_90_5.txt,OUTPUT_LUNG_90_5.txt,0.085951089,11,0.085886803,0.085933314,0.085906767,0.085928906,0.086537003
1936,INPUT_BM2_90_5.txt,OUTPUT_S_90_5.txt,0.811317836,11,0.811400827,0.811432647,0.811515754,0.811873458,0.948216166
1937,INPUT_GUT_90_5.txt,OUTPUT_BM1_90_5.txt,NA,11,NA,NA,NA,NA,NA
1938,INPUT_GUT_90_5.txt,OUTPUT_BM2_90_5.txt,NA,11,NA,NA,NA,NA,NA
1939,INPUT_GUT_90_5.txt,OUTPUT_GUT_90_5.txt,NA,11,NA,NA,NA,NA,NA
1940,INPUT_GUT_90_5.txt,OUTPUT_L_90_5.txt,NA,11,NA,NA,NA,NA,NA
1941,INPUT_GUT_90_5.txt,OUTPUT_LN1_90_5.txt,NA,11,NA,NA,NA,NA,NA
1942,INPUT_GUT_90_5.txt,OUTPUT_LN2_90_5.txt,NA,11,NA,NA,NA,NA,NA
1943,INPUT_GUT_90_5.txt,OUTPUT_LUNG_90_5.txt,NA,11,NA,NA,NA,NA,NA
1944,INPUT_GUT_90_5.txt,OUTPUT_S_90_5.txt,NA,11,NA,NA,NA,NA,NA
1945,INPUT_L_90_5.txt,OUTPUT_BM1_90_5.txt,3.688235506,11,3.688892818,3.684376125,3.68778165,3.687169782,3.541106727
1946,INPUT_L_90_5.txt,OUTPUT_BM2_90_5.txt,2.15150121,11,2.152538414,2.151345668,2.152549377,2.151440118,2.06071293
1947,INPUT_L_90_5.txt,OUTPUT_GUT_90_5.txt,NA,11,NA,NA,NA,NA,NA
1948,INPUT_L_90_5.txt,OUTPUT_L_90_5.txt,-626188,11,-626425,-626368,-626200,-626293,-695852
1949,INPUT_L_90_5.txt,OUTPUT_LN1_90_5.txt,0.034439473,11,0.034418456,0.03444497,0.034427114,0.034431523,0.031213364
1950,INPUT_L_90_5.txt,OUTPUT_LN2_90_5.txt,0.830003447,11,0.829805852,0.829629985,0.829930833,0.829906004,0.471063033
1951,INPUT_L_90_5.txt,OUTPUT_LUNG_90_5.txt,0.06526542,11,0.065219526,0.065240073,0.06524662,0.065241959,0.078437884
1952,INPUT_L_90_5.txt,OUTPUT_S_90_5.txt,2.925343812,11,2.925797886,2.92524258,2.926740902,2.927064553,2.921639806
1953,INPUT_LN1_90_5.txt,OUTPUT_BM1_90_5.txt,19.5161173,11,19.52516904,19.50342758,19.5158438,19.51461409,18.15843157
1954,INPUT_LN1_90_5.txt,OUTPUT_BM2_90_5.txt,6.197153705,11,6.20266691,6.197306138,6.20088359,6.198117276,5.664267166
1955,INPUT_LN1_90_5.txt,OUTPUT_GUT_90_5.txt,NA,11,NA,NA,NA,NA,NA
1956,INPUT_LN1_90_5.txt,OUTPUT_L_90_5.txt,15.56497973,11,15.57529677,15.57086445,15.5669741,15.56918038,14.42417043
1957,INPUT_LN1_90_5.txt,OUTPUT_LN1_90_5.txt,-405791,11,-405745.5,-405878.5,-405724.5,-405778.5,-450978
1958,INPUT_LN1_90_5.txt,OUTPUT_LN2_90_5.txt,1.630105062,11,1.630601794,1.629769791,1.630321695,1.630343269,1.566707716
1959,INPUT_LN1_90_5.txt,OUTPUT_LUNG_90_5.txt,12.92263128,11,12.92809396,12.92040609,12.92757898,12.92556502,13.11495948
1960,INPUT_LN1_90_5.txt,OUTPUT_S_90_5.txt,1.913931406,11,1.915118865,1.914014872,1.915143914,1.915391688,1.741481238
1961,INPUT_LN2_90_5.txt,OUTPUT_BM1_90_5.txt,2.780214592,11,2.781960261,2.779623906,2.779875856,2.78037838,2.70675992
1962,INPUT_LN2_90_5.txt,OUTPUT_BM2_90_5.txt,12.73421712,11,12.74348264,12.74262004,12.73669258,12.73869107,12.48315654
1963,INPUT_LN2_90_5.txt,OUTPUT_GUT_90_5.txt,NA,11,NA,NA,NA,NA,NA
1964,INPUT_LN2_90_5.txt,OUTPUT_L_90_5.txt,2.52470545,11,2.534856451,2.535025939,2.532686852,2.525542373,2.391776433
1965,INPUT_LN2_90_5.txt,OUTPUT_LN1_90_5.txt,0.062894824,11,0.062886049,0.062949982,0.06287217,0.062899537,0.059314815
1966,INPUT_LN2_90_5.txt,OUTPUT_LN2_90_5.txt,-487996.5,11,-487951.5,-487787,-488006.5,-487929,-542035
1967,INPUT_LN2_90_5.txt,OUTPUT_LUNG_90_5.txt,0.050496547,11,0.050484532,0.050513839,0.050481107,0.050493282,0.051787874
1968,INPUT_LN2_90_5.txt,OUTPUT_S_90_5.txt,0.963876261,11,0.964469788,0.964529686,0.964310913,0.964716614,0.893919425
1969,INPUT_LUNG_90_5.txt,OUTPUT_BM1_90_5.txt,1.740394416,11,1.741565001,1.739296629,1.740459021,1.740381791,1.89567646
1970,INPUT_LUNG_90_5.txt,OUTPUT_BM2_90_5.txt,2.427172542,11,2.429408756,2.427759994,2.428562568,2.427718794,2.454465103
1971,INPUT_LUNG_90_5.txt,OUTPUT_GUT_90_5.txt,NA,11,NA,NA,NA,NA,NA
1972,INPUT_LUNG_90_5.txt,OUTPUT_L_90_5.txt,3.285492872,11,3.290426564,3.289450127,3.288275797,3.286637289,3.083622733
1973,INPUT_LUNG_90_5.txt,OUTPUT_LN1_90_5.txt,0.090442771,11,0.090436628,0.090486809,0.090424572,0.090445709,0.088277165
1974,INPUT_LUNG_90_5.txt,OUTPUT_LN2_90_5.txt,1.814941791,11,1.815101425,1.813900225,1.815222651,1.814783147,1.765320825
1975,INPUT_LUNG_90_5.txt,OUTPUT_LUNG_90_5.txt,-472936,11,-472861,-472913,-472874,-472891.5,-525165.5
1976,INPUT_LUNG_90_5.txt,OUTPUT_S_90_5.txt,0.757247332,11,0.757754669,0.757466236,0.75770532,0.757868142,0.733037623
1977,INPUT_S_90_5.txt,OUTPUT_BM1_90_5.txt,13.74194271,11,13.74594899,13.72959857,13.73685425,13.73475094,12.62124404
1978,INPUT_S_90_5.txt,OUTPUT_BM2_90_5.txt,6.690568282,11,6.694596356,6.691242623,6.692261566,6.688902859,6.12520753
1979,INPUT_S_90_5.txt,OUTPUT_GUT_90_5.txt,NA,11,NA,NA,NA,NA,NA
1980,INPUT_S_90_5.txt,OUTPUT_L_90_5.txt,12.81798094,11,12.83426104,12.83348093,12.82506706,12.81699949,12.04583154
1981,INPUT_S_90_5.txt,OUTPUT_LN1_90_5.txt,0.062677782,11,0.06264636,0.0626985,0.062640553,0.062650065,0.058841193
1982,INPUT_S_90_5.txt,OUTPUT_LN2_90_5.txt,0.562677178,11,0.56268415,0.562726941,0.562504501,0.562569176,0.569478525
1983,INPUT_S_90_5.txt,OUTPUT_LUNG_90_5.txt,0.044032967,11,0.044008256,0.044023478,0.044011183,0.0440086,0.040516943
1984,INPUT_S_90_5.txt,OUTPUT_S_90_5.txt,-530055,11,-530196,-530121.5,-530186.5,-530255.5,-589191
1985,INPUT_BM1_90_5.txt,OUTPUT_BM1_90_5.txt,-765856.5,12,-765749.5,-765635.5,-765546,-766022,-850661.5
1986,INPUT_BM1_90_5.txt,OUTPUT_BM2_90_5.txt,20.7102887,12,20.70914291,20.70339406,20.71568605,20.6912989,19.77769028
1987,INPUT_BM1_90_5.txt,OUTPUT_GUT_90_5.txt,NA,12,NA,NA,NA,NA,NA
1988,INPUT_BM1_90_5.txt,OUTPUT_L_90_5.txt,1.275626271,12,1.275195065,1.27593929,1.276938738,1.275894201,1.319132226
1989,INPUT_BM1_90_5.txt,OUTPUT_LN1_90_5.txt,0.021457017,12,0.021459973,0.021462704,0.021464602,0.021459194,0.023551581
1990,INPUT_BM1_90_5.txt,OUTPUT_LN2_90_5.txt,0.179826464,12,0.179856587,0.179875251,0.179794219,0.179790776,0.170056187
1991,INPUT_BM1_90_5.txt,OUTPUT_LUNG_90_5.txt,0.233946943,12,0.23392679,0.2340218,0.233949171,0.233940357,0.23232644
1992,INPUT_BM1_90_5.txt,OUTPUT_S_90_5.txt,NA,12,NA,NA,NA,NA,NA
1993,INPUT_BM1_90_5.txt,OUTPUT_SKIN1_90_5.txt,2.8093161,12,2.808591252,2.810292524,2.809712485,2.808287877,2.844458177
1994,INPUT_BM1_90_5.txt,OUTPUT_SKIN10_90_5.txt,0.246782858,12,0.246796791,0.246846305,0.246905942,0.247004243,0.241912208
1995,INPUT_BM1_90_5.txt,OUTPUT_SKIN11_90_5.txt,0.368922382,12,0.368991994,0.369080044,0.369109241,0.368793028,0.346019698
1996,INPUT_BM1_90_5.txt,OUTPUT_SKIN12_90_5.txt,0.052998253,12,0.053029931,0.053022295,0.05304192,0.05301185,0.059877806
1997,INPUT_BM1_90_5.txt,OUTPUT_SKIN2_90_5.txt,0.198012143,12,0.198153775,0.198085472,0.198315699,0.198031932,0.196075716
1998,INPUT_BM1_90_5.txt,OUTPUT_SKIN3_90_5.txt,0.113394747,12,0.113391519,0.11343419,0.113445782,0.113394875,0.111362407
1999,INPUT_BM1_90_5.txt,OUTPUT_SKIN4_90_5.txt,0.014342735,12,0.014344383,0.014349486,0.014351164,0.01434194,0.016358728
2000,INPUT_BM1_90_5.txt,OUTPUT_SKIN5_90_5.txt,0.260898917,12,0.260946353,0.260947422,0.261052785,0.260907697,0.261899186
2001,INPUT_BM1_90_5.txt,OUTPUT_SKIN6_90_5.txt,0.605544213,12,0.606096513,0.606346164,0.605988333,0.605613157,0.571724051
2002,INPUT_BM1_90_5.txt,OUTPUT_SKIN7_90_5.txt,0.015129964,12,0.015132854,0.015134574,0.015133034,0.015123317,0.023760954
2003,INPUT_BM1_90_5.txt,OUTPUT_SKIN8_90_5.txt,0.066554238,12,0.066563557,0.066574123,0.066581616,0.066540489,0.063123051
2004,INPUT_BM1_90_5.txt,OUTPUT_SKIN9_90_5.txt,0.230336394,12,0.230476178,0.230419209,0.230506774,0.230445282,0.239354829
2005,INPUT_BM2_90_5.txt,OUTPUT_BM1_90_5.txt,2.705165529,12,2.704672103,2.704443687,2.703176493,2.707267199,2.439433166
2006,INPUT_BM2_90_5.txt,OUTPUT_BM2_90_5.txt,-876378.5,12,-876293.5,-876106.5,-876313,-876075.5,-973464.5
2007,INPUT_BM2_90_5.txt,OUTPUT_GUT_90_5.txt,NA,12,NA,NA,NA,NA,NA
2008,INPUT_BM2_90_5.txt,OUTPUT_L_90_5.txt,2.453755702,12,2.452822769,2.454408508,2.455465858,2.455642441,2.227892847
2009,INPUT_BM2_90_5.txt,OUTPUT_LN1_90_5.txt,0.013345965,12,0.01334723,0.013349791,0.013346255,0.013354871,0.014385961
2010,INPUT_BM2_90_5.txt,OUTPUT_LN2_90_5.txt,0.105062264,12,0.105075346,0.105093022,0.105008619,0.105100578,0.097558948
2011,INPUT_BM2_90_5.txt,OUTPUT_LUNG_90_5.txt,0.123274899,12,0.12324791,0.123326894,0.123233588,0.123324717,0.127554269
2012,INPUT_BM2_90_5.txt,OUTPUT_S_90_5.txt,NA,12,NA,NA,NA,NA,NA
2013,INPUT_BM2_90_5.txt,OUTPUT_SKIN1_90_5.txt,1.205820389,12,1.205462275,1.206259109,1.205582427,1.206072731,1.172088138
2014,INPUT_BM2_90_5.txt,OUTPUT_SKIN10_90_5.txt,0.13154582,12,0.131547466,0.131582308,0.131567566,0.13174449,0.133372448
2015,INPUT_BM2_90_5.txt,OUTPUT_SKIN11_90_5.txt,0.149544383,12,0.149567566,0.149611163,0.149571835,0.149578445,0.14499441
2016,INPUT_BM2_90_5.txt,OUTPUT_SKIN12_90_5.txt,0.052042136,12,0.052073598,0.052068585,0.052063939,0.052078856,0.049891259
2017,INPUT_BM2_90_5.txt,OUTPUT_SKIN2_90_5.txt,0.113152673,12,0.113224487,0.113193401,0.113274217,0.113228037,0.112347676
2018,INPUT_BM2_90_5.txt,OUTPUT_SKIN3_90_5.txt,0.075871958,12,0.075867653,0.075898904,0.075880159,0.075913712,0.080741623
2019,INPUT_BM2_90_5.txt,OUTPUT_SKIN4_90_5.txt,0.021361457,12,0.021363022,0.021371809,0.021366769,0.021372136,0.022304445
2020,INPUT_BM2_90_5.txt,OUTPUT_SKIN5_90_5.txt,0.145419464,12,0.14544097,0.145453874,0.145461656,0.145498615,0.151188642
2021,INPUT_BM2_90_5.txt,OUTPUT_SKIN6_90_5.txt,0.458384785,12,0.458782767,0.459001127,0.458568375,0.458695381,0.440978742
2022,INPUT_BM2_90_5.txt,OUTPUT_SKIN7_90_5.txt,0.017845689,12,0.017848335,0.017851521,0.017843395,0.017847872,0.019498839
2023,INPUT_BM2_90_5.txt,OUTPUT_SKIN8_90_5.txt,0.070828546,12,0.070835434,0.070850013,0.070833447,0.070852673,0.073274307
2024,INPUT_BM2_90_5.txt,OUTPUT_SKIN9_90_5.txt,0.17840895,12,0.178508218,0.178477019,0.178481268,0.178592024,0.183587817
2025,INPUT_GUT_90_5.txt,OUTPUT_BM1_90_5.txt,NA,12,NA,NA,NA,NA,NA
2026,INPUT_GUT_90_5.txt,OUTPUT_BM2_90_5.txt,NA,12,NA,NA,NA,NA,NA
2027,INPUT_GUT_90_5.txt,OUTPUT_GUT_90_5.txt,NA,12,NA,NA,NA,NA,NA
2028,INPUT_GUT_90_5.txt,OUTPUT_L_90_5.txt,NA,12,NA,NA,NA,NA,NA
2029,INPUT_GUT_90_5.txt,OUTPUT_LN1_90_5.txt,NA,12,NA,NA,NA,NA,NA
2030,INPUT_GUT_90_5.txt,OUTPUT_LN2_90_5.txt,NA,12,NA,NA,NA,NA,NA
2031,INPUT_GUT_90_5.txt,OUTPUT_LUNG_90_5.txt,NA,12,NA,NA,NA,NA,NA
2032,INPUT_GUT_90_5.txt,OUTPUT_S_90_5.txt,NA,12,NA,NA,NA,NA,NA
2033,INPUT_GUT_90_5.txt,OUTPUT_SKIN1_90_5.txt,NA,12,NA,NA,NA,NA,NA
2034,INPUT_GUT_90_5.txt,OUTPUT_SKIN10_90_5.txt,NA,12,NA,NA,NA,NA,NA
2035,INPUT_GUT_90_5.txt,OUTPUT_SKIN11_90_5.txt,NA,12,NA,NA,NA,NA,NA
2036,INPUT_GUT_90_5.txt,OUTPUT_SKIN12_90_5.txt,NA,12,NA,NA,NA,NA,NA
2037,INPUT_GUT_90_5.txt,OUTPUT_SKIN2_90_5.txt,NA,12,NA,NA,NA,NA,NA
2038,INPUT_GUT_90_5.txt,OUTPUT_SKIN3_90_5.txt,NA,12,NA,NA,NA,NA,NA
2039,INPUT_GUT_90_5.txt,OUTPUT_SKIN4_90_5.txt,NA,12,NA,NA,NA,NA,NA
2040,INPUT_GUT_90_5.txt,OUTPUT_SKIN5_90_5.txt,NA,12,NA,NA,NA,NA,NA
2041,INPUT_GUT_90_5.txt,OUTPUT_SKIN6_90_5.txt,NA,12,NA,NA,NA,NA,NA
2042,INPUT_GUT_90_5.txt,OUTPUT_SKIN7_90_5.txt,NA,12,NA,NA,NA,NA,NA
2043,INPUT_GUT_90_5.txt,OUTPUT_SKIN8_90_5.txt,NA,12,NA,NA,NA,NA,NA
2044,INPUT_GUT_90_5.txt,OUTPUT_SKIN9_90_5.txt,NA,12,NA,NA,NA,NA,NA
2045,INPUT_L_90_5.txt,OUTPUT_BM1_90_5.txt,4.468942931,12,4.468764815,4.466451403,4.463905172,4.469922492,4.205988998
2046,INPUT_L_90_5.txt,OUTPUT_BM2_90_5.txt,29.75699643,12,29.75855156,29.73853417,29.7423968,29.7288138,27.93325751
2047,INPUT_L_90_5.txt,OUTPUT_GUT_90_5.txt,NA,12,NA,NA,NA,NA,NA
2048,INPUT_L_90_5.txt,OUTPUT_L_90_5.txt,-772256,12,-772071.5,-772239.5,-772497,-772420.5,-858684
2049,INPUT_L_90_5.txt,OUTPUT_LN1_90_5.txt,0.032815382,12,0.032822874,0.032815146,0.032802535,0.032823607,0.031891977
2050,INPUT_L_90_5.txt,OUTPUT_LN2_90_5.txt,0.218671456,12,0.218729913,0.218672157,0.218474772,0.21862867,0.20107576
2051,INPUT_L_90_5.txt,OUTPUT_LUNG_90_5.txt,0.158072219,12,0.158113505,0.158175677,0.158008932,0.158039928,0.151892099
2052,INPUT_L_90_5.txt,OUTPUT_S_90_5.txt,NA,12,NA,NA,NA,NA,NA
2053,INPUT_L_90_5.txt,OUTPUT_SKIN1_90_5.txt,1.794673714,12,1.794396492,1.794801351,1.793604659,1.794025901,1.707916144
2054,INPUT_L_90_5.txt,OUTPUT_SKIN10_90_5.txt,0.022011356,12,0.022014552,0.022010982,0.022006731,0.022033163,0.020228123
2055,INPUT_L_90_5.txt,OUTPUT_SKIN11_90_5.txt,0.207326507,12,0.20738797,0.207358933,0.207282962,0.207256267,0.194694442
2056,INPUT_L_90_5.txt,OUTPUT_SKIN12_90_5.txt,0.152876556,12,0.153007128,0.15292306,0.152845978,0.152845899,0.151756426
2057,INPUT_L_90_5.txt,OUTPUT_SKIN2_90_5.txt,0.163743924,12,0.163922892,0.163738137,0.16387599,0.163744506,0.158556313
2058,INPUT_L_90_5.txt,OUTPUT_SKIN3_90_5.txt,0.130449839,12,0.130422478,0.130476804,0.130410858,0.130435895,0.124055381
2059,INPUT_L_90_5.txt,OUTPUT_SKIN4_90_5.txt,0.017139587,12,0.017143224,0.017143319,0.0171376,0.017138909,0.015900253
2060,INPUT_L_90_5.txt,OUTPUT_SKIN5_90_5.txt,0.353360369,12,0.353460392,0.353345507,0.353316008,0.353337476,0.342569774
2061,INPUT_L_90_5.txt,OUTPUT_SKIN6_90_5.txt,0.393810092,12,0.394209287,0.394226808,0.393815356,0.393856476,0.363588132
2062,INPUT_L_90_5.txt,OUTPUT_SKIN7_90_5.txt,0.013281054,12,0.01328491,0.01328155,0.013274215,0.013275259,0.012516115
2063,INPUT_L_90_5.txt,OUTPUT_SKIN8_90_5.txt,0.013483276,12,0.013486499,0.013483611,0.013479199,0.013480282,0.0125433
2064,INPUT_L_90_5.txt,OUTPUT_SKIN9_90_5.txt,0.051155528,12,0.051192651,0.051160158,0.051156875,0.051181567,0.046799648
2065,INPUT_LN1_90_5.txt,OUTPUT_BM1_90_5.txt,1.27367288,12,1.273420982,1.273156529,1.27297311,1.273767725,1.454323017
2066,INPUT_LN1_90_5.txt,OUTPUT_BM2_90_5.txt,1.136161892,12,1.136001137,1.135641454,1.136079192,1.135291309,1.305800334
2067,INPUT_LN1_90_5.txt,OUTPUT_GUT_90_5.txt,NA,12,NA,NA,NA,NA,NA
2068,INPUT_LN1_90_5.txt,OUTPUT_L_90_5.txt,1.798971664,12,1.798461656,1.79895148,1.799723759,1.799000082,1.819988628
2069,INPUT_LN1_90_5.txt,OUTPUT_LN1_90_5.txt,-517764.5,12,-517761.5,-517757,-517743.5,-517887.5,-575501
2070,INPUT_LN1_90_5.txt,OUTPUT_LN2_90_5.txt,0.346277237,12,0.346288275,0.346276255,0.346098113,0.346200728,0.442883871
2071,INPUT_LN1_90_5.txt,OUTPUT_LUNG_90_5.txt,0.415367237,12,0.415392174,0.415646898,0.415388915,0.415268662,0.404599927
2072,INPUT_LN1_90_5.txt,OUTPUT_S_90_5.txt,NA,12,NA,NA,NA,NA,NA
2073,INPUT_LN1_90_5.txt,OUTPUT_SKIN1_90_5.txt,1.564926799,12,1.564491542,1.565012028,1.564682698,1.564387497,1.60036482
2074,INPUT_LN1_90_5.txt,OUTPUT_SKIN10_90_5.txt,0.191406576,12,0.191389692,0.191401999,0.191433937,0.191592201,0.211978886
2075,INPUT_LN1_90_5.txt,OUTPUT_SKIN11_90_5.txt,0.249019791,12,0.249029486,0.249056478,0.249055632,0.248930123,0.268678395
2076,INPUT_LN1_90_5.txt,OUTPUT_SKIN12_90_5.txt,0.125825156,12,0.125888212,0.125850992,0.125878188,0.125845951,0.125649059
2077,INPUT_LN1_90_5.txt,OUTPUT_SKIN2_90_5.txt,0.350797151,12,0.351125373,0.350771592,0.351229488,0.350780543,0.37687443
2078,INPUT_LN1_90_5.txt,OUTPUT_SKIN3_90_5.txt,0.210920854,12,0.210822023,0.210967658,0.210935118,0.210893609,0.212719203
2079,INPUT_LN1_90_5.txt,OUTPUT_SKIN4_90_5.txt,0.035937065,12,0.035936304,0.035944678,0.035945616,0.035934793,0.033857151
2080,INPUT_LN1_90_5.txt,OUTPUT_SKIN5_90_5.txt,0.50374179,12,0.503766256,0.503703079,0.503873932,0.503712241,0.489985242
2081,INPUT_LN1_90_5.txt,OUTPUT_SKIN6_90_5.txt,0.609395752,12,0.609819732,0.6099677,0.609598566,0.609429908,0.55431091
2082,INPUT_LN1_90_5.txt,OUTPUT_SKIN7_90_5.txt,0.022498051,12,0.022499328,0.022498747,0.022494375,0.022487668,0.021377949
2083,INPUT_LN1_90_5.txt,OUTPUT_SKIN8_90_5.txt,0.058709128,12,0.058709468,0.058710399,0.058712162,0.058694936,0.060721051
2084,INPUT_LN1_90_5.txt,OUTPUT_SKIN9_90_5.txt,0.139738804,12,0.13980854,0.139750533,0.139792316,0.139808041,0.150515836
2085,INPUT_LN2_90_5.txt,OUTPUT_BM1_90_5.txt,3.711542208,12,3.710510882,3.709535529,3.709639383,3.713038213,3.619713348
2086,INPUT_LN2_90_5.txt,OUTPUT_BM2_90_5.txt,6.900022282,12,6.898726437,6.896162641,6.900683524,6.89561816,6.607234937
2087,INPUT_LN2_90_5.txt,OUTPUT_GUT_90_5.txt,NA,12,NA,NA,NA,NA,NA
2088,INPUT_LN2_90_5.txt,OUTPUT_L_90_5.txt,2.989481522,12,2.988076922,2.989383656,2.992054158,2.990676331,3.18045937
2089,INPUT_LN2_90_5.txt,OUTPUT_LN1_90_5.txt,0.038564463,12,0.038563446,0.038563591,0.038572331,0.038584177,0.046355433
2090,INPUT_LN2_90_5.txt,OUTPUT_LN2_90_5.txt,-439349.5,12,-439355.5,-439345.5,-439221,-439353.5,-488269.5
2091,INPUT_LN2_90_5.txt,OUTPUT_LUNG_90_5.txt,0.588873818,12,0.588952807,0.589345621,0.589036837,0.58895586,0.577905892
2092,INPUT_LN2_90_5.txt,OUTPUT_S_90_5.txt,NA,12,NA,NA,NA,NA,NA
2093,INPUT_LN2_90_5.txt,OUTPUT_SKIN1_90_5.txt,3.68709715,12,3.685645267,3.687313859,3.687163943,3.686562091,3.767114178
2094,INPUT_LN2_90_5.txt,OUTPUT_SKIN10_90_5.txt,0.201603051,12,0.201581354,0.201597151,0.201683074,0.201841584,0.223407039
2095,INPUT_LN2_90_5.txt,OUTPUT_SKIN11_90_5.txt,0.299768477,12,0.299784961,0.299811155,0.299887807,0.299729089,0.328104298
2096,INPUT_LN2_90_5.txt,OUTPUT_SKIN12_90_5.txt,0.09348622,12,0.093532193,0.093505364,0.093550766,0.093525071,0.095898442
2097,INPUT_LN2_90_5.txt,OUTPUT_SKIN2_90_5.txt,0.45489415,12,0.455304561,0.454868861,0.455577708,0.454998994,0.442100589
2098,INPUT_LN2_90_5.txt,OUTPUT_SKIN3_90_5.txt,0.248855457,12,0.248732472,0.248909212,0.248936417,0.248886137,0.248009378
2099,INPUT_LN2_90_5.txt,OUTPUT_SKIN4_90_5.txt,0.030093629,12,0.030092378,0.03010004,0.030108579,0.030098781,0.028659602
2100,INPUT_LN2_90_5.txt,OUTPUT_SKIN5_90_5.txt,0.965190667,12,0.965204922,0.965090773,0.965659406,0.965386479,0.746627957
2101,INPUT_LN2_90_5.txt,OUTPUT_SKIN6_90_5.txt,0.882371098,12,0.883042962,0.883294709,0.882914737,0.882655797,0.953949666
2102,INPUT_LN2_90_5.txt,OUTPUT_SKIN7_90_5.txt,0.035368327,12,0.035369729,0.035369233,0.035371235,0.035359805,0.03601169
2103,INPUT_LN2_90_5.txt,OUTPUT_SKIN8_90_5.txt,0.078364233,12,0.078363161,0.078365595,0.078388114,0.078363301,0.085869806
2104,INPUT_LN2_90_5.txt,OUTPUT_SKIN9_90_5.txt,0.356467299,12,0.356636551,0.356495199,0.356693652,0.356722969,0.378025281
2105,INPUT_LUNG_90_5.txt,OUTPUT_BM1_90_5.txt,3.485990176,12,3.485877576,3.484642513,3.486211168,3.48573509,3.519563052
2106,INPUT_LUNG_90_5.txt,OUTPUT_BM2_90_5.txt,3.827537032,12,3.827458708,3.826268608,3.827654931,3.827815445,3.878471243
2107,INPUT_LUNG_90_5.txt,OUTPUT_GUT_90_5.txt,NA,12,NA,NA,NA,NA,NA
2108,INPUT_LUNG_90_5.txt,OUTPUT_L_90_5.txt,3.093462112,12,3.093272341,3.092143722,3.093521535,3.093352218,3.106522325
2109,INPUT_LUNG_90_5.txt,OUTPUT_LN1_90_5.txt,0.051280182,12,0.051278266,0.051258316,0.051276285,0.051302248,0.046780196
2110,INPUT_LUNG_90_5.txt,OUTPUT_LN2_90_5.txt,8.859945966,12,8.859388039,8.856154293,8.863862773,8.859506382,8.973786075
2111,INPUT_LUNG_90_5.txt,OUTPUT_LUNG_90_5.txt,-971992.5,12,-972018,-972380,-971988.5,-972036.5,-1080288
2112,INPUT_LUNG_90_5.txt,OUTPUT_S_90_5.txt,NA,12,NA,NA,NA,NA,NA
2113,INPUT_LUNG_90_5.txt,OUTPUT_SKIN1_90_5.txt,6.051273624,12,6.052093597,6.048541306,6.052078073,6.051428395,6.103110649
2114,INPUT_LUNG_90_5.txt,OUTPUT_SKIN10_90_5.txt,124.2479992,12,124.2242047,124.1737311,124.2057836,124.3431227,125.9518213
2115,INPUT_LUNG_90_5.txt,OUTPUT_SKIN11_90_5.txt,46.6491188,12,46.64347497,46.61026337,46.63814423,46.66274808,47.27921813
2116,INPUT_LUNG_90_5.txt,OUTPUT_SKIN12_90_5.txt,0.995406992,12,0.995810792,0.995138193,0.995954868,0.99601381,0.908693679
2117,INPUT_LUNG_90_5.txt,OUTPUT_SKIN2_90_5.txt,10.57254975,12,10.5822166,10.56758604,10.58544394,10.57472499,9.778570277
2118,INPUT_LUNG_90_5.txt,OUTPUT_SKIN3_90_5.txt,139.8895327,12,139.8610742,139.8797181,139.947811,139.9091369,140.9369302
2119,INPUT_LUNG_90_5.txt,OUTPUT_SKIN4_90_5.txt,20.49946533,12,20.4896925,20.48932209,20.50738087,20.49950195,20.75837887
2120,INPUT_LUNG_90_5.txt,OUTPUT_SKIN5_90_5.txt,5.457914186,12,5.458031214,5.455344461,5.459217147,5.458652965,5.093399727
2121,INPUT_LUNG_90_5.txt,OUTPUT_SKIN6_90_5.txt,4.36695536,12,4.366291221,4.364481648,4.36679618,4.366575069,4.369433953
2122,INPUT_LUNG_90_5.txt,OUTPUT_SKIN7_90_5.txt,16.46250999,12,16.46116935,16.45812256,16.46033941,16.4613867,16.67257707
2123,INPUT_LUNG_90_5.txt,OUTPUT_SKIN8_90_5.txt,34.13481156,12,34.13563488,34.13782683,34.13719429,34.12950426,34.56245904
2124,INPUT_LUNG_90_5.txt,OUTPUT_SKIN9_90_5.txt,31.38851659,12,31.39695868,31.37155639,31.39171519,31.40177522,31.83908778
2125,INPUT_S_90_5.txt,OUTPUT_BM1_90_5.txt,NA,12,NA,NA,NA,NA,NA
2126,INPUT_S_90_5.txt,OUTPUT_BM2_90_5.txt,NA,12,NA,NA,NA,NA,NA
2127,INPUT_S_90_5.txt,OUTPUT_GUT_90_5.txt,NA,12,NA,NA,NA,NA,NA
2128,INPUT_S_90_5.txt,OUTPUT_L_90_5.txt,NA,12,NA,NA,NA,NA,NA
2129,INPUT_S_90_5.txt,OUTPUT_LN1_90_5.txt,NA,12,NA,NA,NA,NA,NA
2130,INPUT_S_90_5.txt,OUTPUT_LN2_90_5.txt,NA,12,NA,NA,NA,NA,NA
2131,INPUT_S_90_5.txt,OUTPUT_LUNG_90_5.txt,NA,12,NA,NA,NA,NA,NA
2132,INPUT_S_90_5.txt,OUTPUT_S_90_5.txt,NA,12,NA,NA,NA,NA,NA
2133,INPUT_S_90_5.txt,OUTPUT_SKIN1_90_5.txt,NA,12,NA,NA,NA,NA,NA
2134,INPUT_S_90_5.txt,OUTPUT_SKIN10_90_5.txt,NA,12,NA,NA,NA,NA,NA
2135,INPUT_S_90_5.txt,OUTPUT_SKIN11_90_5.txt,NA,12,NA,NA,NA,NA,NA
2136,INPUT_S_90_5.txt,OUTPUT_SKIN12_90_5.txt,NA,12,NA,NA,NA,NA,NA
2137,INPUT_S_90_5.txt,OUTPUT_SKIN2_90_5.txt,NA,12,NA,NA,NA,NA,NA
2138,INPUT_S_90_5.txt,OUTPUT_SKIN3_90_5.txt,NA,12,NA,NA,NA,NA,NA
2139,INPUT_S_90_5.txt,OUTPUT_SKIN4_90_5.txt,NA,12,NA,NA,NA,NA,NA
2140,INPUT_S_90_5.txt,OUTPUT_SKIN5_90_5.txt,NA,12,NA,NA,NA,NA,NA
2141,INPUT_S_90_5.txt,OUTPUT_SKIN6_90_5.txt,NA,12,NA,NA,NA,NA,NA
2142,INPUT_S_90_5.txt,OUTPUT_SKIN7_90_5.txt,NA,12,NA,NA,NA,NA,NA
2143,INPUT_S_90_5.txt,OUTPUT_SKIN8_90_5.txt,NA,12,NA,NA,NA,NA,NA
2144,INPUT_S_90_5.txt,OUTPUT_SKIN9_90_5.txt,NA,12,NA,NA,NA,NA,NA
2145,INPUT_SKIN1_90_5.txt,OUTPUT_BM1_90_5.txt,5.100422485,12,5.099944003,5.097457135,5.09705151,5.1028757,5.192573471
2146,INPUT_SKIN1_90_5.txt,OUTPUT_BM2_90_5.txt,17.34681856,12,17.34625784,17.3368462,17.34620561,17.33700883,17.71217977
2147,INPUT_SKIN1_90_5.txt,OUTPUT_GUT_90_5.txt,NA,12,NA,NA,NA,NA,NA
2148,INPUT_SKIN1_90_5.txt,OUTPUT_L_90_5.txt,1.745305121,12,1.744807286,1.745188193,1.746606273,1.746155764,1.585322824
2149,INPUT_SKIN1_90_5.txt,OUTPUT_LN1_90_5.txt,0.020745417,12,0.020749178,0.020744292,0.020746511,0.020756691,0.0186736
2150,INPUT_SKIN1_90_5.txt,OUTPUT_LN2_90_5.txt,0.071197206,12,0.07121288,0.071194105,0.071165067,0.07120342,0.186201022
2151,INPUT_SKIN1_90_5.txt,OUTPUT_LUNG_90_5.txt,0.544578033,12,0.54471915,0.544963761,0.544664625,0.544694669,0.574199539
2152,INPUT_SKIN1_90_5.txt,OUTPUT_S_90_5.txt,NA,12,NA,NA,NA,NA,NA
2153,INPUT_SKIN1_90_5.txt,OUTPUT_SKIN1_90_5.txt,-1006698,12,-1006504,-1006723.5,-1006563.5,-1006628.5,-1119024.5
2154,INPUT_SKIN1_90_5.txt,OUTPUT_SKIN10_90_5.txt,0.524966592,12,0.525021381,0.524933437,0.525091361,0.525624021,0.490996125
2155,INPUT_SKIN1_90_5.txt,OUTPUT_SKIN11_90_5.txt,0.150179324,12,0.150218414,0.150195474,0.150214901,0.150171339,0.224777111
2156,INPUT_SKIN1_90_5.txt,OUTPUT_SKIN12_90_5.txt,0.078933655,12,0.078981611,0.078942223,0.078985787,0.078988547,0.074735468
2157,INPUT_SKIN1_90_5.txt,OUTPUT_SKIN2_90_5.txt,0.485538628,12,0.486069951,0.485496375,0.486179303,0.485693514,0.489336008
2158,INPUT_SKIN1_90_5.txt,OUTPUT_SKIN3_90_5.txt,0.24806723,12,0.247998139,0.248113139,0.248108968,0.24811868,0.230819493
2159,INPUT_SKIN1_90_5.txt,OUTPUT_SKIN4_90_5.txt,0.061250344,12,0.06126057,0.061260493,0.061270247,0.061264928,0.062988506
2160,INPUT_SKIN1_90_5.txt,OUTPUT_SKIN5_90_5.txt,0.788738747,12,0.788923619,0.788648605,0.789016186,0.788931757,0.751546034
2161,INPUT_SKIN1_90_5.txt,OUTPUT_SKIN6_90_5.txt,1.202772037,12,1.203924215,1.203976766,1.20332099,1.203249764,1.231339916
2162,INPUT_SKIN1_90_5.txt,OUTPUT_SKIN7_90_5.txt,0.219515549,12,0.21956955,0.219513258,0.219501076,0.21948205,0.213062061
2163,INPUT_SKIN1_90_5.txt,OUTPUT_SKIN8_90_5.txt,0.13211769,12,0.132143271,0.132117707,0.132137686,0.132129547,0.175830499
2164,INPUT_SKIN1_90_5.txt,OUTPUT_SKIN9_90_5.txt,0.2824535,12,0.282646344,0.282465606,0.282586884,0.28267835,0.31856473
2165,INPUT_SKIN10_90_5.txt,OUTPUT_BM1_90_5.txt,1.860307965,12,1.860106774,1.859745658,1.859366482,1.859620684,1.750726009
2166,INPUT_SKIN10_90_5.txt,OUTPUT_BM2_90_5.txt,2.342702679,12,2.342612459,2.342090914,2.342419199,2.340538069,2.227192936
2167,INPUT_SKIN10_90_5.txt,OUTPUT_GUT_90_5.txt,NA,12,NA,NA,NA,NA,NA
2168,INPUT_SKIN10_90_5.txt,OUTPUT_L_90_5.txt,2.054861319,12,2.054470161,2.054858321,2.055389764,2.054040881,2.191585113
2169,INPUT_SKIN10_90_5.txt,OUTPUT_LN1_90_5.txt,0.010040072,12,0.010040434,0.010039977,0.010038736,0.010038748,0.009102845
2170,INPUT_SKIN10_90_5.txt,OUTPUT_LN2_90_5.txt,0.256346107,12,0.256365092,0.256346629,0.256188538,0.256194633,0.234549177
2171,INPUT_SKIN10_90_5.txt,OUTPUT_LUNG_90_5.txt,0.599211049,12,0.599241389,0.599636208,0.599138414,0.598866097,0.68634579
2172,INPUT_SKIN10_90_5.txt,OUTPUT_S_90_5.txt,NA,12,NA,NA,NA,NA,NA
2173,INPUT_SKIN10_90_5.txt,OUTPUT_SKIN1_90_5.txt,3.04661634,12,3.046268376,3.046760805,3.046103485,3.04454082,2.936760943
2174,INPUT_SKIN10_90_5.txt,OUTPUT_SKIN10_90_5.txt,-462087.5,12,-462065.5,-462078.5,-462111.5,-462368,-513484
2175,INPUT_SKIN10_90_5.txt,OUTPUT_SKIN11_90_5.txt,0.326925269,12,0.326958579,0.326974309,0.326940861,0.326686848,0.331669198
2176,INPUT_SKIN10_90_5.txt,OUTPUT_SKIN12_90_5.txt,0.113590555,12,0.113645762,0.113609519,0.1136384,0.113584114,0.10869046
2177,INPUT_SKIN10_90_5.txt,OUTPUT_SKIN2_90_5.txt,0.588924394,12,0.589492473,0.588898145,0.589601826,0.58871339,0.614261225
2178,INPUT_SKIN10_90_5.txt,OUTPUT_SKIN3_90_5.txt,0.337330152,12,0.337183969,0.337403351,0.337322266,0.337168798,0.351684827
2179,INPUT_SKIN10_90_5.txt,OUTPUT_SKIN4_90_5.txt,0.114584904,12,0.114587366,0.114609074,0.114600876,0.114534697,0.118301337
2180,INPUT_SKIN10_90_5.txt,OUTPUT_SKIN5_90_5.txt,0.884895771,12,0.88497403,0.884832031,0.88505137,0.884519702,1.070696555
2181,INPUT_SKIN10_90_5.txt,OUTPUT_SKIN6_90_5.txt,1.447127883,12,1.447993635,1.448222016,1.447388516,1.446583354,1.390504318
2182,INPUT_SKIN10_90_5.txt,OUTPUT_SKIN7_90_5.txt,0.171139488,12,0.171156259,0.17114571,0.171095666,0.170997679,0.165093667
2183,INPUT_SKIN10_90_5.txt,OUTPUT_SKIN8_90_5.txt,0.189363455,12,0.189372489,0.189371024,0.189356541,0.18925088,0.185774381
2184,INPUT_SKIN10_90_5.txt,OUTPUT_SKIN9_90_5.txt,0.363007059,12,0.363203421,0.363039093,0.363111877,0.363052256,0.362323568
2185,INPUT_SKIN11_90_5.txt,OUTPUT_BM1_90_5.txt,3.806771655,12,3.805889983,3.804932123,3.80421551,3.808157252,3.564168993
2186,INPUT_SKIN11_90_5.txt,OUTPUT_BM2_90_5.txt,4.2172028,12,4.216539444,4.215071578,4.216668263,4.214906462,3.8930346
2187,INPUT_SKIN11_90_5.txt,OUTPUT_GUT_90_5.txt,NA,12,NA,NA,NA,NA,NA
2188,INPUT_SKIN11_90_5.txt,OUTPUT_L_90_5.txt,2.068019118,12,2.067112972,2.067866114,2.069115875,2.068873805,1.912678043
2189,INPUT_SKIN11_90_5.txt,OUTPUT_LN1_90_5.txt,0.05279427,12,0.052792681,0.052789244,0.05278717,0.05282244,0.054799304
2190,INPUT_SKIN11_90_5.txt,OUTPUT_LN2_90_5.txt,3.481181095,12,3.481222213,3.480959604,3.479195167,3.481384428,3.62813333
2191,INPUT_SKIN11_90_5.txt,OUTPUT_LUNG_90_5.txt,0.740669547,12,0.740667686,0.741111612,0.740566583,0.740715775,0.737503137
2192,INPUT_SKIN11_90_5.txt,OUTPUT_S_90_5.txt,NA,12,NA,NA,NA,NA,NA
2193,INPUT_SKIN11_90_5.txt,OUTPUT_SKIN1_90_5.txt,5.562394851,12,5.560641627,5.562510052,5.561100882,5.561886205,5.374318418
2194,INPUT_SKIN11_90_5.txt,OUTPUT_SKIN10_90_5.txt,1.471486816,12,1.471320198,1.471329994,1.47155722,1.473354587,1.659894538
2195,INPUT_SKIN11_90_5.txt,OUTPUT_SKIN11_90_5.txt,-542970,12,-542980,-543006,-542999,-542938,-603324.5
2196,INPUT_SKIN11_90_5.txt,OUTPUT_SKIN12_90_5.txt,0.187147055,12,0.187229494,0.187165875,0.187217866,0.187248595,0.19658
2197,INPUT_SKIN11_90_5.txt,OUTPUT_SKIN2_90_5.txt,0.626782728,12,0.62734169,0.626701114,0.627498102,0.626972617,0.631942606
2198,INPUT_SKIN11_90_5.txt,OUTPUT_SKIN3_90_5.txt,0.250120592,12,0.249997561,0.25015045,0.250107611,0.250158087,0.253436721
2199,INPUT_SKIN11_90_5.txt,OUTPUT_SKIN4_90_5.txt,0.1234848,12,0.12347929,0.123500241,0.123501835,0.123512985,0.126355072
2200,INPUT_SKIN11_90_5.txt,OUTPUT_SKIN5_90_5.txt,0.979416553,12,0.979435216,0.97926094,0.979583008,0.979647022,0.950128369
2201,INPUT_SKIN11_90_5.txt,OUTPUT_SKIN6_90_5.txt,2.394675784,12,2.396319398,2.396814183,2.395299618,2.39548331,2.463235364
2202,INPUT_SKIN11_90_5.txt,OUTPUT_SKIN7_90_5.txt,0.133427997,12,0.133432358,0.133421317,0.133393714,0.133406002,0.148873815
2203,INPUT_SKIN11_90_5.txt,OUTPUT_SKIN8_90_5.txt,0.254703991,12,0.254699311,0.254687532,0.254692743,0.254716245,0.281775417
2204,INPUT_SKIN11_90_5.txt,OUTPUT_SKIN9_90_5.txt,0.707160099,12,0.707488482,0.707159919,0.707356131,0.70771088,0.702380883
2205,INPUT_SKIN12_90_5.txt,OUTPUT_BM1_90_5.txt,1.367301257,12,1.366680649,1.366532936,1.365931997,1.367443629,1.317825705
2206,INPUT_SKIN12_90_5.txt,OUTPUT_BM2_90_5.txt,1.946275288,12,1.945565373,1.945166706,1.945522129,1.944530797,1.857664309
2207,INPUT_SKIN12_90_5.txt,OUTPUT_GUT_90_5.txt,NA,12,NA,NA,NA,NA,NA
2208,INPUT_SKIN12_90_5.txt,OUTPUT_L_90_5.txt,1.373386966,12,1.37251518,1.373292156,1.373821449,1.373523984,1.096198331
2209,INPUT_SKIN12_90_5.txt,OUTPUT_LN1_90_5.txt,0.075783538,12,0.075764621,0.075778253,0.075756755,0.07579558,0.087310708
2210,INPUT_SKIN12_90_5.txt,OUTPUT_LN2_90_5.txt,0.375142692,12,0.375075244,0.375113016,0.374827568,0.375031603,0.405858964
2211,INPUT_SKIN12_90_5.txt,OUTPUT_LUNG_90_5.txt,0.718460743,12,0.718375736,0.718873525,0.71828059,0.718333285,0.737679989
2212,INPUT_SKIN12_90_5.txt,OUTPUT_S_90_5.txt,NA,12,NA,NA,NA,NA,NA
2213,INPUT_SKIN12_90_5.txt,OUTPUT_SKIN1_90_5.txt,1.631171113,12,1.630259418,1.631180048,1.630341947,1.630469186,1.56406762
2214,INPUT_SKIN12_90_5.txt,OUTPUT_SKIN10_90_5.txt,0.312048389,12,0.311954827,0.312015997,0.31199926,0.312327309,0.304996392
2215,INPUT_SKIN12_90_5.txt,OUTPUT_SKIN11_90_5.txt,0.25189453,12,0.251860781,0.251911624,0.251854496,0.251784491,0.279102664
2216,INPUT_SKIN12_90_5.txt,OUTPUT_SKIN12_90_5.txt,-663431,12,-663568.5,-663474,-663605,-663640.5,-737556
2217,INPUT_SKIN12_90_5.txt,OUTPUT_SKIN2_90_5.txt,0.57888152,12,0.579292224,0.578809578,0.579427972,0.578837566,0.506309992
2218,INPUT_SKIN12_90_5.txt,OUTPUT_SKIN3_90_5.txt,0.321767726,12,0.321549437,0.321799681,0.321678598,0.321686194,0.323960494
2219,INPUT_SKIN12_90_5.txt,OUTPUT_SKIN4_90_5.txt,0.113759107,12,0.113732558,0.113773507,0.113751072,0.113742469,0.109976231
2220,INPUT_SKIN12_90_5.txt,OUTPUT_SKIN5_90_5.txt,0.628548561,12,0.628453169,0.628414547,0.628498526,0.628570605,0.631645297
2221,INPUT_SKIN12_90_5.txt,OUTPUT_SKIN6_90_5.txt,1.461399611,12,1.462159561,1.462749282,1.461468196,1.461412802,1.515669266
2222,INPUT_SKIN12_90_5.txt,OUTPUT_SKIN7_90_5.txt,0.257695583,12,0.257656284,0.257682918,0.25757721,0.257558305,0.241540079
2223,INPUT_SKIN12_90_5.txt,OUTPUT_SKIN8_90_5.txt,0.089943645,12,0.089924995,0.089938732,0.089921136,0.089915226,0.110320201
2224,INPUT_SKIN12_90_5.txt,OUTPUT_SKIN9_90_5.txt,0.242753996,12,0.24263538,0.242701422,0.242574494,0.242600196,0.254365912
2225,INPUT_SKIN2_90_5.txt,OUTPUT_BM1_90_5.txt,1.239751511,12,1.239088024,1.239389733,1.239112305,1.239961181,1.192210906
2226,INPUT_SKIN2_90_5.txt,OUTPUT_BM2_90_5.txt,1.633955841,12,1.63326192,1.63355491,1.634194601,1.633028257,1.575387965
2227,INPUT_SKIN2_90_5.txt,OUTPUT_GUT_90_5.txt,NA,12,NA,NA,NA,NA,NA
2228,INPUT_SKIN2_90_5.txt,OUTPUT_L_90_5.txt,3.738359154,12,3.737888399,3.739457779,3.744104635,3.737873343,3.811245364
2229,INPUT_SKIN2_90_5.txt,OUTPUT_LN1_90_5.txt,8.502995354,12,8.499201625,8.503001896,8.49722544,8.505347595,8.81621752
2230,INPUT_SKIN2_90_5.txt,OUTPUT_LN2_90_5.txt,2.388377422,12,2.387544726,2.388587443,2.387293619,2.38807835,2.560776088
2231,INPUT_SKIN2_90_5.txt,OUTPUT_LUNG_90_5.txt,2.942079237,12,2.940975912,2.943732515,2.940611277,2.942309638,2.648224306
2232,INPUT_SKIN2_90_5.txt,OUTPUT_S_90_5.txt,NA,12,NA,NA,NA,NA,NA
2233,INPUT_SKIN2_90_5.txt,OUTPUT_SKIN1_90_5.txt,2.745677535,12,2.744318994,2.746144386,2.745982576,2.745102983,2.659777396
2234,INPUT_SKIN2_90_5.txt,OUTPUT_SKIN10_90_5.txt,67.54221528,12,67.52314464,67.54326924,67.531778,67.59645319,70.49996024
2235,INPUT_SKIN2_90_5.txt,OUTPUT_SKIN11_90_5.txt,39.87385318,12,39.86263209,39.87734481,39.89742241,39.8718133,41.50428102
2236,INPUT_SKIN2_90_5.txt,OUTPUT_SKIN12_90_5.txt,0.358118829,12,0.358104725,0.358176329,0.358095736,0.358300266,0.335427684
2237,INPUT_SKIN2_90_5.txt,OUTPUT_SKIN2_90_5.txt,-846165,12,-846549.5,-846138,-846669,-846268.5,-939657.5
2238,INPUT_SKIN2_90_5.txt,OUTPUT_SKIN3_90_5.txt,5.616941492,12,5.611895176,5.615150225,5.611777504,5.613690592,1.222240914
2239,INPUT_SKIN2_90_5.txt,OUTPUT_SKIN4_90_5.txt,0.394445509,12,0.394256103,0.394534224,0.394288594,0.394463991,0.368875858
2240,INPUT_SKIN2_90_5.txt,OUTPUT_SKIN5_90_5.txt,1.826227722,12,1.825505173,1.825765416,1.825236656,1.827412999,1.700229138
2241,INPUT_SKIN2_90_5.txt,OUTPUT_SKIN6_90_5.txt,3.358717407,12,3.358798139,3.360519016,3.361327034,3.358579003,3.319281511
2242,INPUT_SKIN2_90_5.txt,OUTPUT_SKIN7_90_5.txt,25.80103488,12,25.7979579,25.80751826,25.80898402,25.79503181,26.74707891
2243,INPUT_SKIN2_90_5.txt,OUTPUT_SKIN8_90_5.txt,1.130161353,12,1.12964692,1.13020003,1.129502415,1.130009271,1.060523637
2244,INPUT_SKIN2_90_5.txt,OUTPUT_SKIN9_90_5.txt,0.362847568,12,0.362861766,0.36288457,0.362758028,0.363069848,0.392025708
2245,INPUT_SKIN3_90_5.txt,OUTPUT_BM1_90_5.txt,2.351000132,12,2.351157538,2.349967323,2.349677547,2.351659273,2.180086087
2246,INPUT_SKIN3_90_5.txt,OUTPUT_BM2_90_5.txt,7.383721073,12,7.385893253,7.384026073,7.383192402,7.384403993,7.420734647
2247,INPUT_SKIN3_90_5.txt,OUTPUT_GUT_90_5.txt,NA,12,NA,NA,NA,NA,NA
2248,INPUT_SKIN3_90_5.txt,OUTPUT_L_90_5.txt,1.636767886,12,1.636580211,1.636606365,1.637513163,1.637270361,1.52872136
2249,INPUT_SKIN3_90_5.txt,OUTPUT_LN1_90_5.txt,0.006604971,12,0.006606461,0.006604167,0.006604444,0.006607839,0.005957279
2250,INPUT_SKIN3_90_5.txt,OUTPUT_LN2_90_5.txt,0.173097179,12,0.173143037,0.173078207,0.172997558,0.173093366,0.156821619
2251,INPUT_SKIN3_90_5.txt,OUTPUT_LUNG_90_5.txt,0.478346574,12,0.478465258,0.478661899,0.478331564,0.478362091,0.470161602
2252,INPUT_SKIN3_90_5.txt,OUTPUT_S_90_5.txt,NA,12,NA,NA,NA,NA,NA
2253,INPUT_SKIN3_90_5.txt,OUTPUT_SKIN1_90_5.txt,3.14957937,12,3.149593777,3.149486503,3.148972513,3.149251568,2.935566046
2254,INPUT_SKIN3_90_5.txt,OUTPUT_SKIN10_90_5.txt,1.069224451,12,1.06937647,1.069084531,1.069337536,1.070487817,0.95712486
2255,INPUT_SKIN3_90_5.txt,OUTPUT_SKIN11_90_5.txt,0.227276584,12,0.227338963,0.227285484,0.22730099,0.227240701,0.204452323
2256,INPUT_SKIN3_90_5.txt,OUTPUT_SKIN12_90_5.txt,0.048669184,12,0.0487023,0.048672406,0.048692163,0.048693442,0.04543476
2257,INPUT_SKIN3_90_5.txt,OUTPUT_SKIN2_90_5.txt,0.406170747,12,0.406641245,0.40610693,0.406661381,0.406257119,0.421647428
2258,INPUT_SKIN3_90_5.txt,OUTPUT_SKIN3_90_5.txt,-733429,12,-733255,-733497,-733428,-733459,-815022.5
2259,INPUT_SKIN3_90_5.txt,OUTPUT_SKIN4_90_5.txt,0.09573616,12,0.095756311,0.095746227,0.095755237,0.095749004,0.094819453
2260,INPUT_SKIN3_90_5.txt,OUTPUT_SKIN5_90_5.txt,0.842391818,12,0.842632074,0.842242643,0.842599515,0.842519453,0.795346053
2261,INPUT_SKIN3_90_5.txt,OUTPUT_SKIN6_90_5.txt,1.010666125,12,1.011598778,1.011503574,1.010949258,1.010930038,1.06738963
2262,INPUT_SKIN3_90_5.txt,OUTPUT_SKIN7_90_5.txt,0.060992529,12,0.061010115,0.06098787,0.060980168,0.060976377,0.06193365
2263,INPUT_SKIN3_90_5.txt,OUTPUT_SKIN8_90_5.txt,0.13238714,12,0.132418559,0.132375122,0.132388545,0.132380235,0.203243814
2264,INPUT_SKIN3_90_5.txt,OUTPUT_SKIN9_90_5.txt,42.7126634,12,42.70998282,42.70292732,42.68899536,42.69558935,42.58085536
2265,INPUT_SKIN4_90_5.txt,OUTPUT_BM1_90_5.txt,2.186160431,12,2.18567659,2.184890809,2.184461844,2.186766015,2.062375208
2266,INPUT_SKIN4_90_5.txt,OUTPUT_BM2_90_5.txt,2.468949197,12,2.468589804,2.46745259,2.468406792,2.467337712,2.451582924
2267,INPUT_SKIN4_90_5.txt,OUTPUT_GUT_90_5.txt,NA,12,NA,NA,NA,NA,NA
2268,INPUT_SKIN4_90_5.txt,OUTPUT_L_90_5.txt,0.92533817,12,0.924938806,0.925212467,0.925786616,0.925626297,0.858822687
2269,INPUT_SKIN4_90_5.txt,OUTPUT_LN1_90_5.txt,0.036211614,12,0.036211663,0.036207136,0.036205242,0.036225854,0.032888937
2270,INPUT_SKIN4_90_5.txt,OUTPUT_LN2_90_5.txt,0.5743945,12,0.574417091,0.574330991,0.574013681,0.574357556,0.554389329
2271,INPUT_SKIN4_90_5.txt,OUTPUT_LUNG_90_5.txt,0.512668819,12,0.512676241,0.513001181,0.512616053,0.512578646,0.510269721
2272,INPUT_SKIN4_90_5.txt,OUTPUT_S_90_5.txt,NA,12,NA,NA,NA,NA,NA
2273,INPUT_SKIN4_90_5.txt,OUTPUT_SKIN1_90_5.txt,2.050593324,12,2.049920698,2.05049059,2.049910469,2.050167607,1.819949987
2274,INPUT_SKIN4_90_5.txt,OUTPUT_SKIN10_90_5.txt,0.403227178,12,0.403194186,0.403173743,0.403230959,0.40368139,0.377437023
2275,INPUT_SKIN4_90_5.txt,OUTPUT_SKIN11_90_5.txt,0.276081046,12,0.27609632,0.276091429,0.27608256,0.276023678,0.291972544
2276,INPUT_SKIN4_90_5.txt,OUTPUT_SKIN12_90_5.txt,0.111149393,12,0.11119735,0.11115392,0.111198249,0.111210634,0.091652115
2277,INPUT_SKIN4_90_5.txt,OUTPUT_SKIN2_90_5.txt,0.486863371,12,0.487321963,0.486779508,0.487405127,0.486933997,0.485146451
2278,INPUT_SKIN4_90_5.txt,OUTPUT_SKIN3_90_5.txt,0.288817864,12,0.288681141,0.288856206,0.288804661,0.288835773,0.278746231
2279,INPUT_SKIN4_90_5.txt,OUTPUT_SKIN4_90_5.txt,-496700.5,12,-496694,-496748,-496748,-496742.5,-552033
2280,INPUT_SKIN4_90_5.txt,OUTPUT_SKIN5_90_5.txt,0.577510962,12,0.577543501,0.577404456,0.577589954,0.577571354,0.55473802
2281,INPUT_SKIN4_90_5.txt,OUTPUT_SKIN6_90_5.txt,1.450034694,12,1.451070689,1.451255886,1.450326424,1.450345402,1.449736357
2282,INPUT_SKIN4_90_5.txt,OUTPUT_SKIN7_90_5.txt,2.148126199,12,2.148267055,2.147942568,2.147499345,2.147475228,2.110040992
2283,INPUT_SKIN4_90_5.txt,OUTPUT_SKIN8_90_5.txt,0.104032136,12,0.104033472,0.104024101,0.104023852,0.104024388,0.103610133
2284,INPUT_SKIN4_90_5.txt,OUTPUT_SKIN9_90_5.txt,0.154686266,12,0.154764803,0.154682259,0.154724526,0.154787072,0.156969921
2285,INPUT_SKIN5_90_5.txt,OUTPUT_BM1_90_5.txt,0.881024279,12,0.880808728,0.880665001,0.880357846,0.881244512,1.070887352
2286,INPUT_SKIN5_90_5.txt,OUTPUT_BM2_90_5.txt,1.309577842,12,1.309371283,1.309079861,1.309290903,1.308834374,1.207621544
2287,INPUT_SKIN5_90_5.txt,OUTPUT_GUT_90_5.txt,NA,12,NA,NA,NA,NA,NA
2288,INPUT_SKIN5_90_5.txt,OUTPUT_L_90_5.txt,2.609349796,12,2.608839742,2.609450801,2.609636701,2.609519997,2.49771482
2289,INPUT_SKIN5_90_5.txt,OUTPUT_LN1_90_5.txt,0.026006526,12,0.026005602,0.026006925,0.026001323,0.026016446,0.023447578
2290,INPUT_SKIN5_90_5.txt,OUTPUT_LN2_90_5.txt,0.296499493,12,0.296500107,0.296507616,0.296298567,0.29647693,0.356276264
2291,INPUT_SKIN5_90_5.txt,OUTPUT_LUNG_90_5.txt,1.243005589,12,1.243172629,1.244176871,1.242842324,1.243086616,1.171853041
2292,INPUT_SKIN5_90_5.txt,OUTPUT_S_90_5.txt,NA,12,NA,NA,NA,NA,NA
2293,INPUT_SKIN5_90_5.txt,OUTPUT_SKIN1_90_5.txt,1.732120335,12,1.731631468,1.73226795,1.73160606,1.731800074,2.386834652
2294,INPUT_SKIN5_90_5.txt,OUTPUT_SKIN10_90_5.txt,3.272310073,12,3.271918076,3.27231581,3.272259466,3.276010941,2.987603669
2295,INPUT_SKIN5_90_5.txt,OUTPUT_SKIN11_90_5.txt,0.404109316,12,0.404134239,0.404179742,0.404103387,0.404024737,0.402265787
2296,INPUT_SKIN5_90_5.txt,OUTPUT_SKIN12_90_5.txt,0.112783085,12,0.11282718,0.112802653,0.112828769,0.112843628,0.14628456
2297,INPUT_SKIN5_90_5.txt,OUTPUT_SKIN2_90_5.txt,1.174433042,12,1.175480498,1.174409168,1.175701314,1.174621322,1.11046167
2298,INPUT_SKIN5_90_5.txt,OUTPUT_SKIN3_90_5.txt,0.35349303,12,0.35331597,0.353557813,0.353438856,0.353472305,0.317554339
2299,INPUT_SKIN5_90_5.txt,OUTPUT_SKIN4_90_5.txt,0.075749821,12,0.075746022,0.075767674,0.075755302,0.075755548,0.089503468
2300,INPUT_SKIN5_90_5.txt,OUTPUT_SKIN5_90_5.txt,-689339,12,-689355.5,-689308.5,-689421,-689403.5,-764864.5
2301,INPUT_SKIN5_90_5.txt,OUTPUT_SKIN6_90_5.txt,1.260621048,12,1.261314297,1.261650937,1.260778722,1.260816248,1.375845018
2302,INPUT_SKIN5_90_5.txt,OUTPUT_SKIN7_90_5.txt,6.946280111,12,6.946270469,6.946952592,6.944012526,6.944340731,6.548836437
2303,INPUT_SKIN5_90_5.txt,OUTPUT_SKIN8_90_5.txt,0.700315102,12,0.700297781,0.700347541,0.700237834,0.70024109,0.72136747
2304,INPUT_SKIN5_90_5.txt,OUTPUT_SKIN9_90_5.txt,32.05921009,12,32.06754965,32.0598639,32.05996132,32.07032208,32.07892305
2305,INPUT_SKIN6_90_5.txt,OUTPUT_BM1_90_5.txt,3.227664345,12,3.225573851,3.224219012,3.224575874,3.228525622,3.041160637
2306,INPUT_SKIN6_90_5.txt,OUTPUT_BM2_90_5.txt,2.441368488,12,2.439982015,2.438638509,2.44061916,2.439302503,2.251530438
2307,INPUT_SKIN6_90_5.txt,OUTPUT_GUT_90_5.txt,NA,12,NA,NA,NA,NA,NA
2308,INPUT_SKIN6_90_5.txt,OUTPUT_L_90_5.txt,0.836415318,12,0.835699832,0.83595424,0.836801019,0.836633946,0.775746479
2309,INPUT_SKIN6_90_5.txt,OUTPUT_LN1_90_5.txt,0.09425115,12,0.094213876,0.094199955,0.094228316,0.094279811,0.0937686
2310,INPUT_SKIN6_90_5.txt,OUTPUT_LN2_90_5.txt,0.616662512,12,0.616441811,0.616332969,0.616200377,0.616571874,0.653613336
2311,INPUT_SKIN6_90_5.txt,OUTPUT_LUNG_90_5.txt,0.631273507,12,0.631044314,0.63138163,0.631166414,0.631227895,0.605712452
2312,INPUT_SKIN6_90_5.txt,OUTPUT_S_90_5.txt,NA,12,NA,NA,NA,NA,NA
2313,INPUT_SKIN6_90_5.txt,OUTPUT_SKIN1_90_5.txt,8.545828913,12,8.539066217,8.541723827,8.542060922,8.543168004,8.383227018
2314,INPUT_SKIN6_90_5.txt,OUTPUT_SKIN10_90_5.txt,0.487279288,12,0.487045509,0.487007492,0.487247559,0.487771663,0.479396188
2315,INPUT_SKIN6_90_5.txt,OUTPUT_SKIN11_90_5.txt,0.458817933,12,0.458669947,0.458640901,0.45879202,0.458687245,0.513479032
2316,INPUT_SKIN6_90_5.txt,OUTPUT_SKIN12_90_5.txt,0.186123255,12,0.186128482,0.186054364,0.186192804,0.186209419,0.18140721
2317,INPUT_SKIN6_90_5.txt,OUTPUT_SKIN2_90_5.txt,0.824070135,12,0.824451113,0.823585936,0.824860508,0.824131579,0.76425773
2318,INPUT_SKIN6_90_5.txt,OUTPUT_SKIN3_90_5.txt,0.341627552,12,0.341336959,0.341502176,0.341564014,0.341588608,0.363123852
2319,INPUT_SKIN6_90_5.txt,OUTPUT_SKIN4_90_5.txt,0.160880044,12,0.160813969,0.160827713,0.160884488,0.160880547,0.161450253
2320,INPUT_SKIN6_90_5.txt,OUTPUT_SKIN5_90_5.txt,0.601377422,12,0.601171147,0.60097988,0.601382996,0.601494272,0.544076684
2321,INPUT_SKIN6_90_5.txt,OUTPUT_SKIN6_90_5.txt,-806385,12,-806694,-806799,-806515.5,-806517.5,-895749.5
2322,INPUT_SKIN6_90_5.txt,OUTPUT_SKIN7_90_5.txt,0.174318163,12,0.174260139,0.174230999,0.174254736,0.174250604,0.176324563
2323,INPUT_SKIN6_90_5.txt,OUTPUT_SKIN8_90_5.txt,0.513398278,12,0.513197568,0.51313074,0.513317325,0.513307354,0.558046657
2324,INPUT_SKIN6_90_5.txt,OUTPUT_SKIN9_90_5.txt,3.034853407,12,3.034792496,3.033328426,3.035161941,3.036121457,3.186954905
2325,INPUT_SKIN7_90_5.txt,OUTPUT_BM1_90_5.txt,1.550905933,12,1.55050039,1.550054424,1.549926509,1.551673319,1.604060019
2326,INPUT_SKIN7_90_5.txt,OUTPUT_BM2_90_5.txt,1.728444894,12,1.728133572,1.727433218,1.728401491,1.727531947,1.845764181
2327,INPUT_SKIN7_90_5.txt,OUTPUT_GUT_90_5.txt,NA,12,NA,NA,NA,NA,NA
2328,INPUT_SKIN7_90_5.txt,OUTPUT_L_90_5.txt,2.18145912,12,2.180554128,2.181316699,2.182897175,2.182475366,2.101753418
2329,INPUT_SKIN7_90_5.txt,OUTPUT_LN1_90_5.txt,0.028694056,12,0.028693281,0.028693145,0.028695527,0.028706146,0.027363686
2330,INPUT_SKIN7_90_5.txt,OUTPUT_LN2_90_5.txt,0.544761916,12,0.54476427,0.544746494,0.544505102,0.544832048,0.57246192
2331,INPUT_SKIN7_90_5.txt,OUTPUT_LUNG_90_5.txt,0.290734417,12,0.290655482,0.290771027,0.290664703,0.290810067,0.326310672
2332,INPUT_SKIN7_90_5.txt,OUTPUT_S_90_5.txt,NA,12,NA,NA,NA,NA,NA
2333,INPUT_SKIN7_90_5.txt,OUTPUT_SKIN1_90_5.txt,1.365143653,12,1.364625259,1.365188578,1.364945274,1.365110908,1.41026795
2334,INPUT_SKIN7_90_5.txt,OUTPUT_SKIN10_90_5.txt,0.285276522,12,0.285242399,0.285263262,0.285334735,0.285655514,0.241656904
2335,INPUT_SKIN7_90_5.txt,OUTPUT_SKIN11_90_5.txt,0.242746618,12,0.242752209,0.24277677,0.242796588,0.242744444,0.24996016
2336,INPUT_SKIN7_90_5.txt,OUTPUT_SKIN12_90_5.txt,0.102958054,12,0.102998154,0.102970683,0.103022786,0.103034447,0.101647818
2337,INPUT_SKIN7_90_5.txt,OUTPUT_SKIN2_90_5.txt,0.352758233,12,0.352922045,0.352802645,0.35320619,0.352930397,0.35858978
2338,INPUT_SKIN7_90_5.txt,OUTPUT_SKIN3_90_5.txt,0.185861036,12,0.185840364,0.185860852,0.185887669,0.185926335,0.189107412
2339,INPUT_SKIN7_90_5.txt,OUTPUT_SKIN4_90_5.txt,0.107893044,12,0.10788828,0.107906853,0.107918772,0.107918148,0.11279204
2340,INPUT_SKIN7_90_5.txt,OUTPUT_SKIN5_90_5.txt,0.388746264,12,0.388753998,0.388707547,0.388873434,0.388861255,0.393522719
2341,INPUT_SKIN7_90_5.txt,OUTPUT_SKIN6_90_5.txt,0.935539071,12,0.936212265,0.93644874,0.935930112,0.935934082,0.95950123
2342,INPUT_SKIN7_90_5.txt,OUTPUT_SKIN7_90_5.txt,-548905.5,12,-548919.5,-548910,-548849.5,-548844,-609652.5
2343,INPUT_SKIN7_90_5.txt,OUTPUT_SKIN8_90_5.txt,0.085620906,12,0.085618721,0.085620464,0.08562988,0.085630643,0.084371013
2344,INPUT_SKIN7_90_5.txt,OUTPUT_SKIN9_90_5.txt,0.168459609,12,0.16853822,0.168469881,0.168534408,0.168601834,0.166519981
2345,INPUT_SKIN8_90_5.txt,OUTPUT_BM1_90_5.txt,1.16242451,12,1.16214462,1.161845794,1.161607299,1.162866489,1.098545812
2346,INPUT_SKIN8_90_5.txt,OUTPUT_BM2_90_5.txt,1.330758567,12,1.330540957,1.330060137,1.330584378,1.329993028,1.252961793
2347,INPUT_SKIN8_90_5.txt,OUTPUT_GUT_90_5.txt,NA,12,NA,NA,NA,NA,NA
2348,INPUT_SKIN8_90_5.txt,OUTPUT_L_90_5.txt,1.544111043,12,1.543513065,1.544056098,1.544883901,1.544656983,1.601809122
2349,INPUT_SKIN8_90_5.txt,OUTPUT_LN1_90_5.txt,0.021096977,12,0.021096569,0.021096473,0.021095113,0.021107119,0.024131617
2350,INPUT_SKIN8_90_5.txt,OUTPUT_LN2_90_5.txt,0.372283505,12,0.372293402,0.372276559,0.372069835,0.372292312,0.346239726
2351,INPUT_SKIN8_90_5.txt,OUTPUT_LUNG_90_5.txt,0.310709594,12,0.310725574,0.310961625,0.310709029,0.310722619,0.315685431
2352,INPUT_SKIN8_90_5.txt,OUTPUT_S_90_5.txt,NA,12,NA,NA,NA,NA,NA
2353,INPUT_SKIN8_90_5.txt,OUTPUT_SKIN1_90_5.txt,1.140994945,12,1.14060193,1.141046756,1.140716795,1.14086179,1.208150511
2354,INPUT_SKIN8_90_5.txt,OUTPUT_SKIN10_90_5.txt,0.478387417,12,0.478341798,0.478368297,0.478435021,0.478969277,0.483288596
2355,INPUT_SKIN8_90_5.txt,OUTPUT_SKIN11_90_5.txt,0.32394737,12,0.323964818,0.323990027,0.323980466,0.323911022,0.310602685
2356,INPUT_SKIN8_90_5.txt,OUTPUT_SKIN12_90_5.txt,0.103783656,12,0.103826647,0.103797128,0.103837688,0.103849234,0.102013366
2357,INPUT_SKIN8_90_5.txt,OUTPUT_SKIN2_90_5.txt,0.352618065,12,0.352940685,0.352595926,0.353040575,0.352708153,0.349491099
2358,INPUT_SKIN8_90_5.txt,OUTPUT_SKIN3_90_5.txt,0.163457418,12,0.16337952,0.163488162,0.163457371,0.163473973,0.155817536
2359,INPUT_SKIN8_90_5.txt,OUTPUT_SKIN4_90_5.txt,0.095979504,12,0.095976987,0.09599781,0.09599745,0.095996309,0.096916364
2360,INPUT_SKIN8_90_5.txt,OUTPUT_SKIN5_90_5.txt,0.550423675,12,0.55044338,0.550354504,0.550526654,0.550532343,0.54596699
2361,INPUT_SKIN8_90_5.txt,OUTPUT_SKIN6_90_5.txt,1.67789749,12,1.678978654,1.679344558,1.678345847,1.67837468,1.771597746
2362,INPUT_SKIN8_90_5.txt,OUTPUT_SKIN7_90_5.txt,0.211435893,12,0.211446696,0.21143905,0.211392205,0.211390056,0.194504551
2363,INPUT_SKIN8_90_5.txt,OUTPUT_SKIN8_90_5.txt,-534713.5,12,-534713.5,-534714,-534716,-534710.5,-593894
2364,INPUT_SKIN8_90_5.txt,OUTPUT_SKIN9_90_5.txt,0.273891116,12,0.273812321,0.273848677,0.273757182,0.273803337,0.264638091
2365,INPUT_SKIN9_90_5.txt,OUTPUT_BM1_90_5.txt,2.740002807,12,2.738677626,2.73859524,2.73768167,2.739959397,2.84368198
2366,INPUT_SKIN9_90_5.txt,OUTPUT_BM2_90_5.txt,2.732672192,12,2.731541323,2.731161856,2.731856947,2.730065463,2.908055387
2367,INPUT_SKIN9_90_5.txt,OUTPUT_GUT_90_5.txt,NA,12,NA,NA,NA,NA,NA
2368,INPUT_SKIN9_90_5.txt,OUTPUT_L_90_5.txt,3.172466845,12,3.170458509,3.172252168,3.173499342,3.172352119,3.122098608
2369,INPUT_SKIN9_90_5.txt,OUTPUT_LN1_90_5.txt,0.027484102,12,0.027476991,0.027482356,0.027477177,0.027487039,0.032476259
2370,INPUT_SKIN9_90_5.txt,OUTPUT_LN2_90_5.txt,0.488270391,12,0.488162214,0.488244754,0.487905827,0.488098575,0.45586037
2371,INPUT_SKIN9_90_5.txt,OUTPUT_LUNG_90_5.txt,0.643790093,12,0.643640352,0.644178743,0.643628966,0.643559583,0.655661185
2372,INPUT_SKIN9_90_5.txt,OUTPUT_S_90_5.txt,NA,12,NA,NA,NA,NA,NA
2373,INPUT_SKIN9_90_5.txt,OUTPUT_SKIN1_90_5.txt,2.808665616,12,2.807008282,2.808695144,2.807517595,2.807260543,3.01889971
2374,INPUT_SKIN9_90_5.txt,OUTPUT_SKIN10_90_5.txt,1.022784134,12,1.022432675,1.022707552,1.022716007,1.023580459,1.06974825
2375,INPUT_SKIN9_90_5.txt,OUTPUT_SKIN11_90_5.txt,0.514739955,12,0.514638991,0.514790045,0.514703517,0.514486269,0.500027083
2376,INPUT_SKIN9_90_5.txt,OUTPUT_SKIN12_90_5.txt,0.125459594,12,0.125483148,0.125473975,0.125497525,0.125482368,0.153457475
2377,INPUT_SKIN9_90_5.txt,OUTPUT_SKIN2_90_5.txt,0.782739548,12,0.783241232,0.782661239,0.783527092,0.782644802,0.805182677
2378,INPUT_SKIN9_90_5.txt,OUTPUT_SKIN3_90_5.txt,0.396760119,12,0.396472173,0.396822175,0.396695078,0.396655308,0.459596113
2379,INPUT_SKIN9_90_5.txt,OUTPUT_SKIN4_90_5.txt,0.154767517,12,0.154725311,0.15479182,0.154770806,0.154736919,0.153879175
2380,INPUT_SKIN9_90_5.txt,OUTPUT_SKIN5_90_5.txt,0.971778169,12,0.971564333,0.971639841,0.97181215,0.971572617,1.02717735
2381,INPUT_SKIN9_90_5.txt,OUTPUT_SKIN6_90_5.txt,2.228014083,12,2.228975836,2.229979555,2.228269849,2.227829076,2.290914676
2382,INPUT_SKIN9_90_5.txt,OUTPUT_SKIN7_90_5.txt,0.191844412,12,0.191806853,0.191840479,0.191773538,0.19173147,0.192711888
2383,INPUT_SKIN9_90_5.txt,OUTPUT_SKIN8_90_5.txt,0.373312309,12,0.373219589,0.373308688,0.373254474,0.373181844,0.344830001
2384,INPUT_SKIN9_90_5.txt,OUTPUT_SKIN9_90_5.txt,-505343,12,-505468,-505360.5,-505429.5,-505529,-561441
2385,INPUT_BM1_90_5.txt,OUTPUT_BM1_90_5.txt,NA,13,NA,NA,NA,NA,NA
2386,INPUT_BM1_90_5.txt,OUTPUT_BM2_90_5.txt,NA,13,NA,NA,NA,NA,NA
2387,INPUT_BM1_90_5.txt,OUTPUT_GUT_90_5.txt,NA,13,NA,NA,NA,NA,NA
2388,INPUT_BM1_90_5.txt,OUTPUT_L_90_5.txt,NA,13,NA,NA,NA,NA,NA
2389,INPUT_BM1_90_5.txt,OUTPUT_LN1_90_5.txt,NA,13,NA,NA,NA,NA,NA
2390,INPUT_BM1_90_5.txt,OUTPUT_LN2_90_5.txt,NA,13,NA,NA,NA,NA,NA
2391,INPUT_BM1_90_5.txt,OUTPUT_LUNG_90_5.txt,NA,13,NA,NA,NA,NA,NA
2392,INPUT_BM1_90_5.txt,OUTPUT_S_90_5.txt,NA,13,NA,NA,NA,NA,NA
2393,INPUT_BM1_90_5.txt,OUTPUT_SKIN1_90_5.txt,NA,13,NA,NA,NA,NA,NA
2394,INPUT_BM1_90_5.txt,OUTPUT_SKIN10_90_5.txt,NA,13,NA,NA,NA,NA,NA
2395,INPUT_BM1_90_5.txt,OUTPUT_SKIN11_90_5.txt,NA,13,NA,NA,NA,NA,NA
2396,INPUT_BM1_90_5.txt,OUTPUT_SKIN12_90_5.txt,NA,13,NA,NA,NA,NA,NA
2397,INPUT_BM1_90_5.txt,OUTPUT_SKIN2_90_5.txt,NA,13,NA,NA,NA,NA,NA
2398,INPUT_BM1_90_5.txt,OUTPUT_SKIN3_90_5.txt,NA,13,NA,NA,NA,NA,NA
2399,INPUT_BM1_90_5.txt,OUTPUT_SKIN4_90_5.txt,NA,13,NA,NA,NA,NA,NA
2400,INPUT_BM1_90_5.txt,OUTPUT_SKIN5_90_5.txt,NA,13,NA,NA,NA,NA,NA
2401,INPUT_BM1_90_5.txt,OUTPUT_SKIN6_90_5.txt,NA,13,NA,NA,NA,NA,NA
2402,INPUT_BM1_90_5.txt,OUTPUT_SKIN7_90_5.txt,NA,13,NA,NA,NA,NA,NA
2403,INPUT_BM1_90_5.txt,OUTPUT_SKIN8_90_5.txt,NA,13,NA,NA,NA,NA,NA
2404,INPUT_BM1_90_5.txt,OUTPUT_SKIN9_90_5.txt,NA,13,NA,NA,NA,NA,NA
2405,INPUT_BM2_90_5.txt,OUTPUT_BM1_90_5.txt,NA,13,NA,NA,NA,NA,NA
2406,INPUT_BM2_90_5.txt,OUTPUT_BM2_90_5.txt,-1049731.5,13,-1049316.5,-1049149.5,-1049189,-1049033.5,-1166624
2407,INPUT_BM2_90_5.txt,OUTPUT_GUT_90_5.txt,0.560097281,13,0.560352423,0.560423314,0.560402392,0.560440045,0.566966571
2408,INPUT_BM2_90_5.txt,OUTPUT_L_90_5.txt,1.288395148,13,1.2884598,1.288708218,1.288492837,1.288776028,1.184274191
2409,INPUT_BM2_90_5.txt,OUTPUT_LN1_90_5.txt,0.006645912,13,0.006648541,0.0066496,0.006649349,0.006650335,0.008542948
2410,INPUT_BM2_90_5.txt,OUTPUT_LN2_90_5.txt,0.017896566,13,0.017905593,0.017906252,0.017908419,0.017912235,0.024344972
2411,INPUT_BM2_90_5.txt,OUTPUT_LUNG_90_5.txt,0.092792942,13,0.092885857,0.092829389,0.092887186,0.092837846,0.088584612
2412,INPUT_BM2_90_5.txt,OUTPUT_S_90_5.txt,0.884360063,13,0.884708979,0.884849454,0.8848162,0.884947055,0.907426773
2413,INPUT_BM2_90_5.txt,OUTPUT_SKIN1_90_5.txt,0.022357578,13,0.022360836,0.022370186,0.0223639,0.022361094,0.021002246
2414,INPUT_BM2_90_5.txt,OUTPUT_SKIN10_90_5.txt,0.012884307,13,0.012889824,0.012889237,0.012889425,0.01289039,0.011996937
2415,INPUT_BM2_90_5.txt,OUTPUT_SKIN11_90_5.txt,0.005458093,13,0.005459866,0.0054611,0.005460603,0.005461683,0.005008813
2416,INPUT_BM2_90_5.txt,OUTPUT_SKIN12_90_5.txt,0.042208948,13,0.042234323,0.042239048,0.042234469,0.042244724,0.039331399
2417,INPUT_BM2_90_5.txt,OUTPUT_SKIN2_90_5.txt,0.076724724,13,0.076829811,0.076857605,0.076831277,0.076830725,0.07643678
2418,INPUT_BM2_90_5.txt,OUTPUT_SKIN3_90_5.txt,0.031154333,13,0.031166665,0.031171305,0.031170459,0.031175082,0.028590915
2419,INPUT_BM2_90_5.txt,OUTPUT_SKIN4_90_5.txt,0.072290538,13,0.072305445,0.072362131,0.072337046,0.07236591,0.073784208
2420,INPUT_BM2_90_5.txt,OUTPUT_SKIN5_90_5.txt,0.012810948,13,0.012815902,0.012819445,0.012819168,0.012821045,0.011932155
2421,INPUT_BM2_90_5.txt,OUTPUT_SKIN6_90_5.txt,0.062927887,13,0.062909314,0.062910574,0.062910563,0.062929906,0.061039525
2422,INPUT_BM2_90_5.txt,OUTPUT_SKIN7_90_5.txt,0.053407582,13,0.05345264,0.053447264,0.053458037,0.053459893,0.051660394
2423,INPUT_BM2_90_5.txt,OUTPUT_SKIN8_90_5.txt,0.022469544,13,0.022477227,0.022479494,0.022477752,0.022482258,0.029212988
2424,INPUT_BM2_90_5.txt,OUTPUT_SKIN9_90_5.txt,0.061886829,13,0.061893811,0.061889039,0.061894477,0.061922374,0.056796862
2425,INPUT_GUT_90_5.txt,OUTPUT_BM1_90_5.txt,NA,13,NA,NA,NA,NA,NA
2426,INPUT_GUT_90_5.txt,OUTPUT_BM2_90_5.txt,0.244808077,13,0.244609332,0.244536179,0.244554466,0.244492275,0.248134995
2427,INPUT_GUT_90_5.txt,OUTPUT_GUT_90_5.txt,-233288.5,13,-233295,-233291,-233291,-233281.5,-258966
2428,INPUT_GUT_90_5.txt,OUTPUT_L_90_5.txt,0.50235845,13,0.502174623,0.502199612,0.502135583,0.502190621,0.476125377
2429,INPUT_GUT_90_5.txt,OUTPUT_LN1_90_5.txt,0.009600886,13,0.009600619,0.009600783,0.009600783,0.009601174,0.007987887
2430,INPUT_GUT_90_5.txt,OUTPUT_LN2_90_5.txt,0.031493459,13,0.031496118,0.031492618,0.031497837,0.03150123,0.029764744
2431,INPUT_GUT_90_5.txt,OUTPUT_LUNG_90_5.txt,0.496483468,13,0.496772636,0.49640641,0.49674086,0.496407148,0.502514197
2432,INPUT_GUT_90_5.txt,OUTPUT_S_90_5.txt,1.18287767,13,1.182848252,1.182866355,1.182866355,1.182909351,1.170393632
2433,INPUT_GUT_90_5.txt,OUTPUT_SKIN1_90_5.txt,0.038436545,13,0.038434268,0.038430179,0.038428888,0.038404622,0.039533562
2434,INPUT_GUT_90_5.txt,OUTPUT_SKIN10_90_5.txt,0.012947846,13,0.012947848,0.012945211,0.012945941,0.012945534,0.012226992
2435,INPUT_GUT_90_5.txt,OUTPUT_SKIN11_90_5.txt,0.01057678,13,0.010575662,0.010576622,0.010575999,0.010577008,0.011476043
2436,INPUT_GUT_90_5.txt,OUTPUT_SKIN12_90_5.txt,0.091167262,13,0.091184307,0.091181374,0.091174525,0.091187342,0.096050698
2437,INPUT_GUT_90_5.txt,OUTPUT_SKIN2_90_5.txt,0.08809181,13,0.088076173,0.08808959,0.08807085,0.088055219,0.065493993
2438,INPUT_GUT_90_5.txt,OUTPUT_SKIN3_90_5.txt,0.068515467,13,0.068513554,0.068511882,0.068514732,0.068517528,0.059174272
2439,INPUT_GUT_90_5.txt,OUTPUT_SKIN4_90_5.txt,0.066578513,13,0.066562612,0.066610216,0.066587068,0.066607902,0.057819339
2440,INPUT_GUT_90_5.txt,OUTPUT_SKIN5_90_5.txt,0.011372194,13,0.011371771,0.01137336,0.01137355,0.011373992,0.010845313
2441,INPUT_GUT_90_5.txt,OUTPUT_SKIN6_90_5.txt,0.080767427,13,0.080677652,0.080816033,0.080730646,0.080755469,0.066968013
2442,INPUT_GUT_90_5.txt,OUTPUT_SKIN7_90_5.txt,0.068691377,13,0.068721694,0.068702847,0.068711718,0.068703274,0.064607167
2443,INPUT_GUT_90_5.txt,OUTPUT_SKIN8_90_5.txt,0.038096762,13,0.038093564,0.038091912,0.038090345,0.038093956,0.036336999
2444,INPUT_GUT_90_5.txt,OUTPUT_SKIN9_90_5.txt,140.8608581,13,140.8927389,140.9065549,140.8960023,140.8574554,147.6355175
2445,INPUT_L_90_5.txt,OUTPUT_BM1_90_5.txt,NA,13,NA,NA,NA,NA,NA
2446,INPUT_L_90_5.txt,OUTPUT_BM2_90_5.txt,0.484748793,13,0.484450381,0.484287954,0.48435451,0.48419485,0.47539913
2447,INPUT_L_90_5.txt,OUTPUT_GUT_90_5.txt,0.108205609,13,0.108230359,0.108224803,0.108231834,0.108219112,0.107244842
2448,INPUT_L_90_5.txt,OUTPUT_L_90_5.txt,-501660.5,13,-501574,-501582.5,-501550,-501568,-557496.5
2449,INPUT_L_90_5.txt,OUTPUT_LN1_90_5.txt,0.008071912,13,0.008073304,0.008073167,0.008073691,0.008073401,0.009316032
2450,INPUT_L_90_5.txt,OUTPUT_LN2_90_5.txt,0.039893092,13,0.039904319,0.039898614,0.039907677,0.039908831,0.040158755
2451,INPUT_L_90_5.txt,OUTPUT_LUNG_90_5.txt,0.115605459,13,0.115695432,0.115604971,0.115688942,0.115605795,0.10807178
2452,INPUT_L_90_5.txt,OUTPUT_S_90_5.txt,1.757399376,13,1.757701426,1.75767174,1.757785249,1.757722381,1.71375491
2453,INPUT_L_90_5.txt,OUTPUT_SKIN1_90_5.txt,0.0275904,13,0.027591211,0.027594005,0.02759216,0.027579028,0.028083808
2454,INPUT_L_90_5.txt,OUTPUT_SKIN10_90_5.txt,0.013504057,13,0.013506907,0.013504026,0.01350556,0.013504052,0.012895869
2455,INPUT_L_90_5.txt,OUTPUT_SKIN11_90_5.txt,0.012169987,13,0.012171336,0.01217184,0.012172061,0.012172151,0.012460657
2456,INPUT_L_90_5.txt,OUTPUT_SKIN12_90_5.txt,0.093059141,13,0.093094182,0.093086738,0.093086545,0.093091575,0.095396503
2457,INPUT_L_90_5.txt,OUTPUT_SKIN2_90_5.txt,0.081646778,13,0.081661513,0.081672301,0.081662931,0.081684414,0.081184415
2458,INPUT_L_90_5.txt,OUTPUT_SKIN3_90_5.txt,0.034280543,13,0.034286463,0.034285958,0.034288106,0.034286873,0.032994326
2459,INPUT_L_90_5.txt,OUTPUT_SKIN4_90_5.txt,0.057425647,13,0.057440596,0.05741053,0.057433301,0.057438483,0.059882236
2460,INPUT_L_90_5.txt,OUTPUT_SKIN5_90_5.txt,0.011290096,13,0.01129196,0.011292813,0.011293687,0.011293261,0.010767966
2461,INPUT_L_90_5.txt,OUTPUT_SKIN6_90_5.txt,0.06888909,13,0.068912936,0.06888549,0.06890772,0.068931622,0.068504933
2462,INPUT_L_90_5.txt,OUTPUT_SKIN7_90_5.txt,0.08200848,13,0.082060489,0.082036871,0.082059969,0.082046508,0.082332344
2463,INPUT_L_90_5.txt,OUTPUT_SKIN8_90_5.txt,0.035632488,13,0.035636705,0.035634008,0.035634897,0.035635484,0.048481309
2464,INPUT_L_90_5.txt,OUTPUT_SKIN9_90_5.txt,0.066334487,13,0.066324857,0.066308796,0.066322343,0.066340508,0.07408472
2465,INPUT_LN1_90_5.txt,OUTPUT_BM1_90_5.txt,NA,13,NA,NA,NA,NA,NA
2466,INPUT_LN1_90_5.txt,OUTPUT_BM2_90_5.txt,1.043610587,13,1.042853775,1.04254762,1.042615899,1.04233498,1.236502975
2467,INPUT_LN1_90_5.txt,OUTPUT_GUT_90_5.txt,0.832281437,13,0.832326606,0.83229881,0.83229881,0.832232794,0.850621876
2468,INPUT_LN1_90_5.txt,OUTPUT_L_90_5.txt,0.886731271,13,0.886446089,0.886474111,0.88636697,0.886426309,0.946626167
2469,INPUT_LN1_90_5.txt,OUTPUT_LN1_90_5.txt,-466346,13,-466346,-466346,-466346,-466346,-518212.5
2470,INPUT_LN1_90_5.txt,OUTPUT_LN2_90_5.txt,0.035928728,13,0.035932629,0.03592848,0.03593393,0.035936257,0.034358928
2471,INPUT_LN1_90_5.txt,OUTPUT_LUNG_90_5.txt,0.347499696,13,0.347705394,0.347444596,0.347668842,0.347437998,0.397488402
2472,INPUT_LN1_90_5.txt,OUTPUT_S_90_5.txt,3.921144692,13,3.921144692,3.921144692,3.921144692,3.921144692,4.021553774
2473,INPUT_LN1_90_5.txt,OUTPUT_SKIN1_90_5.txt,0.069195447,13,0.069211469,0.069177699,0.069192662,0.069167544,0.065999146
2474,INPUT_LN1_90_5.txt,OUTPUT_SKIN10_90_5.txt,0.01815107,13,0.018151461,0.018148878,0.018149623,0.018148616,0.017736315
2475,INPUT_LN1_90_5.txt,OUTPUT_SKIN11_90_5.txt,0.027300867,13,0.027298818,0.027300757,0.027299205,0.027300646,0.025759295
2476,INPUT_LN1_90_5.txt,OUTPUT_SKIN12_90_5.txt,0.150653368,13,0.150681369,0.150672133,0.150664178,0.150674717,0.146662146
2477,INPUT_LN1_90_5.txt,OUTPUT_SKIN2_90_5.txt,0.11563217,13,0.115592982,0.115575864,0.115595277,0.115533996,0.119905696
2478,INPUT_LN1_90_5.txt,OUTPUT_SKIN3_90_5.txt,0.047531908,13,0.047531908,0.047531574,0.047531908,0.047531908,0.048125102
2479,INPUT_LN1_90_5.txt,OUTPUT_SKIN4_90_5.txt,0.131227413,13,0.131200912,0.131318484,0.131249014,0.131250225,0.138216337
2480,INPUT_LN1_90_5.txt,OUTPUT_SKIN5_90_5.txt,0.027587056,13,0.02758689,0.027588837,0.0275891,0.02758905,0.028540127
2481,INPUT_LN1_90_5.txt,OUTPUT_SKIN6_90_5.txt,0.122738161,13,0.122663602,0.122835995,0.122719327,0.122684059,0.132336911
2482,INPUT_LN1_90_5.txt,OUTPUT_SKIN7_90_5.txt,0.124631172,13,0.124586837,0.124614712,0.124606737,0.124615816,0.126126191
2483,INPUT_LN1_90_5.txt,OUTPUT_SKIN8_90_5.txt,0.130255969,13,0.13027124,0.130276558,0.130274489,0.130269693,0.130341191
2484,INPUT_LN1_90_5.txt,OUTPUT_SKIN9_90_5.txt,0.186817683,13,0.186758754,0.186718383,0.186747682,0.186799397,0.174650171
2485,INPUT_LN2_90_5.txt,OUTPUT_BM1_90_5.txt,NA,13,NA,NA,NA,NA,NA
2486,INPUT_LN2_90_5.txt,OUTPUT_BM2_90_5.txt,10.69616362,13,10.69015632,10.68786323,10.68833379,10.68605254,11.07420954
2487,INPUT_LN2_90_5.txt,OUTPUT_GUT_90_5.txt,0.791823221,13,0.791824536,0.791843124,0.791783267,0.791693581,0.890351995
2488,INPUT_LN2_90_5.txt,OUTPUT_L_90_5.txt,2.670855322,13,2.669892387,2.67009666,2.669618936,2.669728525,2.525266367
2489,INPUT_LN2_90_5.txt,OUTPUT_LN1_90_5.txt,0.031918435,13,0.0319167,0.031918557,0.031916122,0.031915087,0.031788991
2490,INPUT_LN2_90_5.txt,OUTPUT_LN2_90_5.txt,-524546,13,-524574.5,-524544,-524584,-524601,-582620
2491,INPUT_LN2_90_5.txt,OUTPUT_LUNG_90_5.txt,0.445373341,13,0.445616694,0.445303515,0.445561439,0.445247836,0.430486398
2492,INPUT_LN2_90_5.txt,OUTPUT_S_90_5.txt,11.23798275,13,11.23799263,11.23798284,11.2379959,11.23800172,2.00665237
2493,INPUT_LN2_90_5.txt,OUTPUT_SKIN1_90_5.txt,0.067785679,13,0.0677506,0.067797011,0.067761243,0.067763272,0.068890786
2494,INPUT_LN2_90_5.txt,OUTPUT_SKIN10_90_5.txt,0.021038624,13,0.021038223,0.021035112,0.02103461,0.021032325,0.02002551
2495,INPUT_LN2_90_5.txt,OUTPUT_SKIN11_90_5.txt,0.045552885,13,0.045546759,0.045552862,0.045546624,0.04554771,0.044133951
2496,INPUT_LN2_90_5.txt,OUTPUT_SKIN12_90_5.txt,0.119051695,13,0.119070028,0.119071231,0.119053546,0.119061139,0.112352604
2497,INPUT_LN2_90_5.txt,OUTPUT_SKIN2_90_5.txt,0.149383062,13,0.149559482,0.14961742,0.149553545,0.149510845,0.152076341
2498,INPUT_LN2_90_5.txt,OUTPUT_SKIN3_90_5.txt,0.044701991,13,0.04469956,0.044701869,0.04469875,0.0446973,0.041650615
2499,INPUT_LN2_90_5.txt,OUTPUT_SKIN4_90_5.txt,0.174633284,13,0.174589252,0.174713105,0.174643283,0.174682663,0.190594412
2500,INPUT_LN2_90_5.txt,OUTPUT_SKIN5_90_5.txt,0.02217267,13,0.022171267,0.022175166,0.022173831,0.022173072,0.023719064
2501,INPUT_LN2_90_5.txt,OUTPUT_SKIN6_90_5.txt,0.100124312,13,0.100037098,0.100039988,0.100034642,0.100048544,0.100350911
2502,INPUT_LN2_90_5.txt,OUTPUT_SKIN7_90_5.txt,0.13229988,13,0.132355452,0.132327706,0.132357294,0.132340377,0.132674407
2503,INPUT_LN2_90_5.txt,OUTPUT_SKIN8_90_5.txt,0.090983734,13,0.090973673,0.090973459,0.09096277,0.090964738,0.111654384
2504,INPUT_LN2_90_5.txt,OUTPUT_SKIN9_90_5.txt,0.10998396,13,0.109947029,0.109927447,0.109932834,0.10996243,0.102788953
2505,INPUT_LUNG_90_5.txt,OUTPUT_BM1_90_5.txt,NA,13,NA,NA,NA,NA,NA
2506,INPUT_LUNG_90_5.txt,OUTPUT_BM2_90_5.txt,1.204133789,13,1.202825457,1.202900848,1.202597902,1.202648069,1.22225242
2507,INPUT_LUNG_90_5.txt,OUTPUT_GUT_90_5.txt,0.438462951,13,0.438353846,0.43850817,0.438362428,0.438476626,0.438256373
2508,INPUT_LUNG_90_5.txt,OUTPUT_L_90_5.txt,1.349394706,13,1.348528906,1.349085554,1.348472236,1.349020893,1.354844736
2509,INPUT_LUNG_90_5.txt,OUTPUT_LN1_90_5.txt,0.026387114,13,0.026379126,0.026389254,0.026380542,0.026389512,0.028747899
2510,INPUT_LUNG_90_5.txt,OUTPUT_LN2_90_5.txt,0.055731068,13,0.055720249,0.055734783,0.055725261,0.055747831,0.064416183
2511,INPUT_LUNG_90_5.txt,OUTPUT_LUNG_90_5.txt,-512250,13,-512405,-512208.5,-512377.5,-512203.5,-568477
2512,INPUT_LUNG_90_5.txt,OUTPUT_S_90_5.txt,1.617722275,13,1.617241286,1.617851206,1.617326757,1.617866626,1.610303074
2513,INPUT_LUNG_90_5.txt,OUTPUT_SKIN1_90_5.txt,0.05669428,13,0.056675461,0.056690266,0.05667,0.056653107,0.073123498
2514,INPUT_LUNG_90_5.txt,OUTPUT_SKIN10_90_5.txt,0.013983354,13,0.013979625,0.013982271,0.013978349,0.013982056,0.013288841
2515,INPUT_LUNG_90_5.txt,OUTPUT_SKIN11_90_5.txt,0.022126059,13,0.022117816,0.02212777,0.022119296,0.022127902,0.027766651
2516,INPUT_LUNG_90_5.txt,OUTPUT_SKIN12_90_5.txt,0.093716669,13,0.09370765,0.093739222,0.093701462,0.093742369,0.099899676
2517,INPUT_LUNG_90_5.txt,OUTPUT_SKIN2_90_5.txt,0.235719699,13,0.235600647,0.235701189,0.235581289,0.235649547,0.247672042
2518,INPUT_LUNG_90_5.txt,OUTPUT_SKIN3_90_5.txt,0.042878203,13,0.042865216,0.042881455,0.042867517,0.042882101,0.050039125
2519,INPUT_LUNG_90_5.txt,OUTPUT_SKIN4_90_5.txt,0.106806735,13,0.106755907,0.106855758,0.106791902,0.106854431,0.114816494
2520,INPUT_LUNG_90_5.txt,OUTPUT_SKIN5_90_5.txt,0.015253295,13,0.015248543,0.015256187,0.015251397,0.015256553,0.016761993
2521,INPUT_LUNG_90_5.txt,OUTPUT_SKIN6_90_5.txt,0.192056183,13,0.191822015,0.192180438,0.191983025,0.192071505,0.197305558
2522,INPUT_LUNG_90_5.txt,OUTPUT_SKIN7_90_5.txt,0.185237946,13,0.185265115,0.185286447,0.185245621,0.185280479,0.188090583
2523,INPUT_LUNG_90_5.txt,OUTPUT_SKIN8_90_5.txt,0.070033116,13,0.070008023,0.070030726,0.070004708,0.070032295,0.094277909
2524,INPUT_LUNG_90_5.txt,OUTPUT_SKIN9_90_5.txt,0.70946603,13,0.708976024,0.709078128,0.708933737,0.709464374,0.698787583
2525,INPUT_S_90_5.txt,OUTPUT_BM1_90_5.txt,NA,13,NA,NA,NA,NA,NA
2526,INPUT_S_90_5.txt,OUTPUT_BM2_90_5.txt,128.766994,13,128.6494445,128.6018255,128.6122716,128.5687531,134.4154673
2527,INPUT_S_90_5.txt,OUTPUT_GUT_90_5.txt,2.96499285,13,2.965165575,2.965059282,2.965059282,2.964806844,2.951553587
2528,INPUT_S_90_5.txt,OUTPUT_L_90_5.txt,29.45772495,13,29.44733155,29.44835279,29.44444812,29.44661068,30.44851882
2529,INPUT_S_90_5.txt,OUTPUT_LN1_90_5.txt,0.130089044,13,0.130089044,0.130089044,0.130089044,0.130089044,0.077365894
2530,INPUT_S_90_5.txt,OUTPUT_LN2_90_5.txt,0.628426147,13,0.628497484,0.628407025,0.628521264,0.628563819,0.653215215
2531,INPUT_S_90_5.txt,OUTPUT_LUNG_90_5.txt,5.831622629,13,5.835311305,5.830637816,5.834660672,5.830516259,6.082932984
2532,INPUT_S_90_5.txt,OUTPUT_S_90_5.txt,-70633,13,-70633,-70633,-70633,-70633,-78502.5
2533,INPUT_S_90_5.txt,OUTPUT_SKIN1_90_5.txt,0.281950857,13,0.281949373,0.281911656,0.281910235,0.281768488,0.270718074
2534,INPUT_S_90_5.txt,OUTPUT_SKIN10_90_5.txt,0.083136923,13,0.083139829,0.083124868,0.083128788,0.083122771,0.078612271
2535,INPUT_S_90_5.txt,OUTPUT_SKIN11_90_5.txt,0.114345039,13,0.114337241,0.114344618,0.114338716,0.114344196,0.106923369
2536,INPUT_S_90_5.txt,OUTPUT_SKIN12_90_5.txt,0.646229869,13,0.646362583,0.64633073,0.646285663,0.646345158,0.631646195
2537,INPUT_S_90_5.txt,OUTPUT_SKIN2_90_5.txt,0.85852003,13,0.85839222,0.858420027,0.858382052,0.858224482,0.877173639
2538,INPUT_S_90_5.txt,OUTPUT_SKIN3_90_5.txt,0.170396319,13,0.170396319,0.170396142,0.170396319,0.170396319,0.159551983
2539,INPUT_S_90_5.txt,OUTPUT_SKIN4_90_5.txt,0.702184706,13,0.702108191,0.702365741,0.702235833,0.702329364,0.673269628
2540,INPUT_S_90_5.txt,OUTPUT_SKIN5_90_5.txt,0.158567233,13,0.158565892,0.158583367,0.158585747,0.158585464,0.154130146
2541,INPUT_S_90_5.txt,OUTPUT_SKIN6_90_5.txt,0.591910641,13,0.591456817,0.592176778,0.591716715,0.591825949,0.587647218
2542,INPUT_S_90_5.txt,OUTPUT_SKIN7_90_5.txt,0.669653255,13,0.669783729,0.669708795,0.669765574,0.66971601,0.67415323
2543,INPUT_S_90_5.txt,OUTPUT_SKIN8_90_5.txt,0.677837103,13,0.677838427,0.677819934,0.677797224,0.67781365,0.290264599
2544,INPUT_S_90_5.txt,OUTPUT_SKIN9_90_5.txt,0.98882402,13,0.988498435,0.98826854,0.988395817,0.98873325,0.928384522
2545,INPUT_SKIN1_90_5.txt,OUTPUT_BM1_90_5.txt,NA,13,NA,NA,NA,NA,NA
2546,INPUT_SKIN1_90_5.txt,OUTPUT_BM2_90_5.txt,1.76052058,13,1.76001756,1.75991073,1.759994422,1.760363796,1.713211524
2547,INPUT_SKIN1_90_5.txt,OUTPUT_GUT_90_5.txt,0.864997494,13,0.86505186,0.865080094,0.86509328,0.865314534,0.861422894
2548,INPUT_SKIN1_90_5.txt,OUTPUT_L_90_5.txt,0.85837717,13,0.858185844,0.85825922,0.858195434,0.858514755,0.873151095
2549,INPUT_SKIN1_90_5.txt,OUTPUT_LN1_90_5.txt,0.021783689,13,0.021784036,0.021785383,0.021785718,0.021792711,0.020388037
2550,INPUT_SKIN1_90_5.txt,OUTPUT_LN2_90_5.txt,0.03178868,13,0.031792621,0.031790715,0.031796224,0.031808483,0.028692612
2551,INPUT_SKIN1_90_5.txt,OUTPUT_LUNG_90_5.txt,0.226473151,13,0.226604248,0.226456576,0.226599043,0.22652883,0.259781526
2552,INPUT_SKIN1_90_5.txt,OUTPUT_S_90_5.txt,0.83627385,13,0.836287559,0.836338774,0.836352042,0.836621586,0.848782061
2553,INPUT_SKIN1_90_5.txt,OUTPUT_SKIN1_90_5.txt,-977348,13,-977332.5,-977272,-977257,-976943.5,-1086255.5
2554,INPUT_SKIN1_90_5.txt,OUTPUT_SKIN10_90_5.txt,0.02299945,13,0.023000564,0.022997615,0.022999085,0.023004842,0.022035554
2555,INPUT_SKIN1_90_5.txt,OUTPUT_SKIN11_90_5.txt,0.050811839,13,0.050809056,0.050815595,0.05081366,0.050832498,0.056820512
2556,INPUT_SKIN1_90_5.txt,OUTPUT_SKIN12_90_5.txt,0.209180949,13,0.209226125,0.209229464,0.209218161,0.209304858,0.213352006
2557,INPUT_SKIN1_90_5.txt,OUTPUT_SKIN2_90_5.txt,0.524942241,13,0.524855597,0.525010643,0.524888085,0.524912194,0.522517725
2558,INPUT_SKIN1_90_5.txt,OUTPUT_SKIN3_90_5.txt,0.091400725,13,0.091402176,0.091406695,0.091409234,0.091438609,0.084613963
2559,INPUT_SKIN1_90_5.txt,OUTPUT_SKIN4_90_5.txt,0.30904037,13,0.308983182,0.309207439,0.309110058,0.309289889,0.308006455
2560,INPUT_SKIN1_90_5.txt,OUTPUT_SKIN5_90_5.txt,0.145403215,13,0.145404288,0.145430224,0.145434829,0.145481279,0.137892121
2561,INPUT_SKIN1_90_5.txt,OUTPUT_SKIN6_90_5.txt,0.608664611,13,0.608203583,0.609056807,0.608731977,0.608807599,0.653935712
2562,INPUT_SKIN1_90_5.txt,OUTPUT_SKIN7_90_5.txt,0.359008639,13,0.359174526,0.359098809,0.359171924,0.359232313,0.352565407
2563,INPUT_SKIN1_90_5.txt,OUTPUT_SKIN8_90_5.txt,0.094542781,13,0.094539058,0.094539353,0.094537037,0.094572383,0.085886777
2564,INPUT_SKIN1_90_5.txt,OUTPUT_SKIN9_90_5.txt,0.224595169,13,0.224529173,0.224493492,0.224522963,0.224669266,0.260185478
2565,INPUT_SKIN10_90_5.txt,OUTPUT_BM1_90_5.txt,NA,13,NA,NA,NA,NA,NA
2566,INPUT_SKIN10_90_5.txt,OUTPUT_BM2_90_5.txt,2.638284784,13,2.636615911,2.636230754,2.636334148,2.635834483,2.969135439
2567,INPUT_SKIN10_90_5.txt,OUTPUT_GUT_90_5.txt,3.417650657,13,3.417739659,3.417980993,3.417901716,3.417796859,3.371273608
2568,INPUT_SKIN10_90_5.txt,OUTPUT_L_90_5.txt,5.957032608,13,5.955880093,5.956573125,5.956134769,5.956571789,5.907619559
2569,INPUT_SKIN10_90_5.txt,OUTPUT_LN1_90_5.txt,0.02605016,13,0.026049664,0.02605201,0.026051509,0.026052368,0.047969065
2570,INPUT_SKIN10_90_5.txt,OUTPUT_LN2_90_5.txt,0.352043351,13,0.352075642,0.352061204,0.352113713,0.352150448,0.345544256
2571,INPUT_SKIN10_90_5.txt,OUTPUT_LUNG_90_5.txt,0.323115045,13,0.323299473,0.323088538,0.323288833,0.323086972,0.296941936
2572,INPUT_SKIN10_90_5.txt,OUTPUT_S_90_5.txt,3.470720249,13,3.470625368,3.470969033,3.470908511,3.471044569,3.321647699
2573,INPUT_SKIN10_90_5.txt,OUTPUT_SKIN1_90_5.txt,0.338482816,13,0.338465109,0.338452881,0.338437636,0.338230282,0.366920021
2574,INPUT_SKIN10_90_5.txt,OUTPUT_SKIN10_90_5.txt,-473199,13,-473208,-473163,-473174.5,-473156.5,-525868
2575,INPUT_SKIN10_90_5.txt,OUTPUT_SKIN11_90_5.txt,0.119020969,13,0.11901029,0.119029588,0.119020325,0.119030771,0.119302588
2576,INPUT_SKIN10_90_5.txt,OUTPUT_SKIN12_90_5.txt,0.444045956,13,0.444128633,0.444150431,0.444107185,0.444166997,0.433182442
2577,INPUT_SKIN10_90_5.txt,OUTPUT_SKIN2_90_5.txt,0.663867707,13,0.663785908,0.663938224,0.663810787,0.663671642,0.651671564
2578,INPUT_SKIN10_90_5.txt,OUTPUT_SKIN3_90_5.txt,0.093666447,13,0.093664663,0.093673585,0.093671306,0.093674872,0.14494717
2579,INPUT_SKIN10_90_5.txt,OUTPUT_SKIN4_90_5.txt,0.393757304,13,0.393671619,0.39396688,0.393829244,0.393946233,0.378090768
2580,INPUT_SKIN10_90_5.txt,OUTPUT_SKIN5_90_5.txt,0.184173991,13,0.184168846,0.184198994,0.184206459,0.184204137,0.182617208
2581,INPUT_SKIN10_90_5.txt,OUTPUT_SKIN6_90_5.txt,0.752014938,13,0.751292674,0.752493696,0.75148331,0.75190331,0.749099797
2582,INPUT_SKIN10_90_5.txt,OUTPUT_SKIN7_90_5.txt,0.500834966,13,0.501050398,0.500960837,0.500996804,0.500937165,0.518637905
2583,INPUT_SKIN10_90_5.txt,OUTPUT_SKIN8_90_5.txt,0.084690702,13,0.08468445,0.084687517,0.084682076,0.084689755,0.177309802
2584,INPUT_SKIN10_90_5.txt,OUTPUT_SKIN9_90_5.txt,1.228565687,13,1.228126149,1.227977956,1.228088948,1.228575212,1.128245571
2585,INPUT_SKIN11_90_5.txt,OUTPUT_BM1_90_5.txt,NA,13,NA,NA,NA,NA,NA
2586,INPUT_SKIN11_90_5.txt,OUTPUT_BM2_90_5.txt,4.905869466,13,4.904722715,4.904026841,4.904299504,4.903669682,4.73159634
2587,INPUT_SKIN11_90_5.txt,OUTPUT_GUT_90_5.txt,3.694897643,13,3.69512848,3.694961525,3.695018537,3.694738324,3.889689502
2588,INPUT_SKIN11_90_5.txt,OUTPUT_L_90_5.txt,5.222839431,13,5.222519231,5.222390107,5.222341939,5.222314897,5.214259349
2589,INPUT_SKIN11_90_5.txt,OUTPUT_LN1_90_5.txt,0.093569164,13,0.093572474,0.093569343,0.093571848,0.093569522,0.087976758
2590,INPUT_SKIN11_90_5.txt,OUTPUT_LN2_90_5.txt,0.337801084,13,0.337850272,0.337794306,0.337860408,0.337874182,0.358105754
2591,INPUT_SKIN11_90_5.txt,OUTPUT_LUNG_90_5.txt,0.782171648,13,0.782629409,0.782057764,0.782547419,0.782045692,0.73094011
2592,INPUT_SKIN11_90_5.txt,OUTPUT_S_90_5.txt,5.694374754,13,5.69458101,5.694385902,5.694541988,5.694397051,5.622858948
2593,INPUT_SKIN11_90_5.txt,OUTPUT_SKIN1_90_5.txt,0.698893986,13,0.69890023,0.698785385,0.698786349,0.69832614,0.740350011
2594,INPUT_SKIN11_90_5.txt,OUTPUT_SKIN10_90_5.txt,0.077491447,13,0.077496793,0.077479516,0.077485337,0.077477875,0.082778239
2595,INPUT_SKIN11_90_5.txt,OUTPUT_SKIN11_90_5.txt,-523178.5,13,-523160,-523177.5,-523163.5,-523176.5,-581433
2596,INPUT_SKIN11_90_5.txt,OUTPUT_SKIN12_90_5.txt,0.624852601,13,0.624999522,0.624950404,0.624922852,0.624965971,0.630240435
2597,INPUT_SKIN11_90_5.txt,OUTPUT_SKIN2_90_5.txt,1.376472276,13,1.376295895,1.376422572,1.3761771,1.375856994,1.239863316
2598,INPUT_SKIN11_90_5.txt,OUTPUT_SKIN3_90_5.txt,1.773062506,13,1.773117715,1.77295958,1.77310727,1.773068475,1.676843757
2599,INPUT_SKIN11_90_5.txt,OUTPUT_SKIN4_90_5.txt,1.087961514,13,1.087783176,1.088458505,1.088132124,1.088382777,1.087859142
2600,INPUT_SKIN11_90_5.txt,OUTPUT_SKIN5_90_5.txt,0.101467583,13,0.101470275,0.101478773,0.101483115,0.10148041,0.109313777
2601,INPUT_SKIN11_90_5.txt,OUTPUT_SKIN6_90_5.txt,1.478439811,13,1.477043132,1.47931379,1.477087019,1.478001491,1.456389882
2602,INPUT_SKIN11_90_5.txt,OUTPUT_SKIN7_90_5.txt,0.935004406,13,0.935453086,0.93518024,0.935327117,0.935161543,0.972196323
2603,INPUT_SKIN11_90_5.txt,OUTPUT_SKIN8_90_5.txt,0.343999376,13,0.343992865,0.343961337,0.34395688,0.343966286,0.325615951
2604,INPUT_SKIN11_90_5.txt,OUTPUT_SKIN9_90_5.txt,0.624181763,13,0.623992521,0.623834037,0.623922931,0.624131214,0.583361752
2605,INPUT_SKIN12_90_5.txt,OUTPUT_BM1_90_5.txt,NA,13,NA,NA,NA,NA,NA
2606,INPUT_SKIN12_90_5.txt,OUTPUT_BM2_90_5.txt,6.135318579,13,6.131304379,6.129776999,6.13023932,6.128676259,5.636389715
2607,INPUT_SKIN12_90_5.txt,OUTPUT_GUT_90_5.txt,0.793892561,13,0.79385744,0.793848535,0.793875981,0.79377528,0.735317348
2608,INPUT_SKIN12_90_5.txt,OUTPUT_L_90_5.txt,2.137593882,13,2.136750478,2.136850483,2.136653917,2.136716214,2.052215511
2609,INPUT_SKIN12_90_5.txt,OUTPUT_LN1_90_5.txt,0.052097283,13,0.052091993,0.052093213,0.052095046,0.052092603,0.048272736
2610,INPUT_SKIN12_90_5.txt,OUTPUT_LN2_90_5.txt,86.57468685,13,86.58270297,86.57594246,86.579673,86.5836596,86.29737686
2611,INPUT_SKIN12_90_5.txt,OUTPUT_LUNG_90_5.txt,46.84723532,13,46.85156826,46.86011635,46.84388466,46.86201773,46.97091365
2612,INPUT_SKIN12_90_5.txt,OUTPUT_S_90_5.txt,1.762360746,13,1.762221064,1.762250217,1.762300924,1.762233059,1.721322415
2613,INPUT_SKIN12_90_5.txt,OUTPUT_SKIN1_90_5.txt,0.589268569,13,0.589189948,0.589131145,0.589134096,0.58873346,0.584016127
2614,INPUT_SKIN12_90_5.txt,OUTPUT_SKIN10_90_5.txt,0.015505759,13,0.015504775,0.015502191,0.015503488,0.015501584,0.013980346
2615,INPUT_SKIN12_90_5.txt,OUTPUT_SKIN11_90_5.txt,0.112736722,13,0.112717289,0.112727479,0.112725407,0.112725726,0.112455781
2616,INPUT_SKIN12_90_5.txt,OUTPUT_SKIN12_90_5.txt,-896856,13,-896947,-896926,-896894.5,-896936.5,-996257.5
2617,INPUT_SKIN12_90_5.txt,OUTPUT_SKIN2_90_5.txt,0.851782888,13,0.851604019,0.85177205,0.851654013,0.85136589,0.853134531
2618,INPUT_SKIN12_90_5.txt,OUTPUT_SKIN3_90_5.txt,0.107367285,13,0.10735638,0.107358895,0.107362672,0.10735764,0.101516874
2619,INPUT_SKIN12_90_5.txt,OUTPUT_SKIN4_90_5.txt,0.189835906,13,0.189778496,0.189908968,0.18985288,0.189893188,0.262377586
2620,INPUT_SKIN12_90_5.txt,OUTPUT_SKIN5_90_5.txt,0.08558346,13,0.085574009,0.085586063,0.085590441,0.085586278,0.085292932
2621,INPUT_SKIN12_90_5.txt,OUTPUT_SKIN6_90_5.txt,0.918478699,13,0.917549436,0.918918063,0.918307447,0.918208773,0.913224303
2622,INPUT_SKIN12_90_5.txt,OUTPUT_SKIN7_90_5.txt,0.337748364,13,0.337866833,0.337783802,0.337856413,0.337786595,0.315423111
2623,INPUT_SKIN12_90_5.txt,OUTPUT_SKIN8_90_5.txt,0.178695724,13,0.178667871,0.178661561,0.178660698,0.178661705,0.165022623
2624,INPUT_SKIN12_90_5.txt,OUTPUT_SKIN9_90_5.txt,0.117964026,13,0.117911839,0.117887234,0.117905828,0.117942918,0.173910398
2625,INPUT_SKIN2_90_5.txt,OUTPUT_BM1_90_5.txt,NA,13,NA,NA,NA,NA,NA
2626,INPUT_SKIN2_90_5.txt,OUTPUT_BM2_90_5.txt,3.192570882,13,3.193207163,3.193020152,3.19336735,3.193888101,3.192735608
2627,INPUT_SKIN2_90_5.txt,OUTPUT_GUT_90_5.txt,11.07334458,13,11.07409279,11.07311358,11.07452856,11.07575563,11.08438402
2628,INPUT_SKIN2_90_5.txt,OUTPUT_L_90_5.txt,3.124370342,13,3.124739378,3.12434142,3.124790089,3.125100943,3.124227175
2629,INPUT_SKIN2_90_5.txt,OUTPUT_LN1_90_5.txt,0.182495138,13,0.182504807,0.182488749,0.182504513,0.182530822,0.164527231
2630,INPUT_SKIN2_90_5.txt,OUTPUT_LN2_90_5.txt,11.40767754,13,11.40722785,11.40778429,11.40730944,11.40762756,11.38695531
2631,INPUT_SKIN2_90_5.txt,OUTPUT_LUNG_90_5.txt,0.361562968,13,0.361775287,0.361497786,0.361740185,0.361575109,0.47467303
2632,INPUT_SKIN2_90_5.txt,OUTPUT_S_90_5.txt,2.902782672,13,2.90293614,2.902586357,2.90293241,2.903257293,2.909804312
2633,INPUT_SKIN2_90_5.txt,OUTPUT_SKIN1_90_5.txt,7.40287283,13,7.402687289,7.401976026,7.402231535,7.397964443,7.259995454
2634,INPUT_SKIN2_90_5.txt,OUTPUT_SKIN10_90_5.txt,0.1736262,13,0.173642299,0.173593997,0.173617415,0.173629307,0.187123141
2635,INPUT_SKIN2_90_5.txt,OUTPUT_SKIN11_90_5.txt,1.460387926,13,1.460348695,1.460315027,1.4603662,1.460650183,1.435015722
2636,INPUT_SKIN2_90_5.txt,OUTPUT_SKIN12_90_5.txt,1.009408523,13,1.009648613,1.009521331,1.009544203,1.009770643,0.912152927
2637,INPUT_SKIN2_90_5.txt,OUTPUT_SKIN2_90_5.txt,-565025.5,13,-564995,-565044.5,-564996,-564914.5,-627128
2638,INPUT_SKIN2_90_5.txt,OUTPUT_SKIN3_90_5.txt,0.097898127,13,0.097903452,0.097894869,0.097903281,0.097917356,0.088378569
2639,INPUT_SKIN2_90_5.txt,OUTPUT_SKIN4_90_5.txt,91.53104782,13,91.54441694,91.5487722,91.55606426,91.56258217,91.53805649
2640,INPUT_SKIN2_90_5.txt,OUTPUT_SKIN5_90_5.txt,8.271038458,13,8.270894359,8.270926405,8.271913867,8.273228275,8.056486076
2641,INPUT_SKIN2_90_5.txt,OUTPUT_SKIN6_90_5.txt,6.570431077,13,6.563505461,6.573351089,6.567746335,6.566531074,6.396981164
2642,INPUT_SKIN2_90_5.txt,OUTPUT_SKIN7_90_5.txt,0.917275229,13,0.91773932,0.917410301,0.917645198,0.917630692,0.991453564
2643,INPUT_SKIN2_90_5.txt,OUTPUT_SKIN8_90_5.txt,0.529582408,13,0.529580982,0.529505094,0.529529779,0.529632222,0.477071859
2644,INPUT_SKIN2_90_5.txt,OUTPUT_SKIN9_90_5.txt,1.576505607,13,1.576352646,1.575969144,1.576226678,1.576719859,1.539143931
2645,INPUT_SKIN3_90_5.txt,OUTPUT_BM1_90_5.txt,NA,13,NA,NA,NA,NA,NA
2646,INPUT_SKIN3_90_5.txt,OUTPUT_BM2_90_5.txt,2.231900997,13,2.230390525,2.229783393,2.229928461,2.229361641,2.221824058
2647,INPUT_SKIN3_90_5.txt,OUTPUT_GUT_90_5.txt,2.530960186,13,2.531091379,2.53101051,2.531010645,2.530818903,2.271393401
2648,INPUT_SKIN3_90_5.txt,OUTPUT_L_90_5.txt,17.609849,13,17.61085887,17.61076763,17.61113913,17.61092894,17.38236197
2649,INPUT_SKIN3_90_5.txt,OUTPUT_LN1_90_5.txt,0.084559297,13,0.084559297,0.084559297,0.084559297,0.084559297,0.080898147
2650,INPUT_SKIN3_90_5.txt,OUTPUT_LN2_90_5.txt,0.229758464,13,0.22978413,0.229754112,0.229792686,0.229807996,0.227687383
2651,INPUT_SKIN3_90_5.txt,OUTPUT_LUNG_90_5.txt,0.447323151,13,0.447587183,0.447252415,0.447540255,0.447243956,0.411987118
2652,INPUT_SKIN3_90_5.txt,OUTPUT_S_90_5.txt,3.545362173,13,3.545362173,3.54536226,3.545362173,3.545362173,3.600295923
2653,INPUT_SKIN3_90_5.txt,OUTPUT_SKIN1_90_5.txt,0.400677431,13,0.400664619,0.400615622,0.400603182,0.400349933,0.373405113
2654,INPUT_SKIN3_90_5.txt,OUTPUT_SKIN10_90_5.txt,0.120327914,13,0.120332472,0.120309733,0.120315512,0.120306429,0.108253493
2655,INPUT_SKIN3_90_5.txt,OUTPUT_SKIN11_90_5.txt,0.146625546,13,0.146615163,0.146624984,0.146617127,0.146624423,0.133195921
2656,INPUT_SKIN3_90_5.txt,OUTPUT_SKIN12_90_5.txt,0.504499366,13,0.50460282,0.504579204,0.504542728,0.504591043,0.499634081
2657,INPUT_SKIN3_90_5.txt,OUTPUT_SKIN2_90_5.txt,0.912011036,13,0.9119214,0.912028583,0.911881885,0.911659698,0.883981365
2658,INPUT_SKIN3_90_5.txt,OUTPUT_SKIN3_90_5.txt,-377455.5,13,-377455.5,-377455.5,-377455.5,-377455.5,-419438
2659,INPUT_SKIN3_90_5.txt,OUTPUT_SKIN4_90_5.txt,0.579292787,13,0.579176364,0.579562372,0.579369763,0.57951909,0.567901183
2660,INPUT_SKIN3_90_5.txt,OUTPUT_SKIN5_90_5.txt,0.082886285,13,0.082885546,0.082895303,0.082896635,0.082896487,0.076257207
2661,INPUT_SKIN3_90_5.txt,OUTPUT_SKIN6_90_5.txt,0.93728601,13,0.936347001,0.937815715,0.93709265,0.937105017,0.989467126
2662,INPUT_SKIN3_90_5.txt,OUTPUT_SKIN7_90_5.txt,0.595343868,13,0.595609708,0.595451043,0.595556949,0.595465366,0.553121721
2663,INPUT_SKIN3_90_5.txt,OUTPUT_SKIN8_90_5.txt,0.382016628,13,0.381996061,0.381973771,0.381958579,0.381978477,0.356288163
2664,INPUT_SKIN3_90_5.txt,OUTPUT_SKIN9_90_5.txt,0.536729632,13,0.536560318,0.536438082,0.536502557,0.536682458,0.481130961
2665,INPUT_SKIN4_90_5.txt,OUTPUT_BM1_90_5.txt,NA,13,NA,NA,NA,NA,NA
2666,INPUT_SKIN4_90_5.txt,OUTPUT_BM2_90_5.txt,0.92592616,13,0.92544229,0.924901347,0.925110744,0.924772976,0.925256261
2667,INPUT_SKIN4_90_5.txt,OUTPUT_GUT_90_5.txt,2.035590326,13,2.03587508,2.035175507,2.035494076,2.035101734,2.336742926
2668,INPUT_SKIN4_90_5.txt,OUTPUT_L_90_5.txt,1.447264864,13,1.447080966,1.446627775,1.446745485,1.446625085,1.501311758
2669,INPUT_SKIN4_90_5.txt,OUTPUT_LN1_90_5.txt,0.014839132,13,0.014840624,0.014835694,0.014838148,0.014836221,0.013831887
2670,INPUT_SKIN4_90_5.txt,OUTPUT_LN2_90_5.txt,0.100998744,13,0.101020137,0.100971732,0.101007003,0.101000577,0.108230028
2671,INPUT_SKIN4_90_5.txt,OUTPUT_LUNG_90_5.txt,0.1330985,13,0.13319031,0.133046628,0.133154135,0.133048846,0.121863405
2672,INPUT_SKIN4_90_5.txt,OUTPUT_S_90_5.txt,2.132926824,13,2.13314352,2.132428155,2.132783982,2.132503008,2.130557861
2673,INPUT_SKIN4_90_5.txt,OUTPUT_SKIN1_90_5.txt,0.220387249,13,0.220402378,0.220301858,0.220331578,0.220161966,0.21413327
2674,INPUT_SKIN4_90_5.txt,OUTPUT_SKIN10_90_5.txt,0.030327626,13,0.030331633,0.03031579,0.030322279,0.030316236,0.033834501
2675,INPUT_SKIN4_90_5.txt,OUTPUT_SKIN11_90_5.txt,0.072723338,13,0.072725506,0.072706197,0.07271434,0.072708503,0.07165278
2676,INPUT_SKIN4_90_5.txt,OUTPUT_SKIN12_90_5.txt,0.303338174,13,0.303430577,0.303315608,0.303343909,0.303333419,0.30531877
2677,INPUT_SKIN4_90_5.txt,OUTPUT_SKIN2_90_5.txt,0.502785411,13,0.502752149,0.50267622,0.502641123,0.502455581,0.517619345
2678,INPUT_SKIN4_90_5.txt,OUTPUT_SKIN3_90_5.txt,0.092110344,13,0.092119599,0.09208798,0.092104239,0.092092269,0.094378095
2679,INPUT_SKIN4_90_5.txt,OUTPUT_SKIN4_90_5.txt,-731431.5,13,-731358,-731601,-731480,-731575,-812617.5
2680,INPUT_SKIN4_90_5.txt,OUTPUT_SKIN5_90_5.txt,0.10106983,13,0.101079105,0.101057336,0.101075694,0.101062366,0.095854593
2681,INPUT_SKIN4_90_5.txt,OUTPUT_SKIN6_90_5.txt,0.391832385,13,0.39154602,0.39196877,0.391801027,0.391697736,0.379339534
2682,INPUT_SKIN4_90_5.txt,OUTPUT_SKIN7_90_5.txt,0.240924389,13,0.241057051,0.240910495,0.240982887,0.240914855,0.225353131
2683,INPUT_SKIN4_90_5.txt,OUTPUT_SKIN8_90_5.txt,0.055393532,13,0.055396065,0.055374388,0.055381347,0.055377068,0.050795846
2684,INPUT_SKIN4_90_5.txt,OUTPUT_SKIN9_90_5.txt,0.380823023,13,0.380740948,0.380530261,0.380637317,0.380715824,0.364326682
2685,INPUT_SKIN5_90_5.txt,OUTPUT_BM1_90_5.txt,NA,13,NA,NA,NA,NA,NA
2686,INPUT_SKIN5_90_5.txt,OUTPUT_BM2_90_5.txt,0.69700256,13,0.696484162,0.696233554,0.6962777,0.696082741,0.721926471
2687,INPUT_SKIN5_90_5.txt,OUTPUT_GUT_90_5.txt,0.338823733,13,0.338843887,0.33881245,0.338809727,0.33878275,0.364759061
2688,INPUT_SKIN5_90_5.txt,OUTPUT_L_90_5.txt,2.529544512,13,2.528855695,2.528775025,2.528492264,2.528636773,2.538738571
2689,INPUT_SKIN5_90_5.txt,OUTPUT_LN1_90_5.txt,0.031004537,13,0.031004675,0.031002853,0.031002604,0.031002632,0.029316519
2690,INPUT_SKIN5_90_5.txt,OUTPUT_LN2_90_5.txt,0.158812892,13,0.158831349,0.158799486,0.158826644,0.158837371,0.161507679
2691,INPUT_SKIN5_90_5.txt,OUTPUT_LUNG_90_5.txt,0.86566085,13,0.866166935,0.865488784,0.866034466,0.865456427,0.141783111
2692,INPUT_SKIN5_90_5.txt,OUTPUT_S_90_5.txt,2.366385968,13,2.366394043,2.366254808,2.366235457,2.366234931,2.393275517
2693,INPUT_SKIN5_90_5.txt,OUTPUT_SKIN1_90_5.txt,0.152140706,13,0.152143865,0.152114896,0.152117083,0.152020265,0.179735616
2694,INPUT_SKIN5_90_5.txt,OUTPUT_SKIN10_90_5.txt,0.034863565,13,0.034864874,0.034856343,0.034857735,0.034855297,0.037991287
2695,INPUT_SKIN5_90_5.txt,OUTPUT_SKIN11_90_5.txt,0.069578517,13,0.069574734,0.069574514,0.06957086,0.069573797,0.069343146
2696,INPUT_SKIN5_90_5.txt,OUTPUT_SKIN12_90_5.txt,0.199606877,13,0.199648494,0.199627419,0.19961163,0.199630628,0.208235734
2697,INPUT_SKIN5_90_5.txt,OUTPUT_SKIN2_90_5.txt,0.315897353,13,0.31571498,0.315725809,0.315687079,0.315776691,0.325511255
2698,INPUT_SKIN5_90_5.txt,OUTPUT_SKIN3_90_5.txt,0.075058764,13,0.075059098,0.075054305,0.075054085,0.075054151,0.073657704
2699,INPUT_SKIN5_90_5.txt,OUTPUT_SKIN4_90_5.txt,0.159881312,13,0.159879601,0.159857537,0.159870098,0.159896063,0.160233154
2700,INPUT_SKIN5_90_5.txt,OUTPUT_SKIN5_90_5.txt,-561686.5,13,-561684,-561717,-561721.5,-561721,-623851
2701,INPUT_SKIN5_90_5.txt,OUTPUT_SKIN6_90_5.txt,0.363276638,13,0.363247181,0.363489537,0.363245128,0.363518521,0.366021676
2702,INPUT_SKIN5_90_5.txt,OUTPUT_SKIN7_90_5.txt,0.255306673,13,0.25540556,0.255332113,0.255364822,0.255330092,0.253216896
2703,INPUT_SKIN5_90_5.txt,OUTPUT_SKIN8_90_5.txt,0.100132344,13,0.100127862,0.100116397,0.100111673,0.100116739,0.095321501
2704,INPUT_SKIN5_90_5.txt,OUTPUT_SKIN9_90_5.txt,0.263577825,13,0.263492334,0.263416342,0.263446177,0.263538235,0.245622776
2705,INPUT_SKIN6_90_5.txt,OUTPUT_BM1_90_5.txt,NA,13,NA,NA,NA,NA,NA
2706,INPUT_SKIN6_90_5.txt,OUTPUT_BM2_90_5.txt,4.061796291,13,4.064543298,4.061343608,4.06310206,4.062992839,4.106802948
2707,INPUT_SKIN6_90_5.txt,OUTPUT_GUT_90_5.txt,14.2995696,13,14.30518223,14.29432498,14.30007465,14.29970235,14.46827724
2708,INPUT_SKIN6_90_5.txt,OUTPUT_L_90_5.txt,3.968014256,13,3.970377695,3.966978594,3.96883331,3.96848245,4.011397536
2709,INPUT_SKIN6_90_5.txt,OUTPUT_LN1_90_5.txt,0.068521208,13,0.068557267,0.068501809,0.068530764,0.068525695,0.062424767
2710,INPUT_SKIN6_90_5.txt,OUTPUT_LN2_90_5.txt,13.77793525,13,13.78484623,13.7730253,13.77809692,13.77648876,13.92078314
2711,INPUT_SKIN6_90_5.txt,OUTPUT_LUNG_90_5.txt,5.233044661,13,5.234768158,5.231659015,5.232844836,5.233649831,5.29364041
2712,INPUT_SKIN6_90_5.txt,OUTPUT_S_90_5.txt,2.642147238,13,2.643546448,2.641343721,2.642493723,2.642292261,2.961273679
2713,INPUT_SKIN6_90_5.txt,OUTPUT_SKIN1_90_5.txt,91.32864898,13,91.37936295,91.31124786,91.33983264,91.28757777,91.26770516
2714,INPUT_SKIN6_90_5.txt,OUTPUT_SKIN10_90_5.txt,4.644714677,13,4.647410357,4.642588957,4.644875426,4.644248854,4.759849412
2715,INPUT_SKIN6_90_5.txt,OUTPUT_SKIN11_90_5.txt,15.81868468,13,15.82659948,15.81485947,15.82049715,15.81997959,16.02035561
2716,INPUT_SKIN6_90_5.txt,OUTPUT_SKIN12_90_5.txt,30.98077096,13,30.98920938,30.96413987,30.98095944,30.97447656,31.25341022
2717,INPUT_SKIN6_90_5.txt,OUTPUT_SKIN2_90_5.txt,101.0644364,13,101.1030484,101.0053372,101.0568703,101.0138757,126.9022316
2718,INPUT_SKIN6_90_5.txt,OUTPUT_SKIN3_90_5.txt,20.50999918,13,20.52028645,20.50292658,20.51183719,20.50927527,20.82337309
2719,INPUT_SKIN6_90_5.txt,OUTPUT_SKIN4_90_5.txt,66.98554091,13,67.00731399,66.98333496,66.99430581,67.00325892,67.77917806
2720,INPUT_SKIN6_90_5.txt,OUTPUT_SKIN5_90_5.txt,13.58537573,13,13.59156104,13.5835513,13.58814754,13.58800357,13.72617184
2721,INPUT_SKIN6_90_5.txt,OUTPUT_SKIN6_90_5.txt,-1062439,13,-1061880.5,-1062740,-1062291,-1062369.5,-1179745.5
2722,INPUT_SKIN6_90_5.txt,OUTPUT_SKIN7_90_5.txt,209.437591,13,209.6811931,209.3768859,209.5792894,209.5130156,212.0089592
2723,INPUT_SKIN6_90_5.txt,OUTPUT_SKIN8_90_5.txt,0.199020422,13,0.199114208,0.198941152,0.199017498,0.199013278,0.181166977
2724,INPUT_SKIN6_90_5.txt,OUTPUT_SKIN9_90_5.txt,7.472114379,13,7.477088362,7.47137822,7.474105908,7.4728614,7.616015776
2725,INPUT_SKIN7_90_5.txt,OUTPUT_BM1_90_5.txt,NA,13,NA,NA,NA,NA,NA
2726,INPUT_SKIN7_90_5.txt,OUTPUT_BM2_90_5.txt,1.214168168,13,1.213355736,1.213309968,1.213306235,1.213200515,1.25170463
2727,INPUT_SKIN7_90_5.txt,OUTPUT_GUT_90_5.txt,2.041790194,13,2.041389132,2.041636314,2.041539197,2.041603043,2.251537817
2728,INPUT_SKIN7_90_5.txt,OUTPUT_L_90_5.txt,3.195159144,13,3.194632377,3.195061804,3.194987201,3.195202147,3.240005651
2729,INPUT_SKIN7_90_5.txt,OUTPUT_LN1_90_5.txt,0.040315083,13,0.040306035,0.040311611,0.040309752,0.04031294,0.037153833
2730,INPUT_SKIN7_90_5.txt,OUTPUT_LN2_90_5.txt,0.595653165,13,0.595579646,0.595597491,0.595654789,0.595737652,0.609629958
2731,INPUT_SKIN7_90_5.txt,OUTPUT_LUNG_90_5.txt,0.750581738,13,0.75075706,0.750423452,0.750764408,0.750437891,0.724224259
2732,INPUT_SKIN7_90_5.txt,OUTPUT_S_90_5.txt,1.479395685,13,1.479059711,1.479266714,1.479197301,1.479315624,1.452103198
2733,INPUT_SKIN7_90_5.txt,OUTPUT_SKIN1_90_5.txt,0.554385097,13,0.5542433,0.554251573,0.554209015,0.553898017,0.570105136
2734,INPUT_SKIN7_90_5.txt,OUTPUT_SKIN10_90_5.txt,0.218655243,13,0.218614639,0.218602813,0.218602298,0.218602857,0.201316708
2735,INPUT_SKIN7_90_5.txt,OUTPUT_SKIN11_90_5.txt,0.329301059,13,0.329203494,0.329271377,0.329238445,0.329280985,0.307359046
2736,INPUT_SKIN7_90_5.txt,OUTPUT_SKIN12_90_5.txt,0.927735316,13,0.927703271,0.92779419,0.927685227,0.927845661,0.991239729
2737,INPUT_SKIN7_90_5.txt,OUTPUT_SKIN2_90_5.txt,2.22540158,13,2.22465652,2.225353247,2.224869688,2.224398952,2.276735318
2738,INPUT_SKIN7_90_5.txt,OUTPUT_SKIN3_90_5.txt,0.355938074,13,0.355857812,0.355907228,0.355890768,0.355919073,0.323818906
2739,INPUT_SKIN7_90_5.txt,OUTPUT_SKIN4_90_5.txt,0.717307757,13,0.717002905,0.717575827,0.71730726,0.717550454,0.657638905
2740,INPUT_SKIN7_90_5.txt,OUTPUT_SKIN5_90_5.txt,0.880650645,13,0.880441541,0.880667647,0.880640722,0.880709758,0.811191721
2741,INPUT_SKIN7_90_5.txt,OUTPUT_SKIN6_90_5.txt,2.609669773,13,2.607530154,2.610899079,2.609809119,2.608882514,2.820604901
2742,INPUT_SKIN7_90_5.txt,OUTPUT_SKIN7_90_5.txt,-575149,13,-575278,-575198.5,-575225,-575179.5,-638903
2743,INPUT_SKIN7_90_5.txt,OUTPUT_SKIN8_90_5.txt,0.149932055,13,0.14989012,0.149902005,0.149889169,0.149908921,0.136848134
2744,INPUT_SKIN7_90_5.txt,OUTPUT_SKIN9_90_5.txt,0.795046794,13,0.794621361,0.794579463,0.794609084,0.79493533,0.739840926
2745,INPUT_SKIN8_90_5.txt,OUTPUT_BM1_90_5.txt,NA,13,NA,NA,NA,NA,NA
2746,INPUT_SKIN8_90_5.txt,OUTPUT_BM2_90_5.txt,2.460290569,13,2.458670881,2.458054919,2.45825465,2.457540312,2.487234414
2747,INPUT_SKIN8_90_5.txt,OUTPUT_GUT_90_5.txt,1.398851487,13,1.398969881,1.398965328,1.398992268,1.398843405,1.359259823
2748,INPUT_SKIN8_90_5.txt,OUTPUT_L_90_5.txt,1.553269417,13,1.552829829,1.552925598,1.552764264,1.552825397,1.604507869
2749,INPUT_SKIN8_90_5.txt,OUTPUT_LN1_90_5.txt,0.112098586,13,0.112101663,0.112104972,0.112107215,0.11210426,0.112916907
2750,INPUT_SKIN8_90_5.txt,OUTPUT_LN2_90_5.txt,0.192441358,13,0.192468218,0.192447438,0.19248491,0.192492701,0.183335342
2751,INPUT_SKIN8_90_5.txt,OUTPUT_LUNG_90_5.txt,0.493747135,13,0.494054824,0.493697988,0.494026889,0.493684882,0.459384481
2752,INPUT_SKIN8_90_5.txt,OUTPUT_S_90_5.txt,1.947219935,13,1.947296729,1.947356559,1.947385488,1.947331967,1.961219534
2753,INPUT_SKIN8_90_5.txt,OUTPUT_SKIN1_90_5.txt,0.425095817,13,0.425092755,0.425054516,0.425049024,0.424767504,0.431735779
2754,INPUT_SKIN8_90_5.txt,OUTPUT_SKIN10_90_5.txt,0.046272527,13,0.046275323,0.046267892,0.046271059,0.046266557,0.050987551
2755,INPUT_SKIN8_90_5.txt,OUTPUT_SKIN11_90_5.txt,0.079191064,13,0.079187631,0.079195265,0.07919261,0.079194461,0.080918391
2756,INPUT_SKIN8_90_5.txt,OUTPUT_SKIN12_90_5.txt,0.40674187,13,0.40683609,0.406829106,0.406808181,0.406835992,0.393694788
2757,INPUT_SKIN8_90_5.txt,OUTPUT_SKIN2_90_5.txt,0.611128226,13,0.611057489,0.611201392,0.611081817,0.610893567,0.628306879
2758,INPUT_SKIN8_90_5.txt,OUTPUT_SKIN3_90_5.txt,0.157281652,13,0.157285969,0.15728902,0.157293761,0.157289614,0.149552886
2759,INPUT_SKIN8_90_5.txt,OUTPUT_SKIN4_90_5.txt,0.450185502,13,0.450107756,0.450418132,0.450279365,0.450384292,0.470882627
2760,INPUT_SKIN8_90_5.txt,OUTPUT_SKIN5_90_5.txt,0.067853613,13,0.067854869,0.06786483,0.067867272,0.067865365,0.066369281
2761,INPUT_SKIN8_90_5.txt,OUTPUT_SKIN6_90_5.txt,0.586387153,13,0.585771338,0.586761266,0.585942776,0.586266972,0.605308619
2762,INPUT_SKIN8_90_5.txt,OUTPUT_SKIN7_90_5.txt,0.429574449,13,0.429781218,0.429681301,0.42979425,0.429715332,0.440604429
2763,INPUT_SKIN8_90_5.txt,OUTPUT_SKIN8_90_5.txt,-475361.5,13,-475348.5,-475334.5,-475325,-475337.5,-527705.5
2764,INPUT_SKIN8_90_5.txt,OUTPUT_SKIN9_90_5.txt,0.307543926,13,0.307464988,0.3074032,0.307446755,0.307532244,0.370778823
2765,INPUT_SKIN9_90_5.txt,OUTPUT_BM1_90_5.txt,NA,13,NA,NA,NA,NA,NA
2766,INPUT_SKIN9_90_5.txt,OUTPUT_BM2_90_5.txt,2.734136784,13,2.732220537,2.731616432,2.731677866,2.730492483,2.870569366
2767,INPUT_SKIN9_90_5.txt,OUTPUT_GUT_90_5.txt,6.797463302,13,6.798761588,6.799347297,6.798908718,6.797364273,6.472747908
2768,INPUT_SKIN9_90_5.txt,OUTPUT_L_90_5.txt,5.316782313,13,5.315625432,5.316339886,5.315414393,5.315134228,5.817727232
2769,INPUT_SKIN9_90_5.txt,OUTPUT_LN1_90_5.txt,0.059383128,13,0.059390733,0.059397642,0.059393983,0.059385798,0.05625343
2770,INPUT_SKIN9_90_5.txt,OUTPUT_LN2_90_5.txt,0.05246161,13,0.052474305,0.052473809,0.05247917,0.052475509,0.048635846
2771,INPUT_SKIN9_90_5.txt,OUTPUT_LUNG_90_5.txt,0.531457792,13,0.531851872,0.531501063,0.531826001,0.531383458,0.506076448
2772,INPUT_SKIN9_90_5.txt,OUTPUT_S_90_5.txt,5.400212546,13,5.400782422,5.401322418,5.401051788,5.400416091,5.431488403
2773,INPUT_SKIN9_90_5.txt,OUTPUT_SKIN1_90_5.txt,0.289022728,13,0.289051739,0.289052004,0.289024307,0.288793111,0.293759469
2774,INPUT_SKIN9_90_5.txt,OUTPUT_SKIN10_90_5.txt,0.083638271,13,0.08365171,0.083645574,0.083644467,0.083627047,0.093557372
2775,INPUT_SKIN9_90_5.txt,OUTPUT_SKIN11_90_5.txt,0.116273843,13,0.116280305,0.116301853,0.116288273,0.116278166,0.120034683
2776,INPUT_SKIN9_90_5.txt,OUTPUT_SKIN12_90_5.txt,0.512542538,13,0.512718464,0.512753323,0.51268298,0.512662832,0.500812336
2777,INPUT_SKIN9_90_5.txt,OUTPUT_SKIN2_90_5.txt,0.634488323,13,0.634487877,0.634647908,0.63449436,0.634258343,0.630608855
2778,INPUT_SKIN9_90_5.txt,OUTPUT_SKIN3_90_5.txt,0.108480234,13,0.108494146,0.108506257,0.108500085,0.108485118,0.10092403
2779,INPUT_SKIN9_90_5.txt,OUTPUT_SKIN4_90_5.txt,0.470963045,13,0.470926649,0.471303209,0.471114186,0.471175735,0.48923053
2780,INPUT_SKIN9_90_5.txt,OUTPUT_SKIN5_90_5.txt,0.110238604,13,0.110251764,0.110277542,0.110272499,0.110257091,0.107643109
2781,INPUT_SKIN9_90_5.txt,OUTPUT_SKIN6_90_5.txt,0.72206354,13,0.721436472,0.722667985,0.72158691,0.721882601,0.709452987
2782,INPUT_SKIN9_90_5.txt,OUTPUT_SKIN7_90_5.txt,0.338470868,13,0.33867031,0.338614875,0.338626482,0.338525086,0.31959426
2783,INPUT_SKIN9_90_5.txt,OUTPUT_SKIN8_90_5.txt,0.227084483,13,0.227100334,0.227112347,0.227088425,0.227069965,0.214691207
2784,INPUT_SKIN9_90_5.txt,OUTPUT_SKIN9_90_5.txt,-512137,13,-512071.5,-512012,-512043.5,-512114,-569014
2785,INPUT_BM1_90_5.txt,OUTPUT_BM1_90_5.txt,-452248,14,-452194.5,-452400,-452401,-452360.5,-501961
2786,INPUT_BM1_90_5.txt,OUTPUT_BM2_90_5.txt,1.981039302,14,1.982485322,1.980347128,1.980140423,1.982044511,2.079012977
2787,INPUT_BM1_90_5.txt,OUTPUT_GUT_90_5.txt,0.205054427,14,0.205001765,0.204956993,0.204922257,0.204947292,0.191795484
2788,INPUT_BM1_90_5.txt,OUTPUT_L_90_5.txt,NA,14,NA,NA,NA,NA,NA
2789,INPUT_BM1_90_5.txt,OUTPUT_LN1_90_5.txt,NA,14,NA,NA,NA,NA,NA
2790,INPUT_BM1_90_5.txt,OUTPUT_LN2_90_5.txt,0.206516704,14,0.206513473,0.20653716,0.206437908,0.206485743,0.216664828
2791,INPUT_BM1_90_5.txt,OUTPUT_LUNG_90_5.txt,0.060372946,14,0.060386066,0.060370503,0.060356773,0.060363697,0.059882191
2792,INPUT_BM1_90_5.txt,OUTPUT_S_90_5.txt,2.114266752,14,2.112485788,2.111494574,2.112509641,2.1124542,2.244999311
2793,INPUT_BM1_90_5.txt,OUTPUT_SKIN1_90_5.txt,0.110279937,14,0.110259099,0.110225171,0.110230564,0.110220597,0.106569363
2794,INPUT_BM1_90_5.txt,OUTPUT_SKIN10_90_5.txt,0.058600607,14,0.058586072,0.058541317,0.058498995,0.058571469,0.059583628
2795,INPUT_BM1_90_5.txt,OUTPUT_SKIN11_90_5.txt,0.008678313,14,0.008675909,0.008672649,0.008672784,0.008672037,0.007875835
2796,INPUT_BM1_90_5.txt,OUTPUT_SKIN12_90_5.txt,0.158112783,14,0.15816664,0.158128816,0.158064642,0.158120409,0.150156806
2797,INPUT_BM1_90_5.txt,OUTPUT_SKIN2_90_5.txt,0.032820937,14,0.032824841,0.032809378,0.032807636,0.032810885,0.03599312
2798,INPUT_BM1_90_5.txt,OUTPUT_SKIN3_90_5.txt,0.114922363,14,0.114937702,0.114887491,0.114887795,0.114899247,0.116439863
2799,INPUT_BM1_90_5.txt,OUTPUT_SKIN4_90_5.txt,0.065223353,14,0.065236149,0.065206543,0.06528532,0.065291031,0.061479793
2800,INPUT_BM1_90_5.txt,OUTPUT_SKIN5_90_5.txt,0.237621659,14,0.237603915,0.237548272,0.237570678,0.237537314,0.235621736
2801,INPUT_BM1_90_5.txt,OUTPUT_SKIN6_90_5.txt,0.072841141,14,0.072862257,0.072827425,0.072825439,0.072833299,0.068957993
2802,INPUT_BM1_90_5.txt,OUTPUT_SKIN7_90_5.txt,0.01055959,14,0.010560814,0.0105559,0.010556044,0.010556552,0.013311768
2803,INPUT_BM1_90_5.txt,OUTPUT_SKIN8_90_5.txt,0.168446965,14,0.168467023,0.168390004,0.168388902,0.168404803,0.163777045
2804,INPUT_BM1_90_5.txt,OUTPUT_SKIN9_90_5.txt,0.318844504,14,0.318864538,0.31872795,0.318721183,0.318768745,0.327759302
2805,INPUT_BM2_90_5.txt,OUTPUT_BM1_90_5.txt,1.443449991,14,1.442670987,1.444427346,1.444507071,1.443623616,1.542451163
2806,INPUT_BM2_90_5.txt,OUTPUT_BM2_90_5.txt,-500292.5,14,-500445,-500289.5,-500264,-500481.5,-555300.5
2807,INPUT_BM2_90_5.txt,OUTPUT_GUT_90_5.txt,0.153107312,14,0.153003071,0.15308713,0.153069364,0.153007587,0.16777651
2808,INPUT_BM2_90_5.txt,OUTPUT_L_90_5.txt,NA,14,NA,NA,NA,NA,NA
2809,INPUT_BM2_90_5.txt,OUTPUT_LN1_90_5.txt,NA,14,NA,NA,NA,NA,NA
2810,INPUT_BM2_90_5.txt,OUTPUT_LN2_90_5.txt,0.148089552,14,0.148024381,0.148155021,0.148091837,0.148048166,0.157158141
2811,INPUT_BM2_90_5.txt,OUTPUT_LUNG_90_5.txt,0.058934611,14,0.058925246,0.058947592,0.058945882,0.058918988,0.059265643
2812,INPUT_BM2_90_5.txt,OUTPUT_S_90_5.txt,2.549019539,14,2.545804879,2.546550664,2.547907638,2.546514946,2.86882188
2813,INPUT_BM2_90_5.txt,OUTPUT_SKIN1_90_5.txt,0.06665658,14,0.066630469,0.066657231,0.06665929,0.066624824,0.068382849
2814,INPUT_BM2_90_5.txt,OUTPUT_SKIN10_90_5.txt,0.028955904,14,0.028935248,0.028936839,0.028920345,0.028932565,0.035045703
2815,INPUT_BM2_90_5.txt,OUTPUT_SKIN11_90_5.txt,0.026102235,14,0.026088535,0.026097287,0.026099867,0.026084457,0.028229978
2816,INPUT_BM2_90_5.txt,OUTPUT_SKIN12_90_5.txt,0.077722159,14,0.077709875,0.077693861,0.077721048,0.077694774,0.081270072
2817,INPUT_BM2_90_5.txt,OUTPUT_SKIN2_90_5.txt,0.012280181,14,0.012276455,0.012279993,0.012280086,0.012274825,0.014964438
2818,INPUT_BM2_90_5.txt,OUTPUT_SKIN3_90_5.txt,0.102263218,14,0.102231137,0.102262002,0.102266975,0.102221817,0.105041884
2819,INPUT_BM2_90_5.txt,OUTPUT_SKIN4_90_5.txt,0.033358836,14,0.033351714,0.033362194,0.033413619,0.033399002,0.035138343
2820,INPUT_BM2_90_5.txt,OUTPUT_SKIN5_90_5.txt,0.078055104,14,0.078041415,0.078054179,0.078051832,0.078029303,0.084819389
2821,INPUT_BM2_90_5.txt,OUTPUT_SKIN6_90_5.txt,0.04493682,14,0.044926786,0.044940394,0.044942131,0.044922791,0.047011181
2822,INPUT_BM2_90_5.txt,OUTPUT_SKIN7_90_5.txt,0.016899838,14,0.016894642,0.016899743,0.016900843,0.016892683,0.016330751
2823,INPUT_BM2_90_5.txt,OUTPUT_SKIN8_90_5.txt,0.057724472,14,0.05770684,0.057724819,0.05772767,0.057702622,0.057957671
2824,INPUT_BM2_90_5.txt,OUTPUT_SKIN9_90_5.txt,0.107303271,14,0.107262734,0.107300498,0.107303427,0.107264491,0.111811354
2825,INPUT_GUT_90_5.txt,OUTPUT_BM1_90_5.txt,0.24649176,14,0.246479326,0.24667331,0.246694701,0.246646859,0.263500311
2826,INPUT_GUT_90_5.txt,OUTPUT_BM2_90_5.txt,0.172536864,14,0.17267378,0.172546574,0.172543322,0.172690106,0.178786901
2827,INPUT_GUT_90_5.txt,OUTPUT_GUT_90_5.txt,-341563,14,-341499,-341539.5,-341511,-341516.5,-379508
2828,INPUT_GUT_90_5.txt,OUTPUT_L_90_5.txt,NA,14,NA,NA,NA,NA,NA
2829,INPUT_GUT_90_5.txt,OUTPUT_LN1_90_5.txt,NA,14,NA,NA,NA,NA,NA
2830,INPUT_GUT_90_5.txt,OUTPUT_LN2_90_5.txt,0.022697702,14,0.022698913,0.022709122,0.022700215,0.022703022,0.021740592
2831,INPUT_GUT_90_5.txt,OUTPUT_LUNG_90_5.txt,0.032831662,14,0.032841128,0.032844095,0.032838751,0.032839408,0.030404599
2832,INPUT_GUT_90_5.txt,OUTPUT_S_90_5.txt,0.659729047,14,0.659218164,0.659132853,0.659502154,0.65941612,0.646191477
2833,INPUT_GUT_90_5.txt,OUTPUT_SKIN1_90_5.txt,0.042224273,14,0.042218052,0.042213039,0.042223245,0.042218901,0.031176325
2834,INPUT_GUT_90_5.txt,OUTPUT_SKIN10_90_5.txt,0.014126146,14,0.014123314,0.014117085,0.014107623,0.014124233,0.013423134
2835,INPUT_GUT_90_5.txt,OUTPUT_SKIN11_90_5.txt,0.018910969,14,0.018905288,0.01890522,0.018906721,0.018902792,0.017491499
2836,INPUT_GUT_90_5.txt,OUTPUT_SKIN12_90_5.txt,0.318872252,14,0.319007936,0.319063744,0.318956151,0.319016145,0.135143608
2837,INPUT_GUT_90_5.txt,OUTPUT_SKIN2_90_5.txt,0.006560661,14,0.006561891,0.00656098,0.006561225,0.006561189,0.006242965
2838,INPUT_GUT_90_5.txt,OUTPUT_SKIN3_90_5.txt,0.027763369,14,0.027768641,0.027765426,0.027767767,0.027767361,0.027866961
2839,INPUT_GUT_90_5.txt,OUTPUT_SKIN4_90_5.txt,0.012138824,14,0.012141046,0.012139534,0.012135386,0.012135181,0.011395398
2840,INPUT_GUT_90_5.txt,OUTPUT_SKIN5_90_5.txt,0.110293984,14,0.110290455,0.110309223,0.110338832,0.110298245,0.11036411
2841,INPUT_GUT_90_5.txt,OUTPUT_SKIN6_90_5.txt,0.009784373,14,0.009789814,0.009789124,0.009789255,0.009788024,0.008987693
2842,INPUT_GUT_90_5.txt,OUTPUT_SKIN7_90_5.txt,0.003412464,14,0.003413095,0.003412656,0.003412992,0.003412763,0.003337545
2843,INPUT_GUT_90_5.txt,OUTPUT_SKIN8_90_5.txt,0.067349866,14,0.067362525,0.067354514,0.067360709,0.067359063,0.067936225
2844,INPUT_GUT_90_5.txt,OUTPUT_SKIN9_90_5.txt,0.023892217,14,0.023894906,0.023893066,0.023894464,0.023895922,0.02494238
2845,INPUT_L_90_5.txt,OUTPUT_BM1_90_5.txt,NA,14,NA,NA,NA,NA,NA
2846,INPUT_L_90_5.txt,OUTPUT_BM2_90_5.txt,NA,14,NA,NA,NA,NA,NA
2847,INPUT_L_90_5.txt,OUTPUT_GUT_90_5.txt,NA,14,NA,NA,NA,NA,NA
2848,INPUT_L_90_5.txt,OUTPUT_L_90_5.txt,NA,14,NA,NA,NA,NA,NA
2849,INPUT_L_90_5.txt,OUTPUT_LN1_90_5.txt,NA,14,NA,NA,NA,NA,NA
2850,INPUT_L_90_5.txt,OUTPUT_LN2_90_5.txt,NA,14,NA,NA,NA,NA,NA
2851,INPUT_L_90_5.txt,OUTPUT_LUNG_90_5.txt,NA,14,NA,NA,NA,NA,NA
2852,INPUT_L_90_5.txt,OUTPUT_S_90_5.txt,NA,14,NA,NA,NA,NA,NA
2853,INPUT_L_90_5.txt,OUTPUT_SKIN1_90_5.txt,NA,14,NA,NA,NA,NA,NA
2854,INPUT_L_90_5.txt,OUTPUT_SKIN10_90_5.txt,NA,14,NA,NA,NA,NA,NA
2855,INPUT_L_90_5.txt,OUTPUT_SKIN11_90_5.txt,NA,14,NA,NA,NA,NA,NA
2856,INPUT_L_90_5.txt,OUTPUT_SKIN12_90_5.txt,NA,14,NA,NA,NA,NA,NA
2857,INPUT_L_90_5.txt,OUTPUT_SKIN2_90_5.txt,NA,14,NA,NA,NA,NA,NA
2858,INPUT_L_90_5.txt,OUTPUT_SKIN3_90_5.txt,NA,14,NA,NA,NA,NA,NA
2859,INPUT_L_90_5.txt,OUTPUT_SKIN4_90_5.txt,NA,14,NA,NA,NA,NA,NA
2860,INPUT_L_90_5.txt,OUTPUT_SKIN5_90_5.txt,NA,14,NA,NA,NA,NA,NA
2861,INPUT_L_90_5.txt,OUTPUT_SKIN6_90_5.txt,NA,14,NA,NA,NA,NA,NA
2862,INPUT_L_90_5.txt,OUTPUT_SKIN7_90_5.txt,NA,14,NA,NA,NA,NA,NA
2863,INPUT_L_90_5.txt,OUTPUT_SKIN8_90_5.txt,NA,14,NA,NA,NA,NA,NA
2864,INPUT_L_90_5.txt,OUTPUT_SKIN9_90_5.txt,NA,14,NA,NA,NA,NA,NA
2865,INPUT_LN1_90_5.txt,OUTPUT_BM1_90_5.txt,NA,14,NA,NA,NA,NA,NA
2866,INPUT_LN1_90_5.txt,OUTPUT_BM2_90_5.txt,NA,14,NA,NA,NA,NA,NA
2867,INPUT_LN1_90_5.txt,OUTPUT_GUT_90_5.txt,NA,14,NA,NA,NA,NA,NA
2868,INPUT_LN1_90_5.txt,OUTPUT_L_90_5.txt,NA,14,NA,NA,NA,NA,NA
2869,INPUT_LN1_90_5.txt,OUTPUT_LN1_90_5.txt,NA,14,NA,NA,NA,NA,NA
2870,INPUT_LN1_90_5.txt,OUTPUT_LN2_90_5.txt,NA,14,NA,NA,NA,NA,NA
2871,INPUT_LN1_90_5.txt,OUTPUT_LUNG_90_5.txt,NA,14,NA,NA,NA,NA,NA
2872,INPUT_LN1_90_5.txt,OUTPUT_S_90_5.txt,NA,14,NA,NA,NA,NA,NA
2873,INPUT_LN1_90_5.txt,OUTPUT_SKIN1_90_5.txt,NA,14,NA,NA,NA,NA,NA
2874,INPUT_LN1_90_5.txt,OUTPUT_SKIN10_90_5.txt,NA,14,NA,NA,NA,NA,NA
2875,INPUT_LN1_90_5.txt,OUTPUT_SKIN11_90_5.txt,NA,14,NA,NA,NA,NA,NA
2876,INPUT_LN1_90_5.txt,OUTPUT_SKIN12_90_5.txt,NA,14,NA,NA,NA,NA,NA
2877,INPUT_LN1_90_5.txt,OUTPUT_SKIN2_90_5.txt,NA,14,NA,NA,NA,NA,NA
2878,INPUT_LN1_90_5.txt,OUTPUT_SKIN3_90_5.txt,NA,14,NA,NA,NA,NA,NA
2879,INPUT_LN1_90_5.txt,OUTPUT_SKIN4_90_5.txt,NA,14,NA,NA,NA,NA,NA
2880,INPUT_LN1_90_5.txt,OUTPUT_SKIN5_90_5.txt,NA,14,NA,NA,NA,NA,NA
2881,INPUT_LN1_90_5.txt,OUTPUT_SKIN6_90_5.txt,NA,14,NA,NA,NA,NA,NA
2882,INPUT_LN1_90_5.txt,OUTPUT_SKIN7_90_5.txt,NA,14,NA,NA,NA,NA,NA
2883,INPUT_LN1_90_5.txt,OUTPUT_SKIN8_90_5.txt,NA,14,NA,NA,NA,NA,NA
2884,INPUT_LN1_90_5.txt,OUTPUT_SKIN9_90_5.txt,NA,14,NA,NA,NA,NA,NA
2885,INPUT_LN2_90_5.txt,OUTPUT_BM1_90_5.txt,2.718531644,14,2.718061864,2.719814511,2.72036434,2.719745436,2.847872998
2886,INPUT_LN2_90_5.txt,OUTPUT_BM2_90_5.txt,1.464324247,14,1.465285287,1.464013653,1.464189752,1.465338655,1.553100635
2887,INPUT_LN2_90_5.txt,OUTPUT_GUT_90_5.txt,0.058379677,14,0.058361714,0.058358985,0.058363117,0.058360925,0.054304516
2888,INPUT_LN2_90_5.txt,OUTPUT_L_90_5.txt,NA,14,NA,NA,NA,NA,NA
2889,INPUT_LN2_90_5.txt,OUTPUT_LN1_90_5.txt,NA,14,NA,NA,NA,NA,NA
2890,INPUT_LN2_90_5.txt,OUTPUT_LN2_90_5.txt,-529770,14,-529734.5,-529885,-529759,-529796,-588380.5
2891,INPUT_LN2_90_5.txt,OUTPUT_LUNG_90_5.txt,0.075073022,14,0.075085615,0.075079087,0.075079039,0.075076639,0.08320657
2892,INPUT_LN2_90_5.txt,OUTPUT_S_90_5.txt,2.69164758,14,2.689338596,2.688654752,2.690428852,2.689986219,2.701464131
2893,INPUT_LN2_90_5.txt,OUTPUT_SKIN1_90_5.txt,0.127601961,14,0.127571122,0.127534328,0.127582491,0.127563084,0.139550516
2894,INPUT_LN2_90_5.txt,OUTPUT_SKIN10_90_5.txt,0.027841815,14,0.027832462,0.027815304,0.027800291,0.027832611,0.026135846
2895,INPUT_LN2_90_5.txt,OUTPUT_SKIN11_90_5.txt,0.028439329,14,0.028426602,0.028421752,0.028428596,0.028420914,0.028223001
2896,INPUT_LN2_90_5.txt,OUTPUT_SKIN12_90_5.txt,0.125851963,14,0.125888292,0.125872297,0.125855004,0.125884995,0.115025848
2897,INPUT_LN2_90_5.txt,OUTPUT_SKIN2_90_5.txt,0.011909291,14,0.011910116,0.011906529,0.011908761,0.011908021,0.010825073
2898,INPUT_LN2_90_5.txt,OUTPUT_SKIN3_90_5.txt,0.137192012,14,0.137203826,0.137168141,0.137201766,0.137193851,0.138105608
2899,INPUT_LN2_90_5.txt,OUTPUT_SKIN4_90_5.txt,0.01732566,14,0.017327712,0.017322762,0.017338324,0.017337071,0.015867693
2900,INPUT_LN2_90_5.txt,OUTPUT_SKIN5_90_5.txt,0.163109246,14,0.163082101,0.163084593,0.16314413,0.163085569,0.151808321
2901,INPUT_LN2_90_5.txt,OUTPUT_SKIN6_90_5.txt,0.070261469,14,0.07029259,0.070276141,0.070287836,0.070274924,0.065155864
2902,INPUT_LN2_90_5.txt,OUTPUT_SKIN7_90_5.txt,0.013973205,14,0.013974107,0.013970058,0.01397353,0.013972103,0.013920357
2903,INPUT_LN2_90_5.txt,OUTPUT_SKIN8_90_5.txt,0.117913493,14,0.11792142,0.117887812,0.117915725,0.117907675,0.12014863
2904,INPUT_LN2_90_5.txt,OUTPUT_SKIN9_90_5.txt,0.120683485,14,0.120682657,0.120653217,0.120679045,0.120679762,0.125686123
2905,INPUT_LUNG_90_5.txt,OUTPUT_BM1_90_5.txt,0.832668752,14,0.832450682,0.833092433,0.833190387,0.833034473,0.746287891
2906,INPUT_LUNG_90_5.txt,OUTPUT_BM2_90_5.txt,0.630185411,14,0.630533683,0.630089917,0.630099088,0.630621835,0.597882976
2907,INPUT_LUNG_90_5.txt,OUTPUT_GUT_90_5.txt,0.086564593,14,0.086528065,0.086539824,0.086535224,0.08653698,0.080097457
2908,INPUT_LUNG_90_5.txt,OUTPUT_L_90_5.txt,NA,14,NA,NA,NA,NA,NA
2909,INPUT_LUNG_90_5.txt,OUTPUT_LN1_90_5.txt,NA,14,NA,NA,NA,NA,NA
2910,INPUT_LUNG_90_5.txt,OUTPUT_LN2_90_5.txt,0.182213429,14,0.182180408,0.182265216,0.182199502,0.182222728,0.204540241
2911,INPUT_LUNG_90_5.txt,OUTPUT_LUNG_90_5.txt,-555937,14,-555964,-556020,-555957,-555963.5,-617561
2912,INPUT_LUNG_90_5.txt,OUTPUT_S_90_5.txt,2.445912722,14,2.443820932,2.443541681,2.44485979,2.444554002,2.544523631
2913,INPUT_LUNG_90_5.txt,OUTPUT_SKIN1_90_5.txt,0.159389448,14,0.159330693,0.159314663,0.159356126,0.159340759,0.188070555
2914,INPUT_LUNG_90_5.txt,OUTPUT_SKIN10_90_5.txt,0.054981674,14,0.05495696,0.054933115,0.054896526,0.054963756,0.056694028
2915,INPUT_LUNG_90_5.txt,OUTPUT_SKIN11_90_5.txt,0.044213841,14,0.044191551,0.044191494,0.044196685,0.04418826,0.045617025
2916,INPUT_LUNG_90_5.txt,OUTPUT_SKIN12_90_5.txt,0.331981095,14,0.33204158,0.332075752,0.331971824,0.33207647,0.352580274
2917,INPUT_LUNG_90_5.txt,OUTPUT_SKIN2_90_5.txt,0.02130908,14,0.02130807,0.02130565,0.021306841,0.021306761,0.02105021
2918,INPUT_LUNG_90_5.txt,OUTPUT_SKIN3_90_5.txt,0.151197909,14,0.151195118,0.151185977,0.15120466,0.151205949,0.148944163
2919,INPUT_LUNG_90_5.txt,OUTPUT_SKIN4_90_5.txt,0.036659254,14,0.036657311,0.036653376,0.036642024,0.036641513,0.034172033
2920,INPUT_LUNG_90_5.txt,OUTPUT_SKIN5_90_5.txt,0.268772564,14,0.268696538,0.268755062,0.268829733,0.268736842,0.304857719
2921,INPUT_LUNG_90_5.txt,OUTPUT_SKIN6_90_5.txt,0.096196052,14,0.096226817,0.096221764,0.096225915,0.096214249,0.104140704
2922,INPUT_LUNG_90_5.txt,OUTPUT_SKIN7_90_5.txt,0.110107367,14,0.110101724,0.110089271,0.110103659,0.110089166,0.10762766
2923,INPUT_LUNG_90_5.txt,OUTPUT_SKIN8_90_5.txt,0.093052604,14,0.093048073,0.093038698,0.093049245,0.093048159,0.091849703
2924,INPUT_LUNG_90_5.txt,OUTPUT_SKIN9_90_5.txt,0.559751493,14,0.559682481,0.559648824,0.559698757,0.559734799,0.585795244
2925,INPUT_S_90_5.txt,OUTPUT_BM1_90_5.txt,25.79611388,14,25.80248123,25.82625355,25.82008151,25.81694218,25.86679777
2926,INPUT_S_90_5.txt,OUTPUT_BM2_90_5.txt,34.63852104,14,34.67902185,34.6566769,34.64377043,34.67763327,35.1630725
2927,INPUT_S_90_5.txt,OUTPUT_GUT_90_5.txt,0.044395672,14,0.044400373,0.044411254,0.04439311,0.044397111,0.041444785
2928,INPUT_S_90_5.txt,OUTPUT_L_90_5.txt,NA,14,NA,NA,NA,NA,NA
2929,INPUT_S_90_5.txt,OUTPUT_LN1_90_5.txt,NA,14,NA,NA,NA,NA,NA
2930,INPUT_S_90_5.txt,OUTPUT_LN2_90_5.txt,0.084756442,14,0.084785872,0.084834871,0.084773866,0.08479075,0.077734786
2931,INPUT_S_90_5.txt,OUTPUT_LUNG_90_5.txt,0.048656562,14,0.048684898,0.0486948,0.048672304,0.048676146,0.061387114
2932,INPUT_S_90_5.txt,OUTPUT_S_90_5.txt,-648566.5,14,-648255,-648250,-648406.5,-648369,-719697.5
2933,INPUT_S_90_5.txt,OUTPUT_SKIN1_90_5.txt,0.155930513,14,0.15595786,0.155960304,0.155945474,0.155941885,0.144642316
2934,INPUT_S_90_5.txt,OUTPUT_SKIN10_90_5.txt,0.019678245,14,0.019680242,0.019674189,0.01965494,0.01967905,0.018147883
2935,INPUT_S_90_5.txt,OUTPUT_SKIN11_90_5.txt,0.005429584,14,0.005429722,0.005430294,0.005429016,0.005428357,0.004961358
2936,INPUT_S_90_5.txt,OUTPUT_SKIN12_90_5.txt,0.097620118,14,0.097689181,0.097704109,0.097644606,0.097680568,0.090229878
2937,INPUT_S_90_5.txt,OUTPUT_SKIN2_90_5.txt,0.048208228,14,0.048231202,0.048232554,0.048216743,0.048219847,0.044706978
2938,INPUT_S_90_5.txt,OUTPUT_SKIN3_90_5.txt,0.125666865,14,0.125726642,0.125726343,0.125695505,0.12570218,0.116943783
2939,INPUT_S_90_5.txt,OUTPUT_SKIN4_90_5.txt,0.015022849,14,0.015030984,0.015031098,0.015040544,0.01504138,0.013868006
2940,INPUT_S_90_5.txt,OUTPUT_SKIN5_90_5.txt,0.084717159,14,0.084736966,0.084761834,0.084755693,0.084735162,0.078014456
2941,INPUT_S_90_5.txt,OUTPUT_SKIN6_90_5.txt,0.02188487,14,0.021903283,0.021904478,0.021897685,0.021896617,0.020253835
2942,INPUT_S_90_5.txt,OUTPUT_SKIN7_90_5.txt,0.009454635,14,0.009459157,0.009459113,0.009456992,0.009457001,0.00866852
2943,INPUT_S_90_5.txt,OUTPUT_SKIN8_90_5.txt,0.185174813,14,0.185264515,0.185265956,0.185217873,0.185231677,0.171354336
2944,INPUT_S_90_5.txt,OUTPUT_SKIN9_90_5.txt,0.199572708,14,0.199657442,0.199665682,0.199613043,0.199637059,0.187665486
2945,INPUT_SKIN1_90_5.txt,OUTPUT_BM1_90_5.txt,0.934775181,14,0.934753436,0.935397447,0.935335596,0.935248345,0.864564805
2946,INPUT_SKIN1_90_5.txt,OUTPUT_BM2_90_5.txt,0.606190172,14,0.606598526,0.606278543,0.606184025,0.606657342,0.583854388
2947,INPUT_SKIN1_90_5.txt,OUTPUT_GUT_90_5.txt,0.477637131,14,0.477545936,0.477650773,0.477543943,0.477578384,0.520320175
2948,INPUT_SKIN1_90_5.txt,OUTPUT_L_90_5.txt,NA,14,NA,NA,NA,NA,NA
2949,INPUT_SKIN1_90_5.txt,OUTPUT_LN1_90_5.txt,NA,14,NA,NA,NA,NA,NA
2950,INPUT_SKIN1_90_5.txt,OUTPUT_LN2_90_5.txt,0.667954876,14,0.667977405,0.668323715,0.667987804,0.668098889,0.694189861
2951,INPUT_SKIN1_90_5.txt,OUTPUT_LUNG_90_5.txt,0.229844365,14,0.229901766,0.229948035,0.229880157,0.229895354,0.241937489
2952,INPUT_SKIN1_90_5.txt,OUTPUT_S_90_5.txt,1.475820277,14,1.475178133,1.475164436,1.475500251,1.4754578,1.496621802
2953,INPUT_SKIN1_90_5.txt,OUTPUT_SKIN1_90_5.txt,-579835.5,14,-579745.5,-579745.5,-579785.5,-579761,-644437
2954,INPUT_SKIN1_90_5.txt,OUTPUT_SKIN10_90_5.txt,0.109071229,14,0.109046676,0.109012255,0.10892423,0.109056753,0.111316787
2955,INPUT_SKIN1_90_5.txt,OUTPUT_SKIN11_90_5.txt,0.033544278,14,0.033535095,0.033538262,0.033536051,0.03353182,0.034016942
2956,INPUT_SKIN1_90_5.txt,OUTPUT_SKIN12_90_5.txt,0.740112726,14,0.740390001,0.740535605,0.740181195,0.740438035,0.800343633
2957,INPUT_SKIN1_90_5.txt,OUTPUT_SKIN2_90_5.txt,0.060237074,14,0.060246559,0.06024581,0.060238473,0.060241759,0.061317002
2958,INPUT_SKIN1_90_5.txt,OUTPUT_SKIN3_90_5.txt,0.156032325,14,0.156062081,0.156069434,0.156060482,0.156070747,0.154475017
2959,INPUT_SKIN1_90_5.txt,OUTPUT_SKIN4_90_5.txt,0.085882414,14,0.085903676,0.08590394,0.086026986,0.086030424,0.091930292
2960,INPUT_SKIN1_90_5.txt,OUTPUT_SKIN5_90_5.txt,1.106980183,14,1.106983912,1.107355074,1.107373915,1.10707169,1.160444945
2961,INPUT_SKIN1_90_5.txt,OUTPUT_SKIN6_90_5.txt,0.167102997,14,0.167190504,0.16719857,0.167175318,0.167164043,0.179060898
2962,INPUT_SKIN1_90_5.txt,OUTPUT_SKIN7_90_5.txt,0.077221707,14,0.077233498,0.077232545,0.077228557,0.077229323,0.074420592
2963,INPUT_SKIN1_90_5.txt,OUTPUT_SKIN8_90_5.txt,0.376895899,14,0.376954422,0.376954507,0.37692537,0.376944314,0.363978667
2964,INPUT_SKIN1_90_5.txt,OUTPUT_SKIN9_90_5.txt,0.121133026,14,0.121142937,0.121147902,0.121136554,0.121150823,0.114033212
2965,INPUT_SKIN10_90_5.txt,OUTPUT_BM1_90_5.txt,0.667263134,14,0.667294834,0.667768249,0.668018115,0.667551376,0.65691893
2966,INPUT_SKIN10_90_5.txt,OUTPUT_BM2_90_5.txt,0.461332597,14,0.461628144,0.461489779,0.461626363,0.4616501,0.466457033
2967,INPUT_SKIN10_90_5.txt,OUTPUT_GUT_90_5.txt,0.48171647,14,0.481659923,0.481830766,0.481943808,0.481671756,0.501286565
2968,INPUT_SKIN10_90_5.txt,OUTPUT_L_90_5.txt,NA,14,NA,NA,NA,NA,NA
2969,INPUT_SKIN10_90_5.txt,OUTPUT_LN1_90_5.txt,NA,14,NA,NA,NA,NA,NA
2970,INPUT_SKIN10_90_5.txt,OUTPUT_LN2_90_5.txt,0.126952347,14,0.126960263,0.127049374,0.127038761,0.1269807,0.120455809
2971,INPUT_SKIN10_90_5.txt,OUTPUT_LUNG_90_5.txt,0.200966543,14,0.201023389,0.201096149,0.20112362,0.201011804,0.191063932
2972,INPUT_SKIN10_90_5.txt,OUTPUT_S_90_5.txt,0.83115798,14,0.830912706,0.831038341,0.831550289,0.831010359,0.757618867
2973,INPUT_SKIN10_90_5.txt,OUTPUT_SKIN1_90_5.txt,0.229360903,14,0.229333451,0.229370043,0.229486807,0.229332035,0.227417998
2974,INPUT_SKIN10_90_5.txt,OUTPUT_SKIN10_90_5.txt,-495955.5,14,-495861,-495782.5,-495599,-495890.5,-550576
2975,INPUT_SKIN10_90_5.txt,OUTPUT_SKIN11_90_5.txt,0.042156359,14,0.042146325,0.042156947,0.042172732,0.042140824,0.039787247
2976,INPUT_SKIN10_90_5.txt,OUTPUT_SKIN12_90_5.txt,0.226736276,14,0.226829934,0.22691387,0.226904479,0.226839715,0.305232933
2977,INPUT_SKIN10_90_5.txt,OUTPUT_SKIN2_90_5.txt,0.100779472,14,0.100798914,0.10081387,0.100845719,0.100787516,0.097630174
2978,INPUT_SKIN10_90_5.txt,OUTPUT_SKIN3_90_5.txt,0.126007582,14,0.126033141,0.126055143,0.126102394,0.126029151,0.146804968
2979,INPUT_SKIN10_90_5.txt,OUTPUT_SKIN4_90_5.txt,0.101737028,14,0.101765316,0.101781822,0.101961804,0.101901793,0.104906907
2980,INPUT_SKIN10_90_5.txt,OUTPUT_SKIN5_90_5.txt,0.51848731,14,0.518511025,0.518766098,0.518987265,0.518521629,0.499382382
2981,INPUT_SKIN10_90_5.txt,OUTPUT_SKIN6_90_5.txt,0.26182466,14,0.261971032,0.26202515,0.262104187,0.261921216,0.272341325
2982,INPUT_SKIN10_90_5.txt,OUTPUT_SKIN7_90_5.txt,0.05865008,14,0.058661125,0.058669928,0.05869245,0.058656037,0.057238463
2983,INPUT_SKIN10_90_5.txt,OUTPUT_SKIN8_90_5.txt,0.255183671,14,0.255232457,0.255272987,0.255366662,0.255217242,0.270514579
2984,INPUT_SKIN10_90_5.txt,OUTPUT_SKIN9_90_5.txt,0.584096056,14,0.584163423,0.584280741,0.58448323,0.584182961,0.583009419
2985,INPUT_SKIN11_90_5.txt,OUTPUT_BM1_90_5.txt,0.042658395,14,0.042666317,0.04266908,0.04266899,0.042671652,0.040410084
2986,INPUT_SKIN11_90_5.txt,OUTPUT_BM2_90_5.txt,0.047752686,14,0.047764513,0.0477607,0.047760309,0.047766585,0.045509253
2987,INPUT_SKIN11_90_5.txt,OUTPUT_GUT_90_5.txt,0.095635847,14,0.095664732,0.095655033,0.0956585,0.095665841,0.097696669
2988,INPUT_SKIN11_90_5.txt,OUTPUT_L_90_5.txt,NA,14,NA,NA,NA,NA,NA
2989,INPUT_SKIN11_90_5.txt,OUTPUT_LN1_90_5.txt,NA,14,NA,NA,NA,NA,NA
2990,INPUT_SKIN11_90_5.txt,OUTPUT_LN2_90_5.txt,0.090921038,14,0.090941358,0.090930508,0.090936795,0.090938502,0.086231017
2991,INPUT_SKIN11_90_5.txt,OUTPUT_LUNG_90_5.txt,0.148648562,14,0.148672992,0.148693894,0.14866225,0.148683755,0.150524881
2992,INPUT_SKIN11_90_5.txt,OUTPUT_S_90_5.txt,0.054581701,14,0.054600253,0.054597845,0.054594264,0.054599686,0.052721492
2993,INPUT_SKIN11_90_5.txt,OUTPUT_SKIN1_90_5.txt,0.324416052,14,0.324382831,0.324359474,0.324413912,0.324419174,0.324207326
2994,INPUT_SKIN11_90_5.txt,OUTPUT_SKIN10_90_5.txt,0.132706843,14,0.132752365,0.132733535,0.132710663,0.132798456,0.126054823
2995,INPUT_SKIN11_90_5.txt,OUTPUT_SKIN11_90_5.txt,-564093.5,14,-563972.5,-563998.5,-564000,-563952.5,-626242.5
2996,INPUT_SKIN11_90_5.txt,OUTPUT_SKIN12_90_5.txt,0.311833487,14,0.31194625,0.312020455,0.311890285,0.311991365,0.291986526
2997,INPUT_SKIN11_90_5.txt,OUTPUT_SKIN2_90_5.txt,0.054692041,14,0.054703834,0.05470038,0.0546976,0.054702554,0.053795223
2998,INPUT_SKIN11_90_5.txt,OUTPUT_SKIN3_90_5.txt,0.173100747,14,0.173136649,0.173126917,0.173126036,0.173139755,0.181153929
2999,INPUT_SKIN11_90_5.txt,OUTPUT_SKIN4_90_5.txt,0.087403145,14,0.087428588,0.087424766,0.087527918,0.087535265,0.095439264
3000,INPUT_SKIN11_90_5.txt,OUTPUT_SKIN5_90_5.txt,0.515321074,14,0.515329724,0.51546663,0.51553401,0.515405254,0.572791734
3001,INPUT_SKIN11_90_5.txt,OUTPUT_SKIN6_90_5.txt,0.276492293,14,0.276653461,0.276654063,0.276633952,0.276626813,0.270366872
3002,INPUT_SKIN11_90_5.txt,OUTPUT_SKIN7_90_5.txt,0.08148983,14,0.081507159,0.081502464,0.081503532,0.081505451,0.081931661
3003,INPUT_SKIN11_90_5.txt,OUTPUT_SKIN8_90_5.txt,0.188095922,14,0.188136319,0.188127626,0.188126521,0.188142972,0.175746756
3004,INPUT_SKIN11_90_5.txt,OUTPUT_SKIN9_90_5.txt,0.115331163,14,0.115354702,0.11535006,0.115349348,0.115360331,0.107180068
3005,INPUT_SKIN12_90_5.txt,OUTPUT_BM1_90_5.txt,0.448567902,14,0.448491745,0.448748042,0.448847798,0.448759129,0.406565743
3006,INPUT_SKIN12_90_5.txt,OUTPUT_BM2_90_5.txt,0.453282861,14,0.453547757,0.453183827,0.453240749,0.453578237,0.422681335
3007,INPUT_SKIN12_90_5.txt,OUTPUT_GUT_90_5.txt,2.668981728,14,2.669002489,2.668208348,2.668564728,2.668950914,2.826993464
3008,INPUT_SKIN12_90_5.txt,OUTPUT_L_90_5.txt,NA,14,NA,NA,NA,NA,NA
3009,INPUT_SKIN12_90_5.txt,OUTPUT_LN1_90_5.txt,NA,14,NA,NA,NA,NA,NA
3010,INPUT_SKIN12_90_5.txt,OUTPUT_LN2_90_5.txt,0.143786442,14,0.143753683,0.143817267,0.143780043,0.143778732,0.135703559
3011,INPUT_SKIN12_90_5.txt,OUTPUT_LUNG_90_5.txt,0.24847246,14,0.248470155,0.248493643,0.248488796,0.248456875,0.246288664
3012,INPUT_SKIN12_90_5.txt,OUTPUT_S_90_5.txt,0.788468121,14,0.787972972,0.787676067,0.788169099,0.788141672,0.728311885
3013,INPUT_SKIN12_90_5.txt,OUTPUT_SKIN1_90_5.txt,0.401166424,14,0.400992035,0.400950103,0.40109344,0.400997359,0.39029276
3014,INPUT_SKIN12_90_5.txt,OUTPUT_SKIN10_90_5.txt,0.074908047,14,0.074871205,0.074840083,0.074800157,0.074876124,0.071005023
3015,INPUT_SKIN12_90_5.txt,OUTPUT_SKIN11_90_5.txt,0.016672858,14,0.016663851,0.016663731,0.016667257,0.016661809,0.028690354
3016,INPUT_SKIN12_90_5.txt,OUTPUT_SKIN12_90_5.txt,-669311,14,-669385.5,-669452,-669314,-669420,-743327.5
3017,INPUT_SKIN12_90_5.txt,OUTPUT_SKIN2_90_5.txt,0.056687464,14,0.056681206,0.056674106,0.056683483,0.056674937,0.052609244
3018,INPUT_SKIN12_90_5.txt,OUTPUT_SKIN3_90_5.txt,0.204777934,14,0.204764546,0.204755539,0.204801041,0.204775751,0.198268198
3019,INPUT_SKIN12_90_5.txt,OUTPUT_SKIN4_90_5.txt,0.114721531,14,0.114724741,0.11471418,0.115017618,0.114999146,0.115837064
3020,INPUT_SKIN12_90_5.txt,OUTPUT_SKIN5_90_5.txt,0.803781083,14,0.803894376,0.804061691,0.803919818,0.803535571,0.7507551
3021,INPUT_SKIN12_90_5.txt,OUTPUT_SKIN6_90_5.txt,0.236156822,14,0.236218564,0.236205334,0.236237686,0.236175214,0.220339538
3022,INPUT_SKIN12_90_5.txt,OUTPUT_SKIN7_90_5.txt,0.045621217,14,0.045616027,0.045610697,0.045620897,0.045611504,0.044141725
3023,INPUT_SKIN12_90_5.txt,OUTPUT_SKIN8_90_5.txt,0.297023129,14,0.296990291,0.296960274,0.297019707,0.296974879,0.274298135
3024,INPUT_SKIN12_90_5.txt,OUTPUT_SKIN9_90_5.txt,0.211164904,14,0.211125866,0.211113068,0.211151593,0.211134318,0.196488559
3025,INPUT_SKIN2_90_5.txt,OUTPUT_BM1_90_5.txt,1.154333457,14,1.154100067,1.155005372,1.15503416,1.154854703,1.189698288
3026,INPUT_SKIN2_90_5.txt,OUTPUT_BM2_90_5.txt,1.150424622,14,1.1510244,1.150424973,1.150348885,1.151202391,1.181097148
3027,INPUT_SKIN2_90_5.txt,OUTPUT_GUT_90_5.txt,0.799016374,14,0.798734208,0.79892148,0.798813057,0.798834715,0.769624879
3028,INPUT_SKIN2_90_5.txt,OUTPUT_L_90_5.txt,NA,14,NA,NA,NA,NA,NA
3029,INPUT_SKIN2_90_5.txt,OUTPUT_LN1_90_5.txt,NA,14,NA,NA,NA,NA,NA
3030,INPUT_SKIN2_90_5.txt,OUTPUT_LN2_90_5.txt,0.150373806,14,0.150353698,0.150439975,0.15037236,0.150392611,0.141775769
3031,INPUT_SKIN2_90_5.txt,OUTPUT_LUNG_90_5.txt,0.15121403,14,0.151228496,0.151260849,0.151228584,0.151232948,0.146031738
3032,INPUT_SKIN2_90_5.txt,OUTPUT_S_90_5.txt,1.540018158,14,1.538834881,1.538833879,1.539460261,1.539313083,1.487794586
3033,INPUT_SKIN2_90_5.txt,OUTPUT_SKIN1_90_5.txt,0.214877555,14,0.21481097,0.214813436,0.214847459,0.214828734,0.214877854
3034,INPUT_SKIN2_90_5.txt,OUTPUT_SKIN10_90_5.txt,0.204080554,14,0.204003288,0.203941657,0.203796394,0.204033378,0.191160593
3035,INPUT_SKIN2_90_5.txt,OUTPUT_SKIN11_90_5.txt,0.06342085,14,0.063393418,0.063400032,0.063401704,0.063390764,0.059593386
3036,INPUT_SKIN2_90_5.txt,OUTPUT_SKIN12_90_5.txt,0.414636086,14,0.41472764,0.414810263,0.414652153,0.414781342,0.406089352
3037,INPUT_SKIN2_90_5.txt,OUTPUT_SKIN2_90_5.txt,-475391.5,14,-475392,-475386.5,-475376.5,-475378,-528291.5
3038,INPUT_SKIN2_90_5.txt,OUTPUT_SKIN3_90_5.txt,0.224820663,14,0.224818743,0.224819107,0.224823279,0.22482145,0.212835749
3039,INPUT_SKIN2_90_5.txt,OUTPUT_SKIN4_90_5.txt,0.15092169,14,0.150940665,0.150943383,0.15127699,0.151276173,0.154631811
3040,INPUT_SKIN2_90_5.txt,OUTPUT_SKIN5_90_5.txt,0.961117491,14,0.961073309,0.961391728,0.961295188,0.960995133,1.03806414
3041,INPUT_SKIN2_90_5.txt,OUTPUT_SKIN6_90_5.txt,0.203449717,14,0.203524149,0.203536304,0.203526351,0.203503455,0.205609209
3042,INPUT_SKIN2_90_5.txt,OUTPUT_SKIN7_90_5.txt,0.068045961,14,0.068045721,0.068046147,0.068048279,0.068045867,0.068236439
3043,INPUT_SKIN2_90_5.txt,OUTPUT_SKIN8_90_5.txt,0.333362628,14,0.333362268,0.333366124,0.333371231,0.333372076,0.333094962
3044,INPUT_SKIN2_90_5.txt,OUTPUT_SKIN9_90_5.txt,0.941406542,14,0.941337088,0.941385931,0.941382811,0.941450185,0.979832847
3045,INPUT_SKIN3_90_5.txt,OUTPUT_BM1_90_5.txt,3.806145327,14,3.805992714,3.806653476,3.80666142,3.806544717,3.733335057
3046,INPUT_SKIN3_90_5.txt,OUTPUT_BM2_90_5.txt,2.950263448,14,2.9509782,2.950275614,2.950161638,2.951172566,2.8444346
3047,INPUT_SKIN3_90_5.txt,OUTPUT_GUT_90_5.txt,0.310099073,14,0.309988649,0.31006082,0.310011516,0.310021884,0.28500409
3048,INPUT_SKIN3_90_5.txt,OUTPUT_L_90_5.txt,NA,14,NA,NA,NA,NA,NA
3049,INPUT_SKIN3_90_5.txt,OUTPUT_LN1_90_5.txt,NA,14,NA,NA,NA,NA,NA
3050,INPUT_SKIN3_90_5.txt,OUTPUT_LN2_90_5.txt,0.400197382,14,0.400147704,0.400366188,0.400185614,0.400239118,0.364959465
3051,INPUT_SKIN3_90_5.txt,OUTPUT_LUNG_90_5.txt,0.231549944,14,0.231573372,0.23162206,0.231566228,0.231575079,0.094597442
3052,INPUT_SKIN3_90_5.txt,OUTPUT_S_90_5.txt,4.436765279,14,4.43661049,4.436629978,4.436721761,4.436712236,4.421782679
3053,INPUT_SKIN3_90_5.txt,OUTPUT_SKIN1_90_5.txt,0.380912785,14,0.380796318,0.380798434,0.380851186,0.380819919,0.464570759
3054,INPUT_SKIN3_90_5.txt,OUTPUT_SKIN10_90_5.txt,0.256099752,14,0.256003712,0.255924405,0.255736389,0.256036286,0.29859342
3055,INPUT_SKIN3_90_5.txt,OUTPUT_SKIN11_90_5.txt,0.201658801,14,0.201565383,0.201586973,0.201588087,0.201551495,0.193141641
3056,INPUT_SKIN3_90_5.txt,OUTPUT_SKIN12_90_5.txt,0.476718789,14,0.476828149,0.476923554,0.476727433,0.476880678,0.490064102
3057,INPUT_SKIN3_90_5.txt,OUTPUT_SKIN2_90_5.txt,0.158512529,14,0.158513463,0.158514598,0.158503936,0.15850603,0.150468337
3058,INPUT_SKIN3_90_5.txt,OUTPUT_SKIN3_90_5.txt,-399788.5,14,-399787,-399785,-399784.5,-399783.5,-444159.5
3059,INPUT_SKIN3_90_5.txt,OUTPUT_SKIN4_90_5.txt,0.0922305,14,0.092240069,0.092240881,0.092393607,0.09239363,0.08433278
3060,INPUT_SKIN3_90_5.txt,OUTPUT_SKIN5_90_5.txt,1.163702786,14,1.163581774,1.163969124,1.163992532,1.163646682,1.1380266
3061,INPUT_SKIN3_90_5.txt,OUTPUT_SKIN6_90_5.txt,1.502980219,14,1.503526683,1.503604256,1.503503337,1.503347685,1.50649469
3062,INPUT_SKIN3_90_5.txt,OUTPUT_SKIN7_90_5.txt,0.216228481,14,0.216228759,0.216232154,0.216231188,0.216224695,0.211350264
3063,INPUT_SKIN3_90_5.txt,OUTPUT_SKIN8_90_5.txt,0.34804802,14,0.348049333,0.348051084,0.34804889,0.348052397,0.326850843
3064,INPUT_SKIN3_90_5.txt,OUTPUT_SKIN9_90_5.txt,0.193022805,14,0.193009055,0.193018066,0.193013483,0.193028846,0.176073163
3065,INPUT_SKIN4_90_5.txt,OUTPUT_BM1_90_5.txt,0.476788059,14,0.47668841,0.477076806,0.477180141,0.477104378,0.444867015
3066,INPUT_SKIN4_90_5.txt,OUTPUT_BM2_90_5.txt,0.439681529,14,0.439925094,0.439678889,0.439732248,0.440078217,0.419107015
3067,INPUT_SKIN4_90_5.txt,OUTPUT_GUT_90_5.txt,13.94274574,14,13.94738027,13.94452382,13.94997574,13.94959858,14.37487658
3068,INPUT_SKIN4_90_5.txt,OUTPUT_L_90_5.txt,NA,14,NA,NA,NA,NA,NA
3069,INPUT_SKIN4_90_5.txt,OUTPUT_LN1_90_5.txt,NA,14,NA,NA,NA,NA,NA
3070,INPUT_SKIN4_90_5.txt,OUTPUT_LN2_90_5.txt,0.130589823,14,0.13057289,0.130646261,0.130613005,0.130630947,0.164506909
3071,INPUT_SKIN4_90_5.txt,OUTPUT_LUNG_90_5.txt,0.077723228,14,0.077731138,0.077747642,0.077745472,0.077747965,0.074573497
3072,INPUT_SKIN4_90_5.txt,OUTPUT_S_90_5.txt,0.782687357,14,0.782069262,0.782061569,0.782539856,0.782465397,0.75622454
3073,INPUT_SKIN4_90_5.txt,OUTPUT_SKIN1_90_5.txt,0.138941623,14,0.138898031,0.138898496,0.138948045,0.138936337,0.151289599
3074,INPUT_SKIN4_90_5.txt,OUTPUT_SKIN10_90_5.txt,0.072391149,14,0.072363912,0.072341332,0.072303386,0.07238809,0.071807537
3075,INPUT_SKIN4_90_5.txt,OUTPUT_SKIN11_90_5.txt,0.047486399,14,0.047466012,0.047470672,0.047480917,0.047472911,0.053333983
3076,INPUT_SKIN4_90_5.txt,OUTPUT_SKIN12_90_5.txt,0.257409671,14,0.257467512,0.257518991,0.257468256,0.25754925,0.241094285
3077,INPUT_SKIN4_90_5.txt,OUTPUT_SKIN2_90_5.txt,0.035636282,14,0.035636394,0.035635767,0.035641761,0.035642099,0.038154903
3078,INPUT_SKIN4_90_5.txt,OUTPUT_SKIN3_90_5.txt,0.121615152,14,0.121617726,0.121621129,0.121647879,0.121649406,0.139081201
3079,INPUT_SKIN4_90_5.txt,OUTPUT_SKIN4_90_5.txt,-452244.5,14,-452243.5,-452242,-452146,-452145.5,-502550.5
3080,INPUT_SKIN4_90_5.txt,OUTPUT_SKIN5_90_5.txt,0.669792333,14,0.669635257,0.669839438,0.670107883,0.669883178,0.656175732
3081,INPUT_SKIN4_90_5.txt,OUTPUT_SKIN6_90_5.txt,0.938647989,14,0.938990053,0.939036623,0.939174652,0.939076287,0.911210113
3082,INPUT_SKIN4_90_5.txt,OUTPUT_SKIN7_90_5.txt,0.061478617,14,0.061478583,0.061478534,0.061492248,0.061487055,0.062461939
3083,INPUT_SKIN4_90_5.txt,OUTPUT_SKIN8_90_5.txt,0.157820901,14,0.157821253,0.157821778,0.157855372,0.157855548,0.19977099
3084,INPUT_SKIN4_90_5.txt,OUTPUT_SKIN9_90_5.txt,0.268856344,14,0.268837489,0.268849103,0.268900066,0.268920187,0.264448153
3085,INPUT_SKIN5_90_5.txt,OUTPUT_BM1_90_5.txt,0.352009325,14,0.351989592,0.352196793,0.352166122,0.352170468,0.454806166
3086,INPUT_SKIN5_90_5.txt,OUTPUT_BM2_90_5.txt,0.455585494,14,0.455868932,0.455569327,0.455491266,0.455877514,0.588091349
3087,INPUT_SKIN5_90_5.txt,OUTPUT_GUT_90_5.txt,5.901504216,14,5.904218972,5.902034283,5.902199639,5.90316213,5.966537519
3088,INPUT_SKIN5_90_5.txt,OUTPUT_L_90_5.txt,NA,14,NA,NA,NA,NA,NA
3089,INPUT_SKIN5_90_5.txt,OUTPUT_LN1_90_5.txt,NA,14,NA,NA,NA,NA,NA
3090,INPUT_SKIN5_90_5.txt,OUTPUT_LN2_90_5.txt,2.488067675,14,2.488318514,2.488303639,2.48773444,2.488183269,2.380245391
3091,INPUT_SKIN5_90_5.txt,OUTPUT_LUNG_90_5.txt,0.320883741,14,0.320957893,0.320968998,0.320867232,0.320927083,0.308156007
3092,INPUT_SKIN5_90_5.txt,OUTPUT_S_90_5.txt,2.03625364,14,2.036515041,2.036170028,2.035997452,2.036327403,2.107671214
3093,INPUT_SKIN5_90_5.txt,OUTPUT_SKIN1_90_5.txt,0.79315409,14,0.793018043,0.792887622,0.792924864,0.792984052,0.814627753
3094,INPUT_SKIN5_90_5.txt,OUTPUT_SKIN10_90_5.txt,0.189758577,14,0.189713099,0.189621632,0.189464354,0.189717575,0.172565132
3095,INPUT_SKIN5_90_5.txt,OUTPUT_SKIN11_90_5.txt,0.070444119,14,0.070423579,0.070418418,0.070412436,0.070411779,0.077245992
3096,INPUT_SKIN5_90_5.txt,OUTPUT_SKIN12_90_5.txt,0.706590562,14,0.706845293,0.706869946,0.706514546,0.706850418,0.675715673
3097,INPUT_SKIN5_90_5.txt,OUTPUT_SKIN2_90_5.txt,0.087866525,14,0.08787903,0.087862396,0.087850721,0.08786541,0.086011637
3098,INPUT_SKIN5_90_5.txt,OUTPUT_SKIN3_90_5.txt,0.570700889,14,0.570777339,0.570676535,0.570622748,0.570712668,0.551161178
3099,INPUT_SKIN5_90_5.txt,OUTPUT_SKIN4_90_5.txt,0.321929992,14,0.321983565,0.321923876,0.321789609,0.32184479,0.348465754
3100,INPUT_SKIN5_90_5.txt,OUTPUT_SKIN5_90_5.txt,-464035.5,14,-463970.5,-464047.5,-464089.5,-464015,-514974.5
3101,INPUT_SKIN5_90_5.txt,OUTPUT_SKIN6_90_5.txt,0.219836648,14,0.219948421,0.219922449,0.219887142,0.219898449,0.237537227
3102,INPUT_SKIN5_90_5.txt,OUTPUT_SKIN7_90_5.txt,6.623259283,14,6.624214618,6.623043257,6.622452874,6.623386326,6.754073759
3103,INPUT_SKIN5_90_5.txt,OUTPUT_SKIN8_90_5.txt,0.657102388,14,0.657196533,0.657086009,0.657025965,0.657133022,0.608351336
3104,INPUT_SKIN5_90_5.txt,OUTPUT_SKIN9_90_5.txt,1.542629703,14,1.542749516,1.542544765,1.542364059,1.54274082,1.485900415
3105,INPUT_SKIN6_90_5.txt,OUTPUT_BM1_90_5.txt,0.370115378,14,0.369960902,0.370282322,0.37029698,0.370252246,0.342509176
3106,INPUT_SKIN6_90_5.txt,OUTPUT_BM2_90_5.txt,0.384212578,14,0.384372531,0.384127612,0.384102523,0.384453258,0.367023305
3107,INPUT_SKIN6_90_5.txt,OUTPUT_GUT_90_5.txt,0.36606415,14,0.365853749,0.365935135,0.365884517,0.365916945,0.385174975
3108,INPUT_SKIN6_90_5.txt,OUTPUT_L_90_5.txt,NA,14,NA,NA,NA,NA,NA
3109,INPUT_SKIN6_90_5.txt,OUTPUT_LN1_90_5.txt,NA,14,NA,NA,NA,NA,NA
3110,INPUT_SKIN6_90_5.txt,OUTPUT_LN2_90_5.txt,0.26044476,14,0.260360569,0.260506816,0.260388287,0.260440061,0.282809921
3111,INPUT_SKIN6_90_5.txt,OUTPUT_LUNG_90_5.txt,0.143279661,14,0.143268206,0.143295997,0.143264493,0.143277566,0.140590275
3112,INPUT_SKIN6_90_5.txt,OUTPUT_S_90_5.txt,1.797161827,14,1.795272963,1.795203876,1.79604747,1.795961152,1.77494184
3113,INPUT_SKIN6_90_5.txt,OUTPUT_SKIN1_90_5.txt,0.219282768,14,0.219167232,0.219156197,0.219203634,0.219199174,0.228126891
3114,INPUT_SKIN6_90_5.txt,OUTPUT_SKIN10_90_5.txt,0.099336663,14,0.099323795,0.099304385,0.099273857,0.09936603,0.097598556
3115,INPUT_SKIN6_90_5.txt,OUTPUT_SKIN11_90_5.txt,0.042176196,14,0.042150331,0.042153281,0.042154906,0.042150113,0.060481664
3116,INPUT_SKIN6_90_5.txt,OUTPUT_SKIN12_90_5.txt,0.41334805,14,0.413375955,0.413457163,0.41328165,0.413448378,0.42572441
3117,INPUT_SKIN6_90_5.txt,OUTPUT_SKIN2_90_5.txt,0.086100952,14,0.086085086,0.086082076,0.086079985,0.08608586,0.088216909
3118,INPUT_SKIN6_90_5.txt,OUTPUT_SKIN3_90_5.txt,0.148713356,14,0.14868797,0.14868711,0.14869302,0.148702556,0.148616014
3119,INPUT_SKIN6_90_5.txt,OUTPUT_SKIN4_90_5.txt,0.117064747,14,0.117053826,0.117051323,0.117226971,0.117233166,0.118479035
3120,INPUT_SKIN6_90_5.txt,OUTPUT_SKIN5_90_5.txt,0.598576202,14,0.598395963,0.598591625,0.598648367,0.598462707,0.59025427
3121,INPUT_SKIN6_90_5.txt,OUTPUT_SKIN6_90_5.txt,-455802.5,14,-455886.5,-455897.5,-455881.5,-455856.5,-506110
3122,INPUT_SKIN6_90_5.txt,OUTPUT_SKIN7_90_5.txt,0.049048954,14,0.049039792,0.049038317,0.049040573,0.049040758,0.050472639
3123,INPUT_SKIN6_90_5.txt,OUTPUT_SKIN8_90_5.txt,0.266476612,14,0.266427465,0.266421017,0.26643017,0.266445024,0.201900588
3124,INPUT_SKIN6_90_5.txt,OUTPUT_SKIN9_90_5.txt,0.07737107,14,0.077356806,0.077354938,0.077357655,0.077361901,0.074037051
3125,INPUT_SKIN7_90_5.txt,OUTPUT_BM1_90_5.txt,0.492731397,14,0.492627219,0.493018012,0.493024522,0.492938568,0.460018064
3126,INPUT_SKIN7_90_5.txt,OUTPUT_BM2_90_5.txt,0.572862968,14,0.573161879,0.57285179,0.572807525,0.573225965,0.554300494
3127,INPUT_SKIN7_90_5.txt,OUTPUT_GUT_90_5.txt,0.28747038,14,0.287367347,0.287433669,0.287386458,0.287397752,0.280611133
3128,INPUT_SKIN7_90_5.txt,OUTPUT_L_90_5.txt,NA,14,NA,NA,NA,NA,NA
3129,INPUT_SKIN7_90_5.txt,OUTPUT_LN1_90_5.txt,NA,14,NA,NA,NA,NA,NA
3130,INPUT_SKIN7_90_5.txt,OUTPUT_LN2_90_5.txt,0.148047756,14,0.148028427,0.148111585,0.14804159,0.148063685,0.149772671
3131,INPUT_SKIN7_90_5.txt,OUTPUT_LUNG_90_5.txt,0.230145769,14,0.230167824,0.230216084,0.230161539,0.230171058,0.2737544
3132,INPUT_SKIN7_90_5.txt,OUTPUT_S_90_5.txt,1.45954129,14,1.45863083,1.458580343,1.459093869,1.458863206,1.49855629
3133,INPUT_SKIN7_90_5.txt,OUTPUT_SKIN1_90_5.txt,0.184259142,14,0.184202366,0.184200861,0.184227212,0.184216318,0.18665829
3134,INPUT_SKIN7_90_5.txt,OUTPUT_SKIN10_90_5.txt,0.105253495,14,0.105258884,0.105245878,0.105217803,0.105290321,0.100633398
3135,INPUT_SKIN7_90_5.txt,OUTPUT_SKIN11_90_5.txt,0.054720095,14,0.054696745,0.054702216,0.054701941,0.054693599,0.05990746
3136,INPUT_SKIN7_90_5.txt,OUTPUT_SKIN12_90_5.txt,0.39466051,14,0.394749472,0.394830122,0.39466351,0.394794224,0.377608177
3137,INPUT_SKIN7_90_5.txt,OUTPUT_SKIN2_90_5.txt,0.08421498,14,0.084215262,0.084214599,0.084209572,0.084211836,0.078990781
3138,INPUT_SKIN7_90_5.txt,OUTPUT_SKIN3_90_5.txt,0.195356995,14,0.195363827,0.195373824,0.195374322,0.195381859,0.156843938
3139,INPUT_SKIN7_90_5.txt,OUTPUT_SKIN4_90_5.txt,0.076020643,14,0.076029059,0.07602989,0.076169422,0.076170476,0.071198773
3140,INPUT_SKIN7_90_5.txt,OUTPUT_SKIN5_90_5.txt,0.449033799,14,0.448925582,0.449075849,0.449143049,0.449006741,0.437610416
3141,INPUT_SKIN7_90_5.txt,OUTPUT_SKIN6_90_5.txt,0.231170487,14,0.231255316,0.23126764,0.231249621,0.231228212,0.22130396
3142,INPUT_SKIN7_90_5.txt,OUTPUT_SKIN7_90_5.txt,-402837.5,14,-402837,-402834.5,-402838,-402831.5,-447603
3143,INPUT_SKIN7_90_5.txt,OUTPUT_SKIN8_90_5.txt,0.251467767,14,0.251468081,0.251469635,0.251465598,0.251471475,0.181427239
3144,INPUT_SKIN7_90_5.txt,OUTPUT_SKIN9_90_5.txt,0.124693628,14,0.124693654,0.1246945,0.124693372,0.124695517,0.119653426
3145,INPUT_SKIN8_90_5.txt,OUTPUT_BM1_90_5.txt,0.622361736,14,0.62222814,0.62274135,0.622743848,0.622642693,0.577453747
3146,INPUT_SKIN8_90_5.txt,OUTPUT_BM2_90_5.txt,0.437801214,14,0.438051458,0.437796292,0.437754454,0.438111361,0.44284143
3147,INPUT_SKIN8_90_5.txt,OUTPUT_GUT_90_5.txt,0.552366937,14,0.552169877,0.552294576,0.552206832,0.552223758,0.587340749
3148,INPUT_SKIN8_90_5.txt,OUTPUT_L_90_5.txt,NA,14,NA,NA,NA,NA,NA
3149,INPUT_SKIN8_90_5.txt,OUTPUT_LN1_90_5.txt,NA,14,NA,NA,NA,NA,NA
3150,INPUT_SKIN8_90_5.txt,OUTPUT_LN2_90_5.txt,0.565630397,14,0.565556906,0.565867707,0.565607726,0.565683099,0.563872593
3151,INPUT_SKIN8_90_5.txt,OUTPUT_LUNG_90_5.txt,0.123148776,14,0.123160772,0.123185793,0.123157643,0.123160567,0.104409022
3152,INPUT_SKIN8_90_5.txt,OUTPUT_S_90_5.txt,2.136134916,14,2.134734333,2.134711849,2.135415556,2.135246935,0.908560254
3153,INPUT_SKIN8_90_5.txt,OUTPUT_SKIN1_90_5.txt,0.401393962,14,0.401262109,0.401262288,0.401324834,0.401290815,0.407535234
3154,INPUT_SKIN8_90_5.txt,OUTPUT_SKIN10_90_5.txt,0.07402387,14,0.073995707,0.073972308,0.073917628,0.074004287,0.076343379
3155,INPUT_SKIN8_90_5.txt,OUTPUT_SKIN11_90_5.txt,0.091569614,14,0.091530365,0.091539249,0.09153929,0.091523865,0.095399569
3156,INPUT_SKIN8_90_5.txt,OUTPUT_SKIN12_90_5.txt,0.665069673,14,0.665221136,0.66538533,0.665108792,0.665286556,0.681512325
3157,INPUT_SKIN8_90_5.txt,OUTPUT_SKIN2_90_5.txt,0.111388732,14,0.111388512,0.11138792,0.111381247,0.111382947,0.114459588
3158,INPUT_SKIN8_90_5.txt,OUTPUT_SKIN3_90_5.txt,0.191321532,14,0.191324969,0.191329551,0.191330696,0.191332987,0.18297373
3159,INPUT_SKIN8_90_5.txt,OUTPUT_SKIN4_90_5.txt,0.213704734,14,0.213703792,0.21370307,0.213606702,0.213607737,0.225661871
3160,INPUT_SKIN8_90_5.txt,OUTPUT_SKIN5_90_5.txt,0.756388266,14,0.756503626,0.756725927,0.756592518,0.75634134,0.717549122
3161,INPUT_SKIN8_90_5.txt,OUTPUT_SKIN6_90_5.txt,0.664282465,14,0.664545532,0.664579798,0.664529718,0.664451704,0.713015936
3162,INPUT_SKIN8_90_5.txt,OUTPUT_SKIN7_90_5.txt,0.074681647,14,0.074681462,0.074680536,0.074681833,0.074675686,0.077046132
3163,INPUT_SKIN8_90_5.txt,OUTPUT_SKIN8_90_5.txt,-475019,14,-475019,-475019,-475019,-475019,-527929
3164,INPUT_SKIN8_90_5.txt,OUTPUT_SKIN9_90_5.txt,0.249832332,14,0.249813981,0.249824176,0.249818056,0.24983692,0.23850779
3165,INPUT_SKIN9_90_5.txt,OUTPUT_BM1_90_5.txt,0.91008142,14,0.909947411,0.910572912,0.91058729,0.910425663,0.92304355
3166,INPUT_SKIN9_90_5.txt,OUTPUT_BM2_90_5.txt,0.955517979,14,0.95600604,0.955524814,0.955460932,0.956070085,0.983533415
3167,INPUT_SKIN9_90_5.txt,OUTPUT_GUT_90_5.txt,0.483333738,14,0.483183411,0.483279922,0.483210975,0.483207037,0.464393729
3168,INPUT_SKIN9_90_5.txt,OUTPUT_L_90_5.txt,NA,14,NA,NA,NA,NA,NA
3169,INPUT_SKIN9_90_5.txt,OUTPUT_LN1_90_5.txt,NA,14,NA,NA,NA,NA,NA
3170,INPUT_SKIN9_90_5.txt,OUTPUT_LN2_90_5.txt,0.366724981,14,0.366691792,0.366881936,0.366721124,0.366755004,0.418852387
3171,INPUT_SKIN9_90_5.txt,OUTPUT_LUNG_90_5.txt,0.127655773,14,0.127672729,0.127695787,0.127667969,0.127666646,0.120099353
3172,INPUT_SKIN9_90_5.txt,OUTPUT_S_90_5.txt,1.187935044,14,1.18716798,1.187130503,1.187552696,1.187409795,1.633761369
3173,INPUT_SKIN9_90_5.txt,OUTPUT_SKIN1_90_5.txt,0.331257852,14,0.331164803,0.331158151,0.331210429,0.331169807,0.321077908
3174,INPUT_SKIN9_90_5.txt,OUTPUT_SKIN10_90_5.txt,0.141544928,14,0.141496215,0.141448585,0.141345758,0.141506009,0.14096978
3175,INPUT_SKIN9_90_5.txt,OUTPUT_SKIN11_90_5.txt,0.035460779,14,0.035446883,0.035449422,0.035450049,0.035442734,0.032727116
3176,INPUT_SKIN9_90_5.txt,OUTPUT_SKIN12_90_5.txt,0.492668068,14,0.492795589,0.492880831,0.492686221,0.492822837,0.454414203
3177,INPUT_SKIN9_90_5.txt,OUTPUT_SKIN2_90_5.txt,0.101557489,14,0.101561246,0.101557047,0.101553789,0.101550579,0.10238298
3178,INPUT_SKIN9_90_5.txt,OUTPUT_SKIN3_90_5.txt,0.218977621,14,0.218988673,0.218988128,0.218991812,0.218985472,0.239451445
3179,INPUT_SKIN9_90_5.txt,OUTPUT_SKIN4_90_5.txt,0.20965949,14,0.209666347,0.209660649,0.209574972,0.209566533,0.204897141
3180,INPUT_SKIN9_90_5.txt,OUTPUT_SKIN5_90_5.txt,0.669129708,14,0.669044396,0.669238299,0.669314698,0.669073029,0.660210294
3181,INPUT_SKIN9_90_5.txt,OUTPUT_SKIN6_90_5.txt,0.328156105,14,0.328288662,0.328297631,0.328278757,0.328230489,0.344686029
3182,INPUT_SKIN9_90_5.txt,OUTPUT_SKIN7_90_5.txt,0.073954039,14,0.073956584,0.073954531,0.073956345,0.073949165,0.07250265
3183,INPUT_SKIN9_90_5.txt,OUTPUT_SKIN8_90_5.txt,0.266858936,14,0.266868798,0.266863319,0.266866606,0.266856471,0.346843593
3184,INPUT_SKIN9_90_5.txt,OUTPUT_SKIN9_90_5.txt,-488440.5,14,-488422.5,-488432.5,-488426.5,-488445,-542866
3185,INPUT_BM1_90_5.txt,OUTPUT_BM1_90_5.txt,-1001951.5,15,-1001613,-1001492.5,-1001790,-1001860,-1113171.5
3186,INPUT_BM1_90_5.txt,OUTPUT_BM2_90_5.txt,20.06159944,15,20.06778211,20.06808218,20.0721535,20.07393239,34.71085564
3187,INPUT_BM1_90_5.txt,OUTPUT_GUT_90_5.txt,40.59996306,15,40.61934354,40.63741577,40.62369917,40.6095022,43.5560875
3188,INPUT_BM1_90_5.txt,OUTPUT_L_90_5.txt,575.1486368,15,575.083163,575.7385479,574.8708202,575.2191093,606.1866249
3189,INPUT_BM1_90_5.txt,OUTPUT_LN1_90_5.txt,48.44258869,15,48.47767209,48.49643276,48.45416547,48.46244934,51.77007721
3190,INPUT_BM1_90_5.txt,OUTPUT_LN2_90_5.txt,13.12904957,15,13.12535072,13.13227185,13.12768116,13.12249797,13.53043862
3191,INPUT_BM1_90_5.txt,OUTPUT_LUNG_90_5.txt,128.1699067,15,128.2239618,128.2646498,128.188904,128.1412445,191.5246157
3192,INPUT_BM1_90_5.txt,OUTPUT_S_90_5.txt,590.3624506,15,590.2768715,590.0946093,590.2422207,590.4070602,610.4360877
3193,INPUT_BM1_90_5.txt,OUTPUT_SKIN1_90_5.txt,0.095782674,15,0.095815657,0.095826387,0.09580165,0.095791345,0.098296108
3194,INPUT_BM1_90_5.txt,OUTPUT_SKIN2_90_5.txt,0.200704388,15,0.200766869,0.200754413,0.2006981,0.200680363,0.210383431
3195,INPUT_BM1_90_5.txt,OUTPUT_SKIN3_90_5.txt,0.098553744,15,0.098603336,0.098576788,0.098575002,0.098572508,0.106237873
3196,INPUT_BM1_90_5.txt,OUTPUT_SKIN4_90_5.txt,0.163668586,15,0.163764377,0.163741996,0.163730792,0.163663028,0.161945248
3197,INPUT_BM1_90_5.txt,OUTPUT_SKIN5_90_5.txt,0.111784817,15,0.111826601,0.11182831,0.111800108,0.111795904,0.109906293
3198,INPUT_BM1_90_5.txt,OUTPUT_SKIN6_90_5.txt,0.086468489,15,0.086487802,0.086490463,0.086458436,0.086442559,0.082665038
3199,INPUT_BM2_90_5.txt,OUTPUT_BM1_90_5.txt,2.134716606,15,2.134704776,2.132865101,2.133694662,2.135174075,2.207296683
3200,INPUT_BM2_90_5.txt,OUTPUT_BM2_90_5.txt,-1068004,15,-1067983.5,-1067929,-1068195,-1068276,-1186787
3201,INPUT_BM2_90_5.txt,OUTPUT_GUT_90_5.txt,3.484667407,15,3.485042869,3.486227023,3.485335229,3.484188749,2.696656079
3202,INPUT_BM2_90_5.txt,OUTPUT_L_90_5.txt,3.728497253,15,3.726880496,3.730096617,3.725695249,3.72764097,3.769214347
3203,INPUT_BM2_90_5.txt,OUTPUT_LN1_90_5.txt,4.688838321,15,4.690687376,4.69222351,4.688367626,4.689091863,4.523512215
3204,INPUT_BM2_90_5.txt,OUTPUT_LN2_90_5.txt,0.3019444,15,0.301769984,0.301889589,0.301810771,0.301704244,0.279088649
3205,INPUT_BM2_90_5.txt,OUTPUT_LUNG_90_5.txt,3.501712893,15,3.501868096,3.502692951,3.501279039,3.500057114,3.628651044
3206,INPUT_BM2_90_5.txt,OUTPUT_S_90_5.txt,4.044117441,15,4.041930217,4.042237639,4.039738413,4.04051994,3.856556254
3207,INPUT_BM2_90_5.txt,OUTPUT_SKIN1_90_5.txt,0.056580871,15,0.056581675,0.056584682,0.056573656,0.05656545,0.056138822
3208,INPUT_BM2_90_5.txt,OUTPUT_SKIN2_90_5.txt,0.128885693,15,0.128885756,0.128867653,0.128837284,0.128824972,0.115334068
3209,INPUT_BM2_90_5.txt,OUTPUT_SKIN3_90_5.txt,0.092441106,15,0.092453295,0.092415507,0.092413534,0.092420543,0.096677277
3210,INPUT_BM2_90_5.txt,OUTPUT_SKIN4_90_5.txt,0.112950758,15,0.112979736,0.112954988,0.112953978,0.112906763,0.117227492
3211,INPUT_BM2_90_5.txt,OUTPUT_SKIN5_90_5.txt,0.06998943,15,0.06999385,0.069988226,0.06997468,0.069971404,0.074679493
3212,INPUT_BM2_90_5.txt,OUTPUT_SKIN6_90_5.txt,0.024759485,15,0.024756361,0.02475517,0.024759597,0.024754304,0.023185944
3213,INPUT_GUT_90_5.txt,OUTPUT_BM1_90_5.txt,1.230359959,15,1.230371403,1.229015707,1.22976897,1.230995486,1.283155656
3214,INPUT_GUT_90_5.txt,OUTPUT_BM2_90_5.txt,4.580814781,15,4.580445474,4.579348364,4.581610764,4.582858774,4.904603039
3215,INPUT_GUT_90_5.txt,OUTPUT_GUT_90_5.txt,-478784,15,-478805,-478873.5,-478872.5,-478812.5,-532042.5
3216,INPUT_GUT_90_5.txt,OUTPUT_L_90_5.txt,0.760723756,15,0.760307508,0.760815403,0.760148598,0.760658347,0.737784456
3217,INPUT_GUT_90_5.txt,OUTPUT_LN1_90_5.txt,0.817876307,15,0.81814994,0.818261756,0.817789902,0.818081148,0.740118736
3218,INPUT_GUT_90_5.txt,OUTPUT_LN2_90_5.txt,0.237479952,15,0.237327666,0.237375602,0.237373402,0.237337422,0.213741873
3219,INPUT_GUT_90_5.txt,OUTPUT_LUNG_90_5.txt,0.764206503,15,0.764202234,0.764234225,0.764070659,0.763950192,0.732165883
3220,INPUT_GUT_90_5.txt,OUTPUT_S_90_5.txt,0.871244627,15,0.870716879,0.870616319,0.870291129,0.870633305,0.929622533
3221,INPUT_GUT_90_5.txt,OUTPUT_SKIN1_90_5.txt,0.053223312,15,0.053223146,0.053213712,0.053214715,0.053222199,0.051722494
3222,INPUT_GUT_90_5.txt,OUTPUT_SKIN2_90_5.txt,0.061000731,15,0.060994539,0.060975655,0.060975995,0.060984099,0.058397721
3223,INPUT_GUT_90_5.txt,OUTPUT_SKIN3_90_5.txt,0.078483338,15,0.078496526,0.078465247,0.078493241,0.078488475,0.073890786
3224,INPUT_GUT_90_5.txt,OUTPUT_SKIN4_90_5.txt,0.061947179,15,0.061960292,0.061935817,0.061947966,0.061935523,0.057499219
3225,INPUT_GUT_90_5.txt,OUTPUT_SKIN5_90_5.txt,0.042216347,15,0.042217403,0.04220414,0.042208502,0.042213546,0.039033317
3226,INPUT_GUT_90_5.txt,OUTPUT_SKIN6_90_5.txt,0.055559291,15,0.055541875,0.055526502,0.055667252,0.055658636,0.054550672
3227,INPUT_L_90_5.txt,OUTPUT_BM1_90_5.txt,32.82829116,15,32.81555728,32.79407263,32.82695836,32.82399859,29.28184773
3228,INPUT_L_90_5.txt,OUTPUT_BM2_90_5.txt,228.6639591,15,228.7179376,228.6137939,228.8230315,228.8018934,228.6416417
3229,INPUT_L_90_5.txt,OUTPUT_GUT_90_5.txt,92.32183493,15,92.36460183,92.34574609,92.41161063,92.35304281,94.59449943
3230,INPUT_L_90_5.txt,OUTPUT_L_90_5.txt,-1141064.5,15,-1140757.5,-1141220.5,-1140737.5,-1141030,-1267365
3231,INPUT_L_90_5.txt,OUTPUT_LN1_90_5.txt,42.58410587,15,42.61070389,42.60581403,42.59885097,42.59820759,42.95226349
3232,INPUT_L_90_5.txt,OUTPUT_LN2_90_5.txt,11.99765261,15,11.99335537,11.99228314,11.9981661,11.9908463,12.12386795
3233,INPUT_L_90_5.txt,OUTPUT_LUNG_90_5.txt,1889.53698,15,1889.970181,1889.563865,1890.203655,1888.976338,1893.225709
3234,INPUT_L_90_5.txt,OUTPUT_S_90_5.txt,1028.480104,15,1028.310095,1029.924873,1028.626761,1029.392897,1027.423613
3235,INPUT_L_90_5.txt,OUTPUT_SKIN1_90_5.txt,0.049764228,15,0.049778344,0.049757787,0.049781295,0.049765667,0.050289354
3236,INPUT_L_90_5.txt,OUTPUT_SKIN2_90_5.txt,0.134838885,15,0.134875374,0.134792009,0.13485665,0.13481638,0.138554673
3237,INPUT_L_90_5.txt,OUTPUT_SKIN3_90_5.txt,0.077118027,15,0.077154619,0.077105329,0.077165748,0.077129299,0.0772163
3238,INPUT_L_90_5.txt,OUTPUT_SKIN4_90_5.txt,0.107529066,15,0.107585407,0.107515168,0.107581236,0.107518938,0.106174267
3239,INPUT_L_90_5.txt,OUTPUT_SKIN5_90_5.txt,0.07049804,15,0.070522747,0.070482725,0.070519208,0.0705006,0.072110743
3240,INPUT_L_90_5.txt,OUTPUT_SKIN6_90_5.txt,0.038129612,15,0.038135093,0.038116144,0.038129306,0.038115198,0.049718831
3241,INPUT_LN1_90_5.txt,OUTPUT_BM1_90_5.txt,46.10908156,15,46.13327441,46.04996378,46.09460067,46.15776237,45.77139828
3242,INPUT_LN1_90_5.txt,OUTPUT_BM2_90_5.txt,90.58018116,15,90.55818938,90.53572892,90.61022687,90.61405654,90.70728273
3243,INPUT_LN1_90_5.txt,OUTPUT_GUT_90_5.txt,24.09124802,15,24.08847617,24.09206568,24.09962228,24.09017999,23.95533943
3244,INPUT_LN1_90_5.txt,OUTPUT_L_90_5.txt,59.0078745,15,58.9709773,59.01160183,58.97018384,59.00192348,59.70284222
3245,INPUT_LN1_90_5.txt,OUTPUT_LN1_90_5.txt,-425266.5,15,-425346.5,-425405.5,-425283,-425332,-471971
3246,INPUT_LN1_90_5.txt,OUTPUT_LN2_90_5.txt,1.106978043,15,1.106102941,1.106331527,1.106641462,1.106204291,1.311287567
3247,INPUT_LN1_90_5.txt,OUTPUT_LUNG_90_5.txt,72.0834021,15,72.07070023,72.07492673,72.09120351,72.0631635,73.87681912
3248,INPUT_LN1_90_5.txt,OUTPUT_S_90_5.txt,36.41149393,15,36.38614249,36.38260073,36.37890417,36.38446698,36.39522912
3249,INPUT_LN1_90_5.txt,OUTPUT_SKIN1_90_5.txt,0.184482603,15,0.184451687,0.184423352,0.18448366,0.184455928,0.170498978
3250,INPUT_LN1_90_5.txt,OUTPUT_SKIN2_90_5.txt,0.568496427,15,0.568378778,0.568193296,0.568388784,0.568305415,0.571975149
3251,INPUT_LN1_90_5.txt,OUTPUT_SKIN3_90_5.txt,0.299550264,15,0.299549393,0.299448559,0.299636486,0.299530514,0.283057058
3252,INPUT_LN1_90_5.txt,OUTPUT_SKIN4_90_5.txt,0.446584649,15,0.446602805,0.446443268,0.446646831,0.446465192,0.450145187
3253,INPUT_LN1_90_5.txt,OUTPUT_SKIN5_90_5.txt,0.226722073,15,0.226694523,0.226623555,0.226712682,0.226684354,0.220075306
3254,INPUT_LN1_90_5.txt,OUTPUT_SKIN6_90_5.txt,0.159866947,15,0.159814834,0.159777601,0.159861304,0.159822773,0.15081542
3255,INPUT_LN2_90_5.txt,OUTPUT_BM1_90_5.txt,21.35092425,15,21.34271212,21.3366099,21.34700365,21.35169691,20.77297622
3256,INPUT_LN2_90_5.txt,OUTPUT_BM2_90_5.txt,9.973937462,15,9.976302271,9.973714248,9.978573842,9.981008702,9.442730756
3257,INPUT_LN2_90_5.txt,OUTPUT_GUT_90_5.txt,1.380058716,15,1.380584996,1.380742926,1.380744921,1.380589378,1.259504354
3258,INPUT_LN2_90_5.txt,OUTPUT_L_90_5.txt,81.38637939,15,81.36168817,81.39173767,81.35285938,81.36681765,79.99884376
3259,INPUT_LN2_90_5.txt,OUTPUT_LN1_90_5.txt,20.81910612,15,20.83000497,20.83250736,20.82234122,20.82839376,21.98921352
3260,INPUT_LN2_90_5.txt,OUTPUT_LN2_90_5.txt,-441312.5,15,-441181,-441257,-441254.5,-441193.5,-490286.5
3261,INPUT_LN2_90_5.txt,OUTPUT_LUNG_90_5.txt,56.61639632,15,56.62333642,56.64191567,56.63092216,56.62171733,55.23699771
3262,INPUT_LN2_90_5.txt,OUTPUT_S_90_5.txt,96.45578161,15,96.42139101,96.43712759,96.43139835,96.42281728,98.50029427
3263,INPUT_LN2_90_5.txt,OUTPUT_SKIN1_90_5.txt,0.187709832,15,0.18777385,0.187735036,0.18773887,0.18776797,0.176305086
3264,INPUT_LN2_90_5.txt,OUTPUT_SKIN2_90_5.txt,0.667250777,15,0.667417852,0.667203922,0.667209157,0.667305045,0.627820287
3265,INPUT_LN2_90_5.txt,OUTPUT_SKIN3_90_5.txt,0.699396032,15,0.699749527,0.69949585,0.699727867,0.69966668,0.671985948
3266,INPUT_LN2_90_5.txt,OUTPUT_SKIN4_90_5.txt,0.843864448,15,0.844321923,0.844003787,0.844136672,0.844015197,0.794461583
3267,INPUT_LN2_90_5.txt,OUTPUT_SKIN5_90_5.txt,0.728461943,15,0.728731429,0.728511295,0.728575536,0.728657867,0.724687773
3268,INPUT_LN2_90_5.txt,OUTPUT_SKIN6_90_5.txt,0.119538537,15,0.119559602,0.119528126,0.119518944,0.119522139,0.126511548
3269,INPUT_LUNG_90_5.txt,OUTPUT_BM1_90_5.txt,363.7729862,15,363.6373545,363.4867634,363.6691984,363.7982396,351.2020173
3270,INPUT_LUNG_90_5.txt,OUTPUT_BM2_90_5.txt,294.3643101,15,294.3693289,294.2925351,294.4723273,294.5470442,294.7183798
3271,INPUT_LUNG_90_5.txt,OUTPUT_GUT_90_5.txt,80.11393333,15,80.12064773,80.1213447,80.13305577,80.12490636,78.11050408
3272,INPUT_LUNG_90_5.txt,OUTPUT_L_90_5.txt,1719.450564,15,1718.516773,1719.681734,1718.647785,1719.588353,1522.248253
3273,INPUT_LUNG_90_5.txt,OUTPUT_LN1_90_5.txt,8.73817161,15,8.741334628,8.742951315,8.738976548,8.742237676,7.90709548
3274,INPUT_LUNG_90_5.txt,OUTPUT_LN2_90_5.txt,18.70948978,15,18.69696822,18.70199815,18.70417036,18.70163918,18.95122636
3275,INPUT_LUNG_90_5.txt,OUTPUT_LUNG_90_5.txt,-958801,15,-958813,-958901.5,-958787,-958648,-1065544.5
3276,INPUT_LUNG_90_5.txt,OUTPUT_S_90_5.txt,122.9389432,15,122.8866971,122.8843676,122.8577264,122.8910022,110.6644914
3277,INPUT_LUNG_90_5.txt,OUTPUT_SKIN1_90_5.txt,0.060548862,15,0.060550563,0.060542954,0.060551075,0.06056088,0.056130761
3278,INPUT_LUNG_90_5.txt,OUTPUT_SKIN2_90_5.txt,0.241010061,15,0.240997046,0.240932909,0.240967271,0.241000982,0.237748899
3279,INPUT_LUNG_90_5.txt,OUTPUT_SKIN3_90_5.txt,0.122670942,15,0.122695571,0.12265495,0.122713185,0.122706179,0.120455926
3280,INPUT_LUNG_90_5.txt,OUTPUT_SKIN4_90_5.txt,0.235513276,15,0.235568963,0.235491191,0.235562847,0.235523034,0.233484241
3281,INPUT_LUNG_90_5.txt,OUTPUT_SKIN5_90_5.txt,0.146846385,15,0.14685531,0.14681893,0.146849739,0.146870574,0.143087571
3282,INPUT_LUNG_90_5.txt,OUTPUT_SKIN6_90_5.txt,0.041517985,15,0.041512398,0.041504792,0.041506249,0.0415077,0.037580737
3283,INPUT_S_90_5.txt,OUTPUT_BM1_90_5.txt,136.3119886,15,136.353446,136.2086308,136.3531151,136.4473762,146.6469973
3284,INPUT_S_90_5.txt,OUTPUT_BM2_90_5.txt,73.46569123,15,73.49028545,73.48069409,73.54199285,73.54232759,78.45833043
3285,INPUT_S_90_5.txt,OUTPUT_GUT_90_5.txt,11.55210437,15,11.55675306,11.56006649,11.56240933,11.55764669,11.47784067
3286,INPUT_S_90_5.txt,OUTPUT_L_90_5.txt,559.6218414,15,559.6066424,560.6463158,559.7766673,560.3021292,598.5274233
3287,INPUT_S_90_5.txt,OUTPUT_LN1_90_5.txt,33.95545671,15,33.97981429,33.98933645,33.97572819,33.97889387,40.9973893
3288,INPUT_S_90_5.txt,OUTPUT_LN2_90_5.txt,9.571989238,15,9.568915084,9.572350504,9.574307351,9.569954337,10.18601132
3289,INPUT_S_90_5.txt,OUTPUT_LUNG_90_5.txt,263.4595154,15,263.6395194,263.7246581,263.7576759,263.5589642,300.1324867
3290,INPUT_S_90_5.txt,OUTPUT_S_90_5.txt,-1225551.5,15,-1225205.5,-1225221.5,-1224990.5,-1225156,-1361843.5
3291,INPUT_S_90_5.txt,OUTPUT_SKIN1_90_5.txt,0.03276906,15,0.032777603,0.032778153,0.032787398,0.032777826,0.034689169
3292,INPUT_S_90_5.txt,OUTPUT_SKIN2_90_5.txt,0.079320214,15,0.079344227,0.07932562,0.07934405,0.079329223,0.085089446
3293,INPUT_S_90_5.txt,OUTPUT_SKIN3_90_5.txt,0.075020364,15,0.075052756,0.075038015,0.075076787,0.075048655,0.088677642
3294,INPUT_S_90_5.txt,OUTPUT_SKIN4_90_5.txt,0.070176064,15,0.070213307,0.070195538,0.070221701,0.07019035,0.071159314
3295,INPUT_S_90_5.txt,OUTPUT_SKIN5_90_5.txt,0.045842947,15,0.045859588,0.045851216,0.045864336,0.045858579,0.05442558
3296,INPUT_S_90_5.txt,OUTPUT_SKIN6_90_5.txt,0.031861425,15,0.031866523,0.031863208,0.031866878,0.03185905,0.048260097
3297,INPUT_SKIN1_90_5.txt,OUTPUT_BM1_90_5.txt,1.539304072,15,1.539538163,1.53804789,1.538899645,1.540191697,1.654466716
3298,INPUT_SKIN1_90_5.txt,OUTPUT_BM2_90_5.txt,1.413672541,15,1.413595427,1.41349325,1.414098651,1.414273123,1.453657536
3299,INPUT_SKIN1_90_5.txt,OUTPUT_GUT_90_5.txt,0.318394461,15,0.318415076,0.318509268,0.318505763,0.318425118,0.294104234
3300,INPUT_SKIN1_90_5.txt,OUTPUT_L_90_5.txt,2.718893281,15,2.717998637,2.719659006,2.717643246,2.718884531,2.758083857
3301,INPUT_SKIN1_90_5.txt,OUTPUT_LN1_90_5.txt,9.028443426,15,9.028793005,9.029365709,9.028449057,9.028703006,9.253677474
3302,INPUT_SKIN1_90_5.txt,OUTPUT_LN2_90_5.txt,0.277027767,15,0.276859989,0.276958276,0.27695329,0.276875649,0.262606122
3303,INPUT_SKIN1_90_5.txt,OUTPUT_LUNG_90_5.txt,2.658250538,15,2.658246162,2.658784717,2.658553838,2.657995781,2.693657915
3304,INPUT_SKIN1_90_5.txt,OUTPUT_S_90_5.txt,6.015081752,15,6.013572894,6.013742746,6.012778151,6.013382288,6.087176238
3305,INPUT_SKIN1_90_5.txt,OUTPUT_SKIN1_90_5.txt,-507107.5,15,-507118,-507109.5,-507113,-507117.5,-563731
3306,INPUT_SKIN1_90_5.txt,OUTPUT_SKIN2_90_5.txt,1.315953065,15,1.3158361,1.315652895,1.315631911,1.315642374,1.258129007
3307,INPUT_SKIN1_90_5.txt,OUTPUT_SKIN3_90_5.txt,0.539617142,15,0.539725307,0.539611041,0.539808092,0.539670954,0.493922568
3308,INPUT_SKIN1_90_5.txt,OUTPUT_SKIN4_90_5.txt,7.816494608,15,7.819101476,7.816641384,7.818735793,7.815461651,7.223285912
3309,INPUT_SKIN1_90_5.txt,OUTPUT_SKIN5_90_5.txt,1.084118183,15,1.084194132,1.083991965,1.084105346,1.084185062,1.00902343
3310,INPUT_SKIN1_90_5.txt,OUTPUT_SKIN6_90_5.txt,0.124296507,15,0.124246999,0.12422948,0.124797639,0.124751042,0.116409628
3311,INPUT_SKIN2_90_5.txt,OUTPUT_BM1_90_5.txt,6.334347164,15,6.332923232,6.332815165,6.334301788,6.334390748,6.003359366
3312,INPUT_SKIN2_90_5.txt,OUTPUT_BM2_90_5.txt,0.912367213,15,0.912367206,0.912350165,0.912770605,0.912888289,0.825172852
3313,INPUT_SKIN2_90_5.txt,OUTPUT_GUT_90_5.txt,0.08687529,15,0.086885762,0.086917062,0.086917157,0.086894777,0.078125828
3314,INPUT_SKIN2_90_5.txt,OUTPUT_L_90_5.txt,5.614212023,15,5.613047563,5.615368807,5.612568729,5.613737316,5.294060485
3315,INPUT_SKIN2_90_5.txt,OUTPUT_LN1_90_5.txt,9.951703436,15,9.952141897,9.952423799,9.952731857,9.952510774,9.768076513
3316,INPUT_SKIN2_90_5.txt,OUTPUT_LN2_90_5.txt,10.22309274,15,10.22214094,10.22351428,10.22371792,10.22286824,10.08066119
3317,INPUT_SKIN2_90_5.txt,OUTPUT_LUNG_90_5.txt,4.392856553,15,4.393088677,4.395182942,4.394650389,4.393850998,4.103309142
3318,INPUT_SKIN2_90_5.txt,OUTPUT_S_90_5.txt,9.255758843,15,9.256152741,9.256453342,9.256701972,9.256532846,9.117016743
3319,INPUT_SKIN2_90_5.txt,OUTPUT_SKIN1_90_5.txt,0.530186219,15,0.530225979,0.530249361,0.530259404,0.530264327,0.520872291
3320,INPUT_SKIN2_90_5.txt,OUTPUT_SKIN2_90_5.txt,-534265.5,15,-534247.5,-534206,-534203.5,-534208,-593454
3321,INPUT_SKIN2_90_5.txt,OUTPUT_SKIN3_90_5.txt,0.292151312,15,0.292226794,0.292181265,0.292292728,0.292218722,0.409411261
3322,INPUT_SKIN2_90_5.txt,OUTPUT_SKIN4_90_5.txt,2.042921806,15,2.043505579,2.043158374,2.043550748,2.042877458,1.984773486
3323,INPUT_SKIN2_90_5.txt,OUTPUT_SKIN5_90_5.txt,0.822932823,15,0.823022556,0.822932965,0.823027017,0.823014185,0.793234869
3324,INPUT_SKIN2_90_5.txt,OUTPUT_SKIN6_90_5.txt,0.306981691,15,0.306955608,0.306952489,0.306928257,0.30689299,0.293594703
3325,INPUT_SKIN3_90_5.txt,OUTPUT_BM1_90_5.txt,1.616991391,15,1.616068803,1.616022279,1.616347502,1.616677225,1.618020867
3326,INPUT_SKIN3_90_5.txt,OUTPUT_BM2_90_5.txt,0.413859431,15,0.413798315,0.413808161,0.413918972,0.414026711,0.384200165
3327,INPUT_SKIN3_90_5.txt,OUTPUT_GUT_90_5.txt,0.044436204,15,0.044435098,0.044452879,0.044444376,0.044438722,0.040562085
3328,INPUT_SKIN3_90_5.txt,OUTPUT_L_90_5.txt,2.896578253,15,2.895597692,2.896854414,2.894951997,2.895839236,2.843208774
3329,INPUT_SKIN3_90_5.txt,OUTPUT_LN1_90_5.txt,5.090315767,15,5.089566778,5.09011724,5.089318786,5.089855042,5.151054625
3330,INPUT_SKIN3_90_5.txt,OUTPUT_LN2_90_5.txt,0.659639077,15,0.659213458,0.659494087,0.659363075,0.659280143,0.818442175
3331,INPUT_SKIN3_90_5.txt,OUTPUT_LUNG_90_5.txt,2.569824377,15,2.569558869,2.571025729,2.570235182,2.570193251,2.50875514
3332,INPUT_SKIN3_90_5.txt,OUTPUT_S_90_5.txt,4.460725191,15,4.460187335,4.460749753,4.459872561,4.460416534,4.513008358
3333,INPUT_SKIN3_90_5.txt,OUTPUT_SKIN1_90_5.txt,0.13011192,15,0.130102769,0.130113569,0.130091011,0.130109063,0.122120656
3334,INPUT_SKIN3_90_5.txt,OUTPUT_SKIN2_90_5.txt,0.174714501,15,0.174683096,0.174676286,0.174641916,0.174666058,0.177494518
3335,INPUT_SKIN3_90_5.txt,OUTPUT_SKIN3_90_5.txt,-1109370.5,15,-1109494.5,-1109365.5,-1109573,-1109438.5,-1232754
3336,INPUT_SKIN3_90_5.txt,OUTPUT_SKIN4_90_5.txt,1.090255924,15,1.090443358,1.090261868,1.090302483,1.09003694,1.137872622
3337,INPUT_SKIN3_90_5.txt,OUTPUT_SKIN5_90_5.txt,0.235479633,15,0.235472734,0.235454235,0.235436267,0.235472943,0.231764908
3338,INPUT_SKIN3_90_5.txt,OUTPUT_SKIN6_90_5.txt,0.12145075,15,0.121422703,0.121426176,0.121393204,0.121395003,0.110883609
3339,INPUT_SKIN4_90_5.txt,OUTPUT_BM1_90_5.txt,1.14626153,15,1.147805958,1.147101273,1.147310754,1.147016165,1.153719074
3340,INPUT_SKIN4_90_5.txt,OUTPUT_BM2_90_5.txt,1.255788797,15,1.257172604,1.25717848,1.257293999,1.256224214,1.26450077
3341,INPUT_SKIN4_90_5.txt,OUTPUT_GUT_90_5.txt,0.226888456,15,0.226921248,0.227004902,0.22698301,0.226931534,0.216486863
3342,INPUT_SKIN4_90_5.txt,OUTPUT_L_90_5.txt,1.227646586,15,1.228761572,1.229167047,1.228647079,1.227870308,1.250374995
3343,INPUT_SKIN4_90_5.txt,OUTPUT_LN1_90_5.txt,1.734183281,15,1.737019687,1.737058748,1.736878274,1.734603726,1.786599391
3344,INPUT_SKIN4_90_5.txt,OUTPUT_LN2_90_5.txt,0.171701721,15,0.171603113,0.171678508,0.171660548,0.171628721,0.164220171
3345,INPUT_SKIN4_90_5.txt,OUTPUT_LUNG_90_5.txt,1.134408232,15,1.135525085,1.135692886,1.135539312,1.134532812,1.14447253
3346,INPUT_SKIN4_90_5.txt,OUTPUT_S_90_5.txt,1.553208928,15,1.555611217,1.555622104,1.555452472,1.553440069,1.617540084
3347,INPUT_SKIN4_90_5.txt,OUTPUT_SKIN1_90_5.txt,0.416603244,15,0.416573317,0.41661178,0.416577577,0.416648128,0.403059912
3348,INPUT_SKIN4_90_5.txt,OUTPUT_SKIN2_90_5.txt,0.812100267,15,0.811958167,0.811932533,0.811846067,0.811977611,0.867724367
3349,INPUT_SKIN4_90_5.txt,OUTPUT_SKIN3_90_5.txt,0.733387771,15,0.733462932,0.733384764,0.733590831,0.733525007,0.552593529
3350,INPUT_SKIN4_90_5.txt,OUTPUT_SKIN4_90_5.txt,-505570.5,15,-505634,-505570,-505618.5,-505537,-561307
3351,INPUT_SKIN4_90_5.txt,OUTPUT_SKIN5_90_5.txt,0.560761384,15,0.560737506,0.560701374,0.560710399,0.560793677,0.330256778
3352,INPUT_SKIN4_90_5.txt,OUTPUT_SKIN6_90_5.txt,0.031816962,15,0.031807641,0.031808355,0.031835532,0.031835155,0.028079291
3353,INPUT_SKIN5_90_5.txt,OUTPUT_BM1_90_5.txt,1.761642772,15,1.761331643,1.760682529,1.761290838,1.761981808,1.841541753
3354,INPUT_SKIN5_90_5.txt,OUTPUT_BM2_90_5.txt,2.024484244,15,2.0243585,2.024442406,2.024928494,2.025130857,1.895002665
3355,INPUT_SKIN5_90_5.txt,OUTPUT_GUT_90_5.txt,1.98765539,15,1.987690742,1.988261815,1.988130449,1.98782383,2.104872219
3356,INPUT_SKIN5_90_5.txt,OUTPUT_L_90_5.txt,0.883043602,15,0.882624673,0.883306775,0.882624579,0.88301446,0.883972254
3357,INPUT_SKIN5_90_5.txt,OUTPUT_LN1_90_5.txt,1.192834072,15,1.193131982,1.19350485,1.192906007,1.193123864,1.145902181
3358,INPUT_SKIN5_90_5.txt,OUTPUT_LN2_90_5.txt,0.356270022,15,0.356055587,0.356205572,0.356181739,0.356089984,0.373713616
3359,INPUT_SKIN5_90_5.txt,OUTPUT_LUNG_90_5.txt,0.923087945,15,0.923071964,0.92330263,0.923077674,0.922864436,0.917390434
3360,INPUT_SKIN5_90_5.txt,OUTPUT_S_90_5.txt,1.218581364,15,1.218021524,1.218167931,1.217750404,1.218003804,1.257808307
3361,INPUT_SKIN5_90_5.txt,OUTPUT_SKIN1_90_5.txt,0.202949724,15,0.202950417,0.202962686,0.202954287,0.202958666,0.22867384
3362,INPUT_SKIN5_90_5.txt,OUTPUT_SKIN2_90_5.txt,0.598978273,15,0.598914801,0.598878607,0.598839589,0.598851827,0.592632268
3363,INPUT_SKIN5_90_5.txt,OUTPUT_SKIN3_90_5.txt,0.280677734,15,0.280730093,0.280691051,0.280781343,0.280713237,0.388258658
3364,INPUT_SKIN5_90_5.txt,OUTPUT_SKIN4_90_5.txt,7.246697883,15,7.248264358,7.247159211,7.248097736,7.245827487,6.968466037
3365,INPUT_SKIN5_90_5.txt,OUTPUT_SKIN5_90_5.txt,-670722,15,-670747.5,-670684.5,-670721.5,-670719,-745000.5
3366,INPUT_SKIN5_90_5.txt,OUTPUT_SKIN6_90_5.txt,0.148539611,15,0.14850256,0.148500087,0.148737053,0.148708073,0.144613282
3367,INPUT_SKIN6_90_5.txt,OUTPUT_BM1_90_5.txt,1.819405568,15,1.818281043,1.817922822,1.819084576,1.819421241,1.740281186
3368,INPUT_SKIN6_90_5.txt,OUTPUT_BM2_90_5.txt,1.974566149,15,1.9746005,1.974481948,1.975543332,1.975931819,1.83453876
3369,INPUT_SKIN6_90_5.txt,OUTPUT_GUT_90_5.txt,0.544535387,15,0.544619253,0.544812157,0.544833865,0.544714035,0.501600837
3370,INPUT_SKIN6_90_5.txt,OUTPUT_L_90_5.txt,1.546492578,15,1.545739372,1.547061629,1.545814289,1.546682747,1.512534831
3371,INPUT_SKIN6_90_5.txt,OUTPUT_LN1_90_5.txt,1.940773879,15,1.941606632,1.942219683,1.941202416,1.941740373,1.949357092
3372,INPUT_SKIN6_90_5.txt,OUTPUT_LN2_90_5.txt,0.59945662,15,0.59912982,0.5993655,0.599384991,0.599248611,0.669269921
3373,INPUT_SKIN6_90_5.txt,OUTPUT_LUNG_90_5.txt,1.412646771,15,1.41276213,1.41310358,1.412828774,1.412484134,1.367496864
3374,INPUT_SKIN6_90_5.txt,OUTPUT_S_90_5.txt,2.383654326,15,2.382466775,2.382617285,2.381863776,2.382599614,2.342630355
3375,INPUT_SKIN6_90_5.txt,OUTPUT_SKIN1_90_5.txt,0.22687965,15,0.22689878,0.22690538,0.226923705,0.226928221,0.212541322
3376,INPUT_SKIN6_90_5.txt,OUTPUT_SKIN2_90_5.txt,0.43239103,15,0.432410675,0.432392032,0.432406605,0.432440482,0.469647406
3377,INPUT_SKIN6_90_5.txt,OUTPUT_SKIN3_90_5.txt,0.467681436,15,0.467811449,0.46772428,0.467921255,0.467831114,0.461823806
3378,INPUT_SKIN6_90_5.txt,OUTPUT_SKIN4_90_5.txt,0.666635797,15,0.666850625,0.666710677,0.666868036,0.666683734,0.609755873
3379,INPUT_SKIN6_90_5.txt,OUTPUT_SKIN5_90_5.txt,0.431084588,15,0.431142766,0.43108264,0.431147906,0.431172919,0.347501733
3380,INPUT_SKIN6_90_5.txt,OUTPUT_SKIN6_90_5.txt,-482107,15,-482078,-482056.5,-482036,-482010,-535903
3381,INPUT_BM1_90_5.txt,OUTPUT_BM1_90_5.txt,-937021,16,-936668,-937266,-937126.5,-937550,-1040855.5
3382,INPUT_BM1_90_5.txt,OUTPUT_BM2_90_5.txt,8.090884399,16,8.093904887,8.088408442,8.089716031,8.08590418,8.119236203
3383,INPUT_BM1_90_5.txt,OUTPUT_GUT_90_5.txt,NA,16,NA,NA,NA,NA,NA
3384,INPUT_BM1_90_5.txt,OUTPUT_L_90_5.txt,48.51332653,16,48.54610565,48.49233568,48.47990166,48.46531685,48.70133766
3385,INPUT_BM1_90_5.txt,OUTPUT_LN1_90_5.txt,42.10398367,16,42.12064451,42.09645246,42.08944684,42.07028918,42.34418457
3386,INPUT_BM1_90_5.txt,OUTPUT_LN2_90_5.txt,29.73575528,16,29.76342484,29.75101469,29.74311828,29.71203464,29.7588485
3387,INPUT_BM1_90_5.txt,OUTPUT_LUNG_90_5.txt,66.47045046,16,66.49044265,66.44835846,66.43980367,66.42564587,66.78096945
3388,INPUT_BM1_90_5.txt,OUTPUT_S_90_5.txt,NA,16,NA,NA,NA,NA,NA
3389,INPUT_BM1_90_5.txt,OUTPUT_SKIN1_90_5.txt,90.32227286,16,90.35907814,90.33273488,90.30508921,90.29554288,91.48552572
3390,INPUT_BM1_90_5.txt,OUTPUT_SKIN2_90_5.txt,80.2107826,16,80.22018677,80.18299803,80.17133305,80.15772063,79.99757835
3391,INPUT_BM1_90_5.txt,OUTPUT_SKIN3_90_5.txt,221.8682087,16,221.89537,221.8467649,221.8863204,221.6974791,221.792824
3392,INPUT_BM1_90_5.txt,OUTPUT_SKIN4_90_5.txt,115.5006909,16,115.5343945,115.4599393,115.4659091,115.4013007,115.6438941
3393,INPUT_BM1_90_5.txt,OUTPUT_SKIN5_90_5.txt,213.6354384,16,213.6926301,213.6362342,213.481371,213.6920257,217.0823267
3394,INPUT_BM1_90_5.txt,OUTPUT_SKIN6_90_5.txt,221.6676501,16,221.6964181,221.7393861,221.8827104,222.050027,220.779857
3395,INPUT_BM2_90_5.txt,OUTPUT_BM1_90_5.txt,0.359729049,16,0.359729191,0.359646625,0.359404638,0.359775417,0.318638385
3396,INPUT_BM2_90_5.txt,OUTPUT_BM2_90_5.txt,-332343.5,16,-332436,-332482.5,-332437,-332503,-369367
3397,INPUT_BM2_90_5.txt,OUTPUT_GUT_90_5.txt,NA,16,NA,NA,NA,NA,NA
3398,INPUT_BM2_90_5.txt,OUTPUT_L_90_5.txt,0.261225413,16,0.261095315,0.261145631,0.261239644,0.261185323,0.25003891
3399,INPUT_BM2_90_5.txt,OUTPUT_LN1_90_5.txt,0.124487932,16,0.124453976,0.124438769,0.124452602,0.12443102,0.118535057
3400,INPUT_BM2_90_5.txt,OUTPUT_LN2_90_5.txt,1.21898631,16,1.218162502,1.217672306,1.218208423,1.218514275,1.082511317
3401,INPUT_BM2_90_5.txt,OUTPUT_LUNG_90_5.txt,0.284088512,16,0.28401744,0.283977402,0.284017194,0.28395115,0.280177109
3402,INPUT_BM2_90_5.txt,OUTPUT_S_90_5.txt,NA,16,NA,NA,NA,NA,NA
3403,INPUT_BM2_90_5.txt,OUTPUT_SKIN1_90_5.txt,0.073635597,16,0.073679822,0.073612355,0.073618709,0.073601262,0.070367749
3404,INPUT_BM2_90_5.txt,OUTPUT_SKIN2_90_5.txt,0.245667006,16,0.245581839,0.245545995,0.24560407,0.245546364,0.234823399
3405,INPUT_BM2_90_5.txt,OUTPUT_SKIN3_90_5.txt,0.282520594,16,0.282492771,0.282363351,0.28245254,0.282471708,0.273230255
3406,INPUT_BM2_90_5.txt,OUTPUT_SKIN4_90_5.txt,0.238944916,16,0.238870554,0.238843754,0.238877102,0.238824927,0.229478458
3407,INPUT_BM2_90_5.txt,OUTPUT_SKIN5_90_5.txt,0.255990743,16,0.255859342,0.255790736,0.255921963,0.255805146,0.223962252
3408,INPUT_BM2_90_5.txt,OUTPUT_SKIN6_90_5.txt,0.359003757,16,0.358770925,0.358876441,0.358884358,0.358829971,0.328943476
3409,INPUT_GUT_90_5.txt,OUTPUT_BM1_90_5.txt,NA,16,NA,NA,NA,NA,NA
3410,INPUT_GUT_90_5.txt,OUTPUT_BM2_90_5.txt,NA,16,NA,NA,NA,NA,NA
3411,INPUT_GUT_90_5.txt,OUTPUT_GUT_90_5.txt,NA,16,NA,NA,NA,NA,NA
3412,INPUT_GUT_90_5.txt,OUTPUT_L_90_5.txt,NA,16,NA,NA,NA,NA,NA
3413,INPUT_GUT_90_5.txt,OUTPUT_LN1_90_5.txt,NA,16,NA,NA,NA,NA,NA
3414,INPUT_GUT_90_5.txt,OUTPUT_LN2_90_5.txt,NA,16,NA,NA,NA,NA,NA
3415,INPUT_GUT_90_5.txt,OUTPUT_LUNG_90_5.txt,NA,16,NA,NA,NA,NA,NA
3416,INPUT_GUT_90_5.txt,OUTPUT_S_90_5.txt,NA,16,NA,NA,NA,NA,NA
3417,INPUT_GUT_90_5.txt,OUTPUT_SKIN1_90_5.txt,NA,16,NA,NA,NA,NA,NA
3418,INPUT_GUT_90_5.txt,OUTPUT_SKIN2_90_5.txt,NA,16,NA,NA,NA,NA,NA
3419,INPUT_GUT_90_5.txt,OUTPUT_SKIN3_90_5.txt,NA,16,NA,NA,NA,NA,NA
3420,INPUT_GUT_90_5.txt,OUTPUT_SKIN4_90_5.txt,NA,16,NA,NA,NA,NA,NA
3421,INPUT_GUT_90_5.txt,OUTPUT_SKIN5_90_5.txt,NA,16,NA,NA,NA,NA,NA
3422,INPUT_GUT_90_5.txt,OUTPUT_SKIN6_90_5.txt,NA,16,NA,NA,NA,NA,NA
3423,INPUT_L_90_5.txt,OUTPUT_BM1_90_5.txt,0.223858254,16,0.223135886,0.223467538,0.223305931,0.22417067,0.215421823
3424,INPUT_L_90_5.txt,OUTPUT_BM2_90_5.txt,0.092611808,16,0.092673225,0.092683815,0.092648339,0.092685413,0.100000511
3425,INPUT_L_90_5.txt,OUTPUT_GUT_90_5.txt,NA,16,NA,NA,NA,NA,NA
3426,INPUT_L_90_5.txt,OUTPUT_L_90_5.txt,-487725,16,-487672,-487753,-487807,-487805,-541651
3427,INPUT_L_90_5.txt,OUTPUT_LN1_90_5.txt,0.084803797,16,0.084813924,0.084804469,0.084789551,0.084795023,0.080282288
3428,INPUT_L_90_5.txt,OUTPUT_LN2_90_5.txt,1.04697979,16,1.046684656,1.046246642,1.046444776,1.046912713,0.582883769
3429,INPUT_L_90_5.txt,OUTPUT_LUNG_90_5.txt,0.073266046,16,0.073276267,0.073264087,0.07325613,0.073254019,0.079168099
3430,INPUT_L_90_5.txt,OUTPUT_S_90_5.txt,NA,16,NA,NA,NA,NA,NA
3431,INPUT_L_90_5.txt,OUTPUT_SKIN1_90_5.txt,0.128899685,16,0.129028539,0.128905693,0.12888351,0.128878997,0.112759606
3432,INPUT_L_90_5.txt,OUTPUT_SKIN2_90_5.txt,0.222884084,16,0.222892996,0.222854811,0.222851392,0.222842843,0.197822022
3433,INPUT_L_90_5.txt,OUTPUT_SKIN3_90_5.txt,0.319929573,16,0.31994557,0.319938136,0.319961212,0.319855046,0.311140163
3434,INPUT_L_90_5.txt,OUTPUT_SKIN4_90_5.txt,0.296206915,16,0.296242205,0.29619253,0.296168962,0.296158669,0.2923523
3435,INPUT_L_90_5.txt,OUTPUT_SKIN5_90_5.txt,0.189855771,16,0.189959585,0.189894556,0.189802423,0.189946276,0.200470146
3436,INPUT_L_90_5.txt,OUTPUT_SKIN6_90_5.txt,0.379997901,16,0.380128381,0.380008548,0.380145361,0.380171893,0.339052641
3437,INPUT_LN1_90_5.txt,OUTPUT_BM1_90_5.txt,1.108850557,16,1.107897266,1.109354556,1.108951738,1.110183748,1.060822339
3438,INPUT_LN1_90_5.txt,OUTPUT_BM2_90_5.txt,0.192135845,16,0.192241575,0.192303392,0.19224468,0.192328365,0.262629719
3439,INPUT_LN1_90_5.txt,OUTPUT_GUT_90_5.txt,NA,16,NA,NA,NA,NA,NA
3440,INPUT_LN1_90_5.txt,OUTPUT_L_90_5.txt,0.44512191,16,0.445020377,0.445192981,0.445280143,0.445294602,0.420157621
3441,INPUT_LN1_90_5.txt,OUTPUT_LN1_90_5.txt,-344725,16,-344726,-344711,-344722.5,-344708.5,-383083
3442,INPUT_LN1_90_5.txt,OUTPUT_LN2_90_5.txt,1.401062429,16,1.400513643,1.400214495,1.400584528,1.401264523,1.396380579
3443,INPUT_LN1_90_5.txt,OUTPUT_LUNG_90_5.txt,0.52221564,16,0.522230175,0.522253018,0.522236608,0.522240779,0.484466179
3444,INPUT_LN1_90_5.txt,OUTPUT_S_90_5.txt,NA,16,NA,NA,NA,NA,NA
3445,INPUT_LN1_90_5.txt,OUTPUT_SKIN1_90_5.txt,0.46104804,16,0.461463604,0.461115361,0.461074075,0.461074845,0.478138057
3446,INPUT_LN1_90_5.txt,OUTPUT_SKIN2_90_5.txt,0.449141186,16,0.449107848,0.44912546,0.449154561,0.449153472,0.504407601
3447,INPUT_LN1_90_5.txt,OUTPUT_SKIN3_90_5.txt,0.444794706,16,0.444762964,0.444843596,0.444908488,0.444783104,0.64151586
3448,INPUT_LN1_90_5.txt,OUTPUT_SKIN4_90_5.txt,0.316273387,16,0.31627468,0.316290319,0.316287488,0.316287978,0.437867075
3449,INPUT_LN1_90_5.txt,OUTPUT_SKIN5_90_5.txt,0.598365062,16,0.598625669,0.5985475,0.598302455,0.598777398,0.570829743
3450,INPUT_LN1_90_5.txt,OUTPUT_SKIN6_90_5.txt,1.016315407,16,1.01649701,1.016442813,1.016840427,1.01695604,0.80501486
3451,INPUT_LN2_90_5.txt,OUTPUT_BM1_90_5.txt,0.838565306,16,0.836105887,0.837588994,0.836863935,0.839673647,0.7826813
3452,INPUT_LN2_90_5.txt,OUTPUT_BM2_90_5.txt,0.039144979,16,0.039174324,0.03919029,0.039173774,0.039180679,0.036158142
3453,INPUT_LN2_90_5.txt,OUTPUT_GUT_90_5.txt,NA,16,NA,NA,NA,NA,NA
3454,INPUT_LN2_90_5.txt,OUTPUT_L_90_5.txt,0.475320512,16,0.475309239,0.475528843,0.47556365,0.475454138,0.544025129
3455,INPUT_LN2_90_5.txt,OUTPUT_LN1_90_5.txt,0.457082411,16,0.457173969,0.457193272,0.457155483,0.457016911,0.427849462
3456,INPUT_LN2_90_5.txt,OUTPUT_LN2_90_5.txt,-398459.5,16,-398382.5,-398331.5,-398390.5,-398478.5,-442792.5
3457,INPUT_LN2_90_5.txt,OUTPUT_LUNG_90_5.txt,0.538441949,16,0.538563593,0.538633239,0.538553851,0.538416003,0.511028397
3458,INPUT_LN2_90_5.txt,OUTPUT_S_90_5.txt,NA,16,NA,NA,NA,NA,NA
3459,INPUT_LN2_90_5.txt,OUTPUT_SKIN1_90_5.txt,0.273669484,16,0.273964559,0.273786316,0.273731854,0.273660375,0.255567426
3460,INPUT_LN2_90_5.txt,OUTPUT_SKIN2_90_5.txt,0.293410356,16,0.293447379,0.293483922,0.293468044,0.293390428,0.279817193
3461,INPUT_LN2_90_5.txt,OUTPUT_SKIN3_90_5.txt,0.903596994,16,0.903720515,0.903958358,0.903974507,0.903499232,0.990110243
3462,INPUT_LN2_90_5.txt,OUTPUT_SKIN4_90_5.txt,0.645274205,16,0.645408534,0.645488114,0.645415065,0.645245664,0.703867592
3463,INPUT_LN2_90_5.txt,OUTPUT_SKIN5_90_5.txt,0.96457933,16,0.965184404,0.965144109,0.964645703,0.965136081,0.913213221
3464,INPUT_LN2_90_5.txt,OUTPUT_SKIN6_90_5.txt,3.501358317,16,3.502859284,3.502867999,3.504030127,3.503419309,1.319832268
3465,INPUT_LUNG_90_5.txt,OUTPUT_BM1_90_5.txt,0.822946188,16,0.821518475,0.8226506,0.822270068,0.823962229,0.828199857
3466,INPUT_LUNG_90_5.txt,OUTPUT_BM2_90_5.txt,0.522696043,16,0.522972095,0.523114957,0.52297459,0.523186034,0.577786671
3467,INPUT_LUNG_90_5.txt,OUTPUT_GUT_90_5.txt,NA,16,NA,NA,NA,NA,NA
3468,INPUT_LUNG_90_5.txt,OUTPUT_L_90_5.txt,0.365422579,16,0.365337809,0.365458746,0.365538978,0.365542037,0.379586064
3469,INPUT_LUNG_90_5.txt,OUTPUT_LN1_90_5.txt,0.166613654,16,0.166612736,0.166617819,0.166610523,0.166619313,0.198681835
3470,INPUT_LUNG_90_5.txt,OUTPUT_LN2_90_5.txt,0.798843961,16,0.798527356,0.798325828,0.798558092,0.798919017,1.175505906
3471,INPUT_LUNG_90_5.txt,OUTPUT_LUNG_90_5.txt,-455188.5,16,-455195.5,-455195.5,-455196,-455188.5,-505785.5
3472,INPUT_LUNG_90_5.txt,OUTPUT_S_90_5.txt,NA,16,NA,NA,NA,NA,NA
3473,INPUT_LUNG_90_5.txt,OUTPUT_SKIN1_90_5.txt,0.216382076,16,0.216569069,0.21640113,0.2163893,0.216384467,0.207006335
3474,INPUT_LUNG_90_5.txt,OUTPUT_SKIN2_90_5.txt,0.388339016,16,0.388306016,0.388304271,0.388341397,0.388331153,0.435727539
3475,INPUT_LUNG_90_5.txt,OUTPUT_SKIN3_90_5.txt,0.863096452,16,0.863034158,0.863118618,0.863313213,0.863012812,1.031294164
3476,INPUT_LUNG_90_5.txt,OUTPUT_SKIN4_90_5.txt,0.485949835,16,0.485945256,0.485948885,0.485959511,0.485948535,0.451832341
3477,INPUT_LUNG_90_5.txt,OUTPUT_SKIN5_90_5.txt,0.583775571,16,0.584022244,0.583919624,0.583700863,0.584149593,0.576065466
3478,INPUT_LUNG_90_5.txt,OUTPUT_SKIN6_90_5.txt,0.976692084,16,0.976844159,0.976761637,0.977163176,0.977244404,0.966890254
3479,INPUT_S_90_5.txt,OUTPUT_BM1_90_5.txt,NA,16,NA,NA,NA,NA,NA
3480,INPUT_S_90_5.txt,OUTPUT_BM2_90_5.txt,NA,16,NA,NA,NA,NA,NA
3481,INPUT_S_90_5.txt,OUTPUT_GUT_90_5.txt,NA,16,NA,NA,NA,NA,NA
3482,INPUT_S_90_5.txt,OUTPUT_L_90_5.txt,NA,16,NA,NA,NA,NA,NA
3483,INPUT_S_90_5.txt,OUTPUT_LN1_90_5.txt,NA,16,NA,NA,NA,NA,NA
3484,INPUT_S_90_5.txt,OUTPUT_LN2_90_5.txt,NA,16,NA,NA,NA,NA,NA
3485,INPUT_S_90_5.txt,OUTPUT_LUNG_90_5.txt,NA,16,NA,NA,NA,NA,NA
3486,INPUT_S_90_5.txt,OUTPUT_S_90_5.txt,NA,16,NA,NA,NA,NA,NA
3487,INPUT_S_90_5.txt,OUTPUT_SKIN1_90_5.txt,NA,16,NA,NA,NA,NA,NA
3488,INPUT_S_90_5.txt,OUTPUT_SKIN2_90_5.txt,NA,16,NA,NA,NA,NA,NA
3489,INPUT_S_90_5.txt,OUTPUT_SKIN3_90_5.txt,NA,16,NA,NA,NA,NA,NA
3490,INPUT_S_90_5.txt,OUTPUT_SKIN4_90_5.txt,NA,16,NA,NA,NA,NA,NA
3491,INPUT_S_90_5.txt,OUTPUT_SKIN5_90_5.txt,NA,16,NA,NA,NA,NA,NA
3492,INPUT_S_90_5.txt,OUTPUT_SKIN6_90_5.txt,NA,16,NA,NA,NA,NA,NA
3493,INPUT_SKIN1_90_5.txt,OUTPUT_BM1_90_5.txt,0.475626542,16,0.475065693,0.475830152,0.475686195,0.476176793,0.464212596
3494,INPUT_SKIN1_90_5.txt,OUTPUT_BM2_90_5.txt,4.143084709,16,4.140510513,4.141751299,4.142221971,4.141778114,4.138106756
3495,INPUT_SKIN1_90_5.txt,OUTPUT_GUT_90_5.txt,NA,16,NA,NA,NA,NA,NA
3496,INPUT_SKIN1_90_5.txt,OUTPUT_L_90_5.txt,0.170969819,16,0.170858173,0.170980184,0.171021569,0.171023519,0.165624681
3497,INPUT_SKIN1_90_5.txt,OUTPUT_LN1_90_5.txt,0.176623472,16,0.176546699,0.176599425,0.176616073,0.176604588,0.188468121
3498,INPUT_SKIN1_90_5.txt,OUTPUT_LN2_90_5.txt,0.736411154,16,0.735836438,0.735959429,0.736168452,0.736466844,0.854272749
3499,INPUT_SKIN1_90_5.txt,OUTPUT_LUNG_90_5.txt,0.638259304,16,0.63799687,0.638245817,0.638263217,0.638254567,0.646676667
3500,INPUT_SKIN1_90_5.txt,OUTPUT_S_90_5.txt,NA,16,NA,NA,NA,NA,NA
3501,INPUT_SKIN1_90_5.txt,OUTPUT_SKIN1_90_5.txt,-541047.5,16,-541285.5,-541075.5,-541062,-541051.5,-601327
3502,INPUT_SKIN1_90_5.txt,OUTPUT_SKIN2_90_5.txt,0.206213318,16,0.206108053,0.206187201,0.20621248,0.206207576,0.199371122
3503,INPUT_SKIN1_90_5.txt,OUTPUT_SKIN3_90_5.txt,0.696766189,16,0.696411746,0.696656868,0.696922858,0.696584588,0.686208833
3504,INPUT_SKIN1_90_5.txt,OUTPUT_SKIN4_90_5.txt,0.638295589,16,0.638018779,0.638268763,0.638303782,0.638291276,0.620840527
3505,INPUT_SKIN1_90_5.txt,OUTPUT_SKIN5_90_5.txt,0.35208563,16,0.352090668,0.352164816,0.352035995,0.352316335,0.339808651
3506,INPUT_SKIN1_90_5.txt,OUTPUT_SKIN6_90_5.txt,0.728471633,16,0.728309032,0.728497849,0.728845062,0.728908626,0.724245372
3507,INPUT_SKIN2_90_5.txt,OUTPUT_BM1_90_5.txt,0.666400179,16,0.665832663,0.666738161,0.66649242,0.667177752,0.62620757
3508,INPUT_SKIN2_90_5.txt,OUTPUT_BM2_90_5.txt,5.281758592,16,5.280977058,5.280502858,5.280712912,5.280135693,5.506842798
3509,INPUT_SKIN2_90_5.txt,OUTPUT_GUT_90_5.txt,NA,16,NA,NA,NA,NA,NA
3510,INPUT_SKIN2_90_5.txt,OUTPUT_L_90_5.txt,0.402797652,16,0.402727053,0.402856863,0.402923712,0.402928946,0.386532093
3511,INPUT_SKIN2_90_5.txt,OUTPUT_LN1_90_5.txt,2.207468398,16,2.207556829,2.207377915,2.207412579,2.207288652,0.134370475
3512,INPUT_SKIN2_90_5.txt,OUTPUT_LN2_90_5.txt,1.722035495,16,1.721592107,1.721263061,1.721566255,1.722175534,1.650881707
3513,INPUT_SKIN2_90_5.txt,OUTPUT_LUNG_90_5.txt,16.46013117,16,16.46133343,16.46137933,16.46050985,16.46031351,17.29509216
3514,INPUT_SKIN2_90_5.txt,OUTPUT_S_90_5.txt,NA,16,NA,NA,NA,NA,NA
3515,INPUT_SKIN2_90_5.txt,OUTPUT_SKIN1_90_5.txt,1.541962867,16,1.543381373,1.542180807,1.542029285,1.542000789,0.492892381
3516,INPUT_SKIN2_90_5.txt,OUTPUT_SKIN2_90_5.txt,-457686.5,16,-457671,-457670,-457691.5,-457682,-508591.5
3517,INPUT_SKIN2_90_5.txt,OUTPUT_SKIN3_90_5.txt,2.659114491,16,2.659038335,2.659205128,2.659745782,2.658761972,2.545743105
3518,INPUT_SKIN2_90_5.txt,OUTPUT_SKIN4_90_5.txt,2.368065969,16,2.368251616,2.368096844,2.368215283,2.368172384,2.370008224
3519,INPUT_SKIN2_90_5.txt,OUTPUT_SKIN5_90_5.txt,0.471209342,16,0.471436183,0.471354119,0.471151178,0.471521076,0.446420362
3520,INPUT_SKIN2_90_5.txt,OUTPUT_SKIN6_90_5.txt,0.63772659,16,0.637896777,0.637804382,0.638072374,0.638128623,0.605137669
3521,INPUT_SKIN3_90_5.txt,OUTPUT_BM1_90_5.txt,0.602217074,16,0.601719325,0.602470779,0.602235642,0.602934397,0.895665143
3522,INPUT_SKIN3_90_5.txt,OUTPUT_BM2_90_5.txt,0.060903394,16,0.06093914,0.060951162,0.060930002,0.060963075,0.056269229
3523,INPUT_SKIN3_90_5.txt,OUTPUT_GUT_90_5.txt,NA,16,NA,NA,NA,NA,NA
3524,INPUT_SKIN3_90_5.txt,OUTPUT_L_90_5.txt,0.699406134,16,0.699279884,0.699451134,0.699551354,0.699649796,0.693501758
3525,INPUT_SKIN3_90_5.txt,OUTPUT_LN1_90_5.txt,0.29162857,16,0.291639623,0.291590724,0.291588363,0.291607908,0.270621725
3526,INPUT_SKIN3_90_5.txt,OUTPUT_LN2_90_5.txt,1.863349189,16,1.862746586,1.862126808,1.862505912,1.863563636,2.940006656
3527,INPUT_SKIN3_90_5.txt,OUTPUT_LUNG_90_5.txt,0.222896917,16,0.222911036,0.22289302,0.222876836,0.222902325,0.207355343
3528,INPUT_SKIN3_90_5.txt,OUTPUT_S_90_5.txt,NA,16,NA,NA,NA,NA,NA
3529,INPUT_SKIN3_90_5.txt,OUTPUT_SKIN1_90_5.txt,0.311559982,16,0.311844109,0.311577388,0.311538578,0.311571998,0.304966002
3530,INPUT_SKIN3_90_5.txt,OUTPUT_SKIN2_90_5.txt,0.172539803,16,0.172533515,0.172518852,0.172522429,0.172540522,0.193484098
3531,INPUT_SKIN3_90_5.txt,OUTPUT_SKIN3_90_5.txt,-1008348,16,-1008315.5,-1008396.5,-1008472,-1008324,-1120011
3532,INPUT_SKIN3_90_5.txt,OUTPUT_SKIN4_90_5.txt,0.824620796,16,0.824645198,0.82459806,0.824542168,0.824631388,0.885567701
3533,INPUT_SKIN3_90_5.txt,OUTPUT_SKIN5_90_5.txt,0.331400269,16,0.331559287,0.331474737,0.331322429,0.331624291,0.439659153
3534,INPUT_SKIN3_90_5.txt,OUTPUT_SKIN6_90_5.txt,0.697255904,16,0.697430554,0.697281619,0.697550953,0.697700462,0.870699669
3535,INPUT_SKIN4_90_5.txt,OUTPUT_BM1_90_5.txt,0.223787065,16,0.223048004,0.223417541,0.223256167,0.22411017,0.279926635
3536,INPUT_SKIN4_90_5.txt,OUTPUT_BM2_90_5.txt,2.667977978,16,2.669323042,2.669969197,2.669299545,2.670312285,2.697075777
3537,INPUT_SKIN4_90_5.txt,OUTPUT_GUT_90_5.txt,NA,16,NA,NA,NA,NA,NA
3538,INPUT_SKIN4_90_5.txt,OUTPUT_L_90_5.txt,0.641878342,16,0.641740088,0.641944555,0.642083884,0.642091188,0.657212341
3539,INPUT_SKIN4_90_5.txt,OUTPUT_LN1_90_5.txt,0.235287826,16,0.23528952,0.235265709,0.235281008,0.235266007,0.111075938
3540,INPUT_SKIN4_90_5.txt,OUTPUT_LN2_90_5.txt,0.757775877,16,0.757488743,0.757289009,0.757507166,0.757850952,0.751674121
3541,INPUT_SKIN4_90_5.txt,OUTPUT_LUNG_90_5.txt,40.22834194,16,40.22931487,40.22883509,40.22902883,40.22844318,43.2758874
3542,INPUT_SKIN4_90_5.txt,OUTPUT_S_90_5.txt,NA,16,NA,NA,NA,NA,NA
3543,INPUT_SKIN4_90_5.txt,OUTPUT_SKIN1_90_5.txt,0.741631898,16,0.742289981,0.741701567,0.741661709,0.741646961,0.379765333
3544,INPUT_SKIN4_90_5.txt,OUTPUT_SKIN2_90_5.txt,0.446774121,16,0.446743618,0.446736367,0.446777844,0.446767494,0.332750492
3545,INPUT_SKIN4_90_5.txt,OUTPUT_SKIN3_90_5.txt,0.991103437,16,0.991031511,0.991099125,0.991333314,0.990981642,1.331784009
3546,INPUT_SKIN4_90_5.txt,OUTPUT_SKIN4_90_5.txt,-462225.5,16,-462225,-462230.5,-462232,-462223,-513659.5
3547,INPUT_SKIN4_90_5.txt,OUTPUT_SKIN5_90_5.txt,0.543440605,16,0.543686264,0.543583881,0.543371567,0.54380028,0.591126836
3548,INPUT_SKIN4_90_5.txt,OUTPUT_SKIN6_90_5.txt,0.508689094,16,0.508818798,0.508727252,0.508975195,0.509019142,0.476831456
3549,INPUT_SKIN5_90_5.txt,OUTPUT_BM1_90_5.txt,1.244321923,16,1.23963645,1.241833223,1.241157956,1.245699481,1.223450027
3550,INPUT_SKIN5_90_5.txt,OUTPUT_BM2_90_5.txt,0.113485332,16,0.113521501,0.113562362,0.113553866,0.113554503,0.154242127
3551,INPUT_SKIN5_90_5.txt,OUTPUT_GUT_90_5.txt,NA,16,NA,NA,NA,NA,NA
3552,INPUT_SKIN5_90_5.txt,OUTPUT_L_90_5.txt,0.808344879,16,0.808000292,0.808320465,0.808642665,0.808326112,0.807112089
3553,INPUT_SKIN5_90_5.txt,OUTPUT_LN1_90_5.txt,0.340468984,16,0.340394775,0.340395031,0.340483158,0.340325607,0.326198412
3554,INPUT_SKIN5_90_5.txt,OUTPUT_LN2_90_5.txt,3.057064765,16,3.055684728,3.055509082,3.05663624,3.056201972,3.301111397
3555,INPUT_SKIN5_90_5.txt,OUTPUT_LUNG_90_5.txt,74.33859651,16,74.31002611,74.31902368,74.34974903,74.29349508,75.37011447
3556,INPUT_SKIN5_90_5.txt,OUTPUT_S_90_5.txt,NA,16,NA,NA,NA,NA,NA
3557,INPUT_SKIN5_90_5.txt,OUTPUT_SKIN1_90_5.txt,0.616992649,16,0.617402417,0.616973215,0.617060125,0.616802168,0.628009177
3558,INPUT_SKIN5_90_5.txt,OUTPUT_SKIN2_90_5.txt,0.376762129,16,0.376651657,0.376682872,0.376791682,0.376631869,0.5000156
3559,INPUT_SKIN5_90_5.txt,OUTPUT_SKIN3_90_5.txt,0.92978567,16,0.929518397,0.929751833,0.930067832,0.929439755,1.162178491
3560,INPUT_SKIN5_90_5.txt,OUTPUT_SKIN4_90_5.txt,0.813489512,16,0.813313475,0.813389812,0.813565433,0.813223563,0.809619397
3561,INPUT_SKIN5_90_5.txt,OUTPUT_SKIN5_90_5.txt,-634477,16,-634618.5,-634563,-634441.5,-634683,-704608.5
3562,INPUT_SKIN5_90_5.txt,OUTPUT_SKIN6_90_5.txt,1.288968741,16,1.288914147,1.288902249,1.289687419,1.289283518,1.515754699
3563,INPUT_SKIN6_90_5.txt,OUTPUT_BM1_90_5.txt,1.503506463,16,1.502248411,1.504072536,1.504159721,1.505635711,1.582094357
3564,INPUT_SKIN6_90_5.txt,OUTPUT_BM2_90_5.txt,0.050148049,16,0.050169222,0.050187221,0.050165254,0.050183223,0.046936985
3565,INPUT_SKIN6_90_5.txt,OUTPUT_GUT_90_5.txt,NA,16,NA,NA,NA,NA,NA
3566,INPUT_SKIN6_90_5.txt,OUTPUT_L_90_5.txt,0.714198383,16,0.713966001,0.714242642,0.714345371,0.71431656,0.781893855
3567,INPUT_SKIN6_90_5.txt,OUTPUT_LN1_90_5.txt,0.288063486,16,0.288030699,0.288085153,0.287998751,0.288021357,0.267609799
3568,INPUT_SKIN6_90_5.txt,OUTPUT_LN2_90_5.txt,3.034865738,16,3.033955531,3.033873921,3.038750394,3.039277109,3.11165391
3569,INPUT_SKIN6_90_5.txt,OUTPUT_LUNG_90_5.txt,1.282299859,16,1.282175802,1.282284161,1.282137056,1.282052086,1.428354377
3570,INPUT_SKIN6_90_5.txt,OUTPUT_S_90_5.txt,NA,16,NA,NA,NA,NA,NA
3571,INPUT_SKIN6_90_5.txt,OUTPUT_SKIN1_90_5.txt,0.356090422,16,0.356370516,0.356112159,0.35600852,0.355982722,0.378054441
3572,INPUT_SKIN6_90_5.txt,OUTPUT_SKIN2_90_5.txt,0.1761507,16,0.176116436,0.176130339,0.176104673,0.176091407,0.191232243
3573,INPUT_SKIN6_90_5.txt,OUTPUT_SKIN3_90_5.txt,0.328156509,16,0.328095643,0.328171064,0.328153651,0.328040143,0.425394308
3574,INPUT_SKIN6_90_5.txt,OUTPUT_SKIN4_90_5.txt,0.266882485,16,0.266848316,0.266876858,0.266823102,0.266803803,0.351837646
3575,INPUT_SKIN6_90_5.txt,OUTPUT_SKIN5_90_5.txt,1.197638715,16,1.198021177,1.197908561,1.197168515,1.198039921,1.180921856
3576,INPUT_SKIN6_90_5.txt,OUTPUT_SKIN6_90_5.txt,-642982,16,-643063,-643009.5,-643164.5,-643186,-713948
3577,INPUT_BM1_90_5.txt,OUTPUT_BM1_90_5.txt,-844322.5,17,-843927,-844443.5,-844010,-843973.5,-937631
3578,INPUT_BM1_90_5.txt,OUTPUT_BM2_90_5.txt,4.54469631,17,4.547157046,4.546634689,4.549556491,4.547212324,4.278460916
3579,INPUT_BM1_90_5.txt,OUTPUT_GUT_90_5.txt,0.043398582,17,0.04341895,0.04339235,0.043414673,0.043416556,0.047999431
3580,INPUT_BM1_90_5.txt,OUTPUT_L_90_5.txt,80.08497057,17,80.11322515,80.08216439,80.1720743,80.14712451,88.53181961
3581,INPUT_BM1_90_5.txt,OUTPUT_LN1_90_5.txt,0.262722957,17,0.262845528,0.262683534,0.262819482,0.262832427,0.267622093
3582,INPUT_BM1_90_5.txt,OUTPUT_LN2_90_5.txt,0.213456726,17,0.213603193,0.213430634,0.21358576,0.213601707,0.171842327
3583,INPUT_BM1_90_5.txt,OUTPUT_LUNG_90_5.txt,0.028246264,17,0.028259513,0.028242797,0.028257316,0.028258247,0.030853613
3584,INPUT_BM1_90_5.txt,OUTPUT_S_90_5.txt,32.16950073,17,32.1816119,32.16579501,32.17906952,32.18018871,31.0847325
3585,INPUT_BM1_90_5.txt,OUTPUT_SKIN1_90_5.txt,0.182968515,17,0.183068381,0.182919341,0.18304524,0.183043599,0.191954163
3586,INPUT_BM1_90_5.txt,OUTPUT_SKIN2_90_5.txt,0.165404607,17,0.165485737,0.165396376,0.165462579,0.165489244,0.175354244
3587,INPUT_BM1_90_5.txt,OUTPUT_SKIN3_90_5.txt,0.144739774,17,0.144825561,0.144729974,0.144803194,0.144798979,0.159217161
3588,INPUT_BM1_90_5.txt,OUTPUT_SKIN4_90_5.txt,0.159746734,17,0.159658868,0.159593724,0.159791116,0.159685397,0.167611767
3589,INPUT_BM1_90_5.txt,OUTPUT_SKIN5_90_5.txt,0.468079538,17,0.468208137,0.467999464,0.46815444,0.468133256,0.429232751
3590,INPUT_BM1_90_5.txt,OUTPUT_SKIN6_90_5.txt,0.074338976,17,0.074371966,0.074332109,0.074366762,0.074382988,0.083155401
3591,INPUT_BM2_90_5.txt,OUTPUT_BM1_90_5.txt,0.604225037,17,0.603630271,0.604222398,0.603558361,0.603679251,0.641968818
3592,INPUT_BM2_90_5.txt,OUTPUT_BM2_90_5.txt,-675469,17,-675497.5,-675662.5,-675710.5,-675520,-750887
3593,INPUT_BM2_90_5.txt,OUTPUT_GUT_90_5.txt,0.032502193,17,0.03250082,0.032492874,0.032490563,0.032499737,0.0354691
3594,INPUT_BM2_90_5.txt,OUTPUT_L_90_5.txt,8.289903582,17,8.29103304,8.287916339,8.297162633,8.295816307,8.265662974
3595,INPUT_BM2_90_5.txt,OUTPUT_LN1_90_5.txt,0.194551129,17,0.194541772,0.194493979,0.19448008,0.194536353,0.192266237
3596,INPUT_BM2_90_5.txt,OUTPUT_LN2_90_5.txt,0.099611189,17,0.099628497,0.099584783,0.09959871,0.099629964,0.113790941
3597,INPUT_BM2_90_5.txt,OUTPUT_LUNG_90_5.txt,0.026999023,17,0.026997883,0.026991932,0.026990013,0.026997307,0.028016468
3598,INPUT_BM2_90_5.txt,OUTPUT_S_90_5.txt,4.893408094,17,4.893202773,4.892014409,4.891668809,4.89304069,5.037292403
3599,INPUT_BM2_90_5.txt,OUTPUT_SKIN1_90_5.txt,0.124045249,17,0.124049173,0.123994107,0.124006479,0.124035092,0.126837169
3600,INPUT_BM2_90_5.txt,OUTPUT_SKIN2_90_5.txt,0.090573552,17,0.090573919,0.090569185,0.090532928,0.090581456,0.090118882
3601,INPUT_BM2_90_5.txt,OUTPUT_SKIN3_90_5.txt,0.107049846,17,0.107062322,0.107025397,0.10703334,0.107057862,0.105120557
3602,INPUT_BM2_90_5.txt,OUTPUT_SKIN4_90_5.txt,0.103075888,17,0.103089976,0.103084026,0.103028153,0.103109604,0.102559052
3603,INPUT_BM2_90_5.txt,OUTPUT_SKIN5_90_5.txt,0.360387218,17,0.360302615,0.360275992,0.360182519,0.360265666,0.344913119
3604,INPUT_BM2_90_5.txt,OUTPUT_SKIN6_90_5.txt,0.065530461,17,0.065525789,0.06551525,0.065509051,0.065537216,0.062942567
3605,INPUT_GUT_90_5.txt,OUTPUT_BM1_90_5.txt,0.11970146,17,0.119680229,0.11970767,0.119684643,0.119682916,0.119653359
3606,INPUT_GUT_90_5.txt,OUTPUT_BM2_90_5.txt,0.133316159,17,0.133316338,0.133317371,0.133317672,0.133316479,0.137805791
3607,INPUT_GUT_90_5.txt,OUTPUT_GUT_90_5.txt,-224422.5,17,-224422.5,-224422.5,-224422.5,-224422.5,-249375.5
3608,INPUT_GUT_90_5.txt,OUTPUT_L_90_5.txt,0.142863894,17,0.142861955,0.142863379,0.142849126,0.142854221,0.146162517
3609,INPUT_GUT_90_5.txt,OUTPUT_LN1_90_5.txt,0.01261666,17,0.012616589,0.012616589,0.012616589,0.01261666,0.01266351
3610,INPUT_GUT_90_5.txt,OUTPUT_LN2_90_5.txt,0.057208172,17,0.057218117,0.057208937,0.057218775,0.057220248,0.05796888
3611,INPUT_GUT_90_5.txt,OUTPUT_LUNG_90_5.txt,0.037603641,17,0.037603641,0.037604103,0.037604103,0.037603872,0.037255201
3612,INPUT_GUT_90_5.txt,OUTPUT_S_90_5.txt,0.138063947,17,0.138063947,0.138063947,0.138063947,0.138063947,0.141601998
3613,INPUT_GUT_90_5.txt,OUTPUT_SKIN1_90_5.txt,0.081664776,17,0.081671351,0.081653703,0.081668928,0.081664256,0.077689792
3614,INPUT_GUT_90_5.txt,OUTPUT_SKIN2_90_5.txt,0.102084021,17,0.102082988,0.102067779,0.102056791,0.1020725,0.100358762
3615,INPUT_GUT_90_5.txt,OUTPUT_SKIN3_90_5.txt,0.116595114,17,0.116618849,0.116609784,0.116609455,0.11660303,0.111473526
3616,INPUT_GUT_90_5.txt,OUTPUT_SKIN4_90_5.txt,0.083089794,17,0.083125928,0.083142454,0.083080238,0.083146137,0.081951338
3617,INPUT_GUT_90_5.txt,OUTPUT_SKIN5_90_5.txt,0.241496034,17,0.241477536,0.241486957,0.241477605,0.241472369,0.240062505
3618,INPUT_GUT_90_5.txt,OUTPUT_SKIN6_90_5.txt,0.058960823,17,0.058959006,0.058963819,0.058963262,0.058971624,0.056167484
3619,INPUT_L_90_5.txt,OUTPUT_BM1_90_5.txt,1.193768745,17,1.192534444,1.194086296,1.192139625,1.192306792,1.082242334
3620,INPUT_L_90_5.txt,OUTPUT_BM2_90_5.txt,7.73956565,17,7.739491677,7.743859299,7.740292428,7.73766717,7.158982087
3621,INPUT_L_90_5.txt,OUTPUT_GUT_90_5.txt,0.047895955,17,0.047891482,0.047894922,0.047866305,0.047877115,0.046097955
3622,INPUT_L_90_5.txt,OUTPUT_L_90_5.txt,-487691,17,-487736.5,-487701.5,-487992.5,-487882.5,-542420
3623,INPUT_L_90_5.txt,OUTPUT_LN1_90_5.txt,0.223295823,17,0.223273721,0.22328974,0.223155606,0.223207408,0.211519938
3624,INPUT_L_90_5.txt,OUTPUT_LN2_90_5.txt,0.113248214,17,0.113261998,0.113248278,0.113204262,0.113233329,0.103554825
3625,INPUT_L_90_5.txt,OUTPUT_LUNG_90_5.txt,0.052649302,17,0.052644454,0.052649255,0.052617801,0.052629069,0.05211242
3626,INPUT_L_90_5.txt,OUTPUT_S_90_5.txt,19.74008222,17,19.73821909,19.73965308,19.7277666,19.73226181,17.73361241
3627,INPUT_L_90_5.txt,OUTPUT_SKIN1_90_5.txt,0.241600698,17,0.241596092,0.241565813,0.241461005,0.241502934,0.256525625
3628,INPUT_L_90_5.txt,OUTPUT_SKIN2_90_5.txt,0.190310711,17,0.190296662,0.190310971,0.190172352,0.190239282,0.200219324
3629,INPUT_L_90_5.txt,OUTPUT_SKIN3_90_5.txt,0.139352075,17,0.139355787,0.139359548,0.139274288,0.139295378,0.146127508
3630,INPUT_L_90_5.txt,OUTPUT_SKIN4_90_5.txt,0.132630583,17,0.132467812,0.132500003,0.132535502,0.132452052,0.15654547
3631,INPUT_L_90_5.txt,OUTPUT_SKIN5_90_5.txt,0.641861206,17,0.641668205,0.641826423,0.641316175,0.641407481,0.65554656
3632,INPUT_L_90_5.txt,OUTPUT_SKIN6_90_5.txt,0.136661778,17,0.136646285,0.136666361,0.136576872,0.136631862,0.158783469
3633,INPUT_LN1_90_5.txt,OUTPUT_BM1_90_5.txt,4.605527135,17,4.60214551,4.606501463,4.602845498,4.602583791,4.385009603
3634,INPUT_LN1_90_5.txt,OUTPUT_BM2_90_5.txt,8.12470125,17,8.12502383,8.12722526,8.127865583,8.125381771,8.733130758
3635,INPUT_LN1_90_5.txt,OUTPUT_GUT_90_5.txt,0.6707789,17,0.670780792,0.670780792,0.670780792,0.6707789,0.630546532
3636,INPUT_LN1_90_5.txt,OUTPUT_L_90_5.txt,16.86035944,17,16.86057314,16.86043109,16.86127247,16.86087285,17.25735969
3637,INPUT_LN1_90_5.txt,OUTPUT_LN1_90_5.txt,-176849.5,17,-176849,-176849,-176849,-176849.5,-196544.5
3638,INPUT_LN1_90_5.txt,OUTPUT_LN2_90_5.txt,1.066106068,17,1.066320569,1.066119342,1.066338411,1.066406323,1.095635134
3639,INPUT_LN1_90_5.txt,OUTPUT_LUNG_90_5.txt,0.211515913,17,0.211516473,0.211515521,0.211515521,0.211515436,0.195575435
3640,INPUT_LN1_90_5.txt,OUTPUT_S_90_5.txt,16.39777081,17,16.39763625,16.39763625,16.39763625,16.39777081,16.61608249
3641,INPUT_LN1_90_5.txt,OUTPUT_SKIN1_90_5.txt,4.86845781,17,4.868481696,4.868355438,4.868463634,4.868453303,4.915094226
3642,INPUT_LN1_90_5.txt,OUTPUT_SKIN2_90_5.txt,2.550234273,17,2.55037359,2.549937519,2.54989824,2.549965439,1.392928136
3643,INPUT_LN1_90_5.txt,OUTPUT_SKIN3_90_5.txt,1.409190182,17,1.409328409,1.409286179,1.409234698,1.409142793,1.716226051
3644,INPUT_LN1_90_5.txt,OUTPUT_SKIN4_90_5.txt,1.167750443,17,1.166432193,1.166661397,1.167663449,1.166670403,1.233347129
3645,INPUT_LN1_90_5.txt,OUTPUT_SKIN5_90_5.txt,3.160758707,17,3.160262176,3.16071796,3.160167284,3.159879815,3.112981405
3646,INPUT_LN1_90_5.txt,OUTPUT_SKIN6_90_5.txt,1.970302432,17,1.970352325,1.970450987,1.970289563,1.970605116,1.876697702
3647,INPUT_LN2_90_5.txt,OUTPUT_BM1_90_5.txt,0.790321392,17,0.789517711,0.790536073,0.789664154,0.789585916,0.781189281
3648,INPUT_LN2_90_5.txt,OUTPUT_BM2_90_5.txt,3.120067914,17,3.120070123,3.121674232,3.121851784,3.120212313,3.097335109
3649,INPUT_LN2_90_5.txt,OUTPUT_GUT_90_5.txt,12.13514523,17,12.13356695,12.13501386,12.13302287,12.13278945,12.10519601
3650,INPUT_LN2_90_5.txt,OUTPUT_L_90_5.txt,21.90987449,17,21.9136648,21.91035317,21.92217355,21.91901297,22.19614077
3651,INPUT_LN2_90_5.txt,OUTPUT_LN1_90_5.txt,0.012037226,17,0.012035903,0.01203704,0.012035802,0.012035686,0.013073837
3652,INPUT_LN2_90_5.txt,OUTPUT_LN2_90_5.txt,-359693,17,-359730.5,-359696.5,-359733.5,-359739,-399703
3653,INPUT_LN2_90_5.txt,OUTPUT_LUNG_90_5.txt,0.071691839,17,0.071684362,0.071692326,0.071684943,0.071683255,0.064740139
3654,INPUT_LN2_90_5.txt,OUTPUT_S_90_5.txt,4.762163645,17,4.761879756,4.762133944,4.761873047,4.761831396,4.998859374
3655,INPUT_LN2_90_5.txt,OUTPUT_SKIN1_90_5.txt,1.727066852,17,1.726999512,1.726853882,1.726929319,1.726818154,1.755669445
3656,INPUT_LN2_90_5.txt,OUTPUT_SKIN2_90_5.txt,0.84166746,17,0.841608071,0.841698927,0.84153896,0.841606411,1.06226532
3657,INPUT_LN2_90_5.txt,OUTPUT_SKIN3_90_5.txt,1.720054224,17,1.720069092,1.720163394,1.719932112,1.719780302,1.593466663
3658,INPUT_LN2_90_5.txt,OUTPUT_SKIN4_90_5.txt,0.586025856,17,0.585254975,0.585411012,0.585901817,0.585346548,0.608268554
3659,INPUT_LN2_90_5.txt,OUTPUT_SKIN5_90_5.txt,3.239343924,17,3.238465369,3.239270696,3.238333076,3.237973161,3.718886389
3660,INPUT_LN2_90_5.txt,OUTPUT_SKIN6_90_5.txt,0.443760895,17,0.443706153,0.44378255,0.443710809,0.443785694,0.443927619
3661,INPUT_LUNG_90_5.txt,OUTPUT_BM1_90_5.txt,0.53782521,17,0.537333685,0.537975605,0.53743786,0.537392944,0.507112933
3662,INPUT_LUNG_90_5.txt,OUTPUT_BM2_90_5.txt,7.961799626,17,7.96218075,7.964406394,7.965048121,7.962491331,7.682808274
3663,INPUT_LUNG_90_5.txt,OUTPUT_GUT_90_5.txt,1.403509089,17,1.403509089,1.403512371,1.403512371,1.40351073,1.493754549
3664,INPUT_LUNG_90_5.txt,OUTPUT_L_90_5.txt,14.5778289,17,14.57835049,14.57797868,14.58110422,14.57987244,14.73666016
3665,INPUT_LUNG_90_5.txt,OUTPUT_LN1_90_5.txt,0.716018426,17,0.716014347,0.716016011,0.716016011,0.716019258,0.684500448
3666,INPUT_LUNG_90_5.txt,OUTPUT_LN2_90_5.txt,0.303781965,17,0.303846854,0.303789789,0.303852629,0.303861623,0.310603151
3667,INPUT_LUNG_90_5.txt,OUTPUT_LUNG_90_5.txt,-433747,17,-433747,-433746,-433746,-433746.5,-481694.5
3668,INPUT_LUNG_90_5.txt,OUTPUT_S_90_5.txt,7.422472719,17,7.422472719,7.422490691,7.422490691,7.422481705,6.972977181
3669,INPUT_LUNG_90_5.txt,OUTPUT_SKIN1_90_5.txt,0.671673288,17,0.67172507,0.671587642,0.671707551,0.671669978,0.664247171
3670,INPUT_LUNG_90_5.txt,OUTPUT_SKIN2_90_5.txt,0.589537015,17,0.589546584,0.589552419,0.58948586,0.58956039,0.58402004
3671,INPUT_LUNG_90_5.txt,OUTPUT_SKIN3_90_5.txt,0.518702659,17,0.518760792,0.51874304,0.518731143,0.518691966,0.546042935
3672,INPUT_LUNG_90_5.txt,OUTPUT_SKIN4_90_5.txt,0.411653907,17,0.411147657,0.411222492,0.411613915,0.411227904,0.412282931
3673,INPUT_LUNG_90_5.txt,OUTPUT_SKIN5_90_5.txt,1.776780422,17,1.776485455,1.77677015,1.776451653,1.77627283,1.658201184
3674,INPUT_LUNG_90_5.txt,OUTPUT_SKIN6_90_5.txt,0.285340662,17,0.285335333,0.285358382,0.285340705,0.285394486,0.28914536
3675,INPUT_S_90_5.txt,OUTPUT_BM1_90_5.txt,31.96693991,17,31.93347756,31.97667483,31.94041708,31.9377526,33.12958643
3676,INPUT_S_90_5.txt,OUTPUT_BM2_90_5.txt,166.3050799,17,166.3205498,166.4101214,166.4361815,166.3327632,173.2515137
3677,INPUT_S_90_5.txt,OUTPUT_GUT_90_5.txt,0.331459481,17,0.331459481,0.331459481,0.331459481,0.331459481,0.333191145
3678,INPUT_S_90_5.txt,OUTPUT_L_90_5.txt,280.0083348,17,280.053245,280.0193441,280.3244119,280.2118991,287.9882117
3679,INPUT_S_90_5.txt,OUTPUT_LN1_90_5.txt,1.273125274,17,1.273118841,1.273118841,1.273118841,1.273125274,1.280488914
3680,INPUT_S_90_5.txt,OUTPUT_LN2_90_5.txt,0.973710771,17,0.973920314,0.973727441,0.973940296,0.973971195,1.032001819
3681,INPUT_S_90_5.txt,OUTPUT_LUNG_90_5.txt,0.234688292,17,0.234688292,0.234696685,0.234696685,0.234692488,0.253465368
3682,INPUT_S_90_5.txt,OUTPUT_S_90_5.txt,-72005.5,17,-72005.5,-72005.5,-72005.5,-72005.5,-80065
3683,INPUT_S_90_5.txt,OUTPUT_SKIN1_90_5.txt,0.89667705,17,0.896683033,0.89666875,0.89667909,0.89667453,0.936097789
3684,INPUT_S_90_5.txt,OUTPUT_SKIN2_90_5.txt,0.731984422,17,0.732031055,0.732021744,0.731968752,0.732001222,0.745189101
3685,INPUT_S_90_5.txt,OUTPUT_SKIN3_90_5.txt,0.585515196,17,0.58556033,0.585542784,0.585548347,0.58552021,0.666200888
3686,INPUT_S_90_5.txt,OUTPUT_SKIN4_90_5.txt,0.765764317,17,0.765659122,0.765685098,0.765749981,0.765687988,0.777168139
3687,INPUT_S_90_5.txt,OUTPUT_SKIN5_90_5.txt,2.226657347,17,2.226230949,2.226560861,2.226133745,2.226019139,2.214834129
3688,INPUT_S_90_5.txt,OUTPUT_SKIN6_90_5.txt,0.580558569,17,0.580564537,0.58058506,0.580582235,0.580618328,0.603791124
3689,INPUT_SKIN1_90_5.txt,OUTPUT_BM1_90_5.txt,0.486616515,17,0.486354284,0.486723167,0.486412362,0.486403576,0.536854544
3690,INPUT_SKIN1_90_5.txt,OUTPUT_BM2_90_5.txt,0.648520825,17,0.648512894,0.64868382,0.648654258,0.648554443,0.649564899
3691,INPUT_SKIN1_90_5.txt,OUTPUT_GUT_90_5.txt,0.7023043,17,0.702276653,0.702350916,0.702286792,0.702306428,0.792126888
3692,INPUT_SKIN1_90_5.txt,OUTPUT_L_90_5.txt,1.016271803,17,1.01621671,1.016335482,1.016132294,1.016200151,1.060475428
3693,INPUT_SKIN1_90_5.txt,OUTPUT_LN1_90_5.txt,0.012505776,17,0.012505214,0.012506533,0.012505395,0.012505815,0.012172912
3694,INPUT_SKIN1_90_5.txt,OUTPUT_LN2_90_5.txt,0.531629725,17,0.531697961,0.531676737,0.531710876,0.531738479,0.541192962
3695,INPUT_SKIN1_90_5.txt,OUTPUT_LUNG_90_5.txt,0.080466964,17,0.080463799,0.080476978,0.080469648,0.080469555,0.088995559
3696,INPUT_SKIN1_90_5.txt,OUTPUT_S_90_5.txt,0.877935564,17,0.877900884,0.877993984,0.877913656,0.877938296,0.905968147
3697,INPUT_SKIN1_90_5.txt,OUTPUT_SKIN1_90_5.txt,-483647.5,17,-483666.5,-483615.5,-483659.5,-483646,-537518.5
3698,INPUT_SKIN1_90_5.txt,OUTPUT_SKIN2_90_5.txt,0.647958341,17,0.647953051,0.648032876,0.64791407,0.648001654,0.633631404
3699,INPUT_SKIN1_90_5.txt,OUTPUT_SKIN3_90_5.txt,0.561821702,17,0.561872237,0.561903317,0.561840059,0.561813533,0.490457439
3700,INPUT_SKIN1_90_5.txt,OUTPUT_SKIN4_90_5.txt,0.792097343,17,0.791103905,0.791329956,0.791998573,0.791290529,0.614852369
3701,INPUT_SKIN1_90_5.txt,OUTPUT_SKIN5_90_5.txt,0.962396366,17,0.962267215,0.962467483,0.962278641,0.96223227,0.940697872
3702,INPUT_SKIN1_90_5.txt,OUTPUT_SKIN6_90_5.txt,0.416073627,17,0.416044502,0.41612195,0.416060473,0.416147977,0.285684092
3703,INPUT_SKIN2_90_5.txt,OUTPUT_BM1_90_5.txt,0.355836578,17,0.355525583,0.355955589,0.355641176,0.35559226,0.322185821
3704,INPUT_SKIN2_90_5.txt,OUTPUT_BM2_90_5.txt,2.41809498,17,2.418037802,2.418708564,2.418843442,2.418284105,2.352942913
3705,INPUT_SKIN2_90_5.txt,OUTPUT_GUT_90_5.txt,1.056181113,17,1.056159565,1.056257954,1.056310904,1.056251173,1.262777922
3706,INPUT_SKIN2_90_5.txt,OUTPUT_L_90_5.txt,3.483766733,17,3.483486855,3.484027212,3.483871744,3.48370725,3.455371737
3707,INPUT_SKIN2_90_5.txt,OUTPUT_LN1_90_5.txt,0.012274119,17,0.012273788,0.012274961,0.012275589,0.012274936,0.01146633
3708,INPUT_SKIN2_90_5.txt,OUTPUT_LN2_90_5.txt,0.884298404,17,0.884540335,0.884457087,0.884655851,0.884601281,0.948465211
3709,INPUT_SKIN2_90_5.txt,OUTPUT_LUNG_90_5.txt,11.07201047,17,11.0719702,11.07362238,11.0741433,11.07303114,10.8983369
3710,INPUT_SKIN2_90_5.txt,OUTPUT_S_90_5.txt,1.961899492,17,1.961805743,1.962053383,1.962093227,1.961973224,1.878291032
3711,INPUT_SKIN2_90_5.txt,OUTPUT_SKIN1_90_5.txt,1.019625114,17,1.019687865,1.019569913,1.019805722,1.019688453,1.00167544
3712,INPUT_SKIN2_90_5.txt,OUTPUT_SKIN2_90_5.txt,-586228.5,17,-586241,-586185,-586155,-586189.5,-651532.5
3713,INPUT_SKIN2_90_5.txt,OUTPUT_SKIN3_90_5.txt,0.762015565,17,0.762097167,0.762131492,0.762154827,0.762051929,0.790626482
3714,INPUT_SKIN2_90_5.txt,OUTPUT_SKIN4_90_5.txt,0.474237438,17,0.473654314,0.473784723,0.4742498,0.473787021,0.456267581
3715,INPUT_SKIN2_90_5.txt,OUTPUT_SKIN5_90_5.txt,1.040912772,17,1.040733068,1.04098694,1.040869362,1.040709227,0.936763236
3716,INPUT_SKIN2_90_5.txt,OUTPUT_SKIN6_90_5.txt,0.577139679,17,0.577118523,0.577218973,0.577211074,0.577290654,0.549227385
3717,INPUT_SKIN3_90_5.txt,OUTPUT_BM1_90_5.txt,3.939559852,17,3.938150105,3.939821154,3.93879,3.938850653,0.196905895
3718,INPUT_SKIN3_90_5.txt,OUTPUT_BM2_90_5.txt,1.412669871,17,1.412639082,1.413210431,1.413369632,1.412852922,1.503567081
3719,INPUT_SKIN3_90_5.txt,OUTPUT_GUT_90_5.txt,0.50707641,17,0.507044537,0.507056591,0.507062596,0.507081132,0.503336143
3720,INPUT_SKIN3_90_5.txt,OUTPUT_L_90_5.txt,5.243627456,17,5.242845996,5.243653789,5.243161496,5.243558036,5.325605904
3721,INPUT_SKIN3_90_5.txt,OUTPUT_LN1_90_5.txt,0.013681841,17,0.013680887,0.013681226,0.013681373,0.013681963,0.012761124
3722,INPUT_SKIN3_90_5.txt,OUTPUT_LN2_90_5.txt,0.404674198,17,0.404736699,0.404672251,0.4047582,0.404785579,0.424899523
3723,INPUT_SKIN3_90_5.txt,OUTPUT_LUNG_90_5.txt,6.00911635,17,6.008641752,6.008869941,6.008922777,6.009155924,5.878648815
3724,INPUT_SKIN3_90_5.txt,OUTPUT_S_90_5.txt,2.94062738,17,2.940322903,2.940590107,2.940622151,2.940733852,1.65360402
3725,INPUT_SKIN3_90_5.txt,OUTPUT_SKIN1_90_5.txt,0.966546154,17,0.966561348,0.966380315,0.966567503,0.966549445,0.891167759
3726,INPUT_SKIN3_90_5.txt,OUTPUT_SKIN2_90_5.txt,0.741264342,17,0.741227299,0.74147224,0.741425169,0.741519126,0.778185782
3727,INPUT_SKIN3_90_5.txt,OUTPUT_SKIN3_90_5.txt,-788333,17,-788383.5,-788364,-788355.5,-788326,-875059
3728,INPUT_SKIN3_90_5.txt,OUTPUT_SKIN4_90_5.txt,0.413951766,17,0.413419658,0.413504491,0.413898675,0.413529925,0.38297736
3729,INPUT_SKIN3_90_5.txt,OUTPUT_SKIN5_90_5.txt,2.166333865,17,2.165876942,2.166251669,2.16594589,2.165829447,2.34373224
3730,INPUT_SKIN3_90_5.txt,OUTPUT_SKIN6_90_5.txt,0.316487873,17,0.316462799,0.316496176,0.316478957,0.316553674,0.276759715
3731,INPUT_SKIN4_90_5.txt,OUTPUT_BM1_90_5.txt,0.456873592,17,0.456755854,0.457230584,0.45658472,0.456758724,0.442542785
3732,INPUT_SKIN4_90_5.txt,OUTPUT_BM2_90_5.txt,1.853407906,17,1.854640357,1.855063619,1.854364456,1.854541738,1.821026589
3733,INPUT_SKIN4_90_5.txt,OUTPUT_GUT_90_5.txt,28.64410885,17,28.6691311,28.66634741,28.64566514,28.66632953,29.90144639
3734,INPUT_SKIN4_90_5.txt,OUTPUT_L_90_5.txt,5.303202428,17,5.306468722,5.305986931,5.303298782,5.305829899,5.534326204
3735,INPUT_SKIN4_90_5.txt,OUTPUT_LN1_90_5.txt,0.016189316,17,0.016199004,0.016197574,0.016190026,0.016197562,0.015673208
3736,INPUT_SKIN4_90_5.txt,OUTPUT_LN2_90_5.txt,0.660187544,17,0.66072251,0.660542012,0.660364779,0.660688969,0.694909178
3737,INPUT_SKIN4_90_5.txt,OUTPUT_LUNG_90_5.txt,21.57682642,17,21.58552134,21.58299013,21.57845641,21.58258664,22.01526121
3738,INPUT_SKIN4_90_5.txt,OUTPUT_S_90_5.txt,2.71332146,17,2.714980412,2.714734659,2.713459209,2.714716304,2.69290234
3739,INPUT_SKIN4_90_5.txt,OUTPUT_SKIN1_90_5.txt,1.874236522,17,1.875529271,1.874962392,1.87442374,1.875190635,1.927136863
3740,INPUT_SKIN4_90_5.txt,OUTPUT_SKIN2_90_5.txt,0.736461297,17,0.736923647,0.737009062,0.736601696,0.737015165,0.724588114
3741,INPUT_SKIN4_90_5.txt,OUTPUT_SKIN3_90_5.txt,0.709095657,17,0.70961573,0.70951815,0.709171232,0.709444404,0.932133321
3742,INPUT_SKIN4_90_5.txt,OUTPUT_SKIN4_90_5.txt,-464666.5,17,-464386,-464427,-464643.5,-464430,-516023
3743,INPUT_SKIN4_90_5.txt,OUTPUT_SKIN5_90_5.txt,1.075446729,17,1.075934237,1.076000084,1.075311022,1.075706843,1.035270879
3744,INPUT_SKIN4_90_5.txt,OUTPUT_SKIN6_90_5.txt,0.326715185,17,0.326905142,0.326902808,0.326730103,0.326943247,0.309628135
3745,INPUT_SKIN5_90_5.txt,OUTPUT_BM1_90_5.txt,0.763786035,17,0.763144305,0.764003933,0.763299401,0.763272252,0.917113411
3746,INPUT_SKIN5_90_5.txt,OUTPUT_BM2_90_5.txt,30.97318497,17,30.97054515,30.97581361,30.97354347,30.9696212,31.70660245
3747,INPUT_SKIN5_90_5.txt,OUTPUT_GUT_90_5.txt,0.772276362,17,0.772343227,0.772279865,0.772351857,0.772390971,0.752213143
3748,INPUT_SKIN5_90_5.txt,OUTPUT_L_90_5.txt,42.09150325,17,42.08291833,42.0887098,42.07541745,42.07614195,42.6610042
3749,INPUT_SKIN5_90_5.txt,OUTPUT_LN1_90_5.txt,0.336715796,17,0.336742707,0.336715412,0.336746351,0.33676526,0.400659902
3750,INPUT_SKIN5_90_5.txt,OUTPUT_LN2_90_5.txt,1.510484458,17,1.510916521,1.510495642,1.510957853,1.511083047,1.427934895
3751,INPUT_SKIN5_90_5.txt,OUTPUT_LUNG_90_5.txt,0.009997319,17,0.00999817,0.009997978,0.009998893,0.00999909,0.017994892
3752,INPUT_SKIN5_90_5.txt,OUTPUT_S_90_5.txt,10.63918633,17,10.6393684,10.63906119,10.63928418,10.63961833,12.07628754
3753,INPUT_SKIN5_90_5.txt,OUTPUT_SKIN1_90_5.txt,0.958749091,17,0.958907756,0.958627225,0.958814129,0.958809228,0.918193147
3754,INPUT_SKIN5_90_5.txt,OUTPUT_SKIN2_90_5.txt,0.94448688,17,0.944572581,0.944374846,0.944311358,0.944516499,0.932382269
3755,INPUT_SKIN5_90_5.txt,OUTPUT_SKIN3_90_5.txt,0.439249756,17,0.43933657,0.439285012,0.439313353,0.439302897,0.456340126
3756,INPUT_SKIN5_90_5.txt,OUTPUT_SKIN4_90_5.txt,0.190331644,17,0.190116134,0.190141658,0.190329518,0.190169769,0.211857341
3757,INPUT_SKIN5_90_5.txt,OUTPUT_SKIN5_90_5.txt,-693615,17,-693556,-693612,-693548.5,-693513.5,-770169.5
3758,INPUT_SKIN5_90_5.txt,OUTPUT_SKIN6_90_5.txt,0.336282855,17,0.33629677,0.336296425,0.33631417,0.336387491,0.360642779
3759,INPUT_SKIN6_90_5.txt,OUTPUT_BM1_90_5.txt,0.355403214,17,0.355097051,0.355487802,0.355158224,0.355095854,0.329748006
3760,INPUT_SKIN6_90_5.txt,OUTPUT_BM2_90_5.txt,1.284859957,17,1.284953672,1.285359584,1.285530557,1.284879001,1.275960638
3761,INPUT_SKIN6_90_5.txt,OUTPUT_GUT_90_5.txt,23.74335829,17,23.7474712,23.74648865,23.74905318,23.74255046,24.07327039
3762,INPUT_SKIN6_90_5.txt,OUTPUT_L_90_5.txt,4.310079878,17,4.310193846,4.309967037,4.310432941,4.309875469,4.326882352
3763,INPUT_SKIN6_90_5.txt,OUTPUT_LN1_90_5.txt,0.008350255,17,0.008350299,0.008349966,0.008350208,0.008349464,0.0093588
3764,INPUT_SKIN6_90_5.txt,OUTPUT_LN2_90_5.txt,0.452501538,17,0.452598088,0.452497028,0.452600153,0.452570337,0.427877004
3765,INPUT_SKIN6_90_5.txt,OUTPUT_LUNG_90_5.txt,17.40076822,17,17.40112235,17.40040999,17.4009231,17.39888137,18.563361
3766,INPUT_SKIN6_90_5.txt,OUTPUT_S_90_5.txt,2.315319841,17,2.315346622,2.315252486,2.315321028,2.315097813,2.473247357
3767,INPUT_SKIN6_90_5.txt,OUTPUT_SKIN1_90_5.txt,1.895780051,17,1.895953295,1.89547991,1.89588031,1.895591364,1.770007294
3768,INPUT_SKIN6_90_5.txt,OUTPUT_SKIN2_90_5.txt,0.5723642,17,0.572395262,0.572263611,0.572220848,0.572234367,0.524237737
3769,INPUT_SKIN6_90_5.txt,OUTPUT_SKIN3_90_5.txt,0.637204334,17,0.63728848,0.637236186,0.637236693,0.637127895,0.645414185
3770,INPUT_SKIN6_90_5.txt,OUTPUT_SKIN4_90_5.txt,1.017117997,17,1.015884084,1.016203067,1.017016754,1.0161492,0.403632296
3771,INPUT_SKIN6_90_5.txt,OUTPUT_SKIN5_90_5.txt,0.871876204,17,0.871749106,0.871846316,0.871723862,0.8715557,0.811231683
3772,INPUT_SKIN6_90_5.txt,OUTPUT_SKIN6_90_5.txt,-638767,17,-638760,-638785.5,-638767,-638827.5,-709202
3773,INPUT_BM1_90_5.txt,OUTPUT_BM1_90_5.txt,-789137,18,-789030.5,-789302.5,-789252,-789032.5,-877124.5
3774,INPUT_BM1_90_5.txt,OUTPUT_BM2_90_5.txt,0.338266267,18,0.338098213,0.338205387,0.338239912,0.338396168,0.361575158
3775,INPUT_BM1_90_5.txt,OUTPUT_GUT_90_5.txt,6.692934102,18,6.693964688,6.691333199,6.691821612,6.693945331,6.809144772
3776,INPUT_BM1_90_5.txt,OUTPUT_L_90_5.txt,0.649077379,18,0.648612002,0.648858319,0.649290864,0.648967449,0.718951186
3777,INPUT_BM1_90_5.txt,OUTPUT_LN1_90_5.txt,0.140794983,18,0.140798142,0.140751367,0.140838826,0.140804169,0.143592826
3778,INPUT_BM1_90_5.txt,OUTPUT_LN2_90_5.txt,0.36338401,18,0.363433567,0.363307025,0.363330513,0.363432636,0.402447241
3779,INPUT_BM1_90_5.txt,OUTPUT_LUNG_90_5.txt,0.028558074,18,0.028581499,0.028559775,0.028521335,0.028545124,0.029113286
3780,INPUT_BM1_90_5.txt,OUTPUT_S_90_5.txt,2.374851662,18,2.375314078,2.376556295,2.375413575,2.377343479,2.524830567
3781,INPUT_BM1_90_5.txt,OUTPUT_SKIN1_90_5.txt,0.11690055,18,0.116804185,0.116946127,0.116871177,0.1169115,0.121750296
3782,INPUT_BM1_90_5.txt,OUTPUT_SKIN2_90_5.txt,0.129821537,18,0.129882233,0.129884635,0.129972996,0.129821468,0.14146782
3783,INPUT_BM1_90_5.txt,OUTPUT_SKIN3_90_5.txt,0.158646333,18,0.158732102,0.158655197,0.158632296,0.158655779,0.157239901
3784,INPUT_BM1_90_5.txt,OUTPUT_SKIN4_90_5.txt,0.141766991,18,0.141894513,0.141747511,0.141671196,0.141810905,0.154173715
3785,INPUT_BM1_90_5.txt,OUTPUT_SKIN5_90_5.txt,0.129233863,18,0.129347604,0.129261624,0.129333117,0.129328905,0.133768093
3786,INPUT_BM1_90_5.txt,OUTPUT_SKIN6_90_5.txt,0.252252256,18,0.25223928,0.252189608,0.252183418,0.252212867,0.248700524
3787,INPUT_BM2_90_5.txt,OUTPUT_BM1_90_5.txt,1.027631974,18,1.027677755,1.028046308,1.027895858,1.027232697,1.071282325
3788,INPUT_BM2_90_5.txt,OUTPUT_BM2_90_5.txt,-764912,18,-764670.5,-764923.5,-764938,-765008,-849391
3789,INPUT_BM2_90_5.txt,OUTPUT_GUT_90_5.txt,0.094889328,18,0.094919342,0.094887899,0.094886097,0.094877402,0.095399558
3790,INPUT_BM2_90_5.txt,OUTPUT_L_90_5.txt,1.217977403,18,1.217325398,1.217804352,1.218512656,1.21745918,1.198254733
3791,INPUT_BM2_90_5.txt,OUTPUT_LN1_90_5.txt,0.084417836,18,0.084435575,0.084405556,0.08445074,0.084399083,0.080904438
3792,INPUT_BM2_90_5.txt,OUTPUT_LN2_90_5.txt,0.101767362,18,0.10179958,0.101765828,0.101763893,0.101754559,0.098720116
3793,INPUT_BM2_90_5.txt,OUTPUT_LUNG_90_5.txt,0.058080441,18,0.05807812,0.058056823,0.058032366,0.058038413,0.058032578
3794,INPUT_BM2_90_5.txt,OUTPUT_S_90_5.txt,1.942410222,18,1.94312894,1.944169895,1.943081842,1.94394331,2.06137972
3795,INPUT_BM2_90_5.txt,OUTPUT_SKIN1_90_5.txt,0.05102507,18,0.050990548,0.051055672,0.051017809,0.051016583,0.047610219
3796,INPUT_BM2_90_5.txt,OUTPUT_SKIN2_90_5.txt,0.039912795,18,0.039914427,0.039916167,0.039938593,0.039902634,0.038108006
3797,INPUT_BM2_90_5.txt,OUTPUT_SKIN3_90_5.txt,0.125584924,18,0.125675168,0.125598192,0.125526661,0.125493524,0.124994741
3798,INPUT_BM2_90_5.txt,OUTPUT_SKIN4_90_5.txt,0.077700389,18,0.077785495,0.077704811,0.077655064,0.077702734,0.074261594
3799,INPUT_BM2_90_5.txt,OUTPUT_SKIN5_90_5.txt,0.144192872,18,0.144346948,0.144252331,0.144321758,0.144262479,0.13385977
3800,INPUT_BM2_90_5.txt,OUTPUT_SKIN6_90_5.txt,0.172064335,18,0.17208182,0.172052307,0.172034778,0.171988057,0.164821142
3801,INPUT_GUT_90_5.txt,OUTPUT_BM1_90_5.txt,1.438854718,18,1.438483542,1.439431599,1.439255562,1.438490512,1.680895449
3802,INPUT_GUT_90_5.txt,OUTPUT_BM2_90_5.txt,0.407957128,18,0.407703476,0.407969248,0.40798535,0.408059127,0.476515875
3803,INPUT_GUT_90_5.txt,OUTPUT_GUT_90_5.txt,-122111,18,-122111,-122111,-122111,-122111,-135649
3804,INPUT_GUT_90_5.txt,OUTPUT_L_90_5.txt,0.873167742,18,0.872432035,0.87305481,0.873574824,0.872903656,0.91000901
3805,INPUT_GUT_90_5.txt,OUTPUT_LN1_90_5.txt,0.138239804,18,0.13822724,0.138224658,0.138305193,0.138224582,0.151565313
3806,INPUT_GUT_90_5.txt,OUTPUT_LN2_90_5.txt,0.070998354,18,0.070998354,0.070998354,0.070998354,0.070998354,0.078030097
3807,INPUT_GUT_90_5.txt,OUTPUT_LUNG_90_5.txt,0.025700415,18,0.025694179,0.025693561,0.02568652,0.025689949,0.025150553
3808,INPUT_GUT_90_5.txt,OUTPUT_S_90_5.txt,2.315122977,18,2.315250911,2.317073111,2.315925908,2.317055461,2.568566451
3809,INPUT_GUT_90_5.txt,OUTPUT_SKIN1_90_5.txt,0.061595048,18,0.061528604,0.061619783,0.061587928,0.061592341,0.063670202
3810,INPUT_GUT_90_5.txt,OUTPUT_SKIN2_90_5.txt,0.060747436,18,0.060738232,0.060761984,0.060781732,0.06073721,0.062015756
3811,INPUT_GUT_90_5.txt,OUTPUT_SKIN3_90_5.txt,0.114521322,18,0.114560003,0.114540825,0.11455956,0.114527063,0.134381546
3812,INPUT_GUT_90_5.txt,OUTPUT_SKIN4_90_5.txt,0.087507562,18,0.087538685,0.087516942,0.087454714,0.087476927,0.102049931
3813,INPUT_GUT_90_5.txt,OUTPUT_SKIN5_90_5.txt,0.131521075,18,0.131466413,0.131489077,0.131534156,0.131505572,0.136341119
3814,INPUT_GUT_90_5.txt,OUTPUT_SKIN6_90_5.txt,0.116783666,18,0.116719618,0.116746659,0.116737155,0.116751767,0.12032515
3815,INPUT_L_90_5.txt,OUTPUT_BM1_90_5.txt,0.334836485,18,0.334888656,0.334998254,0.334854656,0.334798309,0.755217273
3816,INPUT_L_90_5.txt,OUTPUT_BM2_90_5.txt,144.6406111,18,144.6240418,144.6639187,144.5981849,144.7292233,144.7428554
3817,INPUT_L_90_5.txt,OUTPUT_GUT_90_5.txt,4.127536099,18,4.129452405,4.127825162,4.126471518,4.128217521,4.137504721
3818,INPUT_L_90_5.txt,OUTPUT_L_90_5.txt,-729152.5,18,-728842,-729106,-729325.5,-729042.5,-809327
3819,INPUT_L_90_5.txt,OUTPUT_LN1_90_5.txt,0.133406524,18,0.133446108,0.133394358,0.133432939,0.133415198,0.129975029
3820,INPUT_L_90_5.txt,OUTPUT_LN2_90_5.txt,0.301080044,18,0.301209475,0.301099442,0.301008,0.301125911,0.293787425
3821,INPUT_L_90_5.txt,OUTPUT_LUNG_90_5.txt,0.051285865,18,0.051387594,0.051331172,0.051199606,0.051263603,0.047953686
3822,INPUT_L_90_5.txt,OUTPUT_S_90_5.txt,55.99415971,18,56.01372569,56.04115115,56.0031467,56.04412661,82.28376903
3823,INPUT_L_90_5.txt,OUTPUT_SKIN1_90_5.txt,0.050350473,18,0.050322567,0.050384595,0.050333098,0.050356058,0.048670283
3824,INPUT_L_90_5.txt,OUTPUT_SKIN2_90_5.txt,0.034119705,18,0.034142105,0.034142515,0.034153493,0.034120204,0.032917543
3825,INPUT_L_90_5.txt,OUTPUT_SKIN3_90_5.txt,0.101836962,18,0.101919731,0.101851075,0.101809414,0.101835772,0.102736928
3826,INPUT_L_90_5.txt,OUTPUT_SKIN4_90_5.txt,0.075294633,18,0.075383279,0.075304853,0.075235888,0.075322419,0.07358261
3827,INPUT_L_90_5.txt,OUTPUT_SKIN5_90_5.txt,0.160369007,18,0.160550378,0.160438278,0.160474893,0.160489298,0.162535495
3828,INPUT_L_90_5.txt,OUTPUT_SKIN6_90_5.txt,0.131932731,18,0.131959747,0.131932838,0.131881894,0.131912784,0.127529944
3829,INPUT_LN1_90_5.txt,OUTPUT_BM1_90_5.txt,0.957927524,18,0.957736206,0.958354948,0.95808537,0.957722465,0.88798957
3830,INPUT_LN1_90_5.txt,OUTPUT_BM2_90_5.txt,14.61698789,18,14.61557566,14.6150728,14.63354509,14.61493432,15.49261274
3831,INPUT_LN1_90_5.txt,OUTPUT_GUT_90_5.txt,21.16020697,18,21.15956254,21.15983903,21.17015771,21.15943322,21.52228787
3832,INPUT_LN1_90_5.txt,OUTPUT_L_90_5.txt,1.675347275,18,1.674170563,1.675244249,1.67599018,1.674943065,2.012238798
3833,INPUT_LN1_90_5.txt,OUTPUT_LN1_90_5.txt,-581193,18,-581155,-581148,-581317.5,-581168,-645765
3834,INPUT_LN1_90_5.txt,OUTPUT_LN2_90_5.txt,1.780960325,18,1.781067815,1.781092245,1.78062605,1.781035772,1.634796807
3835,INPUT_LN1_90_5.txt,OUTPUT_LUNG_90_5.txt,0.044495395,18,0.04450911,0.044498093,0.044440264,0.044470101,0.052593311
3836,INPUT_LN1_90_5.txt,OUTPUT_S_90_5.txt,3.089946048,18,3.090097203,3.09207354,3.091372196,3.091988121,2.913240331
3837,INPUT_LN1_90_5.txt,OUTPUT_SKIN1_90_5.txt,0.188064466,18,0.187887854,0.18819589,0.188003425,0.188064833,0.184866689
3838,INPUT_LN1_90_5.txt,OUTPUT_SKIN2_90_5.txt,0.295894345,18,0.295800293,0.295918187,0.296004379,0.295868288,0.289639551
3839,INPUT_LN1_90_5.txt,OUTPUT_SKIN3_90_5.txt,0.659953972,18,0.660297424,0.660142561,0.659970478,0.660069584,0.664389506
3840,INPUT_LN1_90_5.txt,OUTPUT_SKIN4_90_5.txt,0.528727678,18,0.529169152,0.528807846,0.528319483,0.528848916,0.363358452
3841,INPUT_LN1_90_5.txt,OUTPUT_SKIN5_90_5.txt,0.493378269,18,0.493787974,0.493634389,0.493736036,0.493702644,0.510587031
3842,INPUT_LN1_90_5.txt,OUTPUT_SKIN6_90_5.txt,0.623573535,18,0.623477907,0.623586425,0.623353988,0.62339608,0.670361314
3843,INPUT_LN2_90_5.txt,OUTPUT_BM1_90_5.txt,2.840610863,18,2.839918097,2.841687518,2.841358979,2.839931106,2.625967897
3844,INPUT_LN2_90_5.txt,OUTPUT_BM2_90_5.txt,1.005160305,18,1.00454532,1.005189594,1.005226509,1.005404798,1.035138776
3845,INPUT_LN2_90_5.txt,OUTPUT_GUT_90_5.txt,39.17367253,18,39.17367253,39.17367253,39.17367253,39.17367253,39.8129647
3846,INPUT_LN2_90_5.txt,OUTPUT_L_90_5.txt,2.693934626,18,2.691852757,2.693623389,2.695095414,2.693197744,2.637927956
3847,INPUT_LN2_90_5.txt,OUTPUT_LN1_90_5.txt,0.671542461,18,0.671454491,0.671439413,0.671838073,0.671485212,0.673545355
3848,INPUT_LN2_90_5.txt,OUTPUT_LN2_90_5.txt,-247882.5,18,-247882.5,-247882.5,-247882.5,-247882.5,-275400
3849,INPUT_LN2_90_5.txt,OUTPUT_LUNG_90_5.txt,0.094823619,18,0.094820317,0.094806122,0.094739696,0.094768255,0.091529847
3850,INPUT_LN2_90_5.txt,OUTPUT_S_90_5.txt,8.485566956,18,8.485909854,8.490792674,8.487718858,8.490745387,8.621426087
3851,INPUT_LN2_90_5.txt,OUTPUT_SKIN1_90_5.txt,0.751144504,18,0.750401519,0.751590722,0.751066411,0.751115405,0.757784116
3852,INPUT_LN2_90_5.txt,OUTPUT_SKIN2_90_5.txt,0.695249882,18,0.695006393,0.695249472,0.695636371,0.69516932,0.668804466
3853,INPUT_LN2_90_5.txt,OUTPUT_SKIN3_90_5.txt,0.700338232,18,0.700599303,0.700464657,0.699930514,0.699852722,0.71994681
3854,INPUT_LN2_90_5.txt,OUTPUT_SKIN4_90_5.txt,0.573357791,18,0.573786867,0.573400575,0.573041239,0.573441768,0.53886169
3855,INPUT_LN2_90_5.txt,OUTPUT_SKIN5_90_5.txt,0.539858859,18,0.540272317,0.540101007,0.540356882,0.540189123,0.525568883
3856,INPUT_LN2_90_5.txt,OUTPUT_SKIN6_90_5.txt,1.122665627,18,1.122487867,1.122641764,1.122552624,1.12234277,1.138464137
3857,INPUT_LUNG_90_5.txt,OUTPUT_BM1_90_5.txt,0.3762925,18,0.37629922,0.376499147,0.376518682,0.376327104,0.361294135
3858,INPUT_LUNG_90_5.txt,OUTPUT_BM2_90_5.txt,0.304504025,18,0.304412218,0.304580271,0.30463565,0.304657975,0.314135395
3859,INPUT_LUNG_90_5.txt,OUTPUT_GUT_90_5.txt,0.143540803,18,0.143573252,0.143573132,0.143594713,0.143583297,0.150393588
3860,INPUT_LUNG_90_5.txt,OUTPUT_L_90_5.txt,0.864692545,18,0.864529023,0.864835312,0.86522078,0.864823786,0.875594491
3861,INPUT_LUNG_90_5.txt,OUTPUT_LN1_90_5.txt,0.159788572,18,0.15980783,0.159804212,0.159915426,0.159820853,0.164054365
3862,INPUT_LUNG_90_5.txt,OUTPUT_LN2_90_5.txt,0.230752625,18,0.230804882,0.230804692,0.230839461,0.23082107,0.238151131
3863,INPUT_LUNG_90_5.txt,OUTPUT_LUNG_90_5.txt,-574126,18,-573996.5,-573997,-573911,-573956.5,-637918
3864,INPUT_LUNG_90_5.txt,OUTPUT_S_90_5.txt,0.896533407,18,0.896759984,0.897090524,0.897018092,0.897151468,0.909721662
3865,INPUT_LUNG_90_5.txt,OUTPUT_SKIN1_90_5.txt,0.143891863,18,0.143782018,0.144012432,0.143930374,0.143928633,0.140684164
3866,INPUT_LUNG_90_5.txt,OUTPUT_SKIN2_90_5.txt,0.124038988,18,0.12406938,0.124116082,0.124210397,0.124059206,0.127980087
3867,INPUT_LUNG_90_5.txt,OUTPUT_SKIN3_90_5.txt,0.221423468,18,0.221573702,0.221518678,0.221529748,0.221469877,0.225642307
3868,INPUT_LUNG_90_5.txt,OUTPUT_SKIN4_90_5.txt,0.1634238,18,0.163588009,0.163472258,0.163394663,0.163499566,0.170597588
3869,INPUT_LUNG_90_5.txt,OUTPUT_SKIN5_90_5.txt,0.271151729,18,0.2714195,0.271330942,0.271507417,0.271397876,0.278831477
3870,INPUT_LUNG_90_5.txt,OUTPUT_SKIN6_90_5.txt,0.318440288,18,0.318443382,0.318495797,0.318517307,0.318435813,0.341876879
3871,INPUT_S_90_5.txt,OUTPUT_BM1_90_5.txt,62.95322242,18,62.9321853,62.94722733,62.95899428,62.90006878,63.62102005
3872,INPUT_S_90_5.txt,OUTPUT_BM2_90_5.txt,27.74123778,18,27.72053614,27.72611917,27.73692702,27.73336849,28.08695366
3873,INPUT_S_90_5.txt,OUTPUT_GUT_90_5.txt,4.637213811,18,4.637056008,4.634809836,4.63622364,4.634831581,4.734085625
3874,INPUT_S_90_5.txt,OUTPUT_L_90_5.txt,23.86241514,18,23.83992119,23.84672967,23.86931983,23.84238805,23.62283346
3875,INPUT_S_90_5.txt,OUTPUT_LN1_90_5.txt,0.207629133,18,0.207597062,0.207502643,0.207682523,0.207516535,0.18911628
3876,INPUT_S_90_5.txt,OUTPUT_LN2_90_5.txt,2.09104563,18,2.090977514,2.090007933,2.090618219,2.090017319,2.042567512
3877,INPUT_S_90_5.txt,OUTPUT_LUNG_90_5.txt,0.159057036,18,0.159319757,0.159128148,0.158803386,0.158899248,0.156378663
3878,INPUT_S_90_5.txt,OUTPUT_S_90_5.txt,-475789,18,-475803.5,-476010,-475880,-476008,-528248
3879,INPUT_S_90_5.txt,OUTPUT_SKIN1_90_5.txt,0.249564279,18,0.249336961,0.249587361,0.24949547,0.249440784,0.239006741
3880,INPUT_S_90_5.txt,OUTPUT_SKIN2_90_5.txt,0.327703129,18,0.327638259,0.327553736,0.327823013,0.32753979,0.322348226
3881,INPUT_S_90_5.txt,OUTPUT_SKIN3_90_5.txt,0.355820461,18,0.355896742,0.355669559,0.355549936,0.355447388,0.388195834
3882,INPUT_S_90_5.txt,OUTPUT_SKIN4_90_5.txt,0.288802546,18,0.288998875,0.2886901,0.288602477,0.288712374,0.22729861
3883,INPUT_S_90_5.txt,OUTPUT_SKIN5_90_5.txt,0.249994139,18,0.250177859,0.249978131,0.25015364,0.250026786,0.188257556
3884,INPUT_S_90_5.txt,OUTPUT_SKIN6_90_5.txt,0.512810159,18,0.512831588,0.512606487,0.512744647,0.51250455,0.397640801
3885,INPUT_SKIN1_90_5.txt,OUTPUT_BM1_90_5.txt,0.934150265,18,0.934462922,0.934098843,0.934361968,0.934022431,0.923823933
3886,INPUT_SKIN1_90_5.txt,OUTPUT_BM2_90_5.txt,3.154852484,18,3.156891228,3.153881774,3.154971588,3.154733042,3.140449759
3887,INPUT_SKIN1_90_5.txt,OUTPUT_GUT_90_5.txt,7.049377231,18,7.052057346,7.047031752,7.049745282,7.049519439,7.047641413
3888,INPUT_SKIN1_90_5.txt,OUTPUT_L_90_5.txt,0.874484738,18,0.874449292,0.874150104,0.874793325,0.874337464,0.816901864
3889,INPUT_SKIN1_90_5.txt,OUTPUT_LN1_90_5.txt,1.158116126,18,1.158549078,1.157588357,1.158643604,1.158041217,1.058422919
3890,INPUT_SKIN1_90_5.txt,OUTPUT_LN2_90_5.txt,9.240409474,18,9.24509388,9.237273165,9.24095904,9.240618079,9.29810238
3891,INPUT_SKIN1_90_5.txt,OUTPUT_LUNG_90_5.txt,0.034406973,18,0.03441161,0.034383064,0.034381411,0.034387019,0.031170269
3892,INPUT_SKIN1_90_5.txt,OUTPUT_S_90_5.txt,2.182250206,18,2.183333557,2.181576117,2.182364255,2.182284624,2.206897922
3893,INPUT_SKIN1_90_5.txt,OUTPUT_SKIN1_90_5.txt,-523379.5,18,-523122,-523538,-523351.5,-523369,-581221.5
3894,INPUT_SKIN1_90_5.txt,OUTPUT_SKIN2_90_5.txt,0.822662787,18,0.824216098,0.823867472,0.824743419,0.822551905,0.808213512
3895,INPUT_SKIN1_90_5.txt,OUTPUT_SKIN3_90_5.txt,0.43886108,18,0.439242677,0.438804218,0.438964724,0.438919508,0.402263422
3896,INPUT_SKIN1_90_5.txt,OUTPUT_SKIN4_90_5.txt,0.403709631,18,0.404222714,0.403616498,0.403506595,0.403774451,0.443374182
3897,INPUT_SKIN1_90_5.txt,OUTPUT_SKIN5_90_5.txt,0.325343158,18,0.325751721,0.325387187,0.325665771,0.32554866,0.294314461
3898,INPUT_SKIN1_90_5.txt,OUTPUT_SKIN6_90_5.txt,0.591723597,18,0.591896795,0.591520666,0.59167684,0.591553416,0.540057526
3899,INPUT_SKIN2_90_5.txt,OUTPUT_BM1_90_5.txt,0.789005895,18,0.789011481,0.789227097,0.788934606,0.788916459,0.817059688
3900,INPUT_SKIN2_90_5.txt,OUTPUT_BM2_90_5.txt,3.396638045,18,3.39784838,3.396604555,3.395608776,3.396640527,3.439775927
3901,INPUT_SKIN2_90_5.txt,OUTPUT_GUT_90_5.txt,7.643272729,18,7.64485373,7.643242513,7.640858486,7.643824671,7.653986198
3902,INPUT_SKIN2_90_5.txt,OUTPUT_L_90_5.txt,0.822645674,18,0.822334016,0.82257538,0.82267111,0.822534243,0.917356993
3903,INPUT_SKIN2_90_5.txt,OUTPUT_LN1_90_5.txt,1.417953479,18,1.41804333,1.417738712,1.418107513,1.417925731,1.34709155
3904,INPUT_SKIN2_90_5.txt,OUTPUT_LN2_90_5.txt,3.343399397,18,3.344062267,3.34338931,3.342400377,3.343628559,3.154947537
3905,INPUT_SKIN2_90_5.txt,OUTPUT_LUNG_90_5.txt,0.043950129,18,0.043959829,0.043943805,0.04389729,0.043927007,0.052921942
3906,INPUT_SKIN2_90_5.txt,OUTPUT_S_90_5.txt,1.723912773,18,1.724264482,1.724295252,1.723577428,1.724407542,1.67649054
3907,INPUT_SKIN2_90_5.txt,OUTPUT_SKIN1_90_5.txt,0.685773181,18,0.685226822,0.686192404,0.685503705,0.685789391,0.708451378
3908,INPUT_SKIN2_90_5.txt,OUTPUT_SKIN2_90_5.txt,-627825,18,-627707.5,-627825.5,-628004,-627785,-697010.5
3909,INPUT_SKIN2_90_5.txt,OUTPUT_SKIN3_90_5.txt,0.45799868,18,0.458263746,0.458118978,0.45800592,0.45811115,0.511859567
3910,INPUT_SKIN2_90_5.txt,OUTPUT_SKIN4_90_5.txt,0.682140443,18,0.682797058,0.682188215,0.681571606,0.682290101,0.665023719
3911,INPUT_SKIN2_90_5.txt,OUTPUT_SKIN5_90_5.txt,0.648081157,18,0.648704475,0.648372645,0.648512703,0.648535203,0.641267465
3912,INPUT_SKIN2_90_5.txt,OUTPUT_SKIN6_90_5.txt,0.869825247,18,0.86981138,0.869787082,0.869460344,0.869610416,1.047253256
3913,INPUT_SKIN3_90_5.txt,OUTPUT_BM1_90_5.txt,0.854895226,18,0.854583877,0.855016191,0.854894021,0.854716516,0.817809823
3914,INPUT_SKIN3_90_5.txt,OUTPUT_BM2_90_5.txt,2.694425637,18,2.694202033,2.69416812,2.693663694,2.694009534,2.731786061
3915,INPUT_SKIN3_90_5.txt,OUTPUT_GUT_90_5.txt,6.130661629,18,6.129127062,6.130146537,6.129231879,6.130148783,6.225264949
3916,INPUT_SKIN3_90_5.txt,OUTPUT_L_90_5.txt,1.038226307,18,1.037591052,1.038077751,1.038276484,1.038014989,1.010178851
3917,INPUT_SKIN3_90_5.txt,OUTPUT_LN1_90_5.txt,37.70318749,18,37.70143295,37.70362033,37.65325106,37.70122273,38.21768873
3918,INPUT_SKIN3_90_5.txt,OUTPUT_LN2_90_5.txt,4.618585455,18,4.617559992,4.618167759,4.617898906,4.618274205,4.409989228
3919,INPUT_SKIN3_90_5.txt,OUTPUT_LUNG_90_5.txt,0.057090611,18,0.057054133,0.057060135,0.057042588,0.057053743,0.053784677
3920,INPUT_SKIN3_90_5.txt,OUTPUT_S_90_5.txt,1.963779173,18,1.963247162,1.963393362,1.963171676,1.963406693,1.996434506
3921,INPUT_SKIN3_90_5.txt,OUTPUT_SKIN1_90_5.txt,1.354648106,18,1.353043998,1.35537185,1.354375427,1.354517125,1.399554074
3922,INPUT_SKIN3_90_5.txt,OUTPUT_SKIN2_90_5.txt,1.724978626,18,1.724017818,1.724841113,1.725814371,1.72466492,1.713885576
3923,INPUT_SKIN3_90_5.txt,OUTPUT_SKIN3_90_5.txt,-840037.5,18,-840196,-840109,-840115.5,-840084.5,-932367
3924,INPUT_SKIN3_90_5.txt,OUTPUT_SKIN4_90_5.txt,0.793486015,18,0.793952268,0.793473847,0.792970915,0.79355247,0.926461465
3925,INPUT_SKIN3_90_5.txt,OUTPUT_SKIN5_90_5.txt,1.148581522,18,1.149237577,1.148984574,1.14955125,1.149218586,1.135162829
3926,INPUT_SKIN3_90_5.txt,OUTPUT_SKIN6_90_5.txt,0.894827889,18,0.894465793,0.894701437,0.894625748,0.894488294,0.870824844
3927,INPUT_SKIN4_90_5.txt,OUTPUT_BM1_90_5.txt,1.014582866,18,1.014375562,1.01519244,1.015379698,1.014642654,0.980315927
3928,INPUT_SKIN4_90_5.txt,OUTPUT_BM2_90_5.txt,0.556412713,18,0.555986949,0.556489434,0.556672557,0.556572285,0.547448291
3929,INPUT_SKIN4_90_5.txt,OUTPUT_GUT_90_5.txt,11.61519837,18,11.62445567,11.62761336,11.62719345,11.62318974,12.11339598
3930,INPUT_SKIN4_90_5.txt,OUTPUT_L_90_5.txt,1.811968676,18,1.811631078,1.812812182,1.813825737,1.812534688,1.846569102
3931,INPUT_SKIN4_90_5.txt,OUTPUT_LN1_90_5.txt,2.171843801,18,2.170786541,2.171495497,2.173351973,2.171567282,3.247717672
3932,INPUT_SKIN4_90_5.txt,OUTPUT_LN2_90_5.txt,4.660009023,18,4.659200331,4.660824611,4.662134912,4.661395745,4.664241777
3933,INPUT_SKIN4_90_5.txt,OUTPUT_LUNG_90_5.txt,0.178147032,18,0.177998822,0.178061056,0.178063033,0.178030227,0.190428141
3934,INPUT_SKIN4_90_5.txt,OUTPUT_S_90_5.txt,2.127458879,18,2.128553335,2.129785781,2.129837987,2.12961512,2.137707715
3935,INPUT_SKIN4_90_5.txt,OUTPUT_SKIN1_90_5.txt,1.369582341,18,1.3676871,1.370380095,1.369804968,1.369420904,1.500261627
3936,INPUT_SKIN4_90_5.txt,OUTPUT_SKIN2_90_5.txt,2.172160547,18,2.170512668,2.172089383,2.174030471,2.171744694,2.205892773
3937,INPUT_SKIN4_90_5.txt,OUTPUT_SKIN3_90_5.txt,0.947972467,18,0.947962605,0.948099255,0.948409201,0.948012068,0.895921347
3938,INPUT_SKIN4_90_5.txt,OUTPUT_SKIN4_90_5.txt,-451510,18,-451684.5,-451526,-451385.5,-451541.5,-501545.5
3939,INPUT_SKIN4_90_5.txt,OUTPUT_SKIN5_90_5.txt,1.367361765,18,1.367872285,1.367909696,1.369018561,1.368103782,1.335454946
3940,INPUT_SKIN4_90_5.txt,OUTPUT_SKIN6_90_5.txt,1.910292869,18,1.909134746,1.910115958,1.910554669,1.909525119,1.257702957
3941,INPUT_SKIN5_90_5.txt,OUTPUT_BM1_90_5.txt,0.93633351,18,0.935762531,0.936463055,0.936127399,0.935837299,0.878252292
3942,INPUT_SKIN5_90_5.txt,OUTPUT_BM2_90_5.txt,8.328020208,18,8.325688297,8.326044146,8.323926829,8.325114263,8.439195684
3943,INPUT_SKIN5_90_5.txt,OUTPUT_GUT_90_5.txt,11.978204,18,11.97298654,11.97518266,11.97183805,11.9741265,12.11125541
3944,INPUT_SKIN5_90_5.txt,OUTPUT_L_90_5.txt,3.230499651,18,3.227882908,3.229579329,3.22974243,3.229024258,3.311756412
3945,INPUT_SKIN5_90_5.txt,OUTPUT_LN1_90_5.txt,0.934816492,18,0.934337416,0.934467023,0.934775521,0.934450079,0.868270953
3946,INPUT_SKIN5_90_5.txt,OUTPUT_LN2_90_5.txt,5.829113036,18,5.826877231,5.82789488,5.826238966,5.827252444,3.880213971
3947,INPUT_SKIN5_90_5.txt,OUTPUT_LUNG_90_5.txt,0.209921438,18,0.209767645,0.209793383,0.20965741,0.209732611,0.226596128
3948,INPUT_SKIN5_90_5.txt,OUTPUT_S_90_5.txt,3.94281075,18,3.941384361,3.943177808,3.941452634,3.942826827,3.826151803
3949,INPUT_SKIN5_90_5.txt,OUTPUT_SKIN1_90_5.txt,0.609163142,18,0.608329608,0.609402975,0.60881311,0.608953294,0.579521632
3950,INPUT_SKIN5_90_5.txt,OUTPUT_SKIN2_90_5.txt,1.400326211,18,1.399270182,1.400009532,1.400492751,1.399721638,1.325763986
3951,INPUT_SKIN5_90_5.txt,OUTPUT_SKIN3_90_5.txt,0.93292398,18,0.932990071,0.932801335,0.932736505,0.932707688,0.887698032
3952,INPUT_SKIN5_90_5.txt,OUTPUT_SKIN4_90_5.txt,0.514497769,18,0.514703866,0.514422451,0.513972698,0.514414492,0.736224883
3953,INPUT_SKIN5_90_5.txt,OUTPUT_SKIN5_90_5.txt,-589791.5,18,-590015,-589920,-590066.5,-589970.5,-655663.5
3954,INPUT_SKIN5_90_5.txt,OUTPUT_SKIN6_90_5.txt,1.058017745,18,1.057388226,1.057727873,1.057383635,1.057354144,0.98157257
3955,INPUT_SKIN6_90_5.txt,OUTPUT_BM1_90_5.txt,0.722421557,18,0.722413749,0.722557492,0.722563153,0.722472905,0.694637918
3956,INPUT_SKIN6_90_5.txt,OUTPUT_BM2_90_5.txt,1.919642323,18,1.92024232,1.919572715,1.919726413,1.919903336,1.949938245
3957,INPUT_SKIN6_90_5.txt,OUTPUT_GUT_90_5.txt,5.080347564,18,5.080931911,5.080222491,5.080706607,5.081473453,5.152800413
3958,INPUT_SKIN6_90_5.txt,OUTPUT_L_90_5.txt,1.297554846,18,1.297670766,1.297534012,1.297659573,1.297817571,1.316455102
3959,INPUT_SKIN6_90_5.txt,OUTPUT_LN1_90_5.txt,1.114780073,18,1.114765629,1.11464808,1.115261793,1.114874635,1.043485671
3960,INPUT_SKIN6_90_5.txt,OUTPUT_LN2_90_5.txt,3.788757491,18,3.789249895,3.788828584,3.78907603,3.789487837,3.815779498
3961,INPUT_SKIN6_90_5.txt,OUTPUT_LUNG_90_5.txt,0.198048003,18,0.199067551,0.198650491,0.197534125,0.197963517,0.180219023
3962,INPUT_SKIN6_90_5.txt,OUTPUT_S_90_5.txt,1.050524883,18,1.050648658,1.050651707,1.050653522,1.050879184,1.040293246
3963,INPUT_SKIN6_90_5.txt,OUTPUT_SKIN1_90_5.txt,2.266739706,18,2.264740516,2.268191856,2.26664749,2.267015771,2.132740477
3964,INPUT_SKIN6_90_5.txt,OUTPUT_SKIN2_90_5.txt,14.96245547,18,14.95932792,14.96373023,14.97275482,14.96292293,13.70586878
3965,INPUT_SKIN6_90_5.txt,OUTPUT_SKIN3_90_5.txt,1.284558018,18,1.285241896,1.285246915,1.285413844,1.285234013,1.495699365
3966,INPUT_SKIN6_90_5.txt,OUTPUT_SKIN4_90_5.txt,0.592177845,18,0.592697919,0.592235425,0.591889229,0.592357142,0.711232369
3967,INPUT_SKIN6_90_5.txt,OUTPUT_SKIN5_90_5.txt,1.91959826,18,1.921257044,1.920487918,1.921513362,1.921071657,2.215561434
3968,INPUT_SKIN6_90_5.txt,OUTPUT_SKIN6_90_5.txt,-640255,18,-640186,-640237,-640212.5,-640151.5,-710440.5
3969,INPUT_BM1_90_5.txt,OUTPUT_BM1_90_5.txt,-127595,19,-127595,-127595,-127595,-127595,-141753
3970,INPUT_BM1_90_5.txt,OUTPUT_BM2_90_5.txt,2.106817134,19,2.107226254,2.107572459,2.107563467,2.106286678,2.124635866
3971,INPUT_BM1_90_5.txt,OUTPUT_GUT_90_5.txt,NA,19,NA,NA,NA,NA,NA
3972,INPUT_BM1_90_5.txt,OUTPUT_L_90_5.txt,0.577483012,19,0.57747377,0.577457777,0.577510045,0.577501037,0.580047862
3973,INPUT_BM1_90_5.txt,OUTPUT_LN1_90_5.txt,0.275543934,19,0.275517887,0.275518046,0.275546422,0.275541677,0.27325824
3974,INPUT_BM1_90_5.txt,OUTPUT_LN2_90_5.txt,NA,19,NA,NA,NA,NA,NA
3975,INPUT_BM1_90_5.txt,OUTPUT_LUNG_90_5.txt,0.240589799,19,0.240590597,0.240568786,0.240566771,0.240568254,0.24166999
3976,INPUT_BM1_90_5.txt,OUTPUT_S_90_5.txt,2.122580515,19,2.12188891,2.121594367,2.122772645,2.122755566,2.339441155
3977,INPUT_BM1_90_5.txt,OUTPUT_SKIN1_90_5.txt,0.454729987,19,0.454732485,0.454729529,0.454730475,0.454727764,0.458691155
3978,INPUT_BM1_90_5.txt,OUTPUT_SKIN2_90_5.txt,0.607488343,19,0.607393542,0.607109343,0.607321722,0.607504781,0.601949421
3979,INPUT_BM1_90_5.txt,OUTPUT_SKIN3_90_5.txt,0.611358589,19,0.611374659,0.611376797,0.611610443,0.611353772,0.599685912
3980,INPUT_BM1_90_5.txt,OUTPUT_SKIN4_90_5.txt,0.534180485,19,0.534223173,0.534184174,0.534197808,0.534181324,0.531135549
3981,INPUT_BM1_90_5.txt,OUTPUT_SKIN5_90_5.txt,0.475116357,19,0.475223629,0.475266068,0.475221971,0.475209639,0.482524361
3982,INPUT_BM1_90_5.txt,OUTPUT_SKIN6_90_5.txt,0.401117948,19,0.40113998,0.40108181,0.401086971,0.401093868,0.395772469
3983,INPUT_BM2_90_5.txt,OUTPUT_BM1_90_5.txt,6.325454812,19,6.324763225,6.324178151,6.324193346,6.326351811,6.541590077
3984,INPUT_BM2_90_5.txt,OUTPUT_BM2_90_5.txt,-453421.5,19,-453467,-453505.5,-453504.5,-453362.5,-503956.5
3985,INPUT_BM2_90_5.txt,OUTPUT_GUT_90_5.txt,NA,19,NA,NA,NA,NA,NA
3986,INPUT_BM2_90_5.txt,OUTPUT_L_90_5.txt,0.173648324,19,0.173628275,0.173608446,0.173624527,0.173676432,0.173507658
3987,INPUT_BM2_90_5.txt,OUTPUT_LN1_90_5.txt,0.06072872,19,0.060712196,0.060707046,0.060718088,0.060735691,0.071651749
3988,INPUT_BM2_90_5.txt,OUTPUT_LN2_90_5.txt,NA,19,NA,NA,NA,NA,NA
3989,INPUT_BM2_90_5.txt,OUTPUT_LUNG_90_5.txt,0.059027987,19,0.059022236,0.059012201,0.059012094,0.059030731,0.076046866
3990,INPUT_BM2_90_5.txt,OUTPUT_S_90_5.txt,1.098777159,19,1.098296963,1.098046276,1.098679285,1.099013585,1.077562806
3991,INPUT_BM2_90_5.txt,OUTPUT_SKIN1_90_5.txt,0.089349497,19,0.089341857,0.089333742,0.089333414,0.089362488,0.106531373
3992,INPUT_BM2_90_5.txt,OUTPUT_SKIN2_90_5.txt,0.135524864,19,0.135487312,0.135418077,0.135464915,0.13554717,0.144359605
3993,INPUT_BM2_90_5.txt,OUTPUT_SKIN3_90_5.txt,0.172167625,19,0.172155146,0.172140071,0.172204215,0.172189844,0.181495288
3994,INPUT_BM2_90_5.txt,OUTPUT_SKIN4_90_5.txt,0.109772864,19,0.109780073,0.109762811,0.109766055,0.109796282,0.124905385
3995,INPUT_BM2_90_5.txt,OUTPUT_SKIN5_90_5.txt,0.108748813,19,0.108761618,0.108761488,0.108752335,0.108783615,0.14029567
3996,INPUT_BM2_90_5.txt,OUTPUT_SKIN6_90_5.txt,0.121466415,19,0.121460581,0.121433648,0.121433711,0.121474482,0.127958103
3997,INPUT_GUT_90_5.txt,OUTPUT_BM1_90_5.txt,NA,19,NA,NA,NA,NA,NA
3998,INPUT_GUT_90_5.txt,OUTPUT_BM2_90_5.txt,NA,19,NA,NA,NA,NA,NA
3999,INPUT_GUT_90_5.txt,OUTPUT_GUT_90_5.txt,NA,19,NA,NA,NA,NA,NA
4000,INPUT_GUT_90_5.txt,OUTPUT_L_90_5.txt,NA,19,NA,NA,NA,NA,NA
4001,INPUT_GUT_90_5.txt,OUTPUT_LN1_90_5.txt,NA,19,NA,NA,NA,NA,NA
4002,INPUT_GUT_90_5.txt,OUTPUT_LN2_90_5.txt,NA,19,NA,NA,NA,NA,NA
4003,INPUT_GUT_90_5.txt,OUTPUT_LUNG_90_5.txt,NA,19,NA,NA,NA,NA,NA
4004,INPUT_GUT_90_5.txt,OUTPUT_S_90_5.txt,NA,19,NA,NA,NA,NA,NA
4005,INPUT_GUT_90_5.txt,OUTPUT_SKIN1_90_5.txt,NA,19,NA,NA,NA,NA,NA
4006,INPUT_GUT_90_5.txt,OUTPUT_SKIN2_90_5.txt,NA,19,NA,NA,NA,NA,NA
4007,INPUT_GUT_90_5.txt,OUTPUT_SKIN3_90_5.txt,NA,19,NA,NA,NA,NA,NA
4008,INPUT_GUT_90_5.txt,OUTPUT_SKIN4_90_5.txt,NA,19,NA,NA,NA,NA,NA
4009,INPUT_GUT_90_5.txt,OUTPUT_SKIN5_90_5.txt,NA,19,NA,NA,NA,NA,NA
4010,INPUT_GUT_90_5.txt,OUTPUT_SKIN6_90_5.txt,NA,19,NA,NA,NA,NA,NA
4011,INPUT_L_90_5.txt,OUTPUT_BM1_90_5.txt,57.86218253,19,57.86202656,57.86144032,57.86341176,57.86278869,58.88967257
4012,INPUT_L_90_5.txt,OUTPUT_BM2_90_5.txt,0.434245094,19,0.434338703,0.434412775,0.434392475,0.434127221,0.475043375
4013,INPUT_L_90_5.txt,OUTPUT_GUT_90_5.txt,NA,19,NA,NA,NA,NA,NA
4014,INPUT_L_90_5.txt,OUTPUT_L_90_5.txt,-329922.5,19,-329916.5,-329915.5,-329930,-329927.5,-366380.5
4015,INPUT_L_90_5.txt,OUTPUT_LN1_90_5.txt,0.094825647,19,0.09481158,0.09481242,0.094824295,0.094823251,0.088315523
4016,INPUT_L_90_5.txt,OUTPUT_LN2_90_5.txt,NA,19,NA,NA,NA,NA,NA
4017,INPUT_L_90_5.txt,OUTPUT_LUNG_90_5.txt,0.077835755,19,0.077837631,0.077825458,0.07782158,0.077822319,0.07823734
4018,INPUT_L_90_5.txt,OUTPUT_S_90_5.txt,0.648544427,19,0.648340408,0.648250768,0.648590071,0.648589591,0.647274272
4019,INPUT_L_90_5.txt,OUTPUT_SKIN1_90_5.txt,0.220142794,19,0.220161739,0.220152929,0.220145126,0.220149996,0.211508207
4020,INPUT_L_90_5.txt,OUTPUT_SKIN2_90_5.txt,0.261743448,19,0.261568171,0.261577468,0.26154299,0.26160544,0.250199183
4021,INPUT_L_90_5.txt,OUTPUT_SKIN3_90_5.txt,0.233286624,19,0.233308925,0.233286982,0.233351342,0.233251116,0.222854181
4022,INPUT_L_90_5.txt,OUTPUT_SKIN4_90_5.txt,0.222319733,19,0.22232562,0.222311291,0.222303316,0.222302931,0.217552159
4023,INPUT_L_90_5.txt,OUTPUT_SKIN5_90_5.txt,0.190085483,19,0.190188401,0.190209061,0.190187758,0.190124728,0.188849663
4024,INPUT_L_90_5.txt,OUTPUT_SKIN6_90_5.txt,0.204189195,19,0.204215589,0.204199047,0.204199447,0.204207471,0.211773635
4025,INPUT_LN1_90_5.txt,OUTPUT_BM1_90_5.txt,33.83306303,19,33.83755165,33.83761876,33.83308763,33.83353822,36.05774217
4026,INPUT_LN1_90_5.txt,OUTPUT_BM2_90_5.txt,0.679833466,19,0.680022264,0.680132496,0.680069134,0.679672292,0.769988613
4027,INPUT_LN1_90_5.txt,OUTPUT_GUT_90_5.txt,NA,19,NA,NA,NA,NA,NA
4028,INPUT_LN1_90_5.txt,OUTPUT_L_90_5.txt,71.15277621,19,71.10906765,71.1088918,71.15226561,71.14660604,76.1458285
4029,INPUT_LN1_90_5.txt,OUTPUT_LN1_90_5.txt,-377356,19,-377323,-377322.5,-377356,-377352.5,-419225
4030,INPUT_LN1_90_5.txt,OUTPUT_LN2_90_5.txt,NA,19,NA,NA,NA,NA,NA
4031,INPUT_LN1_90_5.txt,OUTPUT_LUNG_90_5.txt,0.434685986,19,0.434726824,0.434655633,0.434614226,0.434619151,0.341200567
4032,INPUT_LN1_90_5.txt,OUTPUT_S_90_5.txt,1.403062579,19,1.402764461,1.402587515,1.403179235,1.403181786,1.416254851
4033,INPUT_LN1_90_5.txt,OUTPUT_SKIN1_90_5.txt,0.802582767,19,0.802690176,0.802679369,0.80258165,0.802637956,0.778239702
4034,INPUT_LN1_90_5.txt,OUTPUT_SKIN2_90_5.txt,0.520520006,19,0.520221268,0.520213046,0.520124063,0.520248709,0.499177844
4035,INPUT_LN1_90_5.txt,OUTPUT_SKIN3_90_5.txt,0.705185284,19,0.705308059,0.705237056,0.705397468,0.705096225,0.632093256
4036,INPUT_LN1_90_5.txt,OUTPUT_SKIN4_90_5.txt,0.49272057,19,0.492818815,0.492784965,0.492746209,0.492739633,0.443629197
4037,INPUT_LN1_90_5.txt,OUTPUT_SKIN5_90_5.txt,0.618574147,19,0.618949744,0.619015926,0.618918966,0.618715829,0.601547512
4038,INPUT_LN1_90_5.txt,OUTPUT_SKIN6_90_5.txt,0.278016585,19,0.278069717,0.278039374,0.278045629,0.278040358,0.270230164
4039,INPUT_LN2_90_5.txt,OUTPUT_BM1_90_5.txt,NA,19,NA,NA,NA,NA,NA
4040,INPUT_LN2_90_5.txt,OUTPUT_BM2_90_5.txt,NA,19,NA,NA,NA,NA,NA
4041,INPUT_LN2_90_5.txt,OUTPUT_GUT_90_5.txt,NA,19,NA,NA,NA,NA,NA
4042,INPUT_LN2_90_5.txt,OUTPUT_L_90_5.txt,NA,19,NA,NA,NA,NA,NA
4043,INPUT_LN2_90_5.txt,OUTPUT_LN1_90_5.txt,NA,19,NA,NA,NA,NA,NA
4044,INPUT_LN2_90_5.txt,OUTPUT_LN2_90_5.txt,NA,19,NA,NA,NA,NA,NA
4045,INPUT_LN2_90_5.txt,OUTPUT_LUNG_90_5.txt,NA,19,NA,NA,NA,NA,NA
4046,INPUT_LN2_90_5.txt,OUTPUT_S_90_5.txt,NA,19,NA,NA,NA,NA,NA
4047,INPUT_LN2_90_5.txt,OUTPUT_SKIN1_90_5.txt,NA,19,NA,NA,NA,NA,NA
4048,INPUT_LN2_90_5.txt,OUTPUT_SKIN2_90_5.txt,NA,19,NA,NA,NA,NA,NA
4049,INPUT_LN2_90_5.txt,OUTPUT_SKIN3_90_5.txt,NA,19,NA,NA,NA,NA,NA
4050,INPUT_LN2_90_5.txt,OUTPUT_SKIN4_90_5.txt,NA,19,NA,NA,NA,NA,NA
4051,INPUT_LN2_90_5.txt,OUTPUT_SKIN5_90_5.txt,NA,19,NA,NA,NA,NA,NA
4052,INPUT_LN2_90_5.txt,OUTPUT_SKIN6_90_5.txt,NA,19,NA,NA,NA,NA,NA
4053,INPUT_LUNG_90_5.txt,OUTPUT_BM1_90_5.txt,27.07695872,19,27.07685058,27.07980676,27.07987897,27.07987887,27.88075924
4054,INPUT_LUNG_90_5.txt,OUTPUT_BM2_90_5.txt,0.870004139,19,0.870163178,0.870369074,0.870367192,0.869862939,0.923656381
4055,INPUT_LUNG_90_5.txt,OUTPUT_GUT_90_5.txt,NA,19,NA,NA,NA,NA,NA
4056,INPUT_LUNG_90_5.txt,OUTPUT_L_90_5.txt,0.083802826,19,0.083800184,0.083805647,0.083813153,0.083811888,0.137324976
4057,INPUT_LUNG_90_5.txt,OUTPUT_LN1_90_5.txt,0.123066649,19,0.12304465,0.123054015,0.123077233,0.12307393,0.124894291
4058,INPUT_LUNG_90_5.txt,OUTPUT_LN2_90_5.txt,NA,19,NA,NA,NA,NA,NA
4059,INPUT_LUNG_90_5.txt,OUTPUT_LUNG_90_5.txt,-520362,19,-520363.5,-520322.5,-520321.5,-520321.5,-577973.5
4060,INPUT_LUNG_90_5.txt,OUTPUT_S_90_5.txt,1.29838191,19,1.297990103,1.297928276,1.298591813,1.298582341,0.710300966
4061,INPUT_LUNG_90_5.txt,OUTPUT_SKIN1_90_5.txt,0.305096194,19,0.305104435,0.305124343,0.305119212,0.305128173,0.322857265
4062,INPUT_LUNG_90_5.txt,OUTPUT_SKIN2_90_5.txt,0.472922051,19,0.472598502,0.472654499,0.472613207,0.472716736,0.526332581
4063,INPUT_LUNG_90_5.txt,OUTPUT_SKIN3_90_5.txt,0.561464106,19,0.561506381,0.561489642,0.561668262,0.561434619,0.626070547
4064,INPUT_LUNG_90_5.txt,OUTPUT_SKIN4_90_5.txt,0.380722255,19,0.380806892,0.380808451,0.380815258,0.380802573,0.431235648
4065,INPUT_LUNG_90_5.txt,OUTPUT_SKIN5_90_5.txt,0.228225525,19,0.228343154,0.22838496,0.22837012,0.228293292,0.230723473
4066,INPUT_LUNG_90_5.txt,OUTPUT_SKIN6_90_5.txt,0.351020838,19,0.351059758,0.351070097,0.351034867,0.351074681,0.384693138
4067,INPUT_S_90_5.txt,OUTPUT_BM1_90_5.txt,15.13737607,19,15.14054529,15.14189553,15.13649595,15.13657418,15.92883724
4068,INPUT_S_90_5.txt,OUTPUT_BM2_90_5.txt,0.456845121,19,0.457013482,0.457123765,0.456991143,0.456706823,0.855908125
4069,INPUT_S_90_5.txt,OUTPUT_GUT_90_5.txt,NA,19,NA,NA,NA,NA,NA
4070,INPUT_S_90_5.txt,OUTPUT_L_90_5.txt,0.239017489,19,0.239060157,0.239064543,0.23901744,0.239014746,0.257560589
4071,INPUT_S_90_5.txt,OUTPUT_LN1_90_5.txt,0.098031688,19,0.098031623,0.098038922,0.098028937,0.098026232,0.095852629
4072,INPUT_S_90_5.txt,OUTPUT_LN2_90_5.txt,NA,19,NA,NA,NA,NA,NA
4073,INPUT_S_90_5.txt,OUTPUT_LUNG_90_5.txt,0.092584772,19,0.092600897,0.09259259,0.092565503,0.092566072,0.045752892
4074,INPUT_S_90_5.txt,OUTPUT_S_90_5.txt,-483148.5,19,-483067.5,-483033,-483171,-483169,-536846
4075,INPUT_S_90_5.txt,OUTPUT_SKIN1_90_5.txt,0.259795257,19,0.259858915,0.259866307,0.259793345,0.259801558,0.262377622
4076,INPUT_S_90_5.txt,OUTPUT_SKIN2_90_5.txt,0.346715589,19,0.346555444,0.346575207,0.346449716,0.346534199,0.358720747
4077,INPUT_S_90_5.txt,OUTPUT_SKIN3_90_5.txt,0.229475887,19,0.229532537,0.22952854,0.229535032,0.229438552,0.235030407
4078,INPUT_S_90_5.txt,OUTPUT_SKIN4_90_5.txt,0.382501079,19,0.382648663,0.382648932,0.382543863,0.382532996,0.245276271
4079,INPUT_S_90_5.txt,OUTPUT_SKIN5_90_5.txt,0.187193167,19,0.187320651,0.187352449,0.187286047,0.18722562,0.194271392
4080,INPUT_S_90_5.txt,OUTPUT_SKIN6_90_5.txt,0.202166034,19,0.202220327,0.202212413,0.202164433,0.202160181,0.213332372
4081,INPUT_SKIN1_90_5.txt,OUTPUT_BM1_90_5.txt,3.447219319,19,3.447138118,3.447159796,3.447223821,3.447111442,3.451450609
4082,INPUT_SKIN1_90_5.txt,OUTPUT_BM2_90_5.txt,1.326873047,19,1.326811309,1.326793135,1.326817328,1.326873566,1.34395499
4083,INPUT_SKIN1_90_5.txt,OUTPUT_GUT_90_5.txt,NA,19,NA,NA,NA,NA,NA
4084,INPUT_SKIN1_90_5.txt,OUTPUT_L_90_5.txt,7.187432094,19,7.187892864,7.187942983,7.18703112,7.186824872,7.23695549
4085,INPUT_SKIN1_90_5.txt,OUTPUT_LN1_90_5.txt,0.606761084,19,0.606640889,0.606643005,0.606761782,0.606731675,0.541092976
4086,INPUT_SKIN1_90_5.txt,OUTPUT_LN2_90_5.txt,NA,19,NA,NA,NA,NA,NA
4087,INPUT_SKIN1_90_5.txt,OUTPUT_LUNG_90_5.txt,0.18145916,19,0.181456086,0.181428398,0.18142513,0.181425253,0.163652882
4088,INPUT_SKIN1_90_5.txt,OUTPUT_S_90_5.txt,0.906661403,19,0.906572692,0.906549377,0.906681243,0.906651318,0.932295446
4089,INPUT_SKIN1_90_5.txt,OUTPUT_SKIN1_90_5.txt,-483832.5,19,-483843.5,-483840.5,-483832,-483847,-537145
4090,INPUT_SKIN1_90_5.txt,OUTPUT_SKIN2_90_5.txt,0.552091202,19,0.551665619,0.551716366,0.551676445,0.551796349,0.510131533
4091,INPUT_SKIN1_90_5.txt,OUTPUT_SKIN3_90_5.txt,0.638778006,19,0.638790793,0.638738424,0.638972913,0.638672502,0.604136509
4092,INPUT_SKIN1_90_5.txt,OUTPUT_SKIN4_90_5.txt,1.638890143,19,1.639221906,1.639108873,1.639164067,1.639059212,1.489164184
4093,INPUT_SKIN1_90_5.txt,OUTPUT_SKIN5_90_5.txt,1.210386456,19,1.210994904,1.211124415,1.211064848,1.210615778,1.138322421
4094,INPUT_SKIN1_90_5.txt,OUTPUT_SKIN6_90_5.txt,0.399940128,19,0.399973382,0.399932862,0.399997635,0.399973697,0.359474712
4095,INPUT_SKIN2_90_5.txt,OUTPUT_BM1_90_5.txt,11.22810665,19,11.23229036,11.23118157,11.23202532,11.23088572,11.92682364
4096,INPUT_SKIN2_90_5.txt,OUTPUT_BM2_90_5.txt,1.038828507,19,1.039372674,1.039459831,1.039503815,1.038896171,1.095060722
4097,INPUT_SKIN2_90_5.txt,OUTPUT_GUT_90_5.txt,NA,19,NA,NA,NA,NA,NA
4098,INPUT_SKIN2_90_5.txt,OUTPUT_L_90_5.txt,19.90749785,19,19.9181543,19.91679083,19.91604108,19.91283351,21.25220177
4099,INPUT_SKIN2_90_5.txt,OUTPUT_LN1_90_5.txt,0.585213864,19,0.585390176,0.585422254,0.585494148,0.585409755,0.750258465
4100,INPUT_SKIN2_90_5.txt,OUTPUT_LN2_90_5.txt,NA,19,NA,NA,NA,NA,NA
4101,INPUT_SKIN2_90_5.txt,OUTPUT_LUNG_90_5.txt,0.138805159,19,0.13885788,0.138830115,0.138835523,0.13881846,0.163251159
4102,INPUT_SKIN2_90_5.txt,OUTPUT_S_90_5.txt,0.69784868,19,0.697919949,0.697810087,0.698167664,0.698074038,0.808839233
4103,INPUT_SKIN2_90_5.txt,OUTPUT_SKIN1_90_5.txt,0.600686521,19,0.600990796,0.600906688,0.60099311,0.60090357,0.626523238
4104,INPUT_SKIN2_90_5.txt,OUTPUT_SKIN2_90_5.txt,-918790,19,-918446,-918485,-918444,-918558.5,-1020757.5
4105,INPUT_SKIN2_90_5.txt,OUTPUT_SKIN3_90_5.txt,0.428404799,19,0.428599479,0.428544273,0.428695941,0.428451616,0.51105827
4106,INPUT_SKIN2_90_5.txt,OUTPUT_SKIN4_90_5.txt,0.584956673,19,0.58486156,0.584814389,0.584828522,0.584778535,0.684884283
4107,INPUT_SKIN2_90_5.txt,OUTPUT_SKIN5_90_5.txt,0.610640091,19,0.61118976,0.611224992,0.611211588,0.610928852,0.637989797
4108,INPUT_SKIN2_90_5.txt,OUTPUT_SKIN6_90_5.txt,0.818661606,19,0.8190463,0.818917668,0.818933983,0.818812657,0.918836225
4109,INPUT_SKIN3_90_5.txt,OUTPUT_BM1_90_5.txt,14.13276714,19,14.13205396,14.1326615,14.13101842,14.13445256,14.72549273
4110,INPUT_SKIN3_90_5.txt,OUTPUT_BM2_90_5.txt,2.265754288,19,2.265883189,2.266184556,2.265816196,2.265649874,2.415470216
4111,INPUT_SKIN3_90_5.txt,OUTPUT_GUT_90_5.txt,NA,19,NA,NA,NA,NA,NA
4112,INPUT_SKIN3_90_5.txt,OUTPUT_L_90_5.txt,26.97940479,19,26.98009508,26.98102632,26.97226375,26.98160258,28.26862569
4113,INPUT_SKIN3_90_5.txt,OUTPUT_LN1_90_5.txt,2.743899259,19,2.743307566,2.743419914,2.743474841,2.744044783,2.834361867
4114,INPUT_SKIN3_90_5.txt,OUTPUT_LN2_90_5.txt,NA,19,NA,NA,NA,NA,NA
4115,INPUT_SKIN3_90_5.txt,OUTPUT_LUNG_90_5.txt,0.486791935,19,0.486774875,0.486719029,0.486641381,0.486749737,0.457750842
4116,INPUT_SKIN3_90_5.txt,OUTPUT_S_90_5.txt,1.478759523,19,1.478356608,1.478275543,1.478617719,1.478968579,1.444946667
4117,INPUT_SKIN3_90_5.txt,OUTPUT_SKIN1_90_5.txt,0.969036659,19,0.969042924,0.969071948,0.968886876,0.969161981,0.935343993
4118,INPUT_SKIN3_90_5.txt,OUTPUT_SKIN2_90_5.txt,1.526233642,19,1.525036704,1.52522662,1.524857425,1.525575557,1.763443463
4119,INPUT_SKIN3_90_5.txt,OUTPUT_SKIN3_90_5.txt,-927223,19,-927259.5,-927220,-927364,-927159,-1030023.5
4120,INPUT_SKIN3_90_5.txt,OUTPUT_SKIN4_90_5.txt,1.558248821,19,1.558535298,1.558485551,1.558267921,1.558562697,1.517326476
4121,INPUT_SKIN3_90_5.txt,OUTPUT_SKIN5_90_5.txt,0.63436572,19,0.634672469,0.634763625,0.634622558,0.634549102,0.603225542
4122,INPUT_SKIN3_90_5.txt,OUTPUT_SKIN6_90_5.txt,0.284149993,19,0.284168736,0.284150429,0.284147068,0.284201836,0.244973666
4123,INPUT_SKIN4_90_5.txt,OUTPUT_BM1_90_5.txt,10.64697854,19,10.64611602,10.64637724,10.64628284,10.64639831,10.62957595
4124,INPUT_SKIN4_90_5.txt,OUTPUT_BM2_90_5.txt,1.278781304,19,1.278801057,1.27899111,1.278977614,1.278477762,1.368706332
4125,INPUT_SKIN4_90_5.txt,OUTPUT_GUT_90_5.txt,NA,19,NA,NA,NA,NA,NA
4126,INPUT_SKIN4_90_5.txt,OUTPUT_L_90_5.txt,18.91263779,19,18.91156014,18.91218355,18.91011383,18.91042088,18.96571815
4127,INPUT_SKIN4_90_5.txt,OUTPUT_LN1_90_5.txt,0.362297196,19,0.362202452,0.362224982,0.362276966,0.36227621,0.33923577
4128,INPUT_SKIN4_90_5.txt,OUTPUT_LN2_90_5.txt,NA,19,NA,NA,NA,NA,NA
4129,INPUT_SKIN4_90_5.txt,OUTPUT_LUNG_90_5.txt,0.217039322,19,0.217016089,0.216989978,0.216978767,0.216991064,0.200199143
4130,INPUT_SKIN4_90_5.txt,OUTPUT_S_90_5.txt,1.130542686,19,1.130153533,1.130085232,1.130519934,1.130532526,1.205501197
4131,INPUT_SKIN4_90_5.txt,OUTPUT_SKIN1_90_5.txt,1.193033363,19,1.193063294,1.192982977,1.193114228,1.193100694,1.187269985
4132,INPUT_SKIN4_90_5.txt,OUTPUT_SKIN2_90_5.txt,1.235915954,19,1.234852603,1.235003159,1.234883446,1.235211316,1.214075514
4133,INPUT_SKIN4_90_5.txt,OUTPUT_SKIN3_90_5.txt,0.725853712,19,0.725824424,0.725788174,0.726021545,0.725708183,0.715852967
4134,INPUT_SKIN4_90_5.txt,OUTPUT_SKIN4_90_5.txt,-510356,19,-510413.5,-510394.5,-510398.5,-510390,-567159.5
4135,INPUT_SKIN4_90_5.txt,OUTPUT_SKIN5_90_5.txt,0.963303245,19,0.963706077,0.963840247,0.963767366,0.963453517,0.873024092
4136,INPUT_SKIN4_90_5.txt,OUTPUT_SKIN6_90_5.txt,1.686683928,19,1.68667532,1.686550125,1.686786242,1.686764766,1.829590162
4137,INPUT_SKIN5_90_5.txt,OUTPUT_BM1_90_5.txt,7.293774121,19,7.291861673,7.291832957,7.291712148,7.293066872,7.422209079
4138,INPUT_SKIN5_90_5.txt,OUTPUT_BM2_90_5.txt,1.653171598,19,1.652844192,1.652885647,1.652906873,1.652844587,1.695480443
4139,INPUT_SKIN5_90_5.txt,OUTPUT_GUT_90_5.txt,NA,19,NA,NA,NA,NA,NA
4140,INPUT_SKIN5_90_5.txt,OUTPUT_L_90_5.txt,11.33512201,19,11.33180287,11.33218114,11.33132297,11.33336822,11.54659762
4141,INPUT_SKIN5_90_5.txt,OUTPUT_LN1_90_5.txt,1.852193129,19,1.851621621,1.85176801,1.85190834,1.852185295,1.704693013
4142,INPUT_SKIN5_90_5.txt,OUTPUT_LN2_90_5.txt,NA,19,NA,NA,NA,NA,NA
4143,INPUT_SKIN5_90_5.txt,OUTPUT_LUNG_90_5.txt,0.657089436,19,0.656921366,0.656781497,0.656790267,0.656911342,0.614192271
4144,INPUT_SKIN5_90_5.txt,OUTPUT_S_90_5.txt,1.459425456,19,1.458847167,1.458717417,1.459070637,1.459312149,1.442195006
4145,INPUT_SKIN5_90_5.txt,OUTPUT_SKIN1_90_5.txt,1.6650788,19,1.664731281,1.664623126,1.664749,1.665119775,1.532894401
4146,INPUT_SKIN5_90_5.txt,OUTPUT_SKIN2_90_5.txt,1.898069029,19,1.896164132,1.896220788,1.896121927,1.89690739,1.785048913
4147,INPUT_SKIN5_90_5.txt,OUTPUT_SKIN3_90_5.txt,1.902146483,19,1.901802755,1.901542081,1.902208097,1.901670792,1.806878021
4148,INPUT_SKIN5_90_5.txt,OUTPUT_SKIN4_90_5.txt,9.327546469,19,9.327323236,9.326126005,9.326618875,9.327733809,9.513326036
4149,INPUT_SKIN5_90_5.txt,OUTPUT_SKIN5_90_5.txt,-446688.5,19,-446805,-446827.5,-446812.5,-446737.5,-496095.5
4150,INPUT_SKIN5_90_5.txt,OUTPUT_SKIN6_90_5.txt,1.985461777,19,1.985159628,1.984842505,1.985195501,1.985462267,2.023120025
4151,INPUT_SKIN6_90_5.txt,OUTPUT_BM1_90_5.txt,11.34185838,19,11.34156744,11.34138071,11.3406245,11.34079765,11.51981682
4152,INPUT_SKIN6_90_5.txt,OUTPUT_BM2_90_5.txt,1.261479297,19,1.261587869,1.261806633,1.261709972,1.261177813,1.273606536
4153,INPUT_SKIN6_90_5.txt,OUTPUT_GUT_90_5.txt,NA,19,NA,NA,NA,NA,NA
4154,INPUT_SKIN6_90_5.txt,OUTPUT_L_90_5.txt,24.03713123,19,24.03781753,24.03844823,24.0338972,24.03424696,24.53197819
4155,INPUT_SKIN6_90_5.txt,OUTPUT_LN1_90_5.txt,1.063509176,19,1.063407984,1.063602073,1.063574381,1.063569361,1.169299303
4156,INPUT_SKIN6_90_5.txt,OUTPUT_LN2_90_5.txt,NA,19,NA,NA,NA,NA,NA
4157,INPUT_SKIN6_90_5.txt,OUTPUT_LUNG_90_5.txt,0.054261122,19,0.054258588,0.05425284,0.054248472,0.05424952,0.05054995
4158,INPUT_SKIN6_90_5.txt,OUTPUT_S_90_5.txt,1.302447631,19,1.302078305,1.302022059,1.302435592,1.302448632,1.30605582
4159,INPUT_SKIN6_90_5.txt,OUTPUT_SKIN1_90_5.txt,0.524816401,19,0.524898437,0.52483407,0.524881758,0.524836727,0.498601612
4160,INPUT_SKIN6_90_5.txt,OUTPUT_SKIN2_90_5.txt,0.911092004,19,0.910427191,0.910491743,0.910363895,0.910539827,0.945255517
4161,INPUT_SKIN6_90_5.txt,OUTPUT_SKIN3_90_5.txt,0.54610926,19,0.546135314,0.546098251,0.546234164,0.546017745,0.528918996
4162,INPUT_SKIN6_90_5.txt,OUTPUT_SKIN4_90_5.txt,0.24381645,19,0.243858524,0.243853268,0.243839592,0.243835038,0.232787429
4163,INPUT_SKIN6_90_5.txt,OUTPUT_SKIN5_90_5.txt,0.450483865,19,0.450693287,0.450765332,0.450702851,0.450556973,0.44542868
4164,INPUT_SKIN6_90_5.txt,OUTPUT_SKIN6_90_5.txt,-724726,19,-724764,-724725.5,-724777.5,-724767,-805101.5
4165,INPUT_BM1_90_5.txt,OUTPUT_BM1_90_5.txt,-435588.5,20,-435621.5,-435705.5,-435482,-435515.5,-483304.5
4166,INPUT_BM1_90_5.txt,OUTPUT_BM2_90_5.txt,55.26969239,20,55.25852423,55.27002876,55.31657146,55.28802603,56.13419735
4167,INPUT_BM1_90_5.txt,OUTPUT_GUT_90_5.txt,NA,20,NA,NA,NA,NA,NA
4168,INPUT_BM1_90_5.txt,OUTPUT_L_90_5.txt,2.048323286,20,2.048642567,2.048059165,2.048068624,2.048840578,1.982755641
4169,INPUT_BM1_90_5.txt,OUTPUT_LN1_90_5.txt,0.143688177,20,0.143701998,0.143670488,0.143736201,0.143732386,0.140630153
4170,INPUT_BM1_90_5.txt,OUTPUT_LN2_90_5.txt,NA,20,NA,NA,NA,NA,NA
4171,INPUT_BM1_90_5.txt,OUTPUT_LUNG_90_5.txt,0.059768574,20,0.059764063,0.059752489,0.05978398,0.059778646,0.059761933
4172,INPUT_BM1_90_5.txt,OUTPUT_S_90_5.txt,5.768047237,20,5.767989268,5.764952711,5.771044979,5.771174901,5.392621428
4173,INPUT_BM1_90_5.txt,OUTPUT_SKIN1_90_5.txt,0.161455372,20,0.161557433,0.161420737,0.161617655,0.161488245,0.157350694
4174,INPUT_BM1_90_5.txt,OUTPUT_SKIN2_90_5.txt,0.277020765,20,0.276959095,0.276953856,0.2770171,0.277082431,0.273249755
4175,INPUT_BM1_90_5.txt,OUTPUT_SKIN3_90_5.txt,0.192907906,20,0.192735263,0.192858038,0.192932418,0.192895369,0.18640742
4176,INPUT_BM1_90_5.txt,OUTPUT_SKIN4_90_5.txt,0.111664757,20,0.111615726,0.111629441,0.111668469,0.111661952,0.109467845
4177,INPUT_BM1_90_5.txt,OUTPUT_SKIN5_90_5.txt,0.09519593,20,0.095187527,0.095170786,0.095217953,0.095209209,0.090997287
4178,INPUT_BM1_90_5.txt,OUTPUT_SKIN6_90_5.txt,0.119644033,20,0.119657104,0.119639229,0.119705286,0.119684465,0.119971793
4179,INPUT_BM2_90_5.txt,OUTPUT_BM1_90_5.txt,1.254058759,20,1.254350706,1.254581658,1.252978537,1.253493581,1.305974791
4180,INPUT_BM2_90_5.txt,OUTPUT_BM2_90_5.txt,-533566,20,-533523,-533630.5,-533763.5,-533627,-592846.5
4181,INPUT_BM2_90_5.txt,OUTPUT_GUT_90_5.txt,NA,20,NA,NA,NA,NA,NA
4182,INPUT_BM2_90_5.txt,OUTPUT_L_90_5.txt,0.73629748,20,0.736546478,0.736335986,0.73577199,0.736274007,0.739521562
4183,INPUT_BM2_90_5.txt,OUTPUT_LN1_90_5.txt,0.100059477,20,0.100055019,0.100059485,0.100005086,0.100037275,0.105676676
4184,INPUT_BM2_90_5.txt,OUTPUT_LN2_90_5.txt,NA,20,NA,NA,NA,NA,NA
4185,INPUT_BM2_90_5.txt,OUTPUT_LUNG_90_5.txt,0.053022189,20,0.053034038,0.053016392,0.053004169,0.053025567,0.049084752
4186,INPUT_BM2_90_5.txt,OUTPUT_S_90_5.txt,2.662564026,20,2.662946424,2.661488942,2.662357925,2.663294407,2.683965334
4187,INPUT_BM2_90_5.txt,OUTPUT_SKIN1_90_5.txt,0.126301698,20,0.126401589,0.126296738,0.126351377,0.126289497,0.129222693
4188,INPUT_BM2_90_5.txt,OUTPUT_SKIN2_90_5.txt,0.187320493,20,0.187315696,0.187317284,0.18720559,0.187310041,0.187825742
4189,INPUT_BM2_90_5.txt,OUTPUT_SKIN3_90_5.txt,0.185907065,20,0.185779837,0.185886645,0.185908098,0.185943345,0.192117007
4190,INPUT_BM2_90_5.txt,OUTPUT_SKIN4_90_5.txt,0.127830052,20,0.127733158,0.127807035,0.127697131,0.127729235,0.134897829
4191,INPUT_BM2_90_5.txt,OUTPUT_SKIN5_90_5.txt,0.136188312,20,0.136197804,0.136171767,0.136135833,0.136168092,0.140574641
4192,INPUT_BM2_90_5.txt,OUTPUT_SKIN6_90_5.txt,0.084951171,20,0.084975076,0.084961517,0.084943597,0.084957355,0.083837526
4193,INPUT_GUT_90_5.txt,OUTPUT_BM1_90_5.txt,NA,20,NA,NA,NA,NA,NA
4194,INPUT_GUT_90_5.txt,OUTPUT_BM2_90_5.txt,NA,20,NA,NA,NA,NA,NA
4195,INPUT_GUT_90_5.txt,OUTPUT_GUT_90_5.txt,NA,20,NA,NA,NA,NA,NA
4196,INPUT_GUT_90_5.txt,OUTPUT_L_90_5.txt,NA,20,NA,NA,NA,NA,NA
4197,INPUT_GUT_90_5.txt,OUTPUT_LN1_90_5.txt,NA,20,NA,NA,NA,NA,NA
4198,INPUT_GUT_90_5.txt,OUTPUT_LN2_90_5.txt,NA,20,NA,NA,NA,NA,NA
4199,INPUT_GUT_90_5.txt,OUTPUT_LUNG_90_5.txt,NA,20,NA,NA,NA,NA,NA
4200,INPUT_GUT_90_5.txt,OUTPUT_S_90_5.txt,NA,20,NA,NA,NA,NA,NA
4201,INPUT_GUT_90_5.txt,OUTPUT_SKIN1_90_5.txt,NA,20,NA,NA,NA,NA,NA
4202,INPUT_GUT_90_5.txt,OUTPUT_SKIN2_90_5.txt,NA,20,NA,NA,NA,NA,NA
4203,INPUT_GUT_90_5.txt,OUTPUT_SKIN3_90_5.txt,NA,20,NA,NA,NA,NA,NA
4204,INPUT_GUT_90_5.txt,OUTPUT_SKIN4_90_5.txt,NA,20,NA,NA,NA,NA,NA
4205,INPUT_GUT_90_5.txt,OUTPUT_SKIN5_90_5.txt,NA,20,NA,NA,NA,NA,NA
4206,INPUT_GUT_90_5.txt,OUTPUT_SKIN6_90_5.txt,NA,20,NA,NA,NA,NA,NA
4207,INPUT_L_90_5.txt,OUTPUT_BM1_90_5.txt,1.37559066,20,1.375624117,1.376209236,1.375153773,1.375074772,1.311233574
4208,INPUT_L_90_5.txt,OUTPUT_BM2_90_5.txt,0.955934217,20,0.955660187,0.956082737,0.956800817,0.95611253,0.935466925
4209,INPUT_L_90_5.txt,OUTPUT_GUT_90_5.txt,NA,20,NA,NA,NA,NA,NA
4210,INPUT_L_90_5.txt,OUTPUT_L_90_5.txt,-651438,20,-651521,-651494,-651326.5,-651465,-723805
4211,INPUT_L_90_5.txt,OUTPUT_LN1_90_5.txt,0.14601296,20,0.145991118,0.146020483,0.146030909,0.146019717,0.141987157
4212,INPUT_L_90_5.txt,OUTPUT_LN2_90_5.txt,NA,20,NA,NA,NA,NA,NA
4213,INPUT_L_90_5.txt,OUTPUT_LUNG_90_5.txt,0.290572182,20,0.290576771,0.290552849,0.290635046,0.290609917,0.303003008
4214,INPUT_L_90_5.txt,OUTPUT_S_90_5.txt,6.999018397,20,6.99863125,6.996553758,7.002037424,7.00136317,5.911793622
4215,INPUT_L_90_5.txt,OUTPUT_SKIN1_90_5.txt,0.122083999,20,0.122153685,0.122078504,0.122196704,0.122078851,0.14293725
4216,INPUT_L_90_5.txt,OUTPUT_SKIN2_90_5.txt,0.238656367,20,0.238590685,0.238647951,0.238646405,0.238668812,0.263323617
4217,INPUT_L_90_5.txt,OUTPUT_SKIN3_90_5.txt,0.176521544,20,0.176366873,0.176508792,0.176619261,0.176569675,0.202503794
4218,INPUT_L_90_5.txt,OUTPUT_SKIN4_90_5.txt,0.124717785,20,0.124605169,0.124706936,0.124644796,0.124630869,0.138311396
4219,INPUT_L_90_5.txt,OUTPUT_SKIN5_90_5.txt,0.156940475,20,0.156917793,0.15692866,0.156965405,0.156929614,0.191619061
4220,INPUT_L_90_5.txt,OUTPUT_SKIN6_90_5.txt,0.159053731,20,0.159074674,0.159091662,0.159139537,0.159088526,0.159941555
4221,INPUT_LN1_90_5.txt,OUTPUT_BM1_90_5.txt,1.323864682,20,1.32407795,1.324331653,1.32343686,1.323518665,1.416060347
4222,INPUT_LN1_90_5.txt,OUTPUT_BM2_90_5.txt,1.090798701,20,1.090715835,1.090951966,1.091465883,1.090976931,1.248317649
4223,INPUT_LN1_90_5.txt,OUTPUT_GUT_90_5.txt,NA,20,NA,NA,NA,NA,NA
4224,INPUT_LN1_90_5.txt,OUTPUT_L_90_5.txt,1.299803789,20,1.300128396,1.299924483,1.299520863,1.299870177,1.335512244
4225,INPUT_LN1_90_5.txt,OUTPUT_LN1_90_5.txt,-614855,20,-614825,-614882.5,-614830.5,-614862,-683268
4226,INPUT_LN1_90_5.txt,OUTPUT_LN2_90_5.txt,NA,20,NA,NA,NA,NA,NA
4227,INPUT_LN1_90_5.txt,OUTPUT_LUNG_90_5.txt,0.072600983,20,0.072615016,0.072598609,0.072606458,0.072613295,0.068159415
4228,INPUT_LN1_90_5.txt,OUTPUT_S_90_5.txt,2.78581441,20,2.786016619,2.785377236,2.786239157,2.786200784,2.889530418
4229,INPUT_LN1_90_5.txt,OUTPUT_SKIN1_90_5.txt,0.210068248,20,0.210232267,0.210073214,0.210235719,0.210071459,0.201009501
4230,INPUT_LN1_90_5.txt,OUTPUT_SKIN2_90_5.txt,0.339072348,20,0.339027168,0.339069685,0.339007131,0.339089817,0.342573112
4231,INPUT_LN1_90_5.txt,OUTPUT_SKIN3_90_5.txt,0.488951032,20,0.488594947,0.488936272,0.489158549,0.489101952,0.483453316
4232,INPUT_LN1_90_5.txt,OUTPUT_SKIN4_90_5.txt,0.376134921,20,0.375861542,0.376120654,0.375861698,0.375885032,0.404909511
4233,INPUT_LN1_90_5.txt,OUTPUT_SKIN5_90_5.txt,0.215746926,20,0.215753366,0.215739372,0.215751999,0.215738562,0.224685586
4234,INPUT_LN1_90_5.txt,OUTPUT_SKIN6_90_5.txt,0.579485608,20,0.579670075,0.579664355,0.579738583,0.579639302,0.459065336
4235,INPUT_LN2_90_5.txt,OUTPUT_BM1_90_5.txt,NA,20,NA,NA,NA,NA,NA
4236,INPUT_LN2_90_5.txt,OUTPUT_BM2_90_5.txt,NA,20,NA,NA,NA,NA,NA
4237,INPUT_LN2_90_5.txt,OUTPUT_GUT_90_5.txt,NA,20,NA,NA,NA,NA,NA
4238,INPUT_LN2_90_5.txt,OUTPUT_L_90_5.txt,NA,20,NA,NA,NA,NA,NA
4239,INPUT_LN2_90_5.txt,OUTPUT_LN1_90_5.txt,NA,20,NA,NA,NA,NA,NA
4240,INPUT_LN2_90_5.txt,OUTPUT_LN2_90_5.txt,NA,20,NA,NA,NA,NA,NA
4241,INPUT_LN2_90_5.txt,OUTPUT_LUNG_90_5.txt,NA,20,NA,NA,NA,NA,NA
4242,INPUT_LN2_90_5.txt,OUTPUT_S_90_5.txt,NA,20,NA,NA,NA,NA,NA
4243,INPUT_LN2_90_5.txt,OUTPUT_SKIN1_90_5.txt,NA,20,NA,NA,NA,NA,NA
4244,INPUT_LN2_90_5.txt,OUTPUT_SKIN2_90_5.txt,NA,20,NA,NA,NA,NA,NA
4245,INPUT_LN2_90_5.txt,OUTPUT_SKIN3_90_5.txt,NA,20,NA,NA,NA,NA,NA
4246,INPUT_LN2_90_5.txt,OUTPUT_SKIN4_90_5.txt,NA,20,NA,NA,NA,NA,NA
4247,INPUT_LN2_90_5.txt,OUTPUT_SKIN5_90_5.txt,NA,20,NA,NA,NA,NA,NA
4248,INPUT_LN2_90_5.txt,OUTPUT_SKIN6_90_5.txt,NA,20,NA,NA,NA,NA,NA
4249,INPUT_LUNG_90_5.txt,OUTPUT_BM1_90_5.txt,4.557320329,20,4.557343115,4.558598056,4.556040507,4.556062106,4.598841841
4250,INPUT_LUNG_90_5.txt,OUTPUT_BM2_90_5.txt,4.371714495,20,4.37101617,4.372226499,4.373324235,4.371811376,4.439828875
4251,INPUT_LUNG_90_5.txt,OUTPUT_GUT_90_5.txt,NA,20,NA,NA,NA,NA,NA
4252,INPUT_LUNG_90_5.txt,OUTPUT_L_90_5.txt,5.91628343,20,5.916551146,5.916763646,5.915309441,5.915923413,6.185180437
4253,INPUT_LUNG_90_5.txt,OUTPUT_LN1_90_5.txt,1.039422626,20,1.039257099,1.039521385,1.039322483,1.039362888,1.123086933
4254,INPUT_LUNG_90_5.txt,OUTPUT_LN2_90_5.txt,NA,20,NA,NA,NA,NA,NA
4255,INPUT_LUNG_90_5.txt,OUTPUT_LUNG_90_5.txt,-83594.5,20,-83600.5,-83595,-83596,-83602,-92912.5
4256,INPUT_LUNG_90_5.txt,OUTPUT_S_90_5.txt,7.435668756,20,7.43515964,7.435313122,7.43584439,7.435365636,7.557730291
4257,INPUT_LUNG_90_5.txt,OUTPUT_SKIN1_90_5.txt,2.142973131,20,2.144371793,2.143122059,2.144535379,2.14283943,2.28173479
4258,INPUT_LUNG_90_5.txt,OUTPUT_SKIN2_90_5.txt,2.061705395,20,2.061258142,2.061806529,2.061220119,2.061630191,2.469335976
4259,INPUT_LUNG_90_5.txt,OUTPUT_SKIN3_90_5.txt,2.152668581,20,2.151272763,2.152682165,2.153525936,2.153281492,2.214368394
4260,INPUT_LUNG_90_5.txt,OUTPUT_SKIN4_90_5.txt,2.243468487,20,2.241613297,2.243471061,2.241712027,2.241791932,2.221070156
4261,INPUT_LUNG_90_5.txt,OUTPUT_SKIN5_90_5.txt,1.126791726,20,1.126689032,1.126794904,1.126753263,1.126658949,1.09597037
4262,INPUT_LUNG_90_5.txt,OUTPUT_SKIN6_90_5.txt,1.71152334,20,1.711818605,1.712034697,1.712077496,1.711793049,1.686830884
4263,INPUT_S_90_5.txt,OUTPUT_BM1_90_5.txt,59.66336778,20,59.67152301,59.71411759,59.61684074,59.62477612,60.32719912
4264,INPUT_S_90_5.txt,OUTPUT_BM2_90_5.txt,39.07471508,20,39.06672224,39.09164933,39.09889299,39.07664163,41.52776261
4265,INPUT_S_90_5.txt,OUTPUT_GUT_90_5.txt,NA,20,NA,NA,NA,NA,NA
4266,INPUT_S_90_5.txt,OUTPUT_L_90_5.txt,1.216677431,20,1.216933771,1.217042903,1.216060239,1.216539692,1.13698626
4267,INPUT_S_90_5.txt,OUTPUT_LN1_90_5.txt,0.114247142,20,0.114259401,0.11427824,0.114240735,0.114247634,0.124962102
4268,INPUT_S_90_5.txt,OUTPUT_LN2_90_5.txt,NA,20,NA,NA,NA,NA,NA
4269,INPUT_S_90_5.txt,OUTPUT_LUNG_90_5.txt,0.104389556,20,0.104378973,0.104403888,0.104374403,0.104360135,0.111290163
4270,INPUT_S_90_5.txt,OUTPUT_S_90_5.txt,-673876.5,20,-673898,-673780.5,-673974.5,-674007.5,-748865.5
4271,INPUT_S_90_5.txt,OUTPUT_SKIN1_90_5.txt,0.109646768,20,0.109714184,0.109663074,0.109707388,0.109624871,0.10623169
4272,INPUT_S_90_5.txt,OUTPUT_SKIN2_90_5.txt,0.137846047,20,0.137818832,0.137871059,0.137795201,0.137827462,0.129869976
4273,INPUT_S_90_5.txt,OUTPUT_SKIN3_90_5.txt,0.127177085,20,0.127087684,0.12719616,0.127173526,0.12715818,0.134726102
4274,INPUT_S_90_5.txt,OUTPUT_SKIN4_90_5.txt,0.088444351,20,0.088402865,0.088455929,0.088394624,0.088398008,0.091420447
4275,INPUT_S_90_5.txt,OUTPUT_SKIN5_90_5.txt,0.141728801,20,0.1417222,0.141750388,0.14170592,0.141697424,0.148093963
4276,INPUT_S_90_5.txt,OUTPUT_SKIN6_90_5.txt,0.091169327,20,0.091187422,0.091208922,0.091186092,0.091172468,0.088218249
4277,INPUT_SKIN1_90_5.txt,OUTPUT_BM1_90_5.txt,3.515100684,20,3.513922099,3.515320553,3.513465579,3.514835597,3.672263916
4278,INPUT_SKIN1_90_5.txt,OUTPUT_BM2_90_5.txt,4.654458954,20,4.65288385,4.654096179,4.652164682,4.654201523,4.859988861
4279,INPUT_SKIN1_90_5.txt,OUTPUT_GUT_90_5.txt,NA,20,NA,NA,NA,NA,NA
4280,INPUT_SKIN1_90_5.txt,OUTPUT_L_90_5.txt,5.248265968,20,5.246225221,5.248061479,5.246534425,5.248139545,5.56325048
4281,INPUT_SKIN1_90_5.txt,OUTPUT_LN1_90_5.txt,1.758672591,20,1.757849968,1.75870113,1.757782496,1.758606771,1.652648691
4282,INPUT_SKIN1_90_5.txt,OUTPUT_LN2_90_5.txt,NA,20,NA,NA,NA,NA,NA
4283,INPUT_SKIN1_90_5.txt,OUTPUT_LUNG_90_5.txt,1.15166226,20,1.151411905,1.151641538,1.15127567,1.151849785,1.041432626
4284,INPUT_SKIN1_90_5.txt,OUTPUT_S_90_5.txt,3.72096253,20,3.71961895,3.720806509,3.719595516,3.720962024,3.837480932
4285,INPUT_SKIN1_90_5.txt,OUTPUT_SKIN1_90_5.txt,-490245.5,20,-490421,-490261.5,-490427.5,-490251.5,-544201.5
4286,INPUT_SKIN1_90_5.txt,OUTPUT_SKIN2_90_5.txt,0.682512515,20,0.682153224,0.682511484,0.682088203,0.682542724,0.610137785
4287,INPUT_SKIN1_90_5.txt,OUTPUT_SKIN3_90_5.txt,1.387812882,20,1.386223052,1.38778565,1.387823063,1.388233777,1.588868443
4288,INPUT_SKIN1_90_5.txt,OUTPUT_SKIN4_90_5.txt,1.115497646,20,1.114234633,1.115443005,1.114209952,1.114753945,0.89203675
4289,INPUT_SKIN1_90_5.txt,OUTPUT_SKIN5_90_5.txt,0.865048687,20,0.864727342,0.865033305,0.864714102,0.865018189,0.909316484
4290,INPUT_SKIN1_90_5.txt,OUTPUT_SKIN6_90_5.txt,0.436084171,20,0.436044848,0.436203853,0.43607312,0.436196988,0.481585748
4291,INPUT_SKIN2_90_5.txt,OUTPUT_BM1_90_5.txt,14.88153566,20,14.88385122,14.88619979,14.87943492,14.87903943,15.16949018
4292,INPUT_SKIN2_90_5.txt,OUTPUT_BM2_90_5.txt,34.65591293,20,34.6579532,34.65708407,34.65696689,34.65808376,34.6730017
4293,INPUT_SKIN2_90_5.txt,OUTPUT_GUT_90_5.txt,NA,20,NA,NA,NA,NA,NA
4294,INPUT_SKIN2_90_5.txt,OUTPUT_L_90_5.txt,3.866370375,20,3.867581032,3.866919695,3.865665209,3.866584518,3.84044798
4295,INPUT_SKIN2_90_5.txt,OUTPUT_LN1_90_5.txt,0.627112593,20,0.627108799,0.627155649,0.627140489,0.627110626,0.564538131
4296,INPUT_SKIN2_90_5.txt,OUTPUT_LN2_90_5.txt,NA,20,NA,NA,NA,NA,NA
4297,INPUT_SKIN2_90_5.txt,OUTPUT_LUNG_90_5.txt,0.038001258,20,0.038010066,0.038000947,0.038007199,0.038007022,0.034044215
4298,INPUT_SKIN2_90_5.txt,OUTPUT_S_90_5.txt,6.67128121,20,6.672110157,6.669823136,6.673580123,6.673252077,6.152668979
4299,INPUT_SKIN2_90_5.txt,OUTPUT_SKIN1_90_5.txt,0.379192016,20,0.379481495,0.379194887,0.379518148,0.379176044,0.342548704
4300,INPUT_SKIN2_90_5.txt,OUTPUT_SKIN2_90_5.txt,-687876,20,-687816.5,-687890,-687793.5,-687896.5,-764417.5
4301,INPUT_SKIN2_90_5.txt,OUTPUT_SKIN3_90_5.txt,0.553397,20,0.553017159,0.553393116,0.553668902,0.553550024,0.598539326
4302,INPUT_SKIN2_90_5.txt,OUTPUT_SKIN4_90_5.txt,1.745372213,20,1.744243023,1.745348336,1.744322886,1.744237914,1.57185761
4303,INPUT_SKIN2_90_5.txt,OUTPUT_SKIN5_90_5.txt,0.938350153,20,0.938419066,0.938344397,0.938447515,0.938300054,1.215181492
4304,INPUT_SKIN2_90_5.txt,OUTPUT_SKIN6_90_5.txt,1.107053181,20,1.107431817,1.107366848,1.107578732,1.107316539,0.99485493
4305,INPUT_SKIN3_90_5.txt,OUTPUT_BM1_90_5.txt,4.231139691,20,4.233285021,4.232278075,4.229404731,4.229847391,4.111389746
4306,INPUT_SKIN3_90_5.txt,OUTPUT_BM2_90_5.txt,2.367327579,20,2.368041149,2.367740731,2.368147162,2.367374331,2.290176473
4307,INPUT_SKIN3_90_5.txt,OUTPUT_GUT_90_5.txt,NA,20,NA,NA,NA,NA,NA
4308,INPUT_SKIN3_90_5.txt,OUTPUT_L_90_5.txt,10.07764923,20,10.08253364,10.07808897,10.07691135,10.07649522,10.18644394
4309,INPUT_SKIN3_90_5.txt,OUTPUT_LN1_90_5.txt,0.501264648,20,0.501413144,0.501301888,0.501126107,0.501195252,0.50863776
4310,INPUT_SKIN3_90_5.txt,OUTPUT_LN2_90_5.txt,NA,20,NA,NA,NA,NA,NA
4311,INPUT_SKIN3_90_5.txt,OUTPUT_LUNG_90_5.txt,0.176110319,20,0.176204732,0.176111219,0.17608395,0.176115473,0.160281592
4312,INPUT_SKIN3_90_5.txt,OUTPUT_S_90_5.txt,5.132053435,20,5.134432072,5.131746066,5.131794457,5.132085608,5.364563883
4313,INPUT_SKIN3_90_5.txt,OUTPUT_SKIN1_90_5.txt,0.698532286,20,0.699306804,0.698573481,0.69891587,0.698442358,0.680841427
4314,INPUT_SKIN3_90_5.txt,OUTPUT_SKIN2_90_5.txt,0.708775715,20,0.70893887,0.708764987,0.708434856,0.708693009,0.763693357
4315,INPUT_SKIN3_90_5.txt,OUTPUT_SKIN3_90_5.txt,-585353.5,20,-585125,-585357.5,-585464.5,-585444,-650480
4316,INPUT_SKIN3_90_5.txt,OUTPUT_SKIN4_90_5.txt,0.561494483,20,0.561257913,0.561491312,0.560961155,0.561047185,0.593603365
4317,INPUT_SKIN3_90_5.txt,OUTPUT_SKIN5_90_5.txt,0.260692368,20,0.26079062,0.26069341,0.260639495,0.260646445,0.236748084
4318,INPUT_SKIN3_90_5.txt,OUTPUT_SKIN6_90_5.txt,1.0284717,20,1.029157334,1.028764469,1.028621901,1.028594794,0.957671935
4319,INPUT_SKIN4_90_5.txt,OUTPUT_BM1_90_5.txt,4.234734705,20,4.236477227,4.235020864,4.236028992,4.235759771,4.175567753
4320,INPUT_SKIN4_90_5.txt,OUTPUT_BM2_90_5.txt,5.386443419,20,5.388608125,5.386084723,5.388022247,5.387786631,5.380385056
4321,INPUT_SKIN4_90_5.txt,OUTPUT_GUT_90_5.txt,NA,20,NA,NA,NA,NA,NA
4322,INPUT_SKIN4_90_5.txt,OUTPUT_L_90_5.txt,4.262218494,20,4.264204415,4.262392631,4.263615948,4.263609739,4.728348133
4323,INPUT_SKIN4_90_5.txt,OUTPUT_LN1_90_5.txt,3.236961862,20,3.237879702,3.237244412,3.237916351,3.238088808,4.233688041
4324,INPUT_SKIN4_90_5.txt,OUTPUT_LN2_90_5.txt,NA,20,NA,NA,NA,NA,NA
4325,INPUT_SKIN4_90_5.txt,OUTPUT_LUNG_90_5.txt,0.038635753,20,0.03865622,0.038636082,0.038651774,0.038655413,0.034607218
4326,INPUT_SKIN4_90_5.txt,OUTPUT_S_90_5.txt,3.169710309,20,3.170980948,3.169373386,3.171206591,3.171034119,3.395193517
4327,INPUT_SKIN4_90_5.txt,OUTPUT_SKIN1_90_5.txt,0.404984623,20,0.405431111,0.405007433,0.405442183,0.405125045,0.392599742
4328,INPUT_SKIN4_90_5.txt,OUTPUT_SKIN2_90_5.txt,1.027871723,20,1.028406593,1.02821914,1.028017549,1.028268463,0.967722435
4329,INPUT_SKIN4_90_5.txt,OUTPUT_SKIN3_90_5.txt,0.86431511,20,0.863972259,0.864323434,0.864975768,0.864871553,0.797710128
4330,INPUT_SKIN4_90_5.txt,OUTPUT_SKIN4_90_5.txt,-690429,20,-690163.5,-690431.5,-690167.5,-690203,-767218
4331,INPUT_SKIN4_90_5.txt,OUTPUT_SKIN5_90_5.txt,0.795595763,20,0.795886451,0.795603454,0.795880252,0.795833551,0.714595204
4332,INPUT_SKIN4_90_5.txt,OUTPUT_SKIN6_90_5.txt,0.360139769,20,0.360375328,0.360263525,0.360416029,0.360355286,0.444917213
4333,INPUT_SKIN5_90_5.txt,OUTPUT_BM1_90_5.txt,2.46097249,20,2.459640116,2.460159015,2.460589833,2.459359009,2.482979871
4334,INPUT_SKIN5_90_5.txt,OUTPUT_BM2_90_5.txt,2.307123034,20,2.305909739,2.30642294,2.30629514,2.305299468,2.324689343
4335,INPUT_SKIN5_90_5.txt,OUTPUT_GUT_90_5.txt,NA,20,NA,NA,NA,NA,NA
4336,INPUT_SKIN5_90_5.txt,OUTPUT_L_90_5.txt,2.868137474,20,2.866556652,2.867391439,2.867775585,2.866091083,2.886064123
4337,INPUT_SKIN5_90_5.txt,OUTPUT_LN1_90_5.txt,0.709070645,20,0.709004076,0.709128966,0.709017849,0.709092151,0.646057474
4338,INPUT_SKIN5_90_5.txt,OUTPUT_LN2_90_5.txt,NA,20,NA,NA,NA,NA,NA
4339,INPUT_SKIN5_90_5.txt,OUTPUT_LUNG_90_5.txt,0.463392706,20,0.463461663,0.463394759,0.463412565,0.46348012,0.456313976
4340,INPUT_SKIN5_90_5.txt,OUTPUT_S_90_5.txt,2.045016623,20,2.043920051,2.044542235,2.044491289,2.043483232,2.065721665
4341,INPUT_SKIN5_90_5.txt,OUTPUT_SKIN1_90_5.txt,0.860881827,20,0.861460783,0.86088714,0.861530696,0.860866141,0.857518225
4342,INPUT_SKIN5_90_5.txt,OUTPUT_SKIN2_90_5.txt,1.039734856,20,1.039546674,1.039754769,1.039489777,1.03975372,1.089680965
4343,INPUT_SKIN5_90_5.txt,OUTPUT_SKIN3_90_5.txt,2.118680965,20,2.117087854,2.118689022,2.11951833,2.119377188,2.228682993
4344,INPUT_SKIN5_90_5.txt,OUTPUT_SKIN4_90_5.txt,0.97240893,20,0.971656724,0.972409152,0.971671164,0.971773952,0.888596137
4345,INPUT_SKIN5_90_5.txt,OUTPUT_SKIN5_90_5.txt,-450570,20,-450567,-450573,-450566.5,-450565,-500720.5
4346,INPUT_SKIN5_90_5.txt,OUTPUT_SKIN6_90_5.txt,0.882789836,20,0.883031029,0.883027865,0.883076241,0.883036022,0.805284507
4347,INPUT_SKIN6_90_5.txt,OUTPUT_BM1_90_5.txt,3.567936442,20,3.56754216,3.56764018,3.566909242,3.567218451,3.582010453
4348,INPUT_SKIN6_90_5.txt,OUTPUT_BM2_90_5.txt,4.679289441,20,4.678754233,4.678257628,4.677848391,4.678452568,4.754681702
4349,INPUT_SKIN6_90_5.txt,OUTPUT_GUT_90_5.txt,NA,20,NA,NA,NA,NA,NA
4350,INPUT_SKIN6_90_5.txt,OUTPUT_L_90_5.txt,4.680064894,20,4.679521997,4.679337876,4.679192434,4.679406891,4.654611261
4351,INPUT_SKIN6_90_5.txt,OUTPUT_LN1_90_5.txt,1.139115951,20,1.138851198,1.139022531,1.138803932,1.13898847,1.97304476
4352,INPUT_SKIN6_90_5.txt,OUTPUT_LN2_90_5.txt,NA,20,NA,NA,NA,NA,NA
4353,INPUT_SKIN6_90_5.txt,OUTPUT_LUNG_90_5.txt,0.295549398,20,0.295552575,0.295501539,0.295502656,0.295563125,0.309210006
4354,INPUT_SKIN6_90_5.txt,OUTPUT_S_90_5.txt,3.30566216,20,3.305242107,3.304934651,3.305154853,3.305403043,3.417418752
4355,INPUT_SKIN6_90_5.txt,OUTPUT_SKIN1_90_5.txt,0.537510268,20,0.537768302,0.537397578,0.537805134,0.537396222,0.564972832
4356,INPUT_SKIN6_90_5.txt,OUTPUT_SKIN2_90_5.txt,0.952743477,20,0.952452353,0.952611423,0.952338616,0.952672926,0.921843051
4357,INPUT_SKIN6_90_5.txt,OUTPUT_SKIN3_90_5.txt,0.559206638,20,0.558694746,0.559117954,0.55931327,0.559306872,0.783202639
4358,INPUT_SKIN6_90_5.txt,OUTPUT_SKIN4_90_5.txt,0.629272408,20,0.628699172,0.629167812,0.628669988,0.628772345,0.875380086
4359,INPUT_SKIN6_90_5.txt,OUTPUT_SKIN5_90_5.txt,0.438351633,20,0.438286679,0.438281243,0.438259448,0.438282414,0.436765386
4360,INPUT_SKIN6_90_5.txt,OUTPUT_SKIN6_90_5.txt,-711644,20,-711739.5,-711767.5,-711782,-711740,-790259.5
4361,INPUT_BM1_90_5.txt,OUTPUT_BM1_90_5.txt,-473302.5,21,-473239.5,-473321.5,-473288,-473314.5,-525914.5
4362,INPUT_BM1_90_5.txt,OUTPUT_BM2_90_5.txt,4.121279926,21,4.121355093,4.120599614,4.12218102,4.120604858,3.925242124
4363,INPUT_BM1_90_5.txt,OUTPUT_GUT_90_5.txt,0.006988702,21,0.006989633,0.006988422,0.006988916,0.006988525,0.008630395
4364,INPUT_BM1_90_5.txt,OUTPUT_L_90_5.txt,0.930672322,21,0.930985894,0.930588974,0.930534584,0.930458456,0.960831314
4365,INPUT_BM1_90_5.txt,OUTPUT_LN1_90_5.txt,0.389975939,21,0.389990257,0.389966351,0.390029462,0.390031303,0.371700083
4366,INPUT_BM1_90_5.txt,OUTPUT_LN2_90_5.txt,0.65299143,21,0.653079212,0.65296496,0.653011633,0.652974709,0.521713691
4367,INPUT_BM1_90_5.txt,OUTPUT_LUNG_90_5.txt,0.337006351,21,0.337069907,0.336843562,0.336897208,0.336839467,0.315113202
4368,INPUT_BM1_90_5.txt,OUTPUT_S_90_5.txt,NA,21,NA,NA,NA,NA,NA
4369,INPUT_BM1_90_5.txt,OUTPUT_SKIN1_90_5.txt,1.145076034,21,1.145096912,1.144808245,1.144774753,1.145020535,1.240059079
4370,INPUT_BM1_90_5.txt,OUTPUT_SKIN10_90_5.txt,0.86254517,21,0.862385734,0.862327397,0.862154932,0.86206926,0.838300396
4371,INPUT_BM1_90_5.txt,OUTPUT_SKIN11_90_5.txt,0.642030026,21,0.642089704,0.642021258,0.641939791,0.642045865,0.63277401
4372,INPUT_BM1_90_5.txt,OUTPUT_SKIN12_90_5.txt,0.477390572,21,0.477399236,0.477280869,0.477386302,0.477231738,0.373657508
4373,INPUT_BM1_90_5.txt,OUTPUT_SKIN2_90_5.txt,1.176219482,21,1.176047991,1.176066736,1.176065037,1.175981444,0.608079168
4374,INPUT_BM1_90_5.txt,OUTPUT_SKIN3_90_5.txt,1.824513355,21,1.937978351,1.964531814,1.928081451,1.854761535,1.759983741
4375,INPUT_BM1_90_5.txt,OUTPUT_SKIN4_90_5.txt,1.507159767,21,1.508066022,1.507093043,1.507206243,1.507827379,1.581195139
4376,INPUT_BM1_90_5.txt,OUTPUT_SKIN5_90_5.txt,1.815887955,21,1.816139287,1.815589772,1.815928875,1.815614494,1.835611413
4377,INPUT_BM1_90_5.txt,OUTPUT_SKIN6_90_5.txt,0.582940757,21,0.582906497,0.582962522,0.582973117,0.582754239,0.542734292
4378,INPUT_BM1_90_5.txt,OUTPUT_SKIN7_90_5.txt,1.441379156,21,1.440254958,1.440832092,1.441094802,1.441315845,1.013912734
4379,INPUT_BM1_90_5.txt,OUTPUT_SKIN8_90_5.txt,0.980079293,21,0.980120859,0.97991021,0.980041172,0.980054537,0.94972297
4380,INPUT_BM1_90_5.txt,OUTPUT_SKIN9_90_5.txt,0.315833951,21,0.315848086,0.315841301,0.315942173,0.315889365,0.545613104
4381,INPUT_BM2_90_5.txt,OUTPUT_BM1_90_5.txt,446.5804592,21,446.4914865,446.5288924,446.4901406,446.4978284,442.1937804
4382,INPUT_BM2_90_5.txt,OUTPUT_BM2_90_5.txt,-792066,21,-792021,-792018,-792140,-792013,-879072.5
4383,INPUT_BM2_90_5.txt,OUTPUT_GUT_90_5.txt,2.460153212,21,2.460296433,2.460305974,2.4599184,2.460321953,2.462938772
4384,INPUT_BM2_90_5.txt,OUTPUT_L_90_5.txt,6.140933182,21,6.140941707,6.141431906,6.140834004,6.141907551,6.161136736
4385,INPUT_BM2_90_5.txt,OUTPUT_LN1_90_5.txt,13.79454072,21,13.7958795,13.79582725,13.79389235,13.79627692,13.78364538
4386,INPUT_BM2_90_5.txt,OUTPUT_LN2_90_5.txt,0.123154593,21,0.123161626,0.123162081,0.123143118,0.123162883,0.1107902
4387,INPUT_BM2_90_5.txt,OUTPUT_LUNG_90_5.txt,5.064786803,21,5.065151047,5.065764449,5.065038841,5.065386234,5.113103119
4388,INPUT_BM2_90_5.txt,OUTPUT_S_90_5.txt,NA,21,NA,NA,NA,NA,NA
4389,INPUT_BM2_90_5.txt,OUTPUT_SKIN1_90_5.txt,0.12194318,21,0.121936758,0.121927366,0.121896896,0.121948522,0.109569952
4390,INPUT_BM2_90_5.txt,OUTPUT_SKIN10_90_5.txt,242.2677407,21,242.1947967,242.2214325,242.1412028,242.121276,242.7167464
4391,INPUT_BM2_90_5.txt,OUTPUT_SKIN11_90_5.txt,178.4143828,21,178.4276017,178.4505003,178.3800202,178.4670048,179.3790059
4392,INPUT_BM2_90_5.txt,OUTPUT_SKIN12_90_5.txt,82.6407584,21,82.63126043,82.62804595,82.62365027,82.61426547,82.84630529
4393,INPUT_BM2_90_5.txt,OUTPUT_SKIN2_90_5.txt,204.8681595,21,204.819087,204.8386151,204.7974386,204.8214599,204.9110098
4394,INPUT_BM2_90_5.txt,OUTPUT_SKIN3_90_5.txt,457.562266,21,459.2003374,459.6360808,459.3404025,457.9181494,435.4730768
4395,INPUT_BM2_90_5.txt,OUTPUT_SKIN4_90_5.txt,122.4152046,21,122.4708461,122.4302956,122.4220784,122.4773273,122.3127731
4396,INPUT_BM2_90_5.txt,OUTPUT_SKIN5_90_5.txt,178.0064844,21,178.0082621,178.0184818,178.0235167,178.0161188,181.9357798
4397,INPUT_BM2_90_5.txt,OUTPUT_SKIN6_90_5.txt,9.350265312,21,9.349019649,9.351627894,9.349637451,9.348185203,8.513146622
4398,INPUT_BM2_90_5.txt,OUTPUT_SKIN7_90_5.txt,8.528699163,21,8.521134082,8.52622157,8.525775337,8.52890456,7.776406748
4399,INPUT_BM2_90_5.txt,OUTPUT_SKIN8_90_5.txt,123.9268857,21,123.9256759,123.915559,123.9025748,123.9342796,123.2695871
4400,INPUT_BM2_90_5.txt,OUTPUT_SKIN9_90_5.txt,81.19751883,21,81.19452631,81.20561589,81.20336531,81.21132333,80.03983534
4401,INPUT_GUT_90_5.txt,OUTPUT_BM1_90_5.txt,0.544518602,21,0.544365719,0.544562842,0.54448541,0.544547216,0.535589924
4402,INPUT_GUT_90_5.txt,OUTPUT_BM2_90_5.txt,0.667384272,21,0.667509707,0.667390615,0.667484611,0.667503276,0.654969673
4403,INPUT_GUT_90_5.txt,OUTPUT_GUT_90_5.txt,-62925.5,21,-62925.5,-62925.5,-62925.5,-62925.5,-69937.5
4404,INPUT_GUT_90_5.txt,OUTPUT_L_90_5.txt,0.361418476,21,0.361465788,0.361407017,0.361376701,0.361370785,0.341878485
4405,INPUT_GUT_90_5.txt,OUTPUT_LN1_90_5.txt,0.05495504,21,0.054949636,0.054955919,0.054960946,0.054964339,0.05021184
4406,INPUT_GUT_90_5.txt,OUTPUT_LN2_90_5.txt,0.47715396,21,0.47715396,0.47715396,0.47715396,0.47715396,0.49206445
4407,INPUT_GUT_90_5.txt,OUTPUT_LUNG_90_5.txt,0.405088763,21,0.405104966,0.405029766,0.405047304,0.405011179,0.395364738
4408,INPUT_GUT_90_5.txt,OUTPUT_S_90_5.txt,NA,21,NA,NA,NA,NA,NA
4409,INPUT_GUT_90_5.txt,OUTPUT_SKIN1_90_5.txt,0.629840843,21,0.629772901,0.629721237,0.629660538,0.629830219,0.647730412
4410,INPUT_GUT_90_5.txt,OUTPUT_SKIN10_90_5.txt,0.543447727,21,0.54322976,0.54328359,0.543095949,0.54318115,0.51730075
4411,INPUT_GUT_90_5.txt,OUTPUT_SKIN11_90_5.txt,0.391028897,21,0.391017066,0.391049748,0.390963383,0.391054396,0.366375738
4412,INPUT_GUT_90_5.txt,OUTPUT_SKIN12_90_5.txt,0.322821101,21,0.322794681,0.32277582,0.322821054,0.322743307,0.302506477
4413,INPUT_GUT_90_5.txt,OUTPUT_SKIN2_90_5.txt,0.262220175,21,0.262188303,0.262197599,0.2622158,0.262215366,0.242873482
4414,INPUT_GUT_90_5.txt,OUTPUT_SKIN3_90_5.txt,0.766735907,21,0.774050712,0.775762359,0.77376611,0.768674677,0.741671632
4415,INPUT_GUT_90_5.txt,OUTPUT_SKIN4_90_5.txt,0.531466301,21,0.531679027,0.531468507,0.531464561,0.5316801,0.51892282
4416,INPUT_GUT_90_5.txt,OUTPUT_SKIN5_90_5.txt,0.471220619,21,0.471189799,0.471135571,0.471223088,0.471149853,0.462457162
4417,INPUT_GUT_90_5.txt,OUTPUT_SKIN6_90_5.txt,0.597376687,21,0.597262264,0.597459367,0.597444246,0.597303697,0.572791582
4418,INPUT_GUT_90_5.txt,OUTPUT_SKIN7_90_5.txt,0.268789416,21,0.268584841,0.268694684,0.268725035,0.268791917,0.260137898
4419,INPUT_GUT_90_5.txt,OUTPUT_SKIN8_90_5.txt,0.552448831,21,0.552440267,0.552413258,0.55243836,0.552452372,0.537614003
4420,INPUT_GUT_90_5.txt,OUTPUT_SKIN9_90_5.txt,0.529980615,21,0.529944283,0.530024694,0.53012277,0.530072456,0.507927459
4421,INPUT_L_90_5.txt,OUTPUT_BM1_90_5.txt,0.195535631,21,0.19545613,0.195557405,0.195547839,0.195573378,0.194773735
4422,INPUT_L_90_5.txt,OUTPUT_BM2_90_5.txt,0.23531604,21,0.235176279,0.235230545,0.235251411,0.235194029,0.237457342
4423,INPUT_L_90_5.txt,OUTPUT_GUT_90_5.txt,0.009980922,21,0.009979539,0.009981257,0.009982143,0.009982316,0.009470886
4424,INPUT_L_90_5.txt,OUTPUT_L_90_5.txt,-461965.5,21,-462029.5,-461950,-461909,-461901,-513150.5
4425,INPUT_L_90_5.txt,OUTPUT_LN1_90_5.txt,0.080817646,21,0.080798221,0.0808217,0.080836526,0.080843084,0.080170931
4426,INPUT_L_90_5.txt,OUTPUT_LN2_90_5.txt,0.172588463,21,0.172564468,0.172594275,0.172609651,0.172612652,0.168528404
4427,INPUT_L_90_5.txt,OUTPUT_LUNG_90_5.txt,0.240328418,21,0.240318767,0.240213747,0.240258203,0.240245579,0.301720282
4428,INPUT_L_90_5.txt,OUTPUT_S_90_5.txt,NA,21,NA,NA,NA,NA,NA
4429,INPUT_L_90_5.txt,OUTPUT_SKIN1_90_5.txt,0.186462964,21,0.186422564,0.186436142,0.186433787,0.186500035,0.183621832
4430,INPUT_L_90_5.txt,OUTPUT_SKIN10_90_5.txt,0.231006705,21,0.230915062,0.231008542,0.23094111,0.230887225,0.197509447
4431,INPUT_L_90_5.txt,OUTPUT_SKIN11_90_5.txt,0.148869527,21,0.148850741,0.148882921,0.148876074,0.148902614,0.131882977
4432,INPUT_L_90_5.txt,OUTPUT_SKIN12_90_5.txt,0.137797772,21,0.137762707,0.137776461,0.137809209,0.137774947,0.109713303
4433,INPUT_L_90_5.txt,OUTPUT_SKIN2_90_5.txt,0.176247059,21,0.176197085,0.176238093,0.176262364,0.176263937,0.175651194
4434,INPUT_L_90_5.txt,OUTPUT_SKIN3_90_5.txt,0.223207994,21,0.226391553,0.227108275,0.226034447,0.224189409,0.219235902
4435,INPUT_L_90_5.txt,OUTPUT_SKIN4_90_5.txt,0.168126755,21,0.168066792,0.168135171,0.168146621,0.168111079,0.165055941
4436,INPUT_L_90_5.txt,OUTPUT_SKIN5_90_5.txt,0.179707631,21,0.179682953,0.179739903,0.179739055,0.179764976,0.180877431
4437,INPUT_L_90_5.txt,OUTPUT_SKIN6_90_5.txt,0.125400776,21,0.125386365,0.125418918,0.12541937,0.125412286,0.124372179
4438,INPUT_L_90_5.txt,OUTPUT_SKIN7_90_5.txt,0.189197421,21,0.189174298,0.189203135,0.189215156,0.189222617,0.193620004
4439,INPUT_L_90_5.txt,OUTPUT_SKIN8_90_5.txt,0.183774772,21,0.183720019,0.18376158,0.183793103,0.183800183,0.184073415
4440,INPUT_L_90_5.txt,OUTPUT_SKIN9_90_5.txt,0.130553153,21,0.13052589,0.130567066,0.130600995,0.130592432,0.124634085
4441,INPUT_LN1_90_5.txt,OUTPUT_BM1_90_5.txt,0.502979909,21,0.502867577,0.503008992,0.50292199,0.502961198,0.509851292
4442,INPUT_LN1_90_5.txt,OUTPUT_BM2_90_5.txt,0.586723963,21,0.586693722,0.586642138,0.586807563,0.586601334,0.601130281
4443,INPUT_LN1_90_5.txt,OUTPUT_GUT_90_5.txt,0.003231436,21,0.0032316,0.003231409,0.003231257,0.003231154,0.004049058
4444,INPUT_LN1_90_5.txt,OUTPUT_L_90_5.txt,0.280343846,21,0.280434642,0.280322956,0.280260805,0.280242519,0.308167493
4445,INPUT_LN1_90_5.txt,OUTPUT_LN1_90_5.txt,-423988.5,21,-423967,-423992,-424012,-424025.5,-471166
4446,INPUT_LN1_90_5.txt,OUTPUT_LN2_90_5.txt,0.132955888,21,0.132962615,0.132954793,0.132948537,0.132944314,0.127051528
4447,INPUT_LN1_90_5.txt,OUTPUT_LUNG_90_5.txt,0.276382544,21,0.276420721,0.276243249,0.276257238,0.276224125,0.272653366
4448,INPUT_LN1_90_5.txt,OUTPUT_S_90_5.txt,NA,21,NA,NA,NA,NA,NA
4449,INPUT_LN1_90_5.txt,OUTPUT_SKIN1_90_5.txt,0.066023366,21,0.066019533,0.066010353,0.066000827,0.066016065,0.06393508
4450,INPUT_LN1_90_5.txt,OUTPUT_SKIN10_90_5.txt,0.50175635,21,0.5016297,0.501649812,0.501496991,0.501457685,0.56934899
4451,INPUT_LN1_90_5.txt,OUTPUT_SKIN11_90_5.txt,0.371365177,21,0.371372844,0.371378928,0.371282685,0.371351009,0.256859139
4452,INPUT_LN1_90_5.txt,OUTPUT_SKIN12_90_5.txt,0.149435113,21,0.149429317,0.149404081,0.149424748,0.149378769,0.150777836
4453,INPUT_LN1_90_5.txt,OUTPUT_SKIN2_90_5.txt,0.289702181,21,0.28967697,0.289674715,0.289677891,0.289665989,0.344465226
4454,INPUT_LN1_90_5.txt,OUTPUT_SKIN3_90_5.txt,0.462214816,21,0.476630217,0.479714572,0.47550494,0.465986894,0.463515869
4455,INPUT_LN1_90_5.txt,OUTPUT_SKIN4_90_5.txt,0.380186446,21,0.380380239,0.380187971,0.380162473,0.380327473,0.403040288
4456,INPUT_LN1_90_5.txt,OUTPUT_SKIN5_90_5.txt,0.548659984,21,0.548670456,0.548594671,0.548675,0.548601891,0.522427624
4457,INPUT_LN1_90_5.txt,OUTPUT_SKIN6_90_5.txt,0.30214006,21,0.302094511,0.302168143,0.302130293,0.302029338,0.343181674
4458,INPUT_LN1_90_5.txt,OUTPUT_SKIN7_90_5.txt,0.245422483,21,0.245210227,0.245337529,0.245350368,0.245390633,0.260679536
4459,INPUT_LN1_90_5.txt,OUTPUT_SKIN8_90_5.txt,0.263132656,21,0.263123825,0.263096943,0.263102499,0.26311,0.248563586
4460,INPUT_LN1_90_5.txt,OUTPUT_SKIN9_90_5.txt,0.225476695,21,0.225466694,0.225489503,0.225532183,0.225501607,0.21974237
4461,INPUT_LN2_90_5.txt,OUTPUT_BM1_90_5.txt,1.539291372,21,1.538874414,1.539404397,1.539202712,1.539367803,1.54176778
4462,INPUT_LN2_90_5.txt,OUTPUT_BM2_90_5.txt,1.643847923,21,1.643693303,1.643653453,1.644183956,1.643656723,1.44877269
4463,INPUT_LN2_90_5.txt,OUTPUT_GUT_90_5.txt,0.016369097,21,0.016369097,0.016369097,0.016369097,0.016369097,0.016869291
4464,INPUT_LN2_90_5.txt,OUTPUT_L_90_5.txt,0.592927587,21,0.593090077,0.592888238,0.592784157,0.59276385,0.564595178
4465,INPUT_LN2_90_5.txt,OUTPUT_LN1_90_5.txt,0.141681307,21,0.141666927,0.141683648,0.141697026,0.141706056,0.152940016
4466,INPUT_LN2_90_5.txt,OUTPUT_LN2_90_5.txt,-208060.5,21,-208060.5,-208060.5,-208060.5,-208060.5,-231237.5
4467,INPUT_LN2_90_5.txt,OUTPUT_LUNG_90_5.txt,1.680958902,21,1.681223457,1.680152229,1.680311047,1.680275421,1.605620156
4468,INPUT_LN2_90_5.txt,OUTPUT_S_90_5.txt,NA,21,NA,NA,NA,NA,NA
4469,INPUT_LN2_90_5.txt,OUTPUT_SKIN1_90_5.txt,0.776889813,21,0.776808264,0.776748972,0.77665452,0.776871419,0.740101079
4470,INPUT_LN2_90_5.txt,OUTPUT_SKIN10_90_5.txt,1.305307978,21,1.304919803,1.305048344,1.304717699,1.304657116,1.301707406
4471,INPUT_LN2_90_5.txt,OUTPUT_SKIN11_90_5.txt,0.982771025,21,0.982760722,0.982844224,0.982631607,0.98284074,0.966336972
4472,INPUT_LN2_90_5.txt,OUTPUT_SKIN12_90_5.txt,0.339552793,21,0.33951388,0.339489095,0.339539212,0.339449481,0.323132496
4473,INPUT_LN2_90_5.txt,OUTPUT_SKIN2_90_5.txt,0.785630824,21,0.785519915,0.785563709,0.785600941,0.785600254,0.819722762
4474,INPUT_LN2_90_5.txt,OUTPUT_SKIN3_90_5.txt,1.784434527,21,1.784920189,1.783123809,1.781902055,1.785299643,1.151819716
4475,INPUT_LN2_90_5.txt,OUTPUT_SKIN4_90_5.txt,1.369239538,21,1.369872813,1.3692083,1.369219226,1.369857704,1.313405537
4476,INPUT_LN2_90_5.txt,OUTPUT_SKIN5_90_5.txt,1.641163994,21,1.641061029,1.640998205,1.641400249,1.641245587,1.602781833
4477,INPUT_LN2_90_5.txt,OUTPUT_SKIN6_90_5.txt,0.552475776,21,0.552365745,0.55252923,0.552488981,0.552321924,0.571470322
4478,INPUT_LN2_90_5.txt,OUTPUT_SKIN7_90_5.txt,0.562375284,21,0.56187439,0.562177342,0.562239697,0.5623696,0.543580265
4479,INPUT_LN2_90_5.txt,OUTPUT_SKIN8_90_5.txt,0.770284182,21,0.7702322,0.770185693,0.770254548,0.770289554,0.67395353
4480,INPUT_LN2_90_5.txt,OUTPUT_SKIN9_90_5.txt,0.523509511,21,0.523458578,0.523542205,0.523663953,0.523612577,0.519717084
4481,INPUT_LUNG_90_5.txt,OUTPUT_BM1_90_5.txt,0.273371535,21,0.273291347,0.273480607,0.27342864,0.273458757,0.26179021
4482,INPUT_LUNG_90_5.txt,OUTPUT_BM2_90_5.txt,0.296262012,21,0.296315707,0.29636174,0.296392401,0.29640444,0.299070983
4483,INPUT_LUNG_90_5.txt,OUTPUT_GUT_90_5.txt,0.008900651,21,0.008900381,0.008902887,0.008902455,0.008902976,0.009246545
4484,INPUT_LUNG_90_5.txt,OUTPUT_L_90_5.txt,0.264677429,21,0.264742743,0.264726075,0.264666213,0.264672624,0.280266796
4485,INPUT_LUNG_90_5.txt,OUTPUT_LN1_90_5.txt,0.057140692,21,0.057133212,0.057157244,0.057159975,0.05716565,0.063502142
4486,INPUT_LUNG_90_5.txt,OUTPUT_LN2_90_5.txt,0.135112131,21,0.135108199,0.135149996,0.135143769,0.135147604,0.145946589
4487,INPUT_LUNG_90_5.txt,OUTPUT_LUNG_90_5.txt,-494121,21,-494136,-493997,-494021,-493992,-549162.5
4488,INPUT_LUNG_90_5.txt,OUTPUT_S_90_5.txt,NA,21,NA,NA,NA,NA,NA
4489,INPUT_LUNG_90_5.txt,OUTPUT_SKIN1_90_5.txt,0.26970039,21,0.269663235,0.269743777,0.269705816,0.269766765,0.290946899
4490,INPUT_LUNG_90_5.txt,OUTPUT_SKIN10_90_5.txt,0.208507733,21,0.208422833,0.208517565,0.208427336,0.208447221,0.20798034
4491,INPUT_LUNG_90_5.txt,OUTPUT_SKIN11_90_5.txt,0.172331402,21,0.17232088,0.172392592,0.172344192,0.172389074,0.162061754
4492,INPUT_LUNG_90_5.txt,OUTPUT_SKIN12_90_5.txt,0.133308599,21,0.133290783,0.133326802,0.133334886,0.133309615,0.134823096
4493,INPUT_LUNG_90_5.txt,OUTPUT_SKIN2_90_5.txt,0.175870102,21,0.175843329,0.175902102,0.175907896,0.175912472,0.173709132
4494,INPUT_LUNG_90_5.txt,OUTPUT_SKIN3_90_5.txt,0.308272814,21,0.308832321,0.309010625,0.308711148,0.308543901,0.310096456
4495,INPUT_LUNG_90_5.txt,OUTPUT_SKIN4_90_5.txt,0.206839016,21,0.206923979,0.206906036,0.206896151,0.206984933,0.21381067
4496,INPUT_LUNG_90_5.txt,OUTPUT_SKIN5_90_5.txt,0.200915432,21,0.200900222,0.200937386,0.200962725,0.20093071,0.200896014
4497,INPUT_LUNG_90_5.txt,OUTPUT_SKIN6_90_5.txt,0.196755145,21,0.19671196,0.196828981,0.196821988,0.196767962,0.204721953
4498,INPUT_LUNG_90_5.txt,OUTPUT_SKIN7_90_5.txt,0.195395581,21,0.195303169,0.195380349,0.19538306,0.195450394,0.194944317
4499,INPUT_LUNG_90_5.txt,OUTPUT_SKIN8_90_5.txt,0.202795938,21,0.202782116,0.202838564,0.202836963,0.202849761,0.203436624
4500,INPUT_LUNG_90_5.txt,OUTPUT_SKIN9_90_5.txt,0.215258155,21,0.215242406,0.215336961,0.215357319,0.215347656,0.158994821
4501,INPUT_S_90_5.txt,OUTPUT_BM1_90_5.txt,NA,21,NA,NA,NA,NA,NA
4502,INPUT_S_90_5.txt,OUTPUT_BM2_90_5.txt,NA,21,NA,NA,NA,NA,NA
4503,INPUT_S_90_5.txt,OUTPUT_GUT_90_5.txt,NA,21,NA,NA,NA,NA,NA
4504,INPUT_S_90_5.txt,OUTPUT_L_90_5.txt,NA,21,NA,NA,NA,NA,NA
4505,INPUT_S_90_5.txt,OUTPUT_LN1_90_5.txt,NA,21,NA,NA,NA,NA,NA
4506,INPUT_S_90_5.txt,OUTPUT_LN2_90_5.txt,NA,21,NA,NA,NA,NA,NA
4507,INPUT_S_90_5.txt,OUTPUT_LUNG_90_5.txt,NA,21,NA,NA,NA,NA,NA
4508,INPUT_S_90_5.txt,OUTPUT_S_90_5.txt,NA,21,NA,NA,NA,NA,NA
4509,INPUT_S_90_5.txt,OUTPUT_SKIN1_90_5.txt,NA,21,NA,NA,NA,NA,NA
4510,INPUT_S_90_5.txt,OUTPUT_SKIN10_90_5.txt,NA,21,NA,NA,NA,NA,NA
4511,INPUT_S_90_5.txt,OUTPUT_SKIN11_90_5.txt,NA,21,NA,NA,NA,NA,NA
4512,INPUT_S_90_5.txt,OUTPUT_SKIN12_90_5.txt,NA,21,NA,NA,NA,NA,NA
4513,INPUT_S_90_5.txt,OUTPUT_SKIN2_90_5.txt,NA,21,NA,NA,NA,NA,NA
4514,INPUT_S_90_5.txt,OUTPUT_SKIN3_90_5.txt,NA,21,NA,NA,NA,NA,NA
4515,INPUT_S_90_5.txt,OUTPUT_SKIN4_90_5.txt,NA,21,NA,NA,NA,NA,NA
4516,INPUT_S_90_5.txt,OUTPUT_SKIN5_90_5.txt,NA,21,NA,NA,NA,NA,NA
4517,INPUT_S_90_5.txt,OUTPUT_SKIN6_90_5.txt,NA,21,NA,NA,NA,NA,NA
4518,INPUT_S_90_5.txt,OUTPUT_SKIN7_90_5.txt,NA,21,NA,NA,NA,NA,NA
4519,INPUT_S_90_5.txt,OUTPUT_SKIN8_90_5.txt,NA,21,NA,NA,NA,NA,NA
4520,INPUT_S_90_5.txt,OUTPUT_SKIN9_90_5.txt,NA,21,NA,NA,NA,NA,NA
4521,INPUT_SKIN1_90_5.txt,OUTPUT_BM1_90_5.txt,0.661888217,21,0.661739742,0.662003647,0.661942723,0.661931024,0.696445313
4522,INPUT_SKIN1_90_5.txt,OUTPUT_BM2_90_5.txt,1.045643897,21,1.04560269,1.045615481,1.046002694,1.045525059,1.058635648
4523,INPUT_SKIN1_90_5.txt,OUTPUT_GUT_90_5.txt,0.017423964,21,0.017424919,0.017425623,0.017426461,0.017424165,0.016935764
4524,INPUT_SKIN1_90_5.txt,OUTPUT_L_90_5.txt,0.296801702,21,0.29689504,0.29681076,0.296775916,0.296726997,0.31578495
4525,INPUT_SKIN1_90_5.txt,OUTPUT_LN1_90_5.txt,0.061019762,21,0.061016942,0.061026576,0.06103525,0.061031071,0.061216155
4526,INPUT_SKIN1_90_5.txt,OUTPUT_LN2_90_5.txt,0.242916383,21,0.242929641,0.242939496,0.242951322,0.242919175,0.231021413
4527,INPUT_SKIN1_90_5.txt,OUTPUT_LUNG_90_5.txt,0.167879812,21,0.16790174,0.167814692,0.167838756,0.167800021,0.156286034
4528,INPUT_SKIN1_90_5.txt,OUTPUT_S_90_5.txt,NA,21,NA,NA,NA,NA,NA
4529,INPUT_SKIN1_90_5.txt,OUTPUT_SKIN1_90_5.txt,-520129.5,21,-520101,-520080,-520055,-520123.5,-576972.5
4530,INPUT_SKIN1_90_5.txt,OUTPUT_SKIN10_90_5.txt,1.489142476,21,1.488749405,1.48897096,1.488632831,1.488359184,1.433501266
4531,INPUT_SKIN1_90_5.txt,OUTPUT_SKIN11_90_5.txt,0.55752722,21,0.557539852,0.557606394,0.557508325,0.557554396,0.558308067
4532,INPUT_SKIN1_90_5.txt,OUTPUT_SKIN12_90_5.txt,0.612714341,21,0.612678064,0.612657459,0.612778822,0.612534157,0.595638597
4533,INPUT_SKIN1_90_5.txt,OUTPUT_SKIN2_90_5.txt,0.382418784,21,0.382392531,0.382421257,0.382471078,0.382414852,0.391476028
4534,INPUT_SKIN1_90_5.txt,OUTPUT_SKIN3_90_5.txt,1.312773883,21,1.313334582,1.311286733,1.310266299,1.313482905,1.293865886
4535,INPUT_SKIN1_90_5.txt,OUTPUT_SKIN4_90_5.txt,1.17524958,21,1.175845115,1.175397545,1.175392969,1.17578478,1.108644091
4536,INPUT_SKIN1_90_5.txt,OUTPUT_SKIN5_90_5.txt,0.741914434,21,0.741923807,0.741908023,0.742119047,0.741952544,0.744084702
4537,INPUT_SKIN1_90_5.txt,OUTPUT_SKIN6_90_5.txt,0.430388469,21,0.430325662,0.430468243,0.4304611,0.430268751,0.423619157
4538,INPUT_SKIN1_90_5.txt,OUTPUT_SKIN7_90_5.txt,0.355348895,21,0.355054293,0.355256635,0.355315327,0.35535096,0.367908532
4539,INPUT_SKIN1_90_5.txt,OUTPUT_SKIN8_90_5.txt,0.377643226,21,0.377637069,0.377636335,0.377681863,0.377649411,0.373786059
4540,INPUT_SKIN1_90_5.txt,OUTPUT_SKIN9_90_5.txt,0.312565596,21,0.312555622,0.312615029,0.312706487,0.312630992,0.304132435
4541,INPUT_SKIN10_90_5.txt,OUTPUT_BM1_90_5.txt,1.066405206,21,1.066289854,1.066602723,1.066597716,1.066742787,1.114064537
4542,INPUT_SKIN10_90_5.txt,OUTPUT_BM2_90_5.txt,1.513107105,21,1.51317221,1.513080815,1.513758986,1.513297826,1.528192284
4543,INPUT_SKIN10_90_5.txt,OUTPUT_GUT_90_5.txt,0.039586593,21,0.039592893,0.039590807,0.039596169,0.039597024,0.046704629
4544,INPUT_SKIN10_90_5.txt,OUTPUT_L_90_5.txt,0.227427679,21,0.227521713,0.227437691,0.227432353,0.227430081,0.225456734
4545,INPUT_SKIN10_90_5.txt,OUTPUT_LN1_90_5.txt,0.044330292,21,0.044332883,0.044335737,0.044345905,0.044349669,0.053540737
4546,INPUT_SKIN10_90_5.txt,OUTPUT_LN2_90_5.txt,0.046449738,21,0.046457135,0.046454679,0.04646098,0.046461984,0.072360267
4547,INPUT_SKIN10_90_5.txt,OUTPUT_LUNG_90_5.txt,0.202190426,21,0.202234254,0.202119805,0.202165912,0.202146925,0.18510908
4548,INPUT_SKIN10_90_5.txt,OUTPUT_S_90_5.txt,NA,21,NA,NA,NA,NA,NA
4549,INPUT_SKIN10_90_5.txt,OUTPUT_SKIN1_90_5.txt,0.167392529,21,0.167400764,0.167378474,0.16738497,0.167432648,0.190467781
4550,INPUT_SKIN10_90_5.txt,OUTPUT_SKIN10_90_5.txt,-949440.5,21,-949289.5,-949339.5,-949211,-949190.5,-1053306
4551,INPUT_SKIN10_90_5.txt,OUTPUT_SKIN11_90_5.txt,0.707849168,21,0.70793446,0.707952414,0.707890158,0.708063009,0.637183498
4552,INPUT_SKIN10_90_5.txt,OUTPUT_SKIN12_90_5.txt,0.766789246,21,0.766823991,0.766726671,0.766945523,0.766757538,0.885897152
4553,INPUT_SKIN10_90_5.txt,OUTPUT_SKIN2_90_5.txt,0.433199707,21,0.433200393,0.433207339,0.433286764,0.433289684,0.429005354
4554,INPUT_SKIN10_90_5.txt,OUTPUT_SKIN3_90_5.txt,1.018649581,21,1.019112751,1.018846808,1.01843842,1.019427979,1.019078961
4555,INPUT_SKIN10_90_5.txt,OUTPUT_SKIN4_90_5.txt,0.886468717,21,0.887025321,0.886560106,0.886684399,0.887119834,0.843234599
4556,INPUT_SKIN10_90_5.txt,OUTPUT_SKIN5_90_5.txt,0.904237576,21,0.904386257,0.904223446,0.904450773,0.904365277,0.892569189
4557,INPUT_SKIN10_90_5.txt,OUTPUT_SKIN6_90_5.txt,0.491661938,21,0.491646725,0.491752255,0.491793398,0.491648524,0.46666886
4558,INPUT_SKIN10_90_5.txt,OUTPUT_SKIN7_90_5.txt,0.528550832,21,0.528174714,0.528422368,0.528573636,0.528694294,0.548895653
4559,INPUT_SKIN10_90_5.txt,OUTPUT_SKIN8_90_5.txt,0.441944804,21,0.441974885,0.441933059,0.44202077,0.442061172,0.42604435
4560,INPUT_SKIN10_90_5.txt,OUTPUT_SKIN9_90_5.txt,0.291750622,21,0.29177131,0.291800079,0.291911921,0.291885942,0.308446775
4561,INPUT_SKIN11_90_5.txt,OUTPUT_BM1_90_5.txt,1.837179388,21,1.836734319,1.837292135,1.83723429,1.837245041,1.719074232
4562,INPUT_SKIN11_90_5.txt,OUTPUT_BM2_90_5.txt,6.032950955,21,6.032570848,6.032310314,6.034654857,6.032256004,6.060462405
4563,INPUT_SKIN11_90_5.txt,OUTPUT_GUT_90_5.txt,0.432974655,21,0.43298325,0.432966419,0.433014512,0.432966764,0.395933969
4564,INPUT_SKIN11_90_5.txt,OUTPUT_L_90_5.txt,0.556737795,21,0.556883031,0.556694706,0.556670532,0.556592407,0.508260084
4565,INPUT_SKIN11_90_5.txt,OUTPUT_LN1_90_5.txt,0.13685393,21,0.136842907,0.136853564,0.136881481,0.136875049,0.139961499
4566,INPUT_SKIN11_90_5.txt,OUTPUT_LN2_90_5.txt,0.09305256,21,0.093054398,0.093050793,0.093061094,0.093050866,0.0907764
4567,INPUT_SKIN11_90_5.txt,OUTPUT_LUNG_90_5.txt,0.167087565,21,0.16710064,0.167004506,0.16703863,0.167000804,0.292512088
4568,INPUT_SKIN11_90_5.txt,OUTPUT_S_90_5.txt,NA,21,NA,NA,NA,NA,NA
4569,INPUT_SKIN11_90_5.txt,OUTPUT_SKIN1_90_5.txt,0.191480847,21,0.191463703,0.191441057,0.191443419,0.191472825,0.225273791
4570,INPUT_SKIN11_90_5.txt,OUTPUT_SKIN10_90_5.txt,11.69158123,21,11.6884952,11.68928474,11.68735665,11.68566477,11.30265172
4571,INPUT_SKIN11_90_5.txt,OUTPUT_SKIN11_90_5.txt,-632702.5,21,-632690,-632714.5,-632644.5,-632714,-702987
4572,INPUT_SKIN11_90_5.txt,OUTPUT_SKIN12_90_5.txt,1.092994656,21,1.092891354,1.092772671,1.093045992,1.092635964,1.049504371
4573,INPUT_SKIN11_90_5.txt,OUTPUT_SKIN2_90_5.txt,1.773228119,21,1.772953676,1.773039925,1.773283698,1.773064697,2.064345179
4574,INPUT_SKIN11_90_5.txt,OUTPUT_SKIN3_90_5.txt,5.083188539,21,5.081611662,5.079697724,5.078586614,5.084713564,5.039294917
4575,INPUT_SKIN11_90_5.txt,OUTPUT_SKIN4_90_5.txt,1.45906664,21,1.459774781,1.459043211,1.459187752,1.459709372,1.307356851
4576,INPUT_SKIN11_90_5.txt,OUTPUT_SKIN5_90_5.txt,2.307542044,21,2.307594917,2.307216108,2.307790575,2.307270139,3.184745705
4577,INPUT_SKIN11_90_5.txt,OUTPUT_SKIN6_90_5.txt,0.668276675,21,0.668161748,0.668315608,0.668353946,0.668068276,0.614173231
4578,INPUT_SKIN11_90_5.txt,OUTPUT_SKIN7_90_5.txt,0.891710285,21,0.890905705,0.891395689,0.891582648,0.891671106,0.841951549
4579,INPUT_SKIN11_90_5.txt,OUTPUT_SKIN8_90_5.txt,0.578628509,21,0.578588357,0.578542849,0.578640512,0.578617363,0.527614213
4580,INPUT_SKIN11_90_5.txt,OUTPUT_SKIN9_90_5.txt,0.422378573,21,0.422350239,0.422396952,0.422546619,0.422454156,0.379373579
4581,INPUT_SKIN12_90_5.txt,OUTPUT_BM1_90_5.txt,1.563723804,21,1.563349426,1.563948139,1.56365711,1.564041545,1.599566994
4582,INPUT_SKIN12_90_5.txt,OUTPUT_BM2_90_5.txt,1.448939877,21,1.448881969,1.448867215,1.449268748,1.448959813,1.423154389
4583,INPUT_SKIN12_90_5.txt,OUTPUT_GUT_90_5.txt,0.004603016,21,0.00460328,0.00460345,0.004603107,0.004603719,0.005549258
4584,INPUT_SKIN12_90_5.txt,OUTPUT_L_90_5.txt,0.090903356,21,0.090933874,0.090905514,0.090882681,0.090891761,0.125548124
4585,INPUT_SKIN12_90_5.txt,OUTPUT_LN1_90_5.txt,0.261110096,21,0.261097175,0.261138918,0.261145595,0.26119817,0.271105256
4586,INPUT_SKIN12_90_5.txt,OUTPUT_LN2_90_5.txt,0.136664049,21,0.136671863,0.136676764,0.136666657,0.136684956,0.150931732
4587,INPUT_SKIN12_90_5.txt,OUTPUT_LUNG_90_5.txt,0.106075808,21,0.106089883,0.106033914,0.106036266,0.10603993,0.100188836
4588,INPUT_SKIN12_90_5.txt,OUTPUT_S_90_5.txt,NA,21,NA,NA,NA,NA,NA
4589,INPUT_SKIN12_90_5.txt,OUTPUT_SKIN1_90_5.txt,0.393034953,21,0.393014508,0.392997222,0.392930718,0.3930855,0.441555427
4590,INPUT_SKIN12_90_5.txt,OUTPUT_SKIN10_90_5.txt,2.559653818,21,2.558991682,2.55935256,2.558478988,2.558661106,3.110779953
4591,INPUT_SKIN12_90_5.txt,OUTPUT_SKIN11_90_5.txt,1.042150107,21,1.042188712,1.042309242,1.04199837,1.042347419,1.101043754
4592,INPUT_SKIN12_90_5.txt,OUTPUT_SKIN12_90_5.txt,-838922,21,-838874,-838843,-838905.5,-838794,-931035
4593,INPUT_SKIN12_90_5.txt,OUTPUT_SKIN2_90_5.txt,0.671973699,21,0.671830952,0.671976923,0.671884162,0.671963332,0.664697156
4594,INPUT_SKIN12_90_5.txt,OUTPUT_SKIN3_90_5.txt,1.180025688,21,1.260331394,1.279609044,1.253496927,1.201562122,1.116833047
4595,INPUT_SKIN12_90_5.txt,OUTPUT_SKIN4_90_5.txt,0.764956969,21,0.7653549,0.765009575,0.764955045,0.765412614,0.863790633
4596,INPUT_SKIN12_90_5.txt,OUTPUT_SKIN5_90_5.txt,0.62566545,21,0.6256483,0.625665918,0.625764799,0.625776033,0.635096843
4597,INPUT_SKIN12_90_5.txt,OUTPUT_SKIN6_90_5.txt,0.437876605,21,0.437810542,0.437951998,0.437896077,0.437807414,0.260830858
4598,INPUT_SKIN12_90_5.txt,OUTPUT_SKIN7_90_5.txt,0.578736552,21,0.578231899,0.578578095,0.578575527,0.578809411,0.636028832
4599,INPUT_SKIN12_90_5.txt,OUTPUT_SKIN8_90_5.txt,0.424102915,21,0.424102923,0.424100417,0.424102102,0.424170853,0.417770791
4600,INPUT_SKIN12_90_5.txt,OUTPUT_SKIN9_90_5.txt,0.325473818,21,0.325463442,0.325525124,0.325581337,0.325588506,0.312488123
4601,INPUT_SKIN2_90_5.txt,OUTPUT_BM1_90_5.txt,2.267254196,21,2.266788939,2.267531213,2.267122465,2.267397522,2.112269468
4602,INPUT_SKIN2_90_5.txt,OUTPUT_BM2_90_5.txt,3.052921317,21,3.052808464,3.052613037,3.053545772,3.052521413,3.093421615
4603,INPUT_SKIN2_90_5.txt,OUTPUT_GUT_90_5.txt,0.191428074,21,0.191439834,0.191436589,0.191428683,0.191430102,0.196311578
4604,INPUT_SKIN2_90_5.txt,OUTPUT_L_90_5.txt,0.56106322,21,0.561241365,0.561053472,0.560938272,0.560924491,0.617474211
4605,INPUT_SKIN2_90_5.txt,OUTPUT_LN1_90_5.txt,0.139444058,21,0.139438571,0.139452549,0.139459863,0.139469721,0.143946356
4606,INPUT_SKIN2_90_5.txt,OUTPUT_LN2_90_5.txt,0.314293596,21,0.314312941,0.314307604,0.314294598,0.314296931,0.30335479
4607,INPUT_SKIN2_90_5.txt,OUTPUT_LUNG_90_5.txt,0.702975758,21,0.703095183,0.702695343,0.702728506,0.702689696,0.669350195
4608,INPUT_SKIN2_90_5.txt,OUTPUT_S_90_5.txt,NA,21,NA,NA,NA,NA,NA
4609,INPUT_SKIN2_90_5.txt,OUTPUT_SKIN1_90_5.txt,0.486281656,21,0.486258371,0.486211113,0.48614442,0.486275613,0.442162573
4610,INPUT_SKIN2_90_5.txt,OUTPUT_SKIN10_90_5.txt,4.678264145,21,4.677075775,4.677487639,4.676043844,4.675815447,4.290360618
4611,INPUT_SKIN2_90_5.txt,OUTPUT_SKIN11_90_5.txt,0.606432482,21,0.606449231,0.606486194,0.606325975,0.606461238,0.695660108
4612,INPUT_SKIN2_90_5.txt,OUTPUT_SKIN12_90_5.txt,1.276771721,21,1.276704294,1.276588209,1.276725378,1.27639502,1.264263277
4613,INPUT_SKIN2_90_5.txt,OUTPUT_SKIN2_90_5.txt,-473080,21,-473051,-473059,-473078.5,-473075,-525331.5
4614,INPUT_SKIN2_90_5.txt,OUTPUT_SKIN3_90_5.txt,2.426035386,21,2.425356845,2.424461526,2.42353761,2.426881573,2.39487592
4615,INPUT_SKIN2_90_5.txt,OUTPUT_SKIN4_90_5.txt,1.477079543,21,1.477848721,1.477110461,1.477053975,1.477745737,1.384165671
4616,INPUT_SKIN2_90_5.txt,OUTPUT_SKIN5_90_5.txt,1.040510436,21,1.040505088,1.040455009,1.04062635,1.040515331,1.022212931
4617,INPUT_SKIN2_90_5.txt,OUTPUT_SKIN6_90_5.txt,1.02821631,21,1.028066842,1.028341956,1.028244885,1.027909933,0.542255895
4618,INPUT_SKIN2_90_5.txt,OUTPUT_SKIN7_90_5.txt,1.107673102,21,1.106724559,1.107324124,1.107356902,1.10765597,1.063361154
4619,INPUT_SKIN2_90_5.txt,OUTPUT_SKIN8_90_5.txt,1.098679697,21,1.098647136,1.098603546,1.098627392,1.09869129,1.242763471
4620,INPUT_SKIN2_90_5.txt,OUTPUT_SKIN9_90_5.txt,0.446512385,21,0.446501032,0.4465602,0.446650839,0.446605314,0.422934422
4621,INPUT_SKIN3_90_5.txt,OUTPUT_BM1_90_5.txt,313.040004,21,313.5415469,313.8608727,313.7788452,313.1485582,329.0278898
4622,INPUT_SKIN3_90_5.txt,OUTPUT_BM2_90_5.txt,41.54719887,21,41.5588141,41.56888381,41.5890373,41.53704152,40.15183769
4623,INPUT_SKIN3_90_5.txt,OUTPUT_GUT_90_5.txt,2.005734908,21,2.00615429,2.006656034,2.0070105,2.005426522,2.002243305
4624,INPUT_SKIN3_90_5.txt,OUTPUT_L_90_5.txt,6.60765508,21,6.608543725,6.610143707,6.611437968,6.606925797,6.627176681
4625,INPUT_SKIN3_90_5.txt,OUTPUT_LN1_90_5.txt,8.594598934,21,8.596145326,8.598339328,8.600293956,8.593812898,8.565596981
4626,INPUT_SKIN3_90_5.txt,OUTPUT_LN2_90_5.txt,2.703012248,21,2.703609095,2.704116397,2.704561216,2.702622963,2.523673842
4627,INPUT_SKIN3_90_5.txt,OUTPUT_LUNG_90_5.txt,6.431777223,21,6.432858724,6.435259166,6.436249982,6.431351696,6.458014787
4628,INPUT_SKIN3_90_5.txt,OUTPUT_S_90_5.txt,NA,21,NA,NA,NA,NA,NA
4629,INPUT_SKIN3_90_5.txt,OUTPUT_SKIN1_90_5.txt,58.38010766,21,58.40527895,58.41663882,58.42089348,58.37118159,58.48849131
4630,INPUT_SKIN3_90_5.txt,OUTPUT_SKIN10_90_5.txt,171.8626826,21,172.3019024,172.3833241,172.3110704,172.0261215,171.9052351
4631,INPUT_SKIN3_90_5.txt,OUTPUT_SKIN11_90_5.txt,6.341172199,21,6.342403787,6.344124217,6.343760067,6.340464287,10.94216617
4632,INPUT_SKIN3_90_5.txt,OUTPUT_SKIN12_90_5.txt,1.934333201,21,1.934542557,1.93476563,1.935362945,1.933457601,1.749274319
4633,INPUT_SKIN3_90_5.txt,OUTPUT_SKIN2_90_5.txt,1.182422143,21,1.182536891,1.18279789,1.183082263,1.182222948,1.075382597
4634,INPUT_SKIN3_90_5.txt,OUTPUT_SKIN3_90_5.txt,-726758,21,-726603.5,-726469,-726353,-726866,-805479.5
4635,INPUT_SKIN3_90_5.txt,OUTPUT_SKIN4_90_5.txt,70.12510822,21,70.19827297,70.18623372,70.19497774,70.1464186,70.51597335
4636,INPUT_SKIN3_90_5.txt,OUTPUT_SKIN5_90_5.txt,130.6064044,21,130.7168284,130.7444,130.7696843,130.5823427,131.5616033
4637,INPUT_SKIN3_90_5.txt,OUTPUT_SKIN6_90_5.txt,1.330742649,21,1.330790968,1.331401724,1.331543808,1.330163291,1.208264389
4638,INPUT_SKIN3_90_5.txt,OUTPUT_SKIN7_90_5.txt,3.375550549,21,3.373271775,3.37590684,3.376787278,3.375017282,3.047333479
4639,INPUT_SKIN3_90_5.txt,OUTPUT_SKIN8_90_5.txt,2.24499284,21,2.245250547,2.245583287,2.246086814,2.244652045,2.005689122
4640,INPUT_SKIN3_90_5.txt,OUTPUT_SKIN9_90_5.txt,0.61194388,21,0.612020985,0.612225678,0.612472449,0.611974453,1.090522132
4641,INPUT_SKIN4_90_5.txt,OUTPUT_BM1_90_5.txt,0.833940594,21,0.833520959,0.834008535,0.833888804,0.833789303,0.827296291
4642,INPUT_SKIN4_90_5.txt,OUTPUT_BM2_90_5.txt,1.368914597,21,1.368449143,1.368760248,1.36918003,1.368419748,1.388363365
4643,INPUT_SKIN4_90_5.txt,OUTPUT_GUT_90_5.txt,0.022078035,21,0.022072885,0.022078076,0.022078035,0.022072865,0.021329831
4644,INPUT_SKIN4_90_5.txt,OUTPUT_L_90_5.txt,0.837980866,21,0.837978914,0.837935191,0.837808997,0.837587326,0.796593014
4645,INPUT_SKIN4_90_5.txt,OUTPUT_LN1_90_5.txt,0.041646256,21,0.041632336,0.041647017,0.041650859,0.041643753,0.038693986
4646,INPUT_SKIN4_90_5.txt,OUTPUT_LN2_90_5.txt,0.144035309,21,0.144001752,0.144035405,0.144035309,0.144001589,0.067127834
4647,INPUT_SKIN4_90_5.txt,OUTPUT_LUNG_90_5.txt,5.627906176,21,5.626485123,5.629365409,5.629268151,5.62735956,5.800508511
4648,INPUT_SKIN4_90_5.txt,OUTPUT_S_90_5.txt,NA,21,NA,NA,NA,NA,NA
4649,INPUT_SKIN4_90_5.txt,OUTPUT_SKIN1_90_5.txt,0.200361916,21,0.200293309,0.200324227,0.200304585,0.200310423,0.185094663
4650,INPUT_SKIN4_90_5.txt,OUTPUT_SKIN10_90_5.txt,2.821725083,21,2.820154231,2.821118771,2.820353868,2.819555418,3.180550294
4651,INPUT_SKIN4_90_5.txt,OUTPUT_SKIN11_90_5.txt,0.40228763,21,0.402177621,0.402303558,0.402212712,0.40220813,0.394473688
4652,INPUT_SKIN4_90_5.txt,OUTPUT_SKIN12_90_5.txt,0.346188481,21,0.346065978,0.346120796,0.346174165,0.345996475,0.391385132
4653,INPUT_SKIN4_90_5.txt,OUTPUT_SKIN2_90_5.txt,0.245814233,21,0.245726081,0.245792511,0.245812593,0.245751201,0.279964633
4654,INPUT_SKIN4_90_5.txt,OUTPUT_SKIN3_90_5.txt,1.799718771,21,1.798634658,1.795460676,1.794276804,1.79990896,1.827904875
4655,INPUT_SKIN4_90_5.txt,OUTPUT_SKIN4_90_5.txt,-548747.5,21,-548875.5,-548746.5,-548747.5,-548876,-609307
4656,INPUT_SKIN4_90_5.txt,OUTPUT_SKIN5_90_5.txt,1.281246831,21,1.280998493,1.281079854,1.281272411,1.280867738,1.301364459
4657,INPUT_SKIN4_90_5.txt,OUTPUT_SKIN6_90_5.txt,0.408726109,21,0.408550318,0.408759051,0.408736328,0.408507563,0.399189943
4658,INPUT_SKIN4_90_5.txt,OUTPUT_SKIN7_90_5.txt,0.315424517,21,0.31506914,0.315310601,0.315360585,0.31535401,0.344804739
4659,INPUT_SKIN4_90_5.txt,OUTPUT_SKIN8_90_5.txt,0.590322561,21,0.59013031,0.590243852,0.590280644,0.590184115,0.593787301
4660,INPUT_SKIN4_90_5.txt,OUTPUT_SKIN9_90_5.txt,0.204859148,21,0.204793091,0.204872537,0.204923402,0.204852419,0.191167638
4661,INPUT_SKIN5_90_5.txt,OUTPUT_BM1_90_5.txt,1.336391145,21,1.336032928,1.336577785,1.336315681,1.336544297,1.280436336
4662,INPUT_SKIN5_90_5.txt,OUTPUT_BM2_90_5.txt,2.356532391,21,2.356255524,2.356395248,2.356996414,2.35636432,2.515888627
4663,INPUT_SKIN5_90_5.txt,OUTPUT_GUT_90_5.txt,0.064543591,21,0.064543398,0.064547578,0.064543878,0.064547537,0.063521426
4664,INPUT_SKIN5_90_5.txt,OUTPUT_L_90_5.txt,0.301915078,21,0.301993315,0.30191431,0.301846574,0.301854548,0.334494455
4665,INPUT_SKIN5_90_5.txt,OUTPUT_LN1_90_5.txt,0.085952158,21,0.085943319,0.085958846,0.085962037,0.085972448,0.108288756
4666,INPUT_SKIN5_90_5.txt,OUTPUT_LN2_90_5.txt,0.301237997,21,0.30123731,0.301256435,0.301239399,0.301256894,0.355541432
4667,INPUT_SKIN5_90_5.txt,OUTPUT_LUNG_90_5.txt,7.158395944,21,7.158065704,7.160668619,7.160227069,7.16021154,7.556129295
4668,INPUT_SKIN5_90_5.txt,OUTPUT_S_90_5.txt,NA,21,NA,NA,NA,NA,NA
4669,INPUT_SKIN5_90_5.txt,OUTPUT_SKIN1_90_5.txt,0.132545721,21,0.13253097,0.132528685,0.132507913,0.132550925,0.125905608
4670,INPUT_SKIN5_90_5.txt,OUTPUT_SKIN10_90_5.txt,1.536367972,21,1.535884149,1.536141844,1.535645353,1.535667882,1.732063748
4671,INPUT_SKIN5_90_5.txt,OUTPUT_SKIN11_90_5.txt,0.64965513,21,0.649635729,0.649733297,0.649545495,0.649727361,0.596161619
4672,INPUT_SKIN5_90_5.txt,OUTPUT_SKIN12_90_5.txt,0.569875089,21,0.569808617,0.56980312,0.569855137,0.569736983,0.62493924
4673,INPUT_SKIN5_90_5.txt,OUTPUT_SKIN2_90_5.txt,0.605160728,21,0.605070854,0.605143222,0.605146542,0.605172803,0.669674298
4674,INPUT_SKIN5_90_5.txt,OUTPUT_SKIN3_90_5.txt,1.920456524,21,1.920959556,1.920679434,1.919552981,1.921493713,1.90896612
4675,INPUT_SKIN5_90_5.txt,OUTPUT_SKIN4_90_5.txt,2.17024431,21,2.171250854,2.170369861,2.170254873,2.171394528,2.185077862
4676,INPUT_SKIN5_90_5.txt,OUTPUT_SKIN5_90_5.txt,-536595.5,21,-536596.5,-536562.5,-536593,-536562,-595988
4677,INPUT_SKIN5_90_5.txt,OUTPUT_SKIN6_90_5.txt,0.751811058,21,0.751662967,0.751916079,0.751832764,0.751634516,0.595535001
4678,INPUT_SKIN5_90_5.txt,OUTPUT_SKIN7_90_5.txt,0.697185093,21,0.69655085,0.69699367,0.697031447,0.697216164,0.745315531
4679,INPUT_SKIN5_90_5.txt,OUTPUT_SKIN8_90_5.txt,0.532523754,21,0.532480244,0.532484307,0.53249508,0.532558529,0.518156923
4680,INPUT_SKIN5_90_5.txt,OUTPUT_SKIN9_90_5.txt,0.459118777,21,0.459074012,0.459176044,0.459259578,0.459239053,0.382207597
4681,INPUT_SKIN6_90_5.txt,OUTPUT_BM1_90_5.txt,1.814554214,21,1.814151817,1.814607562,1.814422783,1.814912508,1.824789166
4682,INPUT_SKIN6_90_5.txt,OUTPUT_BM2_90_5.txt,3.578627004,21,3.578557996,3.578064942,3.579262034,3.578666689,3.598732576
4683,INPUT_SKIN6_90_5.txt,OUTPUT_GUT_90_5.txt,0.008132942,21,0.008133716,0.008132631,0.008132843,0.008134126,0.008152955
4684,INPUT_SKIN6_90_5.txt,OUTPUT_L_90_5.txt,0.332996825,21,0.333117306,0.332962581,0.332914462,0.332955961,0.347662264
4685,INPUT_SKIN6_90_5.txt,OUTPUT_LN1_90_5.txt,0.117235031,21,0.117233559,0.117232589,0.117247356,0.117273707,0.111549619
4686,INPUT_SKIN6_90_5.txt,OUTPUT_LN2_90_5.txt,0.098919048,21,0.098928449,0.098915262,0.098917847,0.098933437,0.089282799
4687,INPUT_SKIN6_90_5.txt,OUTPUT_LUNG_90_5.txt,8.751241046,21,8.752047075,8.753094276,8.753213287,8.753795655,0.187755735
4688,INPUT_SKIN6_90_5.txt,OUTPUT_S_90_5.txt,NA,21,NA,NA,NA,NA,NA
4689,INPUT_SKIN6_90_5.txt,OUTPUT_SKIN1_90_5.txt,0.535175117,21,0.535167435,0.535054029,0.53501686,0.535240227,0.499142447
4690,INPUT_SKIN6_90_5.txt,OUTPUT_SKIN10_90_5.txt,2.245941813,21,2.245455002,2.24538669,2.24484775,2.245106155,2.20165856
4691,INPUT_SKIN6_90_5.txt,OUTPUT_SKIN11_90_5.txt,0.978158407,21,0.978212304,0.978158224,0.977966819,0.978335633,0.973500845
4692,INPUT_SKIN6_90_5.txt,OUTPUT_SKIN12_90_5.txt,0.94282225,21,0.942804547,0.942608052,0.942773972,0.942671415,0.93088003
4693,INPUT_SKIN6_90_5.txt,OUTPUT_SKIN2_90_5.txt,1.921026632,21,1.920978977,1.920785459,1.920991752,1.921268822,1.85262588
4694,INPUT_SKIN6_90_5.txt,OUTPUT_SKIN3_90_5.txt,2.858345594,21,2.859638677,2.85869395,2.857250183,2.86022047,2.733774985
4695,INPUT_SKIN6_90_5.txt,OUTPUT_SKIN4_90_5.txt,2.243050081,21,2.244283063,2.242943566,2.243023328,2.244412193,2.190403447
4696,INPUT_SKIN6_90_5.txt,OUTPUT_SKIN5_90_5.txt,1.81995742,21,1.820133316,1.819664381,1.819917297,1.819991062,1.312499482
4697,INPUT_SKIN6_90_5.txt,OUTPUT_SKIN6_90_5.txt,-536077.5,21,-536026.5,-536098,-536084,-535999.5,-595038.5
4698,INPUT_SKIN6_90_5.txt,OUTPUT_SKIN7_90_5.txt,0.911730993,21,0.910984148,0.91139498,0.911508712,0.911840261,0.862725283
4699,INPUT_SKIN6_90_5.txt,OUTPUT_SKIN8_90_5.txt,0.73475942,21,0.734763309,0.734635117,0.73470007,0.734866302,0.685573245
4700,INPUT_SKIN6_90_5.txt,OUTPUT_SKIN9_90_5.txt,0.580439831,21,0.580444779,0.580454107,0.580611739,0.580639812,0.555729927
4701,INPUT_SKIN7_90_5.txt,OUTPUT_BM1_90_5.txt,1.627731485,21,1.62808567,1.628072164,1.62781332,1.627944186,1.712337745
4702,INPUT_SKIN7_90_5.txt,OUTPUT_BM2_90_5.txt,4.201123977,21,4.202542394,4.201315039,4.202324865,4.200660401,4.363012485
4703,INPUT_SKIN7_90_5.txt,OUTPUT_GUT_90_5.txt,0.009278223,21,0.009282453,0.009279753,0.009279294,0.009278343,0.00848232
4704,INPUT_SKIN7_90_5.txt,OUTPUT_L_90_5.txt,2.294398608,21,2.295568292,2.294752029,2.294562357,2.294321169,2.359159923
4705,INPUT_SKIN7_90_5.txt,OUTPUT_LN1_90_5.txt,0.109166017,21,0.109204764,0.109185716,0.109190471,0.109186201,0.121700527
4706,INPUT_SKIN7_90_5.txt,OUTPUT_LN2_90_5.txt,0.576802697,21,0.577065218,0.576896484,0.576868313,0.576810564,0.143121549
4707,INPUT_SKIN7_90_5.txt,OUTPUT_LUNG_90_5.txt,3.494038172,21,3.495618668,3.495520894,3.495275821,3.49463121,3.552665485
4708,INPUT_SKIN7_90_5.txt,OUTPUT_S_90_5.txt,NA,21,NA,NA,NA,NA,NA
4709,INPUT_SKIN7_90_5.txt,OUTPUT_SKIN1_90_5.txt,0.221918745,21,0.221995467,0.221912861,0.221879826,0.221916519,0.254579573
4710,INPUT_SKIN7_90_5.txt,OUTPUT_SKIN10_90_5.txt,2.282193173,21,2.282482264,2.282087346,2.281360688,2.281026202,2.286196747
4711,INPUT_SKIN7_90_5.txt,OUTPUT_SKIN11_90_5.txt,1.294106472,21,1.294656936,1.294392867,1.294032044,1.294189332,1.333507519
4712,INPUT_SKIN7_90_5.txt,OUTPUT_SKIN12_90_5.txt,1.028662292,21,1.029012564,1.028637169,1.028740332,1.028361688,1.268220506
4713,INPUT_SKIN7_90_5.txt,OUTPUT_SKIN2_90_5.txt,2.491048228,21,2.491842019,2.491225013,2.491311991,2.491023095,2.795882751
4714,INPUT_SKIN7_90_5.txt,OUTPUT_SKIN3_90_5.txt,2.813125669,21,2.899250762,2.917469978,2.890224988,2.836976507,3.233151892
4715,INPUT_SKIN7_90_5.txt,OUTPUT_SKIN4_90_5.txt,1.872774476,21,1.874455662,1.873057426,1.872976963,1.873666196,1.787262657
4716,INPUT_SKIN7_90_5.txt,OUTPUT_SKIN5_90_5.txt,2.735023661,21,2.736219319,2.735117314,2.735379479,2.734824408,2.588768186
4717,INPUT_SKIN7_90_5.txt,OUTPUT_SKIN6_90_5.txt,1.204827535,21,1.205132773,1.2051179,1.204994535,1.20448697,1.27360816
4718,INPUT_SKIN7_90_5.txt,OUTPUT_SKIN7_90_5.txt,-424596.5,21,-424403,-424526.5,-424547.5,-424591,-471789.5
4719,INPUT_SKIN7_90_5.txt,OUTPUT_SKIN8_90_5.txt,0.995481522,21,0.995857024,0.995507399,0.995536157,0.995500315,0.984978325
4720,INPUT_SKIN7_90_5.txt,OUTPUT_SKIN9_90_5.txt,0.515407517,21,0.515594319,0.515524941,0.515623121,0.515517131,0.516670948
4721,INPUT_SKIN8_90_5.txt,OUTPUT_BM1_90_5.txt,2.324226423,21,2.323660771,2.324514108,2.324163242,2.324350108,1.805926767
4722,INPUT_SKIN8_90_5.txt,OUTPUT_BM2_90_5.txt,4.11408568,21,4.113805167,4.113849395,4.114994749,4.113535944,3.357899983
4723,INPUT_SKIN8_90_5.txt,OUTPUT_GUT_90_5.txt,0.006416159,21,0.006416447,0.00641658,0.00641638,0.006416159,0.006819158
4724,INPUT_SKIN8_90_5.txt,OUTPUT_L_90_5.txt,0.24012949,21,0.240204167,0.240129783,0.240081387,0.24006511,0.284724363
4725,INPUT_SKIN8_90_5.txt,OUTPUT_LN1_90_5.txt,0.110603405,21,0.11059723,0.110612473,0.110619402,0.110622589,0.120969584
4726,INPUT_SKIN8_90_5.txt,OUTPUT_LN2_90_5.txt,0.287221633,21,0.287234584,0.287240505,0.287231549,0.287221634,0.329756926
4727,INPUT_SKIN8_90_5.txt,OUTPUT_LUNG_90_5.txt,2.217914573,21,2.218104033,2.21744391,2.217516908,2.217190203,2.537058966
4728,INPUT_SKIN8_90_5.txt,OUTPUT_S_90_5.txt,NA,21,NA,NA,NA,NA,NA
4729,INPUT_SKIN8_90_5.txt,OUTPUT_SKIN1_90_5.txt,0.449143323,21,0.449114075,0.449087472,0.449030192,0.449132903,0.426644459
4730,INPUT_SKIN8_90_5.txt,OUTPUT_SKIN10_90_5.txt,1.825483303,21,1.824984726,1.825218265,1.824664808,1.824519171,2.038643526
4731,INPUT_SKIN8_90_5.txt,OUTPUT_SKIN11_90_5.txt,1.054474358,21,1.054479958,1.054584745,1.054315028,1.054513857,0.644913955
4732,INPUT_SKIN8_90_5.txt,OUTPUT_SKIN12_90_5.txt,1.100607993,21,1.100530386,1.100473038,1.100602187,1.100271313,1.15464136
4733,INPUT_SKIN8_90_5.txt,OUTPUT_SKIN2_90_5.txt,1.082896694,21,1.082811167,1.082870703,1.08292717,1.082873682,0.725866513
4734,INPUT_SKIN8_90_5.txt,OUTPUT_SKIN3_90_5.txt,5.666934899,21,5.664013877,5.662067401,5.660259619,5.668269974,5.722566785
4735,INPUT_SKIN8_90_5.txt,OUTPUT_SKIN4_90_5.txt,1.297279529,21,1.297940946,1.297359698,1.297324198,1.297884578,1.302015735
4736,INPUT_SKIN8_90_5.txt,OUTPUT_SKIN5_90_5.txt,1.592511625,21,1.592588204,1.592418628,1.592551527,1.592312049,1.710620818
4737,INPUT_SKIN8_90_5.txt,OUTPUT_SKIN6_90_5.txt,1.323796086,21,1.323602006,1.323986074,1.323875301,1.323408493,1.108163896
4738,INPUT_SKIN8_90_5.txt,OUTPUT_SKIN7_90_5.txt,0.851596795,21,0.850858412,0.851369216,0.851427808,0.851575127,0.789801798
4739,INPUT_SKIN8_90_5.txt,OUTPUT_SKIN8_90_5.txt,-434876,21,-434856.5,-434847.5,-434861,-434876,-482660
4740,INPUT_SKIN8_90_5.txt,OUTPUT_SKIN9_90_5.txt,0.380791691,21,0.380775549,0.380840571,0.380921638,0.380866886,0.367003796
4741,INPUT_SKIN9_90_5.txt,OUTPUT_BM1_90_5.txt,2.615067622,21,2.614248755,2.614954003,2.614509887,2.614948675,2.519411693
4742,INPUT_SKIN9_90_5.txt,OUTPUT_BM2_90_5.txt,2.696346976,21,2.696124635,2.695900302,2.6964134,2.695672328,2.775949437
4743,INPUT_SKIN9_90_5.txt,OUTPUT_GUT_90_5.txt,0.00940288,21,0.009403289,0.009402587,0.009401437,0.009401951,0.009136678
4744,INPUT_SKIN9_90_5.txt,OUTPUT_L_90_5.txt,9.783782228,21,9.783727364,9.783578586,9.782616925,9.783259719,9.778488813
4745,INPUT_SKIN9_90_5.txt,OUTPUT_LN1_90_5.txt,0.032252369,21,0.032250508,0.032251896,0.032250988,0.032254803,0.049472378
4746,INPUT_SKIN9_90_5.txt,OUTPUT_LN2_90_5.txt,0.063580153,21,0.063582925,0.063578172,0.063570389,0.063573867,0.109560664
4747,INPUT_SKIN9_90_5.txt,OUTPUT_LUNG_90_5.txt,0.494214058,21,0.494264109,0.493968789,0.493953482,0.493923232,0.445200732
4748,INPUT_SKIN9_90_5.txt,OUTPUT_S_90_5.txt,NA,21,NA,NA,NA,NA,NA
4749,INPUT_SKIN9_90_5.txt,OUTPUT_SKIN1_90_5.txt,0.135805995,21,0.135797048,0.135775969,0.135746339,0.135789479,0.159920872
4750,INPUT_SKIN9_90_5.txt,OUTPUT_SKIN10_90_5.txt,1.09175166,21,1.091451782,1.091485163,1.091056963,1.091070779,1.084092373
4751,INPUT_SKIN9_90_5.txt,OUTPUT_SKIN11_90_5.txt,0.575359425,21,0.575362158,0.575363446,0.575165646,0.575323417,0.58615797
4752,INPUT_SKIN9_90_5.txt,OUTPUT_SKIN12_90_5.txt,1.104602079,21,1.104523642,1.104360079,1.104388231,1.104155186,1.13440836
4753,INPUT_SKIN9_90_5.txt,OUTPUT_SKIN2_90_5.txt,0.483967429,21,0.483905762,0.48390938,0.483866648,0.483885948,0.514371654
4754,INPUT_SKIN9_90_5.txt,OUTPUT_SKIN3_90_5.txt,2.363872424,21,2.433195224,2.44851705,2.426030462,2.383095529,2.517146773
4755,INPUT_SKIN9_90_5.txt,OUTPUT_SKIN4_90_5.txt,1.077511751,21,1.078054244,1.077474538,1.077346632,1.077901407,1.070010875
4756,INPUT_SKIN9_90_5.txt,OUTPUT_SKIN5_90_5.txt,1.570947194,21,1.571021049,1.570710407,1.570675796,1.570584007,1.588399812
4757,INPUT_SKIN9_90_5.txt,OUTPUT_SKIN6_90_5.txt,0.435953023,21,0.435888949,0.435981301,0.435896818,0.435790847,0.430462243
4758,INPUT_SKIN9_90_5.txt,OUTPUT_SKIN7_90_5.txt,0.625038198,21,0.624529944,0.624799509,0.624822011,0.624985168,0.591054005
4759,INPUT_SKIN9_90_5.txt,OUTPUT_SKIN8_90_5.txt,0.614199627,21,0.614171424,0.614100417,0.61406337,0.614138976,0.586813678
4760,INPUT_SKIN9_90_5.txt,OUTPUT_SKIN9_90_5.txt,-850121.5,21,-850084.5,-850148,-850252,-850205.5,-944869
4761,INPUT_BM1_90_5.txt,OUTPUT_BM1_90_5.txt,-467449.5,22,-467325,-467338,-467346.5,-467229.5,-519450
4762,INPUT_BM1_90_5.txt,OUTPUT_BM2_90_5.txt,4.872822951,22,4.874005235,4.874823753,4.872763607,4.87714543,4.827168014
4763,INPUT_BM1_90_5.txt,OUTPUT_GUT_90_5.txt,NA,22,NA,NA,NA,NA,NA
4764,INPUT_BM1_90_5.txt,OUTPUT_L_90_5.txt,0.826282249,22,0.826825571,0.826360373,0.826637917,0.826786438,0.825399424
4765,INPUT_BM1_90_5.txt,OUTPUT_LN1_90_5.txt,0.197763787,22,0.197816091,0.197807458,0.197805124,0.19784684,0.201439276
4766,INPUT_BM1_90_5.txt,OUTPUT_LN2_90_5.txt,0.119185914,22,0.11920886,0.119215815,0.119207305,0.119252471,0.115826792
4767,INPUT_BM1_90_5.txt,OUTPUT_LUNG_90_5.txt,0.102483066,22,0.102511651,0.102507248,0.102505738,0.102532091,0.107448577
4768,INPUT_BM1_90_5.txt,OUTPUT_S_90_5.txt,12.1616815,22,12.16674364,12.16565818,12.16387739,12.17004506,12.14690581
4769,INPUT_BM1_90_5.txt,OUTPUT_SKIN1_90_5.txt,0.117912383,22,0.117963024,0.117973438,0.117987046,0.118009325,0.114288202
4770,INPUT_BM1_90_5.txt,OUTPUT_SKIN10_90_5.txt,0.014880936,22,0.014885017,0.014883753,0.014883269,0.01488842,0.013896826
4771,INPUT_BM1_90_5.txt,OUTPUT_SKIN11_90_5.txt,4.789881167,22,4.793860848,4.791181399,4.792266559,4.79475536,4.933849142
4772,INPUT_BM1_90_5.txt,OUTPUT_SKIN12_90_5.txt,0.054334769,22,0.054357014,0.054352635,0.054347697,0.054347384,0.052081178
4773,INPUT_BM1_90_5.txt,OUTPUT_SKIN2_90_5.txt,0.116608908,22,0.116617327,0.116633015,0.116650304,0.116689085,0.113611841
4774,INPUT_BM1_90_5.txt,OUTPUT_SKIN3_90_5.txt,0.356074175,22,0.356174862,0.356190122,0.356210435,0.356285144,0.367388221
4775,INPUT_BM1_90_5.txt,OUTPUT_SKIN4_90_5.txt,0.149580664,22,0.149623217,0.149617726,0.149614672,0.149651359,0.153060181
4776,INPUT_BM1_90_5.txt,OUTPUT_SKIN5_90_5.txt,0.139693612,22,0.139723974,0.139705932,0.139696177,0.139748933,0.139604229
4777,INPUT_BM1_90_5.txt,OUTPUT_SKIN6_90_5.txt,NA,22,NA,NA,NA,NA,NA
4778,INPUT_BM1_90_5.txt,OUTPUT_SKIN7_90_5.txt,0.022761997,22,0.022765109,0.022765395,0.022768329,0.02277423,0.021202081
4779,INPUT_BM1_90_5.txt,OUTPUT_SKIN8_90_5.txt,0.134411061,22,0.134447694,0.13444473,0.134418775,0.134451637,0.134787358
4780,INPUT_BM1_90_5.txt,OUTPUT_SKIN9_90_5.txt,0.909999034,22,0.91047581,0.910248856,0.909511363,0.910133254,0.895574062
4781,INPUT_BM2_90_5.txt,OUTPUT_BM1_90_5.txt,0.244227224,22,0.24410153,0.244090288,0.24414829,0.243948674,0.287045594
4782,INPUT_BM2_90_5.txt,OUTPUT_BM2_90_5.txt,-600751.5,22,-600741,-600802,-600681,-600872,-667582
4783,INPUT_BM2_90_5.txt,OUTPUT_GUT_90_5.txt,NA,22,NA,NA,NA,NA,NA
4784,INPUT_BM2_90_5.txt,OUTPUT_L_90_5.txt,0.621862581,22,0.622075226,0.621723638,0.622031966,0.621816426,0.620491492
4785,INPUT_BM2_90_5.txt,OUTPUT_LN1_90_5.txt,0.14665901,22,0.146645876,0.146644723,0.146675367,0.146602992,0.142624963
4786,INPUT_BM2_90_5.txt,OUTPUT_LN2_90_5.txt,0.149914679,22,0.149906178,0.14990442,0.149925982,0.149898227,0.150331271
4787,INPUT_BM2_90_5.txt,OUTPUT_LUNG_90_5.txt,0.068750933,22,0.068753035,0.068744877,0.068759021,0.068737582,0.067633835
4788,INPUT_BM2_90_5.txt,OUTPUT_S_90_5.txt,3.996053287,22,3.996787315,3.996077979,3.996370338,3.996199327,4.679815043
4789,INPUT_BM2_90_5.txt,OUTPUT_SKIN1_90_5.txt,0.129758558,22,0.129807263,0.129811353,0.129848504,0.129803858,0.129501881
4790,INPUT_BM2_90_5.txt,OUTPUT_SKIN10_90_5.txt,0.012935355,22,0.012935715,0.012933664,0.012936049,0.012933207,0.013171037
4791,INPUT_BM2_90_5.txt,OUTPUT_SKIN11_90_5.txt,0.12438671,22,0.124387993,0.12436171,0.124411533,0.12435241,0.11339166
4792,INPUT_BM2_90_5.txt,OUTPUT_SKIN12_90_5.txt,0.052918344,22,0.052935189,0.052942447,0.052953979,0.052920067,0.049717433
4793,INPUT_BM2_90_5.txt,OUTPUT_SKIN2_90_5.txt,0.091432694,22,0.091415143,0.091398156,0.09145632,0.09143339,0.070438876
4794,INPUT_BM2_90_5.txt,OUTPUT_SKIN3_90_5.txt,0.308120452,22,0.308130238,0.308090015,0.308176004,0.308091123,0.31476102
4795,INPUT_BM2_90_5.txt,OUTPUT_SKIN4_90_5.txt,0.148782707,22,0.148789178,0.148770181,0.148801805,0.148752397,0.148259296
4796,INPUT_BM2_90_5.txt,OUTPUT_SKIN5_90_5.txt,0.11736612,22,0.117362214,0.117351067,0.117366694,0.117334317,0.115880729
4797,INPUT_BM2_90_5.txt,OUTPUT_SKIN6_90_5.txt,NA,22,NA,NA,NA,NA,NA
4798,INPUT_BM2_90_5.txt,OUTPUT_SKIN7_90_5.txt,0.007459663,22,0.007458826,0.00745837,0.007460969,0.007458662,0.007700078
4799,INPUT_BM2_90_5.txt,OUTPUT_SKIN8_90_5.txt,0.104001209,22,0.104006058,0.103993662,0.103971991,0.103940912,0.102743657
4800,INPUT_BM2_90_5.txt,OUTPUT_SKIN9_90_5.txt,0.754050022,22,0.754256754,0.754013941,0.753569154,0.753656338,0.982953354
4801,INPUT_GUT_90_5.txt,OUTPUT_BM1_90_5.txt,NA,22,NA,NA,NA,NA,NA
4802,INPUT_GUT_90_5.txt,OUTPUT_BM2_90_5.txt,NA,22,NA,NA,NA,NA,NA
4803,INPUT_GUT_90_5.txt,OUTPUT_GUT_90_5.txt,NA,22,NA,NA,NA,NA,NA
4804,INPUT_GUT_90_5.txt,OUTPUT_L_90_5.txt,NA,22,NA,NA,NA,NA,NA
4805,INPUT_GUT_90_5.txt,OUTPUT_LN1_90_5.txt,NA,22,NA,NA,NA,NA,NA
4806,INPUT_GUT_90_5.txt,OUTPUT_LN2_90_5.txt,NA,22,NA,NA,NA,NA,NA
4807,INPUT_GUT_90_5.txt,OUTPUT_LUNG_90_5.txt,NA,22,NA,NA,NA,NA,NA
4808,INPUT_GUT_90_5.txt,OUTPUT_S_90_5.txt,NA,22,NA,NA,NA,NA,NA
4809,INPUT_GUT_90_5.txt,OUTPUT_SKIN1_90_5.txt,NA,22,NA,NA,NA,NA,NA
4810,INPUT_GUT_90_5.txt,OUTPUT_SKIN10_90_5.txt,NA,22,NA,NA,NA,NA,NA
4811,INPUT_GUT_90_5.txt,OUTPUT_SKIN11_90_5.txt,NA,22,NA,NA,NA,NA,NA
4812,INPUT_GUT_90_5.txt,OUTPUT_SKIN12_90_5.txt,NA,22,NA,NA,NA,NA,NA
4813,INPUT_GUT_90_5.txt,OUTPUT_SKIN2_90_5.txt,NA,22,NA,NA,NA,NA,NA
4814,INPUT_GUT_90_5.txt,OUTPUT_SKIN3_90_5.txt,NA,22,NA,NA,NA,NA,NA
4815,INPUT_GUT_90_5.txt,OUTPUT_SKIN4_90_5.txt,NA,22,NA,NA,NA,NA,NA
4816,INPUT_GUT_90_5.txt,OUTPUT_SKIN5_90_5.txt,NA,22,NA,NA,NA,NA,NA
4817,INPUT_GUT_90_5.txt,OUTPUT_SKIN6_90_5.txt,NA,22,NA,NA,NA,NA,NA
4818,INPUT_GUT_90_5.txt,OUTPUT_SKIN7_90_5.txt,NA,22,NA,NA,NA,NA,NA
4819,INPUT_GUT_90_5.txt,OUTPUT_SKIN8_90_5.txt,NA,22,NA,NA,NA,NA,NA
4820,INPUT_GUT_90_5.txt,OUTPUT_SKIN9_90_5.txt,NA,22,NA,NA,NA,NA,NA
4821,INPUT_L_90_5.txt,OUTPUT_BM1_90_5.txt,0.178847682,22,0.178723841,0.178774605,0.178755308,0.1786681,0.162107647
4822,INPUT_L_90_5.txt,OUTPUT_BM2_90_5.txt,103.6227805,22,103.6669897,103.5963243,103.6324573,103.6217558,103.7418868
4823,INPUT_L_90_5.txt,OUTPUT_GUT_90_5.txt,NA,22,NA,NA,NA,NA,NA
4824,INPUT_L_90_5.txt,OUTPUT_L_90_5.txt,-733835.5,22,-733953.5,-733785,-733891.5,-733882,-815543
4825,INPUT_L_90_5.txt,OUTPUT_LN1_90_5.txt,43.45289468,22,43.44260339,43.45985354,43.44346634,43.44883716,43.40854773
4826,INPUT_L_90_5.txt,OUTPUT_LN2_90_5.txt,0.225582076,22,0.225529263,0.225601128,0.225555368,0.225588017,0.20255869
4827,INPUT_L_90_5.txt,OUTPUT_LUNG_90_5.txt,0.43192983,22,0.431845009,0.431964504,0.431896334,0.431894924,0.399802512
4828,INPUT_L_90_5.txt,OUTPUT_S_90_5.txt,4.07091229,22,4.071006303,4.071489584,4.070517574,4.071596804,4.680478297
4829,INPUT_L_90_5.txt,OUTPUT_SKIN1_90_5.txt,1.554718437,22,1.554275273,1.554803752,1.554864195,1.554744657,1.763859252
4830,INPUT_L_90_5.txt,OUTPUT_SKIN10_90_5.txt,2.039831601,22,2.039490658,2.039874275,2.039524858,2.03976046,2.049612162
4831,INPUT_L_90_5.txt,OUTPUT_SKIN11_90_5.txt,0.103203236,22,0.103186565,0.103198401,0.103204019,0.103189264,0.123142942
4832,INPUT_L_90_5.txt,OUTPUT_SKIN12_90_5.txt,6.831765975,22,6.829856452,6.829468005,6.827352207,6.826946805,6.887833282
4833,INPUT_L_90_5.txt,OUTPUT_SKIN2_90_5.txt,0.363549724,22,0.363420407,0.363913817,0.363575069,0.363613918,0.349097439
4834,INPUT_L_90_5.txt,OUTPUT_SKIN3_90_5.txt,1.83418705,22,1.833900526,1.834849081,1.834709331,1.834326169,1.952083267
4835,INPUT_L_90_5.txt,OUTPUT_SKIN4_90_5.txt,1.091932731,22,1.091750788,1.092035113,1.091843937,1.091863589,1.173929058
4836,INPUT_L_90_5.txt,OUTPUT_SKIN5_90_5.txt,0.735718188,22,0.735558286,0.735485462,0.735363898,0.735600111,0.720855349
4837,INPUT_L_90_5.txt,OUTPUT_SKIN6_90_5.txt,NA,22,NA,NA,NA,NA,NA
4838,INPUT_L_90_5.txt,OUTPUT_SKIN7_90_5.txt,0.007751378,22,0.007749126,0.007751219,0.007751233,0.007751401,0.007003734
4839,INPUT_L_90_5.txt,OUTPUT_SKIN8_90_5.txt,0.154572808,22,0.154544061,0.154585129,0.154578064,0.154576439,0.193633691
4840,INPUT_L_90_5.txt,OUTPUT_SKIN9_90_5.txt,1.172639842,22,1.172755615,1.172759365,1.171679496,1.172194273,1.048929797
4841,INPUT_LN1_90_5.txt,OUTPUT_BM1_90_5.txt,3.062508904,22,3.061340236,3.061340238,3.061355955,3.060267534,3.483704878
4842,INPUT_LN1_90_5.txt,OUTPUT_BM2_90_5.txt,1.908500785,22,1.908523392,1.908803057,1.908067182,1.909238618,1.76190784
4843,INPUT_LN1_90_5.txt,OUTPUT_GUT_90_5.txt,NA,22,NA,NA,NA,NA,NA
4844,INPUT_LN1_90_5.txt,OUTPUT_L_90_5.txt,1.56713755,22,1.567684831,1.566943416,1.567328998,1.567370195,1.508072043
4845,INPUT_LN1_90_5.txt,OUTPUT_LN1_90_5.txt,-562575.5,22,-562548.5,-562573.5,-562586.5,-562559,-624847.5
4846,INPUT_LN1_90_5.txt,OUTPUT_LN2_90_5.txt,0.139693197,22,0.1396898,0.139695833,0.139684668,0.139709784,0.132458437
4847,INPUT_LN1_90_5.txt,OUTPUT_LUNG_90_5.txt,0.241633452,22,0.241636906,0.241636865,0.241628729,0.241636503,0.268816683
4848,INPUT_LN1_90_5.txt,OUTPUT_S_90_5.txt,3.217245327,22,3.217775523,3.21747314,3.217096519,3.217920389,3.077137861
4849,INPUT_LN1_90_5.txt,OUTPUT_SKIN1_90_5.txt,0.202113315,22,0.202098476,0.202109854,0.202145596,0.202136226,0.188825456
4850,INPUT_LN1_90_5.txt,OUTPUT_SKIN10_90_5.txt,0.011933999,22,0.011934723,0.011933512,0.011933006,0.011934789,0.011048057
4851,INPUT_LN1_90_5.txt,OUTPUT_SKIN11_90_5.txt,0.047846206,22,0.047848303,0.047840795,0.047849232,0.047844004,0.043576247
4852,INPUT_LN1_90_5.txt,OUTPUT_SKIN12_90_5.txt,0.020846223,22,0.020844432,0.020831493,0.020826655,0.020825151,0.019129394
4853,INPUT_LN1_90_5.txt,OUTPUT_SKIN2_90_5.txt,0.310827954,22,0.310783119,0.311118225,0.310867521,0.310911272,0.327784498
4854,INPUT_LN1_90_5.txt,OUTPUT_SKIN3_90_5.txt,1.259473135,22,1.259548156,1.259840715,1.259900571,1.25968287,1.211502269
4855,INPUT_LN1_90_5.txt,OUTPUT_SKIN4_90_5.txt,0.608738277,22,0.608767766,0.608754252,0.608725064,0.608757498,0.572101838
4856,INPUT_LN1_90_5.txt,OUTPUT_SKIN5_90_5.txt,0.378036868,22,0.37803493,0.37788854,0.377873573,0.37801117,0.375231969
4857,INPUT_LN1_90_5.txt,OUTPUT_SKIN6_90_5.txt,NA,22,NA,NA,NA,NA,NA
4858,INPUT_LN1_90_5.txt,OUTPUT_SKIN7_90_5.txt,0.019295789,22,0.019294214,0.019294134,0.019296524,0.019297634,0.019660633
4859,INPUT_LN1_90_5.txt,OUTPUT_SKIN8_90_5.txt,0.130988468,22,0.130995407,0.130990376,0.130963096,0.130969306,0.120988826
4860,INPUT_LN1_90_5.txt,OUTPUT_SKIN9_90_5.txt,5.04211519,22,5.043156911,5.042254225,5.039530261,5.041143339,4.913339677
4861,INPUT_LN2_90_5.txt,OUTPUT_BM1_90_5.txt,0.170044948,22,0.169960877,0.169963013,0.169973924,0.169878321,0.156095081
4862,INPUT_LN2_90_5.txt,OUTPUT_BM2_90_5.txt,0.582619332,22,0.582733492,0.582627307,0.582522928,0.58276167,0.54060035
4863,INPUT_LN2_90_5.txt,OUTPUT_GUT_90_5.txt,NA,22,NA,NA,NA,NA,NA
4864,INPUT_LN2_90_5.txt,OUTPUT_L_90_5.txt,1.48571771,22,1.486234257,1.485502168,1.485968628,1.48583879,1.456406696
4865,INPUT_LN2_90_5.txt,OUTPUT_LN1_90_5.txt,0.393089902,22,0.393063589,0.393059981,0.393113746,0.393025702,0.392134169
4866,INPUT_LN2_90_5.txt,OUTPUT_LN2_90_5.txt,-456474.5,22,-456458,-456478,-456465,-456495,-507261
4867,INPUT_LN2_90_5.txt,OUTPUT_LUNG_90_5.txt,0.559522858,22,0.559524804,0.559524352,0.559534634,0.559488148,0.665923145
4868,INPUT_LN2_90_5.txt,OUTPUT_S_90_5.txt,0.910136919,22,0.910356477,0.91024456,0.910179356,0.910306874,0.850791744
4869,INPUT_LN2_90_5.txt,OUTPUT_SKIN1_90_5.txt,0.270871271,22,0.270866558,0.270878083,0.270943781,0.270879992,0.269903725
4870,INPUT_LN2_90_5.txt,OUTPUT_SKIN10_90_5.txt,12.36819883,22,12.3688419,12.36749921,12.36764019,12.36807035,12.56613304
4871,INPUT_LN2_90_5.txt,OUTPUT_SKIN11_90_5.txt,0.009960591,22,0.009970122,0.009960785,0.009964522,0.009966491,0.00910891
4872,INPUT_LN2_90_5.txt,OUTPUT_SKIN12_90_5.txt,24.56276709,22,24.56985757,24.57720347,24.58045646,24.57463063,24.99370052
4873,INPUT_LN2_90_5.txt,OUTPUT_SKIN2_90_5.txt,0.162174729,22,0.16214932,0.162323234,0.162202271,0.162206095,0.194648004
4874,INPUT_LN2_90_5.txt,OUTPUT_SKIN3_90_5.txt,0.463632459,22,0.463654327,0.463762556,0.463809369,0.463675757,0.691859804
4875,INPUT_LN2_90_5.txt,OUTPUT_SKIN4_90_5.txt,0.316393154,22,0.316403784,0.316398005,0.316398166,0.316379532,0.39438216
4876,INPUT_LN2_90_5.txt,OUTPUT_SKIN5_90_5.txt,0.390116239,22,0.390109962,0.389959323,0.389963492,0.39006059,0.390452859
4877,INPUT_LN2_90_5.txt,OUTPUT_SKIN6_90_5.txt,NA,22,NA,NA,NA,NA,NA
4878,INPUT_LN2_90_5.txt,OUTPUT_SKIN7_90_5.txt,0.007362961,22,0.007362272,0.007362246,0.007363539,0.007363119,0.007881592
4879,INPUT_LN2_90_5.txt,OUTPUT_SKIN8_90_5.txt,0.074771504,22,0.074770864,0.074770528,0.074780839,0.074775389,0.0729224
4880,INPUT_LN2_90_5.txt,OUTPUT_SKIN9_90_5.txt,0.765961965,22,0.766178461,0.76598323,0.765412394,0.76568869,0.783525039
4881,INPUT_LUNG_90_5.txt,OUTPUT_BM1_90_5.txt,0.089651373,22,0.089606169,0.089609051,0.089612712,0.089569566,0.083414867
4882,INPUT_LUNG_90_5.txt,OUTPUT_BM2_90_5.txt,1.507392953,22,1.507363498,1.507583321,1.507153253,1.507832755,1.486872238
4883,INPUT_LUNG_90_5.txt,OUTPUT_GUT_90_5.txt,NA,22,NA,NA,NA,NA,NA
4884,INPUT_LUNG_90_5.txt,OUTPUT_L_90_5.txt,2.022271571,22,2.022745197,2.022161305,2.022475275,2.022465637,2.532546046
4885,INPUT_LUNG_90_5.txt,OUTPUT_LN1_90_5.txt,0.818852628,22,0.818874125,0.818839246,0.818872054,0.818898462,0.826455244
4886,INPUT_LUNG_90_5.txt,OUTPUT_LN2_90_5.txt,0.223254242,22,0.223241676,0.223256569,0.223244733,0.22327668,0.206007174
4887,INPUT_LUNG_90_5.txt,OUTPUT_LUNG_90_5.txt,-471636.5,22,-471628.5,-471639,-471636.5,-471632.5,-523820
4888,INPUT_LUNG_90_5.txt,OUTPUT_S_90_5.txt,1.434445037,22,1.43462754,1.434519046,1.434414435,1.434674138,1.383337369
4889,INPUT_LUNG_90_5.txt,OUTPUT_SKIN1_90_5.txt,0.579415553,22,0.579352869,0.579398853,0.579518859,0.579468014,0.605862279
4890,INPUT_LUNG_90_5.txt,OUTPUT_SKIN10_90_5.txt,0.067170391,22,0.067172557,0.067167241,0.067166131,0.067173603,0.072250334
4891,INPUT_LUNG_90_5.txt,OUTPUT_SKIN11_90_5.txt,0.934338102,22,0.935185219,0.934357355,0.934674039,0.934916936,0.965900704
4892,INPUT_LUNG_90_5.txt,OUTPUT_SKIN12_90_5.txt,39.57612266,22,39.56378271,39.54448583,39.53917074,39.54677653,40.68119268
4893,INPUT_LUNG_90_5.txt,OUTPUT_SKIN2_90_5.txt,0.800818311,22,0.800675352,0.801585419,0.800938086,0.801021303,0.784154121
4894,INPUT_LUNG_90_5.txt,OUTPUT_SKIN3_90_5.txt,0.493292112,22,0.493305791,0.493431406,0.49346859,0.493363283,0.680225723
4895,INPUT_LUNG_90_5.txt,OUTPUT_SKIN4_90_5.txt,1.01108162,22,1.011098769,1.01109945,1.01107949,1.011092411,1.038909281
4896,INPUT_LUNG_90_5.txt,OUTPUT_SKIN5_90_5.txt,1.195110115,22,1.195066784,1.194625844,1.194613572,1.195003582,1.177291121
4897,INPUT_LUNG_90_5.txt,OUTPUT_SKIN6_90_5.txt,NA,22,NA,NA,NA,NA,NA
4898,INPUT_LUNG_90_5.txt,OUTPUT_SKIN7_90_5.txt,0.018977115,22,0.018974981,0.018975322,0.018978206,0.018978531,0.018791995
4899,INPUT_LUNG_90_5.txt,OUTPUT_SKIN8_90_5.txt,0.085727429,22,0.085726688,0.085727964,0.085737588,0.085736138,0.083776302
4900,INPUT_LUNG_90_5.txt,OUTPUT_SKIN9_90_5.txt,1.884843649,22,1.885144747,1.88487093,1.884054594,1.884522708,2.112624167
4901,INPUT_S_90_5.txt,OUTPUT_BM1_90_5.txt,44.81455848,22,44.76817048,44.79012126,44.79473649,44.76387391,45.39504115
4902,INPUT_S_90_5.txt,OUTPUT_BM2_90_5.txt,96.76712766,22,96.76683777,96.77861637,96.73864564,96.79277049,98.79960352
4903,INPUT_S_90_5.txt,OUTPUT_GUT_90_5.txt,NA,22,NA,NA,NA,NA,NA
4904,INPUT_S_90_5.txt,OUTPUT_L_90_5.txt,0.455747624,22,0.455861915,0.455665025,0.455826147,0.455751977,0.468863289
4905,INPUT_S_90_5.txt,OUTPUT_LN1_90_5.txt,0.176295843,22,0.176259783,0.176296394,0.176280931,0.176210993,0.179892456
4906,INPUT_S_90_5.txt,OUTPUT_LN2_90_5.txt,0.051964778,22,0.051957047,0.051963344,0.05196347,0.0519634,0.050005489
4907,INPUT_S_90_5.txt,OUTPUT_LUNG_90_5.txt,0.058320078,22,0.058313863,0.05831813,0.058321079,0.058312281,0.056889165
4908,INPUT_S_90_5.txt,OUTPUT_S_90_5.txt,-994665.5,22,-994740,-994708.5,-994648.5,-994782.5,-1105360.5
4909,INPUT_S_90_5.txt,OUTPUT_SKIN1_90_5.txt,0.088393165,22,0.088381278,0.088392315,0.08841575,0.088391035,0.086037193
4910,INPUT_S_90_5.txt,OUTPUT_SKIN10_90_5.txt,0.004895074,22,0.004894712,0.004894587,0.004894846,0.004894621,0.00560375
4911,INPUT_S_90_5.txt,OUTPUT_SKIN11_90_5.txt,4.565556475,22,4.56627213,4.565562089,4.566222834,4.566302854,4.654105913
4912,INPUT_S_90_5.txt,OUTPUT_SKIN12_90_5.txt,0.013749226,22,0.013746063,0.013738192,0.013735719,0.013732012,0.002706087
4913,INPUT_S_90_5.txt,OUTPUT_SKIN2_90_5.txt,0.05733394,22,0.057318787,0.057382926,0.057343342,0.057340886,0.065372385
4914,INPUT_S_90_5.txt,OUTPUT_SKIN3_90_5.txt,0.244619086,22,0.244605452,0.24453223,0.244566575,0.244608266,0.240938687
4915,INPUT_S_90_5.txt,OUTPUT_SKIN4_90_5.txt,0.140808191,22,0.140797875,0.140805169,0.140810477,0.140791793,0.147440537
4916,INPUT_S_90_5.txt,OUTPUT_SKIN5_90_5.txt,0.07952523,22,0.079515419,0.079537571,0.079534139,0.079511812,0.080730771
4917,INPUT_S_90_5.txt,OUTPUT_SKIN6_90_5.txt,NA,22,NA,NA,NA,NA,NA
4918,INPUT_S_90_5.txt,OUTPUT_SKIN7_90_5.txt,0.005821088,22,0.005819897,0.005820316,0.005821523,0.005820789,0.00624627
4919,INPUT_S_90_5.txt,OUTPUT_SKIN8_90_5.txt,0.053404859,22,0.053399599,0.053403128,0.053411294,0.053402835,0.081173984
4920,INPUT_S_90_5.txt,OUTPUT_SKIN9_90_5.txt,0.905661606,22,0.905827325,0.905655208,0.904991551,0.905261708,0.895670952
4921,INPUT_SKIN1_90_5.txt,OUTPUT_BM1_90_5.txt,0.175237699,22,0.175160821,0.175160772,0.17514902,0.175073521,0.196119218
4922,INPUT_SKIN1_90_5.txt,OUTPUT_BM2_90_5.txt,1.329371367,22,1.329458652,1.329587687,1.329061866,1.329672749,1.234623879
4923,INPUT_SKIN1_90_5.txt,OUTPUT_GUT_90_5.txt,NA,22,NA,NA,NA,NA,NA
4924,INPUT_SKIN1_90_5.txt,OUTPUT_L_90_5.txt,3.225121422,22,3.225882639,3.225088285,3.225042185,3.225118013,3.328732614
4925,INPUT_SKIN1_90_5.txt,OUTPUT_LN1_90_5.txt,2.368283599,22,2.368217817,2.368292803,2.368160273,2.368048939,2.185338865
4926,INPUT_SKIN1_90_5.txt,OUTPUT_LN2_90_5.txt,0.535156472,22,0.535154466,0.535171166,0.535087601,0.535180585,0.481394732
4927,INPUT_SKIN1_90_5.txt,OUTPUT_LUNG_90_5.txt,0.522004002,22,0.522016955,0.522014179,0.52195645,0.521972235,0.470982243
4928,INPUT_SKIN1_90_5.txt,OUTPUT_S_90_5.txt,2.885785345,22,2.886412175,2.886055902,2.885607327,2.885705036,2.879556361
4929,INPUT_SKIN1_90_5.txt,OUTPUT_SKIN1_90_5.txt,-537887,22,-537854.5,-537881.5,-537935,-537909.5,-597460.5
4930,INPUT_SKIN1_90_5.txt,OUTPUT_SKIN10_90_5.txt,12.87261576,22,12.87383237,12.87278847,12.87130377,12.87178597,12.88094116
4931,INPUT_SKIN1_90_5.txt,OUTPUT_SKIN11_90_5.txt,1.60324076,22,1.604749701,1.603317611,1.603664092,1.60412875,1.603930669
4932,INPUT_SKIN1_90_5.txt,OUTPUT_SKIN12_90_5.txt,0.147599206,22,0.147588524,0.147495932,0.147450668,0.147439841,0.154652023
4933,INPUT_SKIN1_90_5.txt,OUTPUT_SKIN2_90_5.txt,0.442691865,22,0.442634361,0.443103293,0.442716647,0.442777627,0.405897729
4934,INPUT_SKIN1_90_5.txt,OUTPUT_SKIN3_90_5.txt,1.023395341,22,1.023471719,1.023698032,1.023660221,1.023484905,0.924476421
4935,INPUT_SKIN1_90_5.txt,OUTPUT_SKIN4_90_5.txt,0.649431771,22,0.649470879,0.649453293,0.649372161,0.649405682,0.678917666
4936,INPUT_SKIN1_90_5.txt,OUTPUT_SKIN5_90_5.txt,0.927377969,22,0.927383654,0.927019648,0.926911303,0.927247914,0.863149934
4937,INPUT_SKIN1_90_5.txt,OUTPUT_SKIN6_90_5.txt,NA,22,NA,NA,NA,NA,NA
4938,INPUT_SKIN1_90_5.txt,OUTPUT_SKIN7_90_5.txt,0.027630218,22,0.027628331,0.02762805,0.027629342,0.027630886,0.031214452
4939,INPUT_SKIN1_90_5.txt,OUTPUT_SKIN8_90_5.txt,0.616438687,22,0.616462007,0.616468537,0.616415076,0.61646555,0.620905894
4940,INPUT_SKIN1_90_5.txt,OUTPUT_SKIN9_90_5.txt,4.335697915,22,4.336403287,4.336098933,4.336236423,4.335729772,4.346469796
4941,INPUT_SKIN10_90_5.txt,OUTPUT_BM1_90_5.txt,0.163667516,22,0.163579797,0.163593325,0.163601042,0.1635117,0.149483145
4942,INPUT_SKIN10_90_5.txt,OUTPUT_BM2_90_5.txt,0.543896794,22,0.543978082,0.543900032,0.543794908,0.544038352,0.593586239
4943,INPUT_SKIN10_90_5.txt,OUTPUT_GUT_90_5.txt,NA,22,NA,NA,NA,NA,NA
4944,INPUT_SKIN10_90_5.txt,OUTPUT_L_90_5.txt,0.871633649,22,0.871901973,0.871531071,0.87178925,0.871726138,0.868429904
4945,INPUT_SKIN10_90_5.txt,OUTPUT_LN1_90_5.txt,0.214279802,22,0.214297723,0.214275236,0.214279281,0.214277122,0.211267311
4946,INPUT_SKIN10_90_5.txt,OUTPUT_LN2_90_5.txt,0.236026394,22,0.236006984,0.236035031,0.236023719,0.236043656,0.226242109
4947,INPUT_SKIN10_90_5.txt,OUTPUT_LUNG_90_5.txt,0.131684254,22,0.131678688,0.131688428,0.131688455,0.13167937,0.13094743
4948,INPUT_SKIN10_90_5.txt,OUTPUT_S_90_5.txt,1.352205517,22,1.352441836,1.352364736,1.352239382,1.352481322,1.419195279
4949,INPUT_SKIN10_90_5.txt,OUTPUT_SKIN1_90_5.txt,0.198326577,22,0.198305015,0.198318778,0.198362902,0.198327575,0.19695941
4950,INPUT_SKIN10_90_5.txt,OUTPUT_SKIN10_90_5.txt,-455536,22,-455539.5,-455526.5,-455521.5,-455545,-505892
4951,INPUT_SKIN10_90_5.txt,OUTPUT_SKIN11_90_5.txt,0.020552805,22,0.020567415,0.02055352,0.020559742,0.020562207,0.022713279
4952,INPUT_SKIN10_90_5.txt,OUTPUT_SKIN12_90_5.txt,0.089828118,22,0.089802756,0.089753923,0.089739505,0.089742876,0.091410839
4953,INPUT_SKIN10_90_5.txt,OUTPUT_SKIN2_90_5.txt,0.192252645,22,0.192212282,0.192430936,0.192287673,0.192293478,0.192445743
4954,INPUT_SKIN10_90_5.txt,OUTPUT_SKIN3_90_5.txt,0.304167814,22,0.304169534,0.304204021,0.304230184,0.304197913,0.313109461
4955,INPUT_SKIN10_90_5.txt,OUTPUT_SKIN4_90_5.txt,0.194062768,22,0.194060793,0.194071738,0.194068549,0.19405979,0.191676459
4956,INPUT_SKIN10_90_5.txt,OUTPUT_SKIN5_90_5.txt,0.184020899,22,0.184009794,0.184015691,0.184005082,0.184004236,0.184807474
4957,INPUT_SKIN10_90_5.txt,OUTPUT_SKIN6_90_5.txt,NA,22,NA,NA,NA,NA,NA
4958,INPUT_SKIN10_90_5.txt,OUTPUT_SKIN7_90_5.txt,0.015090651,22,0.015088578,0.015089617,0.015092001,0.015091354,0.015739022
4959,INPUT_SKIN10_90_5.txt,OUTPUT_SKIN8_90_5.txt,0.05501114,22,0.055009177,0.055012092,0.055012524,0.055009864,0.054610984
4960,INPUT_SKIN10_90_5.txt,OUTPUT_SKIN9_90_5.txt,0.651821953,22,0.651979675,0.651856277,0.651363856,0.651607389,0.657320683
4961,INPUT_SKIN11_90_5.txt,OUTPUT_BM1_90_5.txt,0.05370664,22,0.053678369,0.053684232,0.053680869,0.053658378,0.049903123
4962,INPUT_SKIN11_90_5.txt,OUTPUT_BM2_90_5.txt,1.422209171,22,1.422720512,1.422015507,1.421865912,1.422535754,1.421479843
4963,INPUT_SKIN11_90_5.txt,OUTPUT_GUT_90_5.txt,NA,22,NA,NA,NA,NA,NA
4964,INPUT_SKIN11_90_5.txt,OUTPUT_L_90_5.txt,1.112376299,22,1.112795907,1.112282473,1.112551556,1.11257171,1.130569935
4965,INPUT_SKIN11_90_5.txt,OUTPUT_LN1_90_5.txt,0.249001253,22,0.249025044,0.249009673,0.248985333,0.249022279,0.258214038
4966,INPUT_SKIN11_90_5.txt,OUTPUT_LN2_90_5.txt,0.204476849,22,0.204462446,0.204491169,0.204459947,0.204502829,0.198717797
4967,INPUT_SKIN11_90_5.txt,OUTPUT_LUNG_90_5.txt,0.130786819,22,0.130786573,0.130794779,0.130781497,0.130791576,0.132055574
4968,INPUT_SKIN11_90_5.txt,OUTPUT_S_90_5.txt,2.144449527,22,2.144865118,2.14474109,2.14433666,2.145059913,2.294384967
4969,INPUT_SKIN11_90_5.txt,OUTPUT_SKIN1_90_5.txt,0.268386847,22,0.268435896,0.268482087,0.268490236,0.268496643,0.28239534
4970,INPUT_SKIN11_90_5.txt,OUTPUT_SKIN10_90_5.txt,0.049466216,22,0.049467051,0.049466907,0.049461058,0.049469978,0.051916686
4971,INPUT_SKIN11_90_5.txt,OUTPUT_SKIN11_90_5.txt,-442506.5,22,-442504.5,-442480.5,-442524.5,-442489,-491664.5
4972,INPUT_SKIN11_90_5.txt,OUTPUT_SKIN12_90_5.txt,0.105501827,22,0.105512362,0.105503446,0.105484282,0.10546987,0.110554544
4973,INPUT_SKIN11_90_5.txt,OUTPUT_SKIN2_90_5.txt,0.226214735,22,0.226171404,0.226238929,0.226236435,0.226273032,0.233559203
4974,INPUT_SKIN11_90_5.txt,OUTPUT_SKIN3_90_5.txt,0.454500795,22,0.454509198,0.454573461,0.454562298,0.454573026,0.470820842
4975,INPUT_SKIN11_90_5.txt,OUTPUT_SKIN4_90_5.txt,0.229445982,22,0.229449734,0.229462244,0.229437345,0.229455071,0.241797006
4976,INPUT_SKIN11_90_5.txt,OUTPUT_SKIN5_90_5.txt,0.260641475,22,0.260629462,0.260638219,0.260595286,0.260632907,0.27147719
4977,INPUT_SKIN11_90_5.txt,OUTPUT_SKIN6_90_5.txt,NA,22,NA,NA,NA,NA,NA
4978,INPUT_SKIN11_90_5.txt,OUTPUT_SKIN7_90_5.txt,0.033180214,22,0.033176067,0.0331792,0.03318078,0.033183732,0.030832986
4979,INPUT_SKIN11_90_5.txt,OUTPUT_SKIN8_90_5.txt,0.068330673,22,0.068328886,0.068334597,0.068330531,0.068335884,0.070803643
4980,INPUT_SKIN11_90_5.txt,OUTPUT_SKIN9_90_5.txt,1.008673362,22,1.008934955,1.008766141,1.007911139,1.008415939,1.048720325
4981,INPUT_SKIN12_90_5.txt,OUTPUT_BM1_90_5.txt,0.062603089,22,0.062573452,0.062595085,0.062603894,0.062575933,0.056537934
4982,INPUT_SKIN12_90_5.txt,OUTPUT_BM2_90_5.txt,0.60604937,22,0.60610005,0.606345305,0.606202211,0.606584761,0.586980554
4983,INPUT_SKIN12_90_5.txt,OUTPUT_GUT_90_5.txt,NA,22,NA,NA,NA,NA,NA
4984,INPUT_SKIN12_90_5.txt,OUTPUT_L_90_5.txt,0.754079621,22,0.754413308,0.754242069,0.754583509,0.754570239,0.743564129
4985,INPUT_SKIN12_90_5.txt,OUTPUT_LN1_90_5.txt,0.174214682,22,0.174269251,0.174265774,0.174292562,0.174348676,0.172041593
4986,INPUT_SKIN12_90_5.txt,OUTPUT_LN2_90_5.txt,0.063871063,22,0.06387061,0.063894598,0.063897772,0.063909864,0.075566326
4987,INPUT_SKIN12_90_5.txt,OUTPUT_LUNG_90_5.txt,0.087338296,22,0.087341031,0.087370277,0.087378403,0.087382196,0.120969225
4988,INPUT_SKIN12_90_5.txt,OUTPUT_S_90_5.txt,1.202317905,22,1.202605816,1.202862905,1.202872368,1.203190721,1.155863494
4989,INPUT_SKIN12_90_5.txt,OUTPUT_SKIN1_90_5.txt,0.220596451,22,0.220591298,0.220675972,0.220745091,0.220728864,0.211618041
4990,INPUT_SKIN12_90_5.txt,OUTPUT_SKIN10_90_5.txt,0.035528606,22,0.035531503,0.035539753,0.035542665,0.035548487,0.034905248
4991,INPUT_SKIN12_90_5.txt,OUTPUT_SKIN11_90_5.txt,0.02628494,22,0.026305351,0.026294228,0.026305043,0.026311163,0.02731594
4992,INPUT_SKIN12_90_5.txt,OUTPUT_SKIN12_90_5.txt,-717834,22,-717786.5,-717579,-717504.5,-717461,-797629.5
4993,INPUT_SKIN12_90_5.txt,OUTPUT_SKIN2_90_5.txt,0.10768119,22,0.107667816,0.10782088,0.107746451,0.107763607,0.106111811
4994,INPUT_SKIN12_90_5.txt,OUTPUT_SKIN3_90_5.txt,0.269573375,22,0.269594335,0.269748683,0.269796536,0.269751849,0.317808641
4995,INPUT_SKIN12_90_5.txt,OUTPUT_SKIN4_90_5.txt,0.152162215,22,0.152171942,0.152219911,0.152231513,0.152241753,0.148635626
4996,INPUT_SKIN12_90_5.txt,OUTPUT_SKIN5_90_5.txt,0.23539028,22,0.235393196,0.23537914,0.235399328,0.235489468,0.241519089
4997,INPUT_SKIN12_90_5.txt,OUTPUT_SKIN6_90_5.txt,NA,22,NA,NA,NA,NA,NA
4998,INPUT_SKIN12_90_5.txt,OUTPUT_SKIN7_90_5.txt,0.013822069,22,0.013821192,0.013825747,0.013829215,0.013830173,0.01405205
4999,INPUT_SKIN12_90_5.txt,OUTPUT_SKIN8_90_5.txt,0.037325525,22,0.037326831,0.037338918,0.037343963,0.03734607,0.036547227
5000,INPUT_SKIN12_90_5.txt,OUTPUT_SKIN9_90_5.txt,0.512006669,22,0.512170001,0.512207543,0.511863187,0.512111665,0.49242386
5001,INPUT_SKIN2_90_5.txt,OUTPUT_BM1_90_5.txt,0.271153089,22,0.271058648,0.271010625,0.271030796,0.270996847,0.248605481
5002,INPUT_SKIN2_90_5.txt,OUTPUT_BM2_90_5.txt,1.615177447,22,1.615314499,1.617185355,1.614947443,1.617780464,1.587802073
5003,INPUT_SKIN2_90_5.txt,OUTPUT_GUT_90_5.txt,NA,22,NA,NA,NA,NA,NA
5004,INPUT_SKIN2_90_5.txt,OUTPUT_L_90_5.txt,1.523292421,22,1.523655871,1.523786031,1.52324295,1.524480746,1.422092811
5005,INPUT_SKIN2_90_5.txt,OUTPUT_LN1_90_5.txt,0.898337168,22,0.898337138,0.897956021,0.898305961,0.898216946,0.815817986
5006,INPUT_SKIN2_90_5.txt,OUTPUT_LN2_90_5.txt,0.229521517,22,0.22952807,0.229428779,0.229495514,0.229523792,0.207074851
5007,INPUT_SKIN2_90_5.txt,OUTPUT_LUNG_90_5.txt,0.374932538,22,0.37495561,0.374766289,0.374905166,0.374882597,0.336166805
5008,INPUT_SKIN2_90_5.txt,OUTPUT_S_90_5.txt,1.485662808,22,1.485889952,1.487986171,1.485493448,1.488519686,1.496888717
5009,INPUT_SKIN2_90_5.txt,OUTPUT_SKIN1_90_5.txt,0.881940022,22,0.881916089,0.881519946,0.882035603,0.88191262,0.827789615
5010,INPUT_SKIN2_90_5.txt,OUTPUT_SKIN10_90_5.txt,0.060423827,22,0.060430498,0.060393953,0.060415622,0.06041944,0.068422467
5011,INPUT_SKIN2_90_5.txt,OUTPUT_SKIN11_90_5.txt,5.072935403,22,5.076584681,5.073390813,5.073647957,5.076994859,5.076331392
5012,INPUT_SKIN2_90_5.txt,OUTPUT_SKIN12_90_5.txt,0.132143735,22,0.13213887,0.131989893,0.132013017,0.131991364,0.133394595
5013,INPUT_SKIN2_90_5.txt,OUTPUT_SKIN2_90_5.txt,-488994,22,-488947.5,-489218.5,-489029.5,-489051.5,-543667.5
5014,INPUT_SKIN2_90_5.txt,OUTPUT_SKIN3_90_5.txt,0.594994425,22,0.595058212,0.594936752,0.595153286,0.595050293,0.548953269
5015,INPUT_SKIN2_90_5.txt,OUTPUT_SKIN4_90_5.txt,2.467593116,22,2.467832802,2.466562594,2.467405269,2.46734555,2.25266798
5016,INPUT_SKIN2_90_5.txt,OUTPUT_SKIN5_90_5.txt,2.022379566,22,2.022465943,2.020657233,2.021394711,2.021945879,1.821318087
5017,INPUT_SKIN2_90_5.txt,OUTPUT_SKIN6_90_5.txt,NA,22,NA,NA,NA,NA,NA
5018,INPUT_SKIN2_90_5.txt,OUTPUT_SKIN7_90_5.txt,0.012769958,22,0.012769524,0.012763034,0.012769763,0.012769373,0.013628456
5019,INPUT_SKIN2_90_5.txt,OUTPUT_SKIN8_90_5.txt,0.346501104,22,0.34652633,0.346354999,0.346503906,0.346495842,0.332499041
5020,INPUT_SKIN2_90_5.txt,OUTPUT_SKIN9_90_5.txt,2.170869745,22,2.17105259,2.175662908,2.170994676,2.176599062,2.168424669
5021,INPUT_SKIN3_90_5.txt,OUTPUT_BM1_90_5.txt,0.043184266,22,0.043160157,0.043156697,0.043156778,0.043139119,0.038903158
5022,INPUT_SKIN3_90_5.txt,OUTPUT_BM2_90_5.txt,5.170058908,22,5.169869948,5.170199496,5.168372743,5.171623338,4.741526139
5023,INPUT_SKIN3_90_5.txt,OUTPUT_GUT_90_5.txt,NA,22,NA,NA,NA,NA,NA
5024,INPUT_SKIN3_90_5.txt,OUTPUT_L_90_5.txt,1.886960314,22,1.887547677,1.886413213,1.886920573,1.887076697,2.032470464
5025,INPUT_SKIN3_90_5.txt,OUTPUT_LN1_90_5.txt,0.298431648,22,0.298400823,0.298343473,0.298390603,0.298349373,0.310591542
5026,INPUT_SKIN3_90_5.txt,OUTPUT_LN2_90_5.txt,0.196447832,22,0.196432084,0.196423083,0.19640443,0.196452543,0.258533974
5027,INPUT_SKIN3_90_5.txt,OUTPUT_LUNG_90_5.txt,0.114094684,22,0.114089991,0.114079771,0.11407436,0.114084781,0.194162144
5028,INPUT_SKIN3_90_5.txt,OUTPUT_S_90_5.txt,6.99342616,22,6.995263577,6.993342735,6.992670139,6.99451275,6.694723265
5029,INPUT_SKIN3_90_5.txt,OUTPUT_SKIN1_90_5.txt,0.445804128,22,0.445747687,0.445731492,0.445805493,0.445811196,0.422991072
5030,INPUT_SKIN3_90_5.txt,OUTPUT_SKIN10_90_5.txt,0.058361998,22,0.058362573,0.058351176,0.058347785,0.058360271,0.064414987
5031,INPUT_SKIN3_90_5.txt,OUTPUT_SKIN11_90_5.txt,0.289413504,22,0.289430905,0.289341282,0.289391623,0.289387638,0.340858326
5032,INPUT_SKIN3_90_5.txt,OUTPUT_SKIN12_90_5.txt,0.124859396,22,0.124842278,0.124753138,0.124722773,0.124721396,0.142000941
5033,INPUT_SKIN3_90_5.txt,OUTPUT_SKIN2_90_5.txt,0.153089455,22,0.153059099,0.153210413,0.153085174,0.153116076,0.1970893
5034,INPUT_SKIN3_90_5.txt,OUTPUT_SKIN3_90_5.txt,-456037.5,22,-456040,-456103,-456119.5,-456069,-506559
5035,INPUT_SKIN3_90_5.txt,OUTPUT_SKIN4_90_5.txt,0.50620643,22,0.506196029,0.506145863,0.506106714,0.506172351,0.517053336
5036,INPUT_SKIN3_90_5.txt,OUTPUT_SKIN5_90_5.txt,0.233118372,22,0.233104276,0.232989135,0.232975854,0.233078422,0.289139625
5037,INPUT_SKIN3_90_5.txt,OUTPUT_SKIN6_90_5.txt,NA,22,NA,NA,NA,NA,NA
5038,INPUT_SKIN3_90_5.txt,OUTPUT_SKIN7_90_5.txt,0.014058239,22,0.014056339,0.014054964,0.014056523,0.014058201,0.013767733
5039,INPUT_SKIN3_90_5.txt,OUTPUT_SKIN8_90_5.txt,0.286178687,22,0.286172614,0.286141081,0.286130013,0.286152571,0.265456278
5040,INPUT_SKIN3_90_5.txt,OUTPUT_SKIN9_90_5.txt,3.907947652,22,3.908783095,3.907584528,3.904935817,3.906728752,3.542169366
5041,INPUT_SKIN4_90_5.txt,OUTPUT_BM1_90_5.txt,0.085769758,22,0.085724894,0.085728625,0.085732748,0.085690415,0.07986898
5042,INPUT_SKIN4_90_5.txt,OUTPUT_BM2_90_5.txt,1.520307762,22,1.520251512,1.520501223,1.520059225,1.520762026,1.735180192
5043,INPUT_SKIN4_90_5.txt,OUTPUT_GUT_90_5.txt,NA,22,NA,NA,NA,NA,NA
5044,INPUT_SKIN4_90_5.txt,OUTPUT_L_90_5.txt,1.900830767,22,1.901280585,1.90062119,1.901047644,1.90101358,1.86324941
5045,INPUT_SKIN4_90_5.txt,OUTPUT_LN1_90_5.txt,0.367218849,22,0.3671836,0.367211968,0.367233772,0.367196957,0.263837087
5046,INPUT_SKIN4_90_5.txt,OUTPUT_LN2_90_5.txt,0.359301536,22,0.359276071,0.359302998,0.359287103,0.359333331,0.335563023
5047,INPUT_SKIN4_90_5.txt,OUTPUT_LUNG_90_5.txt,0.59490304,22,0.5948828,0.594902609,0.594903668,0.594892326,0.57405545
5048,INPUT_SKIN4_90_5.txt,OUTPUT_S_90_5.txt,1.566459317,22,1.566636982,1.566539517,1.566433194,1.566707909,1.588615772
5049,INPUT_SKIN4_90_5.txt,OUTPUT_SKIN1_90_5.txt,0.25063003,22,0.250606728,0.250627799,0.25068259,0.250649876,0.274836621
5050,INPUT_SKIN4_90_5.txt,OUTPUT_SKIN10_90_5.txt,0.053280255,22,0.053281069,0.053277431,0.053276928,0.053282298,0.056490469
5051,INPUT_SKIN4_90_5.txt,OUTPUT_SKIN11_90_5.txt,0.049980383,22,0.049980208,0.049973993,0.049984579,0.049976585,0.046288846
5052,INPUT_SKIN4_90_5.txt,OUTPUT_SKIN12_90_5.txt,0.095672363,22,0.09565971,0.095603389,0.09558474,0.095572967,0.09601663
5053,INPUT_SKIN4_90_5.txt,OUTPUT_SKIN2_90_5.txt,0.317779926,22,0.317719591,0.318068384,0.317826335,0.31785443,0.341641624
5054,INPUT_SKIN4_90_5.txt,OUTPUT_SKIN3_90_5.txt,0.539483904,22,0.539489628,0.539631497,0.539675802,0.539556191,0.768739743
5055,INPUT_SKIN4_90_5.txt,OUTPUT_SKIN4_90_5.txt,-484039.5,22,-484039.5,-484045,-484039,-484040,-537862.5
5056,INPUT_SKIN4_90_5.txt,OUTPUT_SKIN5_90_5.txt,0.62303355,22,0.623000102,0.622779646,0.622776858,0.622971882,0.500969901
5057,INPUT_SKIN4_90_5.txt,OUTPUT_SKIN6_90_5.txt,NA,22,NA,NA,NA,NA,NA
5058,INPUT_SKIN4_90_5.txt,OUTPUT_SKIN7_90_5.txt,0.010090859,22,0.010089551,0.010089843,0.01009145,0.010091517,0.009408814
5059,INPUT_SKIN4_90_5.txt,OUTPUT_SKIN8_90_5.txt,0.365505371,22,0.365497292,0.365505162,0.365539664,0.365522337,0.35877988
5060,INPUT_SKIN4_90_5.txt,OUTPUT_SKIN9_90_5.txt,2.384529966,22,2.384839932,2.384561924,2.383637977,2.384154538,2.51034646
5061,INPUT_SKIN5_90_5.txt,OUTPUT_BM1_90_5.txt,1.116006601,22,1.115737581,1.115975783,1.116003188,1.115559681,1.14701639
5062,INPUT_SKIN5_90_5.txt,OUTPUT_BM2_90_5.txt,1.504131789,22,1.504089573,1.504576347,1.504314776,1.504459585,1.514635404
5063,INPUT_SKIN5_90_5.txt,OUTPUT_GUT_90_5.txt,NA,22,NA,NA,NA,NA,NA
5064,INPUT_SKIN5_90_5.txt,OUTPUT_L_90_5.txt,2.653241396,22,2.653399052,2.653716799,2.653847227,2.653434921,2.696651931
5065,INPUT_SKIN5_90_5.txt,OUTPUT_LN1_90_5.txt,1.254145977,22,1.254039705,1.254348433,1.254469174,1.254188313,1.160826658
5066,INPUT_SKIN5_90_5.txt,OUTPUT_LN2_90_5.txt,5.043476791,22,5.043640216,5.044473861,5.044443905,5.043844445,0.180246888
5067,INPUT_SKIN5_90_5.txt,OUTPUT_LUNG_90_5.txt,1.212706555,22,1.212692755,1.212944852,1.212959734,1.212745503,1.147541166
5068,INPUT_SKIN5_90_5.txt,OUTPUT_S_90_5.txt,1.156704291,22,1.156794405,1.156979467,1.156926324,1.15688,1.150727718
5069,INPUT_SKIN5_90_5.txt,OUTPUT_SKIN1_90_5.txt,0.425321994,22,0.42528082,0.425396244,0.425486216,0.425378337,0.352137075
5070,INPUT_SKIN5_90_5.txt,OUTPUT_SKIN10_90_5.txt,0.039406173,22,0.039407825,0.039412339,0.039411805,0.039409645,0.042710067
5071,INPUT_SKIN5_90_5.txt,OUTPUT_SKIN11_90_5.txt,0.128703583,22,0.128706528,0.128714139,0.128740673,0.128700057,0.119435719
5072,INPUT_SKIN5_90_5.txt,OUTPUT_SKIN12_90_5.txt,0.089418219,22,0.089408783,0.089372461,0.089354663,0.089329766,0.082971149
5073,INPUT_SKIN5_90_5.txt,OUTPUT_SKIN2_90_5.txt,0.217402192,22,0.217366102,0.217647628,0.217478974,0.217464627,0.239365138
5074,INPUT_SKIN5_90_5.txt,OUTPUT_SKIN3_90_5.txt,0.92934264,22,0.929375299,0.929787741,0.929852441,0.929504491,1.010586944
5075,INPUT_SKIN5_90_5.txt,OUTPUT_SKIN4_90_5.txt,1.154313195,22,1.154342948,1.154568849,1.154550925,1.154372042,1.161192144
5076,INPUT_SKIN5_90_5.txt,OUTPUT_SKIN5_90_5.txt,-543239,22,-543224.5,-543131.5,-543127,-543212.5,-603372.5
5077,INPUT_SKIN5_90_5.txt,OUTPUT_SKIN6_90_5.txt,NA,22,NA,NA,NA,NA,NA
5078,INPUT_SKIN5_90_5.txt,OUTPUT_SKIN7_90_5.txt,0.01255894,22,0.012557651,0.012560307,0.012562252,0.012560383,0.0126296
5079,INPUT_SKIN5_90_5.txt,OUTPUT_SKIN8_90_5.txt,0.077127321,22,0.07712752,0.077143452,0.077151891,0.077137722,0.084944585
5080,INPUT_SKIN5_90_5.txt,OUTPUT_SKIN9_90_5.txt,2.233855112,22,2.233834906,2.234300436,2.234382129,2.233991468,2.314454673
5081,INPUT_SKIN6_90_5.txt,OUTPUT_BM1_90_5.txt,NA,22,NA,NA,NA,NA,NA
5082,INPUT_SKIN6_90_5.txt,OUTPUT_BM2_90_5.txt,NA,22,NA,NA,NA,NA,NA
5083,INPUT_SKIN6_90_5.txt,OUTPUT_GUT_90_5.txt,NA,22,NA,NA,NA,NA,NA
5084,INPUT_SKIN6_90_5.txt,OUTPUT_L_90_5.txt,NA,22,NA,NA,NA,NA,NA
5085,INPUT_SKIN6_90_5.txt,OUTPUT_LN1_90_5.txt,NA,22,NA,NA,NA,NA,NA
5086,INPUT_SKIN6_90_5.txt,OUTPUT_LN2_90_5.txt,NA,22,NA,NA,NA,NA,NA
5087,INPUT_SKIN6_90_5.txt,OUTPUT_LUNG_90_5.txt,NA,22,NA,NA,NA,NA,NA
5088,INPUT_SKIN6_90_5.txt,OUTPUT_S_90_5.txt,NA,22,NA,NA,NA,NA,NA
5089,INPUT_SKIN6_90_5.txt,OUTPUT_SKIN1_90_5.txt,NA,22,NA,NA,NA,NA,NA
5090,INPUT_SKIN6_90_5.txt,OUTPUT_SKIN10_90_5.txt,NA,22,NA,NA,NA,NA,NA
5091,INPUT_SKIN6_90_5.txt,OUTPUT_SKIN11_90_5.txt,NA,22,NA,NA,NA,NA,NA
5092,INPUT_SKIN6_90_5.txt,OUTPUT_SKIN12_90_5.txt,NA,22,NA,NA,NA,NA,NA
5093,INPUT_SKIN6_90_5.txt,OUTPUT_SKIN2_90_5.txt,NA,22,NA,NA,NA,NA,NA
5094,INPUT_SKIN6_90_5.txt,OUTPUT_SKIN3_90_5.txt,NA,22,NA,NA,NA,NA,NA
5095,INPUT_SKIN6_90_5.txt,OUTPUT_SKIN4_90_5.txt,NA,22,NA,NA,NA,NA,NA
5096,INPUT_SKIN6_90_5.txt,OUTPUT_SKIN5_90_5.txt,NA,22,NA,NA,NA,NA,NA
5097,INPUT_SKIN6_90_5.txt,OUTPUT_SKIN6_90_5.txt,NA,22,NA,NA,NA,NA,NA
5098,INPUT_SKIN6_90_5.txt,OUTPUT_SKIN7_90_5.txt,NA,22,NA,NA,NA,NA,NA
5099,INPUT_SKIN6_90_5.txt,OUTPUT_SKIN8_90_5.txt,NA,22,NA,NA,NA,NA,NA
5100,INPUT_SKIN6_90_5.txt,OUTPUT_SKIN9_90_5.txt,NA,22,NA,NA,NA,NA,NA
5101,INPUT_SKIN7_90_5.txt,OUTPUT_BM1_90_5.txt,0.385484947,22,0.38530552,0.38531917,0.385305207,0.385111865,0.363922046
5102,INPUT_SKIN7_90_5.txt,OUTPUT_BM2_90_5.txt,1.008358363,22,1.008662995,1.008324908,1.008118887,1.008574159,1.082391119
5103,INPUT_SKIN7_90_5.txt,OUTPUT_GUT_90_5.txt,NA,22,NA,NA,NA,NA,NA
5104,INPUT_SKIN7_90_5.txt,OUTPUT_L_90_5.txt,0.896901438,22,0.897291602,0.896809872,0.897049904,0.896989015,0.976848905
5105,INPUT_SKIN7_90_5.txt,OUTPUT_LN1_90_5.txt,0.200523085,22,0.200539851,0.200525704,0.20051559,0.20051102,0.203088924
5106,INPUT_SKIN7_90_5.txt,OUTPUT_LN2_90_5.txt,0.118145407,22,0.118144361,0.118152175,0.118137076,0.118151773,0.12267533
5107,INPUT_SKIN7_90_5.txt,OUTPUT_LUNG_90_5.txt,0.11188613,22,0.111893102,0.111891238,0.111882897,0.11188226,0.135042991
5108,INPUT_SKIN7_90_5.txt,OUTPUT_S_90_5.txt,2.246496051,22,2.247030915,2.246822898,2.246430363,2.246936584,2.31528767
5109,INPUT_SKIN7_90_5.txt,OUTPUT_SKIN1_90_5.txt,0.206554455,22,0.206605547,0.206625983,0.206637042,0.20662529,0.207568682
5110,INPUT_SKIN7_90_5.txt,OUTPUT_SKIN10_90_5.txt,0.045133619,22,0.045137127,0.045133638,0.045129443,0.04513379,0.048727471
5111,INPUT_SKIN7_90_5.txt,OUTPUT_SKIN11_90_5.txt,0.047722157,22,0.047763607,0.047724901,0.047736733,0.047746802,0.049400635
5112,INPUT_SKIN7_90_5.txt,OUTPUT_SKIN12_90_5.txt,0.078153379,22,0.078165658,0.078152618,0.07814033,0.078123182,0.08429271
5113,INPUT_SKIN7_90_5.txt,OUTPUT_SKIN2_90_5.txt,0.15329948,22,0.153279295,0.153326472,0.153316226,0.153328075,0.171646507
5114,INPUT_SKIN7_90_5.txt,OUTPUT_SKIN3_90_5.txt,0.401561286,22,0.401592742,0.401622481,0.401622846,0.401595778,0.416389774
5115,INPUT_SKIN7_90_5.txt,OUTPUT_SKIN4_90_5.txt,0.22596769,22,0.225985821,0.225979787,0.225962122,0.225959985,0.226361049
5116,INPUT_SKIN7_90_5.txt,OUTPUT_SKIN5_90_5.txt,0.177632298,22,0.177634752,0.177613098,0.177590581,0.177612417,0.192598078
5117,INPUT_SKIN7_90_5.txt,OUTPUT_SKIN6_90_5.txt,NA,22,NA,NA,NA,NA,NA
5118,INPUT_SKIN7_90_5.txt,OUTPUT_SKIN7_90_5.txt,-346852,22,-346829.5,-346836.5,-346862,-346863.5,-385124.5
5119,INPUT_SKIN7_90_5.txt,OUTPUT_SKIN8_90_5.txt,0.075381404,22,0.075384056,0.075384648,0.075379982,0.075379978,0.078903479
5120,INPUT_SKIN7_90_5.txt,OUTPUT_SKIN9_90_5.txt,0.936449688,22,0.936745571,0.936523077,0.935726347,0.936121707,1.005748946
5121,INPUT_SKIN8_90_5.txt,OUTPUT_BM1_90_5.txt,10.09755748,22,10.09597882,10.0964161,10.09606029,10.09515253,10.08768857
5122,INPUT_SKIN8_90_5.txt,OUTPUT_BM2_90_5.txt,2.880760413,22,2.880635574,2.881156928,2.880051355,2.881561571,2.706716911
5123,INPUT_SKIN8_90_5.txt,OUTPUT_GUT_90_5.txt,NA,22,NA,NA,NA,NA,NA
5124,INPUT_SKIN8_90_5.txt,OUTPUT_L_90_5.txt,3.967201293,22,3.96822301,3.966995324,3.967443373,3.967416619,4.061992249
5125,INPUT_SKIN8_90_5.txt,OUTPUT_LN1_90_5.txt,0.820867991,22,0.820796642,0.820711087,0.820852861,0.820632359,0.893213621
5126,INPUT_SKIN8_90_5.txt,OUTPUT_LN2_90_5.txt,0.141832128,22,0.141823234,0.141833756,0.141817972,0.141838966,0.187169651
5127,INPUT_SKIN8_90_5.txt,OUTPUT_LUNG_90_5.txt,0.071167306,22,0.071165728,0.071167759,0.071163252,0.07116296,0.080117509
5128,INPUT_SKIN8_90_5.txt,OUTPUT_S_90_5.txt,5.853891723,22,5.85419131,5.854097042,5.853422601,5.854255867,5.792152709
5129,INPUT_SKIN8_90_5.txt,OUTPUT_SKIN1_90_5.txt,0.571464368,22,0.571469302,0.571500131,0.571592566,0.571474586,0.580167983
5130,INPUT_SKIN8_90_5.txt,OUTPUT_SKIN10_90_5.txt,0.04057929,22,0.040580392,0.040577423,0.040574395,0.040579103,0.048258969
5131,INPUT_SKIN8_90_5.txt,OUTPUT_SKIN11_90_5.txt,0.277430568,22,0.277436527,0.277398076,0.277438823,0.277401298,0.355484386
5132,INPUT_SKIN8_90_5.txt,OUTPUT_SKIN12_90_5.txt,0.072610569,22,0.072601855,0.072558907,0.07254008,0.072532279,0.083807806
5133,INPUT_SKIN8_90_5.txt,OUTPUT_SKIN2_90_5.txt,0.223261269,22,0.223221553,0.223467217,0.223281504,0.223304985,0.167253274
5134,INPUT_SKIN8_90_5.txt,OUTPUT_SKIN3_90_5.txt,0.595171415,22,0.595184907,0.59534033,0.595351593,0.595227385,0.458674535
5135,INPUT_SKIN8_90_5.txt,OUTPUT_SKIN4_90_5.txt,0.390870642,22,0.390873359,0.390877964,0.390845604,0.390854282,0.303495251
5136,INPUT_SKIN8_90_5.txt,OUTPUT_SKIN5_90_5.txt,0.320966215,22,0.320953173,0.320838338,0.320815572,0.3209209,0.311696348
5137,INPUT_SKIN8_90_5.txt,OUTPUT_SKIN6_90_5.txt,NA,22,NA,NA,NA,NA,NA
5138,INPUT_SKIN8_90_5.txt,OUTPUT_SKIN7_90_5.txt,4.26852358,22,4.268078766,4.26818913,4.268474862,4.268558577,4.404477899
5139,INPUT_SKIN8_90_5.txt,OUTPUT_SKIN8_90_5.txt,-465138.5,22,-465133,-465140.5,-465165,-465159,-516935.5
5140,INPUT_SKIN8_90_5.txt,OUTPUT_SKIN9_90_5.txt,2.019946704,22,2.020377948,2.019990147,2.018547898,2.019302829,2.032010183
5141,INPUT_SKIN9_90_5.txt,OUTPUT_BM1_90_5.txt,0.132751926,22,0.132664149,0.132686221,0.132743617,0.132648435,0.15999644
5142,INPUT_SKIN9_90_5.txt,OUTPUT_BM2_90_5.txt,1.583779217,22,1.58351264,1.584048519,1.584046397,1.584674859,1.549436379
5143,INPUT_SKIN9_90_5.txt,OUTPUT_GUT_90_5.txt,NA,22,NA,NA,NA,NA,NA
5144,INPUT_SKIN9_90_5.txt,OUTPUT_L_90_5.txt,0.991389961,22,0.991584822,0.99123123,0.99192505,0.991680234,0.928551956
5145,INPUT_SKIN9_90_5.txt,OUTPUT_LN1_90_5.txt,0.211863677,22,0.211813911,0.211853606,0.211944858,0.211860962,0.227839474
5146,INPUT_SKIN9_90_5.txt,OUTPUT_LN2_90_5.txt,0.176915313,22,0.176876506,0.176914873,0.176975505,0.176959272,0.184269512
5147,INPUT_SKIN9_90_5.txt,OUTPUT_LUNG_90_5.txt,0.132661297,22,0.132639822,0.132660256,0.132711709,0.132680677,0.141005302
5148,INPUT_SKIN9_90_5.txt,OUTPUT_S_90_5.txt,2.657211314,22,2.65741344,2.657463514,2.658213543,2.658261248,2.481656556
5149,INPUT_SKIN9_90_5.txt,OUTPUT_SKIN1_90_5.txt,0.226091901,22,0.226006734,0.226038522,0.226129254,0.226081695,0.216100842
5150,INPUT_SKIN9_90_5.txt,OUTPUT_SKIN10_90_5.txt,0.048528351,22,0.048522656,0.048525264,0.048543638,0.048537937,0.049762753
5151,INPUT_SKIN9_90_5.txt,OUTPUT_SKIN11_90_5.txt,0.044375431,22,0.044401747,0.044374495,0.04440591,0.044406215,0.043467646
5152,INPUT_SKIN9_90_5.txt,OUTPUT_SKIN12_90_5.txt,0.110250553,22,0.110222578,0.110174117,0.110195556,0.110158003,0.110600377
5153,INPUT_SKIN9_90_5.txt,OUTPUT_SKIN2_90_5.txt,0.134917086,22,0.134892781,0.135041941,0.134975695,0.134962354,0.130708885
5154,INPUT_SKIN9_90_5.txt,OUTPUT_SKIN3_90_5.txt,0.579555095,22,0.579485916,0.579517089,0.579802977,0.57969949,0.591074096
5155,INPUT_SKIN9_90_5.txt,OUTPUT_SKIN4_90_5.txt,0.209269076,22,0.209239786,0.209267787,0.209347594,0.20930357,0.213567333
5156,INPUT_SKIN9_90_5.txt,OUTPUT_SKIN5_90_5.txt,0.225369207,22,0.225338937,0.225386817,0.225473116,0.225406487,0.225703247
5157,INPUT_SKIN9_90_5.txt,OUTPUT_SKIN6_90_5.txt,NA,22,NA,NA,NA,NA,NA
5158,INPUT_SKIN9_90_5.txt,OUTPUT_SKIN7_90_5.txt,0.020879825,22,0.020874428,0.020877584,0.02088893,0.020884587,0.023387055
5159,INPUT_SKIN9_90_5.txt,OUTPUT_SKIN8_90_5.txt,0.104744193,22,0.10472918,0.10474345,0.10478586,0.104760283,0.105520028
5160,INPUT_SKIN9_90_5.txt,OUTPUT_SKIN9_90_5.txt,-501195.5,22,-501260,-501204.5,-501006,-501114.5,-556934.5
5161,INPUT_BM1_90_5.txt,OUTPUT_BM1_90_5.txt,-559899.5,23,-559929,-559663,-559822.5,-559922,-621902.5
5162,INPUT_BM1_90_5.txt,OUTPUT_BM2_90_5.txt,73.04255921,23,73.09995459,73.10976558,73.07366861,73.06089789,73.20256999
5163,INPUT_BM1_90_5.txt,OUTPUT_GUT_90_5.txt,0.258380554,23,0.258574609,0.258620537,0.258509381,0.258434079,0.242999741
5164,INPUT_BM1_90_5.txt,OUTPUT_L_90_5.txt,23.30522422,23,23.32724104,23.31525413,23.30717708,23.31472226,27.33046138
5165,INPUT_BM1_90_5.txt,OUTPUT_LN1_90_5.txt,0.036872633,23,0.036859848,0.036904277,0.036881058,0.036868418,0.033416043
5166,INPUT_BM1_90_5.txt,OUTPUT_LN2_90_5.txt,0.216856955,23,0.216838829,0.216767115,0.216778669,0.216741238,0.227592331
5167,INPUT_BM1_90_5.txt,OUTPUT_LUNG_90_5.txt,0.04299053,23,0.043009101,0.043038598,0.042993496,0.042992428,0.039277492
5168,INPUT_BM1_90_5.txt,OUTPUT_S_90_5.txt,127.8135561,23,127.8561809,127.9271051,127.8165659,127.8231678,125.2732815
5169,INPUT_BM1_90_5.txt,OUTPUT_SKIN1_90_5.txt,0.410249867,23,0.410138934,0.410388174,0.410246604,0.410192991,0.401756015
5170,INPUT_BM1_90_5.txt,OUTPUT_SKIN10_90_5.txt,0.046258589,23,0.046255276,0.04627773,0.046264421,0.046256101,0.042624761
5171,INPUT_BM1_90_5.txt,OUTPUT_SKIN11_90_5.txt,0.068070568,23,0.068063093,0.068100555,0.06808481,0.068055985,0.061994894
5172,INPUT_BM1_90_5.txt,OUTPUT_SKIN12_90_5.txt,0.032703259,23,0.032708843,0.032715959,0.032717444,0.032701943,0.03219229
5173,INPUT_BM1_90_5.txt,OUTPUT_SKIN2_90_5.txt,0.053035652,23,0.053053543,0.05307933,0.053056679,0.053050514,0.053309883
5174,INPUT_BM1_90_5.txt,OUTPUT_SKIN3_90_5.txt,0.213920665,23,0.213897558,0.214020505,0.21394874,0.213934958,0.215192853
5175,INPUT_BM1_90_5.txt,OUTPUT_SKIN4_90_5.txt,0.289534458,23,0.289520302,0.28967772,0.289521926,0.289436121,0.275403963
5176,INPUT_BM1_90_5.txt,OUTPUT_SKIN5_90_5.txt,0.086083236,23,0.086080326,0.086119037,0.086098992,0.086080281,0.084427498
5177,INPUT_BM1_90_5.txt,OUTPUT_SKIN6_90_5.txt,0.213864809,23,0.213701733,0.213870312,0.213278194,0.213794081,0.207373599
5178,INPUT_BM1_90_5.txt,OUTPUT_SKIN7_90_5.txt,0.217339097,23,0.217284181,0.2174273,0.217352895,0.217255473,0.205598232
5179,INPUT_BM1_90_5.txt,OUTPUT_SKIN8_90_5.txt,0.249595738,23,0.249592378,0.249761601,0.249679162,0.249544532,0.426503727
5180,INPUT_BM1_90_5.txt,OUTPUT_SKIN9_90_5.txt,0.029917546,23,0.029922126,0.029935477,0.02993772,0.029918872,0.036250047
5181,INPUT_BM2_90_5.txt,OUTPUT_BM1_90_5.txt,1.684264301,23,1.68363151,1.682227717,1.683475739,1.684124689,1.827079155
5182,INPUT_BM2_90_5.txt,OUTPUT_BM2_90_5.txt,-504314.5,23,-504556,-504496.5,-504411,-504396.5,-560004
5183,INPUT_BM2_90_5.txt,OUTPUT_GUT_90_5.txt,0.067417884,23,0.067366489,0.067381608,0.067396434,0.067401029,0.07007365
5184,INPUT_BM2_90_5.txt,OUTPUT_L_90_5.txt,8.724912062,23,8.729946392,8.722359761,8.722924874,8.727604466,9.846800862
5185,INPUT_BM2_90_5.txt,OUTPUT_LN1_90_5.txt,0.036846755,23,0.036818276,0.03684948,0.036843047,0.03683803,0.03722794
5186,INPUT_BM2_90_5.txt,OUTPUT_LN2_90_5.txt,0.188863332,23,0.18877107,0.188641042,0.18873219,0.188742874,0.18766158
5187,INPUT_BM2_90_5.txt,OUTPUT_LUNG_90_5.txt,0.039680896,23,0.039681109,0.039694126,0.039670572,0.039677786,0.05014772
5188,INPUT_BM2_90_5.txt,OUTPUT_S_90_5.txt,2.941854161,23,2.941872189,2.943547711,2.941133653,2.941749613,3.240976438
5189,INPUT_BM2_90_5.txt,OUTPUT_SKIN1_90_5.txt,0.089786103,23,0.089741758,0.089750497,0.089767684,0.089768263,0.098164228
5190,INPUT_BM2_90_5.txt,OUTPUT_SKIN10_90_5.txt,0.057909656,23,0.057881299,0.057888684,0.057898576,0.057899932,0.05805762
5191,INPUT_BM2_90_5.txt,OUTPUT_SKIN11_90_5.txt,0.043386533,23,0.043364457,0.043371692,0.043380386,0.043374465,0.047594181
5192,INPUT_BM2_90_5.txt,OUTPUT_SKIN12_90_5.txt,0.031697425,23,0.031687359,0.031685179,0.031698141,0.031692266,0.032622954
5193,INPUT_BM2_90_5.txt,OUTPUT_SKIN2_90_5.txt,0.04273439,23,0.042722465,0.042727798,0.042731001,0.042733942,0.042594806
5194,INPUT_BM2_90_5.txt,OUTPUT_SKIN3_90_5.txt,0.087690322,23,0.087648402,0.087658511,0.087673603,0.087675787,0.09089007
5195,INPUT_BM2_90_5.txt,OUTPUT_SKIN4_90_5.txt,0.078963119,23,0.078925489,0.078924148,0.078956572,0.078957876,0.083991929
5196,INPUT_BM2_90_5.txt,OUTPUT_SKIN5_90_5.txt,0.073889473,23,0.073854527,0.073862433,0.07387637,0.073877521,0.075855019
5197,INPUT_BM2_90_5.txt,OUTPUT_SKIN6_90_5.txt,0.092368286,23,0.092300378,0.092320807,0.092341699,0.09234154,0.095089498
5198,INPUT_BM2_90_5.txt,OUTPUT_SKIN7_90_5.txt,0.099347361,23,0.099271823,0.09931355,0.099328795,0.099301074,0.109139795
5199,INPUT_BM2_90_5.txt,OUTPUT_SKIN8_90_5.txt,0.280981634,23,0.280888869,0.280989045,0.280993171,0.280893496,0.145794224
5200,INPUT_BM2_90_5.txt,OUTPUT_SKIN9_90_5.txt,0.013666318,23,0.013662585,0.013663796,0.013671033,0.01366525,0.013210164
5201,INPUT_GUT_90_5.txt,OUTPUT_BM1_90_5.txt,0.122474782,23,0.122414704,0.122432294,0.122446225,0.122456521,0.124094363
5202,INPUT_GUT_90_5.txt,OUTPUT_BM2_90_5.txt,0.100830233,23,0.100796343,0.100811132,0.100814312,0.100820297,0.104190732
5203,INPUT_GUT_90_5.txt,OUTPUT_GUT_90_5.txt,-239826,23,-239944.5,-239900,-239879,-239862.5,-266546.5
5204,INPUT_GUT_90_5.txt,OUTPUT_L_90_5.txt,0.11704937,23,0.116992452,0.117014548,0.11702343,0.11703197,0.119879401
5205,INPUT_GUT_90_5.txt,OUTPUT_LN1_90_5.txt,0.016041998,23,0.016029707,0.016043509,0.016039801,0.016038455,0.016534234
5206,INPUT_GUT_90_5.txt,OUTPUT_LN2_90_5.txt,0.115228475,23,0.11516803,0.115160091,0.115185202,0.11519105,0.065607455
5207,INPUT_GUT_90_5.txt,OUTPUT_LUNG_90_5.txt,0.018369918,23,0.018369151,0.018376161,0.01836468,0.018368569,0.017828402
5208,INPUT_GUT_90_5.txt,OUTPUT_S_90_5.txt,0.115719718,23,0.115664582,0.115688044,0.115693869,0.115702632,0.117206974
5209,INPUT_GUT_90_5.txt,OUTPUT_SKIN1_90_5.txt,0.064461074,23,0.064412221,0.064437014,0.064435671,0.064446691,0.063478375
5210,INPUT_GUT_90_5.txt,OUTPUT_SKIN10_90_5.txt,0.020318549,23,0.020308909,0.020312461,0.020314278,0.020315734,0.018026735
5211,INPUT_GUT_90_5.txt,OUTPUT_SKIN11_90_5.txt,0.02347587,23,0.02346282,0.023468987,0.023473009,0.023468037,0.022375363
5212,INPUT_GUT_90_5.txt,OUTPUT_SKIN12_90_5.txt,0.018869011,23,0.018864217,0.018862478,0.018870894,0.018866097,0.019901906
5213,INPUT_GUT_90_5.txt,OUTPUT_SKIN2_90_5.txt,0.018194736,23,0.018191566,0.018195137,0.018193976,0.018196391,0.01525502
5214,INPUT_GUT_90_5.txt,OUTPUT_SKIN3_90_5.txt,0.041198665,23,0.041175644,0.041187826,0.041189087,0.0411974,0.037986011
5215,INPUT_GUT_90_5.txt,OUTPUT_SKIN4_90_5.txt,0.059906276,23,0.059879189,0.059894098,0.05988043,0.059876418,0.057523705
5216,INPUT_GUT_90_5.txt,OUTPUT_SKIN5_90_5.txt,0.029003473,23,0.028989968,0.028994309,0.028998146,0.028999085,0.027742207
5217,INPUT_GUT_90_5.txt,OUTPUT_SKIN6_90_5.txt,0.041723897,23,0.041687636,0.041706833,0.041692978,0.041733154,0.039957487
5218,INPUT_GUT_90_5.txt,OUTPUT_SKIN7_90_5.txt,0.024396533,23,0.024379734,0.024388333,0.02438914,0.024384371,0.023936795
5219,INPUT_GUT_90_5.txt,OUTPUT_SKIN8_90_5.txt,0.116104715,23,0.116058888,0.116092026,0.116090342,0.116081587,0.119038437
5220,INPUT_GUT_90_5.txt,OUTPUT_SKIN9_90_5.txt,0.018345318,23,0.018340082,0.018342939,0.01835125,0.018344098,0.017097867
5221,INPUT_L_90_5.txt,OUTPUT_BM1_90_5.txt,1.859698245,23,1.858906991,1.858060575,1.859221038,1.859406715,1.760558274
5222,INPUT_L_90_5.txt,OUTPUT_BM2_90_5.txt,275.5502396,23,275.6657741,275.7709777,275.68173,275.5684996,280.2693099
5223,INPUT_L_90_5.txt,OUTPUT_GUT_90_5.txt,0.14119162,23,0.141242517,0.141265536,0.141250622,0.141196915,0.139135739
5224,INPUT_L_90_5.txt,OUTPUT_L_90_5.txt,-562825,23,-563121.5,-562843,-562814,-562957.5,-625161
5225,INPUT_L_90_5.txt,OUTPUT_LN1_90_5.txt,0.01592825,23,0.015915181,0.01593467,0.015930009,0.01592332,0.022313678
5226,INPUT_L_90_5.txt,OUTPUT_LN2_90_5.txt,0.113062769,23,0.112999598,0.112964428,0.113008613,0.112980323,0.125556157
5227,INPUT_L_90_5.txt,OUTPUT_LUNG_90_5.txt,0.051672463,23,0.051670257,0.051706716,0.051669925,0.051664643,0.049166062
5228,INPUT_L_90_5.txt,OUTPUT_S_90_5.txt,5.321490246,23,5.321258425,5.326318281,5.321307468,5.320908267,4.867434613
5229,INPUT_L_90_5.txt,OUTPUT_SKIN1_90_5.txt,0.137601155,23,0.137493918,0.137582599,0.137580451,0.137556629,0.129191349
5230,INPUT_L_90_5.txt,OUTPUT_SKIN10_90_5.txt,0.026843243,23,0.026828278,0.026842245,0.02684367,0.026836469,0.031893783
5231,INPUT_L_90_5.txt,OUTPUT_SKIN11_90_5.txt,0.041270994,23,0.041247679,0.041271144,0.04127545,0.041254081,0.039825603
5232,INPUT_L_90_5.txt,OUTPUT_SKIN12_90_5.txt,0.022710512,23,0.022703782,0.022708969,0.022717898,0.022705161,0.020860221
5233,INPUT_L_90_5.txt,OUTPUT_SKIN2_90_5.txt,0.026641498,23,0.026637862,0.026651322,0.026648901,0.02664376,0.02977652
5234,INPUT_L_90_5.txt,OUTPUT_SKIN3_90_5.txt,0.037097225,23,0.037075694,0.037097674,0.037097886,0.037092679,0.035010726
5235,INPUT_L_90_5.txt,OUTPUT_SKIN4_90_5.txt,0.211358982,23,0.211247024,0.211368542,0.211321216,0.211241244,0.21604871
5236,INPUT_L_90_5.txt,OUTPUT_SKIN5_90_5.txt,0.064675734,23,0.064643276,0.064673292,0.064680464,0.064660923,0.067558226
5237,INPUT_L_90_5.txt,OUTPUT_SKIN6_90_5.txt,0.115826333,23,0.115713905,0.115840164,0.115809239,0.115801061,0.120823107
5238,INPUT_L_90_5.txt,OUTPUT_SKIN7_90_5.txt,0.025473844,23,0.025455782,0.025472248,0.025472335,0.025459402,0.023556814
5239,INPUT_L_90_5.txt,OUTPUT_SKIN8_90_5.txt,0.185007993,23,0.184916846,0.18504561,0.185047702,0.184933704,0.171375686
5240,INPUT_L_90_5.txt,OUTPUT_SKIN9_90_5.txt,0.009285165,23,0.009282184,0.009286505,0.009290328,0.009283763,0.008504587
5241,INPUT_LN1_90_5.txt,OUTPUT_BM1_90_5.txt,1.057757571,23,1.058015834,1.05665986,1.057425779,1.057878591,1.073577654
5242,INPUT_LN1_90_5.txt,OUTPUT_BM2_90_5.txt,1.567890608,23,1.569560785,1.568673722,1.568407047,1.568438965,1.797994185
5243,INPUT_LN1_90_5.txt,OUTPUT_GUT_90_5.txt,0.366201197,23,0.366611819,0.366343134,0.366343684,0.3663246,0.380009609
5244,INPUT_LN1_90_5.txt,OUTPUT_L_90_5.txt,3.191584197,23,3.195126371,3.191564408,3.19134625,3.193090473,3.63659315
5245,INPUT_LN1_90_5.txt,OUTPUT_LN1_90_5.txt,-418490.5,23,-418429,-418581.5,-418509.5,-418475,-465173.5
5246,INPUT_LN1_90_5.txt,OUTPUT_LN2_90_5.txt,0.29808736,23,0.298121412,0.297771211,0.29792425,0.297950027,0.305350447
5247,INPUT_LN1_90_5.txt,OUTPUT_LUNG_90_5.txt,0.064659231,23,0.064700076,0.064690066,0.064651855,0.064667081,0.071959649
5248,INPUT_LN1_90_5.txt,OUTPUT_S_90_5.txt,2.547250051,23,2.548752207,2.549035861,2.547018436,2.547640189,2.63049972
5249,INPUT_LN1_90_5.txt,OUTPUT_SKIN1_90_5.txt,0.098013311,23,0.098001989,0.097983732,0.097991692,0.098007859,0.11971793
5250,INPUT_LN1_90_5.txt,OUTPUT_SKIN10_90_5.txt,0.029975324,23,0.029978816,0.029968314,0.029973351,0.029975763,0.028097702
5251,INPUT_LN1_90_5.txt,OUTPUT_SKIN11_90_5.txt,0.040024314,23,0.040027801,0.040016225,0.040025343,0.040018712,0.052755744
5252,INPUT_LN1_90_5.txt,OUTPUT_SKIN12_90_5.txt,0.03555936,23,0.035572616,0.035550369,0.035568419,0.03556064,0.033900786
5253,INPUT_LN1_90_5.txt,OUTPUT_SKIN2_90_5.txt,0.046405124,23,0.046423151,0.04640669,0.046408115,0.046414658,0.045443823
5254,INPUT_LN1_90_5.txt,OUTPUT_SKIN3_90_5.txt,0.072245999,23,0.072252221,0.072233378,0.072241932,0.072256997,0.079209316
5255,INPUT_LN1_90_5.txt,OUTPUT_SKIN4_90_5.txt,0.206825133,23,0.206863993,0.206805768,0.206772725,0.206766744,0.22271578
5256,INPUT_LN1_90_5.txt,OUTPUT_SKIN5_90_5.txt,0.073145514,23,0.073157463,0.073129047,0.073144399,0.073148418,0.070386267
5257,INPUT_LN1_90_5.txt,OUTPUT_SKIN6_90_5.txt,0.198148404,23,0.198133199,0.197931032,0.197058781,0.197985127,0.201516305
5258,INPUT_LN1_90_5.txt,OUTPUT_SKIN7_90_5.txt,0.096415602,23,0.096410122,0.096391413,0.096403568,0.096385415,0.087954263
5259,INPUT_LN1_90_5.txt,OUTPUT_SKIN8_90_5.txt,0.705524907,23,0.705784131,0.705711658,0.705672293,0.705453176,0.719745874
5260,INPUT_LN1_90_5.txt,OUTPUT_SKIN9_90_5.txt,0.023726451,23,0.023734821,0.023725475,0.0237381,0.023729335,0.022059768
5261,INPUT_LN2_90_5.txt,OUTPUT_BM1_90_5.txt,1.011813337,23,1.011935364,1.011382017,1.011784414,1.012139359,1.033198764
5262,INPUT_LN2_90_5.txt,OUTPUT_BM2_90_5.txt,1.452689134,23,1.454082582,1.454309943,1.453585128,1.453501096,1.460676541
5263,INPUT_LN2_90_5.txt,OUTPUT_GUT_90_5.txt,12.64650125,23,12.6474367,12.65405402,12.65171585,12.65066651,12.6587403
5264,INPUT_LN2_90_5.txt,OUTPUT_L_90_5.txt,2.674732948,23,2.677509238,2.676218805,2.675249728,2.676571297,2.77133668
5265,INPUT_LN2_90_5.txt,OUTPUT_LN1_90_5.txt,0.035880124,23,0.035870145,0.035910776,0.035892323,0.035886322,0.033235972
5266,INPUT_LN2_90_5.txt,OUTPUT_LN2_90_5.txt,-441777,23,-441770,-441592,-441667,-441668,-490870
5267,INPUT_LN2_90_5.txt,OUTPUT_LUNG_90_5.txt,0.02831603,23,0.0283302,0.028347572,0.028321141,0.02832541,0.026110734
5268,INPUT_LN2_90_5.txt,OUTPUT_S_90_5.txt,1.447528984,23,1.448243023,1.449449946,1.447799468,1.448055315,1.525280258
5269,INPUT_LN2_90_5.txt,OUTPUT_SKIN1_90_5.txt,0.110106246,23,0.110079091,0.11014343,0.110114549,0.110123461,0.129658021
5270,INPUT_LN2_90_5.txt,OUTPUT_SKIN10_90_5.txt,0.062850392,23,0.062851994,0.06287708,0.062866464,0.062866369,0.058522581
5271,INPUT_LN2_90_5.txt,OUTPUT_SKIN11_90_5.txt,0.05573607,23,0.055733522,0.055760321,0.055754033,0.05573975,0.053585331
5272,INPUT_LN2_90_5.txt,OUTPUT_SKIN12_90_5.txt,0.041157787,23,0.041167706,0.0411736,0.041180402,0.041167901,0.04920794
5273,INPUT_LN2_90_5.txt,OUTPUT_SKIN2_90_5.txt,0.03109221,23,0.031101767,0.031114629,0.03110492,0.03110671,0.038112684
5274,INPUT_LN2_90_5.txt,OUTPUT_SKIN3_90_5.txt,0.13127392,23,0.131267739,0.13133493,0.131305324,0.131321932,0.135169796
5275,INPUT_LN2_90_5.txt,OUTPUT_SKIN4_90_5.txt,0.236501064,23,0.236505089,0.236620919,0.236506793,0.236473302,0.224315867
5276,INPUT_LN2_90_5.txt,OUTPUT_SKIN5_90_5.txt,0.098219781,23,0.098223489,0.098260223,0.098249156,0.0982447,0.101322369
5277,INPUT_LN2_90_5.txt,OUTPUT_SKIN6_90_5.txt,0.277541643,23,0.27729607,0.277643954,0.277052481,0.277594597,0.289596635
5278,INPUT_LN2_90_5.txt,OUTPUT_SKIN7_90_5.txt,0.133118158,23,0.133092937,0.133169648,0.133141232,0.133105112,0.134714842
5279,INPUT_LN2_90_5.txt,OUTPUT_SKIN8_90_5.txt,0.329696582,23,0.329712856,0.329911439,0.329842757,0.329723455,0.295949528
5280,INPUT_LN2_90_5.txt,OUTPUT_SKIN9_90_5.txt,0.009976206,23,0.009978417,0.009982146,0.009984044,0.009979512,0.012069215
5281,INPUT_LUNG_90_5.txt,OUTPUT_BM1_90_5.txt,1.473776168,23,1.473605911,1.472118411,1.473430895,1.473834613,1.724631208
5282,INPUT_LUNG_90_5.txt,OUTPUT_BM2_90_5.txt,10.50549189,23,10.51226444,10.51035436,10.50838971,10.50785006,10.53750779
5283,INPUT_LUNG_90_5.txt,OUTPUT_GUT_90_5.txt,0.399729391,23,0.400002813,0.399821158,0.399909214,0.399826691,0.403627284
5284,INPUT_LUNG_90_5.txt,OUTPUT_L_90_5.txt,7.334361017,23,7.339815487,7.334838872,7.334226689,7.336975844,7.360394553
5285,INPUT_LUNG_90_5.txt,OUTPUT_LN1_90_5.txt,0.050350525,23,0.050323553,0.050354953,0.050356822,0.050344675,0.058747199
5286,INPUT_LUNG_90_5.txt,OUTPUT_LN2_90_5.txt,0.326872634,23,0.32678406,0.326488041,0.326721668,0.326698448,0.319771152
5287,INPUT_LUNG_90_5.txt,OUTPUT_LUNG_90_5.txt,-509944.5,23,-510068,-510121.5,-509927,-509966,-566779
5288,INPUT_LUNG_90_5.txt,OUTPUT_S_90_5.txt,2.639355161,23,2.640040193,2.640928566,2.639294328,2.639578457,2.625300439
5289,INPUT_LUNG_90_5.txt,OUTPUT_SKIN1_90_5.txt,0.323606914,23,0.323445482,0.323458659,0.323561971,0.323554053,0.310233993
5290,INPUT_LUNG_90_5.txt,OUTPUT_SKIN10_90_5.txt,0.10269809,23,0.102674166,0.102663501,0.10270317,0.102694775,0.098731728
5291,INPUT_LUNG_90_5.txt,OUTPUT_SKIN11_90_5.txt,0.169140913,23,0.169089517,0.169084641,0.169157092,0.169103386,0.164208643
5292,INPUT_LUNG_90_5.txt,OUTPUT_SKIN12_90_5.txt,0.036601915,23,0.036601282,0.03658792,0.036614113,0.036600349,0.034221192
5293,INPUT_LUNG_90_5.txt,OUTPUT_SKIN2_90_5.txt,0.057957693,23,0.057966387,0.057960887,0.05797471,0.057973899,0.057920592
5294,INPUT_LUNG_90_5.txt,OUTPUT_SKIN3_90_5.txt,0.154936678,23,0.154889379,0.154889525,0.154940306,0.154948276,0.147005265
5295,INPUT_LUNG_90_5.txt,OUTPUT_SKIN4_90_5.txt,0.610844869,23,0.610695359,0.610679855,0.610736319,0.610612957,0.605614277
5296,INPUT_LUNG_90_5.txt,OUTPUT_SKIN5_90_5.txt,0.166038047,23,0.165999788,0.165978806,0.16605044,0.166032074,0.171326
5297,INPUT_LUNG_90_5.txt,OUTPUT_SKIN6_90_5.txt,0.260597734,23,0.2603191,0.26032644,0.259371772,0.260418278,0.255322192
5298,INPUT_LUNG_90_5.txt,OUTPUT_SKIN7_90_5.txt,0.255001244,23,0.254891078,0.254903494,0.254989617,0.254903539,0.253315261
5299,INPUT_LUNG_90_5.txt,OUTPUT_SKIN8_90_5.txt,60.69239702,23,60.70451659,60.71304331,60.6948468,60.69131213,62.59747562
5300,INPUT_LUNG_90_5.txt,OUTPUT_SKIN9_90_5.txt,0.022480451,23,0.0224798,0.022476758,0.022493718,0.022481471,0.020827015
5301,INPUT_S_90_5.txt,OUTPUT_BM1_90_5.txt,94.19680151,23,94.17689343,94.04057135,94.16915225,94.19757082,95.56198498
5302,INPUT_S_90_5.txt,OUTPUT_BM2_90_5.txt,99.22854277,23,99.30030311,99.25361321,99.26978465,99.25481841,100.7980919
5303,INPUT_S_90_5.txt,OUTPUT_GUT_90_5.txt,0.522238854,23,0.522218702,0.52205724,0.522302085,0.522238643,0.521704425
5304,INPUT_S_90_5.txt,OUTPUT_L_90_5.txt,29.41848493,23,29.44208494,29.40740738,29.41811962,29.43030621,27.87423617
5305,INPUT_S_90_5.txt,OUTPUT_LN1_90_5.txt,0.027349849,23,0.02733518,0.027348934,0.027353071,0.027346086,0.027131337
5306,INPUT_S_90_5.txt,OUTPUT_LN2_90_5.txt,0.169791163,23,0.169744754,0.169567941,0.169710144,0.169695826,0.163476266
5307,INPUT_S_90_5.txt,OUTPUT_LUNG_90_5.txt,0.04676426,23,0.046775584,0.046774823,0.046762308,0.046765235,0.071714027
5308,INPUT_S_90_5.txt,OUTPUT_S_90_5.txt,-519975.5,23,-520101.5,-520219,-519961.5,-520008.5,-577400.5
5309,INPUT_S_90_5.txt,OUTPUT_SKIN1_90_5.txt,0.163074128,23,0.162997793,0.162981198,0.163053619,0.163045644,0.1510157
5310,INPUT_S_90_5.txt,OUTPUT_SKIN10_90_5.txt,0.086872402,23,0.086853604,0.08683371,0.086877618,0.086869014,0.084101988
5311,INPUT_S_90_5.txt,OUTPUT_SKIN11_90_5.txt,0.01983317,23,0.019827172,0.019824172,0.019835086,0.019828427,0.026211817
5312,INPUT_S_90_5.txt,OUTPUT_SKIN12_90_5.txt,0.013446724,23,0.013446481,0.013439957,0.013451083,0.01344587,0.013794001
5313,INPUT_S_90_5.txt,OUTPUT_SKIN2_90_5.txt,0.029713415,23,0.029717784,0.029711359,0.0297219,0.029721043,0.027654373
5314,INPUT_S_90_5.txt,OUTPUT_SKIN3_90_5.txt,0.07791394,23,0.077890391,0.077880544,0.077915172,0.077917551,0.07611207
5315,INPUT_S_90_5.txt,OUTPUT_SKIN4_90_5.txt,0.207272074,23,0.207222106,0.207186646,0.207244387,0.207204491,0.195520317
5316,INPUT_S_90_5.txt,OUTPUT_SKIN5_90_5.txt,0.042135206,23,0.042125946,0.042115097,0.042138414,0.042132779,0.040764067
5317,INPUT_S_90_5.txt,OUTPUT_SKIN6_90_5.txt,0.11689938,23,0.11678219,0.116757077,0.116328745,0.116807413,0.116994972
5318,INPUT_S_90_5.txt,OUTPUT_SKIN7_90_5.txt,0.117881647,23,0.117829479,0.117824919,0.117876073,0.117833709,0.115575835
5319,INPUT_S_90_5.txt,OUTPUT_SKIN8_90_5.txt,3.892538296,23,3.892298998,3.892368227,3.893645282,3.89168974,3.987213001
5320,INPUT_S_90_5.txt,OUTPUT_SKIN9_90_5.txt,0.117800883,23,0.117797928,0.117767567,0.117871033,0.11780393,0.142444641
5321,INPUT_SKIN1_90_5.txt,OUTPUT_BM1_90_5.txt,1.515791021,23,1.516110711,1.514912778,1.515613582,1.515976337,1.440827433
5322,INPUT_SKIN1_90_5.txt,OUTPUT_BM2_90_5.txt,6.079668709,23,6.080095218,6.079707047,6.080071928,6.079913291,6.339175335
5323,INPUT_SKIN1_90_5.txt,OUTPUT_GUT_90_5.txt,33.84425169,23,33.86078106,33.85580183,33.85148565,33.85048088,35.09971418
5324,INPUT_SKIN1_90_5.txt,OUTPUT_L_90_5.txt,6.122649733,23,6.122806279,6.122933977,6.123242986,6.122733058,6.376037476
5325,INPUT_SKIN1_90_5.txt,OUTPUT_LN1_90_5.txt,0.061237539,23,0.061227583,0.061267394,0.06124847,0.061236777,0.062073736
5326,INPUT_SKIN1_90_5.txt,OUTPUT_LN2_90_5.txt,0.720819217,23,0.720890598,0.720305724,0.720555515,0.720537104,0.783920811
5327,INPUT_SKIN1_90_5.txt,OUTPUT_LUNG_90_5.txt,0.682637222,23,0.683041887,0.68312679,0.682653407,0.682734228,0.674134411
5328,INPUT_SKIN1_90_5.txt,OUTPUT_S_90_5.txt,6.097905485,23,6.098510107,6.097807032,6.098499081,6.098231691,6.32657703
5329,INPUT_SKIN1_90_5.txt,OUTPUT_SKIN1_90_5.txt,-482166,23,-482103.5,-482139.5,-482123.5,-482136.5,-535869.5
5330,INPUT_SKIN1_90_5.txt,OUTPUT_SKIN10_90_5.txt,0.243210242,23,0.243246489,0.243228526,0.243238442,0.24322976,0.274707669
5331,INPUT_SKIN1_90_5.txt,OUTPUT_SKIN11_90_5.txt,0.547380281,23,0.547423026,0.547423469,0.547466587,0.547321148,0.512988822
5332,INPUT_SKIN1_90_5.txt,OUTPUT_SKIN12_90_5.txt,0.152579191,23,0.152633511,0.152582218,0.152638378,0.152588534,0.151262834
5333,INPUT_SKIN1_90_5.txt,OUTPUT_SKIN2_90_5.txt,0.247374683,23,0.247504052,0.247488056,0.247460686,0.247469551,0.25255636
5334,INPUT_SKIN1_90_5.txt,OUTPUT_SKIN3_90_5.txt,0.523885913,23,0.523920916,0.523937762,0.5239262,0.52397957,0.508784207
5335,INPUT_SKIN1_90_5.txt,OUTPUT_SKIN4_90_5.txt,1.238899406,23,1.239056984,1.239078766,1.238724358,1.238522745,1.183033096
5336,INPUT_SKIN1_90_5.txt,OUTPUT_SKIN5_90_5.txt,0.281747295,23,0.281787384,0.281760487,0.281783224,0.281766317,0.272944076
5337,INPUT_SKIN1_90_5.txt,OUTPUT_SKIN6_90_5.txt,0.690396574,23,0.689920018,0.690195793,0.688597173,0.690365755,0.696993535
5338,INPUT_SKIN1_90_5.txt,OUTPUT_SKIN7_90_5.txt,0.193334011,23,0.19332474,0.193338085,0.1933359,0.193282809,0.183390599
5339,INPUT_SKIN1_90_5.txt,OUTPUT_SKIN8_90_5.txt,0.351316774,23,0.351373333,0.351413876,0.351413223,0.351282428,0.327617137
5340,INPUT_SKIN1_90_5.txt,OUTPUT_SKIN9_90_5.txt,0.184671845,23,0.184733347,0.184714123,0.184785895,0.184698533,0.180549366
5341,INPUT_SKIN10_90_5.txt,OUTPUT_BM1_90_5.txt,1.167424134,23,1.16755215,1.166551222,1.16714883,1.167521245,1.319189227
5342,INPUT_SKIN10_90_5.txt,OUTPUT_BM2_90_5.txt,1.38515438,23,1.386323723,1.38603091,1.385627283,1.385559772,1.39470335
5343,INPUT_SKIN10_90_5.txt,OUTPUT_GUT_90_5.txt,0.518314875,23,0.518825727,0.518633133,0.518545078,0.518475593,0.530158289
5344,INPUT_SKIN10_90_5.txt,OUTPUT_L_90_5.txt,3.546561663,23,3.549035131,3.547006656,3.546508362,3.54768274,3.521724782
5345,INPUT_SKIN10_90_5.txt,OUTPUT_LN1_90_5.txt,2.883782974,23,2.883065067,2.88492827,2.88403926,2.883620407,2.841098965
5346,INPUT_SKIN10_90_5.txt,OUTPUT_LN2_90_5.txt,0.36442949,23,0.364423561,0.364134166,0.36425602,0.36425776,0.476278247
5347,INPUT_SKIN10_90_5.txt,OUTPUT_LUNG_90_5.txt,0.26429137,23,0.264431388,0.264488403,0.264274811,0.264318011,0.25620955
5348,INPUT_SKIN10_90_5.txt,OUTPUT_S_90_5.txt,2.011994448,23,2.012808944,2.013525199,2.011928028,2.012222358,1.86444621
5349,INPUT_SKIN10_90_5.txt,OUTPUT_SKIN1_90_5.txt,0.287021507,23,0.286951743,0.287010393,0.286976406,0.287010099,0.276783697
5350,INPUT_SKIN10_90_5.txt,OUTPUT_SKIN10_90_5.txt,-490096.5,23,-490089,-490092.5,-490091.5,-490091,-544605.5
5351,INPUT_SKIN10_90_5.txt,OUTPUT_SKIN11_90_5.txt,0.154005086,23,0.153998108,0.154009284,0.154019735,0.15397845,0.150865608
5352,INPUT_SKIN10_90_5.txt,OUTPUT_SKIN12_90_5.txt,0.135757925,23,0.13579035,0.135754267,0.135799935,0.13575912,0.133882532
5353,INPUT_SKIN10_90_5.txt,OUTPUT_SKIN2_90_5.txt,0.184596483,23,0.184674155,0.184674759,0.184647757,0.184659903,0.181195952
5354,INPUT_SKIN10_90_5.txt,OUTPUT_SKIN3_90_5.txt,0.113934771,23,0.113929597,0.113940578,0.113934709,0.113949058,0.139317091
5355,INPUT_SKIN10_90_5.txt,OUTPUT_SKIN4_90_5.txt,0.526166619,23,0.526175623,0.526216355,0.526053208,0.52598277,0.534315191
5356,INPUT_SKIN10_90_5.txt,OUTPUT_SKIN5_90_5.txt,0.215738735,23,0.215747319,0.215738659,0.215752186,0.21574253,0.20837468
5357,INPUT_SKIN10_90_5.txt,OUTPUT_SKIN6_90_5.txt,0.784481725,23,0.783862258,0.784243434,0.78241382,0.784443377,0.789935471
5358,INPUT_SKIN10_90_5.txt,OUTPUT_SKIN7_90_5.txt,0.126666644,23,0.126644259,0.126663242,0.126658449,0.126626282,0.116734998
5359,INPUT_SKIN10_90_5.txt,OUTPUT_SKIN8_90_5.txt,0.318252012,23,0.318267047,0.31832673,0.318315756,0.318203887,0.286661621
5360,INPUT_SKIN10_90_5.txt,OUTPUT_SKIN9_90_5.txt,0.050890204,23,0.050901432,0.050899576,0.050917968,0.050895067,0.051613107
5361,INPUT_SKIN11_90_5.txt,OUTPUT_BM1_90_5.txt,2.43618034,23,2.436461059,2.434534497,2.435576993,2.436559153,2.440676575
5362,INPUT_SKIN11_90_5.txt,OUTPUT_BM2_90_5.txt,1.515728833,23,1.517025135,1.516659451,1.51618262,1.516290551,1.571699142
5363,INPUT_SKIN11_90_5.txt,OUTPUT_GUT_90_5.txt,49.68970241,23,49.68526193,49.69095666,49.69355655,49.67817067,50.96420191
5364,INPUT_SKIN11_90_5.txt,OUTPUT_L_90_5.txt,4.63435598,23,4.6372461,4.634706525,4.63411287,4.636012471,4.791057178
5365,INPUT_SKIN11_90_5.txt,OUTPUT_LN1_90_5.txt,0.043151325,23,0.043140012,0.043169772,0.043153973,0.043152006,0.040627628
5366,INPUT_SKIN11_90_5.txt,OUTPUT_LN2_90_5.txt,0.771783571,23,0.771783391,0.771161397,0.771394785,0.771489272,0.806144364
5367,INPUT_SKIN11_90_5.txt,OUTPUT_LUNG_90_5.txt,0.033314559,23,0.03333172,0.033337445,0.033311299,0.033320356,0.031592664
5368,INPUT_SKIN11_90_5.txt,OUTPUT_S_90_5.txt,5.52541601,23,5.526899166,5.527895515,5.525100445,5.526277318,5.481261217
5369,INPUT_SKIN11_90_5.txt,OUTPUT_SKIN1_90_5.txt,0.524054545,23,0.523935333,0.524040101,0.523953389,0.524089877,0.527140021
5370,INPUT_SKIN11_90_5.txt,OUTPUT_SKIN10_90_5.txt,0.179132859,23,0.179137321,0.179132122,0.179128434,0.179148646,0.175901432
5371,INPUT_SKIN11_90_5.txt,OUTPUT_SKIN11_90_5.txt,-529513.5,23,-529497,-529517,-529529,-529466,-588365.5
5372,INPUT_SKIN11_90_5.txt,OUTPUT_SKIN12_90_5.txt,0.189982966,23,0.190031536,0.189975043,0.19003431,0.189999676,0.198139628
5373,INPUT_SKIN11_90_5.txt,OUTPUT_SKIN2_90_5.txt,0.190595565,23,0.190676336,0.190671063,0.190639348,0.190673986,0.192304203
5374,INPUT_SKIN11_90_5.txt,OUTPUT_SKIN3_90_5.txt,0.116858862,23,0.116855281,0.116863189,0.116854175,0.116882914,0.144014128
5375,INPUT_SKIN11_90_5.txt,OUTPUT_SKIN4_90_5.txt,1.054517287,23,1.054551768,1.054601051,1.054247897,1.054218256,1.03175817
5376,INPUT_SKIN11_90_5.txt,OUTPUT_SKIN5_90_5.txt,0.43564214,23,0.435661036,0.435635584,0.435646365,0.4356838,0.470476722
5377,INPUT_SKIN11_90_5.txt,OUTPUT_SKIN6_90_5.txt,0.621844194,23,0.621348021,0.621628006,0.620124114,0.621818295,0.620349932
5378,INPUT_SKIN11_90_5.txt,OUTPUT_SKIN7_90_5.txt,0.190656828,23,0.190624152,0.190647628,0.190636553,0.19060838,0.215877977
5379,INPUT_SKIN11_90_5.txt,OUTPUT_SKIN8_90_5.txt,1.085436479,23,1.085503177,1.085663749,1.085601482,1.085366243,1.391661986
5380,INPUT_SKIN11_90_5.txt,OUTPUT_SKIN9_90_5.txt,0.101913164,23,0.101937233,0.101930392,0.101964642,0.101930903,0.10050327
5381,INPUT_SKIN12_90_5.txt,OUTPUT_BM1_90_5.txt,0.77130534,23,0.771272981,0.770836857,0.771029409,0.77134672,0.734364658
5382,INPUT_SKIN12_90_5.txt,OUTPUT_BM2_90_5.txt,0.747733594,23,0.748162127,0.74813287,0.747823543,0.747905145,0.779716274
5383,INPUT_SKIN12_90_5.txt,OUTPUT_GUT_90_5.txt,0.476589699,23,0.477004229,0.476889611,0.476728946,0.476733576,0.494060986
5384,INPUT_SKIN12_90_5.txt,OUTPUT_L_90_5.txt,1.718815893,23,1.719226931,1.71885673,1.718507712,1.719074321,1.781193465
5385,INPUT_SKIN12_90_5.txt,OUTPUT_LN1_90_5.txt,0.14434193,23,0.144282265,0.144408466,0.144333613,0.144330966,0.141962217
5386,INPUT_SKIN12_90_5.txt,OUTPUT_LN2_90_5.txt,0.448905761,23,0.44884001,0.448578796,0.448639999,0.448707774,0.441330723
5387,INPUT_SKIN12_90_5.txt,OUTPUT_LUNG_90_5.txt,0.023489786,23,0.023498464,0.023506449,0.023484659,0.023491759,0.022048393
5388,INPUT_SKIN12_90_5.txt,OUTPUT_S_90_5.txt,1.461568512,23,1.461707933,1.462202724,1.461294355,1.461636475,1.438508879
5389,INPUT_SKIN12_90_5.txt,OUTPUT_SKIN1_90_5.txt,0.234339513,23,0.234252327,0.234317928,0.234263177,0.234310907,0.249934973
5390,INPUT_SKIN12_90_5.txt,OUTPUT_SKIN10_90_5.txt,0.189942764,23,0.189923215,0.189947778,0.189916507,0.189944518,0.207732127
5391,INPUT_SKIN12_90_5.txt,OUTPUT_SKIN11_90_5.txt,0.128051106,23,0.128029068,0.128055485,0.128041472,0.128028555,0.125199483
5392,INPUT_SKIN12_90_5.txt,OUTPUT_SKIN12_90_5.txt,-654202,23,-654276,-654190.5,-654300,-654202,-727125
5393,INPUT_SKIN12_90_5.txt,OUTPUT_SKIN2_90_5.txt,0.085617514,23,0.085641442,0.085653505,0.085626862,0.085645065,0.08455481
5394,INPUT_SKIN12_90_5.txt,OUTPUT_SKIN3_90_5.txt,0.210653752,23,0.210617176,0.210666478,0.210619993,0.21067783,0.209589318
5395,INPUT_SKIN12_90_5.txt,OUTPUT_SKIN4_90_5.txt,0.402973389,23,0.40292949,0.403018282,0.402822167,0.40282679,0.377233399
5396,INPUT_SKIN12_90_5.txt,OUTPUT_SKIN5_90_5.txt,0.162669418,23,0.1626543,0.162670937,0.162652668,0.162670417,0.155804137
5397,INPUT_SKIN12_90_5.txt,OUTPUT_SKIN6_90_5.txt,0.595302399,23,0.59475404,0.595344099,0.595000681,0.595586484,0.581023702
5398,INPUT_SKIN12_90_5.txt,OUTPUT_SKIN7_90_5.txt,0.081030913,23,0.081007368,0.081029782,0.081012422,0.081004517,0.074925205
5399,INPUT_SKIN12_90_5.txt,OUTPUT_SKIN8_90_5.txt,0.595780469,23,0.59572626,0.595905506,0.595787798,0.595694407,0.546554684
5400,INPUT_SKIN12_90_5.txt,OUTPUT_SKIN9_90_5.txt,0.073236168,23,0.073242752,0.073250209,0.073263986,0.073242274,0.078282951
5401,INPUT_SKIN2_90_5.txt,OUTPUT_BM1_90_5.txt,3.607335256,23,3.606917875,3.604157087,3.606072717,3.606979922,3.783925648
5402,INPUT_SKIN2_90_5.txt,OUTPUT_BM2_90_5.txt,1.643375391,23,1.644505345,1.644137974,1.643742637,1.643602692,1.696136208
5403,INPUT_SKIN2_90_5.txt,OUTPUT_GUT_90_5.txt,0.52418303,23,0.524592093,0.524397548,0.524343039,0.524256018,0.552700798
5404,INPUT_SKIN2_90_5.txt,OUTPUT_L_90_5.txt,3.823409413,23,3.825707422,3.82312263,3.822793212,3.824152748,4.131292499
5405,INPUT_SKIN2_90_5.txt,OUTPUT_LN1_90_5.txt,1.910578805,23,1.909637759,1.911011504,1.910496519,1.910123047,2.01526019
5406,INPUT_SKIN2_90_5.txt,OUTPUT_LN2_90_5.txt,0.683759578,23,0.683602583,0.683062782,0.683338832,0.683319676,0.701711417
5407,INPUT_SKIN2_90_5.txt,OUTPUT_LUNG_90_5.txt,0.144255688,23,0.144302216,0.144333863,0.144226549,0.144245616,0.150974456
5408,INPUT_SKIN2_90_5.txt,OUTPUT_S_90_5.txt,8.527843649,23,8.528009774,8.529759439,8.526495176,8.526921536,8.727456556
5409,INPUT_SKIN2_90_5.txt,OUTPUT_SKIN1_90_5.txt,0.404554243,23,0.404363757,0.404439572,0.404428127,0.404452285,0.418465565
5410,INPUT_SKIN2_90_5.txt,OUTPUT_SKIN10_90_5.txt,0.23909485,23,0.239040659,0.239042815,0.23905904,0.239051061,0.235379801
5411,INPUT_SKIN2_90_5.txt,OUTPUT_SKIN11_90_5.txt,0.169708008,23,0.169665043,0.169677001,0.169699112,0.169651155,0.172283831
5412,INPUT_SKIN2_90_5.txt,OUTPUT_SKIN12_90_5.txt,0.072377392,23,0.072379801,0.072360232,0.072390146,0.072365657,0.071728615
5413,INPUT_SKIN2_90_5.txt,OUTPUT_SKIN2_90_5.txt,-494121,23,-494218,-494220.5,-494185,-494200.5,-548927.5
5414,INPUT_SKIN2_90_5.txt,OUTPUT_SKIN3_90_5.txt,0.142543506,23,0.142506194,0.142521416,0.142523376,0.142538158,0.157308761
5415,INPUT_SKIN2_90_5.txt,OUTPUT_SKIN4_90_5.txt,0.560102011,23,0.559993571,0.560041263,0.559895356,0.559799474,0.568565256
5416,INPUT_SKIN2_90_5.txt,OUTPUT_SKIN5_90_5.txt,0.289659768,23,0.289610018,0.289599057,0.289637294,0.289615049,0.283505053
5417,INPUT_SKIN2_90_5.txt,OUTPUT_SKIN6_90_5.txt,0.654187986,23,0.653490767,0.652902293,0.646927978,0.652666396,0.649225322
5418,INPUT_SKIN2_90_5.txt,OUTPUT_SKIN7_90_5.txt,0.149394933,23,0.149334621,0.149359088,0.149363832,0.14931839,0.182392526
5419,INPUT_SKIN2_90_5.txt,OUTPUT_SKIN8_90_5.txt,0.322141751,23,0.322088719,0.322150357,0.322161631,0.32203695,0.293008851
5420,INPUT_SKIN2_90_5.txt,OUTPUT_SKIN9_90_5.txt,0.088218645,23,0.088221816,0.088218439,0.088260682,0.08821286,0.090530649
5421,INPUT_SKIN3_90_5.txt,OUTPUT_BM1_90_5.txt,1.226182723,23,1.226292485,1.225577109,1.22600113,1.226166597,1.643574059
5422,INPUT_SKIN3_90_5.txt,OUTPUT_BM2_90_5.txt,1.409882704,23,1.410542297,1.410316461,1.41013651,1.410010215,1.373904348
5423,INPUT_SKIN3_90_5.txt,OUTPUT_GUT_90_5.txt,0.837512104,23,0.838356009,0.838006088,0.837882891,0.837717781,0.818366976
5424,INPUT_SKIN3_90_5.txt,OUTPUT_L_90_5.txt,2.423432223,23,2.423615875,2.42337717,2.423441036,2.423339196,2.399996287
5425,INPUT_SKIN3_90_5.txt,OUTPUT_LN1_90_5.txt,0.036014511,23,0.0360051,0.036029285,0.03601795,0.036009803,0.053591954
5426,INPUT_SKIN3_90_5.txt,OUTPUT_LN2_90_5.txt,0.458383695,23,0.458383351,0.45803539,0.458186125,0.458157576,0.429082532
5427,INPUT_SKIN3_90_5.txt,OUTPUT_LUNG_90_5.txt,0.218202504,23,0.218315677,0.218350472,0.218188583,0.218208522,0.202045778
5428,INPUT_SKIN3_90_5.txt,OUTPUT_S_90_5.txt,2.429003311,23,2.429147885,2.429083877,2.429008461,2.428879255,2.490724746
5429,INPUT_SKIN3_90_5.txt,OUTPUT_SKIN1_90_5.txt,0.654872455,23,0.654722397,0.654786325,0.654760372,0.654754766,0.679396335
5430,INPUT_SKIN3_90_5.txt,OUTPUT_SKIN10_90_5.txt,0.249763891,23,0.249763843,0.249758504,0.249766225,0.249745988,0.281271794
5431,INPUT_SKIN3_90_5.txt,OUTPUT_SKIN11_90_5.txt,0.324911687,23,0.324903176,0.324910887,0.324942115,0.324836533,0.334371888
5432,INPUT_SKIN3_90_5.txt,OUTPUT_SKIN12_90_5.txt,0.583129365,23,0.583279613,0.583096236,0.583307942,0.583095927,0.650990819
5433,INPUT_SKIN3_90_5.txt,OUTPUT_SKIN2_90_5.txt,0.119756973,23,0.119807601,0.119802599,0.119788593,0.119788611,0.125545886
5434,INPUT_SKIN3_90_5.txt,OUTPUT_SKIN3_90_5.txt,-279796,23,-279787.5,-279802,-279794.5,-279812,-310850.5
5435,INPUT_SKIN3_90_5.txt,OUTPUT_SKIN4_90_5.txt,1.810609766,23,1.810669981,1.81073747,1.810209309,1.809847791,1.665240032
5436,INPUT_SKIN3_90_5.txt,OUTPUT_SKIN5_90_5.txt,0.210894969,23,0.210905591,0.210888699,0.210905917,0.21088418,0.239193142
5437,INPUT_SKIN3_90_5.txt,OUTPUT_SKIN6_90_5.txt,0.946520639,23,0.945813425,0.946573263,0.946202388,0.946964974,0.926530216
5438,INPUT_SKIN3_90_5.txt,OUTPUT_SKIN7_90_5.txt,1.771529667,23,1.771291341,1.771499093,1.771398039,1.770870325,1.736622562
5439,INPUT_SKIN3_90_5.txt,OUTPUT_SKIN8_90_5.txt,0.496406745,23,0.496434822,0.496494868,0.496493254,0.496305949,0.451918211
5440,INPUT_SKIN3_90_5.txt,OUTPUT_SKIN9_90_5.txt,0.150397019,23,0.150431751,0.150419629,0.150476444,0.150400778,0.138080394
5441,INPUT_SKIN4_90_5.txt,OUTPUT_BM1_90_5.txt,0.639852927,23,0.639884666,0.639561459,0.639842237,0.639996747,0.650847013
5442,INPUT_SKIN4_90_5.txt,OUTPUT_BM2_90_5.txt,0.787240008,23,0.787480506,0.787384802,0.787427912,0.787468617,0.790105252
5443,INPUT_SKIN4_90_5.txt,OUTPUT_GUT_90_5.txt,85.96012863,23,86.03221691,85.98944349,86.00109664,85.9881196,87.32695415
5444,INPUT_SKIN4_90_5.txt,OUTPUT_L_90_5.txt,0.890178735,23,0.890379001,0.89014631,0.890274653,0.890434614,0.902582488
5445,INPUT_SKIN4_90_5.txt,OUTPUT_LN1_90_5.txt,0.057099195,23,0.057081977,0.057121953,0.057111048,0.057105411,0.064501215
5446,INPUT_SKIN4_90_5.txt,OUTPUT_LN2_90_5.txt,0.541256993,23,0.54123987,0.540921605,0.54113898,0.541173683,0.569563436
5447,INPUT_SKIN4_90_5.txt,OUTPUT_LUNG_90_5.txt,0.765586118,23,0.765862451,0.765947202,0.765636125,0.765777736,0.757040077
5448,INPUT_SKIN4_90_5.txt,OUTPUT_S_90_5.txt,0.597549179,23,0.597687938,0.597790639,0.597602818,0.597696715,0.639894643
5449,INPUT_SKIN4_90_5.txt,OUTPUT_SKIN1_90_5.txt,0.489065975,23,0.48893806,0.488989429,0.489035819,0.489096825,0.483512505
5450,INPUT_SKIN4_90_5.txt,OUTPUT_SKIN10_90_5.txt,0.095793486,23,0.095790453,0.095788616,0.095804203,0.095809596,0.08928462
5451,INPUT_SKIN4_90_5.txt,OUTPUT_SKIN11_90_5.txt,0.127977487,23,0.127971168,0.127975445,0.128002084,0.127979377,0.13523833
5452,INPUT_SKIN4_90_5.txt,OUTPUT_SKIN12_90_5.txt,0.055417767,23,0.05543025,0.055413267,0.055440742,0.055427998,0.056836175
5453,INPUT_SKIN4_90_5.txt,OUTPUT_SKIN2_90_5.txt,0.053733294,23,0.05375418,0.05375231,0.053753228,0.053760352,0.056072045
5454,INPUT_SKIN4_90_5.txt,OUTPUT_SKIN3_90_5.txt,0.059489093,23,0.059485413,0.059488908,0.059495283,0.059506883,0.054804432
5455,INPUT_SKIN4_90_5.txt,OUTPUT_SKIN4_90_5.txt,-902803.5,23,-902804.5,-902845,-902700,-902637,-1003011
5456,INPUT_SKIN4_90_5.txt,OUTPUT_SKIN5_90_5.txt,0.087673335,23,0.087674331,0.087668563,0.087686868,0.087690076,0.083809468
5457,INPUT_SKIN4_90_5.txt,OUTPUT_SKIN6_90_5.txt,0.509408909,23,0.508991565,0.508999995,0.506807808,0.509116418,0.501606337
5458,INPUT_SKIN4_90_5.txt,OUTPUT_SKIN7_90_5.txt,0.094529801,23,0.094513059,0.094522227,0.094533227,0.094516591,0.086161598
5459,INPUT_SKIN4_90_5.txt,OUTPUT_SKIN8_90_5.txt,0.152182181,23,0.152186207,0.152206852,0.152226527,0.152187236,0.139763018
5460,INPUT_SKIN4_90_5.txt,OUTPUT_SKIN9_90_5.txt,0.03678232,23,0.036789738,0.036787019,0.036805991,0.036792174,0.038344023
5461,INPUT_SKIN5_90_5.txt,OUTPUT_BM1_90_5.txt,1.293378615,23,1.293472307,1.292567817,1.29308773,1.293452192,1.506737268
5462,INPUT_SKIN5_90_5.txt,OUTPUT_BM2_90_5.txt,5.435964848,23,5.435189552,5.435429198,5.435559994,5.4356961,5.512302343
5463,INPUT_SKIN5_90_5.txt,OUTPUT_GUT_90_5.txt,43.41517566,23,43.41388476,43.41416125,43.41335382,43.41439103,43.87376705
5464,INPUT_SKIN5_90_5.txt,OUTPUT_L_90_5.txt,3.079389852,23,3.080467194,3.0794621,3.079288371,3.079870453,3.052921119
5465,INPUT_SKIN5_90_5.txt,OUTPUT_LN1_90_5.txt,11.01652792,23,11.0174339,11.0151151,11.01597788,11.01673233,11.13799834
5466,INPUT_SKIN5_90_5.txt,OUTPUT_LN2_90_5.txt,0.520553484,23,0.520533907,0.52015118,0.520303684,0.520313305,0.645249607
5467,INPUT_SKIN5_90_5.txt,OUTPUT_LUNG_90_5.txt,0.565934087,23,0.566203123,0.566327036,0.565884416,0.565979787,0.548564197
5468,INPUT_SKIN5_90_5.txt,OUTPUT_S_90_5.txt,2.174024763,23,2.174581095,2.175134919,2.173918666,2.174167277,2.251654346
5469,INPUT_SKIN5_90_5.txt,OUTPUT_SKIN1_90_5.txt,0.64324965,23,0.643079504,0.643181964,0.643124118,0.643169532,0.707207669
5470,INPUT_SKIN5_90_5.txt,OUTPUT_SKIN10_90_5.txt,0.218108306,23,0.218100297,0.218105635,0.218099647,0.218102745,0.214266132
5471,INPUT_SKIN5_90_5.txt,OUTPUT_SKIN11_90_5.txt,0.272836684,23,0.272818048,0.272841438,0.27284735,0.272786896,0.299209512
5472,INPUT_SKIN5_90_5.txt,OUTPUT_SKIN12_90_5.txt,0.085886151,23,0.085905049,0.085883483,0.085910205,0.085885887,0.078545362
5473,INPUT_SKIN5_90_5.txt,OUTPUT_SKIN2_90_5.txt,0.530503416,23,0.530708474,0.530719277,0.530630531,0.530672517,0.632880835
5474,INPUT_SKIN5_90_5.txt,OUTPUT_SKIN3_90_5.txt,0.49860535,23,0.498572125,0.498628676,0.498590294,0.498660616,0.503927653
5475,INPUT_SKIN5_90_5.txt,OUTPUT_SKIN4_90_5.txt,1.13835233,23,1.138347575,1.138470953,1.138075295,1.137950782,1.105901076
5476,INPUT_SKIN5_90_5.txt,OUTPUT_SKIN5_90_5.txt,-488614,23,-488617,-488612,-488623.5,-488615.5,-542375.5
5477,INPUT_SKIN5_90_5.txt,OUTPUT_SKIN6_90_5.txt,0.6820823,23,0.681484684,0.679847619,0.668736,0.679157292,0.637297306
5478,INPUT_SKIN5_90_5.txt,OUTPUT_SKIN7_90_5.txt,0.113130229,23,0.113109419,0.113126854,0.113119161,0.113092997,0.105843435
5479,INPUT_SKIN5_90_5.txt,OUTPUT_SKIN8_90_5.txt,0.649104206,23,0.649118256,0.649242021,0.649206173,0.649003868,0.592462384
5480,INPUT_SKIN5_90_5.txt,OUTPUT_SKIN9_90_5.txt,0.099089418,23,0.099109014,0.099107139,0.099140168,0.099097411,0.090400244
5481,INPUT_SKIN6_90_5.txt,OUTPUT_BM1_90_5.txt,4.64758311,23,4.649395119,4.648206461,4.648762504,4.646469153,4.659179701
5482,INPUT_SKIN6_90_5.txt,OUTPUT_BM2_90_5.txt,4.068466848,23,4.069601106,4.067888221,4.069039278,4.067407981,4.076630321
5483,INPUT_SKIN6_90_5.txt,OUTPUT_GUT_90_5.txt,65.85749999,23,65.85008318,65.86199484,65.83698065,65.86382984,65.75554623
5484,INPUT_SKIN6_90_5.txt,OUTPUT_L_90_5.txt,3.922754119,23,3.923863463,3.922542659,3.923533173,3.921687401,3.930856424
5485,INPUT_SKIN6_90_5.txt,OUTPUT_LN1_90_5.txt,8.531021192,23,8.53547852,8.529655609,8.532473963,8.529430025,8.554119778
5486,INPUT_SKIN6_90_5.txt,OUTPUT_LN2_90_5.txt,8.296080184,23,8.299431395,8.299633244,8.300336924,8.296447938,8.315727798
5487,INPUT_SKIN6_90_5.txt,OUTPUT_LUNG_90_5.txt,8.699029613,23,8.702953123,8.698044682,8.700766032,8.697246488,8.664570361
5488,INPUT_SKIN6_90_5.txt,OUTPUT_S_90_5.txt,4.044434615,23,4.045833335,4.043738031,4.045248649,4.043497112,4.052935228
5489,INPUT_SKIN6_90_5.txt,OUTPUT_SKIN1_90_5.txt,56.96289101,23,56.99384433,56.94696379,56.96468501,56.96111727,57.01301662
5490,INPUT_SKIN6_90_5.txt,OUTPUT_SKIN10_90_5.txt,30.90657505,23,30.91828149,30.90323085,30.90922739,30.89937704,30.9475324
5491,INPUT_SKIN6_90_5.txt,OUTPUT_SKIN11_90_5.txt,37.20194931,23,37.21881245,37.19891847,37.20930199,37.19017123,37.2787993
5492,INPUT_SKIN6_90_5.txt,OUTPUT_SKIN12_90_5.txt,36.89138593,23,36.91894571,36.89881793,36.97710357,36.90330433,37.02548292
5493,INPUT_SKIN6_90_5.txt,OUTPUT_SKIN2_90_5.txt,19.57301477,23,19.58937228,19.57867515,19.58111297,19.57441024,19.59132451
5494,INPUT_SKIN6_90_5.txt,OUTPUT_SKIN3_90_5.txt,29.0531895,23,29.06597796,29.05421181,29.06036626,29.05239082,29.04762246
5495,INPUT_SKIN6_90_5.txt,OUTPUT_SKIN4_90_5.txt,112.3674567,23,112.4659359,112.4296443,112.4088784,112.4473212,112.8000361
5496,INPUT_SKIN6_90_5.txt,OUTPUT_SKIN5_90_5.txt,64.00542463,23,64.04220989,63.9941576,64.02075384,63.99067703,63.95436286
5497,INPUT_SKIN6_90_5.txt,OUTPUT_SKIN6_90_5.txt,-1120208,23,-1119766.5,-1120252,-1120011.5,-1120445,-1241377
5498,INPUT_SKIN6_90_5.txt,OUTPUT_SKIN7_90_5.txt,10.58366377,23,10.58698585,10.58277016,10.58470714,10.57876249,10.33944603
5499,INPUT_SKIN6_90_5.txt,OUTPUT_SKIN8_90_5.txt,9.066494421,23,9.069474487,9.064161989,9.066811158,9.065339904,9.073582678
5500,INPUT_SKIN6_90_5.txt,OUTPUT_SKIN9_90_5.txt,7.217189846,23,7.220173312,7.216890328,7.218792261,7.215654574,7.224073137
5501,INPUT_SKIN7_90_5.txt,OUTPUT_BM1_90_5.txt,0.88049496,23,0.880510037,0.879858788,0.880322899,0.880556434,1.267951952
5502,INPUT_SKIN7_90_5.txt,OUTPUT_BM2_90_5.txt,1.282021554,23,1.282793012,1.282821586,1.282493442,1.282223649,1.271173081
5503,INPUT_SKIN7_90_5.txt,OUTPUT_GUT_90_5.txt,42.11939748,23,42.13941063,42.1221352,42.11992254,42.13022279,42.61413778
5504,INPUT_SKIN7_90_5.txt,OUTPUT_L_90_5.txt,3.203571605,23,3.203391185,3.204149654,3.203751835,3.202624256,3.195167731
5505,INPUT_SKIN7_90_5.txt,OUTPUT_LN1_90_5.txt,0.079391683,23,0.079373885,0.079429171,0.079402361,0.07939803,0.072673641
5506,INPUT_SKIN7_90_5.txt,OUTPUT_LN2_90_5.txt,1.528108677,23,1.527944386,1.527036178,1.527526355,1.527451057,0.469387028
5507,INPUT_SKIN7_90_5.txt,OUTPUT_LUNG_90_5.txt,0.154518801,23,0.154609131,0.154632737,0.15451393,0.154556507,0.156398496
5508,INPUT_SKIN7_90_5.txt,OUTPUT_S_90_5.txt,3.245695138,23,3.244572874,3.247525103,3.245848791,3.244189131,3.29605246
5509,INPUT_SKIN7_90_5.txt,OUTPUT_SKIN1_90_5.txt,0.316198079,23,0.316144407,0.316168676,0.316154727,0.316211061,0.300089885
5510,INPUT_SKIN7_90_5.txt,OUTPUT_SKIN10_90_5.txt,0.25446829,23,0.254482945,0.254474249,0.254481778,0.25450684,0.247349275
5511,INPUT_SKIN7_90_5.txt,OUTPUT_SKIN11_90_5.txt,0.188074409,23,0.188079845,0.188080597,0.188093314,0.188071766,0.184690674
5512,INPUT_SKIN7_90_5.txt,OUTPUT_SKIN12_90_5.txt,0.135592721,23,0.135635058,0.135590249,0.135638655,0.135614438,0.139066886
5513,INPUT_SKIN7_90_5.txt,OUTPUT_SKIN2_90_5.txt,0.103924072,23,0.103974037,0.103967699,0.103955074,0.103974386,0.101036065
5514,INPUT_SKIN7_90_5.txt,OUTPUT_SKIN3_90_5.txt,0.130541222,23,0.130544951,0.130549025,0.130544929,0.130577475,0.163366995
5515,INPUT_SKIN7_90_5.txt,OUTPUT_SKIN4_90_5.txt,0.507175477,23,0.507222699,0.507225969,0.507078958,0.507072051,0.501524253
5516,INPUT_SKIN7_90_5.txt,OUTPUT_SKIN5_90_5.txt,0.186102768,23,0.186121641,0.186104397,0.186117295,0.186134313,0.182891382
5517,INPUT_SKIN7_90_5.txt,OUTPUT_SKIN6_90_5.txt,0.6155444,23,0.615108235,0.615307641,0.613632943,0.615548132,0.626660718
5518,INPUT_SKIN7_90_5.txt,OUTPUT_SKIN7_90_5.txt,-471981.5,23,-471939.5,-471973.5,-471963,-471904.5,-524158.5
5519,INPUT_SKIN7_90_5.txt,OUTPUT_SKIN8_90_5.txt,0.326900754,23,0.326930235,0.326980106,0.326975638,0.326891723,0.300482443
5520,INPUT_SKIN7_90_5.txt,OUTPUT_SKIN9_90_5.txt,0.065013142,23,0.065032069,0.065025678,0.065050447,0.065029042,0.065004934
5521,INPUT_SKIN8_90_5.txt,OUTPUT_BM1_90_5.txt,1.065972009,23,1.066066746,1.064963576,1.065582186,1.066142556,1.03301749
5522,INPUT_SKIN8_90_5.txt,OUTPUT_BM2_90_5.txt,1.997457472,23,1.999291757,1.998648442,1.998021214,1.99824473,2.149499972
5523,INPUT_SKIN8_90_5.txt,OUTPUT_GUT_90_5.txt,0.466396583,23,0.466821468,0.466611867,0.466544306,0.466569002,0.489547561
5524,INPUT_SKIN8_90_5.txt,OUTPUT_L_90_5.txt,2.716767987,23,2.719485522,2.716958137,2.716429212,2.718202466,2.749899626
5525,INPUT_SKIN8_90_5.txt,OUTPUT_LN1_90_5.txt,0.05095383,23,0.050938009,0.050970093,0.050953519,0.050954272,0.066451532
5526,INPUT_SKIN8_90_5.txt,OUTPUT_LN2_90_5.txt,0.366656336,23,0.366638637,0.366303851,0.366436411,0.366503825,0.360196702
5527,INPUT_SKIN8_90_5.txt,OUTPUT_LUNG_90_5.txt,0.054183681,23,0.054209571,0.054215792,0.054174632,0.054192831,0.051578682
5528,INPUT_SKIN8_90_5.txt,OUTPUT_S_90_5.txt,1.949048532,23,1.949941167,1.950618496,1.948770531,1.949440887,1.907374363
5529,INPUT_SKIN8_90_5.txt,OUTPUT_SKIN1_90_5.txt,0.360225144,23,0.360126119,0.360147087,0.360127157,0.360215471,0.347413822
5530,INPUT_SKIN8_90_5.txt,OUTPUT_SKIN10_90_5.txt,0.148575582,23,0.14857264,0.148559528,0.148563062,0.148588344,0.141741054
5531,INPUT_SKIN8_90_5.txt,OUTPUT_SKIN11_90_5.txt,0.112268336,23,0.112259841,0.112257125,0.112265816,0.112257919,0.113250153
5532,INPUT_SKIN8_90_5.txt,OUTPUT_SKIN12_90_5.txt,0.071592045,23,0.071606846,0.071581217,0.071606499,0.071597806,0.079151808
5533,INPUT_SKIN8_90_5.txt,OUTPUT_SKIN2_90_5.txt,0.115951995,23,0.115995918,0.11598557,0.115970718,0.115999046,0.119014745
5534,INPUT_SKIN8_90_5.txt,OUTPUT_SKIN3_90_5.txt,0.192098525,23,0.192083411,0.192084457,0.192077657,0.192136813,0.205219399
5535,INPUT_SKIN8_90_5.txt,OUTPUT_SKIN4_90_5.txt,0.471731775,23,0.471724078,0.471713002,0.471581194,0.47160481,0.462718085
5536,INPUT_SKIN8_90_5.txt,OUTPUT_SKIN5_90_5.txt,0.180954586,23,0.180955811,0.180931934,0.180946199,0.180970786,0.174296281
5537,INPUT_SKIN8_90_5.txt,OUTPUT_SKIN6_90_5.txt,0.385076004,23,0.384753468,0.384933814,0.384181852,0.385104246,0.392963017
5538,INPUT_SKIN8_90_5.txt,OUTPUT_SKIN7_90_5.txt,0.066731534,23,0.066718434,0.06672167,0.066719863,0.066715259,0.063258711
5539,INPUT_SKIN8_90_5.txt,OUTPUT_SKIN8_90_5.txt,-423070,23,-423077,-423119,-423111,-423035,-470134.5
5540,INPUT_SKIN8_90_5.txt,OUTPUT_SKIN9_90_5.txt,0.068103986,23,0.068116875,0.068108106,0.068133924,0.068115383,0.066240065
5541,INPUT_SKIN9_90_5.txt,OUTPUT_BM1_90_5.txt,0.737735912,23,0.73773985,0.737060276,0.737346987,0.737764468,0.679684918
5542,INPUT_SKIN9_90_5.txt,OUTPUT_BM2_90_5.txt,1.733334238,23,1.734769129,1.734399281,1.733560366,1.733810208,1.744281385
5543,INPUT_SKIN9_90_5.txt,OUTPUT_GUT_90_5.txt,0.169014047,23,0.168918675,0.168950425,0.168933734,0.168982872,0.169082609
5544,INPUT_SKIN9_90_5.txt,OUTPUT_L_90_5.txt,4.295561482,23,4.29931217,4.29582366,4.294614999,4.297248525,4.17227742
5545,INPUT_SKIN9_90_5.txt,OUTPUT_LN1_90_5.txt,0.133301634,23,0.133246769,0.133350859,0.133278696,0.133285634,0.12729976
5546,INPUT_SKIN9_90_5.txt,OUTPUT_LN2_90_5.txt,0.404804727,23,0.404759868,0.40444112,0.404495348,0.404596563,0.430841843
5547,INPUT_SKIN9_90_5.txt,OUTPUT_LUNG_90_5.txt,0.048820044,23,0.048838672,0.048849636,0.048803609,0.048822099,0.046443558
5548,INPUT_SKIN9_90_5.txt,OUTPUT_S_90_5.txt,2.173882643,23,2.174691374,2.17565023,2.17327596,2.174066146,2.107485196
5549,INPUT_SKIN9_90_5.txt,OUTPUT_SKIN1_90_5.txt,0.253162202,23,0.253149395,0.253135324,0.25310182,0.253142588,0.253698915
5550,INPUT_SKIN9_90_5.txt,OUTPUT_SKIN10_90_5.txt,0.16344307,23,0.163426505,0.163429306,0.163400121,0.163436623,0.161223727
5551,INPUT_SKIN9_90_5.txt,OUTPUT_SKIN11_90_5.txt,0.132707994,23,0.132688168,0.132695445,0.132676582,0.132689967,0.134756027
5552,INPUT_SKIN9_90_5.txt,OUTPUT_SKIN12_90_5.txt,0.089856319,23,0.089859542,0.089846429,0.089848846,0.089852416,0.087144425
5553,INPUT_SKIN9_90_5.txt,OUTPUT_SKIN2_90_5.txt,0.131402727,23,0.131409745,0.13141239,0.131378709,0.131412645,0.130613552
5554,INPUT_SKIN9_90_5.txt,OUTPUT_SKIN3_90_5.txt,0.089847403,23,0.089834584,0.089841425,0.089822018,0.089849207,0.105937734
5555,INPUT_SKIN9_90_5.txt,OUTPUT_SKIN4_90_5.txt,0.208805583,23,0.208780661,0.208747026,0.208784799,0.208834109,0.207826016
5556,INPUT_SKIN9_90_5.txt,OUTPUT_SKIN5_90_5.txt,0.165636694,23,0.165621897,0.16562075,0.165598008,0.165630453,0.164688321
5557,INPUT_SKIN9_90_5.txt,OUTPUT_SKIN6_90_5.txt,0.342179785,23,0.341832415,0.341958531,0.341456715,0.342025683,0.338328307
5558,INPUT_SKIN9_90_5.txt,OUTPUT_SKIN7_90_5.txt,0.078111336,23,0.078087134,0.078103233,0.078086427,0.078083613,0.100489641
5559,INPUT_SKIN9_90_5.txt,OUTPUT_SKIN8_90_5.txt,2.020840857,23,2.020903841,2.021391387,2.020774192,2.020456646,0.249509284
5560,INPUT_SKIN9_90_5.txt,OUTPUT_SKIN9_90_5.txt,-544516,23,-544572,-544564,-544662,-544539,-604829.5
5561,INPUT_BM1_90_5.txt,OUTPUT_BM1_90_5.txt,-584472.5,24,-584406,-584489.5,-584443,-584356.5,-649101
5562,INPUT_BM1_90_5.txt,OUTPUT_BM2_90_5.txt,0.217729407,24,0.217830945,0.217603453,0.217782891,0.217656929,0.213050118
5563,INPUT_BM1_90_5.txt,OUTPUT_GUT_90_5.txt,0.321751577,24,0.322213334,0.32212353,0.322100195,0.32175333,0.323526001
5564,INPUT_BM1_90_5.txt,OUTPUT_L_90_5.txt,2.946421715,24,2.946213766,2.945367583,2.946061111,2.94651597,3.024171653
5565,INPUT_BM1_90_5.txt,OUTPUT_LN1_90_5.txt,0.39176799,24,0.391812153,0.391736807,0.391762153,0.391748249,0.3875806
5566,INPUT_BM1_90_5.txt,OUTPUT_LN2_90_5.txt,0.557603849,24,0.557474835,0.557266958,0.557480552,0.557342042,0.578676575
5567,INPUT_BM1_90_5.txt,OUTPUT_LUNG_90_5.txt,0.063457473,24,0.063481718,0.063469753,0.063444597,0.063465041,0.058892931
5568,INPUT_BM1_90_5.txt,OUTPUT_S_90_5.txt,11.49184485,24,11.50176039,11.49773178,11.49184999,11.50282178,11.92465896
5569,INPUT_BM1_90_5.txt,OUTPUT_SKIN1_90_5.txt,0.164333969,24,0.164410481,0.16438186,0.164368765,0.16439238,0.162622944
5570,INPUT_BM1_90_5.txt,OUTPUT_SKIN10_90_5.txt,0.162815984,24,0.162900746,0.162831888,0.162847152,0.162878502,0.161537945
5571,INPUT_BM1_90_5.txt,OUTPUT_SKIN11_90_5.txt,0.151162785,24,0.15123782,0.151236341,0.151221221,0.151190386,0.145944617
5572,INPUT_BM1_90_5.txt,OUTPUT_SKIN12_90_5.txt,0.029108182,24,0.029149075,0.029126053,0.02912474,0.02911701,0.031259983
5573,INPUT_BM1_90_5.txt,OUTPUT_SKIN2_90_5.txt,0.081604663,24,0.081616527,0.081609425,0.081604018,0.081616121,0.083562196
5574,INPUT_BM1_90_5.txt,OUTPUT_SKIN3_90_5.txt,0.047604434,24,0.047611214,0.047603723,0.047607742,0.04761232,0.045928713
5575,INPUT_BM1_90_5.txt,OUTPUT_SKIN4_90_5.txt,0.268423528,24,0.268458168,0.268408342,0.268429282,0.268481682,0.272086454
5576,INPUT_BM1_90_5.txt,OUTPUT_SKIN5_90_5.txt,0.133118832,24,0.133134054,0.133114936,0.133125575,0.133145371,0.130080605
5577,INPUT_BM1_90_5.txt,OUTPUT_SKIN6_90_5.txt,0.14046399,24,0.140499657,0.140471687,0.140492503,0.140502051,0.131548215
5578,INPUT_BM1_90_5.txt,OUTPUT_SKIN7_90_5.txt,0.089257236,24,0.08925394,0.089253461,0.089284731,0.089284997,0.086355813
5579,INPUT_BM1_90_5.txt,OUTPUT_SKIN8_90_5.txt,0.273541131,24,0.273404747,0.273472055,0.27348339,0.273540518,0.272197817
5580,INPUT_BM1_90_5.txt,OUTPUT_SKIN9_90_5.txt,0.225132303,24,0.225201094,0.225244354,0.225283452,0.225155654,0.223548424
5581,INPUT_BM2_90_5.txt,OUTPUT_BM1_90_5.txt,0.895713392,24,0.895349863,0.896013484,0.895539694,0.895598756,0.882249286
5582,INPUT_BM2_90_5.txt,OUTPUT_BM2_90_5.txt,-502581,24,-502669.5,-502443,-502630,-502447.5,-558565.5
5583,INPUT_BM2_90_5.txt,OUTPUT_GUT_90_5.txt,0.111314175,24,0.111311912,0.111361547,0.111328933,0.11134951,0.10424354
5584,INPUT_BM2_90_5.txt,OUTPUT_L_90_5.txt,2.707388485,24,2.70642066,2.707240294,2.706662344,2.707650216,2.73459653
5585,INPUT_BM2_90_5.txt,OUTPUT_LN1_90_5.txt,0.180739938,24,0.18071076,0.18079419,0.180726851,0.180794412,0.183131988
5586,INPUT_BM2_90_5.txt,OUTPUT_LN2_90_5.txt,0.516119368,24,0.515849715,0.515965657,0.515928678,0.515912181,0.531111451
5587,INPUT_BM2_90_5.txt,OUTPUT_LUNG_90_5.txt,0.081968388,24,0.081954588,0.081991481,0.081959772,0.081990066,0.084179043
5588,INPUT_BM2_90_5.txt,OUTPUT_S_90_5.txt,26.49424194,24,26.50838099,26.51210739,26.49126481,26.51731055,26.308044
5589,INPUT_BM2_90_5.txt,OUTPUT_SKIN1_90_5.txt,0.170548891,24,0.170485042,0.170563981,0.170532322,0.170596363,0.175469043
5590,INPUT_BM2_90_5.txt,OUTPUT_SKIN10_90_5.txt,0.124462192,24,0.124451945,0.12450241,0.124454803,0.124499976,0.128007473
5591,INPUT_BM2_90_5.txt,OUTPUT_SKIN11_90_5.txt,0.131160836,24,0.13117063,0.131230397,0.131178941,0.131197919,0.131792126
5592,INPUT_BM2_90_5.txt,OUTPUT_SKIN12_90_5.txt,0.022353774,24,0.022379196,0.022374159,0.022363013,0.022361757,0.023146483
5593,INPUT_BM2_90_5.txt,OUTPUT_SKIN2_90_5.txt,0.041486942,24,0.041480583,0.041501495,0.041480655,0.041495704,0.040489703
5594,INPUT_BM2_90_5.txt,OUTPUT_SKIN3_90_5.txt,0.06799034,24,0.067979825,0.068009794,0.067984685,0.068006716,0.05666156
5595,INPUT_BM2_90_5.txt,OUTPUT_SKIN4_90_5.txt,0.174791742,24,0.174761739,0.174841838,0.174776509,0.174839297,0.175468972
5596,INPUT_BM2_90_5.txt,OUTPUT_SKIN5_90_5.txt,0.079576135,24,0.079562172,0.07959812,0.079568439,0.079597406,0.075917924
5597,INPUT_BM2_90_5.txt,OUTPUT_SKIN6_90_5.txt,0.122047656,24,0.12203249,0.1220843,0.122043784,0.122085677,0.125071777
5598,INPUT_BM2_90_5.txt,OUTPUT_SKIN7_90_5.txt,0.06211692,24,0.062100935,0.062133492,0.062119493,0.0621372,0.059918161
5599,INPUT_BM2_90_5.txt,OUTPUT_SKIN8_90_5.txt,0.103388742,24,0.103372937,0.10342234,0.103379217,0.103421728,0.10163124
5600,INPUT_BM2_90_5.txt,OUTPUT_SKIN9_90_5.txt,0.198016578,24,0.197957485,0.198008808,0.197930352,0.198109303,0.219603591
5601,INPUT_GUT_90_5.txt,OUTPUT_BM1_90_5.txt,0.288055351,24,0.287809214,0.287865316,0.287869355,0.287999778,0.293305549
5602,INPUT_GUT_90_5.txt,OUTPUT_BM2_90_5.txt,0.030054991,24,0.030043853,0.030018134,0.030043167,0.030041372,0.029553655
5603,INPUT_GUT_90_5.txt,OUTPUT_GUT_90_5.txt,-492308.5,24,-492658.5,-492651.5,-492595,-492279,-546868.5
5604,INPUT_GUT_90_5.txt,OUTPUT_L_90_5.txt,0.52087892,24,0.520473405,0.52045384,0.520543311,0.52087903,0.544091524
5605,INPUT_GUT_90_5.txt,OUTPUT_LN1_90_5.txt,0.201928455,24,0.201782594,0.201774689,0.201794033,0.201885029,0.2123392
5606,INPUT_GUT_90_5.txt,OUTPUT_LN2_90_5.txt,0.129569522,24,0.129437549,0.129413076,0.129462821,0.129500195,0.121043232
5607,INPUT_GUT_90_5.txt,OUTPUT_LUNG_90_5.txt,0.024207037,24,0.024196655,0.024195847,0.024186503,0.024206459,0.027577062
5608,INPUT_GUT_90_5.txt,OUTPUT_S_90_5.txt,0.737890919,24,0.737354998,0.737367947,0.737463324,0.737921981,0.754708788
5609,INPUT_GUT_90_5.txt,OUTPUT_SKIN1_90_5.txt,0.095211285,24,0.095100076,0.095131964,0.095135329,0.095219508,0.094508089
5610,INPUT_GUT_90_5.txt,OUTPUT_SKIN10_90_5.txt,0.064160273,24,0.064141623,0.064124157,0.064133118,0.06417647,0.064110222
5611,INPUT_GUT_90_5.txt,OUTPUT_SKIN11_90_5.txt,0.132228713,24,0.132183726,0.132205685,0.132194496,0.132235447,0.129409976
5612,INPUT_GUT_90_5.txt,OUTPUT_SKIN12_90_5.txt,0.003363452,24,0.003365826,0.003363475,0.003363406,0.00336403,0.003217435
5613,INPUT_GUT_90_5.txt,OUTPUT_SKIN2_90_5.txt,0.011821616,24,0.011813495,0.011814293,0.011814082,0.011821668,0.01119112
5614,INPUT_GUT_90_5.txt,OUTPUT_SKIN3_90_5.txt,0.025912829,24,0.025895152,0.025895151,0.025898246,0.02591352,0.027728911
5615,INPUT_GUT_90_5.txt,OUTPUT_SKIN4_90_5.txt,0.174107619,24,0.173984307,0.173979472,0.173999099,0.174118918,0.182693476
5616,INPUT_GUT_90_5.txt,OUTPUT_SKIN5_90_5.txt,0.066356179,24,0.066308794,0.066309737,0.066317352,0.066359936,0.066848396
5617,INPUT_GUT_90_5.txt,OUTPUT_SKIN6_90_5.txt,0.104545899,24,0.104487038,0.104482583,0.104501562,0.104560632,0.103288693
5618,INPUT_GUT_90_5.txt,OUTPUT_SKIN7_90_5.txt,0.039804491,24,0.039769975,0.039776222,0.039791924,0.039811488,0.04370875
5619,INPUT_GUT_90_5.txt,OUTPUT_SKIN8_90_5.txt,2.032272243,24,2.029456522,2.030344283,2.030493841,2.031931036,2.06837725
5620,INPUT_GUT_90_5.txt,OUTPUT_SKIN9_90_5.txt,0.136369503,24,0.136314824,0.136231404,0.136248005,0.136444254,0.141725638
5621,INPUT_L_90_5.txt,OUTPUT_BM1_90_5.txt,0.579650024,24,0.57957153,0.579778735,0.579641571,0.579468393,0.53290706
5622,INPUT_L_90_5.txt,OUTPUT_BM2_90_5.txt,0.508320664,24,0.508562746,0.508099615,0.508472641,0.508068631,0.490205502
5623,INPUT_L_90_5.txt,OUTPUT_GUT_90_5.txt,0.16348935,24,0.163731193,0.163733058,0.163685237,0.163484458,0.164072388
5624,INPUT_L_90_5.txt,OUTPUT_L_90_5.txt,-515279,24,-515231.5,-515194.5,-515234.5,-515236,-572583
5625,INPUT_L_90_5.txt,OUTPUT_LN1_90_5.txt,0.357364352,24,0.357395198,0.357403123,0.35736806,0.357300935,0.32880238
5626,INPUT_L_90_5.txt,OUTPUT_LN2_90_5.txt,0.372131117,24,0.372037015,0.37197892,0.372062391,0.371913593,0.342766145
5627,INPUT_L_90_5.txt,OUTPUT_LUNG_90_5.txt,0.059488713,24,0.059510875,0.059512341,0.059478099,0.059488735,0.070110678
5628,INPUT_L_90_5.txt,OUTPUT_S_90_5.txt,10.82599235,24,10.83734909,10.83342709,10.82856465,10.83730423,10.42756471
5629,INPUT_L_90_5.txt,OUTPUT_SKIN1_90_5.txt,0.147243367,24,0.147341296,0.147303474,0.147323422,0.147324586,0.149377756
5630,INPUT_L_90_5.txt,OUTPUT_SKIN10_90_5.txt,0.154886617,24,0.154964615,0.154932392,0.15492417,0.154928646,0.148651451
5631,INPUT_L_90_5.txt,OUTPUT_SKIN11_90_5.txt,0.176774285,24,0.176854584,0.176891544,0.176845418,0.176785984,0.205019012
5632,INPUT_L_90_5.txt,OUTPUT_SKIN12_90_5.txt,0.012670757,24,0.012690966,0.012682003,0.012679239,0.012673057,0.011623684
5633,INPUT_L_90_5.txt,OUTPUT_SKIN2_90_5.txt,0.040162505,24,0.040167134,0.040172171,0.040163741,0.040163623,0.037530365
5634,INPUT_L_90_5.txt,OUTPUT_SKIN3_90_5.txt,0.032785588,24,0.032789529,0.032791429,0.032789033,0.03278726,0.03717545
5635,INPUT_L_90_5.txt,OUTPUT_SKIN4_90_5.txt,0.327981682,24,0.328021558,0.328032416,0.328005942,0.328019381,0.321493146
5636,INPUT_L_90_5.txt,OUTPUT_SKIN5_90_5.txt,0.120441132,24,0.120452126,0.120460812,0.120451421,0.120451069,0.11042175
5637,INPUT_L_90_5.txt,OUTPUT_SKIN6_90_5.txt,0.189221261,24,0.189266082,0.189266328,0.189266981,0.189249956,0.18781834
5638,INPUT_L_90_5.txt,OUTPUT_SKIN7_90_5.txt,0.074609852,24,0.074605187,0.074621117,0.074636013,0.074624659,0.069720612
5639,INPUT_L_90_5.txt,OUTPUT_SKIN8_90_5.txt,0.093170997,24,0.093119221,0.093164239,0.093153053,0.093158741,0.085960658
5640,INPUT_L_90_5.txt,OUTPUT_SKIN9_90_5.txt,0.232014446,24,0.231982274,0.231967868,0.231949673,0.232127176,0.225394869
5641,INPUT_LN1_90_5.txt,OUTPUT_BM1_90_5.txt,8.093388802,24,8.094121882,8.094145414,8.094215848,8.094958087,8.158387766
5642,INPUT_LN1_90_5.txt,OUTPUT_BM2_90_5.txt,1.357888713,24,1.358303246,1.35731965,1.358172514,1.357473811,1.304849239
5643,INPUT_LN1_90_5.txt,OUTPUT_GUT_90_5.txt,2.521086117,24,2.524161175,2.523641371,2.52360472,2.520088439,1.063159687
5644,INPUT_LN1_90_5.txt,OUTPUT_L_90_5.txt,9.605817992,24,9.606935618,9.607678769,9.607176175,9.607758453,9.74266633
5645,INPUT_LN1_90_5.txt,OUTPUT_LN1_90_5.txt,-632503,24,-632500.5,-632484,-632478,-632418,-702988.5
5646,INPUT_LN1_90_5.txt,OUTPUT_LN2_90_5.txt,18.93307227,24,18.93838108,18.94189816,18.93811696,18.94437375,19.21872453
5647,INPUT_LN1_90_5.txt,OUTPUT_LUNG_90_5.txt,37.38126102,24,37.3855268,37.38546533,37.37599723,37.38609967,0.085653589
5648,INPUT_LN1_90_5.txt,OUTPUT_S_90_5.txt,7.426371586,24,7.426184078,7.426617111,7.427147988,7.426829482,7.52959306
5649,INPUT_LN1_90_5.txt,OUTPUT_SKIN1_90_5.txt,0.995679816,24,0.995434946,0.995528899,0.995724406,0.995856197,1.14616673
5650,INPUT_LN1_90_5.txt,OUTPUT_SKIN10_90_5.txt,0.698423658,24,0.698739656,0.698559579,0.698584207,0.698650442,0.946923613
5651,INPUT_LN1_90_5.txt,OUTPUT_SKIN11_90_5.txt,0.307757668,24,0.307872195,0.307921914,0.307868655,0.307791678,0.306290446
5652,INPUT_LN1_90_5.txt,OUTPUT_SKIN12_90_5.txt,0.281818917,24,0.281805665,0.281870248,0.281864574,0.281902792,0.280592042
5653,INPUT_LN1_90_5.txt,OUTPUT_SKIN2_90_5.txt,0.05129939,24,0.051300506,0.051304586,0.051298566,0.051303433,0.047117318
5654,INPUT_LN1_90_5.txt,OUTPUT_SKIN3_90_5.txt,1.480400829,24,1.480451488,1.480468664,1.48049014,1.480549404,1.343616091
5655,INPUT_LN1_90_5.txt,OUTPUT_SKIN4_90_5.txt,38.69560968,24,38.69608038,38.69603173,38.69637375,38.7016579,39.29528806
5656,INPUT_LN1_90_5.txt,OUTPUT_SKIN5_90_5.txt,0.16255159,24,0.162552239,0.16255648,0.162558025,0.16257343,0.147877691
5657,INPUT_LN1_90_5.txt,OUTPUT_SKIN6_90_5.txt,0.280464522,24,0.280506612,0.280494297,0.280519632,0.280522341,0.304686175
5658,INPUT_LN1_90_5.txt,OUTPUT_SKIN7_90_5.txt,0.216150836,24,0.216118482,0.216154451,0.216215977,0.216204436,0.197202511
5659,INPUT_LN1_90_5.txt,OUTPUT_SKIN8_90_5.txt,1.441814637,24,1.440880659,1.441510243,1.44146137,1.441685489,1.1400201
5660,INPUT_LN1_90_5.txt,OUTPUT_SKIN9_90_5.txt,0.720975157,24,0.72117651,0.720716937,0.720818776,0.721396838,1.142753271
5661,INPUT_LN2_90_5.txt,OUTPUT_BM1_90_5.txt,1.788588217,24,1.788483571,1.789179759,1.788642486,1.788461486,1.668335212
5662,INPUT_LN2_90_5.txt,OUTPUT_BM2_90_5.txt,0.08857612,24,0.088622541,0.088552808,0.088605356,0.088558565,0.081426338
5663,INPUT_LN2_90_5.txt,OUTPUT_GUT_90_5.txt,0.864476483,24,0.865844885,0.865885649,0.865597689,0.864670466,0.90305598
5664,INPUT_LN2_90_5.txt,OUTPUT_L_90_5.txt,4.782833752,24,4.782729008,4.782560328,4.782624284,4.783497313,4.767753133
5665,INPUT_LN2_90_5.txt,OUTPUT_LN1_90_5.txt,0.50765889,24,0.507743211,0.507775552,0.507687548,0.507694385,0.508239895
5666,INPUT_LN2_90_5.txt,OUTPUT_LN2_90_5.txt,-487649.5,24,-487565.5,-487510,-487583.5,-487487,-541827.5
5667,INPUT_LN2_90_5.txt,OUTPUT_LUNG_90_5.txt,0.108154428,24,0.108203465,0.10821069,0.108140403,0.108181559,0.100551635
5668,INPUT_LN2_90_5.txt,OUTPUT_S_90_5.txt,8.612468814,24,8.620563572,8.618467417,8.614032311,8.621655797,8.957275531
5669,INPUT_LN2_90_5.txt,OUTPUT_SKIN1_90_5.txt,0.209574865,24,0.209692412,0.209622257,0.209725399,0.209774213,0.231210531
5670,INPUT_LN2_90_5.txt,OUTPUT_SKIN10_90_5.txt,0.301893619,24,0.302071546,0.302021263,0.30198307,0.302052108,0.314922583
5671,INPUT_LN2_90_5.txt,OUTPUT_SKIN11_90_5.txt,0.221133433,24,0.221258076,0.221313202,0.221239294,0.221202349,0.282195054
5672,INPUT_LN2_90_5.txt,OUTPUT_SKIN12_90_5.txt,0.108798071,24,0.108800788,0.108842874,0.108822789,0.108854118,0.111480312
5673,INPUT_LN2_90_5.txt,OUTPUT_SKIN2_90_5.txt,0.030864375,24,0.030870239,0.030875407,0.030866835,0.030872948,0.072187481
5674,INPUT_LN2_90_5.txt,OUTPUT_SKIN3_90_5.txt,0.051185678,24,0.051195969,0.051201075,0.05119359,0.051201061,0.05456843
5675,INPUT_LN2_90_5.txt,OUTPUT_SKIN4_90_5.txt,0.530587144,24,0.530699135,0.530738395,0.53065607,0.530786989,0.52265623
5676,INPUT_LN2_90_5.txt,OUTPUT_SKIN5_90_5.txt,0.092823982,24,0.092840011,0.092850605,0.092836576,0.092854996,0.086301167
5677,INPUT_LN2_90_5.txt,OUTPUT_SKIN6_90_5.txt,0.217457881,24,0.217527171,0.217539084,0.217521483,0.217548425,0.239485288
5678,INPUT_LN2_90_5.txt,OUTPUT_SKIN7_90_5.txt,0.104529277,24,0.104530886,0.104557841,0.104571485,0.104576396,0.100563371
5679,INPUT_LN2_90_5.txt,OUTPUT_SKIN8_90_5.txt,0.535562116,24,0.535312834,0.535599407,0.53549467,0.535636618,0.591751145
5680,INPUT_LN2_90_5.txt,OUTPUT_SKIN9_90_5.txt,0.299793571,24,0.299934246,0.299798166,0.299778494,0.300022133,0.305302973
5681,INPUT_LUNG_90_5.txt,OUTPUT_BM1_90_5.txt,1.245607908,24,1.245226054,1.245513145,1.245682623,1.2452996,1.266021028
5682,INPUT_LUNG_90_5.txt,OUTPUT_BM2_90_5.txt,0.080262503,24,0.080279027,0.08020968,0.080288644,0.080223894,0.080775392
5683,INPUT_LUNG_90_5.txt,OUTPUT_GUT_90_5.txt,0.426059951,24,0.426605767,0.426585182,0.426601106,0.426030024,0.414385094
5684,INPUT_LUNG_90_5.txt,OUTPUT_L_90_5.txt,1.467345067,24,1.466951609,1.466832786,1.467365672,1.467241839,1.435516905
5685,INPUT_LUNG_90_5.txt,OUTPUT_LN1_90_5.txt,0.733984563,24,0.733873112,0.733852328,0.734020972,0.733815379,0.723673311
5686,INPUT_LUNG_90_5.txt,OUTPUT_LN2_90_5.txt,0.791574545,24,0.791219101,0.791076431,0.791489961,0.791137893,0.787671696
5687,INPUT_LUNG_90_5.txt,OUTPUT_LUNG_90_5.txt,-524452,24,-524526,-524513.5,-524382,-524430,-582616
5688,INPUT_LUNG_90_5.txt,OUTPUT_S_90_5.txt,2.535909234,24,2.536306811,2.536189888,2.536118185,2.536788539,2.569759961
5689,INPUT_LUNG_90_5.txt,OUTPUT_SKIN1_90_5.txt,0.233967069,24,0.233955206,0.233997046,0.233992066,0.23399793,0.226252267
5690,INPUT_LUNG_90_5.txt,OUTPUT_SKIN10_90_5.txt,0.344157104,24,0.344252253,0.344162708,0.344258512,0.344237245,0.337954153
5691,INPUT_LUNG_90_5.txt,OUTPUT_SKIN11_90_5.txt,0.106422992,24,0.106448284,0.10646503,0.106472559,0.106424967,0.152921238
5692,INPUT_LUNG_90_5.txt,OUTPUT_SKIN12_90_5.txt,0.031526776,24,0.031566938,0.031544884,0.03154852,0.031531347,0.030921238
5693,INPUT_LUNG_90_5.txt,OUTPUT_SKIN2_90_5.txt,0.027280538,24,0.027277162,0.02727927,0.027282661,0.027280164,0.025055921
5694,INPUT_LUNG_90_5.txt,OUTPUT_SKIN3_90_5.txt,0.070576928,24,0.070568936,0.070569631,0.070587678,0.070577586,0.064488378
5695,INPUT_LUNG_90_5.txt,OUTPUT_SKIN4_90_5.txt,0.395644558,24,0.395597556,0.395590554,0.395689355,0.395671265,0.386195529
5696,INPUT_LUNG_90_5.txt,OUTPUT_SKIN5_90_5.txt,0.153021229,24,0.152999365,0.15300302,0.153041479,0.153027438,0.141975681
5697,INPUT_LUNG_90_5.txt,OUTPUT_SKIN6_90_5.txt,0.119488279,24,0.119488363,0.119484723,0.119522691,0.119502621,0.139904531
5698,INPUT_LUNG_90_5.txt,OUTPUT_SKIN7_90_5.txt,0.070183663,24,0.070162976,0.070174499,0.070211413,0.070194597,0.103214199
5699,INPUT_LUNG_90_5.txt,OUTPUT_SKIN8_90_5.txt,0.311124115,24,0.310877083,0.311014559,0.311079662,0.311071133,0.314698351
5700,INPUT_LUNG_90_5.txt,OUTPUT_SKIN9_90_5.txt,0.327873814,24,0.327894144,0.327971989,0.32809031,0.327837568,0.338313791
5701,INPUT_S_90_5.txt,OUTPUT_BM1_90_5.txt,62.47818734,24,62.43227845,62.46008013,62.47595144,62.4195173,64.41602824
5702,INPUT_S_90_5.txt,OUTPUT_BM2_90_5.txt,0.57046897,24,0.570491546,0.569967793,0.570631481,0.569938412,0.875954975
5703,INPUT_S_90_5.txt,OUTPUT_GUT_90_5.txt,0.114327187,24,0.114436391,0.114437088,0.114459919,0.11427139,0.108743741
5704,INPUT_S_90_5.txt,OUTPUT_L_90_5.txt,20.63648218,24,20.62427742,20.62267959,20.63426819,20.62450541,19.8681276
5705,INPUT_S_90_5.txt,OUTPUT_LN1_90_5.txt,0.17163096,24,0.171572141,0.171576676,0.171634689,0.171531224,0.179439499
5706,INPUT_S_90_5.txt,OUTPUT_LN2_90_5.txt,0.190910567,24,0.190778732,0.190747879,0.190872164,0.190715948,0.19575748
5707,INPUT_S_90_5.txt,OUTPUT_LUNG_90_5.txt,0.029303636,24,0.029300827,0.029301538,0.029298794,0.029291193,0.029736374
5708,INPUT_S_90_5.txt,OUTPUT_S_90_5.txt,-786342,24,-786612.5,-786560.5,-786287,-786617.5,-873470.5
5709,INPUT_S_90_5.txt,OUTPUT_SKIN1_90_5.txt,0.103404034,24,0.103330759,0.103353919,0.103408134,0.103363216,0.100965893
5710,INPUT_S_90_5.txt,OUTPUT_SKIN10_90_5.txt,0.07441555,24,0.074419067,0.074403627,0.074429352,0.07440228,0.076626927
5711,INPUT_S_90_5.txt,OUTPUT_SKIN11_90_5.txt,0.085260091,24,0.085261528,0.085278724,0.085293181,0.085229244,0.092911336
5712,INPUT_S_90_5.txt,OUTPUT_SKIN12_90_5.txt,0.011032188,24,0.011044406,0.011036958,0.011039245,0.011029506,0.010004659
5713,INPUT_S_90_5.txt,OUTPUT_SKIN2_90_5.txt,0.020935977,24,0.02092938,0.020931885,0.020936277,0.020927473,0.022974222
5714,INPUT_S_90_5.txt,OUTPUT_SKIN3_90_5.txt,0.026256936,24,0.026248652,0.026250013,0.026259278,0.026246844,0.028726397
5715,INPUT_S_90_5.txt,OUTPUT_SKIN4_90_5.txt,0.166762328,24,0.166711049,0.166715604,0.166773512,0.166710293,0.168729366
5716,INPUT_S_90_5.txt,OUTPUT_SKIN5_90_5.txt,0.040503988,24,0.040490033,0.040492718,0.040506821,0.040489774,0.041110021
5717,INPUT_S_90_5.txt,OUTPUT_SKIN6_90_5.txt,0.084684273,24,0.084666649,0.084667256,0.084702686,0.084660436,0.085023966
5718,INPUT_S_90_5.txt,OUTPUT_SKIN7_90_5.txt,0.051441574,24,0.051416228,0.051426586,0.051458159,0.051429155,0.053235334
5719,INPUT_S_90_5.txt,OUTPUT_SKIN8_90_5.txt,0.076765559,24,0.076693582,0.076727824,0.076751685,0.076723741,0.07212721
5720,INPUT_S_90_5.txt,OUTPUT_SKIN9_90_5.txt,0.142268509,24,0.142205316,0.142181204,0.142230852,0.142274135,0.140371027
5721,INPUT_SKIN1_90_5.txt,OUTPUT_BM1_90_5.txt,12.40914478,24,12.41185077,12.41013512,12.40942406,12.40998765,12.56547516
5722,INPUT_SKIN1_90_5.txt,OUTPUT_BM2_90_5.txt,8.562674163,24,8.564767653,8.562311078,8.563089108,8.561404024,8.633847733
5723,INPUT_SKIN1_90_5.txt,OUTPUT_GUT_90_5.txt,3.012508096,24,3.016129183,3.015160988,3.014973229,3.010528966,2.9555083
5724,INPUT_SKIN1_90_5.txt,OUTPUT_L_90_5.txt,13.41912041,24,13.42231085,13.42170953,13.42005399,13.41950691,13.59012404
5725,INPUT_SKIN1_90_5.txt,OUTPUT_LN1_90_5.txt,39.90240629,24,39.90547753,39.90394172,39.90267642,39.8919685,15.61195886
5726,INPUT_SKIN1_90_5.txt,OUTPUT_LN2_90_5.txt,28.9055879,24,28.91853094,28.92128133,28.91463034,28.92329395,29.30290962
5727,INPUT_SKIN1_90_5.txt,OUTPUT_LUNG_90_5.txt,0.40828678,24,0.408461661,0.408418697,0.408179038,0.408244714,0.446431142
5728,INPUT_SKIN1_90_5.txt,OUTPUT_S_90_5.txt,10.29478045,24,10.29543469,10.29498945,10.2949351,10.29355771,10.42405072
5729,INPUT_SKIN1_90_5.txt,OUTPUT_SKIN1_90_5.txt,-830344.5,24,-830220.5,-830268.5,-830346.5,-830360.5,-922811
5730,INPUT_SKIN1_90_5.txt,OUTPUT_SKIN10_90_5.txt,0.867553094,24,0.868038322,0.867745818,0.867687954,0.867704635,0.788739576
5731,INPUT_SKIN1_90_5.txt,OUTPUT_SKIN11_90_5.txt,85.65717336,24,85.67099168,85.70408615,85.67462855,85.6650445,86.79237626
5732,INPUT_SKIN1_90_5.txt,OUTPUT_SKIN12_90_5.txt,2.29609622,24,2.296610658,2.296644265,2.297062424,2.297055716,2.118646938
5733,INPUT_SKIN1_90_5.txt,OUTPUT_SKIN2_90_5.txt,32.34268013,24,32.34556256,32.34238015,32.3455727,32.35093291,32.79962925
5734,INPUT_SKIN1_90_5.txt,OUTPUT_SKIN3_90_5.txt,27.61789096,24,27.60794587,27.60710918,27.63206095,27.60257097,27.81927721
5735,INPUT_SKIN1_90_5.txt,OUTPUT_SKIN4_90_5.txt,110.1377118,24,110.1198609,110.1328439,110.1419565,110.148542,22.89401278
5736,INPUT_SKIN1_90_5.txt,OUTPUT_SKIN5_90_5.txt,90.23508678,24,90.33205902,90.25425973,90.30670725,90.2430101,91.34208895
5737,INPUT_SKIN1_90_5.txt,OUTPUT_SKIN6_90_5.txt,62.92491173,24,62.94139071,62.93640171,62.93119991,62.93104951,65.58891674
5738,INPUT_SKIN1_90_5.txt,OUTPUT_SKIN7_90_5.txt,48.10969519,24,48.1083943,48.11565285,48.11413786,48.11492534,48.89157707
5739,INPUT_SKIN1_90_5.txt,OUTPUT_SKIN8_90_5.txt,13.88840717,24,13.88245228,13.88740057,13.88453326,13.88599756,14.90226237
5740,INPUT_SKIN1_90_5.txt,OUTPUT_SKIN9_90_5.txt,34.15048339,24,34.16370589,34.14244499,34.14296779,34.16453868,10.87085753
5741,INPUT_SKIN10_90_5.txt,OUTPUT_BM1_90_5.txt,0.236089781,24,0.235995779,0.236085773,0.236051209,0.2359885,0.22022485
5742,INPUT_SKIN10_90_5.txt,OUTPUT_BM2_90_5.txt,0.004945031,24,0.004945743,0.004941999,0.004945605,0.004941941,0.004525693
5743,INPUT_SKIN10_90_5.txt,OUTPUT_GUT_90_5.txt,0.398229446,24,0.398715223,0.398758794,0.398661514,0.398144352,0.383334578
5744,INPUT_SKIN10_90_5.txt,OUTPUT_L_90_5.txt,1.708778827,24,1.708459722,1.708735152,1.708681409,1.708648964,1.719729954
5745,INPUT_SKIN10_90_5.txt,OUTPUT_LN1_90_5.txt,0.65814862,24,0.658005265,0.658063756,0.658039735,0.657903533,0.652732272
5746,INPUT_SKIN10_90_5.txt,OUTPUT_LN2_90_5.txt,4.10201229,24,4.10232,4.103708076,4.102618962,4.103899184,4.154461117
5747,INPUT_SKIN10_90_5.txt,OUTPUT_LUNG_90_5.txt,0.114741466,24,0.11475001,0.114760829,0.114701986,0.114720928,0.127747137
5748,INPUT_SKIN10_90_5.txt,OUTPUT_S_90_5.txt,1.192908019,24,1.192785987,1.192904102,1.192830441,1.192921713,1.193784068
5749,INPUT_SKIN10_90_5.txt,OUTPUT_SKIN1_90_5.txt,0.237235587,24,0.237279571,0.237176729,0.237382408,0.237388324,0.228758339
5750,INPUT_SKIN10_90_5.txt,OUTPUT_SKIN10_90_5.txt,-1098446.5,24,-1098674,-1098518.5,-1098532.5,-1098551,-1220703
5751,INPUT_SKIN10_90_5.txt,OUTPUT_SKIN11_90_5.txt,0.279798825,24,0.279843846,0.279921324,0.279866556,0.279765685,0.273252071
5752,INPUT_SKIN10_90_5.txt,OUTPUT_SKIN12_90_5.txt,0.066564686,24,0.066540258,0.066567831,0.066565458,0.066569597,0.105421823
5753,INPUT_SKIN10_90_5.txt,OUTPUT_SKIN2_90_5.txt,0.076328503,24,0.076314008,0.076328846,0.076318295,0.076317033,0.080261005
5754,INPUT_SKIN10_90_5.txt,OUTPUT_SKIN3_90_5.txt,0.033092313,24,0.033086387,0.033090607,0.033090339,0.033088083,0.03431963
5755,INPUT_SKIN10_90_5.txt,OUTPUT_SKIN4_90_5.txt,17.86181608,24,17.85824177,17.860228,17.85971566,17.8600727,16.97135718
5756,INPUT_SKIN10_90_5.txt,OUTPUT_SKIN5_90_5.txt,0.198568339,24,0.198527232,0.198555325,0.198552737,0.198549459,0.045314778
5757,INPUT_SKIN10_90_5.txt,OUTPUT_SKIN6_90_5.txt,0.19572327,24,0.195711268,0.195726393,0.195738534,0.195719672,0.216542457
5758,INPUT_SKIN10_90_5.txt,OUTPUT_SKIN7_90_5.txt,0.266824549,24,0.266728267,0.266803553,0.2668738,0.266829644,0.299437257
5759,INPUT_SKIN10_90_5.txt,OUTPUT_SKIN8_90_5.txt,0.563693007,24,0.563208185,0.563519121,0.563487031,0.563515403,0.56552377
5760,INPUT_SKIN10_90_5.txt,OUTPUT_SKIN9_90_5.txt,0.451932727,24,0.45196572,0.451766336,0.451798786,0.45207692,0.428780512
5761,INPUT_SKIN11_90_5.txt,OUTPUT_BM1_90_5.txt,0.879749617,24,0.879436955,0.87957275,0.879546094,0.879495737,0.845069892
5762,INPUT_SKIN11_90_5.txt,OUTPUT_BM2_90_5.txt,0.019465459,24,0.019468708,0.01944993,0.019466122,0.019455397,0.017812058
5763,INPUT_SKIN11_90_5.txt,OUTPUT_GUT_90_5.txt,1.080752354,24,1.082102559,1.081925827,1.081787855,1.080643905,1.358367812
5764,INPUT_SKIN11_90_5.txt,OUTPUT_L_90_5.txt,4.071092521,24,4.070373645,4.070188404,4.070545392,4.071249415,4.153379225
5765,INPUT_SKIN11_90_5.txt,OUTPUT_LN1_90_5.txt,1.037993942,24,1.037799152,1.037673976,1.037745826,1.037721907,0.961472167
5766,INPUT_SKIN11_90_5.txt,OUTPUT_LN2_90_5.txt,3.56650311,24,3.56540235,3.56486561,3.565615274,3.565661396,3.58087077
5767,INPUT_SKIN11_90_5.txt,OUTPUT_LUNG_90_5.txt,0.192379766,24,0.192398494,0.19237628,0.192297894,0.192365956,0.19291017
5768,INPUT_SKIN11_90_5.txt,OUTPUT_S_90_5.txt,3.014699911,24,3.014390174,3.014196114,3.014211695,3.015036055,3.057179381
5769,INPUT_SKIN11_90_5.txt,OUTPUT_SKIN1_90_5.txt,0.414289555,24,0.414085686,0.414110722,0.414221784,0.414310781,0.399519906
5770,INPUT_SKIN11_90_5.txt,OUTPUT_SKIN10_90_5.txt,0.864197995,24,0.864409335,0.864102577,0.864202766,0.864374625,0.828603598
5771,INPUT_SKIN11_90_5.txt,OUTPUT_SKIN11_90_5.txt,-552816,24,-552917.5,-552955,-552904.5,-552809.5,-614180.5
5772,INPUT_SKIN11_90_5.txt,OUTPUT_SKIN12_90_5.txt,0.290794625,24,0.290700518,0.29075518,0.290776152,0.290845088,0.285789132
5773,INPUT_SKIN11_90_5.txt,OUTPUT_SKIN2_90_5.txt,0.217487937,24,0.217451686,0.217448407,0.217441061,0.217478534,0.203548862
5774,INPUT_SKIN11_90_5.txt,OUTPUT_SKIN3_90_5.txt,0.076605974,24,0.076594074,0.076587805,0.07659516,0.076604375,0.080371459
5775,INPUT_SKIN11_90_5.txt,OUTPUT_SKIN4_90_5.txt,3.860181442,24,3.860055467,3.859643276,3.85997689,3.860608475,3.676726833
5776,INPUT_SKIN11_90_5.txt,OUTPUT_SKIN5_90_5.txt,0.260991778,24,0.260944456,0.260926758,0.260950563,0.260994897,0.242846692
5777,INPUT_SKIN11_90_5.txt,OUTPUT_SKIN6_90_5.txt,0.529996738,24,0.529979899,0.529909538,0.529997765,0.530043783,0.529761443
5778,INPUT_SKIN11_90_5.txt,OUTPUT_SKIN7_90_5.txt,0.152102379,24,0.152051013,0.152062069,0.152117856,0.152121494,0.140931308
5779,INPUT_SKIN11_90_5.txt,OUTPUT_SKIN8_90_5.txt,1.918305649,24,1.916752417,1.917453273,1.917539925,1.917948418,1.799793438
5780,INPUT_SKIN11_90_5.txt,OUTPUT_SKIN9_90_5.txt,0.582470808,24,0.582529854,0.582394798,0.582504961,0.582721424,0.576703157
5781,INPUT_SKIN12_90_5.txt,OUTPUT_BM1_90_5.txt,0.56923917,24,0.569194076,0.569241615,0.569172357,0.569043656,0.5272541
5782,INPUT_SKIN12_90_5.txt,OUTPUT_BM2_90_5.txt,0.00814544,24,0.008148979,0.008140554,0.008146662,0.008140469,0.007363543
5783,INPUT_SKIN12_90_5.txt,OUTPUT_GUT_90_5.txt,0.472353413,24,0.473039795,0.472904319,0.472817528,0.472225482,0.431081211
5784,INPUT_SKIN12_90_5.txt,OUTPUT_L_90_5.txt,2.643187379,24,2.643544072,2.64346196,2.643191267,2.643363924,2.633997951
5785,INPUT_SKIN12_90_5.txt,OUTPUT_LN1_90_5.txt,1.244167651,24,1.244268025,1.244030961,1.244009223,1.243725345,1.14634751
5786,INPUT_SKIN12_90_5.txt,OUTPUT_LN2_90_5.txt,5.584125457,24,5.586212452,5.586835377,5.585115969,5.587284051,5.566416277
5787,INPUT_SKIN12_90_5.txt,OUTPUT_LUNG_90_5.txt,0.121568445,24,0.121612842,0.121590444,0.121530727,0.121548393,0.115816614
5788,INPUT_SKIN12_90_5.txt,OUTPUT_S_90_5.txt,1.634111239,24,1.634386003,1.634217856,1.634021521,1.634251839,1.603722332
5789,INPUT_SKIN12_90_5.txt,OUTPUT_SKIN1_90_5.txt,0.42729592,24,0.427693559,0.42759382,0.42738878,0.427380254,0.398367706
5790,INPUT_SKIN12_90_5.txt,OUTPUT_SKIN10_90_5.txt,0.829224118,24,0.829649718,0.829301242,0.829329629,0.829314977,0.751918211
5791,INPUT_SKIN12_90_5.txt,OUTPUT_SKIN11_90_5.txt,0.726421851,24,0.726750337,0.726748316,0.726622805,0.726346321,0.677091377
5792,INPUT_SKIN12_90_5.txt,OUTPUT_SKIN12_90_5.txt,-688924,24,-688866.5,-688960.5,-688954.5,-688980,-765662
5793,INPUT_SKIN12_90_5.txt,OUTPUT_SKIN2_90_5.txt,0.098686368,24,0.098696338,0.098688102,0.098676545,0.098672951,0.103382618
5794,INPUT_SKIN12_90_5.txt,OUTPUT_SKIN3_90_5.txt,0.077156683,24,0.077165306,0.077153688,0.077154716,0.077147897,0.074239855
5795,INPUT_SKIN12_90_5.txt,OUTPUT_SKIN4_90_5.txt,1.506967276,24,1.507105072,1.506836326,1.506844796,1.506852668,1.418022172
5796,INPUT_SKIN12_90_5.txt,OUTPUT_SKIN5_90_5.txt,0.282497138,24,0.282521075,0.28248242,0.282484792,0.282474284,0.253923386
5797,INPUT_SKIN12_90_5.txt,OUTPUT_SKIN6_90_5.txt,0.531759481,24,0.531881679,0.531774677,0.53181918,0.531757178,0.568137186
5798,INPUT_SKIN12_90_5.txt,OUTPUT_SKIN7_90_5.txt,0.295269059,24,0.295248855,0.295249843,0.295333421,0.295278798,0.289742906
5799,INPUT_SKIN12_90_5.txt,OUTPUT_SKIN8_90_5.txt,1.643342581,24,1.642441953,1.642881703,1.64282149,1.642861938,1.48993762
5800,INPUT_SKIN12_90_5.txt,OUTPUT_SKIN9_90_5.txt,0.623386585,24,0.623622021,0.623410968,0.62343712,0.62355335,0.574471036
5801,INPUT_SKIN2_90_5.txt,OUTPUT_BM1_90_5.txt,0.881427658,24,0.88122667,0.881449579,0.881364276,0.881110621,1.02010997
5802,INPUT_SKIN2_90_5.txt,OUTPUT_BM2_90_5.txt,0.012541649,24,0.012545953,0.012534318,0.012544443,0.012535338,0.011490788
5803,INPUT_SKIN2_90_5.txt,OUTPUT_GUT_90_5.txt,0.576196359,24,0.576983123,0.57692902,0.576854726,0.57611378,0.567012289
5804,INPUT_SKIN2_90_5.txt,OUTPUT_L_90_5.txt,3.646332985,24,3.645735955,3.645206822,3.645861281,3.645869389,3.645262276
5805,INPUT_SKIN2_90_5.txt,OUTPUT_LN1_90_5.txt,0.429947249,24,0.42993967,0.429905872,0.429925027,0.429843412,0.416615922
5806,INPUT_SKIN2_90_5.txt,OUTPUT_LN2_90_5.txt,1.440501852,24,1.44000591,1.439650163,1.440159031,1.439602855,1.476081738
5807,INPUT_SKIN2_90_5.txt,OUTPUT_LUNG_90_5.txt,0.086248932,24,0.086272318,0.086265928,0.08622848,0.086244153,0.095587693
5808,INPUT_SKIN2_90_5.txt,OUTPUT_S_90_5.txt,7.531201428,24,7.535578589,7.534249761,7.531090359,7.535545975,7.576155348
5809,INPUT_SKIN2_90_5.txt,OUTPUT_SKIN1_90_5.txt,0.313224586,24,0.313188071,0.313156571,0.313293282,0.313362495,0.330665146
5810,INPUT_SKIN2_90_5.txt,OUTPUT_SKIN10_90_5.txt,0.474195078,24,0.474385879,0.474239878,0.474279907,0.474297451,0.483508765
5811,INPUT_SKIN2_90_5.txt,OUTPUT_SKIN11_90_5.txt,0.495781672,24,0.495958091,0.496011735,0.49595324,0.495783922,0.475171103
5812,INPUT_SKIN2_90_5.txt,OUTPUT_SKIN12_90_5.txt,0.253379779,24,0.253339519,0.253401676,0.25341006,0.253431899,0.249525237
5813,INPUT_SKIN2_90_5.txt,OUTPUT_SKIN2_90_5.txt,-448625,24,-448629,-448641,-448612.5,-448612.5,-498535
5814,INPUT_SKIN2_90_5.txt,OUTPUT_SKIN3_90_5.txt,0.04558023,24,0.045581097,0.04557924,0.045582348,0.045580011,0.044391351
5815,INPUT_SKIN2_90_5.txt,OUTPUT_SKIN4_90_5.txt,0.78982897,24,0.789840725,0.789788419,0.789835444,0.789872113,0.782516827
5816,INPUT_SKIN2_90_5.txt,OUTPUT_SKIN5_90_5.txt,0.159141055,24,0.159139173,0.159134933,0.159145013,0.159145045,0.157161618
5817,INPUT_SKIN2_90_5.txt,OUTPUT_SKIN6_90_5.txt,0.352109475,24,0.352155611,0.352125024,0.352172258,0.352144932,0.35259225
5818,INPUT_SKIN2_90_5.txt,OUTPUT_SKIN7_90_5.txt,0.247159752,24,0.247119585,0.247147618,0.247231293,0.24719476,0.235935824
5819,INPUT_SKIN2_90_5.txt,OUTPUT_SKIN8_90_5.txt,0.446422779,24,0.44612665,0.446300752,0.446310147,0.44633886,0.426817328
5820,INPUT_SKIN2_90_5.txt,OUTPUT_SKIN9_90_5.txt,0.402425553,24,0.402616557,0.402525185,0.4025497,0.402747689,0.432901816
5821,INPUT_SKIN3_90_5.txt,OUTPUT_BM1_90_5.txt,1.182295524,24,1.18219344,1.18230814,1.182244577,1.182161619,1.175626022
5822,INPUT_SKIN3_90_5.txt,OUTPUT_BM2_90_5.txt,0.023173945,24,0.023181686,0.02316121,0.023178194,0.023162161,0.021839228
5823,INPUT_SKIN3_90_5.txt,OUTPUT_GUT_90_5.txt,1.901375603,24,1.90397197,1.903826629,1.903498672,1.901090233,1.885383856
5824,INPUT_SKIN3_90_5.txt,OUTPUT_L_90_5.txt,1.617848783,24,1.617795631,1.617783433,1.61780516,1.617847996,1.691921811
5825,INPUT_SKIN3_90_5.txt,OUTPUT_LN1_90_5.txt,1.592116702,24,1.59208231,1.592010067,1.591973331,1.591708382,1.611798247
5826,INPUT_SKIN3_90_5.txt,OUTPUT_LN2_90_5.txt,2.142951869,24,2.142780993,2.142702851,2.142821194,2.142714251,2.209727918
5827,INPUT_SKIN3_90_5.txt,OUTPUT_LUNG_90_5.txt,0.27276336,24,0.272835696,0.272824747,0.272688771,0.272745177,0.285266646
5828,INPUT_SKIN3_90_5.txt,OUTPUT_S_90_5.txt,1.638154057,24,1.638096465,1.638115052,1.638143714,1.638144358,1.697114461
5829,INPUT_SKIN3_90_5.txt,OUTPUT_SKIN1_90_5.txt,0.811360063,24,0.810954358,0.811220974,0.811221092,0.811566708,0.834431956
5830,INPUT_SKIN3_90_5.txt,OUTPUT_SKIN10_90_5.txt,1.046333367,24,1.046753291,1.046464829,1.04648484,1.04654798,1.075204111
5831,INPUT_SKIN3_90_5.txt,OUTPUT_SKIN11_90_5.txt,0.837265031,24,0.83756223,0.837687506,0.837526782,0.837265701,0.855933408
5832,INPUT_SKIN3_90_5.txt,OUTPUT_SKIN12_90_5.txt,0.143086522,24,0.143243148,0.143168364,0.143151722,0.143105443,0.150291563
5833,INPUT_SKIN3_90_5.txt,OUTPUT_SKIN2_90_5.txt,0.16450737,24,0.164508931,0.164518683,0.164496774,0.164501075,0.160762216
5834,INPUT_SKIN3_90_5.txt,OUTPUT_SKIN3_90_5.txt,-214193,24,-214196,-214194.5,-214195,-214189.5,-238022
5835,INPUT_SKIN3_90_5.txt,OUTPUT_SKIN4_90_5.txt,1.462034715,24,1.462065749,1.462015123,1.462008537,1.462111149,1.571950689
5836,INPUT_SKIN3_90_5.txt,OUTPUT_SKIN5_90_5.txt,0.282011389,24,0.282006862,0.282008827,0.282008172,0.282015376,0.354063411
5837,INPUT_SKIN3_90_5.txt,OUTPUT_SKIN6_90_5.txt,0.759055307,24,0.759153363,0.759098542,0.759164279,0.759109216,0.80291646
5838,INPUT_SKIN3_90_5.txt,OUTPUT_SKIN7_90_5.txt,0.470719324,24,0.470640464,0.470709754,0.470837985,0.470780571,0.474029979
5839,INPUT_SKIN3_90_5.txt,OUTPUT_SKIN8_90_5.txt,1.095217216,24,1.094491516,1.094958302,1.09490952,1.095006875,1.166246105
5840,INPUT_SKIN3_90_5.txt,OUTPUT_SKIN9_90_5.txt,1.005754999,24,1.005923509,1.005611413,1.005686009,1.006226237,1.102241284
5841,INPUT_SKIN4_90_5.txt,OUTPUT_BM1_90_5.txt,0.544842296,24,0.544728884,0.544881893,0.54480361,0.544644067,0.523198817
5842,INPUT_SKIN4_90_5.txt,OUTPUT_BM2_90_5.txt,0.011760218,24,0.011764339,0.011754005,0.011762754,0.011753954,0.011092038
5843,INPUT_SKIN4_90_5.txt,OUTPUT_GUT_90_5.txt,0.481231056,24,0.481896734,0.481866825,0.481781818,0.481121632,0.485581478
5844,INPUT_SKIN4_90_5.txt,OUTPUT_L_90_5.txt,2.243924654,24,2.243656326,2.243497562,2.243723907,2.243678814,2.275973716
5845,INPUT_SKIN4_90_5.txt,OUTPUT_LN1_90_5.txt,0.739526796,24,0.739518634,0.73949561,0.739480311,0.739323774,0.719420373
5846,INPUT_SKIN4_90_5.txt,OUTPUT_LN2_90_5.txt,2.828430639,24,2.827742294,2.827350827,2.827953589,2.827098758,2.860666676
5847,INPUT_SKIN4_90_5.txt,OUTPUT_LUNG_90_5.txt,0.085086939,24,0.085110818,0.085108557,0.08506605,0.085079613,0.08068083
5848,INPUT_SKIN4_90_5.txt,OUTPUT_S_90_5.txt,3.514266728,24,3.515401862,3.515041114,3.514434078,3.515413682,3.706923804
5849,INPUT_SKIN4_90_5.txt,OUTPUT_SKIN1_90_5.txt,0.2830932,24,0.283146508,0.283046753,0.28324207,0.283299609,0.277064746
5850,INPUT_SKIN4_90_5.txt,OUTPUT_SKIN10_90_5.txt,0.511879448,24,0.512092649,0.511958156,0.511971747,0.511975853,0.491617973
5851,INPUT_SKIN4_90_5.txt,OUTPUT_SKIN11_90_5.txt,0.131395085,24,0.131443267,0.131463849,0.131440004,0.131391698,0.126557256
5852,INPUT_SKIN4_90_5.txt,OUTPUT_SKIN12_90_5.txt,0.24384381,24,0.24381091,0.243880872,0.243871968,0.243888117,0.250864059
5853,INPUT_SKIN4_90_5.txt,OUTPUT_SKIN2_90_5.txt,0.151106248,24,0.151108726,0.151119953,0.151101025,0.151097508,0.146972006
5854,INPUT_SKIN4_90_5.txt,OUTPUT_SKIN3_90_5.txt,0.045260569,24,0.045261831,0.045262125,0.045262397,0.045258929,0.0433907
5855,INPUT_SKIN4_90_5.txt,OUTPUT_SKIN4_90_5.txt,-428487,24,-428487.5,-428478.5,-428478,-428488,-476230.5
5856,INPUT_SKIN4_90_5.txt,OUTPUT_SKIN5_90_5.txt,0.128218899,24,0.12821875,0.128221445,0.128221595,0.1282186,0.126125181
5857,INPUT_SKIN4_90_5.txt,OUTPUT_SKIN6_90_5.txt,0.197162831,24,0.197191008,0.197182861,0.197197478,0.197177589,0.19266658
5858,INPUT_SKIN4_90_5.txt,OUTPUT_SKIN7_90_5.txt,0.094591014,24,0.09457636,0.094591636,0.094617785,0.094601566,0.091049007
5859,INPUT_SKIN4_90_5.txt,OUTPUT_SKIN8_90_5.txt,0.404531771,24,0.404265745,0.40444121,0.404424459,0.404441166,0.400957483
5860,INPUT_SKIN4_90_5.txt,OUTPUT_SKIN9_90_5.txt,0.442859625,24,0.442909745,0.442773587,0.442797737,0.443044507,0.446193491
5861,INPUT_SKIN5_90_5.txt,OUTPUT_BM1_90_5.txt,1.745873526,24,1.745564454,1.745952023,1.745735409,1.745332463,1.69045334
5862,INPUT_SKIN5_90_5.txt,OUTPUT_BM2_90_5.txt,0.361651962,24,0.36178466,0.361445119,0.361725437,0.361451863,0.480753361
5863,INPUT_SKIN5_90_5.txt,OUTPUT_GUT_90_5.txt,0.814349774,24,0.815494438,0.815433741,0.815259538,0.814230529,0.826634177
5864,INPUT_SKIN5_90_5.txt,OUTPUT_L_90_5.txt,10.57088773,24,10.57145507,10.57189658,10.57141928,10.57140138,10.89439027
5865,INPUT_SKIN5_90_5.txt,OUTPUT_LN1_90_5.txt,0.961719452,24,0.961712176,0.961661378,0.961643059,0.961457055,0.753157892
5866,INPUT_SKIN5_90_5.txt,OUTPUT_LN2_90_5.txt,1.284069473,24,1.283672115,1.283409571,1.283757267,1.283300774,1.236856124
5867,INPUT_SKIN5_90_5.txt,OUTPUT_LUNG_90_5.txt,0.144789475,24,0.144830136,0.144823267,0.144751016,0.144777387,0.156409943
5868,INPUT_SKIN5_90_5.txt,OUTPUT_S_90_5.txt,7.109691806,24,7.110231717,7.109712813,7.110201157,7.11023197,7.318624226
5869,INPUT_SKIN5_90_5.txt,OUTPUT_SKIN1_90_5.txt,0.412980513,24,0.413335549,0.413187507,0.413190075,0.413192876,0.410576874
5870,INPUT_SKIN5_90_5.txt,OUTPUT_SKIN10_90_5.txt,0.78960023,24,0.78992985,0.789706219,0.78972467,0.78975063,0.781501847
5871,INPUT_SKIN5_90_5.txt,OUTPUT_SKIN11_90_5.txt,0.332774442,24,0.332897046,0.332944333,0.33288138,0.332768839,0.365369414
5872,INPUT_SKIN5_90_5.txt,OUTPUT_SKIN12_90_5.txt,0.07037616,24,0.0704469,0.070414341,0.070406668,0.070384819,0.072138881
5873,INPUT_SKIN5_90_5.txt,OUTPUT_SKIN2_90_5.txt,0.096199199,24,0.096201738,0.096206874,0.096193842,0.096193847,0.102687579
5874,INPUT_SKIN5_90_5.txt,OUTPUT_SKIN3_90_5.txt,0.113482007,24,0.113485243,0.113483625,0.113484165,0.113478232,0.116416272
5875,INPUT_SKIN5_90_5.txt,OUTPUT_SKIN4_90_5.txt,1.002624829,24,1.002627162,1.002585237,1.002582908,1.002629491,1.034111882
5876,INPUT_SKIN5_90_5.txt,OUTPUT_SKIN5_90_5.txt,-403546,24,-403546,-403546,-403546,-403546,-448122.5
5877,INPUT_SKIN5_90_5.txt,OUTPUT_SKIN6_90_5.txt,0.372338823,24,0.372394472,0.372372819,0.372398297,0.372370678,0.33504281
5878,INPUT_SKIN5_90_5.txt,OUTPUT_SKIN7_90_5.txt,0.293167955,24,0.293122896,0.293164059,0.293244733,0.293201335,0.291080841
5879,INPUT_SKIN5_90_5.txt,OUTPUT_SKIN8_90_5.txt,0.615048687,24,0.614646442,0.614899256,0.614873265,0.614912767,0.602234844
5880,INPUT_SKIN5_90_5.txt,OUTPUT_SKIN9_90_5.txt,0.616420372,24,0.616501474,0.616354063,0.616402514,0.61667231,0.616182839
5881,INPUT_SKIN6_90_5.txt,OUTPUT_BM1_90_5.txt,1.081435119,24,1.081150805,1.081431311,1.081279246,1.081047559,1.338967307
5882,INPUT_SKIN6_90_5.txt,OUTPUT_BM2_90_5.txt,0.625159034,24,0.625326181,0.624795134,0.625234906,0.62481186,0.007854861
5883,INPUT_SKIN6_90_5.txt,OUTPUT_GUT_90_5.txt,0.693668106,24,0.694567782,0.694488728,0.694345299,0.693487172,0.644734131
5884,INPUT_SKIN6_90_5.txt,OUTPUT_L_90_5.txt,7.481796885,24,7.481304408,7.481810195,7.482318561,7.482100744,7.663160206
5885,INPUT_SKIN6_90_5.txt,OUTPUT_LN1_90_5.txt,2.472194584,24,2.471992257,2.471933179,2.471807301,2.471429856,1.638799222
5886,INPUT_SKIN6_90_5.txt,OUTPUT_LN2_90_5.txt,14.9192884,24,14.9208858,14.92366883,14.92212705,14.92587107,15.28073371
5887,INPUT_SKIN6_90_5.txt,OUTPUT_LUNG_90_5.txt,0.409469142,24,0.409552405,0.409545127,0.409328011,0.409418013,0.447164599
5888,INPUT_SKIN6_90_5.txt,OUTPUT_S_90_5.txt,5.646447378,24,5.645442628,5.645696587,5.646612329,5.646041303,5.817079343
5889,INPUT_SKIN6_90_5.txt,OUTPUT_SKIN1_90_5.txt,0.755857484,24,0.755560687,0.755678739,0.755793385,0.755845702,0.750083232
5890,INPUT_SKIN6_90_5.txt,OUTPUT_SKIN10_90_5.txt,0.848828442,24,0.849119028,0.848902695,0.848895659,0.848954732,0.790509784
5891,INPUT_SKIN6_90_5.txt,OUTPUT_SKIN11_90_5.txt,79.29903775,24,79.34143161,79.34865894,79.34264369,79.31005728,82.43897125
5892,INPUT_SKIN6_90_5.txt,OUTPUT_SKIN12_90_5.txt,0.373592042,24,0.373539594,0.373628746,0.373607128,0.373635769,0.364075264
5893,INPUT_SKIN6_90_5.txt,OUTPUT_SKIN2_90_5.txt,11.18526473,24,11.17925826,11.18163343,11.18062606,11.18452599,11.43511861
5894,INPUT_SKIN6_90_5.txt,OUTPUT_SKIN3_90_5.txt,0.065770325,24,0.065767435,0.065768356,0.065766471,0.065765437,0.063787783
5895,INPUT_SKIN6_90_5.txt,OUTPUT_SKIN4_90_5.txt,10.77711954,24,10.7763485,10.77621511,10.77584702,10.77675782,16.75094247
5896,INPUT_SKIN6_90_5.txt,OUTPUT_SKIN5_90_5.txt,0.212783935,24,0.212768658,0.212774609,0.212767536,0.212775112,0.255362658
5897,INPUT_SKIN6_90_5.txt,OUTPUT_SKIN6_90_5.txt,-659595.5,24,-659643,-659624.5,-659646.5,-659623,-732535
5898,INPUT_SKIN6_90_5.txt,OUTPUT_SKIN7_90_5.txt,0.289932754,24,0.28986746,0.289916181,0.289986304,0.289953782,0.481661817
5899,INPUT_SKIN6_90_5.txt,OUTPUT_SKIN8_90_5.txt,3.393777819,24,3.391441415,3.392867093,3.392621656,3.392955734,3.468227287
5900,INPUT_SKIN6_90_5.txt,OUTPUT_SKIN9_90_5.txt,2.013433633,24,2.013829327,2.013356123,2.013510254,2.014264526,2.036031374
5901,INPUT_SKIN7_90_5.txt,OUTPUT_BM1_90_5.txt,1.553546799,24,1.553394233,1.553626872,1.553217607,1.552977377,1.4845372
5902,INPUT_SKIN7_90_5.txt,OUTPUT_BM2_90_5.txt,0.00980679,24,0.009811018,0.009801441,0.009807428,0.009800994,0.009175243
5903,INPUT_SKIN7_90_5.txt,OUTPUT_GUT_90_5.txt,0.670564975,24,0.671534776,0.671437705,0.671220457,0.670386496,0.84435977
5904,INPUT_SKIN7_90_5.txt,OUTPUT_L_90_5.txt,7.598793311,24,7.599506952,7.598988585,7.597790327,7.598396769,7.8419702
5905,INPUT_SKIN7_90_5.txt,OUTPUT_LN1_90_5.txt,0.703064669,24,0.703113292,0.703026375,0.702914137,0.702831181,0.646337291
5906,INPUT_SKIN7_90_5.txt,OUTPUT_LN2_90_5.txt,0.846025588,24,0.845822441,0.845584621,0.845702223,0.845456632,0.911095587
5907,INPUT_SKIN7_90_5.txt,OUTPUT_LUNG_90_5.txt,0.099793255,24,0.099829101,0.099817317,0.099753534,0.099779192,0.103210332
5908,INPUT_SKIN7_90_5.txt,OUTPUT_S_90_5.txt,3.394411196,24,3.396058211,3.39530249,3.394023258,3.395595606,3.521217806
5909,INPUT_SKIN7_90_5.txt,OUTPUT_SKIN1_90_5.txt,0.293732584,24,0.293934503,0.293681376,0.293960973,0.294002684,0.262855702
5910,INPUT_SKIN7_90_5.txt,OUTPUT_SKIN10_90_5.txt,0.33811194,24,0.338277922,0.33815889,0.338120884,0.338156799,0.33767759
5911,INPUT_SKIN7_90_5.txt,OUTPUT_SKIN11_90_5.txt,0.456106606,24,0.456311876,0.456342952,0.456195296,0.456069657,0.434353281
5912,INPUT_SKIN7_90_5.txt,OUTPUT_SKIN12_90_5.txt,0.056063114,24,0.056132242,0.056097267,0.056082547,0.056066851,0.05904358
5913,INPUT_SKIN7_90_5.txt,OUTPUT_SKIN2_90_5.txt,0.075469706,24,0.075476854,0.075475575,0.07545561,0.075461205,0.071702069
5914,INPUT_SKIN7_90_5.txt,OUTPUT_SKIN3_90_5.txt,0.052838731,24,0.052844276,0.052839822,0.052832791,0.052833994,0.059818911
5915,INPUT_SKIN7_90_5.txt,OUTPUT_SKIN4_90_5.txt,0.69549722,24,0.695552569,0.695475045,0.695377314,0.695460549,0.716266926
5916,INPUT_SKIN7_90_5.txt,OUTPUT_SKIN5_90_5.txt,0.166254544,24,0.166266872,0.166255181,0.16623228,0.166244599,0.127536234
5917,INPUT_SKIN7_90_5.txt,OUTPUT_SKIN6_90_5.txt,0.535330244,24,0.535446932,0.535368978,0.535341115,0.53532995,0.536727661
5918,INPUT_SKIN7_90_5.txt,OUTPUT_SKIN7_90_5.txt,-526492.5,24,-526452,-526489,-526561.5,-526522.5,-584362.5
5919,INPUT_SKIN7_90_5.txt,OUTPUT_SKIN8_90_5.txt,2.24597695,24,2.244667122,2.245446465,2.245047641,2.245358254,2.239069894
5920,INPUT_SKIN7_90_5.txt,OUTPUT_SKIN9_90_5.txt,0.376250343,24,0.376541083,0.376253799,0.376225375,0.376552796,0.34542028
5921,INPUT_SKIN8_90_5.txt,OUTPUT_BM1_90_5.txt,1.598255218,24,1.598826806,1.598444326,1.598500076,1.598491667,1.68293191
5922,INPUT_SKIN8_90_5.txt,OUTPUT_BM2_90_5.txt,0.053926166,24,0.053962294,0.053904135,0.053944075,0.053904474,0.051502921
5923,INPUT_SKIN8_90_5.txt,OUTPUT_GUT_90_5.txt,0.67548739,24,0.676653215,0.676407973,0.676286204,0.675442619,0.650786748
5924,INPUT_SKIN8_90_5.txt,OUTPUT_L_90_5.txt,1.914228361,24,1.914966474,1.914636908,1.914596928,1.914533265,2.00340719
5925,INPUT_SKIN8_90_5.txt,OUTPUT_LN1_90_5.txt,0.722269312,24,0.722503297,0.722315237,0.722310387,0.722148505,0.805529036
5926,INPUT_SKIN8_90_5.txt,OUTPUT_LN2_90_5.txt,1.481191795,24,1.481520905,1.481097056,1.4812758,1.481034041,1.615659553
5927,INPUT_SKIN8_90_5.txt,OUTPUT_LUNG_90_5.txt,0.170353209,24,0.170457254,0.170413984,0.170332469,0.170358153,0.184569831
5928,INPUT_SKIN8_90_5.txt,OUTPUT_S_90_5.txt,1.11531929,24,1.115819712,1.115559967,1.11545816,1.115577217,1.189870249
5929,INPUT_SKIN8_90_5.txt,OUTPUT_SKIN1_90_5.txt,0.360504005,24,0.360588923,0.360492263,0.360648397,0.360649402,0.363548191
5930,INPUT_SKIN8_90_5.txt,OUTPUT_SKIN10_90_5.txt,0.549230705,24,0.549644483,0.549374425,0.549398608,0.5493975,0.5607803
5931,INPUT_SKIN8_90_5.txt,OUTPUT_SKIN11_90_5.txt,0.567664903,24,0.568062146,0.568032038,0.567929568,0.567725438,0.625993453
5932,INPUT_SKIN8_90_5.txt,OUTPUT_SKIN12_90_5.txt,0.06002049,24,0.060113905,0.060065481,0.060059519,0.060033989,0.03549643
5933,INPUT_SKIN8_90_5.txt,OUTPUT_SKIN2_90_5.txt,0.057932194,24,0.057952769,0.057943857,0.057937296,0.057935446,0.063541043
5934,INPUT_SKIN8_90_5.txt,OUTPUT_SKIN3_90_5.txt,0.054635589,24,0.054655109,0.054643045,0.054644451,0.05463989,0.053776132
5935,INPUT_SKIN8_90_5.txt,OUTPUT_SKIN4_90_5.txt,1.421063279,24,1.42154357,1.421186528,1.421211346,1.421233623,1.645576079
5936,INPUT_SKIN8_90_5.txt,OUTPUT_SKIN5_90_5.txt,0.222919563,24,0.222993082,0.22294692,0.222951606,0.222944457,0.086716615
5937,INPUT_SKIN8_90_5.txt,OUTPUT_SKIN6_90_5.txt,0.312948888,24,0.313098908,0.313008418,0.313043573,0.313002997,0.316183991
5938,INPUT_SKIN8_90_5.txt,OUTPUT_SKIN7_90_5.txt,0.410641028,24,0.410713224,0.410686432,0.410807862,0.41073429,0.40779549
5939,INPUT_SKIN8_90_5.txt,OUTPUT_SKIN8_90_5.txt,-498592.5,24,-498428.5,-498531.5,-498521,-498537,-553231
5940,INPUT_SKIN8_90_5.txt,OUTPUT_SKIN9_90_5.txt,0.48436874,24,0.484704346,0.48438844,0.484425087,0.484588551,0.517108596
5941,INPUT_SKIN9_90_5.txt,OUTPUT_BM1_90_5.txt,11.71475969,24,11.71583422,11.71606035,11.7173916,11.71621248,11.73400574
5942,INPUT_SKIN9_90_5.txt,OUTPUT_BM2_90_5.txt,8.034891753,24,8.035265915,8.034932502,8.036548566,8.03311317,8.078454222
5943,INPUT_SKIN9_90_5.txt,OUTPUT_GUT_90_5.txt,5.867948614,24,5.872555501,5.871643272,5.872552132,5.861151556,5.33786024
5944,INPUT_SKIN9_90_5.txt,OUTPUT_L_90_5.txt,12.61347135,24,12.61456001,12.61616518,12.61665949,12.61449495,12.63711503
5945,INPUT_SKIN9_90_5.txt,OUTPUT_LN1_90_5.txt,4.056728138,24,4.056216894,4.05719518,4.056877782,4.054710957,3.618777336
5946,INPUT_SKIN9_90_5.txt,OUTPUT_LN2_90_5.txt,23.88234168,24,23.88700793,23.89386908,23.891061,23.89080018,23.95598967
5947,INPUT_SKIN9_90_5.txt,OUTPUT_LUNG_90_5.txt,46.52351627,24,46.5217955,46.53043484,46.53374615,46.50619173,46.64545018
5948,INPUT_SKIN9_90_5.txt,OUTPUT_S_90_5.txt,9.693184551,24,9.692621148,9.69359409,9.695276901,9.692617932,9.709333343
5949,INPUT_SKIN9_90_5.txt,OUTPUT_SKIN1_90_5.txt,1.859474827,24,1.858876943,1.859444543,1.859754584,1.85928894,1.686210446
5950,INPUT_SKIN9_90_5.txt,OUTPUT_SKIN10_90_5.txt,1.053236716,24,1.053539801,1.053552564,1.053516959,1.053183224,0.947979381
5951,INPUT_SKIN9_90_5.txt,OUTPUT_SKIN11_90_5.txt,95.865952,24,95.91234361,95.94096279,95.93391445,95.84300224,95.95625854
5952,INPUT_SKIN9_90_5.txt,OUTPUT_SKIN12_90_5.txt,0.556614765,24,0.556606161,0.556826459,0.556771692,0.556568204,0.506873153
5953,INPUT_SKIN9_90_5.txt,OUTPUT_SKIN2_90_5.txt,0.054974279,24,0.054968458,0.05498736,0.054977061,0.054958124,0.049866626
5954,INPUT_SKIN9_90_5.txt,OUTPUT_SKIN3_90_5.txt,29.82435833,24,29.82058898,29.82775348,29.82515687,29.81844972,29.92468987
5955,INPUT_SKIN9_90_5.txt,OUTPUT_SKIN4_90_5.txt,124.1397171,24,124.1519238,124.2139589,124.1805526,124.1166073,124.2416941
5956,INPUT_SKIN9_90_5.txt,OUTPUT_SKIN5_90_5.txt,84.69661375,24,84.69196815,84.72966765,84.71329802,84.67416752,84.67960449
5957,INPUT_SKIN9_90_5.txt,OUTPUT_SKIN6_90_5.txt,0.383180873,24,0.383188934,0.383278899,0.383281122,0.38312166,0.346328691
5958,INPUT_SKIN9_90_5.txt,OUTPUT_SKIN7_90_5.txt,71.44814856,24,71.47664253,71.47646148,71.49312636,71.44036771,70.99131991
5959,INPUT_SKIN9_90_5.txt,OUTPUT_SKIN8_90_5.txt,9.102608464,24,9.097569813,9.103281241,9.102145016,9.099145683,8.199293088
5960,INPUT_SKIN9_90_5.txt,OUTPUT_SKIN9_90_5.txt,-1374058,24,-1374228,-1373829,-1373912,-1374385.5,-1525491.5
5961,INPUT_BM1_90_5.txt,OUTPUT_BM1_90_5.txt,-408041,25,-408082.5,-408115.5,-408009.5,-408076,-453278
5962,INPUT_BM1_90_5.txt,OUTPUT_BM2_90_5.txt,0.242040532,25,0.241703406,0.241708056,0.241900171,0.242055048,0.231050452
5963,INPUT_BM1_90_5.txt,OUTPUT_GUT_90_5.txt,NA,25,NA,NA,NA,NA,NA
5964,INPUT_BM1_90_5.txt,OUTPUT_L_90_5.txt,0.033606209,25,0.033602789,0.033600071,0.033608804,0.033603325,0.035016272
5965,INPUT_BM1_90_5.txt,OUTPUT_LN1_90_5.txt,0.043630132,25,0.043625692,0.043622162,0.043633503,0.043626387,0.051196719
5966,INPUT_BM1_90_5.txt,OUTPUT_LN2_90_5.txt,0.066760066,25,0.066754238,0.066746095,0.066764416,0.06675369,0.064343577
5967,INPUT_BM1_90_5.txt,OUTPUT_LUNG_90_5.txt,0.195435192,25,0.195386365,0.195380915,0.195452805,0.195408005,0.193126296
5968,INPUT_BM1_90_5.txt,OUTPUT_S_90_5.txt,0.977817948,25,0.977779213,0.977776249,0.978256988,0.978200389,0.988159954
5969,INPUT_BM1_90_5.txt,OUTPUT_SKIN1_90_5.txt,0.132156491,25,0.132138133,0.132127556,0.132165961,0.132144306,0.140280388
5970,INPUT_BM1_90_5.txt,OUTPUT_SKIN10_90_5.txt,0.051396859,25,0.051391639,0.051387466,0.051400844,0.051392432,0.053997707
5971,INPUT_BM1_90_5.txt,OUTPUT_SKIN11_90_5.txt,0.15664945,25,0.156616873,0.156630757,0.156643115,0.156618209,0.161922083
5972,INPUT_BM1_90_5.txt,OUTPUT_SKIN12_90_5.txt,0.087379338,25,0.087363805,0.087365268,0.087383563,0.087363644,0.086579933
5973,INPUT_BM1_90_5.txt,OUTPUT_SKIN2_90_5.txt,0.097926455,25,0.097900942,0.097907764,0.097915553,0.097900698,0.095463944
5974,INPUT_BM1_90_5.txt,OUTPUT_SKIN3_90_5.txt,0.056507989,25,0.056502232,0.056497661,0.056512354,0.056503136,0.0587962
5975,INPUT_BM1_90_5.txt,OUTPUT_SKIN4_90_5.txt,0.121744195,25,0.121713489,0.12170817,0.121746802,0.121712829,0.128913271
5976,INPUT_BM1_90_5.txt,OUTPUT_SKIN5_90_5.txt,0.151752324,25,0.151719736,0.151698697,0.151740982,0.151753457,0.166131702
5977,INPUT_BM1_90_5.txt,OUTPUT_SKIN6_90_5.txt,0.31253279,25,0.312427764,0.312524859,0.312517484,0.312436764,0.315893589
5978,INPUT_BM1_90_5.txt,OUTPUT_SKIN7_90_5.txt,0.060852186,25,0.060845987,0.060841061,0.060856889,0.060846959,0.059173854
5979,INPUT_BM1_90_5.txt,OUTPUT_SKIN8_90_5.txt,0.156496655,25,0.156496386,0.15654512,0.156498258,0.156564183,0.176674686
5980,INPUT_BM1_90_5.txt,OUTPUT_SKIN9_90_5.txt,0.128673649,25,0.128745858,0.128733497,0.128769064,0.128674624,0.143911258
5981,INPUT_BM2_90_5.txt,OUTPUT_BM1_90_5.txt,0.042687907,25,0.042724357,0.04272914,0.042695398,0.042692129,0.043102382
5982,INPUT_BM2_90_5.txt,OUTPUT_BM2_90_5.txt,-502098.5,25,-501772.5,-501797.5,-501933,-502135,-557839
5983,INPUT_BM2_90_5.txt,OUTPUT_GUT_90_5.txt,NA,25,NA,NA,NA,NA,NA
5984,INPUT_BM2_90_5.txt,OUTPUT_L_90_5.txt,0.033286625,25,0.033308271,0.033306611,0.033297611,0.033284204,0.031995968
5985,INPUT_BM2_90_5.txt,OUTPUT_LN1_90_5.txt,0.038671406,25,0.038696561,0.038694631,0.038684173,0.038668593,0.035907303
5986,INPUT_BM2_90_5.txt,OUTPUT_LN2_90_5.txt,0.05494379,25,0.05498034,0.054975338,0.054961272,0.054939261,0.054466843
5987,INPUT_BM2_90_5.txt,OUTPUT_LUNG_90_5.txt,0.143327099,25,0.143399203,0.143399643,0.143376383,0.143309047,0.139760469
5988,INPUT_BM2_90_5.txt,OUTPUT_S_90_5.txt,0.229573923,25,0.229736048,0.229741763,0.229737822,0.229667939,0.225410508
5989,INPUT_BM2_90_5.txt,OUTPUT_SKIN1_90_5.txt,0.073188919,25,0.073222624,0.073218951,0.073210866,0.07318118,0.069636536
5990,INPUT_BM2_90_5.txt,OUTPUT_SKIN10_90_5.txt,0.039510241,25,0.039535981,0.039533973,0.039523323,0.03950733,0.04242678
5991,INPUT_BM2_90_5.txt,OUTPUT_SKIN11_90_5.txt,0.25485312,25,0.25500382,0.255013377,0.254926346,0.254811848,0.250424164
5992,INPUT_BM2_90_5.txt,OUTPUT_SKIN12_90_5.txt,0.116947109,25,0.117012656,0.117024686,0.116978771,0.116922661,0.132468333
5993,INPUT_BM2_90_5.txt,OUTPUT_SKIN2_90_5.txt,0.097789943,25,0.097837611,0.097854066,0.097787246,0.097749495,0.096079594
5994,INPUT_BM2_90_5.txt,OUTPUT_SKIN3_90_5.txt,0.053063962,25,0.053098505,0.053095857,0.053081497,0.053060103,0.051530546
5995,INPUT_BM2_90_5.txt,OUTPUT_SKIN4_90_5.txt,0.11716889,25,0.117223194,0.117204958,0.117203729,0.117130079,0.142721289
5996,INPUT_BM2_90_5.txt,OUTPUT_SKIN5_90_5.txt,0.887361891,25,0.887914757,0.888230839,0.887796224,0.887227425,0.894672361
5997,INPUT_BM2_90_5.txt,OUTPUT_SKIN6_90_5.txt,0.534885109,25,0.535604436,0.535302343,0.535491977,0.535207904,0.642702549
5998,INPUT_BM2_90_5.txt,OUTPUT_SKIN7_90_5.txt,0.102872673,25,0.10293976,0.102934619,0.102906729,0.10286518,0.103534644
5999,INPUT_BM2_90_5.txt,OUTPUT_SKIN8_90_5.txt,0.520464763,25,0.52105975,0.520566365,0.520840241,0.52011132,0.533766926
6000,INPUT_BM2_90_5.txt,OUTPUT_SKIN9_90_5.txt,0.093722186,25,0.093728459,0.093810192,0.093749303,0.093681796,0.089830511
6001,INPUT_GUT_90_5.txt,OUTPUT_BM1_90_5.txt,NA,25,NA,NA,NA,NA,NA
6002,INPUT_GUT_90_5.txt,OUTPUT_BM2_90_5.txt,NA,25,NA,NA,NA,NA,NA
6003,INPUT_GUT_90_5.txt,OUTPUT_GUT_90_5.txt,NA,25,NA,NA,NA,NA,NA
6004,INPUT_GUT_90_5.txt,OUTPUT_L_90_5.txt,NA,25,NA,NA,NA,NA,NA
6005,INPUT_GUT_90_5.txt,OUTPUT_LN1_90_5.txt,NA,25,NA,NA,NA,NA,NA
6006,INPUT_GUT_90_5.txt,OUTPUT_LN2_90_5.txt,NA,25,NA,NA,NA,NA,NA
6007,INPUT_GUT_90_5.txt,OUTPUT_LUNG_90_5.txt,NA,25,NA,NA,NA,NA,NA
6008,INPUT_GUT_90_5.txt,OUTPUT_S_90_5.txt,NA,25,NA,NA,NA,NA,NA
6009,INPUT_GUT_90_5.txt,OUTPUT_SKIN1_90_5.txt,NA,25,NA,NA,NA,NA,NA
6010,INPUT_GUT_90_5.txt,OUTPUT_SKIN10_90_5.txt,NA,25,NA,NA,NA,NA,NA
6011,INPUT_GUT_90_5.txt,OUTPUT_SKIN11_90_5.txt,NA,25,NA,NA,NA,NA,NA
6012,INPUT_GUT_90_5.txt,OUTPUT_SKIN12_90_5.txt,NA,25,NA,NA,NA,NA,NA
6013,INPUT_GUT_90_5.txt,OUTPUT_SKIN2_90_5.txt,NA,25,NA,NA,NA,NA,NA
6014,INPUT_GUT_90_5.txt,OUTPUT_SKIN3_90_5.txt,NA,25,NA,NA,NA,NA,NA
6015,INPUT_GUT_90_5.txt,OUTPUT_SKIN4_90_5.txt,NA,25,NA,NA,NA,NA,NA
6016,INPUT_GUT_90_5.txt,OUTPUT_SKIN5_90_5.txt,NA,25,NA,NA,NA,NA,NA
6017,INPUT_GUT_90_5.txt,OUTPUT_SKIN6_90_5.txt,NA,25,NA,NA,NA,NA,NA
6018,INPUT_GUT_90_5.txt,OUTPUT_SKIN7_90_5.txt,NA,25,NA,NA,NA,NA,NA
6019,INPUT_GUT_90_5.txt,OUTPUT_SKIN8_90_5.txt,NA,25,NA,NA,NA,NA,NA
6020,INPUT_GUT_90_5.txt,OUTPUT_SKIN9_90_5.txt,NA,25,NA,NA,NA,NA,NA
6021,INPUT_L_90_5.txt,OUTPUT_BM1_90_5.txt,0.054505801,25,0.054516877,0.054525686,0.054497393,0.054515142,0.051531736
6022,INPUT_L_90_5.txt,OUTPUT_BM2_90_5.txt,0.360927413,25,0.360467195,0.360502497,0.360693767,0.360978995,0.340312548
6023,INPUT_L_90_5.txt,OUTPUT_GUT_90_5.txt,NA,25,NA,NA,NA,NA,NA
6024,INPUT_L_90_5.txt,OUTPUT_L_90_5.txt,-333926.5,25,-333926.5,-333926.5,-333926.5,-333926.5,-370774.5
6025,INPUT_L_90_5.txt,OUTPUT_LN1_90_5.txt,0.060398345,25,0.060398345,0.060398345,0.060398345,0.060398345,0.060287484
6026,INPUT_L_90_5.txt,OUTPUT_LN2_90_5.txt,0.030131317,25,0.030131754,0.030130517,0.030130953,0.030131026,0.039368291
6027,INPUT_L_90_5.txt,OUTPUT_LUNG_90_5.txt,0.180685766,25,0.180657853,0.180667483,0.180688077,0.180676135,0.180631835
6028,INPUT_L_90_5.txt,OUTPUT_S_90_5.txt,0.488072322,25,0.488099466,0.488135007,0.488254825,0.488301274,0.463085141
6029,INPUT_L_90_5.txt,OUTPUT_SKIN1_90_5.txt,0.125701908,25,0.125677951,0.125677065,0.12569791,0.125697625,0.126458865
6030,INPUT_L_90_5.txt,OUTPUT_SKIN10_90_5.txt,0.042110853,25,0.042110941,0.042110853,0.042110941,0.042110765,0.039315899
6031,INPUT_L_90_5.txt,OUTPUT_SKIN11_90_5.txt,0.189143071,25,0.18913349,0.189145776,0.189135227,0.189122203,0.191815533
6032,INPUT_L_90_5.txt,OUTPUT_SKIN12_90_5.txt,0.102531818,25,0.102521961,0.102536534,0.102525633,0.10251743,0.103408562
6033,INPUT_L_90_5.txt,OUTPUT_SKIN2_90_5.txt,0.116518358,25,0.116507605,0.116530691,0.1165091,0.116514033,0.114169307
6034,INPUT_L_90_5.txt,OUTPUT_SKIN3_90_5.txt,0.061120847,25,0.061120847,0.061120847,0.061120847,0.061120847,0.059772908
6035,INPUT_L_90_5.txt,OUTPUT_SKIN4_90_5.txt,0.129099559,25,0.129075167,0.129061166,0.129095284,0.12906602,0.134059833
6036,INPUT_L_90_5.txt,OUTPUT_SKIN5_90_5.txt,0.299267793,25,0.299261397,0.299161901,0.299364989,0.299245523,0.308510609
6037,INPUT_L_90_5.txt,OUTPUT_SKIN6_90_5.txt,0.296053422,25,0.295935591,0.296098507,0.295967712,0.295939875,0.297245873
6038,INPUT_L_90_5.txt,OUTPUT_SKIN7_90_5.txt,0.047752073,25,0.047752073,0.047752073,0.047752073,0.047752073,0.045225065
6039,INPUT_L_90_5.txt,OUTPUT_SKIN8_90_5.txt,0.447620447,25,0.447849544,0.447398741,0.447791423,0.44730289,0.456859037
6040,INPUT_L_90_5.txt,OUTPUT_SKIN9_90_5.txt,0.110623751,25,0.110686481,0.110693311,0.110690589,0.110644012,0.108800586
6041,INPUT_LN1_90_5.txt,OUTPUT_BM1_90_5.txt,0.033331392,25,0.033338166,0.033343554,0.033326251,0.033337105,0.034018498
6042,INPUT_LN1_90_5.txt,OUTPUT_BM2_90_5.txt,0.501414938,25,0.500783455,0.500831905,0.501094359,0.501485733,0.467812015
6043,INPUT_LN1_90_5.txt,OUTPUT_GUT_90_5.txt,NA,25,NA,NA,NA,NA,NA
6044,INPUT_LN1_90_5.txt,OUTPUT_L_90_5.txt,0.058832321,25,0.058832321,0.058832321,0.058832321,0.058832321,0.054834175
6045,INPUT_LN1_90_5.txt,OUTPUT_LN1_90_5.txt,-416881.5,25,-416881.5,-416881.5,-416881.5,-416881.5,-463271.5
6046,INPUT_LN1_90_5.txt,OUTPUT_LN2_90_5.txt,0.105459237,25,0.105460764,0.105456438,0.105457964,0.105458219,0.099318223
6047,INPUT_LN1_90_5.txt,OUTPUT_LUNG_90_5.txt,0.301024177,25,0.300978955,0.300994842,0.30102799,0.301008288,0.299124986
6048,INPUT_LN1_90_5.txt,OUTPUT_S_90_5.txt,0.527406184,25,0.52743526,0.527473366,0.527601764,0.527651561,0.49590246
6049,INPUT_LN1_90_5.txt,OUTPUT_SKIN1_90_5.txt,0.086952494,25,0.086935729,0.086935722,0.086949795,0.086949602,0.081374492
6050,INPUT_LN1_90_5.txt,OUTPUT_SKIN10_90_5.txt,0.027765548,25,0.027765562,0.027765548,0.027765562,0.027765534,0.03802337
6051,INPUT_LN1_90_5.txt,OUTPUT_SKIN11_90_5.txt,0.206877295,25,0.206864103,0.206884161,0.206867381,0.206859758,0.229911298
6052,INPUT_LN1_90_5.txt,OUTPUT_SKIN12_90_5.txt,0.158132889,25,0.158118259,0.158142507,0.158123727,0.158111257,0.155320979
6053,INPUT_LN1_90_5.txt,OUTPUT_SKIN2_90_5.txt,0.150495224,25,0.150470517,0.150503511,0.150440421,0.150442972,0.186323996
6054,INPUT_LN1_90_5.txt,OUTPUT_SKIN3_90_5.txt,0.161225703,25,0.161225703,0.161225703,0.161225703,0.161225703,0.169238332
6055,INPUT_LN1_90_5.txt,OUTPUT_SKIN4_90_5.txt,0.28335928,25,0.28330579,0.283275116,0.283349898,0.283285739,0.272684202
6056,INPUT_LN1_90_5.txt,OUTPUT_SKIN5_90_5.txt,1.308747483,25,1.30876576,1.309230089,1.308867741,1.308519201,1.422875212
6057,INPUT_LN1_90_5.txt,OUTPUT_SKIN6_90_5.txt,0.814912581,25,0.815517466,0.815058018,0.815609039,0.815509304,0.877919517
6058,INPUT_LN1_90_5.txt,OUTPUT_SKIN7_90_5.txt,0.061411976,25,0.061411976,0.061411976,0.061411976,0.061411976,0.071639078
6059,INPUT_LN1_90_5.txt,OUTPUT_SKIN8_90_5.txt,0.795878084,25,0.796281657,0.79552645,0.796177538,0.795343144,0.767686727
6060,INPUT_LN1_90_5.txt,OUTPUT_SKIN9_90_5.txt,0.294558529,25,0.294378964,0.294656483,0.294542468,0.294449814,0.27712036
6061,INPUT_LN2_90_5.txt,OUTPUT_BM1_90_5.txt,0.022871265,25,0.022875751,0.022879919,0.022867873,0.022875299,0.023801301
6062,INPUT_LN2_90_5.txt,OUTPUT_BM2_90_5.txt,0.213556526,25,0.213280407,0.213305695,0.213418337,0.213588292,0.238660705
6063,INPUT_LN2_90_5.txt,OUTPUT_GUT_90_5.txt,NA,25,NA,NA,NA,NA,NA
6064,INPUT_LN2_90_5.txt,OUTPUT_L_90_5.txt,0.058686479,25,0.058686054,0.058687259,0.058686834,0.058686763,0.062494015
6065,INPUT_LN2_90_5.txt,OUTPUT_LN1_90_5.txt,0.09610992,25,0.096109223,0.096111198,0.096110501,0.096110385,0.10913067
6066,INPUT_LN2_90_5.txt,OUTPUT_LN2_90_5.txt,-414071,25,-414074,-414065.5,-414068.5,-414069,-459845
6067,INPUT_LN2_90_5.txt,OUTPUT_LUNG_90_5.txt,0.233719721,25,0.233681505,0.233699468,0.233724292,0.233707677,0.240262462
6068,INPUT_LN2_90_5.txt,OUTPUT_S_90_5.txt,0.916669802,25,0.916715202,0.916797246,0.917016514,0.91710292,1.068357356
6069,INPUT_LN2_90_5.txt,OUTPUT_SKIN1_90_5.txt,0.365079549,25,0.365001174,0.36500885,0.365069606,0.365068293,0.352503382
6070,INPUT_LN2_90_5.txt,OUTPUT_SKIN10_90_5.txt,0.033159713,25,0.033159476,0.033160153,0.033159917,0.033159869,0.031579169
6071,INPUT_LN2_90_5.txt,OUTPUT_SKIN11_90_5.txt,0.203355486,25,0.203339501,0.203359609,0.203347263,0.203334402,0.231764867
6072,INPUT_LN2_90_5.txt,OUTPUT_SKIN12_90_5.txt,0.095332569,25,0.095322666,0.095340123,0.095327253,0.095319641,0.115102745
6073,INPUT_LN2_90_5.txt,OUTPUT_SKIN2_90_5.txt,0.115550438,25,0.115530339,0.115558195,0.115509103,0.115511171,0.110392972
6074,INPUT_LN2_90_5.txt,OUTPUT_SKIN3_90_5.txt,0.184753253,25,0.184751909,0.184755718,0.184754374,0.18475415,0.176311658
6075,INPUT_LN2_90_5.txt,OUTPUT_SKIN4_90_5.txt,0.156006852,25,0.155976218,0.155962455,0.156002633,0.155967031,0.165534259
6076,INPUT_LN2_90_5.txt,OUTPUT_SKIN5_90_5.txt,1.025527133,25,1.025667159,1.026018013,1.025723015,1.025433236,0.993965946
6077,INPUT_LN2_90_5.txt,OUTPUT_SKIN6_90_5.txt,0.617077399,25,0.617538621,0.617197013,0.617618204,0.617539732,0.598934786
6078,INPUT_LN2_90_5.txt,OUTPUT_SKIN7_90_5.txt,0.069220505,25,0.069220003,0.069221426,0.069220924,0.06922084,0.069593416
6079,INPUT_LN2_90_5.txt,OUTPUT_SKIN8_90_5.txt,0.80329031,25,0.803695044,0.80289533,0.803544675,0.802720404,0.690983788
6080,INPUT_LN2_90_5.txt,OUTPUT_SKIN9_90_5.txt,0.411118182,25,0.410860584,0.411266035,0.411099956,0.410965203,0.475095032
6081,INPUT_LUNG_90_5.txt,OUTPUT_BM1_90_5.txt,0.109484899,25,0.109515096,0.109529897,0.109467329,0.109506537,0.098515672
6082,INPUT_LUNG_90_5.txt,OUTPUT_BM2_90_5.txt,2.252414095,25,2.249801581,2.249971492,2.251023967,2.252759281,2.125886199
6083,INPUT_LUNG_90_5.txt,OUTPUT_GUT_90_5.txt,NA,25,NA,NA,NA,NA,NA
6084,INPUT_LUNG_90_5.txt,OUTPUT_L_90_5.txt,17.9907991,25,17.99210938,17.99163346,17.99068488,17.99127501,18.07962911
6085,INPUT_LUNG_90_5.txt,OUTPUT_LN1_90_5.txt,0.130206117,25,0.130215638,0.130212188,0.130205289,0.130209566,0.120505303
6086,INPUT_LUNG_90_5.txt,OUTPUT_LN2_90_5.txt,0.087221377,25,0.087229011,0.087223121,0.08721977,0.087222842,0.083029267
6087,INPUT_LUNG_90_5.txt,OUTPUT_LUNG_90_5.txt,-472468.5,25,-472434,-472446.5,-472471.5,-472456,-525101.5
6088,INPUT_LUNG_90_5.txt,OUTPUT_S_90_5.txt,3.522717429,25,3.522975001,3.523169906,3.523854185,3.524191359,3.819598623
6089,INPUT_LUNG_90_5.txt,OUTPUT_SKIN1_90_5.txt,0.490207033,25,0.49014595,0.490133981,0.490188428,0.490203562,0.462365677
6090,INPUT_LUNG_90_5.txt,OUTPUT_SKIN10_90_5.txt,0.134445898,25,0.134455739,0.134452173,0.134445042,0.134449464,0.123551209
6091,INPUT_LUNG_90_5.txt,OUTPUT_SKIN11_90_5.txt,0.530433985,25,0.530444562,0.530467,0.530407537,0.530394344,0.504193531
6092,INPUT_LUNG_90_5.txt,OUTPUT_SKIN12_90_5.txt,0.370483701,25,0.370476224,0.370522145,0.370462883,0.370447702,0.369806562
6093,INPUT_LUNG_90_5.txt,OUTPUT_SKIN2_90_5.txt,0.155328308,25,0.155313633,0.155343958,0.155270561,0.155278669,0.140083974
6094,INPUT_LUNG_90_5.txt,OUTPUT_SKIN3_90_5.txt,0.109101806,25,0.109109791,0.109106898,0.109101111,0.109104699,0.102549159
6095,INPUT_LUNG_90_5.txt,OUTPUT_SKIN4_90_5.txt,0.502329185,25,0.502271079,0.502203837,0.502309189,0.502212156,0.482706889
6096,INPUT_LUNG_90_5.txt,OUTPUT_SKIN5_90_5.txt,1.985016276,25,1.98516126,1.986014141,1.985382876,1.984836143,1.93150969
6097,INPUT_LUNG_90_5.txt,OUTPUT_SKIN6_90_5.txt,1.899545547,25,1.901059449,1.899970858,1.901124188,1.900954224,1.796707961
6098,INPUT_LUNG_90_5.txt,OUTPUT_SKIN7_90_5.txt,0.135934609,25,0.135944565,0.135940957,0.135933743,0.135938216,0.137089591
6099,INPUT_LUNG_90_5.txt,OUTPUT_SKIN8_90_5.txt,0.879605659,25,0.880097595,0.879224,0.879866716,0.879031068,0.849670157
6100,INPUT_LUNG_90_5.txt,OUTPUT_SKIN9_90_5.txt,0.756344186,25,0.755945356,0.756640049,0.756305802,0.756086292,0.724659456
6101,INPUT_S_90_5.txt,OUTPUT_BM1_90_5.txt,0.059869013,25,0.059879248,0.059886937,0.059847996,0.059864832,0.063445168
6102,INPUT_S_90_5.txt,OUTPUT_BM2_90_5.txt,0.587513039,25,0.58671954,0.586768008,0.58699892,0.587455798,0.571129936
6103,INPUT_S_90_5.txt,OUTPUT_GUT_90_5.txt,NA,25,NA,NA,NA,NA,NA
6104,INPUT_S_90_5.txt,OUTPUT_L_90_5.txt,0.055155394,25,0.055149927,0.055151744,0.055140885,0.055142067,0.057255318
6105,INPUT_S_90_5.txt,OUTPUT_LN1_90_5.txt,0.060470824,25,0.060468701,0.060466821,0.060458782,0.060456207,0.056818471
6106,INPUT_S_90_5.txt,OUTPUT_LN2_90_5.txt,0.073013009,25,0.073010442,0.073006232,0.07299652,0.072994649,0.069851298
6107,INPUT_S_90_5.txt,OUTPUT_LUNG_90_5.txt,0.344964121,25,0.344878134,0.344905121,0.344879945,0.344861307,0.343076287
6108,INPUT_S_90_5.txt,OUTPUT_S_90_5.txt,-174126.5,25,-174131.5,-174138,-174160,-174168.5,-193518
6109,INPUT_S_90_5.txt,OUTPUT_SKIN1_90_5.txt,0.196792377,25,0.196759433,0.196754576,0.196746238,0.196740258,0.19685336
6110,INPUT_S_90_5.txt,OUTPUT_SKIN10_90_5.txt,0.056719101,25,0.056716854,0.056715346,0.05670755,0.05670529,0.053243354
6111,INPUT_S_90_5.txt,OUTPUT_SKIN11_90_5.txt,0.284118832,25,0.284104037,0.284087158,0.284064326,0.284073935,0.276714748
6112,INPUT_S_90_5.txt,OUTPUT_SKIN12_90_5.txt,0.315373357,25,0.315303636,0.315366617,0.315247628,0.315269369,0.310540074
6113,INPUT_S_90_5.txt,OUTPUT_SKIN2_90_5.txt,0.24327747,25,0.243220162,0.243267416,0.2431652,0.243173655,0.232809667
6114,INPUT_S_90_5.txt,OUTPUT_SKIN3_90_5.txt,0.149371647,25,0.149334148,0.149361716,0.149309547,0.149335384,0.140187396
6115,INPUT_S_90_5.txt,OUTPUT_SKIN4_90_5.txt,0.234609741,25,0.234534676,0.234548769,0.234524543,0.234502992,0.248952091
6116,INPUT_S_90_5.txt,OUTPUT_SKIN5_90_5.txt,0.343638527,25,0.343566085,0.34363019,0.343507114,0.343567587,0.345142695
6117,INPUT_S_90_5.txt,OUTPUT_SKIN6_90_5.txt,0.950305325,25,0.9495519,0.950195909,0.949491911,0.949654824,0.959165414
6118,INPUT_S_90_5.txt,OUTPUT_SKIN7_90_5.txt,0.144781598,25,0.144764667,0.144771974,0.144740822,0.144746455,0.13542009
6119,INPUT_S_90_5.txt,OUTPUT_SKIN8_90_5.txt,0.354139087,25,0.354057107,0.354159189,0.353976098,0.354097176,0.349023269
6120,INPUT_S_90_5.txt,OUTPUT_SKIN9_90_5.txt,0.321616434,25,0.321633787,0.321696677,0.321608751,0.321543711,0.313827139
6121,INPUT_SKIN1_90_5.txt,OUTPUT_BM1_90_5.txt,0.02505101,25,0.025058511,0.025062527,0.025047536,0.025055709,0.023835491
6122,INPUT_SKIN1_90_5.txt,OUTPUT_BM2_90_5.txt,0.318375448,25,0.318007109,0.318037404,0.318177767,0.318425478,0.353575535
6123,INPUT_SKIN1_90_5.txt,OUTPUT_GUT_90_5.txt,NA,25,NA,NA,NA,NA,NA
6124,INPUT_SKIN1_90_5.txt,OUTPUT_L_90_5.txt,0.051008743,25,0.051013667,0.051013611,0.051009527,0.051009583,0.052214286
6125,INPUT_SKIN1_90_5.txt,OUTPUT_LN1_90_5.txt,0.01778965,25,0.017791367,0.017791347,0.017789923,0.017789943,0.016357227
6126,INPUT_SKIN1_90_5.txt,OUTPUT_LN2_90_5.txt,0.056736021,25,0.056742318,0.056739932,0.056736209,0.056736408,0.052829995
6127,INPUT_SKIN1_90_5.txt,OUTPUT_LUNG_90_5.txt,0.289707262,25,0.289693479,0.289708317,0.28971536,0.28969689,0.289918191
6128,INPUT_SKIN1_90_5.txt,OUTPUT_S_90_5.txt,1.23285558,25,1.233027278,1.233097337,1.233231235,1.233325386,1.172590832
6129,INPUT_SKIN1_90_5.txt,OUTPUT_SKIN1_90_5.txt,-456128.5,25,-456084.5,-456085,-456121.5,-456121,-506821.5
6130,INPUT_SKIN1_90_5.txt,OUTPUT_SKIN10_90_5.txt,0.099588152,25,0.099597763,0.099597654,0.099589681,0.09958979,0.099331126
6131,INPUT_SKIN1_90_5.txt,OUTPUT_SKIN11_90_5.txt,0.464633618,25,0.464651762,0.464683691,0.464618214,0.464590381,0.448593211
6132,INPUT_SKIN1_90_5.txt,OUTPUT_SKIN12_90_5.txt,0.205272819,25,0.205273633,0.205304709,0.205264121,0.20525018,0.255368264
6133,INPUT_SKIN1_90_5.txt,OUTPUT_SKIN2_90_5.txt,0.299781604,25,0.299761665,0.299827168,0.299677218,0.299682606,0.288851892
6134,INPUT_SKIN1_90_5.txt,OUTPUT_SKIN3_90_5.txt,7.332405231,25,7.333126034,7.333116848,7.332519737,7.332527916,7.410877698
6135,INPUT_SKIN1_90_5.txt,OUTPUT_SKIN4_90_5.txt,0.544250364,25,0.544201063,0.544140384,0.544241279,0.544118967,0.571603323
6136,INPUT_SKIN1_90_5.txt,OUTPUT_SKIN5_90_5.txt,1.790281963,25,1.790372676,1.791183667,1.790563818,1.790081813,1.851125882
6137,INPUT_SKIN1_90_5.txt,OUTPUT_SKIN6_90_5.txt,1.62046315,25,1.621803717,1.620909764,1.62183573,1.621655577,1.609507143
6138,INPUT_SKIN1_90_5.txt,OUTPUT_SKIN7_90_5.txt,0.076425615,25,0.076432991,0.076432907,0.076426789,0.076426872,0.071164412
6139,INPUT_SKIN1_90_5.txt,OUTPUT_SKIN8_90_5.txt,1.441387374,25,1.442230425,1.440809302,1.441830566,1.440389807,1.415297684
6140,INPUT_SKIN1_90_5.txt,OUTPUT_SKIN9_90_5.txt,0.54928389,25,0.549001262,0.549518179,0.549261416,0.549090845,0.533139519
6141,INPUT_SKIN10_90_5.txt,OUTPUT_BM1_90_5.txt,0.070553973,25,0.070568258,0.070579621,0.070543128,0.070566022,0.074758681
6142,INPUT_SKIN10_90_5.txt,OUTPUT_BM2_90_5.txt,0.453209207,25,0.452654273,0.45269688,0.452927532,0.453271474,0.566618531
6143,INPUT_SKIN10_90_5.txt,OUTPUT_GUT_90_5.txt,NA,25,NA,NA,NA,NA,NA
6144,INPUT_SKIN10_90_5.txt,OUTPUT_L_90_5.txt,35.98059837,25,35.98059889,35.98059837,35.98059889,35.98059785,37.60467303
6145,INPUT_SKIN10_90_5.txt,OUTPUT_LN1_90_5.txt,0.135938648,25,0.135938648,0.135938648,0.135938648,0.135938648,0.150457004
6146,INPUT_SKIN10_90_5.txt,OUTPUT_LN2_90_5.txt,0.040252488,25,0.040253071,0.04025142,0.040252003,0.0402521,0.049012886
6147,INPUT_SKIN10_90_5.txt,OUTPUT_LUNG_90_5.txt,0.269468248,25,0.269428904,0.269443159,0.269471668,0.269453993,0.28072542
6148,INPUT_SKIN10_90_5.txt,OUTPUT_S_90_5.txt,0.460370111,25,0.460394648,0.460426989,0.460535613,0.460577853,0.532280132
6149,INPUT_SKIN10_90_5.txt,OUTPUT_SKIN1_90_5.txt,0.185591023,25,0.185554407,0.185554823,0.185585198,0.18558478,0.073550194
6150,INPUT_SKIN10_90_5.txt,OUTPUT_SKIN10_90_5.txt,-491012,25,-491012,-491012,-491012,-491012,-545679
6151,INPUT_SKIN10_90_5.txt,OUTPUT_SKIN11_90_5.txt,0.408585117,25,0.408561758,0.408584984,0.408569438,0.408536929,0.397830568
6152,INPUT_SKIN10_90_5.txt,OUTPUT_SKIN12_90_5.txt,0.182474805,25,0.182458242,0.182486332,0.182464734,0.182450095,0.188064859
6153,INPUT_SKIN10_90_5.txt,OUTPUT_SKIN2_90_5.txt,0.173341191,25,0.173312056,0.173350326,0.173278236,0.173281828,0.182377574
6154,INPUT_SKIN10_90_5.txt,OUTPUT_SKIN3_90_5.txt,0.058283078,25,0.058283079,0.058283078,0.058283079,0.058283078,0.060006241
6155,INPUT_SKIN10_90_5.txt,OUTPUT_SKIN4_90_5.txt,0.279879201,25,0.27982647,0.279795867,0.27987004,0.279806596,0.286225834
6156,INPUT_SKIN10_90_5.txt,OUTPUT_SKIN5_90_5.txt,2.3811343,25,2.381731958,2.382245828,2.381579982,2.38088939,2.408025285
6157,INPUT_SKIN10_90_5.txt,OUTPUT_SKIN6_90_5.txt,0.755374494,25,0.755927985,0.755508374,0.756010895,0.755920498,0.802533236
6158,INPUT_SKIN10_90_5.txt,OUTPUT_SKIN7_90_5.txt,0.118089808,25,0.118089808,0.118089808,0.118089808,0.118089808,0.117788426
6159,INPUT_SKIN10_90_5.txt,OUTPUT_SKIN8_90_5.txt,1.098535566,25,1.099088136,1.097982042,1.09887629,1.097755442,1.069600306
6160,INPUT_SKIN10_90_5.txt,OUTPUT_SKIN9_90_5.txt,0.237176152,25,0.237032316,0.237255481,0.237163793,0.237088971,0.269731823
6161,INPUT_SKIN11_90_5.txt,OUTPUT_BM1_90_5.txt,0.025746833,25,0.025752955,0.025756296,0.025743565,0.025752799,0.023822336
6162,INPUT_SKIN11_90_5.txt,OUTPUT_BM2_90_5.txt,0.687098293,25,0.686315494,0.68635566,0.686707635,0.687230728,0.702262482
6163,INPUT_SKIN11_90_5.txt,OUTPUT_GUT_90_5.txt,NA,25,NA,NA,NA,NA,NA
6164,INPUT_SKIN11_90_5.txt,OUTPUT_L_90_5.txt,33.41792563,25,33.41808359,33.41875361,33.41796662,33.41946773,33.41860118
6165,INPUT_SKIN11_90_5.txt,OUTPUT_LN1_90_5.txt,0.134543648,25,0.134548332,0.13454406,0.134547312,0.134551797,0.130335491
6166,INPUT_SKIN11_90_5.txt,OUTPUT_LN2_90_5.txt,0.047523781,25,0.047526114,0.047522664,0.047524495,0.047526201,0.043273592
6167,INPUT_SKIN11_90_5.txt,OUTPUT_LUNG_90_5.txt,0.41305649,25,0.413007337,0.413015375,0.41307266,0.413059924,0.401112006
6168,INPUT_SKIN11_90_5.txt,OUTPUT_S_90_5.txt,1.006353906,25,1.006436782,1.006469161,1.00670695,1.006824665,0.935564039
6169,INPUT_SKIN11_90_5.txt,OUTPUT_SKIN1_90_5.txt,0.142491383,25,0.14246957,0.142464649,0.142490694,0.142495318,0.208377106
6170,INPUT_SKIN11_90_5.txt,OUTPUT_SKIN10_90_5.txt,0.347729346,25,0.347745204,0.347730358,0.347742584,0.347746733,0.320584308
6171,INPUT_SKIN11_90_5.txt,OUTPUT_SKIN11_90_5.txt,-660935,25,-660912,-660933,-660917,-660895,-734226
6172,INPUT_SKIN11_90_5.txt,OUTPUT_SKIN12_90_5.txt,0.201442578,25,0.20143093,0.201454516,0.20143621,0.201428163,0.276973234
6173,INPUT_SKIN11_90_5.txt,OUTPUT_SKIN2_90_5.txt,0.308236831,25,0.308197515,0.308253977,0.308134783,0.308150536,0.39606783
6174,INPUT_SKIN11_90_5.txt,OUTPUT_SKIN3_90_5.txt,0.597542477,25,0.597511303,0.597549287,0.597512241,0.597578962,0.670877508
6175,INPUT_SKIN11_90_5.txt,OUTPUT_SKIN4_90_5.txt,0.845715319,25,0.845587452,0.84546628,0.84571218,0.84554942,0.786515103
6176,INPUT_SKIN11_90_5.txt,OUTPUT_SKIN5_90_5.txt,5.582766035,25,5.58342779,5.581512737,5.580260401,5.580074507,6.200362485
6177,INPUT_SKIN11_90_5.txt,OUTPUT_SKIN6_90_5.txt,1.611960829,25,1.613187956,1.612253725,1.613344113,1.61321419,1.515241647
6178,INPUT_SKIN11_90_5.txt,OUTPUT_SKIN7_90_5.txt,0.20459625,25,0.204599389,0.204597257,0.204598253,0.204608662,0.210454222
6179,INPUT_SKIN11_90_5.txt,OUTPUT_SKIN8_90_5.txt,2.702422736,25,2.703835315,2.701565856,2.702879084,2.700748077,2.60084201
6180,INPUT_SKIN11_90_5.txt,OUTPUT_SKIN9_90_5.txt,0.607789357,25,0.607445735,0.607995436,0.607776533,0.607604782,0.571685305
6181,INPUT_SKIN12_90_5.txt,OUTPUT_BM1_90_5.txt,0.02038625,25,0.020391337,0.020393111,0.02038361,0.020390992,0.022011527
6182,INPUT_SKIN12_90_5.txt,OUTPUT_BM2_90_5.txt,0.128486039,25,0.128328271,0.128331264,0.128406082,0.128512272,0.119338823
6183,INPUT_SKIN12_90_5.txt,OUTPUT_GUT_90_5.txt,NA,25,NA,NA,NA,NA,NA
6184,INPUT_SKIN12_90_5.txt,OUTPUT_L_90_5.txt,10.85134594,25,10.85177883,10.85167434,10.85168648,10.85198925,11.12324896
6185,INPUT_SKIN12_90_5.txt,OUTPUT_LN1_90_5.txt,0.020901912,25,0.020902882,0.020901326,0.020902427,0.020903193,0.019486475
6186,INPUT_SKIN12_90_5.txt,OUTPUT_LN2_90_5.txt,0.024168469,25,0.024169952,0.024167128,0.024168763,0.024169709,0.022496979
6187,INPUT_SKIN12_90_5.txt,OUTPUT_LUNG_90_5.txt,0.181714522,25,0.181696535,0.181692569,0.181721301,0.181716101,0.177526376
6188,INPUT_SKIN12_90_5.txt,OUTPUT_S_90_5.txt,0.328350656,25,0.328383683,0.328382513,0.328478362,0.328520919,0.301751728
6189,INPUT_SKIN12_90_5.txt,OUTPUT_SKIN1_90_5.txt,0.204286984,25,0.204255664,0.204241008,0.204285492,0.204292519,0.206713507
6190,INPUT_SKIN12_90_5.txt,OUTPUT_SKIN10_90_5.txt,0.064314435,25,0.064317419,0.064312635,0.064316018,0.064318376,0.063554716
6191,INPUT_SKIN12_90_5.txt,OUTPUT_SKIN11_90_5.txt,0.35312266,25,0.353116204,0.353118248,0.353113634,0.353109303,0.346915755
6192,INPUT_SKIN12_90_5.txt,OUTPUT_SKIN12_90_5.txt,-872941,25,-872900.5,-872965.5,-872919.5,-872887.5,-970246
6193,INPUT_SKIN12_90_5.txt,OUTPUT_SKIN2_90_5.txt,0.219666956,25,0.21964139,0.219672804,0.219593606,0.219605567,0.213073078
6194,INPUT_SKIN12_90_5.txt,OUTPUT_SKIN3_90_5.txt,0.595191502,25,0.595218678,0.595174583,0.595206137,0.595227628,0.630470568
6195,INPUT_SKIN12_90_5.txt,OUTPUT_SKIN4_90_5.txt,0.501648764,25,0.501577843,0.501486153,0.501644623,0.501549675,0.493656242
6196,INPUT_SKIN12_90_5.txt,OUTPUT_SKIN5_90_5.txt,0.948201361,25,0.948646978,0.948556347,0.94832406,0.948087535,1.00104751
6197,INPUT_SKIN12_90_5.txt,OUTPUT_SKIN6_90_5.txt,0.545718754,25,0.546141272,0.545799622,0.546189193,0.546144073,0.538718618
6198,INPUT_SKIN12_90_5.txt,OUTPUT_SKIN7_90_5.txt,0.069484015,25,0.069487238,0.069482068,0.069485725,0.069488272,0.066726718
6199,INPUT_SKIN12_90_5.txt,OUTPUT_SKIN8_90_5.txt,0.636722238,25,0.63706567,0.636407445,0.636917523,0.636314819,0.613319937
6200,INPUT_SKIN12_90_5.txt,OUTPUT_SKIN9_90_5.txt,0.13634114,25,0.136264893,0.136383031,0.136337486,0.136299379,0.128253063
6201,INPUT_SKIN2_90_5.txt,OUTPUT_BM1_90_5.txt,0.01936652,25,0.01937208,0.019373075,0.019367052,0.019373156,0.019714517
6202,INPUT_SKIN2_90_5.txt,OUTPUT_BM2_90_5.txt,10.23409714,25,10.23360327,10.23485962,10.23733815,10.23421345,10.52905123
6203,INPUT_SKIN2_90_5.txt,OUTPUT_GUT_90_5.txt,NA,25,NA,NA,NA,NA,NA
6204,INPUT_SKIN2_90_5.txt,OUTPUT_L_90_5.txt,14.49783533,25,14.49806947,14.49694443,14.50059602,14.50030407,14.86665561
6205,INPUT_SKIN2_90_5.txt,OUTPUT_LN1_90_5.txt,0.02655115,25,0.02655338,0.026550451,0.026555972,0.026555696,0.024472034
6206,INPUT_SKIN2_90_5.txt,OUTPUT_LN2_90_5.txt,0.013530661,25,0.013532,0.013529934,0.01353295,0.013532844,0.012463476
6207,INPUT_SKIN2_90_5.txt,OUTPUT_LUNG_90_5.txt,0.191914153,25,0.191902216,0.191891231,0.19195151,0.191936898,0.190197667
6208,INPUT_SKIN2_90_5.txt,OUTPUT_S_90_5.txt,0.12360315,25,0.123619906,0.123615802,0.123672467,0.123682805,0.112967077
6209,INPUT_SKIN2_90_5.txt,OUTPUT_SKIN1_90_5.txt,0.101238858,25,0.101227169,0.101216232,0.10125403,0.101252752,0.136672468
6210,INPUT_SKIN2_90_5.txt,OUTPUT_SKIN10_90_5.txt,0.032105798,25,0.032108493,0.032104953,0.032111627,0.032111296,0.043084663
6211,INPUT_SKIN2_90_5.txt,OUTPUT_SKIN11_90_5.txt,0.13749289,25,0.137496468,0.137493634,0.137511531,0.137504429,0.139652951
6212,INPUT_SKIN2_90_5.txt,OUTPUT_SKIN12_90_5.txt,0.150344434,25,0.15034302,0.150350264,0.150361771,0.150350371,0.150104977
6213,INPUT_SKIN2_90_5.txt,OUTPUT_SKIN2_90_5.txt,-1255467.5,25,-1255362,-1255500.5,-1255239.5,-1255252.5,-1395067.5
6214,INPUT_SKIN2_90_5.txt,OUTPUT_SKIN3_90_5.txt,0.142329184,25,0.142341083,0.142325402,0.142354983,0.142353537,0.160512596
6215,INPUT_SKIN2_90_5.txt,OUTPUT_SKIN4_90_5.txt,1.07746092,25,1.077348446,1.077112962,1.077622294,1.077367787,1.108159441
6216,INPUT_SKIN2_90_5.txt,OUTPUT_SKIN5_90_5.txt,1.016893024,25,1.016956503,1.017285474,1.017214528,1.016883473,1.11727259
6217,INPUT_SKIN2_90_5.txt,OUTPUT_SKIN6_90_5.txt,0.49726283,25,0.497667309,0.497336513,0.497772076,0.497706394,0.462068639
6218,INPUT_SKIN2_90_5.txt,OUTPUT_SKIN7_90_5.txt,0.082008208,25,0.082015097,0.082006048,0.082023098,0.082022251,0.087099116
6219,INPUT_SKIN2_90_5.txt,OUTPUT_SKIN8_90_5.txt,0.43516123,25,0.435415034,0.434937761,0.43537004,0.434927881,0.428419922
6220,INPUT_SKIN2_90_5.txt,OUTPUT_SKIN9_90_5.txt,0.060366588,25,0.060334886,0.060385162,0.060374316,0.060354643,0.057434936
6221,INPUT_SKIN3_90_5.txt,OUTPUT_BM1_90_5.txt,0.04465227,25,0.044660458,0.044667007,0.044646019,0.044659193,0.044647788
6222,INPUT_SKIN3_90_5.txt,OUTPUT_BM2_90_5.txt,0.188188209,25,0.188116454,0.188122246,0.188152191,0.188196796,0.188494924
6223,INPUT_SKIN3_90_5.txt,OUTPUT_GUT_90_5.txt,NA,25,NA,NA,NA,NA,NA
6224,INPUT_SKIN3_90_5.txt,OUTPUT_L_90_5.txt,0.09074158,25,0.09074158,0.09074158,0.09074158,0.09074158,0.082999395
6225,INPUT_SKIN3_90_5.txt,OUTPUT_LN1_90_5.txt,0.096631235,25,0.096631235,0.096631235,0.096631235,0.096631235,0.090755546
6226,INPUT_SKIN3_90_5.txt,OUTPUT_LN2_90_5.txt,0.136257123,25,0.136258819,0.136254014,0.13625571,0.136255992,0.152859985
6227,INPUT_SKIN3_90_5.txt,OUTPUT_LUNG_90_5.txt,0.381903976,25,0.381872522,0.381883374,0.38190658,0.381893125,0.381181546
6228,INPUT_SKIN3_90_5.txt,OUTPUT_S_90_5.txt,0.199238782,25,0.19923981,0.19924333,0.199251077,0.199255387,0.197621338
6229,INPUT_SKIN3_90_5.txt,OUTPUT_SKIN1_90_5.txt,0.382951457,25,0.382880254,0.382878569,0.382939727,0.38293889,0.381780514
6230,INPUT_SKIN3_90_5.txt,OUTPUT_SKIN10_90_5.txt,0.146388808,25,0.146389066,0.146388808,0.146389066,0.14638855,0.136641802
6231,INPUT_SKIN3_90_5.txt,OUTPUT_SKIN11_90_5.txt,0.70812523,25,0.70813751,0.7080849,0.708166971,0.708132997,0.650799131
6232,INPUT_SKIN3_90_5.txt,OUTPUT_SKIN12_90_5.txt,0.50491217,25,0.504865822,0.504943475,0.504878188,0.504839595,0.507945183
6233,INPUT_SKIN3_90_5.txt,OUTPUT_SKIN2_90_5.txt,0.639436287,25,0.639344454,0.639470171,0.639206669,0.639220921,0.629258269
6234,INPUT_SKIN3_90_5.txt,OUTPUT_SKIN3_90_5.txt,-174457.5,25,-174457.5,-174457.5,-174457.5,-174457.5,-193961.5
6235,INPUT_SKIN3_90_5.txt,OUTPUT_SKIN4_90_5.txt,0.452054826,25,0.45199296,0.451930275,0.452050483,0.451962072,0.426467413
6236,INPUT_SKIN3_90_5.txt,OUTPUT_SKIN5_90_5.txt,2.05716804,25,2.057615479,2.058294586,2.057492586,2.057090055,2.092989434
6237,INPUT_SKIN3_90_5.txt,OUTPUT_SKIN6_90_5.txt,1.04585045,25,1.046377113,1.045973193,1.046321349,1.046366224,0.910194672
6238,INPUT_SKIN3_90_5.txt,OUTPUT_SKIN7_90_5.txt,0.236146641,25,0.236146641,0.236146641,0.236146641,0.236146641,0.256637583
6239,INPUT_SKIN3_90_5.txt,OUTPUT_SKIN8_90_5.txt,1.738496491,25,1.739396224,1.737686196,1.739161169,1.737313028,1.735280568
6240,INPUT_SKIN3_90_5.txt,OUTPUT_SKIN9_90_5.txt,0.312414495,25,0.312225634,0.312519193,0.312398466,0.312299329,0.29789237
6241,INPUT_SKIN4_90_5.txt,OUTPUT_BM1_90_5.txt,0.014137991,25,0.014142202,0.014145263,0.014136042,0.014142255,0.014249089
6242,INPUT_SKIN4_90_5.txt,OUTPUT_BM2_90_5.txt,0.08123847,25,0.081141081,0.081153651,0.081186471,0.081260654,0.07782048
6243,INPUT_SKIN4_90_5.txt,OUTPUT_GUT_90_5.txt,NA,25,NA,NA,NA,NA,NA
6244,INPUT_SKIN4_90_5.txt,OUTPUT_L_90_5.txt,0.024707966,25,0.024710301,0.024711653,0.024708373,0.02471118,0.024633139
6245,INPUT_SKIN4_90_5.txt,OUTPUT_LN1_90_5.txt,0.025084801,25,0.025087172,0.025088544,0.025085214,0.025088065,0.02365625
6246,INPUT_SKIN4_90_5.txt,OUTPUT_LN2_90_5.txt,0.027294825,25,0.0272978,0.027298173,0.027294944,0.027298112,0.025945885
6247,INPUT_SKIN4_90_5.txt,OUTPUT_LUNG_90_5.txt,0.185092347,25,0.1850826,0.185102648,0.185097731,0.185106546,0.200541356
6248,INPUT_SKIN4_90_5.txt,OUTPUT_S_90_5.txt,0.324556344,25,0.324602462,0.324645641,0.324682381,0.324748733,0.314557137
6249,INPUT_SKIN4_90_5.txt,OUTPUT_SKIN1_90_5.txt,0.069270348,25,0.069263366,0.069267301,0.069269338,0.069277058,0.100520406
6250,INPUT_SKIN4_90_5.txt,OUTPUT_SKIN10_90_5.txt,0.035345582,25,0.035348926,0.035350857,0.035346165,0.035350183,0.040711666
6251,INPUT_SKIN4_90_5.txt,OUTPUT_SKIN11_90_5.txt,0.25554642,25,0.255555509,0.255592138,0.255541164,0.25555848,0.285722997
6252,INPUT_SKIN4_90_5.txt,OUTPUT_SKIN12_90_5.txt,0.135011714,25,0.135012321,0.135040412,0.135006533,0.135010587,0.172419188
6253,INPUT_SKIN4_90_5.txt,OUTPUT_SKIN2_90_5.txt,0.21212224,25,0.212109646,0.212166105,0.212051143,0.212077976,0.265856024
6254,INPUT_SKIN4_90_5.txt,OUTPUT_SKIN3_90_5.txt,0.064217661,25,0.064223738,0.064227246,0.064218721,0.064226023,0.073193981
6255,INPUT_SKIN4_90_5.txt,OUTPUT_SKIN4_90_5.txt,-576510,25,-576455.5,-576424,-576500.5,-576435,-640233.5
6256,INPUT_SKIN4_90_5.txt,OUTPUT_SKIN5_90_5.txt,0.925677483,25,0.926325869,0.926251884,0.925849682,0.92566745,0.971875409
6257,INPUT_SKIN4_90_5.txt,OUTPUT_SKIN6_90_5.txt,0.539329312,25,0.539775675,0.539504378,0.539794257,0.539789595,0.544144678
6258,INPUT_SKIN4_90_5.txt,OUTPUT_SKIN7_90_5.txt,0.070205614,25,0.070212259,0.070216095,0.070206773,0.070214757,0.072876938
6259,INPUT_SKIN4_90_5.txt,OUTPUT_SKIN8_90_5.txt,0.571457944,25,0.571796926,0.571255523,0.571646851,0.571128387,0.581775942
6260,INPUT_SKIN4_90_5.txt,OUTPUT_SKIN9_90_5.txt,0.161797067,25,0.161714101,0.161875397,0.161791264,0.161758562,0.159814557
6261,INPUT_SKIN5_90_5.txt,OUTPUT_BM1_90_5.txt,0.005557661,25,0.005558872,0.005558318,0.005556208,0.005558849,0.005073379
6262,INPUT_SKIN5_90_5.txt,OUTPUT_BM2_90_5.txt,0.3080448,25,0.307983664,0.307919106,0.307984425,0.308066186,0.312473923
6263,INPUT_SKIN5_90_5.txt,OUTPUT_GUT_90_5.txt,NA,25,NA,NA,NA,NA,NA
6264,INPUT_SKIN5_90_5.txt,OUTPUT_L_90_5.txt,0.018891661,25,0.018891967,0.018887057,0.01888961,0.018892487,0.019540593
6265,INPUT_SKIN5_90_5.txt,OUTPUT_LN1_90_5.txt,0.007565851,25,0.007565974,0.007564008,0.00756503,0.007566182,0.006910294
6266,INPUT_SKIN5_90_5.txt,OUTPUT_LN2_90_5.txt,0.105281262,25,0.105284389,0.105252983,0.105268625,0.105284926,0.099270264
6267,INPUT_SKIN5_90_5.txt,OUTPUT_LUNG_90_5.txt,0.08494075,25,0.08493067,0.084912736,0.08493251,0.084940319,0.08024406
6268,INPUT_SKIN5_90_5.txt,OUTPUT_S_90_5.txt,0.230203877,25,0.230210429,0.230156547,0.230203371,0.230245944,0.235211018
6269,INPUT_SKIN5_90_5.txt,OUTPUT_SKIN1_90_5.txt,0.076624174,25,0.076610279,0.076590536,0.076613439,0.076624943,0.074312679
6270,INPUT_SKIN5_90_5.txt,OUTPUT_SKIN10_90_5.txt,0.036329019,25,0.036329608,0.036320165,0.036325073,0.036330607,0.037170537
6271,INPUT_SKIN5_90_5.txt,OUTPUT_SKIN11_90_5.txt,0.212500925,25,0.212491643,0.212447704,0.212470284,0.212485197,0.208438034
6272,INPUT_SKIN5_90_5.txt,OUTPUT_SKIN12_90_5.txt,0.115309092,25,0.115300429,0.115290001,0.115286848,0.115296226,0.122386317
6273,INPUT_SKIN5_90_5.txt,OUTPUT_SKIN2_90_5.txt,0.232607532,25,0.232573933,0.2325639,0.232497424,0.232537908,0.22529725
6274,INPUT_SKIN5_90_5.txt,OUTPUT_SKIN3_90_5.txt,0.037892535,25,0.037893148,0.037883302,0.037888419,0.037894194,0.037179572
6275,INPUT_SKIN5_90_5.txt,OUTPUT_SKIN4_90_5.txt,0.103130775,25,0.103113853,0.103075245,0.103116579,0.103109406,0.113179904
6276,INPUT_SKIN5_90_5.txt,OUTPUT_SKIN5_90_5.txt,-1110023.5,25,-1110005.5,-1110294,-1110144,-1109975,-1233076
6277,INPUT_SKIN5_90_5.txt,OUTPUT_SKIN6_90_5.txt,0.282854673,25,0.283057104,0.282835173,0.283044119,0.283062211,0.267262253
6278,INPUT_SKIN5_90_5.txt,OUTPUT_SKIN7_90_5.txt,0.042215063,25,0.042215746,0.042204775,0.042210477,0.04221691,0.041184432
6279,INPUT_SKIN5_90_5.txt,OUTPUT_SKIN8_90_5.txt,1.594333492,25,1.595162159,1.593098948,1.594662451,1.593238904,1.606322491
6280,INPUT_SKIN5_90_5.txt,OUTPUT_SKIN9_90_5.txt,0.130137851,25,0.130060668,0.130149601,0.130116722,0.130095553,0.12949585
6281,INPUT_SKIN6_90_5.txt,OUTPUT_BM1_90_5.txt,0.06544072,25,0.065430207,0.065459066,0.065403149,0.06542845,0.069380924
6282,INPUT_SKIN6_90_5.txt,OUTPUT_BM2_90_5.txt,1.196309351,25,1.194308098,1.194758638,1.195019144,1.196054512,1.306177838
6283,INPUT_SKIN6_90_5.txt,OUTPUT_GUT_90_5.txt,NA,25,NA,NA,NA,NA,NA
6284,INPUT_SKIN6_90_5.txt,OUTPUT_L_90_5.txt,8.484334407,25,8.482901906,8.485581849,8.482445831,8.482970128,8.447284143
6285,INPUT_SKIN6_90_5.txt,OUTPUT_LN1_90_5.txt,0.080062038,25,0.080032772,0.080055107,0.080028276,0.080033169,0.073302257
6286,INPUT_SKIN6_90_5.txt,OUTPUT_LN2_90_5.txt,0.050359943,25,0.05034223,0.05035415,0.05033802,0.050341222,0.045147368
6287,INPUT_SKIN6_90_5.txt,OUTPUT_LUNG_90_5.txt,0.218377749,25,0.218263477,0.218336543,0.218288338,0.21828681,0.214899574
6288,INPUT_SKIN6_90_5.txt,OUTPUT_S_90_5.txt,0.470884593,25,0.470739016,0.470904395,0.47086554,0.470938273,0.776779002
6289,INPUT_SKIN6_90_5.txt,OUTPUT_SKIN1_90_5.txt,0.378489379,25,0.3782838,0.378384524,0.378319296,0.378341689,0.345434198
6290,INPUT_SKIN6_90_5.txt,OUTPUT_SKIN10_90_5.txt,0.053306874,25,0.053287429,0.053302233,0.053284435,0.053287539,0.0568045
6291,INPUT_SKIN6_90_5.txt,OUTPUT_SKIN11_90_5.txt,0.416515996,25,0.416350998,0.416495558,0.41632763,0.416328024,0.413910204
6292,INPUT_SKIN6_90_5.txt,OUTPUT_SKIN12_90_5.txt,0.144163,25,0.144096712,0.144160723,0.144090147,0.144090253,0.13293922
6293,INPUT_SKIN6_90_5.txt,OUTPUT_SKIN2_90_5.txt,0.199465577,25,0.199359469,0.199458714,0.199309062,0.199325026,0.225588456
6294,INPUT_SKIN6_90_5.txt,OUTPUT_SKIN3_90_5.txt,0.141878005,25,0.141825942,0.141865571,0.141817956,0.141826645,0.143706263
6295,INPUT_SKIN6_90_5.txt,OUTPUT_SKIN4_90_5.txt,0.433163894,25,0.432922732,0.432997209,0.432965787,0.432894247,0.440625748
6296,INPUT_SKIN6_90_5.txt,OUTPUT_SKIN5_90_5.txt,3.11911336,25,3.118346538,3.120046728,3.118112208,3.117401104,2.89263611
6297,INPUT_SKIN6_90_5.txt,OUTPUT_SKIN6_90_5.txt,-605345.5,25,-605567.5,-605398.5,-605601.5,-605564.5,-672481
6298,INPUT_SKIN6_90_5.txt,OUTPUT_SKIN7_90_5.txt,0.082527941,25,0.082497721,0.082520752,0.082493082,0.08249813,0.098409883
6299,INPUT_SKIN6_90_5.txt,OUTPUT_SKIN8_90_5.txt,1.320914373,25,1.321093319,1.320199623,1.320737536,1.319536654,1.221133591
6300,INPUT_SKIN6_90_5.txt,OUTPUT_SKIN9_90_5.txt,0.169342567,25,0.169177811,0.169384531,0.169262264,0.169219154,0.213278613
6301,INPUT_SKIN7_90_5.txt,OUTPUT_BM1_90_5.txt,0.018795924,25,0.018799725,0.01880275,0.018793038,0.01879913,0.019462355
6302,INPUT_SKIN7_90_5.txt,OUTPUT_BM2_90_5.txt,0.241415229,25,0.241142276,0.241163273,0.241276744,0.241445928,0.233885262
6303,INPUT_SKIN7_90_5.txt,OUTPUT_GUT_90_5.txt,NA,25,NA,NA,NA,NA,NA
6304,INPUT_SKIN7_90_5.txt,OUTPUT_L_90_5.txt,0.030287569,25,0.030287569,0.030287569,0.030287569,0.030287569,0.029669811
6305,INPUT_SKIN7_90_5.txt,OUTPUT_LN1_90_5.txt,1.004051957,25,1.004051957,1.004051957,1.004051957,1.004051957,1.049101991
6306,INPUT_SKIN7_90_5.txt,OUTPUT_LN2_90_5.txt,0.216395863,25,0.21639919,0.216389763,0.21639309,0.216393644,0.212174407
6307,INPUT_SKIN7_90_5.txt,OUTPUT_LUNG_90_5.txt,0.213656189,25,0.213625125,0.21363606,0.213658814,0.213645253,0.213721576
6308,INPUT_SKIN7_90_5.txt,OUTPUT_S_90_5.txt,0.514161432,25,0.514181026,0.514208628,0.514297986,0.514333795,0.493522476
6309,INPUT_SKIN7_90_5.txt,OUTPUT_SKIN1_90_5.txt,0.189172834,25,0.189137109,0.189136324,0.189166959,0.189166539,0.152124019
6310,INPUT_SKIN7_90_5.txt,OUTPUT_SKIN10_90_5.txt,0.082940453,25,0.082940611,0.082940453,0.082940611,0.082940296,0.085336761
6311,INPUT_SKIN7_90_5.txt,OUTPUT_SKIN11_90_5.txt,0.301021845,25,0.301003683,0.301024434,0.301008906,0.300988459,0.304424687
6312,INPUT_SKIN7_90_5.txt,OUTPUT_SKIN12_90_5.txt,0.219717771,25,0.219698014,0.219731898,0.2197036,0.219685115,0.223243873
6313,INPUT_SKIN7_90_5.txt,OUTPUT_SKIN2_90_5.txt,0.478243924,25,0.478171112,0.478270136,0.478076158,0.478082706,0.55125405
6314,INPUT_SKIN7_90_5.txt,OUTPUT_SKIN3_90_5.txt,0.074770972,25,0.074770972,0.074770972,0.074770972,0.074770972,0.088269828
6315,INPUT_SKIN7_90_5.txt,OUTPUT_SKIN4_90_5.txt,0.608329992,25,0.608220614,0.608151401,0.608312361,0.608177777,0.593672675
6316,INPUT_SKIN7_90_5.txt,OUTPUT_SKIN5_90_5.txt,3.073365897,25,3.07444307,3.074273869,3.073361469,3.072564228,3.169805128
6317,INPUT_SKIN7_90_5.txt,OUTPUT_SKIN6_90_5.txt,0.687747417,25,0.688241753,0.687868374,0.688308938,0.688234943,0.672184152
6318,INPUT_SKIN7_90_5.txt,OUTPUT_SKIN7_90_5.txt,-491854,25,-491854,-491854,-491854,-491854,-546324
6319,INPUT_SKIN7_90_5.txt,OUTPUT_SKIN8_90_5.txt,1.121748986,25,1.122307772,1.121218143,1.122066092,1.120960012,1.338217015
6320,INPUT_SKIN7_90_5.txt,OUTPUT_SKIN9_90_5.txt,0.251436896,25,0.251284309,0.251521194,0.251423875,0.251344271,0.255154761
6321,INPUT_SKIN8_90_5.txt,OUTPUT_BM1_90_5.txt,0.033963536,25,0.033961781,0.033984032,0.033953148,0.033981135,0.035644697
6322,INPUT_SKIN8_90_5.txt,OUTPUT_BM2_90_5.txt,0.266790447,25,0.266548474,0.266695515,0.266659632,0.26690507,0.287222512
6323,INPUT_SKIN8_90_5.txt,OUTPUT_GUT_90_5.txt,NA,25,NA,NA,NA,NA,NA
6324,INPUT_SKIN8_90_5.txt,OUTPUT_L_90_5.txt,1.087161098,25,1.086893863,1.08744186,1.086989654,1.087552331,1.116207838
6325,INPUT_SKIN8_90_5.txt,OUTPUT_LN1_90_5.txt,0.030687521,25,0.030679922,0.030695232,0.030682708,0.030698345,0.027928197
6326,INPUT_SKIN8_90_5.txt,OUTPUT_LN2_90_5.txt,0.338187092,25,0.338107234,0.338265204,0.338130519,0.338304315,0.425639008
6327,INPUT_SKIN8_90_5.txt,OUTPUT_LUNG_90_5.txt,0.251184587,25,0.251091013,0.251228226,0.251147785,0.251262379,0.258640907
6328,INPUT_SKIN8_90_5.txt,OUTPUT_S_90_5.txt,0.17158415,25,0.171547736,0.171642072,0.171599766,0.17169855,0.161909659
6329,INPUT_SKIN8_90_5.txt,OUTPUT_SKIN1_90_5.txt,0.128323946,25,0.128267374,0.128331725,0.128299859,0.128365038,0.145306463
6330,INPUT_SKIN8_90_5.txt,OUTPUT_SKIN10_90_5.txt,0.049019067,25,0.049006931,0.049031388,0.049011378,0.049036359,0.049505928
6331,INPUT_SKIN8_90_5.txt,OUTPUT_SKIN11_90_5.txt,0.741333652,25,0.741131911,0.741574753,0.741194309,0.741549479,0.743027129
6332,INPUT_SKIN8_90_5.txt,OUTPUT_SKIN12_90_5.txt,0.384775808,25,0.384644089,0.3849017,0.384684079,0.384859799,0.381308164
6333,INPUT_SKIN8_90_5.txt,OUTPUT_SKIN2_90_5.txt,0.35555971,25,0.355421963,0.355671172,0.355383641,0.355569816,0.331809756
6334,INPUT_SKIN8_90_5.txt,OUTPUT_SKIN3_90_5.txt,12.17971565,25,12.17703425,12.18356948,12.17779519,12.1848044,12.22655335
6335,INPUT_SKIN8_90_5.txt,OUTPUT_SKIN4_90_5.txt,0.874461013,25,0.874118818,0.874444602,0.874313697,0.874595003,0.839989081
6336,INPUT_SKIN8_90_5.txt,OUTPUT_SKIN5_90_5.txt,10.0243854,25,10.03668484,10.03121148,10.02435788,10.02640741,10.98500603
6337,INPUT_SKIN8_90_5.txt,OUTPUT_SKIN6_90_5.txt,0.809398833,25,0.80973278,0.809747121,0.809847241,0.810216407,0.842005188
6338,INPUT_SKIN8_90_5.txt,OUTPUT_SKIN7_90_5.txt,0.126011106,25,0.12597989,0.126042831,0.125991329,0.126055629,0.122886593
6339,INPUT_SKIN8_90_5.txt,OUTPUT_SKIN8_90_5.txt,-567594.5,25,-567735,-567452,-567683.5,-567394.5,-630272.5
6340,INPUT_SKIN8_90_5.txt,OUTPUT_SKIN9_90_5.txt,0.13465684,25,0.134541942,0.134735872,0.134628781,0.134654978,0.128404478
6341,INPUT_SKIN9_90_5.txt,OUTPUT_BM1_90_5.txt,0.028858902,25,0.028873568,0.028864603,0.028855234,0.028869174,0.02865418
6342,INPUT_SKIN9_90_5.txt,OUTPUT_BM2_90_5.txt,0.452956298,25,0.45252904,0.452358245,0.452681588,0.45310383,0.501423117
6343,INPUT_SKIN9_90_5.txt,OUTPUT_GUT_90_5.txt,NA,25,NA,NA,NA,NA,NA
6344,INPUT_SKIN9_90_5.txt,OUTPUT_L_90_5.txt,15.23508715,25,15.24666109,15.23773056,15.24151722,15.2387608,15.42325391
6345,INPUT_SKIN9_90_5.txt,OUTPUT_LN1_90_5.txt,0.083798129,25,0.08382368,0.083784131,0.083800374,0.083813601,0.088432835
6346,INPUT_SKIN9_90_5.txt,OUTPUT_LN2_90_5.txt,0.028100617,25,0.028109598,0.028095184,0.028101037,0.028105535,0.027556999
6347,INPUT_SKIN9_90_5.txt,OUTPUT_LUNG_90_5.txt,0.338357287,25,0.33840807,0.33826562,0.338371083,0.338402231,0.338138594
6348,INPUT_SKIN9_90_5.txt,OUTPUT_S_90_5.txt,1.522314647,25,1.522852637,1.52221719,1.522812344,1.523170043,1.583131814
6349,INPUT_SKIN9_90_5.txt,OUTPUT_SKIN1_90_5.txt,0.082664921,25,0.082674369,0.082635148,0.082664558,0.082677441,0.07615685
6350,INPUT_SKIN9_90_5.txt,OUTPUT_SKIN10_90_5.txt,0.067129454,25,0.067150128,0.067118257,0.067131453,0.067141678,0.065818411
6351,INPUT_SKIN9_90_5.txt,OUTPUT_SKIN11_90_5.txt,0.373567453,25,0.37366188,0.37351396,0.373561657,0.373601633,0.361680258
6352,INPUT_SKIN9_90_5.txt,OUTPUT_SKIN12_90_5.txt,0.217425178,25,0.217471845,0.217401401,0.217417773,0.217435892,0.216192766
6353,INPUT_SKIN9_90_5.txt,OUTPUT_SKIN2_90_5.txt,0.256813741,25,0.256850545,0.256784311,0.256728814,0.256773838,0.244792673
6354,INPUT_SKIN9_90_5.txt,OUTPUT_SKIN3_90_5.txt,0.073384433,25,0.07340696,0.073372318,0.073386547,0.073397996,0.07332388
6355,INPUT_SKIN9_90_5.txt,OUTPUT_SKIN4_90_5.txt,0.381742434,25,0.381788291,0.381566051,0.381741278,0.381714463,0.377403695
6356,INPUT_SKIN9_90_5.txt,OUTPUT_SKIN5_90_5.txt,1.839996856,25,1.840492508,1.840468312,1.840310685,1.840104698,1.709029281
6357,INPUT_SKIN9_90_5.txt,OUTPUT_SKIN6_90_5.txt,0.897455447,25,0.898390922,0.897466192,0.898237196,0.8982702,0.934637803
6358,INPUT_SKIN9_90_5.txt,OUTPUT_SKIN7_90_5.txt,0.108081747,25,0.10811482,0.108063797,0.108084752,0.108101721,0.106885497
6359,INPUT_SKIN9_90_5.txt,OUTPUT_SKIN8_90_5.txt,1.311021657,25,1.312080211,1.310179285,1.311450926,1.310354684,1.285543886
6360,INPUT_SKIN9_90_5.txt,OUTPUT_SKIN9_90_5.txt,-706992.5,25,-706777,-707110.5,-706973.5,-706862,-785140
