"","INPUT1A_50_3.txt","INPUT1B_50_3.txt","INPUT1C_50_3.txt","INPUT2A_50_3.txt","INPUT2B_50_3.txt","INPUT2C_50_3.txt","M10BM1_50_3.txt","M10BM2_50_3.txt","M10GUT_50_3.txt","M10L_50_3.txt","M10LN1_50_3.txt","M10LN2_50_3.txt","M10LUNG_50_3.txt","M10S_50_3.txt","M11BM1_50_3.txt","M11BM2_50_3.txt","M11GUT_50_3.txt","M11L_50_3.txt","M11LN1_50_3.txt","M11LN2_50_3.txt","M11LUNG_50_3.txt","M11S_50_3.txt","M12BM1_50_3.txt","M12BM2_50_3.txt","M12GUT_50_3.txt","M12L_50_3.txt","M12LN1_50_3.txt","M12LN2_50_3.txt","M12LUNG_50_3.txt","M12S_50_3.txt","M12SKIN1_50_3.txt","M12SKIN10_50_3.txt","M12SKIN11_50_3.txt","M12SKIN12_50_3.txt","M12SKIN2_50_3.txt","M12SKIN3_50_3.txt","M12SKIN4_50_3.txt","M12SKIN5_50_3.txt","M12SKIN6_50_3.txt","M12SKIN7_50_3.txt","M12SKIN8_50_3.txt","M12SKIN9_50_3.txt","M13BM1_50_3.txt","M13BM2_50_3.txt","M13GUT_50_3.txt","M13L_50_3.txt","M13LN1_50_3.txt","M13LN2_50_3.txt","M13LUNG_50_3.txt","M13S_50_3.txt","M13SKIN1_50_3.txt","M13SKIN10_50_3.txt","M13SKIN11_50_3.txt","M13SKIN12_50_3.txt","M13SKIN2_50_3.txt","M13SKIN3_50_3.txt","M13SKIN4_50_3.txt","M13SKIN5_50_3.txt","M13SKIN6_50_3.txt","M13SKIN7_50_3.txt","M13SKIN8_50_3.txt","M13SKIN9_50_3.txt","M14BM1_50_3.txt","M14BM2_50_3.txt","M14GUT_50_3.txt","M14L_50_3.txt","M14LN1_50_3.txt","M14LN2_50_3.txt","M14LUNG_50_3.txt","M14S_50_3.txt","M14SKIN1_50_3.txt","M14SKIN10_50_3.txt","M14SKIN11_50_3.txt","M14SKIN12_50_3.txt","M14SKIN2_50_3.txt","M14SKIN3_50_3.txt","M14SKIN4_50_3.txt","M14SKIN5_50_3.txt","M14SKIN6_50_3.txt","M14SKIN7_50_3.txt","M14SKIN8_50_3.txt","M14SKIN9_50_3.txt","M15BM1_50_3.txt","M15BM2_50_3.txt","M15GUT_50_3.txt","M15L_50_3.txt","M15LN1_50_3.txt","M15LN2_50_3.txt","M15LUNG_50_3.txt","M15S_50_3.txt","M15SKIN1_50_3.txt","M15SKIN2_50_3.txt","M15SKIN3_50_3.txt","M15SKIN4_50_3.txt","M15SKIN5_50_3.txt","M15SKIN6_50_3.txt","M16BM1_50_3.txt","M16BM2_50_3.txt","M16GUT_50_3.txt","M16L_50_3.txt","M16LN1_50_3.txt","M16LN2_50_3.txt","M16LUNG_50_3.txt","M16S_50_3.txt","M16SKIN1_50_3.txt","M16SKIN2_50_3.txt","M16SKIN3_50_3.txt","M16SKIN4_50_3.txt","M16SKIN5_50_3.txt","M16SKIN6_50_3.txt","M17BM1_50_3.txt","M17BM2_50_3.txt","M17GUT_50_3.txt","M17L_50_3.txt","M17LN1_50_3.txt","M17LN2_50_3.txt","M17LUNG_50_3.txt","M17S_50_3.txt","M17SKIN1_50_3.txt","M17SKIN2_50_3.txt","M17SKIN3_50_3.txt","M17SKIN4_50_3.txt","M17SKIN5_50_3.txt","M17SKIN6_50_3.txt","M18BM1_50_3.txt","M18BM2_50_3.txt","M18GUT_50_3.txt","M18L_50_3.txt","M18LN1_50_3.txt","M18LN2_50_3.txt","M18LUNG_50_3.txt","M18S_50_3.txt","M18SKIN1_50_3.txt","M18SKIN2_50_3.txt","M18SKIN3_50_3.txt","M18SKIN4_50_3.txt","M18SKIN5_50_3.txt","M18SKIN6_50_3.txt","M19BM1_50_3.txt","M19BM2_50_3.txt","M19GUT_50_3.txt","M19L_50_3.txt","M19LN1_50_3.txt","M19LN2_50_3.txt","M19LUNG_50_3.txt","M19S_50_3.txt","M19SKIN1_50_3.txt","M19SKIN2_50_3.txt","M19SKIN3_50_3.txt","M19SKIN4_50_3.txt","M19SKIN5_50_3.txt","M19SKIN6_50_3.txt","M1BM1_50_3.txt","M1BM2_50_3.txt","M1GUT_50_3.txt","M1L_50_3.txt","M1LN1_50_3.txt","M1LN2_50_3.txt","M1LUNG_50_3.txt","M1S_50_3.txt","M1SKIN1_50_3.txt","M1SKIN10_50_3.txt","M1SKIN11_50_3.txt","M1SKIN12_50_3.txt","M1SKIN2_50_3.txt","M1SKIN3_50_3.txt","M1SKIN4_50_3.txt","M1SKIN5_50_3.txt","M1SKIN6_50_3.txt","M1SKIN7_50_3.txt","M1SKIN8_50_3.txt","M1SKIN9_50_3.txt","M20BM1_50_3.txt","M20BM2_50_3.txt","M20GUT_50_3.txt","M20L_50_3.txt","M20LN1_50_3.txt","M20LN2_50_3.txt","M20LUNG_50_3.txt","M20S_50_3.txt","M20SKIN1_50_3.txt","M20SKIN2_50_3.txt","M20SKIN3_50_3.txt","M20SKIN4_50_3.txt","M20SKIN5_50_3.txt","M20SKIN6_50_3.txt","M21BM1_50_3.txt","M21BM2_50_3.txt","M21GUT_50_3.txt","M21L_50_3.txt","M21LN1_50_3.txt","M21LN2_50_3.txt","M21LUNG_50_3.txt","M21S_50_3.txt","M21SKIN1_50_3.txt","M21SKIN10_50_3.txt","M21SKIN11_50_3.txt","M21SKIN12_50_3.txt","M21SKIN2_50_3.txt","M21SKIN3_50_3.txt","M21SKIN4_50_3.txt","M21SKIN5_50_3.txt","M21SKIN6_50_3.txt","M21SKIN7_50_3.txt","M21SKIN8_50_3.txt","M21SKIN9_50_3.txt","M22BM1_50_3.txt","M22BM2_50_3.txt","M22GUT_50_3.txt","M22L_50_3.txt","M22LN1_50_3.txt","M22LN2_50_3.txt","M22LUNG_50_3.txt","M22S_50_3.txt","M22SKIN1_50_3.txt","M22SKIN10_50_3.txt","M22SKIN11_50_3.txt","M22SKIN12_50_3.txt","M22SKIN2_50_3.txt","M22SKIN3_50_3.txt","M22SKIN4_50_3.txt","M22SKIN5_50_3.txt","M22SKIN6_50_3.txt","M22SKIN7_50_3.txt","M22SKIN8_50_3.txt","M22SKIN9_50_3.txt","M23BM1_50_3.txt","M23BM2_50_3.txt","M23GUT_50_3.txt","M23L_50_3.txt","M23LN1_50_3.txt","M23LN2_50_3.txt","M23LUNG_50_3.txt","M23S_50_3.txt","M23SKIN1_50_3.txt","M23SKIN10_50_3.txt","M23SKIN11_50_3.txt","M23SKIN12_50_3.txt","M23SKIN2_50_3.txt","M23SKIN3_50_3.txt","M23SKIN4_50_3.txt","M23SKIN5_50_3.txt","M23SKIN6_50_3.txt","M23SKIN7_50_3.txt","M23SKIN8_50_3.txt","M23SKIN9_50_3.txt","M24BM1_50_3.txt","M24BM2_50_3.txt","M24GUT_50_3.txt","M24L_50_3.txt","M24LN1_50_3.txt","M24LN2_50_3.txt","M24LUNG_50_3.txt","M24S_50_3.txt","M24SKIN1_50_3.txt","M24SKIN10_50_3.txt","M24SKIN11_50_3.txt","M24SKIN12_50_3.txt","M24SKIN2_50_3.txt","M24SKIN3_50_3.txt","M24SKIN4_50_3.txt","M24SKIN5_50_3.txt","M24SKIN6_50_3.txt","M24SKIN7_50_3.txt","M24SKIN8_50_3.txt","M24SKIN9_50_3.txt","M25BM1_50_3.txt","M25BM2_50_3.txt","M25GUT_50_3.txt","M25L_50_3.txt","M25LN1_50_3.txt","M25LN2_50_3.txt","M25LUNG_50_3.txt","M25S_50_3.txt","M25SKIN1_50_3.txt","M25SKIN10_50_3.txt","M25SKIN11_50_3.txt","M25SKIN12_50_3.txt","M25SKIN2_50_3.txt","M25SKIN3_50_3.txt","M25SKIN4_50_3.txt","M25SKIN5_50_3.txt","M25SKIN6_50_3.txt","M25SKIN7_50_3.txt","M25SKIN8_50_3.txt","M25SKIN9_50_3.txt","M2BM1_50_3.txt","M2BM2_50_3.txt","M2GUT_50_3.txt","M2L_50_3.txt","M2LN1_50_3.txt","M2LN2_50_3.txt","M2LUNG_50_3.txt","M2S_50_3.txt","M2SKIN1_50_3.txt","M2SKIN10_50_3.txt","M2SKIN11_50_3.txt","M2SKIN12_50_3.txt","M2SKIN2_50_3.txt","M2SKIN3_50_3.txt","M2SKIN4_50_3.txt","M2SKIN5_50_3.txt","M2SKIN6_50_3.txt","M2SKIN7_50_3.txt","M2SKIN8_50_3.txt","M2SKIN9_50_3.txt","M3BM1_50_3.txt","M3BM2_50_3.txt","M3GUT_50_3.txt","M3L_50_3.txt","M3LN1_50_3.txt","M3LN2_50_3.txt","M3LUNG_50_3.txt","M3S_50_3.txt","M3SKIN1_50_3.txt","M3SKIN10_50_3.txt","M3SKIN11_50_3.txt","M3SKIN12_50_3.txt","M3SKIN2_50_3.txt","M3SKIN3_50_3.txt","M3SKIN4_50_3.txt","M3SKIN5_50_3.txt","M3SKIN6_50_3.txt","M3SKIN7_50_3.txt","M3SKIN8_50_3.txt","M3SKIN9_50_3.txt","M5BM1_50_3.txt","M5BM2_50_3.txt","M5GUT_50_3.txt","M5L_50_3.txt","M5LN1_50_3.txt","M5LN2_50_3.txt","M5LUNG_50_3.txt","M5S_50_3.txt","M5SKIN1_50_3.txt","M5SKIN10_50_3.txt","M5SKIN11_50_3.txt","M5SKIN12_50_3.txt","M5SKIN2_50_3.txt","M5SKIN3_50_3.txt","M5SKIN4_50_3.txt","M5SKIN5_50_3.txt","M5SKIN6_50_3.txt","M5SKIN7_50_3.txt","M5SKIN8_50_3.txt","M5SKIN9_50_3.txt","M6BM1_50_3.txt","M6BM2_50_3.txt","M6GUT_50_3.txt","M6L_50_3.txt","M6LN1_50_3.txt","M6LN2_50_3.txt","M6LUNG_50_3.txt","M6S_50_3.txt","M7BM1_50_3.txt","M7BM2_50_3.txt","M7GUT_50_3.txt","M7L_50_3.txt","M7LN1_50_3.txt","M7LN2_50_3.txt","M7LUNG_50_3.txt","M7S_50_3.txt","M8BM1_50_3.txt","M8BM2_50_3.txt","M8GUT_50_3.txt","M8L_50_3.txt","M8LN1_50_3.txt","M8LN2_50_3.txt","M8LUNG_50_3.txt","M8S_50_3.txt","M9BM1_50_3.txt","M9BM2_50_3.txt","M9GUT_50_3.txt","M9L_50_3.txt","M9LN1_50_3.txt","M9LN2_50_3.txt","M9LUNG_50_3.txt","M9S_50_3.txt"
"CGTGGATTGGAACAGCTTCT",3,9,19,31,11,21,11,12,1,4,14,6,13,5,6,13,3,6,138,11,11,5,9,6,3,11,17,4,5414,11,9,6,20,14719,11062,21734,9,6398,3715,9,7,16,12,7,0,2,24282,4,6,3,15089,5,17,4527,8761,7,6,10,14009,10,14,11,5,6,8046,5,4,6,7616,6,12,13,13,17,16,11,42419,849,16,11,8966,11674,9,6,0,6,6,82,12,2,3952,7030,3102,12171,3614,14,7288,13,4,4,16975,3036,8,4,0,10748,15020,5758,5671,36,17,12,6,8,192,1556,16,5,8815,11500,6798,11368,18,14010,13,7,2,5,196,7,4,127,12294,7269,11190,8987,6340,5950,9,11,30,8,3963,37,8,8,7324,285,19126,0,6700,15772,5,8,11,12,10,8,2862,9,8,2,2559,12,10,3,5,7,5,1068,7014,2121,14,9,2,6,1948,14,678,5,9,14418,3028,16624,6777,20744,10405,8239,3,6,15,7,0,12,16,9681,5292,9541,2611,3512,1649,5064,12,6713,5072,15676,6,6,2,3351,8,3894,7581,267,2064,7,15,12,4385,11,340,5576,11,10,10466,21,6,4,3,7,10,13360,2,4,8,10,15,16,21,12,8044,3697,17920,14,14,16,13,17,6,16,13570,6207,28860,8,11172,3453,16959,8845,50783,15,5951,12,2342,7500,14,11949,8,6,0,4,16,8,5839,3,5,3,11,5,23357,1,5,1280,3450,8,1314,12,3,7,12,10,9263,3538,4,9,14,4,12,3317,28308,630,10,3600,14,5863,6827,2799,8,4,6,5,12,8,1,9,29056,12,7,13,12,7,5170,11,571,1204,30198,8,15,12,12,5,8,1509,4,0,12759,2,6,3,683,4,4224,24,6480,6,11,4,5,7,2,3,5,11,5,3,8,7,0,2,8,12,12172,2,5,9,0,4,9,6,5,30,4,8,0,4,4,8,4,1
"TTCTACCGAGTCCTCGTAGA",0,0,6,8,5,1,3,2,2,4,13,2,19514,7,1,0,0,2,1288,2,5,2,11,2,0,4,1,2,1038,2,5,4,4,1,3654,1,0,1452,3,1,1,2,8,0,1,2,0,0,2,0,8,9,34130,15,720,9,6,6,8984,4630,6,10,17,1,0,2,2,2,8,2,0,2,2,2,1,4,2,0,2,0,0,2,23,2,0,4,61,0,2,3,10234,1892,3295,4782,6122,3,2249,0,0,3,11,4,3,0,19130,3253,7,981,9,10,3,1,0,4,17,2,5,1,2978,18,0,4471,0,186,2,1,0,2,8,1822,4,65,2708,3231,2560,6045,2034,7,2,2,0,4,15747,1,5,3,2435,4664,2952,10,875,3103,5,0,3,4,0,4260,1383,1,3,5,2395,13,2,0,2,0,3,6,2428,2,3,4,0,2,11,0,1,93,4,3757,3634,3105,975,4379,70,3179,0,10,35249,6,3,7,6,9,9728,5122,10981,830,1,29,4785,4314,2639,8,2,2,0,1,11,5,4,658,1974,4,9,3,5361,6,4489,3053,10,4,3939,6899,0,2,1,1,12,0,3,1,3,7,7,21881,9,8,7,3,7563,2,2,8,4,4,2050,6,7967,9,10016,4,653,6,9,9005,1,8751,5,6,6,4,6,5851,2,1,0,6,29721,6,6,1,1,0,6,2,4,2,2,0,7,7661,0,8,5,6,1,3,3,6,0,4,0,7,6,756,0,0,0,1388,3,2072,3,4,2,3,1,4,0,5602,0,1,1,5,11,7,4,2,5227,2,8,21,7,4,4,3,2,4,0,723,0,2,5,0,1,1,919,2,4258,6,1025,2,3,0,1,5,1,2,8,1,4,5,0,1,0,3,13,1,17364,0,0,1,0,3,9,2,4,0,4,4,0,0,6,3,4,2
"GGGCTTGGACTTAGTGAAAG",1,3,6,2,4,6,11,3,0,8,3,4,5,1,2,5,0,1,3,5,2,0,4,1,0,98,47113,5,6,3,2,1,3,13140,959,1,1,2,2244,2,2,2,1,5,0,1,4,2,1,0,6,15029,8,1895,2,4,6,2,4788,1456,3,6,1,1,0,0,3,4,13417,1,1,3,1,4,0,0,0,0,0,1,1,1,1,4,0,1,8,9,1,0,0,4,8814,6,3,3,1750,2,1,0,2,3006,4,1,5848,1655,3044,2,7,2849,4,0,0,1,15,127,2,0,1589,4853,8461,3,2551,2805,2,5,0,2,4,138,1,0,7797,1447,6700,3330,5,2875,4,1,1,2,1,0,3,2,4483,4443,6,4905,1304,1,1,2,4,5,1,4,1,4,3,4,4,2,8,2,3,5,3,639,1466,1,5,7,0,3,2,1,1,0,4579,7407,6,4577,533,3777,1747,2190,0,1,7,653,3,3,3,4,4745,5,3459,239,1,4,2139,1723,0,4,4,4,0,3,2,0,2545,4,0,3,2,5,5307,4053,3981,0,4,1,0,3,8,1,0,3,2,3,0,1,5,3,3,7,1,1,1,2274,4446,2,0,2,8,2,0,4,3,1,3,0,1899,2,5,22512,2,7,3,1,6,4,0,0,9,6,0,1,2,5,4,0,2,2,2059,6388,3,4,1,2201,1,2,1,5,0,2,5,4,6137,1,1,1,0,3,5,355,0,0,5,527,1,2525,4,1,0,1,2,1,0,3125,0,1,3,2,4,3,2,1,2,0,4,3,5295,1,0,0,2,2,2,84,6,910,2,3,4,5,19,2,3,2,7,2,6974,0,3,4,0,1,1,5,1,1,4,1,0,1,5,173,4554,1,5,1,1,1,2,3,3,0,4,1,0,1,4,2,2,0
"AACGCTGACCACAAGTTCGA",1,3,14,11,9,3,4,2,1,7,1,2,12,4,1,1,4,5,9177,3,10,1,1,1,1,1,3,2,1044,1,9,6,3,3,6867,8807,3,4,2105,3,3,6,0,6,2,4,1,1,3,0,1,6,0,5,1629,0,3,1,9010,820,1,4,1,1,2,2,2,0,6,1,2,2,1,1,4,0,3,2,5,0,0,1,4,0,3,4,0,0,14,0,2983,1778,1,1696,0,1,2913,1,1,5,1,4,15,0,3216,5815,19391,10161,6,1,5,3,4,7,1611,8,32946,2,0,871,4339,4947,1,3314,2,0,1,5,3,0,13,1,3,5,2,2502,4331,3448,1,6,0,6,1677,198,19574,2,2613,8484,2996,5,1435,6,1,0,1,5,1,5,1107,4,5,1,6,3,1,2,1,0,5,2923,1990,1,2,1,6,2,9,1,11,2,1,1,3,4,2,0,7,2397,18138,13,3,6,8,3,9572,12409,5541,6,2434,1678,6625,5162,5,4,4,5,1,0,63,945,1,1,10,689,6484,3,4,4,566,7,1,3641,3,1,3,4,1,1,1,5,2,1,20,1,5,5,2,4,7,0,1,1,7741,1,2,3,4,2741,2,10,5,1,12,3,1496,8915,7,14477,10,4377,12,4,2259,5,1,6770,5,3,3,10,6,2,7033,3,4,3,2980,13761,7,4,2,1,2,5,2,12069,5,3,3,5,2,4,3,6,4,5,31,7,0,0,1,638,0,5,5,6,2,2,5,2,1,5,4,2,0,3,1,2,3,0,1,2,3,1,1,0,0,1,4,1,1,5635,3,225,218,8,2,3,158,6,3,3,1915,3,2,2334,2,1,2,4,2,7376,5,2,5,1,1,7,4,1,33950,1,1,0,0,2,2,1,6,1,2,1,2,1,3,3319,13,2
"GACCCAACAAAGTGTTCACC",2,4,27,19,17,20,20,18,4,1375,16,17,27793,14,20,12,3,8,2833,1142,15,7,16,7,1,11,16,12,9660,9,2641,35,34,27958,19007,20,34739,3821,5032,77235,8319,35,15,12,0,7,48721,13,11,9,44389,36,15541,11813,8943,10266,34,22,17455,10457,25749,23,14,7,1,9,19,24538,18,10,8,13,14,22,23,4299,6944,3275,18,6711,9,14058,18,9,107,12,20,879,451,4,21002,9111,20242,11545,30160,32,13352,19,3,14,4182,14,22391,6,19,9037,15814,5607,12639,6317,29,11,4,9,2615,18953,17,9,6629,13423,15518,7037,9039,13669,14,10,1,18,4074,10282,22383,143,8124,13858,11027,6971,7679,8846,18,19,4,52,7571,96,6248,1732,16471,21094,23095,7544,4406,9343,7,14,20,15,2,17239,3333,15,24,16,20,18517,127,5007,23,7184,29,7869,13674,15,12,18,3,1585,15954,164,3439,5,8593,12033,9065,28856,11075,16398,2903,14802,5,15286,27,18,29,9,674,16541,4975,40636,8578,7115,0,5654,11178,13862,8816,10819,28,19,3,13593,10775,8177,14240,11,8094,17,19,19,3785,7183,19064,3453,23,20,5983,17,28,20,1,1702,8429,10,12,11,23,11723,38,26,2857,9314,5918,12921,29030,22109,28,23,27,11,2,7,11228,11,14710,10,16819,43033,13325,28597,23994,11997,7157,4777,13314,34,2158,19372,22,14,2,14,21,12,27,15,12124,28062,12363,5330,685,10,31578,12,1632,3870,22,12580,8,16,23,17,8905,3312,10,23,35171,23,4822,7173,17,20,10,3741,11,2033,6394,2292,7,29,22,15,12,9811,15,15,15629,27,4629,24,13,13,3324,7057,15,22814,10325,44585,14,15,25,27,10,11860,15,1078,5989,12,12,556,555,20743,12298,10678,6340,25,17233,3994,14,3,1,9,9,11,12,6,12,10,0,6,9,4,14418,8,17,11,0,10,16096,6,11,9,7,9,0,8,19,8,8,92
"GTGGTACACTATACGGTTGC",1,3,6,9,13,12,12,6,2,8,7,6,8,11,9,1,0,10,218,3,0,3,7,3,0,7,9,1825,3440,2,11,8,13,10,9414,5,9,3340,3172,3,6,7,5,4,1,6,5,8,9,4,18,22,15,11,12420,5,21410,10,9520,11963,8,14,4,5,0,6,11,0,6,1,6,20038,11,8,6,6155,11,1068,9,5,3,10,6,5,1,13,43,96,6,16,3232,8739,9346,629,18638,19,6588,5,1,6,4,1594,5,2,6151,5482,3854,3732,8706,7427,8,6,1,10,423,860,11,4,2617,2245,10093,2232,3886,13022,8,1,0,5,12792,4,10,5,7564,5812,10118,6433,10260,3970,14,0,0,8962,7576,42,8,6,9777,20576,13149,11486,5019,3291,2,6,5,8,3,4409,4,8,15191,18222,1446,15,9,4466,9,12,13,2409,3706,4,9,2,0,3819,6375,9,11,89,4935,2617,3408,2,88,20192,17,5970,2,11,11,8,11942,10,11,7981,12725,5013,12511,1950,3254,12803,4048,10856,13,14463,7,4,3,1005,3951,8,8120,642,4208,8,11,13,2043,198,9531,7767,10,6,8,4,9,2,0,8,2,7,1,1,13,13,14,12,16647,11,3888,4618,14226,14,10,16,15,4,0,18,4648,1142,9,6,5598,6980,11,24543,313,4,16,9,2173,10,7,9591,10,8,1,10,13,12,11796,7,6,18842,7565,7,10,2,8,7,4,8,3,8,6,9,10,12,2956,2758,3,7,4,11,4664,14,8,3,2,713,7,11,6269,3848,5,6,5,15,5,6,3,1,8,9,5,125,4,4,6,13611,6,6,7,14537,4,7,8,12,4,1742,6,1004,6,8,6,3619,3,10400,4,8,1883,5,5,4290,8,4,0,5,4,8228,4,0,7,4,0,8,11,6,24651,4,5,3,0,9,4,1,4,57,8999,7,0,33182,4,2,12,3
"AACGACACATGGACGTACCA",1,9,40,36,41,13,31,20,3,18,27,22,31253,21,12,11,0,7,4318,4163,28,6,23,9,1,19,47483,0,13799,18,2581,39,31,29247,17303,8934,34196,3559,5299,22674,4122,42,21,7,3,18,15,9,17,7,13227,27,16864,1164,15187,26,26,20,26775,16720,14495,33,27,15,2,14,15,16,24,12,26,20635,23,34,29695,13383,15,24,21,20,10789,22834,18,12,0,11,1688,105,29,12,30900,8860,26649,8454,14829,9610,13142,14,8,10818,2580,4910,8985,19,3073,15757,23541,17981,23548,12637,27,22,4,18,9030,4990,17221,19,11734,12604,11875,12527,11163,13632,17,10,0,14,34438,981,14,10,12958,16243,21582,12103,1551,10072,28,21,2,16,3691,19,12382,4999,27912,24105,11466,27825,7411,17171,5,17,23,15,14,10639,2652,14,15,21,22,32,25492,5003,17681,4276,26,4668,14575,3224,15,16,0,9391,12832,615,9216,556,20327,11332,14777,24944,13935,37316,6559,13701,3,20,29,16,8683,17,15884,7045,5957,10775,6651,4625,3532,5113,2420,14849,2637,15791,25,1787,1,2926,5326,15,6093,1065,3923,13,20,18,6914,10,17613,6917,20,19,11,19,19,18,0,11,15,14,17,670,33,22905,0,51,35,5221,17097,6815,35543,20129,21,23,33,20,0,28,6959,12,29240,863,11985,9137,6037,41317,28,9353,6479,33,10549,21514,968,19107,27,19,2,18,29762,16,16188,7,13,13,3804,15,12520,12,31040,17,24,7741,338,20,13,22,17,17,2843,2714,15,30,14,11,15,3767,29,3973,41056,1873,21,10290,28,2695,15,15,13,20,1899,10869,9,16,11,25,29,15632,6029,9,5263,16,21995,23,29,30478,7,22,22,24,3386,22461,6,1338,7082,17545,12,6662,1644,12,11671,26,9915,6,20,4826,17,8,0,9,16,13,18,7,8,19,0,9,21,10831,37348,10,18,15,0,8,24933,7,17,10,17,12,1,14,1082,11,17,1141
"TTAGCGTCTCCCTACACCTT",3,1,12,11,16,9,6,4,0,4,1,89,9778,1,4,3,1,1,1,1197,9,2,3,7,2,2,0,3,2518,2,4804,15,7,8,7041,7,15,2054,12221,5,14763,15,7,4,0,1,3,5,6,1,6,12,8469,14,7037,5334,10191,6,9158,4454,13,13,2,2,1,3,5,2,13821,2,10,11,18,8,9,4158,0,951,5,47505,2518,12,0,3,2,1,3,53,11,15,2102,4,7211,2101,6683,9397,4724,2,0,1,6,1452,10,7,1,4643,5005,4,6608,7,5,6,7954,6,3,2678,8,14,7,13,7,8320,6,4894,5,7,0,5,4,3,21348,95,7386,6261,5,4,3061,3307,7,6,4,3,4709,81,12770,3,5088,4,3162,5,2,3,1,7,3,4,6,5762,5641,9,11,7,2755,51,7,18830,10,9,6,4,7929,2,2,4,0,1,3,97,4,1,2329,2131,3709,2165,6,1681,6142,4634,2,7,7,15,9,2,4,3505,16,12,2895,2004,10,5120,2439,9,4857,4695,4,4,1,5,4,1,6,2,2202,2,4,3,2287,4,5,4049,4,5,17,3,5,4,0,2,6,11569,6,5,9,12125,12,4145,16037,4871,11,3,9737,5607,10,9,6,4,2799,2,7648,6,8,4,9434,17130,15,3406,13,10,12,7,7861,15712,4535,7235,5,5,4,4,1150,3,7118,2,10,9,4560,19773,17,17,14951,8,11,7,1031,11,5,6,9,4,6768,6740,5,9,6,0,7,792,7,9471,8,4097,6,1200,7,2363,0,4,8,4,6,1,5,4,2,5,7,4,3,3,0,1248,1,1279,10515,7,3,4,9,8,6,1182,7,2129,12,5,7,6967,697,10476,1967,14,7231,8319,9532,11,0,2,0,1,3,5,2,0,2,4,3,0,4,3,852,3,1,2,0,1,2,2,7,3,1,2432,1,1,1,6,5,194
"TAGCGGCTTCCCTAACCATA",0,4,9,3,11,4,6,4,0,6,3,11,4,3,2,0,0,7,0,4,3,1,2,4,0,4,3,1,2522,0,3,4,6,14050,3075,2,0,5,3,6,4,3,2,7,0,4,4,1,1,1,14736,9,14,12,3855,9,11228,24007,10983,3078,15055,19,3,3,0,9,3,6,6,2,47,2,3,5,3,1804,2,3,4,0,2,1,3,13,1,2,1,2,3,2,116,5387,1,3,3128,8,2048,6,0,10782,5,1588,6,1,10874,6246,3499,6,5066,8931,2,8,2,6,140,1709,11488,2,9,4888,7345,710,4,12755,6,0,1,1,2,1860,3,11,13105,18008,2712,5085,4709,2995,4,3,1,1,65,3,452,1805,4788,11,3840,8150,2738,8,3,3,6,9,2,2024,2161,3,1,6,15,16,2,1,0,6,4,1304,2481,2016,4,7,5,2372,10,154,6,6,1821,9565,5,6157,5412,8642,1267,3531,3,10,5,6,7,4,9,8897,5208,10,5007,735,6552,2879,7479,3091,1824,13,0,3,5,2343,2,9,4522,1,12085,2,6,5,2287,6,4,7081,7,3,1882,7,5,6,1,9,4,5,12324,172,4936,5,2,7,2,2,3992,4626,8280,2,10,6,3,7,2073,6,9,5,3,2,3040,4890,3,4698,8,10,9,10,12,5,5,8466,1,4,2,1,5,5,2,3,6,4,2,6825,4,3,1,4,7,1,1463,8239,3,3,4,6,3135,3643,3,6,3,2,7,711,3,2,3,1614,5,489,11,806,2,9,2,5,0,4,3,2,4,3,2,5,7,4,16688,6,7,5,3,4,2,1,5,10,0,1151,2,2,7,0,3,3,198,21159,4043,4,2057,2,2,4,4,2,1,3,1,3,3,0,5,3,0,6,1,5,2897,0,2,1,0,4,10826,4,5,1,5,4,0,1,1,6,3,0
"TCGTGTCAACAGTGCGACTA",9,4,22,11,13,12,13,8,2,4,17,11,18,10,9,9,4,2,13,14,5,9,13,12,5,4,13,8,7930,12,9,7,10,14,11388,5,8,3631,17,5,4,4,16,9,3,6,4,3,5,4,15564,26417,9128,5773,9888,13,18,40792,30010,9039,25,28,8,10,4,5,9,9,9,5,8,12,14,3779,11,6437,5,3488,17,9,2933,7928,16,13,4,3,10,1665,8,11,9391,12327,4756,16444,23001,12,7897,8,6,10,11626,5312,5620,7,1085,5707,11625,10300,4381,6842,13,11,33798,11,3990,3092,38914,12,13947,12578,10345,6153,7930,10059,4934,11,1,6,13872,5700,11,294,13667,8989,29527,17907,23,8403,6,5,5,7,16480,411,4,6441,9173,10140,9817,11647,2251,14806,4,18,14,16,6,15,0,7,3,20384,6764,27,3,2,5,8,4,5704,5540,17,8,7,22,10,6174,175,19,9,4571,11205,11003,6619,4681,30765,5162,12732,10,17,23,4529,14,7,19175,13349,18386,37712,2747,3096,18644,11354,5237,4562,10823,19179,12,13,5,3039,10965,18,18302,1023,4567,7,9,20,2330,208,9614,13384,14,16,4,13,5,8,5,2,16,7,7,3,35,33,33,58953,28,8613,4337,6636,29469,10333,16,33,11,9,4,8,7981,13,17,12,7191,29515,28,17573,14,14,4419,6016,2283,17,2187,18504,12,12,3,13,23,20,13,10,5524,11,14735,7030,0,19310,7,12,13,7,3979,12,0,13,5,22,3,3547,4,1,18352,11,21,3871,12,2,5,1777,10,1317,23,0,4,17,7,22,3,12,3,1,7,13675,21,21,9,4,5133,4,6186,17,13245,12,9,31,8,12,4,17642,14,5,20386,8,8,14,170,15,10,16,3602,8899,9,4,4,5,0,5,10,9,10,8,4,5,3,4,14,17,5,186,1,4,2,2,15,3,4,2,6,1,2,10,2264,1019,6,7
"CCGTCACGACCGGCTGAAAT",1,0,0,0,1,1,0,0,0,1,2,0,0,0,0,0,0,0,3047,0,1,0,0,0,0,0,0,1,0,0,0,0,1,11,0,0,1,0,1,0,0,0,0,1,0,0,0,1,0,1,3,1,1,5763,781,4,4,2,1012,2,3,3,0,1,0,0,0,0,0,0,3,1,1,4,0,1,0,63,0,3,5033,1,1,1,0,0,0,0,0,0,0,1,0,3,1,1,808,1,0,1,0,0,0,2,0,1,0,2,4,3,0,0,0,0,0,0,0,0,0,2,0,2,1,1,0,0,0,1,0,0,0,0,0,0,0,4,1938,2,0,0,0,0,0,0,0,165,1,2,0,5,6,3133,3,0,1,0,3,0,0,0,1,1,5,10027,0,4547,0,1,0,1,1071,3,0,0,0,0,0,0,0,0,1,1,0,3,1,3679,0,1,0,0,1,806,0,0,17836,4,2,7,3,0,2,1,5,1,4,2,0,0,0,0,1,0,0,0,9,11,12,71865,10,8,4,7,7,3,5,9,0,0,0,0,1,0,1,1,3,1,1,5,0,1,0,0,143,0,1,1,0,0,0,1,0,0,1,0,1587,0,0,5,0,4026,0,0,1,2,0,1959,0,0,0,0,0,0,0,0,1,0,0,5,0,1,0,0,0,0,0,0,8,0,0,1,3150,0,0,0,1,0,3,2,1,1,0,0,1,1085,4,1055,3,1,0,1,1,3,0,0,7,0,0,2,11,4,7,9,7,0,0,1,8,1,0,4,3,436,0,0,0,0,0,0,138,0,1,1,1,0,0,0,0,0,0,0,0,0,0,0,0,0,1,0,0,0,0,1,0,0,0,0,0,0,0,0,0,0,0,0,0,0,0,1
"AGGTTTATATCATCAGCGCT",0,0,0,0,0,0,0,0,0,0,0,0,0,0,0,0,0,0,0,0,1,0,0,0,0,0,0,0,0,0,0,0,0,0,0,0,0,0,0,0,0,0,0,0,0,0,0,0,0,0,0,0,0,0,0,0,0,0,0,0,0,0,0,0,0,0,0,0,0,0,1,0,1,0,0,0,0,0,0,1,0,0,0,0,0,0,1,0,0,0,0,0,0,0,0,0,197,0,0,0,0,0,0,0,0,0,0,0,0,0,0,0,0,0,0,0,0,0,0,0,0,0,0,0,0,0,0,0,0,0,0,0,0,0,0,0,0,0,0,0,0,0,0,0,0,0,0,0,0,0,0,0,0,0,0,0,0,0,0,0,0,0,0,0,0,0,0,0,0,0,0,0,0,0,0,0,0,0,0,0,0,0,0,0,0,0,0,0,0,0,0,0,0,0,0,0,2,0,0,0,0,0,0,0,0,0,0,0,0,0,0,0,0,0,0,0,0,0,0,0,0,0,0,0,0,0,0,0,0,0,0,0,0,0,0,0,0,0,0,0,0,0,55,0,0,0,0,0,0,0,0,0,0,0,0,0,0,0,0,0,0,0,0,0,0,0,0,0,0,0,0,0,0,0,0,0,0,0,0,0,0,0,0,0,0,0,0,0,0,0,3106,0,0,0,0,0,1,1,0,0,0,0,0,931,0,0,0,0,0,0,0,0,0,0,0,0,0,0,0,0,0,0,0,0,0,0,0,0,0,0,0,0,0,0,0,0,0,0,132,0,0,0,0,0,0,0,0,0,0,0,0,0,0,0,0,0,0,0,0,0,0,0,0,0,0,0,0,0,0,0,0,0,0,0,0,0,0,0
"GTGCTGACCAATCGACCAAG",0,0,0,1,0,0,0,0,0,0,1,1,0,2,0,1,0,1,6303,0,0,0,0,2,0,0,0,2,0,0,3,1,1,2,2898,9049,0,0,2,0,0,0,1,3,0,2,1,1,0,0,0,0,0,0,1,1,0,1,204,0,0,0,0,1,0,3,2,1,0,1,0,0,2,1,0,0,0,1,0,0,0,1,0,1,0,0,0,2,0,0,1,2,3058,0,1,3,643,1,0,0,0,2,1,0,0,0,0,0,0,0,0,1,0,0,0,3,1,0,4,0,3,0,0,1,0,1,0,1,2,1,2,0,5,0,5304,0,1,3202,0,1,0,0,0,0,0,0,0,0,1,0,0,1,0,3,1,1,1,2,1,0,1,0,0,1,0,1,2,1,7,0,482,2,0,2,0,0,1,2,3294,0,4967,0,2,1,6,4,0,235,0,0,1,1,0,0,1,0,2104,2,0,0,1,1,1,0,0,2,0,0,0,0,1,4,0,1,0,0,2,0,0,1,0,1,0,0,0,0,0,1,0,0,1,3,0,0,4,5,4,7,3,0,5,5,219,4,1,6,0,1,0,0,0,0,0,0,1897,1,3,0,0,0,0,0,1,1,0,916,0,1,0,0,2,1,0,0,2,0,0,0,0,0,0,0,0,0,0,0,0,2,1,0,984,0,0,1,0,2,0,2087,0,0,1,0,1,1,1,0,0,2,0,0,0,0,0,1,1,12941,6,7805,0,1,1,0,0,2,6,13741,0,2,1,0,1,0,0,0,1,1,0,1,303,0,1,0,2,0,0,4,0,3,0,0,1,7926,1,1,0,2,0,0,3,4,1,1,0,2,0,0,0,1,0,0,0,1,0,0,1,4,1,0
"CTCATCCTGCGAACCAAGTG",0,1,0,9,0,1,0,2,0,0,0,0,0,1,1,1,0,1,10836,1,0,2,1,0,0,0,0,1,0,0,1,2,4,14642,4,8,16584,0,6,3,3,5,1,0,0,0,0,0,0,0,1,1,2,1,1,1,3,2,1320,1,3,0,2,0,0,0,0,1,0,253,0,0,1,0,0,0,3,0,0,0,0,0,1,0,0,0,0,1,0,1,2,3,5653,1,677,5,454,3,0,0,1,0,0,1,0,1807,0,0,0,3029,0,0,0,0,1,0,0,1,4,791,1,1,0,0,1,0,0,1,0,1,0,0,1,2,0,3,212,0,3,0,0,2,4,125,1,5,0,0,224,0,0,1,1,0,0,0,0,1,0,2,3,0,2,1,5,2482,2,4,4,1359,1598,2,0,3,0,0,1,0,0,0,1960,5107,1147,0,0,0,0,442,1,0,0,0,0,0,0,1,1,2,0,646,3352,3,2,0,1,2,0,1,0,408,1,0,0,0,3047,1,2,0,1,0,1,1,0,0,1367,0,0,1,0,0,3,0,0,0,0,0,1,0,0,1,1,0,1304,0,0,1,0,1,0,1,1864,1,0,2,749,0,2,1,1,1,2,0,1643,0,0,0,0,1,0,0,1,0,0,1,0,0,0,0,0,0,2,1916,0,0,0,0,0,0,0,1,0,1136,0,5,1,0,4,0,0,0,0,815,1,1,0,1,1,0,0,0,0,3418,0,3,2,2,1,0,0,0,0,0,0,0,0,0,0,0,0,1,0,115,1,1,0,0,0,0,0,0,0,0,0,1,0,0,0,2,0,0,1,0,0,1,1,2,0,0,2,0,1308,0,0,0,0,1,1,0,0,0,0,0,0,0,1,0,0,0
"TGAAGGTAGACGGAGGATTT",0,0,1,0,0,1,0,0,0,2,0,0,0,0,0,0,0,2,794,0,0,0,1,0,0,1,0,0,0,0,0,0,0,0,0,1,1,0,2413,0,0,0,0,1,0,1,0,0,0,0,0,0,0,0,1,0,0,0,420,0,0,0,0,0,0,0,0,0,0,0,0,0,0,0,2,0,0,0,1,0,0,0,1,0,0,2,49,0,0,0,0,0,0,0,1,0,585,0,0,1,1,0,0,0,3,3820,2,1,0,0,1,0,0,5,0,0,1,0,0,0,1,2847,0,1,0,0,0,2,0,0,0,0,0,0,0,2,0,0,0,0,0,9437,0,3,1,0,0,0,0,0,0,0,0,1,0,0,0,0,1,0,0,0,0,0,0,0,0,0,0,0,516,0,0,0,0,0,0,0,0,0,1129,1,0,2,0,0,0,3,0,4,1,1,0,1,0,1,0,0,0,206,0,0,1,2442,0,0,2,0,0,3,0,8466,0,0,1944,0,0,1,2,0,0,0,0,1,0,0,0,0,0,1,0,0,0,0,0,1,0,0,4,0,0,1,416,2,0,0,0,0,0,1,1,3,0,0,0,0,0,0,2,1,2,0,1,0,0,1727,1,0,0,4,0,1,0,0,1,1,1,0,12597,0,0,0,2,0,2,1,0,0,1,0,0,0,2,0,0,0,1,1,0,0,0,623,0,0,1,0,0,0,0,0,0,0,0,0,1,0,0,0,0,0,1,0,0,0,0,0,0,0,1,0,0,1,0,1,0,0,1,2,1,0,0,0,0,2,6,2,0,0,0,1,0,0,0,0,0,0,0,5,2,1,0,0,0,0,0,1,0,0,0,0,0,0,0,0,1,0,0,0
"ACCACCCGGACATGATCGTC",0,0,5,0,1,2,3,0,0,1,1,1,1,1,4,0,0,1,2275,2,1,2,1,1,0,1,4,0,1795,0,3,2,4,1,1106,0,17904,1,4511,3,4,5,4,1,0,0,2,0,0,0,4,3877,8,17486,1026,3,2,3,1185,0,7,3201,4,1,0,0,4,1,0,0,1405,3,2,1,0,1,2,1041,3,1,1130,5,0,0,0,0,4,2,1,0,0,0,1,2,8,2,6097,0,1,1,4,1592,0,0,0,1,1,2,5136,3245,0,3,0,0,2,0,0,0,3,0,7,7,4,4,0,2,0,1,4850,0,1,0,0,1,5327,862,1551,4,5,1,142,2,4191,174,4,2,1,5068,4100,2,1502,1140,0,3,1,3,0,3,2773,5,6,0,4,6,2,4883,2,1,3,2980,8055,2,4,0,2,0,3,1,0,0,0,0,0,2,7107,5,1,1299,0,2,2,2,2,2,6,6717,3,6948,3584,3715,3,3,7,3,2746,9,0,0,0,0,1,1,0,0,4103,3,6,3,4599,2153,5,2,1,2,3,2,1,0,0,0,4,1,0,0,7,5,7,8,3,5,6,3,3720,3,4,33003,3,0,2,1,0,2,4,3,3291,3618,3,3,3,4,5,2,4623,2,3,9514,1,1,0,1,2,2,1126,0,1286,7,3,8876,8,5,5792,1,2,3,1319,4013,0,4,3,6,6193,3964,3,3,6,3,2594,575,0,2,0,1402,1,4522,10,2289,2,3,6,4,186,4,3,2,2,2,3,3,1,2,1,4660,469,9,3,1,2,6,3,8,0,2095,6,2,1,4,2,3,1137,2,4404,1,1191,16304,2,4,6,0,1,0,1,0,0,0,2,1,0,1,1,1,1,1,0,2,1,3,13559,0,1,0,1,0,0,0,4,1,0,1
"CGTGATAGACTAGCGCAAGG",0,0,2,0,1,0,0,0,0,0,0,0,0,0,0,1,0,0,365,0,0,0,0,0,0,0,0,1,1109,0,4,2,7470,3,850,2,1,5,1,3,3,4,1,0,0,0,0,0,0,0,1,1,2,3,0,1,0,0,585,0,0,1,0,0,0,0,0,0,0,0,0,0,0,0,0,0,0,0,0,0,0,2,4,0,0,0,0,0,0,0,0,2,1,0,6183,8315,225,1,3,0,0,1,1,0,0,0,1,0,3,0,0,0,0,0,1,0,1,0,1,1,0,1,0,0,0,0,0,0,5237,0,0,2,1,0,0,0,2,3,0,0,0,0,3,0,0,0,0,0,0,1,1,1,0,2,1,0,0,4086,1,4,1,0,1,2,2,2,2,3,7972,0,979,0,1,0,0,0,0,0,1,1,1,0,0,2,1,1871,772,286,0,0,0,0,0,0,1,2,0,2,5,265,4,5,4,3,2,4162,0,1136,0,0,1,0,929,0,3637,1,1,3,0,1,2339,1,0,1,5,1,0,0,0,0,1,0,0,0,1,0,1393,2,2,2,0,8252,714,2,1,5,0,0,0,0,1033,0,0,2,4054,1,1,4652,3,0,1,3,1,2,0,3,0,0,0,0,1,0,0,0,0,0,0,26,0,0,0,0,0,0,34,0,0,0,1,0,0,0,0,3,0,4,1,1094,0,0,0,0,0,332,2,1,1,1,0,1,0,6542,0,1,2,0,0,1,1,0,1,1,3,1,1,0,0,4,0,0,0,15,0,7,2,0,0,0,153,2,1,2,2,0,0,2306,0,0,1,1,1,1,1,0,0,0,0,0,2,0,356,0,0,0,0,0,1,0,1,0,0,0,0,0,0,0,0,0
"ATTCCCGACGTTAACAGTAC",1,0,0,0,0,0,0,0,0,0,0,0,0,0,0,1,0,0,41,0,0,0,0,0,0,0,0,0,0,0,0,0,0,0,0,0,0,0,0,0,0,0,0,0,0,0,0,0,0,0,0,0,0,1,0,0,0,0,0,0,2,1,0,0,0,0,0,0,0,0,1,1,1,0,0,0,0,1,0,0,0,1,0,0,0,1,0,0,0,0,0,0,0,0,0,0,523,0,0,1,0,0,1,0,0,675,0,0,0,0,0,0,0,0,0,0,0,0,0,0,0,0,0,0,0,0,0,0,0,0,0,44,0,0,0,0,1,2,0,0,0,0,0,0,0,0,0,0,0,0,1,0,1,0,0,0,1,4344,1,0,0,0,16,1,0,1,1,0,0,1,1265,0,0,0,0,0,0,0,0,0,0,0,0,0,0,0,0,499,0,0,0,0,0,0,0,1,2,1,0,27,0,0,0,0,1,1,0,0,0,0,0,0,0,0,0,0,0,1,0,0,1,0,0,1,1,1,0,0,0,0,0,0,0,0,0,0,0,0,0,0,0,0,652,0,0,0,0,0,0,0,0,0,0,0,1078,0,0,0,0,0,0,0,0,1,0,351,0,0,0,0,0,0,0,0,0,0,0,0,0,0,0,0,0,0,0,0,0,0,0,1,3166,1,0,1,0,0,2,1,1,1,0,0,1,0,1,0,1,0,0,0,0,0,0,0,0,0,0,0,1,0,264,1,5425,0,0,0,0,0,0,0,0,57,0,0,0,0,0,0,152,0,0,0,0,0,0,0,1,1,0,0,0,0,0,0,1,1,0,0,0,0,0,0,0,0,0,0,0,0,0,0,0,0,0,0,0,0,0,0
"TGGCACCGGACCGTCTGAAA",0,0,0,0,1,0,0,1,0,0,0,0,0,0,0,0,0,0,4130,1,0,0,0,1,0,0,0,1,0,0,1,1,0,0,1,0,1,1,2,0,0,0,1,1,0,0,0,2,0,0,0,0,1,0,0,0,0,0,0,0,0,0,0,1,0,0,0,0,0,0,0,0,0,0,0,0,0,0,0,0,0,0,0,1,0,0,0,0,0,0,1,0,0,0,0,1,233,2,0,0,0,1,0,0,0,0,0,0,0,3,0,0,0,0,0,0,0,0,0,2440,2,0,0,0,0,0,0,0,0,0,0,0,0,0,0,0,0,4,0,0,0,0,3,0,0,0,0,0,0,0,0,0,0,1,0,0,0,0,323,1,2,0,0,0,0,5111,0,0,0,1315,937,0,0,1,0,0,1,0,0,0,1,3379,0,0,0,0,0,0,0,0,0,4922,3,0,0,1,1,2,2,187,0,0,0,0,41,0,0,0,0,608,1,1,0,0,0,0,0,0,0,0,0,0,0,0,0,0,0,1,0,0,0,2,0,0,1,1,1,0,0,0,0,4270,347,0,0,1,0,1,0,0,1,2,0,0,0,0,0,0,0,0,0,0,0,0,0,1539,0,0,0,0,1,0,0,0,0,0,0,0,0,0,0,0,0,0,0,0,0,0,0,0,0,1,0,0,2,0,0,1525,0,1,0,0,0,1583,2153,1480,0,1,1,0,0,1,0,0,0,0,0,0,0,0,0,0,0,1,1,0,0,0,0,0,0,39,0,1,0,0,0,0,414,0,0,0,0,0,0,2,0,0,0,0,0,1,0,0,0,0,0,0,0,1,0,0,0,0,0,0,0,0,0,0,0,0,0,0,2,0,0,0
"CTAGACGCTGTAGTTCTGTA",0,0,0,7,18,2,0,0,0,0,0,0,13,0,0,0,1,0,2497,0,5,0,0,2,0,0,0,0,8,0,1,0,1,1,1671,5,0,0,2408,1,1,2,0,1,0,0,0,0,10,0,0,0,1,0,3,0,0,0,246,0,0,2,0,0,0,0,1,0,10,0,1,0,1,0,0,0,0,0,1,1,0,1,0,1,0,0,0,0,13,0,0,0,0,1,0,2,216,0,0,0,2,2,4,0,0,1,0,0,0,1,0,0,0,0,0,1,7,0,0,0,0,0,2,6313,1,0,0,0,0,3,10696,1,0,2,2919,876,0,0,0,0,0,0,0,1,6,0,0,1,0,0,0,1,0,0,0,0,0,0,1,0,0,0,0,0,0,5061,1,0,3,0,360,0,1,0,0,0,0,0,6,0,0,0,1,0,0,0,1,96,3,0,2,1301,10590,0,0,0,1,0,2,243,0,2450,0,0,0,3,0,0,0,0,0,0,8,0,1854,0,0,0,0,0,0,0,1,0,1,0,0,0,0,0,0,1,5,0,0,0,0,0,0,0,0,0,480,0,1,0,1,0,0,1,996,1,8,1,0,1,1,0,0,0,663,3,1,0,1,2748,0,0,0,0,0,1,9,0,1,1,3674,0,13018,1,2,2750,1,4,1228,3,0,0,2,1,3,1,6,3,0,0,0,0,0,2,1,593,2,1082,2,1,4,1,1,4,0,1,1,1,0,0,0,0,0,0,0,0,0,1,1,1,0,0,0,0,0,21,3,1,0,1,3,2,308,0,2,2,0,3,3,2,0,0,0,0,0,2,5,0,1,2,0,0,0,0,12404,0,4,3,1,2,2,1,34352,0,0,0,0,0,0,1,262,0
"CTGTCCATGCTTGCCTGTGA",0,0,1,0,0,1,0,0,1,0,1,0,0,0,0,0,0,0,0,0,0,0,1,0,2,0,1,0,1313,0,0,0,0,0,922,2,0,0,0,0,0,0,1,0,0,0,0,0,0,0,0,0,0,0,0,3,1,0,0,3061,0,1,0,0,1,0,3,0,0,0,0,0,0,0,0,1,0,0,0,0,0,0,0,0,1,0,1,0,1,0,0,0,0,0,0,0,464,0,1,0,0,0,0,0,0,0,0,0,0,1,1,1,1,0,0,1662,0,1,0,0,0,0,0,0,1,2,0,3,3172,1,0,1,0,0,0,1,0,0,2,1,0,0,0,0,1,0,2366,0,1846,0,0,0,0,1,1,0,0,0,0,0,0,0,1,0,0,0,0,0,0,0,368,0,0,0,0,0,0,1,0,0,1,0,0,0,1,1,0,412,0,1,0,0,1,0,0,0,0,0,0,389,0,0,0,0,0,0,0,0,0,1,0,0,0,0,0,0,0,0,0,1,0,0,0,0,0,0,0,0,0,1,3,0,0,0,0,1,1,4,1,9075,1,4297,403,0,0,2,2,0,3799,1,0,0,1,0,2070,1,2,1,3,4283,0,2,1,0,0,770,0,0,1,0,0,0,0,0,0,0,0,0,1,1,0,1,3205,1,915,1,0,0,1,1,0,0,0,0,0,0,0,0,0,0,0,0,0,0,0,0,0,1,0,0,0,0,0,0,0,0,3,0,0,0,0,0,0,3,6,0,0,2,0,1,0,246,0,0,1,0,2,1,574,0,1,2,3,0,0,0,1,0,0,0,1,0,0,0,1,0,0,0,0,0,1,0,2,0,0,0,1,0,0,0,0,0,0,0,0,0,0,0
"CTAGTAAATGGAGCGGGCCA",0,0,0,0,0,2,0,0,0,0,0,0,0,0,0,0,0,0,0,0,0,0,0,0,0,0,0,0,0,0,1,0,0,0,1,0,0,0,1319,1,0,0,0,0,0,0,0,0,0,0,0,0,0,0,0,0,0,0,0,0,0,0,0,0,0,0,0,0,0,0,0,0,0,0,1,1,0,1,0,0,0,2,0,0,0,0,0,0,0,0,0,0,0,0,2,1,0,0,0,1,2,1,0,0,0,0,0,0,0,0,0,0,0,0,0,0,0,0,0,0,0,0,0,0,0,0,0,0,0,0,0,0,0,0,0,0,0,0,0,0,0,0,0,0,0,0,0,0,0,0,0,0,0,0,0,0,0,0,658,0,0,0,0,0,0,0,0,0,1,0,286,0,0,0,0,0,0,0,0,0,0,0,0,0,0,0,0,0,0,0,0,0,0,2,1,0,0,0,1,18,1,2,2074,1,0,0,0,0,0,0,0,0,0,0,1,0,0,0,0,0,0,0,1,0,0,0,0,0,0,0,0,0,0,0,0,0,0,0,0,0,0,0,256,0,0,0,0,0,0,0,0,1,0,0,515,0,0,2,0,0,0,0,1,0,1,695,0,0,0,0,0,0,0,0,6482,1,2,0,0,1,0,2,1,0,0,0,0,1,0,0,2996,0,0,1,1,1,0,0,1,0,0,1,0,0,0,0,0,0,0,0,0,0,0,0,0,0,0,0,0,0,0,0,0,0,1,0,0,0,0,0,0,66,0,0,0,1,3,0,276,0,0,2,0,0,1,1,0,0,0,0,0,0,0,0,0,0,1,0,0,0,0,0,0,0,0,0,0,0,0,0,0,0,0,0,0,0,0,0
"CATAACTTGGATAGAAGTGC",0,0,3,1,1,1,0,0,0,0,0,0,0,0,0,0,0,1,0,1,0,0,0,0,0,2,1,2,0,1,0,3,2,0,0,4270,0,0,1,0,0,0,1,1,0,1,0,1,0,1,6,13508,10,3,6,4,5,4,1012,1517,3,11800,1,0,0,0,1,0,0,0,4,4,36783,4600,4,773,5,6,2,7,3879,7,0,0,0,0,0,0,0,0,3777,1,1,0,2,1,734,0,0,0,0,1,2,0,1,3518,3,1,9,8,2,3,0,3,2,4,1,0,1688,1,4,0,4,4894,1,1,0,0,0,119,1,0,0,0,0,0,0,0,0,0,0,0,0,0,0,0,0,0,6,0,2,1,2,1,1,3,4,0,1333,0,0,1,1,3,0,0,0,0,2,2,425,6676,0,0,0,1,0,10,0,0,0,1,0,0,1,3400,1,793,0,1,0,1,1,0,0,1,2,0,0,263,0,2,1,1,1,0,0,2,0,2,0,0,0,0,1977,1,17651,2,1883,4,1,3,3,3,2,4,0,0,0,2,0,0,0,0,1,0,5,1,1,0,0,0,673,0,0,1,0,2,0,0,1,0,0,2,2667,4,5,1,23590,4,3,2,2163,3,2,2,1,0,0,0,0,0,1,1,3,0,2,1,1,0,0,595,0,0,2279,2,2,1,2,3,5,0,0,1,2,0,0,1,3,1,7,557,8,1056,0,2,6,0,6,1,3,0,1,0,1,0,1,1,1,0,2,2,5,0,0,1,3,2,6,3,3,28,1,0,2,0,0,0,1464,1,6,1,5,0,0,1,0,0,0,0,0,0,0,0,0,0,0,0,0,0,0,1,0,1,0,0,0,0,0,1,0,0,0,0,0,0,0,1
"GGTAGTTCGACGTGCCCTGA",1,0,2,0,0,0,0,0,0,0,0,3,1,0,0,1,0,1,0,5,0,0,2,3,0,3,3,0,1210,0,0,1,0,0,2902,1,0,1,1,0,0,2,1,2,0,0,0,1,0,1,0,3,1,1,1258,1,0,2,847,1371,2,0,1,2,0,1,0,1,1,1,0,2,0,3,0,1,1,929,1,0,1,1,0,4,0,0,1,1,0,1,1379,1,2,2587,0,3,1195,2,0,0,0,2,0,1,1,1864,0,1894,0,0,0,2,0,0,1,1,1,0,0,2,2,918,0,4710,3,1,0,1,0,2,0,1,0,1773,1,1,1,1,1,2,1,2,0,2,0,3,0,2,5,2796,8,0,1,1,1,2,0,1,602,1,0,2,1,0,0,1,0,0,1,1233,1322,2,1,3,2,0,6277,7,0,2,2403,2184,0,6309,1,1,1701,472,0,1,0,3,0,0,0,2,2,4864,1,1013,0,1,4,0,2,4646,1,1,1,2,4,6984,0,1,2,2,3,1,2248,2,2,5054,0,0,0,1,0,0,0,1,1,2,0,0,1,1,1,0,2,0,8259,0,977,0,0,0,1,2,2362,0,1,3,0,0,2,13062,0,0,1,3,0,1,2,0,3,4,1,5,0,1,0,0,0,0,1,0,0,1,1,0,0,1688,1,0,2471,1,1,1,0,2,0,0,1,1,0,0,0,795,1,0,0,1110,3,1103,5,1,0,1,1,2,74,0,1,1,2,0,0,0,1,1,1,1,0,1,0,1,0,1,2,0,0,69,0,1,2,2,0,0,2603,0,0,3,1,0,0,0,0,0,1,2,4,13517,0,0,0,0,0,2,2,0,0,0,1,1,1,0,0,2,0,0,1,2,0,1,0,4,0,0
"TAGTATTGGCGGGACTCATC",0,0,1,1,0,0,1,0,0,0,0,1,0,1,0,1,0,0,0,0,0,1,0,0,0,0,0,0,1066,0,0,0,0,0,0,0,0,1,0,0,0,0,0,0,0,0,0,0,0,0,1,0,0,2,747,0,0,0,0,1606,0,0,0,0,0,0,0,0,0,0,3,1,3,10158,3,1,1,826,5,1,0,1,0,0,0,0,0,0,0,0,0,0,0,0,0,0,114,1,0,0,1,0,1,0,1,0,0,1,0,0,0,0,0,0,0,1,0,0,0,0,0,0,3,2,0,0,0,0,0,0,0,0,0,0,0,0,1,0,0,0,0,0,0,0,0,0,1,0,0,0,1181,0,0,0,3,1,3303,0,46,0,0,0,0,2,0,0,0,0,0,0,563,0,0,0,0,0,0,0,0,2,0,0,0,0,0,0,0,787,0,0,0,1020,0,0,0,2,3,5240,3743,0,0,3,1,2032,2,2,0,0,1,1,0,1,0,0,1,0,0,1,1,0,0,0,0,0,0,0,0,0,0,0,0,0,0,0,0,0,0,1,0,0,0,0,302,1,0,0,0,0,0,0,0,0,0,0,1220,0,0,1,1,1,2,0,0,1,1,1,0,0,0,0,0,0,0,0,0,1,0,0,2,0,0,0,0,4,0,0,0,0,1,0,0,1,0,0,2,1,1,702,3,0,2,1174,0,2238,0,731,0,0,1,0,1,0,0,0,0,0,1,1,0,1,0,0,1,0,1,0,0,0,1,0,2,95,0,0,1,0,0,1,1167,0,1,0,4138,1,0,0,0,1,0,0,0,0,0,0,0,0,0,0,0,0,0,0,0,0,0,0,0,0,0,0,0,0,0,0,0,0,0,0
"TAATTGTACCTCTTCCCGGA",1,0,1,6,1,1,3,0,0,0,0,0,4,0,0,1,1,2,260,0,2,1,2,2,0,2,0,0,7287,0,0,0,2,0,914,0,0,0,2,1,1,0,1,0,0,0,0,0,0,0,1,1,3,3,722,1,2,0,2226,1,2,1,1,1,0,1,0,0,5,0,2,1,0,0,3,2,0,2449,1,1,0,4,1,1,1,1,1,0,8,0,0,0,2679,0,0,0,1939,2,0,0,2,1,0,1,0,1,0,0,1,3,0,0,0,1,1,1,5,1,2,3501,1,0,1964,3029,1,0,0,0,1,0,3,1,4682,1,0,0,1,8,1,0,0,0,0,0,0,0,1,202,1,2,2618,1,1,2,2,0,3370,2084,1368,0,1,3,10790,0,1,0,1,2,1,1,1310,1,2,1,0,0,1,2,2,0,1272,0,4,0,1,0,2570,1784,1,0,2,1009,3,0,3,2,4,3,5081,877,1,2,1993,4249,0,3,0,1,0,1,0,0,833,1,1,0,1,0,0,1,0,1,2,0,0,1,0,0,3,0,1,0,3,0,4618,0,4,1,1,51,3898,2,925,0,0,2,2,3,3185,2,0,2,14294,0,2,2,3,1,3,1,3,0,991,3,2083,2233,2,1,0,0,2,0,4,0,1,3,3,4,1,0,0,3442,1,2,2359,1,0,3,4,0,1,1,2,0,0,1,5,437,1,0,0,1113,2,4618,3,0,0,0,2,0,1,2,0,0,0,1,2,0,1,0,0,588,0,1,1,0,0,2,2,3,2,67,2,894,2,1,5,1,7293,1,3785,9591,3,1,3,2092,1,0,3,0,0,0,1,0,2,0,0,0,0,1,3,0,1,1,1,0,0,0,0,6,0,0,0,0,1,0,1,7
"CACTGCATTTGCTTCCCTGC",0,0,0,1,0,2,0,1,0,0,2,1,0,2,0,0,0,0,0,0,0,0,1,2,0,0,0,0,1166,3,0,0,0,1,0,0,0,2491,1,0,2,0,1,0,0,0,0,3,0,0,0,0,0,1,0,0,0,0,1,0,1,0,1,0,0,0,0,1,0,0,0,1,0,1,1,0,0,852,0,0,0,0,2,1,0,0,1,3,0,0,0,1764,0,1,0,0,1326,0,0,0,1,0,0,0,0,0,0,0,1,0,0,0,0,0,0,614,0,0,0,0,0,2274,0,0,0,0,0,0,1,0,0,0,0,2,0,0,0,0,1,0,0,0,1,0,0,0,0,0,1,1,1,0,0,0,1,99,0,0,4,0,0,0,0,0,2,0,0,0,1,0,575,0,0,4,0,2,0,0,0,0,5,2649,0,6053,0,0,407,681,0,0,0,0,0,0,0,0,2612,0,0,546,0,0,3,1,1,1,0,2,0,0,141,0,0,0,1,0,0,3,0,0,0,0,0,0,0,0,0,1,0,0,0,0,0,0,1,0,1,0,0,0,30,0,571,0,0,0,0,2,0,0,2,0,0,0,0,0,2,4501,0,0,1,1,2,2,0,1,1,3,0,0,0,0,0,1,3,0,0,2,1,1,0,1503,2,1,1211,2,2,0,1,0,0,0,1,0,0,0,1,0,0,0,0,0,0,0,2,0,1,0,1,0,0,0,1,0,0,0,2,0,1,0,0,5225,1,0,1,0,2,0,3,0,0,0,1,0,0,0,2,0,1641,0,0,3,0,0,9225,1,0,0,0,0,0,0,0,0,0,0,0,0,0,0,0,0,0,0,0,0,0,0,1,0,0,3,0,0,0,0,0,0
"CAAGACCTTAGTTTGATCTG",2,3,15,4,12,12,6,6,3903,1,3,2,2,6,6,7,3,1,398,2,7,3,4,4,6,9,9,5766,11740,2,2414,16,11,7,10420,12585,3,7334,1859,2,7,13,4,3,636,2,2,2,3,0,10,11522,8963,14,1598,24355,10,16,5134,880,12,18,1,3,2,2,2,2,3,1,14,21354,37081,12074,18,16,7,9514,20564,11,12,17,6,1,1,3,6,6,13,7,1974,2,9119,2566,6,6,10410,5,4,4,6276,7,6,3,2,4,5305,0,2504,2822,7,2,2,4,34,1,4572,3,2646,5326,15,0,2048,8911,7,7,0,1,5,141,21815,7,7431,1307,9,1721,975,3006,5,4,1,3,4,4,6,4,2456,4,8625,4333,10231,16,9,4,7,8,6915,4311,3328,4,7,6,11489,13,6,6,5,11417,4,6916,4269,5,15,6,4,1491,11935,5,8,4,4057,5170,5841,157,1793,6725,5606,5399,4,3,4,452,6,5,11,3492,2763,7745,5368,4527,9,2421,16,14,1927,4633,7,8,3,1810,3,5619,20,1188,7798,81003,18,13,8,15,13,9,8,13,6,10,6,2,1,3,6,2,10,4,7206,13,11438,9,8,11,23932,9237,5388,5,8,13,8,9,14206,3,2873,274,13,1,4509,8216,5488,4652,8,13,9,14,3078,14287,21758,12120,11,8,2,3,8,6,18,10,12213,20,10741,9,14,14,9,22826,8804,15642,8946,17,11,2,9,13,6212,7,10,4,12,3,6,742,13,30,13731,2682,8,13332,9,3996,11,5,11,4,67,4,7,6,367,7,8,10,15,8,6,9600,11,5,8,11,6,3,12,11,11,323,9,6,6916,9,12,11,22556,9,13,17,4552,8,15,11168,8,3,0,3,4,0,7,3,0,7,1,1,6,3,10685,0,4,7,9,0,2,2,5,2,2,3,0,1,6,60,2,1
"GCTGCAGGTTAAGATGTTCA",0,0,0,0,0,0,0,0,0,0,0,0,0,0,0,0,0,0,0,0,0,0,0,0,0,0,0,0,0,0,0,0,0,0,0,0,0,0,0,0,0,0,0,0,0,0,0,0,0,0,0,0,0,0,0,0,0,0,0,0,0,0,0,0,0,0,0,0,0,0,0,0,0,0,0,0,0,0,0,0,0,0,0,0,0,0,0,0,0,0,0,0,0,0,0,0,0,0,0,0,0,0,0,0,0,0,0,0,0,0,0,0,0,0,0,0,0,0,0,0,0,0,0,0,0,0,0,0,0,0,0,0,0,0,0,0,0,0,0,0,0,0,0,0,0,0,0,0,0,0,0,0,0,0,0,0,0,0,0,0,0,0,0,0,0,0,0,0,0,0,0,0,0,0,0,0,0,0,0,0,0,0,0,0,0,0,0,0,0,0,0,0,0,0,0,0,0,0,0,0,0,0,0,0,0,0,0,0,0,0,0,0,0,0,0,0,0,0,0,0,0,0,0,0,0,0,0,0,0,0,0,0,0,0,0,0,0,0,0,0,0,0,0,0,0,0,0,0,0,0,0,0,0,0,0,0,0,0,0,0,0,0,0,0,0,0,0,0,0,0,0,0,0,0,0,0,0,0,0,0,0,0,0,0,0,0,0,0,0,0,0,0,0,0,0,0,0,0,0,0,0,0,0,0,0,0,0,0,0,0,0,0,0,0,0,0,0,0,0,0,0,0,0,0,0,0,0,0,0,0,0,0,0,0,0,0,0,0,0,0,0,0,0,0,0,0,0,0,0,0,0,0,0,0,0,0,0,0,0,0,0,0,0,0,0,0,0,0,0,0,0,0,0,0,0,0,0,0
"CTAACACGGTACTACTCATC",0,0,1,1,0,2,2,0,0,2,1,0,1258,0,0,0,0,1,7,1,1,1,0,0,0,1,1,0,1,0,0,0,1,0,1812,0,0,1,1,0,0,0,1,0,0,0,0,0,0,0,0,1,0,1,0,0,0,3,384,0,1,1,0,0,0,0,0,0,0,0,1,5,6,6,3,3,10,6,2,3,2,5,2,0,0,1,0,1,0,0,0,0,0,0,1,1,724,0,0,2,0,1,0,1,1295,0,0,0,2513,0,0,0,0,0,0,0,0,0,0,1,4,1,1932,4,0,0,0,0,1,0,1,0,0,0,0,0,0,0,0,0,0,0,0,0,0,0,0,1,0,0,1,0,0,0,0,0,2,0,0,0,2,0,305,2,0,1,0,0,0,1,258,1,0,0,0,0,6050,0,1,0,1,0,0,0,1,0,0,721,0,0,0,0,0,0,0,0,0,0,0,117,0,0,0,1,0,1,0,0,0,1,1,0,3177,0,1,1,0,0,0,0,0,0,0,0,0,0,1,0,0,0,1,0,0,0,1,1,0,0,1,0,9,0,277,1,0,0,0,0,0,0,1,0,1,0,2129,4684,0,0,1,0,0,0,1,1,1,1569,0,0,0,0,1,0,0,0,0,0,0,0,0,0,0,1,2,0,1244,0,0,0,0,1,3,0,0,0,35513,0,0,0,4,5,2,3,4,2,0,1,0,0,1,0,142,0,0,1,2,0,0,0,0,0,0,0,1,2,0,0,0,0,1,0,1,186,0,0,1,0,0,0,841,1,0,4,2,3,0,0,0,0,0,0,2,0,0,0,0,0,0,0,1,0,0,0,0,0,0,0,0,0,0,0,0,0,0,0,0,0,0,0
"CCTCCCGTGAAAGTACTAAC",2,2,5,4,3,1,8,3,6762,2,2,8,7,46,5,4,3,4,7316,301,2,0,6,9,2,4,9,6,7393,2,6,4,6,5,6850,4334,2,1887,85,6,16233,11,7,4,2,2,32704,3,1,3,29058,0,25,14,2446,10,13,45982,4823,1591,10,20,4,7,15509,3,2,1,2,2,12,11,5,5956,18799,5,30913,1639,5,5,11,16,3,6,3,1,8,1,1,1,5945,7081,1,2361,4,1,5481,5,5,2,5,3318,6,7,2,299,3550,4,12,4885,9,1,2,2,2,10286,5,6,2627,5112,6,7,0,15,2,5,3,5553,53,7,2,125,30,7,6,6,7657,10,38,9,2,5,6,74,7,1,11,9076,6113,5752,5608,3,2,10,4,8,4186,90,1395,2,3,9,12,15,8,6,3,0,3,5611,8038,10,5,8,6,0,10,6,2,166,3,2669,2695,3282,12,2150,1629,4645,6,6,5,8,4,2,9520,3751,9,2714,11,3144,7046,2545,7721,3,5425,8,5,1,2,2691,4,5,0,3,2103,4,4,3,1,3935,1,0,2,1,232,6,10,4,3,3,4,8,5,2,343,17,10330,46710,11,9381,8,3377,4762,10,8,9,15,3,2022,2,6494,7,4,2,6393,4,5,1130,1,4,3,3,1189,0,4,14872,8,6,4,2,13253,28589,5,4,10,2,617,1,0,2,3,868,0,0,1226,3,2,12,2,11,4922,7,0,3,3,4,10,1435,5,5,7,3699,10,33,13398,2872,1,7,1,16,4,2744,0,4,2,5,11,13,5,3,0,0,1,13,7,6,0,8,6,7,6,2122,0,555,4,1,2,3565,3979,7,3785,1050,4,3,4,2138,8,3,7,1,3,8597,3,2,6,1,2,0,1,9,13134,1,5,3,1,1,2,4,0,0,2,0,2,1,2,8,0,1
"TCTAGTTTAGAGCCTACACG",2,5,8,4,3,11,12,5,5235,2,12,2,4,3,10,5,1,2538,842,887,5,1,7,6,1,3,13,3,5825,3,4904,7521,6235,10,1026,2710,15,6,17,4519,9,7,11,7,3887,3,13,3,2,4,5,12,5,1,4267,5,4,2,5697,6,7,11,4,2,1,2,9,0,2,45,9,11307,11,16,19411,2,7,7981,7,5,9371,7,8,5,14,3,24,52,9,3,4176,3647,6188,4,6708,23233,4442,3,2,7562,8623,10,5,11,3,1895,2479,3475,5,75,12,6,2,3,5,4,6,3,12,4,3701,10,9,1601,11,1,3,1,0,4,0,55,4118,16062,7298,1872,13,3310,10,5,0,2,11966,7,6,2,2689,15674,5195,14,8056,3454,4,5,4,5,3487,585,1468,8,13,7,2621,8,10,4345,15082,8971,5005,8818,7699,8,10,1,3,1846,11,6,2,47,2,5812,6887,1541,4984,9558,3584,5309,1,5,10,5,2,1,10,14952,7313,14314,10269,4293,6066,8,2169,2260,14,13,14,0,3,898,14,3,5,2,2054,6,4,2,11220,3,4,2,7,3,8,3,10,5,2,7,6,7562,25312,1,12,11662,16,13,16,12,4631,9,5620,2725,14,14,16,4,4468,6,46,2,4,3,7969,18,12597,4387,7,10,4,5,18486,0,7172,8915,55882,8,3,8,11,5,6721,7,3,10,8,13739,7,2,5,4565,9,5,4848,8,3,11,9,2,3259,17099,11,3,3,11,1050,3152,5,6,9,6392,9,5535,14,2782,1,7,12,1,39,5,2,3,1,16,34901,14,5,4,4,4,8,10,10,27884,3,10,4,2,439,645,2,3125,5,1,5,11795,7503,2,4448,9,6,5,231,2383,11,2,5,1,33489,2,4,2,9,2,1,1,8,6,3,1,8,2,2,1,3,0,2,0,9,1,1,3,5,3,6,30
"TCTGGTGGTCTCCTATCTAG",0,0,1,0,0,0,0,0,0,0,0,0,0,0,0,0,0,0,2,0,0,0,0,0,1,0,0,0,0,0,0,0,2,2,3,3,1,1,1,5,0,3,0,0,0,0,0,0,0,0,0,0,1,0,0,0,0,0,309,3,0,0,2,0,0,0,2,0,0,0,0,0,0,0,0,0,0,0,0,1,0,0,0,0,0,1,0,0,0,0,0,0,1,0,1,0,697,0,0,0,0,0,1,0,0,1849,0,1,0,0,0,0,1,0,0,0,0,0,0,0,1,2423,0,0,0,1,0,1,3081,0,0,1,0,0,0,0,1,1,0,0,0,0,0,0,0,0,0,0,0,0,0,0,0,5,0,0,0,3160,2,0,2,1,0,0,1,1,14609,2,1,1,200,0,0,0,0,0,0,0,364,0,0,0,0,0,3,1,0,203,0,2,1,0,0,0,0,0,1899,0,3,209,0,0,0,3,0,1,0,1,0,933,1,4,2,2,0,0,0,0,0,0,0,0,0,0,0,0,0,0,0,0,0,0,0,0,5,4,5,2,5,2397,3,2,260,21532,2,1,0,0,1648,2,3,0,0,0,1422,0,0,3,2,2,0,0,2,0,0,92,0,0,0,0,0,0,0,0,0,0,0,0,0,1,0,0,0,2,0,0,0,2,0,0,0,2,0,0,0,2,0,165,0,0,0,134,0,0,0,1,0,1,5,0,0,3,0,1,0,3,4,2,0,0,0,0,0,2,0,2,0,1,0,0,0,43,0,0,1,0,0,0,147,0,4146,1,0,0,0,0,1,0,1,0,1,0,0,0,0,0,0,0,0,0,0,0,0,0,2,0,0,0,0,0,0,0,0,0,2,0,0,0
"CTTACGCCAGCGTTTGCAAT",0,0,0,0,0,0,0,0,0,0,0,0,0,0,0,0,0,0,0,0,0,0,0,0,0,0,0,0,0,0,0,0,0,0,0,0,0,0,0,0,0,0,0,0,0,0,0,0,0,0,0,0,0,0,0,0,0,0,0,0,0,0,0,0,0,0,0,0,0,0,0,0,0,0,0,0,0,0,0,0,0,0,0,0,0,0,0,0,0,0,0,0,0,0,0,0,125,0,0,0,0,0,0,0,0,0,0,0,0,0,0,0,0,0,0,210,0,0,0,0,0,0,0,0,0,0,0,0,0,0,0,0,0,0,0,0,0,0,0,0,0,0,0,0,0,0,0,0,0,0,0,0,0,0,0,0,0,0,0,0,0,0,0,0,0,0,0,0,0,0,25,0,0,0,0,0,0,0,0,0,0,0,0,0,0,0,0,0,0,0,0,0,0,0,0,1,0,0,0,0,0,0,0,0,0,0,0,0,0,0,0,0,0,0,0,0,0,0,0,0,0,0,0,0,0,0,0,0,0,0,0,0,0,0,0,0,0,0,0,0,0,0,50,0,0,0,0,0,0,0,0,0,0,0,0,0,0,0,0,0,0,0,0,0,0,645,0,0,0,0,0,0,0,0,0,0,0,0,0,0,0,0,0,0,0,0,0,0,0,0,0,0,0,0,0,0,0,0,0,0,0,0,0,0,0,0,0,0,0,0,0,0,0,0,0,0,0,1,0,0,0,0,0,0,0,0,0,0,0,0,0,171,0,0,0,0,0,0,0,0,0,0,0,0,0,0,0,0,0,0,0,0,0,0,0,0,0,0,0,0,0,0,0,0,0,0,0,0,0,0,0,0,0,0,0,0,0,0
"CGAACGGCGCAGTTAGTCAA",2,1,10,6,5,9,9,9,6125,1293,7,3,8,4,5,6,1,6,2986,5,4,3,4,7,5,2,5,5,8132,6,5175,7,8,7,2966,0,6,2981,2159,3,1,7,3,1,1,4,4,13493,2,5,44074,15,10,22515,2829,9,17,13,5897,3389,14906,11,0,4,1,0,6,3,5,4,669,1,8,5765,5,2984,4,5829,4,5,7,4,6,6,5,5,2,9,5,5,5927,1861,12008,4821,9468,8389,6062,6,2,7,4517,3322,10,4,2455,2024,5553,1939,5273,16,4,6,4,4,8,4,8,4,2886,4508,3795,11,3405,1020,3,3,1,1,6,4,3,4,7912,4377,2527,3583,2196,3242,6,8,1,0,5,222,7109,7,2617,2083,6132,4129,5,3258,1,6,4,12,3897,4431,7141,6,0,4,10516,13,4,11,2,4,6,2760,7875,9,3,6,1,1,2,3,7,0,4861,2955,9,6403,5482,7,974,4091,4,6,3,3,6,3,17,10,2579,10121,7923,4806,11,10,2180,8,5117,4796,4,4,3,1971,0,7027,11605,6,5,3,6,4,8091,0,2348,7013,7,1,1,3,6,2,1,7,0,2121,3,1,9475,10,18975,11,13,4932,7800,6,4960,10417,9,11,6,8,4162,1,1690,5,14388,3,8302,9561,5,7,1,6,6,5,25,6,8,13496,2,1,3,2,3,3,6,3,6165,3,12,13065,12594,5,19405,13,13,9,3732,12,1,5,0,6,9083,3489,10,2,5,5,4930,3072,6,3,4,4331,4,5644,7,5815,1,5,1,13,1,7,9,5,3,7,6,12,3,2,4,2,5,12207,5384,11,4,7,5,18,3,5250,10,0,7072,9,15,7668,4583,7,2,32,2274,8145,11,13021,1,7,3,0,2,4,5,10,2,4,4423,2,3,3,1,6,1,3,2,2,2,2,2,0,2,2,1,0,4959,4,9,0
"GATTTAAACACCCAACGCTA",0,0,0,0,0,0,0,1,0,0,0,0,0,0,0,0,0,0,0,0,0,0,1,1,1,0,0,1,0,0,0,1,2,11142,1,0,2,1,4,0,2,0,0,0,0,0,0,0,0,0,1,0,0,1,164,0,0,1,46,0,0,0,0,0,0,0,0,0,0,0,0,0,0,1,0,0,0,0,0,0,0,0,0,0,0,0,0,1,0,0,1,0,1,0,1,0,0,0,0,0,0,0,0,0,0,0,0,1,0,0,0,0,0,0,0,0,0,0,0,0,0,1,0,0,0,0,0,0,0,0,0,0,1,1,4015,0,41,0,0,0,0,0,0,0,0,0,0,0,2,1,0,0,0,0,0,0,0,0,0,0,2,0,0,0,1,1,0,1,1,0,173,0,0,1,0,0,0,0,0,0,2115,0,0,0,0,0,0,469,0,0,0,0,0,1,0,0,0,1,0,143,0,1,0,0,102,0,0,0,0,0,0,1,0,0,0,0,0,2,0,0,0,0,0,0,0,0,0,0,0,0,0,0,0,0,0,0,2,0,0,0,0,1,224,0,0,0,0,1,0,0,0,1,0,0,0,136,2,0,1,0,0,0,1,0,0,0,0,0,0,0,0,0,0,0,0,0,2,0,0,1,1,0,0,1,0,0,0,0,0,0,0,0,3,1,0,0,0,787,0,0,0,0,0,0,0,0,0,0,0,0,0,0,0,0,0,0,0,0,0,0,0,0,1,0,0,0,0,0,0,0,0,17,0,3,0,0,1,0,435,0,0,0,0,0,6031,1,0,0,0,0,0,1,0,0,0,1,0,0,0,2,0,0,0,0,0,0,0,0,0,0,0,0,0,0,0,0,0,0
"GGTACTCTTGAGTTGCAGAC",0,0,0,0,0,0,0,0,0,0,0,0,0,0,0,0,0,0,0,0,0,0,0,0,0,0,0,0,0,0,0,0,0,0,0,0,0,0,0,0,1,0,0,0,0,0,0,0,0,0,1,0,0,0,788,0,0,0,0,0,0,0,0,0,0,0,0,0,0,0,0,0,3,1,0,0,0,1472,1,0,0,1,0,0,0,0,0,0,0,0,0,0,0,0,0,0,0,0,0,0,0,0,0,0,0,0,0,0,0,0,0,0,0,0,0,0,0,0,0,0,0,0,0,0,0,0,0,0,0,0,1,0,0,0,0,0,0,0,0,0,0,0,0,0,0,0,0,0,0,0,0,2,0,0,0,0,1,0,0,0,0,0,0,0,0,0,0,0,0,0,381,0,0,0,0,0,0,0,1,0,0,0,0,0,0,1,0,128,0,0,0,0,0,0,0,0,0,0,0,120,0,0,0,0,0,0,0,0,0,0,0,0,0,0,0,0,1,0,0,0,0,1,0,2,4113,1,0,0,0,1,0,2,1,1,0,0,0,0,0,0,0,0,69,0,1,0,0,0,0,0,0,0,0,0,0,0,0,0,0,0,0,0,0,0,0,0,0,0,0,0,0,0,0,0,0,0,0,0,0,0,0,0,0,0,0,0,0,0,0,0,0,0,0,0,0,0,0,0,0,0,0,0,0,51,0,0,0,0,0,0,0,191,0,0,2,0,0,0,1,0,0,0,1,0,0,0,3,1,0,0,0,0,0,0,0,0,0,0,0,0,0,0,0,0,0,0,0,0,0,0,0,0,0,0,0,0,0,0,0,0,0,0,0,0,0,0,0,0,0,0,0,0,0,0,0,0,0,0
"ATGGGTAAGTAGCCTGAAGT",1,1,7,4,5,7,4,3,7024,1,14,2,3,1,2,3,3,0,7,1,7,2,7,1,3,1,2,2,5589,2,9,4,3753,3,825,5,480,1860,4958,5,0,4,0,0,0,0,3,2,5,0,26457,5,662,12,967,3,6,3,3960,2,3,3,7,0,0,1,0,3,1,2,5,1,4,42,2,2995,4,3952,4,1,3,2,12,2,4,1,56,4,5,2,4288,3646,6,0,3092,6,2448,16885,4,4,4051,3,11945,6,2960,3664,3,0,3250,10,2,1,0,1,668,0,4,1,4,5,7356,9,1996,6364,4,2,1,2,9,1,3,40,1,4,3539,2393,4244,1,0,1,0,3,5,1,3,0,3,4849,2,1380,2340,9506,2,4,1,2,3951,3138,4762,7,7536,10436,7,2,6,2,0,4628,6,2954,4545,2,3,2,4,8,9,2,5,1,3,2378,5,3554,1792,4197,3221,2205,2,3987,28420,4,7,5,7,96,5,4926,4,1390,900,5,7,3,4,4566,2,7,1,1849,7,0,7,1,316,1,9,4,2488,2,3,4,5,5,4046,12,0,1,1,1,4,1,13393,0,10,0,21165,7,7,9,0,4232,3460,2,6,8,2,5,3736,2,1238,3,13916,3,5367,5,4,3,1,8560,0,3,1,1,4,3100,0,3,1,1,2,1,5,2,6,3,9,11421,3,3,6,4627,8,7838,1111,6,3,6,3,3,0,8352,0,1,2,1,2602,2222,2,1,1,1917,3,2527,5,4,6,2,4,4,303,6344,6,4,15602,5,10539,7,8132,7,5,4495,3,12080,4,3,4,6,5,7,1,498,6,1013,5,4,7,3526,3236,1,3,4,2200,6,9,2297,4,4,0,1,16760,2,1,1,1,3,1,2,4,1017,5,1,1,2,0,1,4,0,2,0,1,2,0,4,8,1,5,2
"ACTGCAACCGTCAATAGGAC",0,0,1,1,0,0,3,2,0,0,0,1,3,0,0,2,0,0,50,0,0,0,0,1,0,1,0,0,2,1,0,1,1,1,1529,0,2,0,0,0,1,0,0,0,0,0,0,0,0,0,3,26626,2,1,785,5,2,1,256,1015,4,3,0,0,0,0,0,2,0,1,1,2,2,2,2,4908,1,3,2,0,5880,1,0,0,0,1,0,1,0,0,4559,0,0,2,2,1,1412,1,1,0,0,0,2,1,336,0,1003,1,1,804,1,0,0,2,1,0,3,2,1,1,0,1,4450,1,2,0,0,0,0,0,1,0,0,1,1,373,1878,3,2,0,0,0,0,0,3633,0,1,0,3098,1,3,3,4,1,0,2,0,3961,1110,0,0,1,6,5,0,0,0,0,0,2,2306,0,1,1,0,1,1,1,0,2,0,1,2,3880,1,4509,0,931,0,0,0,0,1,3,2,0,4,0,0,169,1,2589,2,2,1,5317,1,0,0,0,0,0,0,0,554,4,2,0,6897,0,0,3,0,2,2061,0,1,0,0,0,0,1,1,1,5,1,0,2,1,2,2,3,1189,0,2,2,3,2,0,2,1,1,2,1,2102,0,3,1972,1,0,1,10553,1,3,0,2662,2,1,0,0,1,1,2,2,0,3,0,0,0,0,0,0,2,0,1,1,1,0,1,1,0,0,0,0,5,4,4,0,2,2,2,6,4,1,1,309,1,0,0,0,1,1,0,0,4,1,1,0,1,2,5416,0,3,0,0,1,0,0,0,2,5,542,1,0,1,0,0,0,1,1,1,1,0,0,0,940,0,2,0,0,0,0,0,0,2,0,0,0,0,0,0,1,0,2,0,0,0,0,1,136,0,0,0,1,0,0,1,1
"GTACTCAGCTCTGGTAGTGA",0,0,0,2,1,0,0,3,0,0,0,2,0,31,0,0,0,0,1,3,0,0,0,3,0,0,0,0,2,0,1,1,0,0,0,0,0,0,0,0,0,0,0,2,0,0,0,0,1,0,0,0,1,1,0,0,0,0,365,1,1,1,0,2,0,0,0,0,3,0,0,1,0,0,0,0,0,0,0,0,0,1,0,2,0,1,0,0,0,0,0,0,0,0,0,0,328,0,0,0,0,4,2,0,0,0,0,0,1,3,0,0,0,0,0,0,0,0,0,1,0,1,0,0,0,0,0,0,0,2,1,0,5,3,3,3228,0,1,0,0,0,0,0,3,1,0,0,1,0,0,317,1,0,0,0,0,1,0,671,0,0,1,2481,0,0,0,0,0,0,1,622,0,0,0,0,0,1,3,0,0,0,2565,0,0,0,0,0,0,0,0,0,1,1,0,0,1,1,0,0,0,0,0,0,0,0,0,0,0,0,0,0,3,1,0,0,0,0,1,0,0,0,0,0,0,0,0,0,0,0,0,0,2,0,0,0,3,0,1,0,0,0,0,195,0,0,0,0,0,0,0,2167,2,0,0,1227,1,0,0,1,0,0,0,0,0,1,1556,1,2,0,1,2,15124,1,1,0,1,0,0,0,0,1,0,0,0,0,0,1,0,0,2,1,3439,0,0,0,2,1,1,0,0,0,557,0,0,1,1384,0,1,1,0,0,0,0,0,0,0,0,0,0,0,0,0,0,0,0,0,0,0,0,0,0,112,0,0,0,0,0,0,0,1,0,0,0,0,0,0,0,1,0,0,0,0,0,0,0,1,0,0,0,2,5951,0,0,0,0,0,0,1,0,0,0,0,0,0,0,2,0,0
"GGATCGGCGAATGAGCGTAC",0,0,0,0,0,0,0,0,0,0,0,0,0,0,0,0,0,0,0,0,0,0,0,0,0,0,0,0,0,0,0,0,0,0,0,0,0,0,0,0,0,0,0,0,0,0,0,0,0,0,0,0,0,0,0,0,0,0,0,0,0,0,0,0,0,0,0,0,0,0,0,0,0,0,0,0,0,0,0,0,0,0,0,0,0,0,0,0,0,0,0,0,0,0,0,0,0,0,0,0,0,0,0,0,0,0,0,0,0,0,0,0,0,0,0,0,0,0,0,0,0,0,0,0,0,0,0,0,0,0,0,0,0,0,0,0,0,0,0,0,0,0,0,0,0,0,0,0,0,0,0,0,0,0,0,0,0,0,0,0,0,0,0,0,0,0,0,0,0,0,0,0,0,0,0,0,0,0,0,0,0,0,0,0,0,0,0,0,0,0,0,0,0,0,0,0,0,0,0,0,0,0,0,0,0,0,0,0,0,0,0,0,0,0,0,0,0,0,0,0,0,0,0,0,0,0,0,0,0,0,0,0,0,0,0,0,0,0,0,0,0,0,0,0,0,0,0,0,0,0,0,0,0,0,0,0,0,0,0,0,0,0,0,0,0,0,0,0,0,0,0,0,0,0,0,0,0,0,0,0,0,0,0,0,0,0,0,0,0,0,0,0,0,0,0,0,0,0,0,0,0,0,0,0,0,0,0,0,0,0,0,0,0,0,0,0,0,0,0,0,0,0,0,0,0,0,0,0,0,0,0,0,0,0,0,0,0,0,0,0,0,0,0,0,0,0,0,0,0,0,0,0,0,0,0,0,0,0,0,0,0,0,0,0,0,0,0,0,0,0,0,0,0,0,0,0,0,0
"CCTCGGGCAACCACTTGACA",0,0,4,2,13,3,1,0,0,1,2,1,4,2,1,3,0,0,1291,0,6,2,1,2,1,0,1,1,1597,2,8,10,8,7,1901,4,18840,1909,8,28943,5,7,0,1,0,0,1,0,1,2,4,0,4,2,4,0,3,1729,1073,2,2,1,4,0,0,0,1,0,1,0,1,1,1,1,2,0,2,3,0,1,1,2,1,3,0,0,1,1,10,0,0,1,1,1,2311,3,1804,0,0,0,1,5,7,0,2399,0,2,2,5475,2,2,2,0,0,0,1,4,1,0,4900,0,1,2,0,1,1,0,0,1,2,6,0,0,3,3,4,5,2,1,0,0,0,4,4,8,2930,1146,2,4469,2,0,1,0,0,2,2,2,4379,261,4,11,4,1,1,6,4466,4,6,4,4063,2976,2,2,3,0,3,2,3,4,1,0,0,1,2935,3,9,1,439,0,0,0,0,5,0,5,7562,5399,9960,5,1265,4,1,1,6,21,8,6,2,2,4,8,8677,9785,2,0,0,2,1,2,4033,3,431,1,2,1,1,0,0,0,0,0,1,7,0,3,4,3,5,3,4,1,3,1219,8414,2,2,2,1,0,0,1,3,8,0,3537,3,5,3,2,1,1,5819,2514,1,1,5436,3,1,0,2,1,7646,6630,0,6206,2,2,2,2,3,2,1,1,2,1,8044,0,4,3,1,5802,1,2,2,2,4,3,658,1,0,0,1434,1,4222,3,3,4,3,0,1,2,3085,3,4,2,3,3,4,1,2,1,1,1,11706,0,1,1,3,0,4,0,1072,1,362,3,2,0,1,480,0,3,2,0,2,2,4506,0,0,0,0,0,1,6,1,1,1,0,1,0,0,5,1,2,2,2,1,2,0,32648,1,0,1,0,0,1,0,3,336
"TTAACGCATCCGCAGCCGTG",0,0,2,4,7,0,5,1,0,0,0,0,7,0,0,4,0,0,247,0,4,0,0,1,0,0,0,0,6,1,0,2,0,1,2036,1,2,1,0,1,1,3,0,0,0,0,1,0,3,0,0,1,1,0,0,1,1,0,875,0,1,2,3,3,1,1,1,8277,2,0,0,1,1,1,1,1,2,1077,0,0,0,1,2,0,831,0,0,1,8,2,0,3847,0,0,0,0,1574,0,0,2,1,1,5,0,1,0,0,0,1,1,1,0,0,1,0,1,2,0,0,1,1,0,0,0,0,1,1,0,3364,0,6,0,0,0,0,1377,0,2,1,1,0,0,0,0,0,1,1,1,2791,0,0,0,0,1,1,2,0,9360,0,1,0,0,0,0,6,5176,2,0,2,0,1828,0,0,2,0,3,1,2,6,0,1,0,0,1,0,0,1,698,0,0,0,1,3,2,1,0,6,0,1,287,1,6,1,1,1,4,0,2,0,1896,2,0,3,0,0,0,1,1,0,0,2522,1,0,0,0,0,1,1,0,0,0,1,0,0,0,1,0,0,1,0,0,0,1230,0,1,0,3,3729,1,1,1153,1,7,1,1485,1,3,0,2,2,0,5293,4,0,2,3692,0,1,0,0,0,1,8,0,1,0,0,0,0,1,1,0,0,0,0,1,4,0,2,3,2,1,2,3,0,3,4,1,0,0,1,1836,0,1155,0,3,1,0,0,0,0,2,0,0,0,0,0,0,0,0,1,0,0,0,0,0,0,0,0,1,0,197,0,0,1,0,0,0,161,0,2,0,0,0,1,0,1,1,0,1,0,2,5,1,2,6,1,5,2,0,35729,2,0,5,0,0,1,0,5,0,1,0,0,0,0,0,0,2
"GAGTCGGTGAACCAGTTATT",0,0,0,0,1,0,0,0,0,0,0,0,0,0,0,0,0,0,0,0,0,0,0,0,0,0,0,0,2,1,1,2,0,1,0,1,0,0,0,0,2,0,0,0,0,0,0,1,0,0,0,0,0,0,0,0,0,0,0,0,0,0,0,0,0,0,0,0,0,0,1,1,2,0,0,6167,0,0,2,0,1,0,0,0,0,0,0,0,3,0,0,0,0,0,0,0,0,0,0,0,0,0,0,0,0,0,0,0,0,0,0,0,0,0,0,0,0,0,0,0,0,0,2,0,1,0,0,0,0,0,0,1,0,0,0,0,0,0,0,0,0,0,0,0,1,0,0,0,0,0,0,0,0,0,0,0,1,0,0,0,2,0,0,0,0,4865,0,1,0,0,238,0,0,0,0,0,0,0,1,0,0,0,0,0,0,0,0,0,0,0,0,0,3,0,0,0,0,0,2,544,0,0,0,0,0,0,0,0,0,0,0,0,0,0,0,0,0,0,0,0,0,0,0,0,0,0,0,0,0,0,0,0,1,0,0,0,0,0,0,0,0,0,74,0,0,0,0,0,0,0,0,0,1,0,0,0,0,0,0,0,0,0,0,0,0,0,0,0,0,0,0,0,1,0,0,0,0,0,0,0,0,0,0,0,0,0,1,0,1,1,1,0,0,0,0,1,0,0,1,0,0,17,2,0,0,0,0,0,0,0,0,0,0,1,0,0,0,0,0,1,0,0,0,0,0,0,0,0,0,0,0,91,0,3,0,0,0,0,246,0,0,0,0,0,0,0,0,0,0,0,0,0,0,0,0,1,0,0,0,1,5986,0,0,0,0,0,0,0,0,0,0,0,0,0,0,0,3,0
"TGATTCGTGGAAATAATGCT",4,2,45,5,10,15,66859,12,2,6,11,22,20786,8,13,2,1,4,11,8,6,9,12,12,0,6,10,8156,3432,3,11,10,13,11,11,5043,6,2069,2542,9,12,27201,7,6,0,2,25006,3,8,2,16,15,11,31,4218,6251,8,11,24813,9689,8,18,12,8,1,6,20,13,7,14,8,10,15,13,8,3228,30915,9,38541,10,0,17,11,15,2,10,51,14,6,9,15510,3607,10112,76,8,3660,7126,11,1,4,15,1976,30387,4,1721,2042,14770,2054,15587,7881,13,7,1,11,185,382,1576,11,12777,4860,8853,8421,0,6361,20,7,1,1,8,178,6,25,11969,17474,5453,18,7693,14258,21,8,3,10,19,20,7,4,11714,22,10706,5546,3276,6486,11,11,25,7,6,15,1150,3,5,17,3169,9708,10,6,12638,10,7,5268,654,6,15,4,2,7,33,18,27,3,11968,4863,4381,14206,2916,4178,25,1881,2,16,20,13,20,9,18395,14878,2945,27615,4449,1123,20353,5736,7066,5177,11778,12445,18,12,3,12518,5323,14482,1896,5,3899,19,23,28,8388,13,8151,15502,29,15,4629,22,17,6,3,0,49093,10,5,4,11,12196,12,18,17872,7,9,3010,21867,7,6,14,11,10,1,4,1693,18009,11,8,5207,42681,5709,147841,24120,23,9204,25,2414,20,24,2587,18,11,2,8,9,3606,12,6,6429,12,926,23,9,9364,9,5,912,21362,1247,11,13,9,15,7,10,3260,2,3,12943,19,24,0,10,12,17,5364,41,8605,11,2195,12,4,28,11,8,11,2,5,16085,14482,16,12,21,12299,44843,22720,25851,9105,6,9,380,5,23,7,4,141,1,4,23,4,5,3596,202,10380,7967,34,6291,12,6,8,7,4,0,1,5,3,2,5,11,3,0,4,4,5,7,3,9,4,0,3,6,4,6,0,7,4,0,1,28,6,3,3
"ATATCGCGCAAGTGGATGAG",0,0,3,1,1,2,0,1,0,0,1,0,10085,1,0,0,0,2,1742,0,1,1,1,1,2,2,1,6,2,4,1,0,0,0,0,0,0,0,0,0,0,1,0,0,0,0,0,1,2,0,1,3,0,2,0,3,3,1,1,3001,0,3,1,1,0,0,0,0,1,1,3,1,2,1,3,1,4,2,2,2,0,4,0,0,0,0,0,3,0,0,9087,1,2,1,1,0,2035,1,0,0,0,1,1,0,0,3974,0,0,2,1,0,0,0,1,2056,0,1,2,1,1,1,4,5,1,0,0,0,0,0,0,1,0,1,0,2,0,5,0,0,0,3,0,1,0,0,1,1,0,1,0,0,3236,0,0,2,1,1,2,1072,0,0,2,2784,2,1,0,0,0,1,0,2145,0,0,0,0,1,0,201,0,1,2614,2,0,0,2,0,0,110,1,1,0,0,1,1,1,0,1,3,3,319,1,1,2324,1,2,1,1,0,0,0,2,0,0,1,1,3,2,0,2009,4,4860,0,0,0,1,2,0,0,0,0,0,0,0,1,0,0,1,0,0,0,0,0,823,0,0,1,2,0,1,1,1070,1,3,1,4978,2,1,2,1,1,2,0,2205,0,0,5818,0,0,0,1,0,0,1,3,0,1,3544,2,1,0,0,0,3566,0,1,0,1,0,1,2,3076,2938,0,0,2,1,1,2,24803,2,2,6,2,1108,1,669,2,0,3,1,2,5095,2,0,2,0,0,2,4,0,0,3,2,0,1,0,0,0,2,0,0,110,0,0,0,1,0,1,423,0,3,3,3,0,0,0,0,0,0,0,0,0,1,2,0,0,1,1,0,0,0,2,0,0,0,0,3,0,0,0,0,0,0,0,0,0,0,0
"TACTACGAGCGCACAGTTAA",2,0,6,2,1,2,2,4,0,2,1,1,1,3,12,5,2,8,659,2767,13,4,1,4,0,2,1,0,2932,4,8,0,4,1,3447,1,0,3619,4,2,1,3,0,1,0,1,2,0,2,1,15058,6,17512,4615,15,10,8,10,1855,11,10,12,0,3,0,1,1,2,1,1,9,9,13,14,5,8,12,12,10,18,16,14,1,2,1,1,0,1,1,2,3,0,13762,5,1,3,5232,5,0,6,5,3044,5,6,2,1919,2651,2,6454,3160,1,1,1,0,611,4,3,3,3,2544,2,2,13,12394,1,2,0,0,2,4,0,2,2,5,7,5739,5,7,3,0,0,1,1,45,3,4,2,4213,2,1,3,8,2,2,6,3,14,8,1426,1,4,3,1399,32180,1,0,1,1,4,1302,5906,8,2,1,0,1,0,5,1,3,4,1,3541,2,4891,7,535,1702,0,3,1,1,0,3,5,2435,9,14695,9,1582,5,9,2496,4616,5,4849,2,0,0,3768,1,1,4,2,1,3,5,6,1984,2,1818,3148,2,1,4513,1,2,1,0,2,1,3,0,3,4,2,9,7,4,7,3,6,3750,2,2,21081,4,1,2,3,3983,2,5,0,9181,4566,5,8,2,8744,6,5688,7,3,1,3628,0,1,1,0,3,0,2,3,3,1,3,6,1,2,0,1,0,4,2,0,0,1,7,7,3130,6573,0,2,103437,1,2465,3,7,5,13,2877,11,1070,4,1,0,1,1,5,6,3301,1,2,8,1,1,2,2,2,2,307,1,2186,5398,3,1,9,5,7,18,1452,1,859,13924,0,0,3658,299,1,4266,0,4123,5,0,1,2,1,0,1,1,8553,1,3,3,0,0,1,2,0,11854,2,0,0,0,3,0,1,1,2,0,2,0,3,0,2,1,1
"GGGTGATCCTGATTCCAAAC",0,0,0,0,0,1,0,1,221,0,1,1,0,0,1,0,0,0,0,1,0,0,0,0,1,0,0,0,0,0,1,0,0,0,0,0,0,0,2,0,0,0,0,0,0,0,0,0,0,0,4,2,4,0,2,0,0,0,1,0,1,0,0,0,0,0,0,0,0,0,1,1,1,1,0,0,0,0,1,2,0,0,0,1,0,0,1,0,1,1,0,0,1,0,0,0,763,0,1,1,1,1,0,0,0,0,0,0,2,1,0,0,0,0,0,1356,0,0,0,2173,0,1,1799,1,2,2,0,0,0,0,0,0,1,1,3586,1,0,0,0,0,0,0,0,0,0,0,2,0,3098,1,0,0,0,1,1,88,1,1,1,0,0,0,5467,2,0,0,0,0,0,0,901,1,0,0,0,0,0,3,0,0,0,0,5014,1,3,1,1,389,0,0,0,1,0,0,0,3,0,0,0,611,4,0,4691,0,3,2,1,1,0,0,0,0,0,0,0,0,1,0,0,0,0,0,0,0,0,0,1,0,0,0,0,1,0,0,0,1,3,1,0,1,0,1,399,1,6914,0,1,2,0,0,1,0,0,0,646,0,0,1,0,0,0,1,0,0,1,729,0,1,0,0,0,0,0,0,11588,0,2,0,0,1,1,0,0,3,2,0,0,1,0,2,2968,0,0,0,1,1,1,658,2,1,0,677,1,1,1,0,0,0,1,0,0,1,1,0,0,1,1,0,0,0,0,0,0,1,3,1,0,0,0,0,1,15,1,0,0,0,0,3,270,1,0,0,0,0,1,2,1,0,0,0,0,1,0,0,0,0,0,0,0,0,0,0,1,2,0,0,0,1,0,0,0,0,0,0,0,0,0,0
"TCAGTAAGAGCCGGTTCGAA",0,0,4,3,7,4,0,3,2,3,2,1,7,2,4,6,2,1,7268,1046,9,1,4,2,2,3,3,2,3839,1,2,6,4,2,3824,0,3,2,3381,2,13809,5,2,1,0,3,1,3,0,1,12,7,26660,17,766,11609,7142,8,1800,1601,8,9,6,5,1,2,3,19495,5,3,16573,4,6,8,5,6384,3,23,5,3,3498,7,2,2,236,1,2,2,6,0,44,1,5,0,5,4,4894,1,0,10718,1,2,3,0,2,3,2622,3,2788,5,0,5,0,4,359,2636,8,1,2862,1,2,3,9,3132,0,5,1,5,2,3,6,1,0,89,6994,2,7110,3046,2,1,0,0,1,28,6929,0,0,3,4,2,1258,5802,2,2,2,5,5,9107,2929,2,6,8,5127,6,7,9870,8,7,4,1378,8762,11,1,4,0,0,4,64,5,0,1840,2,4389,2722,8,2315,3662,3260,0,1,2,3,5,2,7,5,2375,5287,6,3347,3606,4,2210,7,5,1887,0,3,4,1,0,0,5,0,2004,5,6,6,1496,6,4,3,7,6,1758,7,4,2,2,3,1,4,6,1,7,0,10409,6,17595,2,11,15551,4305,14,9,13,2,8,0,1,3506,1,14171,4,6712,4582,5,4717,3,1,4,5,5462,2,1,13573,2,6,1,0,3,0,91,2,2,17683,3422,6159,7,2,6,1,6,2,19,6,6,8,3,8,8235,1,3,11,7,11,4,0,4,665,8,3636,8,12150,6,4135,2,3,1,5,5,1,6,5,31143,24569,10,8,15,2,4391,8629,6,7,5236,7,4,5,6,82,4,844,2,1140,9,8128,3,9,638,7,4399,6,4,7,3,0,4,3,2,1,2,2,3,2,2,3,1,2,3,1,17716,1,0,6,0,0,1,0,5,0,0,2,0,0,1,2,1,644
"CCGCTAATGAGGAATGTAGG",0,0,0,0,0,2,0,0,0,0,1,0,0,0,0,0,0,0,0,0,0,0,1,1,0,0,0,2,0,0,0,0,0,1,0,2,0,0,1,0,0,0,1,0,0,0,0,0,0,0,2,0,0,3,1,11052,1,2,544,2,0,1,0,0,0,0,0,0,0,0,0,0,0,0,0,0,0,1,0,0,0,0,1,0,0,1,0,0,0,0,0,0,0,1,0,0,664,1,1,0,0,1,0,0,0,0,0,0,0,1,0,0,0,0,0,0,0,0,0,0,0,0,0,0,0,2,0,1,1,0,2,0,0,0,0,2,1,1,0,0,0,0,1,0,0,0,0,0,0,1,0,0,0,0,0,0,0,0,0,0,0,0,4,1,867,0,1,0,1,2,899,3,0,0,0,0,0,0,0,0,0,0,0,1,1,0,0,539,0,0,0,0,0,0,1,1,1,1,1,1,0,0,1,0,2557,2,0,1,0,0,5420,0,0,0,0,0,0,3,0,1,0,0,0,0,0,0,0,1,0,0,0,1,0,0,0,0,0,1,0,0,0,0,331,1,0,0,0,0,0,1,0,0,0,0,1350,1,0,1,0,0,0,0,0,0,0,793,0,0,0,0,0,0,0,0,0,4,0,12761,2,3,1,0,0,4,3,0,0,0,1,1,1515,3040,1,0,0,0,1,0,0,0,0,1146,1,1155,1,2,0,0,0,2,147,0,0,0,0,0,0,0,0,0,0,0,0,0,1,0,1,0,0,1,0,163,3,0,0,3,2,3,287,0,0,0,0,0,5,2,0,0,0,0,1,0,0,0,0,0,0,0,2,1,0,0,0,0,0,0,1,0,0,0,0,0,0,0,0,0,0,0
"CCAGTGGATTTGTGTAGACC",0,0,4,0,1,2,0,2,0,0,0,5088,1,1,0,1,0,0,350,2,0,0,1,1,0,0,3166,0,516,0,2062,561,3,7025,1081,2,0,757,617,2,1,0,0,1,0,0,0,0,0,1,3,1,0,3067,1,2,7,0,622,0,2,4,0,0,0,0,0,0,1,1,0,0,0,2,0,2,0,500,0,0,353,0,0,0,0,0,1,0,0,0,0,0,0,1382,4909,0,7100,1,0,3,0,0,0,1,0,0,0,2,0,6064,0,0,0,0,12,0,0,0,0,0,1,0,1,0,1,1,1,0,0,0,0,7,542,0,0,320,186,2,0,0,0,0,0,5,3805,32,0,1,1,1982,0,0,0,0,0,1,0,0,298,1,0,1,0,3,0,1,0,1,0,435,3227,0,2,0,0,0,0,9,0,0,0,1,880,3,1,0,582,1351,0,0,0,0,0,0,2,1,0,24,1,2659,7,0,2,0,0,644,1,0,0,0,0,0,1,0,1533,0,0,0,0,0,0,0,0,0,0,0,2,0,0,0,1,0,1,0,2,0,0,0,2,0,1,1,4834,1,0,0,1,0,0,0,0,0,1,1,2285,4578,0,1547,1,0,2,1,159,1,1,1632,0,3,0,1,1,0,1335,1,0,1,0,0,0,0,1,1,1,0,1,1,0,1,0,0,0,331,0,2,0,1,1,1310,0,0,0,342,0,250,1,240,0,0,0,0,0,1,1,1,0,3,0,0,0,0,0,0,1,1,1974,0,0,0,1,1,0,27,0,0,0,861,1,0,1,0,1047,0,2512,0,0,2026,0,0,0,0,0,0,0,0,0,0,0,0,0,1,2,0,1,0,0,0,0,0,1,0,1,1,0,0,0,0,0,0
"TCCTCTTTGACCTCCCTAAA",0,0,0,0,0,0,0,0,0,0,0,0,0,0,0,0,0,0,0,0,0,0,0,0,0,0,0,0,0,0,0,0,0,0,0,0,0,0,0,0,0,0,0,0,0,0,0,0,0,0,0,0,0,0,0,0,0,0,0,0,0,0,0,0,0,0,0,0,0,0,0,0,0,0,0,0,0,0,0,0,0,1,0,0,0,0,0,0,0,0,0,0,0,0,0,0,0,0,0,0,0,0,0,0,0,0,0,0,0,0,0,0,0,0,0,0,0,0,0,0,0,0,0,0,0,0,0,0,0,0,0,0,0,0,0,0,0,0,0,0,0,0,0,0,0,0,0,0,0,0,0,0,0,0,0,0,0,1,0,0,0,0,0,0,0,0,0,0,0,0,83,0,0,0,0,0,0,0,0,0,0,0,0,0,1,0,0,258,0,0,0,0,0,0,1,0,1,1,0,0,0,1,0,2,3,9526,0,0,0,0,0,0,0,0,0,0,0,0,0,0,0,0,0,0,0,0,0,0,0,0,0,0,0,0,0,0,0,0,0,1,0,0,22,0,0,0,0,1,0,2,0,0,0,0,0,0,0,0,0,0,0,0,0,0,0,2,0,0,0,0,0,0,0,0,0,0,0,0,0,0,0,0,0,0,0,2,0,0,0,0,0,2,0,0,0,1,0,1,0,0,0,0,0,1,2,0,0,0,0,0,0,0,0,0,0,0,0,0,0,0,0,0,0,0,0,0,0,0,0,0,0,2,0,0,0,0,0,0,0,0,0,0,0,0,0,0,0,0,0,0,0,0,0,0,0,0,0,0,0,0,0,0,0,0,0,0,0,0,0,0,0,0,0,0,0,0,0,0
"ATTCGCAGTCTCGTAACCTC",0,0,0,0,0,0,0,0,0,0,0,0,0,0,0,0,0,0,0,0,0,0,0,0,0,0,0,0,0,0,0,0,0,0,0,0,0,0,0,0,0,0,0,0,0,0,0,0,0,0,0,0,0,0,0,0,0,0,0,0,0,0,0,0,0,0,0,0,0,0,0,0,0,0,0,0,0,0,0,0,0,0,0,0,0,0,0,0,0,0,0,0,0,0,0,0,244,0,0,0,0,0,0,0,0,0,0,0,0,0,0,0,0,0,0,0,0,0,0,0,0,0,0,0,0,0,0,0,0,0,0,0,0,0,0,0,0,0,0,0,0,0,0,0,0,0,0,0,0,0,0,0,0,0,0,0,0,0,0,0,0,0,0,0,0,0,0,0,0,0,71,0,0,0,0,0,0,0,0,0,0,0,0,0,0,0,0,0,0,0,0,0,0,0,0,0,0,0,0,0,0,0,0,0,0,0,0,0,0,0,0,0,0,0,0,0,0,0,0,0,0,0,0,0,0,0,0,0,0,0,0,0,0,0,0,0,0,0,0,0,0,0,48,0,0,0,0,0,0,0,0,0,0,0,0,0,0,0,0,0,0,0,0,0,0,0,0,0,0,0,0,0,0,0,0,0,0,0,0,0,0,0,0,0,0,0,0,0,0,0,0,0,0,0,0,0,0,0,0,0,0,0,0,0,0,0,0,0,0,0,0,0,0,0,0,0,0,0,0,0,0,0,0,0,0,0,0,0,0,0,0,0,0,0,0,0,0,0,0,0,0,0,0,0,0,0,0,0,0,0,0,0,0,0,0,0,0,0,0,0,0,0,0,0,0,0,0,0,0,0,0,0,0,0,0,0,0,0
"AGCAATACGAATGGAGCATG",1,4,17,10,19,15,9,13,5538,5,8,11,18809,2,10,7,1,4,2420,2535,4,4,13,9,8,13,8,8,15006,2,13,8,9,14060,1878,12553,12,6734,2153,10,5,9,5,5,1,4,25126,26466,6,3,5,16,19,10102,5530,12,3,3,6132,3087,7,6,9,6,2,9,7,10166,6,2,17125,11409,12,20,9184,3229,9,5994,13,30411,6,10,6,7,1,1,123,54,5,2,5,3646,5,2163,1896,15,4148,12,3,2,15,1515,13,4,8924,3346,10427,3944,7559,84,10,9,0,2,6,908,8,1,5,600,9708,8,4038,3269,6,13,0,2,3244,988,8,98,10,15763,9217,5740,2117,3355,8,10,2,2,5,4,2,1726,836,10154,9639,4071,1492,5,4,10,10,11,7975,6,6334,8,0,6,9752,7,14,5,7,189,17311,1397,7375,3104,7,12,4,5,24570,9,10,4,3593,9648,6419,6580,3868,13623,1882,5944,5,5,7,8,13070,3,6,3364,5163,7,9,4402,5976,9402,6583,6523,4514,1619,11,10,3,1692,13950,6,6036,1212,5600,7,14,9,2168,2,2464,0,4,7,4,7,5,8,1,3,1,5,10777,2,3729,12,21965,9,12,5,4285,9034,7625,10377,8,15,14,7,8500,8,3089,8,13,3,11088,18679,27,4841,16,14,7003,6659,6920,14934,8919,13086,22,12,0,6,12,79,7026,2,5615,9053,12,14778,12753,7,1909,4959,17,11,2387,8,6,8,10,3,2461,12,6,6,11,7,2578,4037,8,8,15,3126,7,11420,6722,775,2,2,8,4,11,11,3,7,7,5,11,14,11834,9,1,2,14481,11,10604,9,5,8,8,6,6,1864,5,1031,14,10,5,3108,7237,8,4208,13,13,8,203,4108,7,7,2,1,7,8181,8,2,5,4,1104,4,3,3483,8,1,4,6,1,2,5,4,9,0,4,6,3,4,5,8,6,191
"ACATTACTCCGCTCCCGTTC",2,2,0,1,3,5,0,0,3381,1,0,1,4,0,0,0,0,1,0,3,1,3,1,0,2,1,1,0,757,2,1,3,0,4,0,1,2,1951,2,4,0,7,1,1,1,0,0,0,2,1,0,4,5,1,2,3,2,2,850,5350,3,0,4,0,0,1,1,1,2,1,1,0,2,0,0,0,0,0,0,0,1,0,2,1,1,1,0,0,3,0,3,0,6245,0,0,3,675,0,1,1,8490,4,2,1,5822,0,4,0,3,3,1,0,0,0,1421,1627,3,1,2,2,2,0,1,737,0,0,0,0,10,1,0,1,3,1,146,0,0,2,0,0,1,0,1,2,2,0,0,0,2,0,1363,6631,2,3,2,2,2,1,3067,3,4,3,0,1,3,4904,14634,1,3,1454,1653,0,0,0,1,1,0,3,2,1,1,3,1,0,1,3841,0,981,2,1,1,1,4,1,45,3,3,1,2403,609,94,3,2597,0,1719,0,1,0,0,1,2,2,2,2,1,6,6,2,4022,1,2,1,0,1,4,6,0,0,0,0,1,2,0,0,4,2,3,0,1,3,0,0,1176,1,0,1,0,1,2807,1,0,0,0,0,2307,0,2,0,0,0,0,1,0,0,1,689,2,1,1,2,1,3,3,1,5,21078,7137,4,1,3,0,3441,1,5,1,1,2,1,1,1,1,1,2,2,0,1,2348,721,0,0,0,937,1,0,0,0,1,1,1,2,0,0,2,2,3,4,1,2,4,1,7720,3,10559,2,0,1,1,0,2,0,0,317,3,0,88,10,4,2,713,0,1,0,1,3,8,4,0,0,0,1,0,8235,2,2,2,2,1,2,0,0,18718,2,0,0,1,1,2,1,2,1,0,0,2,1,1314,3,1,1
"CAGTATGCCTCTGTATAGGT",0,0,5,2,3,0,1,2,0,1,5663,0,3,2,4,2,0,1,2354,0,5,0,2,2,0,4,3,11376,2615,2,1,1,7575,4,1239,1,5,2,6,12,3,2,0,2,0,1,0,3,10752,0,1,1,1,0,2,2,1,0,2125,8,1,3,1,0,0,0,0,2,5474,0,1,3,0,0,2,2,0,849,2,7,0,3,1,1,0,0,5,1,5,0,0,2,2,1,7,6,1867,2,1,0,0,0,5,0,0,4,0,0,2,3136,6,2,0,1,134,843,4,1,1,3,2,1226,3,1,0,2,0,0,0,600,4,0,0,2,1,121,0,4,1,1,0,0,0,0,6,1770,0,9276,6043,1,7,6222,3,1,3,3,1,3786,3175,5,5,0,2,2,23751,2,1,2,3,5,3345,0,1,2,0,0,1,0,3,1,532,2680,2,2,1,4027,2,1533,0,0,0,0,1,1,1,0,1,2,0,1351,1,1,3,8,1,625,9,8,2,3,10,3,11,5,14,9,12,11,7,6,7,9,6,92978,2118,14,1,1,1,0,0,0,5,0,3,2,0,0,0,0,0,1,1843,7,0,2,1,1,0,1,1206,0,7,1,5233,4,6,3,2,0,2,4,2150,9,2,4316,0,0,0,0,1,0,4,0,1,1,3,1,0,1,0,0,0,4,1,1,6,1,1,1,6292,3434,1,6,0,0,0,1573,5,2,1,1941,0,1,2,0,2,1,4,0,0,0,0,1,11,1,0,1,7,8,7,11,9,0,2,1,5,1,2,2,2,297,0,1389,19289,0,0,1,1105,4,1,2,5,2,3,0,3,0,2,0,2,0,5664,1,2,2,1,0,1,0,9216,2,2,1,0,0,0,0,1,0,0,1,0,0,1,0,2,0
"ACGTGCTTGGATGGTCCGTT",0,0,2,3,3,5,0,2,2,1,0,2,21065,4,2,0,0,0,2,3085,3,0,0,0,0,1,1,2,1500,0,237,4,1,1,533,4674,0,546,0,1,0,1,1,0,0,0,1,0,2,0,3,14617,3,5,1,2,2,2,1580,2,5,3,0,0,0,0,1,0,3,0,2,0,4407,3,0,0,0,0,2,1,0,0,0,1,0,0,1,154,5,0,1,1132,671,1872,78,2,13375,0,0,1,0,1,5,0,0,0,0,1,4,3135,0,1,0,0,0,1,2,1,407,2418,570,2,2,2,2,1,0,0,0,0,4,2,4,2953,1223,1361,2,3634,3,1,0,1,0,0,1,0,3820,3,369,3,97,1,1,4,1,3,0,1806,2430,1,0,1,1,2,1,0,0,0,120,482,8744,0,0,0,0,0,1,1,2,0,2,0,1,19,1065,5,1,3024,1,0,1,0,2,2,0,0,1296,2,821,6151,1564,0,0,3,2310,5,1,0,0,1,1,1,0,1,0,0,0,3,1,0,0,204,0,0,2,1,2,0,0,0,1,3,2,1,3,6,5,19035,1,1986,4,0,7533,3,5,4,3,0,0,0,756,0,3732,0,2510,1228,1,4,2,1,1393,1141,2,10942,3,4263,3,3,1,2,1,3,3,2,0,0,387,3,1,1,0,955,0,0,126,1,0,5,3,2,2856,3,0,0,0,1,2,788,1,1,0,388,1,1158,2,1041,0,2,1,3,0,6100,1,0,0,3312,3,6950,0,0,1,0,1227,2,5,5,0,3,1,2,2,914,1,560,2,1,0,0,334,0,0,2,914,0,1,0,0,0,1,0,2,0,3,0,0,0,0,0,0,2,3,0,4,1,0,1,1,1,1786,1,0,1,0,1,2444,2,3,0
"TAATCCCAACCGTTTGTCTT",0,0,0,0,0,0,0,0,0,0,0,0,0,0,0,0,0,0,0,0,0,0,0,0,0,0,0,0,0,0,0,0,0,0,803,0,0,0,0,0,0,2,0,0,0,0,0,0,0,0,0,0,0,0,0,0,0,0,0,0,0,0,0,0,0,0,0,0,0,0,0,0,0,0,0,0,0,0,0,0,0,0,0,0,0,0,0,0,0,0,0,0,0,0,0,0,10,0,0,0,0,0,0,0,0,0,0,0,0,0,0,0,0,0,0,0,0,0,0,0,0,0,0,0,0,0,0,0,0,0,0,0,0,0,0,0,0,0,0,0,0,0,0,0,0,0,0,0,0,0,0,0,0,0,0,0,0,0,0,0,0,0,0,0,0,0,0,0,0,0,98,0,0,0,0,0,0,0,0,0,0,0,0,0,0,0,0,0,0,0,0,0,0,0,0,0,0,0,0,0,0,0,0,0,0,0,0,0,0,0,0,0,0,0,0,0,0,0,0,0,0,0,0,0,0,0,0,0,0,0,0,0,0,0,0,0,0,0,0,0,0,0,14,0,0,0,0,0,0,0,0,0,0,0,0,0,0,0,0,0,0,0,0,0,0,0,0,0,0,0,0,0,0,0,0,0,0,0,0,0,0,0,0,0,0,0,0,0,0,0,0,0,0,0,0,0,0,0,0,0,0,0,0,0,0,0,0,0,0,0,0,0,0,0,0,0,0,0,0,0,0,0,0,0,0,0,0,0,0,0,0,0,0,0,0,0,0,0,140,0,0,0,0,0,0,0,0,0,0,0,0,0,0,0,0,0,0,0,0,0,0,0,0,0,0,0,0,0,0,0,0,0,0,0,0,0,0,0
"TGGATCTTAGGACGCAACAT",1,2,3,11,11,9,4,4,2,2,1,5,5,2,7,1,0,3492,1467,165,5,3,3,2,2,4,3,3,3352,3,4975,5,13,5,2740,10,3,2143,1914,4,4,9,2,1,1,1,4,1,1,2,25,26662,8229,28,1936,28,10098,17,3052,3443,21,31,2335,0,0,0,2,2,2,1,11,4,9,7,11,9977,9111,8,9,12,3,7,1,2,0,3,6,78,3,2,2133,4,8091,5124,3037,8204,10063,4,1,10728,6,0,6,3,4282,3706,2770,3,9490,9008,7,2,0,4,5,2,2,5,7132,2578,4,2378,8,1527,4,2,2,1,10,5,24982,89,9310,2,3322,1880,106,6091,5,6,0,4,1640,3,5,3,3574,9443,2,7,7,4028,2,7,3,13,5,3,2219,8,6,12,34,127658,6,410,3,6,17736,1818,8875,6621,6,2,0,1,3,22,2612,0,12,2625,1,3144,6850,1133,5471,5104,1,8,2,4,1,2,4,3339,1980,3,6,3197,5,1967,5,3,5,7,8,5,1,8,1081,4,3682,7,9,12,11,7,4770,8021,9,6,7,55009,4111,8,2,0,1,2,3,5,3,1,0,4,6343,10,9,9,2,5,4600,7,4,5,8,3,2524,4,3407,6,5,4,3783,8,0,12,10,8,7013,10,2705,4,4123,17145,4,5,2,2,6,7,4,4,8,13,11,13283,22373,4,9,3,13,9,1336,9,5,3,5,25,20140,3463,2,5,4,1,5,1611,14096,4,6,2539,10834,545,2,1503,5,5,6,12,145,0,4,3,8,0,3,13,11,5,5,7,19,24763,5080,2,6,3,6,22,8,2095,6,3,17050,7,7,11485,835,5,4,10742,6394,8476,13,8,2,1,0,1,1,137,205,3,7,814,0,2,4,6,3,1,5,2,1,2,2,3373,3,3,2,1,0,2,3,1,4,1
"CTTTGTGCACCCTTATAGTA",0,0,0,1,1,0,1,1,0,0,1,1,9726,0,0,3,0,0,0,0,0,0,0,0,0,0,0,1,0,0,0,0,0,0,0,0,0,0,1,0,0,0,2,1,0,0,0,18844,2,0,1,0,0,0,0,0,0,0,0,0,0,0,0,0,0,0,0,1,1,0,0,0,0,0,0,0,0,0,0,0,0,0,0,0,0,0,0,2,0,0,0,0,0,0,0,0,296,3,0,0,0,0,2,0,0,213,0,0,3,0,0,3,0,0,0,0,1,0,0,0,0,0,2,0,0,3,0,0,0,0,0,0,0,0,0,0,1,0,0,4,0,0,0,0,2,0,0,0,0,0,1,0,0,0,2,0,0,0,0,0,0,0,0,0,0,3,0,0,0,0,443,0,0,2,0,0,0,0,0,0,3,1,4,2,0,1,0,378,0,0,0,0,1,0,0,0,0,0,0,0,0,0,0,0,0,0,0,5,0,0,0,0,0,0,0,0,0,0,0,0,0,0,0,0,0,0,0,3,0,0,0,0,1,0,0,0,0,0,0,0,0,0,121,0,0,0,0,1,0,0,0,0,0,0,1370,1,1,2,0,0,2,0,4557,0,0,1,0,3,0,0,0,0,1,0,0,0,0,0,0,0,0,0,0,0,1007,0,0,0,0,0,0,0,0,0,0,0,0,0,0,0,0,0,0,0,0,0,0,0,2,0,0,0,0,0,0,0,0,0,0,1,0,0,0,0,0,1,0,0,0,0,0,0,0,0,0,0,1,0,0,4,2,0,0,0,0,0,0,1,0,0,0,0,1,0,0,0,0,0,0,0,0,0,0,0,0,0,0,0,1,0,0,3,0,0,0,0,1,0
"GATCGTGCTAGATTGACCTA",0,0,0,0,2,3,0,0,0,0,0,0,0,0,0,0,0,0,1944,0,0,0,0,0,0,0,0,0,0,0,0,3741,0,0,935,0,1,0,1,0,0,0,1,0,0,0,1,0,1,0,0,2,1,0,0,0,1,0,200,0,0,0,0,0,0,0,0,0,0,0,1,1,0,1,1,0,0,0,0,0,0,1,0,0,0,0,1,1,0,0,0,0,0,0,0,1,203,0,0,0,1,0,0,0,0,0,0,0,0,0,1,0,0,0,0,1,0,0,0,0,0,0,0,0,0,1,0,0,0,0,0,0,0,0,0,0,0,0,0,0,0,0,0,0,0,0,0,0,0,0,0,0,0,1,3,1,0,0,1,0,0,0,2801,0,0,0,0,1,0,0,675,1,1,1,0,0,0,0,0,0,0,1339,1,1,2,2,903,334,0,0,0,0,0,1,0,0,0,0,0,437,0,0,0,1,0,0,0,0,0,0,1,0,0,0,0,3,0,0,0,1,0,0,0,0,1805,0,0,1,0,0,1,0,0,2,1,5,1,4,2,1,1,1,285,5,3,2,0,0,0,0,0,0,0,0,114,0,0,0,2,0,0,0,0,0,2,0,2,0,0,0,1,0,0,0,2,9965,1,3,1923,1,1,6,1,2,0,2,0,1,0,0,3167,18,2,6,1,0,0,0,0,0,0,204,0,0,0,1,1,1,0,0,0,0,4,0,0,0,2,1,0,1,0,1,0,3,0,14951,1,0,0,0,0,183,3,0,0,0,0,1,147,1,0,0,0,0,3,3,1,0,0,0,0,0,0,0,1,0,0,1,0,0,0,0,0,1,0,0,2,0,0,0,0,0,0,0,0,0,0,0
"TACCGCTTATTATTACGTGG",9,18,21,23,42,30,21,14,11686,14,15,10,14,8,14,8,10,16,17,1986,11,13,20,20,13,15,73905,16,31549,23,2587,30,41,13228,20665,25,13766,10733,25,28352,26,649,14,11,4,13,16,20,21318,13,30349,24,44,16942,17426,5997,8393,23,28568,17121,24,23,13,13,17246,7,6,7,14,14,15040,9682,21,11552,17,3186,16061,8873,21,10,10122,12,7,12,6,14,41,112,12,24,8824,3359,61849,2488,2673,35,19549,23,10,7,14,3080,18388,13,5766,247,27856,7964,11428,8649,20,11,3,10,980,541,19,11,8298,21413,11799,22271,5518,14614,22,15,10,6304,7403,16,61259,51,20,17401,19411,3787,8023,9696,11,15,10,10,3863,49,20,1743,5214,21183,3568,10562,24106,16093,20,10,13,18,14897,13,12501,20,7172,20,2553,21147,23964,13769,32199,26896,26,10116,12125,33,21,11,11,11,14,27,2339,61,19818,15187,8835,15476,6084,9544,14398,24160,10935,17,25,18,21,21,20,11116,13458,18127,8128,18944,25,5685,28775,17605,22170,20511,15,25,11,7067,5598,15,5184,7,7452,29,41,32,2551,11903,29,10992,28,23,15,15397,17,12,18813,11,16,22587,18,47,3073,15,22509,21,16,17,19319,11680,27499,10103,17,29,29,18,5785,13,12758,18,16,19,6407,14853,19002,4725,15,24,15699,16,26116,8037,19,15665,16,17,11,9,17695,14221,17,13,25,25,7769,25,22749,22,18,21133,155,15599,14042,32194,10,14,10,18,9,16,14,12,8,16,26,14389,20,4947,7,6017,18,6881,44,7733,23,11,8,12,19,14,13,13,30626,13633,17,8697,12062,58372,24,18094,14615,24,10634,15,19,13,15,19,12,1849,27,10,13,14,19506,8442,28033,11151,16,22526,6377,18027,11659,18474,11,8,9,10,16680,6592,11,5,7,11,458,3,7,9,16,8,5,4,2,3,4,6,9,0,11,9,4,5,7,15,13,3
"CTTCGCAAGATGAGTCTGAG",31,48,31,66,99,44,0,4,0,0,3,0,4,0,500,2,0,1,1,0,8,0,1,0,0,0,0,3,6,0,4,1,1,1,0,1,0,1,3,0,2,1,0,1,0,1,0,0,3,0,1,0,2,5742,1,0,0,0,910,2,2,1,0,0,0,1,0,1,7,0,3,0,1,3,9182,1,1,36,0,2,3,2,984,0,0,1,0,0,7,0,0,0,0,0,2,1,1098,16785,0,3,2,1,9,0,0,0,2467,56,1,1,1,3,0,1,1,0,8,8,0,0,6287,0,2,1,0,2,0,0,0,0,5,0,0,0,0,0,1,0,0,1,0,1,1,0,10,0,1,0,0,0,0,0,0,816,1,1,1,4071,1,0,2,0,1,0,0,4861,1,0,1,0,680,1,0,0,0,0,3,0,3,0,2,4,4,0,0,0,2,5,0,1,0,0,9,1,2,3,1,1,0,0,1,0,4060,2,1,2,0,3,0,0,1,0,6,0,0,0,1,0,0,0,0,0,0,0,0,0,0,3,0,0,0,0,6,0,1,0,0,1,1,0,0,0,316,0,0,0,1,2,1,1,3,1,8,1,689,1,0,0,2,0,0,0,1,2,0,2869,0,3,0,1,2,0,6,0,1,0,0,0,0,0,0,0,0,0,0,0,0,1,1,0,4551,1,0,2,2,0,1754,0,0,3,1,1,0,4,1,0,2,2,1,2,2,7,2,8,0,0,0,1,0,1,0,0,0,0,1,0,0,0,1,0,1,15,0,0,1,0,0,0,244,0,0,0,0,0,0,0,0,1,1,2,1,0,9,0,1,2,0,3,2,0,6,0,6,7,1,3,6,1,62432,2,0,1,0,0,0,0,5,0
"TCGCTGAAGTCCTGGGATCA",155,182,200,227,291,168,2,3,0,5,3,1,2,141,3,6,2,0,3389,3690,3,0,3,5,2,3,5,6,2031,5,3,4,10,13,1926,5,18680,6,11,6,11,17,4,4,1,1,3,2,1,4,7,2,4,7,1506,1,2,5,2939,3193,1,6,1,3,0,2,3,5,15030,0,4,2,5,6004,7,2,2,0,3,5,6,9,278,4,0,339,2068,3,4,1640,0,690,2990,2,10,31090,4181,0,0,0,3,2,4,1,9259,4,2548,4,6864,5,4,4,0,1,494,1,1,0,2681,2,3656,6992,2015,8,4,1,0,3,3,1918,3,4,2810,2,7835,4,6424,8,1,1,1,8,3869,72,3,1,6656,4893,11,9,7039,3216,1,6,1,2,5,1632,1770,38,8,5,0,2,13,19719,9,5,9,2156,4316,3,1,4,1,4133,4,4,1,0,4790,4,6589,3257,9,6,3515,3166,0,4,7,2902,2,4,7,5619,5223,8,2,2170,6,4,2404,2148,6,10,3,1,1,2,1,1,1,1,982,4,5,10,5,41,2356,3317,3,2,9797,4,4,4,0,1,3,7,5,2,3,8,11,22842,4,4,3,4407,2376,5,5,9,2,2,2774,7,3,1,1,3,2093,5,6607,5,6,4,2,6,265,5,4140,7398,4,5,0,1,0,1,3,1115,2,3,7103,12821,5,8,3,5,2,4,2260,3,1,4,4,39,7384,6,4,8,2,3,4631,2157,21862,5,4,1537,9,3073,6528,2139,0,5,6,1,222,5234,1,5,3,6,8,2,5611,5,2,7,6,7,4134,13625,716,3,2,59,4,758,4,1044,5,2,3,9,1114,4,569,2,8202,4,6,2,2,1,0,2,3,3,1,0,0,1,2,2,3,0,2536,119,0,2,0,3,3,0,3,124,3,1,0,234,1597,2,1,2
"CCAAGTACTAATGGTCGGAT",4725,8668,6427,18725,19373,13870,245,66897,146139,6259,258,260538,84990,3230,10323,8959,118,11083,9432,7244,118177,1479,8111,4662,330,6479,31340,28594,235145,165,91724,150004,103339,76893,211677,160416,78781,182296,45364,29956,107647,145319,181,11656,21744,43148,158,108382,16422,417,305106,149687,44020,108387,168430,35680,169192,3602,277972,158221,120593,48033,6026,171,42334,134,190,4739,144516,3919,136433,176987,122322,281660,42666,64224,97198,192794,122102,102417,104310,79292,22143,24791,3939,12062,5442,6937,12917,4538,69852,94757,285625,125096,113033,39971,196336,18248,131,49665,70847,65258,80542,152,128333,113566,194277,77616,140154,185823,10529,6652,50379,9480,3704,15958,40821,365,127422,143979,168430,125842,113960,153128,16913,50025,8797,17589,125387,9545,95295,1585,121922,185947,215341,95454,148574,163160,51155,6543,136,58980,77259,474,72215,21310,104649,241853,266357,132599,133080,122225,6821,2139,252,5080,182215,27483,175078,290,125640,74807,71961,39852,53902,33469,96041,138727,134394,173116,130825,120741,8255,22849,104,14058,142550,543,3480,2796,110691,134398,203158,140354,71483,165981,129715,193541,4641,22727,18335,15953,55239,191,198000,270861,119206,187142,116758,198657,122445,98641,104812,101628,118745,218411,14042,22390,110,80701,108754,80203,64974,22987,149311,78756,121967,73202,121694,64024,99605,115589,338,51286,21881,348,6685,216,127494,8149,72437,55447,26001,3390,140840,80393,117894,169994,107203,86112,423410,105338,243563,116323,27473,402,14274,245,213822,16670,144429,41773,73647,3775,135399,282269,165694,127313,83365,46566,90097,97852,131384,149862,186973,185091,258,14909,115,35462,51787,65570,61742,410,117025,104521,161143,155384,286050,37149,157651,487888,88457,100552,267744,149155,17568,11356,202,8235,42587,22609,259,827,68042,112399,54841,170503,163024,39732,239769,122242,10636,156356,127270,104443,3209,4002,237,10654,4676,54986,258,177,31865,74139,30860,115451,222006,150159,147028,113493,115465,70801,13867,14443,18952,4632,219,4485,963,27028,6981,19326,111191,121228,122408,126571,302656,114977,86210,103445,105102,133165,74129,140818,6660,38712,21558,125,32774,128645,122575,124,127,1859,399,2088,75645,124,37839,658,20608,19737,50,84,8168,22877,97144,1610,109,116,92,71776,3986,300,58770,633
"CCTGCTATCTTATACCTCGG",1796,3292,2079,7550,6978,4951,10,4,5,1439,25,28817,18293,1092,10022,1513,0,4646,203,4598,16,374,3657,666,6,480,12,7,6269,11,12,22,16,27076,3255,5,8,5186,7,15,11,10,4,5598,1,11,12,8,9,46,21,23,24980,13838,792,8,12,16,4985,3790,15,22,3570,5832,3,12,10,9,16,2815,5,3,14172,6,1185,4,12,2302,6,6,7,8,16196,17436,2024,5689,1467,72,6104,2221,4,5477,14,0,3243,12,8911,7,5,21474,12705,18,11203,5,13,3700,10983,638,4870,4458,14917,6064,0,19,183,262,14,46,3948,4136,2901,19,72,4,6,5,0,2749,7039,14,8,336,2643,21,6145,3756,1894,10,8,5,1,25,2089,23,6380,4788,13,17,3669,24,1315,66,5583,3643,8,3910,5,5527,2505,12,6,21763,2095,13,7,9924,11,4776,8,3916,12104,6346,3778,6,1,1772,12,13,10,1215,5,10190,2635,10,3527,16,798,4962,1,20,9,2949,12,7,8,0,2451,6,5,3625,3502,5150,7,2205,1210,2121,11,1997,5,8134,25521,19,14,5552,3762,12,14,10,3912,1733,5,3281,1,12,13633,12,5131,10716,2,5943,13,12,26684,688,8938,14,16,8,11,5,8203,4758,4601,8,9,12,13297,11,3,5157,1781,16,19,1341,9849,23,14,5145,15,4432,12,1982,4138,11119,1946,18458,12,7,5,72266,10,21,6376,11,12,20386,19801,6610,12563,8,9,12,3354,10,391,7587,2810,901,12,3775,8793,9794,6,160,5,4,11,1706,7,6,5,5108,3,6098,8,717,9,1775,8,5334,74,3267,10,12,6,6,12,5,10,4,7,2410,9,11,12812,3,5789,2320,14,3718,1658,446,7,3797,6605,8227,15,13,873,4,17403,15,7851,16,7,2308,3845,13,6,21,16299,15102,7,13,5,834,3,548,11,7,14,422,8,6,3,19,9,23962,17,433,11,5,1,22,8,13,19,64
"CTCATCAGTGCACTATCCGC",16674,23002,16321,22626,24423,14572,44,60,19,13781,32,58670,57827,14274,15075,13125,19,4732,14219,12581,56,5712,7492,26778,14,4773,41,13627,17824,128,29216,553,21365,37826,20806,8455,31,5475,10625,38,51,14094,25,7041,12281,24912,47811,905,47,3505,66,13332,41960,63,6302,5835,47258,91529,13283,12502,33,28948,7001,11677,16,36,32,44707,16992,22485,38197,41,20197,11803,35,18613,27,6719,38,25,35947,23964,27690,33785,31238,40824,20633,72397,25042,32160,6615,9668,27372,24323,9609,7876,24776,37,22,19693,0,11650,79,46,9106,2714,12344,5775,190,76,19035,35,17,8476,6964,2419,12736,1635,2784,7916,21373,2423,17037,20124,28565,38,14,4715,30346,39316,64,8841,3872,8638,3292,1377,17788,11609,42,21612,19,27,4043,36,27571,4701,2481,8125,3659,8365,7821,8835,11775,4132,35,6043,29,19255,8278,429,7313,21344,25006,5231,44,28419,15342,8673,16515,19988,43531,9858,10502,31,16,17089,14345,215,64,14097,7111,6464,10253,13066,16149,19896,6624,15747,16,34,33,10546,61,41,51,20334,17930,10239,3254,12775,5271,2558,6582,4528,4977,20673,17081,18772,49,13059,14933,4090,15247,19742,3862,28,26,23,4404,0,15208,23637,22,19,56743,44,8773,12521,21,6290,24446,21,6983,9541,21451,36414,62,46638,46,13829,4033,8870,18667,11454,6576,71,7414,6830,7381,4431,10957,25319,67196,18716,33347,43437,5477,19931,48,6319,20593,12203,23167,41,4567,71022,45,36,13,33,39,0,31110,964,24679,38,6670,37880,7771,25,24,29,15074,28,2945,8027,516,4114,47,14562,28282,8360,17876,4016,18,37,2466,8941,39,6898,22,20200,21575,25244,41,9439,21,9840,109,12203,30,6527,35,28,30,40799,82,7116,33,26,9948,47,22,24644,20073,42720,16584,12030,44,14509,32,11377,24,17839,15632,24,48,15123,4795,47,14782,42642,18566,17522,2032,12845,5046,38,16,94,35,32012,42262,317,23,12053,14,32,31,36,36592,10020,15696,7006,12,31,11079,22852,31270,11970,10090,50,17,32,31,51,61268,1505
"AACTCTTTGCACGCTCGTCC",6962,10901,6752,14687,14079,9907,200,94233,139580,12164,183,231,78313,5922,30111,50945,68,6306,14826,20167,20677,3126,9679,27668,1173,10391,67265,10935,185424,140,48889,84248,70614,68585,113709,133910,54982,151041,49250,146098,36554,12959,89,17336,23951,84,123,32241,51107,793,65583,49797,46164,117348,82805,49992,84916,126536,140895,77125,38474,75912,14404,15241,37445,144,153,110787,29997,11009,57675,30278,52568,105761,67276,46529,97276,77683,76737,23802,73438,78269,25601,84994,5350,27964,4755,3362,22534,15094,56760,101615,171940,61431,80201,15934,124865,33463,93,71951,19222,36000,59121,113,101671,70236,128709,51003,92415,129550,25896,35936,88197,15959,2887,25406,30798,875,93722,77040,124394,70692,62622,89873,18986,73930,79,31340,64235,10226,189308,4656,78147,104172,154321,80871,100644,99701,18675,52831,97,25494,57159,1113,97959,11290,68850,179345,144203,72190,80486,88767,12858,12538,13127,9410,111387,13887,106687,349,100236,47461,35343,29908,43649,10142,0,65500,40844,98282,96588,88474,23734,26387,110,26294,53997,1736,11362,5054,85299,48561,51801,87046,70310,63278,74055,111980,156,187,32604,11898,205,136,36490,187457,86944,114811,77341,122848,102954,99167,108809,55167,33707,145179,22849,58942,103,53166,59520,54905,52663,17044,79512,212,105640,216319,80117,103935,89377,102838,261,53587,24738,26843,38117,3428,79616,6096,12095,25088,26991,8516,39829,38933,53408,90530,21135,38973,150012,68259,150448,42513,19059,69153,51930,239,112240,10756,99860,49101,52262,11351,79323,157322,50588,40617,22139,27097,98824,73766,142323,29919,111150,177028,27730,24355,87,98202,34819,57726,51528,283,36045,59849,88078,148895,186832,55560,107121,196926,90737,98164,117013,93112,13643,3775,146,12899,21940,14320,180,1748,189,49554,48389,81029,27174,63660,114602,51591,25352,67548,39459,49296,6934,2568,149,14355,4420,35069,165,118,75845,33410,139600,82986,85899,24380,80095,127038,101319,169,19249,55152,14150,9778,142,8999,4832,33346,185,16101,31366,119760,55491,91023,149829,35571,31865,83456,54004,100771,78849,84842,22730,133,20869,117,67133,32079,62251,172,2986,56021,58,2411,111,101,12247,2620,15650,9245,43,85,19803,23103,61810,4540,99,104,79,48647,4222,212,60807,1029
"TTCTCTTCCCACTGGTTTCT",1203,2164,1503,5056,4734,3122,29,114946,3,3333,10,6,9,707,2433,2296,1,2504,1879,1164,2,610,1951,495,1,1105,16,27,1799,6,2537,5,3,2,4249,4339,0,3179,2,3,0,3,3,2,2,4,9,12,3,19,9,10,10,5579,816,11,3,3,1304,4555,3,9,9777,9393,3,6,14,20,4,131,6,6,0,2,6,1669,1,1,1,1,1,4,5493,5,1244,2596,117,44,4082,748,52,5,3291,2,10,2,2298,23,3,4,5,5,4,2,5,4,7,1830,21,9,21201,23,4,1552,83,4,7,33,4,5,3678,8,4046,3,9741,20,3,5,2997,2,11639,326,3,2,5945,3,13,6,11,8016,1,1,4,12,8,2,21,23,10,13,2835,3,2843,3132,4,2284,2,4374,2063,12,2,20301,2786,8,3,0,9,3,4,2674,3027,5,4515,21,1,5,6,2,6,944,207,5221,7053,586,24,17,16,1511,3,15414,2,2,3,2,4,3,6,1,4,528,3306,4,3,0,3,4598,3588,14,1,3069,4131,5,6,7137,3,10,3,6,7,9,2,3074,10,10,1965,10,298,22,1,3,2,0,6,850,11973,14,20,14,31775,10,9,7632,1754,15,15,62474,2311,14911,0,8,15,8,11,380,2649,6,12,7,6,0,5,3,8,8,2,2106,48716,14,5,8,3,3,7,6,3,10626,5,2,5948,3,2,1,6646,3,5,8,2736,281,5,3961,335,3413,6,113,4,1,6,5,3,0,4,2609,1,4709,4,1,27853,17,9,3584,8,7,12,6,2,11,17,17,6,1,7,5,3,72,14451,5,4834,622,2,1977,3,96,5,2,5911,7,1,3,118,6,4454,7,19033,6,7,2,1679,14,3982,4,7501,3,3,3,32256,2669,1,2,8,5,7,135,14,50982,2,4,15,7,12,307,15,19,2,6,2,2,5,3
"TTAGCCGACATACACAGAAA",1960,2994,2897,3225,3429,2934,8,14,4,10,8,12,11,1399,4124,4998,2,6,3317,101,9,203,7836,623,0,7,8,19,12197,10,5460,14549,22128,13,5046,13,12,4074,2659,11,12,21,4,19,0,7,6,42159,7,31,15173,46,19,20990,5031,16,22915,92321,11387,4938,25,35,6,9,1,9,8,11384,5,438,10,9,13,4094,20531,13504,8,2796,12,11,5756,13,3337,8,0,3928,917,424,4782,2606,3761,7995,9932,1254,10121,10,9570,25,3,23508,11,5060,14,8,514,11,28,1981,25,29,5,22,4,10,1182,3891,8,92,11740,5256,3906,23,5948,7105,6,12,0,6191,6864,12,10533,385,21,12,15541,3811,3787,6346,7,14,2,13,4,9,12003,5,2586,3900,3721,2864,2473,16194,1023,946,14,1671,4810,82,6617,14,15781,20,29,18,19734,9987,11,16,18,9269,14633,23,7,19,1,2429,6739,14,13,2146,2801,2487,13400,16231,25510,16,1841,7766,4,8360,9,14,15,9,2722,15,2658,5158,4256,10692,7063,13,2667,2977,6036,567,10,4491,0,3257,2638,4,3,3892,7437,18,15,6,2308,8063,8832,7397,16,9,17142,24,5,13,1,7,10,10,9,479,21,12392,24,17,35222,14,18,23626,12062,14,18,28,7,13,1710,2352,517,13,12,7,8000,19103,5739,4795,25,11,15491,13753,4898,12,1147,22201,14,27,1,12,8,31356,3864,6,25945,9475,7323,18,6607,13,18,22,3472,12,4503,17306,3,16,10,2439,12246,3555,13,75,9,20763,15,8259,8,12,7,4306,9,5884,11,3576,10,5,7,1710,462,11,11,9,14,13968,19,18,13,7,16,7,10180,14,8899,19,3694,11,16,1840,1797,4155,12,3278,13,13893,20,5734,4162,21460,13,13,2781,8,2884,9316,2,7,3,12,5,7771,7,27,5,8,2,5,3,10,6,203,1,9,1,6,3,8,4,324,2,10,3,8,6,9,12,7
"CGTCTAGAATTGCTTGGAAC",3,7,7,42,65,25,3,1,0,1,1,0,2,0,0,2,0,2,7,3,2,0,8,0,1,0,1,2,5160,0,2,0,2,3,1,1,0,0,2,1,1,1,2,0,0,0,2,0,2,0,2,2,2,5404,1,2,0,0,2432,686,3,2,1,0,0,0,1,2,2,0,15752,4,3,10814,5,4,1,4,4,4,2,6,3,1,14,0,0,1,1,0,0,0,0,1,3117,2,1244,3,0,1,2,1,3,0,0,1,0,1,2,1,0,0,0,1,1,0,2,0,1,3,2965,2150,7,4,1,0,0,0,2,0,2,0,1,2,1,2,3,2750,0,2,0,0,1,1,1,0,0,1,2883,2798,1164,2,3,0,1,2,3,3768,1,1,0,2,4,2,3,4874,3,1,0,1359,1399,2,0,0,0,0,2,1,0,0,0,4967,1,2,293,2,1,945,3100,0,1,1,3,0,5,3,7,7,4,766,1,2,4,3,3,13615,0,1,0,1964,5123,0,3,0,3,2,2,1,1,1,0,3206,1,0,0,2,0,3,0,1,0,5078,3,0,2,0,3,2,5,1,4,1,1397,0,2,0,2,1,1,0,3190,1,3,0,2289,0,2,0,0,2,0,0,4012,1,1,2,2,0,1,0,3,1,4119,0,1,0,0,1,1358,0,0,1,0,0,1,0,0,0,1,102,3,2,1,0,1,5,7598,4,2,9806,1,1669,8,2043,2,2,0,3,0,1,3,6105,0,1,2,12540,4,3,0,2,2985,3,0,2,4941,1,1,0,0,1,5,62,0,1,0,0,0,0,1554,0,1,2,0,1,0,249,0,1,1,0,2,0,1,0,0,0,0,1,1,3,7253,0,0,1,0,0,1,2,6,1,0,0,1,0,1,1,0,0
"ATCCTGCTTATCGATCCTTC",1079710,1209924,766005,1141158,1175418,910636,544749,114001,51882,783383,53112,57982,127591,706312,824681,922707,636,625108,238881,172095,118208,537910,746070,839476,725,771912,35677,277368,40740,6397,747665,27222,135528,136716,44991,71416,88956,37022,662541,134114,62015,104767,602,967455,116020,469733,89369,221948,415364,67864,32152,63775,44493,267384,17250,66733,41039,86830,40141,19890,116352,316169,434452,462234,206184,2376,1330,282370,158112,627080,29059,11313,273,39454,47521,26908,29788,12862,102490,23183,47153,24352,917260,958495,401712,1023747,388872,316675,859528,1187356,78899,77100,73832,13868,41749,232426,60913,264975,783,164029,99016,199772,94657,1371,22391,22554,166803,107264,28623,21970,758486,661227,635,490048,45121,146005,101591,71647,6535,28117,55678,35261,304409,40309,737435,640656,60991,662603,95431,85337,12989,468606,16487,22250,22920,21837,44020,10047,71221,372925,431,124634,60902,3056,67586,404089,6790,44807,50628,22382,13633,35627,857111,818917,250762,1167296,96951,113290,65288,45931,43122,54258,76883,114377,100488,98440,140371,32594,71532,50935,82079,26242,395023,515795,628,542641,43702,4680,10963,679526,26616,245406,60222,44640,10978,37758,19280,34715,687,385176,137834,92009,421130,1589,28163,26672,27496,36484,35239,36543,29985,34752,38566,13062,26856,69310,418780,484998,670,436372,98965,156826,27037,929754,23217,114566,120766,68605,11550,139497,32342,17013,793,187243,71305,446606,510091,489011,652,558528,226357,302464,214496,506184,34908,65590,69622,23142,103512,9817,14947,30363,39276,43684,270437,240927,528335,409108,6285,451461,56177,294707,30669,781463,87538,19303,24794,15871,134777,4788,32579,40223,43248,44979,9485,136077,211586,449808,573,93993,82655,119677,138201,173736,31232,51838,57113,77316,134853,584,115882,4916,214749,12409,3711,64716,862702,625223,1089,1137189,92334,171834,380759,423148,103940,43203,227041,27998,38558,68028,82996,45383,119817,42178,82964,19608,608384,672950,8335,1090275,52360,179248,495073,1307,54766,104373,84137,75166,16667,669,91323,6066,27499,99886,143227,64451,972565,798675,781,967881,405170,32535,439852,1014151,41007,136402,90861,61189,9120,66054,99183,106286,112104,51320,96762,24147,446687,426085,25015,3530,99388,135433,109987,19639,610277,806201,5445,331949,1024,44824,38297,445917,738790,741017,6422,1705,321999,372418,18099,547339,508352,358197,830,115263,1192,4019,174386,115200
"TGGTCGTCCGATGAGGTCTG",2526,3412,2500,3714,3627,2639,4,3,1,2,0,1,2,173,2711,3,0,5,4655,0,1,1517,0,1,0,3367,3,1,830,18,1,4,1,2,1736,0,1,1,0,0,1,4,1,0,0,2,3,0,2,375,7,0,3,5,767,2,3,2,3,1,4,2,1,0,3,1,0,1,0,1636,3,6820,6,5843,4,2,2,3,3,1,1,1,3247,1,1,3642,5,477,2627,5689,1952,3415,2934,4,1,1,1672,3,1,2,3,1,4,7,2,1,4,2003,2332,2,12773,2,1,3,3,2,1,242,4,1,0,1,1,3477,4,2,1,2901,1,0,2,2820,5,2,0,2,4,0,0,0,1,0,1,0,2,1,4,5,1,7,2,6,416,0,2,412,0,0,6,5,1,2,6,3,3,1,0,0,2,0,4592,0,2,2,0,0,1,0,2,745,2,1,2,2,0,4,1513,1047,1,4,2,1,3,4,2,2,1,2,2,713,4,1,0,4555,2758,4,3014,1,1,4,3,0,0,6150,4109,4,2,6,4,0,1,0,3,3,4439,2,963,2,1,1,0,0,2,1724,4562,11428,3,2,8,2,3,7,1030,8,5,4,5,1,2,4,1,0,3,8,4251,4,5,5,2,4,1,2,7,5,9,8886,2,1,2,2,1,1,7,1789,4,3,7,13954,11483,5,4,1,6317,4,1,3,2,329,3,2503,2,2,3,848,1,1,2,740,5,1,3,965,6,1,0,0,3,1306,2,1803,1,0,6,2,3,4,4,3,4,0,2,4,7268,2,0,1,1442,4935,4,2387,4,871,2,0,0,4,4,6762,174,3,4,5,8981,6,5,3,1,2,1,15,1,0,0,32,2,1,0,2,1,0,0,540,2,7377,1,1,2,1,3,286,5,3,2,4,3,2939,3,9
"AGTTTCCGTCTCGTTAGGCC",1218,2563,1670,7670,6936,5085,16,14,0,1221,4144,7,9899,859,2939,4867,2,5279,3616,7,37243,148,9,2654,3,16,15,10,7652,7,10,5,3416,20,7009,4088,6,2154,2308,16,13438,14,5,11,1,10232,7,9,7,31,17,61732,29,5629,10179,11414,11,17,3876,2925,18,26,7,5977,1,8,12,7,13,643,10,12,18112,5861,9482,0,6,1877,6,9,6,11127,4223,4435,2,1679,241,17,2630,870,3620,6326,12472,13,3190,12875,11334,13,2,14,4315,1402,20,11,3089,3830,1255,3868,23,8323,7236,15,5,2795,10,238,13,31,1138,2925,5720,2384,1342,12291,9249,13,0,5219,5247,198,23,332,4535,10,1895,3508,2150,7856,10,8,0,17898,16809,6,16,3,4647,3999,6095,2470,1312,6543,3588,3005,10,3983,5,12155,717,13,11,11,10527,14,6,9,6,5091,6,5364,10936,8122,13,10,1,1256,14,9,20,234,4394,5209,24,13,6,16,2784,5701,0,19,13,5,16,8,15679,7774,4597,13087,1539,6599,2000,14,2269,21,2447,22262,3891,19392,0,8713,5200,8,554,17606,939,15,127524,24,3654,1965,4367,10458,17,21,5625,26,6593,6261,2,5870,7,5,12,657,4147,7,27,13263,9,11016,17020,3876,6140,10,6,18,3483,15211,6,26,7742,7794,24,1567,12432,8107,5618,4405,13,12,6833,5845,4987,15,6837,23131,10,25445,2,15,16,8,15088,11,6,9708,3539,12769,10747,4,15,16702,0,10,5144,14,2572,764,11,3398,4411,18136,14,77,15,10,23,3916,12,9564,3,6864,11,5567,23,4441,16,5,10,5696,63,9664,5,11,21,9,7,11,13,18,9971,3522,10,13,11,12,2241,1952,11,888,12,425,17,1130,5873,8260,14,9480,2018,10695,8143,11,9286,13,0,2631,1619,8,2,8,9,3,10,7,13,16,3,300,8,9,23422,254,6,5265,0,13,5088,8,8,126,13,15,1,65918,254,7,50661,90
"TAGAGCGTAGCAGACTGAAG",0,0,1,1,2,0,0,0,0,0,0,0,1,0,0,0,0,0,0,0,5,0,0,0,0,0,0,0,0,0,0,0,0,0,0,0,0,0,1,0,0,0,0,0,0,0,1,0,2,0,0,0,1,1,0,0,0,0,962,0,0,0,0,0,0,0,0,0,0,0,0,0,0,0,0,0,0,0,0,0,0,0,1,0,0,0,0,0,1,0,0,0,0,0,0,0,128,1,0,0,0,2,3,0,0,0,0,0,0,0,0,3,1,3,1,0,14611,0,0,0,0,0,0,0,0,0,0,0,0,1,1,0,0,0,0,0,0,0,0,0,0,0,0,0,0,0,1,0,0,0,0,0,0,3,0,0,0,0,0,0,0,0,0,1,0,0,0,0,0,0,585,0,0,0,0,0,0,0,1,0,0,0,0,0,1,1,0,255,1,0,2,0,1,0,0,0,0,0,2,328,0,0,0,0,1,0,0,0,0,0,0,0,1,0,0,0,0,0,1,0,0,0,0,0,0,0,0,0,0,0,0,0,0,0,3647,0,1,1,2,1,1,1,102,1,0,0,0,0,0,0,1160,0,2,0,2,0,1,0,1,0,0,1,0,0,0,0,0,0,0,0,0,0,0,0,1,0,0,0,0,0,0,0,0,0,0,0,0,1,0,0,0,0,0,0,0,0,0,0,0,0,0,0,0,0,1,0,0,2,0,0,0,0,0,0,0,0,1,0,0,0,0,0,0,2,4855,1,0,2,0,0,0,0,0,0,1,0,0,0,0,0,0,1,1571,0,0,0,0,0,0,0,0,0,1,0,0,0,0,0,0,0,1,0,0,0,0,0,0,0,0,0,0,0,0,0,0,0,1,0
"AAGCGAGTCCCATTACGAAC",3288,5675,4032,8260,8723,6140,26,108106,1054,1913,10616,55203,25711,1170,634,4002,5,8738,6512,276,41591,450,7152,12643,2,3751,25545,6122,11105,25,25358,21183,7176,24,8524,24720,7647,15109,2678,19,18,27,11,15240,4,9871,9,13012,32,362,26,20,23249,8890,9970,5664,17,20,7116,2954,19,26,13833,10,4,15,8,0,7103,2762,32067,20705,36081,35,17387,8053,34026,1593,19642,29,4526,42,9778,18,8204,6193,1956,2064,8286,4234,3775,5867,3264,8866,4156,15327,18043,22,8,22,3763,3112,4826,10,9163,7918,17280,10085,9158,27,13,24,1,13,304,1799,31,138,7610,12324,2907,26,10078,10861,14,19,5,9268,21393,1271,24,1157,2704,4201,5416,8669,5618,13802,20,9060,8,19,24,37,12689,9649,4000,4595,886,5157,2625,1574,4337,11109,20,8617,27,8488,16552,58,13247,20,720,19,27,19496,15136,5235,24,15442,23233,16256,4938,18,9,15119,18,19,37,3762,6641,28,5310,3176,4698,5095,4603,12771,5,7659,16173,4843,27,19,24,3439,8862,20,10265,11283,2580,5054,7029,2157,9444,4462,10,3555,11,4931,4421,15,4622,1315,7313,16,17,15,9847,3799,6547,16,15,14,26450,5508,869,6149,4,1423,22,31,24412,899,9190,28,26192,45627,24,4787,25002,12404,11354,22047,24,43,22,13786,2362,19,8637,84,30,4839,29782,13086,18529,28,22483,3963,20150,29,13339,21427,3730,39888,17,28,2,17,16760,8,6418,204,32,27,24629,32932,47347,25,14920,10855,11725,15432,2659,22370,5263,3733,30,4279,20121,10930,33,628,8140,38538,2336,7426,14164,9459,20,10471,11933,8306,15,5508,9,655,21,3675,19,13,22,18,5851,22,33,21616,24,6,17,3628,18,26371,20087,23,3579,7221,25,3672,538,2273,18,9104,13051,17,38,4426,4098,8670,24074,28,16559,25,5651,13222,3046,20973,11,6,17115,13,31361,26,11361,14,2,18,14,11,43548,373,9,11733,156,9,10,16,21,2168,7,24,3,14,18,93,33,746
"CTAAATTGACCATCAGCACC",333,650,698,1649,1883,1425,4,3,0,0,2,2,5,2,1258,5,0,2953,3,2,6,25,3,1903,0,2,2,5,2176,3,3,4,5,2,2,6,4,4918,5,2,11056,2,1,1,1,0,1,0,2,3,3,2,6,7,693,5,2,11304,3754,3,6,2,3,2,1,1,0,0,3,115,1,1,3,1,2,1,0,815,0,6,0,2,2195,5,1,797,12,1728,952,253,2,3715,4102,1,2,13376,1353,6,0,2,1,6,3,1,1,0,921,3,1762,3,1,5,0,0,2,7,3,0,3,2393,10985,79,2,3,5,7,1,5637,0,4,23017,27,5429,4,4203,2784,1956,2161,2,1,0,1,1,3,5,1,3,20,7065,3,1,0,2294,4,1,141,1906,0,685,5,2,4,2613,0,4,1,1,10,5,1,1523,0,0,5,0,2,1,13,833,51,4760,8,9,6195,0,2,926,2263,1,4,4,1143,0,3,5,6641,0,2112,5,322,0,1,1849,2341,2,2,2,6,0,1953,2,2,6,1300,2032,0,7,1,1,2,2,4,1,1,1,0,4814,3,0,1,3,3,3,123,0,0,5,1,0,0,0,2,2418,0,2,1,0,4,0,0,1079,0,4,0,4641,1,6535,4,2,3,0,1,1206,0,2,0,2,13623,0,2,4,2,0,2,0,5,5,2,0,2,0,1401,8,2,1,0,650,1265,3,470,6036,0,1,11,0,1,3,640,1,0,0,0,0,817,5,714,1,0,1,0,2,1,1,3,0,1,3,2,1,1,2,0,1,3,0,0,1428,476,0,438,0,46,1,7,2,1,1,0,1435,1,0,1,0,0,3,2260,1,6,0,1,4,0,3,0,2,4318,0,454,1,1,3,88,2,3,0,0,1,2,0,1,2,3,0,0,3,1,4,1
"CGATTATACTAATGCGTAGC",45,66,49,532,396,279,0,0,0,0,0,0,0,0,0,0,0,0,0,0,0,4,0,348,0,0,0,0,0,0,0,0,0,1,0,0,0,0,0,0,0,0,0,0,0,0,0,0,0,0,1,1,2,6003,1,1,0,1,613,2,1,2,0,0,0,0,0,0,0,0,0,0,0,1,0,0,0,0,0,0,0,0,375,0,0,10,0,0,16,4,0,0,0,0,0,0,0,0,0,0,0,0,0,0,0,0,0,0,1,2,0,0,0,0,0,0,0,0,0,0,0,0,0,0,0,0,0,0,0,0,0,5,0,0,0,0,0,2,0,0,0,0,0,0,0,0,1,0,0,0,0,0,0,0,0,151,0,1,0,0,0,1,0,2,0,0,0,0,1,0,134,0,0,0,0,0,0,0,0,43,0,0,0,0,1,0,0,127,0,0,0,0,0,0,1,0,0,0,0,243,10,1,0,1,0,0,0,1,0,0,1,0,0,0,0,0,0,2,0,0,0,0,0,0,0,0,0,0,0,0,0,0,1,14,10,0,0,0,0,0,0,0,228,2,0,0,0,0,334,0,0,1,0,0,0,0,0,0,0,0,0,0,0,0,0,0,0,0,0,0,1,0,0,0,0,0,2,1,2,1,0,2,0,7930,1,2,0,0,0,78,0,3214,1,0,0,0,0,0,0,0,0,0,0,0,0,0,0,0,0,153,0,0,1,0,0,0,0,0,0,0,0,0,0,0,0,0,0,0,0,98,0,8,0,0,0,0,1,3789,194,0,0,0,0,2,1,0,0,0,0,0,0,0,0,1,1,0,0,0,0,0,0,2,0,0,0,0,0,0,0,0,0,0,0,0,0,0,0,0
"GACCGAGAGAGTTAGATATG",924,1541,1740,1899,1699,1617,11,7,3,0,1,6,0,50,13,1947,0,2,1,2,1,2,1,4,3,2561,14,6,1407,2,5,4,1,0,4297,0,3,4,5,3,5,9,1,6137,1,2,4,6,1,31,3,2,1,1,859,3,2,2,356,3,2,8,0,0,2,2,15,2,1,0,5,4,1,3,3,3,2,2,0,6,10728,3,0,8712,13582,2099,113,7,2112,966,3,0,0,1,2398,4,1022,11,0,3,1,0,0,1,4,1653,0,1,0,3,0,5,4,1,0,1192,1,0,2788,1,0,0,0,4,9174,4,3,1,2,0,1,140,2,5,2,2,2,3,7,3,1,0,0,1,0,0,8,8,10,14,0,4701,0,771,0,149,0,1,716,21,7,10941,2,3,5,5102,16428,9,4,1418,2652,0,0,4,2,0,0,2,1,0,529,10,1,3,1831,0,11,812,2,0,2,3,3,0,1,1,0,0,0,621,0,0,1,0,1,7,19969,4,5,6,0,1,1,1360,2,1,0,2,3,0,2,0,2,4,4233,1,8,8,1,1,0,2,0,2,4,2,5,2,4,3,4,1,367,2,4,7,21,46137,4,0,2325,6,5,173,1493,0,1,0,0,1,1,0,0,1,3,2421,14,4,0,0,1,2,1,0,1,0,1,0,3,0,1,1,0,0,1,1,1,2,2,1215,456,1303,3,360,3,2,2,0,3,3742,2,3527,5,2192,0,0,0,655,0,0,147,0,1,2,0,5,2,15832,1,1,3,7,2,6,10211,6,6,8,3,238,0,167,3,7,2,7,1,2,398,0,3,7,3044,2,1,4473,0,2,1,1,0,1,2,4,10,3607,1,2,0,1,1,46,10,8,3,0,0,1,1,1485,56384,7,3,0,2,7,3,2
"CAGCTGTACGGCATGTCGCA",1869,2446,2038,2529,2487,1949,176,134,55014,1840,200,117,101083,3574,6041,1376,27,71,2461,15553,42280,722,182,127,65,4053,136724,51442,132034,119,39871,53310,54941,91296,124147,134612,29025,109581,21444,166,109260,45495,113,3841,52770,58,24447,13935,1041,338,146776,25948,38164,109596,69137,65818,127505,230,159842,68816,46495,19009,2084,4601,18980,79,101,13792,43751,2637,52202,124282,201,80909,28692,41587,17819,59333,0,156,54544,99996,166,106,499,2357,4018,9139,1939,2862,69970,62682,148061,84422,99571,39067,140221,129,57,30839,24066,16599,27139,100,91556,42556,140760,60187,91752,89969,1935,112,48,2731,9635,33270,97399,173,60001,64163,111895,73887,57595,111416,10288,9935,38,2017,68163,43085,97703,5352,83377,81276,116992,63016,94143,99849,131,102,101,18616,41292,1131,56427,5248,84927,146517,101720,71385,51955,115473,607,8188,80,358,11872,5057,78334,129,111203,98189,55290,39149,80261,120,49019,48249,33335,58144,87060,44181,146,10010,105,13902,82616,1226,25772,266,54281,29354,66259,98393,100991,102363,72105,119821,758,132,88713,31919,4264,118,103805,117605,98604,92369,46941,113788,103382,92441,73160,43919,63808,69295,128,88,104,35068,84404,67831,91448,84,62105,135,172,77419,65567,27280,38158,69541,157,112,17454,153,1074,87,40501,88,37151,10417,12810,5077,73483,74675,92667,77362,26826,36928,68190,31129,157918,61080,51520,106538,2712,136,40006,8999,84188,27521,128723,755,64006,144926,49785,60073,14484,14751,50295,30637,62498,110380,40638,152202,157,6753,49,120,85845,48420,43099,243,86481,62615,76733,77292,211438,19547,81392,238590,108346,83717,44581,165131,61,459,111,650,11878,142,157,1175,35928,53126,21093,65782,18583,28743,35052,45125,13476,49504,71890,63876,65,129,112,454,5184,9886,173,116,49733,41605,69856,102101,20988,11553,18217,24630,67084,60162,16423,137,70,1699,110,1022,4531,134921,181,6317,14739,83320,79057,73366,53267,72607,34076,58762,23665,78208,113049,83459,94,53,43,45,55361,52992,102,56,79,55,17,55,95,9733,91,99,80,78,21,35,35647,0,81,3543,92,66,36,70,9005,2709,95,686
"GTGAGCGGAACGTAAGCATG",1008,1197,1166,894,1048,767,12,0,0,1,2,0,0,650,1479,2,1,2956,4,1,2,6364,4625,0,1,4,6,1,26,65,5015,1,1,0,0,4,1,0,2643,1,3,3,4,1,1,1,3,0,1,102,0,7,17423,4,787,2,7,3,669,5,4,7,3,1,0,2,7,0,0,2006,0,0,2,1,1,0,0,2,0,0,0,0,487,1,1,1820,8,0,0,768,1048,30,4,1,5,1,2286,0,0,2,0,1,1,6,1,0,4,3625,2688,10,11,0,0,0,2,0,0,1,4,3,3,4482,2,0,8,0,0,1,1,0,0,1,2,2722,1,0,2,2987,3,0,0,1,1,1,0,3,7,5321,10,13,0,3326,0,2,1,200,0,2,512,29,1,4,3,21042,3,0,0,4,0,6,2317,2891,7,1,0,0,2,4,2,922,0,0,1,1,5,10,437,624,0,1,2,0,1,2,5,3,3798,5315,2,1109,3,4674,3,2283,4,4,9,0,38,2,2,0,0,2,2,0,2,1,0,0,0,0,2,0,0,3,7,0,0,1,1,0,0,1,3,2,10864,3,1,4,3,2,1161,3,3,8,11,0,0,2,1676,4,2,7,6339,2,4,6,0,3,1,6443,3,3,2,5872,3,1,2,2,2,0,0,2962,3,2,3,0,0,1,2,5,1,2,0,15337,806,986,8,943,1,283,7,1363,1,5,2543,2003,0,0,1,642,2,4,4,1517,0,2,1,244,1,2,4,0,1,2,6,3,1,0,1,0,4,2,10737,3,2,4215,4,1046,0,3172,1,3,1,0,1,2,4,2,0,5,2077,0,8,2,2,0,0,0,1,0,0,62,58545,5,2,4,5,2,7,11,7,0,0,0,1,0,0,544,10,1,0,2,2,1,0,1
"CTTCTATGTACAAGTGGCCC",50,97,62,259,206,86,0,0,0,0,0,1,1,0,0,0,0,0,0,0,0,1,0,0,0,215,0,0,719,0,2289,1,1,4,1815,1,3,2,0,2,1,3,0,0,0,0,0,0,0,0,2,0,0,1,1462,0,2,0,1149,2,0,0,0,1,1,3,2,2,4,2,0,0,0,0,1,0,0,0,0,0,0,0,500,0,0,254,1,2,87,5,2,1,1,0,1336,2,1085,0,0,1,0,0,1,0,0,0,0,0,1,2,1,1,0,0,0,164,0,10,0,0,0,2,0,0,0,0,0,0,0,0,0,0,1,0,0,1,0,0,0,1,0,0,0,0,2,1725,0,0,1,1,0,0,0,2,0,0,0,0,348,4,5,3,1,1,2,1,4,5,15550,0,1197,1,0,0,0,0,0,0,0,142,627,2,5,2572,3,0,0,167,0,0,0,0,2,1,0,0,0,0,2,325,0,0,281,0,0,0,0,1,0,0,0,1,0,0,0,0,0,4,2,1,1,0,1,1,977,2,1,1,0,0,1,0,0,0,3,4,6,3,6,3,4,0,237,3,0,3,0,1,0,0,0,0,0,0,0,0,0,0,0,1,0,0,0,1,0,1484,0,1,0,0,0,0,0,0,0,1,0,0,8955,2,1,0,1,0,0,4,1,3,0,146,0,0,0,8,0,3,1,790,0,0,3,562,2,0,0,0,0,3,0,332,0,0,0,1,0,24750,2,7843,1,0,2,2133,2,3,5,1,0,2,0,2,0,72,1,1,0,0,1,3,1,0,2,1,1774,0,1,0,1,1,0,0,0,383,0,0,0,0,0,0,0,0,1,0,1,0,0,0,0,0,1,0,0,0,0,0,0,0,0,0
"GCCTGTTTCGCAATATGTAA",0,0,0,0,0,0,0,0,0,0,0,0,0,0,0,0,0,0,0,0,0,0,0,0,0,0,0,0,0,0,0,0,0,0,0,0,0,0,0,0,0,0,0,0,0,0,0,0,0,0,0,0,0,0,0,0,0,0,0,0,0,0,0,0,0,0,0,0,0,0,0,0,0,0,0,0,0,0,0,0,0,0,0,0,0,0,0,0,0,0,0,0,0,0,0,0,0,0,0,0,0,0,0,0,0,0,0,0,0,0,0,0,0,0,0,0,0,0,0,0,0,0,0,0,0,0,0,0,0,0,0,0,0,0,0,0,0,0,0,0,0,0,0,0,0,0,0,0,0,0,0,0,0,0,0,0,0,0,0,0,0,0,0,0,0,0,0,0,0,0,0,0,0,0,0,0,0,0,0,0,0,0,0,0,0,0,0,101,0,0,0,0,0,0,0,0,0,0,0,0,0,0,0,0,0,0,0,0,0,0,0,0,0,0,0,0,0,0,0,0,0,0,0,0,0,0,0,0,0,0,0,0,0,0,0,0,0,0,0,0,0,0,0,0,0,0,0,0,0,0,0,0,0,0,0,0,0,0,0,0,0,0,0,0,0,0,0,0,0,0,0,0,0,0,0,0,0,0,0,0,0,0,0,0,0,0,0,0,0,0,0,0,0,0,0,0,0,0,0,0,0,0,0,0,0,0,0,0,0,0,0,0,0,0,0,0,0,0,0,0,0,0,0,0,0,0,0,0,0,0,0,0,0,0,0,0,0,0,0,0,0,0,0,0,0,0,0,0,0,0,0,0,0,0,0,0,0,0,0,0,0,0,0,0,0,0,0,0,0,0,0,0,0,0,0,0,0,0
"AGCTAGACGATCCAAGCATC",6,15,11,18,14,13,3,0,0,1,0,0,0,0,2,0,0,0,0,0,0,0,1,0,0,0,1,0,0,0,1,0,0,0,0,0,0,0,0,0,0,0,0,1,0,1,24864,0,0,0,1,1,2,2,3,2,0,0,3,1,14851,4,0,0,0,0,1,0,0,0,1,0,0,0,0,0,0,0,0,1,1,1,1,0,0,0,1,0,0,0,0,0,0,0,0,0,186,0,0,0,1,0,1,0,0,0,0,0,3,8,1,0,0,0,0,0,0,0,0,0,0,0,1,0,7,0,0,1,753,0,0,0,0,0,0,0,0,1,3,0,0,0,0,0,0,0,5,6,5,4,0,0,0,0,0,0,2,0,0,0,0,1,1,1,0,0,0,0,0,2,560,10,2,0,0,1,0,0,0,0,0,0,0,0,3101,0,6,95,0,0,0,0,0,0,1,0,0,0,1,130,1,0,2,1,0,0,5,0,0,921,0,0,0,0,0,0,0,0,0,0,0,0,0,0,0,0,0,2,0,0,0,0,3,0,0,0,1,0,0,0,0,0,350,1,0,1,3,3,0,0,1280,0,0,0,2097,0,0,0,0,0,0,1,0,1,0,766,5,0,0,0,1,0,0,0,0,0,0,0,1,1,0,0,0,0,1,2,0,1,1,0,3203,0,1,0,1,0,2333,0,2,1,0,1,0,1168,1,1,0,0,0,1,0,0,0,0,1,1,0,0,0,2,0,0,0,0,0,0,0,0,1,0,0,50,0,0,0,0,0,1,192,2,0,0,0,0,0,2397,3,0,0,0,0,0,0,0,5,0,0,0,0,0,0,0,2,0,0,0,0,0,0,0,1,0,0,0,1,0,0,137
"TCAGTTTACGGAGATGGATC",3,0,2,15,4,9,0,1,1,0,1,0,11590,0,0,0,0,0,0,0,3,0,0,0,0,0,1,0,696,0,0,0,1,0,0,0,0,1,0,0,0,0,0,0,0,0,0,0,1,0,0,2,0,1,3,1,2,1,893,0,0,1,0,0,0,0,0,0,1,0,2,10643,2,1,2,2,1,0,1,1,1,1,0,0,0,1,0,52,3,0,0,0,0,0,0,0,251,0,0,1,0,0,1,0,0,0,2813,0,2,2326,0,0,0,0,1,723,2,0,0,0,1,0,1,0,0,0,0,0,0,0,1,0,1,0,0,0,2,4,0,0,0,0,0,1,0,0,0,0,0,0,3,0,4,0,2,1,3,8947,0,0,0,1,0,2809,0,0,0,0,1,2,1406,0,0,1,0,1,0,1,1018,0,1,0,1,0,2531,0,0,1378,0,0,0,0,1,1,1,1,3,1,0,1535,3,1886,0,4,320,1,0,0,0,0,0,0,1,0,0,1,2,1,1,0,0,0,1,0,2,2,0,0,0,0,0,0,3,0,0,1,4,0,2,2,0,0,645,1,0,0,0,0,0,1,0,0,1,0,1432,1,1,2,1,1,3,1,0,0,0,2167,1,0,1,0,0,0,3,1,0,2,7300,2,0,1,3,2,4,2,1199,2,1,0,2,2,1,3,5,0,2,4,2266,1,2,1,1,0,0,67,4,4,4,0,0,0,1,6052,2,0,0,3,0,2,0,0,0,0,5077,0,1,0,0,0,0,1,0,226,0,0,0,1,2,2,957,0,0,0,2,0,5048,0,1,1,2,0,1,0,2,1,0,0,0,0,0,0,0,0,2,0,1,1,0,2,1,0,0,0,0,0,0,0,1,0
"AATCTACGTCAACCCAGTCG",0,1,7,1,0,18,1,0,0,1,0,0,0,0,3,1,1,2,1427,0,1,2,1,0,0,1,2,0,359,0,0,0,1,0,0,1,0,0,0,0,0,0,1,0,0,1,0,0,0,2,3,2,1,1,0,1,0,1,189,1,3,9546,0,1,0,0,2,3,0,0,1,0,1,0,1,3361,0,1,0,0,1,0,0,0,0,1,1,0,1,0,2,1799,1,0,1,0,1353,0,0,0,0,0,0,1,1,2,1,3871,2,3087,2,0,0,1,0,0,1,0,1,0,0,0,0,0,1,0,0,1,0,1,2,0,0,0,0,1,1,1,2,0,1,1,0,0,5507,0,3,1,9603,2,1489,0,0,1,0,1,0,1,1,0,1,3,4,0,0,1885,2,0,0,1,1652,1,2,0,0,0,0,0,1,0,1941,1,1,1,1,3,1743,214,0,0,0,0,0,0,1,0,1,3,0,844,0,1,0,0,2469,2,2,0,0,1163,0,0,0,0,0,0,4,1,0,0,0,0,0,2,2026,1,1,0,1,0,0,0,0,0,0,0,2,2,2,2,0,1,692,1,0,5,4,0,0,1,0,0,2,0,3090,3,1,5,1,2,0,3,163,2,1877,3,3,0,0,0,0,0,0,0,3,3,3,1,2,2,1,5,4,4,1,2,1,2,3,6,2,2661,9176,0,1,1,0,1,1,0,2,1088,2,1,0,0,1,3,1,1,0,1,1,0,2,14040,7,1,1,1,1,1,1,17,2,0,0,1,2,0,0,156,0,0,6765,0,5,7502,261,2,1,0,4082,2,2,2,2,0,0,0,0,0,0,0,5,0,0,0,1,0,1,0,1,0,0,1,0,0,0,0,0,0,0,0,1,0,0,0
"CAGCTGGTGCATAAACAGGG",8382,11928,8617,11408,13212,9330,19,21,9,2452,23,12,7475,7087,15545,4195,9,3453,10507,14,19,2829,1832,9490,16,8803,19,17,7507,41,1951,24,21537,21,2792,7200,23,9661,3086,20,48930,36869,9,5,16,18,50215,7863,20857,1618,17,16,17363,23219,3533,16,19390,24,6769,16,15307,41,14,5714,4,10,15,10,4,9693,9,17,18828,6,8565,15513,6,1598,16,8,13,16,11322,4777,13882,26302,2459,29803,21432,15320,17,1910,4835,18,25,32239,9216,23,13,12,19,2450,18,12,9681,5258,5569,9774,2001,29,23784,29,10,1307,2809,4573,29,620,2774,4498,7463,4300,2021,3174,18,14,7,11379,11332,4937,44,5237,5427,8257,14001,4895,4799,6441,11,11661,6,14,8,201,23,4619,2301,4736,3283,9794,3366,12051,9234,3350,23,10110,13,4635,4798,246,27,19,6752,25,35,8594,14070,34,28,4341,18789,3251,20,14,10,13539,14,352,24,7833,6966,5370,3452,4517,9607,8204,3014,7696,20534,15002,35567,8975,14,22,12,4125,2395,0,2595,6860,73,2514,15,4174,17,14308,25,8533,12,3029,8987,13275,0,4030,3468,15,13,10,4799,2221,2308,683,23,14,25998,13473,885,12653,6,3520,12190,3677,17284,5999,298,20,26,20,36681,11,13,8329,7456,16,9778,26,5087,27,12,16392,8738,8360,42,7818,17968,17417,6134,9416,31,18,21,34072,5137,7029,4063,27322,23,21,8,14,17,14817,6450,4565,6411,8,21,1784,11344,20,11,1641,12504,11033,19,24,4960,1926,15,6094,22986,518,17,1843,15,14,24,2219,16,8,10,5360,15,7021,26570,3391,14,1934,188,7445,11,18,18,25,14,8,22,23,14,12,2,9170,15,24462,5392,20,5446,8285,26,7996,8,5435,12,5802,27,7393,23239,7764,1732,10501,4369,38,11866,11,16,4289,1290,19,7,19,14,13,17704,84,20,17643,10,2838,12,18,19,2506,22183,26115,12,22,6014,16,13,5299,22,25,6,19,11,13,16,363
"CACGGTCCCTCAACATCTTG",0,0,0,0,0,0,0,0,0,0,0,0,0,0,0,0,0,0,0,0,0,0,0,1,0,0,0,0,0,0,0,0,0,0,0,0,0,0,0,0,0,0,0,0,0,0,0,0,0,0,0,0,0,0,0,0,0,0,0,0,0,0,0,0,0,0,0,0,0,0,0,0,0,0,0,0,0,0,0,0,0,0,0,0,0,0,0,0,0,0,0,0,0,0,0,0,0,0,0,0,0,0,0,0,0,0,0,0,0,0,0,0,0,0,0,0,0,0,0,0,0,0,0,0,0,0,0,0,0,0,0,0,0,0,0,0,0,0,0,0,0,0,0,0,0,0,0,0,0,0,0,0,0,0,0,0,0,0,0,0,0,0,0,0,0,0,0,0,0,0,166,0,0,0,0,0,0,0,0,0,0,0,0,0,0,0,0,0,0,0,0,0,0,0,0,0,0,0,0,0,0,0,0,0,0,0,0,0,0,0,0,0,0,0,0,0,0,0,0,0,0,0,0,0,0,0,0,0,0,0,0,0,0,0,0,0,0,0,0,0,0,0,34,0,0,0,0,0,0,0,0,0,0,0,0,0,0,0,0,0,0,0,0,0,0,0,0,0,0,0,0,0,0,0,0,0,0,0,0,0,0,0,0,0,0,0,0,0,0,0,0,0,0,0,0,0,0,0,0,0,0,0,0,0,0,0,0,0,0,0,0,0,0,0,0,0,0,0,0,0,0,0,0,0,0,0,0,0,0,0,0,0,0,0,0,0,0,0,1,0,0,0,0,0,0,0,0,0,0,0,0,0,0,0,0,0,0,0,0,0,0,0,0,0,0,0,0,0,0,0,0,0,0,0,0,0,0,0
"TTTACAACTGGCCAACGACT",57,88,85,99,98,97,0,0,0,1,0,0,0,0,0,0,0,1,0,1267,0,0,0,0,0,0,0,0,1,0,0,0,0,0,1,0,0,1740,1,0,0,1,0,1,0,0,0,0,0,0,0,1,2,0,773,0,0,1,444,0,0,1,0,0,0,0,0,0,0,0,0,0,0,0,0,1,1,0,0,0,1,10729,0,1,0,0,0,1,0,0,0,0,0,0,0,0,407,0,0,1,0,0,0,0,0,3539,0,0,1,0,0,0,0,1,0,0,0,0,0,0,0,0,1,2,0,1,0,0,0,0,0,45,0,0,0,1,1,0,0,0,1,0,0,0,0,0,0,0,0,0,0,0,2213,0,0,1,2,0,0,2,0,0,0,0,0,0,0,0,0,2,1091,1,0,0,0,0,1,0,0,0,0,0,0,0,0,0,0,389,0,0,0,0,0,1,0,0,0,0,1,695,0,0,2140,0,1,0,0,0,0,0,0,0,0,0,0,1,0,1,1,0,0,0,0,1,748,1,0,0,0,1,0,0,0,0,1,1,1,0,0,0,4255,1,333,0,1,1,0,0,0,0,0,0,0,0,0,0,0,0,0,0,0,0,0,0,0,0,0,0,0,0,0,0,0,0,0,0,0,0,0,0,1,1,1,0,0,0,1,311,0,78,1,0,0,0,0,0,0,0,1,0,2,596,0,1025,1,0,1,0,0,0,1,0,0,0,1,1,1,1,0,0,1,0,0,0,0,2,0,0,0,0,0,50,0,0,0,0,0,0,151,0,0,0,0,0,1,0,0,0,0,0,0,0,0,0,0,0,0,1,0,1,0,0,0,0,0,0,0,0,0,0,0,0,0,0,0,0,0,0
"GATCCTCACGTCCCTATTAC",15629,22128,19869,23537,25846,18786,53,46,14,13063,13901,47,18672,9706,18668,46482,14,11117,13432,9096,14767,9808,21322,15839,266,21054,72018,20426,32307,98,16194,15458,7326,43,35707,8844,68387,20062,15837,30828,62,34416,38,73841,10,41,25032,27126,10785,1362,28775,884,17375,40248,17997,33332,44737,58,20203,24303,43699,97,3508,23434,15,33,46,25149,7992,18142,33959,58,60,6343,38899,32614,4540,12050,610,73058,45,21118,30869,16752,47169,46424,15338,9739,39830,35558,15725,13097,31107,13675,16294,0,39669,869,20,15744,12104,1552,14311,38,6124,9323,39372,9112,25105,19180,16563,23952,19,1637,1625,66263,12847,1909,19437,8610,9746,10482,12681,16178,18813,46,27086,10182,24459,9734,44,12317,8596,16233,16993,14673,7321,29812,46,7919,67,30036,12343,289,6845,13988,25578,32906,36122,10608,4355,42834,9028,7608,34437,7945,35,38529,21480,412,43,49,12777,58,62,31653,5843,20498,46,26360,66996,16351,3014,40,25,25469,23275,96,3353,17544,8183,19345,8959,23397,8477,14684,17067,24180,18,15849,45,6266,22952,47,9555,23327,19652,18072,12340,31985,17770,20231,7165,6758,21127,48310,10987,25579,22,7017,19019,40,8564,29448,9826,35,43,0,8710,11525,14254,13994,65,41,73068,28373,21047,45,17,10982,37,41,61103,12958,47936,29376,30809,44843,32451,10664,4348,32947,36593,30754,1749,91,66,17751,5345,11671,18489,15870,87,15456,57493,9769,23552,3931,23388,26341,11401,12158,29744,7679,17604,109622,56,37,29,40,22375,23334,22401,6275,2966,63,7394,53513,71445,42656,15192,3473,26569,14375,9404,32076,24518,8570,84,17384,52004,45315,44,4407,45621,20549,2875,14994,40358,24158,45,15168,23400,33006,31205,12768,38,5076,89,13156,872,28715,37,39,26573,1969,103,50782,21375,44,10343,17925,6875,37854,43005,33571,7836,14508,33,18109,95,15242,41,16947,15876,17263,59791,29575,5932,44,37157,68,60038,66,66741,31769,17166,39,4489,65,29321,16646,38,281,38,24488,17,9661,42,40,6095,14193,10385,12031,14,34,30460,7998,61117,6001,35,10698,10,29,41,26,51,3496
"AGAGGACGTGGTCAGACAGA",303,413,308,656,561,388,0,0,0,0,0,0,4,0,0,0,0,0,1,0,2,0,1,0,0,0,0,0,1,0,0,0,2,0,0,0,0,1647,0,0,0,4,2,0,0,0,0,1,1,0,1,0,4,0,0,1,0,1,327,0,0,3,1,0,0,0,0,0,3,0,2,2,34870,0,4,0,1,4,9,2,7,1,1,1508,0,91,0,244,482,108,0,0,1,0,1,0,309,0,0,0,0,1,3,0,0,0,0,0,0,0,0,1,0,0,0,1,5,1,0,1,1,0,0,3,0,1,0,0,1,0,0,0,1,2881,3,0,0,0,0,0,0,0,1,9,0,0,0,0,1,0,0,0,0,0,1,1572,1,0,1060,3,0,0,1,0,0,0,0,0,0,0,867,0,0,0,0,0,1,0,6,160,1,0,4,0,0,0,1,688,1,1,0,2,5,0,0,1,4,0,1,838,0,0,1872,0,1,0,0,0,0,0,3956,0,4,0,0,0,4,0,0,0,1,1,1,1,400,0,1,0,0,1,2,1,25063,118,205,0,0,0,0,0,0,0,404,0,0,2,0,0,0,0,812,2,1,0,708,0,0,0,2,0,2,0,2236,1,1,2343,0,0,0,0,1,2,1,0,1,1,1820,1,5578,0,0,1,0,1,1,1,113,0,0,153,4,0,0,0,2,0,4,1,2,1,3,2,0,0,0,1,0,1,0,342,2,0,0,0,0,0,0,0,0,0,0,0,0,0,0,1,1,0,1,239,0,84,1,0,1,1,1,1,0,0,2,0,594,0,0,0,0,0,0,1,0,0,4,1,0,0,0,0,1,0,2,0,0,0,0,0,0,0,2,88,0,0,0,0,0,0,8,0
"CTTTGTCCAGGAAAGCGGCT",7306,12034,8383,15497,15919,10780,68,48,9927,54,65,28947,28239,5544,4081,13425,22,4887,4399,249045,20172,2011,10523,16822,21,7492,48,15214,44022,63,30634,16942,41514,43539,51056,33143,90,23331,2488,41825,60905,61346,50,30721,12358,29,26236,18707,28,352,30879,113,8622,44448,29264,41623,76775,90,44605,34162,29121,20267,7783,52,14,31,49,43,14629,1785,16586,10724,19889,5628,36641,37613,53298,22776,79,46998,39231,80012,7930,12228,768,13439,1246,3619,10642,7966,21747,24524,62764,27559,42871,14224,47089,57,17,20912,4660,9854,17692,50,27322,22390,47718,18931,31720,42785,10611,64,30931,4876,3060,11589,9671,290,33071,26127,54156,22163,37328,10020,4545,15234,22,2871,39927,8912,49,2157,13875,29775,29472,16561,36411,25145,46,64,18,27143,9294,213,57892,10065,31822,80011,67158,35203,17323,61257,2183,24858,52,4572,17397,26197,29803,126,60274,63,36655,100,24310,39771,16916,17626,35348,44188,54362,19443,20334,29,25,11007,75707,200,52,2611,20613,20648,3169,21739,16380,30006,24533,48259,8155,55,18227,6324,62,56,31557,59864,51210,51895,26897,35778,25676,34826,33786,11945,28019,43822,58,8028,34,28214,27417,31168,27626,16194,24404,80686,86,76,34442,32045,29228,19014,66,74,15697,6683,1795,19276,17,6532,51,61,13502,4709,34827,62,94,14706,0,23498,46025,13228,54668,31037,465,70771,84,16832,24627,27628,36374,99,68,11474,51203,72144,54579,29573,25576,9478,13530,32311,30875,37023,32824,77368,65,55,22,41,59,14855,21118,1721,19432,20982,47405,73402,77561,80,29113,38296,27539,23099,31231,49164,6500,6307,57,6299,26457,29731,17078,1223,53279,51414,9909,22562,54,5121,56,25975,74,26414,11942,17378,2787,3956,66,9718,579,13188,53,60,40210,28018,60,0,13699,13486,18757,6902,42,12292,6604,48,1664,7822,69,3856,10313,12807,15984,9492,14575,17296,38183,21926,22398,8866,32744,43701,45318,26567,5931,28220,5254,23,21,46,30069,48,34,90,45,8823,1382,1789,41,52,1594,1264,42,2915,15,23,41,39,28,223,49,29,9,42,2664,55,36,398
"GAATTGCACTGACAACCCTC",1188,1836,2094,2214,2747,2538,1,5,0,2,0,2,5,1149,1,2938,2,3,0,1342,11,2397,1,861,0,5859,1,1,19,9,1,2,3,1,963,2,1,3589,0,4,3,3,0,2,2,3,1,7110,1,140,6,4,7297,5656,3584,5,2,5,874,6,3,1,2,2,0,4,5,5,4,4543,3,3,2,0,2,3227,0,392,2,5,0,1,1134,4651,5,4449,1077,107,3550,2461,2244,4,6459,6,0,0,2242,1,2,2,1,2,4,6,4,6,2731,1966,11,4468,2,6201,0,7,2,2,8,69,1,0,2,3,1491,4,1,908,1,5434,2,3,23895,156,1,1,3,7,4,3044,1,1,0,2,0,14,1,0,1,0,1,3,2,4,1848,5,0,741,3,7163,906,10,1,3,2795,4,1,3,1,1,3,3,2867,6,1,6,1,0,0,0,5,2821,3498,1,4,3,120,4,1429,957,0,2,0,1,2,3,5,4,6,10010,4,1406,5,7,6,10,2489,4040,5,4059,7,842,1,3,2,1238,0,10,2,1,1,4,2,2,3,2,353,4,2,5,1,1,1,1,4,4,7,24089,6,8,7,4,5,4,1304,4,4,4,2,4,2,4,2412,0,5,1327,4910,7,4,3,3,2,1,1,2147,5005,2,5848,3,4,3,6,1,3,3,6,0,20314,6693,10,26334,13,7,11,2,16019,4,8,221,273,3,2047,0,6283,236,230,0,4,7,762,2,1,1,2323,1,1181,2,4,1,6,2,846,0,2,8,2,1,23515,10,6,1,12636,3,5,4,6,8,3,696,515,1,1527,1,1010,7,3996,3,7,10,4,308,1,3,0,2182,5,10,607,0,1,0,3,0,1,5,16,1,1,1,2,0,1,1,496,1,4,0,4,0,0,3,409,0,1,0,4,1,1,3,3
"CATAGTGCAAGGTAGGGAGC",12598,16343,15574,13701,16747,13525,15,25,5,10,31,17,19,5917,14256,21812,7,28,7598,3841,12,13206,12494,5486,3,4493,13,36,10113,54,19,13653,7323,27628,3004,12964,11,6038,9472,11,14,16316,11,29330,4,10,7,23546,15,586,14447,12823,5797,13010,1318,11,14,14,4244,16,17,22,11,11528,4,32,13,21,9,5454,11,11,4988,14,21,3255,9,1008,16,24882,11,13,16125,7694,8,35335,14822,20180,29499,33534,4782,6650,3172,2510,19,14,7148,20,7,10,15,10,9,19,16,124,679,1764,2478,15,13379,12669,13,1756,76001,7,2836,1374,15,19,29,20,10071,11,12,45157,5,13837,5089,12,10,7964,2755,4951,10738,17,1727,6484,10,13207,1,8,9,8,11,10160,2506,18,11529,16,12,3613,11084,10869,9,3566,7,8882,1424,416,17,11,2623,9,19,13,15,19,13,6164,12903,16,9920,18509,4,18,19,10,12,4236,9306,5190,28,1940,5639,4243,10,3334,2,15609,12,8,14,23,5,7,5780,3847,14,3683,10,11,12,171,8,3216,4459,26,3,4003,17,15,9,5196,550,14,9,12,19,7880,5166,8,9,1075,30348,15,10214,27,4,5972,24,11,13,12912,4796,10,31489,17,16269,3701,8,20,4921,37,10,16,3760,6786,1050,19,3424,18,9,10782,13980,18,20,17,24251,19,16,3213,2332,16,10,27067,13,13751,6,8,17,13,16,16,18615,20,13,19216,5158,9160,16,8,3466,3950,4836,11,2200,3611,13,7800,16088,6596,14,7685,11,18861,4725,5879,6910,7753,9,2977,9,2124,8,2927,3247,7836,6,10441,5,1,9,7,12,16,38,17,8,6,9,3258,15,903,10857,14,20222,3065,18,9234,10,4827,17884,7836,13943,13,23,4082,159,13953,1252,21,4632,11,11,9607,4958,21,5,16,14,8125,17,497,13,23,4,5530,11,8,7,6267,7,15,5,12,9,7,13,9638,12,36,3,13,15,11,9,2389
"TCCTATAACGCAGGGACCTT",0,0,0,0,0,0,0,0,0,0,0,1,0,0,0,0,0,0,0,0,0,0,0,1,0,0,0,0,0,0,0,0,0,0,0,0,0,0,0,0,0,0,0,0,0,0,0,0,0,0,0,0,0,0,0,0,0,0,0,0,0,0,0,0,0,0,0,0,0,0,0,0,0,0,0,0,0,0,0,0,0,0,0,0,0,0,0,0,0,0,0,0,0,0,0,0,0,0,0,0,0,0,0,0,0,0,0,0,0,0,0,0,0,0,0,0,0,0,0,0,0,0,0,0,0,0,0,0,0,0,0,0,5035,0,0,0,0,0,0,0,0,0,0,0,0,0,0,0,0,0,0,0,0,0,0,0,0,0,0,0,0,0,0,0,0,0,0,0,0,0,0,0,0,0,0,0,0,1,0,0,0,0,0,0,0,0,0,0,0,0,0,1,0,0,0,0,0,0,0,0,0,0,0,0,0,0,0,0,0,0,0,0,0,0,0,0,0,0,0,0,0,0,0,0,0,0,0,0,0,0,0,0,0,0,0,0,0,0,0,0,0,0,174,0,0,0,0,0,0,0,0,1,0,0,0,0,0,0,0,0,0,0,0,0,0,0,0,0,0,0,0,1,0,0,0,0,0,0,0,0,0,0,0,0,0,0,0,0,0,0,0,0,0,0,0,0,0,0,0,0,0,0,0,0,0,0,0,0,0,0,0,0,0,0,0,0,0,0,0,0,0,0,0,0,0,0,0,0,0,0,0,0,0,0,0,0,0,1,0,0,0,0,0,0,0,0,0,0,0,0,0,1,0,0,0,0,0,0,0,0,0,0,0,0,0,0,0,0,0,0,0,0,0,0,0,0,0,0
"AAGTCGCGGTGAATCTTTCC",250,361,273,406,450,374,3,2,1,3,8,6,7156,4,15,8,4,6,13047,7,40674,4,10,11,1,1,5,5,7734,4,2121,21400,19,25,5063,8717,27,1939,27,21,29557,12614,9,4,1,4,5,8224,15,1,14,29,8604,5745,3955,9,19116,7,4960,4348,13,10,14,9,4,3,12,6,40340,315,28307,31,36348,5384,18,17,17,2532,19,47836,10123,25,9,5,4,559,2,167,631,260,285,3082,2622,2454,20,7063,6022,10,2,10,7,10,20,3,3215,1645,2619,14,4789,2180,2,5,1,777,12,6,12,53,12,9365,3465,15,17,15,1,5,0,2,4220,4,11,0,6,9,4035,4779,10292,6053,2,11,2,0,13,75,13909,439,1745,4,3059,5621,2705,11976,468,9,11,5,12,24895,6913,25,20,9860,0,9,20,30967,15019,29,50432,4545,11337,14,5,5,1,1,13,42,9,1,6,10,5280,0,8,11,3495,3429,1,3,8,8,19,1,23,10289,6883,11020,2579,3018,2845,2436,6354,6551,4317,27,2,8,2,954,15,4191,4234,1,5921,76752,32,64033,3160,3658,2929,3343,22,23,6844,35,8,10,2,5,11,5610,11116,5,2300,22,2192,9,16234,5,6507,10724,5594,6,0,11,4,3634,3859,7,4261,12287,21,4,17041,12997,23,9367,9,8847,13,6,1401,20,5961,20191,20,11,7,11,17673,11,26,5,18,10266,13,13,2935,11,31,6156,3464,17,10,9090,22,4,9,218,24079,6412,13,42,15,10,5143,1460,9,10,17,6154,24,9188,15,3441,18,6,11,633,11,5608,6,9,15636,47,5,5,31,15,20,20,24,9,4,6,13,4,20,68,25,1311,4,20,24,16383,7,11,2531,20848,10343,11415,17,11,5901,2260,5,5,4,2,6,4215,16,2,5,6,1,5,7,2250,11739,5,4,4,0,6,5,4,8,3,2,3,0,1,2008,7,18,107
"CATCGATGTCGAATACCTTC",3377,4580,3067,4998,5203,3734,181,149,112433,4396,2419,56695,43023,1378,2354,2105,49,1631,19505,22041,52502,553,3887,109,54,765,13083,37871,142698,103,41504,84192,73897,69041,122996,93598,69203,107136,2586,66102,57534,50046,120,78,15920,92,74389,65,21047,428,202872,36265,97476,78248,75683,22289,93977,99107,180728,87913,33867,36378,126,105,34553,123,120,33981,100512,2681,154927,45537,170980,117682,67106,48705,40707,55497,126422,20698,76603,57662,1988,8599,1531,3458,5051,3235,4004,4578,72469,71276,157394,119253,165055,12111,134236,18119,65,85253,64661,47725,98695,126,99747,89929,149061,66293,118999,109001,2764,128,37272,1802,18278,24141,52030,295,74897,132776,143688,57490,61753,67555,9556,14918,38693,5643,37560,37926,37534,4848,97816,69417,123409,68449,81185,115348,136,120,162,45407,49362,799,54707,6904,61422,84012,137148,66072,63978,138414,2498,2216,109,2896,68432,12327,83202,204,52082,102654,53855,34958,60308,22539,64510,44388,76428,96139,97923,51049,136,152,66,15355,150103,2467,15892,805,75589,76627,103208,136476,64669,123507,78717,119922,64,7890,45294,14457,179,115,61703,166950,102885,130221,76561,102521,91470,105554,77954,96442,51377,85955,146,141,139,54122,90817,32812,126595,3789,111672,74145,276,227633,94249,62653,95556,109847,228,167,29952,6473,1973,106,36,3992,122,26494,38946,1230,55181,99929,35361,26148,51054,10788,113992,62238,196184,44358,76601,859,7496,134,63662,16898,94963,33883,86970,3231,66303,172116,99773,72366,26072,24926,58349,38001,76351,43729,63776,121605,110054,9617,70,70605,59826,15601,38729,95,63628,60247,126941,101420,106113,294,15692,150576,26152,47190,72040,76820,1478,116,97,2393,16900,26817,15978,1227,17508,42759,39877,66071,3882,40263,23444,42175,31895,55277,44471,46732,113,1273,102,2190,5817,64201,109,120,49210,27002,33437,48063,40622,34339,56598,54390,76401,36630,5440,44876,1316,2046,109,2095,2452,79565,141,5502,90754,35368,186,77480,69979,34983,30500,165,35161,42077,55860,82058,74,82,39,95,49345,41764,20852,70,90,6523,4679,1393,106,6434,12424,775,75,86,29,99,9797,69,67298,1541,77,73,27,54215,2979,3667,0,2972
"GATATGGGTTAGCGCCGAAG",0,0,0,0,0,0,0,0,0,0,0,0,0,0,0,0,0,0,0,0,0,0,0,0,0,0,0,0,0,0,0,0,0,0,0,0,0,0,0,0,0,0,0,0,0,0,0,0,0,0,0,0,0,0,0,0,0,0,0,0,0,0,0,0,0,0,0,0,0,0,0,0,0,0,0,0,0,0,0,0,0,0,0,0,0,0,0,0,0,0,0,0,0,0,0,0,0,0,0,0,0,0,0,0,0,0,0,0,0,0,0,0,0,0,0,0,0,0,0,0,0,0,0,0,0,0,0,0,0,0,0,0,0,0,0,0,0,0,0,0,0,0,0,0,0,0,0,0,0,0,0,0,0,0,0,0,0,0,0,0,0,0,0,0,0,0,0,0,0,0,0,0,0,0,0,0,0,0,0,0,0,0,0,0,0,0,0,0,0,0,0,0,0,0,0,0,0,0,0,0,0,0,0,0,0,0,0,0,0,0,0,0,0,0,0,0,0,0,0,0,0,0,0,0,0,0,0,0,0,0,0,0,0,0,0,0,0,0,0,0,0,0,0,0,0,0,0,0,0,0,0,0,0,0,0,0,0,0,0,0,0,0,0,0,0,0,0,0,0,0,0,0,0,0,0,0,0,0,0,0,0,0,0,0,0,0,0,0,0,0,0,0,0,0,0,0,0,0,0,0,0,0,0,0,0,0,0,0,0,0,0,0,0,0,0,0,0,0,0,0,0,0,0,0,0,0,0,0,0,0,0,0,0,0,0,0,0,0,0,0,0,0,0,0,0,0,0,0,0,0,0,0,0,0,0,0,0,0,0,0,0,0,0,0,0,0,0,0,0,0,0,0,0,0,0,0,0,0
"GGAACAGTTCGACATCTGGT",339,672,657,1106,1261,1040,1,7,1219,1,1,1,4,55,4103,6605,1,0,4,1367,3,3,0,1,1,0,0,3,1980,1,0,1,3,1,1,0,1,0,2,3,3,1,0,1,1,2,2,6,4,0,2,2,4,0,811,0,4,3,927,1530,0,3,0,1,1,1,0,3,1,396,4,3,6,2,17559,2709,3,4,6,6,1125,8,0,1,1,510,2,6972,441,544,2,1868,2,0,6537,1,1454,3,2,0,1,3139,1,2,2,2,4835,1,2259,1621,5,5,3,3,0,2,2,35,0,1,3665,0,5,1,1,5,0,2,0,0,1,43,0,0,3,1,1079,5,2,4,0,1,0,0,3,2,1,1,3113,1,2722,0,1764,2,5,613,1,1,2005,3,3,0,3,1,1,0,0,0,1,4,1773,6040,1,3,0,1,1,1,0,150,3,6,6,4,1003,6,4,1688,2785,2,1,2,6,3,4,2,2500,4,2,968,1,0,2358,2103,2,3528,4,7,2,0,0,4,1,2501,0,2,1,3,312,1,5,1,3,2,4619,0,1,8,1,2,0,2,1,265,5,2,4,3,6,2,3060,104,1201,5,0,5,2,10,3,4,2,0,1,3,1369,10,12620,8,9,4,1,5,10835,15385,10,6173,1,6,0,1,1,1,4363,0,5,6,4,7,24580,9,6,6,2731,15434,7,9,0,295,2,466,3486,117,4,74,7,1,3,363,4,2,4,6,2,1189,7,0,2,597,4,528,3,0,6,0,0,1,5,2,1,2,1,3,3,12406,4056,0,761,3,9,746,2,78,3,0,10,10,8,7,132,7,0,7,3,16491,9,2190,1,18037,4,1,2,0,2,1,2,5,1,0,2,0,0,0,0,1,0,1,0,0,0,0,1,3,0,1,0,0,1,0
"GGCGCGATTGGTTGAAAGGG",1652,2695,2008,3956,4535,3257,0,5,1,5,3,4,4,824,1,5,0,4,1,1,3,413,6825,9386,3,2910,3,7,1637,8,2574,3,4,1,3,4345,0,3,3,5,2,3,4,2,1,2,0,1,0,153,2,8,7,2,5,6050,1,1,1406,2935,0,2,3,2,1,6,1,1,0,251,7,21599,8,5,38368,3317,4,6,10,12,8,9,5932,4,3,4037,200,303,2968,2622,2,1838,4,4,2,3,2550,5,0,2,6,1651,3,3,5,4,11706,4,2,5,1,4,1,5,3,6,2,105,2510,1,4,2,4,6,3,8,0,0,11,2,4,471,4861,3,3480,4,2218,2,1,4,0,1,3426,2,0,3447,2,0,5,6,3,3,824,2635,1,4,5,2,2103,1,2,3,5,3,2,0,4,2,2,2107,4735,2,2,2,0,1,2,1,2,1187,6,3,10,1,1,2,1,1147,0,2,0,2,1,4,2,3,5025,11,0,1460,3,1,3,4,2519,2702,1138,4334,1,0,0,2,1,3937,3716,2,3,4,3,3849,0,4,2,2,1,4,3563,3,1,2,1,3,3,700,0,5,3,2,6,4535,1,3,1243,3,4,3,9739,1,2,0,1578,4,5,1074,3541,2,4,2,1,4,2,4,4,4,1588,5340,6,5,2,3,4,3,3,236,1,5,4,3,5,2,4,4,2,15810,2,1,3981,975,2,3001,5,0,2,362,3,1,3,2201,10,4,5,706,6,3,3,0,3251,6096,0,1988,651,1,4,0,1,0,7,5,3,0,4876,5,4,1,3,0,4,2777,1,806,5,147,3,4153,1,1,1,2,33,2,2,2,2101,3,4,0,3,22451,1,2,4,1,1,11,2,5,0,3,2,0,2,243,0,2785,0,2,3,0,2,310,3,4,1,4,1,1,0,110
"CAAATGCAAGGGTCGCGCAG",0,0,0,0,0,0,0,0,0,0,0,0,0,0,0,0,0,0,0,0,0,0,0,0,0,0,0,0,0,0,0,0,0,0,0,0,0,0,0,0,0,0,0,0,0,0,0,0,0,0,0,0,0,0,0,0,0,0,0,0,0,0,0,0,0,0,0,0,0,0,0,0,0,0,0,0,0,0,0,0,0,0,0,0,0,0,0,0,0,0,0,0,0,0,0,0,0,0,0,0,0,0,0,0,0,0,0,0,0,0,0,0,0,0,0,0,0,0,0,0,0,0,0,0,0,0,0,0,0,0,0,0,0,0,0,0,0,0,0,0,0,0,0,0,0,0,0,0,0,0,0,0,0,0,0,0,0,0,0,0,0,0,0,0,0,0,0,0,0,0,0,0,0,0,0,0,0,0,0,0,0,0,0,0,0,0,0,0,0,0,0,0,0,0,0,0,0,0,0,0,0,0,0,0,0,0,0,0,0,0,0,0,0,0,0,0,0,0,0,0,0,0,0,0,0,0,0,0,0,0,0,0,0,0,0,0,0,0,0,0,0,0,0,0,0,0,0,0,0,0,0,0,0,0,0,0,0,0,0,0,0,0,0,0,0,0,0,0,0,0,0,0,0,0,0,0,0,0,0,0,0,0,0,0,0,0,0,0,0,0,0,0,0,0,0,0,0,0,0,0,0,0,0,0,0,0,0,0,0,0,0,0,0,0,0,0,0,0,0,0,0,0,0,0,0,0,0,0,0,0,0,0,0,0,0,0,0,0,0,0,0,0,0,0,0,0,0,0,0,0,0,0,0,0,0,0,0,0,0,0,0,0,0,0,0,0,0,0,0,0,0,0,0,0,0,0,0,0
"CCCACGTCTAGTTGCTCCCT",0,0,4,0,0,3,3,1,0,1,4,3,1,0,2,1,0,1,5,2,0,2,6,4,1,1,22995,1,3041,5,3,2,8825,1,1871,4233,5,2,7,4,3,5,6,5,0,1,6,2,1,0,4,0,6,0,707,4,9540,1,402,1,4,2,0,3,0,0,2,1,1,1,0,0,1,3,2,1,0,0,0,1,3,1,2,2,1,0,0,393,2,1,1090,1,6036,2,2,0,1257,0,0,1,0,3,2,0,0,1,0,0,2,0,8,2,1,4,8,5303,3,3,4,2,7449,3,3967,2,4,1,0,1,2,1,0,0,0,4,0,3695,1,1,5,0,0,1,1,43,0,1,3,5,111,2689,0,2,0,0,2,7,1,4500,674,0,2,157,2915,3,5,3,2,4,5,0,2914,1,5,0,0,0,2,1,0,0,1,0,1,0,0,0,3,791,3,1,15510,6034,1,1,4,1,4,4,2,992,1,2,2,4,1,1,2,1,1,2,2,2,0,2,0,0,2,0,2,2,2,0,0,1,2055,2,2,0,0,1593,4,3,0,3,0,0,3,0,1,0,1,0,722,0,1,0,2,0,0,0,4,2,1,2,562,0,7,4,6,4,2,3,7,9313,5793,2556,2,0,0,0,4,2,1,0,1637,4,6,6159,26622,6,6,7,3,1617,6,3,1,0,0,0,0,0,2,0,0,1,0,1152,0,5176,0,1247,4,1667,3,1430,0,0,2,3,374,1763,1,0,0,0,0,0,1,1,4,0,0,0,0,0,1,0,2,1,1,1396,3,2,1,3,2,3,7,5,4451,1,1451,2,7,1,0,0,1,0,3,4,1,3,1,0,0,2,1,6290,0,0,2,1,0,0,1,1,0,1,2,0,0,1,4,0,0,2
"TTAGCAATTCCCTGTTTCAC",0,0,2,7,3,1,0,1,1393,0,5,0,10574,0,1,0,1,0,670,1,20275,0,4,0,0,0,0,0,2416,0,1,1,0,0,994,75,0,1,2197,1,2,2,3,0,0,0,0,0,2,0,4,1,4,1,1,3,3,1,1324,1,10,2,2,2,0,3,4,0,0,0,2,2,2,2,0,2897,1,300,1,1,3,1,3,0,0,0,0,0,1,0,0,0,0,0,0,1,1160,1,0,0,2,0,3,0,0,0,0,0,3,3,0,0,0,0,3,1,2,0,2704,1,3811,3,2,1,1,0,0,0,4,9,4,0,0,0,0,0,1,0,0,0,3,0,5,0,3,0,2,0,0,0,2,1,0,0,2,1,1,1,643,1,3,17251,2,1,0,1,1,0,1,1,1118,1,0,0,0,0,1,0,1,0,0,3147,1,0,360,0,1,268,0,0,3,0,3,1,0,0,2,0,0,1004,1,3,2,2250,2074,0,1,0,0,0,4,0,3,0,0,0,0,1,0,0,2416,0,3,0,184,0,0,3,1,2,23147,2,5,3,3,0,1,0,0,0,0,0,809,0,2,0,0,0,0,0,2,0,3,0,1373,1,5,0,0,1,3,0,4,0,2144,828,0,1,0,0,1,0,1,0,0,1,0,0,1,0,1,274,0,0,2312,0,1,2,3,2,8930,3,0,1,1,1,0,0,1,2,2,892,1,1130,2,0,0,0,1,1,54,0,0,0,1,1,1,0,1,1,1,0,0,0,2,2,2,0,0,1,1,20,2,0,2,1,0,0,760,1,8922,1,0,0,0,1,0,0,0,0,4,0,4,0,4,2,0,0,2,0,1,0,0,1,0,0,3,0,3,0,0,1,0,0,7,0,1,0
"TCTGCTGTAGCTTATCTTAC",0,0,6,2,1,0,0,2,0,0,0,1,0,0,0,1,0,0,0,1,0,0,0,1,0,0,1,2,3341,0,0,2,0,2,1026,8132,2,3752,0,0,1,2,0,0,0,1,0,2,1,0,0,2,7,5891,0,3,2,2,868,2923,1,4,0,0,0,1,0,0,0,0,1,0,0,0,0,0,0,1,1,0,1,1,0,0,0,1,2,2,2,0,1,0,0,1,2,3,1410,1,0,0,0,0,1,0,0,3843,2697,274,1,1,1,3,0,1,0,0,0,0,0,1,0,1,0,0,0,3,0,2,0,0,1,85,1,0,1,0,0,3066,0,1,0,0,0,0,3,1600,3713,0,2,0,1,2396,0,0,3,0,0,2,1624,2,1,1,1,3,1,0,0,0,2,0,1282,1,0,0,0,2,1,6,643,1,0,2,3568,0,0,0,1898,452,2,2,0,2,0,1,3,3,2540,1,325,366,0,0,4,3,1,9516,1,1,0,0,0,0,0,0,1,2,3,1,1,1,0,0,2,0,1,3,1,1,0,0,0,0,0,0,4740,2,5,4,3,1,5,3,960,2,1,1,1,3,1,3,2,4,1,0,4488,1,2,4502,4,2,4,2,8722,1,0,818,2,0,0,0,0,0,0,0,2,0,1,0,1,1,1,1,2,0,801,4,2,2,1,2,3038,2,1,1,1,0,1,3,0,1,0,626,1,2216,3,2,0,2,4,1,0,1,1,1,2,1,1,7823,3,13019,0,1,3,4,11,2,2,0,2,0,0,34,1,2,1,0,1,2,366,2,1635,2,6070,1,0,1,0,0,0,0,0,0,0,0,1,1,0,0,0,0,0,0,1,2,0,0,0,0,0,0,1,1,0,0,0,0,0,0
"CCCTTGAAGATAGACGTAAT",0,0,0,0,0,0,0,0,0,0,0,0,0,0,1,2,0,1,1,0,0,0,0,1,0,0,0,0,0,0,1,2,0,0,3,1,0,1,1,0,1,1,0,0,0,1,0,0,0,0,0,0,0,0,0,1,0,0,178,0,1,1,0,0,0,0,0,0,0,0,0,1,1,5349,1,0,0,1,1,0,0,1,0,1,0,0,0,0,0,0,0,0,0,0,0,4,107,0,0,0,0,0,0,0,0,3476,1,2,0,1,0,0,0,0,0,1,0,0,0,0,0,0,2,0,0,0,0,0,0,0,0,0,1,0,0,1727,0,1,0,0,0,0,0,0,0,0,0,0,0,1,0,0,0,0,0,0,1,0,0,2,7644,0,0,0,0,0,1,1,2,1,190,0,0,0,0,0,0,0,0,0,0,0,0,0,0,0,0,149,0,0,0,0,0,1,0,0,1,1,0,119,0,0,1,1,1843,1,0,0,0,0,0,1,0,0,0,0,0,0,0,0,0,0,0,0,0,0,0,0,0,0,0,0,0,0,0,0,0,0,0,0,0,0,192,0,0,1,0,0,0,1,0,0,0,0,0,0,0,0,0,0,0,1,0,0,0,1792,0,0,0,0,0,0,0,0,0,0,0,0,0,0,0,0,0,0,0,0,0,0,0,0,0,1,0,2,0,0,0,0,1,0,0,1,0,0,0,0,0,0,0,0,0,0,0,1,0,0,0,0,0,0,0,0,0,0,0,1,0,0,0,0,2,9,0,2,1,0,0,0,3,2,0,0,0,0,0,0,0,0,0,2,0,0,0,0,0,0,0,0,0,0,0,0,1,0,0,0,0,0,0,0,0,0,0,0,0,0,0,0
"CACAGATAGGAGACCGGTAC",0,0,0,3,1,0,1,0,0,0,0,0,2,0,3,0,0,0,0,2,1,1,0,1,0,0,1,0,1116,0,1,0,1,2,758,0,1,0,0,1,0,0,0,1,0,0,0,0,1,2,1,2,3,0,0,0,1,0,846,5485,0,1,0,0,0,0,2,0,1,1,1,0,0,0,0,1,1,0,0,0,0,1,0,0,0,0,2,0,2,0,0,0,3393,0,0,0,121,0,0,0,0,1,1,1,0,1,3,0,2765,52,0,0,0,0,0,2818,0,0,1,0,0,0,0,3,1,0,0,0,0,0,0,0,0,0,1469,3,4,2,4,0,0,1,0,0,13448,0,2,2672,5901,5604,0,0,1,2,1,1,0,7601,718,2,0,1,0,1,0,0,0,0,1,1,1290,1,0,0,0,0,2,166,0,0,0,0,0,1,0,1,1,469,0,1,0,0,0,1,3,4,5007,230,0,370,2,2449,3,1,3,3,1,3,0,1,0,0,3,1,0,0,0,0,1,0,1,0,0,1,0,0,1,0,0,0,0,0,1,0,1,0,1,1842,0,0,1,2,808,1,0,1,1,0,0,0,0,1,0,0,568,0,2,1,2,0,0,0,3922,0,0,1,2,0,0,0,0,0,2,0,0,0,1,1,0,0,0,0,1,0,0,0,0,0,0,3,3083,3244,0,1,0,2,3,1482,0,0,1,535,0,1335,3,1794,0,0,0,0,0,1,0,0,0,1,1,0,0,1,0,0,0,0,0,1,0,0,1,2,0,302,0,0,0,0,0,0,485,0,2,0,2,0,0,0,1,0,0,1,0,0,3,2,3,0,0,0,0,1,1,1,0,0,0,0,0,3,0,1,1,0,0,0,0,0,2,0
