"","INPUT1A_90_3.txt","INPUT1B_90_3.txt","INPUT1C_90_3.txt","INPUT2A_90_3.txt","INPUT2B_90_3.txt","INPUT2C_90_3.txt","M10BM1_90_3.txt","M10BM2_90_3.txt","M10GUT_90_3.txt","M10L_90_3.txt","M10LN1_90_3.txt","M10LN2_90_3.txt","M10LUNG_90_3.txt","M10S_90_3.txt","M11BM1_90_3.txt","M11BM2_90_3.txt","M11GUT_90_3.txt","M11L_90_3.txt","M11LN1_90_3.txt","M11LN2_90_3.txt","M11LUNG_90_3.txt","M11S_90_3.txt","M12BM1_90_3.txt","M12BM2_90_3.txt","M12GUT_90_3.txt","M12L_90_3.txt","M12LN1_90_3.txt","M12LN2_90_3.txt","M12LUNG_90_3.txt","M12S_90_3.txt","M12SKIN1_90_3.txt","M12SKIN10_90_3.txt","M12SKIN11_90_3.txt","M12SKIN12_90_3.txt","M12SKIN2_90_3.txt","M12SKIN3_90_3.txt","M12SKIN4_90_3.txt","M12SKIN5_90_3.txt","M12SKIN6_90_3.txt","M12SKIN7_90_3.txt","M12SKIN8_90_3.txt","M12SKIN9_90_3.txt","M13BM1_90_3.txt","M13BM2_90_3.txt","M13GUT_90_3.txt","M13L_90_3.txt","M13LN1_90_3.txt","M13LN2_90_3.txt","M13LUNG_90_3.txt","M13S_90_3.txt","M13SKIN1_90_3.txt","M13SKIN10_90_3.txt","M13SKIN11_90_3.txt","M13SKIN12_90_3.txt","M13SKIN2_90_3.txt","M13SKIN3_90_3.txt","M13SKIN4_90_3.txt","M13SKIN5_90_3.txt","M13SKIN6_90_3.txt","M13SKIN7_90_3.txt","M13SKIN8_90_3.txt","M13SKIN9_90_3.txt","M14BM1_90_3.txt","M14BM2_90_3.txt","M14GUT_90_3.txt","M14L_90_3.txt","M14LN1_90_3.txt","M14LN2_90_3.txt","M14LUNG_90_3.txt","M14S_90_3.txt","M14SKIN1_90_3.txt","M14SKIN10_90_3.txt","M14SKIN11_90_3.txt","M14SKIN12_90_3.txt","M14SKIN2_90_3.txt","M14SKIN3_90_3.txt","M14SKIN4_90_3.txt","M14SKIN5_90_3.txt","M14SKIN6_90_3.txt","M14SKIN7_90_3.txt","M14SKIN8_90_3.txt","M14SKIN9_90_3.txt","M15BM1_90_3.txt","M15BM2_90_3.txt","M15GUT_90_3.txt","M15L_90_3.txt","M15LN1_90_3.txt","M15LN2_90_3.txt","M15LUNG_90_3.txt","M15S_90_3.txt","M15SKIN1_90_3.txt","M15SKIN2_90_3.txt","M15SKIN3_90_3.txt","M15SKIN4_90_3.txt","M15SKIN5_90_3.txt","M15SKIN6_90_3.txt","M16BM1_90_3.txt","M16BM2_90_3.txt","M16GUT_90_3.txt","M16L_90_3.txt","M16LN1_90_3.txt","M16LN2_90_3.txt","M16LUNG_90_3.txt","M16S_90_3.txt","M16SKIN1_90_3.txt","M16SKIN2_90_3.txt","M16SKIN3_90_3.txt","M16SKIN4_90_3.txt","M16SKIN5_90_3.txt","M16SKIN6_90_3.txt","M17BM1_90_3.txt","M17BM2_90_3.txt","M17GUT_90_3.txt","M17L_90_3.txt","M17LN1_90_3.txt","M17LN2_90_3.txt","M17LUNG_90_3.txt","M17S_90_3.txt","M17SKIN1_90_3.txt","M17SKIN2_90_3.txt","M17SKIN3_90_3.txt","M17SKIN4_90_3.txt","M17SKIN5_90_3.txt","M17SKIN6_90_3.txt","M18BM1_90_3.txt","M18BM2_90_3.txt","M18GUT_90_3.txt","M18L_90_3.txt","M18LN1_90_3.txt","M18LN2_90_3.txt","M18LUNG_90_3.txt","M18S_90_3.txt","M18SKIN1_90_3.txt","M18SKIN2_90_3.txt","M18SKIN3_90_3.txt","M18SKIN4_90_3.txt","M18SKIN5_90_3.txt","M18SKIN6_90_3.txt","M19BM1_90_3.txt","M19BM2_90_3.txt","M19GUT_90_3.txt","M19L_90_3.txt","M19LN1_90_3.txt","M19LN2_90_3.txt","M19LUNG_90_3.txt","M19S_90_3.txt","M19SKIN1_90_3.txt","M19SKIN2_90_3.txt","M19SKIN3_90_3.txt","M19SKIN4_90_3.txt","M19SKIN5_90_3.txt","M19SKIN6_90_3.txt","M1BM1_90_3.txt","M1BM2_90_3.txt","M1GUT_90_3.txt","M1L_90_3.txt","M1LN1_90_3.txt","M1LN2_90_3.txt","M1LUNG_90_3.txt","M1S_90_3.txt","M1SKIN1_90_3.txt","M1SKIN10_90_3.txt","M1SKIN11_90_3.txt","M1SKIN12_90_3.txt","M1SKIN2_90_3.txt","M1SKIN3_90_3.txt","M1SKIN4_90_3.txt","M1SKIN5_90_3.txt","M1SKIN6_90_3.txt","M1SKIN7_90_3.txt","M1SKIN8_90_3.txt","M1SKIN9_90_3.txt","M20BM1_90_3.txt","M20BM2_90_3.txt","M20GUT_90_3.txt","M20L_90_3.txt","M20LN1_90_3.txt","M20LN2_90_3.txt","M20LUNG_90_3.txt","M20S_90_3.txt","M20SKIN1_90_3.txt","M20SKIN2_90_3.txt","M20SKIN3_90_3.txt","M20SKIN4_90_3.txt","M20SKIN5_90_3.txt","M20SKIN6_90_3.txt","M21BM1_90_3.txt","M21BM2_90_3.txt","M21GUT_90_3.txt","M21L_90_3.txt","M21LN1_90_3.txt","M21LN2_90_3.txt","M21LUNG_90_3.txt","M21S_90_3.txt","M21SKIN1_90_3.txt","M21SKIN10_90_3.txt","M21SKIN11_90_3.txt","M21SKIN12_90_3.txt","M21SKIN2_90_3.txt","M21SKIN3_90_3.txt","M21SKIN4_90_3.txt","M21SKIN5_90_3.txt","M21SKIN6_90_3.txt","M21SKIN7_90_3.txt","M21SKIN8_90_3.txt","M21SKIN9_90_3.txt","M22BM1_90_3.txt","M22BM2_90_3.txt","M22GUT_90_3.txt","M22L_90_3.txt","M22LN1_90_3.txt","M22LN2_90_3.txt","M22LUNG_90_3.txt","M22S_90_3.txt","M22SKIN1_90_3.txt","M22SKIN10_90_3.txt","M22SKIN11_90_3.txt","M22SKIN12_90_3.txt","M22SKIN2_90_3.txt","M22SKIN3_90_3.txt","M22SKIN4_90_3.txt","M22SKIN5_90_3.txt","M22SKIN6_90_3.txt","M22SKIN7_90_3.txt","M22SKIN8_90_3.txt","M22SKIN9_90_3.txt","M23BM1_90_3.txt","M23BM2_90_3.txt","M23GUT_90_3.txt","M23L_90_3.txt","M23LN1_90_3.txt","M23LN2_90_3.txt","M23LUNG_90_3.txt","M23S_90_3.txt","M23SKIN1_90_3.txt","M23SKIN10_90_3.txt","M23SKIN11_90_3.txt","M23SKIN12_90_3.txt","M23SKIN2_90_3.txt","M23SKIN3_90_3.txt","M23SKIN4_90_3.txt","M23SKIN5_90_3.txt","M23SKIN6_90_3.txt","M23SKIN7_90_3.txt","M23SKIN8_90_3.txt","M23SKIN9_90_3.txt","M24BM1_90_3.txt","M24BM2_90_3.txt","M24GUT_90_3.txt","M24L_90_3.txt","M24LN1_90_3.txt","M24LN2_90_3.txt","M24LUNG_90_3.txt","M24S_90_3.txt","M24SKIN1_90_3.txt","M24SKIN10_90_3.txt","M24SKIN11_90_3.txt","M24SKIN12_90_3.txt","M24SKIN2_90_3.txt","M24SKIN3_90_3.txt","M24SKIN4_90_3.txt","M24SKIN5_90_3.txt","M24SKIN6_90_3.txt","M24SKIN7_90_3.txt","M24SKIN8_90_3.txt","M24SKIN9_90_3.txt","M25BM1_90_3.txt","M25BM2_90_3.txt","M25GUT_90_3.txt","M25L_90_3.txt","M25LN1_90_3.txt","M25LN2_90_3.txt","M25LUNG_90_3.txt","M25S_90_3.txt","M25SKIN1_90_3.txt","M25SKIN10_90_3.txt","M25SKIN11_90_3.txt","M25SKIN12_90_3.txt","M25SKIN2_90_3.txt","M25SKIN3_90_3.txt","M25SKIN4_90_3.txt","M25SKIN5_90_3.txt","M25SKIN6_90_3.txt","M25SKIN7_90_3.txt","M25SKIN8_90_3.txt","M25SKIN9_90_3.txt","M2BM1_90_3.txt","M2BM2_90_3.txt","M2GUT_90_3.txt","M2L_90_3.txt","M2LN1_90_3.txt","M2LN2_90_3.txt","M2LUNG_90_3.txt","M2S_90_3.txt","M2SKIN1_90_3.txt","M2SKIN10_90_3.txt","M2SKIN11_90_3.txt","M2SKIN12_90_3.txt","M2SKIN2_90_3.txt","M2SKIN3_90_3.txt","M2SKIN4_90_3.txt","M2SKIN5_90_3.txt","M2SKIN6_90_3.txt","M2SKIN7_90_3.txt","M2SKIN8_90_3.txt","M2SKIN9_90_3.txt","M3BM1_90_3.txt","M3BM2_90_3.txt","M3GUT_90_3.txt","M3L_90_3.txt","M3LN1_90_3.txt","M3LN2_90_3.txt","M3LUNG_90_3.txt","M3S_90_3.txt","M3SKIN1_90_3.txt","M3SKIN10_90_3.txt","M3SKIN11_90_3.txt","M3SKIN12_90_3.txt","M3SKIN2_90_3.txt","M3SKIN3_90_3.txt","M3SKIN4_90_3.txt","M3SKIN5_90_3.txt","M3SKIN6_90_3.txt","M3SKIN7_90_3.txt","M3SKIN8_90_3.txt","M3SKIN9_90_3.txt","M5BM1_90_3.txt","M5BM2_90_3.txt","M5GUT_90_3.txt","M5L_90_3.txt","M5LN1_90_3.txt","M5LN2_90_3.txt","M5LUNG_90_3.txt","M5S_90_3.txt","M5SKIN1_90_3.txt","M5SKIN10_90_3.txt","M5SKIN11_90_3.txt","M5SKIN12_90_3.txt","M5SKIN2_90_3.txt","M5SKIN3_90_3.txt","M5SKIN4_90_3.txt","M5SKIN5_90_3.txt","M5SKIN6_90_3.txt","M5SKIN7_90_3.txt","M5SKIN8_90_3.txt","M5SKIN9_90_3.txt","M6BM1_90_3.txt","M6BM2_90_3.txt","M6GUT_90_3.txt","M6L_90_3.txt","M6LN1_90_3.txt","M6LN2_90_3.txt","M6LUNG_90_3.txt","M6S_90_3.txt","M7BM1_90_3.txt","M7BM2_90_3.txt","M7GUT_90_3.txt","M7L_90_3.txt","M7LN1_90_3.txt","M7LN2_90_3.txt","M7LUNG_90_3.txt","M7S_90_3.txt","M8BM1_90_3.txt","M8BM2_90_3.txt","M8GUT_90_3.txt","M8L_90_3.txt","M8LN1_90_3.txt","M8LN2_90_3.txt","M8LUNG_90_3.txt","M8S_90_3.txt","M9BM1_90_3.txt","M9BM2_90_3.txt","M9GUT_90_3.txt","M9L_90_3.txt","M9LN1_90_3.txt","M9LN2_90_3.txt","M9LUNG_90_3.txt","M9S_90_3.txt"
"CGTGGATTGGAACAGCTTCT",7,17,43,55,20,37,19,14,3,10,19,21,23,7,14,20,3,10,238,21,24,9,12,15,6,18,26,10,9815,19,19,12,33,26761,20123,39071,16,11484,6641,17,17,23,14,11,0,2,43969,7,9,5,27195,10,30,8198,15806,13,14,15,25364,17,21,22,21,11,14486,9,12,11,13735,10,26,29,30,27,28,20,76272,1523,32,15,16208,21043,13,16,1,10,15,156,20,4,7079,12522,5653,21970,5744,24,13094,22,5,13,30459,5474,11,7,0,19355,27188,10444,10065,75,30,16,8,17,342,2793,28,18,15756,20842,12295,20537,33,25318,20,13,4,9,352,11,14,235,22267,13067,20233,16225,11411,10665,22,17,50,11,7194,76,20,11,13177,527,34520,0,12142,28288,10,13,25,16,14,17,5123,12,12,9,4597,19,22,7,10,14,11,1906,12642,3717,21,13,4,10,2828,24,1189,5,13,26063,5490,30164,12152,37202,18685,14761,3,20,33,19,0,18,31,17448,9644,17009,4794,6376,3008,9127,25,12126,9155,28119,15,8,5,6191,16,7000,13591,475,3754,15,26,24,7960,0,618,10202,25,17,18870,35,13,14,3,13,23,23939,12,6,17,23,20,28,37,15,14486,6657,32137,23,20,36,25,32,8,27,24437,11024,52304,11,19133,6127,30242,15988,91603,33,10573,29,3552,13503,22,21397,11,12,0,11,19,13,10612,9,11,6,22,10,41855,5,9,2303,6189,10,2358,18,9,15,23,16,16743,6349,11,12,22,17,23,5871,50811,1107,16,6481,24,10666,12251,5121,17,10,13,11,25,14,1,14,52559,20,11,21,17,14,9343,20,985,2265,54254,15,24,19,21,10,13,2744,8,0,22890,8,9,5,1221,11,7580,35,11487,12,16,7,12,12,2,7,8,17,9,6,15,14,2,3,12,17,21917,4,9,12,0,7,14,13,12,71,8,10,1,6,9,14,11,2
"TTCTACCGAGTCCTCGTAGA",0,0,12,13,9,4,8,3,3,8,22,5,35164,10,2,0,0,2,2314,5,7,2,27,3,0,4,1,3,1855,4,6,5,10,7,6667,2,4,2560,8,2,1,8,12,1,1,2,0,0,6,2,13,17,60978,24,1328,11,13,12,16346,8205,10,20,24,2,0,2,3,5,8,4,0,3,4,3,2,5,3,0,4,0,0,2,38,5,1,7,109,2,3,6,18311,3370,5794,8724,11050,4,4019,1,0,5,23,4,5,2,34351,5860,14,1774,16,13,4,3,0,7,29,3,9,2,5424,30,0,8199,1,339,2,5,1,5,19,3339,7,134,4816,5795,4667,10872,3586,10,4,3,0,4,28418,4,8,5,4397,8571,5388,15,1583,5691,6,2,6,7,0,7747,2516,2,5,5,4289,26,4,0,3,2,5,10,4337,5,5,6,1,5,20,1,3,151,7,6821,6451,5683,1814,7929,114,5734,1,14,63623,10,13,8,10,17,17387,9115,19499,1479,6,56,8465,7708,4765,14,5,3,0,4,17,8,7,1166,3448,8,18,6,9585,10,8130,5488,14,7,7062,12306,2,3,1,5,22,2,10,2,6,18,13,39013,14,12,11,5,13632,10,6,15,7,7,3645,9,14371,9,18043,5,1187,9,16,16196,2,15702,7,11,11,10,10,10334,3,3,0,7,53674,9,11,2,1,0,12,3,6,3,2,1,10,13573,2,12,6,12,4,6,4,13,3,5,1,14,11,1356,0,0,1,2444,4,3704,6,8,3,5,2,9,0,10061,1,3,2,9,16,12,9,3,9237,5,16,31,12,6,9,7,5,5,0,1294,1,3,5,0,1,2,1615,4,7696,10,1841,2,3,0,2,5,1,4,16,2,5,7,2,3,0,6,27,2,31297,1,0,1,0,4,14,3,7,0,7,5,0,1,16,4,6,4
"GGGCTTGGACTTAGTGAAAG",4,4,9,3,6,7,16,10,0,11,3,6,6,1,4,9,0,2,6,8,3,2,6,4,2,179,85145,11,9,8,5,1,7,23622,1696,1,4,4,4016,4,3,3,1,6,0,2,4,5,2,1,6,26976,10,3407,5,8,7,6,8611,2643,3,8,2,2,1,0,6,9,24052,1,4,4,3,5,2,0,1,3,3,2,1,1,2,7,0,1,17,18,1,1,1,7,15895,7,6,5,3126,5,1,0,3,5501,5,2,10512,2976,5455,5,9,5082,8,2,0,1,26,267,3,1,2928,8780,15141,6,4543,5087,5,6,0,4,6,256,2,0,14145,2630,12052,6013,7,5121,9,2,1,3,1,0,5,4,7863,7965,13,9086,2342,6,2,3,8,8,2,4,3,8,5,7,9,3,12,4,6,7,4,1200,2606,1,11,9,0,3,3,2,2,1,8208,13386,7,8239,976,6770,3166,3882,0,1,7,1194,7,5,3,6,8535,9,6176,468,1,6,3837,3071,0,8,10,8,0,5,7,1,4572,4,1,5,5,9,9557,7208,7146,0,4,2,0,4,16,1,0,4,2,4,0,1,8,6,5,13,4,1,3,3988,8016,4,1,3,11,6,0,4,7,5,6,0,3419,2,11,40533,8,8,6,4,11,6,0,0,13,10,0,1,4,7,8,3,4,5,3710,11409,7,6,5,3978,2,3,2,8,0,3,7,7,11065,7,1,1,2,4,9,656,2,0,5,930,1,4523,8,1,0,4,2,4,0,5608,1,5,7,3,5,7,4,3,4,0,6,3,9631,1,0,2,6,4,3,157,6,1593,3,6,4,7,26,3,6,4,13,2,12534,2,6,5,0,2,2,8,3,1,5,3,1,1,5,291,8261,1,8,1,1,1,2,3,3,1,6,3,0,3,4,5,4,0
"AACGCTGACCACAAGTTCGA",1,3,17,22,23,6,5,3,1,13,5,4,25,5,3,1,7,9,16442,7,18,3,4,2,6,4,3,2,1968,1,11,9,8,6,12396,15818,6,9,3757,7,3,9,1,7,2,5,1,2,4,1,4,8,0,6,2881,3,3,6,16217,1452,3,9,1,3,2,9,5,0,8,2,2,4,3,3,9,2,5,2,8,0,0,3,7,1,5,9,0,0,22,0,5441,3138,1,3061,3,6,5199,2,4,8,2,4,30,2,5873,10456,34987,18253,12,2,9,6,7,10,2893,11,59270,5,6,1601,7860,8706,1,6047,4,3,7,8,4,1,23,2,3,6,7,4375,7920,6204,4,7,1,9,2986,371,35372,3,4614,15328,5437,10,2551,7,1,2,2,8,2,11,1985,4,7,3,9,6,1,2,4,3,6,5283,3549,3,4,1,21,7,20,2,17,2,2,1,6,6,2,0,8,4304,32484,19,3,8,17,9,17236,22402,9968,15,4489,3042,11948,9129,11,7,6,13,3,0,105,1705,2,2,22,1213,11662,5,9,6,1003,8,2,6502,7,2,4,8,3,2,2,6,3,5,23,1,6,9,9,6,13,3,2,1,13933,2,2,4,9,4881,3,14,10,2,24,7,2694,16136,12,26017,14,7993,15,7,4082,9,3,12282,8,6,5,14,10,4,12796,5,10,9,5389,24861,10,7,7,3,3,8,6,21727,8,6,6,6,2,10,7,9,5,8,62,10,2,0,1,1119,0,13,11,7,2,2,5,3,1,11,11,2,2,5,1,4,5,1,2,2,5,4,1,1,0,2,10,4,1,10104,9,417,407,14,7,6,281,8,7,4,3531,5,5,4218,3,1,6,7,6,13209,7,3,6,3,5,9,10,2,61065,3,1,1,2,3,5,2,13,1,6,3,4,5,3,5945,24,3
"GACCCAACAAAGTGTTCACC",4,7,56,38,43,42,34,30,9,2510,32,33,50084,28,30,21,4,15,5176,2018,33,13,28,17,1,23,31,21,17454,16,4727,69,67,50699,34164,40,62707,6812,9028,139415,15158,82,26,19,4,12,88003,23,22,20,79833,66,28201,21054,16048,18324,55,38,31419,18916,46400,50,21,14,1,15,31,44421,25,18,27,28,32,38,38,7831,12363,5871,27,12126,25,25509,38,16,191,21,38,1552,826,7,37724,16333,36554,20758,53736,50,24001,36,3,28,7536,27,40125,25,30,16224,28660,10157,22855,11371,49,23,8,25,4749,33739,28,16,11909,24485,27943,12753,16342,24758,25,25,2,27,7229,18556,40115,262,14713,24929,20029,12576,13872,16005,32,31,5,97,13531,184,11246,3100,29593,37856,41708,13558,7882,16783,15,31,38,28,9,31163,5948,29,41,31,43,33303,228,8981,39,12826,50,14025,24613,34,22,28,4,2926,28567,316,6091,11,15627,21441,16329,51891,19835,29679,5176,26446,9,27502,39,28,49,14,1196,29888,8940,73268,15392,12810,0,10190,19944,24946,15928,19413,50,39,5,24230,19712,14746,25711,26,14531,29,32,30,6836,13002,34078,6210,43,38,10536,29,45,29,3,3104,15171,14,26,18,41,21156,68,54,5137,16638,10755,23111,52041,39777,47,49,45,23,5,19,20298,17,26443,15,30167,77340,24095,51548,43332,21621,12878,8532,24074,49,3756,34795,35,26,6,22,34,19,38,23,21870,50560,22119,9688,1234,19,56840,21,2937,6958,36,22575,14,34,38,31,16055,5959,19,38,63336,31,8726,12795,26,41,20,6703,19,3688,11527,4202,13,47,38,29,17,17468,23,30,27992,37,8378,32,19,22,6028,12777,21,40969,18473,80335,21,24,37,43,20,21436,20,1925,10681,20,29,993,1024,37322,22236,19247,11474,36,31028,7239,22,4,2,12,21,18,21,10,16,21,1,9,20,16,26037,15,26,18,0,13,29066,14,21,18,17,20,1,12,31,14,14,161
"GTGGTACACTATACGGTTGC",1,5,13,20,34,17,20,10,4,20,12,9,24,16,16,1,0,12,406,7,0,5,15,7,0,12,16,3217,6172,2,14,14,18,13,16708,11,17,5991,5660,11,11,12,12,6,1,10,18,17,13,11,25,32,31,19,22197,11,38293,22,17065,21526,15,25,9,11,1,10,14,4,10,3,10,36061,16,11,14,11157,14,1971,15,11,5,12,12,10,1,21,71,153,15,22,5720,15866,16883,1144,33670,34,11885,12,2,15,9,2815,9,2,10988,9786,6921,6800,15713,13350,11,9,1,18,766,1570,20,6,4690,4054,18422,4088,7045,23494,11,3,0,8,22878,5,12,7,13502,10426,18369,11469,18441,7055,24,6,2,16218,13615,92,13,11,17574,36832,23713,21015,9133,5900,7,9,14,12,7,7861,8,9,27436,32772,2619,19,16,7978,11,14,22,4185,6592,13,20,4,1,6876,11354,15,19,160,8967,4681,6172,6,144,36419,28,10718,2,18,22,16,21529,15,22,14229,23000,9204,22407,3516,5759,23071,7218,19648,17,25967,9,5,5,1790,7244,13,14591,1185,7519,18,21,19,3762,349,17092,13922,12,16,10,15,16,2,0,13,4,11,6,2,20,27,26,20,29900,14,7142,8450,25694,24,14,29,24,8,0,26,8293,2064,25,11,10001,12582,20,43977,570,8,25,21,3842,18,11,17128,13,15,2,22,21,18,21169,12,13,33923,13555,10,16,7,10,11,10,15,5,13,11,17,22,17,5454,4913,7,10,5,19,8457,35,13,5,4,1269,11,19,11228,7018,8,11,12,20,10,13,7,6,12,15,11,223,9,6,11,24434,11,12,17,26245,11,18,16,22,7,3118,12,1806,12,9,6,6543,12,18650,12,15,3490,7,8,7783,13,7,0,9,8,14861,11,0,12,9,0,19,15,8,44519,7,10,6,0,13,8,2,7,92,16161,14,1,59655,11,2,18,5
"AACGACACATGGACGTACCA",4,11,67,60,80,23,59,31,6,32,41,47,56356,33,31,19,0,15,7666,7463,50,15,39,20,3,25,85279,0,24188,34,4522,77,63,52540,31175,16010,61709,6489,9588,40630,7519,61,39,11,7,26,28,14,30,15,24054,53,30266,2081,27175,54,51,32,48062,30055,25839,57,38,25,4,19,29,27,42,24,40,37091,45,57,53632,24094,33,37,41,36,19511,41111,34,20,0,23,3016,196,49,21,55255,15940,47892,15112,26607,17407,23720,28,13,19567,4688,8781,16048,28,5557,28035,42200,32194,42551,22500,54,40,7,33,16139,9011,31065,30,20888,22430,21395,22413,19924,24433,32,19,0,25,62045,1786,32,20,23338,29361,38844,21743,2724,18063,55,41,5,40,6768,29,22271,8978,50552,43383,20636,50105,13368,31017,15,28,32,26,16,19263,4718,24,26,34,45,51,45792,8980,31830,7752,47,8466,26417,5764,20,27,2,16768,22926,1102,16501,986,36737,20503,26846,44799,25007,67287,11681,24694,4,34,54,28,15570,34,28813,12728,10839,19336,12092,8392,6382,9147,4334,26440,4741,28093,36,3221,4,5275,9617,25,11087,1862,7003,23,42,36,12548,27,31841,12623,32,33,18,33,29,27,1,17,28,24,31,1182,60,41239,0,80,64,9533,30574,12403,63142,35996,42,44,57,38,2,51,12485,22,52740,1545,21520,16402,10779,74633,50,16785,11631,56,18895,38795,1708,34175,53,33,4,28,53515,29,29109,18,23,30,6840,30,22414,16,55889,30,40,13977,628,37,22,46,28,31,5136,4928,22,50,29,30,36,6714,49,7168,73845,3339,43,18620,45,4812,26,43,26,34,3396,19565,15,26,16,51,46,27915,10701,12,9488,27,39897,43,51,54701,9,35,39,42,6118,39337,12,2405,12934,31398,24,11951,2949,25,20729,42,17773,17,34,8710,26,13,0,23,27,18,31,13,23,31,1,18,36,19385,67194,16,27,31,1,14,44937,19,37,18,25,28,1,31,1949,17,28,2049
"TTAGCGTCTCCCTACACCTT",3,2,24,18,25,13,10,6,1,7,5,148,17594,3,8,6,4,2,1,2187,14,2,7,7,5,3,3,5,4575,4,8479,29,18,18,12710,15,24,3694,22006,16,26362,28,10,6,0,5,5,7,13,5,13,14,15290,25,12607,9513,18305,16,16479,8026,21,17,2,5,1,5,6,4,24787,3,18,19,30,13,16,7489,0,1750,16,85378,4607,21,4,8,4,2,6,115,22,32,3733,5,12978,3726,11989,16939,8547,3,2,2,8,2630,19,10,1,8392,9066,5,11740,16,8,8,14225,8,4,4800,18,25,10,18,12,14917,16,8812,6,10,0,7,6,9,38506,165,13151,11213,9,8,5494,5984,11,9,4,4,8501,144,23067,9,9248,5,5525,6,6,5,1,12,14,7,12,10395,10170,13,19,16,4939,100,13,33408,20,13,14,6,13572,8,5,4,1,1,5,182,8,4,4208,3804,6624,4001,12,3015,11090,8262,2,11,11,22,21,7,7,6311,22,21,5216,3696,15,9223,4423,15,8657,8287,7,7,4,12,10,3,18,4,3877,6,4,8,4189,8,5,7146,6,8,29,5,10,7,0,3,7,20834,13,6,18,21818,25,7549,28756,8708,17,8,17501,10129,16,18,9,10,5116,4,13712,7,11,4,16973,30749,24,6127,18,18,21,13,13982,28350,8122,13107,6,11,10,6,2093,8,12769,10,16,16,8272,35667,29,25,27045,16,19,16,1882,19,5,9,17,8,11991,12099,9,16,11,1,14,1437,10,16999,14,7498,15,2126,11,4116,0,8,16,9,10,4,6,8,4,9,14,13,3,4,1,2195,2,2269,18923,13,5,6,15,13,14,2122,13,3741,25,12,14,12656,1230,18941,3595,25,13013,15177,17145,15,0,3,1,1,6,6,5,2,4,5,3,1,11,6,1510,5,3,3,0,1,4,4,14,6,4,4386,2,1,1,12,11,351
"TAGCGGCTTCCCTAACCATA",0,8,17,5,20,11,9,7,0,10,9,16,12,7,2,1,1,8,2,8,9,1,6,6,0,7,6,4,4464,1,7,5,11,25407,5518,3,3,9,7,8,6,7,7,11,0,4,8,2,2,4,26362,23,26,18,6914,16,20176,43228,19807,5574,27077,31,7,10,0,10,4,11,7,3,82,4,5,8,6,3236,2,6,6,0,8,3,4,19,1,9,3,3,6,2,202,9738,2,6,5829,12,3715,19,0,19333,14,2784,12,3,19597,11404,6372,10,9173,15854,6,10,2,12,264,3041,20503,7,11,8706,13263,1196,7,22803,7,1,1,4,7,3354,7,12,23464,32330,4769,9147,8357,5346,6,5,2,6,133,7,832,3197,8716,16,6935,14795,4960,22,4,4,9,22,2,3610,3826,4,2,16,21,31,4,1,2,8,7,2433,4500,3573,7,11,6,4227,14,266,10,10,3283,17129,11,11059,9740,15459,2318,6313,7,14,8,14,7,8,18,16050,9424,16,9062,1306,11893,5119,13457,5501,3321,26,2,7,11,4258,4,11,8113,3,21779,8,10,11,4143,10,5,12771,13,7,3361,12,9,8,1,13,10,11,22272,317,8812,8,5,17,4,6,7230,8304,14842,3,11,12,8,8,3603,7,9,9,6,4,5460,8846,10,8368,15,15,10,16,19,13,8,15232,1,8,2,5,7,5,4,3,11,7,8,12203,5,5,4,7,11,2,2670,14850,3,4,6,13,5656,6546,3,10,6,10,11,1309,6,3,5,2976,9,949,16,1390,8,10,6,14,2,10,4,6,12,6,2,6,12,8,29926,10,13,10,4,6,3,6,10,14,2,2065,4,5,9,3,6,5,347,38153,7271,11,3778,3,4,5,6,5,1,4,2,6,6,1,7,5,1,9,6,5,5210,0,6,1,1,5,19473,8,10,1,6,5,0,5,2,12,11,1
"TCGTGTCAACAGTGCGACTA",11,9,39,17,33,23,20,15,7,5,27,22,27,14,16,10,5,9,25,18,17,17,27,18,9,4,16,16,14263,21,13,12,18,31,20500,8,15,6550,26,11,6,13,24,16,6,10,8,5,8,8,27901,47625,16446,10328,17802,37,43,73834,52007,16237,38,64,16,19,8,12,17,13,17,8,12,20,18,6711,25,11635,15,6124,31,12,5273,14114,27,26,7,8,15,3011,15,17,16853,22180,8419,29604,41518,21,14182,19,15,12,21040,9627,10186,19,2036,10249,20816,18324,7890,12337,24,16,60755,15,7231,5718,70188,21,25042,22727,18724,10989,14450,18250,8852,14,3,11,25019,10280,21,546,24482,16293,53308,32385,45,15117,16,12,8,11,29815,712,10,11474,16625,18240,17649,20756,4093,26772,10,32,15,25,7,28,0,8,14,36742,11962,44,11,9,11,10,7,10202,9932,30,18,19,39,20,11257,325,27,18,8157,20195,19748,11774,8386,55180,9327,22903,17,24,41,8135,25,19,34338,23634,33167,68073,4879,5571,33861,20147,9616,8272,19344,34629,17,21,8,5354,19568,26,32914,1843,8204,13,21,34,4116,369,17317,24234,22,22,12,21,11,12,7,7,28,16,11,6,52,62,56,106046,61,15403,7911,11983,53020,18331,31,56,19,14,5,15,14523,27,23,25,13046,53194,47,31928,25,24,7958,10891,4141,24,3906,33392,19,18,5,25,31,33,23,17,9878,20,26521,12802,0,34623,15,21,24,11,7040,19,4,23,8,29,10,6257,5,3,32970,22,40,6847,16,4,17,3194,22,2381,49,0,7,34,16,36,9,26,8,4,16,24717,39,40,21,11,9298,11,11093,33,24021,29,14,49,16,23,9,30986,21,11,36919,17,15,27,318,19,14,28,6415,15890,15,8,9,9,2,5,21,13,13,14,10,10,4,5,20,20,8,329,2,8,5,3,23,10,14,8,13,10,5,12,4132,1892,11,11
"CCGTCACGACCGGCTGAAAT",1,0,4,0,1,1,0,1,0,1,2,0,0,0,0,0,0,0,5385,0,1,0,0,0,0,0,0,1,0,0,3,0,2,16,1,0,1,0,1,0,0,0,0,2,1,0,0,1,0,1,6,1,3,10394,1393,4,5,2,1836,5,8,6,0,1,0,0,0,0,0,0,4,2,1,9,0,3,0,109,0,3,9002,2,2,1,0,0,0,0,0,0,0,1,0,7,2,2,1472,1,0,2,2,1,0,3,1,1,0,2,5,3,1,0,0,0,0,0,0,0,1,2,0,5,2,2,1,1,0,1,0,0,0,0,0,0,0,8,3432,3,0,0,0,0,1,0,0,308,1,5,0,8,14,5698,6,0,1,2,4,1,0,0,1,2,6,17899,0,8232,0,1,0,1,1981,5,0,0,0,0,0,0,0,0,1,2,0,6,1,6636,0,2,0,0,1,1420,0,0,32086,4,3,10,6,0,3,2,8,3,6,3,0,0,0,0,3,0,0,0,18,15,18,129564,16,15,12,13,19,10,8,18,0,0,0,0,3,0,1,1,5,1,1,6,0,1,0,0,267,0,1,1,0,0,0,1,0,1,1,0,2861,1,1,6,1,7333,0,0,2,3,1,3641,0,0,0,0,0,0,0,0,2,0,0,7,0,1,0,0,1,0,0,1,13,0,2,2,5506,0,0,1,4,3,6,3,2,3,0,0,1,1963,5,1294,5,1,0,3,2,3,0,0,13,0,0,3,17,9,10,18,16,1,0,2,11,1,0,5,4,1061,0,1,1,0,0,0,246,0,2,2,1,0,0,0,0,0,0,0,0,0,0,0,0,0,1,1,0,0,0,1,0,0,0,0,0,0,0,0,0,0,0,0,0,0,0,1
"AGGTTTATATCATCAGCGCT",0,0,0,0,0,0,0,0,0,0,0,0,0,0,0,0,0,1,0,0,1,0,0,0,0,0,0,0,0,0,0,0,0,0,0,0,0,0,0,0,0,0,0,0,0,0,0,0,0,0,0,0,0,0,0,0,0,0,0,0,0,0,0,0,0,0,0,0,0,0,1,0,2,0,0,0,0,0,0,1,0,1,0,0,0,0,1,0,0,0,0,0,0,0,0,0,384,0,0,0,0,0,0,1,0,0,0,0,0,0,0,0,0,0,0,0,0,0,0,0,0,0,0,0,0,0,0,0,0,0,0,0,0,0,0,0,0,0,0,0,0,0,0,0,0,0,0,0,0,0,0,0,0,0,0,0,0,0,0,0,0,0,0,0,0,0,0,0,0,0,0,0,0,0,0,0,0,0,0,0,0,0,0,0,0,0,0,0,0,0,0,0,0,0,0,0,2,0,0,0,0,1,0,0,0,1,0,0,0,0,0,0,0,0,0,0,0,0,0,0,0,0,0,0,0,0,0,0,0,0,0,0,0,0,0,0,0,0,0,0,0,0,105,0,0,0,0,0,0,0,0,0,0,0,0,0,0,0,0,0,0,0,0,0,0,0,0,0,0,0,0,0,0,0,0,0,0,0,0,0,0,0,0,0,0,0,0,0,0,0,5619,0,0,0,0,0,1,1,0,0,0,1,0,1677,0,0,0,0,0,0,0,0,0,0,0,0,0,0,0,0,0,0,0,0,0,0,0,0,0,0,0,0,0,0,0,0,0,0,249,0,0,0,0,0,0,0,0,0,0,0,0,0,0,0,1,0,0,0,0,0,0,0,0,0,0,0,0,0,0,0,0,0,0,0,0,0,0,0
"GTGCTGACCAATCGACCAAG",0,0,0,1,1,0,0,1,0,0,2,3,0,2,0,3,0,1,11244,0,2,0,1,4,0,0,0,3,0,0,6,3,2,4,5227,16225,0,1,3,0,1,0,1,5,0,3,1,1,0,0,0,0,1,0,1,2,0,2,383,0,0,0,3,2,0,5,3,2,2,1,0,0,2,1,0,0,0,2,0,0,0,1,1,1,0,0,0,2,0,1,3,2,5583,0,2,3,1070,2,0,0,0,3,2,0,0,0,0,0,0,0,0,2,0,0,0,3,1,0,4,1,4,0,0,1,0,1,0,1,2,2,2,0,7,1,9675,2,1,5763,0,1,0,0,1,1,1,0,1,0,1,0,0,2,1,5,1,1,2,6,1,1,2,4,0,1,1,2,2,2,8,0,959,2,0,3,0,0,2,3,5949,0,8920,1,4,1,9,9,0,437,0,0,1,2,0,0,4,0,3865,4,0,1,1,4,1,1,0,3,0,2,0,0,1,5,0,2,1,0,3,0,1,1,0,1,0,0,0,0,0,2,0,0,1,5,0,0,8,10,10,10,5,2,10,8,375,8,4,7,0,2,0,0,0,2,1,0,3430,2,7,1,1,0,0,0,2,1,0,1636,0,1,0,0,5,2,0,0,2,0,0,0,1,0,0,1,0,0,0,1,0,5,1,0,1741,1,0,1,1,2,2,3724,0,0,3,0,1,2,3,3,0,4,0,0,0,3,0,2,1,23522,11,14031,0,1,4,0,0,5,12,24646,0,3,1,0,1,0,0,1,2,1,0,2,562,0,1,1,3,0,0,4,0,3,0,0,1,14332,2,2,0,2,0,0,3,4,1,2,0,2,0,0,1,2,0,0,0,2,0,0,1,4,3,0
"CTCATCCTGCGAACCAAGTG",0,1,0,15,0,1,0,2,0,0,0,0,0,3,2,1,2,1,19389,1,2,4,2,0,0,0,0,4,0,0,4,6,9,26456,8,9,29960,3,9,5,7,7,1,0,0,0,0,1,0,1,3,4,5,2,1,1,3,2,1448,3,3,1,4,0,0,0,0,1,0,480,0,0,4,0,0,0,5,0,0,0,0,0,1,0,0,2,0,2,0,1,3,5,10078,2,1236,9,824,3,0,1,3,0,0,1,1,3219,1,0,1,5485,0,0,0,0,1,0,0,2,5,1420,3,3,1,1,1,0,0,1,1,1,0,0,1,2,0,4,379,1,5,1,0,3,6,226,1,5,0,0,379,1,0,1,1,1,1,0,0,1,0,4,4,1,3,1,6,4464,7,8,10,2444,2836,3,0,3,0,0,3,0,0,0,3439,9213,2089,0,1,0,0,818,1,0,2,0,0,1,1,1,1,2,1,1152,6186,3,2,3,1,2,0,1,1,718,4,0,0,1,5426,1,2,1,1,0,1,1,1,0,2407,0,0,1,0,0,3,0,0,1,0,0,2,1,0,1,3,0,2217,0,0,1,0,3,0,2,3329,1,0,2,1362,0,2,3,1,1,5,0,2962,0,0,0,0,1,0,0,1,0,1,1,1,0,1,0,0,0,4,3362,1,0,0,0,0,1,0,2,0,2020,0,12,2,1,6,2,0,0,0,1492,1,2,0,1,1,0,0,0,0,6069,0,5,2,3,1,0,1,0,0,0,0,0,0,0,0,0,0,1,0,201,1,5,0,0,0,1,0,0,0,0,2,1,0,0,0,2,0,0,3,0,0,1,1,2,0,0,4,0,2284,0,2,1,0,2,2,0,1,0,0,0,0,0,1,0,0,0
"TGAAGGTAGACGGAGGATTT",0,0,1,0,0,2,0,0,0,3,0,1,0,0,0,0,0,4,1410,0,0,0,2,1,0,3,0,0,0,0,0,0,0,0,0,2,3,0,4308,1,0,0,0,2,0,2,0,0,0,0,0,1,0,0,1,0,0,0,762,1,0,0,0,1,0,0,0,0,0,0,1,0,0,0,3,0,0,0,1,0,0,0,1,2,0,3,77,0,0,0,1,0,0,0,1,0,1034,0,0,3,1,3,0,0,3,6830,3,3,0,1,2,2,0,5,2,1,1,0,0,1,1,5032,0,2,0,0,0,3,0,0,0,0,0,0,1,2,0,0,0,0,0,16916,0,6,1,0,0,0,0,0,0,0,0,1,0,0,0,0,1,0,1,0,0,1,1,0,0,0,0,0,934,0,0,0,0,1,0,1,0,0,2000,2,0,2,0,1,0,4,0,6,2,1,0,1,0,2,0,0,1,379,0,0,1,4322,1,0,2,0,1,5,1,15215,1,0,3476,0,0,1,2,0,0,0,0,1,0,0,0,1,0,5,0,2,0,0,0,1,0,0,4,0,1,1,769,2,0,0,0,1,0,3,5,4,0,0,0,0,0,0,2,1,2,0,1,1,0,3061,1,0,0,4,0,4,0,0,1,2,1,2,22727,0,0,0,2,0,5,2,0,0,2,0,0,0,3,2,0,0,1,1,0,0,0,1071,0,1,2,0,0,0,0,0,0,0,1,0,1,0,0,0,0,0,1,0,0,0,0,0,0,0,1,1,0,1,1,2,0,0,2,2,1,0,0,0,0,4,7,2,0,0,0,1,0,2,0,0,0,0,0,7,2,2,0,0,0,0,0,3,0,0,0,0,0,0,0,2,2,0,0,0
"ACCACCCGGACATGATCGTC",0,1,10,0,2,7,3,1,0,2,6,1,2,2,9,0,0,1,4102,4,3,3,1,2,1,2,4,1,3195,0,8,5,8,6,1980,0,32335,3,8148,4,6,11,6,1,0,0,4,1,1,1,5,6983,12,31657,1921,8,7,4,2112,0,11,5752,7,6,0,0,5,1,0,0,2520,4,2,3,2,2,2,1934,6,2,2020,6,3,1,1,0,4,3,1,1,0,0,1,2,10,5,10952,0,2,2,5,2929,0,0,0,1,1,3,9304,5891,0,6,0,0,5,2,1,0,6,0,8,10,7,5,2,2,2,1,8822,3,1,0,0,4,9471,1603,2860,8,7,3,262,2,7594,323,5,3,1,9119,7451,6,2711,2120,0,8,3,7,0,7,5052,7,9,0,9,9,2,8743,4,5,8,5256,14524,6,5,0,2,0,6,2,0,0,0,0,1,6,12760,10,4,2302,1,4,2,6,2,5,8,12063,11,12453,6373,6714,6,5,9,5,4958,21,1,0,0,0,5,2,0,0,7269,5,7,5,8333,3867,9,5,3,2,4,6,2,1,0,1,8,2,2,0,12,6,13,16,6,11,12,5,6709,7,7,59462,6,1,3,8,1,3,9,6,5900,6536,6,3,4,8,8,7,8257,4,3,17008,2,3,0,1,3,3,1960,0,2383,12,4,15894,13,8,10390,2,6,5,2368,7278,0,6,5,8,11181,7014,6,5,6,6,4592,996,0,2,0,2560,2,8169,13,4185,3,5,6,12,353,7,4,8,2,6,4,5,1,2,2,8321,921,16,5,2,2,8,7,12,2,3749,11,9,5,4,5,5,2015,3,7897,2,2128,29144,5,8,6,0,1,0,3,1,0,0,2,1,0,1,2,2,3,1,0,3,1,4,24478,1,1,2,3,0,0,1,6,2,0,1
"CGTGATAGACTAGCGCAAGG",0,0,3,0,1,1,0,0,0,0,0,0,0,0,0,1,0,0,649,0,1,0,0,0,0,0,0,2,2026,0,6,2,13312,6,1580,3,3,7,3,4,3,6,1,0,0,0,0,0,1,0,2,1,2,3,1,1,0,1,1041,0,1,1,0,0,0,0,0,0,0,0,0,0,0,0,0,0,0,0,0,0,0,2,4,0,0,0,1,0,0,0,0,2,1,0,11198,14893,421,1,4,0,0,1,1,1,0,1,2,0,4,0,0,1,0,0,1,0,1,0,1,1,1,1,1,0,0,0,0,0,9352,0,2,2,2,0,0,0,2,7,0,0,0,0,3,0,1,0,0,2,0,1,2,4,0,3,1,2,0,7380,1,5,3,0,1,3,5,4,4,6,14337,0,1725,0,2,0,1,1,1,0,2,1,1,0,0,2,1,3474,1424,521,0,0,0,1,1,0,4,2,3,7,7,465,5,7,4,6,3,7420,0,2011,0,0,1,0,1706,0,6522,1,1,3,0,1,4277,1,0,1,5,1,0,0,0,0,1,0,0,0,3,2,2504,3,2,2,1,14962,1273,4,2,6,1,0,0,0,1858,1,1,2,7250,1,3,8316,5,1,1,4,1,5,0,4,0,0,0,0,3,0,0,0,0,0,1,51,0,3,0,1,0,0,50,0,0,2,1,0,0,2,0,4,0,4,2,2035,0,0,0,0,0,643,3,3,1,2,0,1,0,11696,0,1,3,2,4,3,1,1,2,1,3,3,3,1,0,4,0,0,0,32,0,9,4,0,0,1,277,3,1,3,4,0,0,4051,0,0,2,1,1,1,1,0,0,1,0,0,2,0,691,0,1,1,0,1,4,0,1,0,0,0,0,0,1,0,0,0
"ATTCCCGACGTTAACAGTAC",1,0,1,0,0,0,0,0,0,0,0,0,0,0,0,1,0,0,76,0,0,0,0,0,0,0,0,0,0,0,0,0,0,0,0,0,0,0,0,0,0,0,0,0,0,0,0,0,0,0,0,0,0,1,0,0,0,0,0,0,2,1,0,0,0,0,0,0,0,0,1,1,1,0,2,0,0,1,0,0,0,1,0,0,0,1,0,0,0,0,0,0,0,0,0,0,910,0,0,1,0,1,2,1,1,1242,0,0,0,0,0,0,0,0,0,0,0,0,0,0,0,0,0,1,0,0,0,0,0,0,0,70,1,0,0,0,2,2,0,0,0,0,0,0,0,0,0,0,0,1,2,1,1,0,1,2,1,7787,1,0,0,0,23,1,0,2,1,0,0,1,2280,0,0,1,0,0,1,0,0,0,2,0,0,0,0,1,0,896,0,0,0,0,0,0,1,2,3,1,0,51,0,0,1,0,2,1,0,0,0,0,0,0,0,0,0,0,1,2,0,0,2,0,2,1,3,1,0,0,0,0,0,0,0,0,0,0,0,0,0,1,0,0,1212,0,0,0,0,0,0,0,0,0,0,0,1961,0,0,0,1,1,0,1,0,2,0,657,0,0,0,0,0,0,0,0,0,0,0,0,0,0,0,0,0,0,0,0,1,1,0,1,5622,1,1,1,0,0,2,1,3,1,0,1,1,0,1,0,1,0,0,0,0,0,0,0,0,0,1,0,1,0,449,3,9824,0,0,0,0,0,0,1,1,94,0,0,0,0,0,0,278,0,0,1,0,0,0,0,1,1,0,0,0,0,0,0,1,1,0,0,0,0,1,0,0,0,0,0,0,0,0,0,0,0,0,0,0,0,0,0
"TGGCACCGGACCGTCTGAAA",0,0,0,0,1,0,0,1,0,0,0,1,0,0,0,0,0,0,7365,1,0,0,0,1,0,0,0,2,0,0,3,3,0,2,2,0,1,4,3,0,1,1,1,1,0,0,0,2,0,0,1,0,1,0,0,0,0,0,0,0,1,0,1,1,0,0,0,0,0,0,0,0,0,0,0,0,0,0,0,0,0,1,0,1,0,0,0,0,0,0,1,1,0,0,1,1,428,2,0,0,1,1,0,0,1,2,0,0,1,3,0,1,0,0,0,0,0,0,2,4390,3,1,0,2,0,0,0,0,0,1,0,0,0,0,1,0,1,5,0,0,0,0,4,0,0,0,1,0,0,0,0,0,0,1,0,0,0,0,782,2,4,0,0,0,1,9134,0,0,1,2417,1695,0,0,2,0,0,2,1,0,0,2,6090,0,0,1,2,0,1,0,0,1,8950,3,0,0,1,1,3,4,336,0,0,1,0,68,0,0,0,0,1081,1,1,0,0,0,0,0,0,0,0,0,0,0,0,0,0,0,2,0,0,2,2,0,0,1,1,2,0,0,0,0,7778,641,1,0,1,0,1,0,1,1,2,0,0,0,0,0,0,0,0,0,0,1,0,0,2754,0,1,0,0,1,0,0,0,0,0,0,0,0,0,0,0,0,0,0,0,0,0,0,0,0,2,0,0,2,0,0,2790,1,1,0,0,0,2846,3895,2629,0,1,1,0,0,1,0,0,0,0,0,0,0,0,0,0,0,2,1,0,0,0,0,0,0,75,0,2,0,0,0,0,779,0,0,0,0,1,0,2,0,0,0,0,1,2,0,0,0,0,0,0,0,1,0,0,0,0,0,0,1,1,0,0,0,0,0,0,2,0,0,0
"CTAGACGCTGTAGTTCTGTA",0,1,0,13,26,2,0,0,0,0,1,0,18,0,0,0,1,1,4462,1,8,0,0,3,0,0,0,0,13,0,1,0,3,4,3020,5,1,1,4373,1,2,4,0,2,0,0,0,0,13,0,0,0,2,0,4,4,0,1,468,0,0,4,0,1,0,0,1,0,17,0,2,0,3,0,5,1,0,0,3,2,1,1,0,1,0,0,0,0,18,0,0,0,0,1,2,4,402,0,0,0,2,4,7,0,0,1,0,0,0,1,1,0,0,0,0,2,17,0,0,0,0,1,2,11231,1,0,0,1,2,3,19228,2,0,3,5229,1495,0,1,0,0,0,0,1,2,11,0,0,1,1,0,0,2,0,0,0,0,0,0,1,0,4,0,0,0,3,8911,1,1,3,1,755,1,1,1,0,0,0,0,15,0,0,1,2,0,0,1,2,181,3,2,2,2348,19043,0,1,2,1,1,5,422,0,4442,0,0,0,4,0,0,0,0,0,1,13,0,3305,0,0,0,0,1,0,0,2,0,1,0,0,0,0,0,1,1,10,0,0,0,0,0,0,1,0,1,894,0,1,0,2,0,0,2,1772,1,13,1,0,1,1,2,0,0,1101,4,2,0,2,4973,0,0,0,0,0,1,12,0,2,1,6600,2,23120,4,3,4964,5,4,2235,4,1,1,3,1,4,1,9,5,2,0,0,0,0,3,1,1064,2,1898,2,1,7,1,5,5,2,1,4,3,0,0,0,0,0,0,0,0,0,1,1,1,1,0,0,0,0,33,5,5,0,1,5,4,593,0,3,2,0,6,6,3,0,0,0,0,0,3,9,0,2,3,0,0,0,0,22379,1,6,6,1,4,2,1,61362,1,0,0,0,0,0,1,483,0
"CTGTCCATGCTTGCCTGTGA",0,0,2,0,0,1,0,0,1,0,1,0,0,0,0,0,1,0,0,0,0,0,2,0,5,0,1,0,2413,0,0,0,0,0,1694,2,0,1,0,0,0,0,1,0,0,0,2,0,0,0,2,0,0,0,0,3,2,0,0,5461,0,3,0,0,2,0,3,0,0,0,0,0,0,0,0,1,0,1,1,0,0,0,0,1,1,0,3,0,1,0,0,0,0,0,1,0,868,0,1,0,0,0,0,0,0,0,0,0,0,2,2,1,1,0,1,3048,0,1,1,0,0,0,0,0,1,3,0,3,5775,1,0,1,0,0,0,1,0,0,2,1,1,0,0,0,1,0,4307,0,3243,0,0,0,0,2,1,0,0,0,0,0,0,0,1,3,0,0,0,0,0,0,961,0,0,0,0,0,0,1,0,0,1,0,0,0,1,2,0,746,1,1,0,0,1,0,0,0,1,0,0,993,0,0,0,0,0,0,1,0,0,1,0,0,0,0,1,0,0,0,0,2,0,0,0,0,0,0,0,0,0,1,4,0,0,0,0,2,2,6,4,16314,2,7832,897,2,0,2,3,0,6921,1,0,0,1,0,3692,1,2,1,5,7840,0,3,1,1,1,1367,1,0,2,0,0,0,0,0,0,0,0,1,1,4,0,2,5850,1,1695,2,0,0,2,1,0,0,0,0,0,0,0,0,0,0,0,0,1,0,0,0,0,1,2,1,0,0,0,0,0,1,3,1,0,0,0,0,0,4,10,2,0,3,1,1,0,458,0,0,2,0,3,2,1020,0,2,3,5,0,0,1,2,0,0,0,2,0,0,0,1,0,0,0,0,0,1,0,2,0,0,0,1,0,0,0,0,0,0,0,0,0,0,0
"CTAGTAAATGGAGCGGGCCA",0,0,0,0,0,2,0,0,0,0,0,0,0,0,0,0,0,0,0,0,0,0,0,0,0,0,0,0,0,0,1,0,0,0,1,0,0,0,2311,1,0,0,0,0,0,0,0,0,0,0,0,0,0,0,0,0,0,0,0,0,0,0,0,0,0,0,0,0,0,0,2,0,0,0,1,2,0,1,1,1,0,2,0,0,0,0,0,0,0,0,0,0,0,0,2,1,0,0,1,1,2,1,2,0,0,0,0,0,0,0,0,0,0,0,0,0,0,0,0,0,0,0,0,0,0,0,0,0,0,0,0,0,0,0,0,0,0,0,0,0,0,0,0,0,0,0,0,0,0,0,0,0,0,0,0,0,0,0,1208,0,0,1,0,0,0,0,0,0,1,0,572,0,0,0,0,0,0,0,0,0,0,0,0,0,0,0,0,0,0,0,0,0,0,3,3,0,0,0,3,31,1,2,3636,1,0,0,0,0,0,0,0,0,0,0,1,0,0,0,0,0,0,0,1,0,0,0,0,0,0,0,0,0,0,0,0,0,0,0,0,0,0,0,417,0,0,0,0,0,0,0,0,1,0,0,923,0,0,2,0,0,0,0,2,0,1,1320,0,0,0,0,0,0,0,0,11570,1,7,0,1,3,0,2,3,0,1,0,0,1,0,0,5413,1,0,1,1,1,0,1,1,1,0,2,0,0,0,0,0,0,0,0,0,0,1,0,0,0,0,0,0,0,0,0,0,0,1,0,0,0,0,0,0,98,2,0,0,1,3,0,496,0,0,2,0,3,2,2,0,0,0,0,0,0,0,0,0,0,1,0,0,0,0,0,0,0,0,0,0,0,0,0,0,0,0,0,0,0,0,0
"CATAACTTGGATAGAAGTGC",0,0,8,1,1,1,0,0,0,0,0,0,0,0,0,1,0,1,2,1,0,0,0,0,0,2,1,2,0,2,1,4,7,2,0,7633,0,0,1,0,0,0,1,1,0,1,2,1,0,2,8,24333,21,7,13,5,9,5,1796,2781,3,21431,1,0,0,0,1,0,0,1,7,10,66109,8307,11,1369,9,11,3,11,7072,10,1,0,0,0,0,0,0,0,6697,2,4,0,2,1,1357,0,0,0,0,1,2,0,1,6288,4,1,12,10,2,5,1,5,3,4,1,0,3069,1,8,0,11,8736,1,1,1,0,1,212,1,2,1,0,0,0,0,0,0,1,0,1,0,0,0,1,0,1,10,0,3,2,5,1,2,5,7,0,2442,1,0,1,1,5,0,1,2,1,2,2,759,11875,0,0,0,1,0,19,0,0,0,2,2,1,1,6177,1,1425,0,1,0,1,1,0,0,1,6,0,1,457,0,2,1,1,1,3,0,3,0,3,1,0,0,0,3506,2,31822,3,3368,6,1,3,5,5,5,8,1,0,0,2,1,1,0,0,1,1,7,1,3,1,0,0,1241,2,0,2,0,2,1,3,2,1,1,4,4788,6,9,5,42518,4,5,5,3839,3,5,4,2,0,0,1,0,1,1,2,3,0,6,1,3,0,0,1077,0,0,4112,4,4,1,3,5,10,1,0,1,5,0,0,1,4,5,13,985,10,1920,1,2,7,0,9,3,5,0,1,1,3,0,2,2,1,2,6,4,9,1,0,1,3,2,6,4,5,53,2,0,5,0,0,1,2623,1,8,4,7,0,1,2,0,1,1,0,0,0,0,0,0,0,0,0,0,0,0,1,0,1,0,0,0,0,0,1,1,0,0,0,0,0,0,1
"GGTAGTTCGACGTGCCCTGA",2,0,3,1,0,0,0,1,0,1,1,7,1,0,0,3,0,1,0,7,0,0,2,4,1,3,4,1,2158,0,1,1,2,2,5173,1,0,2,1,0,0,2,1,2,0,0,0,1,0,1,1,4,1,3,2255,1,3,3,1580,2512,2,1,2,5,0,1,0,1,1,1,1,4,0,3,2,2,2,1664,3,0,1,1,2,6,0,0,2,1,0,2,2459,1,2,4494,0,5,2109,4,0,1,0,3,0,1,1,3367,1,3418,0,0,1,4,0,1,4,2,1,0,1,2,3,1575,0,8646,3,2,0,1,0,6,0,1,4,3110,3,2,1,4,1,4,2,3,0,4,2,4,0,2,7,4814,15,2,1,3,1,4,0,3,1090,2,0,2,1,0,2,1,0,0,2,2184,2434,2,2,4,4,1,11260,13,1,5,4310,3991,2,11492,2,2,2984,855,1,1,0,6,0,2,3,2,2,8798,2,1791,1,2,5,1,2,8325,1,4,2,2,4,12571,0,1,2,3,3,2,4080,2,2,9006,0,1,0,2,1,1,0,2,1,4,0,0,2,3,5,2,6,0,14767,2,1707,1,0,0,1,3,4277,0,2,7,0,1,2,23633,0,2,2,3,1,6,2,2,3,4,3,7,1,2,1,0,1,0,2,0,0,2,1,0,1,3012,1,1,4439,3,1,3,1,3,0,0,2,1,0,0,1,1467,2,0,2,1972,3,1946,7,1,0,1,2,2,122,3,1,1,3,1,1,4,1,3,1,1,0,2,1,2,0,1,2,1,2,128,0,1,3,2,0,1,4688,2,2,6,1,0,2,2,2,1,2,2,4,24316,2,2,0,1,0,2,2,0,0,0,1,2,1,0,1,3,0,1,1,3,0,1,0,6,0,0
"TAGTATTGGCGGGACTCATC",0,0,2,1,0,0,1,0,0,0,0,1,0,1,1,1,0,0,0,0,0,2,0,0,0,0,1,0,1884,0,0,0,0,1,0,0,0,1,0,0,0,0,0,0,0,0,0,0,0,0,1,0,0,4,1382,0,0,0,0,2902,0,0,0,0,0,0,0,1,0,0,5,1,3,18351,6,3,2,1431,5,6,0,3,0,0,0,0,0,0,0,0,0,0,0,1,0,0,212,1,0,0,1,0,1,0,1,0,0,1,0,0,0,1,0,0,0,1,0,0,0,0,0,0,4,5,0,0,0,0,0,0,0,0,0,0,0,0,2,0,0,0,0,0,0,0,0,0,2,0,0,1,2189,0,0,0,3,1,5940,2,85,1,0,0,0,3,1,0,0,0,0,0,1044,1,0,0,0,0,0,0,0,2,0,0,0,1,1,1,0,1492,0,0,0,1813,0,0,3,4,4,9444,6874,1,1,6,2,3599,3,4,0,0,1,2,0,1,0,0,2,0,0,1,1,1,0,0,0,0,0,0,0,0,0,0,0,0,0,0,0,1,1,2,0,0,0,0,555,2,0,0,0,1,0,0,0,0,0,0,2236,1,0,1,4,1,2,0,0,2,3,1,0,0,0,0,0,0,0,0,0,1,0,0,2,0,0,0,0,5,0,0,0,0,1,0,1,3,0,0,2,1,3,1292,3,2,4,2084,0,4101,2,1321,0,0,1,0,2,0,0,0,0,0,1,1,1,1,0,1,2,0,1,0,0,0,1,0,3,148,0,0,1,0,0,2,2088,1,1,0,7622,1,0,0,0,1,0,0,0,0,0,0,0,0,0,0,0,0,0,0,0,0,0,0,0,0,0,0,0,0,0,0,0,0,0,0
"TAATTGTACCTCTTCCCGGA",1,0,1,6,4,3,3,2,0,0,0,1,6,3,1,3,1,2,464,0,4,1,2,3,0,3,3,0,13036,0,0,0,3,0,1639,0,0,0,2,1,1,3,1,1,0,0,1,0,0,0,5,2,7,8,1332,1,3,2,4063,1,3,1,1,2,0,1,1,1,6,0,6,1,1,1,4,2,2,4397,2,2,1,5,1,3,3,1,1,2,9,0,1,0,4920,1,0,1,3451,3,0,0,3,2,1,2,1,2,0,0,4,6,2,0,2,1,1,1,9,1,2,6306,1,0,3567,5354,2,0,0,0,1,0,3,1,8462,3,0,0,1,21,1,2,0,0,2,2,1,0,2,398,1,3,4752,1,1,4,5,1,5983,3723,2449,0,2,5,19232,1,3,0,1,3,1,4,2406,2,2,3,0,0,1,2,4,0,2311,0,4,1,2,1,4628,3238,2,0,2,1761,6,1,3,4,7,4,9050,1599,2,3,3597,7637,7,7,1,1,0,1,0,1,1494,1,1,0,1,0,0,1,1,1,2,0,0,2,3,3,3,0,1,1,3,1,8351,1,4,1,3,89,7015,2,1714,1,0,6,3,5,5661,4,0,5,25992,1,5,4,7,2,4,2,3,4,1812,9,3787,4085,2,1,0,0,2,1,4,0,2,5,4,5,2,1,1,6218,2,3,4211,4,0,4,5,1,1,2,4,0,1,2,7,771,1,0,0,2055,3,8383,6,0,0,0,3,3,2,2,0,0,1,2,4,1,3,0,1,1030,0,2,4,0,0,2,3,4,3,125,3,1634,5,3,6,3,13097,2,6869,17090,8,1,5,3855,2,0,3,0,0,3,2,1,3,1,0,0,0,1,5,0,1,1,3,0,0,0,1,13,1,0,0,0,1,1,3,16
"CACTGCATTTGCTTCCCTGC",0,0,1,1,0,3,0,3,0,0,2,1,0,2,0,2,0,0,0,0,0,0,1,2,0,0,0,3,2110,4,0,0,0,1,1,0,0,4605,1,0,3,0,2,0,0,0,0,3,0,0,0,0,1,1,1,0,0,1,1,0,1,0,1,0,0,0,0,1,0,0,0,3,0,1,1,0,0,1555,0,0,0,0,4,1,0,0,1,4,1,0,0,3080,0,1,0,0,2352,1,0,0,1,0,1,0,0,0,0,2,1,1,1,2,0,0,1,1107,0,0,0,0,0,4137,1,1,1,0,0,0,1,0,0,0,0,2,0,0,1,0,1,2,0,0,1,0,0,1,0,3,2,4,1,0,0,0,1,175,0,0,6,0,0,0,1,0,2,0,0,0,2,0,1019,0,1,4,0,2,0,0,0,0,7,4717,2,10990,0,0,772,1191,0,0,1,0,0,0,0,0,4730,2,0,925,0,0,3,1,2,1,0,5,0,0,244,0,0,0,1,0,0,4,0,1,0,0,0,1,2,0,0,2,0,0,0,1,0,0,1,0,1,1,0,0,49,0,1006,0,0,0,2,4,0,0,5,0,0,2,2,3,3,8168,0,1,1,1,2,3,0,1,2,4,0,0,1,0,0,1,4,0,1,2,3,2,0,2718,3,2,2170,5,2,0,1,1,0,0,2,0,0,0,2,0,0,0,0,2,0,0,2,0,1,0,2,2,0,0,1,1,1,0,2,0,3,0,0,9416,1,0,1,0,2,1,3,0,1,0,1,0,0,2,2,0,2927,0,0,4,1,1,16667,1,0,2,0,0,0,0,0,1,0,0,0,0,0,0,0,0,0,0,0,0,0,0,1,0,0,4,0,0,0,0,0,0
"CAAGACCTTAGTTTGATCTG",3,5,23,11,14,24,11,8,7072,3,6,6,9,11,12,9,5,5,727,7,12,5,8,6,7,12,15,10479,21221,3,4340,28,18,16,18858,22588,10,13441,3457,10,14,17,6,7,1150,6,5,4,5,2,23,20490,16232,20,2944,43746,14,25,9232,1616,22,28,4,4,4,4,6,4,7,1,25,38283,66869,21579,27,31,22,17119,36829,28,19,31,10,7,3,3,9,10,21,10,3537,4,16255,4492,11,13,18673,10,6,7,11323,7,13,6,4,9,9549,1,4474,5090,9,8,5,6,54,3,8266,6,4740,9490,19,0,3747,15981,12,11,1,4,9,260,39101,17,13229,2349,17,3023,1726,5427,6,9,3,5,9,9,8,6,4384,13,15423,7888,18377,24,16,8,9,11,12296,7820,6080,6,13,12,20666,22,15,12,7,20342,11,12475,7703,11,24,14,7,2645,21258,14,17,11,7273,9252,10484,286,3247,11977,9932,9742,5,7,8,828,11,10,15,6259,4994,13847,9696,8235,13,4319,24,23,3452,8334,14,10,6,3292,6,10240,25,2165,13961,145609,25,21,23,22,21,18,20,18,14,26,11,5,1,6,9,3,14,4,13007,34,20549,14,20,19,43115,16573,9585,17,11,25,19,15,25523,3,5212,494,19,5,8076,14930,9970,8358,13,27,13,26,5503,25692,39159,22089,20,19,10,7,14,12,27,20,21885,49,19211,14,25,19,15,41216,15714,28269,16180,35,15,7,24,18,11242,14,18,8,24,11,11,1402,21,51,24567,4693,22,24089,15,7128,17,15,21,12,113,4,14,8,659,13,13,13,29,13,10,17491,22,15,22,19,17,6,27,14,25,551,15,12,12581,13,21,18,40465,15,21,30,7513,16,21,20149,10,4,1,4,4,2,12,4,4,9,4,3,7,3,19276,6,8,8,18,1,3,4,8,4,4,5,3,1,7,96,7,3
"GCTGCAGGTTAAGATGTTCA",0,0,0,0,0,0,0,0,0,0,0,0,0,0,0,0,0,0,0,0,0,0,0,0,0,0,0,0,0,0,0,0,0,0,0,0,0,0,0,0,0,0,0,0,0,0,0,0,0,0,0,0,0,0,0,0,0,0,0,0,0,0,0,0,0,0,0,0,0,0,0,0,0,0,0,0,0,0,0,0,0,0,0,0,0,0,0,0,0,0,0,0,0,0,0,0,0,0,0,0,0,0,0,0,0,0,0,0,0,0,0,0,0,0,0,0,0,0,0,0,0,0,0,0,0,0,0,0,0,0,0,0,0,0,0,0,0,0,0,0,0,0,0,0,0,0,0,0,0,0,0,0,0,0,0,0,0,0,0,0,0,0,0,0,0,0,0,0,0,0,0,0,0,0,0,0,0,0,0,0,0,0,0,0,0,0,0,0,0,0,0,0,0,0,0,0,0,0,0,0,0,0,0,0,0,0,0,0,0,0,0,0,0,0,0,0,0,0,0,0,0,0,0,0,0,0,0,0,0,0,0,0,0,0,0,0,0,0,0,0,0,0,0,0,0,0,0,0,0,0,0,0,0,0,0,0,0,0,0,0,0,0,0,0,0,0,0,0,0,0,0,0,0,0,0,0,0,0,0,0,0,0,0,0,0,0,0,0,0,0,0,0,0,0,0,0,0,0,0,0,0,0,0,0,0,0,0,0,0,0,0,0,0,0,0,0,0,0,0,0,0,0,0,0,0,0,0,0,0,0,0,0,0,0,0,0,0,0,0,0,0,0,0,0,0,0,0,0,0,0,0,0,0,0,0,0,0,0,0,0,0,0,0,0,0,0,0,0,0,0,0,0,0,0,0,0,0,0
"CTAACACGGTACTACTCATC",0,0,1,1,1,3,3,1,0,2,2,0,2290,0,1,2,0,3,8,3,3,4,0,0,0,1,1,0,2,0,2,0,1,0,3223,0,0,1,3,0,0,1,1,0,0,0,0,0,0,0,0,2,1,1,0,0,0,3,701,0,2,3,0,0,0,0,0,0,0,0,4,7,10,11,8,4,11,9,3,7,8,11,2,0,0,1,0,1,0,0,0,0,0,0,2,2,1273,1,0,2,1,1,1,1,2332,0,0,0,4599,0,0,0,0,1,1,0,0,1,0,1,4,3,3536,7,0,0,0,0,2,0,1,0,0,0,0,0,0,0,0,0,0,0,0,0,0,0,0,1,0,0,1,0,0,0,0,0,4,0,0,0,2,0,579,3,0,1,1,0,0,4,464,1,2,0,0,1,11017,0,1,1,2,1,1,0,1,0,0,1283,0,0,1,0,0,0,2,1,0,0,0,223,0,0,0,1,0,2,0,0,0,1,2,0,5665,0,1,1,0,0,0,0,0,1,0,0,1,0,1,0,0,1,1,0,0,0,1,1,0,0,1,0,15,0,488,2,0,0,0,0,0,1,2,0,2,0,3677,8405,1,0,4,0,0,2,2,3,2,2719,0,0,0,0,2,1,0,0,0,0,0,0,1,0,0,1,2,1,2235,0,0,0,0,1,5,0,0,1,63783,0,0,0,5,12,4,6,6,7,0,1,0,0,1,0,230,0,0,1,6,0,0,0,0,0,0,0,1,6,0,0,0,0,2,0,5,324,0,0,4,0,0,0,1526,2,0,4,3,3,0,0,0,0,0,0,3,0,0,0,0,0,0,0,1,0,0,0,0,0,0,0,0,0,0,0,0,0,0,1,2,0,0,0
"CCTCCCGTGAAAGTACTAAC",3,5,11,4,8,2,15,5,12212,4,2,16,11,83,14,6,5,5,13248,527,4,1,10,18,3,6,17,8,13406,6,8,9,8,9,12343,7965,7,3482,155,9,29279,18,11,8,7,2,58699,8,4,5,51957,871,35,30,4365,18,25,82329,8757,2907,26,35,8,11,27874,7,5,2,3,2,15,14,10,10602,34038,7,55420,2968,13,13,14,25,9,9,4,4,12,4,4,3,10704,12978,3,4171,13,4,9748,9,10,7,10,5860,8,10,3,561,6543,8,27,8796,15,3,5,2,6,18698,7,11,4746,9105,13,13,0,23,5,6,5,9984,96,9,5,231,47,15,9,13,13627,16,64,10,9,6,9,138,8,4,20,16307,11126,10341,10112,4,3,17,5,13,7467,168,2532,3,4,14,21,22,14,8,5,4,7,10052,14519,20,11,10,14,0,11,12,7,315,8,4692,4823,5811,17,3880,2934,8384,9,10,9,12,7,6,16950,6706,16,5025,16,5716,12763,4592,13784,9,9764,16,8,2,5,4872,11,6,1,7,3794,4,5,7,1,7091,1,4,3,2,445,9,13,7,3,5,5,10,8,3,615,29,18921,84254,19,16885,15,6012,8383,16,12,19,23,4,3665,5,11620,14,10,3,11567,10,9,2051,6,14,8,5,2143,4,9,26669,18,9,5,3,24119,50973,9,9,12,4,1093,3,2,4,5,1564,4,0,2224,5,4,19,3,20,8824,11,2,7,5,7,13,2547,10,13,15,6623,14,57,24265,5185,2,15,3,22,9,4857,0,5,3,12,23,19,10,4,2,0,2,17,0,15,1,17,7,14,12,3836,2,1000,6,1,3,6522,7083,10,6804,1891,8,3,10,3938,15,5,8,1,5,15326,7,4,13,1,2,1,1,18,23698,2,12,4,5,1,5,9,0,2,6,0,3,1,4,12,0,1
"TCTAGTTTAGAGCCTACACG",5,8,14,8,12,16,21,9,9334,7,19,5,10,9,19,6,2,4699,1512,1531,7,4,14,11,3,11,19,7,10532,3,8884,13703,11201,15,1839,4781,21,14,27,8157,19,19,15,10,7082,8,24,6,4,5,9,24,13,7,7663,6,11,3,10150,9,9,22,11,4,3,4,14,2,3,95,17,20226,17,23,34601,8,13,14337,16,9,17058,9,10,12,29,4,38,79,16,3,7468,6620,10940,7,12052,41600,7914,7,4,13533,15641,14,10,15,3,3408,4392,6405,7,130,24,14,6,7,14,6,9,8,21,9,6822,20,19,2846,13,3,5,1,0,6,3,91,7515,28762,13071,3327,19,5930,14,8,2,4,21684,10,12,10,4805,28253,9246,28,14674,6198,9,17,10,9,6278,1099,2608,14,17,14,4755,11,15,7841,27130,16107,8962,16013,13796,11,17,3,4,3308,19,9,5,82,4,10419,12307,2785,9012,17308,6445,9821,2,9,14,9,5,4,21,26918,13162,26012,18374,7705,11045,17,3985,3993,25,20,23,2,4,1627,23,8,10,2,3659,14,6,2,20311,5,7,4,17,6,9,6,21,8,5,8,12,13614,45670,4,28,21024,35,23,27,20,8319,17,10161,4926,21,21,23,4,8023,12,80,6,10,4,14382,24,22847,7849,15,15,10,8,33479,0,12859,16067,100601,12,6,17,17,17,12090,15,8,16,22,24492,10,6,7,8211,17,8,8670,14,5,20,14,6,5823,30940,12,8,8,17,1909,5625,8,7,15,11459,15,10045,23,5080,3,15,16,5,62,9,4,7,3,22,62676,22,7,5,4,10,11,27,16,50238,4,16,6,9,813,1171,7,5647,10,4,15,21149,13470,9,7795,17,14,8,433,4285,17,2,8,2,60266,6,7,4,16,2,2,5,11,9,5,3,13,3,3,5,8,1,3,0,14,2,4,3,10,5,15,53
"TCTGGTGGTCTCCTATCTAG",0,0,2,0,0,0,0,0,1,0,0,0,0,0,0,0,0,0,3,0,0,0,2,0,1,0,0,0,0,0,3,3,3,6,3,4,1,2,1,8,0,6,1,0,0,1,1,0,0,0,0,0,1,0,0,1,0,0,553,6,0,0,4,2,1,1,4,0,1,1,0,0,0,0,0,0,0,0,0,5,0,0,1,0,0,1,0,0,0,0,0,0,1,0,3,2,1271,0,0,0,1,0,2,0,0,3397,0,1,0,0,0,0,1,0,0,0,0,0,2,1,1,4399,0,0,0,1,0,2,5549,0,0,2,0,0,0,0,1,1,0,0,1,2,0,0,0,0,0,0,0,0,0,0,0,8,2,0,0,5622,2,0,2,1,0,1,3,2,26251,3,2,1,366,0,0,0,0,0,0,0,652,0,0,0,0,0,5,2,0,398,0,2,1,0,0,0,0,4,3546,0,3,396,2,0,1,3,2,1,0,1,1,1723,3,4,2,3,0,0,0,0,0,0,0,0,0,0,0,0,0,0,0,1,0,0,0,0,6,4,7,3,6,4384,5,3,441,38899,2,3,0,1,2891,4,5,0,1,1,2561,1,0,3,3,3,1,0,3,0,0,156,0,0,0,0,0,0,0,0,0,0,0,0,0,2,0,0,0,4,0,0,0,5,2,0,0,3,0,0,0,3,0,302,0,0,2,235,0,0,3,1,0,3,14,0,0,3,0,2,0,8,5,4,0,0,1,0,0,3,1,5,0,4,0,0,0,71,0,0,2,0,0,0,271,0,7453,2,1,0,0,0,1,0,2,0,2,0,1,0,0,0,0,0,0,0,0,0,0,0,2,0,0,0,0,0,0,0,0,0,2,0,0,0
"CTTACGCCAGCGTTTGCAAT",0,0,0,0,0,0,0,0,0,0,0,0,0,0,0,0,0,0,0,0,0,0,0,0,0,0,0,0,0,0,0,0,0,0,0,0,0,0,0,0,0,0,0,0,0,0,0,0,0,0,0,0,0,0,0,0,0,0,0,0,0,0,0,0,0,0,1,0,0,0,0,0,0,0,0,0,0,0,0,0,0,0,0,0,0,0,0,0,0,0,0,0,0,0,0,0,208,0,0,0,0,0,0,0,0,0,0,0,0,0,0,0,0,0,1,389,0,0,0,0,0,0,0,0,0,0,0,0,0,0,0,0,0,0,0,0,0,0,0,0,0,0,0,0,0,0,0,0,0,0,0,0,0,0,0,0,0,0,0,0,0,0,0,0,0,0,0,0,0,0,53,0,0,0,0,0,0,0,0,0,0,0,0,0,0,0,0,0,0,0,0,0,0,0,0,1,0,0,0,1,0,0,0,0,0,0,0,0,0,0,0,0,0,0,0,0,0,0,0,0,0,0,0,0,0,0,0,0,0,0,0,0,0,0,0,0,0,0,0,1,0,0,78,0,0,0,0,0,0,0,0,0,0,0,0,0,0,1,1,0,0,0,0,0,0,1155,0,0,0,0,0,0,0,0,0,0,0,0,0,0,0,0,0,0,0,0,0,0,0,0,0,0,0,0,0,0,0,0,0,0,0,0,0,0,0,0,0,0,0,0,0,0,0,0,0,0,0,1,0,0,0,0,0,0,0,0,0,0,0,0,0,292,0,0,0,0,0,0,0,0,0,0,0,0,0,0,0,0,0,0,0,0,0,0,0,0,0,0,0,0,0,0,0,0,0,0,0,0,0,0,0,0,0,0,0,0,0,0
"CGAACGGCGCAGTTAGTCAA",3,1,15,11,11,21,13,13,10980,2281,13,15,14,10,10,10,4,10,5298,6,13,6,8,8,7,5,8,10,14528,9,9194,12,15,11,5322,0,12,5290,3957,6,2,14,7,3,2,7,5,24124,3,8,79084,26,28,40523,5161,20,30,25,9759,5897,27074,23,3,5,3,0,7,5,6,4,1258,6,14,10311,7,5285,9,10524,8,8,13,5,9,9,5,7,3,12,9,6,10596,3337,21772,8755,17154,14982,10876,11,7,9,8230,5840,17,13,4360,3639,9952,3474,9500,25,6,7,8,7,13,9,10,8,5175,8052,6652,16,6171,1837,5,8,2,1,8,7,7,7,14138,7910,4571,6398,4033,5796,8,14,2,2,8,430,12735,10,4543,3845,11119,7344,9,5928,2,16,5,16,7070,7930,12826,7,0,9,18941,25,5,16,4,8,9,4976,14149,18,7,11,1,1,2,6,12,3,8841,5312,14,11616,9768,13,1785,7318,5,12,4,8,10,5,24,16,4668,18300,14182,8586,14,13,3839,14,9315,8647,8,9,3,3564,3,12591,20826,9,8,5,12,11,14543,1,4261,12522,9,2,1,5,9,6,3,11,1,3723,10,3,16904,21,34042,21,24,8737,13989,11,8696,18628,15,20,9,12,7469,4,3077,14,26036,6,14995,17006,8,15,3,10,9,9,46,8,10,24110,5,3,3,5,5,7,12,4,11144,9,21,23624,22730,12,34988,22,28,16,6624,21,4,15,5,13,16401,6365,19,5,11,9,8746,5553,10,5,9,7705,13,10159,12,10549,1,10,2,25,2,11,13,7,7,14,21,18,6,3,5,4,11,21844,9614,16,7,13,7,27,5,9371,20,2,12521,15,30,14007,8120,10,6,65,4058,14688,20,23412,3,10,5,0,3,7,7,10,4,6,7987,8,10,4,5,10,2,4,3,3,4,6,3,4,4,7,6,2,8813,8,16,0
"GATTTAAACACCCAACGCTA",0,0,0,0,0,1,0,2,0,0,0,0,0,0,0,1,0,0,0,1,0,0,1,1,1,0,2,1,0,0,2,4,3,20061,3,1,2,1,4,2,2,2,0,0,0,0,0,0,0,0,1,0,0,1,304,0,0,1,79,0,0,0,0,0,0,0,0,0,0,0,0,0,0,1,0,0,0,0,0,0,0,0,0,1,0,0,0,1,0,0,1,0,1,0,2,1,0,0,0,0,0,0,0,0,0,0,1,1,0,0,0,1,0,0,0,1,0,0,0,0,0,1,0,0,0,2,0,0,0,2,0,0,1,2,7227,2,65,0,0,0,0,0,0,0,0,0,0,0,2,1,0,0,0,0,0,0,0,1,0,0,4,0,0,0,3,3,2,2,4,0,322,0,0,1,0,0,0,1,0,0,3849,0,1,0,0,0,0,883,0,0,0,0,0,1,0,0,0,1,0,253,0,1,0,0,199,0,0,0,0,0,0,1,0,0,0,0,0,2,0,0,0,0,0,0,0,0,0,0,0,0,0,0,0,0,0,0,3,0,0,0,0,1,426,0,0,0,0,1,0,0,0,2,0,0,0,252,2,0,1,0,0,0,1,0,0,0,0,1,0,0,0,1,0,0,2,0,3,1,1,1,1,0,0,2,0,0,0,0,0,0,0,0,3,3,0,0,1,1377,0,0,0,0,0,0,1,0,0,0,0,0,0,0,0,0,0,0,0,1,0,0,0,0,1,0,0,0,0,0,0,0,0,26,0,4,0,1,1,1,762,0,0,0,2,1,10845,2,0,0,0,0,0,2,0,0,0,1,0,0,0,2,0,0,0,0,0,0,0,0,0,0,0,0,0,0,0,0,0,0
"GGTACTCTTGAGTTGCAGAC",0,0,0,0,0,0,0,0,0,0,0,0,0,0,0,0,0,0,0,0,0,0,0,0,0,1,0,0,0,0,0,0,0,0,0,0,0,0,0,0,2,0,0,0,0,0,0,0,0,0,1,0,0,0,1487,0,0,0,0,0,0,0,0,0,0,0,0,0,0,0,0,0,4,1,0,0,0,2702,1,0,0,1,0,0,0,0,0,0,0,0,0,0,0,0,0,0,0,0,0,0,0,0,0,0,0,0,0,0,0,0,0,0,0,0,0,0,0,0,0,0,0,0,0,0,0,0,0,0,0,0,1,0,0,0,0,0,0,0,0,0,0,0,0,0,0,0,0,0,0,0,1,4,1,0,0,0,1,0,0,0,0,0,0,0,0,0,0,0,0,0,694,0,0,0,0,0,0,0,1,0,0,0,0,0,0,1,0,212,0,0,0,0,0,0,0,0,0,0,0,208,0,0,0,0,0,0,0,0,0,0,0,0,0,0,0,1,1,0,0,0,0,1,0,3,7410,1,0,0,1,1,0,2,1,1,0,0,0,0,0,0,0,0,128,0,1,0,0,0,0,0,0,0,0,0,0,0,0,0,0,0,0,0,0,0,0,0,0,0,0,0,0,0,0,0,0,0,0,0,1,0,0,0,0,0,0,0,0,0,0,0,0,0,0,0,0,1,0,0,0,0,0,0,0,87,0,0,1,0,0,0,0,347,0,0,2,0,0,0,1,0,0,0,1,0,0,0,3,1,0,0,0,0,0,0,0,0,0,0,0,0,0,0,0,0,0,0,0,0,0,0,0,0,0,0,0,0,0,0,0,0,0,0,0,0,0,0,0,0,0,0,0,0,0,0,0,0,0,0
"ATGGGTAAGTAGCCTGAAGT",2,3,12,12,12,9,9,5,12726,3,20,5,7,3,3,4,4,2,11,3,10,3,13,2,5,3,4,8,10011,6,13,6,6691,9,1462,5,846,3358,9003,8,0,6,2,2,1,1,5,3,7,1,47611,8,1227,15,1698,9,9,3,7141,7,6,8,14,0,1,3,1,5,5,2,9,1,6,73,7,5400,4,7106,10,2,7,6,17,3,5,4,108,5,7,3,7759,6526,6,0,5640,12,3702,30287,6,10,7361,7,21708,10,5251,6571,4,0,5930,13,6,4,1,5,1233,0,6,2,10,11,13082,13,3670,11590,6,6,2,4,15,1,4,74,2,5,6334,4284,7614,10,0,4,0,3,5,2,4,1,4,8849,2,2352,4244,17118,9,5,6,3,7084,5716,8613,9,13653,18556,9,9,9,4,0,8241,9,5283,8245,3,4,2,6,11,14,2,9,3,4,4336,10,5771,3218,7614,5813,4017,3,7229,51183,6,15,8,16,157,19,8866,8,2509,1571,9,0,6,12,8272,3,10,3,3337,14,0,8,2,573,3,10,10,4388,6,6,11,8,7,7381,16,3,6,3,3,11,2,24107,1,16,0,38029,11,10,12,0,7504,6236,6,13,16,4,6,6813,2,2209,5,25071,5,9663,5,9,5,4,15355,1,4,7,3,6,5598,1,3,2,1,3,2,5,2,9,5,15,20550,7,5,10,8317,14,14169,2046,10,6,9,3,4,0,15088,2,2,6,6,4566,3999,3,1,3,3435,4,4530,11,7,7,4,6,9,536,11381,9,5,28132,8,18928,10,14605,10,10,8043,9,21824,7,5,8,10,7,10,2,1212,7,1857,8,8,12,6334,5094,1,6,4,3917,13,12,4061,4,8,2,1,30228,2,6,4,3,5,1,3,11,1850,9,1,1,5,0,3,6,0,5,0,1,2,1,5,12,1,7,2
"ACTGCAACCGTCAATAGGAC",0,0,3,1,1,0,3,4,0,1,0,2,4,0,0,2,0,0,94,0,0,2,0,1,0,1,0,0,3,1,0,1,2,1,2692,0,2,1,0,0,1,0,0,0,0,1,0,0,1,1,3,48098,6,1,1354,7,5,3,464,1786,5,7,1,0,0,0,1,4,0,2,3,6,4,4,3,8794,1,7,4,0,10440,1,0,0,0,1,0,2,0,1,8211,0,0,2,2,1,2538,1,1,0,1,0,2,3,629,0,1808,3,4,1433,1,0,0,2,1,0,3,2,1,1,0,1,8132,1,5,1,0,0,0,0,1,2,0,1,1,673,3333,5,2,0,0,0,0,1,6660,0,1,0,5716,1,7,3,4,1,0,7,0,7149,1933,0,0,2,7,7,0,0,1,0,0,8,4253,2,1,3,0,2,1,2,0,5,3,2,2,6969,2,8137,0,1691,0,0,0,0,1,3,3,1,4,1,1,314,1,4567,6,2,4,9607,2,0,0,0,0,1,0,0,1025,5,5,3,12313,3,2,3,1,4,3792,1,3,1,0,0,0,1,2,3,5,3,0,2,2,3,2,5,2207,1,3,2,3,2,0,3,2,1,4,1,3737,0,4,3511,3,0,3,18789,3,3,0,4715,3,2,0,3,1,4,3,2,0,3,1,1,0,0,0,0,2,0,1,2,1,0,1,1,0,1,1,0,7,5,6,0,3,2,3,7,6,3,1,559,2,2,0,2,2,2,0,0,5,1,2,0,3,3,9793,0,6,1,0,1,4,0,2,2,7,950,1,0,5,2,0,0,3,3,2,2,1,0,0,1735,1,2,0,0,0,1,0,2,5,0,0,0,0,0,0,2,1,3,0,0,0,0,1,226,1,0,0,1,0,0,1,1
"GTACTCAGCTCTGGTAGTGA",0,0,0,3,3,0,0,3,0,0,0,3,0,47,0,0,0,0,1,4,0,0,0,8,0,0,0,0,2,0,1,2,0,1,0,0,0,0,0,0,0,0,0,3,0,0,0,1,2,0,2,1,1,2,0,0,1,0,657,2,2,1,0,3,0,0,0,0,3,0,0,2,0,0,0,0,0,0,0,0,0,1,0,3,0,1,1,0,0,0,0,0,0,0,0,0,921,0,0,0,1,6,2,0,0,0,0,1,1,6,0,0,0,0,0,0,1,0,0,1,0,2,0,0,0,0,0,0,0,2,1,0,6,8,4,5849,2,1,0,0,0,0,0,5,1,0,0,2,0,1,581,3,0,0,0,0,1,0,1208,0,0,1,4405,0,0,0,0,0,0,2,1126,0,0,0,0,0,1,6,0,0,0,4606,0,0,0,0,1,0,0,0,0,2,1,0,1,4,2,0,0,0,0,0,1,1,0,0,0,0,0,0,0,4,2,0,0,0,0,1,0,0,0,0,0,0,0,1,0,0,0,0,0,4,0,0,0,3,0,1,0,0,0,0,0,0,0,0,0,0,0,0,3861,2,0,0,2234,4,0,1,1,0,2,0,0,0,1,2761,2,3,1,1,3,27145,3,1,1,2,1,0,0,0,1,0,0,0,0,1,1,0,1,3,2,6051,0,0,0,3,1,1,0,0,0,1000,0,0,1,2474,0,1,1,0,0,0,0,0,0,0,0,0,0,1,0,0,0,0,0,0,0,1,0,0,0,198,0,0,0,0,0,0,1,1,0,0,0,0,1,0,0,1,0,0,1,2,0,0,0,1,0,0,1,4,10662,0,0,0,0,0,0,3,1,0,1,0,0,0,0,3,0,0
"GGATCGGCGAATGAGCGTAC",0,0,0,0,0,0,0,0,0,0,0,0,0,0,0,0,0,0,0,0,0,0,0,0,0,0,0,0,0,0,0,0,0,0,0,0,0,0,0,0,0,0,0,0,0,0,0,0,0,0,0,0,0,0,0,0,0,0,0,0,0,0,0,0,0,0,0,0,0,0,0,0,0,0,0,0,0,0,0,0,0,0,0,0,0,0,0,0,0,0,0,0,0,0,0,0,0,0,0,0,0,0,0,0,0,0,0,0,0,0,0,0,0,0,0,0,0,0,0,0,0,0,0,0,0,0,0,0,0,0,0,0,0,0,0,0,0,0,0,0,0,0,0,0,0,0,0,0,0,0,0,0,0,0,0,0,0,0,0,0,0,0,0,0,0,0,0,0,0,0,0,0,0,0,0,0,0,0,0,0,0,0,0,0,0,0,0,0,0,0,0,0,0,0,0,0,0,0,0,0,0,0,0,0,0,0,0,0,0,0,0,0,0,0,0,0,0,0,0,0,0,0,0,0,0,0,0,0,0,0,0,0,0,0,0,0,0,0,0,0,0,0,0,0,0,0,0,0,0,0,0,0,0,0,0,0,0,0,0,0,0,0,0,0,0,0,0,0,0,0,0,0,0,0,0,0,0,0,0,0,0,0,0,0,0,0,0,0,0,0,0,0,0,0,0,0,0,0,0,0,0,0,0,0,0,0,0,0,0,0,0,0,0,0,0,0,0,0,0,0,0,0,0,0,0,0,0,0,0,0,0,0,0,0,0,0,0,0,0,0,0,0,0,0,0,0,0,0,0,0,0,0,0,0,0,0,0,0,0,0,0,0,0,0,0,0,0,0,0,0,0,0,0,0,0,0,0,0
"CCTCGGGCAACCACTTGACA",0,0,5,3,20,5,2,0,0,1,2,5,10,4,2,3,0,0,2313,2,11,3,1,2,2,1,1,2,2827,3,13,16,10,12,3445,7,33646,3447,10,52165,10,15,2,3,0,1,2,0,4,2,5,4,6,3,4,0,6,3131,1912,8,3,3,4,0,0,0,1,1,5,0,1,3,3,2,2,0,3,3,0,5,1,3,3,3,0,0,1,1,14,0,1,2,1,2,4152,9,3230,1,0,3,3,6,14,1,4308,1,2,3,9672,3,4,2,0,0,0,3,7,3,1,8726,0,2,4,1,1,1,0,1,2,2,8,1,1,6,4,7,7,8,2,0,0,0,4,5,10,5247,2026,4,8086,3,0,2,0,2,6,5,2,8033,482,5,15,6,2,1,7,8108,9,11,8,7468,5263,4,3,3,1,4,2,6,8,1,0,0,2,5299,7,19,1,812,0,0,0,2,8,2,11,13562,9638,17915,10,2311,7,6,4,7,28,13,7,3,2,6,10,15566,17693,3,0,0,2,1,2,7358,4,806,2,4,1,3,0,0,0,0,0,2,11,0,6,6,5,7,7,8,5,6,2194,15081,3,4,4,5,0,1,2,6,12,2,6300,4,5,7,3,1,2,10369,4553,2,1,9962,6,1,1,2,3,13767,11926,2,11164,3,5,3,2,4,4,2,2,9,2,14623,0,5,5,3,10334,3,2,7,6,6,4,1222,2,2,0,2573,1,7714,6,6,6,3,0,2,4,5508,5,11,4,4,4,4,1,2,2,1,1,21134,3,2,1,5,0,4,0,1981,4,683,6,4,2,6,890,4,3,6,1,6,3,7946,0,0,0,0,0,2,12,2,2,2,0,1,0,1,8,2,4,4,2,2,3,3,58705,3,1,1,0,0,1,0,7,628
"TTAACGCATCCGCAGCCGTG",0,0,4,8,11,0,6,1,0,0,0,0,8,1,0,4,0,0,452,0,5,0,0,1,1,0,0,6,10,2,0,3,1,3,3649,2,3,2,0,4,2,4,1,0,0,1,2,5,8,0,0,2,2,0,4,2,1,0,1566,1,1,2,3,3,1,1,1,15037,5,1,0,1,1,1,1,1,2,1956,0,1,0,2,4,0,1492,0,0,3,14,2,0,6840,1,0,1,1,2854,2,0,3,3,1,6,0,1,0,2,0,2,2,1,0,0,1,1,2,8,0,0,2,1,0,0,0,0,1,1,0,6128,1,11,0,0,0,0,2416,0,5,2,3,0,0,0,0,3,1,4,1,5006,0,0,2,1,1,2,6,0,16776,1,5,0,1,1,1,8,9352,5,1,3,0,3363,0,1,2,0,3,1,3,13,2,1,2,4,2,0,0,1,1217,0,0,0,1,5,2,3,0,16,1,2,513,3,6,3,2,2,5,1,2,1,3347,2,1,11,0,0,0,1,2,1,0,4464,2,1,1,0,3,1,1,0,0,0,1,3,0,1,2,0,0,1,0,0,0,2213,1,1,1,3,6703,1,2,2106,2,12,1,2644,2,4,1,2,2,1,9564,5,0,4,6670,0,2,1,0,0,1,9,0,1,0,0,0,2,1,1,1,0,0,0,1,7,1,4,3,3,1,3,6,0,5,9,3,0,0,1,3290,0,2105,1,3,2,0,1,0,0,3,0,0,0,0,0,0,1,0,1,0,0,1,0,0,0,0,2,2,1,382,0,2,3,0,0,0,261,1,3,0,0,0,1,0,1,1,0,1,1,3,8,3,4,6,2,6,4,0,64729,2,0,5,0,0,1,0,9,1,2,0,0,0,0,0,1,3
"GAGTCGGTGAACCAGTTATT",0,0,0,0,1,0,0,0,0,0,0,0,1,0,0,0,0,0,0,0,0,0,0,0,0,0,0,0,2,1,2,3,1,2,0,2,0,1,0,0,3,1,1,0,0,0,0,1,0,1,0,0,0,0,0,0,0,0,0,0,0,0,0,0,0,0,0,0,0,0,2,1,2,0,2,11103,0,0,3,0,2,0,0,0,0,0,0,0,3,0,0,0,0,0,0,1,0,0,0,0,0,0,3,0,0,0,0,0,0,0,0,0,0,0,0,0,0,0,0,0,0,0,2,0,1,1,0,0,0,1,0,2,0,0,0,0,0,0,0,0,0,0,0,0,1,0,0,0,0,0,0,0,0,0,0,0,3,0,0,1,2,0,0,0,0,8639,0,2,1,0,414,0,0,0,0,0,0,0,1,0,0,0,0,0,0,0,0,0,0,0,0,0,3,0,0,0,0,0,3,959,0,0,1,0,0,0,0,0,0,0,0,0,0,0,0,0,0,0,0,0,0,0,0,0,0,0,0,0,0,0,0,0,3,0,0,0,0,0,0,0,0,0,141,0,0,0,0,0,0,0,0,0,1,0,0,0,0,0,0,0,0,0,0,0,0,0,0,0,0,0,0,0,1,0,0,0,0,0,0,0,0,0,0,0,0,0,1,1,2,2,1,0,1,1,1,1,0,0,1,1,0,36,3,0,0,0,0,0,0,0,0,0,0,2,0,0,0,0,0,1,0,0,0,0,0,0,0,0,0,0,0,163,0,3,0,0,0,0,470,0,0,0,0,0,0,0,0,0,0,0,0,0,0,0,0,1,0,0,0,1,10611,0,0,0,0,0,0,0,1,0,0,0,0,0,0,0,4,0
"TGATTCGTGGAAATAATGCT",6,3,79,8,16,22,120695,21,5,14,26,33,37527,15,21,6,3,11,20,15,13,19,18,19,0,8,23,14867,6184,4,21,20,28,27,19,9164,13,3663,4580,14,15,49056,15,10,1,7,45139,9,11,3,29,30,30,49,7447,11195,15,27,44508,17482,16,30,20,18,1,9,37,15,16,18,18,21,32,27,18,5882,55670,16,68740,21,0,34,21,22,5,14,91,23,19,14,28170,6506,18090,116,20,6724,12843,18,2,5,25,3516,54447,9,3106,3709,26635,3733,28204,14315,35,14,1,14,338,689,2900,15,22922,8756,15923,15239,821,11337,37,11,1,3,13,331,9,47,21664,31464,9829,33,13809,25683,34,19,5,12,28,27,10,11,21031,40,19210,9926,5917,11705,24,15,41,15,10,25,2077,5,13,30,5703,17597,16,10,22709,16,22,9556,1203,15,23,6,3,12,49,28,40,7,21478,8798,7918,25570,5315,7632,39,3464,7,27,35,31,30,15,33038,26896,5291,49875,8080,2015,36495,10243,12616,9246,21030,22291,29,22,6,22483,9576,26146,3354,13,6972,38,45,52,15252,25,14712,28010,46,37,8486,41,34,11,4,4,88559,15,13,8,17,21874,26,35,32148,11,20,5440,39097,13,13,29,23,14,3,8,2996,32337,20,13,9592,77216,10446,264567,43452,47,16619,48,4351,43,46,4642,25,20,5,15,17,6538,20,10,11606,20,1702,36,14,16887,15,9,1599,38526,2150,19,24,13,27,12,13,5850,5,8,23044,40,37,0,19,24,31,9655,74,15570,26,3936,23,6,42,19,13,24,2,11,29144,26033,23,25,35,22136,80971,40630,46541,16398,14,16,691,11,44,9,9,243,6,7,41,13,12,6427,346,18772,14348,58,11314,14,7,12,13,6,0,2,8,8,6,6,14,6,0,8,8,11,11,3,13,8,0,5,14,9,9,0,17,7,0,4,51,13,4,4
"ATATCGCGCAAGTGGATGAG",1,0,4,4,1,2,0,3,0,0,1,0,18068,2,0,0,0,2,3118,0,1,2,2,3,2,3,2,7,4,4,2,0,0,0,0,0,0,0,0,0,0,2,0,0,0,0,0,1,5,0,3,5,0,5,1,6,4,2,0,5381,0,7,2,1,0,0,0,0,1,1,5,4,6,3,5,2,5,3,3,3,2,5,0,0,0,0,1,3,1,0,16441,4,2,3,2,0,2896,1,1,0,0,1,4,1,2,7092,1,0,6,2,0,0,0,1,3717,1,2,3,1,2,2,4,6,8,0,0,0,0,2,1,1,0,1,0,3,0,7,1,0,0,3,0,1,0,1,4,3,0,2,0,2,5814,1,0,3,1,2,2,1901,0,0,3,4955,4,3,0,0,0,3,0,3967,0,0,2,0,1,0,354,0,1,4666,2,0,0,2,1,0,217,1,2,1,1,1,3,2,2,2,5,4,1090,1,3,4184,1,3,1,1,0,0,0,3,0,0,2,2,4,3,1,3490,4,8689,0,3,0,2,2,0,0,0,0,1,0,2,3,1,0,3,1,1,0,0,0,1425,0,0,3,2,1,1,1,1977,1,8,2,9044,4,2,4,3,4,2,2,4125,0,0,10575,0,0,0,1,0,0,2,4,2,2,6346,2,1,0,2,2,6489,1,2,2,2,0,2,2,5545,5299,1,0,3,1,3,4,44714,3,2,10,5,1939,3,1194,5,0,7,1,5,9150,2,0,2,0,0,2,9,1,0,3,4,0,4,0,1,0,3,0,2,222,0,0,1,1,0,2,822,2,5,5,3,0,2,1,0,0,0,0,1,0,2,3,1,0,1,1,1,0,6,2,0,1,0,0,5,1,1,3,0,0,0,0,0,0,1,0
"TACTACGAGCGCACAGTTAA",2,3,15,3,3,3,6,6,0,3,4,2,2,6,19,15,5,15,1196,4988,16,6,2,11,1,4,2,0,5361,6,11,1,9,6,6082,1,1,6476,8,3,4,4,1,3,0,1,2,0,3,2,26849,10,31717,8323,22,14,16,14,3376,19,15,17,1,3,0,1,3,2,2,2,24,17,25,23,9,19,18,16,18,27,20,28,3,4,1,4,1,4,2,5,5,1,24889,7,1,5,9436,10,0,9,5,5617,6,7,3,3504,4800,4,11682,5793,2,1,2,2,1040,5,4,3,5,4609,4,3,27,22271,5,2,0,2,3,7,2,4,3,8,9,10268,9,11,3,1,0,2,1,85,5,5,3,7556,2,2,3,11,4,6,12,8,25,15,2506,3,10,11,2511,57887,2,0,2,2,7,2304,10771,13,3,2,0,2,1,6,1,4,6,2,6312,4,8703,8,922,3092,0,7,2,3,0,3,12,4422,19,26266,19,2876,7,15,4489,8246,8,8725,5,2,0,6755,1,4,7,5,3,5,7,7,3606,4,3142,5701,4,2,8097,3,3,1,0,2,1,3,0,3,7,3,12,9,9,9,7,8,6816,3,6,38166,6,5,2,4,7114,4,7,4,16634,8258,10,14,3,15642,10,10189,12,8,7,6517,1,1,5,1,5,1,4,5,4,5,9,6,1,4,0,1,1,5,3,4,0,7,12,13,5656,11825,0,3,186347,2,4505,9,19,19,16,5155,24,1968,7,3,2,5,4,11,14,5963,1,2,15,2,3,8,3,2,6,548,4,3846,9865,7,3,12,8,8,28,2671,1,1594,24920,0,1,6653,549,6,7773,3,7600,12,1,2,5,1,0,1,1,15416,1,5,5,1,0,2,3,2,21470,5,0,2,0,3,0,3,1,4,2,2,1,4,2,7,2,1
"GGGTGATCCTGATTCCAAAC",0,0,0,0,0,1,0,2,411,1,1,1,0,1,1,0,0,0,0,1,0,0,0,0,1,0,1,0,0,0,2,0,0,0,1,0,0,0,2,0,1,0,0,1,0,0,0,0,0,0,4,2,5,0,2,0,0,0,4,0,1,1,0,0,0,0,1,1,0,0,1,2,1,2,1,0,0,0,3,3,0,0,1,4,0,0,1,1,1,1,0,0,2,0,0,0,1371,0,2,1,1,5,0,0,0,0,0,0,2,2,0,0,0,0,0,2534,0,0,1,3906,1,1,3210,1,3,2,0,0,0,0,0,0,1,2,6582,1,0,1,1,1,0,0,0,2,0,0,2,0,5604,2,0,0,0,1,1,140,1,1,1,0,0,1,9748,2,0,0,0,0,0,1,1632,1,0,0,0,0,0,4,0,0,0,2,9013,2,4,1,1,723,0,1,0,1,0,0,3,4,2,0,0,1098,4,0,8550,0,5,2,1,1,0,0,1,0,0,0,1,0,2,0,0,0,0,0,1,0,0,0,1,0,0,1,0,1,0,0,1,1,4,3,1,1,1,2,697,1,12509,0,1,4,0,0,1,0,0,0,1194,0,1,2,0,0,0,1,0,0,1,1305,0,1,0,0,1,0,0,0,20871,0,2,0,0,4,1,0,0,4,2,1,0,2,0,2,5416,1,1,0,1,1,1,1180,3,4,0,1208,1,1,1,2,0,1,1,0,2,1,1,0,0,2,1,0,0,0,0,0,0,1,3,2,0,2,0,0,1,31,1,0,0,1,1,3,464,1,0,1,0,0,1,2,2,2,0,0,1,1,0,0,0,0,0,0,0,0,0,0,2,2,0,0,0,1,0,0,0,0,0,0,0,0,0,0
"TCAGTAAGAGCCGGTTCGAA",0,2,6,6,11,5,0,5,2,4,6,2,9,2,10,13,3,1,13115,1895,15,4,7,5,2,3,6,5,6928,2,4,10,12,3,6940,2,5,7,6038,4,24656,9,4,3,0,3,2,6,3,2,20,16,48211,23,1371,21062,12970,13,3298,2844,14,13,10,8,5,3,5,35230,8,7,29628,7,15,9,7,11460,4,53,11,5,6235,13,4,5,422,4,3,6,11,0,82,2,6,3,7,9,8858,3,1,19240,5,3,7,5,2,4,4751,6,5076,12,3,10,0,6,654,4672,14,1,5189,2,4,6,17,5740,1,9,1,7,3,5,10,1,1,160,12701,6,12741,5545,2,3,1,1,2,46,12344,0,1,6,4,4,2243,10535,6,6,5,10,6,16383,5348,8,9,16,9297,17,10,17673,10,10,9,2512,15895,13,2,5,0,1,7,99,8,1,3257,3,7855,4928,14,4146,6600,5788,0,1,3,5,10,2,11,9,4178,9567,7,5999,6477,9,3964,12,10,3421,0,3,17,3,4,1,6,0,3563,12,13,10,2729,6,8,9,14,9,3096,11,6,4,2,3,3,5,9,1,18,0,18632,11,31670,4,18,27976,7721,15,18,23,2,12,1,2,6296,3,25769,6,12276,8252,9,8431,4,4,7,8,9848,4,6,24250,6,8,1,1,4,1,140,3,8,31697,6106,11169,11,10,7,4,12,5,25,12,7,12,7,10,14912,2,5,13,13,18,8,0,6,1220,12,6411,13,21782,9,7449,3,6,1,11,7,4,10,7,56285,43924,18,12,22,7,7920,15523,10,19,9351,10,5,14,9,137,9,1467,4,1995,16,14572,5,10,1142,7,8067,9,8,17,7,0,5,4,3,1,5,3,5,2,3,7,1,3,5,3,31697,2,1,8,0,2,2,0,10,0,2,5,0,0,2,2,4,1131
"CCGCTAATGAGGAATGTAGG",0,0,0,0,0,2,0,0,0,0,1,0,0,0,0,0,0,0,0,0,0,0,2,1,0,0,0,2,0,0,0,0,0,2,0,3,0,1,1,1,0,0,2,0,0,0,0,0,0,0,4,1,0,5,1,19978,4,2,1005,4,0,2,0,0,0,0,0,1,0,0,0,0,0,0,0,0,1,1,0,0,1,1,1,0,0,1,0,0,0,0,0,0,0,1,0,0,1261,2,1,1,0,2,0,0,0,0,0,0,1,1,0,0,0,0,1,0,0,0,0,1,0,3,0,0,0,2,0,3,1,0,2,0,0,0,0,2,2,3,0,0,0,0,2,0,0,0,0,0,0,1,0,0,0,0,1,0,0,1,2,0,0,1,8,3,1593,0,1,0,1,4,1635,3,0,0,0,0,0,1,0,0,0,0,0,1,1,1,0,965,0,0,0,0,1,0,1,1,1,1,2,1,0,1,1,0,4569,3,0,2,0,0,9705,0,0,0,0,0,0,4,0,2,0,0,0,0,0,0,0,1,0,0,0,1,0,0,0,0,0,1,0,1,0,0,648,1,0,0,0,0,0,1,2,0,0,0,2394,1,0,4,0,0,0,0,0,1,0,1387,1,0,0,0,0,0,0,0,1,5,1,23030,3,4,1,0,1,6,3,2,1,1,3,5,2777,5423,3,0,0,0,3,0,1,0,0,2112,1,2091,3,2,0,0,0,3,268,0,0,0,0,0,0,0,0,0,0,0,0,0,1,0,1,0,0,1,0,298,5,0,0,7,6,6,566,0,0,0,0,0,5,2,0,0,0,0,1,0,0,0,0,0,0,0,5,1,0,1,0,0,0,0,2,0,0,0,0,0,0,0,1,0,0,0
"CCAGTGGATTTGTGTAGACC",0,0,5,1,1,3,3,3,0,0,0,9250,1,1,1,1,0,0,634,4,0,0,1,2,0,0,5777,0,952,0,3710,1023,3,12462,1913,2,0,1377,1071,2,2,1,0,3,0,1,1,0,0,1,5,1,1,5619,2,3,8,2,1131,0,2,6,0,0,0,0,0,1,1,1,0,1,0,2,0,2,0,968,0,1,678,0,0,0,0,0,2,0,1,1,0,0,0,2515,8870,0,10837,1,1,3,0,0,0,2,0,1,0,2,0,10797,0,0,0,0,18,0,0,0,0,0,2,2,1,0,2,1,1,0,0,1,0,17,986,1,0,603,341,3,0,1,0,0,0,7,6768,51,0,4,1,3571,0,1,0,1,1,1,0,1,554,2,0,1,0,7,0,1,0,1,0,1177,5766,0,2,0,1,0,0,13,0,0,0,1,1487,3,1,1,1067,2395,0,0,1,1,0,0,3,1,0,51,1,4833,16,0,2,0,0,1146,2,0,0,0,0,1,1,0,2739,0,0,0,0,0,0,0,0,0,0,0,2,0,0,0,1,0,1,0,3,0,1,2,3,0,2,1,8680,1,0,2,2,0,0,2,0,1,2,2,4146,8067,1,2828,4,4,3,3,279,2,1,2916,0,3,1,1,1,0,2372,1,0,1,1,0,0,0,2,1,1,0,2,1,0,1,0,0,0,601,0,2,0,1,2,2361,0,0,0,564,0,439,1,463,0,1,1,0,0,2,2,2,0,3,0,0,0,0,0,0,1,1,3497,0,0,0,2,1,0,53,0,3,1,1544,1,0,1,0,1980,3,4498,1,0,3573,0,0,0,0,0,0,0,0,0,0,0,0,0,1,2,0,1,0,0,0,0,0,1,0,1,1,0,0,0,0,0,0
"TCCTCTTTGACCTCCCTAAA",0,0,0,0,0,0,0,0,0,0,0,0,0,0,0,0,0,0,0,0,0,0,0,0,0,0,0,0,0,0,0,0,0,0,0,0,0,0,0,0,0,0,0,0,0,0,0,0,0,0,0,0,0,0,0,0,0,0,0,0,0,1,0,0,0,0,0,0,0,0,0,0,0,0,0,0,0,0,0,0,0,2,0,0,0,0,0,0,0,0,0,0,0,0,0,0,0,0,0,0,0,0,0,0,0,0,0,0,0,0,0,0,0,0,0,0,0,0,0,0,0,0,0,0,0,0,0,0,0,0,0,0,0,0,0,0,0,0,0,0,0,0,0,0,0,0,0,0,0,0,0,0,0,0,0,0,0,2,0,0,0,0,0,0,0,0,0,0,0,0,166,0,0,0,0,0,0,0,0,0,0,0,0,0,1,0,0,441,0,0,0,0,0,0,1,0,1,2,1,1,1,2,2,2,3,17229,0,0,0,0,0,0,0,0,0,0,0,0,0,0,0,0,0,0,0,0,0,0,0,0,0,0,0,0,0,0,0,0,0,1,0,0,41,0,0,0,1,2,0,2,2,1,0,0,0,0,0,0,0,0,0,0,0,0,0,2,0,1,0,0,0,0,0,0,0,0,0,0,0,0,0,0,0,0,0,3,0,0,0,0,0,2,0,0,0,2,0,2,0,0,0,0,0,1,2,1,0,0,0,0,0,1,0,0,0,0,0,0,0,0,0,0,0,0,0,0,0,0,0,0,0,2,0,0,0,0,0,0,0,0,0,0,0,0,0,0,0,0,0,0,0,0,0,0,0,0,0,0,0,0,0,0,0,0,0,0,0,0,0,0,0,1,0,0,0,0,0,0
"ATTCGCAGTCTCGTAACCTC",0,0,0,0,0,0,0,0,0,0,0,0,0,0,0,0,0,0,0,0,0,0,0,0,0,0,0,0,0,0,0,0,0,0,0,0,0,0,0,0,0,0,0,0,0,0,0,0,0,0,0,0,0,0,0,0,0,0,0,0,0,0,0,0,0,0,0,0,0,0,0,0,0,0,0,0,0,0,0,0,0,0,0,0,0,0,0,0,0,0,0,0,0,0,0,0,455,0,0,0,0,0,0,0,0,0,0,0,0,0,0,0,0,0,0,0,0,0,0,0,0,0,0,0,0,0,0,0,0,0,0,0,0,0,0,0,0,0,0,0,0,0,0,0,0,0,0,0,0,0,0,0,0,0,0,0,0,0,0,0,0,0,0,0,0,0,0,0,0,0,133,0,0,0,0,0,0,0,0,0,0,0,0,0,0,0,0,0,0,0,0,0,0,0,0,0,0,0,0,0,0,0,0,0,0,0,0,0,0,0,0,0,0,0,0,0,0,0,0,0,0,0,0,0,0,0,0,0,0,0,0,0,0,0,0,0,0,0,0,0,0,0,77,0,0,0,0,0,0,0,0,0,0,0,0,0,0,0,0,0,0,0,0,0,0,0,0,0,0,0,0,0,0,0,0,0,0,0,0,0,0,0,0,0,0,0,0,0,0,0,0,0,0,0,0,0,0,0,0,0,0,0,0,0,0,0,0,0,0,0,0,0,0,0,0,0,0,0,0,0,0,0,0,0,0,0,0,0,0,0,0,0,0,0,0,0,0,0,0,0,0,0,0,0,0,0,0,0,0,0,0,0,0,0,0,0,0,0,0,0,0,0,0,0,0,0,0,0,0,0,0,0,0,0,0,0,0,0
"AGCAATACGAATGGAGCATG",1,5,28,15,26,25,12,22,9818,15,12,17,33857,7,12,12,2,4,4463,4538,11,5,15,16,9,21,14,12,26877,7,18,15,19,25509,3446,22611,17,12121,3884,19,10,14,10,8,4,6,45303,47684,11,6,11,23,29,18188,9796,19,7,10,11039,5668,13,17,11,11,2,9,17,18119,15,6,30861,20366,26,28,16720,5835,16,10711,23,54916,15,23,7,10,3,7,197,101,12,3,10,6500,9,3988,3358,19,7537,15,7,5,24,2732,19,5,16045,5936,18828,7103,13762,147,17,15,4,9,13,1730,22,3,12,1085,17326,17,7138,5848,10,20,4,3,5779,1828,12,190,16,27841,16707,10184,3773,5930,16,13,4,4,11,13,5,3090,1476,18085,17315,7389,2652,9,6,17,18,15,14346,14,11467,14,0,11,17699,14,24,8,13,331,31280,2544,13450,5673,16,15,4,10,44359,12,22,10,6471,17255,11682,11617,7023,24622,3375,10654,7,9,12,10,23727,6,12,6103,9392,14,15,8036,10723,16709,11810,11745,8081,2836,19,18,5,3033,24946,14,10984,2197,10185,11,20,13,3973,5,4379,809,10,10,10,12,15,14,1,6,7,10,19282,5,6691,18,39308,25,25,15,7711,16208,13731,18827,16,27,26,16,15224,13,5646,14,19,8,19856,33473,43,8608,26,19,12738,11852,12356,27061,16037,23650,28,21,2,8,22,137,12683,6,10101,16338,20,26272,22718,14,3476,8933,22,22,4334,16,10,14,21,6,4516,16,12,7,21,11,4758,7354,19,15,22,5729,11,20428,11966,1397,7,8,10,11,24,19,8,11,9,11,14,23,21071,11,8,7,25916,20,19059,15,7,11,11,12,8,3337,12,1884,23,16,11,5575,12908,19,7606,23,24,16,347,7417,13,12,3,2,10,14747,10,3,12,6,1983,5,4,6184,16,2,6,12,1,4,6,9,15,1,7,10,6,8,13,11,15,330
"ACATTACTCCGCTCCCGTTC",3,2,0,4,5,6,0,0,6174,1,3,1,9,0,1,0,0,3,0,3,4,3,1,2,2,1,2,1,1367,2,2,5,3,8,2,2,5,3541,4,8,0,9,2,2,1,0,0,0,6,1,0,5,8,1,6,3,3,4,1555,9784,4,1,5,0,0,4,1,4,4,3,1,1,3,0,1,0,0,0,0,0,1,0,2,3,2,2,0,0,5,0,4,0,11277,0,0,5,1271,1,2,1,15098,7,2,1,10400,0,6,0,5,3,1,1,1,0,2635,2893,5,2,5,2,2,0,1,1279,0,0,1,0,16,2,3,4,4,1,244,0,1,2,0,0,1,0,1,3,2,2,0,0,2,0,2528,11966,3,6,3,5,2,1,5441,3,7,3,0,3,3,8696,26324,4,4,2622,2888,1,0,1,2,2,0,5,2,2,1,5,2,0,1,6932,1,1773,2,1,2,2,7,1,74,3,5,1,4318,1086,183,4,4595,0,3024,2,1,0,0,1,3,3,5,4,7,9,9,4,7327,4,3,1,2,2,6,6,0,0,1,0,2,4,1,0,4,2,3,0,1,3,0,1,2154,3,0,2,1,1,4992,1,0,0,2,0,4038,0,3,1,0,0,0,3,2,0,1,1271,3,2,2,3,1,4,6,1,7,37938,12802,6,2,5,2,6341,5,9,3,4,4,1,2,3,1,1,5,3,0,3,4116,1291,0,0,0,1663,1,2,1,1,1,2,1,3,0,1,5,4,4,5,2,4,5,2,13627,9,18932,3,0,1,3,0,2,1,0,597,4,3,138,11,8,5,1239,1,1,1,2,6,11,6,1,0,2,1,0,14840,3,4,2,3,1,2,0,0,33922,3,0,0,2,1,2,2,6,1,0,0,2,1,2347,3,2,1
"CAGTATGCCTCTGTATAGGT",0,0,9,3,8,0,2,2,0,1,10252,0,5,3,4,5,0,1,4203,1,12,1,3,2,0,4,4,20350,4751,5,1,2,13553,5,2295,2,9,3,7,20,5,4,0,2,0,1,4,5,19371,0,3,2,5,0,2,2,1,0,3782,13,3,4,1,0,0,0,2,2,10059,0,2,3,1,1,3,2,0,1591,3,14,0,4,3,1,0,0,6,2,8,1,0,2,3,1,11,12,3358,3,2,0,0,0,9,1,0,4,0,1,7,5619,6,5,0,1,261,1534,12,1,1,4,3,2170,3,2,1,3,0,0,1,1122,5,0,0,3,2,205,0,6,2,2,0,1,1,0,8,3061,1,16755,10945,4,17,11205,10,3,5,3,2,6899,5700,7,7,0,4,3,42714,3,1,5,4,8,6139,1,5,3,0,0,4,0,5,1,960,4771,6,4,4,7212,3,2766,0,0,1,1,5,2,4,1,2,3,2,2419,3,1,5,14,3,1141,19,8,5,10,18,6,16,12,24,13,24,16,11,12,9,13,9,167079,3755,18,2,3,1,0,1,0,6,0,5,2,1,0,0,0,0,3,3297,11,2,4,3,2,1,1,2148,0,14,2,9332,6,10,5,5,0,2,5,3831,17,6,7749,0,0,0,0,1,0,7,0,3,2,5,1,2,2,0,0,0,7,1,1,14,2,4,2,11289,6269,1,8,1,0,0,2831,6,2,1,3476,0,3,2,1,6,2,6,0,0,1,0,2,17,2,0,1,24,14,13,16,17,2,6,2,12,1,2,2,2,560,0,2446,34663,1,0,3,1935,9,3,7,5,3,5,1,6,0,2,0,8,0,10350,1,5,6,1,0,1,2,16614,2,4,2,0,0,1,0,2,0,1,4,0,0,1,0,4,0
"ACGTGCTTGGATGGTCCGTT",0,0,8,6,4,7,0,3,2,3,0,2,37667,6,2,1,1,0,2,5526,6,2,2,1,0,3,3,2,2749,0,459,4,1,4,944,8375,1,957,0,1,1,2,1,0,0,0,1,0,5,0,7,26164,4,8,4,6,4,3,2869,3,8,7,0,1,0,1,3,1,5,0,2,3,7950,4,0,1,0,0,4,1,2,1,0,1,0,0,2,282,8,1,2,2094,1180,3360,157,3,21538,0,0,1,0,3,8,0,0,0,0,1,6,5646,0,1,0,0,0,1,3,2,765,4406,990,0,3,2,4,1,0,0,0,0,8,2,6,5268,2189,2412,4,6609,4,3,0,1,0,0,4,2,6855,3,648,3,174,1,1,9,2,4,0,3316,4359,1,1,2,2,3,1,1,0,0,219,827,15734,4,0,1,0,0,1,2,2,1,3,0,2,29,1978,0,2,5439,1,1,1,0,6,3,0,0,2268,2,1449,9300,2799,0,0,5,4118,8,4,1,0,1,1,2,1,1,1,1,0,4,2,0,0,374,0,0,4,1,3,0,0,0,1,5,2,1,8,10,8,34221,2,3563,6,1,11980,6,6,7,4,1,1,0,1409,1,6781,0,4420,2237,1,5,4,4,2521,1989,2,19710,5,7655,5,5,2,2,2,4,4,2,0,2,717,4,2,2,0,1720,1,0,224,3,1,9,3,3,5099,3,0,0,0,2,7,1460,4,2,0,692,2,2038,5,1765,1,7,1,6,1,11010,2,0,0,5956,4,12602,0,0,1,1,2233,5,8,8,1,5,3,2,2,1638,1,1007,4,1,0,0,585,0,2,2,1634,1,1,1,0,1,1,0,2,0,4,0,1,0,0,1,0,2,4,0,4,1,1,1,3,2,3231,1,0,1,0,1,4318,3,6,0
"TAATCCCAACCGTTTGTCTT",0,0,0,0,0,0,0,0,0,0,0,0,0,0,0,0,0,0,0,0,0,0,0,0,0,0,0,0,0,0,0,0,0,0,1437,0,0,0,0,0,0,2,0,0,0,0,0,0,0,0,0,0,0,0,0,0,0,0,0,0,0,0,0,0,0,0,0,0,0,0,0,0,0,0,0,0,0,0,0,0,0,0,0,0,0,0,0,0,0,0,0,0,0,0,0,0,12,0,0,0,0,0,0,0,0,0,0,0,0,0,0,0,0,1,0,0,0,0,0,0,0,0,0,0,0,0,0,0,0,0,0,0,0,0,0,0,0,0,0,0,0,0,0,0,0,0,0,0,0,0,0,0,0,0,0,0,0,0,0,0,0,0,0,0,0,0,0,0,0,0,195,0,0,0,0,0,0,0,0,0,0,0,0,0,0,0,0,0,0,0,0,0,0,0,0,0,0,0,0,0,0,0,0,0,0,0,0,0,0,0,0,0,0,0,0,0,0,0,0,0,0,0,0,0,0,0,0,0,0,0,0,0,0,0,0,0,0,0,0,0,0,0,23,0,0,0,0,0,0,0,0,0,0,0,0,0,0,0,0,0,0,0,0,0,0,0,0,0,0,0,0,0,0,0,0,0,0,0,0,0,0,0,0,0,0,0,0,0,0,0,0,0,0,0,0,0,0,0,0,0,0,0,0,0,0,0,0,0,0,0,0,0,0,0,0,0,0,0,0,0,0,0,0,0,0,0,0,0,0,0,0,0,0,0,0,0,0,0,256,0,0,0,0,0,0,0,0,0,0,0,0,0,0,0,0,0,0,0,0,0,0,0,0,0,0,0,0,0,0,0,0,0,0,0,0,0,0,0
"TGGATCTTAGGACGCAACAT",3,4,8,20,15,18,10,6,2,3,2,7,9,4,16,3,0,6281,2638,312,14,7,10,4,3,8,6,5,6034,4,8910,9,17,9,4940,18,7,3922,3415,13,6,15,2,3,1,6,5,1,2,4,46,48009,14697,46,3475,52,18046,38,4854,6238,36,59,4138,3,0,1,4,3,5,1,22,9,18,19,14,17714,16340,13,13,25,7,16,2,4,0,4,17,135,6,4,3913,6,14534,9365,5475,14817,17927,4,3,19440,10,5,14,6,7900,6657,5016,5,17067,16200,14,5,1,8,7,6,7,9,13015,4684,6,4253,11,2749,13,5,4,4,13,6,45082,148,16700,5,6056,3344,178,10947,9,6,0,7,2867,3,7,4,6399,17051,5,12,10,7170,3,11,12,20,11,4,3985,12,15,21,52,228271,8,691,5,9,31979,3296,15861,11756,7,3,0,1,3,40,4637,4,25,4717,3,5672,12202,2015,9812,9238,1,11,4,7,5,3,7,6082,3616,5,9,5748,5,3537,6,5,6,10,13,6,1,10,1969,9,6502,13,14,18,15,11,8625,14443,14,16,10,98754,7394,13,3,4,1,7,6,5,6,2,0,9,11339,14,13,15,8,10,8226,16,6,9,12,6,4433,8,6128,8,11,4,6750,15,0,18,18,14,12453,15,4849,15,7419,30969,6,6,2,9,9,11,8,8,12,18,22,23819,40266,9,16,8,22,12,2330,18,10,5,8,43,36120,6358,6,7,6,2,7,2919,25527,8,10,4704,19481,1012,6,2747,7,5,10,27,257,1,5,3,16,0,10,26,16,12,8,17,31,44480,9085,7,14,8,9,39,8,3750,10,5,30697,11,15,20563,1588,6,7,19196,11387,15193,18,13,5,1,0,2,1,216,366,3,7,1442,0,4,4,7,7,5,8,4,1,2,2,6055,7,6,3,2,0,3,4,4,5,3
"CTTTGTGCACCCTTATAGTA",0,0,2,1,2,0,2,5,0,0,1,1,17617,0,0,4,0,0,0,0,0,0,0,0,0,0,0,2,0,0,1,0,0,0,0,0,0,0,1,0,0,0,3,1,0,2,1,33872,3,0,1,0,0,0,0,0,0,0,0,0,0,1,0,0,0,0,0,1,1,0,0,0,0,0,0,0,0,0,1,0,0,0,0,0,0,0,0,5,0,0,0,0,0,0,0,0,564,6,0,0,0,0,2,0,0,377,0,0,5,0,0,5,0,0,0,0,2,0,0,0,0,0,2,0,0,4,0,0,0,0,0,0,0,0,0,0,2,0,0,7,0,0,0,0,2,0,0,0,0,0,1,0,0,0,2,0,0,0,0,0,0,0,0,0,0,3,0,0,0,0,839,1,0,3,0,0,0,0,1,0,7,5,5,3,1,1,1,672,0,1,0,0,2,1,0,0,0,0,0,0,0,0,0,0,0,0,0,5,0,0,0,0,2,0,0,0,0,0,0,0,0,0,0,0,0,0,0,3,0,0,0,0,3,0,0,0,0,0,0,0,0,1,241,0,0,0,0,3,0,0,0,0,0,0,2555,2,1,2,0,0,2,0,8170,0,0,1,0,5,0,0,0,0,1,0,0,0,0,0,0,0,0,0,0,0,1838,0,0,0,1,0,0,0,0,0,0,0,0,0,0,0,0,0,0,0,0,1,0,0,2,0,0,0,0,0,0,0,0,0,0,1,0,0,0,0,0,2,0,0,1,0,0,0,0,0,0,0,1,0,0,6,2,0,0,0,0,2,0,2,0,0,0,0,4,0,0,0,0,0,0,0,0,0,0,0,0,0,0,0,1,0,0,7,0,0,0,0,1,0
"GATCGTGCTAGATTGACCTA",0,0,0,0,6,3,0,0,0,0,0,0,0,0,0,0,0,0,3506,0,0,0,0,0,0,1,1,1,0,0,1,6634,0,1,1667,0,1,0,1,0,0,0,2,1,0,1,3,0,2,1,1,4,2,1,0,3,2,0,356,0,0,0,0,0,0,0,2,0,0,0,1,2,0,1,2,0,1,0,0,0,0,1,0,1,0,0,1,1,0,0,0,0,0,0,0,2,391,0,0,0,1,0,0,0,0,0,0,0,0,0,1,1,0,1,0,1,0,0,0,0,1,0,0,0,0,1,0,0,0,0,0,0,0,0,0,0,0,0,0,0,0,0,0,0,0,0,0,0,0,0,0,1,0,1,4,2,0,0,1,0,0,0,4974,0,1,1,0,2,0,1,1198,1,1,1,0,0,0,0,0,0,0,2423,1,2,3,2,1638,629,0,0,0,0,0,1,0,0,0,0,0,777,0,0,0,1,0,0,0,0,0,0,2,0,0,0,0,3,1,0,0,1,0,0,0,1,3333,1,0,2,0,0,1,0,0,2,2,6,6,6,3,3,2,2,490,7,3,5,1,1,0,0,0,0,0,0,216,1,0,0,2,0,0,0,0,0,2,0,2,1,0,0,1,2,0,1,2,17696,4,4,3473,1,1,7,4,2,1,4,0,1,0,0,5694,36,4,6,1,0,0,0,0,0,0,367,0,0,0,2,3,1,0,0,0,0,6,0,1,0,5,1,0,2,0,1,0,6,2,26714,1,0,0,0,0,339,5,1,0,2,1,2,270,1,0,0,0,0,4,7,1,0,0,0,0,0,0,0,1,1,0,1,0,0,0,0,0,1,0,0,2,0,0,0,0,2,0,0,0,0,0,0
"TACCGCTTATTATTACGTGG",21,27,39,48,80,60,33,31,21130,22,26,24,31,13,27,18,21,21,25,3495,22,20,40,38,20,25,133017,35,56515,27,4603,44,74,23602,37202,48,24656,19335,50,51051,46,1156,29,24,14,26,26,31,38566,23,54752,44,76,30541,31629,10835,15263,42,50582,30796,39,42,27,19,31141,11,17,13,21,23,27019,17500,45,20662,27,5740,28830,16084,45,18,18178,22,21,21,14,21,79,200,24,38,15918,6074,111146,4367,4856,63,35344,39,16,24,29,5427,33006,27,10253,473,49928,14284,20778,15512,37,26,6,20,1789,991,31,25,14930,38453,21202,40042,9811,26209,34,26,18,11367,13279,22,110076,81,28,31318,35024,6803,14369,17495,27,26,18,18,7093,87,31,3154,9371,38243,6499,18900,43456,28963,34,20,25,26,26806,26,22487,32,12854,33,4607,38283,42974,24851,57826,48684,49,18403,21976,55,33,22,14,17,23,55,4183,111,35252,27369,15917,27857,10890,17275,25719,43510,19625,33,39,38,49,32,35,19970,24292,32768,14568,33292,50,10226,51652,31954,39677,37089,29,37,14,12764,9987,21,9413,25,13476,49,65,48,4619,21427,47,19659,50,46,24,27809,26,24,33747,23,24,40537,32,89,5573,35,40517,42,37,33,35142,20939,49302,17982,32,41,43,40,10400,22,22826,36,29,30,11523,26665,33977,8606,29,39,28426,35,47098,14417,36,28029,30,26,24,13,31757,25696,32,28,51,45,14042,42,41058,37,32,38025,283,28035,25394,57982,16,24,21,27,16,25,20,24,23,24,50,25803,40,8937,19,10925,34,12385,73,13881,30,16,12,27,31,27,30,24,54803,24429,25,15618,21682,105116,38,32497,26147,31,19271,30,32,21,32,30,18,3336,35,24,28,26,35050,15186,49551,19977,32,40532,11331,32517,20762,33279,18,11,20,15,29868,11757,20,8,13,15,820,6,17,18,25,12,20,11,4,5,13,12,16,6,15,14,11,9,12,30,23,7
"CTTCGCAAGATGAGTCTGAG",53,76,50,129,158,78,0,5,0,0,4,0,8,0,913,4,0,1,1,0,11,0,2,0,0,0,0,5,11,0,7,1,2,1,0,1,1,1,3,0,2,1,0,1,0,1,0,0,8,1,1,0,3,10252,2,0,0,1,1637,4,2,1,1,0,0,1,0,1,10,0,3,1,1,4,16565,2,1,54,0,2,5,6,1765,1,0,1,0,1,14,0,0,0,0,0,2,1,1978,30042,0,4,4,1,13,0,0,0,4478,97,4,2,1,5,0,1,1,0,16,16,2,2,11296,1,3,3,0,3,0,1,2,0,10,0,0,0,0,0,1,4,0,2,0,1,3,0,15,0,1,1,0,0,0,0,0,1502,1,2,1,7390,1,0,4,2,2,1,1,8721,1,0,1,0,1236,2,0,1,0,1,4,0,9,0,2,7,5,0,0,0,2,8,0,1,1,1,18,2,4,4,2,1,2,1,3,1,7329,2,4,4,0,5,0,0,1,0,13,0,3,0,1,0,0,0,0,0,0,0,0,0,1,4,0,1,0,0,12,0,1,0,2,1,1,0,0,0,685,0,0,1,1,2,1,2,3,1,12,1,1160,1,0,1,2,0,0,0,3,2,0,5103,0,6,0,1,4,0,12,0,3,0,0,0,0,0,0,0,0,0,0,0,1,1,2,0,8120,1,0,4,3,0,3148,0,1,4,2,2,0,4,1,0,6,3,4,2,4,10,4,9,0,0,0,1,0,1,0,1,0,0,1,0,0,0,1,0,3,29,0,1,2,0,0,0,444,0,2,0,0,0,0,1,0,3,1,2,4,0,9,0,1,3,0,3,3,0,10,0,8,14,5,5,8,4,112214,6,0,3,0,0,0,0,11,0
"TCGCTGAAGTCCTGGGATCA",281,345,386,407,495,307,5,8,1,8,8,7,5,255,6,9,2,0,6083,6544,5,0,7,8,4,5,9,9,3675,8,6,11,14,20,3461,14,33514,19,17,10,18,24,7,9,1,4,4,7,4,6,8,5,9,9,2830,2,5,9,5265,5664,3,8,2,5,0,5,4,9,27166,3,7,7,8,10650,9,4,3,7,9,8,9,22,542,4,0,661,3709,6,5,2795,0,1306,5565,3,20,55850,7473,3,0,2,5,5,5,1,16729,8,4637,8,12330,10,8,5,0,1,888,2,4,0,4750,5,6575,12513,3732,12,6,5,0,4,3,3449,3,5,5039,5,14298,8,11519,11,3,1,2,13,6890,141,5,3,12043,8819,16,11,12666,5714,3,12,7,3,7,1366,3181,59,17,9,0,6,20,35219,18,15,23,3938,7813,5,4,4,2,7467,8,5,3,1,8481,9,11796,5716,16,14,6422,5723,1,10,10,5207,4,7,15,10131,9266,14,5,3905,10,10,4417,3929,10,16,6,2,1,2,3,3,2,1,1782,7,11,14,9,71,4287,5982,9,3,17535,12,6,5,0,4,6,8,5,2,7,13,15,41187,11,7,5,7926,4267,11,9,15,4,4,4848,12,3,3,4,6,3800,6,11958,10,9,5,3,10,453,8,7497,13476,5,6,0,3,1,1,4,1969,4,3,12812,23067,5,10,5,8,4,4,4060,7,3,6,8,79,13400,8,4,13,3,4,8540,3948,39051,9,7,2720,16,5510,11841,3902,4,8,8,3,374,9473,2,9,7,7,17,7,10076,10,4,10,10,11,7526,24451,1258,7,3,102,4,1363,5,1885,7,3,6,13,1989,7,1006,8,14852,5,11,5,5,2,1,3,5,4,4,0,0,1,2,4,7,2,4591,225,1,3,0,5,6,0,4,263,3,2,0,408,2885,2,1,2
"CCAAGTACTAATGGTCGGAT",8547,15608,11663,33676,34723,24910,446,120119,261472,11320,473,465435,152578,5765,18716,16289,197,19887,17079,13118,211135,2634,14618,8423,624,11618,56595,51714,420755,306,164952,268592,186191,138356,377364,287471,141586,326036,81359,53717,193871,260360,320,21044,39139,77524,277,195057,29576,770,544440,267249,79057,195291,301456,64122,302977,6456,496982,282783,216290,86206,10684,327,76283,261,348,8544,258011,7000,243928,315092,218662,503073,76555,115961,175635,344000,219277,183699,187653,142873,39869,44327,7175,21578,9612,12579,22986,8155,124942,170655,510795,223980,203485,71702,350694,32838,224,89274,127269,117877,144919,276,230135,203213,348316,139743,250502,332123,19028,12053,90371,17166,6574,28001,73183,670,227831,257865,300950,225644,205529,273089,30416,90199,15793,31788,225587,17219,171260,2789,218887,332292,384754,172169,264902,292183,91895,11665,229,105987,139608,910,130118,38395,188385,433705,476518,237189,238404,219161,12189,3922,450,9154,324925,49410,312399,580,224481,134538,129389,71610,96736,59562,172960,247882,240132,308908,233218,217042,14774,41414,217,25286,255977,1013,6120,5007,199076,240047,361590,251045,127913,297085,232192,345217,8387,40824,32518,28813,99362,324,354063,483623,213444,335228,209215,351373,220087,177430,188229,182522,213804,392253,25216,40262,193,144975,196171,144285,116811,41536,267719,141421,218551,132015,217553,115127,179136,207186,674,92393,39443,693,12193,389,228463,14558,130492,99855,46982,6045,251683,144914,210958,304845,192257,155350,759840,190062,433910,208317,49433,807,25479,451,381970,29970,258464,75296,132037,6834,242339,503454,297057,227149,150240,83772,161663,176492,235204,268261,332306,330386,482,26748,217,63552,92805,118002,110893,813,209452,188464,288566,278034,510172,67006,281980,878121,159352,180803,479958,266867,31911,20516,399,14934,76727,40724,440,1510,122627,202940,99098,305311,291535,71422,429240,218164,19257,279179,228083,187568,5767,7055,394,19101,8329,98507,468,353,57354,133384,55277,206589,396043,269222,263452,203129,206909,127945,24984,26050,34294,8435,398,8043,1771,48705,12500,34960,199611,217061,218554,226564,539166,205525,155252,186762,188919,238447,133603,252675,11944,69733,38753,232,59168,230882,220231,242,213,3336,717,3772,135682,219,68019,1206,36847,35309,83,168,14560,41293,175101,2864,210,209,160,129138,7096,588,105722,1134
"CCTGCTATCTTATACCTCGG",3257,5917,3711,13750,12487,8896,15,14,6,2576,43,51999,32978,2008,17989,2663,0,8345,361,8305,25,675,6526,1209,9,858,18,13,11197,18,16,31,23,48523,5919,8,12,9308,14,24,15,19,13,10088,1,22,20,11,14,90,39,36,45213,25164,1446,19,21,25,9017,6902,20,39,6472,10301,7,35,21,15,24,4972,8,4,25608,9,2185,8,14,4181,7,9,14,11,29207,31274,3691,10290,2592,131,10880,3985,9,9868,22,0,5765,21,16163,14,7,38482,23124,32,20125,12,20,6493,19899,1160,8775,8015,26701,11042,3,35,328,440,27,83,7122,7411,5248,34,126,6,12,12,2,4943,12687,21,15,643,4756,34,11061,6830,3365,22,16,9,1,34,3708,38,11431,8850,20,23,6505,46,2409,125,9916,6598,15,6895,10,10017,4533,21,11,38937,3828,27,16,17729,17,8555,14,7008,21750,11329,6752,10,1,3226,18,26,0,2121,9,18232,4786,16,6363,32,1459,8987,3,27,19,5290,17,11,22,0,4463,15,13,6612,6271,9224,15,3868,2186,3803,25,3607,6,14509,46036,29,31,10012,6628,25,26,15,7098,3167,14,5926,4,21,24446,17,9143,19407,4,10690,17,22,47820,1287,16262,26,21,9,16,14,14756,8571,8287,16,17,22,24100,15,6,9151,3202,35,35,2415,17151,34,26,9274,25,8021,18,3496,7356,19932,3508,33260,16,18,5,129514,26,30,11502,14,24,36456,35550,11789,22311,18,16,22,6065,17,727,13706,5073,1599,19,6803,15828,17706,19,282,6,15,20,3113,11,7,7,9185,7,10950,18,1316,16,3120,20,9524,137,5932,15,20,9,18,21,11,14,9,16,4323,13,18,23143,5,10323,4147,25,6604,2997,889,13,6847,11838,14814,26,26,1603,18,31275,28,14338,29,17,4055,6958,17,11,34,29345,27122,24,21,8,1428,4,952,19,17,20,790,13,9,4,28,22,42919,20,807,20,11,3,39,19,20,41,118
"CTCATCAGTGCACTATCCGC",30156,41546,28933,40577,43908,26035,78,99,31,24680,68,105920,103746,25930,27231,23939,30,8484,25750,22837,109,10277,13291,48034,22,8592,64,24351,31123,203,52323,1066,38314,67795,37434,15288,51,9928,19041,70,79,25310,53,12670,22183,45103,85614,1659,87,6231,129,24178,75393,106,11355,10482,84723,164637,23879,22332,78,51863,12717,21043,33,59,57,80363,30590,40221,68870,65,36335,21009,56,33569,49,12105,78,52,64530,43152,49839,60944,56457,73472,37316,130154,45209,58111,11720,17483,49481,43711,17452,14242,44530,70,34,35554,0,20992,137,75,16367,4834,22374,10352,354,116,34627,70,34,15242,12335,4379,22937,2893,5010,14340,38470,4395,30692,36301,51239,80,24,8614,54314,70508,119,15881,6869,15396,5901,2483,32017,20966,73,38792,29,50,7271,54,49608,8367,4330,14767,6506,15156,14040,16033,21216,7317,60,10812,58,34734,14945,822,13155,38322,44966,9504,74,50987,27458,15516,29698,35930,77706,17743,18834,58,30,30834,26130,355,117,25077,12965,11682,18402,23613,29173,35602,12036,28451,30,52,61,19094,117,72,83,36842,31993,18275,5882,22996,9438,4662,11964,8152,8923,36965,30496,34054,84,23367,26811,7444,27587,35544,6972,47,51,48,7938,0,27216,42504,46,37,102033,82,15834,22773,31,11508,43636,56,12435,17073,38726,65591,115,83806,83,24977,7154,15992,33662,20613,11889,125,13371,12328,13308,7940,19873,45532,120647,33635,60102,78312,9760,35996,84,11369,37391,22007,41802,80,8298,128054,76,65,29,57,65,0,55696,1758,44110,61,11802,67824,14037,50,39,58,27167,50,5323,14446,974,7412,97,26139,51009,15053,32370,7117,43,59,4412,16189,66,12333,46,36330,38989,45433,65,17024,39,17681,202,21947,52,11660,53,55,46,73222,139,12790,54,48,17974,75,47,44348,36305,76997,30035,21826,83,26160,60,20326,40,32267,28186,43,88,27080,8586,73,26553,76385,33172,31447,3804,22836,8998,63,24,162,54,57540,75701,591,54,21412,19,51,60,55,65996,18016,28439,12553,24,58,19889,41187,56300,21535,18246,83,29,60,57,78,109838,2692
"AACTCTTTGCACGCTCGTCC",12572,19414,12246,26497,25584,17889,362,170018,249490,21927,315,418,140732,10625,54437,91812,123,11411,26907,36195,37272,5681,17259,49628,2125,18706,121046,20015,331370,257,88037,151154,127124,123440,204209,239972,99008,270063,88839,261645,65909,23463,185,31379,43276,169,210,58207,92168,1442,118274,89545,82935,211693,148456,89819,153082,227036,250179,138555,69248,136662,26085,27550,67016,255,263,199123,54118,19940,103727,54397,94325,189975,121106,83411,175126,139314,138153,42665,131957,141324,46209,152865,9565,50400,8586,6086,40702,27209,103156,182466,306143,109971,144521,28786,223377,60284,170,129196,34632,64873,105980,208,182642,125790,230792,91919,166607,232369,47137,64275,158917,28761,5066,45868,55265,1561,168703,138412,223149,126947,112633,161533,33753,133025,146,56460,115123,18388,337390,8421,139898,188065,275893,145745,181024,179860,33828,94724,150,45796,102665,1996,175973,20392,124337,320814,257395,129802,144455,158753,23295,22656,23814,16924,200910,25187,190404,690,180465,85190,63499,53744,78618,18318,0,117778,73604,176765,172187,159248,42555,47465,197,47320,96889,3141,20547,9004,153906,87733,92933,156218,126271,114225,133098,200904,291,331,58980,21439,387,248,65495,335144,156363,206664,138981,217001,185246,178739,195631,99352,60206,259874,41034,106041,201,95399,106510,98740,95072,30628,143324,416,189228,387113,143877,186783,161074,184944,469,96314,43224,48213,68685,6134,143217,10972,21703,45452,48795,15171,71736,70206,96453,162430,38012,70454,269241,122578,266688,76419,34693,124472,93122,433,201997,19173,179413,88024,94200,20479,142404,281979,91161,73304,39731,48967,177506,132244,254848,53896,200284,317661,49795,44298,157,176985,62514,103602,92709,575,64965,107795,158970,267311,333517,99793,193101,351977,163018,176988,209378,167771,24666,6722,242,23143,39294,25783,308,3193,306,89715,86596,144682,48840,114676,205922,93040,45760,121735,71004,87845,12402,4655,264,25972,7877,63277,301,222,136298,60194,249789,149267,154335,44107,144188,227457,182186,317,34706,98873,25562,17689,274,16226,8840,60017,326,29130,56391,214685,99902,163801,267059,63984,57016,149953,97431,181923,141691,152984,41087,240,37147,220,120386,57775,112159,322,5387,101042,106,4345,185,172,21960,4670,28284,16540,94,147,35690,41866,111243,8052,167,193,137,87514,7729,364,109464,1805
"TTCTCTTCCCACTGGTTTCT",2219,3920,2645,9282,8557,5620,50,205848,12,6000,23,12,14,1243,4367,4078,2,4440,3417,2120,6,1180,3429,907,3,2041,34,49,3205,10,4517,8,8,3,7823,7852,0,5852,5,5,1,10,6,3,3,5,18,24,6,45,11,17,18,9913,1471,18,7,10,2368,8260,6,22,17660,16870,3,11,30,29,6,258,8,7,1,4,7,2942,3,2,2,3,4,7,9819,8,2214,4705,211,85,7422,1291,87,6,5848,2,20,2,4152,38,3,8,8,6,10,4,7,6,10,3309,34,16,37946,42,6,2785,152,7,15,70,11,9,6617,12,7249,5,17251,35,6,8,5448,3,20943,570,5,5,10632,4,18,15,23,14665,2,4,8,23,10,2,30,33,25,31,5125,9,5142,5629,6,4112,5,7973,3743,19,3,36522,5004,10,7,0,11,6,5,4791,5517,7,8065,38,3,7,12,4,12,1711,367,9419,12707,1110,40,29,33,2796,4,27750,5,6,6,4,6,10,9,2,9,939,5920,6,6,0,3,8219,6414,28,4,5371,7653,8,7,12761,12,14,8,8,14,14,5,5601,18,14,3475,19,540,35,3,5,7,2,9,1520,21616,24,35,24,57358,25,18,13593,3236,29,23,112597,4188,26613,2,15,21,13,19,722,4788,12,13,11,11,5,8,4,11,19,8,3844,87964,32,5,16,7,5,18,8,9,19252,8,6,10715,7,6,2,11910,7,6,16,4957,544,11,7153,586,6089,8,211,8,2,11,11,6,1,6,4775,3,8452,8,2,50103,29,13,6563,11,12,17,8,9,19,29,25,8,2,11,8,6,137,26158,11,8666,1099,7,3572,3,202,9,4,10604,9,8,6,208,9,7942,11,34189,9,11,4,3006,29,7188,8,13711,5,8,6,58054,4702,4,7,14,9,12,252,25,91800,5,13,21,10,19,556,22,28,3,8,7,3,6,3
"TTAGCCGACATACACAGAAA",3553,5272,5225,5745,6187,5361,12,23,7,16,15,22,20,2508,7445,8951,5,10,6047,184,12,354,14129,1162,1,17,17,31,21939,19,9747,26253,39898,26,9244,19,26,7322,4738,16,24,37,11,24,4,18,17,76220,17,44,27302,86,45,37930,9032,33,40935,166017,20444,9034,43,60,10,18,3,13,11,20501,9,813,16,16,29,7410,36808,24320,15,4389,20,18,10327,22,6099,11,3,6996,1750,791,8630,4745,6839,14414,17917,2268,18227,25,17199,39,4,42393,19,9003,17,14,932,23,42,3574,47,52,10,43,4,17,2219,6772,15,154,21330,9341,6979,45,10674,12850,8,20,0,11160,12185,22,18838,700,28,25,27762,6922,6805,11300,10,25,3,19,11,15,21632,10,4683,7030,6588,5186,4453,29053,1891,1694,20,3060,8698,142,11956,29,28680,39,49,46,35604,17929,24,30,29,16605,26392,38,10,36,1,4387,12150,26,20,3895,5033,4473,24022,29063,45661,37,3319,14032,4,15010,17,19,20,18,4916,23,4897,9292,7639,19106,12603,28,4742,5348,10861,1016,15,8055,0,5878,4834,16,8,6997,13525,28,28,15,4123,14499,15876,13363,28,13,31239,36,6,24,3,13,12,19,14,848,42,22383,47,31,63196,28,31,42547,21583,23,28,44,13,25,3087,4268,909,23,20,13,14408,34129,10351,8479,47,23,28001,24710,8824,21,2065,39846,21,46,2,19,15,56396,7055,9,46602,17055,13405,31,11736,21,35,35,6286,21,8082,30840,7,25,25,4394,22256,6371,26,129,19,37259,19,14817,16,22,16,7697,18,10526,24,6340,20,17,15,3126,818,17,24,11,19,25087,41,32,22,14,23,18,18216,32,15825,35,6677,25,24,3374,3320,7461,21,5860,31,25048,31,10437,7575,38418,21,26,4976,21,5174,16680,3,13,4,20,10,14022,10,54,8,19,6,8,5,15,10,367,3,14,3,13,6,15,9,605,2,26,5,13,9,19,19,10
"CGTCTAGAATTGCTTGGAAC",8,10,15,63,114,45,4,1,1,1,2,1,6,0,0,2,0,2,13,3,3,0,10,1,1,1,2,3,9336,2,3,1,5,4,2,1,1,1,3,1,1,1,2,1,1,0,2,0,3,0,5,4,3,9838,4,3,0,0,4199,1257,5,4,4,0,0,1,4,4,3,0,28307,6,8,19695,5,4,4,7,9,4,7,11,5,1,28,0,0,2,2,0,0,0,0,3,5608,2,2210,5,0,2,2,2,7,0,0,1,1,1,3,5,3,0,0,1,1,0,3,0,2,5,5377,3905,11,9,1,1,0,0,3,0,3,0,1,2,1,3,6,4950,0,2,1,0,3,1,2,0,0,2,5246,4950,2159,2,3,1,1,2,5,6744,1,1,0,3,4,4,7,8681,5,2,1,2472,2498,3,1,1,3,0,4,3,2,0,2,9095,2,4,512,5,1,1698,5526,1,4,3,6,0,9,4,16,13,10,1400,2,8,13,8,5,24458,2,1,1,3642,9286,2,5,0,3,5,2,3,1,1,0,5678,2,1,0,5,2,4,0,1,0,9001,4,0,5,1,4,5,6,1,5,2,2504,0,2,4,4,3,2,0,5743,2,6,0,4087,0,3,0,1,3,1,0,7182,3,2,3,3,1,1,0,4,2,7408,0,3,0,1,1,2435,0,0,1,0,1,2,0,0,1,3,172,6,6,1,1,4,6,13552,4,4,17383,4,3020,12,3716,5,5,1,5,1,1,5,11023,0,1,3,22420,7,5,1,3,5266,4,0,5,8977,3,1,1,1,2,8,111,0,1,0,1,0,0,2783,0,1,5,2,1,2,466,0,2,1,0,4,0,1,0,0,1,1,1,1,4,12861,1,2,3,0,0,1,2,9,1,0,0,1,0,2,1,1,0
"ATCCTGCTTATCGATCCTTC",1938215,2172498,1374473,2047568,2110769,1635661,978301,204981,93300,1406459,95455,104091,228096,1269075,1481345,1657359,1205,1121206,428430,308469,211710,966518,1337767,1506916,1335,1385580,63911,497458,73542,11566,1342523,48595,242455,245180,80889,128368,159856,66918,1190090,240009,111697,188917,1060,1735955,207783,843272,160197,396780,748041,121804,58009,114300,79828,479063,31255,120224,73838,156672,71409,35655,208521,567711,781533,831568,369646,4315,2417,506848,283185,1127010,52156,20450,623,70916,85200,48468,53945,22920,184851,41540,85009,43831,1646284,1721622,722066,1837141,698818,567888,1543192,2130138,141685,138325,132209,24944,75270,417708,109865,476567,1446,293770,178072,356886,170347,2485,40558,40680,297876,193320,51336,39452,1362182,1185600,1186,879797,81054,260680,182978,128644,11777,50130,100378,63432,547116,72539,1325897,1151088,110092,1189940,172245,153624,23376,843101,29605,40114,41066,39291,79497,18091,128165,670975,878,223887,109332,5534,121749,726561,12281,80432,91321,40230,24580,64200,1539531,1471590,450920,2094793,174296,202719,117621,82752,77758,97664,138306,205709,180429,177469,251243,58271,128731,91955,147922,47050,710004,926432,1156,975146,78465,8403,19594,1220852,47998,441091,107820,80067,19777,67820,34890,62216,1244,693112,246772,164959,758177,2888,50881,48155,49649,65940,63130,66099,54001,62431,69551,23526,48438,124822,752242,870988,1213,785710,177402,280411,48553,1670992,41964,206010,215544,123374,20776,249376,58662,30686,1473,334766,127999,802769,915394,879452,1150,1002503,406056,542547,385307,910857,62620,117998,125600,41611,185727,17819,26912,55198,70331,78838,485698,432059,949840,736090,11332,812955,101356,529376,55307,1400845,157390,34609,44482,28634,240386,8541,58832,72783,77775,80559,16983,243241,378423,807732,1058,169152,148669,215045,248003,310299,55993,93264,103224,139366,241579,1070,208006,8890,385977,22372,6530,115828,1548611,1123104,1949,2040863,166668,307433,683621,760395,186335,77777,406532,50723,69493,122444,149324,81669,215154,75949,149201,35213,1087497,1207658,15160,1955931,93986,320762,890535,2345,98581,188235,151360,135198,29938,1242,164011,10940,49770,179112,255371,116135,1746094,1433878,1432,1737303,728355,58937,789763,1819840,74122,244304,163353,110278,16428,118407,178870,191660,201568,92341,173801,43141,801529,766590,44930,6367,179220,242090,198088,35465,1093301,1446392,9763,597352,1929,80568,68856,801452,1325009,1329312,11607,3078,577178,669075,32662,985184,910396,644716,1523,206844,2228,7270,312161,206721
"TGGTCGTCCGATGAGGTCTG",4562,6112,4481,6696,6517,4758,7,4,1,3,1,2,3,319,4847,3,1,9,8308,1,1,2795,1,1,2,5968,6,2,1572,23,3,5,1,5,3152,1,1,4,2,2,3,4,1,0,1,3,4,0,3,669,9,5,6,6,1345,4,3,5,5,4,5,6,1,0,3,4,2,1,0,2885,7,12199,6,10491,5,4,4,4,6,3,2,5,5905,3,1,6582,9,828,4743,10363,3474,6173,5209,7,2,3,2984,3,2,3,5,3,6,10,3,3,6,3573,4194,4,23227,4,4,4,7,5,2,455,5,2,0,2,3,6223,7,3,2,5131,2,0,3,4958,9,3,0,5,4,2,1,0,1,0,2,0,3,4,9,7,4,7,2,9,777,0,5,778,1,0,7,11,1,2,10,5,3,1,0,2,3,0,8133,1,5,5,0,0,2,0,4,1394,3,7,2,3,2,6,2697,1873,3,5,3,4,8,7,4,5,2,3,6,1330,5,3,4,8009,4905,8,5377,3,1,4,3,1,2,11015,7377,5,6,8,8,0,3,2,3,6,8033,5,1723,4,2,1,2,2,4,3105,8253,20639,5,7,12,2,6,8,1895,9,7,8,10,2,3,6,4,1,4,11,7792,8,5,9,8,7,2,2,11,6,12,15833,4,2,3,5,3,2,10,3169,9,5,13,24817,20489,10,4,6,11339,8,4,10,5,589,4,4466,3,2,7,1548,3,1,3,1333,5,4,5,1746,9,4,2,0,6,2381,3,3283,2,1,11,2,3,7,7,10,4,2,3,7,13064,9,1,5,2631,8889,4,4264,6,1577,8,0,0,8,11,12015,289,7,6,8,15997,8,7,8,2,2,2,26,1,0,0,59,3,2,0,5,2,0,0,977,3,13125,1,3,3,2,4,482,7,6,3,4,4,5370,6,15
"AGTTTCCGTCTCGTTAGGCC",2196,4528,2996,14023,12549,9188,25,22,1,2111,7488,13,17730,1574,5247,8710,3,9453,6604,13,66825,260,14,4694,3,25,22,21,13659,15,18,17,6090,24,12697,7363,13,3818,4069,24,24129,28,11,14,3,18535,12,18,19,50,26,111362,59,10168,18259,20328,24,32,6903,5286,30,48,13,10788,2,16,18,14,29,1114,12,20,32796,10543,17124,0,16,3417,15,17,14,19906,7496,8006,3,2991,443,42,4754,1510,6373,11383,22589,16,5702,23204,20444,25,2,23,7783,2453,40,18,5569,6894,2187,6932,47,14969,12756,26,6,5080,19,432,32,53,2091,5213,10328,4300,2430,22064,16712,21,0,9386,9345,356,39,623,8093,17,3484,6159,3897,13976,18,17,1,31974,30119,19,24,13,8420,7286,11018,4410,2346,11565,6503,5399,18,7061,11,21846,1333,22,22,16,19067,23,12,13,12,9391,13,9680,19073,14607,22,19,4,2256,22,12,28,423,7988,9180,47,26,16,25,5014,10132,0,31,25,8,28,15,28101,14065,8253,23767,2777,11828,3640,25,4091,33,4359,39943,7253,34728,5,15758,9435,10,991,31430,1653,26,228054,45,6446,3441,7957,18811,32,37,10138,52,11872,11284,3,10739,12,12,27,1174,7539,21,44,24026,22,20084,30708,7004,11154,15,11,33,6270,27600,12,44,13849,13939,48,2847,22300,14420,10079,7855,23,27,12251,10516,8948,28,12376,41793,21,45466,5,34,34,18,27349,19,9,17322,6321,23163,19050,13,25,30141,0,21,9431,24,4680,1415,22,6262,7945,32779,25,151,24,20,29,7085,20,17269,9,12491,16,9981,40,8067,22,12,19,10386,113,17496,7,13,35,12,16,19,24,28,17949,6386,23,23,20,17,3959,3616,19,1653,19,752,26,2007,10466,14983,29,17179,3675,19489,14757,20,16717,21,0,4721,2885,13,3,21,15,9,18,14,26,29,4,561,18,13,41960,483,10,9517,2,27,9259,14,22,226,24,25,1,118909,478,10,91177,168
"TAGAGCGTAGCAGACTGAAG",0,0,2,3,2,0,0,0,0,0,0,0,6,0,0,0,0,0,0,0,7,0,0,0,0,0,0,0,1,0,1,0,0,0,0,0,0,0,1,0,0,0,0,0,0,0,1,0,3,0,0,0,1,1,1,1,0,0,1703,0,0,0,0,0,0,0,0,0,0,0,0,0,0,0,0,0,0,0,0,0,0,0,1,0,0,0,0,0,5,0,0,0,0,0,0,0,239,1,0,0,0,3,3,0,0,0,0,0,0,0,2,3,1,4,1,1,26008,0,0,0,0,0,0,0,0,0,0,0,0,1,1,0,0,0,0,0,1,0,0,0,0,0,0,0,1,0,1,0,0,0,0,0,0,4,0,0,0,0,0,0,0,0,0,2,0,0,0,0,0,0,1017,0,0,0,0,0,0,0,1,0,0,0,0,0,1,2,0,452,1,0,2,0,1,0,1,0,0,0,2,646,0,0,0,0,1,0,0,0,0,0,0,0,1,0,0,0,0,0,2,0,0,0,0,0,0,0,0,0,0,0,0,0,1,0,6459,1,4,1,6,1,2,2,177,1,0,2,0,0,0,0,2117,0,4,0,3,0,1,0,2,0,0,1,0,0,0,0,0,0,0,0,0,0,0,0,1,0,0,0,0,0,0,0,1,0,0,0,0,2,0,0,0,0,0,0,0,0,0,0,0,0,0,0,0,0,1,0,0,2,0,0,0,0,0,0,0,0,1,0,0,0,0,0,0,2,8676,1,0,2,0,1,0,0,0,0,1,0,0,0,1,0,0,1,2893,0,0,0,0,0,0,0,0,0,1,0,0,0,0,0,0,0,1,0,0,0,0,0,0,0,0,0,0,0,0,0,0,0,1,0
"AAGCGAGTCCCATTACGAAC",5909,10170,7206,14821,15553,11144,37,194502,1933,3381,18911,99649,46124,2122,1149,7196,7,15560,10937,482,74721,830,12878,22847,5,6624,46056,10917,19959,47,45844,38034,13198,43,15341,44129,13782,27100,4804,42,33,50,24,27537,5,17830,16,23406,50,655,51,42,41714,15908,17946,10257,32,31,12811,5359,32,44,24947,20,8,26,23,0,12774,5111,57556,37507,64726,65,31511,14531,61280,2873,35235,53,8073,59,17866,29,14772,11102,3612,3727,14569,7622,6767,10398,5885,16088,7436,27414,31758,44,15,35,6872,5668,8764,17,16634,14319,31328,18097,16696,51,22,51,5,28,595,3177,54,258,13757,22235,5163,39,18231,19607,21,37,8,16725,38527,2285,46,2099,4964,7578,9821,15492,10171,24912,30,16164,19,31,35,64,22787,17471,7167,8347,1633,9395,4726,2836,7876,19862,39,15577,55,15137,29976,102,23860,39,1298,31,51,35267,27048,9508,48,27627,41836,29406,9072,33,13,26969,25,33,63,6807,11891,50,9697,5762,8397,9293,8352,23000,9,13668,28993,8857,51,28,47,6119,15898,51,18408,19553,4673,8991,12540,3844,17007,7927,24,6406,15,8844,7958,25,8358,2386,13011,22,38,24,17639,6908,11756,25,22,20,47654,9748,1572,11107,6,2535,33,45,43706,1646,16457,49,47006,81910,62,8584,45020,22237,20682,39508,46,69,35,24805,4155,36,15473,157,51,8572,53598,23549,33301,52,40442,7068,36329,47,23905,38675,6897,71691,26,53,5,23,29923,15,11483,371,55,42,44178,59478,85438,38,26666,19465,21106,27700,4797,40471,9552,6749,43,7767,36370,19575,45,1125,14597,69193,4256,13587,25498,17209,40,18923,21701,14993,33,10064,18,1183,34,6521,35,22,39,27,10578,39,55,38853,35,18,27,6544,30,47446,36574,42,6404,13108,38,6665,929,4163,37,16433,23676,32,60,7978,7345,15634,43208,66,29401,38,10164,23802,5446,37816,19,18,30824,20,56265,56,20718,35,5,27,25,18,78268,687,13,21181,282,14,21,22,40,3882,13,40,7,28,27,164,57,1314
"CTAAATTGACCATCAGCACC",605,1141,1264,3018,3398,2511,6,8,0,0,3,2,6,4,2235,0,0,5302,0,2,11,49,3,3447,1,4,2,7,3930,7,9,5,11,3,9,8,6,8816,9,5,19888,7,2,1,1,0,2,4,5,5,3,3,7,8,1238,9,2,20261,6648,5,8,4,6,2,2,1,2,0,5,194,5,2,4,1,2,3,0,1557,2,6,1,3,3967,6,2,1452,25,3164,1713,456,2,6563,7336,2,6,23926,2451,11,1,4,3,9,3,5,1,6,1678,3,3188,7,2,10,0,1,6,9,5,1,3,4192,19603,144,3,6,7,14,2,10055,0,6,41382,44,9719,5,7533,5089,3656,3941,3,3,0,1,2,5,9,1,5,34,12932,4,2,0,3492,5,2,0,3409,0,1221,7,4,6,4794,0,7,1,2,13,9,4,2772,1,2,9,2,7,4,24,1525,94,8376,12,15,11136,2,4,1640,4072,2,6,8,2061,0,5,7,11855,0,3837,7,615,0,4,3252,4170,4,4,4,9,0,3504,2,5,10,2316,3643,1,10,2,1,3,2,6,1,2,2,0,8685,8,0,3,4,6,3,226,2,2,7,2,0,1,0,2,3347,1,2,1,4,10,0,1,1942,1,8,768,8368,2,11647,6,2,5,1,2,2119,1,5,0,3,24721,0,4,7,3,0,4,0,5,12,2,0,2,1,2573,14,4,4,0,1184,2255,3,871,10881,0,2,26,0,4,4,1180,1,0,1,0,1,1483,6,1279,2,0,1,587,2,2,1,5,3,2,4,3,1,2,2,0,2,5,2,0,2465,907,1,821,0,93,2,8,3,3,1,5,2571,1,0,1,0,0,3,4083,1,7,0,2,6,1,5,1,2,7841,1,867,3,2,8,163,2,8,0,0,2,6,2,1,3,6,0,0,6,4,4,2
"CGATTATACTAATGCGTAGC",71,133,103,993,757,499,0,0,0,0,0,0,0,0,0,0,0,0,0,0,0,5,0,630,0,0,0,0,0,0,0,0,0,1,0,0,0,0,0,0,0,0,0,0,0,0,0,0,0,0,1,1,4,10807,1,1,3,1,1111,2,1,3,0,0,0,0,0,0,0,0,0,0,0,2,0,0,0,0,0,0,0,0,681,0,0,22,0,0,33,10,0,0,0,1,0,0,0,0,0,0,0,0,0,0,0,0,0,0,1,3,0,0,0,0,0,0,3,0,0,1,0,1,0,0,0,0,0,0,0,0,1,14,0,0,0,0,2,2,0,0,0,0,0,0,0,0,1,0,0,0,0,0,0,0,0,279,0,2,0,0,0,1,1,3,0,0,0,0,1,0,247,0,0,0,0,0,0,0,0,81,0,0,0,0,1,0,0,224,0,1,0,0,2,0,1,0,0,1,2,450,16,1,0,2,0,0,1,2,0,1,1,0,0,0,0,0,0,2,0,0,0,0,0,1,0,0,0,0,0,0,0,0,1,18,18,0,0,0,0,0,0,0,439,3,0,0,0,0,606,0,0,1,0,0,0,0,0,0,0,0,0,0,0,0,0,0,0,0,0,0,1,0,0,0,1,1,5,2,4,1,1,2,2,14178,2,3,0,0,0,144,0,5673,2,0,0,2,2,0,0,0,0,0,0,0,0,0,0,0,0,274,0,0,1,0,0,0,0,0,0,0,0,1,0,0,0,0,0,0,0,155,0,14,1,0,0,0,1,6770,317,0,0,0,0,2,2,1,0,0,0,0,0,0,0,1,1,0,0,1,0,0,0,2,0,0,1,0,0,0,0,0,0,0,0,0,0,0,0,0
"GACCGAGAGAGTTAGATATG",1651,1998,2254,3331,3063,2924,17,11,3,0,3,9,0,0,22,3562,4,3,2,4,2,3,2,6,6,4511,22,9,2479,3,9,5,2,0,7595,5,5,6,8,5,7,14,1,11013,1,4,9,14,3,55,4,2,4,5,1511,4,3,3,1016,5,6,13,0,1,4,2,21,5,1,0,9,4,3,4,8,3,3,5,0,8,19285,7,0,15901,24444,3804,231,12,3806,1096,4,1,1,3,4271,6,1764,13,4,3,1,1,0,2,5,2975,0,1,0,8,0,12,6,3,0,2194,2,0,5039,2,1,0,0,8,16480,8,5,1,2,0,1,249,5,7,4,4,2,3,13,4,5,0,0,3,0,0,13,16,18,27,0,8377,2,1383,0,278,2,1,1310,40,9,19560,5,7,11,9182,29512,15,6,2622,4102,0,0,5,3,0,0,6,1,0,987,17,7,10,3350,6,19,1448,4,0,4,7,5,1,2,1,0,0,1,1182,2,0,2,2,3,10,35599,7,7,6,0,4,2,2415,4,4,1,2,7,1,2,0,3,7,7674,3,13,18,1,3,0,5,2,2,5,6,6,5,9,6,5,4,993,4,9,8,31,83463,5,0,4310,9,9,0,2701,1,2,1,1,1,1,0,0,1,6,4346,23,8,1,0,1,3,3,1,1,1,1,0,4,1,2,2,0,0,2,4,2,6,2,2115,832,2305,3,655,6,2,6,0,5,6601,3,6357,5,4003,2,2,1,1204,0,802,257,0,4,6,2,7,8,28532,2,1,6,11,2,6,18459,11,9,12,5,412,0,348,6,10,4,7,2,4,737,4,4,7,5497,3,2,8047,0,3,2,1,0,3,3,8,14,6627,4,3,0,2,2,87,17,12,3,0,0,2,1,2582,101753,9,5,1,8,10,3,4
"CAGCTGTACGGCATGTCGCA",3309,4512,3720,4594,4569,3563,280,237,99740,3280,336,231,182073,6336,10952,2462,53,152,4435,27834,76170,1315,345,240,111,7337,243590,92507,235113,218,71771,95566,99359,164175,222290,240252,51490,197087,38661,312,196860,81483,201,6931,94790,105,44095,25252,1840,641,263171,47051,68700,196861,124540,118458,227641,410,284200,124164,83353,34285,3815,8343,34180,149,197,24569,78800,4747,94369,221589,366,145463,51634,74525,32240,106956,0,278,98018,178789,310,204,903,4166,7326,16444,3498,5133,125408,113136,265212,152371,178984,69674,250615,216,110,55478,43451,29888,48892,172,164498,76740,252339,108134,164410,161005,3382,222,77,4930,17174,59774,174694,354,107981,115775,201457,132734,103597,200910,18549,17925,86,3722,122879,77406,176095,9394,149886,146543,210657,113569,168932,179626,238,180,182,33725,74400,2080,101653,9315,152456,261990,183026,128357,93139,207917,1125,14709,162,673,21583,8980,141206,236,199757,176717,99470,70342,144425,228,88366,87017,59953,104315,157190,79440,256,17979,201,25147,149008,2177,46244,472,97810,52592,119188,176332,182025,183616,129308,214384,1382,257,159150,57328,7684,231,187329,211314,177163,165960,84398,203733,185581,166592,131004,79501,114924,124802,252,188,203,63214,152014,122316,164075,145,111891,235,301,139213,118242,49217,68713,124959,280,225,31192,271,1969,157,72921,159,66893,18802,23088,9130,132514,134482,166640,139217,48339,66211,123082,56393,279062,110075,92185,191402,4816,248,72002,16078,151882,49635,229853,1368,115248,259055,89810,108142,26108,26317,90149,55473,112316,198933,73059,272315,302,12076,88,221,154111,86976,77567,447,155370,112799,138024,139330,377869,35097,146512,429252,195337,150377,79543,296288,129,883,191,1161,21428,288,294,2199,64471,95524,38014,117618,33249,51877,63168,81179,24306,89220,129065,114586,115,233,200,846,9326,17799,296,203,88961,74760,126060,183303,37899,20580,32864,44341,120276,107952,29476,240,154,3040,218,1877,8199,240472,342,11405,26368,150329,142424,131985,96183,130832,60968,105360,43012,140539,202740,150182,157,108,73,94,99219,95261,162,130,139,92,31,92,169,17404,167,192,146,129,36,64,64421,0,155,6313,159,111,58,131,16249,4900,171,1228
"GTGAGCGGAACGTAAGCATG",1799,2170,2017,1621,1889,1358,15,0,0,5,3,1,0,1189,2702,3,2,5325,4,2,2,11437,8324,2,2,7,11,4,42,113,9080,2,6,2,2,4,3,1,4768,3,5,6,4,1,1,1,8,0,1,189,4,12,31358,11,1419,7,9,6,1240,10,6,15,3,1,0,2,9,0,0,3687,0,0,7,2,1,0,0,2,0,0,0,0,893,1,1,3176,17,0,0,1370,1815,47,8,5,5,4,4089,2,0,3,5,3,1,8,3,0,8,6541,4880,17,18,0,0,3,3,0,0,4,4,5,3,8100,2,0,17,0,0,1,3,1,0,2,4,4966,2,0,4,5290,8,0,0,1,3,2,0,4,8,9610,14,18,1,5890,0,2,1,374,0,5,917,53,2,9,9,37985,7,1,0,5,1,7,4249,5097,12,1,2,0,3,5,3,1605,1,1,1,2,6,13,826,1120,0,2,5,0,1,4,9,7,6781,9518,4,1977,4,8385,7,4080,6,7,16,0,77,2,2,0,0,2,2,0,4,1,0,0,0,0,2,1,0,5,14,1,0,3,3,0,0,1,8,7,19651,8,4,8,5,5,2154,4,9,11,15,1,1,4,2973,5,3,12,11354,4,8,9,0,4,3,11648,4,4,3,10563,9,1,2,2,3,0,0,5265,7,3,9,2,1,1,2,7,2,3,1,27806,1453,1813,11,1705,3,515,12,2461,1,8,4519,3513,0,0,1,1097,2,5,7,2681,0,4,2,469,1,4,5,3,1,3,8,8,2,0,3,1,6,6,19177,4,2,7653,8,1976,1,5587,6,5,4,2,2,3,15,3,2,8,3739,1,13,5,8,0,2,0,2,0,0,128,105613,8,2,5,8,6,8,14,9,0,0,0,2,0,0,982,11,3,0,3,5,2,0,3
"CTTCTATGTACAAGTGGCCC",80,180,108,474,367,169,0,2,0,0,0,1,1,0,0,1,0,0,0,0,0,1,0,0,0,377,0,1,1298,0,4164,4,2,6,3313,2,4,3,2,5,3,5,0,0,0,0,0,1,0,0,2,1,0,1,2575,2,2,0,2055,2,1,1,1,1,1,6,4,3,6,2,0,0,1,0,2,0,1,0,1,0,0,0,939,0,0,0,1,2,172,8,5,2,1,0,2443,4,1930,0,0,1,0,0,1,0,3,0,0,0,1,3,3,2,0,2,0,278,1,15,1,0,0,2,0,0,0,0,0,0,0,0,0,0,1,0,0,1,0,0,0,1,0,0,0,0,2,3056,1,0,1,1,0,0,0,4,1,1,0,0,688,10,6,4,1,3,6,1,4,5,27853,1,2112,1,0,0,0,0,0,0,0,248,1105,3,5,4564,4,1,0,298,0,0,1,0,2,3,0,0,2,1,2,825,0,0,533,0,0,1,0,1,0,0,0,1,0,0,0,1,0,4,3,1,2,0,1,2,1754,2,1,1,0,0,2,0,0,0,5,6,10,5,11,5,5,1,434,10,0,5,0,1,0,0,0,0,0,0,1,0,0,0,0,1,0,0,0,1,0,2659,0,2,0,0,0,0,0,0,0,1,0,0,16096,2,1,0,1,1,1,5,2,3,0,273,0,0,1,12,0,4,1,1423,0,0,3,986,4,0,0,0,0,6,0,600,0,0,1,3,0,44553,6,14175,2,0,2,3843,5,5,7,2,0,4,0,2,0,120,1,3,0,1,1,4,1,0,5,1,3222,0,1,0,1,1,0,0,0,735,0,1,0,0,0,0,0,0,1,0,1,0,0,0,0,0,1,0,0,1,0,0,0,0,0,0
"GCCTGTTTCGCAATATGTAA",0,0,0,0,0,0,0,0,0,0,0,0,0,0,0,0,0,0,0,0,0,0,0,0,0,0,0,0,0,0,0,0,0,0,0,0,0,0,0,0,0,0,0,0,0,0,0,0,0,0,0,0,0,0,0,0,0,0,0,0,0,0,0,0,0,0,0,0,0,0,0,0,0,0,0,0,0,0,0,0,0,0,0,0,0,0,0,0,0,0,0,0,0,0,0,0,0,0,0,0,0,0,0,0,0,0,0,0,0,0,0,0,0,0,0,0,0,0,0,0,0,0,0,0,0,0,0,0,0,0,0,0,0,0,0,0,0,0,0,0,0,0,0,0,0,0,0,0,0,0,0,0,0,0,0,0,0,0,0,0,0,0,0,0,0,0,0,0,0,0,0,0,0,0,0,0,0,0,0,0,0,0,0,0,0,0,0,187,0,0,0,0,0,0,0,0,0,0,0,0,0,0,0,0,0,0,0,0,0,0,0,0,0,0,0,0,0,0,0,0,0,0,0,0,0,0,0,0,0,0,0,0,0,0,0,0,0,0,0,0,0,0,0,0,0,0,0,0,0,0,0,0,0,0,0,0,0,0,0,0,0,0,0,0,0,0,0,0,0,0,0,0,0,0,0,0,0,0,0,0,0,0,0,0,0,0,0,0,0,0,0,0,0,0,0,0,0,0,0,0,0,0,0,0,0,0,0,0,0,0,0,0,0,0,0,0,0,0,0,0,0,0,0,0,0,0,0,0,0,0,0,0,0,0,0,0,0,0,0,0,0,0,0,0,0,0,0,0,0,0,0,0,0,0,0,0,0,0,0,0,0,0,0,0,0,0,0,0,0,0,0,0,0,0,0,0,0,0
"AGCTAGACGATCCAAGCATC",7,29,20,46,24,18,6,0,0,2,0,0,0,0,5,0,0,0,2,0,0,0,1,0,0,0,3,0,0,0,1,0,0,0,0,0,0,0,0,0,0,0,2,1,1,1,44712,0,0,0,2,1,5,4,6,6,1,2,4,2,26737,5,0,0,0,0,2,0,0,0,1,0,0,0,0,0,0,1,0,1,1,1,1,0,0,0,4,0,0,0,0,0,0,0,0,0,340,0,0,0,1,0,1,0,0,0,0,0,4,11,4,0,0,0,0,0,0,0,0,0,0,0,1,0,10,0,0,2,1325,0,0,0,0,0,0,0,1,3,7,0,0,0,0,0,0,0,10,10,8,7,0,0,0,0,0,2,2,0,0,0,0,1,3,1,0,0,0,0,0,2,1026,14,4,0,0,1,0,0,0,0,0,0,0,0,5559,0,7,193,0,0,0,0,0,0,2,0,0,0,1,236,1,0,2,3,3,1,6,0,0,1641,0,0,1,0,0,0,0,0,0,0,0,0,0,0,1,0,1,2,0,1,2,0,3,0,0,2,2,0,0,0,1,0,689,1,1,3,6,3,0,0,2256,0,0,0,3812,0,0,1,1,1,0,1,2,1,0,1421,9,0,0,0,2,0,0,0,0,0,0,0,1,3,0,0,0,0,2,2,0,1,1,1,5719,1,1,0,2,0,4204,0,2,2,0,2,0,2052,1,3,0,2,0,1,0,0,0,0,1,1,1,0,0,4,0,0,0,0,0,1,0,0,2,2,0,94,1,0,0,0,1,2,350,4,0,0,0,3,1,4297,3,0,0,0,0,1,0,0,7,0,0,0,0,0,0,0,2,0,0,0,0,0,0,0,2,0,0,0,1,0,0,229
"TCAGTTTACGGAGATGGATC",6,4,6,24,9,13,1,2,1,0,2,0,20653,0,0,0,0,2,0,0,4,0,0,0,0,0,2,0,1241,0,0,0,2,0,0,0,0,1,0,0,0,0,0,0,0,0,0,1,1,0,2,5,1,1,4,2,2,4,1601,1,0,1,0,0,0,1,0,0,1,0,2,18990,5,1,2,2,1,2,2,2,1,2,0,0,0,1,0,92,4,0,0,0,0,0,0,0,429,1,0,1,0,0,2,0,1,0,4926,0,5,4218,0,0,0,0,1,1360,5,0,0,0,1,0,3,3,0,0,0,1,0,0,3,0,2,0,1,1,4,5,0,0,0,0,0,1,0,0,1,0,0,0,6,0,4,1,2,2,4,16152,1,1,0,1,0,5005,1,0,0,0,2,2,2481,0,0,1,0,2,0,1,1777,0,2,0,4,0,4667,0,0,2417,1,1,0,1,4,1,3,2,7,5,2,2765,4,3433,1,5,569,2,0,0,0,0,0,0,2,0,0,1,3,2,1,0,0,2,1,0,3,2,0,0,0,0,0,0,4,1,0,1,4,0,3,3,0,2,1164,1,0,0,0,1,0,1,0,0,2,0,2594,5,1,2,2,1,3,1,0,1,1,3884,1,0,1,1,2,0,3,2,3,3,12890,3,1,4,5,4,6,2,2164,3,1,0,2,2,1,6,5,0,3,7,4119,2,6,3,1,0,0,126,5,5,5,1,1,2,2,11024,3,0,0,3,0,3,1,0,0,0,9192,1,1,0,0,0,0,1,0,372,0,0,0,2,3,3,1799,0,0,0,2,0,9180,2,2,1,3,0,3,1,3,1,0,0,0,0,0,0,0,0,3,0,1,1,0,2,2,1,0,0,0,0,0,0,1,0
"AATCTACGTCAACCCAGTCG",1,1,8,1,0,31,3,0,0,1,0,0,0,0,3,1,1,3,2601,0,1,3,1,0,0,1,4,0,704,0,0,0,3,1,0,1,1,0,0,0,0,1,1,0,0,1,0,0,0,2,3,5,3,1,0,3,4,2,346,4,4,17188,1,2,0,1,2,5,0,0,3,0,5,0,2,6108,0,1,2,0,1,0,0,0,0,1,2,0,2,0,3,3209,1,0,2,0,2483,0,0,2,1,0,1,1,2,3,4,6937,2,5489,3,0,0,1,0,0,2,0,2,0,0,0,0,0,1,0,0,1,2,1,3,0,1,0,0,2,3,1,3,0,1,1,0,0,9929,1,5,2,17383,3,2592,0,0,2,1,3,0,3,2,0,1,4,5,1,1,3272,3,0,1,3,3083,2,2,0,0,2,0,0,1,0,3417,3,2,2,2,5,3184,413,0,0,0,0,0,1,1,1,1,4,2,1575,0,1,1,1,4492,3,3,1,0,2063,2,1,0,1,1,0,5,2,0,0,0,0,0,2,3618,1,2,0,2,1,0,0,1,0,2,1,2,6,3,4,1,3,1278,1,0,5,5,2,0,2,0,0,2,0,5595,6,3,7,3,5,0,6,303,3,3460,4,4,0,0,1,1,0,0,1,4,3,6,3,2,3,1,7,7,5,4,4,1,5,5,9,4,4695,16545,0,3,3,3,1,1,2,3,1978,2,1,1,0,1,8,2,2,0,1,1,0,2,25175,15,2,1,1,5,1,2,29,4,0,0,2,5,1,1,290,1,0,12243,0,8,13566,469,3,2,3,7431,4,4,3,5,0,0,0,0,0,1,0,7,2,0,0,2,0,2,0,1,0,0,1,0,0,1,0,0,0,0,0,1,0,0,0
"CAGCTGGTGCATAAACAGGG",15330,21339,15459,20797,23581,16887,41,43,16,4447,34,29,13395,12836,27973,7605,19,6211,18771,23,31,5082,3276,17174,27,15760,35,35,13580,70,3539,48,38711,45,4940,12965,33,17542,5530,36,87584,66274,23,14,24,31,90038,14196,37705,2949,27,41,31367,41669,6268,32,34785,42,12107,32,27596,68,20,10315,13,17,31,24,20,17451,15,24,33819,19,15341,27971,18,2902,28,16,30,35,20548,8537,25034,47527,4477,53631,38451,27727,35,3489,8794,28,40,58203,16595,41,16,25,29,4396,26,22,17287,9464,9855,17479,3609,54,42790,48,20,2391,5087,8211,54,1136,5045,7988,13371,7827,3742,5632,33,28,14,20563,20324,8947,80,9410,9847,14863,25355,8853,8607,11538,22,21119,12,19,16,370,35,8417,4230,8590,5882,17637,5944,21664,16763,6059,43,18135,19,8294,8572,437,51,30,12338,41,63,15305,25490,65,37,7757,33891,5796,39,27,17,24370,32,653,31,14220,12551,9770,6297,8126,17427,14705,5436,13859,36930,26526,63755,16098,33,39,27,7429,4367,0,4696,12398,130,4545,26,7583,35,25637,42,15429,22,5471,16117,23559,0,7190,6186,24,24,16,8593,4014,4086,1216,38,25,46836,24350,1600,22668,13,6160,22158,6595,31043,10763,552,33,48,31,65980,24,26,14890,13352,25,17596,44,9169,56,20,29551,15825,14914,69,13958,32264,31604,11013,17003,46,28,37,60919,9218,12708,7256,49145,42,44,14,33,29,26662,11677,8269,11549,24,37,3145,20590,24,17,2922,22667,19985,30,39,8933,3379,32,10992,41112,926,26,3352,22,18,44,3871,26,15,13,9575,21,12632,47730,6171,25,3523,313,13585,19,31,32,47,22,19,39,40,31,19,10,16537,22,43962,9658,33,9836,14709,45,14405,13,9921,24,10457,48,13331,41950,13846,3096,18821,7918,62,21561,21,22,7664,2325,35,21,39,27,21,31868,147,25,31978,17,5192,25,27,41,4547,39984,46933,17,44,10819,33,28,9529,29,39,12,38,19,23,29,651
"CACGGTCCCTCAACATCTTG",0,0,0,0,0,0,0,0,0,0,0,0,0,0,0,0,0,0,0,0,0,0,0,1,0,0,0,0,0,0,0,0,0,0,0,0,0,0,0,0,0,0,0,0,0,0,0,0,0,0,0,0,0,0,0,0,0,0,0,0,0,0,0,0,0,0,0,0,0,0,0,0,0,0,0,0,0,0,0,0,0,0,0,0,0,0,0,0,0,0,0,0,0,0,0,0,0,0,0,0,0,0,0,0,0,0,0,0,0,0,0,0,0,0,0,0,0,0,0,0,0,0,0,0,0,0,0,0,0,0,0,0,0,0,0,0,0,0,0,0,0,0,0,0,0,0,0,0,0,0,0,0,0,0,0,0,0,0,0,0,0,0,0,0,0,0,0,0,0,0,281,0,0,0,0,0,0,0,0,0,0,0,0,0,0,0,0,0,0,0,0,0,0,0,0,0,0,0,0,0,0,0,0,0,0,0,0,0,0,0,0,0,0,0,0,0,0,0,0,0,0,0,0,0,0,0,0,0,0,0,0,0,0,0,0,0,0,0,0,0,0,0,61,0,0,0,0,0,0,0,0,0,0,0,0,0,0,0,0,0,0,0,0,0,0,0,0,0,0,0,0,0,0,0,0,0,0,0,0,0,0,0,0,0,0,0,0,0,0,0,0,0,0,0,0,0,0,0,0,0,0,0,0,0,0,0,0,0,0,0,0,0,0,0,0,0,0,0,0,0,0,0,0,0,0,0,0,0,0,0,0,0,0,0,0,0,0,0,1,0,0,0,0,0,0,0,0,0,0,0,0,0,0,0,0,0,0,0,0,0,0,0,0,0,0,0,0,0,0,0,0,0,0,0,0,0,0,0
"TTTACAACTGGCCAACGACT",84,149,135,191,169,195,0,0,0,2,0,0,0,0,0,0,1,1,0,2260,0,0,0,0,0,0,0,0,1,0,1,0,1,0,1,0,1,3171,1,0,0,1,0,1,0,0,1,0,0,0,0,1,2,2,1430,0,0,1,807,0,0,1,0,0,0,0,0,0,0,0,1,0,1,2,0,1,3,0,1,1,2,19210,0,1,0,0,0,1,0,0,0,0,0,0,1,0,773,0,0,1,0,1,0,0,0,6330,0,0,1,1,0,0,0,1,0,0,0,0,0,0,0,0,2,4,0,1,0,0,0,0,0,85,0,0,0,1,1,0,0,0,1,0,0,1,0,0,0,0,0,0,0,0,4040,0,0,1,2,0,1,2,0,1,0,0,1,0,0,0,0,2,1911,1,0,0,0,1,3,0,0,0,0,0,0,1,0,0,0,779,0,0,0,0,0,1,0,1,1,0,1,1267,0,0,3841,0,1,0,0,0,0,0,0,0,0,0,1,2,2,1,1,0,0,0,0,1,1351,2,0,0,0,1,0,0,0,0,1,1,1,1,1,0,7497,1,607,0,1,1,0,0,0,0,0,2,0,0,0,0,0,0,0,0,0,0,0,0,0,0,0,1,0,1,0,0,0,0,0,0,0,0,0,0,1,1,1,0,0,0,1,533,0,142,1,1,0,1,2,0,1,1,1,2,3,1078,0,1806,2,0,1,0,0,0,1,1,0,0,1,2,2,1,1,0,1,1,0,0,0,2,0,1,0,0,0,84,0,0,1,0,0,0,277,0,0,0,0,0,1,0,0,0,0,0,0,0,0,0,0,0,0,1,0,1,0,0,0,0,0,0,0,0,0,0,0,0,0,0,0,0,0,0
"GATCCTCACGTCCCTATTAC",28279,39612,35712,42200,46461,33932,98,79,26,23461,25004,86,33811,17541,33716,83414,26,19862,23923,15929,26574,17694,38203,28262,479,38067,129527,36554,57358,183,29003,27697,13239,94,63698,15923,123063,36075,28569,55244,92,62003,71,133158,23,63,45146,48787,19409,2404,51822,1549,31312,72782,32269,60391,80622,88,36428,43801,78530,0,6354,42202,22,64,89,45271,14326,32523,60596,99,102,11466,70128,58525,8180,21743,1105,131692,78,37738,55552,29846,84942,83586,27649,17479,71415,64240,28085,22721,56042,24523,29313,0,71538,1572,31,28373,21725,2832,25911,79,10959,16675,69826,16440,45251,34848,29764,43182,31,2958,2094,119679,22977,3402,34844,14999,17623,19048,22915,28936,33742,84,48293,18340,43892,17539,97,22026,15462,28973,30466,26433,13159,53723,77,14146,128,54101,21989,555,12600,25147,46059,59528,64973,19149,7787,77134,16166,13710,61566,14227,58,69085,38598,764,90,92,23282,123,122,57185,10460,36875,76,47536,117342,29306,5436,78,47,45901,41745,170,6080,31485,14672,34758,16140,42184,15173,26339,30785,42865,43,28523,89,11390,41410,87,17228,42300,35220,32432,22214,55503,31919,36481,12965,12210,38033,86515,19805,46071,38,12786,34192,82,15401,52824,17749,80,92,0,15769,20620,25629,25231,104,74,131854,51317,38097,72,39,20074,67,71,109577,23342,86037,53052,55060,81108,58452,19252,7903,58900,65657,55335,3171,175,130,31925,9728,20925,33002,28693,143,27906,103749,17618,42405,7077,42054,47615,20752,21725,53502,13860,31693,196164,82,75,47,65,40394,42028,40473,11292,5307,103,13370,96427,128090,76600,27224,6309,47758,25797,16767,57388,43885,15628,142,31208,93578,81432,90,7783,82319,36850,5152,26970,73053,43497,79,27320,41942,59304,56346,22923,70,9341,174,23763,1570,51752,79,72,47861,3528,187,91156,38258,63,18713,32084,12450,67887,76943,60608,14048,26263,69,32553,173,27492,82,30507,28703,30876,107026,53445,10587,89,66543,131,107763,112,120196,57200,30720,65,8214,112,52473,30136,73,544,78,43799,26,17512,69,59,10978,25706,18728,21554,23,64,55058,14348,110016,10776,68,19310,15,53,68,58,104,6355
"AGAGGACGTGGTCAGACAGA",556,817,567,1209,1012,698,1,0,1,0,1,3,7,0,0,0,0,0,2,0,3,0,2,0,0,0,0,0,5,0,0,0,3,0,0,0,0,3010,0,1,1,4,3,0,0,0,0,1,1,0,2,0,7,1,1,1,0,1,605,0,0,3,1,0,0,0,0,0,6,0,3,3,63253,1,5,0,5,4,9,4,8,2,1,2705,0,174,0,423,865,172,0,0,2,0,1,0,604,0,0,0,0,1,7,0,0,0,1,0,0,0,0,1,0,0,1,1,9,1,0,1,5,0,0,4,0,1,0,0,2,0,0,0,1,5236,6,0,0,0,0,0,0,0,1,17,6,0,0,0,2,0,0,0,0,0,1,2798,2,1,1908,4,0,1,2,1,0,0,0,0,0,2,1616,0,0,0,0,0,1,0,8,310,1,0,7,0,0,0,1,1262,1,1,0,2,8,0,1,1,7,0,1,1522,0,0,3345,0,1,1,0,0,0,0,7145,0,12,0,0,0,4,0,0,0,1,1,1,1,732,0,2,2,1,4,4,1,44786,215,378,0,1,1,0,0,0,0,808,0,2,2,0,0,0,0,1539,2,5,0,1259,0,3,1,3,1,2,0,4147,2,3,4169,0,0,0,0,1,2,3,0,2,3,3274,2,10176,0,0,1,1,1,2,1,197,0,1,279,8,0,2,1,5,1,4,2,4,1,4,4,0,0,0,1,0,1,0,589,5,0,1,0,0,0,0,0,0,0,0,0,0,0,0,1,1,1,4,396,0,147,2,0,2,1,1,1,1,2,2,1,1069,0,0,1,0,0,0,1,0,0,9,1,0,0,0,0,1,0,4,0,0,0,0,0,0,1,5,165,0,0,0,0,0,1,18,0
"CTTTGTCCAGGAAAGCGGCT",13219,21575,15031,28037,28442,19472,129,106,17773,88,117,52245,50945,10032,7215,24087,38,8826,7816,446005,36555,3619,18982,30317,35,13403,93,27341,79293,108,55174,30500,74401,77878,91775,59907,164,41953,4529,75373,109374,110302,88,55248,22176,41,46976,33646,57,704,55535,191,15389,80282,52705,75078,137963,151,79179,61528,52490,36542,13888,98,22,67,89,67,26470,3301,30037,19284,35976,10177,65734,67471,95823,40798,164,84887,70554,143860,14246,22113,1389,24382,2297,6609,19202,14484,39299,44028,113267,49414,77170,25690,84587,93,34,37459,8628,17751,32133,88,48926,40251,85638,34136,57175,77205,19016,104,56133,8785,5586,20924,17494,546,59472,46839,97602,40060,67392,18138,8094,27231,33,5184,71895,15822,80,3849,25135,53716,53127,29704,65433,45027,88,96,32,48983,16721,381,104175,18104,57412,143772,120970,63413,31139,110232,3940,44979,105,8223,31114,47001,53618,229,108584,122,66079,165,43802,71192,30216,31749,63696,79513,98050,34672,36677,62,50,19638,136198,376,99,4620,37260,37358,5769,39292,29501,53792,44348,86955,14706,97,32791,11457,109,98,56697,107803,91757,93428,48403,64326,46304,62741,60786,21460,49978,78994,117,14577,59,50514,49264,55293,49500,29000,43902,145487,158,131,61960,57716,52840,34082,123,114,28140,11998,3300,34785,31,11768,95,108,24302,8554,62675,124,162,26488,0,41899,82963,23733,98171,55792,908,127590,147,30553,44474,49624,65337,183,125,20930,92408,129868,97781,53330,45944,17050,24591,57984,55829,66089,59303,139191,109,90,43,77,123,26792,37865,3131,34932,37698,85464,132250,140155,139,52361,69030,49461,41650,56455,88574,11721,11281,101,11365,47402,53726,30806,2233,95754,92472,17628,40759,112,9336,105,46570,137,47562,21454,31266,5062,7125,104,17383,1015,23689,104,99,72356,50377,110,0,24717,24094,33579,12616,85,22334,11851,98,3071,13952,132,6858,18633,23168,28581,16850,26222,30920,68735,39621,40232,16163,59357,78438,81108,47620,10650,50785,9561,45,34,84,53921,90,52,181,65,15971,2493,3295,77,84,2904,2279,68,5168,23,41,80,79,55,431,92,59,15,65,4864,102,53,755
"GAATTGCACTGACAACCCTC",2213,3340,3826,3968,4880,4516,1,8,1,8,1,3,7,2082,1,5378,2,7,1,2353,13,4305,3,1548,0,10532,4,4,30,19,3,4,5,2,1701,8,1,6577,1,5,3,4,2,3,4,3,3,12724,5,243,10,11,13229,10227,6451,10,3,7,1593,8,5,6,3,3,0,6,7,7,6,8256,4,3,3,1,3,5811,1,755,3,8,0,1,2029,8372,5,7892,1913,175,6525,4460,4046,6,11763,11,1,1,4060,5,2,3,3,4,6,10,8,6,4936,3601,13,7983,8,11146,2,11,5,5,17,142,2,0,4,4,2697,7,4,1647,1,9811,2,4,43277,250,1,2,3,7,5,5398,2,4,0,3,0,21,5,0,2,0,1,5,4,10,3321,6,1,1305,3,12913,1668,19,3,6,4956,5,1,4,2,3,5,5,5094,8,2,7,1,4,0,1,10,5044,6282,4,8,4,199,6,2539,1726,0,4,1,1,3,5,11,11,7,17950,11,2516,9,11,9,16,4519,7327,9,7345,12,1483,2,5,6,2210,1,14,8,4,4,5,3,4,5,4,654,8,2,6,2,2,1,3,6,6,10,43551,11,13,12,10,8,10,2279,10,7,15,4,11,2,8,4318,2,10,2385,8735,12,7,6,3,7,4,6,3830,8926,3,10554,5,6,5,11,2,5,9,12,0,36560,11971,18,47163,17,11,16,3,28851,14,15,364,471,5,3626,0,11340,383,404,1,11,10,1346,2,2,2,4252,4,2104,8,7,1,10,3,1528,1,5,12,4,6,42220,16,9,2,22951,5,7,5,10,13,7,1242,940,4,2830,2,1775,12,7274,4,15,14,9,569,3,4,3,3829,9,18,1081,0,4,1,7,1,2,7,37,1,3,1,4,1,1,3,950,1,6,0,5,0,1,6,763,1,7,0,7,1,8,4,7
"CATAGTGCAAGGTAGGGAGC",22603,29499,27722,24678,29990,24327,26,50,12,26,49,21,26,10656,25319,39055,8,36,13539,6885,25,23786,22524,9904,6,8009,20,56,18208,95,34,24775,13137,49456,5422,23337,24,10892,17076,26,28,29182,22,52909,6,19,15,42377,24,1022,26232,23198,10498,23424,2403,20,23,26,7547,23,37,35,20,20640,5,57,18,39,16,9962,16,22,9014,18,41,5791,18,1858,25,44811,13,27,29036,13946,17,63627,26600,36297,53095,60441,8594,11957,5700,4594,32,33,12747,40,12,22,26,23,23,36,24,213,1263,3141,4419,32,24000,22930,21,3092,137073,19,5036,2463,27,31,49,34,18059,22,23,81401,9,25097,9052,23,17,14523,4858,8949,19143,23,3226,11473,21,23879,6,14,18,19,22,18155,4514,37,20630,23,31,6495,19975,19503,20,6473,12,16042,2609,718,29,23,4826,21,30,21,22,41,22,11178,23458,27,17851,33311,8,21,25,13,18,7657,16538,9280,50,3548,10205,7743,26,6009,4,28215,20,13,21,48,17,15,10385,6854,26,6660,17,20,24,305,22,5759,8026,45,6,7225,22,24,16,9331,992,25,21,28,32,14132,9310,9,15,1865,54609,26,18611,43,6,10626,33,16,25,23277,8571,19,56745,34,29337,6612,18,26,8909,57,14,24,6753,12051,1925,40,6151,29,21,19439,25025,31,36,26,43327,32,24,5886,4148,35,10,48651,23,24821,12,21,32,23,22,33,33637,30,26,34682,9275,16595,25,19,6220,7085,8725,32,3975,6580,22,14070,28615,12018,22,13916,23,33951,8424,10663,12470,13859,16,4639,15,3695,22,5241,5853,14103,16,18668,9,10,18,17,25,24,57,25,20,13,18,5868,22,1587,19456,25,36531,5472,36,16600,19,8608,32049,14099,24947,22,43,7343,277,25105,2263,39,8273,29,22,17214,8859,40,8,33,25,14711,23,905,24,40,5,9941,25,12,15,11240,18,31,7,21,22,14,18,17491,23,55,9,25,25,18,19,4257
"TCCTATAACGCAGGGACCTT",0,0,0,1,0,0,0,0,0,0,0,1,0,0,0,0,0,0,0,0,0,0,0,1,0,0,0,0,0,0,0,0,0,0,0,0,0,0,0,0,0,0,0,1,0,0,0,0,0,0,0,0,0,0,0,0,0,0,0,0,0,0,0,0,0,0,0,0,0,0,0,0,0,0,0,0,0,0,0,0,0,0,0,0,0,0,0,0,0,0,0,0,0,0,0,0,0,0,0,0,0,0,0,0,0,0,0,0,0,0,0,0,0,0,0,0,0,0,0,0,0,0,0,0,0,0,0,0,0,0,0,0,8994,0,0,0,0,0,0,0,0,0,0,0,0,0,0,0,0,0,0,0,0,0,0,0,0,0,0,0,0,0,0,0,0,0,0,0,0,0,0,0,0,0,0,0,0,1,0,0,0,0,0,0,0,0,0,0,0,0,0,2,0,0,0,0,0,0,0,0,0,0,0,0,0,0,0,0,0,0,0,0,0,0,0,0,0,0,0,0,0,0,0,0,0,0,0,0,0,0,0,0,0,0,0,0,0,0,0,0,0,0,336,0,0,0,0,0,0,0,0,1,0,0,0,0,0,0,0,0,0,0,0,0,0,0,0,0,0,0,0,1,0,0,0,0,0,0,0,0,0,0,0,0,0,0,0,0,0,0,0,0,0,0,0,0,0,1,0,0,0,0,0,0,0,0,0,0,0,0,0,0,0,0,0,0,0,0,0,0,0,0,0,0,0,0,0,0,0,0,0,0,0,0,0,0,0,1,0,0,0,0,0,0,0,0,0,0,0,0,0,2,0,0,0,0,0,0,0,0,0,0,0,0,0,0,0,0,0,0,0,0,0,0,0,0,0,0
"AAGTCGCGGTGAATCTTTCC",426,656,478,773,816,674,10,4,1,4,20,13,12925,7,22,17,7,9,23596,14,72912,7,15,19,1,1,10,7,14014,9,3892,38390,38,50,9203,15455,44,3418,56,29,52738,22579,12,9,3,5,6,14773,28,6,27,40,15468,10343,7221,16,34178,11,8809,7758,25,19,24,22,6,3,15,9,72621,583,51095,54,65418,9615,33,30,25,4613,26,85890,18205,47,14,6,5,1028,5,289,1164,477,510,5531,4831,4330,40,12816,10875,21,4,12,13,16,41,4,5703,3057,4632,26,8664,3920,5,10,1,1373,24,12,27,106,23,16757,6203,24,29,33,5,12,0,5,7594,10,18,0,8,17,7370,8568,18546,11138,7,16,4,5,22,124,25012,804,3084,9,5495,10159,4832,21414,846,14,16,14,23,44606,12401,41,37,17768,0,25,36,55642,27234,46,90585,8167,20425,20,7,8,2,1,19,81,21,3,9,20,9684,0,16,18,6207,6040,2,6,13,13,35,4,37,18568,12276,19815,4701,5556,5140,4444,11571,11806,7760,39,9,15,4,1660,24,7480,7566,4,10565,137964,58,115353,5663,6680,5299,6052,41,50,12256,61,17,11,2,9,19,9995,20116,9,4201,39,3981,18,29069,5,11825,19261,10016,11,0,16,11,6371,6894,16,7689,22046,36,5,30646,23444,41,16857,25,16014,28,14,2564,28,10682,36070,27,17,11,17,31843,19,50,14,28,18433,23,25,5219,15,47,11093,6178,24,15,16305,44,7,20,409,43462,11519,19,91,32,30,8941,2673,29,27,30,11051,39,16578,23,6276,27,8,19,1168,18,10229,14,17,28125,76,7,8,51,34,41,43,42,18,10,12,24,10,26,117,42,2399,5,32,44,29425,9,18,4541,37716,18656,20244,31,18,10549,4052,9,7,6,2,12,7667,30,7,9,10,3,8,17,4054,21102,5,6,6,2,6,11,7,17,5,4,5,0,2,3560,9,41,191
"CATCGATGTCGAATACCTTC",6088,8322,5568,9065,9304,6703,307,256,201190,7928,4293,102167,77714,2426,4229,3782,86,2959,34814,39689,94831,943,7020,201,100,1403,23531,68187,254979,182,74619,151636,132707,124683,220725,167962,124722,192363,4681,119435,103861,90104,219,146,28866,164,133998,130,37514,800,363511,65397,175668,140912,136000,39863,169302,178604,320458,158018,60819,65408,229,185,62219,225,232,61093,180817,4886,277114,82593,305507,211389,120826,87402,73106,98599,226746,37268,137737,103782,3558,15374,2821,6344,9039,5850,7237,8252,131005,128874,281178,214539,295119,21834,239922,32274,129,153612,116173,85690,177187,247,179437,161908,266410,119019,214197,195972,4970,233,66951,3249,33124,43495,94136,496,134978,238310,256249,103498,110837,121253,17080,26740,69641,10197,67735,68671,67461,8770,175909,124887,221771,121300,145329,207554,235,231,295,81814,88369,1443,98153,12384,110163,150952,245476,118804,115154,246834,4443,3957,183,5217,123258,22276,149998,373,93692,184975,96975,62814,108541,41044,116309,79875,137537,172272,174503,92074,265,261,115,27782,267862,4484,28840,1507,135816,137713,185949,243795,116229,221084,141608,215181,124,14316,81576,26370,309,215,111031,299123,184735,232981,137886,184448,165198,190070,139991,172863,92749,154494,269,222,237,97291,163486,58916,227346,6785,198989,133223,488,407565,169609,112720,171577,197898,420,301,53814,11818,3485,192,60,7106,248,47876,70162,2247,99005,179503,63497,46889,92320,19588,204543,111885,346626,80000,137554,1568,13349,262,114542,30337,170619,61060,156593,5735,118825,308475,179275,129808,46883,44883,104704,68563,137517,78809,114623,217816,197591,17198,126,127799,107718,28026,69419,191,114587,108167,226638,182043,190235,582,28083,267692,47036,85297,129860,138101,2614,209,203,4226,30325,47957,29121,2233,31479,76296,71702,119288,6968,72831,41871,75371,56906,99408,79834,84136,204,2327,184,3950,10541,115333,201,228,88563,48824,60116,86614,73475,61881,101602,97705,137622,65808,9878,80130,2435,3707,193,3741,4405,142195,247,9937,162660,63420,308,139153,125104,63168,54909,282,62960,75469,100676,147184,144,137,66,195,88852,74890,37256,114,161,11876,8725,2414,187,11586,22105,1360,137,126,46,174,17741,139,121241,2793,147,141,67,97499,5366,6651,0,5334
"GATATGGGTTAGCGCCGAAG",0,0,0,0,0,0,0,0,0,0,0,0,0,0,0,0,0,0,0,0,0,0,0,0,0,0,0,0,0,0,0,0,0,0,0,0,0,0,0,0,0,0,0,0,0,0,0,0,0,0,0,0,0,0,0,0,0,0,0,0,0,0,0,0,0,0,0,0,0,0,0,0,0,0,0,0,0,0,0,0,0,0,0,0,0,0,0,0,0,0,0,0,0,0,0,0,0,0,0,0,0,0,0,0,0,0,0,0,0,0,0,0,0,0,0,0,0,0,0,0,0,0,0,0,0,0,0,0,0,0,0,0,0,0,0,0,0,0,0,0,0,0,0,0,0,0,0,0,0,0,0,0,0,0,0,0,0,0,0,0,0,0,0,0,0,0,0,0,0,0,0,0,0,0,0,0,0,0,0,0,0,0,0,0,0,0,0,0,0,0,0,0,0,0,0,0,0,0,0,0,0,0,0,0,0,0,0,0,0,0,0,0,0,0,0,0,0,0,0,0,0,0,0,0,0,0,0,0,0,0,0,0,0,0,0,0,0,0,0,0,0,0,0,0,0,0,0,0,0,0,0,0,0,0,0,0,0,0,0,0,0,0,0,0,0,0,0,0,0,0,0,0,0,0,0,0,0,0,0,0,0,0,0,0,0,0,0,0,0,0,0,0,0,0,0,0,0,0,0,0,0,0,0,0,0,0,0,0,0,0,0,0,0,0,0,0,0,0,0,0,0,0,0,0,0,0,0,0,0,0,0,0,0,0,0,0,0,0,0,0,0,0,0,0,0,0,0,0,0,0,0,0,0,0,0,0,0,0,0,0,0,0,0,0,0,0,0,0,0,0,0,0,0,0,0,0,0,0
"GGAACAGTTCGACATCTGGT",621,1195,1163,2043,2327,1840,3,12,2163,3,2,1,5,97,7431,11704,1,4,7,2423,8,5,2,3,1,2,0,7,3571,3,1,1,3,1,4,1,2,0,4,4,3,5,0,1,1,2,2,11,5,0,3,3,9,0,1462,0,5,6,1646,2780,1,7,0,1,1,2,0,4,1,710,8,8,8,7,31533,5045,4,4,14,11,2045,10,0,2,2,937,3,12507,789,957,2,3359,5,1,11571,3,2625,6,2,0,3,5674,1,3,2,3,8726,1,4093,2919,5,9,4,3,2,4,2,61,0,1,6635,0,8,4,1,7,0,3,0,1,2,81,1,0,3,1,1956,6,2,6,0,2,2,0,3,2,3,4,5747,2,4873,2,3134,4,7,1074,2,1,3577,6,5,1,4,3,3,1,1,1,1,13,3177,10803,1,5,1,2,3,1,1,247,8,8,11,5,1872,6,5,2992,4939,3,2,3,6,5,6,3,4530,6,7,1774,2,2,4137,3791,4,6419,7,12,2,2,0,6,9,4436,4,5,2,3,586,4,5,1,5,5,8372,2,2,9,2,4,0,4,2,466,8,5,8,5,6,4,5442,180,2166,8,3,8,3,14,3,8,3,0,1,3,2481,14,22890,14,14,7,1,7,19412,27659,11,11224,2,11,0,1,2,2,7825,2,7,11,12,13,44579,12,7,11,4949,27573,17,24,0,520,7,809,6269,225,9,127,11,1,5,662,9,3,7,12,4,2088,7,0,2,1147,10,958,5,2,12,0,1,3,8,3,3,4,1,4,5,22367,7223,1,1328,5,15,1309,5,125,12,1,15,14,12,13,245,9,2,8,5,29217,13,3953,5,32697,4,1,2,1,5,3,5,8,1,0,2,1,0,0,0,6,1,2,0,0,0,0,1,7,1,1,0,0,2,1
"GGCGCGATTGGTTGAAAGGG",2942,4822,3558,7026,8018,5846,2,10,1,5,6,9,8,1505,2,6,0,8,2,2,4,739,12108,16756,3,5129,4,16,2989,12,4684,7,7,6,5,7772,0,3,5,7,4,5,5,3,1,6,0,2,1,293,7,13,12,4,10,10722,4,3,2511,5334,1,6,5,2,1,11,1,2,0,452,12,38982,14,9,69019,5986,5,10,19,21,16,16,10562,7,3,7238,373,565,5292,4563,5,3322,9,6,5,6,4586,9,0,6,12,3030,5,5,8,8,21062,7,4,10,3,9,2,8,6,7,3,192,4410,7,4,5,8,13,4,12,2,2,16,5,5,898,8704,3,6253,4,4009,4,2,6,0,1,6070,3,0,6268,5,2,8,8,4,4,1445,4671,2,7,14,4,3784,9,3,5,7,7,3,1,4,5,3,3768,8481,4,4,4,0,3,2,2,3,2143,9,6,15,2,5,4,3,2130,0,4,0,6,1,4,6,6,9110,18,1,2667,5,1,5,6,4528,4897,2077,7769,1,0,5,6,2,7096,6660,2,9,4,6,6868,2,6,5,6,2,7,6546,5,2,5,2,3,5,1253,3,6,4,3,8,8139,2,7,2242,9,6,8,17564,6,4,2,2952,8,8,1937,6472,2,5,3,3,4,2,6,5,7,2820,9647,10,10,2,4,8,4,4,428,2,12,7,5,8,3,8,5,3,28296,4,5,7175,1795,4,5225,10,2,5,695,6,1,5,4035,18,6,10,1247,13,5,4,2,5734,11124,2,3541,1149,3,4,2,2,1,11,6,7,2,8944,10,7,2,6,2,6,4998,1,1424,11,262,6,7512,1,4,5,4,60,8,4,6,3809,5,7,2,6,40260,3,7,4,2,5,21,5,8,0,3,2,2,3,452,3,5068,1,10,6,1,4,570,6,7,3,5,2,4,2,211
"CAAATGCAAGGGTCGCGCAG",0,0,0,0,0,0,0,0,0,0,0,0,0,0,0,0,0,0,0,0,0,0,0,0,0,0,0,0,0,0,0,0,0,0,0,0,0,0,0,0,0,0,0,0,0,0,0,0,0,0,0,0,0,0,0,0,0,0,0,0,0,0,0,0,0,0,0,0,0,0,0,0,0,0,0,0,0,0,0,0,0,0,0,0,0,0,0,0,0,0,0,0,0,0,0,0,0,0,0,0,0,0,0,0,0,0,0,0,0,0,0,0,0,0,0,0,0,0,0,0,0,0,0,0,0,0,0,0,0,0,0,0,0,0,0,0,0,0,0,0,0,0,0,0,0,0,0,0,0,0,0,0,0,0,0,0,0,0,0,0,0,0,0,0,0,0,0,0,0,0,0,0,0,0,0,0,0,0,0,0,0,0,0,0,0,0,0,0,0,0,0,0,0,0,0,0,0,0,0,0,0,0,0,0,0,0,0,0,0,0,0,0,0,0,0,0,0,0,0,0,0,0,0,0,0,0,0,0,0,0,0,0,0,0,0,0,0,0,0,0,0,0,0,0,0,0,0,0,0,0,0,0,0,0,0,0,0,0,0,0,0,0,0,0,0,0,0,0,0,0,0,0,0,0,0,0,0,0,0,0,0,0,0,0,0,0,0,0,0,0,0,0,0,0,0,0,0,0,0,0,0,0,0,0,0,0,0,0,0,0,0,0,0,0,0,0,0,0,0,0,0,0,0,0,0,0,0,0,0,0,0,0,0,0,0,0,0,0,0,0,0,0,0,0,0,0,0,0,0,0,0,0,0,0,0,0,0,0,0,0,0,0,0,0,0,0,0,0,0,0,0,0,0,0,0,0,0,0
"CCCACGTCTAGTTGCTCCCT",0,0,6,0,0,9,4,1,0,1,6,5,4,1,2,1,0,1,7,4,0,2,10,5,1,6,41387,3,5505,6,3,5,15777,3,3394,7617,9,4,9,7,8,9,8,7,0,3,8,3,1,1,7,2,7,1,1281,6,17363,1,730,2,5,3,2,3,0,0,3,1,1,3,1,1,3,3,3,1,1,1,1,1,4,2,6,5,1,0,2,679,2,2,1961,1,10980,3,2,3,2227,0,1,2,6,4,3,0,0,2,1,0,3,0,11,4,3,5,15,9474,4,4,6,7,13316,6,7086,3,6,1,0,1,5,2,0,1,1,5,3,6604,1,3,7,2,0,2,3,84,0,1,6,9,185,4830,0,3,1,0,3,8,1,8149,1228,2,2,274,5084,3,5,5,3,8,5,0,5247,1,7,0,0,1,4,3,1,2,1,0,1,1,1,0,8,1372,3,4,28020,10922,4,2,5,2,4,9,7,1750,2,4,3,5,3,1,5,1,1,2,4,5,1,3,1,0,4,1,3,2,2,0,2,1,3710,2,3,0,0,2892,5,4,0,5,0,0,6,0,2,0,1,1,1322,0,1,0,3,1,0,1,7,5,3,5,1007,4,8,7,8,6,4,6,9,16763,10350,4628,3,1,0,0,4,3,1,2,2873,7,10,11089,48008,9,8,11,8,2893,7,9,1,0,2,0,1,1,4,1,2,3,0,1978,3,9283,0,2210,4,2967,3,2549,0,0,5,3,678,3209,5,1,0,0,0,0,3,1,6,0,0,0,3,1,1,0,4,1,4,2460,6,4,3,5,4,6,17,5,7898,3,2612,5,14,3,4,0,1,0,4,5,2,3,4,0,0,2,2,11297,0,0,4,1,0,0,3,1,1,1,5,0,0,2,4,1,0,2
"TTAGCAATTCCCTGTTTCAC",0,0,3,10,4,1,0,2,2543,0,9,0,18867,1,1,0,2,0,1216,3,36396,4,6,0,1,0,0,0,4377,0,1,1,2,0,1829,113,1,1,3967,2,2,2,6,0,0,0,0,2,5,0,6,2,7,2,2,6,4,2,2389,2,13,5,11,3,0,4,4,3,3,0,5,2,3,3,1,5239,1,526,2,1,5,2,4,0,0,1,2,0,3,0,0,1,0,0,0,2,2037,1,0,0,4,0,8,0,1,0,0,0,6,4,1,1,0,0,5,2,3,0,4806,2,6913,4,5,2,1,0,0,0,8,15,6,0,0,0,0,0,1,2,0,1,5,0,7,1,4,0,2,0,0,0,2,1,0,0,3,2,2,1,1178,1,4,31128,6,2,1,1,2,0,1,5,2065,2,0,0,0,0,2,0,1,1,0,5714,1,1,680,1,1,479,0,0,6,0,4,1,1,0,5,0,0,1847,1,5,2,4082,3690,1,1,0,0,0,5,0,6,0,0,0,1,1,0,0,4322,0,3,0,329,1,2,4,1,4,41543,2,6,4,4,0,2,0,0,1,0,0,1492,0,4,0,0,0,0,0,6,1,4,0,2478,2,8,0,2,1,4,1,5,4,3964,1477,0,1,0,0,5,0,3,0,0,1,0,0,2,0,1,476,0,0,4122,0,2,2,4,3,15887,3,0,1,4,2,0,1,3,3,3,1561,4,2046,2,0,0,1,2,3,105,1,0,0,1,4,1,0,1,1,1,1,0,1,2,2,2,0,2,4,3,31,2,0,3,2,0,0,1361,2,15977,2,1,2,0,1,0,0,0,0,5,0,11,0,5,2,0,0,6,0,3,1,0,1,1,0,6,0,5,0,0,2,0,0,14,0,2,0
"TCTGCTGTAGCTTATCTTAC",1,0,9,5,1,0,0,2,0,0,0,1,1,1,2,2,0,0,0,1,0,0,0,1,0,3,1,3,6087,1,4,2,1,3,1813,14611,2,6796,2,2,3,2,2,0,0,3,0,2,1,1,0,3,8,10492,0,4,2,4,1542,5332,1,7,0,0,0,1,0,1,0,0,1,0,1,1,0,0,0,1,1,1,1,3,0,0,0,1,3,3,2,0,1,0,0,1,3,4,2575,2,0,3,0,0,1,1,2,6891,4794,483,1,1,2,3,0,2,0,0,1,0,1,1,1,1,0,0,0,3,0,2,0,0,1,139,1,0,3,0,1,5515,0,1,0,1,0,0,3,2842,6770,0,2,0,2,4296,0,0,6,1,0,3,2916,5,2,1,1,4,2,0,0,0,4,1,2357,3,0,0,0,2,2,11,1180,1,0,2,6328,2,0,0,3417,861,2,4,1,3,0,2,4,7,4617,7,610,702,0,0,5,4,1,17102,2,1,1,1,0,0,0,0,3,5,4,4,2,4,1,2,3,3,3,4,3,1,0,0,0,0,0,1,8498,3,8,4,3,2,9,5,1752,2,1,4,1,5,1,3,2,5,1,0,8213,2,4,8128,7,6,6,5,15562,5,2,1459,3,1,0,1,0,0,1,0,2,0,2,0,1,2,1,2,3,0,1449,5,4,4,2,4,5536,2,1,1,1,0,1,4,0,2,1,1149,2,4017,4,5,2,4,4,2,0,2,2,1,3,2,1,14104,3,23314,1,1,7,5,16,2,3,2,3,0,0,66,1,3,1,0,1,2,889,4,2873,6,10972,1,0,1,0,1,0,0,0,0,1,0,1,1,0,0,0,0,0,0,2,2,0,1,0,0,0,0,2,1,0,0,0,0,0,0
"CCCTTGAAGATAGACGTAAT",0,0,0,0,1,0,0,0,0,1,0,0,0,0,1,2,0,2,1,0,0,0,0,1,0,1,0,0,0,0,2,2,0,0,3,2,1,2,2,1,2,1,0,0,0,2,0,0,0,0,1,0,0,1,0,1,0,0,298,0,1,1,0,0,0,1,0,0,0,0,0,1,1,9678,1,0,1,1,2,0,0,2,0,2,0,0,0,0,0,0,0,0,0,0,1,4,196,0,0,0,0,1,0,0,0,6209,1,3,0,1,0,0,0,0,0,1,0,0,0,0,0,0,3,1,0,0,0,1,0,0,0,0,1,1,0,3053,0,2,0,0,0,0,0,0,0,0,0,0,0,1,0,0,0,0,0,0,3,0,0,3,13719,0,0,0,0,0,2,2,2,2,336,0,0,0,0,0,0,0,0,0,0,0,0,0,0,0,0,274,0,0,0,0,0,1,0,0,1,1,0,215,0,0,1,1,3356,1,0,0,0,1,0,1,0,0,0,0,0,0,0,0,0,0,1,0,1,0,0,0,0,2,0,0,0,0,0,0,0,0,0,0,0,0,376,0,0,1,1,0,0,1,0,1,0,1,0,1,1,0,0,0,0,1,0,0,0,3267,0,0,0,0,0,0,0,0,0,0,0,0,0,0,0,0,0,0,0,0,0,0,0,0,0,1,0,4,0,0,0,0,2,1,0,1,0,1,0,0,0,0,0,0,1,0,0,2,1,0,0,0,0,0,0,0,0,0,0,1,0,0,0,0,3,20,0,2,2,0,0,0,5,2,0,0,0,0,0,0,0,0,0,2,0,0,0,0,0,0,0,0,0,0,0,0,1,0,0,0,0,0,0,0,0,0,0,0,0,0,0,0
"CACAGATAGGAGACCGGTAC",0,0,0,3,1,0,2,0,0,0,0,0,4,0,5,0,0,0,0,2,2,1,0,1,0,0,2,0,1999,2,2,0,1,2,1311,0,2,0,1,2,0,0,0,1,0,0,2,0,2,2,3,2,4,0,2,2,1,2,1568,9992,0,2,0,0,0,0,4,0,1,1,2,0,0,0,0,1,1,0,2,1,0,1,0,2,0,0,3,1,2,0,1,0,6109,1,0,2,225,1,0,0,0,1,1,1,0,1,5,0,4921,84,0,0,0,1,0,4968,2,0,1,0,0,0,0,3,2,0,0,0,0,0,0,0,0,0,2663,4,4,6,6,1,0,2,0,1,24184,0,3,4836,10623,9990,0,1,1,4,2,1,0,13637,1272,2,1,1,2,4,0,2,0,0,1,1,2321,2,0,0,0,0,2,287,0,0,0,0,0,2,1,4,5,819,0,2,0,0,0,1,5,6,8974,401,1,683,4,4451,4,5,7,4,3,3,0,1,0,0,5,1,0,0,0,0,1,0,2,0,1,2,0,0,4,0,0,0,0,0,1,0,1,1,2,3302,2,0,1,3,1476,2,0,1,2,0,0,0,0,3,1,1,1068,1,4,1,2,0,2,0,7165,2,1,1,3,0,0,0,0,0,2,0,1,0,1,1,0,1,3,0,1,0,0,0,0,1,1,3,5441,5775,0,1,0,3,3,2649,1,1,1,1054,0,2351,5,3192,0,0,1,0,1,2,0,0,0,1,3,0,0,1,0,0,0,0,0,1,0,1,1,2,1,554,0,0,0,0,0,0,892,0,2,0,2,1,0,0,2,1,1,1,0,1,5,3,4,0,0,0,0,1,2,2,3,0,0,0,0,4,2,2,2,0,0,0,0,0,2,0
