"","INPUT1A_75_5.txt","INPUT1B_75_5.txt","INPUT1C_75_5.txt","INPUT2A_75_5.txt","INPUT2B_75_5.txt","INPUT2C_75_5.txt","M10BM1_75_5.txt","M10BM2_75_5.txt","M10GUT_75_5.txt","M10L_75_5.txt","M10LN1_75_5.txt","M10LN2_75_5.txt","M10LUNG_75_5.txt","M10S_75_5.txt","M11BM1_75_5.txt","M11BM2_75_5.txt","M11GUT_75_5.txt","M11L_75_5.txt","M11LN1_75_5.txt","M11LN2_75_5.txt","M11LUNG_75_5.txt","M11S_75_5.txt","M12BM1_75_5.txt","M12BM2_75_5.txt","M12GUT_75_5.txt","M12L_75_5.txt","M12LN1_75_5.txt","M12LN2_75_5.txt","M12LUNG_75_5.txt","M12S_75_5.txt","M12SKIN1_75_5.txt","M12SKIN10_75_5.txt","M12SKIN11_75_5.txt","M12SKIN12_75_5.txt","M12SKIN2_75_5.txt","M12SKIN3_75_5.txt","M12SKIN4_75_5.txt","M12SKIN5_75_5.txt","M12SKIN6_75_5.txt","M12SKIN7_75_5.txt","M12SKIN8_75_5.txt","M12SKIN9_75_5.txt","M13BM1_75_5.txt","M13BM2_75_5.txt","M13GUT_75_5.txt","M13L_75_5.txt","M13LN1_75_5.txt","M13LN2_75_5.txt","M13LUNG_75_5.txt","M13S_75_5.txt","M13SKIN1_75_5.txt","M13SKIN10_75_5.txt","M13SKIN11_75_5.txt","M13SKIN12_75_5.txt","M13SKIN2_75_5.txt","M13SKIN3_75_5.txt","M13SKIN4_75_5.txt","M13SKIN5_75_5.txt","M13SKIN6_75_5.txt","M13SKIN7_75_5.txt","M13SKIN8_75_5.txt","M13SKIN9_75_5.txt","M14BM1_75_5.txt","M14BM2_75_5.txt","M14GUT_75_5.txt","M14L_75_5.txt","M14LN1_75_5.txt","M14LN2_75_5.txt","M14LUNG_75_5.txt","M14S_75_5.txt","M14SKIN1_75_5.txt","M14SKIN10_75_5.txt","M14SKIN11_75_5.txt","M14SKIN12_75_5.txt","M14SKIN2_75_5.txt","M14SKIN3_75_5.txt","M14SKIN4_75_5.txt","M14SKIN5_75_5.txt","M14SKIN6_75_5.txt","M14SKIN7_75_5.txt","M14SKIN8_75_5.txt","M14SKIN9_75_5.txt","M15BM1_75_5.txt","M15BM2_75_5.txt","M15GUT_75_5.txt","M15L_75_5.txt","M15LN1_75_5.txt","M15LN2_75_5.txt","M15LUNG_75_5.txt","M15S_75_5.txt","M15SKIN1_75_5.txt","M15SKIN2_75_5.txt","M15SKIN3_75_5.txt","M15SKIN4_75_5.txt","M15SKIN5_75_5.txt","M15SKIN6_75_5.txt","M16BM1_75_5.txt","M16BM2_75_5.txt","M16GUT_75_5.txt","M16L_75_5.txt","M16LN1_75_5.txt","M16LN2_75_5.txt","M16LUNG_75_5.txt","M16S_75_5.txt","M16SKIN1_75_5.txt","M16SKIN2_75_5.txt","M16SKIN3_75_5.txt","M16SKIN4_75_5.txt","M16SKIN5_75_5.txt","M16SKIN6_75_5.txt","M17BM1_75_5.txt","M17BM2_75_5.txt","M17GUT_75_5.txt","M17L_75_5.txt","M17LN1_75_5.txt","M17LN2_75_5.txt","M17LUNG_75_5.txt","M17S_75_5.txt","M17SKIN1_75_5.txt","M17SKIN2_75_5.txt","M17SKIN3_75_5.txt","M17SKIN4_75_5.txt","M17SKIN5_75_5.txt","M17SKIN6_75_5.txt","M18BM1_75_5.txt","M18BM2_75_5.txt","M18GUT_75_5.txt","M18L_75_5.txt","M18LN1_75_5.txt","M18LN2_75_5.txt","M18LUNG_75_5.txt","M18S_75_5.txt","M18SKIN1_75_5.txt","M18SKIN2_75_5.txt","M18SKIN3_75_5.txt","M18SKIN4_75_5.txt","M18SKIN5_75_5.txt","M18SKIN6_75_5.txt","M19BM1_75_5.txt","M19BM2_75_5.txt","M19GUT_75_5.txt","M19L_75_5.txt","M19LN1_75_5.txt","M19LN2_75_5.txt","M19LUNG_75_5.txt","M19S_75_5.txt","M19SKIN1_75_5.txt","M19SKIN2_75_5.txt","M19SKIN3_75_5.txt","M19SKIN4_75_5.txt","M19SKIN5_75_5.txt","M19SKIN6_75_5.txt","M1BM1_75_5.txt","M1BM2_75_5.txt","M1GUT_75_5.txt","M1L_75_5.txt","M1LN1_75_5.txt","M1LN2_75_5.txt","M1LUNG_75_5.txt","M1S_75_5.txt","M1SKIN1_75_5.txt","M1SKIN10_75_5.txt","M1SKIN11_75_5.txt","M1SKIN12_75_5.txt","M1SKIN2_75_5.txt","M1SKIN3_75_5.txt","M1SKIN4_75_5.txt","M1SKIN5_75_5.txt","M1SKIN6_75_5.txt","M1SKIN7_75_5.txt","M1SKIN8_75_5.txt","M1SKIN9_75_5.txt","M20BM1_75_5.txt","M20BM2_75_5.txt","M20GUT_75_5.txt","M20L_75_5.txt","M20LN1_75_5.txt","M20LN2_75_5.txt","M20LUNG_75_5.txt","M20S_75_5.txt","M20SKIN1_75_5.txt","M20SKIN2_75_5.txt","M20SKIN3_75_5.txt","M20SKIN4_75_5.txt","M20SKIN5_75_5.txt","M20SKIN6_75_5.txt","M21BM1_75_5.txt","M21BM2_75_5.txt","M21GUT_75_5.txt","M21L_75_5.txt","M21LN1_75_5.txt","M21LN2_75_5.txt","M21LUNG_75_5.txt","M21S_75_5.txt","M21SKIN1_75_5.txt","M21SKIN10_75_5.txt","M21SKIN11_75_5.txt","M21SKIN12_75_5.txt","M21SKIN2_75_5.txt","M21SKIN3_75_5.txt","M21SKIN4_75_5.txt","M21SKIN5_75_5.txt","M21SKIN6_75_5.txt","M21SKIN7_75_5.txt","M21SKIN8_75_5.txt","M21SKIN9_75_5.txt","M22BM1_75_5.txt","M22BM2_75_5.txt","M22GUT_75_5.txt","M22L_75_5.txt","M22LN1_75_5.txt","M22LN2_75_5.txt","M22LUNG_75_5.txt","M22S_75_5.txt","M22SKIN1_75_5.txt","M22SKIN10_75_5.txt","M22SKIN11_75_5.txt","M22SKIN12_75_5.txt","M22SKIN2_75_5.txt","M22SKIN3_75_5.txt","M22SKIN4_75_5.txt","M22SKIN5_75_5.txt","M22SKIN6_75_5.txt","M22SKIN7_75_5.txt","M22SKIN8_75_5.txt","M22SKIN9_75_5.txt","M23BM1_75_5.txt","M23BM2_75_5.txt","M23GUT_75_5.txt","M23L_75_5.txt","M23LN1_75_5.txt","M23LN2_75_5.txt","M23LUNG_75_5.txt","M23S_75_5.txt","M23SKIN1_75_5.txt","M23SKIN10_75_5.txt","M23SKIN11_75_5.txt","M23SKIN12_75_5.txt","M23SKIN2_75_5.txt","M23SKIN3_75_5.txt","M23SKIN4_75_5.txt","M23SKIN5_75_5.txt","M23SKIN6_75_5.txt","M23SKIN7_75_5.txt","M23SKIN8_75_5.txt","M23SKIN9_75_5.txt","M24BM1_75_5.txt","M24BM2_75_5.txt","M24GUT_75_5.txt","M24L_75_5.txt","M24LN1_75_5.txt","M24LN2_75_5.txt","M24LUNG_75_5.txt","M24S_75_5.txt","M24SKIN1_75_5.txt","M24SKIN10_75_5.txt","M24SKIN11_75_5.txt","M24SKIN12_75_5.txt","M24SKIN2_75_5.txt","M24SKIN3_75_5.txt","M24SKIN4_75_5.txt","M24SKIN5_75_5.txt","M24SKIN6_75_5.txt","M24SKIN7_75_5.txt","M24SKIN8_75_5.txt","M24SKIN9_75_5.txt","M25BM1_75_5.txt","M25BM2_75_5.txt","M25GUT_75_5.txt","M25L_75_5.txt","M25LN1_75_5.txt","M25LN2_75_5.txt","M25LUNG_75_5.txt","M25S_75_5.txt","M25SKIN1_75_5.txt","M25SKIN10_75_5.txt","M25SKIN11_75_5.txt","M25SKIN12_75_5.txt","M25SKIN2_75_5.txt","M25SKIN3_75_5.txt","M25SKIN4_75_5.txt","M25SKIN5_75_5.txt","M25SKIN6_75_5.txt","M25SKIN7_75_5.txt","M25SKIN8_75_5.txt","M25SKIN9_75_5.txt","M2BM1_75_5.txt","M2BM2_75_5.txt","M2GUT_75_5.txt","M2L_75_5.txt","M2LN1_75_5.txt","M2LN2_75_5.txt","M2LUNG_75_5.txt","M2S_75_5.txt","M2SKIN1_75_5.txt","M2SKIN10_75_5.txt","M2SKIN11_75_5.txt","M2SKIN12_75_5.txt","M2SKIN2_75_5.txt","M2SKIN3_75_5.txt","M2SKIN4_75_5.txt","M2SKIN5_75_5.txt","M2SKIN6_75_5.txt","M2SKIN7_75_5.txt","M2SKIN8_75_5.txt","M2SKIN9_75_5.txt","M3BM1_75_5.txt","M3BM2_75_5.txt","M3GUT_75_5.txt","M3L_75_5.txt","M3LN1_75_5.txt","M3LN2_75_5.txt","M3LUNG_75_5.txt","M3S_75_5.txt","M3SKIN1_75_5.txt","M3SKIN10_75_5.txt","M3SKIN11_75_5.txt","M3SKIN12_75_5.txt","M3SKIN2_75_5.txt","M3SKIN3_75_5.txt","M3SKIN4_75_5.txt","M3SKIN5_75_5.txt","M3SKIN6_75_5.txt","M3SKIN7_75_5.txt","M3SKIN8_75_5.txt","M3SKIN9_75_5.txt","M5BM1_75_5.txt","M5BM2_75_5.txt","M5GUT_75_5.txt","M5L_75_5.txt","M5LN1_75_5.txt","M5LN2_75_5.txt","M5LUNG_75_5.txt","M5S_75_5.txt","M5SKIN1_75_5.txt","M5SKIN10_75_5.txt","M5SKIN11_75_5.txt","M5SKIN12_75_5.txt","M5SKIN2_75_5.txt","M5SKIN3_75_5.txt","M5SKIN4_75_5.txt","M5SKIN5_75_5.txt","M5SKIN6_75_5.txt","M5SKIN7_75_5.txt","M5SKIN8_75_5.txt","M5SKIN9_75_5.txt","M6BM1_75_5.txt","M6BM2_75_5.txt","M6GUT_75_5.txt","M6L_75_5.txt","M6LN1_75_5.txt","M6LN2_75_5.txt","M6LUNG_75_5.txt","M6S_75_5.txt","M7BM1_75_5.txt","M7BM2_75_5.txt","M7GUT_75_5.txt","M7L_75_5.txt","M7LN1_75_5.txt","M7LN2_75_5.txt","M7LUNG_75_5.txt","M7S_75_5.txt","M8BM1_75_5.txt","M8BM2_75_5.txt","M8GUT_75_5.txt","M8L_75_5.txt","M8LN1_75_5.txt","M8LN2_75_5.txt","M8LUNG_75_5.txt","M8S_75_5.txt","M9BM1_75_5.txt","M9BM2_75_5.txt","M9GUT_75_5.txt","M9L_75_5.txt","M9LN1_75_5.txt","M9LN2_75_5.txt","M9LUNG_75_5.txt","M9S_75_5.txt"
"CGTGGATTGGAACAGCTTCT",5,12,36,48,16,33,15,13,2,9,16,16,18,7,10,18,3,9,196,17,20,8,12,11,4,16,23,9,8125,16,15,10,29,22258,16757,32512,13,9579,5503,14,16,19,14,11,0,2,36531,6,8,5,22660,9,24,6769,13144,13,12,12,21106,14,18,21,16,9,12006,7,8,8,11386,8,19,25,26,25,25,19,63690,1278,25,14,13391,17546,10,16,1,8,13,122,17,3,5907,10481,4667,18227,4817,23,10976,19,5,11,25333,4534,10,6,0,16141,22563,8674,8385,65,24,14,7,15,293,2319,25,14,13096,17362,10241,17079,26,20994,17,9,3,8,308,9,11,198,18520,10831,16772,13507,9511,8916,20,17,42,10,6006,65,18,10,10910,421,28676,0,10104,23508,7,13,20,14,11,14,4323,11,10,7,3813,17,17,4,10,13,9,1590,10453,3116,18,13,3,8,2350,18,1000,5,12,21634,4576,24973,10070,31036,15561,12351,3,18,24,15,0,14,27,14518,7969,14186,3965,5298,2522,7555,19,10097,7603,23467,10,7,4,5099,14,5814,11284,396,3135,12,21,21,6621,0,493,8447,21,17,15702,30,12,9,3,11,22,19968,7,6,12,18,18,22,31,13,12039,5560,26810,19,16,28,19,27,6,20,20457,9140,43576,8,16007,5111,25235,13317,76072,27,8809,25,2921,11273,15,17877,10,9,0,9,17,11,8816,7,9,3,20,9,34879,3,7,1926,5196,10,1958,14,8,12,20,15,13943,5310,7,12,19,11,18,4963,42275,921,14,5384,18,8884,10195,4229,15,7,11,10,22,9,1,13,43743,15,10,17,14,11,7770,18,844,1887,45307,13,22,14,18,9,11,2274,7,0,19116,6,7,5,1002,7,6306,33,9615,9,15,7,9,10,2,3,6,15,7,5,13,12,1,2,10,16,18234,4,7,11,0,6,12,10,8,58,6,10,1,4,6,11,6,2
"TTCTACCGAGTCCTCGTAGA",0,0,10,11,6,4,5,3,2,6,17,3,29360,7,1,0,0,2,1963,4,6,2,24,3,0,4,1,3,1542,4,5,5,8,5,5538,2,4,2157,6,1,1,5,10,1,1,2,0,0,3,1,11,12,50861,21,1111,9,11,9,13569,6803,9,18,21,2,0,2,2,3,8,4,0,3,4,3,2,5,3,0,4,0,0,2,34,3,1,5,90,0,3,5,15182,2820,4856,7265,9143,3,3326,0,0,5,21,4,5,1,28580,4898,11,1478,15,13,3,3,0,6,26,3,7,2,4479,27,0,6773,1,284,2,3,1,5,16,2777,6,110,4053,4847,3951,9067,2975,8,2,3,0,4,23591,4,6,3,3681,7089,4490,12,1311,4654,6,2,4,7,0,6431,2104,2,3,5,3543,21,4,0,3,2,4,8,3602,5,5,5,1,4,18,1,3,126,6,5644,5422,4680,1506,6594,90,4748,0,13,52888,7,7,8,8,14,14562,7639,16260,1238,5,49,7063,6424,3944,12,3,3,0,3,16,8,6,970,2902,6,14,3,8026,8,6750,4581,14,5,5905,10271,1,2,1,3,19,0,8,1,4,14,12,32426,11,11,9,4,11374,6,4,13,7,5,3051,7,12046,9,14980,4,980,9,13,13489,2,13076,7,9,9,7,7,8662,3,2,0,7,44670,8,9,2,1,0,9,3,6,3,2,1,9,11336,1,10,5,9,4,6,3,8,2,5,1,11,11,1148,0,0,1,2061,4,3083,4,7,3,4,1,7,0,8395,1,3,2,8,14,10,7,2,7678,4,16,26,9,6,8,6,3,4,0,1065,1,2,5,0,1,2,1342,3,6361,9,1544,2,3,0,1,5,1,3,12,2,5,7,1,3,0,3,20,1,26040,0,0,1,0,3,13,3,6,0,7,5,0,1,15,3,5,4
"GGGCTTGGACTTAGTGAAAG",3,4,8,3,6,6,14,8,0,9,3,4,6,1,4,7,0,1,6,8,2,2,5,3,1,149,70879,9,7,6,5,1,6,19650,1430,1,3,3,3356,4,3,3,1,5,0,2,4,3,2,1,6,22513,9,2819,3,8,6,4,7180,2211,3,7,2,1,0,0,5,9,20094,1,4,3,2,5,2,0,1,2,2,2,1,1,1,6,0,1,10,15,1,0,1,6,13262,6,6,5,2607,5,1,0,2,4553,5,2,8773,2464,4573,5,8,4233,7,1,0,1,20,215,3,1,2415,7267,12597,3,3826,4207,5,5,0,2,6,211,2,0,11716,2198,10007,4968,7,4277,9,1,1,3,1,0,5,3,6594,6607,8,7505,1930,6,2,2,7,5,2,4,3,5,4,6,6,3,10,3,5,7,4,980,2151,1,10,8,0,3,3,1,1,1,6847,11161,6,6853,804,5673,2626,3240,0,1,7,1002,5,5,3,5,7105,8,5126,389,1,5,3185,2554,0,6,9,5,0,4,4,0,3828,4,1,4,4,8,7981,6028,5995,0,4,2,0,4,13,1,0,4,2,3,0,1,7,4,3,10,2,1,2,3379,6717,3,1,2,10,3,0,4,7,3,3,0,2838,2,7,33737,6,7,6,4,9,6,0,0,13,9,0,1,4,6,4,3,4,4,3090,9519,6,6,4,3309,2,2,2,7,0,3,6,7,9244,5,1,1,2,4,7,544,0,0,5,772,1,3736,6,1,0,2,2,3,0,4676,0,4,4,3,4,6,4,2,4,0,6,3,8001,1,0,1,4,4,3,128,6,1365,2,5,4,6,26,3,6,4,12,2,10445,1,5,5,0,1,1,8,3,1,5,2,1,1,5,244,6879,1,8,1,1,1,2,3,3,0,5,2,0,2,4,4,3,0
"AACGCTGACCACAAGTTCGA",1,3,16,19,18,6,4,3,1,10,2,4,20,4,2,1,6,7,13640,7,17,2,3,2,4,2,3,2,1628,1,11,9,6,5,10288,13131,4,8,3140,6,3,6,1,6,2,4,1,2,4,1,3,7,0,6,2413,1,3,5,13595,1190,2,6,1,2,2,7,4,0,7,2,2,4,2,2,7,2,3,2,7,0,0,1,7,0,3,7,0,0,19,0,4530,2649,1,2527,2,3,4305,2,3,7,1,4,25,2,4874,8731,29136,15181,9,2,7,4,6,9,2399,10,49392,3,3,1304,6566,7291,1,5019,4,2,6,7,4,1,19,1,3,5,7,3655,6566,5146,3,7,1,9,2482,302,29318,3,3844,12808,4555,7,2097,7,1,2,1,7,2,9,1632,4,5,2,8,4,1,2,4,1,5,4395,2933,2,3,1,15,5,17,1,13,2,1,1,3,4,2,0,8,3617,27015,15,3,7,14,8,14349,18713,8318,12,3727,2535,9937,7611,10,6,5,9,2,0,86,1419,1,2,18,1003,9657,5,7,5,843,8,2,5428,6,1,3,7,1,2,2,5,3,3,23,1,5,6,8,6,10,2,1,1,11655,2,2,4,6,4079,3,14,9,1,18,5,2229,13474,10,21605,13,6647,14,6,3378,8,1,10259,6,5,4,13,9,4,10571,4,9,6,4474,20708,8,6,5,2,3,6,2,18061,6,6,6,6,2,7,4,8,5,6,50,9,1,0,1,930,0,10,9,6,2,2,5,3,1,10,7,2,2,4,1,3,5,0,1,2,4,2,1,1,0,2,7,3,1,8435,6,351,339,12,5,4,238,7,5,4,2916,5,4,3492,3,1,3,6,4,11037,7,2,6,2,4,8,5,1,50945,2,1,1,2,3,4,2,8,1,3,3,3,5,3,4974,16,2
"GACCCAACAAAGTGTTCACC",4,7,42,32,32,33,27,27,9,2050,25,27,41768,22,28,17,3,11,4270,1700,26,10,26,13,1,16,24,17,14495,13,3954,53,60,42052,28386,33,52075,5700,7567,116057,12528,68,22,18,3,10,73239,20,15,17,66369,53,23410,17565,13303,15302,46,33,26253,15749,38751,43,19,9,1,14,26,36910,23,16,18,22,25,28,29,6512,10355,4906,25,10103,16,21222,30,15,156,16,29,1280,698,7,31453,13642,30371,17298,44815,43,20014,33,3,22,6307,21,33383,17,26,13552,23827,8497,19022,9484,41,18,7,18,3961,28120,23,12,9861,20350,23282,10646,13605,20609,22,22,1,23,6041,15395,33528,226,12301,20785,16627,10474,11441,13292,26,28,4,77,11367,153,9371,2584,24676,31555,34642,11256,6561,13955,12,25,33,24,4,25993,4963,27,37,24,35,27763,181,7508,36,10712,45,11741,20540,26,17,25,4,2426,23805,256,5099,7,12930,17940,13634,43212,16540,24680,4313,22092,9,22787,33,25,44,13,1007,24909,7473,61035,12839,10636,0,8443,16626,20759,13243,16123,44,31,4,20147,16323,12274,21483,20,12097,25,27,26,5757,10843,28473,5225,35,28,8784,25,39,24,2,2577,12592,11,20,15,37,17700,55,43,4280,13865,8995,19312,43369,33051,39,35,41,20,4,15,16927,15,22106,14,25104,64303,20006,43056,35937,17901,10731,7132,20008,46,3165,28958,33,22,4,17,30,17,36,21,18170,42130,18427,8057,1042,15,47211,17,2458,5814,33,18886,13,29,31,27,13391,4973,16,32,52574,27,7243,10741,22,31,18,5575,17,3063,9566,3469,11,38,36,25,15,14536,19,23,23387,33,7008,27,18,19,5020,10689,16,34196,15423,67046,18,20,34,36,16,17830,17,1600,8956,19,22,828,849,30972,18502,15982,9594,34,25793,6016,22,4,1,10,16,15,19,10,13,17,0,8,15,11,21621,14,23,13,0,13,24191,10,17,15,12,19,0,11,25,10,13,141
"GTGGTACACTATACGGTTGC",1,4,11,15,28,14,18,8,4,16,12,9,15,15,14,1,0,12,331,6,0,4,11,4,0,11,13,2709,5165,2,14,10,16,13,13952,9,16,4985,4711,7,10,10,10,4,1,8,12,12,11,9,23,27,24,16,18515,10,31852,21,14217,17964,13,23,7,7,0,7,14,3,10,2,7,29977,15,8,11,9192,14,1641,12,9,5,12,12,10,1,20,62,135,12,18,4785,13206,13951,926,27954,27,9865,11,2,10,7,2331,8,2,9192,8111,5770,5608,13020,11068,9,7,1,13,631,1311,16,5,3903,3394,15236,3340,5842,19598,10,2,0,7,19146,5,11,6,11278,8694,15162,9564,15259,5884,20,4,2,13573,11399,78,12,8,14630,30746,19748,17408,7585,4932,5,8,11,11,5,6563,6,8,22832,27211,2174,17,12,6634,10,13,17,3535,5488,10,14,4,0,5700,9483,13,16,128,7467,3903,5079,4,123,30243,25,8966,2,15,21,14,18055,13,19,11843,19174,7618,18704,2900,4834,19242,6022,16347,14,21599,8,4,5,1503,5988,11,12138,961,6276,17,13,18,3128,291,14282,11606,12,14,10,11,13,2,0,11,3,8,3,2,18,22,21,17,24832,14,5937,7005,21315,22,12,23,21,5,0,23,6948,1689,17,8,8328,10429,17,36654,462,7,21,15,3238,14,11,14350,11,12,2,18,20,15,17600,11,10,28192,11356,9,14,4,10,9,7,10,4,11,9,14,16,17,4456,4118,5,10,5,16,7039,27,11,4,3,1054,10,14,9321,5852,8,9,10,18,10,12,5,4,10,12,8,181,8,5,10,20333,7,11,15,21891,9,13,10,15,5,2613,11,1511,8,9,6,5407,8,15494,9,10,2859,6,8,6528,10,6,0,8,7,12341,10,0,9,6,0,12,12,8,37095,5,9,3,0,11,7,1,7,77,13471,12,1,49592,7,2,15,4
"AACGACACATGGACGTACCA",1,9,53,49,66,21,48,24,4,28,34,36,46967,30,21,14,0,9,6438,6273,43,12,31,15,1,23,70964,0,20185,28,3754,56,50,43752,25873,13349,51371,5368,7916,33880,6244,51,36,9,6,26,21,13,23,9,19957,48,25174,1751,22715,45,40,27,40067,25033,21539,49,32,20,2,17,24,23,35,20,32,30870,36,48,44637,20037,26,33,32,30,16266,34312,29,17,0,20,2515,169,43,16,46091,13219,39836,12543,22142,14520,19821,26,11,16358,3895,7314,13405,25,4577,23381,35099,26855,35413,18763,45,35,6,29,13438,7563,25933,25,17407,18738,17868,18696,16556,20261,25,13,0,22,51653,1486,25,13,19469,24442,32317,18029,2293,15036,48,31,5,29,5632,24,18567,7456,42055,36090,17165,41702,11102,25861,14,23,29,21,15,16084,3958,20,22,29,35,44,38177,7427,26579,6527,38,7023,21935,4813,18,25,2,14030,19170,910,13685,833,30551,17050,22360,37341,20839,55946,9700,20613,3,25,47,23,12952,28,23969,10597,9009,16105,10046,6982,5309,7625,3616,22038,3950,23482,32,2696,2,4399,8070,22,9179,1558,5875,17,31,30,10312,21,26456,10407,28,26,15,28,28,24,0,16,23,21,25,978,55,34342,0,69,54,7943,25517,10323,53051,29996,36,35,48,30,2,45,10396,16,43883,1293,17979,13682,8923,62196,44,13988,9642,45,15773,32295,1446,28554,40,28,3,25,44541,25,24131,16,19,23,5659,25,18659,15,46663,23,33,11628,496,29,19,34,22,23,4275,4093,19,43,23,22,28,5658,36,5924,61458,2790,36,15478,39,4026,20,35,21,27,2820,16240,14,23,14,41,43,23209,8973,12,7871,18,33194,34,44,45579,9,34,33,35,5084,32863,10,2023,10731,26182,18,10011,2458,22,17432,37,14785,12,26,7234,24,11,0,20,21,17,26,9,16,26,1,15,30,16095,55992,12,23,24,0,13,37355,15,29,15,24,23,1,24,1622,15,27,1720
"TTAGCGTCTCCCTACACCTT",3,2,17,17,23,10,8,5,1,6,3,125,14638,2,7,4,2,2,1,1800,11,2,6,7,3,3,1,4,3824,3,7107,24,13,17,10566,12,20,3090,18345,11,21990,25,9,6,0,3,4,7,11,2,11,13,12703,23,10510,7963,15250,11,13780,6658,17,17,2,5,1,4,6,2,20699,3,15,16,26,9,13,6264,0,1441,10,71042,3804,18,3,8,4,2,6,89,18,24,3137,5,10817,3157,9989,14131,7153,3,1,2,7,2205,16,9,1,6990,7570,5,9807,11,6,7,11837,8,3,4012,16,19,9,17,10,12402,13,7306,5,10,0,7,6,9,31993,146,11020,9389,7,6,4612,4988,8,8,4,3,7060,112,19204,7,7677,5,4626,6,5,3,1,10,11,5,11,8676,8421,12,16,12,4101,86,11,28328,16,13,13,6,11238,6,3,4,1,1,4,153,6,2,3480,3195,5524,3308,10,2519,9236,6910,2,9,10,21,16,5,4,5218,18,16,4332,3051,13,7713,3677,12,7210,6986,5,6,3,9,7,1,12,3,3235,4,4,5,3447,7,5,6000,6,7,24,5,8,4,0,3,6,17335,10,6,12,18149,17,6245,24014,7250,15,5,14636,8392,15,17,8,9,4268,3,11483,7,9,4,14200,25675,20,5092,15,11,20,9,11668,23618,6784,10892,6,10,5,5,1756,6,10600,5,13,15,6876,29700,24,24,22531,12,17,13,1536,14,5,6,11,6,9991,10142,6,13,8,1,11,1182,8,14203,11,6179,13,1788,9,3476,0,5,15,8,7,2,6,7,4,7,8,9,3,4,1,1839,2,1900,15634,12,5,4,13,12,13,1761,11,3131,19,9,12,10492,1037,15726,2984,20,10779,12585,14265,13,0,3,0,1,4,5,3,2,3,4,3,1,8,6,1266,4,1,3,0,1,4,4,11,5,4,3675,2,1,1,10,9,291
"TAGCGGCTTCCCTAACCATA",0,5,12,4,16,10,8,6,0,7,6,15,7,6,2,1,0,7,2,7,8,1,5,5,0,7,6,3,3753,0,5,5,10,21146,4590,3,1,8,6,8,6,7,6,10,0,4,8,2,1,4,21980,15,20,15,5806,14,16858,36042,16520,4596,22619,23,5,9,0,10,3,11,6,2,69,2,4,6,5,2665,2,5,5,0,4,1,3,16,1,7,2,3,6,2,173,8103,1,5,4800,11,3055,12,0,16073,10,2323,8,2,16326,9461,5308,9,7614,13306,5,9,2,9,222,2556,17049,5,10,7239,11054,995,5,18987,6,1,1,4,6,2779,4,12,19583,26898,3969,7610,6986,4464,5,5,2,6,105,6,706,2663,7241,12,5755,12261,4099,16,4,4,9,19,2,3022,3188,3,2,11,18,22,3,1,2,6,6,2001,3694,2959,7,9,5,3496,12,227,7,9,2737,14312,8,9226,8108,12881,1945,5287,4,13,8,9,7,8,14,13371,7919,13,7539,1103,9907,4290,11232,4593,2742,21,1,6,9,3514,3,9,6719,2,18020,7,9,9,3448,9,4,10687,10,6,2774,7,7,7,1,11,8,10,18475,259,7361,7,4,14,4,3,6055,6954,12379,3,10,9,7,7,3022,7,9,8,5,2,4560,7379,7,6973,14,12,9,13,18,9,7,12724,1,5,2,4,7,5,2,3,10,6,7,10192,5,4,2,5,9,1,2232,12360,3,3,5,10,4709,5459,3,9,5,7,11,1084,5,3,4,2442,8,771,15,1163,7,10,6,12,2,8,3,3,11,4,2,6,10,7,24847,9,12,8,4,6,3,3,9,13,2,1738,2,4,7,2,4,4,298,31777,6104,7,3154,3,3,4,6,4,1,3,2,5,6,1,7,4,0,7,5,5,4311,0,6,1,1,4,16205,6,8,1,6,5,0,4,2,10,9,0
"TCGTGTCAACAGTGCGACTA",10,7,33,15,25,21,18,12,5,4,20,17,25,13,15,10,5,5,23,18,9,17,20,15,7,4,15,12,11904,20,11,11,16,26,17121,7,14,5430,24,9,5,9,23,12,5,9,7,5,7,5,23312,39675,13716,8604,14762,31,34,61421,43353,13423,32,52,12,16,7,10,15,12,14,7,10,17,16,5596,22,9632,11,5133,27,12,4357,11721,23,22,5,4,14,2516,11,16,14061,18449,7088,24622,34461,20,11754,11,14,11,17543,8054,8463,14,1653,8543,17346,15392,6564,10288,21,15,50655,14,6021,4704,58351,17,20959,19020,15550,9156,12005,15194,7372,13,3,8,20840,8566,18,442,20369,13540,44374,26925,41,12602,14,11,6,10,24739,599,7,9584,13858,15191,14715,17261,3412,22245,7,23,15,22,7,22,0,8,8,30543,10044,37,10,3,7,8,7,8534,8313,26,18,13,34,16,9335,275,23,15,6842,16740,16436,9780,7040,46104,7746,19115,14,22,34,6806,19,15,28517,19785,27575,56765,4089,4657,28188,16808,7986,6895,16015,28744,16,19,7,4476,16380,23,27405,1545,6834,11,19,27,3453,306,14369,20072,21,21,8,17,6,11,7,4,23,10,10,6,46,56,48,88343,45,12812,6599,9923,44231,15369,28,42,17,14,4,13,12060,26,22,21,10850,44257,37,26537,21,20,6607,9059,3449,20,3297,27915,16,14,5,21,28,28,17,13,8218,18,22045,10594,0,28796,12,18,19,10,5914,16,3,20,8,25,4,5237,5,3,27520,19,34,5681,15,3,14,2678,16,1965,39,0,7,26,11,31,7,22,6,4,11,20544,30,36,16,10,7739,8,9150,24,19953,21,12,45,12,22,9,25880,18,9,30690,17,12,25,273,18,13,24,5375,13206,12,6,8,8,2,5,18,11,11,9,9,9,4,5,18,18,5,275,1,6,4,3,23,6,10,7,8,8,5,12,3408,1545,9,11
"CCGTCACGACCGGCTGAAAT",1,0,1,0,1,1,0,0,0,1,2,0,0,0,0,0,0,0,4483,0,1,0,0,0,0,0,0,1,0,0,1,0,2,14,1,0,1,0,1,0,0,0,0,2,0,0,0,1,0,1,4,1,2,8634,1158,4,5,2,1511,5,6,6,0,1,0,0,0,0,0,0,3,1,1,6,0,3,0,96,0,3,7528,2,2,1,0,0,0,0,0,0,0,1,0,6,2,2,1232,1,0,2,0,0,0,3,1,1,0,2,5,3,0,0,0,0,0,0,0,0,0,2,0,5,2,2,0,1,0,1,0,0,0,0,0,0,0,6,2843,3,0,0,0,0,0,0,0,256,1,3,0,6,11,4760,4,0,1,2,4,1,0,0,1,2,6,14891,0,6869,0,1,0,1,1637,4,0,0,0,0,0,0,0,0,1,2,0,6,1,5527,0,2,0,0,1,1185,0,0,26665,4,3,8,5,0,2,1,7,3,5,3,0,0,0,0,3,0,0,0,15,12,15,107919,14,13,7,11,16,6,6,15,0,0,0,0,2,0,1,1,5,1,1,6,0,1,0,0,226,0,1,1,0,0,0,1,0,0,1,0,2384,1,1,5,1,6097,0,0,2,3,1,3005,0,0,0,0,0,0,0,0,2,0,0,5,0,1,0,0,1,0,0,0,10,0,2,2,4598,0,0,1,2,3,4,2,2,2,0,0,1,1621,5,1066,4,1,0,3,2,3,0,0,8,0,0,3,17,6,8,14,13,1,0,2,10,1,0,4,4,886,0,1,1,0,0,0,206,0,1,2,1,0,0,0,0,0,0,0,0,0,0,0,0,0,1,1,0,0,0,1,0,0,0,0,0,0,0,0,0,0,0,0,0,0,0,1
"AGGTTTATATCATCAGCGCT",0,0,0,0,0,0,0,0,0,0,0,0,0,0,0,0,0,1,0,0,1,0,0,0,0,0,0,0,0,0,0,0,0,0,0,0,0,0,0,0,0,0,0,0,0,0,0,0,0,0,0,0,0,0,0,0,0,0,0,0,0,0,0,0,0,0,0,0,0,0,1,0,1,0,0,0,0,0,0,1,0,1,0,0,0,0,1,0,0,0,0,0,0,0,0,0,313,0,0,0,0,0,0,0,0,0,0,0,0,0,0,0,0,0,0,0,0,0,0,0,0,0,0,0,0,0,0,0,0,0,0,0,0,0,0,0,0,0,0,0,0,0,0,0,0,0,0,0,0,0,0,0,0,0,0,0,0,0,0,0,0,0,0,0,0,0,0,0,0,0,0,0,0,0,0,0,0,0,0,0,0,0,0,0,0,0,0,0,0,0,0,0,0,0,0,0,2,0,0,0,0,1,0,0,0,0,0,0,0,0,0,0,0,0,0,0,0,0,0,0,0,0,0,0,0,0,0,0,0,0,0,0,0,0,0,0,0,0,0,0,0,0,83,0,0,0,0,0,0,0,0,0,0,0,0,0,0,0,0,0,0,0,0,0,0,0,0,0,0,0,0,0,0,0,0,0,0,0,0,0,0,0,0,0,0,0,0,0,0,0,4701,0,0,0,0,0,1,1,0,0,0,1,0,1406,0,0,0,0,0,0,0,0,0,0,0,0,0,0,0,0,0,0,0,0,0,0,0,0,0,0,0,0,0,0,0,0,0,0,208,0,0,0,0,0,0,0,0,0,0,0,0,0,0,0,1,0,0,0,0,0,0,0,0,0,0,0,0,0,0,0,0,0,0,0,0,0,0,0
"GTGCTGACCAATCGACCAAG",0,0,0,1,1,0,0,1,0,0,2,2,0,2,0,2,0,1,9389,0,0,0,1,3,0,0,0,3,0,0,4,2,1,4,4335,13533,0,1,2,0,0,0,1,4,0,3,1,1,0,0,0,0,0,0,1,2,0,2,316,0,0,0,0,2,0,4,2,2,0,1,0,0,2,1,0,0,0,1,0,0,0,1,0,1,0,0,0,2,0,1,2,2,4597,0,1,3,936,1,0,0,0,2,2,0,0,0,0,0,0,0,0,2,0,0,0,3,1,0,4,1,4,0,0,1,0,1,0,1,2,1,2,0,5,1,8013,1,1,4782,0,1,0,0,1,1,0,0,0,0,1,0,0,1,0,5,1,1,2,3,1,1,2,0,0,1,1,1,2,2,7,0,812,2,0,2,0,0,2,3,4957,0,7425,1,3,1,7,7,0,363,0,0,1,2,0,0,2,0,3212,4,0,0,1,3,1,0,0,3,0,1,0,0,1,4,0,2,1,0,3,0,0,1,0,1,0,0,0,0,0,2,0,0,1,5,0,0,5,8,9,9,4,1,8,6,320,6,4,7,0,1,0,0,0,0,1,0,2838,1,7,1,1,0,0,0,2,1,0,1362,0,1,0,0,5,2,0,0,2,0,0,0,0,0,0,1,0,0,0,0,0,4,1,0,1456,0,0,1,1,2,1,3096,0,0,1,0,1,2,3,1,0,4,0,0,0,0,0,1,1,19532,9,11715,0,1,3,0,0,2,9,20580,0,3,1,0,1,0,0,1,2,1,0,1,458,0,1,0,3,0,0,4,0,3,0,0,1,11941,2,1,0,2,0,0,3,4,1,2,0,2,0,0,1,1,0,0,0,1,0,0,1,4,3,0
"CTCATCCTGCGAACCAAGTG",0,1,0,14,0,1,0,2,0,0,0,0,0,2,2,1,0,1,16176,1,2,3,2,0,0,0,0,3,0,0,4,5,7,22047,7,8,24976,3,8,4,5,7,1,0,0,0,0,0,0,1,1,2,5,1,1,1,3,2,1211,2,3,1,4,0,0,0,0,1,0,389,0,0,3,0,0,0,5,0,0,0,0,0,1,0,0,2,0,2,0,1,3,4,8429,2,1020,8,700,3,0,0,2,0,0,1,1,2666,0,0,1,4611,0,0,0,0,1,0,0,1,5,1184,3,3,0,1,1,0,0,1,1,1,0,0,1,2,0,4,318,1,5,1,0,2,4,185,1,5,0,0,316,0,0,1,1,0,1,0,0,1,0,4,4,0,3,1,6,3744,6,7,8,2037,2382,3,0,3,0,0,2,0,0,0,2865,7694,1716,0,1,0,0,689,1,0,1,0,0,1,1,1,1,2,1,964,5121,3,2,2,1,2,0,1,0,598,3,0,0,1,4536,1,2,1,1,0,1,1,1,0,1984,0,0,1,0,0,3,0,0,0,0,0,1,0,0,1,2,0,1896,0,0,1,0,2,0,2,2784,1,0,2,1139,0,2,1,1,1,5,0,2494,0,0,0,0,1,0,0,1,0,1,1,0,0,0,0,0,0,2,2814,1,0,0,0,0,0,0,2,0,1700,0,8,2,1,5,1,0,0,0,1232,1,1,0,1,1,0,0,0,0,5085,0,5,2,3,1,0,1,0,0,0,0,0,0,0,0,0,0,1,0,166,1,4,0,0,0,1,0,0,0,0,0,1,0,0,0,2,0,0,2,0,0,1,1,2,0,0,4,0,1909,0,0,1,0,1,1,0,0,0,0,0,0,0,1,0,0,0
"TGAAGGTAGACGGAGGATTT",0,0,1,0,0,1,0,0,0,3,0,0,0,0,0,0,0,4,1169,0,0,0,2,1,0,2,0,0,0,0,0,0,0,0,0,2,2,0,3620,0,0,0,0,2,0,2,0,0,0,0,0,1,0,0,1,0,0,0,651,1,0,0,0,1,0,0,0,0,0,0,0,0,0,0,3,0,0,0,1,0,0,0,1,1,0,3,64,0,0,0,1,0,0,0,1,0,859,0,0,2,1,3,0,0,3,5664,3,3,0,1,2,0,0,5,1,1,1,0,0,1,1,4210,0,2,0,0,0,3,0,0,0,0,0,0,0,2,0,0,0,0,0,14050,0,5,1,0,0,0,0,0,0,0,0,1,0,0,0,0,1,0,1,0,0,1,1,0,0,0,0,0,788,0,0,0,0,0,0,0,0,0,1664,2,0,2,0,0,0,4,0,5,1,1,0,1,0,1,0,0,1,320,0,0,1,3615,1,0,2,0,1,3,1,12682,0,0,2904,0,0,1,2,0,0,0,0,1,0,0,0,0,0,5,0,1,0,0,0,1,0,0,4,0,1,1,644,2,0,0,0,0,0,3,3,4,0,0,0,0,0,0,2,1,2,0,1,0,0,2546,1,0,0,4,0,2,0,0,1,2,1,1,18976,0,0,0,2,0,4,2,0,0,2,0,0,0,2,1,0,0,1,1,0,0,0,902,0,0,2,0,0,0,0,0,0,0,0,0,1,0,0,0,0,0,1,0,0,0,0,0,0,0,1,1,0,1,1,1,0,0,2,2,1,0,0,0,0,4,6,2,0,0,0,1,0,1,0,0,0,0,0,6,2,2,0,0,0,0,0,3,0,0,0,0,0,0,0,1,2,0,0,0
"ACCACCCGGACATGATCGTC",0,0,8,0,2,4,3,1,0,2,3,1,2,2,7,0,0,1,3429,3,2,3,1,1,1,1,4,1,2665,0,6,4,6,4,1659,0,26936,3,6782,3,6,8,5,1,0,0,2,1,1,0,5,5792,12,26344,1588,6,2,3,1775,0,9,4798,4,4,0,0,5,1,0,0,2118,4,2,3,0,1,2,1594,6,2,1707,5,3,1,0,0,4,2,1,0,0,0,1,2,9,5,9104,0,1,2,5,2427,0,0,0,1,1,2,7683,4887,0,6,0,0,4,1,1,0,4,0,8,8,6,4,2,2,2,1,7338,3,1,0,0,2,7961,1313,2396,7,7,3,225,2,6293,271,4,3,1,7573,6150,5,2228,1764,0,6,3,7,0,4,4175,6,7,0,7,7,2,7281,3,4,6,4371,12013,5,4,0,2,0,4,1,0,0,0,0,1,5,10660,8,3,1929,1,2,2,5,2,4,8,10108,8,10372,5316,5559,4,5,9,5,4149,15,1,0,0,0,3,2,0,0,6086,3,6,4,6912,3244,6,5,3,2,3,4,1,1,0,0,6,2,1,0,11,5,9,13,4,9,7,4,5583,6,5,49514,5,1,3,8,1,3,6,4,4932,5409,4,3,4,6,6,7,6850,3,3,14093,2,2,0,1,2,3,1629,0,1961,10,4,13229,12,8,8636,2,5,5,1956,6104,0,5,4,6,9261,5893,5,4,6,5,3887,848,0,2,0,2120,1,6748,11,3472,2,4,6,6,286,5,4,6,2,4,4,4,1,2,2,6942,772,13,4,2,2,6,5,10,2,3123,10,7,5,4,2,4,1692,3,6597,1,1776,24241,5,6,6,0,1,0,2,0,0,0,2,1,0,1,1,2,3,1,0,3,1,3,20422,0,1,1,2,0,0,0,5,2,0,1
"CGTGATAGACTAGCGCAAGG",0,0,3,0,1,0,0,0,0,0,0,0,0,0,0,1,0,0,559,0,0,0,0,0,0,0,0,2,1683,0,5,2,11130,6,1302,3,3,5,2,3,3,5,1,0,0,0,0,0,1,0,2,1,2,3,1,1,0,0,870,0,1,1,0,0,0,0,0,0,0,0,0,0,0,0,0,0,0,0,0,0,0,2,4,0,0,0,1,0,0,0,0,2,1,0,9259,12393,344,1,3,0,0,1,1,1,0,1,2,0,3,0,0,1,0,0,1,0,1,0,1,1,1,1,0,0,0,0,0,0,7776,0,1,2,2,0,0,0,2,6,0,0,0,0,3,0,1,0,0,1,0,1,1,2,0,2,1,1,0,6141,1,4,1,0,1,2,5,3,3,6,11872,0,1434,0,2,0,0,1,1,0,1,1,1,0,0,2,1,2864,1178,432,0,0,0,1,1,0,4,2,3,6,6,382,5,6,4,5,2,6176,0,1667,0,0,1,0,1403,0,5446,1,1,3,0,1,3560,1,0,1,5,1,0,0,0,0,1,0,0,0,3,2,2081,3,2,2,1,12441,1076,3,1,6,1,0,0,0,1546,1,0,2,6080,1,2,6941,5,1,1,3,1,5,0,4,0,0,0,0,3,0,0,0,0,0,1,40,0,2,0,1,0,0,38,0,0,2,1,0,0,2,0,4,0,4,1,1657,0,0,0,0,0,527,3,3,1,2,0,1,0,9722,0,1,3,1,2,2,1,1,1,1,3,1,2,1,0,4,0,0,0,26,0,8,4,0,0,1,234,3,1,2,3,0,0,3391,0,0,1,1,1,1,1,0,0,1,0,0,2,0,565,0,1,0,0,1,4,0,1,0,0,0,0,0,1,0,0,0
"ATTCCCGACGTTAACAGTAC",1,0,1,0,0,0,0,0,0,0,0,0,0,0,0,1,0,0,59,0,0,0,0,0,0,0,0,0,0,0,0,0,0,0,0,0,0,0,0,0,0,0,0,0,0,0,0,0,0,0,0,0,0,1,0,0,0,0,0,0,2,1,0,0,0,0,0,0,0,0,1,1,1,0,1,0,0,1,0,0,0,1,0,0,0,1,0,0,0,0,0,0,0,0,0,0,758,0,0,1,0,1,2,0,1,1027,0,0,0,0,0,0,0,0,0,0,0,0,0,0,0,0,0,0,0,0,0,0,0,0,0,63,0,0,0,0,2,2,0,0,0,0,0,0,0,0,0,0,0,0,1,0,1,0,1,2,1,6509,1,0,0,0,21,1,0,2,1,0,0,1,1881,0,0,0,0,0,1,0,0,0,2,0,0,0,0,1,0,754,0,0,0,0,0,0,1,1,2,1,0,42,0,0,0,0,2,1,0,0,0,0,0,0,0,0,0,0,0,2,0,0,1,0,0,1,3,1,0,0,0,0,0,0,0,0,0,0,0,0,0,1,0,0,1005,0,0,0,0,0,0,0,0,0,0,0,1641,0,0,0,0,1,0,1,0,2,0,558,0,0,0,0,0,0,0,0,0,0,0,0,0,0,0,0,0,0,0,0,1,1,0,1,4719,1,1,1,0,0,2,1,2,1,0,1,1,0,1,0,1,0,0,0,0,0,0,0,0,0,1,0,1,0,384,2,8096,0,0,0,0,0,0,0,1,81,0,0,0,0,0,0,239,0,0,1,0,0,0,0,1,1,0,0,0,0,0,0,1,1,0,0,0,0,1,0,0,0,0,0,0,0,0,0,0,0,0,0,0,0,0,0
"TGGCACCGGACCGTCTGAAA",0,0,0,0,1,0,0,1,0,0,0,1,0,0,0,0,0,0,6166,1,0,0,0,1,0,0,0,2,0,0,2,2,0,2,2,0,1,1,3,0,0,0,1,1,0,0,0,2,0,0,1,0,1,0,0,0,0,0,0,0,1,0,1,1,0,0,0,0,0,0,0,0,0,0,0,0,0,0,0,0,0,1,0,1,0,0,0,0,0,0,1,0,0,0,0,1,352,2,0,0,0,1,0,0,1,0,0,0,1,3,0,1,0,0,0,0,0,0,2,3647,2,1,0,1,0,0,0,0,0,1,0,0,0,0,1,0,1,4,0,0,0,0,3,0,0,0,0,0,0,0,0,0,0,1,0,0,0,0,492,1,3,0,0,0,1,7645,0,0,1,2000,1390,0,0,2,0,0,1,1,0,0,1,5042,0,0,0,0,0,1,0,0,1,7459,3,0,0,1,1,3,4,285,0,0,0,0,54,0,0,0,0,902,1,1,0,0,0,0,0,0,0,0,0,0,0,0,0,0,0,1,0,0,1,2,0,0,1,1,2,0,0,0,0,6491,529,1,0,1,0,1,0,0,1,2,0,0,0,0,0,0,0,0,0,0,0,0,0,2308,0,1,0,0,1,0,0,0,0,0,0,0,0,0,0,0,0,0,0,0,0,0,0,0,0,2,0,0,2,0,0,2307,0,1,0,0,0,2354,3205,2168,0,1,1,0,0,1,0,0,0,0,0,0,0,0,0,0,0,1,1,0,0,0,0,0,0,60,0,2,0,0,0,0,646,0,0,0,0,1,0,2,0,0,0,0,1,2,0,0,0,0,0,0,0,1,0,0,0,0,0,0,1,1,0,0,0,0,0,0,2,0,0,0
"CTAGACGCTGTAGTTCTGTA",0,1,0,12,24,2,0,0,0,0,1,0,13,0,0,0,1,0,3697,0,7,0,0,2,0,0,0,0,12,0,1,0,2,3,2477,5,1,0,3621,1,1,3,0,1,0,0,0,0,13,0,0,0,2,0,4,1,0,1,380,0,0,4,0,1,0,0,1,0,15,0,2,0,1,0,1,1,0,0,3,1,0,1,0,1,0,0,0,0,17,0,0,0,0,1,2,3,340,0,0,0,2,4,4,0,0,1,0,0,0,1,1,0,0,0,0,2,15,0,0,0,0,1,2,9393,1,0,0,0,1,3,16041,1,0,3,4354,1279,0,1,0,0,0,0,1,1,10,0,0,1,1,0,0,2,0,0,0,0,0,0,1,0,1,0,0,0,2,7473,1,0,3,1,627,1,1,1,0,0,0,0,13,0,0,1,1,0,0,0,2,154,3,2,2,1969,15816,0,1,0,1,0,4,366,0,3701,0,0,0,4,0,0,0,0,0,1,13,0,2766,0,0,0,0,0,0,0,2,0,1,0,0,0,0,0,1,1,9,0,0,0,0,0,0,1,0,1,740,0,1,0,2,0,0,2,1484,1,12,1,0,1,1,1,0,0,920,3,2,0,2,4157,0,0,0,0,0,1,12,0,1,1,5523,2,19354,3,2,4101,3,4,1838,4,0,1,3,1,4,1,8,5,1,0,0,0,0,2,1,871,2,1563,2,1,6,1,5,4,1,1,3,2,0,0,0,0,0,0,0,0,0,1,1,1,0,0,0,0,0,30,3,4,0,1,5,4,471,0,3,2,0,4,5,3,0,0,0,0,0,2,7,0,2,2,0,0,0,0,18623,1,6,4,1,3,2,1,51151,1,0,0,0,0,0,1,393,0
"CTGTCCATGCTTGCCTGTGA",0,0,2,0,0,1,0,0,1,0,1,0,0,0,0,0,0,0,0,0,0,0,1,0,5,0,1,0,1966,0,0,0,0,0,1395,2,0,0,0,0,0,0,1,0,0,0,0,0,0,0,1,0,0,0,0,3,1,0,0,4569,0,2,0,0,1,0,3,0,0,0,0,0,0,0,0,1,0,1,0,0,0,0,0,0,1,0,1,0,1,0,0,0,0,0,0,0,708,0,1,0,0,0,0,0,0,0,0,0,0,2,2,1,1,0,0,2526,0,1,1,0,0,0,0,0,1,3,0,3,4817,1,0,1,0,0,0,1,0,0,2,1,1,0,0,0,1,0,3580,0,2731,0,0,0,0,2,1,0,0,0,0,0,0,0,1,2,0,0,0,0,0,0,795,0,0,0,0,0,0,1,0,0,1,0,0,0,1,2,0,613,0,1,0,0,1,0,0,0,0,0,0,831,0,0,0,0,0,0,1,0,0,1,0,0,0,0,0,0,0,0,0,1,0,0,0,0,0,0,0,0,0,1,4,0,0,0,0,1,2,6,2,13620,2,6518,738,1,0,2,3,0,5730,1,0,0,1,0,3080,1,2,1,4,6481,0,2,1,0,0,1150,1,0,1,0,0,0,0,0,0,0,0,1,1,3,0,1,4847,1,1402,1,0,0,2,1,0,0,0,0,0,0,0,0,0,0,0,0,1,0,0,0,0,1,2,1,0,0,0,0,0,1,3,1,0,0,0,0,0,4,8,2,0,2,1,1,0,364,0,0,2,0,3,2,843,0,1,3,5,0,0,0,2,0,0,0,1,0,0,0,1,0,0,0,0,0,1,0,2,0,0,0,1,0,0,0,0,0,0,0,0,0,0,0
"CTAGTAAATGGAGCGGGCCA",0,0,0,0,0,2,0,0,0,0,0,0,0,0,0,0,0,0,0,0,0,0,0,0,0,0,0,0,0,0,1,0,0,0,1,0,0,0,1902,1,0,0,0,0,0,0,0,0,0,0,0,0,0,0,0,0,0,0,0,0,0,0,0,0,0,0,0,0,0,0,1,0,0,0,1,2,0,1,0,0,0,2,0,0,0,0,0,0,0,0,0,0,0,0,2,1,0,0,1,1,2,1,2,0,0,0,0,0,0,0,0,0,0,0,0,0,0,0,0,0,0,0,0,0,0,0,0,0,0,0,0,0,0,0,0,0,0,0,0,0,0,0,0,0,0,0,0,0,0,0,0,0,0,0,0,0,0,0,1003,0,0,0,0,0,0,0,0,0,1,0,452,0,0,0,0,0,0,0,0,0,0,0,0,0,0,0,0,0,0,0,0,0,0,3,2,0,0,0,2,25,1,2,3069,1,0,0,0,0,0,0,0,0,0,0,1,0,0,0,0,0,0,0,1,0,0,0,0,0,0,0,0,0,0,0,0,0,0,0,0,0,0,0,356,0,0,0,0,0,0,0,0,1,0,0,771,0,0,2,0,0,0,0,2,0,1,1075,0,0,0,0,0,0,0,0,9608,1,5,0,0,2,0,2,1,0,0,0,0,1,0,0,4563,1,0,1,1,1,0,0,1,1,0,1,0,0,0,0,0,0,0,0,0,0,0,0,0,0,0,0,0,0,0,0,0,0,1,0,0,0,0,0,0,88,2,0,0,1,3,0,409,0,0,2,0,2,2,1,0,0,0,0,0,0,0,0,0,0,1,0,0,0,0,0,0,0,0,0,0,0,0,0,0,0,0,0,0,0,0,0
"CATAACTTGGATAGAAGTGC",0,0,8,1,1,1,0,0,0,0,0,0,0,0,0,1,0,1,2,1,0,0,0,0,0,2,1,2,0,1,1,4,5,1,0,6358,0,0,1,0,0,0,1,1,0,1,2,1,0,2,8,20220,18,5,10,4,8,4,1513,2297,3,17846,1,0,0,0,1,0,0,1,6,7,55075,6929,10,1131,8,6,3,9,5824,8,1,0,0,0,0,0,0,0,5637,2,4,0,2,1,1125,0,0,0,0,1,2,0,1,5265,3,1,11,8,2,4,1,4,3,4,1,0,2587,1,7,0,7,7351,1,1,0,0,0,176,1,2,0,0,0,0,0,0,0,0,0,0,0,0,0,1,0,1,8,0,3,1,4,1,2,5,6,0,2025,1,0,1,1,3,0,0,0,0,2,2,627,9867,0,0,0,1,0,17,0,0,0,1,2,1,1,5163,1,1193,0,1,0,1,1,0,0,1,5,0,1,380,0,2,1,1,1,0,0,3,0,2,0,0,0,0,2919,1,26505,2,2827,4,1,3,4,4,4,6,1,0,0,2,0,0,0,0,1,1,6,1,2,0,0,0,1037,2,0,2,0,2,0,1,1,1,1,2,3971,5,8,3,35439,4,4,4,3222,3,4,3,1,0,0,1,0,0,1,2,3,0,6,1,3,0,0,893,0,0,3399,4,3,1,2,5,8,1,0,1,3,0,0,1,4,5,13,825,8,1580,1,2,7,0,8,3,4,0,1,0,2,0,2,2,1,2,6,4,8,1,0,1,3,2,6,4,5,49,1,0,2,0,0,1,2188,1,7,3,7,0,1,2,0,0,1,0,0,0,0,0,0,0,0,0,0,0,0,1,0,1,0,0,0,0,0,1,1,0,0,0,0,0,0,1
"GGTAGTTCGACGTGCCCTGA",2,0,3,1,0,0,0,1,0,0,1,5,1,0,0,2,0,1,0,7,0,0,2,3,1,3,4,0,1812,0,0,1,1,2,4293,1,0,1,1,0,0,2,1,2,0,0,0,1,0,1,1,3,1,2,1897,1,2,3,1296,2074,2,1,2,4,0,1,0,1,1,1,0,4,0,3,0,2,2,1360,2,0,1,1,1,4,0,0,1,1,0,1,2067,1,2,3804,0,4,1758,4,0,0,0,2,0,1,1,2810,1,2826,0,0,1,3,0,0,3,2,1,0,1,2,3,1331,0,7187,3,2,0,1,0,4,0,1,4,2607,3,2,1,2,1,3,1,3,0,3,2,4,0,2,7,4034,10,0,1,3,1,3,0,2,897,1,0,2,1,0,0,1,0,0,1,1823,2003,2,2,3,3,1,9409,13,0,3,3538,3314,0,9566,1,1,2523,707,1,1,0,5,0,1,1,2,2,7296,2,1489,1,2,5,0,2,6947,1,2,2,2,4,10474,0,1,2,2,3,2,3400,2,2,7560,0,1,0,1,1,0,0,1,1,3,0,0,1,3,4,2,5,0,12351,1,1440,1,0,0,1,3,3564,0,1,5,0,1,2,19706,0,1,2,3,0,4,2,2,3,4,1,7,0,2,0,0,1,0,2,0,0,2,1,0,0,2528,1,0,3767,2,1,2,1,3,0,0,2,1,0,0,0,1200,1,0,2,1636,3,1619,6,1,0,1,2,2,106,1,1,1,3,1,1,3,1,2,1,1,0,2,1,1,0,1,2,1,1,106,0,1,3,2,0,1,3882,1,1,4,1,0,2,2,1,1,2,2,4,20309,1,1,0,1,0,2,2,0,0,0,1,1,1,0,0,2,0,1,1,3,0,1,0,6,0,0
"TAGTATTGGCGGGACTCATC",0,0,2,1,0,0,1,0,0,0,0,1,0,1,1,1,0,0,0,0,0,2,0,0,0,0,1,0,1601,0,0,0,0,0,0,0,0,1,0,0,0,0,0,0,0,0,0,0,0,0,1,0,0,2,1137,0,0,0,0,2425,0,0,0,0,0,0,0,0,0,0,5,1,3,15244,6,2,1,1186,5,5,0,3,0,0,0,0,0,0,0,0,0,0,0,1,0,0,167,1,0,0,1,0,1,0,1,0,0,1,0,0,0,1,0,0,0,1,0,0,0,0,0,0,4,4,0,0,0,0,0,0,0,0,0,0,0,0,2,0,0,0,0,0,0,0,0,0,1,0,0,1,1831,0,0,0,3,1,4900,1,67,0,0,0,0,3,1,0,0,0,0,0,846,1,0,0,0,0,0,0,0,2,0,0,0,0,1,0,0,1213,0,0,0,1501,0,0,3,4,3,7875,5697,1,0,6,2,3008,3,3,0,0,1,1,0,1,0,0,2,0,0,1,1,1,0,0,0,0,0,0,0,0,0,0,0,0,0,0,0,0,0,2,0,0,0,0,453,2,0,0,0,1,0,0,0,0,0,0,1873,1,0,1,4,1,2,0,0,1,2,1,0,0,0,0,0,0,0,0,0,1,0,0,2,0,0,0,0,4,0,0,0,0,1,0,1,2,0,0,2,1,1,1079,3,1,3,1739,0,3444,2,1085,0,0,1,0,2,0,0,0,0,0,1,1,1,1,0,1,2,0,1,0,0,0,1,0,2,125,0,0,1,0,0,2,1744,1,1,0,6305,1,0,0,0,1,0,0,0,0,0,0,0,0,0,0,0,0,0,0,0,0,0,0,0,0,0,0,0,0,0,0,0,0,0,0
"TAATTGTACCTCTTCCCGGA",1,0,1,6,2,2,3,1,0,0,0,1,5,3,1,3,1,2,398,0,4,1,2,3,0,2,1,0,10894,0,0,0,3,0,1373,0,0,0,2,1,1,1,1,1,0,0,0,0,0,0,4,2,6,6,1093,1,3,1,3367,1,2,1,1,1,0,1,0,0,5,0,5,1,0,1,3,2,1,3640,2,2,0,4,1,1,2,1,1,1,8,0,1,0,4068,0,0,1,2837,3,0,0,3,1,1,1,1,2,0,0,3,5,1,0,1,1,1,1,6,1,2,5287,1,0,2964,4494,2,0,0,0,1,0,3,1,7016,2,0,0,1,15,1,1,0,0,1,1,1,0,2,323,1,3,3945,1,1,4,2,0,5023,3102,2051,0,1,3,16001,1,3,0,1,3,1,3,1992,2,2,2,0,0,1,2,4,0,1923,0,4,0,2,0,3867,2719,2,0,2,1480,5,0,3,3,4,4,7579,1300,2,3,2960,6372,5,6,1,1,0,1,0,0,1243,1,1,0,1,0,0,1,0,1,2,0,0,2,2,2,3,0,1,0,3,1,6939,0,4,1,2,76,5855,2,1382,1,0,4,2,5,4733,3,0,4,21579,0,5,3,4,2,4,2,3,2,1496,6,3114,3413,2,1,0,0,2,0,4,0,1,4,3,4,2,0,1,5186,2,2,3482,4,0,3,4,0,1,2,3,0,1,1,7,651,1,0,0,1692,2,6945,5,0,0,0,3,1,2,2,0,0,0,2,3,1,3,0,1,856,0,2,4,0,0,2,3,4,2,101,3,1364,4,3,6,3,10910,2,5706,14306,7,1,4,3219,2,0,3,0,0,2,2,0,3,1,0,0,0,1,4,0,1,1,3,0,0,0,0,10,0,0,0,0,1,0,3,12
"CACTGCATTTGCTTCCCTGC",0,0,1,1,0,2,0,2,0,0,2,1,0,2,0,1,0,0,0,0,0,0,1,2,0,0,0,1,1774,3,0,0,0,1,0,0,0,3823,1,0,3,0,2,0,0,0,0,3,0,0,0,0,0,1,1,0,0,1,1,0,1,0,1,0,0,0,0,1,0,0,0,2,0,1,1,0,0,1262,0,0,0,0,4,1,0,0,1,3,0,0,0,2594,0,1,0,0,1948,0,0,0,1,0,0,0,0,0,0,1,1,0,0,2,0,0,0,912,0,0,0,0,0,3415,0,1,1,0,0,0,1,0,0,0,0,2,0,0,1,0,1,1,0,0,1,0,0,1,0,2,1,3,1,0,0,0,1,153,0,0,5,0,0,0,1,0,2,0,0,0,2,0,840,0,1,4,0,2,0,0,0,0,6,3943,2,9103,0,0,633,987,0,0,1,0,0,0,0,0,3952,1,0,772,0,0,3,1,2,1,0,3,0,0,195,0,0,0,1,0,0,4,0,0,0,0,0,1,2,0,0,2,0,0,0,0,0,0,1,0,1,0,0,0,43,0,849,0,0,0,2,4,0,0,3,0,0,2,2,0,2,6787,0,0,1,1,2,3,0,1,2,4,0,0,1,0,0,1,4,0,0,2,3,2,0,2270,3,2,1800,4,2,0,1,1,0,0,2,0,0,0,2,0,0,0,0,0,0,0,2,0,1,0,1,2,0,0,1,0,1,0,2,0,3,0,0,7824,1,0,1,0,2,0,3,0,1,0,1,0,0,1,2,0,2444,0,0,4,1,1,13823,1,0,1,0,0,0,0,0,1,0,0,0,0,0,0,0,0,0,0,0,0,0,0,1,0,0,3,0,0,0,0,0,0
"CAAGACCTTAGTTTGATCTG",2,5,18,8,14,17,8,7,5888,3,6,4,7,8,10,9,5,5,609,6,10,3,6,4,6,9,13,8690,17642,3,3588,27,15,10,15671,18767,6,11153,2861,7,11,14,6,7,959,4,4,3,5,1,18,17120,13514,19,2441,36305,12,22,7702,1323,20,23,4,4,4,3,4,3,4,1,19,31891,55605,18052,23,25,18,14271,30658,23,16,28,9,5,2,3,9,10,18,8,2950,3,13553,3790,8,12,15614,9,6,5,9473,7,9,4,3,7,7956,1,3750,4247,8,5,4,6,50,2,6879,3,3991,7955,17,0,3073,13366,8,8,0,3,6,216,32741,15,11091,1969,15,2538,1446,4497,6,6,3,4,5,8,8,6,3662,8,12885,6584,15309,20,12,5,9,10,10322,6510,5053,4,11,8,17216,19,11,10,6,16988,10,10385,6395,9,21,11,5,2210,17720,10,16,9,6077,7705,8723,245,2682,10008,8245,8086,5,6,5,696,10,9,15,5187,4169,11595,8116,6815,10,3642,17,15,2862,6974,12,9,5,2742,5,8487,24,1802,11597,121218,21,18,15,19,18,13,16,17,11,21,9,5,1,6,7,3,13,4,10826,27,17110,11,14,16,35870,13781,8022,13,10,23,14,15,21288,3,4343,419,15,4,6748,12468,8280,7015,11,24,11,22,4602,21242,32666,18373,17,14,6,6,10,9,25,17,18235,38,16041,13,22,17,11,34288,13114,23536,13478,24,14,5,21,15,9378,11,16,7,17,9,10,1159,20,44,20451,3913,16,20091,14,5956,16,11,18,8,100,4,10,6,563,10,11,11,21,12,9,14588,20,11,15,14,14,5,21,13,19,453,12,9,10438,10,18,14,33695,13,20,28,6313,13,18,16741,9,4,1,4,4,2,12,4,4,9,3,3,7,3,16014,4,6,7,14,1,2,4,5,2,4,5,2,1,7,84,4,3
"GCTGCAGGTTAAGATGTTCA",0,0,0,0,0,0,0,0,0,0,0,0,0,0,0,0,0,0,0,0,0,0,0,0,0,0,0,0,0,0,0,0,0,0,0,0,0,0,0,0,0,0,0,0,0,0,0,0,0,0,0,0,0,0,0,0,0,0,0,0,0,0,0,0,0,0,0,0,0,0,0,0,0,0,0,0,0,0,0,0,0,0,0,0,0,0,0,0,0,0,0,0,0,0,0,0,0,0,0,0,0,0,0,0,0,0,0,0,0,0,0,0,0,0,0,0,0,0,0,0,0,0,0,0,0,0,0,0,0,0,0,0,0,0,0,0,0,0,0,0,0,0,0,0,0,0,0,0,0,0,0,0,0,0,0,0,0,0,0,0,0,0,0,0,0,0,0,0,0,0,0,0,0,0,0,0,0,0,0,0,0,0,0,0,0,0,0,0,0,0,0,0,0,0,0,0,0,0,0,0,0,0,0,0,0,0,0,0,0,0,0,0,0,0,0,0,0,0,0,0,0,0,0,0,0,0,0,0,0,0,0,0,0,0,0,0,0,0,0,0,0,0,0,0,0,0,0,0,0,0,0,0,0,0,0,0,0,0,0,0,0,0,0,0,0,0,0,0,0,0,0,0,0,0,0,0,0,0,0,0,0,0,0,0,0,0,0,0,0,0,0,0,0,0,0,0,0,0,0,0,0,0,0,0,0,0,0,0,0,0,0,0,0,0,0,0,0,0,0,0,0,0,0,0,0,0,0,0,0,0,0,0,0,0,0,0,0,0,0,0,0,0,0,0,0,0,0,0,0,0,0,0,0,0,0,0,0,0,0,0,0,0,0,0,0,0,0,0,0,0,0,0,0,0,0,0,0,0
"CTAACACGGTACTACTCATC",0,0,1,1,1,3,2,0,0,2,2,0,1903,0,1,0,0,1,8,1,2,3,0,0,0,1,1,0,2,0,2,0,1,0,2707,0,0,1,1,0,0,0,1,0,0,0,0,0,0,0,0,1,1,1,0,0,0,3,589,0,2,1,0,0,0,0,0,0,0,0,2,6,8,9,5,4,11,9,3,4,5,7,2,0,0,1,0,1,0,0,0,0,0,0,2,2,1064,1,0,2,0,1,0,1,1962,0,0,0,3829,0,0,0,0,1,1,0,0,0,0,1,4,3,2927,6,0,0,0,0,2,0,1,0,0,0,0,0,0,0,0,0,0,0,0,0,0,0,0,1,0,0,1,0,0,0,0,0,3,0,0,0,2,0,479,3,0,1,1,0,0,4,388,1,0,0,0,1,9144,0,1,1,2,0,0,0,1,0,0,1071,0,0,0,0,0,0,0,1,0,0,0,185,0,0,0,1,0,2,0,0,0,1,1,0,4740,0,1,1,0,0,0,0,0,1,0,0,1,0,1,0,0,0,1,0,0,0,1,1,0,0,1,0,12,0,409,1,0,0,0,0,0,1,1,0,1,0,3073,6973,0,0,3,0,0,2,2,3,2,2276,0,0,0,0,1,1,0,0,0,0,0,0,1,0,0,1,2,0,1835,0,0,0,0,1,5,0,0,0,53145,0,0,0,5,9,2,4,5,4,0,1,0,0,1,0,192,0,0,1,4,0,0,0,0,0,0,0,1,5,0,0,0,0,1,0,4,271,0,0,3,0,0,0,1270,2,0,4,2,3,0,0,0,0,0,0,2,0,0,0,0,0,0,0,1,0,0,0,0,0,0,0,0,0,0,0,0,0,0,1,2,0,0,0
"CCTCCCGTGAAAGTACTAAC",3,4,7,4,6,2,10,4,10170,3,2,15,9,63,8,6,4,5,11083,426,3,1,8,16,3,6,14,8,11145,5,8,7,7,9,10345,6620,6,2881,124,9,24364,15,11,6,6,2,48934,6,3,5,43378,729,33,24,3623,17,21,68807,7280,2435,22,26,7,9,23207,4,4,2,2,2,14,13,8,8819,28319,5,46188,2475,10,12,12,23,7,9,3,3,10,4,2,3,8824,10764,2,3483,11,3,8110,9,7,5,9,4913,6,9,3,464,5378,5,21,7305,14,2,5,2,4,15573,6,9,3949,7579,12,11,0,18,4,5,5,8341,81,9,4,188,46,14,9,9,11431,14,57,9,8,5,9,113,8,4,17,13613,9279,8631,8408,4,2,11,5,9,6240,138,2129,3,4,11,19,21,14,7,3,4,5,8420,12117,17,7,10,13,0,11,9,5,257,6,3932,4037,4871,13,3225,2442,7008,7,8,5,9,5,6,14107,5642,13,4140,14,4729,10618,3808,11517,9,8067,13,7,2,4,4005,7,5,1,4,3158,4,5,4,1,5845,1,3,2,2,369,8,12,6,3,4,5,9,6,2,520,23,15658,69966,16,14111,12,5020,7058,12,10,16,22,4,3013,5,9700,14,9,3,9647,10,6,1677,5,10,7,4,1799,1,8,22311,15,6,5,2,19987,42431,8,8,12,3,910,3,0,4,4,1295,2,0,1868,5,4,17,3,16,7365,9,2,6,5,5,12,2150,7,11,9,5499,13,46,20163,4317,1,11,2,21,7,4067,0,5,3,9,19,17,7,4,1,0,2,17,11,13,1,13,7,14,9,3211,2,832,4,1,3,5406,5959,8,5704,1576,7,3,7,3261,12,4,7,1,4,12796,5,3,9,1,2,1,1,14,19713,1,10,3,3,1,3,7,0,2,4,0,3,1,4,10,0,1
"TCTAGTTTAGAGCCTACACG",4,6,13,7,7,15,17,8,7769,6,15,4,9,4,16,6,1,3858,1290,1280,6,3,12,10,3,9,18,5,8774,3,7380,11363,9327,12,1537,3984,19,12,24,6831,17,15,13,9,5841,7,23,6,4,4,7,19,9,5,6377,6,8,2,8422,9,9,18,9,4,3,4,12,1,3,76,12,16833,16,21,28955,7,11,11935,14,8,14160,8,9,10,26,3,31,65,14,3,6225,5490,9210,7,10095,34684,6575,6,3,11215,13016,13,9,13,3,2841,3650,5316,6,113,20,13,6,5,12,4,7,7,17,9,5644,16,18,2376,13,1,5,1,0,5,2,75,6230,23941,10923,2750,17,4918,13,7,1,4,18120,9,12,8,4003,23528,7725,22,12128,5185,9,15,9,6,5211,908,2196,11,14,12,3926,10,15,6524,22510,13397,7479,13305,11465,9,13,2,3,2755,16,9,3,64,3,8683,10234,2325,7478,14369,5416,8139,2,8,13,8,4,3,16,22441,10928,21490,15351,6417,9136,14,3285,3331,22,18,20,1,4,1368,19,7,7,2,3030,12,5,2,16859,5,6,4,16,5,8,5,17,5,5,8,10,11352,38122,4,24,17477,26,19,24,16,6912,15,8507,4084,16,20,23,4,6686,10,70,4,9,4,11954,23,18994,6584,10,14,7,8,27870,0,10724,13362,83727,11,5,13,16,14,10079,12,7,15,16,20456,9,4,6,6834,13,8,7249,13,5,14,13,4,4833,25616,12,6,6,13,1589,4674,7,7,13,9516,13,8398,20,4182,3,11,13,3,51,9,3,6,1,20,52167,19,6,5,4,10,9,18,13,41780,4,14,6,5,688,977,3,4661,10,3,13,17587,11269,5,6477,14,9,7,353,3542,14,2,6,2,50120,5,6,2,13,2,1,4,9,8,4,2,10,3,3,4,6,0,2,0,11,1,2,3,7,4,12,41
"TCTGGTGGTCTCCTATCTAG",0,0,2,0,0,0,0,0,1,0,0,0,0,0,0,0,0,0,3,0,0,0,0,0,1,0,0,0,0,0,2,3,3,4,3,3,1,1,1,5,0,4,0,0,0,1,1,0,0,0,0,0,1,0,0,0,0,0,459,4,0,0,3,2,1,0,3,0,0,0,0,0,0,0,0,0,0,0,0,3,0,0,0,0,0,1,0,0,0,0,0,0,1,0,2,1,1047,0,0,0,1,0,2,0,0,2789,0,1,0,0,0,0,1,0,0,0,0,0,1,1,1,3641,0,0,0,1,0,2,4627,0,0,2,0,0,0,0,1,1,0,0,1,1,0,0,0,0,0,0,0,0,0,0,0,8,1,0,0,4711,2,0,2,1,0,1,2,2,21838,3,2,1,307,0,0,0,0,0,0,0,552,0,0,0,0,0,4,2,0,312,0,2,1,0,0,0,0,2,2908,0,3,320,2,0,0,3,1,1,0,1,1,1438,3,4,2,3,0,0,0,0,0,0,0,0,0,0,0,0,0,0,0,1,0,0,0,0,5,4,6,2,6,3629,3,3,369,32415,2,3,0,1,2418,2,5,0,1,1,2133,0,0,3,3,2,1,0,2,0,0,134,0,0,0,0,0,0,0,0,0,0,0,0,0,2,0,0,0,3,0,0,0,4,1,0,0,3,0,0,0,3,0,239,0,0,1,202,0,0,1,1,0,1,11,0,0,3,0,1,0,6,5,3,0,0,1,0,0,3,1,4,0,3,0,0,0,63,0,0,2,0,0,0,223,0,6221,2,1,0,0,0,1,0,1,0,2,0,1,0,0,0,0,0,0,0,0,0,0,0,2,0,0,0,0,0,0,0,0,0,2,0,0,0
"CTTACGCCAGCGTTTGCAAT",0,0,0,0,0,0,0,0,0,0,0,0,0,0,0,0,0,0,0,0,0,0,0,0,0,0,0,0,0,0,0,0,0,0,0,0,0,0,0,0,0,0,0,0,0,0,0,0,0,0,0,0,0,0,0,0,0,0,0,0,0,0,0,0,0,0,1,0,0,0,0,0,0,0,0,0,0,0,0,0,0,0,0,0,0,0,0,0,0,0,0,0,0,0,0,0,166,0,0,0,0,0,0,0,0,0,0,0,0,0,0,0,0,0,1,329,0,0,0,0,0,0,0,0,0,0,0,0,0,0,0,0,0,0,0,0,0,0,0,0,0,0,0,0,0,0,0,0,0,0,0,0,0,0,0,0,0,0,0,0,0,0,0,0,0,0,0,0,0,0,39,0,0,0,0,0,0,0,0,0,0,0,0,0,0,0,0,0,0,0,0,0,0,0,0,1,0,0,0,0,0,0,0,0,0,0,0,0,0,0,0,0,0,0,0,0,0,0,0,0,0,0,0,0,0,0,0,0,0,0,0,0,0,0,0,0,0,0,0,0,0,0,69,0,0,0,0,0,0,0,0,0,0,0,0,0,0,1,1,0,0,0,0,0,0,977,0,0,0,0,0,0,0,0,0,0,0,0,0,0,0,0,0,0,0,0,0,0,0,0,0,0,0,0,0,0,0,0,0,0,0,0,0,0,0,0,0,0,0,0,0,0,0,0,0,0,0,1,0,0,0,0,0,0,0,0,0,0,0,0,0,248,0,0,0,0,0,0,0,0,0,0,0,0,0,0,0,0,0,0,0,0,0,0,0,0,0,0,0,0,0,0,0,0,0,0,0,0,0,0,0,0,0,0,0,0,0,0
"CGAACGGCGCAGTTAGTCAA",3,1,13,9,6,19,10,13,9148,1946,11,11,11,7,9,9,2,9,4436,6,8,5,7,8,7,5,7,7,12092,8,7719,12,10,10,4394,0,10,4415,3281,4,1,11,7,1,2,5,5,20093,3,6,65975,18,24,33702,4274,16,26,18,8180,4953,22429,20,1,4,2,0,7,4,6,4,1028,5,12,8677,7,4404,7,8798,6,5,10,5,8,8,5,6,3,11,8,5,8814,2815,18165,7283,14279,12511,9076,9,5,9,6794,4893,14,9,3653,3051,8317,2898,7900,24,6,7,6,5,11,6,10,7,4309,6660,5552,14,5123,1540,4,5,1,1,8,5,5,6,11823,6600,3820,5376,3306,4787,8,13,1,1,8,350,10578,8,3801,3167,9253,6143,8,4912,2,10,5,15,5858,6659,10684,6,0,8,15818,18,4,14,3,6,9,4113,11795,15,7,8,1,1,2,6,11,1,7336,4422,12,9659,8116,13,1475,6086,4,11,4,7,9,4,20,13,3871,15242,11897,7167,12,12,3232,9,7741,7206,7,8,3,2978,3,10499,17386,8,6,3,9,7,12103,1,3512,10451,8,2,1,4,9,5,3,11,1,3129,7,2,14086,17,28415,18,22,7335,11605,9,7331,15573,14,15,8,11,6215,4,2552,12,21670,4,12496,14136,5,12,2,10,8,9,42,8,9,20036,5,3,3,4,4,7,12,3,9283,5,19,19681,18867,8,29196,17,24,13,5502,17,4,13,3,11,13677,5330,18,4,7,9,7282,4614,10,4,6,6431,9,8448,10,8821,1,8,2,22,2,7,12,5,5,12,13,17,5,3,4,3,10,18282,8043,14,4,13,6,24,4,7837,17,2,10501,11,24,11578,6839,9,5,52,3397,12234,18,19441,2,9,3,0,3,7,7,10,4,5,6675,5,8,4,4,7,2,4,2,3,3,4,2,1,4,6,5,2,7299,8,15,0
"GATTTAAACACCCAACGCTA",0,0,0,0,0,1,0,2,0,0,0,0,0,0,0,0,0,0,0,0,0,0,1,1,1,0,1,1,0,0,1,3,3,16713,2,0,2,1,4,1,2,2,0,0,0,0,0,0,0,0,1,0,0,1,252,0,0,1,67,0,0,0,0,0,0,0,0,0,0,0,0,0,0,1,0,0,0,0,0,0,0,0,0,0,0,0,0,1,0,0,1,0,1,0,2,1,0,0,0,0,0,0,0,0,0,0,0,1,0,0,0,1,0,0,0,1,0,0,0,0,0,1,0,0,0,1,0,0,0,1,0,0,1,2,5974,2,54,0,0,0,0,0,0,0,0,0,0,0,2,1,0,0,0,0,0,0,0,1,0,0,4,0,0,0,2,1,1,1,2,0,256,0,0,1,0,0,0,0,0,0,3204,0,1,0,0,0,0,708,0,0,0,0,0,1,0,0,0,1,0,208,0,1,0,0,158,0,0,0,0,0,0,1,0,0,0,0,0,2,0,0,0,0,0,0,0,0,0,0,0,0,0,0,0,0,0,0,3,0,0,0,0,1,355,0,0,0,0,1,0,0,0,2,0,0,0,207,2,0,1,0,0,0,1,0,0,0,0,1,0,0,0,0,0,0,2,0,3,1,0,1,1,0,0,1,0,0,0,0,0,0,0,0,3,3,0,0,1,1146,0,0,0,0,0,0,0,0,0,0,0,0,0,0,0,0,0,0,0,0,0,0,0,0,1,0,0,0,0,0,0,0,0,23,0,3,0,0,1,1,646,0,0,0,1,1,9030,2,0,0,0,0,0,1,0,0,0,1,0,0,0,2,0,0,0,0,0,0,0,0,0,0,0,0,0,0,0,0,0,0
"GGTACTCTTGAGTTGCAGAC",0,0,0,0,0,0,0,0,0,0,0,0,0,0,0,0,0,0,0,0,0,0,0,0,0,1,0,0,0,0,0,0,0,0,0,0,0,0,0,0,2,0,0,0,0,0,0,0,0,0,1,0,0,0,1239,0,0,0,0,0,0,0,0,0,0,0,0,0,0,0,0,0,3,1,0,0,0,2251,1,0,0,1,0,0,0,0,0,0,0,0,0,0,0,0,0,0,0,0,0,0,0,0,0,0,0,0,0,0,0,0,0,0,0,0,0,0,0,0,0,0,0,0,0,0,0,0,0,0,0,0,1,0,0,0,0,0,0,0,0,0,0,0,0,0,0,0,0,0,0,0,1,4,1,0,0,0,1,0,0,0,0,0,0,0,0,0,0,0,0,0,583,0,0,0,0,0,0,0,1,0,0,0,0,0,0,1,0,183,0,0,0,0,0,0,0,0,0,0,0,175,0,0,0,0,0,0,0,0,0,0,0,0,0,0,0,1,1,0,0,0,0,1,0,3,6141,1,0,0,1,1,0,2,1,1,0,0,0,0,0,0,0,0,113,0,1,0,0,0,0,0,0,0,0,0,0,0,0,0,0,0,0,0,0,0,0,0,0,0,0,0,0,0,0,0,0,0,0,0,0,0,0,0,0,0,0,0,0,0,0,0,0,0,0,0,0,1,0,0,0,0,0,0,0,66,0,0,1,0,0,0,0,290,0,0,2,0,0,0,1,0,0,0,1,0,0,0,3,1,0,0,0,0,0,0,0,0,0,0,0,0,0,0,0,0,0,0,0,0,0,0,0,0,0,0,0,0,0,0,0,0,0,0,0,0,0,0,0,0,0,0,0,0,0,0,0,0,0,0
"ATGGGTAAGTAGCCTGAAGT",1,2,10,7,12,8,8,4,10562,2,15,4,4,2,3,3,3,2,8,2,10,3,11,2,3,2,3,7,8337,3,11,5,5580,8,1240,5,708,2799,7451,6,0,5,2,2,1,1,5,2,7,1,39732,7,1008,14,1394,5,8,3,5950,6,4,6,13,0,1,1,1,5,3,2,8,1,6,65,6,4501,4,5896,7,2,7,5,14,3,4,3,92,4,6,3,6442,5448,6,0,4667,8,3046,25223,5,8,6108,5,18051,10,4448,5495,4,0,4924,11,5,3,0,4,1027,0,5,2,8,8,10872,12,3023,9633,6,5,1,2,14,1,4,60,2,4,5306,3579,6332,6,0,3,0,3,5,2,4,1,4,7336,2,1984,3541,14222,5,4,4,3,5876,4788,7161,8,11329,15512,7,8,7,3,0,6868,8,4400,6767,3,4,2,6,9,12,2,8,2,3,3634,8,4823,2668,6332,4868,3331,2,5985,42581,5,15,7,10,136,14,7435,7,2094,1309,8,0,4,10,6907,3,10,3,2764,12,0,8,1,479,1,9,8,3664,5,6,9,8,6,6143,12,1,2,2,3,9,1,19997,0,14,0,31735,8,9,12,0,6208,5196,4,11,14,2,5,5678,2,1851,4,20833,4,8060,5,8,4,3,12799,1,3,6,2,5,4667,0,3,2,1,2,2,5,2,8,4,13,17147,6,3,7,6944,13,11799,1718,10,5,7,3,4,0,12577,2,2,5,4,3805,3308,3,1,2,2819,4,3813,10,6,6,4,5,7,438,9445,7,4,23410,7,15767,8,12123,10,7,6734,7,18094,7,5,7,8,6,9,2,992,6,1559,7,7,12,5256,4821,1,6,4,3274,12,10,3362,4,8,1,1,25183,2,4,4,2,4,1,3,9,1533,8,1,1,4,0,1,5,0,4,0,1,2,1,4,10,1,6,2
"ACTGCAACCGTCAATAGGAC",0,0,3,1,1,0,3,3,0,1,0,2,4,0,0,2,0,0,78,0,0,2,0,1,0,1,0,0,2,1,0,1,2,1,2253,0,2,1,0,0,1,0,0,0,0,1,0,0,1,0,3,40081,4,1,1143,7,3,3,391,1509,5,5,1,0,0,0,1,4,0,1,3,6,3,3,2,7354,1,6,4,0,8731,1,0,0,0,1,0,2,0,0,6815,0,0,2,2,1,2112,1,1,0,0,0,2,3,524,0,1509,2,3,1185,1,0,0,2,1,0,3,2,1,1,0,1,6743,1,3,1,0,0,0,0,1,2,0,1,1,562,2786,5,2,0,0,0,0,1,5553,0,1,0,4751,1,4,3,4,1,0,4,0,5938,1626,0,0,2,7,6,0,0,1,0,0,7,3483,1,1,3,0,1,1,1,0,5,2,2,2,5836,1,6815,0,1409,0,0,0,0,1,3,3,1,4,1,0,263,1,3827,6,2,4,7970,2,0,0,0,0,0,0,0,850,5,3,2,10258,3,0,3,0,3,3139,1,3,1,0,0,0,1,2,2,5,3,0,2,2,3,2,5,1834,1,3,2,3,2,0,3,2,1,3,1,3129,0,3,2957,3,0,3,15653,2,3,0,3949,2,2,0,2,1,2,2,2,0,3,1,0,0,0,0,0,2,0,1,2,1,0,1,1,0,0,1,0,7,5,5,0,2,2,2,6,4,2,1,466,2,1,0,0,1,2,0,0,5,1,1,0,1,2,8179,0,5,0,0,1,3,0,2,2,7,787,1,0,4,1,0,0,1,2,2,1,1,0,0,1438,1,2,0,0,0,1,0,2,4,0,0,0,0,0,0,1,1,2,0,0,0,0,1,197,1,0,0,1,0,0,1,1
"GTACTCAGCTCTGGTAGTGA",0,0,0,3,3,0,0,3,0,0,0,2,0,44,0,0,0,0,1,3,0,0,0,5,0,0,0,0,2,0,1,2,0,1,0,0,0,0,0,0,0,0,0,2,0,0,0,1,2,0,2,1,1,1,0,0,0,0,544,1,2,1,0,3,0,0,0,0,3,0,0,1,0,0,0,0,0,0,0,0,0,1,0,3,0,1,1,0,0,0,0,0,0,0,0,0,486,0,0,0,1,5,2,0,0,0,0,0,1,5,0,0,0,0,0,0,1,0,0,1,0,1,0,0,0,0,0,0,0,2,1,0,5,6,4,4842,1,1,0,0,0,0,0,5,1,0,0,2,0,1,473,1,0,0,0,0,1,0,1010,0,0,1,3700,0,0,0,0,0,0,2,921,0,0,0,0,0,1,5,0,0,0,3823,0,0,0,0,1,0,0,0,0,2,1,0,1,3,1,0,0,0,0,0,0,1,0,0,0,0,0,0,0,3,2,0,0,0,0,1,0,0,0,0,0,0,0,0,0,0,0,0,0,2,0,0,0,3,0,1,0,0,0,0,0,0,0,0,0,0,0,0,3197,2,0,0,1867,4,0,0,1,0,1,0,0,0,1,2308,1,3,1,1,3,22706,2,1,1,1,1,0,0,0,1,0,0,0,0,1,1,0,1,2,2,5102,0,0,0,2,1,1,0,0,0,842,0,0,1,2066,0,1,1,0,0,0,0,0,0,0,0,0,0,1,0,0,0,0,0,0,0,1,0,0,0,164,0,0,0,0,0,0,0,1,0,0,0,0,0,0,0,1,0,0,1,1,0,0,0,1,0,0,1,4,8883,0,0,0,0,0,0,2,0,0,0,0,0,0,0,3,0,0
"GGATCGGCGAATGAGCGTAC",0,0,0,0,0,0,0,0,0,0,0,0,0,0,0,0,0,0,0,0,0,0,0,0,0,0,0,0,0,0,0,0,0,0,0,0,0,0,0,0,0,0,0,0,0,0,0,0,0,0,0,0,0,0,0,0,0,0,0,0,0,0,0,0,0,0,0,0,0,0,0,0,0,0,0,0,0,0,0,0,0,0,0,0,0,0,0,0,0,0,0,0,0,0,0,0,0,0,0,0,0,0,0,0,0,0,0,0,0,0,0,0,0,0,0,0,0,0,0,0,0,0,0,0,0,0,0,0,0,0,0,0,0,0,0,0,0,0,0,0,0,0,0,0,0,0,0,0,0,0,0,0,0,0,0,0,0,0,0,0,0,0,0,0,0,0,0,0,0,0,0,0,0,0,0,0,0,0,0,0,0,0,0,0,0,0,0,0,0,0,0,0,0,0,0,0,0,0,0,0,0,0,0,0,0,0,0,0,0,0,0,0,0,0,0,0,0,0,0,0,0,0,0,0,0,0,0,0,0,0,0,0,0,0,0,0,0,0,0,0,0,0,0,0,0,0,0,0,0,0,0,0,0,0,0,0,0,0,0,0,0,0,0,0,0,0,0,0,0,0,0,0,0,0,0,0,0,0,0,0,0,0,0,0,0,0,0,0,0,0,0,0,0,0,0,0,0,0,0,0,0,0,0,0,0,0,0,0,0,0,0,0,0,0,0,0,0,0,0,0,0,0,0,0,0,0,0,0,0,0,0,0,0,0,0,0,0,0,0,0,0,0,0,0,0,0,0,0,0,0,0,0,0,0,0,0,0,0,0,0,0,0,0,0,0,0,0,0,0,0,0,0,0,0,0,0,0,0
"CCTCGGGCAACCACTTGACA",0,0,5,3,17,3,2,0,0,1,2,4,8,4,1,3,0,0,1901,1,8,3,1,2,1,1,1,2,2374,2,12,12,10,12,2861,6,28024,2853,9,43316,7,14,2,3,0,1,2,0,3,2,5,4,6,2,4,0,4,2588,1602,4,3,2,4,0,0,0,1,0,3,0,1,3,1,2,2,0,3,3,0,2,1,2,2,3,0,0,1,1,10,0,1,1,1,2,3452,6,2722,1,0,0,2,6,11,0,3595,1,2,2,8104,2,3,2,0,0,0,2,7,2,1,7287,0,1,3,0,1,1,0,1,2,2,7,0,1,6,3,6,7,7,2,0,0,0,4,4,10,4348,1710,4,6739,2,0,1,0,1,5,3,2,6590,394,5,11,6,2,1,7,6719,6,7,7,6170,4425,4,2,3,0,3,2,5,8,1,0,0,2,4424,5,16,1,670,0,0,0,0,7,1,7,11277,8051,14900,7,1915,5,3,4,7,26,11,6,2,2,5,8,12972,14736,2,0,0,2,1,2,6129,4,676,2,3,1,1,0,0,0,0,0,2,10,0,5,5,4,6,4,7,5,5,1835,12634,2,4,3,4,0,1,1,5,10,1,5237,4,5,6,3,1,2,8625,3796,1,1,8259,4,1,1,2,2,11410,9947,1,9206,3,2,3,2,3,3,1,2,8,1,12117,0,4,4,3,8626,2,2,5,4,6,4,998,2,0,0,2135,1,6363,5,5,5,3,0,2,4,4616,4,10,3,4,4,4,1,2,1,1,1,17617,3,2,1,5,0,4,0,1639,3,565,5,3,0,3,734,2,3,4,0,4,2,6651,0,0,0,0,0,2,12,1,2,2,0,1,0,1,7,1,2,3,2,1,2,0,48899,1,0,1,0,0,1,0,6,528
"TTAACGCATCCGCAGCCGTG",0,0,3,7,9,0,6,1,0,0,0,0,8,0,0,4,0,0,379,0,4,0,0,1,0,0,0,5,9,2,0,3,1,3,3066,2,3,2,0,4,2,4,1,0,0,1,2,3,7,0,0,2,2,0,2,2,1,0,1296,1,1,2,3,3,1,1,1,12525,3,1,0,1,1,1,1,1,2,1630,0,1,0,2,2,0,1254,0,0,1,12,2,0,5685,1,0,1,1,2384,1,0,2,2,1,6,0,1,0,2,0,2,1,1,0,0,1,0,1,6,0,0,2,1,0,0,0,0,1,1,0,5107,0,9,0,0,0,0,2016,0,4,2,3,0,0,0,0,1,1,3,1,4127,0,0,2,1,1,2,3,0,14021,0,2,0,0,1,1,8,7825,3,1,2,0,2767,0,1,2,0,3,1,2,9,1,1,2,4,2,0,0,1,1040,0,0,0,1,4,2,2,0,11,1,1,433,2,6,3,2,2,4,0,2,1,2766,2,0,9,0,0,0,1,2,1,0,3693,2,1,1,0,2,1,1,0,0,0,1,3,0,1,2,0,0,1,0,0,0,1850,0,1,1,3,5619,1,2,1731,1,8,1,2233,1,4,1,2,2,1,7994,4,0,3,5547,0,1,0,0,0,1,9,0,1,0,0,0,1,1,1,1,0,0,0,1,6,1,3,3,2,1,2,5,0,4,7,2,0,0,1,2735,0,1733,1,3,1,0,1,0,0,2,0,0,0,0,0,0,0,0,1,0,0,1,0,0,0,0,1,2,1,308,0,1,3,0,0,0,228,1,3,0,0,0,1,0,1,1,0,1,1,2,7,1,3,6,2,5,4,0,53732,2,0,5,0,0,1,0,9,1,2,0,0,0,0,0,1,2
"GAGTCGGTGAACCAGTTATT",0,0,0,0,1,0,0,0,0,0,0,0,0,0,0,0,0,0,0,0,0,0,0,0,0,0,0,0,2,1,1,2,0,2,0,2,0,1,0,0,2,1,0,0,0,0,0,1,0,1,0,0,0,0,0,0,0,0,0,0,0,0,0,0,0,0,0,0,0,0,1,1,2,0,1,9276,0,0,3,0,2,0,0,0,0,0,0,0,3,0,0,0,0,0,0,1,0,0,0,0,0,0,3,0,0,0,0,0,0,0,0,0,0,0,0,0,0,0,0,0,0,0,2,0,1,1,0,0,0,1,0,1,0,0,0,0,0,0,0,0,0,0,0,0,1,0,0,0,0,0,0,0,0,0,0,0,3,0,0,1,2,0,0,0,0,7170,0,1,1,0,339,0,0,0,0,0,0,0,1,0,0,0,0,0,0,0,0,0,0,0,0,0,3,0,0,0,0,0,3,799,0,0,1,0,0,0,0,0,0,0,0,0,0,0,0,0,0,0,0,0,0,0,0,0,0,0,0,0,0,0,0,0,1,0,0,0,0,0,0,0,0,0,116,0,0,0,0,0,0,0,0,0,1,0,0,0,0,0,0,0,0,0,0,0,0,0,0,0,0,0,0,0,1,0,0,0,0,0,0,0,0,0,0,0,0,0,1,1,2,1,1,0,0,1,1,1,0,0,1,1,0,26,3,0,0,0,0,0,0,0,0,0,0,2,0,0,0,0,0,1,0,0,0,0,0,0,0,0,0,0,0,138,0,3,0,0,0,0,385,0,0,0,0,0,0,0,0,0,0,0,0,0,0,0,0,1,0,0,0,1,8900,0,0,0,0,0,0,0,0,0,0,0,0,0,0,0,4,0
"TGATTCGTGGAAATAATGCT",6,3,65,7,16,20,100476,19,3,12,20,30,31175,13,17,5,1,6,16,12,10,15,15,15,0,6,20,12384,5133,4,19,15,25,20,16,7651,10,3024,3780,12,15,40714,14,10,0,5,37588,7,11,3,22,23,25,45,6231,9282,12,26,37142,14574,12,25,18,14,1,9,29,14,10,15,12,17,29,22,12,4854,46340,11,57367,18,0,26,17,20,5,14,74,21,12,13,23265,5437,15095,96,16,5543,10766,16,1,4,21,2927,45473,6,2600,3098,22146,3075,23474,11924,24,12,1,13,284,572,2402,13,19147,7324,13196,12632,689,9495,31,10,1,3,10,270,8,38,17985,26161,8121,27,11569,21424,30,14,4,11,24,24,9,9,17545,35,15991,8283,4898,9723,17,13,32,12,9,20,1723,3,9,28,4727,14611,13,9,19035,13,19,7962,1025,13,18,5,2,12,43,25,37,6,17853,7295,6569,21213,4397,6287,34,2872,5,24,30,25,27,14,27493,22360,4400,41461,6710,1685,30427,8587,10453,7699,17575,18621,27,20,5,18710,8007,21722,2798,11,5836,32,37,44,12706,22,12214,23308,38,24,7009,33,29,7,4,4,73653,15,11,7,17,18255,19,31,26781,11,17,4541,32557,11,12,21,16,14,2,8,2551,26950,16,12,7935,64211,8694,220943,36167,38,13832,36,3615,33,35,3857,23,15,3,14,16,5444,18,8,9688,15,1436,33,12,13992,14,8,1352,32027,1809,17,18,11,20,9,13,4875,4,6,19290,35,33,0,17,20,27,8029,59,12877,18,3268,22,6,35,14,12,17,2,10,24234,21787,22,17,29,18249,67536,33891,38850,13676,12,11,588,8,35,8,5,205,3,6,36,7,10,5381,303,15658,11985,48,9448,13,7,9,11,6,0,2,7,7,4,5,13,5,0,8,8,8,8,3,12,7,0,4,11,7,8,0,11,6,0,3,39,9,4,4
"ATATCGCGCAAGTGGATGAG",1,0,3,4,1,2,0,3,0,0,1,0,15036,1,0,0,0,2,2586,0,1,2,1,2,2,3,2,6,3,4,2,0,0,0,0,0,0,0,0,0,0,2,0,0,0,0,0,1,2,0,3,4,0,4,0,6,4,1,0,4474,0,5,1,1,0,0,0,0,1,1,5,4,5,2,4,1,5,2,2,3,1,5,0,0,0,0,1,3,1,0,13700,3,2,3,1,0,2398,1,1,0,0,1,3,1,1,5903,1,0,4,2,0,0,0,1,3089,1,2,3,1,2,2,4,6,3,0,0,0,0,2,1,1,0,1,0,3,0,7,1,0,0,3,0,1,0,1,3,2,0,1,0,1,4800,0,0,3,1,2,2,1600,0,0,2,4146,3,2,0,0,0,1,0,3281,0,0,2,0,1,0,299,0,1,3920,2,0,0,2,1,0,172,1,2,0,1,1,1,2,2,2,3,4,483,1,2,3504,1,2,1,1,0,0,0,2,0,0,2,2,4,2,0,2919,4,7222,0,2,0,2,2,0,0,0,0,0,0,1,2,0,0,2,1,0,0,0,0,1201,0,0,2,2,0,1,1,1630,1,7,1,7483,3,1,3,2,2,2,1,3351,0,0,8837,0,0,0,1,0,0,1,4,1,1,5298,2,1,0,1,1,5367,0,2,2,2,0,2,2,4637,4383,1,0,2,1,1,2,37118,2,2,8,3,1627,3,991,4,0,7,1,5,7562,2,0,2,0,0,2,7,0,0,3,2,0,2,0,1,0,2,0,0,174,0,0,1,1,0,2,685,1,4,4,3,0,0,1,0,0,0,0,0,0,2,3,1,0,1,1,0,0,4,2,0,1,0,0,5,0,1,3,0,0,0,0,0,0,1,0
"TACTACGAGCGCACAGTTAA",2,3,11,3,3,2,5,5,0,2,2,2,2,5,16,12,2,14,997,4151,14,4,1,7,0,3,2,0,4458,5,9,1,7,5,5095,1,1,5385,8,2,3,3,1,1,0,1,2,0,3,1,22396,7,26245,6935,19,14,13,13,2810,17,14,15,0,3,0,1,2,2,2,2,21,13,22,23,7,11,18,15,15,24,17,21,3,3,1,3,0,2,2,3,4,1,20646,7,1,5,7874,8,0,9,5,4643,6,7,2,2907,3982,4,9670,4819,1,1,1,2,897,4,4,3,4,3863,3,2,23,18507,3,2,0,1,2,6,2,3,3,8,9,8596,7,10,3,1,0,2,1,65,5,5,3,6274,2,2,3,9,3,3,10,7,21,12,2110,3,9,6,2098,48276,1,0,1,2,6,1909,8963,10,2,2,0,2,1,6,1,3,6,2,5246,3,7267,8,792,2534,0,6,2,3,0,3,12,3673,13,21881,13,2404,6,12,3719,6859,7,7288,4,1,0,5589,1,3,4,2,1,4,6,7,3002,3,2635,4746,2,1,6760,3,3,1,0,2,1,3,0,3,4,2,12,8,8,8,4,6,5701,3,4,31707,6,4,2,3,5938,3,6,3,13844,6885,7,12,3,13123,9,8507,12,7,4,5436,1,1,4,1,5,0,3,4,3,3,5,6,1,4,0,1,1,5,2,4,0,5,9,12,4705,9868,0,3,155001,2,3728,7,11,12,15,4263,19,1621,6,1,1,4,3,6,10,4978,1,2,13,1,3,7,2,2,5,446,4,3199,8179,5,3,10,7,8,24,2210,1,1322,20718,0,0,5505,451,5,6479,1,6278,10,0,1,5,1,0,1,1,12857,1,4,3,1,0,2,3,2,17795,4,0,1,0,3,0,2,1,4,1,2,1,3,1,6,2,1
"GGGTGATCCTGATTCCAAAC",0,0,0,0,0,1,0,2,332,1,1,1,0,0,1,0,0,0,0,1,0,0,0,0,1,0,0,0,0,0,1,0,0,0,0,0,0,0,2,0,1,0,0,1,0,0,0,0,0,0,4,2,5,0,2,0,0,0,3,0,1,0,0,0,0,0,0,1,0,0,1,1,1,1,1,0,0,0,3,3,0,0,0,2,0,0,1,0,1,1,0,0,2,0,0,0,1138,0,2,1,1,2,0,0,0,0,0,0,2,2,0,0,0,0,0,2109,0,0,0,3266,0,1,2683,1,3,2,0,0,0,0,0,0,1,2,5469,1,0,1,1,1,0,0,0,2,0,0,2,0,4636,1,0,0,0,1,1,119,1,1,1,0,0,0,8152,2,0,0,0,0,0,1,1348,1,0,0,0,0,0,4,0,0,0,1,7506,2,4,1,1,593,0,0,0,1,0,0,1,4,2,0,0,915,4,0,7134,0,5,2,1,1,0,0,0,0,0,0,0,0,2,0,0,0,0,0,1,0,0,0,1,0,0,1,0,1,0,0,0,1,3,1,1,1,1,2,583,1,10406,0,1,4,0,0,1,0,0,0,1005,0,0,1,0,0,0,1,0,0,1,1084,0,1,0,0,1,0,0,0,17403,0,2,0,0,4,1,0,0,3,2,1,0,1,0,2,4499,0,1,0,1,1,1,993,3,2,0,1009,1,1,1,1,0,1,1,0,2,1,1,0,0,2,1,0,0,0,0,0,0,1,3,2,0,2,0,0,1,25,1,0,0,1,1,3,391,1,0,0,0,0,1,2,1,2,0,0,1,1,0,0,0,0,0,0,0,0,0,0,2,2,0,0,0,1,0,0,0,0,0,0,0,0,0,0
"TCAGTAAGAGCCGGTTCGAA",0,2,6,4,9,4,0,5,2,4,5,2,8,2,8,10,3,1,10927,1588,12,3,7,3,2,3,5,3,5773,2,3,9,9,2,5790,1,4,5,5070,3,20631,8,3,2,0,3,1,5,1,2,17,13,40011,20,1152,17470,10698,11,2709,2352,12,12,8,7,4,3,5,29315,7,6,24741,5,8,8,6,9528,4,41,8,3,5191,8,3,3,361,1,2,5,10,0,67,1,5,1,5,7,7294,3,1,16033,4,3,6,2,2,4,3968,6,4193,10,1,9,0,5,548,3892,12,1,4279,2,3,5,16,4749,0,8,1,6,2,5,8,1,0,134,10553,5,10686,4590,2,2,1,1,1,38,10348,0,1,6,4,3,1876,8736,4,4,3,8,6,13664,4425,6,8,15,7778,11,8,14793,10,10,7,2092,13220,12,2,4,0,1,4,87,7,0,2716,3,6578,4090,11,3399,5488,4838,0,1,2,5,8,2,11,9,3499,7980,7,5016,5432,6,3284,10,8,2839,0,3,13,2,2,1,5,0,2952,7,11,7,2271,6,6,8,13,8,2623,10,4,4,2,3,3,5,9,1,17,0,15490,9,26356,4,15,23301,6417,14,14,22,2,10,1,2,5243,3,21367,5,10198,6866,8,7031,3,4,7,8,8206,4,5,20215,5,7,1,1,3,1,122,2,3,26367,5091,9272,9,6,7,2,10,5,25,11,7,11,5,9,12372,2,5,13,11,16,7,0,6,1024,11,5383,11,18114,8,6158,2,6,1,9,6,4,7,5,46747,36682,15,12,19,7,6572,12903,8,17,7837,9,5,9,8,121,8,1233,4,1682,14,12085,5,10,942,7,6677,9,5,14,6,0,5,4,2,1,4,3,4,2,2,4,1,2,5,2,26395,2,0,8,0,2,1,0,8,0,2,4,0,0,2,2,4,963
"CCGCTAATGAGGAATGTAGG",0,0,0,0,0,2,0,0,0,0,1,0,0,0,0,0,0,0,0,0,0,0,1,1,0,0,0,2,0,0,0,0,0,2,0,3,0,0,1,0,0,0,1,0,0,0,0,0,0,0,4,1,0,4,1,16611,3,2,840,4,0,2,0,0,0,0,0,0,0,0,0,0,0,0,0,0,1,1,0,0,1,1,1,0,0,1,0,0,0,0,0,0,0,1,0,0,1026,2,1,0,0,1,0,0,0,0,0,0,1,1,0,0,0,0,0,0,0,0,0,0,0,2,0,0,0,2,0,2,1,0,2,0,0,0,0,2,2,2,0,0,0,0,2,0,0,0,0,0,0,1,0,0,0,0,1,0,0,1,1,0,0,1,8,2,1344,0,1,0,1,4,1339,3,0,0,0,0,0,0,0,0,0,0,0,1,1,1,0,812,0,0,0,0,1,0,1,1,1,1,2,1,0,0,1,0,3800,2,0,2,0,0,8070,0,0,0,0,0,0,4,0,2,0,0,0,0,0,0,0,1,0,0,0,1,0,0,0,0,0,1,0,1,0,0,489,1,0,0,0,0,0,1,0,0,0,0,1984,1,0,3,0,0,0,0,0,1,0,1145,0,0,0,0,0,0,0,0,1,4,0,19155,3,3,1,0,1,5,3,2,1,0,2,3,2300,4525,3,0,0,0,2,0,0,0,0,1778,1,1731,3,2,0,0,0,2,228,0,0,0,0,0,0,0,0,0,0,0,0,0,1,0,1,0,0,1,0,251,3,0,0,6,4,5,446,0,0,0,0,0,5,2,0,0,0,0,1,0,0,0,0,0,0,0,4,1,0,0,0,0,0,0,2,0,0,0,0,0,0,0,1,0,0,0
"CCAGTGGATTTGTGTAGACC",0,0,5,1,1,2,1,3,0,0,0,7686,1,1,1,1,0,0,521,3,0,0,1,2,0,0,4793,0,800,0,3114,854,3,10391,1607,2,0,1146,899,2,2,1,0,2,0,1,0,0,0,1,5,1,1,4659,2,3,7,2,941,0,2,5,0,0,0,0,0,1,1,1,0,0,0,2,0,2,0,795,0,1,542,0,0,0,0,0,2,0,1,1,0,0,0,2084,7377,0,9822,1,0,3,0,0,0,2,0,0,0,2,0,9007,0,0,0,0,14,0,0,0,0,0,2,2,1,0,2,1,1,0,0,1,0,13,829,1,0,510,290,3,0,0,0,0,0,6,5643,47,0,3,1,2955,0,1,0,0,1,1,0,1,456,2,0,1,0,5,0,1,0,1,0,989,4800,0,2,0,1,0,0,12,0,0,0,1,1258,3,1,1,884,1983,0,0,1,0,0,0,3,1,0,42,1,3993,15,0,2,0,0,945,2,0,0,0,0,0,1,0,2300,0,0,0,0,0,0,0,0,0,0,0,2,0,0,0,1,0,1,0,3,0,1,1,3,0,2,1,7225,1,0,2,2,0,0,1,0,1,2,2,3438,6768,1,2347,2,3,3,2,240,2,1,2442,0,3,1,1,1,0,1974,1,0,1,1,0,0,0,1,1,1,0,1,1,0,1,0,0,0,494,0,2,0,1,2,1940,0,0,0,484,0,364,1,379,0,1,0,0,0,1,1,1,0,3,0,0,0,0,0,0,1,1,2929,0,0,0,1,1,0,41,0,2,0,1282,1,0,1,0,1652,3,3746,1,0,2991,0,0,0,0,0,0,0,0,0,0,0,0,0,1,2,0,1,0,0,0,0,0,1,0,1,1,0,0,0,0,0,0
"TCCTCTTTGACCTCCCTAAA",0,0,0,0,0,0,0,0,0,0,0,0,0,0,0,0,0,0,0,0,0,0,0,0,0,0,0,0,0,0,0,0,0,0,0,0,0,0,0,0,0,0,0,0,0,0,0,0,0,0,0,0,0,0,0,0,0,0,0,0,0,0,0,0,0,0,0,0,0,0,0,0,0,0,0,0,0,0,0,0,0,2,0,0,0,0,0,0,0,0,0,0,0,0,0,0,0,0,0,0,0,0,0,0,0,0,0,0,0,0,0,0,0,0,0,0,0,0,0,0,0,0,0,0,0,0,0,0,0,0,0,0,0,0,0,0,0,0,0,0,0,0,0,0,0,0,0,0,0,0,0,0,0,0,0,0,0,1,0,0,0,0,0,0,0,0,0,0,0,0,132,0,0,0,0,0,0,0,0,0,0,0,0,0,1,0,0,368,0,0,0,0,0,0,1,0,1,2,0,1,0,2,0,2,3,14225,0,0,0,0,0,0,0,0,0,0,0,0,0,0,0,0,0,0,0,0,0,0,0,0,0,0,0,0,0,0,0,0,0,1,0,0,35,0,0,0,0,2,0,2,1,0,0,0,0,0,0,0,0,0,0,0,0,0,0,2,0,1,0,0,0,0,0,0,0,0,0,0,0,0,0,0,0,0,0,2,0,0,0,0,0,2,0,0,0,1,0,1,0,0,0,0,0,1,2,1,0,0,0,0,0,1,0,0,0,0,0,0,0,0,0,0,0,0,0,0,0,0,0,0,0,2,0,0,0,0,0,0,0,0,0,0,0,0,0,0,0,0,0,0,0,0,0,0,0,0,0,0,0,0,0,0,0,0,0,0,0,0,0,0,0,1,0,0,0,0,0,0
"ATTCGCAGTCTCGTAACCTC",0,0,0,0,0,0,0,0,0,0,0,0,0,0,0,0,0,0,0,0,0,0,0,0,0,0,0,0,0,0,0,0,0,0,0,0,0,0,0,0,0,0,0,0,0,0,0,0,0,0,0,0,0,0,0,0,0,0,0,0,0,0,0,0,0,0,0,0,0,0,0,0,0,0,0,0,0,0,0,0,0,0,0,0,0,0,0,0,0,0,0,0,0,0,0,0,376,0,0,0,0,0,0,0,0,0,0,0,0,0,0,0,0,0,0,0,0,0,0,0,0,0,0,0,0,0,0,0,0,0,0,0,0,0,0,0,0,0,0,0,0,0,0,0,0,0,0,0,0,0,0,0,0,0,0,0,0,0,0,0,0,0,0,0,0,0,0,0,0,0,107,0,0,0,0,0,0,0,0,0,0,0,0,0,0,0,0,0,0,0,0,0,0,0,0,0,0,0,0,0,0,0,0,0,0,0,0,0,0,0,0,0,0,0,0,0,0,0,0,0,0,0,0,0,0,0,0,0,0,0,0,0,0,0,0,0,0,0,0,0,0,0,64,0,0,0,0,0,0,0,0,0,0,0,0,0,0,0,0,0,0,0,0,0,0,0,0,0,0,0,0,0,0,0,0,0,0,0,0,0,0,0,0,0,0,0,0,0,0,0,0,0,0,0,0,0,0,0,0,0,0,0,0,0,0,0,0,0,0,0,0,0,0,0,0,0,0,0,0,0,0,0,0,0,0,0,0,0,0,0,0,0,0,0,0,0,0,0,0,0,0,0,0,0,0,0,0,0,0,0,0,0,0,0,0,0,0,0,0,0,0,0,0,0,0,0,0,0,0,0,0,0,0,0,0,0,0,0
"AGCAATACGAATGGAGCATG",1,5,24,14,23,19,10,18,8239,13,10,13,28318,6,11,9,2,4,3668,3771,7,5,14,13,8,19,12,11,22395,5,16,14,12,21256,2878,18779,17,10112,3220,15,8,11,9,6,4,5,37561,39657,11,4,8,21,27,15171,8187,18,5,8,9168,4703,11,14,9,9,2,9,11,15141,10,4,25727,17033,21,25,13910,4883,13,8916,20,45627,9,20,6,9,3,5,169,86,9,2,8,5427,8,3267,2804,18,6277,14,4,3,22,2282,15,4,13448,4982,15715,5909,11468,127,14,14,0,5,10,1395,17,2,10,905,14438,12,5978,4849,9,16,2,3,4847,1521,11,154,13,23122,13860,8464,3127,4941,12,12,2,3,9,10,3,2593,1237,15064,14483,6121,2233,8,5,13,13,13,12032,12,9502,11,0,9,14679,12,21,6,11,281,25911,2096,11168,4709,13,15,4,7,36947,11,18,6,5364,14351,9711,9769,5859,20555,2814,8879,6,9,9,8,19712,4,11,5085,7798,11,12,6668,8924,13934,9809,9786,6709,2390,17,14,4,2542,20740,11,9124,1832,8444,8,18,12,3297,3,3660,677,6,9,7,11,13,11,1,5,5,10,16082,3,5551,13,32868,21,21,7,6417,13477,11438,15616,11,22,20,13,12633,11,4689,10,17,6,16540,27954,36,7197,23,18,10508,9868,10391,22465,13329,19764,24,19,0,8,19,109,10558,6,8366,13623,16,21914,18911,10,2886,7438,21,20,3615,13,10,12,15,4,3716,13,12,6,18,9,3921,6114,14,14,22,4757,10,16993,10044,1165,5,5,9,8,22,15,7,11,8,10,13,20,17545,11,8,5,21595,15,15885,14,6,10,11,9,8,2782,10,1572,21,14,9,4626,10826,14,6328,19,20,13,291,6157,10,10,3,2,8,12299,10,3,9,5,1667,5,4,5208,13,2,5,9,1,4,6,8,13,1,6,8,6,8,8,9,11,281
"ACATTACTCCGCTCCCGTTC",3,2,0,4,3,6,0,0,5151,1,1,1,9,0,0,0,0,2,0,3,2,3,1,0,2,1,2,0,1144,2,2,5,3,7,2,1,4,2955,4,8,0,8,2,2,1,0,0,0,5,1,0,5,8,1,3,3,3,4,1304,8153,3,0,5,0,0,3,1,2,4,2,1,1,3,0,0,0,0,0,0,0,1,0,2,2,1,1,0,0,3,0,3,0,9397,0,0,4,1058,1,2,1,12606,6,2,1,8665,0,5,0,4,3,1,1,1,0,2147,2419,5,1,5,2,2,0,1,1083,0,0,1,0,14,2,1,3,4,1,207,0,1,2,0,0,1,0,1,3,2,1,0,0,2,0,2081,9952,2,5,2,5,2,1,4510,3,5,3,0,2,3,7278,21905,4,3,2157,2422,1,0,1,2,2,0,5,2,1,1,4,2,0,1,5787,0,1462,2,1,2,1,6,1,62,3,3,1,3573,901,146,4,3838,0,2528,0,1,0,0,1,3,3,4,4,3,7,7,3,6041,2,3,1,1,1,5,6,0,0,1,0,1,3,1,0,4,2,3,0,1,3,0,1,1796,2,0,1,0,1,4179,1,0,0,2,0,3408,0,3,1,0,0,0,1,2,0,1,1047,3,1,2,3,1,3,4,1,7,31559,10671,5,1,4,2,5225,2,8,2,4,3,1,1,3,1,1,3,2,0,2,3445,1067,0,0,0,1397,1,2,0,1,1,2,1,2,0,1,3,4,3,5,2,3,4,1,11400,7,15774,3,0,1,2,0,2,1,0,485,3,2,127,11,8,2,1044,0,1,0,2,6,9,5,1,0,1,1,0,12347,3,3,2,3,1,2,0,0,28240,3,0,0,1,1,2,2,5,1,0,0,2,1,1939,3,2,1
"CAGTATGCCTCTGTATAGGT",0,0,8,2,6,0,2,2,0,1,8506,0,4,3,4,4,0,1,3502,1,5,1,3,2,0,4,4,16978,3953,3,1,2,11272,5,1909,2,8,3,7,17,4,2,0,2,0,1,3,4,16118,0,2,2,3,0,2,2,1,0,3129,12,2,4,1,0,0,0,1,2,8323,0,2,3,1,0,3,2,0,1308,3,11,0,4,1,1,0,0,6,2,7,0,0,2,3,1,9,11,2812,3,1,0,0,0,5,1,0,4,0,1,7,4651,6,4,0,1,206,1282,10,1,1,4,3,1827,3,2,1,2,0,0,0,939,4,0,0,3,2,180,0,6,2,1,0,1,1,0,6,2582,0,13895,9131,3,12,9370,7,3,5,3,2,5757,4774,5,7,0,3,3,35576,3,1,4,4,7,5102,0,3,3,0,0,4,0,5,1,803,3998,5,2,2,6016,3,2299,0,0,1,0,3,2,3,1,2,3,1,2044,3,1,4,11,3,936,14,8,3,8,15,5,14,7,22,10,17,14,11,9,8,11,9,139082,3129,16,2,2,1,0,0,0,5,0,4,2,1,0,0,0,0,3,2731,8,2,3,2,2,1,1,1806,0,12,2,7773,6,9,5,5,0,2,5,3206,16,4,6448,0,0,0,0,1,0,4,0,3,2,4,1,2,1,0,0,0,5,1,1,10,2,3,1,9467,5161,1,7,1,0,0,2349,5,2,1,2872,0,1,2,0,3,2,6,0,0,0,0,2,17,2,0,1,19,11,10,13,15,1,4,2,11,1,2,2,2,444,0,2048,28883,0,0,3,1611,7,2,5,5,2,3,0,5,0,2,0,6,0,8643,1,4,6,1,0,1,1,13876,2,4,1,0,0,1,0,2,0,1,4,0,0,1,0,2,0
"ACGTGCTTGGATGGTCCGTT",0,0,6,5,4,6,0,2,2,1,0,2,31412,6,2,1,1,0,2,4600,5,2,1,1,0,1,2,2,2312,0,372,4,1,3,794,7011,0,803,0,1,1,2,1,0,0,0,1,0,3,0,6,21772,4,7,3,4,4,3,2375,3,8,5,0,1,0,0,1,0,3,0,2,2,6680,4,0,0,0,0,3,1,0,1,0,1,0,0,2,232,6,0,1,1772,988,2817,132,2,19195,0,0,1,0,3,8,0,0,0,0,1,5,4672,0,1,0,0,0,1,2,2,632,3651,834,0,3,2,3,1,0,0,0,0,7,2,4,4406,1826,2031,4,5514,4,3,0,1,0,0,2,2,5717,3,544,3,144,1,1,8,1,3,0,2746,3579,1,1,1,1,2,1,1,0,0,183,702,13091,1,0,1,0,0,1,2,2,1,2,0,2,25,1640,0,2,4512,1,1,1,0,3,2,0,0,1908,2,1203,7727,2325,0,0,5,3436,7,2,0,0,1,1,2,1,1,1,0,0,3,2,0,0,300,0,0,2,1,3,0,0,0,1,5,2,1,7,9,8,28535,1,2943,6,0,10044,5,5,7,4,1,1,0,1182,1,5638,0,3671,1870,1,5,3,3,2114,1684,2,16447,5,6417,5,5,1,2,2,4,3,2,0,0,581,3,1,2,0,1439,1,0,187,2,0,7,3,2,4288,3,0,0,0,2,7,1222,2,1,0,578,2,1736,4,1508,0,6,1,5,1,9201,1,0,0,4940,4,10542,0,0,1,0,1831,4,6,7,1,3,3,2,2,1370,1,843,4,1,0,0,479,0,2,2,1349,0,1,1,0,0,1,0,2,0,3,0,1,0,0,1,0,2,3,0,4,1,0,1,3,1,2677,1,0,1,0,1,3604,2,5,0
"TAATCCCAACCGTTTGTCTT",0,0,0,0,0,0,0,0,0,0,0,0,0,0,0,0,0,0,0,0,0,0,0,0,0,0,0,0,0,0,0,0,0,0,1200,0,0,0,0,0,0,2,0,0,0,0,0,0,0,0,0,0,0,0,0,0,0,0,0,0,0,0,0,0,0,0,0,0,0,0,0,0,0,0,0,0,0,0,0,0,0,0,0,0,0,0,0,0,0,0,0,0,0,0,0,0,11,0,0,0,0,0,0,0,0,0,0,0,0,0,0,0,0,1,0,0,0,0,0,0,0,0,0,0,0,0,0,0,0,0,0,0,0,0,0,0,0,0,0,0,0,0,0,0,0,0,0,0,0,0,0,0,0,0,0,0,0,0,0,0,0,0,0,0,0,0,0,0,0,0,172,0,0,0,0,0,0,0,0,0,0,0,0,0,0,0,0,0,0,0,0,0,0,0,0,0,0,0,0,0,0,0,0,0,0,0,0,0,0,0,0,0,0,0,0,0,0,0,0,0,0,0,0,0,0,0,0,0,0,0,0,0,0,0,0,0,0,0,0,0,0,0,20,0,0,0,0,0,0,0,0,0,0,0,0,0,0,0,0,0,0,0,0,0,0,0,0,0,0,0,0,0,0,0,0,0,0,0,0,0,0,0,0,0,0,0,0,0,0,0,0,0,0,0,0,0,0,0,0,0,0,0,0,0,0,0,0,0,0,0,0,0,0,0,0,0,0,0,0,0,0,0,0,0,0,0,0,0,0,0,0,0,0,0,0,0,0,0,210,0,0,0,0,0,0,0,0,0,0,0,0,0,0,0,0,0,0,0,0,0,0,0,0,0,0,0,0,0,0,0,0,0,0,0,0,0,0,0
"TGGATCTTAGGACGCAACAT",3,4,7,18,14,14,8,6,2,3,2,6,9,4,13,2,0,5220,2199,249,9,5,8,3,2,8,4,5,5065,4,7400,6,14,8,4086,13,7,3267,2839,9,6,14,2,3,1,4,4,1,2,4,38,39992,12260,36,2871,44,15061,31,4007,5150,27,47,3471,2,0,0,4,3,2,1,20,7,17,16,12,14770,13586,9,13,20,7,13,2,3,0,4,10,120,4,2,3242,5,12157,7813,4542,12350,14915,4,2,16147,10,3,12,5,6520,5511,4133,3,14226,13505,11,4,1,7,6,5,4,7,10818,3921,5,3571,10,2300,8,4,2,4,11,5,37432,121,13920,4,5056,2766,144,9096,8,6,0,6,2372,3,7,3,5346,14251,3,12,8,6034,2,9,11,17,9,4,3321,10,11,20,46,191250,8,577,5,8,26606,2757,13223,9871,7,3,0,1,3,33,3868,2,19,3913,2,4729,10259,1681,8169,7693,1,10,2,6,3,2,7,5072,2993,5,8,4780,5,2939,6,5,5,10,9,6,1,10,1621,7,5484,12,11,14,14,8,7116,11964,11,12,9,82208,6163,12,3,2,1,4,5,5,5,2,0,7,9455,10,12,12,7,9,6872,12,4,7,12,4,3722,7,5142,7,9,4,5622,13,0,13,16,13,10447,15,4044,12,6138,25782,4,5,2,5,9,8,7,7,11,17,15,19789,33610,8,15,7,20,11,1968,17,9,5,6,33,30016,5219,5,6,5,1,7,2453,21245,6,7,3914,16159,840,4,2280,6,5,7,19,215,1,5,3,13,0,9,21,14,10,7,14,26,36973,7631,4,13,7,8,31,8,3091,9,3,25634,10,9,17129,1288,6,5,16092,9544,12556,16,11,4,1,0,1,1,181,294,3,7,1221,0,3,4,6,5,2,8,3,1,2,2,5020,6,5,3,1,0,2,4,4,5,2
"CTTTGTGCACCCTTATAGTA",0,0,1,1,1,0,1,4,0,0,1,1,14590,0,0,4,0,0,0,0,0,0,0,0,0,0,0,2,0,0,1,0,0,0,0,0,0,0,1,0,0,0,2,1,0,2,1,28269,2,0,1,0,0,0,0,0,0,0,0,0,0,1,0,0,0,0,0,1,1,0,0,0,0,0,0,0,0,0,1,0,0,0,0,0,0,0,0,5,0,0,0,0,0,0,0,0,448,4,0,0,0,0,2,0,0,324,0,0,3,0,0,4,0,0,0,0,2,0,0,0,0,0,2,0,0,3,0,0,0,0,0,0,0,0,0,0,2,0,0,7,0,0,0,0,2,0,0,0,0,0,1,0,0,0,2,0,0,0,0,0,0,0,0,0,0,3,0,0,0,0,680,1,0,2,0,0,0,0,0,0,5,4,5,3,0,1,1,570,0,1,0,0,2,1,0,0,0,0,0,0,0,0,0,0,0,0,0,5,0,0,0,0,1,0,0,0,0,0,0,0,0,0,0,0,0,0,0,3,0,0,0,0,1,0,0,0,0,0,0,0,0,1,204,0,0,0,0,3,0,0,0,0,0,0,2079,2,1,2,0,0,2,0,6837,0,0,1,0,4,0,0,0,0,1,0,0,0,0,0,0,0,0,0,0,0,1532,0,0,0,1,0,0,0,0,0,0,0,0,0,0,0,0,0,0,0,0,0,0,0,2,0,0,0,0,0,0,0,0,0,0,1,0,0,0,0,0,2,0,0,0,0,0,0,0,0,0,0,1,0,0,5,2,0,0,0,0,1,0,1,0,0,0,0,3,0,0,0,0,0,0,0,0,0,0,0,0,0,0,0,1,0,0,6,0,0,0,0,1,0
"GATCGTGCTAGATTGACCTA",0,0,0,0,4,3,0,0,0,0,0,0,0,0,0,0,0,0,2942,0,0,0,0,0,0,0,1,1,0,0,0,5572,0,0,1411,0,1,0,1,0,0,0,2,1,0,0,3,0,1,0,1,3,2,1,0,1,1,0,297,0,0,0,0,0,0,0,2,0,0,0,1,2,0,1,2,0,0,0,0,0,0,1,0,1,0,0,1,1,0,0,0,0,0,0,0,1,318,0,0,0,1,0,0,0,0,0,0,0,0,0,1,1,0,0,0,1,0,0,0,0,1,0,0,0,0,1,0,0,0,0,0,0,0,0,0,0,0,0,0,0,0,0,0,0,0,0,0,0,0,0,0,1,0,1,3,2,0,0,1,0,0,0,4118,0,0,1,0,2,0,1,1016,1,1,1,0,0,0,0,0,0,0,1998,1,2,3,2,1344,536,0,0,0,0,0,1,0,0,0,0,0,657,0,0,0,1,0,0,0,0,0,0,1,0,0,0,0,3,1,0,0,1,0,0,0,0,2722,1,0,2,0,0,1,0,0,2,1,5,5,5,3,3,1,2,404,7,3,4,1,0,0,0,0,0,0,0,170,0,0,0,2,0,0,0,0,0,2,0,2,1,0,0,1,0,0,0,2,14727,2,3,2893,1,1,7,3,2,0,3,0,1,0,0,4758,29,3,6,1,0,0,0,0,0,0,312,0,0,0,1,2,1,0,0,0,0,6,0,1,0,4,1,0,2,0,1,0,5,0,22261,1,0,0,0,0,278,4,0,0,1,0,1,219,1,0,0,0,0,4,5,1,0,0,0,0,0,0,0,1,1,0,1,0,0,0,0,0,1,0,0,2,0,0,0,0,1,0,0,0,0,0,0
"TACCGCTTATTATTACGTGG",17,23,33,40,66,52,31,26,17595,19,20,19,22,13,22,16,13,18,24,2944,19,18,28,31,17,21,110714,30,47073,25,3832,42,61,19662,31087,41,20706,16100,43,42593,40,956,22,21,9,21,24,26,32038,20,45548,37,63,25443,26277,8981,12669,31,41906,25689,35,34,22,15,25824,10,13,11,18,19,22491,14568,35,17196,23,4759,23997,13385,36,17,15159,21,14,17,9,18,60,164,21,30,13167,5051,92659,3644,4037,51,29348,29,14,13,24,4532,27507,21,8607,384,41729,11842,17306,12900,32,18,4,15,1463,817,22,18,12446,32068,17668,33431,8195,21899,31,21,16,9423,11054,17,91692,70,27,26053,29070,5655,11976,14563,25,20,13,14,5870,74,25,2626,7801,31824,5361,15800,36072,24111,28,16,19,22,22300,23,18836,30,10643,27,3822,31846,35831,20654,48037,40414,42,15244,18320,45,25,18,13,16,21,42,3460,88,29429,22818,13263,23205,9085,14353,21514,36175,16348,23,31,27,43,28,30,16649,20181,27299,12139,28340,43,8500,42985,26526,33194,31005,28,32,14,10698,8324,19,7835,17,11198,43,57,44,3829,17898,38,16502,42,37,19,23198,24,22,28130,21,21,33723,25,70,4638,25,33838,28,28,25,29138,17441,41144,15024,28,37,40,28,8634,17,19011,32,25,24,9666,22211,28316,7179,24,33,23655,29,39151,11963,29,23423,23,23,20,11,26436,21420,25,22,37,41,11686,37,34215,28,28,31764,226,23350,21146,48287,13,19,15,26,16,22,19,19,18,20,37,21428,31,7415,16,9141,25,10335,60,11565,27,14,11,22,25,20,26,21,45687,20333,22,12940,18048,87656,33,27160,21852,28,16001,24,28,17,28,26,16,2787,32,16,22,23,29223,12596,41275,16649,25,33657,9497,27106,17348,27750,15,9,15,12,24906,9767,13,7,10,13,686,4,13,14,20,12,14,6,4,4,8,10,14,3,14,13,7,7,11,25,22,5
"CTTCGCAAGATGAGTCTGAG",42,66,45,106,138,64,0,5,0,0,3,0,7,0,768,3,0,1,1,0,9,0,2,0,0,0,0,4,10,0,6,1,2,1,0,1,1,1,3,0,2,1,0,1,0,1,0,0,6,0,1,0,3,8561,1,0,0,0,1365,3,2,1,1,0,0,1,0,1,10,0,3,1,1,4,13733,2,1,46,0,2,5,4,1484,1,0,1,0,1,11,0,0,0,0,0,2,1,1660,25087,0,3,2,1,13,0,0,0,3764,79,1,2,1,4,0,1,1,0,14,13,2,2,9401,0,2,3,0,3,0,1,1,0,8,0,0,0,0,0,1,4,0,1,0,1,1,0,13,0,1,1,0,0,0,0,0,1274,1,1,1,6132,1,0,2,2,2,1,0,7253,1,0,1,0,1022,1,0,0,0,1,3,0,6,0,2,5,5,0,0,0,2,6,0,1,1,1,15,1,4,4,2,1,1,1,2,0,6167,2,4,3,0,5,0,0,1,0,9,0,2,0,1,0,0,0,0,0,0,0,0,0,1,4,0,1,0,0,10,0,1,0,1,1,1,0,0,0,497,0,0,1,1,2,1,1,3,1,11,1,976,1,0,0,2,0,0,0,2,2,0,4252,0,5,0,1,3,0,9,0,3,0,0,0,0,0,0,0,0,0,0,0,1,1,1,0,6749,1,0,4,2,0,2594,0,1,4,1,1,0,4,1,0,6,3,3,2,3,9,2,9,0,0,0,1,0,1,0,1,0,0,1,0,0,0,1,0,3,23,0,0,2,0,0,0,358,0,1,0,0,0,0,1,0,3,1,2,3,0,9,0,1,2,0,3,3,0,8,0,8,10,3,3,7,2,93427,4,0,3,0,0,0,0,10,0
"TCGCTGAAGTCCTGGGATCA",235,279,307,335,415,257,5,7,1,6,6,5,5,212,4,8,2,0,5050,5483,5,0,6,8,3,4,7,9,3041,7,5,9,13,18,2873,9,27878,12,14,9,16,22,5,6,1,2,3,4,2,5,8,4,8,8,2350,2,4,5,4359,4727,3,8,2,5,0,5,3,8,22596,2,6,3,8,8910,8,3,3,7,5,8,8,21,446,4,0,538,3117,4,5,2352,0,1085,4607,2,16,46395,6247,2,0,0,3,3,4,1,13962,6,3880,7,10301,8,4,4,0,1,748,2,3,0,3981,3,5473,10444,3113,9,6,2,0,4,3,2857,3,4,4190,3,11758,5,9646,9,2,1,2,11,5753,114,3,3,9953,7376,13,11,10541,4734,3,10,5,3,7,1122,2627,53,11,7,0,6,16,29434,15,9,16,3262,6522,4,4,4,1,6203,7,4,3,1,7091,7,9833,4804,12,12,5314,4735,1,8,10,4368,4,6,13,8427,7756,11,4,3268,10,10,3634,3257,9,13,6,2,1,2,2,3,2,1,1455,5,8,11,7,62,3503,4985,4,2,14579,8,6,5,0,4,4,8,5,2,5,12,14,34354,9,6,5,6631,3584,8,8,14,3,2,4063,10,3,2,3,4,3140,6,9957,9,8,4,3,9,391,6,6226,11174,4,6,0,2,0,1,4,1647,3,3,10624,19212,5,10,5,6,4,4,3388,5,3,6,6,55,11131,8,4,12,2,4,6999,3258,32518,8,5,2245,14,4585,9869,3182,2,8,8,2,309,7894,1,5,6,7,13,4,8340,8,4,10,7,9,6246,20382,1060,6,2,83,4,1117,5,1582,6,2,5,9,1655,7,857,6,12279,5,9,5,5,2,1,3,4,4,3,0,0,1,2,4,5,1,3830,186,0,2,0,5,5,0,3,207,3,1,0,333,2377,2,1,2
"CCAAGTACTAATGGTCGGAT",7133,12983,9659,28054,28998,20743,367,100137,217770,9406,396,387567,127202,4817,15459,13561,168,16600,14184,10954,177052,2186,12228,7010,488,9699,47026,42907,352265,245,137549,223544,155004,115156,315525,239499,117914,271396,67832,44797,161309,218108,276,17488,32639,64561,234,162457,24627,641,454158,222572,65943,162473,251016,53417,252629,5396,414557,235594,180495,71786,8933,273,63555,200,276,7087,214789,5871,203748,263896,183067,419797,63968,96498,146022,286962,183230,153141,156193,119031,33220,36882,5941,17942,8065,10428,19207,6793,103994,142000,425492,187448,169516,59948,293275,27346,190,74351,105958,98039,120643,234,192402,169782,291101,116543,209340,277676,15773,10031,75323,14234,5491,23338,60918,563,190523,215293,250573,188703,171160,227674,25344,75124,13133,26485,188542,14346,142851,2331,182597,277160,321337,143443,220490,243379,76394,9713,190,88116,116075,759,108430,31930,156818,360832,396802,198113,199273,183356,10221,3284,385,7663,272005,41168,260596,426,188178,111863,107784,59638,80566,49986,143941,206886,200836,258003,196005,181251,12284,34501,172,21143,213830,820,5104,4233,165625,200719,302618,210023,106959,247136,194428,288034,6903,33951,27177,23970,82757,276,295015,403104,178944,278771,174467,293686,183317,147875,157042,152044,178051,327072,21015,33549,168,120749,163247,120059,97064,34631,222907,117784,182912,109659,182218,96017,149262,173297,496,76941,32776,497,10168,317,191207,12169,108548,83085,39084,5038,210066,120282,176675,253631,160647,129477,632844,158007,363015,173988,41125,661,21130,370,319792,24977,215170,62542,109883,5697,202898,420761,247197,190482,125058,69666,134634,146944,196879,223144,278082,275911,388,22244,181,53064,77429,98244,92345,673,175498,156974,240339,231496,426308,55582,234715,730740,132570,150426,399328,222122,26508,17164,336,12459,64058,34055,367,1252,102091,168721,82471,254428,242594,59493,357926,182835,16098,232475,190318,156067,4833,5910,336,15918,6950,82182,394,299,47791,111063,46097,172620,330777,224722,219426,169861,172755,106542,20758,21740,28525,7021,323,6715,1486,40571,10376,29080,166593,181731,183242,189722,450323,171897,129142,155608,157830,199167,111337,210380,9965,57933,32243,191,49185,192763,184050,198,177,2771,597,3112,112879,178,56717,989,30719,29478,72,140,12196,34405,145539,2372,176,171,137,107580,5913,455,88077,960
"CCTGCTATCTTATACCTCGG",2721,4944,3093,11436,10397,7394,14,9,5,2125,35,43278,27535,1643,14981,2222,0,6964,296,6897,22,555,5466,1011,8,740,15,11,9361,17,15,25,19,40543,4889,6,10,7766,10,23,14,18,8,8394,1,20,17,10,11,75,32,32,37609,20890,1190,16,17,22,7480,5766,18,31,5386,8612,6,23,14,14,20,4130,7,4,21187,7,1827,7,14,3451,7,9,12,10,24363,26060,3093,8541,2179,113,9072,3297,8,8165,20,0,4816,19,13457,9,6,32162,19291,27,16731,8,18,5388,16568,985,7316,6637,22235,9161,3,29,267,370,22,68,5937,6204,4379,29,107,6,10,10,2,4089,10603,17,12,538,3956,26,9195,5708,2813,19,15,7,1,31,3094,32,9580,7321,16,21,5406,41,2015,99,8318,5491,13,5814,10,8332,3745,18,9,32516,3201,21,13,14781,16,7108,12,5825,18097,9429,5603,7,1,2689,13,21,0,1789,8,15185,4004,12,5292,26,1215,7521,2,25,15,4382,14,10,18,0,3686,13,7,5524,5272,7741,13,3282,1815,3182,16,2963,6,12156,38417,27,25,8298,5601,20,22,13,5923,2628,11,4914,3,16,20385,15,7645,16176,4,8855,14,15,39808,1057,13532,21,18,9,14,13,12287,7100,6832,12,13,18,20064,13,6,7663,2692,28,31,2006,14794,31,22,7768,21,6680,15,2914,6139,16646,2945,27614,15,14,5,107943,19,28,9590,14,20,30355,29650,9856,18716,14,13,17,5031,15,613,11389,4209,1359,16,5686,13260,14714,15,236,6,10,17,2578,10,7,7,7634,5,9158,14,1084,13,2592,15,7969,117,4913,13,15,8,13,17,8,12,8,13,3608,12,15,19272,3,8641,3475,20,5512,2493,736,11,5691,9861,12348,21,20,1308,13,26082,24,11881,21,14,3405,5834,15,9,31,24428,22621,20,18,7,1228,3,818,14,16,16,650,11,8,3,25,15,35821,19,669,18,9,2,32,14,18,30,101
"CTCATCAGTGCACTATCCGC",25112,34562,24177,33775,36583,21685,66,85,25,20502,54,88067,86476,21541,22711,19987,25,7106,21348,19039,91,8601,11076,40033,19,7170,57,20208,25896,176,43677,870,31886,56491,31282,12682,45,8270,15958,54,72,21098,45,10556,18407,37526,71570,1382,71,5218,107,20104,62898,89,9467,8748,70687,137083,19875,18611,62,43231,10550,17558,25,45,51,66962,25439,33637,57426,52,30294,17578,47,27895,42,10098,63,43,53774,36047,41551,50669,47069,61057,30980,108167,37691,48350,9790,14526,41057,36287,14469,11850,37150,58,30,29539,0,17518,111,69,13634,4050,18518,8592,295,95,28854,53,26,12758,10274,3597,19145,2418,4140,11888,32059,3639,25541,30295,42650,64,20,7131,45338,58729,94,13196,5745,12859,4915,2040,26738,17482,61,32401,25,37,6039,45,41240,6987,3624,12335,5423,12572,11723,13341,17594,6151,52,9041,53,28887,12508,687,10985,31977,37507,7881,61,42357,23003,12940,24672,29949,65129,14780,15657,47,25,25708,21733,303,92,20987,10763,9722,15308,19674,24277,29630,10002,23600,25,41,53,15798,96,62,73,30602,26731,15289,4914,19081,7897,3871,9842,6774,7410,30741,25526,28239,70,19457,22305,6138,23015,29621,5776,42,35,36,6604,0,22636,35366,33,29,84965,68,13210,18971,25,9568,36421,47,10421,14206,32296,54561,96,69962,67,20835,5978,13315,27984,17178,9884,103,11176,10245,11106,6647,16544,37970,100603,27888,49973,65405,8196,29858,70,9393,31056,18304,34865,65,6917,106479,66,55,24,43,53,0,46492,1458,36794,51,9932,56540,11676,44,35,48,22614,43,4472,12028,810,6214,73,21785,42395,12516,26830,5946,32,50,3666,13482,54,10339,35,30179,32407,37883,60,14156,33,14751,169,18213,48,9737,49,44,40,61050,108,10648,42,40,14925,64,41,36843,30167,63963,24907,18216,67,21675,51,17032,35,26979,23458,36,72,22534,7193,60,22027,63585,27718,26213,3157,19120,7501,54,21,138,48,47820,63150,477,38,17804,16,46,47,48,54711,15048,23617,10501,22,50,16626,34255,46796,17919,15126,66,22,50,49,67,91482,2273
"AACTCTTTGCACGCTCGTCC",10451,16211,10195,22094,21308,14856,308,141414,208376,18238,263,351,117138,8837,45328,76312,107,9487,22425,30162,31037,4780,14374,41415,1776,15649,100733,16526,276629,211,73272,126116,106010,102711,170127,201179,82522,225031,73869,217841,55087,19481,154,26015,36084,144,174,48359,76552,1210,98476,74471,69136,176305,124077,74974,127382,189239,209117,115408,57561,113791,21684,22896,55850,216,209,166076,45040,16650,86364,45369,78557,158321,100676,69550,145917,115834,114927,35520,109950,117431,38333,127417,7997,41802,7145,5048,33906,22624,85618,152119,255923,91618,120544,23915,187198,50167,133,107600,28752,54039,88495,175,152294,104653,193271,76431,138583,194642,39113,53696,132099,23969,4231,38223,45994,1304,140467,115276,186151,105652,93795,134345,28119,110849,120,47055,95996,15290,282110,6998,116788,156253,230115,121235,150934,149846,28141,79041,134,38127,85385,1661,146872,16939,103536,267735,214188,108029,120365,132429,19374,18926,19761,14092,167151,21021,159842,566,150266,71010,52818,44698,65411,15173,0,97943,61245,147367,144549,132538,35499,39662,165,39370,80678,2605,17051,7520,127895,73037,77437,130070,105439,95230,110859,167834,247,270,48976,17826,334,200,54639,279197,130337,172109,115787,183147,154180,148718,163503,82630,50290,216962,34118,88086,156,79562,88817,82342,79032,25488,119425,340,158005,323184,119757,155489,134006,153900,389,80394,36063,40236,57240,5115,119231,9166,18102,37832,40497,12739,59802,58486,80112,135418,31672,58721,224697,102105,223458,63722,28817,103738,77614,348,168517,15991,149507,73392,78410,16958,118858,235371,75781,60944,32996,40746,148009,110171,212919,44964,166813,264181,41382,36877,135,147154,51975,86263,77055,438,54195,89770,132236,223611,278205,83135,161005,293785,135890,147508,175537,139734,20580,5642,207,19395,32739,21516,258,2640,263,74694,72243,120538,40761,95608,171808,77438,38067,101180,59071,73137,10349,3871,221,21693,6585,52636,255,185,113655,50160,208702,124254,128490,36655,120045,190142,151864,271,28956,82448,21310,14695,232,13500,7347,49970,282,24160,47108,179816,83243,136478,222463,53142,47405,124834,81057,151361,118095,127342,34209,190,30925,176,100492,48138,93342,267,4469,84196,89,3601,153,146,18331,3842,23565,13647,75,125,29695,34745,92660,6741,140,158,115,72761,6430,311,91204,1515
"TTCTCTTCCCACTGGTTTCT",1839,3282,2205,7743,7165,4652,48,171880,9,5030,19,11,14,1055,3628,3402,2,3714,2841,1750,3,959,2870,757,1,1689,28,39,2696,9,3783,8,6,2,6461,6510,0,4826,5,4,0,8,5,3,2,4,15,18,5,32,10,14,15,8227,1226,14,6,8,1967,6861,6,19,14647,13980,3,6,22,23,5,213,7,7,1,3,6,2470,3,2,2,3,4,6,8169,6,1841,3914,170,68,6143,1091,76,6,4892,2,18,2,3443,34,3,7,8,6,8,3,6,5,10,2730,30,14,31669,33,5,2306,127,5,12,55,10,7,5520,10,6076,4,14392,29,4,7,4546,3,17435,473,3,4,8880,4,16,12,18,12183,2,4,7,19,9,2,27,28,20,25,4288,6,4265,4683,5,3397,3,6625,3135,18,2,30473,4199,9,5,0,11,5,5,4007,4615,7,6762,32,2,6,10,3,10,1427,303,7776,10595,899,33,24,24,2325,4,23066,3,4,4,4,5,6,8,2,7,802,4958,5,5,0,3,6813,5329,20,3,4525,6346,7,7,10665,10,12,6,6,11,12,4,4674,15,13,2897,16,437,30,3,4,6,1,8,1284,17976,21,29,21,47814,19,15,11423,2696,20,20,93622,3476,22152,2,11,17,11,15,585,3944,9,12,9,9,4,7,3,11,16,5,3175,73233,25,5,12,6,4,15,7,9,16051,7,5,8906,6,5,1,9916,5,6,10,4153,441,9,5915,483,5046,7,178,7,2,11,9,5,0,6,3940,2,7033,6,1,41841,24,13,5440,9,10,16,8,5,18,26,21,7,2,11,6,4,119,21806,8,7257,912,5,2959,3,155,8,4,8799,9,7,6,176,8,6597,9,28517,8,11,3,2502,22,5965,5,11422,5,7,5,48355,3917,4,5,10,8,10,219,21,76443,4,11,20,10,14,458,18,23,2,7,6,3,6,3
"TTAGCCGACATACACAGAAA",2949,4427,4383,4827,5152,4463,12,19,5,12,12,18,19,2100,6212,7474,5,8,5055,147,11,293,11812,983,0,14,14,30,18282,18,8111,21913,33097,22,7646,18,19,6163,3946,14,22,33,6,22,1,12,13,63333,16,39,22723,70,37,31604,7484,29,34219,138399,17045,7490,33,49,10,17,1,11,10,17081,9,667,15,12,23,6132,30701,20235,13,3693,14,16,8585,20,5107,9,1,5834,1437,666,7142,3984,5698,12005,14964,1890,15192,21,14289,34,4,35318,16,7550,17,13,764,20,36,2976,40,42,10,34,4,12,1825,5652,11,132,17658,7760,5839,35,8891,10647,7,19,0,9281,10111,18,15707,595,27,24,23115,5781,5630,9433,10,21,3,18,8,13,18031,7,3846,5843,5528,4248,3698,24276,1574,1434,18,2548,7176,119,9951,28,23814,29,46,31,29660,14918,20,23,22,13880,21894,33,9,30,1,3654,10143,22,17,3218,4181,3737,20050,24320,38148,31,2754,11687,4,12579,13,19,18,16,4098,22,4033,7740,6388,16010,10560,23,3977,4445,8998,859,13,6727,0,4857,4021,13,6,5818,11282,25,23,11,3432,12039,13242,11144,24,11,25858,33,6,19,3,10,12,15,12,700,33,18538,36,28,52543,20,24,35490,17943,22,23,38,11,22,2564,3561,759,20,18,10,12038,28452,8634,7092,39,21,23256,20615,7351,18,1718,33170,18,41,2,17,13,47015,5895,9,38810,14198,11111,25,9844,18,27,32,5260,18,6738,25708,4,22,23,3633,18535,5300,18,112,15,31054,19,12324,15,16,11,6405,15,8714,19,5292,15,11,13,2610,685,16,21,10,17,20919,35,26,18,10,21,14,15159,24,13199,32,5555,23,21,2785,2720,6255,19,4942,25,20838,24,8662,6323,32047,19,22,4153,14,4302,13902,3,10,3,16,7,11667,9,41,8,16,4,6,3,11,9,318,2,13,2,10,4,12,8,488,2,21,4,12,6,17,17,9
"CGTCTAGAATTGCTTGGAAC",7,9,12,54,97,38,4,1,1,1,2,0,5,0,0,2,0,2,12,3,2,0,10,1,1,1,1,2,7734,2,2,0,4,4,2,1,1,1,3,1,1,1,2,1,0,0,2,0,3,0,5,4,2,8133,2,3,0,0,3497,1039,4,2,3,0,0,1,3,3,2,0,23559,6,5,16353,5,4,3,6,6,4,6,8,5,1,25,0,0,2,2,0,0,0,0,3,4656,2,1826,5,0,1,2,2,4,0,0,1,0,1,3,3,2,0,0,1,1,0,3,0,2,4,4472,3241,11,6,1,1,0,0,3,0,3,0,1,2,1,2,6,4092,0,2,0,0,1,1,2,0,0,2,4359,4123,1778,2,3,0,1,2,4,5682,1,1,0,3,4,3,5,7230,4,2,0,2061,2087,3,0,1,2,0,4,2,2,0,1,7501,2,4,417,4,1,1424,4600,0,2,3,6,0,6,4,12,12,9,1154,1,6,10,6,4,20409,2,1,1,3014,7685,1,4,0,3,3,2,3,1,1,0,4742,1,0,0,3,2,3,0,1,0,7535,3,0,3,1,4,5,5,1,4,2,2082,0,2,2,3,2,2,0,4817,2,6,0,3406,0,3,0,0,2,0,0,5998,2,2,3,3,0,1,0,4,2,6157,0,3,0,0,1,2024,0,0,1,0,0,1,0,0,0,2,146,4,5,1,0,3,6,11292,4,4,14552,2,2502,12,3096,3,4,0,4,1,1,4,9152,0,1,3,18674,6,4,0,3,4415,4,0,2,7452,1,1,1,0,2,8,86,0,1,0,0,0,0,2337,0,1,3,2,1,1,397,0,2,1,0,4,0,1,0,0,0,1,1,1,3,10763,1,1,2,0,0,1,2,7,1,0,0,1,0,2,1,1,0
"ATCCTGCTTATCGATCCTTC",1614940,1812184,1145692,1707433,1759425,1362464,814476,170618,77758,1173337,79551,86892,190783,1057470,1233756,1381494,1001,935875,356934,256860,176884,805622,1114312,1254663,1092,1154799,53289,414480,61198,9616,1118561,40539,202824,205221,67407,106815,133069,55622,992283,200213,93066,156942,873,1447880,173522,703486,133416,330488,622380,101351,48300,95218,66534,399370,26030,100225,61608,130377,59329,29777,174078,472534,650693,692697,308428,3563,2014,422189,235702,939350,43466,16966,451,59097,71040,40366,44841,19063,153946,34665,70841,36511,1372641,1435488,601034,1531215,582235,472997,1286860,1777590,118195,115341,110396,20612,62831,347693,91393,396457,1198,244340,148373,297831,141774,2048,33702,33845,248533,161173,42808,32915,1136218,988162,980,733880,67646,217044,152362,107093,9816,41783,83621,52990,456165,60565,1106330,958727,91488,991288,142925,127966,19437,702004,24752,33440,34297,32618,66178,15114,106765,558645,717,186719,91153,4573,101239,605587,10191,67063,76172,33550,20407,53385,1282814,1225251,375132,1745816,145248,169341,97876,68734,64722,81353,115242,171467,150255,147772,209815,48594,107264,76335,123313,39191,591402,772353,947,812216,65359,7043,16335,1017128,39957,367432,89943,66737,16488,56558,29004,51749,1033,577384,205988,137409,630794,2386,42341,40222,41359,54864,52431,55071,44917,52087,57906,19617,40395,104040,627672,725855,997,654698,147888,233682,40546,1392546,34855,172066,180558,102913,17361,208513,48737,25539,1201,279204,106759,668841,763883,732200,962,836844,338280,451861,321088,758198,52346,98251,104491,34565,154622,14718,22418,45975,58656,65534,404477,359788,792539,613070,9413,676912,84245,440839,45951,1167118,131060,28887,37106,23938,201455,7195,48948,60545,64674,67125,14080,203531,315417,673409,885,140841,123819,179645,207451,258853,46762,77495,85992,116023,202003,880,173569,7386,321488,18567,5486,96643,1289587,935769,1606,1702102,138720,255712,569696,633884,155789,64733,338588,42018,57810,101860,124220,68281,179437,63179,124265,29391,906716,1007664,12529,1630850,78198,267138,741636,1942,81944,156806,125942,112505,24981,1028,136669,9101,41535,149500,213126,96382,1455023,1194638,1178,1447474,606430,48924,658905,1517250,61507,204064,136102,91863,13690,98689,148739,159387,168147,76864,144650,36014,668937,638451,37328,5302,149181,202043,164743,29463,912129,1204170,8105,497491,1575,66988,57361,667363,1104756,1109873,9650,2555,480695,557322,27156,820175,759717,536697,1271,172964,1864,6001,259771,172335
"TGGTCGTCCGATGAGGTCTG",3735,5078,3719,5569,5418,3960,6,4,1,2,1,2,3,270,4035,3,1,8,6960,0,1,2310,0,1,2,4965,4,2,1318,22,1,4,1,4,2625,0,1,4,2,1,2,4,1,0,1,3,4,0,3,574,9,2,5,6,1143,3,3,5,4,2,5,3,1,0,3,4,1,1,0,2412,7,10220,6,8689,5,4,2,4,5,2,2,5,4894,1,1,5468,7,689,3958,8562,2897,5145,4355,6,2,2,2501,3,2,3,5,1,6,9,2,3,5,2974,3503,3,19267,4,3,3,6,4,1,370,5,1,0,2,3,5175,6,2,2,4285,1,0,2,4129,8,2,0,2,4,1,1,0,1,0,2,0,3,4,8,7,3,7,2,9,632,0,4,626,1,0,7,7,1,2,9,4,3,1,0,2,3,0,6797,1,4,2,0,0,1,0,3,1152,3,5,2,2,2,5,2224,1559,2,5,3,3,6,4,4,5,2,3,5,1109,5,2,2,6690,4091,7,4438,2,1,4,3,1,0,9129,6141,5,5,7,4,0,1,2,3,6,6669,5,1437,4,2,1,1,1,3,2599,6846,17175,4,4,11,2,5,8,1571,9,5,6,7,2,3,6,2,1,3,9,6471,7,5,7,6,6,1,2,8,5,12,13155,3,1,3,5,2,1,9,2637,8,5,11,20848,17037,9,4,6,9445,8,2,4,4,465,4,3756,2,2,6,1278,2,1,2,1143,5,3,4,1451,8,3,0,0,5,1950,3,2728,2,1,10,2,3,5,6,8,4,0,3,6,10843,6,1,2,2216,7371,4,3572,5,1307,5,0,0,7,9,10079,241,6,6,7,13328,7,5,5,2,2,2,25,1,0,0,49,3,2,0,5,2,0,0,831,3,10949,1,2,3,2,3,410,6,4,3,4,3,4460,4,13
"AGTTTCCGTCTCGTTAGGCC",1828,3754,2486,11647,10454,7635,21,17,1,1766,6211,8,14811,1304,4425,7279,3,7880,5437,12,55712,222,14,3912,3,22,18,19,11393,11,14,13,5071,22,10484,6106,10,3208,3410,20,20122,23,8,12,2,15466,9,15,11,45,25,92595,45,8405,15211,17076,16,25,5782,4393,25,42,12,9017,2,12,16,13,23,949,11,16,27253,8775,14283,0,12,2825,13,14,10,16615,6280,6629,3,2511,363,36,3945,1264,5324,9500,18839,15,4769,19223,17030,21,2,21,6439,2057,33,17,4591,5720,1850,5807,38,12508,10702,21,5,4242,15,351,25,40,1718,4378,8601,3598,2031,18358,13951,18,0,7839,7797,297,33,532,6757,16,2904,5131,3254,11624,15,14,1,26708,24951,15,21,10,6968,6044,9177,3677,1972,9661,5436,4518,17,5934,8,18118,1106,19,19,15,15817,21,10,12,9,7842,10,8087,15906,12196,17,17,2,1853,21,9,26,341,6659,7716,38,21,11,22,4196,8497,0,27,22,8,26,14,23393,11697,6844,19712,2329,9790,3009,21,3420,30,3667,33312,6007,28926,5,13115,7832,10,830,26258,1374,23,190962,40,5413,2908,6605,15540,26,30,8368,43,9871,9351,3,8916,12,7,20,970,6248,16,36,20062,19,16591,25469,5819,9271,13,8,28,5220,22865,7,35,11546,11628,44,2352,18651,12101,8416,6511,18,20,10171,8776,7463,24,10243,34801,17,38024,4,28,28,14,22814,14,9,14496,5270,19282,15865,9,20,25047,0,13,7868,20,3878,1169,20,5182,6623,27288,19,122,20,17,26,5919,17,14339,8,10363,13,8353,33,6745,19,12,15,8608,92,14513,7,13,32,10,13,17,17,26,14941,5294,21,18,18,16,3311,3013,14,1356,14,635,21,1664,8739,12518,21,14295,3033,16150,12206,18,13919,15,0,3916,2417,12,2,12,12,8,13,11,20,22,4,462,12,13,35149,402,7,7893,2,22,7718,13,18,179,18,22,1,98930,397,10,75879,128
"TAGAGCGTAGCAGACTGAAG",0,0,1,2,2,0,0,0,0,0,0,0,4,0,0,0,0,0,0,0,6,0,0,0,0,0,0,0,0,0,1,0,0,0,0,0,0,0,1,0,0,0,0,0,0,0,1,0,3,0,0,0,1,1,0,1,0,0,1412,0,0,0,0,0,0,0,0,0,0,0,0,0,0,0,0,0,0,0,0,0,0,0,1,0,0,0,0,0,3,0,0,0,0,0,0,0,197,1,0,0,0,3,3,0,0,0,0,0,0,0,2,3,1,3,1,1,21712,0,0,0,0,0,0,0,0,0,0,0,0,1,1,0,0,0,0,0,1,0,0,0,0,0,0,0,1,0,1,0,0,0,0,0,0,3,0,0,0,0,0,0,0,0,0,2,0,0,0,0,0,0,844,0,0,0,0,0,0,0,1,0,0,0,0,0,1,2,0,380,1,0,2,0,1,0,1,0,0,0,2,515,0,0,0,0,1,0,0,0,0,0,0,0,1,0,0,0,0,0,2,0,0,0,0,0,0,0,0,0,0,0,0,0,1,0,5380,0,1,1,4,1,1,2,148,1,0,1,0,0,0,0,1752,0,3,0,2,0,1,0,2,0,0,1,0,0,0,0,0,0,0,0,0,0,0,0,1,0,0,0,0,0,0,0,0,0,0,0,0,2,0,0,0,0,0,0,0,0,0,0,0,0,0,0,0,0,1,0,0,2,0,0,0,0,0,0,0,0,1,0,0,0,0,0,0,2,7199,1,0,2,0,1,0,0,0,0,1,0,0,0,1,0,0,1,2389,0,0,0,0,0,0,0,0,0,1,0,0,0,0,0,0,0,1,0,0,0,0,0,0,0,0,0,0,0,0,0,0,0,1,0
"AAGCGAGTCCCATTACGAAC",4940,8476,6019,12349,12972,9204,31,162137,1599,2848,15748,82784,38349,1761,962,5987,6,13014,9121,400,62241,702,10763,19022,4,5570,38317,9105,16654,38,38182,31696,10929,34,12815,36918,11463,22622,3991,38,29,41,18,22999,5,14813,15,19391,44,554,39,36,34791,13250,15020,8546,29,26,10653,4459,29,35,20776,16,5,23,14,0,10699,4251,47937,31044,53873,51,26234,12110,50973,2403,29351,43,6682,54,14812,21,12316,9307,2986,3107,12174,6347,5603,8693,4863,13438,6202,22819,26426,35,13,28,5730,4730,7228,14,13741,11903,26062,15108,13889,40,20,46,2,21,472,2651,46,215,11426,18406,4328,33,15221,16263,20,29,7,13905,32066,1912,37,1708,4077,6289,8161,12977,8496,20709,27,13499,12,28,33,53,19049,14606,5944,6930,1342,7788,3936,2346,6559,16536,35,12975,41,12703,24868,80,19876,27,1069,27,46,29245,22617,7913,36,23041,34680,24571,7514,29,11,22567,24,29,55,5691,9876,40,8068,4772,6999,7716,6919,19203,8,11407,24237,7398,46,27,37,5105,13341,45,15337,16862,3887,7541,10545,3197,14145,6583,16,5330,14,7299,6591,22,6984,2011,10833,21,30,19,14673,5709,9801,21,20,19,39733,8156,1310,9312,6,2110,29,37,36390,1368,13796,42,39170,68243,47,7123,37479,18625,17185,32958,36,57,29,20720,3461,28,12847,137,45,7211,44466,19596,27735,48,33803,5923,30304,41,19955,32185,5705,59784,24,44,4,20,24933,13,9696,301,44,36,36765,49540,71050,31,22217,16258,17482,23139,4029,33612,7955,5625,37,6455,30224,16362,40,945,12209,57587,3501,11266,21298,14356,29,15705,18008,12520,25,8483,16,987,30,5447,29,19,34,22,8825,32,47,32291,30,14,23,5395,25,39386,30396,38,5326,10848,31,5590,787,3434,31,13635,19635,28,54,6608,6108,13010,36031,47,24559,34,8503,19816,4547,31463,16,15,25654,17,46871,46,17263,27,3,25,20,16,65182,571,10,17615,227,14,17,20,28,3235,11,32,4,21,24,141,45,1097
"CTAAATTGACCATCAGCACC",0,969,1064,2477,2823,2074,5,6,0,0,2,2,5,4,1875,0,0,4459,0,2,9,41,3,2846,1,4,2,7,3280,6,7,5,8,3,7,7,5,7292,8,5,16523,5,2,1,1,0,1,2,5,5,3,3,6,7,1034,7,2,16920,5576,5,7,2,4,2,2,1,1,0,5,166,4,2,3,1,2,2,0,1270,2,6,1,3,3305,6,1,1205,21,2643,1441,391,2,5490,6108,2,5,20039,2050,11,0,3,1,8,3,3,1,6,1415,3,2627,7,2,6,0,0,4,9,5,0,3,3549,16375,125,3,5,6,10,2,8400,0,5,34462,37,8134,5,6260,4241,2974,3271,2,3,0,1,1,4,9,1,4,30,10770,3,1,0,2894,5,2,0,2882,0,1025,6,4,4,3914,0,7,1,1,12,7,3,2313,1,2,9,1,6,2,20,1282,77,6969,9,12,9314,1,4,1405,3398,2,5,8,1714,0,4,5,9903,0,3147,6,942,0,3,2704,3461,3,4,3,8,0,2915,2,4,8,1922,3052,0,8,2,1,3,2,5,1,1,2,0,7248,5,0,2,3,5,3,191,1,0,6,1,0,0,0,2,2800,0,2,1,2,8,0,0,1614,1,7,640,6935,1,9778,6,2,4,0,2,1772,1,4,0,3,20609,0,3,6,2,0,2,0,5,10,2,0,2,0,2133,13,4,2,0,995,1866,3,724,9030,0,2,19,0,4,3,997,1,0,0,0,1,1243,5,1080,1,0,1,0,2,2,1,3,2,2,3,3,1,1,2,0,2,5,1,0,2043,745,1,679,0,71,2,8,3,1,1,1,2125,1,0,1,0,0,3,3430,1,7,0,2,5,1,5,1,2,6498,1,710,3,2,6,137,2,5,0,0,1,6,1,1,3,3,0,0,6,4,4,2
"CGATTATACTAATGCGTAGC",62,104,74,806,643,423,0,0,0,0,0,0,0,0,0,0,0,0,0,0,0,4,0,523,0,0,0,0,0,0,0,0,0,1,0,0,0,0,0,0,0,0,0,0,0,0,0,0,0,0,1,1,3,9009,1,1,2,1,916,2,1,3,0,0,0,0,0,0,0,0,0,0,0,2,0,0,0,0,0,0,0,0,563,0,0,17,0,0,25,7,0,0,0,1,0,0,0,0,0,0,0,0,0,0,0,0,0,0,1,3,0,0,0,0,0,0,2,0,0,0,0,0,0,0,0,0,0,0,0,0,1,12,0,0,0,0,1,2,0,0,0,0,0,0,0,0,1,0,0,0,0,0,0,0,0,227,0,2,0,0,0,1,0,3,0,0,0,0,1,0,201,0,0,0,0,0,0,0,0,65,0,0,0,0,1,0,0,186,0,1,0,0,2,0,1,0,0,1,1,379,14,1,0,1,0,0,1,2,0,1,1,0,0,0,0,0,0,2,0,0,0,0,0,1,0,0,0,0,0,0,0,0,1,16,16,0,0,0,0,0,0,0,359,3,0,0,0,0,518,0,0,1,0,0,0,0,0,0,0,0,0,0,0,0,0,0,0,0,0,0,1,0,0,0,1,1,4,2,4,1,0,2,2,11798,1,2,0,0,0,120,0,4767,1,0,0,1,1,0,0,0,0,0,0,0,0,0,0,0,0,235,0,0,1,0,0,0,0,0,0,0,0,0,0,0,0,0,0,0,0,140,0,12,0,0,0,0,1,5686,272,0,0,0,0,2,1,1,0,0,0,0,0,0,0,1,1,0,0,1,0,0,0,2,0,0,1,0,0,0,0,0,0,0,0,0,0,0,0,0
"GACCGAGAGAGTTAGATATG",1367,1681,1877,2801,2553,2453,15,8,3,0,1,8,0,0,19,2967,2,3,2,4,1,3,2,5,3,3726,19,8,2062,2,7,4,2,0,6322,4,4,5,8,4,6,13,1,9182,1,3,8,11,1,44,3,2,3,3,1264,3,2,3,852,5,6,10,0,0,4,2,19,4,1,0,9,4,3,4,6,3,3,3,0,7,15965,7,0,13240,20376,3144,191,10,3183,1419,4,1,0,3,3515,5,1483,12,2,3,1,1,0,2,4,2483,0,1,0,7,0,8,5,2,0,1832,2,0,4188,2,0,0,0,5,13695,5,5,1,2,0,1,209,4,5,4,4,2,3,11,4,5,0,0,3,0,0,9,16,18,23,0,7026,2,1155,0,223,1,1,1101,35,8,16270,3,6,9,7648,24599,12,5,2172,3405,0,0,5,3,0,0,4,1,0,793,13,6,5,2776,5,16,1216,3,0,4,6,4,0,2,1,0,0,0,961,1,0,2,1,3,7,29667,5,7,6,0,2,2,2016,3,3,1,2,5,0,2,0,2,6,6343,3,13,13,1,3,0,5,1,2,4,4,6,5,6,4,5,4,820,4,9,7,26,69268,5,0,3582,9,9,0,2215,1,2,0,1,1,1,0,0,1,3,3644,20,7,1,0,1,3,3,1,1,1,1,0,4,1,2,2,0,0,2,3,2,3,2,1772,690,1919,3,545,5,2,3,0,3,5523,2,5298,5,3326,2,1,0,983,0,686,217,0,3,4,1,7,5,23722,1,1,5,11,2,6,15386,6,7,9,5,358,0,282,5,8,4,7,1,4,602,2,3,7,4607,2,1,6702,0,3,1,1,0,3,2,7,13,5468,3,3,0,1,2,69,13,12,3,0,0,2,1,2193,84735,9,3,1,5,9,3,3
"CAGCTGTACGGCATGTCGCA",2765,3791,3095,3825,3785,2982,244,200,82861,2728,278,187,152032,5283,9108,2036,42,118,3676,23218,63315,1091,275,189,86,6093,204115,77115,197062,177,59811,79532,82840,136719,185994,201504,42812,164016,32107,241,163780,67961,163,5734,78958,93,36656,20988,1544,500,219674,39122,57296,164105,103616,98445,190831,329,237540,103255,69634,28473,3174,6880,28483,126,164,20463,65748,3942,78421,185929,309,121227,42836,61983,26750,89069,0,236,81747,148990,251,158,745,3454,6127,13652,2906,4260,104762,94225,221122,126771,149109,58112,208749,187,94,46387,36222,24887,40822,141,137126,63964,210487,90019,137156,134722,2820,182,64,4083,14308,49930,145613,283,89839,96568,167992,110452,86269,167254,15441,14959,64,3058,102229,64426,146385,7918,124781,122067,175557,94363,141419,149482,193,157,153,28088,62135,1712,84513,7781,126995,219033,152559,107002,77412,173133,923,12243,132,569,17888,7541,117472,193,166251,147091,82964,58466,120315,187,73579,72382,49885,86991,130905,66196,209,14928,171,20960,124192,1836,38468,390,81375,43919,99177,147695,151474,153097,107801,179922,1161,206,132646,47751,6386,186,156036,175900,147380,138123,70374,169356,154750,138609,109206,66128,95791,103797,202,149,173,52679,126441,101846,136842,126,93057,201,247,115863,98298,40945,57210,104136,236,185,26039,227,1634,130,60635,129,55641,15666,19187,7597,110304,111977,138832,115969,40227,55197,102557,46710,232592,91491,76776,159519,4006,206,59998,13416,126293,41295,192550,1134,96060,216017,74772,89984,21796,21971,75175,45931,93537,165890,60847,227307,258,10119,73,178,128480,72397,64596,375,129361,93983,114945,115762,315139,29254,122085,357259,162729,125160,66302,246190,105,718,162,973,17847,230,244,1806,53721,79461,31701,97954,27764,43129,52681,67642,20278,74496,107518,96058,102,198,166,701,7743,14751,248,164,74263,62323,104994,152877,31663,17147,27336,36919,100089,89925,24536,202,130,2543,175,1543,6770,202397,284,9489,21981,125097,118394,109862,79930,109001,50879,87751,35812,117084,169549,125113,129,89,60,78,82588,79366,138,105,118,80,29,76,150,14465,139,164,123,111,30,50,53610,0,128,5244,140,94,48,115,13455,4092,143,1026
"GTGAGCGGAACGTAAGCATG",1478,1800,1692,1333,1560,1134,14,0,0,4,3,1,0,977,2231,3,1,4441,4,2,2,9524,6893,2,1,5,10,3,35,95,7579,2,5,2,0,4,3,1,3951,3,4,4,4,1,1,1,6,0,1,154,2,9,26092,7,1207,6,8,6,1031,7,5,13,3,1,0,2,9,0,0,3010,0,0,4,2,1,0,0,2,0,0,0,0,735,1,1,2672,14,0,0,1145,1515,43,7,3,5,3,3426,2,0,3,4,3,1,6,2,0,8,5402,4050,16,16,0,0,3,2,0,0,2,4,5,3,6719,2,0,15,0,0,1,3,0,0,2,3,4119,2,0,3,4405,6,0,0,1,3,2,0,4,8,7969,12,17,1,4936,0,2,1,310,0,4,769,42,2,7,6,31565,7,1,0,4,1,6,3546,4259,10,1,2,0,3,4,2,1341,1,1,1,2,5,13,685,941,0,1,4,0,1,3,9,6,5683,7965,3,1641,3,6989,6,3403,5,7,14,0,63,2,2,0,0,2,2,0,3,1,0,0,0,0,2,0,0,4,11,1,0,2,2,0,0,1,6,6,16325,8,2,5,4,4,1786,4,6,9,13,0,1,3,2481,5,3,10,9484,3,7,7,0,3,2,9682,4,4,3,8793,5,1,2,2,3,0,0,4374,5,3,6,2,1,1,2,7,2,3,1,23121,1219,1518,9,1398,2,433,8,2047,1,7,3732,2973,0,0,1,924,2,4,7,2269,0,3,2,405,1,3,4,1,1,3,7,6,1,0,3,1,5,4,15986,3,2,6392,7,1620,0,4668,4,4,3,2,2,3,11,3,2,7,3097,1,12,3,5,0,1,0,2,0,0,101,87926,7,2,4,7,5,7,12,8,0,0,0,2,0,0,820,10,3,0,3,4,1,0,3
"CTTCTATGTACAAGTGGCCC",74,146,93,389,312,137,0,2,0,0,0,1,1,0,0,1,0,0,0,0,0,1,0,0,0,317,0,1,1073,0,3450,3,2,6,2768,1,4,2,1,4,3,4,0,0,0,0,0,1,0,0,2,0,0,1,2184,1,2,0,1699,2,0,0,1,1,1,5,2,3,5,2,0,0,1,0,1,0,0,0,0,0,0,0,793,0,0,0,1,2,139,7,4,1,1,0,2030,4,1613,0,0,1,0,0,1,0,3,0,0,0,1,3,2,2,0,1,0,237,1,12,1,0,0,2,0,0,0,0,0,0,0,0,0,0,1,0,0,1,0,0,0,1,0,0,0,0,2,2513,1,0,1,1,0,0,0,2,1,1,0,0,565,8,5,3,1,2,5,1,4,5,23229,0,1765,1,0,0,0,0,0,0,0,214,911,3,5,3798,4,1,0,247,0,0,0,0,2,1,0,0,2,1,2,473,0,0,431,0,0,0,0,1,0,0,0,1,0,0,0,1,0,4,2,1,1,0,1,2,1462,2,1,1,0,0,2,0,0,0,4,5,7,5,9,4,5,1,363,6,0,3,0,1,0,0,0,0,0,0,1,0,0,0,0,1,0,0,0,1,0,2215,0,2,0,0,0,0,0,0,0,1,0,0,13462,2,1,0,1,1,0,5,1,3,0,230,0,0,1,12,0,4,1,1180,0,0,3,847,3,0,0,0,0,3,0,500,0,0,1,3,0,37165,4,11788,1,0,2,3215,2,5,6,2,0,3,0,2,0,106,1,3,0,0,1,4,1,0,4,1,2715,0,1,0,1,1,0,0,0,611,0,1,0,0,0,0,0,0,1,0,1,0,0,0,0,0,1,0,0,1,0,0,0,0,0,0
"GCCTGTTTCGCAATATGTAA",0,0,0,0,0,0,0,0,0,0,0,0,0,0,0,0,0,0,0,0,0,0,0,0,0,0,0,0,0,0,0,0,0,0,0,0,0,0,0,0,0,0,0,0,0,0,0,0,0,0,0,0,0,0,0,0,0,0,0,0,0,0,0,0,0,0,0,0,0,0,0,0,0,0,0,0,0,0,0,0,0,0,0,0,0,0,0,0,0,0,0,0,0,0,0,0,0,0,0,0,0,0,0,0,0,0,0,0,0,0,0,0,0,0,0,0,0,0,0,0,0,0,0,0,0,0,0,0,0,0,0,0,0,0,0,0,0,0,0,0,0,0,0,0,0,0,0,0,0,0,0,0,0,0,0,0,0,0,0,0,0,0,0,0,0,0,0,0,0,0,0,0,0,0,0,0,0,0,0,0,0,0,0,0,0,0,0,158,0,0,0,0,0,0,0,0,0,0,0,0,0,0,0,0,0,0,0,0,0,0,0,0,0,0,0,0,0,0,0,0,0,0,0,0,0,0,0,0,0,0,0,0,0,0,0,0,0,0,0,0,0,0,0,0,0,0,0,0,0,0,0,0,0,0,0,0,0,0,0,0,0,0,0,0,0,0,0,0,0,0,0,0,0,0,0,0,0,0,0,0,0,0,0,0,0,0,0,0,0,0,0,0,0,0,0,0,0,0,0,0,0,0,0,0,0,0,0,0,0,0,0,0,0,0,0,0,0,0,0,0,0,0,0,0,0,0,0,0,0,0,0,0,0,0,0,0,0,0,0,0,0,0,0,0,0,0,0,0,0,0,0,0,0,0,0,0,0,0,0,0,0,0,0,0,0,0,0,0,0,0,0,0,0,0,0,0,0,0
"AGCTAGACGATCCAAGCATC",7,25,16,36,20,16,5,0,0,2,0,0,0,0,4,0,0,0,2,0,0,0,1,0,0,0,2,0,0,0,1,0,0,0,0,0,0,0,0,0,0,0,1,1,1,1,37315,0,0,0,2,1,4,3,4,5,1,2,4,2,22283,5,0,0,0,0,2,0,0,0,1,0,0,0,0,0,0,1,0,1,1,1,1,0,0,0,3,0,0,0,0,0,0,0,0,0,272,0,0,0,1,0,1,0,0,0,0,0,3,11,3,0,0,0,0,0,0,0,0,0,0,0,1,0,9,0,0,1,1110,0,0,0,0,0,0,0,0,3,7,0,0,0,0,0,0,0,7,8,7,5,0,0,0,0,0,1,2,0,0,0,0,1,2,1,0,0,0,0,0,2,856,13,2,0,0,1,0,0,0,0,0,0,0,0,4621,0,7,163,0,0,0,0,0,0,2,0,0,0,1,192,1,0,2,3,2,0,6,0,0,1365,0,0,0,0,0,0,0,0,0,0,0,0,0,0,0,0,0,2,0,1,2,0,3,0,0,2,1,0,0,0,0,0,592,1,1,3,4,3,0,0,1889,0,0,0,3205,0,0,1,0,1,0,1,1,1,0,1169,9,0,0,0,1,0,0,0,0,0,0,0,1,3,0,0,0,0,2,2,0,1,1,0,4750,1,1,0,2,0,3496,0,2,2,0,1,0,1700,1,2,0,2,0,1,0,0,0,0,1,1,1,0,0,3,0,0,0,0,0,1,0,0,2,2,0,80,0,0,0,0,1,1,286,3,0,0,0,2,1,3585,3,0,0,0,0,0,0,0,6,0,0,0,0,0,0,0,2,0,0,0,0,0,0,0,2,0,0,0,1,0,0,190
"TCAGTTTACGGAGATGGATC",5,3,3,20,7,11,1,1,1,0,1,0,17239,0,0,0,0,1,0,0,4,0,0,0,0,0,2,0,1027,0,0,0,1,0,0,0,0,1,0,0,0,0,0,0,0,0,0,0,1,0,1,4,0,1,3,2,2,3,1342,1,0,1,0,0,0,0,0,0,1,0,2,15776,4,1,2,2,1,2,2,1,1,2,0,0,0,1,0,76,3,0,0,0,0,0,0,0,354,1,0,1,0,0,2,0,1,0,4122,0,4,3521,0,0,0,0,1,1131,4,0,0,0,1,0,2,3,0,0,0,1,0,0,3,0,2,0,1,0,4,5,0,0,0,0,0,1,0,0,0,0,0,0,6,0,4,0,2,1,4,13425,0,1,0,1,0,4190,1,0,0,0,1,2,2082,0,0,1,0,2,0,1,1507,0,2,0,4,0,3859,0,0,2043,0,1,0,0,4,1,1,2,6,5,1,2309,4,2835,1,4,470,2,0,0,0,0,0,0,1,0,0,1,3,1,1,0,0,1,1,0,3,2,0,0,0,0,0,0,3,1,0,1,4,0,3,2,0,1,960,1,0,0,0,1,0,1,0,0,1,0,2150,3,1,2,2,1,3,1,0,0,0,3250,1,0,1,0,2,0,3,1,3,3,10761,3,0,4,5,3,6,2,1815,3,1,0,2,2,1,6,5,0,2,7,3401,2,4,3,1,0,0,100,5,5,4,1,0,1,2,9134,2,0,0,3,0,3,1,0,0,0,7676,1,1,0,0,0,0,1,0,315,0,0,0,1,3,3,1479,0,0,0,2,0,7633,0,1,1,3,0,3,1,2,1,0,0,0,0,0,0,0,0,3,0,1,1,0,2,1,0,0,0,0,0,0,0,1,0
"AATCTACGTCAACCCAGTCG",0,1,8,1,0,28,2,0,0,1,0,0,0,0,3,1,1,2,2142,0,1,3,1,0,0,1,2,0,576,0,0,0,3,1,0,1,1,0,0,0,0,1,1,0,0,1,0,0,0,2,3,3,2,1,0,2,4,2,292,3,3,14376,1,2,0,0,2,4,0,0,3,0,5,0,2,5038,0,1,1,0,1,0,0,0,0,1,2,0,2,0,3,2679,1,0,2,0,2061,0,0,2,1,0,1,1,1,3,4,5804,2,4578,2,0,0,1,0,0,2,0,1,0,0,0,0,0,1,0,0,1,0,1,2,0,1,0,0,1,1,1,3,0,1,1,0,0,8235,1,4,2,14421,3,2158,0,0,1,0,3,0,2,1,0,1,4,5,0,1,2786,3,0,1,1,2544,2,2,0,0,2,0,0,1,0,2853,2,2,2,1,3,2593,332,0,0,0,0,0,0,1,1,1,4,2,1299,0,1,1,1,3718,2,3,1,0,1726,1,1,0,1,1,0,5,1,0,0,0,0,0,2,3019,1,1,0,2,1,0,0,0,0,1,0,2,4,3,2,0,3,1059,1,0,5,4,2,0,1,0,0,2,0,4672,4,2,5,2,4,0,5,252,3,2865,3,4,0,0,0,0,0,0,1,4,3,6,3,2,3,1,5,6,4,3,2,1,3,4,7,4,3927,13815,0,2,3,3,1,1,2,3,1610,2,1,0,0,1,5,2,2,0,1,1,0,2,20968,12,2,1,1,1,1,2,24,3,0,0,1,5,0,0,231,0,0,10183,0,7,11306,391,2,1,1,6216,3,3,3,2,0,0,0,0,0,0,0,6,2,0,0,2,0,2,0,1,0,0,1,0,0,0,0,0,0,0,0,1,0,0,0
"CAGCTGGTGCATAAACAGGG",12692,17811,12919,17337,19715,14051,34,34,12,3711,29,25,11125,10733,23343,6319,16,5144,15663,21,26,4209,2739,14327,21,13096,31,22,11351,58,2911,36,32302,34,4133,10835,31,14499,4622,27,73083,55223,17,10,20,28,75068,11837,31332,2441,24,30,26143,34690,5210,25,28927,32,10083,26,23030,61,17,8580,10,14,21,19,13,14580,11,21,28119,14,12749,23367,14,2439,25,14,26,27,17055,7192,20879,39648,3675,44669,32110,23043,29,2887,7299,23,35,48383,13890,35,15,19,26,3685,24,17,14384,7870,8307,14556,2993,44,35600,44,16,2006,4225,6858,43,940,4204,6669,11209,6488,3150,4695,24,26,12,17048,16843,7477,67,7860,8165,12387,21142,7376,7164,9569,22,17580,10,18,14,317,31,6986,3494,7127,4889,14637,4989,18076,13947,5072,34,15148,18,6911,7170,365,39,25,10169,32,47,12798,21143,51,33,6459,28271,4858,34,20,15,20288,24,543,30,11834,10472,8089,5187,6743,14381,12203,4537,11467,30675,22144,53076,13381,26,33,22,6185,3617,0,3927,10258,107,3807,19,6305,27,21360,34,12868,20,4529,13414,19731,0,5999,5197,21,20,13,7234,3351,3409,1013,32,22,38967,20343,1322,18900,10,5141,18422,5485,25830,8988,445,29,38,27,55044,18,23,12375,11134,21,14677,37,7664,43,17,24551,13181,12430,61,11655,26802,26321,9175,14111,40,26,26,50833,7663,10537,6037,41015,36,34,13,24,22,22235,9755,6832,9664,18,31,2637,17125,23,15,2437,18834,16577,26,35,7395,2847,28,9196,34168,773,21,2772,20,16,37,3283,20,14,11,7984,17,10534,39783,5108,20,2906,257,11252,19,29,25,39,18,13,33,31,28,15,7,13755,20,36602,8018,28,8256,12276,36,12060,11,8199,16,8707,38,11105,34996,11574,2578,15682,6602,51,17944,19,18,6306,1962,29,13,29,23,18,26448,126,21,26550,13,4322,23,25,35,3751,33264,39143,17,34,8998,28,22,7937,24,34,10,30,18,20,20,542
"CACGGTCCCTCAACATCTTG",0,0,0,0,0,0,0,0,0,0,0,0,0,0,0,0,0,0,0,0,0,0,0,1,0,0,0,0,0,0,0,0,0,0,0,0,0,0,0,0,0,0,0,0,0,0,0,0,0,0,0,0,0,0,0,0,0,0,0,0,0,0,0,0,0,0,0,0,0,0,0,0,0,0,0,0,0,0,0,0,0,0,0,0,0,0,0,0,0,0,0,0,0,0,0,0,0,0,0,0,0,0,0,0,0,0,0,0,0,0,0,0,0,0,0,0,0,0,0,0,0,0,0,0,0,0,0,0,0,0,0,0,0,0,0,0,0,0,0,0,0,0,0,0,0,0,0,0,0,0,0,0,0,0,0,0,0,0,0,0,0,0,0,0,0,0,0,0,0,0,236,0,0,0,0,0,0,0,0,0,0,0,0,0,0,0,0,0,0,0,0,0,0,0,0,0,0,0,0,0,0,0,0,0,0,0,0,0,0,0,0,0,0,0,0,0,0,0,0,0,0,0,0,0,0,0,0,0,0,0,0,0,0,0,0,0,0,0,0,0,0,0,47,0,0,0,0,0,0,0,0,0,0,0,0,0,0,0,0,0,0,0,0,0,0,0,0,0,0,0,0,0,0,0,0,0,0,0,0,0,0,0,0,0,0,0,0,0,0,0,0,0,0,0,0,0,0,0,0,0,0,0,0,0,0,0,0,0,0,0,0,0,0,0,0,0,0,0,0,0,0,0,0,0,0,0,0,0,0,0,0,0,0,0,0,0,0,0,1,0,0,0,0,0,0,0,0,0,0,0,0,0,0,0,0,0,0,0,0,0,0,0,0,0,0,0,0,0,0,0,0,0,0,0,0,0,0,0
"TTTACAACTGGCCAACGACT",76,128,113,165,139,158,0,0,0,1,0,0,0,0,0,0,1,1,0,1889,0,0,0,0,0,0,0,0,1,0,1,0,1,0,1,0,1,2612,1,0,0,1,0,1,0,0,0,0,0,0,0,1,2,1,1161,0,0,1,669,0,0,1,0,0,0,0,0,0,0,0,0,0,0,0,0,1,2,0,0,1,2,16051,0,1,0,0,0,1,0,0,0,0,0,0,1,0,637,0,0,1,0,1,0,0,0,5266,0,0,1,0,0,0,0,1,0,0,0,0,0,0,0,0,2,3,0,1,0,0,0,0,0,71,0,0,0,1,1,0,0,0,1,0,0,1,0,0,0,0,0,0,0,0,3364,0,0,1,2,0,0,2,0,0,0,0,1,0,0,0,0,2,1618,1,0,0,0,1,2,0,0,0,0,0,0,1,0,0,0,633,0,0,0,0,0,1,0,1,1,0,1,1057,0,0,3200,0,1,0,0,0,0,0,0,0,0,0,1,2,1,1,1,0,0,0,0,1,1104,1,0,0,0,1,0,0,0,0,1,1,1,0,1,0,6248,1,514,0,1,1,0,0,0,0,0,2,0,0,0,0,0,0,0,0,0,0,0,0,0,0,0,1,0,1,0,0,0,0,0,0,0,0,0,0,1,1,1,0,0,0,1,455,0,118,1,0,0,0,1,0,1,1,1,2,3,883,0,1528,2,0,1,0,0,0,1,1,0,0,1,2,1,1,1,0,1,1,0,0,0,2,0,1,0,0,0,71,0,0,1,0,0,0,236,0,0,0,0,0,1,0,0,0,0,0,0,0,0,0,0,0,0,1,0,1,0,0,0,0,0,0,0,0,0,0,0,0,0,0,0,0,0,0
"GATCCTCACGTCCCTATTAC",23622,33057,29721,35253,38719,28148,81,66,23,19553,20766,72,27912,14612,27933,69586,18,16556,19991,13212,22078,14705,31799,23624,404,31605,107877,30589,47867,150,24115,23073,11031,77,53111,13245,102315,30111,23777,46091,83,51725,59,110751,18,57,37569,40657,16231,2010,43180,1286,26045,60521,26779,50138,67018,77,30228,36475,65452,0,5240,35128,19,51,78,37754,11926,27163,50581,80,85,9586,58304,48825,6807,18040,925,109707,66,31472,46291,24865,70735,69625,23025,14533,59352,53460,23437,19415,46594,20362,24433,0,59586,1304,23,23603,18059,2355,21488,64,9153,13856,58725,13629,37648,29015,24766,35957,28,2462,1750,99489,19045,2814,28957,12446,14641,15815,19060,24143,28059,72,40292,15291,36588,14571,81,18331,12924,24120,25459,22033,10914,44630,63,11807,111,45168,18321,445,10420,21029,38230,49541,54128,15973,6490,64325,13543,11461,51279,11861,52,57515,32227,635,76,74,19350,98,104,47679,8744,30770,65,39614,97787,24455,4549,63,42,38301,34793,141,5073,26272,12251,28865,13384,35328,12570,21977,25617,35685,37,23812,69,9472,34517,77,14330,35176,29369,27008,18466,46505,26534,30297,10776,10106,31711,71896,16525,38360,32,10677,28471,60,12761,44075,14878,63,74,0,13125,17240,21354,20905,88,62,109918,42587,31676,63,31,16655,56,58,91237,19384,71540,44249,45865,67465,48816,15975,6587,49147,54628,46148,2646,144,119,26574,8117,17412,27650,23854,118,23220,86408,14689,35328,5819,35086,39567,17223,18228,44622,11533,26381,163473,75,63,38,53,33657,35008,33609,9398,4406,91,11240,80376,106785,63868,22765,5260,39809,21459,14042,47944,36520,12972,121,26025,77952,67720,74,6487,68516,30727,4252,22403,60786,36209,67,22803,34925,49235,46971,19067,60,7821,152,19747,1301,43109,68,63,39754,2938,156,76113,31990,57,15536,26683,10337,56401,64116,50284,11729,21915,53,27017,145,22860,71,25397,23901,25825,89172,44424,8834,73,55550,107,89846,92,99891,47623,25634,55,6859,94,43757,25030,57,446,64,36736,22,14590,57,55,9120,21363,15554,18050,18,51,45824,11951,91804,8998,49,16076,13,43,54,43,85,5261
"AGAGGACGTGGTCAGACAGA",466,675,443,1010,843,593,1,0,0,0,0,2,6,0,0,0,0,0,2,0,3,0,2,0,0,0,0,0,3,0,0,0,2,0,0,0,0,2490,0,1,0,4,2,0,0,0,0,1,1,0,2,0,5,1,1,1,0,1,496,0,0,3,1,0,0,0,0,0,4,0,2,3,52553,1,4,0,3,4,9,3,7,1,1,2262,0,151,0,351,731,148,0,0,1,0,1,0,484,0,0,0,0,1,5,0,0,0,0,0,0,0,0,1,0,0,0,1,8,1,0,1,4,0,0,3,0,1,0,0,2,0,0,0,1,4351,5,0,0,0,0,0,0,0,1,15,4,0,0,0,1,0,0,0,0,0,1,2315,2,1,1579,3,0,1,1,1,0,0,0,0,0,2,1318,0,0,0,0,0,1,0,6,251,1,0,6,0,0,0,1,1044,1,1,0,2,7,0,1,1,7,0,1,1270,0,0,2787,0,1,1,0,0,0,0,5968,0,10,0,0,0,4,0,0,0,1,1,1,1,608,0,2,0,1,4,4,1,37349,182,328,0,0,1,0,0,0,0,665,0,2,2,0,0,0,0,1264,2,5,0,1052,0,2,0,3,1,2,0,3430,1,1,3489,0,0,0,0,1,2,3,0,1,2,2721,2,8421,0,0,1,1,1,2,1,166,0,1,226,8,0,1,0,3,1,4,1,3,1,3,4,0,0,0,1,0,1,0,482,3,0,0,0,0,0,0,0,0,0,0,0,0,0,0,1,1,1,2,341,0,127,2,0,1,1,1,1,0,1,2,1,908,0,0,0,0,0,0,1,0,0,9,1,0,0,0,0,1,0,4,0,0,0,0,0,0,1,3,135,0,0,0,0,0,0,15,0
"CTTTGTCCAGGAAAGCGGCT",10948,17957,12542,23376,23715,16211,105,80,14862,75,91,43601,42415,8327,6070,20040,33,7347,6470,372171,30404,3044,15807,25322,28,11170,73,22766,65941,91,45869,25376,61923,64936,76459,49766,139,34982,3752,62889,91070,91801,74,46066,18434,32,39175,28067,47,547,46274,157,12802,66754,43906,62433,114748,127,66339,51210,43723,30421,11654,84,19,51,73,55,22068,2776,24950,16028,29867,8448,54908,56289,79808,34047,133,70551,58788,119794,11896,18350,1140,20291,1914,5520,16025,12030,32756,36578,94182,41232,64236,21318,70546,84,28,31197,7153,14822,26720,72,40730,33682,71365,28415,47672,64011,15824,81,46615,7326,4676,17424,14538,447,49617,39108,81206,33244,56007,15069,6771,22836,30,4316,59900,13197,73,3256,20898,44730,44156,24744,54479,37528,74,84,24,40817,13913,320,86519,15037,47855,119911,100851,52840,26016,91908,3255,37324,93,6860,26006,39127,44615,196,90280,101,54939,142,36457,59371,25079,26538,53008,66180,81597,28897,30489,48,42,16429,113279,304,78,3852,31047,31033,4769,32803,24465,44824,36862,72597,12216,78,27349,9500,81,81,47154,89770,76546,77934,40303,53763,38504,52317,50598,17814,41780,65902,92,12230,50,41998,41063,46009,41271,24173,36580,120902,124,107,51579,47975,44028,28396,104,97,23524,9935,2713,29018,27,9808,78,89,20165,7103,52115,98,138,22076,0,34887,69030,19828,81619,46477,741,106302,125,25364,36829,41290,54326,157,107,17369,76948,108122,81511,44388,38306,14156,20489,48264,46414,55094,49325,115875,94,78,36,64,96,22345,31627,2588,29130,31393,71160,110237,116773,113,43555,57464,41184,34580,46876,73778,9765,9396,85,9436,39419,44741,25676,1845,79725,77096,14802,33823,87,7735,86,38813,113,39707,17903,26041,4204,5982,86,14518,846,19676,78,80,60108,41871,89,0,20579,20076,27929,10487,63,18611,9870,76,2560,11634,109,5645,15478,19262,23896,14128,21756,25806,57232,33014,33469,13452,49439,65364,67693,39636,8871,42221,7974,38,31,68,44897,78,45,141,55,13283,2088,2691,64,75,2432,1895,59,4344,22,34,62,61,42,363,76,46,14,59,4037,86,45,628
"GAATTGCACTGACAACCCTC",1837,2777,3149,3302,4044,3794,1,6,1,5,1,3,6,1707,1,4503,2,5,1,1961,12,3559,3,1304,0,8726,3,3,28,16,2,4,5,1,1428,7,1,5452,1,4,3,4,1,2,3,3,2,10614,1,207,7,7,10960,8497,5374,10,3,6,1329,8,5,5,3,2,0,6,7,7,5,6900,3,3,3,1,3,4848,0,633,3,7,0,1,1700,6982,5,6599,1601,146,5424,3710,3373,5,9786,9,0,0,3343,3,2,3,2,3,6,10,6,6,4084,3001,12,6682,6,9278,1,9,5,5,15,104,1,0,2,4,2249,6,3,1379,1,8144,2,4,35981,219,1,2,3,7,4,4526,2,3,0,3,0,17,3,0,2,0,1,4,4,8,2750,5,0,1063,3,10691,1346,13,2,4,4145,5,1,4,1,3,5,5,4247,7,2,7,1,3,0,1,9,4223,5253,2,8,4,167,4,2111,1427,0,3,0,1,3,5,9,10,7,14977,10,2093,7,11,7,15,3756,6143,9,6105,10,1248,2,5,4,1844,1,14,7,3,3,5,3,3,5,3,544,8,2,6,2,1,1,2,5,5,8,36189,9,12,9,7,7,8,1902,7,5,12,4,10,2,5,3619,2,7,2000,7283,9,6,4,3,6,3,4,3179,7409,2,8762,4,6,4,8,2,4,5,8,0,30526,9977,14,39276,14,10,16,3,24064,10,11,305,398,3,3029,0,9377,328,338,1,7,8,1127,2,2,1,3525,2,1757,6,5,1,9,3,1278,1,4,10,3,3,35067,14,8,2,19053,3,5,5,8,10,6,1025,756,3,2336,1,1485,8,6035,3,13,13,8,464,3,4,2,3228,6,14,896,0,3,1,5,1,1,5,30,1,2,1,4,0,1,2,792,1,6,0,5,0,1,4,629,0,3,0,5,1,3,4,7
"CATAGTGCAAGGTAGGGAGC",18838,24527,23258,20528,24990,20260,23,45,10,19,43,21,22,8885,21204,32583,7,34,11224,5787,19,19832,18726,8249,5,6697,18,46,15176,77,28,20573,10948,41297,4491,19403,18,9124,14157,22,26,24380,17,44050,6,15,14,35437,20,849,21869,19283,8778,19495,1996,16,20,20,6359,22,27,32,16,17232,4,49,16,28,14,8341,13,16,7493,17,38,4862,13,1533,20,37313,12,21,24181,11563,15,53021,22184,30284,44305,50266,7169,9935,4728,3823,26,25,10685,34,8,18,20,21,19,30,21,179,1030,2637,3663,27,19992,19075,17,2583,113897,12,4218,2074,22,26,40,27,15084,17,19,67547,8,20851,7579,21,16,12082,4071,7479,15932,22,2658,9569,14,19835,4,13,17,16,19,15118,3743,30,17242,23,22,5404,16699,16230,18,5388,12,13344,2163,614,26,18,3985,16,24,18,19,31,21,9262,19505,22,14925,27662,5,21,23,11,16,6380,13846,7723,42,2949,8484,6433,20,4999,4,23448,18,11,19,33,11,10,8647,5674,21,5560,16,20,22,251,18,4797,6724,36,6,5987,20,19,16,7796,816,21,19,22,27,11766,7736,8,14,1604,45391,22,15378,32,6,8879,29,16,22,19397,7123,15,47264,29,24363,5510,14,26,7436,51,13,21,5609,10080,1599,34,5123,24,15,16166,20856,25,30,24,36229,27,22,4893,3463,28,10,40564,18,20692,10,17,24,18,21,24,27976,25,21,28865,7749,13821,21,16,5196,5883,7259,24,3313,5445,18,11673,23962,9993,18,11543,20,28193,7039,8907,10398,11477,14,3868,11,3116,16,4377,4821,11792,9,15555,6,6,14,11,21,22,49,21,14,10,17,4858,19,1313,16239,21,30483,4602,31,13847,14,7183,26680,11832,20816,19,31,6133,230,20937,1872,31,6938,21,19,14448,7418,35,8,29,22,12312,20,758,19,33,5,8280,20,11,12,9411,13,28,7,17,17,11,16,14592,18,49,8,18,20,14,13,3563
"TCCTATAACGCAGGGACCTT",0,0,0,0,0,0,0,0,0,0,0,1,0,0,0,0,0,0,0,0,0,0,0,1,0,0,0,0,0,0,0,0,0,0,0,0,0,0,0,0,0,0,0,1,0,0,0,0,0,0,0,0,0,0,0,0,0,0,0,0,0,0,0,0,0,0,0,0,0,0,0,0,0,0,0,0,0,0,0,0,0,0,0,0,0,0,0,0,0,0,0,0,0,0,0,0,0,0,0,0,0,0,0,0,0,0,0,0,0,0,0,0,0,0,0,0,0,0,0,0,0,0,0,0,0,0,0,0,0,0,0,0,7514,0,0,0,0,0,0,0,0,0,0,0,0,0,0,0,0,0,0,0,0,0,0,0,0,0,0,0,0,0,0,0,0,0,0,0,0,0,0,0,0,0,0,0,0,1,0,0,0,0,0,0,0,0,0,0,0,0,0,2,0,0,0,0,0,0,0,0,0,0,0,0,0,0,0,0,0,0,0,0,0,0,0,0,0,0,0,0,0,0,0,0,0,0,0,0,0,0,0,0,0,0,0,0,0,0,0,0,0,0,272,0,0,0,0,0,0,0,0,1,0,0,0,0,0,0,0,0,0,0,0,0,0,0,0,0,0,0,0,1,0,0,0,0,0,0,0,0,0,0,0,0,0,0,0,0,0,0,0,0,0,0,0,0,0,0,0,0,0,0,0,0,0,0,0,0,0,0,0,0,0,0,0,0,0,0,0,0,0,0,0,0,0,0,0,0,0,0,0,0,0,0,0,0,0,1,0,0,0,0,0,0,0,0,0,0,0,0,0,1,0,0,0,0,0,0,0,0,0,0,0,0,0,0,0,0,0,0,0,0,0,0,0,0,0,0
"AAGTCGCGGTGAATCTTTCC",373,536,392,631,673,562,10,3,1,3,16,11,10795,5,20,11,6,8,19676,11,60774,5,14,16,1,1,8,7,11672,9,3234,31901,31,44,7633,12941,38,2844,44,26,43941,18924,12,7,3,5,6,12299,25,3,23,36,12904,8627,5982,13,28530,11,7338,6485,22,16,23,19,5,3,14,8,60607,460,42431,47,54469,7993,27,28,20,3867,24,71402,15142,34,12,5,4,855,5,249,945,398,431,4656,3970,3635,32,10702,9082,16,4,12,8,14,30,3,4781,2529,3889,21,7230,3290,4,9,1,1160,19,8,21,81,18,13946,5187,20,26,28,4,7,0,3,6325,7,16,0,7,15,6119,7149,15421,9242,6,12,3,2,19,102,20776,658,2604,8,4575,8468,4014,17857,713,11,13,12,20,37008,10316,34,30,14832,0,21,32,46370,22610,41,75336,6820,17044,16,6,6,2,1,17,67,14,2,7,16,8062,0,10,15,5167,5072,2,4,9,11,27,4,29,15461,10201,16574,3929,4627,4283,3684,9556,9798,6468,33,9,12,3,1390,21,6190,6337,4,8793,114986,43,96157,4735,5522,4428,5035,33,39,10200,49,16,11,2,8,18,8401,16744,7,3498,31,3305,15,24179,5,9852,16040,8384,9,0,13,7,5338,5737,11,6452,18399,30,4,25452,19452,32,14005,19,13305,22,11,2120,26,8875,30134,24,15,10,16,26468,17,40,8,25,15330,20,21,4346,12,41,9187,5193,22,12,13639,34,6,15,339,36066,9628,18,76,26,25,7497,2217,22,24,24,9231,36,13797,19,5205,26,8,16,950,14,8473,9,16,23371,65,6,6,44,26,37,38,34,17,8,9,19,7,23,102,36,2015,5,26,38,24468,9,14,3772,31378,15556,16990,26,15,8769,3334,8,6,5,2,11,6384,26,4,8,8,2,7,12,3384,17567,5,5,5,2,6,8,5,14,3,3,3,0,1,2959,8,31,160
"CATCGATGTCGAATACCTTC",5057,6966,4604,7540,7816,5611,261,216,167809,6601,3561,84970,64760,2040,3527,3162,77,2481,29028,33181,78936,794,5830,180,84,1160,19668,56869,214031,147,62255,126274,110562,103810,184493,139893,103915,160478,3872,99323,86448,74898,179,123,23933,135,111504,111,31354,651,303598,54510,146302,117401,113411,33259,140769,148651,268056,131713,50614,54525,181,154,51761,194,189,50842,150558,4070,231085,68641,254990,176492,100447,72920,60771,82234,189593,30987,114772,86210,2981,12905,2308,5280,7537,4856,5949,6887,108820,107053,234921,179168,245729,18298,200293,26964,100,127826,96636,71410,147539,199,149566,134753,222100,99034,178396,163073,4113,192,55777,2704,27511,36193,78319,421,112306,199449,214098,86282,92464,101472,14256,22264,58054,8527,56408,57097,56181,7290,146513,103991,185018,101586,120985,172870,204,178,239,68052,73701,1182,81877,10270,91889,125939,205482,98903,95856,205731,3687,3297,153,4318,102557,18491,124715,314,78192,154024,80714,52307,90244,34055,96769,66418,114606,143314,146523,76444,212,218,99,23154,223106,3714,24040,1235,113186,114838,154789,204111,96834,184977,117936,179819,106,11955,68009,21805,271,175,92575,248817,153614,195282,114931,153729,137473,158221,116559,144198,76963,128767,215,192,202,81050,136380,49060,189599,5604,167205,110965,405,339725,141733,93690,142984,164721,352,245,44797,9750,2903,161,53,5985,206,39748,58559,1900,82520,149950,52933,39162,76795,16260,170733,93170,291050,66740,114622,1293,11096,212,95472,25287,141952,50881,130281,4812,98670,256874,149364,108308,39053,37383,87103,57082,114581,65588,95463,182224,164667,14361,104,106293,89821,23335,57847,156,95236,90021,189859,151557,158871,454,23361,223191,39101,70893,108174,115208,2188,171,167,3534,25239,40027,24176,1856,26192,63740,59711,99246,5778,60457,34890,62766,47525,82882,66702,69887,168,1950,150,3303,8742,96155,171,190,73793,40498,49961,72141,61085,51395,84600,81521,114539,54840,8225,66910,2001,3079,163,3130,3668,118382,207,8298,135688,52739,259,115899,104298,52508,45687,238,52444,62793,83891,122631,113,119,57,150,73988,62447,31163,98,133,9838,7169,2041,158,9653,18479,1154,112,110,41,143,14766,114,100991,2318,120,121,52,81085,4490,5519,0,4432
"GATATGGGTTAGCGCCGAAG",0,0,0,0,0,0,0,0,0,0,0,0,0,0,0,0,0,0,0,0,0,0,0,0,0,0,0,0,0,0,0,0,0,0,0,0,0,0,0,0,0,0,0,0,0,0,0,0,0,0,0,0,0,0,0,0,0,0,0,0,0,0,0,0,0,0,0,0,0,0,0,0,0,0,0,0,0,0,0,0,0,0,0,0,0,0,0,0,0,0,0,0,0,0,0,0,0,0,0,0,0,0,0,0,0,0,0,0,0,0,0,0,0,0,0,0,0,0,0,0,0,0,0,0,0,0,0,0,0,0,0,0,0,0,0,0,0,0,0,0,0,0,0,0,0,0,0,0,0,0,0,0,0,0,0,0,0,0,0,0,0,0,0,0,0,0,0,0,0,0,0,0,0,0,0,0,0,0,0,0,0,0,0,0,0,0,0,0,0,0,0,0,0,0,0,0,0,0,0,0,0,0,0,0,0,0,0,0,0,0,0,0,0,0,0,0,0,0,0,0,0,0,0,0,0,0,0,0,0,0,0,0,0,0,0,0,0,0,0,0,0,0,0,0,0,0,0,0,0,0,0,0,0,0,0,0,0,0,0,0,0,0,0,0,0,0,0,0,0,0,0,0,0,0,0,0,0,0,0,0,0,0,0,0,0,0,0,0,0,0,0,0,0,0,0,0,0,0,0,0,0,0,0,0,0,0,0,0,0,0,0,0,0,0,0,0,0,0,0,0,0,0,0,0,0,0,0,0,0,0,0,0,0,0,0,0,0,0,0,0,0,0,0,0,0,0,0,0,0,0,0,0,0,0,0,0,0,0,0,0,0,0,0,0,0,0,0,0,0,0,0,0,0,0,0,0,0,0
"GGAACAGTTCGACATCTGGT",519,982,965,1719,1931,1561,3,12,1804,1,1,1,4,83,6159,9787,1,2,7,2027,4,5,0,2,1,2,0,6,2986,2,1,1,3,1,3,0,1,0,3,4,3,5,0,1,1,2,2,10,4,0,3,2,7,0,1222,0,5,4,1386,2316,0,4,0,1,1,2,0,4,1,600,6,4,8,5,26332,4133,4,4,10,10,1697,9,0,2,1,777,3,10422,650,803,2,2806,4,1,9685,1,2174,4,2,0,1,4690,1,2,2,3,7293,1,3404,2437,5,7,3,3,1,4,2,54,0,1,5514,0,8,4,1,6,0,2,0,1,2,70,0,0,3,1,1624,6,2,6,0,1,0,0,3,2,3,3,4766,1,4056,1,2651,4,7,896,2,1,2983,6,4,0,4,2,2,0,0,0,1,6,2636,9013,1,4,1,2,1,1,1,214,6,7,9,4,1559,6,5,2500,4132,3,2,2,6,4,5,2,3744,5,4,1479,2,1,3450,3175,3,5336,6,9,2,2,0,5,7,3739,4,4,1,3,470,3,5,1,5,4,6930,0,2,8,2,2,0,3,2,390,7,4,6,4,6,4,4540,157,1789,8,1,6,3,12,3,7,2,0,1,3,2061,13,19087,11,12,7,1,7,16173,22989,11,9285,2,9,0,1,2,2,6516,2,7,10,9,12,37096,11,6,10,4075,23117,11,16,0,433,3,681,5199,179,6,114,8,1,3,551,9,2,5,10,4,1755,7,0,2,953,9,787,3,1,9,0,1,1,7,3,3,4,1,4,4,18593,5996,1,1113,3,12,1094,3,104,9,1,12,12,10,11,202,9,1,7,4,24467,11,3293,5,27105,4,1,2,0,4,2,4,6,1,0,2,0,0,0,0,3,1,2,0,0,0,0,1,5,1,1,0,0,2,1
"GGCGCGATTGGTTGAAAGGG",2456,4020,2984,5836,6684,4880,0,8,1,5,4,6,6,1243,2,6,0,8,1,2,4,625,10103,13891,3,4295,4,15,2477,11,3925,5,6,5,5,6480,0,3,5,6,4,4,4,3,1,4,0,2,1,233,6,11,10,2,8,9008,4,3,2115,4433,1,5,4,2,1,10,1,2,0,383,10,32540,10,9,57529,5004,4,10,13,18,12,14,8839,5,3,6041,309,470,4423,3794,4,2815,8,5,4,4,3812,7,0,6,12,2498,4,4,8,5,17538,6,3,9,3,8,2,6,4,7,3,157,3736,5,4,4,7,12,4,11,1,1,14,4,5,721,7231,3,5264,4,3290,4,2,5,0,1,5065,3,0,5239,3,1,6,8,4,3,1204,3903,2,6,9,3,3132,6,2,4,6,5,2,0,4,4,2,3117,7095,4,3,4,0,3,2,1,2,1773,7,6,15,1,3,3,3,1760,0,4,0,5,1,4,6,5,7618,17,1,2196,4,1,5,6,3759,4072,1733,6505,1,0,3,5,2,5878,5564,2,6,4,6,5688,1,5,3,6,2,6,5404,5,1,4,1,3,5,1034,3,5,4,2,8,6807,1,5,1869,8,6,6,14616,4,4,2,2434,8,6,1615,5397,2,5,3,1,4,2,5,4,5,2384,8078,8,7,2,4,8,4,4,354,1,8,6,4,6,2,7,5,2,23679,3,2,5969,1506,4,4372,9,2,4,586,5,1,4,3335,14,5,9,1039,10,4,3,1,4780,9200,1,2954,950,2,4,0,1,1,11,6,6,1,7386,7,6,2,5,1,6,4186,1,1191,9,213,6,6217,1,3,4,2,52,6,4,5,3174,4,5,1,4,33671,3,7,4,2,4,17,4,8,0,3,2,1,3,378,2,4213,1,7,6,1,3,470,4,6,1,5,2,3,1,179
"CAAATGCAAGGGTCGCGCAG",0,0,0,0,0,0,0,0,0,0,0,0,0,0,0,0,0,0,0,0,0,0,0,0,0,0,0,0,0,0,0,0,0,0,0,0,0,0,0,0,0,0,0,0,0,0,0,0,0,0,0,0,0,0,0,0,0,0,0,0,0,0,0,0,0,0,0,0,0,0,0,0,0,0,0,0,0,0,0,0,0,0,0,0,0,0,0,0,0,0,0,0,0,0,0,0,0,0,0,0,0,0,0,0,0,0,0,0,0,0,0,0,0,0,0,0,0,0,0,0,0,0,0,0,0,0,0,0,0,0,0,0,0,0,0,0,0,0,0,0,0,0,0,0,0,0,0,0,0,0,0,0,0,0,0,0,0,0,0,0,0,0,0,0,0,0,0,0,0,0,0,0,0,0,0,0,0,0,0,0,0,0,0,0,0,0,0,0,0,0,0,0,0,0,0,0,0,0,0,0,0,0,0,0,0,0,0,0,0,0,0,0,0,0,0,0,0,0,0,0,0,0,0,0,0,0,0,0,0,0,0,0,0,0,0,0,0,0,0,0,0,0,0,0,0,0,0,0,0,0,0,0,0,0,0,0,0,0,0,0,0,0,0,0,0,0,0,0,0,0,0,0,0,0,0,0,0,0,0,0,0,0,0,0,0,0,0,0,0,0,0,0,0,0,0,0,0,0,0,0,0,0,0,0,0,0,0,0,0,0,0,0,0,0,0,0,0,0,0,0,0,0,0,0,0,0,0,0,0,0,0,0,0,0,0,0,0,0,0,0,0,0,0,0,0,0,0,0,0,0,0,0,0,0,0,0,0,0,0,0,0,0,0,0,0,0,0,0,0,0,0,0,0,0,0,0,0,0
"CCCACGTCTAGTTGCTCCCT",0,0,6,0,0,5,3,1,0,1,5,5,3,1,2,1,0,1,6,3,0,2,9,5,1,3,34524,1,4600,5,3,5,13141,3,2784,6338,8,4,7,5,5,8,7,7,0,3,8,3,1,0,7,2,7,1,1055,6,14494,1,614,2,4,3,1,3,0,0,3,1,1,2,1,0,2,3,3,1,1,1,1,1,3,1,6,5,1,0,1,565,2,2,1633,1,9095,3,2,2,1845,0,1,2,5,3,2,0,0,2,1,0,3,0,10,4,2,5,13,7903,4,4,4,5,11135,5,5862,3,6,1,0,1,4,2,0,1,0,5,2,5496,1,3,7,1,0,2,3,67,0,1,6,8,156,4006,0,3,0,0,3,7,1,6823,1034,0,2,226,4226,3,5,5,2,5,5,0,4398,1,6,0,0,1,4,3,0,2,1,0,1,1,1,0,6,1156,3,3,23302,9150,2,1,4,2,4,6,6,1483,2,3,3,5,3,1,2,1,1,2,4,2,0,2,0,0,3,1,2,2,2,0,2,1,3084,2,2,0,0,2390,5,3,0,4,0,0,4,0,2,0,1,0,1083,0,1,0,3,1,0,0,7,5,2,5,857,4,7,6,8,6,3,4,8,13907,8634,3812,3,1,0,0,4,2,1,0,2413,5,10,9222,39982,9,7,9,6,2417,6,6,1,0,1,0,1,1,3,1,2,1,0,1669,2,7751,0,1835,4,2480,3,2136,0,0,4,3,557,2675,3,1,0,0,0,0,2,1,6,0,0,0,0,1,1,0,3,1,4,2048,6,4,2,5,4,3,12,5,6577,1,2180,4,13,3,3,0,1,0,4,4,1,3,1,0,0,2,1,9404,0,0,3,1,0,0,3,1,0,1,4,0,0,1,4,1,0,2
"TTAGCAATTCCCTGTTTCAC",0,0,3,8,4,1,0,1,2140,0,8,0,15746,1,1,0,2,0,1015,3,30324,3,4,0,1,0,0,0,3638,0,1,1,0,0,1514,100,1,1,3284,1,2,2,6,0,0,0,0,2,5,0,5,2,6,2,1,4,3,1,1975,1,12,3,10,3,0,3,4,2,2,0,5,2,3,3,1,4366,1,431,1,1,3,2,4,0,0,1,2,0,2,0,0,1,0,0,0,2,1693,1,0,0,4,0,6,0,0,0,0,0,5,3,0,1,0,0,4,2,3,0,4021,2,5704,4,4,2,1,0,0,0,6,12,4,0,0,0,0,0,1,1,0,1,5,0,6,1,3,0,2,0,0,0,2,1,0,0,3,2,1,1,980,1,4,25987,4,2,1,1,1,0,1,5,1701,1,0,0,0,0,2,0,1,1,0,4737,1,1,576,1,1,387,0,0,6,0,3,1,1,0,3,0,0,1537,1,4,2,3407,3099,0,1,0,0,0,5,0,6,0,0,0,1,1,0,0,3589,0,3,0,275,1,1,4,1,4,34589,2,6,4,4,0,2,0,0,0,0,0,1239,0,3,0,0,0,0,0,5,0,4,0,2048,1,7,0,0,1,3,1,5,1,3307,1225,0,1,0,0,4,0,2,0,0,1,0,0,2,0,1,408,0,0,3419,0,2,2,4,3,13137,3,0,1,3,2,0,1,2,3,3,1294,3,1694,2,0,0,1,2,2,92,0,0,0,1,2,1,0,1,1,1,1,0,1,2,2,2,0,2,3,2,25,2,0,3,2,0,0,1127,2,13307,2,1,0,0,1,0,0,0,0,5,0,8,0,5,2,0,0,5,0,3,0,0,1,0,0,5,0,4,0,0,2,0,0,13,0,1,0
"TCTGCTGTAGCTTATCTTAC",1,0,7,5,1,0,0,2,0,0,0,1,1,1,2,1,0,0,0,1,0,0,0,1,0,2,1,2,5023,1,2,2,1,3,1507,12164,2,5646,2,1,3,2,1,0,0,2,0,2,1,1,0,3,8,8755,0,3,2,2,1285,4453,1,4,0,0,0,1,0,1,0,0,1,0,1,1,0,0,0,1,1,0,1,2,0,0,0,1,3,2,2,0,1,0,0,1,3,4,2145,2,0,3,0,0,1,1,1,5750,4028,404,1,1,2,3,0,2,0,0,1,0,1,1,0,1,0,0,0,3,0,2,0,0,1,121,1,0,1,0,1,4596,0,1,0,1,0,0,3,2379,5630,0,2,0,1,3609,0,0,5,1,0,2,2422,4,1,1,1,3,2,0,0,0,4,1,1943,2,0,0,0,2,1,10,970,1,0,2,5301,1,0,0,2854,702,2,4,0,3,0,2,4,7,3852,5,489,583,0,0,5,4,1,14238,2,1,1,0,0,0,0,0,3,3,4,3,2,2,1,0,3,1,3,3,3,1,0,0,0,0,0,1,7124,2,8,4,3,2,6,5,1461,2,1,1,1,4,1,3,2,4,1,0,6761,2,3,6785,4,6,5,5,12959,4,1,1217,3,1,0,0,0,0,1,0,2,0,1,0,1,2,1,2,3,0,1183,4,4,3,1,3,4635,2,1,1,1,0,1,4,0,2,0,947,2,3333,3,4,0,4,4,2,0,2,2,1,2,1,1,11763,3,19517,0,1,5,4,14,2,3,1,3,0,0,57,1,3,1,0,1,2,725,3,2440,4,9125,1,0,1,0,0,0,0,0,0,0,0,1,1,0,0,0,0,0,0,1,2,0,0,0,0,0,0,2,1,0,0,0,0,0,0
"CCCTTGAAGATAGACGTAAT",0,0,0,0,1,0,0,0,0,0,0,0,0,0,1,2,0,1,1,0,0,0,0,1,0,0,0,0,0,0,2,2,0,0,3,1,1,1,1,1,2,1,0,0,0,2,0,0,0,0,1,0,0,0,0,1,0,0,258,0,1,1,0,0,0,0,0,0,0,0,0,1,1,8087,1,0,1,1,2,0,0,2,0,1,0,0,0,0,0,0,0,0,0,0,1,4,162,0,0,0,0,1,0,0,0,5172,1,3,0,1,0,0,0,0,0,1,0,0,0,0,0,0,3,1,0,0,0,1,0,0,0,0,1,0,0,2552,0,2,0,0,0,0,0,0,0,0,0,0,0,1,0,0,0,0,0,0,2,0,0,3,11419,0,0,0,0,0,2,1,2,2,275,0,0,0,0,0,0,0,0,0,0,0,0,0,0,0,0,226,0,0,0,0,0,1,0,0,1,1,0,184,0,0,1,1,2782,1,0,0,0,1,0,1,0,0,0,0,0,0,0,0,0,0,0,0,1,0,0,0,0,1,0,0,0,0,0,0,0,0,0,0,0,0,306,0,0,1,1,0,0,1,0,1,0,1,0,0,1,0,0,0,0,1,0,0,0,2705,0,0,0,0,0,0,0,0,0,0,0,0,0,0,0,0,0,0,0,0,0,0,0,0,0,1,0,2,0,0,0,0,2,0,0,1,0,1,0,0,0,0,0,0,1,0,0,2,0,0,0,0,0,0,0,0,0,0,0,1,0,0,0,0,3,14,0,2,2,0,0,0,4,2,0,0,0,0,0,0,0,0,0,2,0,0,0,0,0,0,0,0,0,0,0,0,1,0,0,0,0,0,0,0,0,0,0,0,0,0,0,0
"CACAGATAGGAGACCGGTAC",0,0,0,3,1,0,1,0,0,0,0,0,3,0,4,0,0,0,0,2,1,1,0,1,0,0,1,0,1657,2,2,0,1,2,1107,0,2,0,0,1,0,0,0,1,0,0,1,0,2,2,2,2,4,0,2,1,1,2,1291,8292,0,1,0,0,0,0,4,0,1,1,2,0,0,0,0,1,1,0,2,1,0,1,0,1,0,0,2,0,2,0,1,0,5089,1,0,2,190,1,0,0,0,1,1,1,0,1,4,0,4130,69,0,0,0,1,0,4129,2,0,1,0,0,0,0,3,1,0,0,0,0,0,0,0,0,0,2223,3,4,4,4,1,0,2,0,0,20138,0,2,4043,8817,8344,0,0,1,3,1,1,0,11303,1085,2,1,1,1,3,0,0,0,0,1,1,1921,2,0,0,0,0,2,238,0,0,0,0,0,2,1,3,3,699,0,1,0,0,0,1,5,4,7407,334,1,575,4,3708,4,5,7,4,2,3,0,1,0,0,4,1,0,0,0,0,1,0,1,0,1,1,0,0,3,0,0,0,0,0,1,0,1,1,2,2740,1,0,1,2,1236,1,0,1,2,0,0,0,0,2,1,0,867,1,3,1,2,0,2,0,5933,2,1,1,3,0,0,0,0,0,2,0,0,0,1,1,0,1,1,0,1,0,0,0,0,1,1,3,4534,4857,0,1,0,3,3,2198,1,1,1,840,0,1957,5,2669,0,0,1,0,1,2,0,0,0,1,3,0,0,1,0,0,0,0,0,1,0,1,1,2,1,452,0,0,0,0,0,0,725,0,2,0,2,1,0,0,2,0,1,1,0,0,4,3,3,0,0,0,0,1,2,2,0,0,0,0,0,4,1,2,1,0,0,0,0,0,2,0
