True_FP,Est_FP,Total_parasites,Barcode_number,Bottleneck_prob
7.024258293,11.00781095,50000000,10,0.0000001
4.006483134,5.996794146,50000000,10,0.0000001
8.117848541,6.07288202,50000000,10,0.0000001
6.883064859,11.08753168,50000000,10,0.0000001
1.965348299,2.249946484,50000000,10,0.0000001
0.988122629,1,50000000,10,0.0000001
7.078858814,5.15981708,50000000,10,0.0000001
6.047178488,7.306401948,50000000,10,0.0000001
5.971689251,7.374711905,50000000,10,0.0000001
3.048080699,3.854815919,50000000,10,0.0000001
1.956196228,2.249471863,50000000,10,0.0000001
5.131094579,2.574533709,50000000,10,0.0000001
4.10473427,3.208021607,50000000,10,0.0000001
5.040693315,8.991855373,50000000,10,0.0000001
6.053914831,7.337496947,50000000,10,0.0000001
9.101279369,5.416503419,50000000,10,0.0000001
5.947793425,3.068446748,50000000,10,0.0000001
4.950072787,5.072727344,50000000,10,0.0000001
8.088551948,35.94651246,50000000,10,0.0000001
3.923033868,3.27383822,50000000,10,0.0000001
6.113624438,4.941383471,50000000,10,0.0000001
5.144284349,3.464354021,50000000,10,0.0000001
3.019552477,3.856347473,50000000,10,0.0000001
6.012332021,13.45480666,50000000,10,0.0000001
1.018831485,1,50000000,10,0.0000001
5.966364688,7.466829517,50000000,10,0.0000001
5.095065768,3.449078693,50000000,10,0.0000001
5.056167918,8.996571788,50000000,10,0.0000001
8.005693972,7.809394352,50000000,10,0.0000001
3.997407205,5.986047764,50000000,10,0.0000001
2.954105352,3.852567457,50000000,10,0.0000001
2.040439547,2.249573245,50000000,10,0.0000001
6.028112024,7.120852063,50000000,10,0.0000001
3.954099482,5.99718411,50000000,10,0.0000001
5.017790574,4.898706552,50000000,10,0.0000001
2.933119256,3.855555187,50000000,10,0.0000001
8.044172023,10.2312511,50000000,10,0.0000001
3.98857465,5.991714965,50000000,10,0.0000001
6.860032525,7.346438079,50000000,10,0.0000001
4.061048161,5.985342782,50000000,10,0.0000001
5.036000438,8.998568736,50000000,10,0.0000001
2.970466978,3.849365945,50000000,10,0.0000001
5.10096821,4.922577033,50000000,10,0.0000001
6.787631638,7.330663828,50000000,10,0.0000001
11.03853843,8.266517663,50000000,10,0.0000001
3.045073049,3.850834169,50000000,10,0.0000001
3.924587112,5.995373553,50000000,10,0.0000001
2.984469298,3.853805759,50000000,10,0.0000001
4.918288897,5.001937983,50000000,10,0.0000001
7.14008606,7.114067239,50000000,10,0.0000001
4.95429798,8.993285014,50000000,10,0.0000001
3.02541359,3.850850798,50000000,10,0.0000001
7.90878658,4.96964173,50000000,10,0.0000001
6.121380162,3.076352497,50000000,10,0.0000001
3.043634864,3.847540746,50000000,10,0.0000001
5.038125309,2.564621753,50000000,10,0.0000001
5.781242927,3.152731036,50000000,10,0.0000001
6.991611319,10.69734722,50000000,10,0.0000001
1.975265722,2.248680415,50000000,10,0.0000001
4.131510828,5.997579161,50000000,10,0.0000001
4.035972135,3.275385495,50000000,10,0.0000001
5.040279161,5.051261313,50000000,10,0.0000001
5.968353545,3.837253534,50000000,10,0.0000001
3.949659219,5.99933158,50000000,10,0.0000001
6.097859939,5.156178738,50000000,10,0.0000001
4.998770092,5.001955049,50000000,10,0.0000001
6.13278832,3.726321721,50000000,10,0.0000001
3.923684787,5.996512665,50000000,10,0.0000001
5.985876895,7.666697634,50000000,10,0.0000001
6.021989975,7.088226103,50000000,10,0.0000001
6.900951309,5.48470725,50000000,10,0.0000001
5.010696705,8.993450494,50000000,10,0.0000001
5.088360887,2.680916066,50000000,10,0.0000001
4.973054196,5.10865313,50000000,10,0.0000001
8.003357206,7.20243877,50000000,10,0.0000001
9.059364394,14.81299429,50000000,10,0.0000001
3.977778283,3.357667003,50000000,10,0.0000001
5.864446257,7.402209878,50000000,10,0.0000001
7.117272271,7.321436692,50000000,10,0.0000001
1.918989026,2.249941924,50000000,10,0.0000001
3.99162247,5.988541087,50000000,10,0.0000001
4.002434739,5.996907171,50000000,10,0.0000001
3.0973376,3.856474569,50000000,10,0.0000001
0.967517787,1,50000000,10,0.0000001
3.973952718,5.991518426,50000000,10,0.0000001
2.929871135,3.855426356,50000000,10,0.0000001
4.059520636,5.992481374,50000000,10,0.0000001
3.030727727,3.850562636,50000000,10,0.0000001
5.034841329,8.979863528,50000000,10,0.0000001
4.845362736,8.998513584,50000000,10,0.0000001
5.11393748,8.991321434,50000000,10,0.0000001
5.039023557,4.940293114,50000000,10,0.0000001
4.915754366,5.12798445,50000000,10,0.0000001
4.064770621,5.995951149,50000000,10,0.0000001
4.982220359,8.983975626,50000000,10,0.0000001
5.865677035,7.516684323,50000000,10,0.0000001
2.987916402,3.851529058,50000000,10,0.0000001
0.956044708,1,50000000,10,0.0000001
2.944502702,3.851635037,50000000,10,0.0000001
1.951053394,1,50000000,10,0.0000001
7.000130048,6.89344032,50000000,20,0.0000001
3.908630471,4.743385704,50000000,20,0.0000001
3.906362027,4.74618035,50000000,20,0.0000001
4.123633217,4.749444671,50000000,20,0.0000001
3.060629226,1.891652108,50000000,20,0.0000001
1.996546591,2.110833884,50000000,20,0.0000001
6.857699333,10.22146086,50000000,20,0.0000001
2.987044196,3.347223154,50000000,20,0.0000001
6.051642552,8.138239429,50000000,20,0.0000001
8.785784512,7.099322585,50000000,20,0.0000001
4.083859673,2.925786415,50000000,20,0.0000001
0,,50000000,20,0.0000001
1.04617154,1,50000000,20,0.0000001
2.951720157,3.350820784,50000000,20,0.0000001
3.944312718,2.965632854,50000000,20,0.0000001
1.994831183,2.108170125,50000000,20,0.0000001
4.035590835,4.745567752,50000000,20,0.0000001
5.066490355,6.325983224,50000000,20,0.0000001
10.87356649,7.727955569,50000000,20,0.0000001
5.002354212,4.143699457,50000000,20,0.0000001
9.052801688,6.731089971,50000000,20,0.0000001
2.912049621,3.352645223,50000000,20,0.0000001
6.002361518,4.201613439,50000000,20,0.0000001
5.84432743,3.431061678,50000000,20,0.0000001
3.991731363,4.746840361,50000000,20,0.0000001
2.937097477,1,50000000,20,0.0000001
1.021122728,1,50000000,20,0.0000001
2.954662576,3.351127995,50000000,20,0.0000001
1.967035664,2.111101972,50000000,20,0.0000001
3.895877195,2.918445437,50000000,20,0.0000001
5.043632422,6.32922731,50000000,20,0.0000001
4.087217166,4.74956847,50000000,20,0.0000001
5.840759604,5.559132388,50000000,20,0.0000001
3.042626429,3.350594869,50000000,20,0.0000001
7.086377058,7.053056242,50000000,20,0.0000001
7.071909624,10.22281774,50000000,20,0.0000001
3.013985417,3.349226175,50000000,20,0.0000001
1.950954355,2.109774575,50000000,20,0.0000001
4.9300056,6.325880088,50000000,20,0.0000001
7.944082247,12.64562775,50000000,20,0.0000001
8.740853134,7.030458493,50000000,20,0.0000001
3.968506401,4.747255129,50000000,20,0.0000001
6.041210415,4.210382556,50000000,20,0.0000001
4.9848031,6.323557912,50000000,20,0.0000001
3.940173406,2.932707375,50000000,20,0.0000001
4.985018445,6.320892404,50000000,20,0.0000001
0,,50000000,20,0.0000001
5.04017361,4.094889327,50000000,20,0.0000001
1.981942141,2.111088208,50000000,20,0.0000001
3.058803858,3.350046411,50000000,20,0.0000001
2.018455431,2.111108826,50000000,20,0.0000001
0.959976807,1,50000000,20,0.0000001
6.198758938,2.06559054,50000000,20,0.0000001
4.979055045,6.327198866,50000000,20,0.0000001
7.925368042,9.036218604,50000000,20,0.0000001
8.007260121,9.095456573,50000000,20,0.0000001
8.040977699,12.643617,50000000,20,0.0000001
4.85581551,4.188438938,50000000,20,0.0000001
2.010412108,2.110532445,50000000,20,0.0000001
4.977751451,4.172125251,50000000,20,0.0000001
3.994730569,4.746866081,50000000,20,0.0000001
3.015726638,3.347499119,50000000,20,0.0000001
0,,50000000,20,0.0000001
2.043679115,2.111110895,50000000,20,0.0000001
5.963828118,8.125510288,50000000,20,0.0000001
7.115408072,10.22471866,50000000,20,0.0000001
1.995526715,2.109800847,50000000,20,0.0000001
1.948283892,2.110211196,50000000,20,0.0000001
3.987768478,4.747084679,50000000,20,0.0000001
5.957459247,5.561666526,50000000,20,0.0000001
2.973094293,3.348779838,50000000,20,0.0000001
2.944777238,3.352500021,50000000,20,0.0000001
3.981744287,2.856061566,50000000,20,0.0000001
4.075404857,2.853029086,50000000,20,0.0000001
7.943699146,12.65520798,50000000,20,0.0000001
5.028433077,6.331745437,50000000,20,0.0000001
2.909359168,3.35221276,50000000,20,0.0000001
5.874361791,4.173257448,50000000,20,0.0000001
4.945653673,4.140677566,50000000,20,0.0000001
9.005323474,8.681166615,50000000,20,0.0000001
5.08235539,4.047906185,50000000,20,0.0000001
9.764085862,10.53248315,50000000,20,0.0000001
7.046398241,7.026222618,50000000,20,0.0000001
7.965448649,8.824000954,50000000,20,0.0000001
6.041771061,8.136713757,50000000,20,0.0000001
3.029500022,1.858820969,50000000,20,0.0000001
6.01184952,5.550196363,50000000,20,0.0000001
6.100078968,5.518088965,50000000,20,0.0000001
5.902825952,5.595098718,50000000,20,0.0000001
7.906642283,12.64911612,50000000,20,0.0000001
5.157208873,3.077542913,50000000,20,0.0000001
2.98916013,3.351399726,50000000,20,0.0000001
1.940816525,2.110834431,50000000,20,0.0000001
2.954461323,1.930012333,50000000,20,0.0000001
5.026538048,6.32782937,50000000,20,0.0000001
5.920179009,8.131179979,50000000,20,0.0000001
5.001204923,6.329082596,50000000,20,0.0000001
2.958909579,3.348414226,50000000,20,0.0000001
7.136960668,6.988961357,50000000,20,0.0000001
3.067816869,1.838160656,50000000,20,0.0000001
5.047029968,5.796938035,49999980,30,0.0000001
4.022679431,4.455127652,49999980,30,0.0000001
8.181298997,5.090348822,49999980,30,0.0000001
6.123175332,7.245956461,49999980,30,0.0000001
3.983627588,4.456418147,49999980,30,0.0000001
2.058122893,2.071022461,49999980,30,0.0000001
2.889706183,3.222051928,49999980,30,0.0000001
7.175047117,6.415227732,49999980,30,0.0000001
8.948541195,9.51768282,49999980,30,0.0000001
9.193443379,4.292902145,49999980,30,0.0000001
4.033547863,2.894906792,49999980,30,0.0000001
3.951533219,4.460476584,49999980,30,0.0000001
6.947400877,6.531357762,49999980,30,0.0000001
2.988589478,3.21809508,49999980,30,0.0000001
2.982928914,3.220670798,49999980,30,0.0000001
6.097139126,7.244935594,49999980,30,0.0000001
5.981934824,7.243431828,49999980,30,0.0000001
4.953720865,5.79731786,49999980,30,0.0000001
2.974991975,3.220867464,49999980,30,0.0000001
7.116132633,8.811110618,49999980,30,0.0000001
2.067327025,2.071420924,49999980,30,0.0000001
7.957151117,7.880707468,49999980,30,0.0000001
8.986135429,12.41487887,49999980,30,0.0000001
0.956862965,1,49999980,30,0.0000001
4.045987095,4.459450746,49999980,30,0.0000001
8.071334186,10.53397977,49999980,30,0.0000001
7.145803725,6.35060249,49999980,30,0.0000001
7.940586528,5.395072394,49999980,30,0.0000001
2.025281905,2.071401323,49999980,30,0.0000001
3.997551748,4.460559148,49999980,30,0.0000001
1.980529138,2.070972602,49999980,30,0.0000001
7.000731974,6.350023388,49999980,30,0.0000001
2.024830399,2.068381453,49999980,30,0.0000001
5.927397844,7.245808375,49999980,30,0.0000001
3.996954158,4.457619808,49999980,30,0.0000001
5.980671279,7.24358353,49999980,30,0.0000001
3.970838978,4.456144038,49999980,30,0.0000001
1.926190361,2.07123129,49999980,30,0.0000001
5.970865815,7.236709588,49999980,30,0.0000001
4.950213793,3.976425804,49999980,30,0.0000001
1.99865037,2.066458393,49999980,30,0.0000001
8.025812662,7.839477848,49999980,30,0.0000001
6.047070771,7.244949673,49999980,30,0.0000001
4.99302408,5.795968415,49999980,30,0.0000001
1.022218964,1,49999980,30,0.0000001
4.066976461,4.459057922,49999980,30,0.0000001
5.141027666,5.795760508,49999980,30,0.0000001
2.979189099,1.869837383,49999980,30,0.0000001
5.005837885,5.797831258,49999980,30,0.0000001
4.901703379,5.79769776,49999980,30,0.0000001
1.963346429,2.071230712,49999980,30,0.0000001
5.056945766,5.794657018,49999980,30,0.0000001
4.855723451,2.942708283,49999980,30,0.0000001
4.005943597,4.461372481,49999980,30,0.0000001
6.004454115,7.247075271,49999980,30,0.0000001
8.196582679,7.789711681,49999980,30,0.0000001
7.978098537,10.52935679,49999980,30,0.0000001
4.921628824,5.791080991,49999980,30,0.0000001
3.033187565,3.218896105,49999980,30,0.0000001
3.011562265,3.220784691,49999980,30,0.0000001
0.953593131,1,49999980,30,0.0000001
5.92055621,7.248267359,49999980,30,0.0000001
2.008431113,2.071253706,49999980,30,0.0000001
8.010340666,7.770374245,49999980,30,0.0000001
1.023998528,1,49999980,30,0.0000001
7.089457707,8.819733137,49999980,30,0.0000001
5.958936755,5.035534501,49999980,30,0.0000001
4.070754829,4.460711799,49999980,30,0.0000001
8.091143228,6.133856839,49999980,30,0.0000001
3.060344091,3.220825725,49999980,30,0.0000001
5.019771197,3.855701782,49999980,30,0.0000001
2.005029693,2.071267332,49999980,30,0.0000001
4.950703837,5.793667788,49999980,30,0.0000001
3.005229544,3.218001806,49999980,30,0.0000001
3.976168686,4.456383268,49999980,30,0.0000001
5.032991587,5.79475827,49999980,30,0.0000001
3.000614685,3.218155555,49999980,30,0.0000001
7.007562933,6.527952494,49999980,30,0.0000001
5.870807895,7.247929009,49999980,30,0.0000001
2.979062149,3.220445757,49999980,30,0.0000001
6.961875875,5.025543277,49999980,30,0.0000001
6.063943035,7.243539433,49999980,30,0.0000001
9.974437426,7.558699276,49999980,30,0.0000001
2.949753915,3.217288468,49999980,30,0.0000001
2.064720635,2.071414236,49999980,30,0.0000001
5.840077398,3.965622359,49999980,30,0.0000001
5.100651763,5.798610379,49999980,30,0.0000001
6.005877467,5.212513094,49999980,30,0.0000001
6.92863347,8.815503748,49999980,30,0.0000001
10.96683123,13.10087998,49999980,30,0.0000001
1.939016397,2.071053382,49999980,30,0.0000001
5.14505649,5.798410749,49999980,30,0.0000001
8.00164564,7.662605685,49999980,30,0.0000001
5.030350265,5.786626805,49999980,30,0.0000001
6.955749462,6.493693403,49999980,30,0.0000001
6.118106914,5.099211247,49999980,30,0.0000001
7.158517384,6.529917371,49999980,30,0.0000001
4.984764726,5.793301357,49999980,30,0.0000001
5.932888374,7.240354913,49999980,30,0.0000001
4.041454786,4.456337987,49999980,30,0.0000001
7.009154524,6.231991776,50000000,40,0.0000001
6.94706748,6.188441128,50000000,40,0.0000001
2.885907522,3.162073726,50000000,40,0.0000001
2.074344268,2.052536913,50000000,40,0.0000001
4.030988058,2.731000913,50000000,40,0.0000001
5.0221228,5.565742625,50000000,40,0.0000001
2.97026423,3.158080611,50000000,40,0.0000001
3.963502741,4.3290151,50000000,40,0.0000001
5.161037319,5.5675555,50000000,40,0.0000001
7.98287465,9.741793271,50000000,40,0.0000001
6.119591663,6.880898159,50000000,40,0.0000001
5.99107929,4.890053298,50000000,40,0.0000001
4.989597575,5.566624939,50000000,40,0.0000001
0,,50000000,40,0.0000001
2.991490861,3.158303204,50000000,40,0.0000001
6.999102368,8.265069566,50000000,40,0.0000001
7.969625535,9.739938686,50000000,40,0.0000001
2.987909826,3.161997024,50000000,40,0.0000001
5.059751426,5.566877451,50000000,40,0.0000001
0,,50000000,40,0.0000001
8.022398179,9.741007121,50000000,40,0.0000001
6.012324588,6.878623431,50000000,40,0.0000001
2.044116472,2.051484805,50000000,40,0.0000001
5.007311099,5.56844122,50000000,40,0.0000001
4.011925641,2.719370061,50000000,40,0.0000001
1.998922074,2.050686795,50000000,40,0.0000001
8.104818165,7.30664222,50000000,40,0.0000001
6.968155838,5.978320363,50000000,40,0.0000001
5.900849849,4.990466732,50000000,40,0.0000001
4.997999588,5.565445425,50000000,40,0.0000001
7.908111421,9.74314377,50000000,40,0.0000001
4.088333475,2.797777532,50000000,40,0.0000001
5.942466791,6.875333755,50000000,40,0.0000001
3.034905847,3.15946999,50000000,40,0.0000001
7.009787559,8.265962016,50000000,40,0.0000001
3.060266669,3.161974624,50000000,40,0.0000001
7.019120007,6.202264734,50000000,40,0.0000001
5.084885443,5.569393557,50000000,40,0.0000001
3.032815057,3.162084416,50000000,40,0.0000001
3.013634234,3.161628132,50000000,40,0.0000001
6.980917347,6.118403023,50000000,40,0.0000001
2.966889285,3.15731788,50000000,40,0.0000001
7.94457151,7.290690291,50000000,40,0.0000001
5.051830689,5.569467327,50000000,40,0.0000001
3.956404943,2.855850359,50000000,40,0.0000001
3.041609112,3.160731906,50000000,40,0.0000001
6.014676289,6.879758412,50000000,40,0.0000001
6.035851208,4.860593684,50000000,40,0.0000001
5.978946915,4.807155695,50000000,40,0.0000001
6.021826185,6.87444716,50000000,40,0.0000001
4.019559535,4.332967282,50000000,40,0.0000001
3.006401819,3.159918496,50000000,40,0.0000001
6.010474948,5.018955835,50000000,40,0.0000001
4.992616065,3.844300761,50000000,40,0.0000001
6.007843886,6.875327114,50000000,40,0.0000001
4.8601163,3.815350387,50000000,40,0.0000001
1.971069248,2.050751044,50000000,40,0.0000001
3.925006185,4.332793491,50000000,40,0.0000001
5.130821132,3.77604941,50000000,40,0.0000001
4.963980513,5.568141404,50000000,40,0.0000001
2.011097669,2.052038626,50000000,40,0.0000001
5.987313102,4.834746833,50000000,40,0.0000001
1.941066461,2.0524416,50000000,40,0.0000001
0.956276772,1,50000000,40,0.0000001
7.072079663,4.931594982,50000000,40,0.0000001
7.068753771,8.26942219,50000000,40,0.0000001
10.98369673,14.77447235,50000000,40,0.0000001
1.948906431,2.051532493,50000000,40,0.0000001
6.999830433,8.268144521,50000000,40,0.0000001
4.943344522,5.565822909,50000000,40,0.0000001
8.113037597,9.740223937,50000000,40,0.0000001
10.15877912,10.19327241,50000000,40,0.0000001
3.068605455,3.160748211,50000000,40,0.0000001
6.971364741,8.267626402,50000000,40,0.0000001
4.97874777,5.56738091,50000000,40,0.0000001
2.045317197,2.052429731,50000000,40,0.0000001
3.964437996,4.331128993,50000000,40,0.0000001
2.93887267,3.160980897,50000000,40,0.0000001
5.026713167,5.567696299,50000000,40,0.0000001
4.91322012,5.568172887,50000000,40,0.0000001
4.955848043,5.563775012,50000000,40,0.0000001
3.032802673,3.159704937,50000000,40,0.0000001
8.074932084,7.386488732,50000000,40,0.0000001
1.941437803,2.05204253,50000000,40,0.0000001
10.05668472,12.98234833,50000000,40,0.0000001
1.007310858,1,50000000,40,0.0000001
0,,50000000,40,0.0000001
9.997331453,12.98986137,50000000,40,0.0000001
3.051699074,3.161467232,50000000,40,0.0000001
4.117913122,4.332133807,50000000,40,0.0000001
6.022784677,4.826591333,50000000,40,0.0000001
6.959048463,8.258755779,50000000,40,0.0000001
6.020160096,6.876374,50000000,40,0.0000001
4.938219631,3.820675594,50000000,40,0.0000001
7.023962925,8.268017663,50000000,40,0.0000001
8.110807313,9.737907487,50000000,40,0.0000001
7.026304908,6.04089556,50000000,40,0.0000001
2.050548134,2.052606671,50000000,40,0.0000001
1.937665174,2.051903427,50000000,40,0.0000001
5.017003342,5.567278746,50000000,40,0.0000001
3.055553695,3.123402739,50000000,50,0.0000001
8.116902591,9.327342525,50000000,50,0.0000001
4.029758601,4.256966963,50000000,50,0.0000001
4.029112787,4.256131642,50000000,50,0.0000001
0.985649114,1,50000000,50,0.0000001
7.116592667,4.815207859,50000000,50,0.0000001
5.068006982,5.442713992,50000000,50,0.0000001
3.988863667,4.259032145,50000000,50,0.0000001
4.077883641,2.749358561,50000000,50,0.0000001
5.942694788,6.678454728,50000000,50,0.0000001
4.961801139,5.435487882,50000000,50,0.0000001
5.964300596,6.676148287,50000000,50,0.0000001
1.93748885,2.041356072,50000000,50,0.0000001
3.964462309,4.259900786,50000000,50,0.0000001
0,,50000000,50,0.0000001
6.09122187,6.677440167,50000000,50,0.0000001
5.073875049,5.441587234,50000000,50,0.0000001
4.915881507,3.832292497,50000000,50,0.0000001
6.013229938,6.678130486,50000000,50,0.0000001
4.011667109,4.255361352,50000000,50,0.0000001
9.023194051,8.573273129,50000000,50,0.0000001
2.926559576,3.126848759,50000000,50,0.0000001
3.054615273,3.126681083,50000000,50,0.0000001
9.115929768,8.330194051,50000000,50,0.0000001
3.921491443,4.257907862,50000000,50,0.0000001
5.023706331,5.43851009,50000000,50,0.0000001
5.125645085,5.440950116,50000000,50,0.0000001
3.948602415,4.256890038,50000000,50,0.0000001
8.096337663,7.084281686,50000000,50,0.0000001
2.94596331,3.124772128,50000000,50,0.0000001
0.978523434,1,50000000,50,0.0000001
2.008417865,2.041100637,50000000,50,0.0000001
7.098424032,7.972341425,50000000,50,0.0000001
7.059979729,7.969907319,50000000,50,0.0000001
8.947102773,10.75190948,50000000,50,0.0000001
5.904141321,3.140602377,50000000,50,0.0000001
2.934106879,3.127556963,50000000,50,0.0000001
4.031188933,4.256961914,50000000,50,0.0000001
2.011492421,2.040120854,50000000,50,0.0000001
8.048060655,5.842337079,50000000,50,0.0000001
3.944002448,4.256745606,50000000,50,0.0000001
7.901649386,9.32560877,50000000,50,0.0000001
4.045072344,4.256638857,50000000,50,0.0000001
4.12041548,4.260612584,50000000,50,0.0000001
3.972933679,4.258561423,50000000,50,0.0000001
5.926758997,6.674135208,50000000,50,0.0000001
6.105627029,6.680433907,50000000,50,0.0000001
6.060334807,6.677392693,50000000,50,0.0000001
6.17212848,6.68087732,50000000,50,0.0000001
3.010534862,3.125360541,50000000,50,0.0000001
1.951870355,2.04152123,50000000,50,0.0000001
5.977553499,6.678417056,50000000,50,0.0000001
2.040063358,2.040418666,50000000,50,0.0000001
1.989230146,2.041410631,50000000,50,0.0000001
10.15482143,9.726288923,50000000,50,0.0000001
5.063821442,5.438226208,50000000,50,0.0000001
6.014016428,6.673071633,50000000,50,0.0000001
8.051799537,9.323378196,50000000,50,0.0000001
6.01747236,6.671682045,50000000,50,0.0000001
4.018868404,4.257708431,50000000,50,0.0000001
0.987385737,1,50000000,50,0.0000001
6.889390424,5.9534562,50000000,50,0.0000001
4.054356601,4.258401619,50000000,50,0.0000001
5.101589005,5.442114144,50000000,50,0.0000001
5.000981035,5.441470764,50000000,50,0.0000001
3.023397269,3.127381269,50000000,50,0.0000001
1.996872769,2.039597728,50000000,50,0.0000001
5.966589939,4.89065907,50000000,50,0.0000001
6.013711684,4.734110273,50000000,50,0.0000001
0.998128748,1,50000000,50,0.0000001
5.899240505,6.680009198,50000000,50,0.0000001
4.102198415,4.259004232,50000000,50,0.0000001
7.998171836,7.292147111,50000000,50,0.0000001
2.038273024,2.041584303,50000000,50,0.0000001
9.061701929,6.885256864,50000000,50,0.0000001
5.95718507,6.675971123,50000000,50,0.0000001
6.003117286,6.679371617,50000000,50,0.0000001
1.99516615,2.041542257,50000000,50,0.0000001
5.083010035,5.443334471,50000000,50,0.0000001
7.110102202,7.97425885,50000000,50,0.0000001
3.029952192,3.126542934,50000000,50,0.0000001
4.050046122,4.259043898,50000000,50,0.0000001
6.816606301,7.97307488,50000000,50,0.0000001
1.939109904,2.04154683,50000000,50,0.0000001
5.07879717,5.438702656,50000000,50,0.0000001
5.038907725,5.437700806,50000000,50,0.0000001
2.989346113,3.125080513,50000000,50,0.0000001
8.930293186,10.74310286,50000000,50,0.0000001
7.06731838,7.971320186,50000000,50,0.0000001
6.950099608,7.969369113,50000000,50,0.0000001
5.948279037,6.675280202,50000000,50,0.0000001
0.993420216,1,50000000,50,0.0000001
9.919395929,12.22907849,50000000,50,0.0000001
4.972867697,3.747950159,50000000,50,0.0000001
3.033837925,3.125313159,50000000,50,0.0000001
6.979452319,7.970954715,50000000,50,0.0000001
8.101401661,9.326197228,50000000,50,0.0000001
4.084333538,2.796750717,50000000,50,0.0000001
5.910335442,6.674409619,50000000,50,0.0000001
4.072045712,4.256688024,50000000,50,0.0000001
4.092673726,4.17549508,49999950,70,0.0000001
7.106927984,7.663784862,49999950,70,0.0000001
4.993968254,3.603858865,49999950,70,0.0000001
8.025295459,8.89153022,49999950,70,0.0000001
2.994072227,3.088972602,49999950,70,0.0000001
5.97614302,6.463088946,49999950,70,0.0000001
8.937171635,10.17321669,49999950,70,0.0000001
4.036294589,4.181797412,49999950,70,0.0000001
5.029420685,5.303703068,49999950,70,0.0000001
3.980342548,4.176420558,49999950,70,0.0000001
4.02801336,4.179513368,49999950,70,0.0000001
6.941397318,7.661823378,49999950,70,0.0000001
6.035463756,6.466330722,49999950,70,0.0000001
3.998198005,4.179437006,49999950,70,0.0000001
3.027600904,3.087436319,49999950,70,0.0000001
10.09609484,11.48963953,49999950,70,0.0000001
7.022885442,7.661802354,49999950,70,0.0000001
2.041224461,2.02906062,49999950,70,0.0000001
3.10201562,3.089046979,49999950,70,0.0000001
4.9698852,5.304416045,49999950,70,0.0000001
4.897207931,5.304288426,49999950,70,0.0000001
1.032860399,1,49999950,70,0.0000001
5.047845923,5.304214506,49999950,70,0.0000001
3.990724271,4.179510793,49999950,70,0.0000001
1.02653238,1,49999950,70,0.0000001
3.933323037,4.180707783,49999950,70,0.0000001
2.954343326,3.086427817,49999950,70,0.0000001
4.016385959,4.177170428,49999950,70,0.0000001
10.9255256,9.065547268,49999950,70,0.0000001
2.971392319,3.088998025,49999950,70,0.0000001
7.143115089,7.662257156,49999950,70,0.0000001
3.977760093,4.179183998,49999950,70,0.0000001
5.962220863,6.460960324,49999950,70,0.0000001
8.033311113,6.896248275,49999950,70,0.0000001
1.986834269,2.028386532,49999950,70,0.0000001
3.024805711,3.089247906,49999950,70,0.0000001
6.010009024,4.683294021,49999950,70,0.0000001
5.850057395,3.720994417,49999950,70,0.0000001
2.997171085,3.086993916,49999950,70,0.0000001
0.957896138,1,49999950,70,0.0000001
4.94138028,5.30689608,49999950,70,0.0000001
6.049179501,6.460794865,49999950,70,0.0000001
8.022217923,6.92191385,49999950,70,0.0000001
6.012100381,6.466568399,49999950,70,0.0000001
6.894546694,7.66264971,49999950,70,0.0000001
0.973347416,1,49999950,70,0.0000001
3.977601867,4.178824181,49999950,70,0.0000001
3.998806613,4.180130864,49999950,70,0.0000001
5.099948528,5.301379643,49999950,70,0.0000001
2.081882116,2.029360451,49999950,70,0.0000001
3.974887426,4.176896312,49999950,70,0.0000001
4.999861677,5.301731592,49999950,70,0.0000001
4.014460515,4.180249241,49999950,70,0.0000001
5.9779954,6.464312318,49999950,70,0.0000001
2.040919646,2.029400172,49999950,70,0.0000001
1.961822255,2.029083116,49999950,70,0.0000001
1.01826214,1,49999950,70,0.0000001
6.02584747,6.464218952,49999950,70,0.0000001
3.964582455,4.177458484,49999950,70,0.0000001
7.00250375,7.655226529,49999950,70,0.0000001
7.089562575,7.661660907,49999950,70,0.0000001
8.015170798,8.897685086,49999950,70,0.0000001
4.066416728,2.726765836,49999950,70,0.0000001
2.969579062,3.08954377,49999950,70,0.0000001
8.015000661,8.893982003,49999950,70,0.0000001
4.916270649,5.304489816,49999950,70,0.0000001
3.975736433,4.176150525,49999950,70,0.0000001
5.021059486,5.301929532,49999950,70,0.0000001
5.030513678,5.302556736,49999950,70,0.0000001
3.986601795,4.180290422,49999950,70,0.0000001
8.951298441,8.217710302,49999950,70,0.0000001
7.890950702,8.891253702,49999950,70,0.0000001
6.785812858,5.824785136,49999950,70,0.0000001
3.042062521,3.084468122,49999950,70,0.0000001
3.926349109,4.179148384,49999950,70,0.0000001
4.965548726,5.306119204,49999950,70,0.0000001
3.088658083,3.088538214,49999950,70,0.0000001
2.037127777,2.027598255,49999950,70,0.0000001
5.933511843,6.462477913,49999950,70,0.0000001
5.970606437,4.769570862,49999950,70,0.0000001
6.030409581,6.463900509,49999950,70,0.0000001
4.123799929,4.179732646,49999950,70,0.0000001
10.87959732,10.66792582,49999950,70,0.0000001
3.029551405,3.088029261,49999950,70,0.0000001
6.964638788,7.658828565,49999950,70,0.0000001
6.066704419,6.467784636,49999950,70,0.0000001
11.07485611,10.52905464,49999950,70,0.0000001
1.045277785,1,49999950,70,0.0000001
6.92663189,7.662181814,49999950,70,0.0000001
2.976089611,3.088500985,49999950,70,0.0000001
1.012546792,1,49999950,70,0.0000001
5.054095253,5.306295483,49999950,70,0.0000001
4.000049451,4.180399439,49999950,70,0.0000001
2.000596094,1,49999950,70,0.0000001
5.865408229,6.461379018,49999950,70,0.0000001
3.987927867,4.175787339,49999950,70,0.0000001
3.949703892,4.178171064,49999950,70,0.0000001
7.032914536,7.66005289,49999950,70,0.0000001
2.964156199,3.087482008,49999950,70,0.0000001
8.846262396,10.17003881,49999950,70,0.0000001
3.992085321,4.122257682,50000000,100,0.0000001
4.909233421,5.206524735,50000000,100,0.0000001
1.962589335,2.018830787,50000000,100,0.0000001
4.038800725,4.123680091,50000000,100,0.0000001
0,,50000000,100,0.0000001
3.937469461,4.124935601,50000000,100,0.0000001
2.994337606,3.058253943,50000000,100,0.0000001
0,,50000000,100,0.0000001
5.970033777,6.315535214,50000000,100,0.0000001
5.967618396,6.314054232,50000000,100,0.0000001
6.037223516,4.667510744,50000000,100,0.0000001
3.965723481,4.121181767,50000000,100,0.0000001
2.036346123,2.020408162,50000000,100,0.0000001
3.095627785,3.061174328,50000000,100,0.0000001
3.968600888,4.123020529,50000000,100,0.0000001
5.077204293,5.207248107,50000000,100,0.0000001
4.04138755,4.122050025,50000000,100,0.0000001
2.875360869,3.061554958,50000000,100,0.0000001
8.9385859,9.781869034,50000000,100,0.0000001
4.009997649,4.120313921,50000000,100,0.0000001
4.950738028,5.206188049,50000000,100,0.0000001
4.027982672,4.119691449,50000000,100,0.0000001
10.01068423,10.99105688,50000000,100,0.0000001
8.877110985,9.782384908,50000000,100,0.0000001
6.957069036,7.444974523,50000000,100,0.0000001
3.996232161,2.664511078,50000000,100,0.0000001
4.957317322,3.744484706,50000000,100,0.0000001
2.03106043,2.018627472,50000000,100,0.0000001
4.046427429,4.120595303,50000000,100,0.0000001
5.031251596,5.20725182,50000000,100,0.0000001
3.095394235,1.813461098,50000000,100,0.0000001
3.039238235,3.059003353,50000000,100,0.0000001
7.040338058,7.445624089,50000000,100,0.0000001
4.984065788,5.209259213,50000000,100,0.0000001
3.988189193,4.123308608,50000000,100,0.0000001
2.988679533,3.058577276,50000000,100,0.0000001
4.905494468,5.21006472,50000000,100,0.0000001
3.940338061,4.121560064,50000000,100,0.0000001
3.88855978,2.750703049,50000000,100,0.0000001
6.925402074,7.448043925,50000000,100,0.0000001
6.045366509,6.313777052,50000000,100,0.0000001
2.073849173,1,50000000,100,0.0000001
10.97860146,12.22276104,50000000,100,0.0000001
3.995137343,4.124186132,50000000,100,0.0000001
6.041141587,6.314415332,50000000,100,0.0000001
6.929516468,5.77704744,50000000,100,0.0000001
3.047103419,3.06088781,50000000,100,0.0000001
8.01142048,8.602863195,50000000,100,0.0000001
9.10388605,9.784775568,50000000,100,0.0000001
5.014056192,3.631810941,50000000,100,0.0000001
4.012467689,4.120595104,50000000,100,0.0000001
4.141023772,4.12445422,50000000,100,0.0000001
3.068639742,3.06135268,50000000,100,0.0000001
6.107537766,6.316959983,50000000,100,0.0000001
3.917924335,4.119960296,50000000,100,0.0000001
8.0842454,6.737607406,50000000,100,0.0000001
7.867953271,8.60072863,50000000,100,0.0000001
4.966772288,5.207953038,50000000,100,0.0000001
8.060504992,8.602665893,50000000,100,0.0000001
4.979845894,5.20597214,50000000,100,0.0000001
6.950721279,7.4458647,50000000,100,0.0000001
4.029961424,4.120927944,50000000,100,0.0000001
5.97213399,4.605501543,50000000,100,0.0000001
6.083647117,6.311579992,50000000,100,0.0000001
1.938616307,2.019709829,50000000,100,0.0000001
3.037910084,3.059748772,50000000,100,0.0000001
4.949084977,5.205935243,50000000,100,0.0000001
3.964087517,4.121623742,50000000,100,0.0000001
9.848988623,8.894642116,50000000,100,0.0000001
4.023488959,4.120278986,50000000,100,0.0000001
1.961187552,2.019360444,50000000,100,0.0000001
7.922129509,8.605371842,50000000,100,0.0000001
5.044392136,3.726253948,50000000,100,0.0000001
2.078539529,2.020321759,50000000,100,0.0000001
8.073156533,8.605828487,50000000,100,0.0000001
3.925025521,4.124394003,50000000,100,0.0000001
3.880054352,4.12346775,50000000,100,0.0000001
6.081844263,6.316185889,50000000,100,0.0000001
8.994249649,9.787050324,50000000,100,0.0000001
6.977482369,5.653869188,50000000,100,0.0000001
6.109515523,6.315846749,50000000,100,0.0000001
5.030160455,5.206971755,50000000,100,0.0000001
3.988511618,4.120938321,50000000,100,0.0000001
10.01079306,7.61912378,50000000,100,0.0000001
2.939151864,3.060094366,50000000,100,0.0000001
5.076351622,5.20963666,50000000,100,0.0000001
0,,50000000,100,0.0000001
2.958178115,3.060570569,50000000,100,0.0000001
4.98738138,5.203508189,50000000,100,0.0000001
9.805234481,9.036609906,50000000,100,0.0000001
3.990742823,2.633867196,50000000,100,0.0000001
1.985855985,2.018854784,50000000,100,0.0000001
7.124325936,7.451519347,50000000,100,0.0000001
6.960829687,7.446615387,50000000,100,0.0000001
5.025849508,5.206393924,50000000,100,0.0000001
8.016561363,8.600941532,50000000,100,0.0000001
8.040938403,8.601944213,50000000,100,0.0000001
3.006529966,3.061021559,50000000,100,0.0000001
5.078395133,5.209306004,50000000,100,0.0000001
5.068670808,5.209546411,50000000,100,0.0000001
4.043382293,4.082344904,49999880,140,0.0000001
4.022587669,4.083331163,49999880,140,0.0000001
4.106809569,4.085882448,49999880,140,0.0000001
4.010900948,4.084641727,49999880,140,0.0000001
3.041296266,3.043330353,49999880,140,0.0000001
2.951481473,3.042011542,49999880,140,0.0000001
7.946377839,8.414613691,49999880,140,0.0000001
3.903999844,4.086786076,49999880,140,0.0000001
7.076246702,7.312956422,49999880,140,0.0000001
7.01450199,7.310523393,49999880,140,0.0000001
3.028387913,3.040424584,49999880,140,0.0000001
7.048292601,7.31208256,49999880,140,0.0000001
5.975750778,6.216737231,49999880,140,0.0000001
8.098368445,8.419408914,49999880,140,0.0000001
2.006065758,2.014045743,49999880,140,0.0000001
2.999936995,3.04368569,49999880,140,0.0000001
7.993317912,8.409253778,49999880,140,0.0000001
8.008555205,8.416480964,49999880,140,0.0000001
3.947158206,4.085210244,49999880,140,0.0000001
3.031125739,3.038766958,49999880,140,0.0000001
4.967497425,5.146732123,49999880,140,0.0000001
1.904797233,2.014488257,49999880,140,0.0000001
5.086572385,5.143814753,49999880,140,0.0000001
5.074160519,5.144296668,49999880,140,0.0000001
7.014077423,7.310228784,49999880,140,0.0000001
7.106146877,7.313244696,49999880,140,0.0000001
3.022727341,3.043794241,49999880,140,0.0000001
3.020675909,3.039466022,49999880,140,0.0000001
0.971022391,1,49999880,140,0.0000001
5.938353209,6.22162788,49999880,140,0.0000001
6.043253834,6.216134627,49999880,140,0.0000001
1.990942881,2.012005267,49999880,140,0.0000001
4.981594741,5.144983891,49999880,140,0.0000001
4.023197874,4.0866383,49999880,140,0.0000001
7.087209802,5.675310428,49999880,140,0.0000001
11.0192029,11.84760438,49999880,140,0.0000001
7.918449585,6.656665732,49999880,140,0.0000001
7.988044587,8.418524311,49999880,140,0.0000001
4.011705625,4.08586103,49999880,140,0.0000001
0,,49999880,140,0.0000001
3.943515166,4.087078807,49999880,140,0.0000001
8.18139509,5.456917092,49999880,140,0.0000001
3.014455618,3.041001145,49999880,140,0.0000001
4.944096739,5.146402585,49999880,140,0.0000001
7.898029592,6.621414143,49999880,140,0.0000001
4.85488777,5.146191261,49999880,140,0.0000001
3.905045772,4.08808169,49999880,140,0.0000001
3.93800596,4.085904706,49999880,140,0.0000001
3.958069883,2.707966006,49999880,140,0.0000001
2.029793905,2.012991564,49999880,140,0.0000001
3.080770936,3.043476863,49999880,140,0.0000001
5.074431338,5.141761861,49999880,140,0.0000001
2.977193485,3.042755132,49999880,140,0.0000001
4.023877204,4.085828215,49999880,140,0.0000001
7.056639143,5.723179272,49999880,140,0.0000001
10.05365146,10.6854394,49999880,140,0.0000001
5.051387142,5.143831739,49999880,140,0.0000001
4.870680469,5.146587238,49999880,140,0.0000001
2.073425123,2.014334161,49999880,140,0.0000001
2.008453323,2.013255811,49999880,140,0.0000001
4.986166333,5.144462136,49999880,140,0.0000001
1.991003015,2.012315061,49999880,140,0.0000001
0.985906898,1,49999880,140,0.0000001
5.064780415,5.145719737,49999880,140,0.0000001
3.85975126,4.087959924,49999880,140,0.0000001
7.03006852,7.309464611,49999880,140,0.0000001
3.089837945,3.043693928,49999880,140,0.0000001
4.953249068,5.143005178,49999880,140,0.0000001
9.070461088,7.750080142,49999880,140,0.0000001
5.080797539,3.630010189,49999880,140,0.0000001
4.019057853,4.087444162,49999880,140,0.0000001
7.088793151,7.305146242,49999880,140,0.0000001
7.026760905,7.307633848,49999880,140,0.0000001
5.995375209,6.217755362,49999880,140,0.0000001
4.088085693,4.082629661,49999880,140,0.0000001
4.030396346,4.084020884,49999880,140,0.0000001
5.990444894,6.220255499,49999880,140,0.0000001
2.040013046,2.014077806,49999880,140,0.0000001
5.987376928,6.221485837,49999880,140,0.0000001
2.024968561,2.014492275,49999880,140,0.0000001
2.997790977,3.04259469,49999880,140,0.0000001
6.914396698,7.310295683,49999880,140,0.0000001
3.978034294,4.083281835,49999880,140,0.0000001
4.911899027,5.144556408,49999880,140,0.0000001
3.975638359,4.08682969,49999880,140,0.0000001
3.921803633,4.086519407,49999880,140,0.0000001
5.919514681,6.220447232,49999880,140,0.0000001
4.997804496,5.144139204,49999880,140,0.0000001
1.028728695,1,49999880,140,0.0000001
1.974390556,2.013060223,49999880,140,0.0000001
4.071903439,4.085870672,49999880,140,0.0000001
7.015411369,7.309730385,49999880,140,0.0000001
8.025514406,8.41837464,49999880,140,0.0000001
5.909962447,6.220387913,49999880,140,0.0000001
1.924806628,2.014234512,49999880,140,0.0000001
5.912633447,6.220124415,49999880,140,0.0000001
4.893913979,5.143179643,49999880,140,0.0000001
5.959754968,6.219764426,49999880,140,0.0000001
6.076566126,6.220346151,49999880,140,0.0000001
3.071628981,3.042702726,49999880,140,0.0000001
3.995613128,4.056915176,49999950,210,0.0000001
6.984944759,7.20273027,49999950,210,0.0000001
2.983945824,3.025968463,49999950,210,0.0000001
4.072366452,4.057924042,49999950,210,0.0000001
6.993009492,7.199428656,49999950,210,0.0000001
1.992140574,2.00961438,49999950,210,0.0000001
7.023955569,7.201519541,49999950,210,0.0000001
4.979162674,5.094247977,49999950,210,0.0000001
4.993849917,5.093505847,49999950,210,0.0000001
4.993669339,5.096043854,49999950,210,0.0000001
3.986425221,4.053540484,49999950,210,0.0000001
6.057574826,6.14237593,49999950,210,0.0000001
1.996754821,2.009277576,49999950,210,0.0000001
6.925485453,5.546623427,49999950,210,0.0000001
3.023856913,3.027115511,49999950,210,0.0000001
7.027934261,7.198371336,49999950,210,0.0000001
4.098209858,4.057266054,49999950,210,0.0000001
6.849869919,5.609034826,49999950,210,0.0000001
2.020813593,2.009218876,49999950,210,0.0000001
3.047048362,3.028667107,49999950,210,0.0000001
6.043796258,6.141176085,49999950,210,0.0000001
12.09040596,12.65714685,49999950,210,0.0000001
1.962222072,2.008923307,49999950,210,0.0000001
5.979356077,6.144347337,49999950,210,0.0000001
5.985828397,6.143038443,49999950,210,0.0000001
4.022713019,4.057729259,49999950,210,0.0000001
2.043173916,2.009518468,49999950,210,0.0000001
6.960414399,7.201141874,49999950,210,0.0000001
3.950732233,4.054333986,49999950,210,0.0000001
10.92410801,9.773003995,49999950,210,0.0000001
8.009207427,6.606316226,49999950,210,0.0000001
5.109034991,5.095976677,49999950,210,0.0000001
6.010725122,6.141186043,49999950,210,0.0000001
3.096793846,3.02876395,49999950,210,0.0000001
7.030836045,7.198829457,49999950,210,0.0000001
5.9423075,6.142446456,49999950,210,0.0000001
3.097676578,3.028514319,49999950,210,0.0000001
4.857556425,5.096207179,49999950,210,0.0000001
2.979253233,3.027080297,49999950,210,0.0000001
5.037172563,5.09316934,49999950,210,0.0000001
8.751305185,9.35625128,49999950,210,0.0000001
0.967696879,1,49999950,210,0.0000001
3.000415698,3.025501734,49999950,210,0.0000001
2.976666975,3.025865697,49999950,210,0.0000001
8.144740212,8.275639925,49999950,210,0.0000001
4.000236961,4.054764463,49999950,210,0.0000001
9.013642734,9.349846048,49999950,210,0.0000001
1.942449088,2.009537978,49999950,210,0.0000001
8.133992887,8.274229974,49999950,210,0.0000001
3.059156113,3.02597277,49999950,210,0.0000001
4.082379495,4.055680632,49999950,210,0.0000001
2.962835884,3.028650177,49999950,210,0.0000001
6.052451851,6.144325529,49999950,210,0.0000001
3.034839734,3.026519879,49999950,210,0.0000001
2.943780625,3.024888698,49999950,210,0.0000001
2.038577509,2.009605819,49999950,210,0.0000001
0.99604888,1,49999950,210,0.0000001
4.036347237,4.054166929,49999950,210,0.0000001
5.928037148,6.142788075,49999950,210,0.0000001
4.921384156,5.092234123,49999950,210,0.0000001
11.98981462,12.65204594,49999950,210,0.0000001
7.064332249,7.201374889,49999950,210,0.0000001
5.150908274,5.094558195,49999950,210,0.0000001
2.034889413,2.009115161,49999950,210,0.0000001
2.968810777,3.027153355,49999950,210,0.0000001
3.06408234,3.027591611,49999950,210,0.0000001
2.935018615,3.02831025,49999950,210,0.0000001
6.074763487,6.142178085,49999950,210,0.0000001
4.952529686,5.093085235,49999950,210,0.0000001
5.933011172,6.14558885,49999950,210,0.0000001
3.930782692,4.057810649,49999950,210,0.0000001
4.058200231,4.055190758,49999950,210,0.0000001
2.979110949,3.026856783,49999950,210,0.0000001
6.018926331,6.138712847,49999950,210,0.0000001
7.875295007,8.271556133,49999950,210,0.0000001
4.028394251,4.057031969,49999950,210,0.0000001
3.037735326,3.027785138,49999950,210,0.0000001
8.000365847,8.271537009,49999950,210,0.0000001
1.026953326,1,49999950,210,0.0000001
6.986269489,7.198472115,49999950,210,0.0000001
8.14792532,8.27071676,49999950,210,0.0000001
4.119050722,4.05818835,49999950,210,0.0000001
3.95649885,4.054315994,49999950,210,0.0000001
4.996987997,5.093936425,49999950,210,0.0000001
5.871506705,6.146687286,49999950,210,0.0000001
7.028567978,7.20456677,49999950,210,0.0000001
2.997700777,3.026972193,49999950,210,0.0000001
4.954013241,5.092866337,49999950,210,0.0000001
6.015219423,6.145193626,49999950,210,0.0000001
7.907739574,8.273523509,49999950,210,0.0000001
3.935452393,4.055168562,49999950,210,0.0000001
6.009759111,6.144876901,49999950,210,0.0000001
6.997054792,7.202764108,49999950,210,0.0000001
3.018453423,3.026752543,49999950,210,0.0000001
6.134622797,6.143946218,49999950,210,0.0000001
1.982653642,2.009556019,49999950,210,0.0000001
2.91432865,3.028952907,49999950,210,0.0000001
6.160777794,6.143605444,49999950,210,0.0000001
1.970661128,2.008662209,49999950,210,0.0000001
6.965051172,7.20210205,49999950,210,0.0000001
1.02710237,1,49999950,350,0.0000001
5.933729165,6.083077745,49999950,350,0.0000001
3.008163223,3.015719519,49999950,350,0.0000001
3.016012118,3.016673869,49999950,350,0.0000001
5.978556077,6.082110845,49999950,350,0.0000001
3.990712799,4.032090355,49999950,350,0.0000001
1.951012024,2.005543526,49999950,350,0.0000001
8.112080672,6.405916281,49999950,350,0.0000001
6.056896039,6.083139085,49999950,350,0.0000001
5.888195749,6.084946268,49999950,350,0.0000001
7.104340317,7.120919291,49999950,350,0.0000001
4.036152703,4.031712111,49999950,350,0.0000001
5.878930708,6.083890488,49999950,350,0.0000001
6.050059545,6.08490506,49999950,350,0.0000001
5.898205188,6.081916198,49999950,350,0.0000001
3.004372581,3.014966965,49999950,350,0.0000001
3.063671202,3.016358189,49999950,350,0.0000001
3.109225655,3.017243306,49999950,350,0.0000001
7.890139437,8.157242853,49999950,350,0.0000001
6.958878708,7.118387476,49999950,350,0.0000001
14.2145219,14.53175691,49999950,350,0.0000001
4.004720545,4.031291882,49999950,350,0.0000001
7.900938731,8.158056325,49999950,350,0.0000001
6.000662663,6.085858802,49999950,350,0.0000001
2.909471936,3.01697786,49999950,350,0.0000001
7.960202676,6.560657211,49999950,350,0.0000001
3.966946592,4.030589693,49999950,350,0.0000001
3.06934573,3.016519213,49999950,350,0.0000001
9.00820082,9.203564594,49999950,350,0.0000001
5.928135812,6.084929218,49999950,350,0.0000001
6.893721448,7.11799653,49999950,350,0.0000001
6.012595996,4.593714784,49999950,350,0.0000001
6.131669077,6.084493385,49999950,350,0.0000001
2.866422069,1.809599366,49999950,350,0.0000001
6.110378568,6.079512069,49999950,350,0.0000001
7.004412946,7.119618829,49999950,350,0.0000001
5.974366237,6.081696231,49999950,350,0.0000001
8.015633272,8.153883658,49999950,350,0.0000001
1.999267833,2.005097085,49999950,350,0.0000001
3.067151764,3.01595622,49999950,350,0.0000001
6.014077636,6.079990205,49999950,350,0.0000001
5.035790421,5.056367339,49999950,350,0.0000001
4.98061041,5.054029237,49999950,350,0.0000001
5.00070871,5.055230516,49999950,350,0.0000001
8.093220409,8.156576479,49999950,350,0.0000001
2.940437313,3.013078088,49999950,350,0.0000001
4.981026746,5.053470098,49999950,350,0.0000001
8.030614753,8.155829977,49999950,350,0.0000001
10.00058475,8.416687657,49999950,350,0.0000001
5.05837276,5.055539743,49999950,350,0.0000001
5.014471902,5.056564643,49999950,350,0.0000001
3.982379383,4.029809053,49999950,350,0.0000001
5.945403974,6.079556816,49999950,350,0.0000001
7.983809761,8.158715292,49999950,350,0.0000001
5.982586359,6.082771126,49999950,350,0.0000001
11.10847205,11.31562319,49999950,350,0.0000001
1.994187075,2.002141832,49999950,350,0.0000001
3.117082936,3.017275507,49999950,350,0.0000001
3.970215682,4.032398075,49999950,350,0.0000001
3.035752117,3.016320988,49999950,350,0.0000001
3.036577609,3.015089593,49999950,350,0.0000001
5.954935421,6.082548876,49999950,350,0.0000001
3.05007657,3.017254038,49999950,350,0.0000001
7.92176744,8.158557927,49999950,350,0.0000001
6.886545516,7.118406957,49999950,350,0.0000001
6.969213588,7.11676487,49999950,350,0.0000001
4.969388953,5.053782897,49999950,350,0.0000001
4.050928926,4.032711281,49999950,350,0.0000001
7.074745211,7.119412172,49999950,350,0.0000001
0.951113806,1,49999950,350,0.0000001
7.860834627,8.152956067,49999950,350,0.0000001
10.02929391,8.533977473,49999950,350,0.0000001
9.961034848,10.25703841,49999950,350,0.0000001
5.968854738,6.083102277,49999950,350,0.0000001
2.012160269,2.00570601,49999950,350,0.0000001
2.980482952,3.016287493,49999950,350,0.0000001
4.067890217,4.029154553,49999950,350,0.0000001
7.083957373,7.117683823,49999950,350,0.0000001
4.043451774,4.030531034,49999950,350,0.0000001
4.923824138,5.054779453,49999950,350,0.0000001
8.919657924,9.203612331,49999950,350,0.0000001
8.078019637,8.159569467,49999950,350,0.0000001
6.007521277,6.08336036,49999950,350,0.0000001
3.882806068,4.033819719,49999950,350,0.0000001
5.066713406,5.053850406,49999950,350,0.0000001
5.007526415,5.05380525,49999950,350,0.0000001
3.123825084,3.017206146,49999950,350,0.0000001
5.970328701,6.085221872,49999950,350,0.0000001
5.971019351,6.082806324,49999950,350,0.0000001
9.122964974,9.204323215,49999950,350,0.0000001
6.914160894,7.117620958,49999950,350,0.0000001
1.969900183,2.005009706,49999950,350,0.0000001
8.00828291,8.155212711,49999950,350,0.0000001
4.991168616,5.054769229,49999950,350,0.0000001
9.849360069,10.2581772,49999950,350,0.0000001
3.986237282,4.032943696,49999950,350,0.0000001
6.006236453,6.081682236,49999950,350,0.0000001
7.057706082,7.113956345,49999950,350,0.0000001
3.907823771,4.030382528,49999950,350,0.0000001
6.003177322,6.080261662,49999950,350,0.0000001
4.005048615,4.020920486,50000000,500,0.0000001
5.982189926,6.055325886,50000000,500,0.0000001
6.075979138,6.056696316,50000000,500,0.0000001
0.977676404,1,50000000,500,0.0000001
2.084631938,2.004000502,50000000,500,0.0000001
9.958799576,10.17343969,50000000,500,0.0000001
6.885875874,4.471904113,50000000,500,0.0000001
4.080385039,4.02163275,50000000,500,0.0000001
5.010431474,5.037685275,50000000,500,0.0000001
2.027257466,2.00371736,50000000,500,0.0000001
6.087682946,6.055608296,50000000,500,0.0000001
10.09497977,10.17938037,50000000,500,0.0000001
3.998525714,4.023030946,50000000,500,0.0000001
6.017843899,6.057502668,50000000,500,0.0000001
2.923491856,3.011913009,50000000,500,0.0000001
5.962418946,6.058185313,50000000,500,0.0000001
7.072651518,7.079609138,50000000,500,0.0000001
2.029607934,2.00255201,50000000,500,0.0000001
5.99421677,6.054550587,50000000,500,0.0000001
5.948083029,6.057250787,50000000,500,0.0000001
8.898344717,9.139063985,50000000,500,0.0000001
9.019748327,9.13888606,50000000,500,0.0000001
4.90228327,5.036350545,50000000,500,0.0000001
7.902615746,8.108973768,50000000,500,0.0000001
5.03212052,5.033051375,50000000,500,0.0000001
5.863141489,6.058705537,50000000,500,0.0000001
1.027143819,1,50000000,500,0.0000001
4.959330549,5.035659532,50000000,500,0.0000001
2.905928217,3.011782921,50000000,500,0.0000001
5.960158194,6.056603551,50000000,500,0.0000001
6.947128627,7.080425192,50000000,500,0.0000001
1.044466314,1,50000000,500,0.0000001
6.941697133,7.078043391,50000000,500,0.0000001
3.028246424,3.011185177,50000000,500,0.0000001
8.918769137,9.142053349,50000000,500,0.0000001
7.072235842,7.083798249,50000000,500,0.0000001
5.02083571,5.036777175,50000000,500,0.0000001
5.932439066,6.058346781,50000000,500,0.0000001
0.950975679,1,50000000,500,0.0000001
3.99574159,4.020460846,50000000,500,0.0000001
2.929264163,3.011478108,50000000,500,0.0000001
7.116722844,7.080259038,50000000,500,0.0000001
4.908254777,5.038120583,50000000,500,0.0000001
5.021009573,5.037700626,50000000,500,0.0000001
3.048942393,3.011790925,50000000,500,0.0000001
2.932261985,3.011686921,50000000,500,0.0000001
3.065863415,3.010549796,50000000,500,0.0000001
2.914815013,3.011525226,50000000,500,0.0000001
0,,50000000,500,0.0000001
4.952357768,5.036056662,50000000,500,0.0000001
6.049332728,6.053906143,50000000,500,0.0000001
3.055960549,3.011345773,50000000,500,0.0000001
8.19738705,8.112140019,50000000,500,0.0000001
5.074005463,5.038415929,50000000,500,0.0000001
7.097800872,7.078621766,50000000,500,0.0000001
3.027890722,3.010737469,50000000,500,0.0000001
4.948499484,5.035977176,50000000,500,0.0000001
2.990992255,3.008577404,50000000,500,0.0000001
3.931225498,4.017986872,50000000,500,0.0000001
8.035313369,8.104038019,50000000,500,0.0000001
6.831177159,7.081273439,50000000,500,0.0000001
4.907386256,5.038161179,50000000,500,0.0000001
4.896929696,5.037057702,50000000,500,0.0000001
6.002248284,6.057306844,50000000,500,0.0000001
6.161762832,6.059423415,50000000,500,0.0000001
2.942572043,3.011459316,50000000,500,0.0000001
7.021207209,7.078073952,50000000,500,0.0000001
3.898456285,4.023835545,50000000,500,0.0000001
2.968469308,3.010309816,50000000,500,0.0000001
4.866600033,5.039861794,50000000,500,0.0000001
5.941514093,6.058299727,50000000,500,0.0000001
5.028433408,5.034456713,50000000,500,0.0000001
6.009121579,6.054571938,50000000,500,0.0000001
4.845181923,5.040106765,50000000,500,0.0000001
1.98038013,2.002572591,50000000,500,0.0000001
3.982801602,4.021516177,50000000,500,0.0000001
5.994403779,6.056016962,50000000,500,0.0000001
5.961039899,6.057962369,50000000,500,0.0000001
5.003532059,3.564041511,50000000,500,0.0000001
4.066365717,4.018695631,50000000,500,0.0000001
0.953115926,1,50000000,500,0.0000001
6.992377016,7.07963408,50000000,500,0.0000001
1.019177127,1,50000000,500,0.0000001
6.026984063,6.057608712,50000000,500,0.0000001
3.042286391,3.008419292,50000000,500,0.0000001
8.864943746,9.139553593,50000000,500,0.0000001
4.963087078,5.036715318,50000000,500,0.0000001
5.096412554,5.035414931,50000000,500,0.0000001
2.008398653,2.000115008,50000000,500,0.0000001
3.03155265,3.011437053,50000000,500,0.0000001
4.934569784,5.035633686,50000000,500,0.0000001
6.055747038,6.057435535,50000000,500,0.0000001
7.032032017,5.47047193,50000000,500,0.0000001
7.009188403,7.081054619,50000000,500,0.0000001
6.884543413,7.082307318,50000000,500,0.0000001
3.9276718,4.020336747,50000000,500,0.0000001
3.95345308,4.020454276,50000000,500,0.0000001
4.97206325,5.035671776,50000000,500,0.0000001
4.005172648,4.024090559,50000000,500,0.0000001
2.055432093,2.003314193,50000000,500,0.0000001
33.54613024,57.95653474,50000000,10,0.0000005
21.42652221,17.39445193,50000000,10,0.0000005
20.28357134,35.16789558,50000000,10,0.0000005
22.18726375,17.16379977,50000000,10,0.0000005
21.86069012,39.21114715,50000000,10,0.0000005
31.23222817,23.52988495,50000000,10,0.0000005
33.24821321,53.96341219,50000000,10,0.0000005
30.41740004,26.55667122,50000000,10,0.0000005
22.84388886,26.00754805,50000000,10,0.0000005
19.04555436,13.27493424,50000000,10,0.0000005
20.27430736,14.14929847,50000000,10,0.0000005
32.22773738,28.7833104,50000000,10,0.0000005
20.82053674,30.87673944,50000000,10,0.0000005
27.49527055,31.89409279,50000000,10,0.0000005
25.21068061,27.25774792,50000000,10,0.0000005
29.54366603,25.04475063,50000000,10,0.0000005
26.53430632,11.02319578,50000000,10,0.0000005
25.39773542,36.64437748,50000000,10,0.0000005
22.27328835,12.33707861,50000000,10,0.0000005
24.2522694,74.79261418,50000000,10,0.0000005
22.87119009,21.41561775,50000000,10,0.0000005
18.79029042,29.59057694,50000000,10,0.0000005
19.52556013,31.02463372,50000000,10,0.0000005
32.56008925,51.57407182,50000000,10,0.0000005
27.35899105,22.91360501,50000000,10,0.0000005
23.09741297,12.52905154,50000000,10,0.0000005
32.53313222,41.33508244,50000000,10,0.0000005
33.47653275,27.89295367,50000000,10,0.0000005
23.94764211,76.12320141,50000000,10,0.0000005
20.14039415,16.64252885,50000000,10,0.0000005
22.72707751,77.98087032,50000000,10,0.0000005
28.60007098,45.97444776,50000000,10,0.0000005
17.7385632,16.55003324,50000000,10,0.0000005
22.53371879,30.27536066,50000000,10,0.0000005
21.36092153,13.32851423,50000000,10,0.0000005
25.01641298,15.13941894,50000000,10,0.0000005
32.69847644,35.31585596,50000000,10,0.0000005
23.1882351,38.28798047,50000000,10,0.0000005
29.60909728,19.68222405,50000000,10,0.0000005
18.06853039,52.1921478,50000000,10,0.0000005
23.9072093,22.33842467,50000000,10,0.0000005
27.5583138,31.27179003,50000000,10,0.0000005
25.20200714,17.39247179,50000000,10,0.0000005
27.13352202,22.37413929,50000000,10,0.0000005
21.1659489,23.25893339,50000000,10,0.0000005
20.04801101,28.96518312,50000000,10,0.0000005
14.96610142,24.51541651,50000000,10,0.0000005
23.60542632,15.01371867,50000000,10,0.0000005
27.99125124,17.64273589,50000000,10,0.0000005
15.92779533,27.15822161,50000000,10,0.0000005
20.60785415,47.23080201,50000000,10,0.0000005
31.33421769,32.33984881,50000000,10,0.0000005
23.79490811,20.45314235,50000000,10,0.0000005
22.55630887,30.0891359,50000000,10,0.0000005
21.15500378,35.5005651,50000000,10,0.0000005
24.73874945,20.98540099,50000000,10,0.0000005
26.62426004,21.79948884,50000000,10,0.0000005
30.82726087,18.44039878,50000000,10,0.0000005
22.85842826,25.1651568,50000000,10,0.0000005
20.67601449,23.26559293,50000000,10,0.0000005
20.0870171,18.64770926,50000000,10,0.0000005
32.29387186,50.08422804,50000000,10,0.0000005
32.23973059,18.30773962,50000000,10,0.0000005
20.32954919,45.19873494,50000000,10,0.0000005
26.81710228,56.4719595,50000000,10,0.0000005
26.12549928,16.17781823,50000000,10,0.0000005
24.04759599,40.78435403,50000000,10,0.0000005
20.05581601,37.61147508,50000000,10,0.0000005
24.79048602,27.77321645,50000000,10,0.0000005
15.85848485,14.0924441,50000000,10,0.0000005
26.59052589,47.96327961,50000000,10,0.0000005
27.24413019,19.78434983,50000000,10,0.0000005
21.70517092,20.89534108,50000000,10,0.0000005
23.65763807,44.10327041,50000000,10,0.0000005
31.19439002,41.81229621,50000000,10,0.0000005
17.84451863,25.49598184,50000000,10,0.0000005
31.11651773,39.99390087,50000000,10,0.0000005
19.1258843,29.52866409,50000000,10,0.0000005
36.87177839,39.01095988,50000000,10,0.0000005
23.14117209,14.23176754,50000000,10,0.0000005
28.18312078,30.72484502,50000000,10,0.0000005
31.28536682,14.28908149,50000000,10,0.0000005
32.73176163,51.43252964,50000000,10,0.0000005
21.17956899,16.62606407,50000000,10,0.0000005
29.03174977,29.30801602,50000000,10,0.0000005
21.75529052,17.30135503,50000000,10,0.0000005
23.07009527,12.11794165,50000000,10,0.0000005
25.91364831,60.73591682,50000000,10,0.0000005
21.89485809,16.86954166,50000000,10,0.0000005
18.31062855,10.55676449,50000000,10,0.0000005
22.85653824,9.325038822,50000000,10,0.0000005
27.04300436,39.45795987,50000000,10,0.0000005
21.13737216,16.63635385,50000000,10,0.0000005
25.86826017,30.8282928,50000000,10,0.0000005
15.05320192,24.56864997,50000000,10,0.0000005
13.77846399,28.14757766,50000000,10,0.0000005
26.67950231,42.42388353,50000000,10,0.0000005
33.9155649,55.07938079,50000000,10,0.0000005
20.05168975,7.105414413,50000000,10,0.0000005
27.24810655,16.14672975,50000000,10,0.0000005
22.97375198,17.50648679,50000000,20,0.0000005
21.03362498,15.77925224,50000000,20,0.0000005
26.36609884,25.85654273,50000000,20,0.0000005
23.24558509,20.20211044,50000000,20,0.0000005
21.7020208,33.53375941,50000000,20,0.0000005
31.19992115,50.0067224,50000000,20,0.0000005
30.41669356,22.59399377,50000000,20,0.0000005
17.09435108,12.05225663,50000000,20,0.0000005
25.55358419,22.71353715,50000000,20,0.0000005
18.84583917,22.98257274,50000000,20,0.0000005
20.98550351,24.98919937,50000000,20,0.0000005
13.03255984,12.66298799,50000000,20,0.0000005
20.08289868,21.18605653,50000000,20,0.0000005
18.98936746,20.50598619,50000000,20,0.0000005
28.67987788,33.82766378,50000000,20,0.0000005
25.70948085,24.25606787,50000000,20,0.0000005
35.27345479,34.49962831,50000000,20,0.0000005
25.5372776,19.65618344,50000000,20,0.0000005
35.32618195,25.59856248,50000000,20,0.0000005
22.93094839,15.32712014,50000000,20,0.0000005
23.03902013,26.52425712,50000000,20,0.0000005
20.15771369,14.40179326,50000000,20,0.0000005
31.00937908,37.181888,50000000,20,0.0000005
27.03627747,30.79209869,50000000,20,0.0000005
21.83972742,23.13039313,50000000,20,0.0000005
27.01742135,42.13508621,50000000,20,0.0000005
28.84766828,20.38191603,50000000,20,0.0000005
25.47110433,17.15419891,50000000,20,0.0000005
23.89201786,19.93200282,50000000,20,0.0000005
19.78599178,23.84941999,50000000,20,0.0000005
21.7897446,25.96771223,50000000,20,0.0000005
24.04316357,23.49017024,50000000,20,0.0000005
27.0263198,24.70734353,50000000,20,0.0000005
26.94550664,31.0423871,50000000,20,0.0000005
20.91051136,45.73290004,50000000,20,0.0000005
22.12024131,33.16731568,50000000,20,0.0000005
23.93272001,18.34952505,50000000,20,0.0000005
29.53826258,23.68187367,50000000,20,0.0000005
25.22960337,33.41948804,50000000,20,0.0000005
18.69860837,22.79065138,50000000,20,0.0000005
27.69261922,28.17115711,50000000,20,0.0000005
23.95019785,27.62321678,50000000,20,0.0000005
18.01845177,17.4267957,50000000,20,0.0000005
34.22476264,48.26241575,50000000,20,0.0000005
34.20075819,33.08268927,50000000,20,0.0000005
23.88807383,26.20338446,50000000,20,0.0000005
25.04200956,22.77350354,50000000,20,0.0000005
19.31401123,19.60720063,50000000,20,0.0000005
28.52615095,32.4374957,50000000,20,0.0000005
22.79987309,17.71632404,50000000,20,0.0000005
13.07574663,24.58843653,50000000,20,0.0000005
29.92130292,26.92661215,50000000,20,0.0000005
23.77923603,21.6209605,50000000,20,0.0000005
19.7350619,23.57617446,50000000,20,0.0000005
22.36942665,22.66699567,50000000,20,0.0000005
22.0569362,29.1690893,50000000,20,0.0000005
26.0904119,21.04509327,50000000,20,0.0000005
13.01063866,15.2073274,50000000,20,0.0000005
27.78086545,40.56615002,50000000,20,0.0000005
22.58722005,20.80953473,50000000,20,0.0000005
30.9629845,33.37845378,50000000,20,0.0000005
26.69111665,34.2974324,50000000,20,0.0000005
31.2337964,33.80107989,50000000,20,0.0000005
22.65669414,27.00081378,50000000,20,0.0000005
25.96233573,28.17938714,50000000,20,0.0000005
21.06195137,16.12489892,50000000,20,0.0000005
31.85189059,39.81484968,50000000,20,0.0000005
24.84878361,29.91430594,50000000,20,0.0000005
31.99657269,42.6845278,50000000,20,0.0000005
25.09484924,21.09469546,50000000,20,0.0000005
31.97842141,33.74318757,50000000,20,0.0000005
24.69787029,17.73461534,50000000,20,0.0000005
18.82628334,10.02704264,50000000,20,0.0000005
18.93375321,16.27946216,50000000,20,0.0000005
23.18886097,29.65133826,50000000,20,0.0000005
30.20253795,31.53399088,50000000,20,0.0000005
19.23154523,31.07905086,50000000,20,0.0000005
32.1940924,38.4949686,50000000,20,0.0000005
22.18443319,25.57840423,50000000,20,0.0000005
22.06954128,21.04476795,50000000,20,0.0000005
28.9203106,22.10230551,50000000,20,0.0000005
24.89317203,38.41566519,50000000,20,0.0000005
26.01214763,52.35184183,50000000,20,0.0000005
26.95115553,28.17983827,50000000,20,0.0000005
20.37935041,30.69823778,50000000,20,0.0000005
26.84056072,65.69285739,50000000,20,0.0000005
27.04872499,19.92787182,50000000,20,0.0000005
20.14170939,18.75851232,50000000,20,0.0000005
31.09094073,21.79694479,50000000,20,0.0000005
29.81285955,42.29959997,50000000,20,0.0000005
23.95861356,14.00975485,50000000,20,0.0000005
28.67295672,31.67259157,50000000,20,0.0000005
25.62438561,20.92176261,50000000,20,0.0000005
31.03448057,34.73712848,50000000,20,0.0000005
27.01374694,28.42708664,50000000,20,0.0000005
28.03249385,22.55528049,50000000,20,0.0000005
25.18677995,25.60771139,50000000,20,0.0000005
23.92318296,18.96786689,50000000,20,0.0000005
19.95043613,21.3080724,50000000,20,0.0000005
21.01632465,24.20676639,50000000,20,0.0000005
31.05217784,43.19478169,49999980,30,0.0000005
26.57944905,19.36824755,49999980,30,0.0000005
18.88990202,23.21893331,49999980,30,0.0000005
29.22388583,35.19855002,49999980,30,0.0000005
24.80915512,33.30757861,49999980,30,0.0000005
19.6883,23.4602792,49999980,30,0.0000005
16.84440367,14.42585687,49999980,30,0.0000005
20.06998403,26.12000451,49999980,30,0.0000005
17.84913753,28.28813442,49999980,30,0.0000005
22.95333544,37.86191164,49999980,30,0.0000005
21.74438328,17.82639573,49999980,30,0.0000005
30.08757838,33.15996152,49999980,30,0.0000005
31.40067881,34.16702307,49999980,30,0.0000005
20.9092105,16.59918183,49999980,30,0.0000005
19.91886648,22.92725007,49999980,30,0.0000005
25.62801277,19.24346008,49999980,30,0.0000005
24.87638929,42.74527955,49999980,30,0.0000005
34.93622447,45.97771665,49999980,30,0.0000005
19.83744467,17.12331527,49999980,30,0.0000005
17.93520835,10.06919022,49999980,30,0.0000005
22.95939484,18.74203398,49999980,30,0.0000005
19.83040747,20.94014149,49999980,30,0.0000005
21.12905871,19.05485779,49999980,30,0.0000005
29.21021802,35.98880313,49999980,30,0.0000005
28.10282238,29.55851585,49999980,30,0.0000005
22.07164525,25.56775205,49999980,30,0.0000005
21.79082082,21.82326565,49999980,30,0.0000005
22.87140487,32.84886402,49999980,30,0.0000005
18.8888764,20.70846156,49999980,30,0.0000005
24.13868792,23.11574269,49999980,30,0.0000005
35.05357384,42.41035268,49999980,30,0.0000005
28.00385664,18.41148482,49999980,30,0.0000005
33.99807299,47.73384906,49999980,30,0.0000005
21.99227638,19.64948394,49999980,30,0.0000005
22.90256018,23.85197976,49999980,30,0.0000005
26.08854845,34.3322562,49999980,30,0.0000005
24.00957095,26.74871859,49999980,30,0.0000005
25.77064067,20.77018981,49999980,30,0.0000005
25.03248491,27.77774953,49999980,30,0.0000005
19.08725893,23.15862762,49999980,30,0.0000005
22.06106134,19.53151715,49999980,30,0.0000005
15.82345342,18.72018715,49999980,30,0.0000005
32.15428489,37.4121352,49999980,30,0.0000005
32.07131894,22.88420973,49999980,30,0.0000005
24.97048466,25.01367205,49999980,30,0.0000005
25.30278738,17.06919273,49999980,30,0.0000005
28.78025597,25.46767925,49999980,30,0.0000005
20.8201015,21.27719388,49999980,30,0.0000005
32.89122651,56.60657649,49999980,30,0.0000005
27.2334004,17.9876511,49999980,30,0.0000005
28.90035721,21.1961011,49999980,30,0.0000005
27.01931137,21.28355718,49999980,30,0.0000005
32.08552065,29.19862795,49999980,30,0.0000005
24.77039838,22.99244778,49999980,30,0.0000005
27.99754819,31.09041807,49999980,30,0.0000005
23.00140311,26.23466547,49999980,30,0.0000005
27.88100365,29.88741578,49999980,30,0.0000005
20.20851461,23.12296179,49999980,30,0.0000005
17.9445296,16.05385202,49999980,30,0.0000005
16.79390837,21.01917221,49999980,30,0.0000005
21.77971629,23.55042489,49999980,30,0.0000005
26.30790921,27.83804933,49999980,30,0.0000005
20.0079587,15.36207374,49999980,30,0.0000005
20.14269739,36.33210371,49999980,30,0.0000005
27.88450361,35.053534,49999980,30,0.0000005
25.63862811,34.11151855,49999980,30,0.0000005
23.84701963,20.57205985,49999980,30,0.0000005
25.12628596,33.17109527,49999980,30,0.0000005
28.85524628,24.87866818,49999980,30,0.0000005
25.94820172,48.8468882,49999980,30,0.0000005
37.69503629,31.93253085,49999980,30,0.0000005
25.95608207,26.24011439,49999980,30,0.0000005
29.88836427,32.3524924,49999980,30,0.0000005
31.04517051,33.36602857,49999980,30,0.0000005
19.72985544,36.53230999,49999980,30,0.0000005
22.70703298,24.11615647,49999980,30,0.0000005
24.23427094,29.15575625,49999980,30,0.0000005
18.89424307,20.01950973,49999980,30,0.0000005
28.03819237,41.67146809,49999980,30,0.0000005
28.73664551,38.94143365,49999980,30,0.0000005
33.96706898,24.12107557,49999980,30,0.0000005
29.0737041,32.48804917,49999980,30,0.0000005
22.00907237,21.67854446,49999980,30,0.0000005
25.10669569,41.21813041,49999980,30,0.0000005
34.20386715,34.90974669,49999980,30,0.0000005
16.08749889,21.76501016,49999980,30,0.0000005
22.00362146,21.34249138,49999980,30,0.0000005
27.9765953,42.51169901,49999980,30,0.0000005
29.23315644,42.74026465,49999980,30,0.0000005
21.04218387,25.9641471,49999980,30,0.0000005
20.15455407,30.03909833,49999980,30,0.0000005
39.99232542,18.77359019,49999980,30,0.0000005
19.98341306,17.40420292,49999980,30,0.0000005
26.78054123,31.90256917,49999980,30,0.0000005
17.8625218,13.56199396,49999980,30,0.0000005
21.91582507,21.150598,49999980,30,0.0000005
30.06509694,27.12860115,49999980,30,0.0000005
26.92195735,22.54937137,49999980,30,0.0000005
21.71982796,21.70630987,49999980,30,0.0000005
17.97340904,20.88054261,49999980,30,0.0000005
20.04587128,21.81553562,50000000,40,0.0000005
37.00658795,57.09141485,50000000,40,0.0000005
30.67702118,32.12467798,50000000,40,0.0000005
20.81658216,27.2766073,50000000,40,0.0000005
22.86704266,26.27924047,50000000,40,0.0000005
30.93803604,34.30834159,50000000,40,0.0000005
30.8321937,30.34814015,50000000,40,0.0000005
34.86759368,27.01227868,50000000,40,0.0000005
16.93956259,14.20994456,50000000,40,0.0000005
38.26889102,36.86134619,50000000,40,0.0000005
24.25931561,25.8164835,50000000,40,0.0000005
20.99952868,16.39483623,50000000,40,0.0000005
27.88074595,25.34127389,50000000,40,0.0000005
24.0570055,22.01680888,50000000,40,0.0000005
28.13972007,30.5537248,50000000,40,0.0000005
33.1600883,28.42459305,50000000,40,0.0000005
21.72300262,21.95431847,50000000,40,0.0000005
29.96483853,31.76502857,50000000,40,0.0000005
31.77297733,34.81002746,50000000,40,0.0000005
16.18262719,21.29974163,50000000,40,0.0000005
26.83610805,34.40552018,50000000,40,0.0000005
20.07904486,24.0701724,50000000,40,0.0000005
14.09943221,17.26977623,50000000,40,0.0000005
18.89354589,17.5850914,50000000,40,0.0000005
23.95747218,28.45628536,50000000,40,0.0000005
26.13129168,30.87191527,50000000,40,0.0000005
25.22988917,31.53741502,50000000,40,0.0000005
21.01987521,24.15962602,50000000,40,0.0000005
23.80878717,31.93644827,50000000,40,0.0000005
23.00217197,20.17551375,50000000,40,0.0000005
23.79024593,26.27227293,50000000,40,0.0000005
24.85241223,22.32809502,50000000,40,0.0000005
25.1367672,23.46828958,50000000,40,0.0000005
23.95615444,22.16636917,50000000,40,0.0000005
18.16765932,17.46444198,50000000,40,0.0000005
24.75624248,18.36622636,50000000,40,0.0000005
26.44322127,31.39891495,50000000,40,0.0000005
16.02944531,15.98989711,50000000,40,0.0000005
26.22891977,49.67450647,50000000,40,0.0000005
27.59247443,25.41195313,50000000,40,0.0000005
24.78051413,19.66368465,50000000,40,0.0000005
23.11239893,28.98823814,50000000,40,0.0000005
29.87382393,32.15334283,50000000,40,0.0000005
25.55220805,23.00259069,50000000,40,0.0000005
33.41788078,38.43424303,50000000,40,0.0000005
24.01667597,28.56729914,50000000,40,0.0000005
29.96892207,31.14790443,50000000,40,0.0000005
34.04724992,41.65386675,50000000,40,0.0000005
32.0827953,40.44296949,50000000,40,0.0000005
29.88744757,36.84586482,50000000,40,0.0000005
27.40396921,19.94981202,50000000,40,0.0000005
17.95219081,16.06072026,50000000,40,0.0000005
26.52551759,19.67995129,50000000,40,0.0000005
21.83584596,25.90343554,50000000,40,0.0000005
21.85940674,21.79173769,50000000,40,0.0000005
19.93235408,24.38935078,50000000,40,0.0000005
27.86649023,29.30406016,50000000,40,0.0000005
32.49274807,27.39829459,50000000,40,0.0000005
23.72573146,23.89794342,50000000,40,0.0000005
24.93729603,17.77959338,50000000,40,0.0000005
27.96337293,23.97229295,50000000,40,0.0000005
23.97535338,16.55416907,50000000,40,0.0000005
23.1858355,23.66506317,50000000,40,0.0000005
24.11397775,23.7129652,50000000,40,0.0000005
20.02321962,17.44793389,50000000,40,0.0000005
22.55152547,23.70537463,50000000,40,0.0000005
19.12477254,13.41250858,50000000,40,0.0000005
21.27729167,13.2051999,50000000,40,0.0000005
31.94999876,27.2500559,50000000,40,0.0000005
33.95078512,41.80732446,50000000,40,0.0000005
24.74768478,31.19890518,50000000,40,0.0000005
28.36618273,37.36213998,50000000,40,0.0000005
30.23203527,24.16596164,50000000,40,0.0000005
25.24654508,38.97593832,50000000,40,0.0000005
23.17674576,12.06699092,50000000,40,0.0000005
29.22234685,33.21634156,50000000,40,0.0000005
21.0791131,19.61938107,50000000,40,0.0000005
19.98883198,24.55127056,50000000,40,0.0000005
29.72271482,29.16525983,50000000,40,0.0000005
20.86242403,14.51555653,50000000,40,0.0000005
23.17220176,23.58139033,50000000,40,0.0000005
35.49450332,38.96168997,50000000,40,0.0000005
30.06318939,29.89592485,50000000,40,0.0000005
17.90310688,16.08729982,50000000,40,0.0000005
26.80537938,26.24884039,50000000,40,0.0000005
28.9739739,16.43801025,50000000,40,0.0000005
24.86420619,25.99967398,50000000,40,0.0000005
27.04943167,23.79106923,50000000,40,0.0000005
26.77633163,31.12844516,50000000,40,0.0000005
25.14417423,35.34576089,50000000,40,0.0000005
23.06980643,18.63669359,50000000,40,0.0000005
22.06719732,26.0531879,50000000,40,0.0000005
15.97584664,15.84439978,50000000,40,0.0000005
25.08076913,23.86389343,50000000,40,0.0000005
20.7513067,27.38667451,50000000,40,0.0000005
40.64610793,26.69657611,50000000,40,0.0000005
26.43199233,31.23705423,50000000,40,0.0000005
24.03752175,28.21479095,50000000,40,0.0000005
23.03224947,26.15299245,50000000,40,0.0000005
20.78838343,19.87709656,50000000,40,0.0000005
32.96631015,28.74131151,50000000,50,0.0000005
30.16072178,34.42350875,50000000,50,0.0000005
18.07160473,16.11991492,50000000,50,0.0000005
20.96486388,26.70181704,50000000,50,0.0000005
24.93951056,25.36778881,50000000,50,0.0000005
28.81303419,31.51699979,50000000,50,0.0000005
21.2235172,16.51319317,50000000,50,0.0000005
22.99625337,25.55562074,50000000,50,0.0000005
33.01195858,27.36537532,50000000,50,0.0000005
20.93082379,21.66980825,50000000,50,0.0000005
15.70922611,17.01888698,50000000,50,0.0000005
25.98894698,32.19179634,50000000,50,0.0000005
18.91007023,18.06804187,50000000,50,0.0000005
23.11372827,16.89622241,50000000,50,0.0000005
22.77963184,23.12631781,50000000,50,0.0000005
32.19776591,31.95304062,50000000,50,0.0000005
37.13426738,48.21782679,50000000,50,0.0000005
26.87431644,27.16955277,50000000,50,0.0000005
23.19089452,16.91162939,50000000,50,0.0000005
25.00718488,19.24770134,50000000,50,0.0000005
36.11390315,28.91509849,50000000,50,0.0000005
20.26220243,19.45275497,50000000,50,0.0000005
21.14711193,19.17734809,50000000,50,0.0000005
31.04911166,35.83912627,50000000,50,0.0000005
28.91316735,24.08872165,50000000,50,0.0000005
26.98733055,27.27429856,50000000,50,0.0000005
20.1834175,16.41270421,50000000,50,0.0000005
34.96664985,31.25873181,50000000,50,0.0000005
28.95118752,29.15274902,50000000,50,0.0000005
22.1080781,28.95245266,50000000,50,0.0000005
32.14727024,46.80383158,50000000,50,0.0000005
18.98705731,25.72912091,50000000,50,0.0000005
36.83873967,38.88550196,50000000,50,0.0000005
16.95470689,13.38246491,50000000,50,0.0000005
19.09851898,25.36572796,50000000,50,0.0000005
29.16263877,26.86728684,50000000,50,0.0000005
24.06101937,22.79288872,50000000,50,0.0000005
21.08862027,21.3700763,50000000,50,0.0000005
25.18558333,33.1310489,50000000,50,0.0000005
18.01250393,20.21715674,50000000,50,0.0000005
15.90783909,14.82871793,50000000,50,0.0000005
31.1997348,31.78342274,50000000,50,0.0000005
22.92438796,23.2116201,50000000,50,0.0000005
24.4565803,21.69918965,50000000,50,0.0000005
19.82876964,24.60371325,50000000,50,0.0000005
25.66194834,27.39492497,50000000,50,0.0000005
36.94879722,55.77382217,50000000,50,0.0000005
23.76829015,21.46080773,50000000,50,0.0000005
21.73765372,16.78113018,50000000,50,0.0000005
32.147043,36.01626375,50000000,50,0.0000005
33.05347486,50.28792757,50000000,50,0.0000005
26.00444105,23.52538023,50000000,50,0.0000005
23.23019363,25.22628031,50000000,50,0.0000005
20.78237712,30.40024273,50000000,50,0.0000005
24.89792062,21.66619087,50000000,50,0.0000005
31.05363567,26.22708357,50000000,50,0.0000005
23.69552934,30.73498672,50000000,50,0.0000005
27.69506855,38.4272229,50000000,50,0.0000005
21.80652103,23.5186839,50000000,50,0.0000005
25.10023939,36.34081069,50000000,50,0.0000005
34.79167061,25.90936978,50000000,50,0.0000005
31.85500225,32.21294238,50000000,50,0.0000005
26.9527802,27.09476795,50000000,50,0.0000005
24.87579279,23.18229218,50000000,50,0.0000005
19.84217281,21.45313901,50000000,50,0.0000005
25.71685528,23.54373544,50000000,50,0.0000005
25.82025366,35.82811642,50000000,50,0.0000005
22.06045217,25.90632274,50000000,50,0.0000005
26.19881074,32.08686991,50000000,50,0.0000005
24.10494178,22.91716035,50000000,50,0.0000005
18.96798803,17.75769334,50000000,50,0.0000005
28.37107189,17.82805331,50000000,50,0.0000005
26.97880089,19.00664638,50000000,50,0.0000005
20.72897958,24.2425464,50000000,50,0.0000005
15.93684443,16.77680634,50000000,50,0.0000005
26.29794321,24.68136053,50000000,50,0.0000005
20.80222631,26.97066221,50000000,50,0.0000005
36.08275177,33.29616241,50000000,50,0.0000005
20.93435793,19.42118025,50000000,50,0.0000005
15.83739929,16.69580113,50000000,50,0.0000005
26.92613365,32.01362344,50000000,50,0.0000005
30.5080265,39.2610669,50000000,50,0.0000005
30.92133837,36.74448462,50000000,50,0.0000005
23.97564116,24.69064736,50000000,50,0.0000005
28.8603826,29.41110468,50000000,50,0.0000005
18.98853531,22.14261711,50000000,50,0.0000005
27.79871405,41.81986498,50000000,50,0.0000005
35.85353593,23.26089531,50000000,50,0.0000005
28.00626077,26.11531043,50000000,50,0.0000005
26.79990811,25.05089823,50000000,50,0.0000005
32.76091592,29.28877656,50000000,50,0.0000005
24.85599135,29.82994998,50000000,50,0.0000005
21.91951762,29.25812758,50000000,50,0.0000005
28.95820801,21.35522659,50000000,50,0.0000005
33.16498091,31.9700941,50000000,50,0.0000005
26.97056919,19.44771577,50000000,50,0.0000005
26.16349957,32.45513342,50000000,50,0.0000005
29.03490158,34.22281378,50000000,50,0.0000005
23.12898404,21.81705013,50000000,50,0.0000005
22.26381197,26.13500959,50000000,50,0.0000005
31.39171999,30.05584576,49999950,70,0.0000005
20.67371785,19.47887031,49999950,70,0.0000005
19.0292271,22.54726276,49999950,70,0.0000005
21.88210863,25.04892393,49999950,70,0.0000005
27.17439561,23.67317876,49999950,70,0.0000005
26.14698849,23.38820445,49999950,70,0.0000005
24.89742888,27.74116615,49999950,70,0.0000005
21.27577701,19.04694844,49999950,70,0.0000005
30.97028887,37.63095751,49999950,70,0.0000005
21.88224687,20.44063337,49999950,70,0.0000005
31.20386148,30.17981162,49999950,70,0.0000005
14.98437484,13.90928351,49999950,70,0.0000005
31.00554538,37.5117284,49999950,70,0.0000005
21.91803649,22.75996741,49999950,70,0.0000005
29.724222,32.30460707,49999950,70,0.0000005
25.02821218,25.24751013,49999950,70,0.0000005
23.85678637,31.97154461,49999950,70,0.0000005
23.02696546,20.12124262,49999950,70,0.0000005
22.90856211,26.800352,49999950,70,0.0000005
20.95201607,23.20069997,49999950,70,0.0000005
15.98937946,17.55527133,49999950,70,0.0000005
19.2743354,19.94917976,49999950,70,0.0000005
23.25870175,26.71794032,49999950,70,0.0000005
27.18912074,31.7245167,49999950,70,0.0000005
30.87892889,34.7644328,49999950,70,0.0000005
22.15874683,19.46568607,49999950,70,0.0000005
17.89103897,16.44681049,49999950,70,0.0000005
32.84184802,39.48808254,49999950,70,0.0000005
27.91631656,33.53123728,49999950,70,0.0000005
15.06884574,16.06247402,49999950,70,0.0000005
28.76354856,30.93815392,49999950,70,0.0000005
25.94591799,29.65124131,49999950,70,0.0000005
21.89869128,22.58256446,49999950,70,0.0000005
28.99600215,26.84741724,49999950,70,0.0000005
26.8872444,27.07924502,49999950,70,0.0000005
22.79058083,30.06589249,49999950,70,0.0000005
21.92331081,20.86976793,49999950,70,0.0000005
22.18127841,27.63824454,49999950,70,0.0000005
24.04361975,26.17654968,49999950,70,0.0000005
24.30194834,20.09221686,49999950,70,0.0000005
21.81505691,25.26801041,49999950,70,0.0000005
27.75973239,31.48459071,49999950,70,0.0000005
23.88467405,22.3296625,49999950,70,0.0000005
28.06094558,28.83703457,49999950,70,0.0000005
30.83584782,32.05159044,49999950,70,0.0000005
35.98802773,40.41696145,49999950,70,0.0000005
33.16029824,42.07995057,49999950,70,0.0000005
25.82744282,29.70041927,49999950,70,0.0000005
22.99686319,19.27172747,49999950,70,0.0000005
25.96164242,25.13149001,49999950,70,0.0000005
24.96286892,31.07597315,49999950,70,0.0000005
24.91156801,25.69128926,49999950,70,0.0000005
26.18046023,26.93098704,49999950,70,0.0000005
38.21072601,30.04486903,49999950,70,0.0000005
30.16563828,28.68486796,49999950,70,0.0000005
26.03883845,23.40636473,49999950,70,0.0000005
29.20934014,28.15471563,49999950,70,0.0000005
21.31495966,19.20026593,49999950,70,0.0000005
23.9682405,18.28509011,49999950,70,0.0000005
29.08654526,28.60935381,49999950,70,0.0000005
17.80817224,20.91078386,49999950,70,0.0000005
25.04231368,21.84710088,49999950,70,0.0000005
22.14613672,18.94117039,49999950,70,0.0000005
26.89381858,29.18851986,49999950,70,0.0000005
20.12265599,23.93954793,49999950,70,0.0000005
21.92665872,20.63153692,49999950,70,0.0000005
29.47965122,28.80562753,49999950,70,0.0000005
26.15249524,40.7166127,49999950,70,0.0000005
27.85539334,27.13132279,49999950,70,0.0000005
19.82311183,21.38366042,49999950,70,0.0000005
34.0399895,30.5301943,49999950,70,0.0000005
21.8572334,22.80755209,49999950,70,0.0000005
17.07745813,16.73215776,49999950,70,0.0000005
26.22600015,29.54009553,49999950,70,0.0000005
29.76968001,38.51851239,49999950,70,0.0000005
27.93950242,22.10894808,49999950,70,0.0000005
29.97426503,41.36968917,49999950,70,0.0000005
26.43209273,25.01239369,49999950,70,0.0000005
25.08698491,17.85916255,49999950,70,0.0000005
25.05422232,27.62686127,49999950,70,0.0000005
26.29552825,32.62967321,49999950,70,0.0000005
22.22098626,17.37787515,49999950,70,0.0000005
25.17848484,22.27322973,49999950,70,0.0000005
26.93471351,23.65971051,49999950,70,0.0000005
28.77839889,33.12692266,49999950,70,0.0000005
23.94613934,20.43453219,49999950,70,0.0000005
18.08461793,16.17311091,49999950,70,0.0000005
24.88005515,27.772806,49999950,70,0.0000005
20.13362805,23.96840863,49999950,70,0.0000005
21.1598427,20.84501119,49999950,70,0.0000005
16.96031623,19.36805555,49999950,70,0.0000005
24.24968132,23.72837549,49999950,70,0.0000005
21.02979686,21.20446429,49999950,70,0.0000005
22.87311067,20.75348449,49999950,70,0.0000005
23.88367591,24.40721423,49999950,70,0.0000005
19.87874304,27.55967755,49999950,70,0.0000005
16.85493804,22.10936413,49999950,70,0.0000005
25.94994827,32.74434873,49999950,70,0.0000005
18.89875118,18.02133025,49999950,70,0.0000005
34.20907768,36.289706,49999950,70,0.0000005
19.81613019,18.09031917,50000000,100,0.0000005
25.80709581,24.07261876,50000000,100,0.0000005
20.94103987,26.29369483,50000000,100,0.0000005
26.85952397,25.96278375,50000000,100,0.0000005
18.24922435,16.99477102,50000000,100,0.0000005
22.07451022,22.34843813,50000000,100,0.0000005
28.03320283,32.23307224,50000000,100,0.0000005
13.03911036,14.77972574,50000000,100,0.0000005
32.00470366,39.38245634,50000000,100,0.0000005
29.88335217,33.00497,50000000,100,0.0000005
31.11959118,30.15145451,50000000,100,0.0000005
33.31533785,25.62536979,50000000,100,0.0000005
25.17280832,24.92474992,50000000,100,0.0000005
20.84189367,21.51326905,50000000,100,0.0000005
31.95696539,33.91898651,50000000,100,0.0000005
20.06060356,21.85734975,50000000,100,0.0000005
25.21779045,29.87168327,50000000,100,0.0000005
27.07668362,30.60490045,50000000,100,0.0000005
27.87002142,25.50900779,50000000,100,0.0000005
29.83766043,35.42987951,50000000,100,0.0000005
36.11113437,33.28964284,50000000,100,0.0000005
23.00826986,20.18655185,50000000,100,0.0000005
30.33490836,27.29688843,50000000,100,0.0000005
22.09532671,24.83483443,50000000,100,0.0000005
24.14139834,23.06925334,50000000,100,0.0000005
25.97048172,29.10702592,50000000,100,0.0000005
16.94714211,17.56214916,50000000,100,0.0000005
17.83184205,18.98791185,50000000,100,0.0000005
21.94445597,25.08396603,50000000,100,0.0000005
23.16228218,26.50742117,50000000,100,0.0000005
27.77261843,25.5051203,50000000,100,0.0000005
22.15367512,20.23176136,50000000,100,0.0000005
27.11372917,26.06863982,50000000,100,0.0000005
26.96030854,22.83028454,50000000,100,0.0000005
28.99587253,31.25059669,50000000,100,0.0000005
20.97430814,21.2824402,50000000,100,0.0000005
23.08713458,23.86316935,50000000,100,0.0000005
20.17113745,17.93088347,50000000,100,0.0000005
26.14640366,31.29773362,50000000,100,0.0000005
19.13584801,18.7090282,50000000,100,0.0000005
28.19858351,27.25650925,50000000,100,0.0000005
26.13011414,28.42359704,50000000,100,0.0000005
33.01088277,35.8028991,50000000,100,0.0000005
27.02636262,32.98690324,50000000,100,0.0000005
18.82363042,20.52429453,50000000,100,0.0000005
40.18704663,37.94224217,50000000,100,0.0000005
22.96942254,22.22572224,50000000,100,0.0000005
26.1849675,22.71352359,50000000,100,0.0000005
21.02506948,23.39128077,50000000,100,0.0000005
19.97351062,24.72741617,50000000,100,0.0000005
25.0211054,22.05366151,50000000,100,0.0000005
22.099502,22.61282421,50000000,100,0.0000005
29.7479439,30.7956251,50000000,100,0.0000005
30.86478473,24.29290698,50000000,100,0.0000005
39.05429561,36.72417973,50000000,100,0.0000005
28.95404416,33.99061488,50000000,100,0.0000005
19.91915108,13.9569211,50000000,100,0.0000005
31.06183517,30.48702504,50000000,100,0.0000005
27.96855008,23.96235828,50000000,100,0.0000005
28.04456329,24.18431081,50000000,100,0.0000005
27.1581946,30.31828821,50000000,100,0.0000005
23.1242553,21.96445293,50000000,100,0.0000005
24.31066135,16.28856346,50000000,100,0.0000005
28.16736322,32.25514569,50000000,100,0.0000005
28.07009045,29.64409375,50000000,100,0.0000005
23.72537844,23.58555533,50000000,100,0.0000005
23.11192057,24.11449924,50000000,100,0.0000005
23.24643021,21.94684551,50000000,100,0.0000005
22.81592607,26.39865155,50000000,100,0.0000005
24.11602077,20.02333206,50000000,100,0.0000005
22.14929727,22.43471364,50000000,100,0.0000005
16.96653147,17.77841832,50000000,100,0.0000005
30.89347913,34.72828478,50000000,100,0.0000005
23.94512131,25.72780198,50000000,100,0.0000005
19.95897511,17.93060026,50000000,100,0.0000005
31.75866081,32.07395724,50000000,100,0.0000005
25.21396663,27.05145616,50000000,100,0.0000005
27.02244444,26.04428401,50000000,100,0.0000005
31.7119122,27.13387771,50000000,100,0.0000005
25.03600067,30.05103466,50000000,100,0.0000005
22.19548069,22.62437077,50000000,100,0.0000005
17.81050189,14.00194996,50000000,100,0.0000005
16.80064882,20.25707992,50000000,100,0.0000005
24.92458816,25.01835411,50000000,100,0.0000005
23.58991638,22.10632087,50000000,100,0.0000005
25.90933041,22.88483864,50000000,100,0.0000005
24.07780326,28.09418986,50000000,100,0.0000005
24.85515395,29.48914841,50000000,100,0.0000005
28.93104979,33.71094344,50000000,100,0.0000005
26.26837053,26.52379608,50000000,100,0.0000005
25.04854633,22.88554123,50000000,100,0.0000005
23.872693,16.72762578,50000000,100,0.0000005
24.86516971,29.64586954,50000000,100,0.0000005
18.91488273,23.19994524,50000000,100,0.0000005
30.00369632,23.94504587,50000000,100,0.0000005
24.7679677,20.04263106,50000000,100,0.0000005
22.80519786,18.82446229,50000000,100,0.0000005
24.7073739,25.01521186,50000000,100,0.0000005
24.13769134,27.98015059,50000000,100,0.0000005
25.93086524,31.44943274,50000000,100,0.0000005
24.99944883,27.58150772,49999880,140,0.0000005
25.83993328,23.09575126,49999880,140,0.0000005
24.88008353,25.39334562,49999880,140,0.0000005
23.13789707,24.66282098,49999880,140,0.0000005
23.16096503,24.66846425,49999880,140,0.0000005
24.05431271,22.05144064,49999880,140,0.0000005
24.86703475,23.47945453,49999880,140,0.0000005
24.00030397,23.91652104,49999880,140,0.0000005
17.82067707,18.2137211,49999880,140,0.0000005
27.16624604,22.9435588,49999880,140,0.0000005
19.93846215,23.14787797,49999880,140,0.0000005
35.70750015,39.25392855,49999880,140,0.0000005
29.15580958,28.5545412,49999880,140,0.0000005
22.27316803,25.9020296,49999880,140,0.0000005
26.03268705,28.94710445,49999880,140,0.0000005
17.17042578,15.01353988,49999880,140,0.0000005
24.90502035,27.66538189,49999880,140,0.0000005
20.96895502,20.12868902,49999880,140,0.0000005
18.0121671,20.48391037,49999880,140,0.0000005
27.0693959,28.28149542,49999880,140,0.0000005
21.2046474,21.89557395,49999880,140,0.0000005
25.06292824,21.75874264,49999880,140,0.0000005
24.04418009,25.9844332,49999880,140,0.0000005
22.09780594,21.3043784,49999880,140,0.0000005
22.91702201,24.72825066,49999880,140,0.0000005
26.80742323,28.0274484,49999880,140,0.0000005
35.09245251,42.88795829,49999880,140,0.0000005
29.12515204,30.9468227,49999880,140,0.0000005
30.87887728,29.65873675,49999880,140,0.0000005
32.75882421,32.33157592,49999880,140,0.0000005
23.05108899,27.29921743,49999880,140,0.0000005
26.03578922,29.0890455,49999880,140,0.0000005
24.85599041,23.60232777,49999880,140,0.0000005
22.82111432,19.4104496,49999880,140,0.0000005
32.06118997,33.1564522,49999880,140,0.0000005
32.08478786,29.40518209,49999880,140,0.0000005
22.00247675,19.53485269,49999880,140,0.0000005
30.18973443,32.18933869,49999880,140,0.0000005
26.06689368,21.42359147,49999880,140,0.0000005
25.15071853,25.42070395,49999880,140,0.0000005
25.1382132,23.43106983,49999880,140,0.0000005
31.03860551,29.69952017,49999880,140,0.0000005
25.60210227,21.87653813,49999880,140,0.0000005
32.48708146,27.54646476,49999880,140,0.0000005
27.09823634,28.25379699,49999880,140,0.0000005
21.17480919,24.50697919,49999880,140,0.0000005
26.05702687,24.40733681,49999880,140,0.0000005
26.99525949,22.69338684,49999880,140,0.0000005
23.82946987,26.12619936,49999880,140,0.0000005
30.01953533,32.02500199,49999880,140,0.0000005
20.24302173,16.89220536,49999880,140,0.0000005
21.08240303,19.84761928,49999880,140,0.0000005
31.14024508,31.4315195,49999880,140,0.0000005
25.05758575,22.94742593,49999880,140,0.0000005
26.19460208,21.3502513,49999880,140,0.0000005
25.12067528,27.52964526,49999880,140,0.0000005
27.86418042,27.34810605,49999880,140,0.0000005
25.09034596,25.13709119,49999880,140,0.0000005
34.09119482,38.40199737,49999880,140,0.0000005
23.97189238,26.2910513,49999880,140,0.0000005
18.20325087,18.04877584,49999880,140,0.0000005
23.99652689,26.18311426,49999880,140,0.0000005
19.19457037,19.35321941,49999880,140,0.0000005
32.00080833,29.40400813,49999880,140,0.0000005
24.89465528,23.47647215,49999880,140,0.0000005
19.14712233,19.35463356,49999880,140,0.0000005
25.94802739,31.67332951,49999880,140,0.0000005
26.82699893,28.22189022,49999880,140,0.0000005
24.80756039,18.91487802,49999880,140,0.0000005
28.41268035,25.28961428,49999880,140,0.0000005
25.17829677,25.26367076,49999880,140,0.0000005
39.07467164,42.09393886,49999880,140,0.0000005
22.21834662,25.89667464,49999880,140,0.0000005
23.93771356,26.22890189,49999880,140,0.0000005
25.04360501,27.51087777,49999880,140,0.0000005
29.23212032,26.87662102,49999880,140,0.0000005
27.97199515,25.54033509,49999880,140,0.0000005
20.09042054,23.14787121,49999880,140,0.0000005
24.95509641,23.34344177,49999880,140,0.0000005
25.84402198,22.99707623,49999880,140,0.0000005
21.12443009,19.98079507,49999880,140,0.0000005
25.74427109,26.90985744,49999880,140,0.0000005
35.04642123,35.62936449,49999880,140,0.0000005
27.97978314,25.86965409,49999880,140,0.0000005
28.02258119,31.80165745,49999880,140,0.0000005
24.75472231,20.11124392,49999880,140,0.0000005
27.18348103,21.50852302,49999880,140,0.0000005
23.29237245,22.34141216,49999880,140,0.0000005
14.9245157,16.65897288,49999880,140,0.0000005
22.0743313,23.47400602,49999880,140,0.0000005
27.15778089,27.94100486,49999880,140,0.0000005
28.00323759,29.25568055,49999880,140,0.0000005
27.16036815,28.192092,49999880,140,0.0000005
25.06616499,27.43386672,49999880,140,0.0000005
18.00131521,20.48732392,49999880,140,0.0000005
24.82677778,30.18929265,49999880,140,0.0000005
28.11872539,27.44524081,49999880,140,0.0000005
21.71707531,21.37960874,49999880,140,0.0000005
19.16902935,21.80537051,49999880,140,0.0000005
17.69929972,15.0650202,49999880,140,0.0000005
25.16834098,25.72840202,49999950,210,0.0000005
26.76317434,28.44783416,49999950,210,0.0000005
27.03976657,30.80472498,49999950,210,0.0000005
22.95348994,25.67944391,49999950,210,0.0000005
22.08848444,22.26260916,49999950,210,0.0000005
15.04862341,16.06567379,49999950,210,0.0000005
24.2982402,24.59345075,49999950,210,0.0000005
19.95135874,21.97811341,49999950,210,0.0000005
23.03065641,19.86013063,49999950,210,0.0000005
15.1414093,16.06859078,49999950,210,0.0000005
17.99366266,19.58138895,49999950,210,0.0000005
24.23249441,22.6566788,49999950,210,0.0000005
19.99542153,19.66792247,49999950,210,0.0000005
20.7812844,20.81777189,49999950,210,0.0000005
25.86560235,21.78515332,49999950,210,0.0000005
27.02282798,30.80202867,49999950,210,0.0000005
23.1400307,23.25289574,49999950,210,0.0000005
24.82747175,26.03735487,49999950,210,0.0000005
23.23647772,25.67684801,49999950,210,0.0000005
24.03928715,26.9483517,49999950,210,0.0000005
29.11844141,28.81548528,49999950,210,0.0000005
29.75486561,24.72264724,49999950,210,0.0000005
24.93109624,23.88476015,49999950,210,0.0000005
22.03127113,22.12443275,49999950,210,0.0000005
18.06371682,19.56965124,49999950,210,0.0000005
21.11397096,21.10213454,49999950,210,0.0000005
30.15521521,30.19133095,49999950,210,0.0000005
26.12272357,21.84286001,49999950,210,0.0000005
23.8043053,19.91920726,49999950,210,0.0000005
16.99381872,14.65825426,49999950,210,0.0000005
17.76907958,17.43552761,49999950,210,0.0000005
18.92047849,20.76511044,49999950,210,0.0000005
19.05301612,20.7701639,49999950,210,0.0000005
26.01284172,23.56106681,49999950,210,0.0000005
28.87758939,27.25041749,49999950,210,0.0000005
28.85680022,28.64275564,49999950,210,0.0000005
26.01886826,24.93825076,49999950,210,0.0000005
34.22856431,32.92640955,49999950,210,0.0000005
23.78129081,22.83357114,49999950,210,0.0000005
25.84185161,23.28788901,49999950,210,0.0000005
21.13502243,23.20139249,49999950,210,0.0000005
23.91219289,26.9373402,49999950,210,0.0000005
14.17538631,14.91944236,49999950,210,0.0000005
29.08763373,28.72723605,49999950,210,0.0000005
28.92265786,27.26150216,49999950,210,0.0000005
19.98459518,21.97906169,49999950,210,0.0000005
20.92704513,23.20253815,49999950,210,0.0000005
23.82472507,24.79829287,49999950,210,0.0000005
20.85594269,23.19991526,49999950,210,0.0000005
12.12201562,12.65797689,49999950,210,0.0000005
30.24118186,30.05499268,49999950,210,0.0000005
33.05133295,36.14648535,49999950,210,0.0000005
32.19112495,30.89399147,49999950,210,0.0000005
29.09684243,25.22371174,49999950,210,0.0000005
26.86283271,24.57160219,49999950,210,0.0000005
25.04280222,28.21707147,49999950,210,0.0000005
17.92758981,17.46339372,49999950,210,0.0000005
27.01322529,28.59617685,49999950,210,0.0000005
22.9916683,23.58180007,49999950,210,0.0000005
28.63856785,31.03508949,49999950,210,0.0000005
21.90134522,16.16616087,49999950,210,0.0000005
23.93855732,26.93959268,49999950,210,0.0000005
21.98859545,18.47147513,49999950,210,0.0000005
22.0642928,24.43894465,49999950,210,0.0000005
27.96211487,29.63049651,49999950,210,0.0000005
18.82381417,20.76944487,49999950,210,0.0000005
32.15424451,30.66255022,49999950,210,0.0000005
20.23238277,21.98014623,49999950,210,0.0000005
22.19837742,24.44457428,49999950,210,0.0000005
29.08486075,28.81768831,49999950,210,0.0000005
24.71371646,26.01075967,49999950,210,0.0000005
22.0271535,24.43290135,49999950,210,0.0000005
25.16586707,25.89402923,49999950,210,0.0000005
28.01333425,29.61722591,49999950,210,0.0000005
25.67048018,23.32037917,49999950,210,0.0000005
17.36871246,18.40271868,49999950,210,0.0000005
32.8152032,38.93404284,49999950,210,0.0000005
22.85503047,23.31243967,49999950,210,0.0000005
23.09931439,23.35268447,49999950,210,0.0000005
32.09417801,32.73653101,49999950,210,0.0000005
25.15051871,25.77246416,49999950,210,0.0000005
20.86879036,21.05576243,49999950,210,0.0000005
24.86567406,28.22016075,49999950,210,0.0000005
30.35247416,34.80994455,49999950,210,0.0000005
24.81817457,25.71269153,49999950,210,0.0000005
29.96369017,32.37357109,49999950,210,0.0000005
18.1534205,19.58516068,49999950,210,0.0000005
23.95323875,26.94583295,49999950,210,0.0000005
20.99009128,17.87911206,49999950,210,0.0000005
28.99141988,28.71980897,49999950,210,0.0000005
23.98818191,26.94782426,49999950,210,0.0000005
20.06734665,17.83671064,49999950,210,0.0000005
23.94183178,26.93594041,49999950,210,0.0000005
21.00093261,20.95445482,49999950,210,0.0000005
31.93327603,30.80738663,49999950,210,0.0000005
16.21256753,17.22241464,49999950,210,0.0000005
23.67980009,26.94353181,49999950,210,0.0000005
21.9313778,20.22515584,49999950,210,0.0000005
21.12789676,19.26128376,49999950,210,0.0000005
18.0991063,19.57736087,49999950,210,0.0000005
22.78095916,22.38738611,49999950,350,0.0000005
19.95341224,19.1942198,49999950,350,0.0000005
24.84834476,26.82120619,49999950,350,0.0000005
22.77997328,20.82622544,49999950,350,0.0000005
34.9573825,32.37427116,49999950,350,0.0000005
26.08384634,25.72535939,49999950,350,0.0000005
23.0256102,24.52616656,49999950,350,0.0000005
15.96826956,14.75399719,49999950,350,0.0000005
28.72703939,27.4756867,49999950,350,0.0000005
17.91825468,18.90300753,49999950,350,0.0000005
20.04356178,21.12138147,49999950,350,0.0000005
23.15733656,22.50878008,49999950,350,0.0000005
24.13083252,25.66484186,49999950,350,0.0000005
29.81377737,32.691785,49999950,350,0.0000005
26.0656089,27.97862036,49999950,350,0.0000005
34.16162076,35.18055337,49999950,350,0.0000005
23.17330604,24.52453247,49999950,350,0.0000005
19.99501004,21.1319408,49999950,350,0.0000005
21.0081829,15.91973432,49999950,350,0.0000005
24.66115291,24.71441297,49999950,350,0.0000005
24.0351464,25.67180428,49999950,350,0.0000005
21.96458236,21.21145885,49999950,350,0.0000005
28.1898461,26.37546145,49999950,350,0.0000005
19.08981844,17.87851674,49999950,350,0.0000005
25.98857852,27.98071535,49999950,350,0.0000005
30.75926393,29.82644081,49999950,350,0.0000005
27.89668634,28.26343297,49999950,350,0.0000005
24.85241318,26.82293359,49999950,350,0.0000005
35.0816867,36.57454908,49999950,350,0.0000005
15.08318513,13.65430092,49999950,350,0.0000005
25.78079453,27.9757387,49999950,350,0.0000005
24.1663989,25.67222059,49999950,350,0.0000005
24.84136885,22.83065743,49999950,350,0.0000005
23.99344945,25.67064142,49999950,350,0.0000005
18.11163977,18.90837617,49999950,350,0.0000005
32.0438967,32.66366517,49999950,350,0.0000005
19.2239712,17.96633061,49999950,350,0.0000005
27.24706316,26.99643772,49999950,350,0.0000005
27.00174521,29.14677268,49999950,350,0.0000005
24.913412,24.49814319,49999950,350,0.0000005
25.94065951,25.91781787,49999950,350,0.0000005
18.10528272,18.91174738,49999950,350,0.0000005
30.11414785,25.4455663,49999950,350,0.0000005
26.03424843,26.02522812,49999950,350,0.0000005
30.04143771,26.753074,49999950,350,0.0000005
33.03788732,30.16588626,49999950,350,0.0000005
23.89165984,20.48163447,49999950,350,0.0000005
22.81559096,20.80672967,49999950,350,0.0000005
25.20853504,21.21605202,49999950,350,0.0000005
23.97554657,25.66303667,49999950,350,0.0000005
23.12365926,24.52258987,49999950,350,0.0000005
18.15239881,16.84650708,49999950,350,0.0000005
23.17368023,22.4481047,49999950,350,0.0000005
27.25044387,27.01615989,49999950,350,0.0000005
26.1432538,25.70953173,49999950,350,0.0000005
20.99897561,22.26107644,49999950,350,0.0000005
18.89562388,18.11303127,49999950,350,0.0000005
27.27803604,23.7186588,49999950,350,0.0000005
20.83482548,22.2591227,49999950,350,0.0000005
21.99175099,23.39512902,49999950,350,0.0000005
21.81729986,21.33512155,49999950,350,0.0000005
29.47791251,29.24650082,49999950,350,0.0000005
23.89619804,25.67660761,49999950,350,0.0000005
21.0649794,20.21503875,49999950,350,0.0000005
15.10037793,15.61107942,49999950,350,0.0000005
22.11161665,23.39078532,49999950,350,0.0000005
19.9933651,21.12249177,49999950,350,0.0000005
19.91240713,21.1370179,49999950,350,0.0000005
26.06036368,27.97665706,49999950,350,0.0000005
24.81199263,24.65085567,49999950,350,0.0000005
18.00628218,18.90436567,49999950,350,0.0000005
20.25984893,17.40119069,49999950,350,0.0000005
20.84881503,22.2628965,49999950,350,0.0000005
30.89741328,27.95103912,49999950,350,0.0000005
24.84719435,26.83169969,49999950,350,0.0000005
20.00946136,21.13559412,49999950,350,0.0000005
29.30135044,31.50294947,49999950,350,0.0000005
32.74229245,34.18971677,49999950,350,0.0000005
26.90943911,25.16698962,49999950,350,0.0000005
26.04638958,27.98651443,49999950,350,0.0000005
22.85276993,24.52950443,49999950,350,0.0000005
34.01791036,29.55917551,49999950,350,0.0000005
26.91237962,29.14806738,49999950,350,0.0000005
26.07909733,27.98254126,49999950,350,0.0000005
30.2069847,26.76245397,49999950,350,0.0000005
14.95144035,12.31115969,49999950,350,0.0000005
19.06136116,20.01248683,49999950,350,0.0000005
13.8236072,12.70961879,49999950,350,0.0000005
25.03110335,26.82687679,49999950,350,0.0000005
19.97457515,21.13055199,49999950,350,0.0000005
23.05352601,22.60092817,49999950,350,0.0000005
24.00339361,23.48983747,49999950,350,0.0000005
18.92201589,20.01553484,49999950,350,0.0000005
35.02426804,32.38088178,49999950,350,0.0000005
21.09120553,22.26360318,49999950,350,0.0000005
33.19569038,32.21779215,49999950,350,0.0000005
23.7676807,25.67659528,49999950,350,0.0000005
23.2072245,24.52657221,49999950,350,0.0000005
22.77982999,20.68169852,49999950,350,0.0000005
30.27110171,28.63964476,49999950,350,0.0000005
28.08898348,29.56860235,50000000,500,0.0000005
22.87266851,22.08979826,50000000,500,0.0000005
24.83077657,24.27575213,50000000,500,0.0000005
22.02071388,22.94589049,50000000,500,0.0000005
23.14135254,24.04181573,50000000,500,0.0000005
23.76128742,23.0375726,50000000,500,0.0000005
30.96468244,32.95058903,50000000,500,0.0000005
18.84599792,19.69116547,50000000,500,0.0000005
27.03727427,26.28576767,50000000,500,0.0000005
26.9136603,26.45046306,50000000,500,0.0000005
24.15748457,23.2163859,50000000,500,0.0000005
26.00637621,27.33473608,50000000,500,0.0000005
20.87397954,21.86080029,50000000,500,0.0000005
30.39001498,29.61587604,50000000,500,0.0000005
30.17415426,29.64807464,50000000,500,0.0000005
28.10587254,29.57966107,50000000,500,0.0000005
26.95756471,28.46157971,50000000,500,0.0000005
32.80187134,33.14671539,50000000,500,0.0000005
23.98797016,25.1379088,50000000,500,0.0000005
26.10974403,23.32390309,50000000,500,0.0000005
16.8310286,17.55086714,50000000,500,0.0000005
28.86427411,26.88253313,50000000,500,0.0000005
21.04248548,19.97870272,50000000,500,0.0000005
22.99985313,22.06419546,50000000,500,0.0000005
23.25337059,21.97702415,50000000,500,0.0000005
26.95642939,26.55011757,50000000,500,0.0000005
25.14849502,26.24034758,50000000,500,0.0000005
19.07439546,19.69431167,50000000,500,0.0000005
23.6399364,21.48898773,50000000,500,0.0000005
28.10072799,27.48156786,50000000,500,0.0000005
22.00841387,22.94633509,50000000,500,0.0000005
24.1311268,22.97052152,50000000,500,0.0000005
23.9833281,25.13842712,50000000,500,0.0000005
24.92138359,26.24092989,50000000,500,0.0000005
27.86298633,29.5798329,50000000,500,0.0000005
21.72081894,22.95022893,50000000,500,0.0000005
25.84184441,25.12639269,50000000,500,0.0000005
32.83640602,35.23180106,50000000,500,0.0000005
19.0602356,19.69795248,50000000,500,0.0000005
31.91596004,34.09366334,50000000,500,0.0000005
29.0429616,26.80268504,50000000,500,0.0000005
17.94830513,18.61947247,50000000,500,0.0000005
25.90669726,27.35157936,50000000,500,0.0000005
22.07473892,20.84740757,50000000,500,0.0000005
30.91411889,27.41865473,50000000,500,0.0000005
27.88573428,27.58657155,50000000,500,0.0000005
25.87362221,27.35407191,50000000,500,0.0000005
40.03815762,39.35379944,50000000,500,0.0000005
27.98427853,27.48769484,50000000,500,0.0000005
18.00401175,16.55472322,50000000,500,0.0000005
25.96411896,25.2380594,50000000,500,0.0000005
17.96336787,18.61981543,50000000,500,0.0000005
23.8243551,23.17398526,50000000,500,0.0000005
27.93957614,29.57270197,50000000,500,0.0000005
25.08004837,26.24182586,50000000,500,0.0000005
32.07986281,30.100787,50000000,500,0.0000005
27.2399845,24.53099544,50000000,500,0.0000005
24.96403905,26.23935012,50000000,500,0.0000005
27.72726753,29.57429405,50000000,500,0.0000005
27.78154066,29.57899181,50000000,500,0.0000005
23.02553312,24.04355572,50000000,500,0.0000005
24.9440309,24.29860244,50000000,500,0.0000005
23.8646639,25.13281576,50000000,500,0.0000005
16.98152338,17.54649318,50000000,500,0.0000005
18.17700693,18.62056745,50000000,500,0.0000005
23.95807839,23.28513293,50000000,500,0.0000005
22.0342669,22.94476587,50000000,500,0.0000005
25.10562052,26.23845763,50000000,500,0.0000005
20.05165293,20.77641958,50000000,500,0.0000005
29.08956276,28.63614318,50000000,500,0.0000005
17.06023566,15.49667042,50000000,500,0.0000005
21.86629935,20.99445281,50000000,500,0.0000005
20.81778009,19.98234539,50000000,500,0.0000005
21.954296,19.29300115,50000000,500,0.0000005
21.90761949,22.95476263,50000000,500,0.0000005
25.74809313,27.34671497,50000000,500,0.0000005
28.97003787,28.64268279,50000000,500,0.0000005
35.01989423,37.52023006,50000000,500,0.0000005
24.80597924,26.23710841,50000000,500,0.0000005
20.10264347,20.77475646,50000000,500,0.0000005
30.0179263,31.82914046,50000000,500,0.0000005
21.76890644,21.09165083,50000000,500,0.0000005
23.11802798,24.04130245,50000000,500,0.0000005
18.03399064,18.62323615,50000000,500,0.0000005
32.924739,35.23007825,50000000,500,0.0000005
21.93624599,19.1993889,50000000,500,0.0000005
27.00558904,28.44660894,50000000,500,0.0000005
26.81147746,28.45786367,50000000,500,0.0000005
24.28498067,21.28021596,50000000,500,0.0000005
22.88851117,24.04203768,50000000,500,0.0000005
32.03694073,34.09260706,50000000,500,0.0000005
20.14886853,18.66838735,50000000,500,0.0000005
19.99959026,20.77497091,50000000,500,0.0000005
26.90239721,28.45695341,50000000,500,0.0000005
27.29175205,28.46994245,50000000,500,0.0000005
17.99650988,18.61794027,50000000,500,0.0000005
22.94169484,24.04320496,50000000,500,0.0000005
31.05194332,30.68359697,50000000,500,0.0000005
32.11337637,29.89801236,50000000,500,0.0000005
27.90654563,29.57987992,50000000,500,0.0000005
34.86937833,18.64420244,50000000,10,0.000001
50.0447796,65.87789541,50000000,10,0.000001
55.78560548,83.5023968,50000000,10,0.000001
41.07530493,31.62668186,50000000,10,0.000001
42.04012591,84.98343893,50000000,10,0.000001
49.54475746,77.48247633,50000000,10,0.000001
48.73950272,103.0248415,50000000,10,0.000001
53.72493424,108.2918968,50000000,10,0.000001
50.29723952,46.56762536,50000000,10,0.000001
59.22780964,57.38849033,50000000,10,0.000001
49.31765763,28.83020064,50000000,10,0.000001
66.83316381,128.7058701,50000000,10,0.000001
37.56853371,92.06133823,50000000,10,0.000001
52.11521167,101.1856629,50000000,10,0.000001
61.17540066,50.78608096,50000000,10,0.000001
65.59373006,37.58410698,50000000,10,0.000001
43.60265376,41.69162111,50000000,10,0.000001
50.97785413,78.43163048,50000000,10,0.000001
58.90293159,53.20447292,50000000,10,0.000001
56.02077628,52.73479157,50000000,10,0.000001
59.40872968,52.57324515,50000000,10,0.000001
49.59810004,57.26892643,50000000,10,0.000001
57.26196173,60.84183614,50000000,10,0.000001
39.83147879,51.17810165,50000000,10,0.000001
52.00215667,135.8375222,50000000,10,0.000001
49.3667445,19.68252115,50000000,10,0.000001
40.04785113,40.12289117,50000000,10,0.000001
60.46350094,57.62883006,50000000,10,0.000001
58.45575801,24.57482924,50000000,10,0.000001
62.63114641,61.74677542,50000000,10,0.000001
43.28988591,36.59149957,50000000,10,0.000001
43.31037314,49.46592246,50000000,10,0.000001
42.19603329,56.49059311,50000000,10,0.000001
55.04160899,50.15264595,50000000,10,0.000001
53.28019404,60.47455923,50000000,10,0.000001
38.54481297,32.06622906,50000000,10,0.000001
41.48913165,111.0561273,50000000,10,0.000001
38.39780789,30.42535358,50000000,10,0.000001
45.68380196,84.92002718,50000000,10,0.000001
64.88488947,105.8302062,50000000,10,0.000001
44.84958695,51.49045416,50000000,10,0.000001
56.46668903,64.68268296,50000000,10,0.000001
47.38417835,58.43965268,50000000,10,0.000001
51.88808505,37.94604934,50000000,10,0.000001
46.06734605,69.9587722,50000000,10,0.000001
52.76101645,113.7280727,50000000,10,0.000001
57.4675363,33.5101562,50000000,10,0.000001
53.50348962,69.13359753,50000000,10,0.000001
71.03677416,97.21100638,50000000,10,0.000001
36.54589679,34.04403156,50000000,10,0.000001
45.91677019,105.2487751,50000000,10,0.000001
53.04314603,42.83770595,50000000,10,0.000001
58.42367654,45.51106201,50000000,10,0.000001
57.31367176,31.04136714,50000000,10,0.000001
50.54895463,23.74756728,50000000,10,0.000001
52.024327,70.62782319,50000000,10,0.000001
50.2117627,60.84680858,50000000,10,0.000001
46.50583543,39.72513203,50000000,10,0.000001
57.84735568,62.60978906,50000000,10,0.000001
42.29452604,40.16148032,50000000,10,0.000001
56.93489614,43.24556759,50000000,10,0.000001
49.4519832,86.75728409,50000000,10,0.000001
46.37087431,87.7653033,50000000,10,0.000001
68.78016335,57.0886928,50000000,10,0.000001
47.32404439,41.23105027,50000000,10,0.000001
66.4037916,205.1119704,50000000,10,0.000001
42.12830844,37.51205209,50000000,10,0.000001
47.85345051,73.63101609,50000000,10,0.000001
66.57463317,51.83156388,50000000,10,0.000001
50.08977931,67.28838742,50000000,10,0.000001
54.24456199,274.7124084,50000000,10,0.000001
54.11065787,124.685645,50000000,10,0.000001
49.24808648,36.32323371,50000000,10,0.000001
65.07955011,59.0259063,50000000,10,0.000001
56.45048723,38.00197435,50000000,10,0.000001
45.5880458,65.54551061,50000000,10,0.000001
65.37444583,110.4237474,50000000,10,0.000001
48.91736523,63.9986597,50000000,10,0.000001
61.5104537,140.1546582,50000000,10,0.000001
51.49041002,54.98044124,50000000,10,0.000001
44.05653566,24.89013347,50000000,10,0.000001
45.56625577,46.06272185,50000000,10,0.000001
49.69719921,28.55165233,50000000,10,0.000001
49.63514945,196.9625839,50000000,10,0.000001
34.39364315,22.48528168,50000000,10,0.000001
47.38654312,61.24865013,50000000,10,0.000001
42.70344851,16.92010062,50000000,10,0.000001
45.2645457,81.57815822,50000000,10,0.000001
59.76733132,61.68548506,50000000,10,0.000001
50.74662128,26.70975296,50000000,10,0.000001
53.36270338,70.13797531,50000000,10,0.000001
45.61764061,69.40053098,50000000,10,0.000001
58.4364027,130.1346279,50000000,10,0.000001
57.99060534,198.527538,50000000,10,0.000001
67.52209043,44.32860955,50000000,10,0.000001
50.14326706,71.09153097,50000000,10,0.000001
53.69757543,24.30687983,50000000,10,0.000001
49.9732964,38.60228484,50000000,10,0.000001
42.77670796,37.85934798,50000000,10,0.000001
49.52351436,124.4667445,50000000,10,0.000001
39.73827513,44.93331117,50000000,20,0.000001
54.00849383,46.18329474,50000000,20,0.000001
53.17337471,53.86651342,50000000,20,0.000001
46.18461868,61.04285726,50000000,20,0.000001
41.59009311,82.45668565,50000000,20,0.000001
38.51488952,34.17084403,50000000,20,0.000001
51.97342681,57.69532384,50000000,20,0.000001
55.12242116,63.29109855,50000000,20,0.000001
52.77343784,46.58259098,50000000,20,0.000001
54.1585578,59.46720143,50000000,20,0.000001
42.22210763,37.6063932,50000000,20,0.000001
43.70123903,53.21763511,50000000,20,0.000001
47.8611505,53.98950175,50000000,20,0.000001
45.66696058,64.36262001,50000000,20,0.000001
45.90087686,49.59242699,50000000,20,0.000001
44.09793671,41.2692979,50000000,20,0.000001
43.82711167,29.38323426,50000000,20,0.000001
41.96752335,37.31719992,50000000,20,0.000001
52.27948,67.5802973,50000000,20,0.000001
50.59946802,37.38327519,50000000,20,0.000001
47.3989401,77.95051289,50000000,20,0.000001
48.6040282,40.0443357,50000000,20,0.000001
46.34010863,63.04618118,50000000,20,0.000001
50.46404914,41.4742276,50000000,20,0.000001
59.55174803,60.92411237,50000000,20,0.000001
55.51727528,66.11839599,50000000,20,0.000001
44.77182455,54.88429784,50000000,20,0.000001
44.74428196,33.82969666,50000000,20,0.000001
36.3263124,40.98063775,50000000,20,0.000001
45.20207513,36.49181855,50000000,20,0.000001
56.0927502,45.70699321,50000000,20,0.000001
48.88325688,38.15071231,50000000,20,0.000001
49.14820454,99.48311245,50000000,20,0.000001
38.48405972,44.45781205,50000000,20,0.000001
45.14776894,75.75310448,50000000,20,0.000001
48.55269435,61.10316916,50000000,20,0.000001
55.95896863,38.09022088,50000000,20,0.000001
59.42805148,63.03157352,50000000,20,0.000001
49.7421791,54.98065287,50000000,20,0.000001
43.76165368,65.50888825,50000000,20,0.000001
51.10748004,54.21171138,50000000,20,0.000001
41.75316552,54.5278856,50000000,20,0.000001
42.4316897,50.10914192,50000000,20,0.000001
53.49752548,77.98908246,50000000,20,0.000001
44.11576914,21.86100312,50000000,20,0.000001
25.6814338,29.24932461,50000000,20,0.000001
52.85596852,38.90769579,50000000,20,0.000001
39.24644411,43.72835146,50000000,20,0.000001
57.60895143,130.1428225,50000000,20,0.000001
39.94911453,33.91561116,50000000,20,0.000001
53.91594974,52.30235551,50000000,20,0.000001
51.55839825,53.19110956,50000000,20,0.000001
48.99347457,41.60357712,50000000,20,0.000001
48.52770027,50.87462793,50000000,20,0.000001
51.9413617,75.72341523,50000000,20,0.000001
44.95473394,30.24012529,50000000,20,0.000001
63.38810077,65.83140324,50000000,20,0.000001
48.31995898,50.31064364,50000000,20,0.000001
45.85591273,36.01314561,50000000,20,0.000001
59.00835011,98.09253747,50000000,20,0.000001
44.710372,25.87315884,50000000,20,0.000001
58.44889426,65.78754423,50000000,20,0.000001
50.27416047,55.11834546,50000000,20,0.000001
43.00274893,56.04889228,50000000,20,0.000001
51.98185569,75.09989543,50000000,20,0.000001
49.16367924,66.34670282,50000000,20,0.000001
61.99344514,57.44492621,50000000,20,0.000001
41.83321028,58.34344134,50000000,20,0.000001
42.49311782,41.04144258,50000000,20,0.000001
54.68275298,54.06961539,50000000,20,0.000001
57.05713756,49.0181795,50000000,20,0.000001
46.47239118,47.45054931,50000000,20,0.000001
61.62018515,107.3564392,50000000,20,0.000001
59.51975765,60.40902894,50000000,20,0.000001
50.80231162,57.11856425,50000000,20,0.000001
49.14675676,91.12341452,50000000,20,0.000001
34.70356265,45.93915853,50000000,20,0.000001
49.17173187,65.77311082,50000000,20,0.000001
50.62068718,83.64270183,50000000,20,0.000001
50.44659419,49.7669991,50000000,20,0.000001
46.02388216,60.29745488,50000000,20,0.000001
46.52422506,37.05469513,50000000,20,0.000001
53.62413393,55.01861622,50000000,20,0.000001
46.78060518,45.82081604,50000000,20,0.000001
59.85320197,57.37026203,50000000,20,0.000001
58.00533302,56.63785293,50000000,20,0.000001
44.9888841,53.7951988,50000000,20,0.000001
55.88744082,41.07659943,50000000,20,0.000001
43.9143598,58.89602493,50000000,20,0.000001
54.00609261,70.1446428,50000000,20,0.000001
56.57958858,61.73146314,50000000,20,0.000001
54.17162203,52.78651241,50000000,20,0.000001
51.28782697,32.75938562,50000000,20,0.000001
48.95067867,44.14566662,50000000,20,0.000001
40.27334371,41.93231129,50000000,20,0.000001
53.30948808,45.46598349,50000000,20,0.000001
42.93289601,34.93871742,50000000,20,0.000001
48.01043658,35.73488158,50000000,20,0.000001
51.77528501,51.43657078,50000000,20,0.000001
59.05474358,83.73804212,50000000,20,0.000001
55.75300865,110.7816693,49999980,30,0.000001
43.68318316,42.80623313,49999980,30,0.000001
51.00913789,77.53376952,49999980,30,0.000001
40.67746534,31.36294162,49999980,30,0.000001
48.96472559,53.5737736,49999980,30,0.000001
45.05703937,49.28512854,49999980,30,0.000001
47.57607663,46.2963302,49999980,30,0.000001
43.52364386,45.26748948,49999980,30,0.000001
51.20396605,28.50199958,49999980,30,0.000001
51.83328009,42.27005721,49999980,30,0.000001
39.90033073,50.61598963,49999980,30,0.000001
53.53291871,60.4475527,49999980,30,0.000001
49.48372378,57.24948302,49999980,30,0.000001
47.74557956,39.19337345,49999980,30,0.000001
47.65670126,53.17149292,49999980,30,0.000001
55.21299844,47.51389493,49999980,30,0.000001
51.38712553,37.70472865,49999980,30,0.000001
54.58419796,70.28853665,49999980,30,0.000001
56.60901174,71.41939326,49999980,30,0.000001
35.17423619,24.56883613,49999980,30,0.000001
59.79506612,80.24607647,49999980,30,0.000001
54.18600494,66.50589793,49999980,30,0.000001
35.25931853,21.50227007,49999980,30,0.000001
50.8846716,48.92931026,49999980,30,0.000001
41.99600342,38.94129402,49999980,30,0.000001
52.37319902,59.46958101,49999980,30,0.000001
39.83371288,42.13208489,49999980,30,0.000001
37.91194058,65.36798406,49999980,30,0.000001
47.13283455,31.52762748,49999980,30,0.000001
61.88399401,70.91392247,49999980,30,0.000001
48.16855516,81.56788476,49999980,30,0.000001
48.05547431,66.8750507,49999980,30,0.000001
53.06191505,37.65666601,49999980,30,0.000001
66.103255,77.84063281,49999980,30,0.000001
47.41300176,55.28623061,49999980,30,0.000001
45.0096566,41.0251087,49999980,30,0.000001
57.71896186,60.13629432,49999980,30,0.000001
47.87447763,59.20309675,49999980,30,0.000001
48.84559615,66.35325852,49999980,30,0.000001
57.18586482,39.51666032,49999980,30,0.000001
47.94637903,48.20824147,49999980,30,0.000001
57.45810414,47.64075956,49999980,30,0.000001
33.47843731,40.53293268,49999980,30,0.000001
51.85749973,71.57461969,49999980,30,0.000001
47.54249604,58.09464855,49999980,30,0.000001
49.34361902,44.34108555,49999980,30,0.000001
44.55915533,62.90548573,49999980,30,0.000001
42.75835947,30.51348048,49999980,30,0.000001
47.89980981,45.6081853,49999980,30,0.000001
39.07395879,26.28774077,49999980,30,0.000001
57.85603248,40.3690812,49999980,30,0.000001
52.55535057,38.6781584,49999980,30,0.000001
48.27964508,35.28477099,49999980,30,0.000001
47.88813086,41.02210693,49999980,30,0.000001
48.77151661,39.37234078,49999980,30,0.000001
49.92714501,39.42353564,49999980,30,0.000001
67.33326927,53.39232917,49999980,30,0.000001
42.14353418,30.1234874,49999980,30,0.000001
47.96576091,58.74087794,49999980,30,0.000001
45.60973804,34.25545179,49999980,30,0.000001
45.49719998,87.61287206,49999980,30,0.000001
58.60812071,67.53788626,49999980,30,0.000001
50.87862258,52.60786268,49999980,30,0.000001
41.01261004,52.64503126,49999980,30,0.000001
45.25555984,47.43733504,49999980,30,0.000001
58.53591883,45.58170829,49999980,30,0.000001
63.56889822,88.92330921,49999980,30,0.000001
43.06934912,75.84967937,49999980,30,0.000001
52.02600354,54.18986982,49999980,30,0.000001
56.56768961,53.92574742,49999980,30,0.000001
54.50948015,51.1375718,49999980,30,0.000001
63.66069679,93.11899714,49999980,30,0.000001
47.61162286,47.33602523,49999980,30,0.000001
47.30928533,58.81384741,49999980,30,0.000001
45.55895399,46.0420118,49999980,30,0.000001
52.51719344,72.72422931,49999980,30,0.000001
46.17614245,46.04808512,49999980,30,0.000001
59.65156858,47.38986578,49999980,30,0.000001
43.97035549,38.94667189,49999980,30,0.000001
50.48694345,63.78598466,49999980,30,0.000001
45.20111521,58.74686851,49999980,30,0.000001
62.15809092,78.45096487,49999980,30,0.000001
46.6473451,52.87992342,49999980,30,0.000001
49.17165397,40.02352296,49999980,30,0.000001
43.16007235,49.75181909,49999980,30,0.000001
52.231511,68.90980638,49999980,30,0.000001
45.71583512,38.14292406,49999980,30,0.000001
50.12756939,43.93717812,49999980,30,0.000001
41.24853618,59.71043193,49999980,30,0.000001
54.11793133,97.21214151,49999980,30,0.000001
50.24145337,46.84178416,49999980,30,0.000001
56.1559672,44.78103255,49999980,30,0.000001
50.45083375,69.55176035,49999980,30,0.000001
51.96668106,105.1424564,49999980,30,0.000001
52.6357325,45.82933886,49999980,30,0.000001
44.29060225,40.76331986,49999980,30,0.000001
39.51360006,46.93928631,49999980,30,0.000001
49.00863762,50.3407486,49999980,30,0.000001
50.36455248,78.83756851,49999980,30,0.000001
46.98846501,52.84166482,49999980,30,0.000001
54.40137852,71.62688227,50000000,40,0.000001
63.34938204,57.27879558,50000000,40,0.000001
47.04031064,48.5524349,50000000,40,0.000001
44.8539044,51.44529944,50000000,40,0.000001
48.36216323,40.93137884,50000000,40,0.000001
54.65165519,56.17153841,50000000,40,0.000001
34.51905631,27.1728241,50000000,40,0.000001
48.10015662,77.82580344,50000000,40,0.000001
46.08931328,27.76305636,50000000,40,0.000001
67.11091363,69.61855063,50000000,40,0.000001
60.43569793,80.96130216,50000000,40,0.000001
58.62036251,81.33802669,50000000,40,0.000001
36.71915058,41.27045048,50000000,40,0.000001
38.87803451,45.45276189,50000000,40,0.000001
60.07257461,50.21343087,50000000,40,0.000001
52.52421105,65.24451057,50000000,40,0.000001
52.06711297,62.09676123,50000000,40,0.000001
48.58835419,34.01067713,50000000,40,0.000001
52.08902206,52.49036656,50000000,40,0.000001
61.74489063,77.83225282,50000000,40,0.000001
57.0396434,50.51934403,50000000,40,0.000001
47.46929124,45.30891671,50000000,40,0.000001
57.35182273,63.36159533,50000000,40,0.000001
51.42480992,48.49108616,50000000,40,0.000001
40.02889869,40.31894216,50000000,40,0.000001
43.16499051,36.50815065,50000000,40,0.000001
72.40346321,63.41944219,50000000,40,0.000001
45.85720955,45.66948227,50000000,40,0.000001
51.06707733,51.11452727,50000000,40,0.000001
53.64263304,57.91419967,50000000,40,0.000001
52.22279777,49.54023082,50000000,40,0.000001
42.0385456,45.23319185,50000000,40,0.000001
52.81530379,93.88042767,50000000,40,0.000001
44.2237003,61.72449938,50000000,40,0.000001
45.91547091,40.47070998,50000000,40,0.000001
74.27129415,75.39843473,50000000,40,0.000001
48.74881452,55.81111402,50000000,40,0.000001
41.36956206,59.42402469,50000000,40,0.000001
48.06378471,65.20944224,50000000,40,0.000001
44.61174942,51.56078595,50000000,40,0.000001
41.47325773,36.26573752,50000000,40,0.000001
34.33917479,41.5184287,50000000,40,0.000001
51.3036595,50.01438882,50000000,40,0.000001
59.53522725,55.85346526,50000000,40,0.000001
60.01985368,72.66049458,50000000,40,0.000001
50.17327891,53.94685002,50000000,40,0.000001
53.91119073,54.63020289,50000000,40,0.000001
49.18147506,38.08729541,50000000,40,0.000001
42.61054257,36.59823608,50000000,40,0.000001
55.8283527,72.79110381,50000000,40,0.000001
42.93915196,44.24438982,50000000,40,0.000001
42.96112453,29.13866416,50000000,40,0.000001
59.68475757,70.94424102,50000000,40,0.000001
46.520242,54.75782503,50000000,40,0.000001
47.41613781,63.62526473,50000000,40,0.000001
45.79549725,72.08529033,50000000,40,0.000001
48.94475187,47.61835989,50000000,40,0.000001
38.12702815,30.34029726,50000000,40,0.000001
51.57466946,73.40810094,50000000,40,0.000001
53.06551088,39.78094811,50000000,40,0.000001
40.88363629,41.99754286,50000000,40,0.000001
55.2169885,59.55350732,50000000,40,0.000001
39.72154501,35.89271794,50000000,40,0.000001
45.97588933,53.11957043,50000000,40,0.000001
48.50514993,37.34027744,50000000,40,0.000001
41.87996763,37.3551828,50000000,40,0.000001
48.94724334,48.06798701,50000000,40,0.000001
45.99428548,36.36237999,50000000,40,0.000001
38.08750933,46.88085391,50000000,40,0.000001
61.47353571,63.77725747,50000000,40,0.000001
58.62555194,53.46031865,50000000,40,0.000001
47.32995001,75.11990291,50000000,40,0.000001
53.41806104,46.22846419,50000000,40,0.000001
49.77836622,54.83279717,50000000,40,0.000001
56.96941304,49.58719282,50000000,40,0.000001
49.99221083,46.04341349,50000000,40,0.000001
55.93787085,64.46201619,50000000,40,0.000001
60.9570684,39.30143061,50000000,40,0.000001
54.01955928,56.83725851,50000000,40,0.000001
50.89277208,80.73658637,50000000,40,0.000001
51.51066379,57.22620963,50000000,40,0.000001
55.3737082,44.94606775,50000000,40,0.000001
65.7238018,78.48511073,50000000,40,0.000001
56.75245843,53.34096269,50000000,40,0.000001
55.39020529,42.56060528,50000000,40,0.000001
60.05453138,70.54829814,50000000,40,0.000001
43.15218445,43.23781978,50000000,40,0.000001
51.77891509,76.72157377,50000000,40,0.000001
54.09342888,81.291033,50000000,40,0.000001
52.05210266,46.11011446,50000000,40,0.000001
56.95150832,59.29305067,50000000,40,0.000001
41.67580017,54.03838995,50000000,40,0.000001
53.99197867,37.00606697,50000000,40,0.000001
51.77861109,47.95656113,50000000,40,0.000001
42.42276359,62.58270221,50000000,40,0.000001
42.80567921,44.40226121,50000000,40,0.000001
47.89686092,36.12550674,50000000,40,0.000001
43.20877116,27.5917555,50000000,40,0.000001
43.16274817,40.13925421,50000000,40,0.000001
45.89117722,58.80447172,50000000,40,0.000001
60.03794836,57.68183782,50000000,50,0.000001
57.04738837,30.88104777,50000000,50,0.000001
52.04736828,58.70332967,50000000,50,0.000001
48.52529259,41.35110202,50000000,50,0.000001
46.72220201,48.4656334,50000000,50,0.000001
34.79334516,48.52572377,50000000,50,0.000001
40.79695083,55.12162588,50000000,50,0.000001
44.22005886,54.63664773,50000000,50,0.000001
38.14217926,31.36025899,50000000,50,0.000001
63.72997607,65.31804761,50000000,50,0.000001
58.51562677,84.03255198,50000000,50,0.000001
49.02130304,49.59471236,50000000,50,0.000001
43.0281594,40.5538803,50000000,50,0.000001
61.99996674,54.80386846,50000000,50,0.000001
50.37888908,38.91039279,50000000,50,0.000001
43.14058203,56.44038062,50000000,50,0.000001
49.65237488,51.20494884,50000000,50,0.000001
44.07335512,53.28690503,50000000,50,0.000001
39.69374921,42.10713851,50000000,50,0.000001
54.34148596,38.66676303,50000000,50,0.000001
55.29715542,58.12686631,50000000,50,0.000001
50.26256282,58.22600396,50000000,50,0.000001
46.20696671,53.17321653,50000000,50,0.000001
42.23955848,40.66811189,50000000,50,0.000001
60.37217769,69.1882501,50000000,50,0.000001
60.52286606,69.25491935,50000000,50,0.000001
58.73261883,75.72044617,50000000,50,0.000001
45.11422229,50.07912236,50000000,50,0.000001
46.74658247,41.93773674,50000000,50,0.000001
59.64105737,72.60925845,50000000,50,0.000001
40.94961876,39.53968523,50000000,50,0.000001
44.87539554,39.70575975,50000000,50,0.000001
49.1392847,42.20513767,50000000,50,0.000001
48.87414362,57.67477577,50000000,50,0.000001
47.52326558,61.7062458,50000000,50,0.000001
47.52019982,59.99612294,50000000,50,0.000001
71.46812239,99.71837555,50000000,50,0.000001
52.70810574,51.50448915,50000000,50,0.000001
52.52527346,50.74155789,50000000,50,0.000001
59.08075054,32.73622059,50000000,50,0.000001
50.84313806,46.7741797,50000000,50,0.000001
49.84290512,38.60634911,50000000,50,0.000001
31.06132372,33.56868265,50000000,50,0.000001
55.15209175,79.75760285,50000000,50,0.000001
53.41104316,58.08360848,50000000,50,0.000001
53.43415978,84.88672166,50000000,50,0.000001
54.5389779,61.6107431,50000000,50,0.000001
54.11469465,41.92037688,50000000,50,0.000001
56.65909898,56.39542396,50000000,50,0.000001
54.63702192,37.17071682,50000000,50,0.000001
43.07621145,42.49130739,50000000,50,0.000001
48.53337378,62.82631176,50000000,50,0.000001
45.04737644,37.23481863,50000000,50,0.000001
52.7958052,48.42624805,50000000,50,0.000001
51.60183332,49.80049344,50000000,50,0.000001
52.66458731,34.86091981,50000000,50,0.000001
52.84082546,45.34926031,50000000,50,0.000001
55.08118275,32.83515484,50000000,50,0.000001
51.61594338,56.20447639,50000000,50,0.000001
51.73539403,49.11641126,50000000,50,0.000001
49.62416546,45.68852581,50000000,50,0.000001
48.16535745,46.44338078,50000000,50,0.000001
47.27316061,69.53745471,50000000,50,0.000001
38.0119155,26.78520676,50000000,50,0.000001
54.8119228,61.0507315,50000000,50,0.000001
53.79279021,81.83787023,50000000,50,0.000001
44.97687474,36.8639159,50000000,50,0.000001
46.90083525,40.81621571,50000000,50,0.000001
48.42023779,52.80426291,50000000,50,0.000001
48.30352508,42.7162641,50000000,50,0.000001
51.33466511,47.58011364,50000000,50,0.000001
49.49584249,51.70330553,50000000,50,0.000001
45.87209706,47.67456337,50000000,50,0.000001
43.94469961,51.20335693,50000000,50,0.000001
50.25144827,41.61075893,50000000,50,0.000001
57.6449689,65.56069373,50000000,50,0.000001
48.38356603,35.58280625,50000000,50,0.000001
54.15875835,52.30256026,50000000,50,0.000001
59.23329852,93.62605949,50000000,50,0.000001
45.94402243,34.55364768,50000000,50,0.000001
53.00965592,70.79744415,50000000,50,0.000001
59.98947598,60.54971877,50000000,50,0.000001
31.85747025,36.39564012,50000000,50,0.000001
48.05019185,53.15843343,50000000,50,0.000001
57.02066698,66.41995882,50000000,50,0.000001
56.66474815,56.68891051,50000000,50,0.000001
53.1893277,56.35583562,50000000,50,0.000001
52.20793881,56.63714021,50000000,50,0.000001
45.80966088,45.99363768,50000000,50,0.000001
57.13508289,70.80375964,50000000,50,0.000001
41.55410918,40.90408088,50000000,50,0.000001
51.38776944,65.03917861,50000000,50,0.000001
51.7489712,61.02611624,50000000,50,0.000001
63.05970245,50.87884524,50000000,50,0.000001
49.02535604,60.35175029,50000000,50,0.000001
45.2330461,54.73699047,50000000,50,0.000001
49.62123925,82.07194628,50000000,50,0.000001
51.30283416,44.16692008,50000000,50,0.000001
58.79577393,93.2415236,50000000,50,0.000001
54.67270449,49.50683155,50000000,50,0.000001
34.16198814,38.50475004,49999950,70,0.000001
51.00168189,81.63996344,49999950,70,0.000001
46.32024895,37.8258683,49999950,70,0.000001
46.06301362,45.29894571,49999950,70,0.000001
48.8220426,45.43378376,49999950,70,0.000001
58.76725268,56.99369578,49999950,70,0.000001
62.08477875,58.16401657,49999950,70,0.000001
52.00514531,46.44882004,49999950,70,0.000001
43.24911596,42.34574808,49999950,70,0.000001
40.30662667,49.95230962,49999950,70,0.000001
56.29879478,45.05391843,49999950,70,0.000001
59.16491359,46.15535892,49999950,70,0.000001
48.39515502,42.92967161,49999950,70,0.000001
47.15694338,45.9308162,49999950,70,0.000001
51.12436817,60.14535424,49999950,70,0.000001
44.78366303,38.50618412,49999950,70,0.000001
45.12005485,45.59276251,49999950,70,0.000001
38.21230887,40.07990472,49999950,70,0.000001
39.87553965,34.71528397,49999950,70,0.000001
55.48946631,75.26246966,49999950,70,0.000001
53.89453193,54.47767112,49999950,70,0.000001
53.85938563,41.13303464,49999950,70,0.000001
59.05732455,75.54729884,49999950,70,0.000001
45.82150245,38.21816714,49999950,70,0.000001
47.0341632,50.47508457,49999950,70,0.000001
41.96590819,37.19579878,49999950,70,0.000001
44.04107703,32.99168486,49999950,70,0.000001
52.99210911,41.5472083,49999950,70,0.000001
57.83184913,73.15847791,49999950,70,0.000001
50.37708702,40.19387082,49999950,70,0.000001
62.33720469,77.32162705,49999950,70,0.000001
45.78996218,55.81595873,49999950,70,0.000001
41.89202427,47.01124312,49999950,70,0.000001
58.33487996,50.7053322,49999950,70,0.000001
51.53392806,68.61815636,49999950,70,0.000001
41.91275091,49.41468924,49999950,70,0.000001
47.27082791,44.99934044,49999950,70,0.000001
41.15729886,32.62658127,49999950,70,0.000001
38.84985487,36.65533542,49999950,70,0.000001
41.08663327,47.26309101,49999950,70,0.000001
52.58786489,57.36952799,49999950,70,0.000001
45.85221364,37.31950577,49999950,70,0.000001
41.1308942,46.55200894,49999950,70,0.000001
57.88440779,71.59322794,49999950,70,0.000001
51.79548861,46.17390646,49999950,70,0.000001
73.98928797,74.65130021,49999950,70,0.000001
45.02813562,38.19508792,49999950,70,0.000001
47.00561301,55.04496068,49999950,70,0.000001
39.02764514,38.90274104,49999950,70,0.000001
53.76961067,40.13346457,49999950,70,0.000001
55.22100781,71.11715376,49999950,70,0.000001
44.99591149,41.37666925,49999950,70,0.000001
50.2956035,50.66304456,49999950,70,0.000001
44.7280163,44.7037545,49999950,70,0.000001
52.37917083,58.14844791,49999950,70,0.000001
47.21046489,47.2617519,49999950,70,0.000001
51.30724315,67.32332914,49999950,70,0.000001
61.49192329,68.90814233,49999950,70,0.000001
48.19952966,51.51048686,49999950,70,0.000001
55.07842166,57.35182399,49999950,70,0.000001
61.95704537,68.47049075,49999950,70,0.000001
52.96528152,45.46748903,49999950,70,0.000001
48.87551758,52.86578303,49999950,70,0.000001
53.91254501,52.39972005,49999950,70,0.000001
37.81293858,36.63933467,49999950,70,0.000001
48.35831221,64.1252485,49999950,70,0.000001
49.22252331,46.42119768,49999950,70,0.000001
51.86225842,63.85140756,49999950,70,0.000001
46.85889852,58.72703946,49999950,70,0.000001
69.64191672,87.4518113,49999950,70,0.000001
49.05979025,44.99344932,49999950,70,0.000001
42.74872291,50.85466327,49999950,70,0.000001
56.46240819,70.908316,49999950,70,0.000001
41.70175483,47.32520274,49999950,70,0.000001
59.98286899,56.30945275,49999950,70,0.000001
50.66162862,51.91953328,49999950,70,0.000001
46.95614581,48.64130153,49999950,70,0.000001
57.00439569,65.93178487,49999950,70,0.000001
53.6311322,95.68013968,49999950,70,0.000001
49.2396237,44.96209248,49999950,70,0.000001
52.50796208,46.00619882,49999950,70,0.000001
44.49492362,38.27813264,49999950,70,0.000001
66.31545603,60.01639014,49999950,70,0.000001
50.39140204,45.14611296,49999950,70,0.000001
47.75925202,42.55406195,49999950,70,0.000001
64.37541778,45.77158871,49999950,70,0.000001
48.09073177,57.51479871,49999950,70,0.000001
44.01553919,49.72955616,49999950,70,0.000001
37.94946948,40.00905936,49999950,70,0.000001
54.44469307,61.76317455,49999950,70,0.000001
50.17835013,42.56690483,49999950,70,0.000001
58.61864055,54.80645897,49999950,70,0.000001
50.11232886,37.24998854,49999950,70,0.000001
52.10310817,55.86102305,49999950,70,0.000001
45.78702768,64.68148843,49999950,70,0.000001
55.96035531,53.2246382,49999950,70,0.000001
52.90693216,48.99644304,49999950,70,0.000001
59.12988472,59.86132897,49999950,70,0.000001
55.98967586,49.94792076,49999950,70,0.000001
46.1490409,35.64249301,49999950,70,0.000001
40.98792342,45.75456849,50000000,100,0.000001
51.98925234,47.24444308,50000000,100,0.000001
58.81184042,70.82556792,50000000,100,0.000001
45.33854202,51.503324,50000000,100,0.000001
60.38006315,59.88721626,50000000,100,0.000001
42.37102335,45.71100875,50000000,100,0.000001
46.71944585,53.6375631,50000000,100,0.000001
58.12290681,47.35317272,50000000,100,0.000001
43.15409375,43.01361587,50000000,100,0.000001
51.24504936,46.5023187,50000000,100,0.000001
56.47451807,52.98764905,50000000,100,0.000001
47.92356055,45.16411072,50000000,100,0.000001
47.22031856,50.56229958,50000000,100,0.000001
42.83431954,47.7999901,50000000,100,0.000001
41.85534552,39.60021574,50000000,100,0.000001
44.61824598,44.39325027,50000000,100,0.000001
51.18127652,57.1188419,50000000,100,0.000001
42.26580314,31.60883345,50000000,100,0.000001
64.98072153,58.94630073,50000000,100,0.000001
53.96327291,51.30184009,50000000,100,0.000001
64.89768903,55.83578254,50000000,100,0.000001
57.37978978,58.54707869,50000000,100,0.000001
50.8973498,54.10986436,50000000,100,0.000001
60.45525305,56.01688861,50000000,100,0.000001
45.0794379,54.7651472,50000000,100,0.000001
51.90366944,56.78084805,50000000,100,0.000001
51.08624441,62.67127224,50000000,100,0.000001
39.93314249,30.51016832,50000000,100,0.000001
39.15750801,37.45351467,50000000,100,0.000001
46.13492735,46.18601428,50000000,100,0.000001
40.23948355,33.91421084,50000000,100,0.000001
49.78561767,43.33649262,50000000,100,0.000001
53.97718899,48.6836332,50000000,100,0.000001
48.10098913,38.15289578,50000000,100,0.000001
44.27799578,40.23290677,50000000,100,0.000001
52.29489617,44.80784799,50000000,100,0.000001
57.36432192,65.79293378,50000000,100,0.000001
45.12645745,41.0584726,50000000,100,0.000001
43.11837025,40.61459697,50000000,100,0.000001
45.83058322,47.1182349,50000000,100,0.000001
52.20458623,58.35888159,50000000,100,0.000001
43.86892331,47.28781566,50000000,100,0.000001
65.97407417,66.07086589,50000000,100,0.000001
51.63696098,51.71733759,50000000,100,0.000001
42.17753942,50.47699317,50000000,100,0.000001
60.08516602,61.76823121,50000000,100,0.000001
34.786642,28.85925901,50000000,100,0.000001
60.88639999,74.33475633,50000000,100,0.000001
44.97950407,49.25354386,50000000,100,0.000001
64.20858312,76.81776709,50000000,100,0.000001
43.11321706,53.07942251,50000000,100,0.000001
51.71549291,65.28664009,50000000,100,0.000001
57.95200967,57.32928061,50000000,100,0.000001
57.53352207,49.04818478,50000000,100,0.000001
38.84950644,39.88254617,50000000,100,0.000001
43.81414734,58.27453131,50000000,100,0.000001
51.75658229,50.65899952,50000000,100,0.000001
40.78124979,37.98439281,50000000,100,0.000001
49.14259363,46.60930163,50000000,100,0.000001
51.37694494,48.79952647,50000000,100,0.000001
55.77068468,51.5495405,50000000,100,0.000001
35.73176797,35.16237176,50000000,100,0.000001
61.80312189,56.18908225,50000000,100,0.000001
41.04522102,43.29619012,50000000,100,0.000001
53.77838547,56.76900137,50000000,100,0.000001
41.21825646,46.17230388,50000000,100,0.000001
52.91545983,71.65857018,50000000,100,0.000001
56.18977984,46.24650574,50000000,100,0.000001
53.359049,58.63616621,50000000,100,0.000001
53.23896465,55.06438032,50000000,100,0.000001
45.83325725,49.2672742,50000000,100,0.000001
56.01884512,52.65709166,50000000,100,0.000001
51.96337655,59.47491711,50000000,100,0.000001
44.72777612,54.70706421,50000000,100,0.000001
50.13407652,63.14844349,50000000,100,0.000001
53.95126804,56.00815038,50000000,100,0.000001
50.78628869,53.08413793,50000000,100,0.000001
39.21589796,35.5694079,50000000,100,0.000001
50.73210284,54.53097775,50000000,100,0.000001
49.89976107,46.55154162,50000000,100,0.000001
58.33512862,71.46360083,50000000,100,0.000001
49.62907785,52.77307872,50000000,100,0.000001
58.23779649,65.57788668,50000000,100,0.000001
42.87670722,38.03547907,50000000,100,0.000001
62.02438597,55.91701937,50000000,100,0.000001
52.60512758,45.36615554,50000000,100,0.000001
55.25780512,49.6749747,50000000,100,0.000001
55.01902835,56.27950685,50000000,100,0.000001
46.1173359,53.47300652,50000000,100,0.000001
50.28218476,48.3049391,50000000,100,0.000001
50.00570297,59.98407747,50000000,100,0.000001
43.9740074,40.4018021,50000000,100,0.000001
42.05511098,45.4435487,50000000,100,0.000001
44.87469863,44.61492229,50000000,100,0.000001
57.53322035,55.52264881,50000000,100,0.000001
47.90771517,50.53449585,50000000,100,0.000001
51.7387999,66.02473163,50000000,100,0.000001
53.64581949,55.6163071,50000000,100,0.000001
53.94887442,52.32310125,50000000,100,0.000001
48.11250948,42.04728898,50000000,100,0.000001
44.70016033,52.15474723,49999880,140,0.000001
42.90234156,48.00599584,49999880,140,0.000001
70.16560921,71.89883966,49999880,140,0.000001
46.00588522,47.02251231,49999880,140,0.000001
44.85699329,44.97577402,49999880,140,0.000001
41.3339302,45.28303669,49999880,140,0.000001
54.16292838,51.97959928,49999880,140,0.000001
44.99242014,58.17651467,49999880,140,0.000001
36.90719605,40.9337475,49999880,140,0.000001
49.30192269,35.6460433,49999880,140,0.000001
50.1575814,51.14818212,49999880,140,0.000001
48.09613044,41.28569034,49999880,140,0.000001
48.96804628,46.19495984,49999880,140,0.000001
49.89503645,52.00722913,49999880,140,0.000001
44.5581661,43.69050963,49999880,140,0.000001
53.88609843,61.75663157,49999880,140,0.000001
66.15555332,65.07537892,49999880,140,0.000001
47.97157323,44.73426922,49999880,140,0.000001
54.84743618,65.74148453,49999880,140,0.000001
56.75616051,77.02935985,49999880,140,0.000001
50.87879496,55.66771842,49999880,140,0.000001
56.27439011,55.95940173,49999880,140,0.000001
44.88235444,41.49644881,49999880,140,0.000001
56.32228663,57.78923446,49999880,140,0.000001
31.80203365,33.12793809,49999880,140,0.000001
48.61347344,45.77740063,49999880,140,0.000001
49.8881187,53.97909689,49999880,140,0.000001
45.13490155,49.11499885,49999880,140,0.000001
44.02195418,45.56769107,49999880,140,0.000001
45.30762305,54.72535215,49999880,140,0.000001
47.94676273,40.2913987,49999880,140,0.000001
42.19249528,46.77786913,49999880,140,0.000001
51.78507771,45.60766954,49999880,140,0.000001
49.46524691,49.40293809,49999880,140,0.000001
49.657444,44.15500483,49999880,140,0.000001
41.06425288,42.53185422,49999880,140,0.000001
51.02230997,51.4028945,49999880,140,0.000001
61.09598823,61.11533386,49999880,140,0.000001
49.60740997,58.11098657,49999880,140,0.000001
40.68361296,38.70461832,49999880,140,0.000001
57.97551696,57.74166618,49999880,140,0.000001
62.4825461,60.55535583,49999880,140,0.000001
51.0533871,42.71875988,49999880,140,0.000001
44.68823684,49.80017757,49999880,140,0.000001
45.95557619,42.31465318,49999880,140,0.000001
43.65662712,43.74443683,49999880,140,0.000001
50.74904599,63.87146857,49999880,140,0.000001
56.84570121,52.31426597,49999880,140,0.000001
39.78257666,41.36197423,49999880,140,0.000001
44.03464367,47.5621529,49999880,140,0.000001
50.02042011,49.41962146,49999880,140,0.000001
50.32200467,68.30355552,49999880,140,0.000001
53.29853002,62.23898591,49999880,140,0.000001
50.89257615,45.93389646,49999880,140,0.000001
52.49419232,52.5247135,49999880,140,0.000001
42.06482012,35.58361804,49999880,140,0.000001
48.60310194,49.86889741,49999880,140,0.000001
52.96486173,59.10404952,49999880,140,0.000001
49.82530719,49.36304313,49999880,140,0.000001
53.54740575,52.44415356,49999880,140,0.000001
49.09723996,38.47752031,49999880,140,0.000001
57.11090142,57.36558563,49999880,140,0.000001
47.98860474,42.32381442,49999880,140,0.000001
56.12984619,68.23088219,49999880,140,0.000001
51.07551665,47.27636788,49999880,140,0.000001
60.81495866,65.63765147,49999880,140,0.000001
44.01891665,36.78492115,49999880,140,0.000001
53.95044276,58.44621215,49999880,140,0.000001
52.86495425,52.69214391,49999880,140,0.000001
52.81296179,51.11062897,49999880,140,0.000001
52.10116435,59.9586725,49999880,140,0.000001
65.68388631,52.54504563,49999880,140,0.000001
51.20324493,57.4091871,49999880,140,0.000001
51.79065207,52.86725368,49999880,140,0.000001
39.02945991,35.86597616,49999880,140,0.000001
58.74910579,53.67595316,49999880,140,0.000001
47.94613885,55.07781728,49999880,140,0.000001
58.63662979,57.13395124,49999880,140,0.000001
52.65883084,47.22634786,49999880,140,0.000001
51.05177428,42.26513046,49999880,140,0.000001
44.79587413,34.47000727,49999880,140,0.000001
43.87038934,45.79087897,49999880,140,0.000001
52.37534387,57.24950821,49999880,140,0.000001
47.79355727,50.05305763,49999880,140,0.000001
52.81612731,57.32394382,49999880,140,0.000001
57.21971136,58.56771522,49999880,140,0.000001
58.11547802,67.45890267,49999880,140,0.000001
45.87794429,43.09111399,49999880,140,0.000001
56.77528297,48.76445431,49999880,140,0.000001
47.08397938,50.34879347,49999880,140,0.000001
43.90560228,43.67216861,49999880,140,0.000001
57.79539349,55.48935562,49999880,140,0.000001
50.11958343,56.18559022,49999880,140,0.000001
44.84227293,41.54312362,49999880,140,0.000001
44.45694874,47.79871209,49999880,140,0.000001
61.88489118,72.2706777,49999880,140,0.000001
39.43241907,35.58970233,49999880,140,0.000001
41.2392873,38.51103055,49999880,140,0.000001
43.99209724,41.59040847,49999880,140,0.000001
59.16227076,44.78364854,49999880,140,0.000001
52.8204421,55.96303115,49999950,210,0.000001
46.20750253,41.78191094,49999950,210,0.000001
52.466353,54.54582882,49999950,210,0.000001
45.13154569,44.06185998,49999950,210,0.000001
50.97238625,49.75033233,49999950,210,0.000001
54.0113122,55.13213106,49999950,210,0.000001
49.95102649,62.19927401,49999950,210,0.000001
65.30188361,64.96417467,49999950,210,0.000001
54.3516001,60.12112871,49999950,210,0.000001
48.37743161,48.63361709,49999950,210,0.000001
51.07529208,53.16833188,49999950,210,0.000001
50.11868345,49.77520048,49999950,210,0.000001
46.9903573,49.24343775,49999950,210,0.000001
62.18433238,77.20628967,49999950,210,0.000001
49.09025502,47.96720707,49999950,210,0.000001
48.19245716,48.54341748,49999950,210,0.000001
36.90120971,37.27411603,49999950,210,0.000001
59.06398269,57.72621186,49999950,210,0.000001
51.94755998,59.90333702,49999950,210,0.000001
52.25174721,52.44565117,49999950,210,0.000001
45.67866594,43.83312393,49999950,210,0.000001
50.20047151,49.47621103,49999950,210,0.000001
62.20077897,50.23901488,49999950,210,0.000001
55.71704216,56.80655165,49999950,210,0.000001
39.90550545,36.08939384,49999950,210,0.000001
56.75821309,58.28122254,49999950,210,0.000001
49.10426914,46.32405734,49999950,210,0.000001
47.8780137,50.97616852,49999950,210,0.000001
57.74144874,57.7099116,49999950,210,0.000001
52.51274654,50.40296541,49999950,210,0.000001
54.07974668,49.87019611,49999950,210,0.000001
48.01577164,50.83306165,49999950,210,0.000001
47.86030878,55.61212449,49999950,210,0.000001
60.76992883,56.5108304,49999950,210,0.000001
41.29985425,33.91394874,49999950,210,0.000001
49.4083121,47.99581316,49999950,210,0.000001
38.17080232,40.70564193,49999950,210,0.000001
62.00933212,56.57817837,49999950,210,0.000001
51.42542804,53.18294236,49999950,210,0.000001
47.10087049,43.51593451,49999950,210,0.000001
57.82417999,59.44911127,49999950,210,0.000001
45.96456167,49.92915922,49999950,210,0.000001
70.95205103,72.15490751,49999950,210,0.000001
52.23414002,54.65826684,49999950,210,0.000001
58.81075323,55.14495312,49999950,210,0.000001
56.64177179,65.33713345,49999950,210,0.000001
50.00953323,59.05029813,49999950,210,0.000001
54.10280534,46.61442555,49999950,210,0.000001
59.66385272,67.94485516,49999950,210,0.000001
50.23660212,58.90268672,49999950,210,0.000001
50.94852399,58.10653116,49999950,210,0.000001
55.24174081,53.13752539,49999950,210,0.000001
52.96501946,46.9261303,49999950,210,0.000001
46.92080873,54.22009381,49999950,210,0.000001
39.93724741,32.62842971,49999950,210,0.000001
58.30288011,47.81411005,49999950,210,0.000001
50.78819984,57.8868159,49999950,210,0.000001
44.28439215,41.30662685,49999950,210,0.000001
63.60444259,57.59950234,49999950,210,0.000001
57.91602971,59.19976112,49999950,210,0.000001
45.90830633,44.56061096,49999950,210,0.000001
42.11454111,38.50780642,49999950,210,0.000001
47.0944214,45.07946134,49999950,210,0.000001
51.84690473,52.76331794,49999950,210,0.000001
56.21207064,58.51405414,49999950,210,0.000001
46.0298156,42.51022236,49999950,210,0.000001
49.79430106,53.89984898,49999950,210,0.000001
49.33715551,49.53054707,49999950,210,0.000001
59.88983744,65.28988542,49999950,210,0.000001
53.80744555,46.75307307,49999950,210,0.000001
63.72264053,72.12180331,49999950,210,0.000001
52.73166321,52.17067224,49999950,210,0.000001
49.02086484,46.07048171,49999950,210,0.000001
51.79933133,52.82312344,49999950,210,0.000001
54.84528986,57.5278336,49999950,210,0.000001
32.15382031,30.89068687,49999950,210,0.000001
37.97527169,41.03614799,49999950,210,0.000001
63.78202543,49.04367326,49999950,210,0.000001
48.87375849,54.79596937,49999950,210,0.000001
45.82560489,48.02966273,49999950,210,0.000001
46.73181215,47.49307012,49999950,210,0.000001
43.94032923,49.61849508,49999950,210,0.000001
53.66848083,49.89397251,49999950,210,0.000001
55.10232004,56.52731768,49999950,210,0.000001
55.96912867,53.01476425,49999950,210,0.000001
54.22973413,48.42188822,49999950,210,0.000001
50.93420757,61.13576314,49999950,210,0.000001
61.88515021,63.51580289,49999950,210,0.000001
54.96890998,53.62675024,49999950,210,0.000001
51.88410344,52.58260198,49999950,210,0.000001
50.88277161,58.14715806,49999950,210,0.000001
46.38165257,43.40519469,49999950,210,0.000001
38.92573094,36.36703381,49999950,210,0.000001
45.4090753,53.74613366,49999950,210,0.000001
57.12411629,52.77762373,49999950,210,0.000001
48.07609466,46.93929964,49999950,210,0.000001
40.29709692,39.51968028,49999950,210,0.000001
56.97189297,57.99184578,49999950,210,0.000001
49.73460527,53.85677988,49999950,210,0.000001
48.99729694,52.18052137,49999950,210,0.000001
45.92216998,44.21180942,49999950,350,0.000001
35.14288736,36.25640041,49999950,350,0.000001
55.05114242,55.14537851,49999950,350,0.000001
52.25617654,53.49854255,49999950,350,0.000001
38.09190702,42.46533787,49999950,350,0.000001
57.15855741,56.01691551,49999950,350,0.000001
60.85508545,59.66708014,49999950,350,0.000001
54.97716674,55.3043962,49999950,350,0.000001
53.1950318,56.83112764,49999950,350,0.000001
45.28389973,44.83725897,49999950,350,0.000001
46.06597068,48.04476825,49999950,350,0.000001
47.78357811,46.50227345,49999950,350,0.000001
43.31158051,40.37844278,49999950,350,0.000001
58.09726718,55.43129262,49999950,350,0.000001
45.83180097,47.78513312,49999950,350,0.000001
45.43717697,46.9285668,49999950,350,0.000001
56.24950796,56.52056876,49999950,350,0.000001
57.5876019,61.64543158,49999950,350,0.000001
42.7299025,40.39787143,49999950,350,0.000001
58.89369489,60.92636185,49999950,350,0.000001
52.05043686,48.01825696,49999950,350,0.000001
57.36987697,54.09306359,49999950,350,0.000001
48.93839213,45.90589452,49999950,350,0.000001
44.90730102,48.83163645,49999950,350,0.000001
49.95519955,47.06101831,49999950,350,0.000001
54.09587994,54.20785249,49999950,350,0.000001
52.05237598,47.59623931,49999950,350,0.000001
58.26314775,55.26902894,49999950,350,0.000001
48.1362322,52.63141804,49999950,350,0.000001
43.96087142,45.53311082,49999950,350,0.000001
37.84005926,32.55542451,49999950,350,0.000001
48.91658378,47.60084647,49999950,350,0.000001
63.85475393,65.79695726,49999950,350,0.000001
43.67227459,45.48313311,49999950,350,0.000001
55.8854794,53.15569538,49999950,350,0.000001
50.05743426,49.07967758,49999950,350,0.000001
44.10839651,45.39769264,49999950,350,0.000001
40.95282668,39.74653248,49999950,350,0.000001
48.18076927,42.95629631,49999950,350,0.000001
57.47692627,61.64927287,49999950,350,0.000001
56.95500583,58.1197021,49999950,350,0.000001
66.96527442,67.38548953,49999950,350,0.000001
52.39555704,51.32913965,49999950,350,0.000001
48.79972877,47.6021666,49999950,350,0.000001
45.04845703,46.58759427,49999950,350,0.000001
34.90647565,36.35887878,49999950,350,0.000001
51.11495366,52.1065289,49999950,350,0.000001
46.95970707,41.83099668,49999950,350,0.000001
40.77654157,43.90695789,49999950,350,0.000001
50.99939,47.76172358,49999950,350,0.000001
59.35560009,56.77394734,49999950,350,0.000001
54.00688388,58.62669882,49999950,350,0.000001
50.96067901,48.77055024,49999950,350,0.000001
45.09412557,42.65343479,49999950,350,0.000001
41.51339853,41.69087017,49999950,350,0.000001
39.74600881,38.65958755,49999950,350,0.000001
52.79525334,53.48653774,49999950,350,0.000001
54.90952611,53.53111793,49999950,350,0.000001
65.69024222,68.2407152,49999950,350,0.000001
43.31577371,42.10073185,49999950,350,0.000001
43.19760058,44.18485727,49999950,350,0.000001
62.41187461,47.53142829,49999950,350,0.000001
44.85325406,42.81649203,49999950,350,0.000001
36.98497962,38.99694694,49999950,350,0.000001
52.73008775,54.58093525,49999950,350,0.000001
54.72471357,62.291021,49999950,350,0.000001
36.05500029,32.2758417,49999950,350,0.000001
51.95930386,48.25219506,49999950,350,0.000001
37.88565338,36.11351568,49999950,350,0.000001
47.13288105,47.29730164,49999950,350,0.000001
43.97937785,50.14026579,49999950,350,0.000001
45.73093157,45.8183006,49999950,350,0.000001
38.85343789,35.77469408,49999950,350,0.000001
52.28963234,49.66493883,49999950,350,0.000001
38.09641828,36.07344146,49999950,350,0.000001
53.22864694,48.99129439,49999950,350,0.000001
50.86316422,50.65622846,49999950,350,0.000001
43.03269009,44.47712006,49999950,350,0.000001
42.76488188,42.13444207,49999950,350,0.000001
45.8155904,50.33998716,49999950,350,0.000001
50.08605416,43.70647971,49999950,350,0.000001
44.31736874,41.53114021,49999950,350,0.000001
42.17301295,47.54569335,49999950,350,0.000001
40.83529542,41.708089,49999950,350,0.000001
48.87896046,54.27021401,49999950,350,0.000001
53.86168276,50.52253004,49999950,350,0.000001
38.00397459,40.23018087,49999950,350,0.000001
43.80106537,41.6853779,49999950,350,0.000001
51.61926468,49.7904207,49999950,350,0.000001
53.54135977,50.57352635,49999950,350,0.000001
58.82609722,56.62797691,49999950,350,0.000001
50.81434312,50.42020077,49999950,350,0.000001
51.08267415,50.28255854,49999950,350,0.000001
53.76249431,56.20109549,49999950,350,0.000001
46.83877399,49.47493027,49999950,350,0.000001
58.7309314,58.29758692,49999950,350,0.000001
61.22358705,63.17502851,49999950,350,0.000001
43.04527376,41.89306348,49999950,350,0.000001
53.06774217,48.77758062,49999950,350,0.000001
58.06176489,61.52722843,49999950,350,0.000001
49.19789083,47.66119916,50000000,500,0.000001
45.64338936,48.32165749,50000000,500,0.000001
46.1393504,48.26167103,50000000,500,0.000001
43.99874655,38.42778156,50000000,500,0.000001
57.94345627,58.68292134,50000000,500,0.000001
40.82369703,42.32735584,50000000,500,0.000001
47.94685397,52.93393944,50000000,500,0.000001
62.09133836,68.30459867,50000000,500,0.000001
48.05549761,46.5956684,50000000,500,0.000001
48.37607827,46.43117638,50000000,500,0.000001
58.96828858,59.9525391,50000000,500,0.000001
52.79313516,50.69173837,50000000,500,0.000001
49.89357244,52.7996453,50000000,500,0.000001
46.99421436,45.23986964,50000000,500,0.000001
54.85803821,57.06118648,50000000,500,0.000001
59.2081591,56.16795451,50000000,500,0.000001
55.25577873,54.73013495,50000000,500,0.000001
31.60988566,34.0907863,50000000,500,0.000001
32.96529884,33.05227942,50000000,500,0.000001
42.14068053,45.71900561,50000000,500,0.000001
45.90996613,40.8336019,50000000,500,0.000001
56.83204706,59.2457804,50000000,500,0.000001
47.02096389,43.50582932,50000000,500,0.000001
56.45859821,59.58805372,50000000,500,0.000001
53.47677391,54.54922269,50000000,500,0.000001
52.09723883,55.55474417,50000000,500,0.000001
43.77529156,35.47020028,50000000,500,0.000001
41.03013884,42.46474748,50000000,500,0.000001
42.50275865,42.6593494,50000000,500,0.000001
45.07175789,44.88828307,50000000,500,0.000001
54.7596012,58.95146589,50000000,500,0.000001
49.78682606,38.43195994,50000000,500,0.000001
46.08781842,50.51878895,50000000,500,0.000001
41.91509867,39.62535514,50000000,500,0.000001
51.73375232,51.20153146,50000000,500,0.000001
49.71202764,53.23343032,50000000,500,0.000001
47.84443173,37.69784883,50000000,500,0.000001
47.94823161,48.42284437,50000000,500,0.000001
40.99273448,44.53780238,50000000,500,0.000001
49.07243979,49.93347096,50000000,500,0.000001
65.33110818,65.0361319,50000000,500,0.000001
38.87001297,39.831647,50000000,500,0.000001
55.09494898,59.14171803,50000000,500,0.000001
42.01382818,41.10421747,50000000,500,0.000001
42.80993232,44.74192915,50000000,500,0.000001
49.8712779,47.35988249,50000000,500,0.000001
39.8943933,41.18554659,50000000,500,0.000001
56.87547777,52.10896527,50000000,500,0.000001
52.7280571,56.77186585,50000000,500,0.000001
47.1753612,49.43070345,50000000,500,0.000001
53.30121927,54.64797077,50000000,500,0.000001
54.10402576,55.60684219,50000000,500,0.000001
71.07527405,69.14721321,50000000,500,0.000001
50.85742104,52.05506223,50000000,500,0.000001
50.98480801,48.53875233,50000000,500,0.000001
58.91840507,62.03433206,50000000,500,0.000001
39.8876336,37.36509916,50000000,500,0.000001
52.21751411,51.25764029,50000000,500,0.000001
49.81799624,49.12903059,50000000,500,0.000001
54.00163865,51.42193436,50000000,500,0.000001
47.21629145,47.23391584,50000000,500,0.000001
49.87936752,52.990979,50000000,500,0.000001
57.95115015,60.62212717,50000000,500,0.000001
51.07191487,51.84135017,50000000,500,0.000001
50.05520939,50.82304085,50000000,500,0.000001
55.56993133,60.5140514,50000000,500,0.000001
62.00658204,57.74364409,50000000,500,0.000001
48.05503117,50.74082604,50000000,500,0.000001
49.1513252,49.74116355,50000000,500,0.000001
43.82207507,43.70892948,50000000,500,0.000001
64.12881257,61.94698696,50000000,500,0.000001
40.19161034,41.02368348,50000000,500,0.000001
52.33007434,55.47016403,50000000,500,0.000001
48.94782806,49.45600634,50000000,500,0.000001
50.64310558,50.15211029,50000000,500,0.000001
54.07192372,55.82448302,50000000,500,0.000001
48.79234615,47.48696089,50000000,500,0.000001
49.0514761,49.68367412,50000000,500,0.000001
50.12658495,53.04462048,50000000,500,0.000001
57.95017408,58.00179389,50000000,500,0.000001
44.90316721,49.30292692,50000000,500,0.000001
48.96550606,47.73632115,50000000,500,0.000001
42.11656885,39.49256904,50000000,500,0.000001
46.75344486,47.26200917,50000000,500,0.000001
57.90130838,56.96641184,50000000,500,0.000001
51.1533834,50.02221745,50000000,500,0.000001
45.5208452,47.96228132,50000000,500,0.000001
68.90913839,70.31126733,50000000,500,0.000001
58.72595597,55.95314122,50000000,500,0.000001
46.08824815,48.23633525,50000000,500,0.000001
53.13107473,47.21173267,50000000,500,0.000001
49.86147829,50.79652361,50000000,500,0.000001
62.28589213,61.40287777,50000000,500,0.000001
47.32439219,47.15205398,50000000,500,0.000001
33.10431896,29.25289566,50000000,500,0.000001
44.89165155,49.30918423,50000000,500,0.000001
43.69792663,43.47505629,50000000,500,0.000001
46.92302032,49.50088835,50000000,500,0.000001
50.97322467,52.09114543,50000000,500,0.000001
40.82353975,44.5213195,50000000,500,0.000001
241.9916615,643.0674285,50000000,10,0.000005
253.6163559,550.6226142,50000000,10,0.000005
229.974517,171.8609165,50000000,10,0.000005
252.0851913,307.2345441,50000000,10,0.000005
237.2289432,315.7077967,50000000,10,0.000005
284.8625465,120.8491776,50000000,10,0.000005
242.3519132,195.0768641,50000000,10,0.000005
242.8664952,235.6087162,50000000,10,0.000005
247.4036176,235.6909508,50000000,10,0.000005
245.0654813,535.4982188,50000000,10,0.000005
261.9204968,209.2654977,50000000,10,0.000005
258.2090777,195.1206419,50000000,10,0.000005
260.9757016,147.6716877,50000000,10,0.000005
245.2465634,307.3809689,50000000,10,0.000005
250.7028787,234.6347204,50000000,10,0.000005
238.1951023,352.5679232,50000000,10,0.000005
243.255462,276.8283986,50000000,10,0.000005
266.6108587,257.065463,50000000,10,0.000005
219.0440966,255.1225225,50000000,10,0.000005
237.5198744,376.0776624,50000000,10,0.000005
251.9864466,290.1846405,50000000,10,0.000005
240.1562775,298.1844121,50000000,10,0.000005
254.1518689,311.5644348,50000000,10,0.000005
257.9681503,590.6746264,50000000,10,0.000005
249.0817545,702.3203,50000000,10,0.000005
270.1460561,238.1504661,50000000,10,0.000005
247.7240301,419.5055107,50000000,10,0.000005
222.1602301,195.0915741,50000000,10,0.000005
251.1365342,232.1478709,50000000,10,0.000005
255.4940795,318.1323833,50000000,10,0.000005
251.2963344,129.8642933,50000000,10,0.000005
250.2533729,218.7170852,50000000,10,0.000005
238.6231332,191.6731106,50000000,10,0.000005
231.5355073,223.6441886,50000000,10,0.000005
273.0992624,255.3707111,50000000,10,0.000005
229.7219858,144.5576388,50000000,10,0.000005
256.1103975,72.53066085,50000000,10,0.000005
267.2217406,1061.109489,50000000,10,0.000005
234.3326929,194.0390052,50000000,10,0.000005
276.2444176,531.6613654,50000000,10,0.000005
280.0043828,288.3387617,50000000,10,0.000005
244.7674165,622.5742764,50000000,10,0.000005
221.0519709,188.4376116,50000000,10,0.000005
290.8457666,469.6827173,50000000,10,0.000005
269.5163482,292.4161491,50000000,10,0.000005
249.6981866,155.1380415,50000000,10,0.000005
253.8322841,304.5547951,50000000,10,0.000005
255.9442394,388.7480248,50000000,10,0.000005
247.8553132,248.4503323,50000000,10,0.000005
236.4641493,252.3867037,50000000,10,0.000005
242.2554972,360.3131469,50000000,10,0.000005
217.4864508,147.9862702,50000000,10,0.000005
254.5936165,466.3798166,50000000,10,0.000005
252.7790157,224.5246816,50000000,10,0.000005
242.8606328,264.296436,50000000,10,0.000005
255.7415261,262.9750952,50000000,10,0.000005
251.6892988,275.2804442,50000000,10,0.000005
265.1361171,222.7400394,50000000,10,0.000005
225.8759798,201.57898,50000000,10,0.000005
268.2297715,249.392505,50000000,10,0.000005
257.4637952,236.7112824,50000000,10,0.000005
248.9694832,775.8974414,50000000,10,0.000005
252.9056343,263.4577145,50000000,10,0.000005
249.8258277,437.8660033,50000000,10,0.000005
263.6033289,326.0586699,50000000,10,0.000005
236.0200198,243.8648984,50000000,10,0.000005
252.5103552,464.9376866,50000000,10,0.000005
282.6689488,294.4243126,50000000,10,0.000005
239.6402322,238.0790433,50000000,10,0.000005
268.0865362,197.4627677,50000000,10,0.000005
252.5011276,238.9692015,50000000,10,0.000005
247.6606561,176.6645218,50000000,10,0.000005
275.1857112,342.7891692,50000000,10,0.000005
254.819342,326.4739886,50000000,10,0.000005
241.6329398,131.716951,50000000,10,0.000005
247.9475333,215.5825636,50000000,10,0.000005
256.4502196,231.9133381,50000000,10,0.000005
251.8066925,151.4686638,50000000,10,0.000005
258.1675244,464.9437993,50000000,10,0.000005
239.7973641,239.4561987,50000000,10,0.000005
256.3262199,220.6330275,50000000,10,0.000005
254.9644212,207.5984704,50000000,10,0.000005
268.6509969,426.2516672,50000000,10,0.000005
253.8973859,191.338816,50000000,10,0.000005
258.2028272,634.807182,50000000,10,0.000005
265.1883676,218.6865752,50000000,10,0.000005
236.633378,186.8887852,50000000,10,0.000005
260.8945507,207.766596,50000000,10,0.000005
237.9054295,126.8207373,50000000,10,0.000005
267.7362477,203.7110112,50000000,10,0.000005
244.1558859,186.6446727,50000000,10,0.000005
251.9389962,382.9228711,50000000,10,0.000005
262.606901,363.931076,50000000,10,0.000005
260.6246863,210.3261321,50000000,10,0.000005
235.9713412,216.3760863,50000000,10,0.000005
248.6768077,739.7707121,50000000,10,0.000005
233.9068238,364.7961075,50000000,10,0.000005
237.9798137,261.1572567,50000000,10,0.000005
264.6701475,192.5749822,50000000,10,0.000005
246.3690182,363.7564174,50000000,10,0.000005
266.5066715,319.2962583,50000000,20,0.000005
239.9778091,332.1792643,50000000,20,0.000005
250.6407321,199.3500745,50000000,20,0.000005
254.2723289,291.0355547,50000000,20,0.000005
235.2663265,459.2269677,50000000,20,0.000005
231.388427,217.958849,50000000,20,0.000005
250.3256252,176.0567013,50000000,20,0.000005
226.9316528,206.3440588,50000000,20,0.000005
254.7884813,206.9145595,50000000,20,0.000005
241.0045314,212.9419452,50000000,20,0.000005
271.0359685,232.6086157,50000000,20,0.000005
238.6406015,274.9499319,50000000,20,0.000005
247.496799,397.8397899,50000000,20,0.000005
232.0599666,196.8192612,50000000,20,0.000005
255.5958946,259.1780994,50000000,20,0.000005
233.147964,332.0589101,50000000,20,0.000005
238.2544016,224.6561662,50000000,20,0.000005
247.1756495,216.641268,50000000,20,0.000005
252.7184243,311.9087707,50000000,20,0.000005
242.4805298,206.797561,50000000,20,0.000005
263.7832636,419.2694533,50000000,20,0.000005
258.1618862,253.4396109,50000000,20,0.000005
270.2254754,265.8997612,50000000,20,0.000005
240.4591726,283.5422731,50000000,20,0.000005
249.2125313,161.625607,50000000,20,0.000005
239.7847432,194.7039546,50000000,20,0.000005
230.4182931,308.5432298,50000000,20,0.000005
236.6327977,125.9272812,50000000,20,0.000005
240.9176249,263.4349831,50000000,20,0.000005
258.2684723,210.9035097,50000000,20,0.000005
280.6293105,387.9922599,50000000,20,0.000005
251.9421408,267.1034524,50000000,20,0.000005
267.6478691,406.6070018,50000000,20,0.000005
224.332844,244.7020381,50000000,20,0.000005
245.2323276,609.8721806,50000000,20,0.000005
270.8245927,403.4913736,50000000,20,0.000005
277.0557362,357.6920527,50000000,20,0.000005
261.1173124,355.8210236,50000000,20,0.000005
258.0696144,306.5998895,50000000,20,0.000005
223.7053282,288.0440318,50000000,20,0.000005
246.0285502,440.7930585,50000000,20,0.000005
265.1493612,197.7765178,50000000,20,0.000005
229.4556504,413.6316122,50000000,20,0.000005
237.4194376,265.9620977,50000000,20,0.000005
264.3652941,253.6190182,50000000,20,0.000005
281.3711668,196.6817599,50000000,20,0.000005
255.9387256,274.989014,50000000,20,0.000005
223.8214698,323.2221636,50000000,20,0.000005
276.4632266,322.8222342,50000000,20,0.000005
259.6553392,317.1422618,50000000,20,0.000005
246.4935008,245.9866174,50000000,20,0.000005
258.9949357,148.4444747,50000000,20,0.000005
284.3220549,210.1287955,50000000,20,0.000005
237.0374682,379.5772208,50000000,20,0.000005
260.0159624,241.6391225,50000000,20,0.000005
254.0613262,367.341636,50000000,20,0.000005
267.5004711,201.6711332,50000000,20,0.000005
216.8508462,364.2044724,50000000,20,0.000005
231.2778506,302.2062877,50000000,20,0.000005
253.635513,242.5325826,50000000,20,0.000005
263.016742,319.5249787,50000000,20,0.000005
263.1101824,231.4468477,50000000,20,0.000005
260.8815683,170.1986707,50000000,20,0.000005
218.49871,273.1879222,50000000,20,0.000005
280.0738467,245.7533075,50000000,20,0.000005
237.768909,206.1751095,50000000,20,0.000005
245.9607012,447.4413586,50000000,20,0.000005
272.3636288,238.9446607,50000000,20,0.000005
249.7420943,210.9256096,50000000,20,0.000005
267.5418711,458.117042,50000000,20,0.000005
237.1668599,251.2476563,50000000,20,0.000005
255.6656763,251.1460747,50000000,20,0.000005
249.9007113,246.0409571,50000000,20,0.000005
264.4495329,228.2239021,50000000,20,0.000005
235.7231234,350.767921,50000000,20,0.000005
235.2922147,185.4538125,50000000,20,0.000005
251.7650905,287.7532912,50000000,20,0.000005
264.5930278,549.8992745,50000000,20,0.000005
216.9435977,147.7433753,50000000,20,0.000005
243.3930125,176.2347973,50000000,20,0.000005
268.2535438,214.9757983,50000000,20,0.000005
245.2568834,203.5206694,50000000,20,0.000005
239.0414854,275.8505934,50000000,20,0.000005
280.1798013,389.0715571,50000000,20,0.000005
258.6912855,212.6511867,50000000,20,0.000005
241.7199107,252.5572949,50000000,20,0.000005
254.2032553,300.3840606,50000000,20,0.000005
234.8895497,360.1385866,50000000,20,0.000005
244.0503681,252.4173594,50000000,20,0.000005
239.7027876,201.9137438,50000000,20,0.000005
243.9985501,215.0913107,50000000,20,0.000005
258.6765711,331.2687445,50000000,20,0.000005
249.1352585,190.2068677,50000000,20,0.000005
260.0813746,201.1225714,50000000,20,0.000005
234.4731214,326.1951281,50000000,20,0.000005
270.3164728,179.4147914,50000000,20,0.000005
233.0711428,234.1324538,50000000,20,0.000005
261.9896807,126.0719044,50000000,20,0.000005
241.6672766,324.0236069,50000000,20,0.000005
268.2205402,722.7786331,50000000,20,0.000005
223.2186404,235.0324741,49999980,30,0.000005
248.2153094,159.331146,49999980,30,0.000005
253.687518,198.3185034,49999980,30,0.000005
270.5958323,307.6024252,49999980,30,0.000005
248.3586394,246.4329926,49999980,30,0.000005
264.9314089,213.9040115,49999980,30,0.000005
268.3680352,166.6800527,49999980,30,0.000005
253.6742413,176.9605626,49999980,30,0.000005
256.6241368,266.8657201,49999980,30,0.000005
248.3671419,181.2015044,49999980,30,0.000005
245.5061829,243.0949186,49999980,30,0.000005
259.0662056,395.24646,49999980,30,0.000005
251.4094468,304.8244672,49999980,30,0.000005
230.7421809,430.0437886,49999980,30,0.000005
260.0509457,307.4642874,49999980,30,0.000005
250.8505675,222.1627552,49999980,30,0.000005
240.6664121,181.5584742,49999980,30,0.000005
234.9748063,286.6283241,49999980,30,0.000005
243.0585152,249.772306,49999980,30,0.000005
235.3206795,212.2124753,49999980,30,0.000005
262.4735712,218.1944668,49999980,30,0.000005
267.3220761,299.6806586,49999980,30,0.000005
233.0776382,206.2519327,49999980,30,0.000005
213.2014735,182.1492218,49999980,30,0.000005
290.180327,268.5725148,49999980,30,0.000005
275.0803859,320.9432758,49999980,30,0.000005
289.6633663,220.4479306,49999980,30,0.000005
244.1634435,325.3425768,49999980,30,0.000005
254.9544852,280.2678001,49999980,30,0.000005
302.3188242,268.3199281,49999980,30,0.000005
265.2885461,246.4650975,49999980,30,0.000005
235.0152047,181.5535191,49999980,30,0.000005
273.1255239,209.3776669,49999980,30,0.000005
268.2919635,319.8849908,49999980,30,0.000005
239.4390048,241.5304462,49999980,30,0.000005
236.4509549,324.1770784,49999980,30,0.000005
247.2493989,412.2786718,49999980,30,0.000005
264.9802265,272.1243049,49999980,30,0.000005
241.0255007,237.1103381,49999980,30,0.000005
239.439259,267.4900971,49999980,30,0.000005
242.228754,168.0960792,49999980,30,0.000005
259.8576335,251.6993404,49999980,30,0.000005
257.5379999,232.6029803,49999980,30,0.000005
230.5152496,219.2683798,49999980,30,0.000005
251.8141839,321.7556292,49999980,30,0.000005
258.9550319,235.3795066,49999980,30,0.000005
243.227156,263.9945399,49999980,30,0.000005
249.8159602,202.6988262,49999980,30,0.000005
239.2696229,195.7221051,49999980,30,0.000005
281.2978659,277.9314349,49999980,30,0.000005
248.9133379,308.0151478,49999980,30,0.000005
233.7590955,183.5853134,49999980,30,0.000005
272.1518037,679.7027563,49999980,30,0.000005
288.8511046,404.0153616,49999980,30,0.000005
224.1437,216.990065,49999980,30,0.000005
234.9458663,247.8252983,49999980,30,0.000005
242.5142457,244.8046509,49999980,30,0.000005
263.3107642,271.9639383,49999980,30,0.000005
247.4072959,249.8169771,49999980,30,0.000005
275.3237424,210.0494953,49999980,30,0.000005
244.6863093,295.3923175,49999980,30,0.000005
224.6037642,502.9952077,49999980,30,0.000005
271.5542242,287.1543895,49999980,30,0.000005
246.0381856,283.0770231,49999980,30,0.000005
207.8881694,313.4634472,49999980,30,0.000005
239.2329182,155.378337,49999980,30,0.000005
246.7542082,205.1503314,49999980,30,0.000005
264.5507418,327.2257519,49999980,30,0.000005
254.3279947,238.1693152,49999980,30,0.000005
234.762131,203.5530027,49999980,30,0.000005
235.2957854,252.3660347,49999980,30,0.000005
262.1357998,213.7162734,49999980,30,0.000005
248.2828903,212.7851195,49999980,30,0.000005
225.1145429,180.7909684,49999980,30,0.000005
242.6081735,228.6699069,49999980,30,0.000005
260.6787049,242.3526332,49999980,30,0.000005
253.9182773,282.4473091,49999980,30,0.000005
258.225079,441.7871378,49999980,30,0.000005
238.5243026,112.0014263,49999980,30,0.000005
240.6179709,310.3646801,49999980,30,0.000005
266.9893565,205.1050217,49999980,30,0.000005
254.7142713,191.1934816,49999980,30,0.000005
245.0559397,259.7737921,49999980,30,0.000005
234.968007,225.0970801,49999980,30,0.000005
233.7887028,305.9799809,49999980,30,0.000005
239.4294983,146.8440571,49999980,30,0.000005
220.5018286,203.8997619,49999980,30,0.000005
274.4879456,239.3297604,49999980,30,0.000005
216.6160072,174.6281568,49999980,30,0.000005
222.564975,186.8606699,49999980,30,0.000005
259.7077706,290.4864865,49999980,30,0.000005
263.7629665,305.5490438,49999980,30,0.000005
245.2160219,275.3792565,49999980,30,0.000005
238.1000458,232.6893248,49999980,30,0.000005
260.2614099,266.8438796,49999980,30,0.000005
230.2339429,184.7195901,49999980,30,0.000005
257.040306,310.9353099,49999980,30,0.000005
252.341566,216.289191,49999980,30,0.000005
255.5682829,182.5932753,49999980,30,0.000005
259.6330093,370.5855893,49999980,30,0.000005
231.9589095,264.7462952,50000000,40,0.000005
260.38734,185.0681402,50000000,40,0.000005
231.6361602,218.4088682,50000000,40,0.000005
248.7099165,208.970918,50000000,40,0.000005
246.8611588,301.7734844,50000000,40,0.000005
234.3585481,190.1149471,50000000,40,0.000005
238.0765667,195.8027841,50000000,40,0.000005
270.3764377,314.4034876,50000000,40,0.000005
251.8080809,337.1532423,50000000,40,0.000005
255.4227615,287.7300587,50000000,40,0.000005
249.709902,325.318758,50000000,40,0.000005
251.2287429,263.6431746,50000000,40,0.000005
235.9338199,270.1228023,50000000,40,0.000005
249.9365898,186.5474573,50000000,40,0.000005
257.3960918,291.0232029,50000000,40,0.000005
246.8404902,426.7668296,50000000,40,0.000005
212.572515,290.2802908,50000000,40,0.000005
250.9130387,251.2343281,50000000,40,0.000005
239.4278981,292.1907583,50000000,40,0.000005
196.8651431,170.934083,50000000,40,0.000005
223.7448278,170.9999348,50000000,40,0.000005
263.4263922,423.4270469,50000000,40,0.000005
245.6578261,292.3300742,50000000,40,0.000005
244.9789942,179.7490812,50000000,40,0.000005
259.6882327,282.2987538,50000000,40,0.000005
241.8945741,214.9536492,50000000,40,0.000005
257.5938956,325.6460242,50000000,40,0.000005
242.7504529,312.8550301,50000000,40,0.000005
251.2609858,282.8752051,50000000,40,0.000005
231.1108783,185.3668163,50000000,40,0.000005
274.4765461,241.3590385,50000000,40,0.000005
260.5424425,372.4467324,50000000,40,0.000005
251.3307605,299.8007183,50000000,40,0.000005
232.8421219,317.7008515,50000000,40,0.000005
247.5792848,213.1794407,50000000,40,0.000005
253.8503802,237.9396304,50000000,40,0.000005
237.4582229,196.5059356,50000000,40,0.000005
250.8780667,215.5092015,50000000,40,0.000005
247.8849296,302.2620115,50000000,40,0.000005
260.8903325,233.1386226,50000000,40,0.000005
230.3519473,251.9900306,50000000,40,0.000005
252.5912495,242.8443617,50000000,40,0.000005
299.7069995,352.4362581,50000000,40,0.000005
243.493444,205.7573551,50000000,40,0.000005
261.9975364,277.4101453,50000000,40,0.000005
260.6094755,264.7664389,50000000,40,0.000005
249.5058155,355.9482096,50000000,40,0.000005
270.130142,255.7233955,50000000,40,0.000005
253.314558,248.0042758,50000000,40,0.000005
259.0651562,297.9070868,50000000,40,0.000005
251.9787298,289.5731277,50000000,40,0.000005
235.4191115,198.2320309,50000000,40,0.000005
254.8898586,309.7971992,50000000,40,0.000005
250.1767067,254.6764436,50000000,40,0.000005
258.1827693,287.4303448,50000000,40,0.000005
221.2636756,300.0989982,50000000,40,0.000005
233.9932608,172.767657,50000000,40,0.000005
242.1472621,230.3228251,50000000,40,0.000005
232.7445315,249.9194165,50000000,40,0.000005
223.3027613,257.4406655,50000000,40,0.000005
273.0448534,215.3873148,50000000,40,0.000005
254.7412394,225.8459713,50000000,40,0.000005
260.650222,322.6255285,50000000,40,0.000005
254.2000772,279.8661575,50000000,40,0.000005
258.4320552,267.72234,50000000,40,0.000005
226.2824677,178.8162468,50000000,40,0.000005
256.0916279,218.785889,50000000,40,0.000005
235.256018,184.5055771,50000000,40,0.000005
230.0954444,259.1773032,50000000,40,0.000005
272.1220793,319.6868088,50000000,40,0.000005
271.9242056,402.2357049,50000000,40,0.000005
225.4483634,265.0827675,50000000,40,0.000005
258.6395202,393.4841908,50000000,40,0.000005
286.3595295,331.6921241,50000000,40,0.000005
218.1286959,263.2708178,50000000,40,0.000005
270.7343167,165.5794995,50000000,40,0.000005
250.9296108,267.0215104,50000000,40,0.000005
263.375204,286.6692291,50000000,40,0.000005
272.2053126,253.8184518,50000000,40,0.000005
262.6352449,244.7471961,50000000,40,0.000005
254.6312551,385.3209212,50000000,40,0.000005
293.1240668,247.105777,50000000,40,0.000005
261.7418729,222.4749946,50000000,40,0.000005
225.6541517,124.7226214,50000000,40,0.000005
256.6622446,218.6077319,50000000,40,0.000005
223.7666359,299.472871,50000000,40,0.000005
266.4959902,363.2558669,50000000,40,0.000005
242.7612193,199.3148914,50000000,40,0.000005
243.3535406,202.5715155,50000000,40,0.000005
247.4321918,212.6141967,50000000,40,0.000005
264.409679,274.8957374,50000000,40,0.000005
274.0557233,235.4546676,50000000,40,0.000005
242.5768818,221.3854708,50000000,40,0.000005
254.3084693,190.2812236,50000000,40,0.000005
265.9768934,219.4175586,50000000,40,0.000005
265.9198214,229.7602854,50000000,40,0.000005
260.3335315,183.954575,50000000,40,0.000005
231.0230259,328.3814236,50000000,40,0.000005
270.7360516,383.0539864,50000000,40,0.000005
250.3140174,231.6811347,50000000,40,0.000005
248.8497388,287.5957074,50000000,50,0.000005
249.749746,332.5087228,50000000,50,0.000005
248.7247818,281.0761572,50000000,50,0.000005
277.5601161,207.0359152,50000000,50,0.000005
271.2943363,337.5607623,50000000,50,0.000005
235.524392,207.2344689,50000000,50,0.000005
227.4609299,293.9118115,50000000,50,0.000005
274.6199601,230.9862099,50000000,50,0.000005
263.9570968,274.0316252,50000000,50,0.000005
250.0297918,247.1377247,50000000,50,0.000005
253.9062159,210.4022076,50000000,50,0.000005
245.1919179,186.2499526,50000000,50,0.000005
261.6906872,226.7353667,50000000,50,0.000005
244.9156904,206.543516,50000000,50,0.000005
249.7709283,270.9987652,50000000,50,0.000005
246.2502857,213.1427144,50000000,50,0.000005
244.5975161,202.3417137,50000000,50,0.000005
271.7580622,258.0717717,50000000,50,0.000005
251.5341818,243.5575498,50000000,50,0.000005
267.846391,349.6457688,50000000,50,0.000005
257.1726862,257.9469341,50000000,50,0.000005
252.0112571,209.0525102,50000000,50,0.000005
278.5946692,290.111343,50000000,50,0.000005
245.7940298,274.00393,50000000,50,0.000005
277.3408015,273.2772874,50000000,50,0.000005
266.2359385,312.556253,50000000,50,0.000005
239.9518718,322.7664848,50000000,50,0.000005
232.9261977,186.6641371,50000000,50,0.000005
244.3789852,303.3269997,50000000,50,0.000005
233.8299786,280.4553892,50000000,50,0.000005
275.7035832,247.6093348,50000000,50,0.000005
271.7482793,234.2723997,50000000,50,0.000005
244.056785,228.7811155,50000000,50,0.000005
265.5437026,246.9231849,50000000,50,0.000005
234.7744362,201.1811624,50000000,50,0.000005
239.1776876,232.8678484,50000000,50,0.000005
257.1977,216.250776,50000000,50,0.000005
251.2069533,258.971622,50000000,50,0.000005
241.8404301,190.3523593,50000000,50,0.000005
255.5388761,208.8150781,50000000,50,0.000005
250.5955186,288.6890446,50000000,50,0.000005
242.6735242,279.9737368,50000000,50,0.000005
243.0801296,189.137543,50000000,50,0.000005
248.417102,383.0835274,50000000,50,0.000005
256.5520282,298.7934412,50000000,50,0.000005
276.3225197,308.315616,50000000,50,0.000005
255.6300664,468.1296709,50000000,50,0.000005
233.9368395,294.0390677,50000000,50,0.000005
207.0791261,239.7437555,50000000,50,0.000005
243.0365993,270.9512868,50000000,50,0.000005
253.9686381,267.7542051,50000000,50,0.000005
271.1482472,367.9124385,50000000,50,0.000005
261.6607592,185.3540463,50000000,50,0.000005
274.6474836,244.2075113,50000000,50,0.000005
223.6287185,187.4270258,50000000,50,0.000005
228.7155717,274.6702145,50000000,50,0.000005
233.2727953,188.9609092,50000000,50,0.000005
255.9905002,275.1195957,50000000,50,0.000005
258.8747334,213.2057812,50000000,50,0.000005
258.5224775,215.9534873,50000000,50,0.000005
253.2145158,224.1857688,50000000,50,0.000005
244.091378,172.7438819,50000000,50,0.000005
226.6920787,285.2262142,50000000,50,0.000005
244.8543882,231.8267998,50000000,50,0.000005
241.1518019,214.9950423,50000000,50,0.000005
219.0962229,222.615863,50000000,50,0.000005
283.1932851,247.6309515,50000000,50,0.000005
248.6236207,316.7006467,50000000,50,0.000005
256.7515251,178.1052671,50000000,50,0.000005
242.7856554,233.3255651,50000000,50,0.000005
272.9523223,369.3773315,50000000,50,0.000005
293.2385057,279.1562987,50000000,50,0.000005
259.9090854,322.2079843,50000000,50,0.000005
275.2440037,246.8403268,50000000,50,0.000005
247.8456739,304.5731971,50000000,50,0.000005
237.5007001,266.8973216,50000000,50,0.000005
256.0021086,213.918718,50000000,50,0.000005
273.0215206,181.1876023,50000000,50,0.000005
252.9216574,169.8054839,50000000,50,0.000005
257.6393825,274.6746018,50000000,50,0.000005
265.0311516,240.6683045,50000000,50,0.000005
244.4691975,263.9363079,50000000,50,0.000005
242.8578242,193.9454391,50000000,50,0.000005
266.0467596,237.4147577,50000000,50,0.000005
272.694468,530.365589,50000000,50,0.000005
236.9652038,236.373762,50000000,50,0.000005
258.89779,202.466908,50000000,50,0.000005
274.0246275,222.5542207,50000000,50,0.000005
280.2779042,250.038882,50000000,50,0.000005
240.9713093,229.7468145,50000000,50,0.000005
210.8298551,222.899263,50000000,50,0.000005
226.9545807,240.4790312,50000000,50,0.000005
246.6771632,246.6782191,50000000,50,0.000005
250.9233018,297.3224156,50000000,50,0.000005
275.034038,327.1488798,50000000,50,0.000005
242.8224467,268.3398638,50000000,50,0.000005
253.8626472,316.352664,50000000,50,0.000005
235.468582,322.0728491,50000000,50,0.000005
281.5717011,296.6599852,50000000,50,0.000005
265.2644526,376.0596999,50000000,50,0.000005
217.3694413,196.7392955,49999950,70,0.000005
219.932609,252.8433063,49999950,70,0.000005
245.0289447,258.6641742,49999950,70,0.000005
249.3857651,248.9580637,49999950,70,0.000005
260.942744,240.4944107,49999950,70,0.000005
232.0927474,204.0447189,49999950,70,0.000005
234.2629973,204.8955457,49999950,70,0.000005
259.6825505,217.7082112,49999950,70,0.000005
257.3699251,234.2381027,49999950,70,0.000005
295.9788274,298.3727294,49999950,70,0.000005
233.7400157,294.61498,49999950,70,0.000005
262.8296518,241.2905548,49999950,70,0.000005
252.500779,226.3515038,49999950,70,0.000005
226.8663147,183.2789231,49999950,70,0.000005
244.2497529,268.3064422,49999950,70,0.000005
227.0133047,244.3940229,49999950,70,0.000005
251.9479481,258.333802,49999950,70,0.000005
289.6653832,317.7012237,49999950,70,0.000005
259.9269603,188.7680935,49999950,70,0.000005
248.6124424,284.0774769,49999950,70,0.000005
257.4106534,307.4368976,49999950,70,0.000005
246.9963412,279.0689155,49999950,70,0.000005
259.3011121,284.1439737,49999950,70,0.000005
245.1646356,141.966429,49999950,70,0.000005
246.3251964,308.5003718,49999950,70,0.000005
248.7956308,258.1488795,49999950,70,0.000005
241.5154832,239.6424006,49999950,70,0.000005
250.5181838,267.9152156,49999950,70,0.000005
246.4625667,241.03446,49999950,70,0.000005
261.3138652,340.1296275,49999950,70,0.000005
239.0042313,261.9101433,49999950,70,0.000005
222.6026978,276.6049714,49999950,70,0.000005
265.1482279,245.9561858,49999950,70,0.000005
259.6663732,303.2002277,49999950,70,0.000005
226.8361788,190.8611977,49999950,70,0.000005
279.1454378,407.8176076,49999950,70,0.000005
278.7797201,324.8395254,49999950,70,0.000005
230.8138297,215.6441978,49999950,70,0.000005
242.8911596,230.3579904,49999950,70,0.000005
236.652673,227.1786902,49999950,70,0.000005
267.6398499,271.704462,49999950,70,0.000005
240.4053718,237.8920915,49999950,70,0.000005
249.6712397,315.1158002,49999950,70,0.000005
230.8445579,253.7597424,49999950,70,0.000005
233.8799608,239.466761,49999950,70,0.000005
263.6415019,190.9545311,49999950,70,0.000005
243.4017731,225.7668405,49999950,70,0.000005
273.0265751,283.1587873,49999950,70,0.000005
261.5724412,278.743217,49999950,70,0.000005
266.4064461,276.585858,49999950,70,0.000005
258.7876188,193.7571753,49999950,70,0.000005
228.3239839,237.2712601,49999950,70,0.000005
256.2856034,220.0665439,49999950,70,0.000005
242.6230769,220.6002949,49999950,70,0.000005
240.4677681,266.318975,49999950,70,0.000005
254.1533295,275.3073214,49999950,70,0.000005
229.2426573,207.3906027,49999950,70,0.000005
277.0141685,306.5426449,49999950,70,0.000005
268.3974829,217.1546592,49999950,70,0.000005
283.1884599,289.3832745,49999950,70,0.000005
247.8715957,305.5797349,49999950,70,0.000005
254.2932953,365.8765122,49999950,70,0.000005
245.4154398,247.9149013,49999950,70,0.000005
234.3845971,274.8087169,49999950,70,0.000005
269.4759019,248.9850345,49999950,70,0.000005
247.3524322,224.6565902,49999950,70,0.000005
257.6787838,319.9923241,49999950,70,0.000005
272.3540552,248.3981038,49999950,70,0.000005
263.4768308,256.3854119,49999950,70,0.000005
240.0883754,192.8050349,49999950,70,0.000005
258.9408768,210.9853049,49999950,70,0.000005
240.1442656,247.5133262,49999950,70,0.000005
215.1537096,222.9968461,49999950,70,0.000005
242.686797,221.1747934,49999950,70,0.000005
267.8428772,290.601092,49999950,70,0.000005
260.0225643,208.7991849,49999950,70,0.000005
242.8394416,290.247262,49999950,70,0.000005
278.337319,362.5391964,49999950,70,0.000005
239.5714693,225.1634435,49999950,70,0.000005
242.0189407,224.1701037,49999950,70,0.000005
251.4585464,362.4386344,49999950,70,0.000005
247.331233,287.0764712,49999950,70,0.000005
267.8037809,293.9518709,49999950,70,0.000005
270.9166159,308.6040398,49999950,70,0.000005
241.5697637,265.6754232,49999950,70,0.000005
239.0531267,250.450568,49999950,70,0.000005
223.8573495,205.2025506,49999950,70,0.000005
261.0586986,269.6144871,49999950,70,0.000005
238.1693638,277.9691543,49999950,70,0.000005
234.1883872,234.1699831,49999950,70,0.000005
230.856436,234.4526562,49999950,70,0.000005
248.951496,273.351543,49999950,70,0.000005
255.4907474,256.1253646,49999950,70,0.000005
241.9977827,275.5730187,49999950,70,0.000005
249.7498282,256.6916399,49999950,70,0.000005
250.9091001,299.1551855,49999950,70,0.000005
252.6874069,189.1541367,49999950,70,0.000005
268.1782359,361.0445423,49999950,70,0.000005
238.5986686,264.9283271,49999950,70,0.000005
252.0198618,227.3268493,49999950,70,0.000005
249.3748423,265.525997,50000000,100,0.000005
246.6582671,180.3991398,50000000,100,0.000005
281.8513092,234.8678739,50000000,100,0.000005
237.1466158,271.0944838,50000000,100,0.000005
281.9468697,296.9670946,50000000,100,0.000005
238.9503309,285.836814,50000000,100,0.000005
245.0224119,301.68704,50000000,100,0.000005
244.383068,228.6908309,50000000,100,0.000005
285.5374414,257.8795675,50000000,100,0.000005
236.4860572,191.2829901,50000000,100,0.000005
238.7899413,200.3808542,50000000,100,0.000005
270.4256724,388.6512693,50000000,100,0.000005
268.8500965,268.9636686,50000000,100,0.000005
220.6082132,247.2788089,50000000,100,0.000005
237.4335128,277.9156285,50000000,100,0.000005
244.0014644,222.0387935,50000000,100,0.000005
255.1173441,245.4658786,50000000,100,0.000005
236.5216278,221.6193917,50000000,100,0.000005
222.7265047,258.0849254,50000000,100,0.000005
261.2833461,309.2912321,50000000,100,0.000005
244.1103716,226.5758292,50000000,100,0.000005
265.2247123,298.2035135,50000000,100,0.000005
239.9739651,193.1968718,50000000,100,0.000005
260.9094516,197.3212724,50000000,100,0.000005
218.6192563,188.0129656,50000000,100,0.000005
256.7811697,264.0429527,50000000,100,0.000005
228.4237205,192.4875441,50000000,100,0.000005
253.0434069,241.5962509,50000000,100,0.000005
254.1080248,259.3635836,50000000,100,0.000005
297.5636076,240.2609625,50000000,100,0.000005
231.3984624,212.8626516,50000000,100,0.000005
252.5734602,321.7863038,50000000,100,0.000005
243.0274226,256.2784711,50000000,100,0.000005
256.297318,248.141986,50000000,100,0.000005
233.4118367,214.5264565,50000000,100,0.000005
261.1078428,310.7698083,50000000,100,0.000005
269.2894038,256.2261837,50000000,100,0.000005
289.7736056,183.2239293,50000000,100,0.000005
270.9310073,244.8651419,50000000,100,0.000005
228.8149187,246.7639699,50000000,100,0.000005
256.3013257,221.097871,50000000,100,0.000005
253.6383781,203.5385574,50000000,100,0.000005
263.4547504,223.409692,50000000,100,0.000005
270.8391521,277.7943198,50000000,100,0.000005
260.6909095,244.2889572,50000000,100,0.000005
248.5926154,219.5790352,50000000,100,0.000005
245.7651575,253.9303987,50000000,100,0.000005
234.700923,194.3878078,50000000,100,0.000005
255.0587334,308.6499374,50000000,100,0.000005
249.4106152,253.1451974,50000000,100,0.000005
255.5372163,305.2318865,50000000,100,0.000005
247.680963,218.6275259,50000000,100,0.000005
277.1524787,301.3847093,50000000,100,0.000005
263.8829783,350.4339851,50000000,100,0.000005
260.579044,253.3744623,50000000,100,0.000005
243.2188462,254.5100946,50000000,100,0.000005
257.936812,280.7499468,50000000,100,0.000005
285.3300704,318.7967126,50000000,100,0.000005
279.1064184,278.9428462,50000000,100,0.000005
246.4925731,240.5986484,50000000,100,0.000005
253.7187998,270.4373895,50000000,100,0.000005
253.2434569,237.7054572,50000000,100,0.000005
258.4848545,200.5289464,50000000,100,0.000005
253.1992321,305.3743294,50000000,100,0.000005
247.6494927,252.2208452,50000000,100,0.000005
241.6341698,174.7636796,50000000,100,0.000005
253.514688,258.223645,50000000,100,0.000005
275.8100344,393.3411386,50000000,100,0.000005
245.0396273,250.0059965,50000000,100,0.000005
249.2196861,227.271996,50000000,100,0.000005
226.7040665,198.6299044,50000000,100,0.000005
269.2597123,264.4589191,50000000,100,0.000005
243.8844739,201.2327403,50000000,100,0.000005
233.8599092,257.3713454,50000000,100,0.000005
226.719244,229.780413,50000000,100,0.000005
230.3857252,263.5166527,50000000,100,0.000005
240.3404331,234.0244139,50000000,100,0.000005
244.4352767,291.4952537,50000000,100,0.000005
241.8255819,213.8065629,50000000,100,0.000005
285.2832982,297.1571741,50000000,100,0.000005
265.7072792,245.5512716,50000000,100,0.000005
267.7154275,263.4633694,50000000,100,0.000005
287.6834685,302.1382338,50000000,100,0.000005
247.2853487,207.5485221,50000000,100,0.000005
251.8164238,317.6494469,50000000,100,0.000005
236.4792386,231.4412031,50000000,100,0.000005
227.3938904,230.6466754,50000000,100,0.000005
234.8141392,188.6999602,50000000,100,0.000005
254.4820127,323.5065947,50000000,100,0.000005
251.9498526,254.0064174,50000000,100,0.000005
244.800598,316.4525606,50000000,100,0.000005
254.6046761,324.7875357,50000000,100,0.000005
275.7669255,292.9339413,50000000,100,0.000005
255.490898,230.7748957,50000000,100,0.000005
246.6427134,306.0110614,50000000,100,0.000005
248.5851461,242.2120082,50000000,100,0.000005
255.3036102,239.3418307,50000000,100,0.000005
246.2808101,202.0350154,50000000,100,0.000005
254.6063752,257.3816679,50000000,100,0.000005
233.836587,251.7557891,50000000,100,0.000005
239.0814953,230.4170118,49999880,140,0.000005
249.1795431,257.5683154,49999880,140,0.000005
252.3661568,240.1449842,49999880,140,0.000005
251.2722914,244.5258488,49999880,140,0.000005
252.6416638,261.7215341,49999880,140,0.000005
199.0357846,220.9976423,49999880,140,0.000005
285.5763522,289.6572925,49999880,140,0.000005
234.1444216,253.5803039,49999880,140,0.000005
241.3079231,298.2906995,49999880,140,0.000005
229.0639065,210.7589057,49999880,140,0.000005
245.2235539,313.4633617,49999880,140,0.000005
242.1358179,230.090158,49999880,140,0.000005
244.7770305,234.5033599,49999880,140,0.000005
242.9787667,302.7328648,49999880,140,0.000005
232.4433691,219.0601276,49999880,140,0.000005
242.3731336,299.9934428,49999880,140,0.000005
266.902124,203.8553987,49999880,140,0.000005
240.7450007,289.3755968,49999880,140,0.000005
235.0803677,278.8929655,49999880,140,0.000005
256.1881085,213.7003635,49999880,140,0.000005
272.1651384,238.9279288,49999880,140,0.000005
234.6185489,249.5859974,49999880,140,0.000005
259.1687071,317.8795046,49999880,140,0.000005
270.1708326,220.1176882,49999880,140,0.000005
256.4305556,246.3160307,49999880,140,0.000005
261.5928746,302.3149123,49999880,140,0.000005
262.3908292,256.7895657,49999880,140,0.000005
241.2518528,271.8947535,49999880,140,0.000005
236.6565511,202.4916181,49999880,140,0.000005
260.8943414,256.5095289,49999880,140,0.000005
245.5722428,297.7100182,49999880,140,0.000005
247.8241015,330.4904696,49999880,140,0.000005
260.7442417,245.3808259,49999880,140,0.000005
262.2172466,198.7481194,49999880,140,0.000005
251.0171653,209.4714746,49999880,140,0.000005
234.4687473,212.3432804,49999880,140,0.000005
252.7293505,291.1596879,49999880,140,0.000005
236.2894786,231.5283146,49999880,140,0.000005
258.5922818,272.2229121,49999880,140,0.000005
241.2094243,194.1183274,49999880,140,0.000005
249.9083986,287.0122528,49999880,140,0.000005
271.382967,266.3910742,49999880,140,0.000005
243.6519308,196.5210471,49999880,140,0.000005
255.3342266,276.2410411,49999880,140,0.000005
249.2391838,302.8789352,49999880,140,0.000005
231.3582772,233.2492397,49999880,140,0.000005
233.7058456,266.5157592,49999880,140,0.000005
252.3230713,229.8451827,49999880,140,0.000005
266.02694,281.0775534,49999880,140,0.000005
243.4991505,221.8912789,49999880,140,0.000005
251.4083587,214.7829831,49999880,140,0.000005
250.1813543,251.7792693,49999880,140,0.000005
271.3407771,241.9695883,49999880,140,0.000005
272.9227293,315.8730569,49999880,140,0.000005
232.9881634,256.2770193,49999880,140,0.000005
235.8885498,256.0207935,49999880,140,0.000005
217.0600033,265.5861058,49999880,140,0.000005
247.3861231,249.5521503,49999880,140,0.000005
233.6215076,212.7639075,49999880,140,0.000005
231.1318155,219.5656615,49999880,140,0.000005
249.2275075,250.5090264,49999880,140,0.000005
236.3925585,207.774585,49999880,140,0.000005
237.4713613,243.4706407,49999880,140,0.000005
260.8899794,264.8391924,49999880,140,0.000005
229.6792088,237.5941098,49999880,140,0.000005
233.6881658,179.9559481,49999880,140,0.000005
277.3471636,308.1511725,49999880,140,0.000005
269.1837134,260.7105125,49999880,140,0.000005
272.2721525,249.222517,49999880,140,0.000005
260.8822999,243.1771905,49999880,140,0.000005
261.1676605,270.5256152,49999880,140,0.000005
271.3226631,282.7046096,49999880,140,0.000005
241.6285569,280.3819812,49999880,140,0.000005
253.3733982,285.2639603,49999880,140,0.000005
251.5423862,220.4849902,49999880,140,0.000005
232.4095287,175.5271078,49999880,140,0.000005
286.4033505,315.7837383,49999880,140,0.000005
228.6898393,216.7310057,49999880,140,0.000005
262.6178552,260.8649666,49999880,140,0.000005
258.0501649,214.7194343,49999880,140,0.000005
262.988124,254.8653388,49999880,140,0.000005
228.480862,221.1554985,49999880,140,0.000005
248.6706271,276.0475883,49999880,140,0.000005
246.5814539,244.3414813,49999880,140,0.000005
266.1211002,268.4678184,49999880,140,0.000005
241.8674419,224.8337999,49999880,140,0.000005
226.5659548,240.0460706,49999880,140,0.000005
213.9433493,195.5177293,49999880,140,0.000005
234.9070704,210.9117704,49999880,140,0.000005
250.0359476,223.0870312,49999880,140,0.000005
270.3504487,280.2574888,49999880,140,0.000005
248.0349953,235.5401247,49999880,140,0.000005
264.3591995,282.8805495,49999880,140,0.000005
281.0545794,416.109135,49999880,140,0.000005
216.5761954,198.8700642,49999880,140,0.000005
260.0691939,224.6861195,49999880,140,0.000005
255.8037118,243.225481,49999880,140,0.000005
256.2473232,268.8356475,49999880,140,0.000005
277.4547164,260.7225933,49999880,140,0.000005
271.1659058,311.7907234,49999880,140,0.000005
246.5507684,288.5480712,49999950,210,0.000005
217.627373,216.8024088,49999950,210,0.000005
281.8318106,285.0229545,49999950,210,0.000005
244.5752996,230.8475605,49999950,210,0.000005
211.406176,205.2877866,49999950,210,0.000005
248.1988661,226.0667583,49999950,210,0.000005
231.535834,206.2390163,49999950,210,0.000005
236.0807978,243.7077854,49999950,210,0.000005
268.5044804,231.7287101,49999950,210,0.000005
253.6805611,231.5711923,49999950,210,0.000005
277.0348592,335.7853438,49999950,210,0.000005
248.558099,218.8658432,49999950,210,0.000005
255.5716035,289.2182507,49999950,210,0.000005
252.1119953,280.0067829,49999950,210,0.000005
229.868645,241.2976217,49999950,210,0.000005
252.3654866,260.3282734,49999950,210,0.000005
264.5468106,267.1882432,49999950,210,0.000005
225.5488922,212.6795201,49999950,210,0.000005
235.9506831,265.0577556,49999950,210,0.000005
239.0903517,281.9610145,49999950,210,0.000005
256.7480409,283.5069132,49999950,210,0.000005
259.0223665,265.3429296,49999950,210,0.000005
246.0947986,275.8619446,49999950,210,0.000005
235.0410091,257.3064244,49999950,210,0.000005
253.4110171,240.7889692,49999950,210,0.000005
247.5277593,210.747392,49999950,210,0.000005
258.9291189,266.1362898,49999950,210,0.000005
233.8078515,267.4821098,49999950,210,0.000005
267.6623601,284.0338417,49999950,210,0.000005
248.4384297,230.5404978,49999950,210,0.000005
282.2119334,306.2613891,49999950,210,0.000005
220.4173157,180.1935405,49999950,210,0.000005
252.6173206,266.1263867,49999950,210,0.000005
240.8211441,238.072277,49999950,210,0.000005
225.7540813,211.2466818,49999950,210,0.000005
241.3038361,245.4407951,49999950,210,0.000005
256.4299384,230.2458142,49999950,210,0.000005
225.9456854,258.4810164,49999950,210,0.000005
260.4178454,297.1487245,49999950,210,0.000005
244.982666,239.3086671,49999950,210,0.000005
223.9016485,224.8819649,49999950,210,0.000005
244.7460608,263.9533826,49999950,210,0.000005
248.9813822,246.2058376,49999950,210,0.000005
256.4773672,287.0210073,49999950,210,0.000005
236.205983,205.9687483,49999950,210,0.000005
264.6181445,263.7204516,49999950,210,0.000005
234.3053511,278.0890413,49999950,210,0.000005
249.2318189,223.4782213,49999950,210,0.000005
250.9953998,216.8119102,49999950,210,0.000005
249.303779,236.6045995,49999950,210,0.000005
275.4032104,272.7238436,49999950,210,0.000005
231.5391669,261.4222847,49999950,210,0.000005
274.3245414,316.2203265,49999950,210,0.000005
282.0478389,279.3366635,49999950,210,0.000005
246.4939954,235.4845762,49999950,210,0.000005
248.5398539,268.8868033,49999950,210,0.000005
249.8518329,259.2626402,49999950,210,0.000005
271.5086001,284.2373239,49999950,210,0.000005
252.4232549,207.1690984,49999950,210,0.000005
267.6591081,273.8922413,49999950,210,0.000005
241.1525896,232.0437612,49999950,210,0.000005
254.4834033,207.8256496,49999950,210,0.000005
235.8686954,252.8366235,49999950,210,0.000005
273.6274326,326.3287287,49999950,210,0.000005
242.1188858,214.2177745,49999950,210,0.000005
252.7920682,317.4528441,49999950,210,0.000005
264.6870557,298.4349106,49999950,210,0.000005
240.2397827,248.2397387,49999950,210,0.000005
257.9496176,266.5597493,49999950,210,0.000005
299.399229,290.0224976,49999950,210,0.000005
255.3933544,256.9815292,49999950,210,0.000005
243.9713382,208.1718134,49999950,210,0.000005
252.751658,214.9443693,49999950,210,0.000005
240.0325681,275.4720922,49999950,210,0.000005
242.8169059,270.3913217,49999950,210,0.000005
242.1780906,249.0889649,49999950,210,0.000005
274.7142292,229.3771085,49999950,210,0.000005
240.6559132,198.7420618,49999950,210,0.000005
261.2714678,281.7470369,49999950,210,0.000005
265.6253271,269.0088052,49999950,210,0.000005
254.3367272,250.6506294,49999950,210,0.000005
261.3712298,263.7424034,49999950,210,0.000005
253.5450801,262.024638,49999950,210,0.000005
230.7615277,253.5787438,49999950,210,0.000005
251.6518993,255.5357016,49999950,210,0.000005
241.2168947,247.2129392,49999950,210,0.000005
250.7729577,307.1098009,49999950,210,0.000005
264.7637924,276.9789811,49999950,210,0.000005
256.8106103,262.6404636,49999950,210,0.000005
234.9447694,209.9259149,49999950,210,0.000005
234.5111363,193.5555836,49999950,210,0.000005
234.8871238,250.3253397,49999950,210,0.000005
243.9541749,243.5924882,49999950,210,0.000005
245.0899724,242.1544641,49999950,210,0.000005
250.1817601,249.271952,49999950,210,0.000005
252.6436678,237.6297404,49999950,210,0.000005
274.1419678,231.4525607,49999950,210,0.000005
286.470144,304.2776548,49999950,210,0.000005
281.2671924,243.678043,49999950,210,0.000005
219.4716292,213.1902322,49999950,210,0.000005
254.0133891,274.0771641,49999950,350,0.000005
290.2806864,319.238582,49999950,350,0.000005
232.9902423,216.1778841,49999950,350,0.000005
256.3094476,265.8531911,49999950,350,0.000005
255.0366537,227.9256496,49999950,350,0.000005
233.9597931,247.5367724,49999950,350,0.000005
236.4748021,217.1686998,49999950,350,0.000005
260.7209,256.7369986,49999950,350,0.000005
236.4354503,215.7940967,49999950,350,0.000005
272.7605317,290.3669529,49999950,350,0.000005
245.8325039,232.8941989,49999950,350,0.000005
243.2344556,241.9380507,49999950,350,0.000005
250.7699797,244.3436725,49999950,350,0.000005
216.1688515,220.9881215,49999950,350,0.000005
247.6518727,260.1276949,49999950,350,0.000005
264.4502931,256.3989683,49999950,350,0.000005
249.1925174,250.7506226,49999950,350,0.000005
273.9017213,295.5789211,49999950,350,0.000005
268.5454123,290.9524646,49999950,350,0.000005
250.4212853,236.0314507,49999950,350,0.000005
241.2753193,244.8226288,49999950,350,0.000005
256.998991,232.1351222,49999950,350,0.000005
226.4999265,177.0406367,49999950,350,0.000005
246.9705725,247.7906503,49999950,350,0.000005
271.6232969,269.0578372,49999950,350,0.000005
251.6433396,227.6865518,49999950,350,0.000005
232.5446194,217.2947839,49999950,350,0.000005
261.2022172,262.2070389,49999950,350,0.000005
235.1335627,236.0148259,49999950,350,0.000005
229.713095,235.1886014,49999950,350,0.000005
237.9819227,212.6354463,49999950,350,0.000005
263.3461055,260.6688845,49999950,350,0.000005
261.4494191,259.7698626,49999950,350,0.000005
267.20532,297.4790546,49999950,350,0.000005
244.3626314,242.3859096,49999950,350,0.000005
240.7777911,272.4191081,49999950,350,0.000005
266.7940777,308.1790345,49999950,350,0.000005
247.196045,276.7923436,49999950,350,0.000005
282.0117582,267.0815174,49999950,350,0.000005
245.5240414,262.7884905,49999950,350,0.000005
276.1140226,291.9082999,49999950,350,0.000005
279.8553546,297.8539312,49999950,350,0.000005
228.2912924,201.0616576,49999950,350,0.000005
262.9759087,253.7016562,49999950,350,0.000005
241.2949564,228.5144037,49999950,350,0.000005
214.1129334,211.1745578,49999950,350,0.000005
248.9616936,241.3856101,49999950,350,0.000005
255.4859591,294.4308596,49999950,350,0.000005
248.8112845,246.4728917,49999950,350,0.000005
227.8098249,221.7722855,49999950,350,0.000005
266.6399399,260.2219336,49999950,350,0.000005
224.0083453,228.9701546,49999950,350,0.000005
255.5727519,275.2832751,49999950,350,0.000005
227.7330673,205.2454432,49999950,350,0.000005
222.6690784,229.2476261,49999950,350,0.000005
254.6736517,241.1890047,49999950,350,0.000005
264.8696152,240.7396214,49999950,350,0.000005
250.6519742,230.238516,49999950,350,0.000005
224.0577706,259.3912345,49999950,350,0.000005
256.6557356,272.851036,49999950,350,0.000005
255.0314421,229.509519,49999950,350,0.000005
241.5806363,244.8835057,49999950,350,0.000005
246.9562753,260.6762201,49999950,350,0.000005
243.4679802,263.2868674,49999950,350,0.000005
218.600949,207.7436992,49999950,350,0.000005
259.1272199,258.459526,49999950,350,0.000005
254.5136801,241.0151583,49999950,350,0.000005
246.0999133,245.3551014,49999950,350,0.000005
261.2479636,275.1716236,49999950,350,0.000005
240.5069915,212.8139983,49999950,350,0.000005
231.4674552,240.1096729,49999950,350,0.000005
261.4772592,295.8007994,49999950,350,0.000005
217.3704425,245.4086466,49999950,350,0.000005
276.7232042,253.1334349,49999950,350,0.000005
232.1269386,220.9960851,49999950,350,0.000005
280.9785412,295.1205029,49999950,350,0.000005
268.4905529,233.1088587,49999950,350,0.000005
252.9566686,267.8061027,49999950,350,0.000005
258.6367145,259.5056194,49999950,350,0.000005
242.5358906,254.6285157,49999950,350,0.000005
218.2348846,224.0090368,49999950,350,0.000005
249.3042633,260.6832661,49999950,350,0.000005
252.2416062,276.2827926,49999950,350,0.000005
265.609336,281.1633058,49999950,350,0.000005
253.8203429,245.9670114,49999950,350,0.000005
274.5674933,310.4240269,49999950,350,0.000005
284.2010824,288.1474876,49999950,350,0.000005
247.7722671,266.1843276,49999950,350,0.000005
255.1439333,260.330777,49999950,350,0.000005
276.8004731,252.9030483,49999950,350,0.000005
256.1409723,239.9514776,49999950,350,0.000005
251.7236755,220.2647908,49999950,350,0.000005
257.5711968,266.5693827,49999950,350,0.000005
261.3787619,254.720915,49999950,350,0.000005
254.564207,271.8696736,49999950,350,0.000005
266.1369205,278.1307086,49999950,350,0.000005
228.1800397,251.7780036,49999950,350,0.000005
239.5630062,249.9963684,49999950,350,0.000005
242.9659576,191.2914231,49999950,350,0.000005
264.2918728,299.1276732,49999950,350,0.000005
247.2623325,256.9288448,50000000,500,0.000005
239.8705478,242.4435305,50000000,500,0.000005
260.1035675,245.0044412,50000000,500,0.000005
249.6420388,261.5827817,50000000,500,0.000005
218.1102916,220.7092,50000000,500,0.000005
241.8690643,259.008274,50000000,500,0.000005
226.5437682,219.1049165,50000000,500,0.000005
251.6759537,247.5943585,50000000,500,0.000005
252.4676229,259.0905682,50000000,500,0.000005
245.3586874,277.6176168,50000000,500,0.000005
271.6750129,269.0937315,50000000,500,0.000005
252.495616,272.7164998,50000000,500,0.000005
245.0345618,241.061182,50000000,500,0.000005
237.1401331,251.3962406,50000000,500,0.000005
252.1307514,237.2418925,50000000,500,0.000005
273.5852595,269.9687266,50000000,500,0.000005
238.0881581,241.140198,50000000,500,0.000005
239.9075244,238.3946502,50000000,500,0.000005
228.8536676,215.6864094,50000000,500,0.000005
252.0253999,282.8208132,50000000,500,0.000005
252.5732445,249.3258421,50000000,500,0.000005
261.5539796,222.0769593,50000000,500,0.000005
269.9900048,262.1516549,50000000,500,0.000005
234.42986,246.4056481,50000000,500,0.000005
263.6184839,280.9217612,50000000,500,0.000005
240.5429502,229.3794667,50000000,500,0.000005
267.160569,277.4284685,50000000,500,0.000005
239.0439042,213.1324841,50000000,500,0.000005
251.3387667,253.2912979,50000000,500,0.000005
264.236676,274.13435,50000000,500,0.000005
253.8887621,251.7548193,50000000,500,0.000005
253.1160858,265.2625227,50000000,500,0.000005
253.9822315,261.3922203,50000000,500,0.000005
271.9486282,225.5809555,50000000,500,0.000005
217.0591175,228.9858791,50000000,500,0.000005
272.6039719,287.9194827,50000000,500,0.000005
270.765246,260.9389337,50000000,500,0.000005
272.0337631,281.6119164,50000000,500,0.000005
252.7683434,268.8156196,50000000,500,0.000005
249.2323422,234.2456794,50000000,500,0.000005
259.7227169,260.8210634,50000000,500,0.000005
237.7311072,238.7016647,50000000,500,0.000005
242.3264203,241.8763683,50000000,500,0.000005
251.2909012,250.1741262,50000000,500,0.000005
273.1255906,314.5421879,50000000,500,0.000005
261.715611,272.7416708,50000000,500,0.000005
267.6799825,255.4295715,50000000,500,0.000005
258.6534159,232.5058121,50000000,500,0.000005
247.7698406,253.4224347,50000000,500,0.000005
250.3540862,268.8803543,50000000,500,0.000005
244.0239484,268.7796557,50000000,500,0.000005
261.5186519,279.756555,50000000,500,0.000005
256.7267136,251.6547069,50000000,500,0.000005
259.1332693,268.6548733,50000000,500,0.000005
239.1058583,234.3145238,50000000,500,0.000005
255.2284553,267.3402766,50000000,500,0.000005
275.228237,277.2648687,50000000,500,0.000005
227.4984158,251.2953286,50000000,500,0.000005
220.2221144,221.3901578,50000000,500,0.000005
248.186009,250.2064222,50000000,500,0.000005
219.5541854,234.0576535,50000000,500,0.000005
243.9967058,249.2434091,50000000,500,0.000005
264.1895331,233.2786076,50000000,500,0.000005
257.8579572,235.3862539,50000000,500,0.000005
240.5910832,251.3372054,50000000,500,0.000005
260.3522075,290.0540458,50000000,500,0.000005
219.9272933,212.6305574,50000000,500,0.000005
238.2990713,196.2956031,50000000,500,0.000005
243.0110965,242.1737859,50000000,500,0.000005
255.5974461,291.239584,50000000,500,0.000005
257.4440006,235.7717828,50000000,500,0.000005
253.4432753,231.9171119,50000000,500,0.000005
242.5808445,232.5665524,50000000,500,0.000005
266.1656183,285.0878219,50000000,500,0.000005
251.4517181,235.9008407,50000000,500,0.000005
228.0300674,248.7217933,50000000,500,0.000005
255.1176575,238.2852291,50000000,500,0.000005
245.8355259,256.2145081,50000000,500,0.000005
237.481045,234.8608064,50000000,500,0.000005
237.0149578,254.7951292,50000000,500,0.000005
269.5657202,298.1119063,50000000,500,0.000005
227.4731748,205.0044816,50000000,500,0.000005
236.8474669,257.4994431,50000000,500,0.000005
275.6820711,262.2187147,50000000,500,0.000005
250.0703632,258.0842122,50000000,500,0.000005
243.1450576,258.9365761,50000000,500,0.000005
238.3146312,250.6897448,50000000,500,0.000005
248.4747254,254.9690832,50000000,500,0.000005
262.4164829,257.5144945,50000000,500,0.000005
232.2036151,194.4211758,50000000,500,0.000005
241.044348,251.7998437,50000000,500,0.000005
238.1363484,267.4771086,50000000,500,0.000005
243.6846659,226.8742898,50000000,500,0.000005
272.2797775,256.7941212,50000000,500,0.000005
251.0382266,254.9430941,50000000,500,0.000005
250.8235711,233.4102126,50000000,500,0.000005
230.6188765,235.7699114,50000000,500,0.000005
258.0971717,278.3382704,50000000,500,0.000005
248.8920173,255.9090572,50000000,500,0.000005
247.8935985,260.0837033,50000000,500,0.000005
511.9500475,787.7037023,50000000,10,0.00001
492.808346,509.1756465,50000000,10,0.00001
529.7128455,557.0463789,50000000,10,0.00001
511.1323032,902.2285184,50000000,10,0.00001
515.7403759,468.667987,50000000,10,0.00001
480.2810113,881.8434424,50000000,10,0.00001
496.8555438,467.1914946,50000000,10,0.00001
476.832601,504.7017943,50000000,10,0.00001
495.446022,583.2583865,50000000,10,0.00001
533.0748303,1210.975396,50000000,10,0.00001
472.9269802,358.9760997,50000000,10,0.00001
559.1471239,462.1795567,50000000,10,0.00001
521.4894243,544.9575078,50000000,10,0.00001
506.8312415,569.2840045,50000000,10,0.00001
464.7289076,557.9163386,50000000,10,0.00001
494.9804698,605.6273537,50000000,10,0.00001
478.4257112,491.1605188,50000000,10,0.00001
501.0773737,317.1060324,50000000,10,0.00001
512.4583342,960.2579634,50000000,10,0.00001
573.8486008,269.294938,50000000,10,0.00001
472.184135,197.4144102,50000000,10,0.00001
447.0993828,1256.287957,50000000,10,0.00001
507.328683,499.320329,50000000,10,0.00001
496.6959978,834.5462489,50000000,10,0.00001
498.0540887,344.2549764,50000000,10,0.00001
528.2289006,740.6363964,50000000,10,0.00001
513.8833467,381.5977055,50000000,10,0.00001
494.118757,849.5027755,50000000,10,0.00001
469.2211492,815.1313878,50000000,10,0.00001
505.4337041,330.8074057,50000000,10,0.00001
504.5470971,305.9336529,50000000,10,0.00001
509.1948241,726.7236359,50000000,10,0.00001
527.9676329,736.3329745,50000000,10,0.00001
516.6025786,404.4305258,50000000,10,0.00001
466.5358059,704.7116067,50000000,10,0.00001
500.4528553,354.0014702,50000000,10,0.00001
491.8835885,530.9007399,50000000,10,0.00001
491.4307489,204.8349082,50000000,10,0.00001
481.8492534,893.4824537,50000000,10,0.00001
494.4555054,739.8860316,50000000,10,0.00001
522.0049451,260.679916,50000000,10,0.00001
458.5548346,720.5369467,50000000,10,0.00001
461.0901181,606.3338388,50000000,10,0.00001
538.2337528,495.8360644,50000000,10,0.00001
492.3723582,533.6911098,50000000,10,0.00001
464.1715931,255.3986249,50000000,10,0.00001
517.8097628,443.6459387,50000000,10,0.00001
533.791973,414.7437208,50000000,10,0.00001
472.307695,1237.741992,50000000,10,0.00001
509.626012,283.190912,50000000,10,0.00001
484.844335,885.7420768,50000000,10,0.00001
505.2199877,306.001687,50000000,10,0.00001
465.9718113,320.3392621,50000000,10,0.00001
508.1372333,1045.23187,50000000,10,0.00001
492.802198,546.4688909,50000000,10,0.00001
499.7204649,429.480876,50000000,10,0.00001
503.8670336,223.5888875,50000000,10,0.00001
501.7412961,735.3342809,50000000,10,0.00001
499.5827611,646.5911143,50000000,10,0.00001
498.6075175,652.8071101,50000000,10,0.00001
497.6697186,701.9697776,50000000,10,0.00001
504.1721727,614.4342275,50000000,10,0.00001
511.7226872,645.3975106,50000000,10,0.00001
502.5774141,295.114486,50000000,10,0.00001
517.7632018,491.8830187,50000000,10,0.00001
494.1140285,739.7051387,50000000,10,0.00001
500.9116274,312.0591971,50000000,10,0.00001
513.9811051,1017.491668,50000000,10,0.00001
534.2214173,477.9364358,50000000,10,0.00001
478.3085183,669.672814,50000000,10,0.00001
500.2943954,434.2064424,50000000,10,0.00001
498.7761596,239.6935769,50000000,10,0.00001
527.6473967,830.4290413,50000000,10,0.00001
468.4372851,553.9872319,50000000,10,0.00001
540.014315,219.7025845,50000000,10,0.00001
501.7244133,1188.061785,50000000,10,0.00001
504.895134,413.1606742,50000000,10,0.00001
511.857017,641.0074767,50000000,10,0.00001
475.5951766,328.119928,50000000,10,0.00001
502.0904633,354.0767853,50000000,10,0.00001
481.8717566,1130.908164,50000000,10,0.00001
483.877348,555.7043167,50000000,10,0.00001
490.0596559,511.4006401,50000000,10,0.00001
514.4936169,759.51193,50000000,10,0.00001
494.8265534,365.2180207,50000000,10,0.00001
505.5491284,436.6884962,50000000,10,0.00001
502.6806432,654.4477965,50000000,10,0.00001
489.6939141,312.5772167,50000000,10,0.00001
497.3684464,323.0654597,50000000,10,0.00001
494.474748,583.7466338,50000000,10,0.00001
472.3686985,264.1084178,50000000,10,0.00001
511.7845133,1109.328554,50000000,10,0.00001
562.2997455,556.5076282,50000000,10,0.00001
543.2327117,1022.487802,50000000,10,0.00001
520.7393145,598.293957,50000000,10,0.00001
509.9220162,857.7379122,50000000,10,0.00001
498.578511,694.6798753,50000000,10,0.00001
463.0795648,583.082505,50000000,10,0.00001
521.2838609,637.3554079,50000000,10,0.00001
518.3786806,665.8290435,50000000,10,0.00001
528.3177723,1257.552891,50000000,20,0.00001
499.6937653,646.0175866,50000000,20,0.00001
517.6088047,658.4632952,50000000,20,0.00001
483.6973278,315.9736332,50000000,20,0.00001
449.3131971,485.7647992,50000000,20,0.00001
554.8640368,514.2198832,50000000,20,0.00001
511.9481302,472.6971124,50000000,20,0.00001
506.3329725,563.2817086,50000000,20,0.00001
526.8338254,446.740548,50000000,20,0.00001
501.7559775,580.5111131,50000000,20,0.00001
524.0698867,402.0929739,50000000,20,0.00001
503.4052883,485.9313639,50000000,20,0.00001
486.3254984,597.1389644,50000000,20,0.00001
529.3296291,372.2161145,50000000,20,0.00001
474.2521021,454.9618988,50000000,20,0.00001
503.423821,561.5472788,50000000,20,0.00001
508.8348067,480.3887271,50000000,20,0.00001
477.4708105,446.7603292,50000000,20,0.00001
506.7073273,534.8680699,50000000,20,0.00001
514.0828932,727.6002667,50000000,20,0.00001
481.2181264,506.8430806,50000000,20,0.00001
516.773845,371.7901169,50000000,20,0.00001
528.0191226,544.2701838,50000000,20,0.00001
515.9958693,430.8759098,50000000,20,0.00001
541.7179034,768.4536964,50000000,20,0.00001
522.2258274,421.5189707,50000000,20,0.00001
538.7708209,474.3801001,50000000,20,0.00001
525.2947883,625.3443049,50000000,20,0.00001
487.2000359,910.5416455,50000000,20,0.00001
515.0123246,765.4658276,50000000,20,0.00001
461.2883014,464.3761188,50000000,20,0.00001
452.7815608,452.3377651,50000000,20,0.00001
504.9172051,445.9570108,50000000,20,0.00001
452.2746533,497.4254307,50000000,20,0.00001
500.4304962,466.6567849,50000000,20,0.00001
486.4881186,613.4698795,50000000,20,0.00001
494.0226219,741.4433696,50000000,20,0.00001
474.3923998,608.5385795,50000000,20,0.00001
508.6471901,394.0997211,50000000,20,0.00001
501.7027103,303.9867144,50000000,20,0.00001
500.9572337,1002.925764,50000000,20,0.00001
503.7198533,647.7486632,50000000,20,0.00001
508.6557101,491.2706274,50000000,20,0.00001
505.0352583,287.9076817,50000000,20,0.00001
501.6278798,634.9530043,50000000,20,0.00001
474.1091784,440.0758022,50000000,20,0.00001
504.3455714,491.3593681,50000000,20,0.00001
493.7345527,402.7591976,50000000,20,0.00001
491.5305026,659.33953,50000000,20,0.00001
529.4414996,577.3264637,50000000,20,0.00001
506.3976018,655.7548938,50000000,20,0.00001
504.2183971,425.4948452,50000000,20,0.00001
486.0893629,393.391248,50000000,20,0.00001
516.9623625,794.7914402,50000000,20,0.00001
492.017654,469.3779621,50000000,20,0.00001
479.7302885,404.4759458,50000000,20,0.00001
492.2689206,554.4849398,50000000,20,0.00001
537.2180785,265.8674622,50000000,20,0.00001
529.5309358,350.1773008,50000000,20,0.00001
499.6829112,951.2901633,50000000,20,0.00001
507.8058868,582.9119023,50000000,20,0.00001
462.7161028,239.5680311,50000000,20,0.00001
477.6224718,711.7922919,50000000,20,0.00001
506.2164542,482.4324622,50000000,20,0.00001
529.129622,699.4922167,50000000,20,0.00001
507.3043801,583.6330043,50000000,20,0.00001
491.8236332,350.9966264,50000000,20,0.00001
482.6506927,753.9874865,50000000,20,0.00001
484.6662095,351.2736262,50000000,20,0.00001
458.9211808,675.0428234,50000000,20,0.00001
494.7610485,292.9257876,50000000,20,0.00001
512.6758182,281.4114242,50000000,20,0.00001
479.2352488,494.133938,50000000,20,0.00001
509.8368792,1265.024236,50000000,20,0.00001
523.1082795,769.8616445,50000000,20,0.00001
517.162183,580.1067385,50000000,20,0.00001
533.2082742,313.2874119,50000000,20,0.00001
495.2815895,1034.495471,50000000,20,0.00001
507.3176361,459.461723,50000000,20,0.00001
530.4966862,261.3782273,50000000,20,0.00001
527.691773,261.7839401,50000000,20,0.00001
497.5377619,286.1775233,50000000,20,0.00001
514.5055417,1146.900512,50000000,20,0.00001
512.9477204,351.5886496,50000000,20,0.00001
490.5394653,225.2661312,50000000,20,0.00001
498.8774985,624.2419758,50000000,20,0.00001
511.2398363,336.7461197,50000000,20,0.00001
494.5196145,524.2006423,50000000,20,0.00001
507.4199614,836.8003707,50000000,20,0.00001
443.6475999,476.8733001,50000000,20,0.00001
499.7287656,854.8131386,50000000,20,0.00001
527.2855237,427.6881283,50000000,20,0.00001
496.3326039,527.4178366,50000000,20,0.00001
503.5955314,436.7902546,50000000,20,0.00001
448.2909882,413.637273,50000000,20,0.00001
476.575807,842.9630594,50000000,20,0.00001
525.4115093,557.5037017,50000000,20,0.00001
501.5574833,660.6939012,50000000,20,0.00001
500.8167823,514.5640423,50000000,20,0.00001
507.0115573,500.83958,50000000,20,0.00001
474.4489615,368.7413657,49999980,30,0.00001
510.3057763,384.5778067,49999980,30,0.00001
466.5679353,581.4287182,49999980,30,0.00001
495.7715293,433.6924916,49999980,30,0.00001
509.5058275,634.6983512,49999980,30,0.00001
506.9646418,551.2387752,49999980,30,0.00001
528.9969121,460.6784233,49999980,30,0.00001
476.3447827,426.0441808,49999980,30,0.00001
485.9186397,564.9582598,49999980,30,0.00001
494.9272878,449.5017225,49999980,30,0.00001
527.2536803,537.3283027,49999980,30,0.00001
529.670677,540.9349573,49999980,30,0.00001
492.5186989,600.5873379,49999980,30,0.00001
505.3474845,537.4963294,49999980,30,0.00001
503.2178406,632.6250594,49999980,30,0.00001
494.3843308,548.1415393,49999980,30,0.00001
522.7274881,455.7255454,49999980,30,0.00001
516.4211421,433.1246307,49999980,30,0.00001
500.9804833,543.6054,49999980,30,0.00001
470.326439,605.583963,49999980,30,0.00001
523.622259,836.3585047,49999980,30,0.00001
516.3185966,440.2546036,49999980,30,0.00001
481.6691696,495.0673396,49999980,30,0.00001
527.114239,583.9162123,49999980,30,0.00001
503.2428107,408.3093881,49999980,30,0.00001
475.6704826,507.6244564,49999980,30,0.00001
500.3831872,671.7842122,49999980,30,0.00001
525.6909831,656.4132819,49999980,30,0.00001
510.4179955,397.9696124,49999980,30,0.00001
497.025876,491.8562636,49999980,30,0.00001
480.9807822,520.5846104,49999980,30,0.00001
476.1250598,385.6370495,49999980,30,0.00001
503.7913049,757.1347733,49999980,30,0.00001
508.0093252,395.8885488,49999980,30,0.00001
496.4509723,465.5481837,49999980,30,0.00001
485.469276,409.2845354,49999980,30,0.00001
474.8588532,563.7744031,49999980,30,0.00001
486.3234015,560.6625123,49999980,30,0.00001
492.4057062,309.9744731,49999980,30,0.00001
550.8711427,523.5722747,49999980,30,0.00001
485.5238405,382.7088156,49999980,30,0.00001
481.6251045,653.8546986,49999980,30,0.00001
487.2754193,340.4976398,49999980,30,0.00001
505.9572584,532.0050326,49999980,30,0.00001
495.1273444,742.1344767,49999980,30,0.00001
527.4961951,402.0042028,49999980,30,0.00001
470.9840764,413.7859112,49999980,30,0.00001
491.0002435,459.0839744,49999980,30,0.00001
471.0812145,504.9443378,49999980,30,0.00001
438.9817217,735.7598221,49999980,30,0.00001
499.0312086,599.2638138,49999980,30,0.00001
486.3704309,638.0481914,49999980,30,0.00001
499.9528826,379.0215467,49999980,30,0.00001
485.4620012,616.7425332,49999980,30,0.00001
503.5184104,604.8467866,49999980,30,0.00001
506.8497206,451.7144285,49999980,30,0.00001
534.2967547,813.4936006,49999980,30,0.00001
513.8875823,558.5710388,49999980,30,0.00001
516.5356367,467.9462755,49999980,30,0.00001
488.575296,764.6373831,49999980,30,0.00001
505.9327127,645.849748,49999980,30,0.00001
554.8117307,486.7970396,49999980,30,0.00001
455.8524092,640.8372491,49999980,30,0.00001
474.1336119,422.2953864,49999980,30,0.00001
522.4594024,403.0181922,49999980,30,0.00001
493.3705486,514.0134608,49999980,30,0.00001
486.9899071,648.7561837,49999980,30,0.00001
499.9092812,555.2005737,49999980,30,0.00001
503.355768,820.2922052,49999980,30,0.00001
506.0762879,558.2898516,49999980,30,0.00001
536.0986213,573.4339977,49999980,30,0.00001
465.558393,390.166486,49999980,30,0.00001
492.6158263,526.9441983,49999980,30,0.00001
503.0879771,854.4686371,49999980,30,0.00001
504.6998358,603.1158448,49999980,30,0.00001
536.0822882,547.1250162,49999980,30,0.00001
477.4516345,718.8544106,49999980,30,0.00001
490.0971093,293.2517956,49999980,30,0.00001
473.887562,386.7503544,49999980,30,0.00001
506.4901732,516.2467044,49999980,30,0.00001
496.4303237,404.6538402,49999980,30,0.00001
498.7464575,555.0982257,49999980,30,0.00001
485.6202633,793.0787933,49999980,30,0.00001
473.3601738,735.4435995,49999980,30,0.00001
534.41363,459.6317057,49999980,30,0.00001
508.9579436,567.450733,49999980,30,0.00001
509.2941993,432.6250407,49999980,30,0.00001
496.8081063,478.6043592,49999980,30,0.00001
538.2852519,744.0798747,49999980,30,0.00001
489.1383221,781.9032789,49999980,30,0.00001
459.915215,429.9174172,49999980,30,0.00001
496.3798732,576.2213798,49999980,30,0.00001
549.0658988,416.9337691,49999980,30,0.00001
525.4273635,421.8386046,49999980,30,0.00001
477.1315515,841.4831167,49999980,30,0.00001
461.3192513,416.8646989,49999980,30,0.00001
504.641111,503.5678771,49999980,30,0.00001
487.6606102,770.5349562,49999980,30,0.00001
513.5310764,570.5412188,49999980,30,0.00001
477.0998499,474.5619716,49999980,30,0.00001
567.4788435,617.7283112,50000000,40,0.00001
471.7648994,441.5700737,50000000,40,0.00001
519.651986,530.9757686,50000000,40,0.00001
498.9355089,408.2443141,50000000,40,0.00001
530.0107886,540.416902,50000000,40,0.00001
469.1240714,446.0232873,50000000,40,0.00001
510.2362015,575.4740071,50000000,40,0.00001
537.9935424,725.3942011,50000000,40,0.00001
477.4323486,517.6456919,50000000,40,0.00001
511.5785447,452.0474725,50000000,40,0.00001
487.1061686,522.0317916,50000000,40,0.00001
498.210696,458.3808497,50000000,40,0.00001
498.8398035,736.100936,50000000,40,0.00001
456.2281222,621.6345068,50000000,40,0.00001
491.3801717,672.4271593,50000000,40,0.00001
507.5004901,660.2290927,50000000,40,0.00001
477.2155692,494.0122443,50000000,40,0.00001
475.866164,525.5698298,50000000,40,0.00001
485.7480865,453.9770604,50000000,40,0.00001
471.0418078,463.2146948,50000000,40,0.00001
491.4400343,619.5304941,50000000,40,0.00001
499.871423,710.6055491,50000000,40,0.00001
475.866631,492.6777474,50000000,40,0.00001
524.430463,498.4808203,50000000,40,0.00001
516.9708393,726.4801544,50000000,40,0.00001
496.9275905,529.5336028,50000000,40,0.00001
474.3374307,471.8492763,50000000,40,0.00001
551.7460164,780.6073993,50000000,40,0.00001
495.9743614,391.3176226,50000000,40,0.00001
469.4015422,511.5588586,50000000,40,0.00001
488.8156995,379.4805684,50000000,40,0.00001
510.4837703,594.4473442,50000000,40,0.00001
477.397835,436.3501601,50000000,40,0.00001
475.3499668,477.2332327,50000000,40,0.00001
525.3468728,414.5284746,50000000,40,0.00001
482.2192902,533.9897869,50000000,40,0.00001
535.0298823,542.8557896,50000000,40,0.00001
509.9237255,513.1415824,50000000,40,0.00001
479.179438,433.0351163,50000000,40,0.00001
523.3113112,533.6894268,50000000,40,0.00001
474.2749337,659.0520939,50000000,40,0.00001
511.4423222,476.7313055,50000000,40,0.00001
457.6464753,531.5361508,50000000,40,0.00001
508.8391122,413.2418623,50000000,40,0.00001
466.1137802,674.8213866,50000000,40,0.00001
512.5784862,605.6702514,50000000,40,0.00001
503.1086001,425.4344069,50000000,40,0.00001
516.6510718,421.8222648,50000000,40,0.00001
522.6329389,455.5141772,50000000,40,0.00001
497.5948106,650.8739566,50000000,40,0.00001
519.3373486,611.837594,50000000,40,0.00001
511.0639615,467.7101102,50000000,40,0.00001
461.3518207,356.5497273,50000000,40,0.00001
473.9409485,365.2029454,50000000,40,0.00001
460.1617583,568.3738672,50000000,40,0.00001
488.0874094,609.5359913,50000000,40,0.00001
472.7464187,544.8200577,50000000,40,0.00001
512.2446151,526.7573618,50000000,40,0.00001
530.43694,746.1915172,50000000,40,0.00001
522.9675991,619.1260167,50000000,40,0.00001
516.5853375,494.3842812,50000000,40,0.00001
481.6261043,464.4434341,50000000,40,0.00001
503.42632,644.2535532,50000000,40,0.00001
497.629898,779.6491576,50000000,40,0.00001
520.8425908,343.9105012,50000000,40,0.00001
538.2958215,504.5876519,50000000,40,0.00001
499.4365922,439.1923888,50000000,40,0.00001
487.8369569,451.6643827,50000000,40,0.00001
526.8896068,369.8161336,50000000,40,0.00001
540.1417862,469.3173957,50000000,40,0.00001
479.7859536,460.8035557,50000000,40,0.00001
530.4356145,731.5183645,50000000,40,0.00001
494.9932829,331.4507032,50000000,40,0.00001
509.8959079,530.2453261,50000000,40,0.00001
511.2084516,600.1040607,50000000,40,0.00001
520.2459727,683.8934623,50000000,40,0.00001
496.8076957,541.3038304,50000000,40,0.00001
515.1016585,706.0292276,50000000,40,0.00001
450.2553714,296.8129026,50000000,40,0.00001
513.5509359,351.1732983,50000000,40,0.00001
499.3628701,472.2104125,50000000,40,0.00001
490.6652497,585.6045463,50000000,40,0.00001
493.4075371,478.7109738,50000000,40,0.00001
502.2186954,619.3229495,50000000,40,0.00001
457.4995361,466.8195506,50000000,40,0.00001
505.2961926,617.6419839,50000000,40,0.00001
508.0920638,578.5172483,50000000,40,0.00001
497.273707,455.6712221,50000000,40,0.00001
496.8823252,680.6424547,50000000,40,0.00001
531.8762318,326.6667222,50000000,40,0.00001
479.4817371,460.1584062,50000000,40,0.00001
512.8729475,567.5345699,50000000,40,0.00001
535.5853266,679.2169031,50000000,40,0.00001
536.4368238,503.1838181,50000000,40,0.00001
445.6478054,409.2064368,50000000,40,0.00001
485.5585099,347.5597767,50000000,40,0.00001
517.4533106,423.0726171,50000000,40,0.00001
487.8867348,793.2265547,50000000,40,0.00001
525.6431433,418.0542545,50000000,40,0.00001
541.3500179,469.657471,50000000,40,0.00001
471.5102998,417.9287596,50000000,50,0.00001
501.9031943,511.1420243,50000000,50,0.00001
511.4024721,448.7615989,50000000,50,0.00001
465.76181,438.9804242,50000000,50,0.00001
488.1580699,396.5946839,50000000,50,0.00001
508.0810156,433.7141636,50000000,50,0.00001
484.4140982,501.3033702,50000000,50,0.00001
511.2605615,536.561935,50000000,50,0.00001
491.70185,605.9428097,50000000,50,0.00001
471.0502323,483.1847036,50000000,50,0.00001
473.6798716,419.4627272,50000000,50,0.00001
441.5769903,474.5230578,50000000,50,0.00001
471.8512746,662.7881764,50000000,50,0.00001
495.1803569,684.6068533,50000000,50,0.00001
494.2203414,492.2824167,50000000,50,0.00001
480.811289,451.8564495,50000000,50,0.00001
503.1242513,647.3045836,50000000,50,0.00001
459.079982,376.6448011,50000000,50,0.00001
516.8259706,575.1585916,50000000,50,0.00001
494.8893305,400.0806645,50000000,50,0.00001
480.7096922,545.0122719,50000000,50,0.00001
511.9094987,457.8625117,50000000,50,0.00001
507.6178924,469.8828396,50000000,50,0.00001
490.8529029,427.6062452,50000000,50,0.00001
482.3494002,457.6448359,50000000,50,0.00001
507.1788501,372.2747499,50000000,50,0.00001
480.9880575,595.254031,50000000,50,0.00001
466.2864758,566.7927711,50000000,50,0.00001
528.3174287,458.0951899,50000000,50,0.00001
496.3829241,358.1285187,50000000,50,0.00001
520.4581777,685.5937761,50000000,50,0.00001
482.0321137,765.999579,50000000,50,0.00001
504.7001025,720.5224161,50000000,50,0.00001
506.9373378,532.0451847,50000000,50,0.00001
483.8924658,297.9419866,50000000,50,0.00001
501.359052,451.061447,50000000,50,0.00001
512.4138375,592.7423537,50000000,50,0.00001
489.7407116,458.8106098,50000000,50,0.00001
500.0343154,552.2739642,50000000,50,0.00001
498.1609869,464.8022579,50000000,50,0.00001
513.7197688,435.1913617,50000000,50,0.00001
474.6203675,653.7081769,50000000,50,0.00001
503.3979732,596.6432447,50000000,50,0.00001
482.6154323,343.2300087,50000000,50,0.00001
502.5173025,513.489233,50000000,50,0.00001
515.4491944,556.5564218,50000000,50,0.00001
489.3340209,429.5768993,50000000,50,0.00001
461.0605212,664.8484539,50000000,50,0.00001
503.5738963,490.5098123,50000000,50,0.00001
449.33188,524.5337091,50000000,50,0.00001
481.3562644,510.2290328,50000000,50,0.00001
491.0950203,496.4873496,50000000,50,0.00001
500.1048018,617.3293603,50000000,50,0.00001
501.630037,734.2841961,50000000,50,0.00001
499.3993153,513.0052976,50000000,50,0.00001
502.6597269,364.904857,50000000,50,0.00001
474.1191353,442.6387592,50000000,50,0.00001
511.2221694,399.8992114,50000000,50,0.00001
498.9641429,559.2298226,50000000,50,0.00001
489.7895603,412.7484367,50000000,50,0.00001
493.6518353,471.2291285,50000000,50,0.00001
482.4156926,519.5607593,50000000,50,0.00001
442.4640693,566.637549,50000000,50,0.00001
499.547294,446.7612756,50000000,50,0.00001
513.8075076,533.5768439,50000000,50,0.00001
521.9331881,518.1876739,50000000,50,0.00001
476.0147687,376.9204057,50000000,50,0.00001
504.0969025,584.872896,50000000,50,0.00001
488.6381086,657.9085427,50000000,50,0.00001
470.8892541,639.5743317,50000000,50,0.00001
484.4850809,540.0100938,50000000,50,0.00001
527.5965645,510.524158,50000000,50,0.00001
468.0859191,402.49908,50000000,50,0.00001
495.0319629,419.4373553,50000000,50,0.00001
493.4780498,993.8869944,50000000,50,0.00001
467.8453647,698.6335918,50000000,50,0.00001
540.1144887,621.103187,50000000,50,0.00001
465.9338754,572.0312793,50000000,50,0.00001
534.3363976,503.6895095,50000000,50,0.00001
483.755583,460.2036877,50000000,50,0.00001
525.6354693,423.5166306,50000000,50,0.00001
487.6345803,516.3114489,50000000,50,0.00001
492.8428355,548.3841932,50000000,50,0.00001
484.4746727,443.1547211,50000000,50,0.00001
521.0104808,522.5726475,50000000,50,0.00001
504.7584696,619.775186,50000000,50,0.00001
524.5388012,526.0496716,50000000,50,0.00001
482.3586572,463.2860677,50000000,50,0.00001
479.5037228,427.3936519,50000000,50,0.00001
536.9070191,850.6751208,50000000,50,0.00001
508.9217328,480.6260759,50000000,50,0.00001
518.0785385,551.1131037,50000000,50,0.00001
502.6091609,474.1801836,50000000,50,0.00001
509.8978178,597.9174916,50000000,50,0.00001
503.8189212,619.8696991,50000000,50,0.00001
469.9786883,635.9646883,50000000,50,0.00001
517.8434161,499.2757929,50000000,50,0.00001
535.1614493,436.7293089,50000000,50,0.00001
511.8809513,524.0972932,50000000,50,0.00001
481.6130951,429.6400884,50000000,50,0.00001
513.5362612,621.3774071,49999950,70,0.00001
519.1026355,527.4758482,49999950,70,0.00001
512.8541343,462.8996974,49999950,70,0.00001
490.9035937,429.9832857,49999950,70,0.00001
490.121732,484.5068997,49999950,70,0.00001
494.1965692,416.112046,49999950,70,0.00001
502.6824124,685.1212573,49999950,70,0.00001
527.1327608,440.5453741,49999950,70,0.00001
495.8546611,580.2265596,49999950,70,0.00001
513.9764661,485.2461421,49999950,70,0.00001
506.0604274,416.8106824,49999950,70,0.00001
483.712869,363.9342164,49999950,70,0.00001
468.7440315,355.0777808,49999950,70,0.00001
516.6695138,527.2783024,49999950,70,0.00001
498.334266,464.5672256,49999950,70,0.00001
507.6698449,519.6011265,49999950,70,0.00001
534.3813578,475.3970913,49999950,70,0.00001
517.6848477,581.9234399,49999950,70,0.00001
526.2046901,472.997722,49999950,70,0.00001
513.9708,605.5494261,49999950,70,0.00001
486.2631731,458.694702,49999950,70,0.00001
440.758097,412.81021,49999950,70,0.00001
469.8932628,689.5403095,49999950,70,0.00001
478.5755432,477.774573,49999950,70,0.00001
524.7479866,467.8536845,49999950,70,0.00001
502.1232748,551.977758,49999950,70,0.00001
514.4408154,394.3502642,49999950,70,0.00001
490.2044863,439.610036,49999950,70,0.00001
499.5636077,487.3892431,49999950,70,0.00001
483.184996,397.7842921,49999950,70,0.00001
539.4959846,494.4409107,49999950,70,0.00001
485.2742421,420.0885448,49999950,70,0.00001
477.9131905,558.7812583,49999950,70,0.00001
501.5596861,509.3253321,49999950,70,0.00001
481.5358538,486.2334846,49999950,70,0.00001
501.7176925,429.3076253,49999950,70,0.00001
507.4584653,513.1454492,49999950,70,0.00001
503.1281739,495.6680041,49999950,70,0.00001
481.6838695,465.7453271,49999950,70,0.00001
499.4804112,470.7547014,49999950,70,0.00001
543.9174814,551.8044375,49999950,70,0.00001
501.2404789,706.6166471,49999950,70,0.00001
498.710466,440.5902191,49999950,70,0.00001
482.8158631,322.3276434,49999950,70,0.00001
492.0792242,535.1991287,49999950,70,0.00001
497.3784188,590.0815747,49999950,70,0.00001
474.26885,475.7356938,49999950,70,0.00001
514.0559193,503.5929416,49999950,70,0.00001
517.6022299,507.0561326,49999950,70,0.00001
465.1733443,571.7007384,49999950,70,0.00001
521.4811845,626.1825339,49999950,70,0.00001
519.7560829,536.9954555,49999950,70,0.00001
509.4733158,408.3620789,49999950,70,0.00001
474.5437714,598.8946116,49999950,70,0.00001
515.3960068,665.9941198,49999950,70,0.00001
504.3936685,579.2551333,49999950,70,0.00001
504.0132582,577.9357924,49999950,70,0.00001
475.844977,580.2865248,49999950,70,0.00001
488.0066291,422.8173423,49999950,70,0.00001
512.3497281,563.416351,49999950,70,0.00001
518.6766821,425.4557256,49999950,70,0.00001
512.4886491,461.8326847,49999950,70,0.00001
496.6383704,428.0479805,49999950,70,0.00001
500.7411392,484.2985463,49999950,70,0.00001
532.6756929,659.1842097,49999950,70,0.00001
511.2066228,382.0621486,49999950,70,0.00001
524.064931,468.1980572,49999950,70,0.00001
496.8516408,567.14299,49999950,70,0.00001
472.4393696,541.190649,49999950,70,0.00001
503.4121087,592.011108,49999950,70,0.00001
488.5847501,609.810521,49999950,70,0.00001
462.2123085,420.1121288,49999950,70,0.00001
540.0541243,503.0744772,49999950,70,0.00001
563.7150112,479.8778898,49999950,70,0.00001
479.8708937,390.3982409,49999950,70,0.00001
511.8289352,508.6765317,49999950,70,0.00001
537.9081319,423.8791968,49999950,70,0.00001
545.832702,598.2603457,49999950,70,0.00001
507.011198,457.3301188,49999950,70,0.00001
458.1660305,515.9052173,49999950,70,0.00001
469.7578569,676.8444151,49999950,70,0.00001
523.229162,508.1999615,49999950,70,0.00001
494.8726058,447.3758049,49999950,70,0.00001
510.87288,532.9046314,49999950,70,0.00001
503.6434392,514.1774486,49999950,70,0.00001
506.3185037,539.8908385,49999950,70,0.00001
489.944199,439.0142663,49999950,70,0.00001
570.7468122,596.3027103,49999950,70,0.00001
510.32983,755.4145276,49999950,70,0.00001
511.5777887,564.3480605,49999950,70,0.00001
521.8435029,673.6132496,49999950,70,0.00001
479.4671046,559.5474421,49999950,70,0.00001
510.4903401,335.7895428,49999950,70,0.00001
497.8259596,585.6993629,49999950,70,0.00001
532.4640948,527.6726336,49999950,70,0.00001
474.4702833,525.6476473,49999950,70,0.00001
485.1277315,676.0273137,49999950,70,0.00001
500.9807336,377.6222097,49999950,70,0.00001
463.626687,356.5327959,49999950,70,0.00001
517.0814199,478.1179137,49999950,70,0.00001
504.6088454,508.5477483,50000000,100,0.00001
458.2543313,522.2989575,50000000,100,0.00001
527.5348835,580.4105296,50000000,100,0.00001
496.0544035,525.7713001,50000000,100,0.00001
474.0947964,408.8079335,50000000,100,0.00001
503.5515373,309.075462,50000000,100,0.00001
507.8159137,462.1282336,50000000,100,0.00001
495.8221337,527.3849531,50000000,100,0.00001
476.804858,553.9614642,50000000,100,0.00001
457.8345997,399.8930375,50000000,100,0.00001
514.8537346,536.8863626,50000000,100,0.00001
493.3741365,547.0927185,50000000,100,0.00001
498.6080663,340.1652811,50000000,100,0.00001
512.4942736,466.8305488,50000000,100,0.00001
496.356919,399.3951807,50000000,100,0.00001
524.2319161,445.0884303,50000000,100,0.00001
451.3098134,495.2432045,50000000,100,0.00001
524.4105717,552.4525857,50000000,100,0.00001
496.4625825,548.693445,50000000,100,0.00001
488.4273176,440.3483488,50000000,100,0.00001
511.7940752,469.0568578,50000000,100,0.00001
446.2069798,444.6395868,50000000,100,0.00001
489.4404597,561.7107362,50000000,100,0.00001
453.0229516,567.0032068,50000000,100,0.00001
500.5434693,519.1879036,50000000,100,0.00001
501.1809339,454.1881295,50000000,100,0.00001
510.621286,657.4857969,50000000,100,0.00001
514.6607817,563.123208,50000000,100,0.00001
523.6005737,589.6182754,50000000,100,0.00001
519.9404425,452.5486303,50000000,100,0.00001
472.4691964,384.8573884,50000000,100,0.00001
490.580294,579.7161243,50000000,100,0.00001
494.9219406,466.8474095,50000000,100,0.00001
481.9194247,416.412078,50000000,100,0.00001
473.2151757,384.2199169,50000000,100,0.00001
468.1333188,509.5527189,50000000,100,0.00001
476.7180173,498.2341939,50000000,100,0.00001
483.8406883,765.8179437,50000000,100,0.00001
493.4910703,413.4771327,50000000,100,0.00001
505.8899694,401.9200073,50000000,100,0.00001
494.1127878,435.1010581,50000000,100,0.00001
468.4235391,410.6949431,50000000,100,0.00001
483.6498534,560.8317229,50000000,100,0.00001
512.3374657,528.529749,50000000,100,0.00001
522.1591265,460.8936581,50000000,100,0.00001
518.0308899,493.660122,50000000,100,0.00001
502.7242369,536.6135377,50000000,100,0.00001
482.8940624,479.6376292,50000000,100,0.00001
503.9483939,526.4055561,50000000,100,0.00001
516.9354568,451.1811361,50000000,100,0.00001
467.3570398,490.619049,50000000,100,0.00001
504.0013353,543.7995232,50000000,100,0.00001
515.034869,536.5016033,50000000,100,0.00001
488.0881711,533.3392711,50000000,100,0.00001
495.0856016,462.2944269,50000000,100,0.00001
522.1792378,678.1924321,50000000,100,0.00001
542.6138146,471.9245571,50000000,100,0.00001
499.5509521,400.919443,50000000,100,0.00001
477.0238591,491.1550197,50000000,100,0.00001
506.2573728,447.0199212,50000000,100,0.00001
524.4279669,564.8258268,50000000,100,0.00001
503.1059315,442.0948221,50000000,100,0.00001
514.4842469,432.426312,50000000,100,0.00001
505.5032216,422.5116979,50000000,100,0.00001
497.7973948,485.8338053,50000000,100,0.00001
521.5858675,496.001015,50000000,100,0.00001
528.8539961,656.7048955,50000000,100,0.00001
518.7626194,647.4039906,50000000,100,0.00001
483.5910229,561.2335641,50000000,100,0.00001
512.2723769,530.5834245,50000000,100,0.00001
511.6725681,395.5246337,50000000,100,0.00001
512.9977861,534.811055,50000000,100,0.00001
492.5242017,508.0904821,50000000,100,0.00001
496.9887554,522.9224762,50000000,100,0.00001
478.6868547,410.5119541,50000000,100,0.00001
487.1927684,544.1510182,50000000,100,0.00001
502.0953362,509.5749445,50000000,100,0.00001
498.0754509,556.1904284,50000000,100,0.00001
496.9631148,733.0763389,50000000,100,0.00001
488.1195994,391.2262884,50000000,100,0.00001
502.602059,507.1907516,50000000,100,0.00001
522.4450336,631.6487804,50000000,100,0.00001
456.1045964,494.7125677,50000000,100,0.00001
505.9334538,378.9153666,50000000,100,0.00001
498.4385049,491.2009955,50000000,100,0.00001
508.4275754,618.2101465,50000000,100,0.00001
465.8138677,468.3752115,50000000,100,0.00001
463.1243837,460.1989739,50000000,100,0.00001
504.2888369,585.6168256,50000000,100,0.00001
506.4339316,563.9195487,50000000,100,0.00001
499.1474444,573.491203,50000000,100,0.00001
499.0488397,524.5032605,50000000,100,0.00001
478.7944319,513.8978244,50000000,100,0.00001
474.9929523,507.9170429,50000000,100,0.00001
508.7452493,495.6046288,50000000,100,0.00001
494.7983484,426.7869233,50000000,100,0.00001
478.2319088,508.3178708,50000000,100,0.00001
518.2448898,509.6188321,50000000,100,0.00001
461.1437415,442.9596857,50000000,100,0.00001
516.8082214,474.5122084,50000000,100,0.00001
456.0701774,400.4118895,49999880,140,0.00001
488.5451869,481.6719996,49999880,140,0.00001
514.6779373,543.3733293,49999880,140,0.00001
534.9581825,458.6173858,49999880,140,0.00001
471.8814128,433.2467458,49999880,140,0.00001
490.1459865,451.6285082,49999880,140,0.00001
525.9975164,453.3195264,49999880,140,0.00001
485.8016125,411.335535,49999880,140,0.00001
502.5645377,585.4301322,49999880,140,0.00001
448.3581511,506.9253054,49999880,140,0.00001
501.4393536,500.6490996,49999880,140,0.00001
484.0176363,399.3944793,49999880,140,0.00001
502.6453897,546.2150232,49999880,140,0.00001
501.5522388,563.4732944,49999880,140,0.00001
485.0301112,471.0491239,49999880,140,0.00001
493.5487363,561.6340826,49999880,140,0.00001
487.1629907,497.4610351,49999880,140,0.00001
523.1632249,580.9229009,49999880,140,0.00001
448.5574653,342.8207592,49999880,140,0.00001
506.9138897,538.7014383,49999880,140,0.00001
526.7265713,467.857782,49999880,140,0.00001
486.2315514,439.2070799,49999880,140,0.00001
481.6106724,500.0907627,49999880,140,0.00001
495.899419,466.547965,49999880,140,0.00001
513.8366233,395.3788736,49999880,140,0.00001
489.9757213,517.8867473,49999880,140,0.00001
485.4530101,427.8283266,49999880,140,0.00001
480.2084501,480.1962085,49999880,140,0.00001
482.9715912,533.3822185,49999880,140,0.00001
467.771851,432.2536464,49999880,140,0.00001
522.2344464,513.8666775,49999880,140,0.00001
513.1564705,504.965272,49999880,140,0.00001
479.889495,476.0216523,49999880,140,0.00001
497.3166163,489.7175345,49999880,140,0.00001
506.4149522,631.1594108,49999880,140,0.00001
519.0875459,445.7304799,49999880,140,0.00001
488.3634093,461.1029946,49999880,140,0.00001
543.5566544,541.5417875,49999880,140,0.00001
535.0048914,648.7569206,49999880,140,0.00001
487.8196913,455.6271733,49999880,140,0.00001
500.2493066,524.9989942,49999880,140,0.00001
479.9478547,570.6009247,49999880,140,0.00001
563.9236511,693.4133553,49999880,140,0.00001
500.231437,497.1991617,49999880,140,0.00001
473.4427727,520.5047843,49999880,140,0.00001
529.4056597,452.3634685,49999880,140,0.00001
506.1819689,449.8494331,49999880,140,0.00001
482.4427701,543.6497384,49999880,140,0.00001
475.8807722,510.7443829,49999880,140,0.00001
525.6082372,472.9224061,49999880,140,0.00001
502.885247,662.5845243,49999880,140,0.00001
477.268197,433.0363559,49999880,140,0.00001
505.1071676,483.5174657,49999880,140,0.00001
509.0525741,542.6643813,49999880,140,0.00001
496.7040969,550.9302294,49999880,140,0.00001
489.370813,472.4854087,49999880,140,0.00001
516.596851,485.5948694,49999880,140,0.00001
496.6276164,387.5363183,49999880,140,0.00001
482.1062747,431.3583666,49999880,140,0.00001
545.2214576,517.0301369,49999880,140,0.00001
507.9513894,536.6623226,49999880,140,0.00001
480.4561908,560.038879,49999880,140,0.00001
495.3266986,577.4199822,49999880,140,0.00001
533.1913267,602.8028437,49999880,140,0.00001
487.5470281,558.0500967,49999880,140,0.00001
487.5933712,494.9062324,49999880,140,0.00001
493.0286072,511.6720105,49999880,140,0.00001
471.5757684,540.5657713,49999880,140,0.00001
487.7083081,472.7978178,49999880,140,0.00001
491.862224,386.1537487,49999880,140,0.00001
509.4697354,610.7280285,49999880,140,0.00001
478.6052409,438.1085059,49999880,140,0.00001
488.7981885,505.3294355,49999880,140,0.00001
498.8371869,494.2871185,49999880,140,0.00001
507.1851202,600.3206749,49999880,140,0.00001
485.171083,566.3920165,49999880,140,0.00001
483.5221031,574.9431483,49999880,140,0.00001
500.3086086,504.5566082,49999880,140,0.00001
517.3867767,516.6022233,49999880,140,0.00001
482.0832094,481.343266,49999880,140,0.00001
506.4557119,603.1253231,49999880,140,0.00001
491.5299157,541.7209224,49999880,140,0.00001
483.663815,475.5486141,49999880,140,0.00001
461.86805,446.6680355,49999880,140,0.00001
489.1220133,480.4555104,49999880,140,0.00001
501.4763115,595.8722407,49999880,140,0.00001
501.5003695,645.6842329,49999880,140,0.00001
553.468049,710.4160543,49999880,140,0.00001
486.6192959,519.5442191,49999880,140,0.00001
520.5512098,480.6066405,49999880,140,0.00001
496.3404035,460.2275251,49999880,140,0.00001
503.8155924,542.9024935,49999880,140,0.00001
510.6578087,769.5726682,49999880,140,0.00001
516.5745679,513.169765,49999880,140,0.00001
483.8040107,405.6857054,49999880,140,0.00001
481.5886203,419.3693469,49999880,140,0.00001
504.0810671,477.348829,49999880,140,0.00001
490.0178285,425.9633845,49999880,140,0.00001
527.9459245,571.0056684,49999880,140,0.00001
485.2879219,394.5651098,49999880,140,0.00001
478.5511048,495.7270408,49999950,210,0.00001
537.2844331,514.2173123,49999950,210,0.00001
536.5262791,532.0722893,49999950,210,0.00001
537.6373464,574.0555315,49999950,210,0.00001
502.4496362,452.7847453,49999950,210,0.00001
506.7415751,568.377642,49999950,210,0.00001
486.7586522,498.7264893,49999950,210,0.00001
512.5578902,651.1294721,49999950,210,0.00001
481.788985,516.2051416,49999950,210,0.00001
522.2033737,511.1980874,49999950,210,0.00001
491.8058599,518.6417622,49999950,210,0.00001
503.0635645,466.2995267,49999950,210,0.00001
487.6376734,539.6294933,49999950,210,0.00001
494.0170927,503.9134003,49999950,210,0.00001
498.8116131,498.037954,49999950,210,0.00001
516.0132142,551.4206288,49999950,210,0.00001
477.1958536,412.3075739,49999950,210,0.00001
478.9345064,572.1769029,49999950,210,0.00001
491.0662651,478.3114781,49999950,210,0.00001
457.2896414,439.5825752,49999950,210,0.00001
475.9418779,459.0517372,49999950,210,0.00001
514.6084561,501.6067459,49999950,210,0.00001
509.8132808,431.418664,49999950,210,0.00001
462.742076,549.5382705,49999950,210,0.00001
460.818434,518.2742124,49999950,210,0.00001
501.8898271,490.4388158,49999950,210,0.00001
490.0859137,480.2592026,49999950,210,0.00001
503.2790912,514.5997345,49999950,210,0.00001
465.9800619,415.8313204,49999950,210,0.00001
496.618498,441.3486659,49999950,210,0.00001
481.6448465,546.4374683,49999950,210,0.00001
470.4448498,474.4797612,49999950,210,0.00001
515.7993365,466.9633199,49999950,210,0.00001
524.0367911,488.1142637,49999950,210,0.00001
478.4556659,457.4703149,49999950,210,0.00001
495.9504946,542.8714325,49999950,210,0.00001
495.3879065,498.5704716,49999950,210,0.00001
480.7117907,509.6461395,49999950,210,0.00001
484.4336177,450.3131659,49999950,210,0.00001
497.0516685,569.7362574,49999950,210,0.00001
505.5631674,400.2047647,49999950,210,0.00001
511.4667611,628.5367223,49999950,210,0.00001
539.6123769,539.7286408,49999950,210,0.00001
513.0582169,451.7508439,49999950,210,0.00001
489.7224156,454.7754583,49999950,210,0.00001
488.4838041,517.724418,49999950,210,0.00001
505.9003951,535.3144783,49999950,210,0.00001
495.6994962,515.2035007,49999950,210,0.00001
488.0560026,460.6831228,49999950,210,0.00001
504.9491203,533.9846895,49999950,210,0.00001
478.8446269,486.4830989,49999950,210,0.00001
499.1242233,550.0090944,49999950,210,0.00001
507.8966993,443.3237496,49999950,210,0.00001
537.3118589,493.8423765,49999950,210,0.00001
519.3756983,616.4743213,49999950,210,0.00001
539.2071535,549.0130661,49999950,210,0.00001
461.813672,469.3105849,49999950,210,0.00001
515.1215521,452.1452437,49999950,210,0.00001
497.5662528,447.0609913,49999950,210,0.00001
478.113108,523.8067389,49999950,210,0.00001
509.1830853,475.5815025,49999950,210,0.00001
492.6944175,478.0304196,49999950,210,0.00001
504.4247374,489.2118031,49999950,210,0.00001
492.6100298,408.3133103,49999950,210,0.00001
483.406502,550.2852567,49999950,210,0.00001
514.358083,599.3113889,49999950,210,0.00001
516.9532784,571.2699104,49999950,210,0.00001
512.216642,485.4699583,49999950,210,0.00001
498.8719688,510.7089288,49999950,210,0.00001
524.4827972,506.8522628,49999950,210,0.00001
468.4307677,442.6602878,49999950,210,0.00001
496.1452434,553.2808386,49999950,210,0.00001
523.277349,541.9706643,49999950,210,0.00001
496.3134386,439.9455853,49999950,210,0.00001
511.4494036,504.5667814,49999950,210,0.00001
480.8946755,440.0153228,49999950,210,0.00001
489.0555379,464.2221407,49999950,210,0.00001
555.6104618,563.3572928,49999950,210,0.00001
508.8189001,478.5045663,49999950,210,0.00001
498.978771,498.9593355,49999950,210,0.00001
500.6574261,530.0418443,49999950,210,0.00001
550.5714865,638.5415046,49999950,210,0.00001
500.346489,518.4830973,49999950,210,0.00001
489.3221418,547.707258,49999950,210,0.00001
500.8670645,496.8543941,49999950,210,0.00001
484.8876474,394.3267127,49999950,210,0.00001
492.3421178,458.1329628,49999950,210,0.00001
485.4416111,509.5214831,49999950,210,0.00001
512.6814598,437.7293082,49999950,210,0.00001
517.9213938,556.1249194,49999950,210,0.00001
526.4267062,506.1514369,49999950,210,0.00001
501.7615377,561.3758076,49999950,210,0.00001
517.5836902,599.7368435,49999950,210,0.00001
479.0801459,459.0231433,49999950,210,0.00001
486.0886665,492.572712,49999950,210,0.00001
517.4338329,493.2962042,49999950,210,0.00001
513.6088454,588.6630654,49999950,210,0.00001
478.5699198,516.4185772,49999950,210,0.00001
503.0925246,505.179441,49999950,210,0.00001
516.1292354,507.065148,49999950,210,0.00001
500.4427813,519.3730565,49999950,350,0.00001
490.4369343,451.0546118,49999950,350,0.00001
485.1640696,536.9076662,49999950,350,0.00001
532.4527076,525.6680853,49999950,350,0.00001
475.7311423,585.1494143,49999950,350,0.00001
469.0338398,420.8429988,49999950,350,0.00001
491.6794932,469.3543758,49999950,350,0.00001
505.2490142,463.8283608,49999950,350,0.00001
509.8091221,543.4558661,49999950,350,0.00001
475.0985294,481.4857765,49999950,350,0.00001
525.5897455,537.0989902,49999950,350,0.00001
518.0475761,594.4814865,49999950,350,0.00001
500.307076,502.8458908,49999950,350,0.00001
526.6060309,520.0889139,49999950,350,0.00001
498.4255131,466.9212357,49999950,350,0.00001
508.1418555,510.1979014,49999950,350,0.00001
508.2353897,493.480295,49999950,350,0.00001
516.4489074,485.194567,49999950,350,0.00001
507.2478422,574.6859624,49999950,350,0.00001
517.9851284,571.5745207,49999950,350,0.00001
465.5694123,429.2774812,49999950,350,0.00001
496.3367243,486.2923087,49999950,350,0.00001
537.4908846,553.1133637,49999950,350,0.00001
508.3995185,512.5836349,49999950,350,0.00001
525.0942827,517.8749147,49999950,350,0.00001
464.0336549,502.1580211,49999950,350,0.00001
533.7241409,540.9395722,49999950,350,0.00001
503.5939133,504.5396248,49999950,350,0.00001
516.2874526,507.8946896,49999950,350,0.00001
488.0072162,469.0381544,49999950,350,0.00001
513.9994033,471.0056021,49999950,350,0.00001
511.9523662,545.1194037,49999950,350,0.00001
509.3854069,495.8907306,49999950,350,0.00001
513.7150915,537.385871,49999950,350,0.00001
525.3732002,489.6559389,49999950,350,0.00001
528.3167543,573.3943702,49999950,350,0.00001
522.6956704,494.43064,49999950,350,0.00001
466.3545986,437.4730544,49999950,350,0.00001
501.112368,508.1506515,49999950,350,0.00001
502.8332175,471.1281832,49999950,350,0.00001
505.4877429,545.109237,49999950,350,0.00001
483.1865593,474.4230301,49999950,350,0.00001
508.5257413,566.4457637,49999950,350,0.00001
540.4839862,476.1895994,49999950,350,0.00001
475.5886606,497.6789974,49999950,350,0.00001
513.6208326,496.2179317,49999950,350,0.00001
512.9504007,563.1027265,49999950,350,0.00001
485.5222736,444.8177549,49999950,350,0.00001
474.0075629,463.4061199,49999950,350,0.00001
466.0400308,491.1884628,49999950,350,0.00001
458.7674823,408.978977,49999950,350,0.00001
529.9880251,572.3472333,49999950,350,0.00001
476.8243853,480.1607634,49999950,350,0.00001
492.8888292,519.3432348,49999950,350,0.00001
506.1926753,537.4531627,49999950,350,0.00001
502.2276259,523.8042891,49999950,350,0.00001
497.8161952,444.1211483,49999950,350,0.00001
528.4634036,543.3954078,49999950,350,0.00001
527.6032463,553.8447531,49999950,350,0.00001
493.7350909,537.164967,49999950,350,0.00001
486.6259556,527.9450984,49999950,350,0.00001
501.3214446,532.5901909,49999950,350,0.00001
501.8542816,534.3301661,49999950,350,0.00001
471.5486723,451.2873633,49999950,350,0.00001
490.2813805,498.3076397,49999950,350,0.00001
516.7357083,558.1943607,49999950,350,0.00001
508.201575,512.7430023,49999950,350,0.00001
485.7576086,443.2944526,49999950,350,0.00001
485.4644965,491.7416063,49999950,350,0.00001
506.8526427,457.71365,49999950,350,0.00001
509.7757984,511.8832389,49999950,350,0.00001
476.7919439,475.717092,49999950,350,0.00001
491.5797366,543.1972638,49999950,350,0.00001
502.591331,504.6037792,49999950,350,0.00001
485.5441604,460.318653,49999950,350,0.00001
492.7063853,477.6010377,49999950,350,0.00001
480.9467861,517.9124949,49999950,350,0.00001
469.6634055,395.3067822,49999950,350,0.00001
520.9138881,568.2202118,49999950,350,0.00001
516.6813616,546.3009833,49999950,350,0.00001
501.8514691,512.8202497,49999950,350,0.00001
465.9105267,435.051065,49999950,350,0.00001
505.5188701,537.7558386,49999950,350,0.00001
505.1572345,525.9165578,49999950,350,0.00001
485.6405276,500.8584584,49999950,350,0.00001
499.6235124,527.3904618,49999950,350,0.00001
517.9789652,483.3503829,49999950,350,0.00001
512.1915153,489.461588,49999950,350,0.00001
445.4290088,449.1162638,49999950,350,0.00001
508.4279774,515.8059042,49999950,350,0.00001
479.3906095,433.5685024,49999950,350,0.00001
508.0298512,499.4924923,49999950,350,0.00001
462.3383776,518.4330561,49999950,350,0.00001
492.6874999,534.6622104,49999950,350,0.00001
507.3954857,508.5784667,49999950,350,0.00001
499.3663609,491.8556165,49999950,350,0.00001
504.9552768,488.9867064,49999950,350,0.00001
470.3069099,432.337256,49999950,350,0.00001
517.1851199,522.3089246,49999950,350,0.00001
561.0504181,585.248953,49999950,350,0.00001
485.3873776,487.2188417,50000000,500,0.00001
479.1751629,480.7986099,50000000,500,0.00001
443.7527202,444.7258741,50000000,500,0.00001
524.5608129,485.2007901,50000000,500,0.00001
522.2123423,566.2972465,50000000,500,0.00001
490.6450119,513.8691151,50000000,500,0.00001
467.6788066,431.298779,50000000,500,0.00001
515.1281476,543.7834908,50000000,500,0.00001
515.3208806,563.6454898,50000000,500,0.00001
494.1930829,469.5242253,50000000,500,0.00001
466.5386605,456.5708885,50000000,500,0.00001
476.4064088,466.1869611,50000000,500,0.00001
487.6712542,448.9818666,50000000,500,0.00001
455.6922559,468.3552392,50000000,500,0.00001
491.1724517,492.0004807,50000000,500,0.00001
493.4081182,486.862177,50000000,500,0.00001
495.1193049,433.2040021,50000000,500,0.00001
503.0199159,499.1089881,50000000,500,0.00001
517.5277602,504.9015952,50000000,500,0.00001
474.0538257,490.2745862,50000000,500,0.00001
500.9940052,492.2690474,50000000,500,0.00001
470.5558035,456.2367635,50000000,500,0.00001
536.7815242,516.3063176,50000000,500,0.00001
513.2183339,493.0394177,50000000,500,0.00001
501.4291876,539.9180424,50000000,500,0.00001
514.2410059,487.3825904,50000000,500,0.00001
512.7307765,508.4818403,50000000,500,0.00001
471.6318816,442.2233852,50000000,500,0.00001
476.4917087,507.1492853,50000000,500,0.00001
478.6224784,493.1890562,50000000,500,0.00001
520.047915,509.0073608,50000000,500,0.00001
514.9741501,477.5218421,50000000,500,0.00001
498.967964,504.2532841,50000000,500,0.00001
508.3106289,526.9544781,50000000,500,0.00001
548.2100758,531.2013158,50000000,500,0.00001
531.8763818,526.940436,50000000,500,0.00001
510.8660775,564.0887538,50000000,500,0.00001
501.5840123,436.1460784,50000000,500,0.00001
506.4391405,539.9288705,50000000,500,0.00001
521.0316649,532.2618166,50000000,500,0.00001
478.9879292,523.4944011,50000000,500,0.00001
514.5562673,519.0981788,50000000,500,0.00001
467.7276226,514.8505579,50000000,500,0.00001
534.2995231,536.1377136,50000000,500,0.00001
508.0697513,510.793896,50000000,500,0.00001
510.7295345,499.8561771,50000000,500,0.00001
535.4225165,593.8438534,50000000,500,0.00001
501.6386129,528.1235871,50000000,500,0.00001
504.7775726,478.0532217,50000000,500,0.00001
502.3798521,493.1771641,50000000,500,0.00001
503.2417088,466.321023,50000000,500,0.00001
483.4168858,412.7295729,50000000,500,0.00001
491.8970711,507.4493319,50000000,500,0.00001
477.0518837,511.9165745,50000000,500,0.00001
488.7869735,467.187901,50000000,500,0.00001
525.0190986,515.2878342,50000000,500,0.00001
499.7278734,507.3015585,50000000,500,0.00001
452.5830206,420.9095816,50000000,500,0.00001
538.6522786,592.4524363,50000000,500,0.00001
483.9494362,478.9498277,50000000,500,0.00001
463.3104294,474.4477808,50000000,500,0.00001
548.5842159,568.0654173,50000000,500,0.00001
514.9952946,594.6636264,50000000,500,0.00001
487.882851,460.8006359,50000000,500,0.00001
488.6370386,484.6578204,50000000,500,0.00001
511.7531107,494.636594,50000000,500,0.00001
497.3803258,443.4666671,50000000,500,0.00001
485.9209852,454.3495032,50000000,500,0.00001
482.0174603,428.9719616,50000000,500,0.00001
505.5254219,506.3311811,50000000,500,0.00001
473.2567075,461.4393235,50000000,500,0.00001
490.1538921,446.582409,50000000,500,0.00001
535.7445841,567.7924304,50000000,500,0.00001
464.33833,475.0769344,50000000,500,0.00001
551.0485725,574.0066902,50000000,500,0.00001
492.3465757,485.7518304,50000000,500,0.00001
489.5722098,454.2604778,50000000,500,0.00001
503.6580685,421.4065035,50000000,500,0.00001
512.7141406,548.7349965,50000000,500,0.00001
513.5301767,564.0425491,50000000,500,0.00001
516.6742338,502.4847727,50000000,500,0.00001
482.9158723,518.0280804,50000000,500,0.00001
497.5603668,482.0104076,50000000,500,0.00001
490.4951357,439.2135803,50000000,500,0.00001
518.6944599,465.8174947,50000000,500,0.00001
495.9122024,530.1552893,50000000,500,0.00001
517.2911669,524.0385237,50000000,500,0.00001
499.6661181,527.2562924,50000000,500,0.00001
509.8300687,622.5853707,50000000,500,0.00001
470.7681299,506.7052488,50000000,500,0.00001
492.2734618,482.411525,50000000,500,0.00001
463.6522833,552.5938337,50000000,500,0.00001
505.1492979,559.9689672,50000000,500,0.00001
497.1675984,488.5914053,50000000,500,0.00001
493.4963026,461.2188391,50000000,500,0.00001
471.3290364,454.7648111,50000000,500,0.00001
541.9622601,521.5760459,50000000,500,0.00001
458.7306535,430.3894174,50000000,500,0.00001
472.1801979,513.2363824,50000000,500,0.00001
511.9420462,499.3928223,50000000,500,0.00001
2434.85403,3330.179166,50000000,10,0.00005
2426.708656,2173.492937,50000000,10,0.00005
2495.64993,1881.4218,50000000,10,0.00005
2530.025403,8147.216293,50000000,10,0.00005
2480.310765,1278.296169,50000000,10,0.00005
2511.233139,3889.291047,50000000,10,0.00005
2574.830732,1469.124115,50000000,10,0.00005
2468.593338,1231.333115,50000000,10,0.00005
2482.281783,1468.085681,50000000,10,0.00005
2406.579221,1107.367332,50000000,10,0.00005
2525.093142,2247.45921,50000000,10,0.00005
2453.834534,3238.956846,50000000,10,0.00005
2504.787343,3550.845661,50000000,10,0.00005
2510.220293,4075.823918,50000000,10,0.00005
2462.760422,3424.50519,50000000,10,0.00005
2564.407886,751.6011753,50000000,10,0.00005
2503.820121,2176.399694,50000000,10,0.00005
2637.105931,1811.344216,50000000,10,0.00005
2512.695221,4374.656528,50000000,10,0.00005
2508.74968,5221.481679,50000000,10,0.00005
2568.04739,2024.756799,50000000,10,0.00005
2557.139328,3120.334381,50000000,10,0.00005
2576.740966,3279.287615,50000000,10,0.00005
2567.329565,1832.866619,50000000,10,0.00005
2441.197603,1645.406086,50000000,10,0.00005
2558.314136,2733.753334,50000000,10,0.00005
2500.355034,3038.548812,50000000,10,0.00005
2580.964986,2005.344269,50000000,10,0.00005
2514.117597,3220.472498,50000000,10,0.00005
2436.285243,3259.459687,50000000,10,0.00005
2563.082333,2018.660938,50000000,10,0.00005
2468.557329,2144.554915,50000000,10,0.00005
2516.113076,2657.525222,50000000,10,0.00005
2601.638208,5620.211092,50000000,10,0.00005
2682.553079,4304.161523,50000000,10,0.00005
2473.605087,2889.78026,50000000,10,0.00005
2517.587435,4901.101573,50000000,10,0.00005
2455.337962,3851.231781,50000000,10,0.00005
2493.99938,4344.966315,50000000,10,0.00005
2424.453448,2512.331631,50000000,10,0.00005
2503.773887,1176.891276,50000000,10,0.00005
2605.86031,2434.121541,50000000,10,0.00005
2388.221404,3503.141085,50000000,10,0.00005
2602.956055,2945.383135,50000000,10,0.00005
2469.372614,1746.312516,50000000,10,0.00005
2522.089572,3436.775169,50000000,10,0.00005
2559.990674,1995.849895,50000000,10,0.00005
2561.531009,1934.711028,50000000,10,0.00005
2519.411273,4563.077251,50000000,10,0.00005
2595.161682,3210.134473,50000000,10,0.00005
2450.953654,1887.813071,50000000,10,0.00005
2501.823237,1783.829306,50000000,10,0.00005
2502.189091,1044.360688,50000000,10,0.00005
2558.655469,2555.420375,50000000,10,0.00005
2422.227431,2240.215105,50000000,10,0.00005
2596.669434,2056.649513,50000000,10,0.00005
2495.696758,3319.81046,50000000,10,0.00005
2584.945142,1473.429165,50000000,10,0.00005
2406.96626,4031.788796,50000000,10,0.00005
2468.869539,1744.627963,50000000,10,0.00005
2513.371784,1958.240068,50000000,10,0.00005
2538.489224,2087.253906,50000000,10,0.00005
2507.078169,2562.032617,50000000,10,0.00005
2481.934664,2045.07499,50000000,10,0.00005
2485.046255,2550.507641,50000000,10,0.00005
2478.096923,5597.995433,50000000,10,0.00005
2516.511367,1225.895735,50000000,10,0.00005
2470.008891,2042.183084,50000000,10,0.00005
2488.447346,1506.355514,50000000,10,0.00005
2442.092997,4862.033032,50000000,10,0.00005
2519.466204,1631.765265,50000000,10,0.00005
2538.002091,2380.778878,50000000,10,0.00005
2547.276608,1416.63322,50000000,10,0.00005
2416.748915,3101.035241,50000000,10,0.00005
2438.058942,4117.681567,50000000,10,0.00005
2476.655868,2280.714304,50000000,10,0.00005
2462.639633,2450.761496,50000000,10,0.00005
2435.179947,4102.378174,50000000,10,0.00005
2519.289142,2467.088796,50000000,10,0.00005
2433.499717,2633.869893,50000000,10,0.00005
2421.679869,2482.334543,50000000,10,0.00005
2531.864435,3437.765592,50000000,10,0.00005
2489.123382,5520.700182,50000000,10,0.00005
2572.981598,4299.802448,50000000,10,0.00005
2444.885675,1287.862162,50000000,10,0.00005
2533.781691,1961.054836,50000000,10,0.00005
2519.59751,3777.598874,50000000,10,0.00005
2477.056302,3794.336427,50000000,10,0.00005
2569.314663,4166.661682,50000000,10,0.00005
2542.233,1636.985013,50000000,10,0.00005
2491.961983,4986.832438,50000000,10,0.00005
2420.04418,1303.76293,50000000,10,0.00005
2479.558046,1753.175904,50000000,10,0.00005
2460.518765,1610.170909,50000000,10,0.00005
2532.425128,1599.460021,50000000,10,0.00005
2573.313494,2275.060358,50000000,10,0.00005
2511.764072,1630.009799,50000000,10,0.00005
2479.63181,2081.273271,50000000,10,0.00005
2513.702286,2222.013862,50000000,10,0.00005
2477.465301,3218.477962,50000000,10,0.00005
2478.92546,1222.148778,50000000,20,0.00005
2413.689937,1891.228577,50000000,20,0.00005
2474.9001,4503.21782,50000000,20,0.00005
2444.183636,1785.674948,50000000,20,0.00005
2487.789185,2484.756743,50000000,20,0.00005
2602.806657,1728.031339,50000000,20,0.00005
2436.949625,2433.265445,50000000,20,0.00005
2553.090525,1931.417175,50000000,20,0.00005
2432.159669,1919.369605,50000000,20,0.00005
2572.892702,2189.697828,50000000,20,0.00005
2467.080854,2047.027413,50000000,20,0.00005
2629.259036,1452.508245,50000000,20,0.00005
2454.50584,2294.310311,50000000,20,0.00005
2499.473621,4126.855481,50000000,20,0.00005
2532.176635,3850.746233,50000000,20,0.00005
2514.552101,4530.576556,50000000,20,0.00005
2631.348378,2068.928738,50000000,20,0.00005
2469.010475,2374.290296,50000000,20,0.00005
2489.760064,1938.782658,50000000,20,0.00005
2459.522209,3010.953429,50000000,20,0.00005
2442.790962,3790.689535,50000000,20,0.00005
2532.927566,1539.555237,50000000,20,0.00005
2451.415509,1948.729702,50000000,20,0.00005
2459.222512,7196.688143,50000000,20,0.00005
2459.518069,2304.19527,50000000,20,0.00005
2524.557394,1802.604603,50000000,20,0.00005
2503.269137,1740.081182,50000000,20,0.00005
2550.109194,2667.914931,50000000,20,0.00005
2511.72759,1859.694922,50000000,20,0.00005
2538.545491,2329.167566,50000000,20,0.00005
2438.515356,2385.81229,50000000,20,0.00005
2459.788761,2175.297638,50000000,20,0.00005
2515.395764,2295.587242,50000000,20,0.00005
2451.688689,2170.99617,50000000,20,0.00005
2599.447107,4241.886957,50000000,20,0.00005
2496.135404,2578.873986,50000000,20,0.00005
2502.619334,2143.155965,50000000,20,0.00005
2525.9874,2602.069509,50000000,20,0.00005
2560.143216,1808.822035,50000000,20,0.00005
2463.951805,4017.8796,50000000,20,0.00005
2514.980818,4521.612836,50000000,20,0.00005
2595.740251,1894.638394,50000000,20,0.00005
2466.478902,2832.860869,50000000,20,0.00005
2511.739565,2624.200085,50000000,20,0.00005
2530.41288,5288.336003,50000000,20,0.00005
2546.645455,2567.275713,50000000,20,0.00005
2604.130053,2068.847587,50000000,20,0.00005
2434.103225,2689.963374,50000000,20,0.00005
2516.243971,3139.256504,50000000,20,0.00005
2453.160008,2752.941669,50000000,20,0.00005
2455.28347,3639.794427,50000000,20,0.00005
2556.116167,3193.107537,50000000,20,0.00005
2504.471958,3613.772203,50000000,20,0.00005
2470.505937,2584.631221,50000000,20,0.00005
2488.004971,2124.766102,50000000,20,0.00005
2622.699381,4189.880271,50000000,20,0.00005
2601.315164,2427.220766,50000000,20,0.00005
2514.621783,2350.932182,50000000,20,0.00005
2487.264024,1561.288146,50000000,20,0.00005
2424.505118,2715.271976,50000000,20,0.00005
2502.023848,2932.477153,50000000,20,0.00005
2539.352757,1850.311856,50000000,20,0.00005
2437.945966,1268.966544,50000000,20,0.00005
2521.858704,2731.758058,50000000,20,0.00005
2471.324202,1655.140702,50000000,20,0.00005
2449.10364,2029.66622,50000000,20,0.00005
2586.154942,2139.50581,50000000,20,0.00005
2472.541393,2281.275072,50000000,20,0.00005
2529.518204,1860.710132,50000000,20,0.00005
2459.88282,2781.248222,50000000,20,0.00005
2538.911813,3368.033228,50000000,20,0.00005
2448.497432,1988.739045,50000000,20,0.00005
2516.236972,2034.624166,50000000,20,0.00005
2546.445306,1315.264941,50000000,20,0.00005
2504.494566,1522.662311,50000000,20,0.00005
2511.223075,3995.841718,50000000,20,0.00005
2369.659344,1740.737374,50000000,20,0.00005
2555.148124,2523.9501,50000000,20,0.00005
2494.454357,2538.675141,50000000,20,0.00005
2362.17482,1647.535921,50000000,20,0.00005
2503.104876,1916.399013,50000000,20,0.00005
2482.300259,2760.804418,50000000,20,0.00005
2488.001838,2950.813347,50000000,20,0.00005
2399.57178,1903.803763,50000000,20,0.00005
2565.920989,1784.334191,50000000,20,0.00005
2563.197793,3320.452975,50000000,20,0.00005
2577.216895,2272.21927,50000000,20,0.00005
2591.928002,1900.756558,50000000,20,0.00005
2447.077123,2430.223734,50000000,20,0.00005
2473.28367,2017.340797,50000000,20,0.00005
2547.619555,1953.418327,50000000,20,0.00005
2511.820374,2943.59895,50000000,20,0.00005
2464.902233,1618.789262,50000000,20,0.00005
2451.629941,4592.990944,50000000,20,0.00005
2438.153198,2845.13331,50000000,20,0.00005
2527.437159,3959.175731,50000000,20,0.00005
2452.370015,2632.947176,50000000,20,0.00005
2483.30249,4329.851552,50000000,20,0.00005
2569.178098,2311.497784,50000000,20,0.00005
2537.861569,2397.674111,50000000,20,0.00005
2556.826586,2325.049785,49999980,30,0.00005
2481.783358,3753.675757,49999980,30,0.00005
2584.88015,3769.641978,49999980,30,0.00005
2561.927345,2549.278689,49999980,30,0.00005
2537.032642,2977.321317,49999980,30,0.00005
2552.500345,1838.035434,49999980,30,0.00005
2476.965246,2183.947042,49999980,30,0.00005
2513.577872,2445.829165,49999980,30,0.00005
2522.934728,4201.904056,49999980,30,0.00005
2400.990345,1605.160883,49999980,30,0.00005
2533.131093,2069.800582,49999980,30,0.00005
2476.646901,1559.562006,49999980,30,0.00005
2508.556922,3904.469181,49999980,30,0.00005
2557.503541,2470.319763,49999980,30,0.00005
2530.586583,2622.362154,49999980,30,0.00005
2528.195947,2963.128252,49999980,30,0.00005
2441.609745,2390.23233,49999980,30,0.00005
2462.950557,1778.243704,49999980,30,0.00005
2443.146646,2327.247466,49999980,30,0.00005
2537.760696,3893.359631,49999980,30,0.00005
2578.646353,2122.715776,49999980,30,0.00005
2624.410572,3680.437196,49999980,30,0.00005
2618.464914,3016.489602,49999980,30,0.00005
2515.729295,2954.772236,49999980,30,0.00005
2512.588082,2108.675598,49999980,30,0.00005
2512.249202,4398.963902,49999980,30,0.00005
2403.160747,2724.740526,49999980,30,0.00005
2483.842545,4000.910421,49999980,30,0.00005
2447.311696,2443.679387,49999980,30,0.00005
2525.487171,2236.92322,49999980,30,0.00005
2493.65203,2730.719533,49999980,30,0.00005
2576.405407,2059.880757,49999980,30,0.00005
2447.10971,3193.620293,49999980,30,0.00005
2505.611941,3073.120653,49999980,30,0.00005
2436.794328,4897.262786,49999980,30,0.00005
2414.389035,2367.740806,49999980,30,0.00005
2492.164062,2737.794717,49999980,30,0.00005
2444.014867,2806.624711,49999980,30,0.00005
2556.872028,2173.132231,49999980,30,0.00005
2472.116831,2369.489692,49999980,30,0.00005
2562.029064,1299.622412,49999980,30,0.00005
2531.345235,2245.828377,49999980,30,0.00005
2481.901642,1736.515861,49999980,30,0.00005
2434.735718,1642.32901,49999980,30,0.00005
2503.547939,2416.586028,49999980,30,0.00005
2437.373342,2865.016421,49999980,30,0.00005
2516.212689,4302.872925,49999980,30,0.00005
2458.49387,1736.161929,49999980,30,0.00005
2470.667011,2887.261787,49999980,30,0.00005
2473.61102,2781.396307,49999980,30,0.00005
2524.23716,2465.214547,49999980,30,0.00005
2465.847751,1982.494546,49999980,30,0.00005
2473.441224,2352.343227,49999980,30,0.00005
2512.980681,2342.51254,49999980,30,0.00005
2517.789651,2416.058002,49999980,30,0.00005
2385.036925,2213.14404,49999980,30,0.00005
2562.94618,2854.960347,49999980,30,0.00005
2525.357362,2528.570992,49999980,30,0.00005
2478.298316,3014.359267,49999980,30,0.00005
2476.060287,2567.447881,49999980,30,0.00005
2492.328833,1730.19757,49999980,30,0.00005
2547.850269,2034.455563,49999980,30,0.00005
2476.918127,1627.111023,49999980,30,0.00005
2515.695728,1753.035161,49999980,30,0.00005
2431.47748,4464.791361,49999980,30,0.00005
2532.356037,1558.708765,49999980,30,0.00005
2588.05339,4218.738664,49999980,30,0.00005
2430.022677,2697.027603,49999980,30,0.00005
2499.06158,2113.501089,49999980,30,0.00005
2445.832495,2024.94716,49999980,30,0.00005
2464.619766,2083.388097,49999980,30,0.00005
2555.384538,2072.959266,49999980,30,0.00005
2430.516713,4153.696325,49999980,30,0.00005
2384.168871,2445.1015,49999980,30,0.00005
2534.413828,2927.73215,49999980,30,0.00005
2498.460575,2380.717211,49999980,30,0.00005
2487.858959,1807.351038,49999980,30,0.00005
2432.761067,1548.52182,49999980,30,0.00005
2481.425391,3560.393899,49999980,30,0.00005
2447.428089,2579.947967,49999980,30,0.00005
2506.47651,2790.564057,49999980,30,0.00005
2444.895216,1959.304908,49999980,30,0.00005
2490.048822,1634.670885,49999980,30,0.00005
2441.965355,2697.751109,49999980,30,0.00005
2583.748925,2913.681405,49999980,30,0.00005
2506.969595,2353.152733,49999980,30,0.00005
2388.537541,1844.057366,49999980,30,0.00005
2518.05929,2611.335019,49999980,30,0.00005
2564.277235,2619.83389,49999980,30,0.00005
2526.246256,2506.798859,49999980,30,0.00005
2486.740392,3454.833889,49999980,30,0.00005
2576.983959,3224.209671,49999980,30,0.00005
2463.217821,2243.690084,49999980,30,0.00005
2500.827635,2882.333672,49999980,30,0.00005
2502.671947,2637.318299,49999980,30,0.00005
2542.817264,3036.677308,49999980,30,0.00005
2434.297086,2115.985314,49999980,30,0.00005
2420.245486,4782.823003,49999980,30,0.00005
2497.901825,2165.337204,49999980,30,0.00005
2487.985414,1755.90294,49999980,30,0.00005
2393.521076,2118.623892,50000000,40,0.00005
2545.061695,3419.073195,50000000,40,0.00005
2476.574053,3094.86905,50000000,40,0.00005
2554.351843,3242.7179,50000000,40,0.00005
2553.812837,2014.967749,50000000,40,0.00005
2454.560141,3090.486861,50000000,40,0.00005
2417.544659,1768.927736,50000000,40,0.00005
2466.569068,2224.635741,50000000,40,0.00005
2564.55443,3050.78328,50000000,40,0.00005
2467.633066,2854.4863,50000000,40,0.00005
2502.223712,2593.644888,50000000,40,0.00005
2358.284698,1671.614931,50000000,40,0.00005
2394.946224,2676.940096,50000000,40,0.00005
2461.615323,2136.686657,50000000,40,0.00005
2578.075468,3972.381174,50000000,40,0.00005
2573.589617,2441.34593,50000000,40,0.00005
2519.497043,2136.697465,50000000,40,0.00005
2442.543432,2191.120682,50000000,40,0.00005
2527.788369,2524.417309,50000000,40,0.00005
2470.53935,2998.206948,50000000,40,0.00005
2495.116044,2096.980048,50000000,40,0.00005
2436.174271,1951.214386,50000000,40,0.00005
2504.204663,2630.265695,50000000,40,0.00005
2563.090621,2064.213313,50000000,40,0.00005
2498.649105,2768.702434,50000000,40,0.00005
2547.855005,2444.463331,50000000,40,0.00005
2456.769869,2196.883093,50000000,40,0.00005
2498.134641,1773.0849,50000000,40,0.00005
2571.370872,2141.583458,50000000,40,0.00005
2420.139986,2514.230634,50000000,40,0.00005
2430.110242,1709.681944,50000000,40,0.00005
2440.305927,3922.134136,50000000,40,0.00005
2499.620931,3386.073671,50000000,40,0.00005
2516.417482,2366.662273,50000000,40,0.00005
2447.193775,3193.732285,50000000,40,0.00005
2585.04904,3071.259905,50000000,40,0.00005
2533.07808,2953.542691,50000000,40,0.00005
2540.621716,2109.76558,50000000,40,0.00005
2554.271541,1615.798316,50000000,40,0.00005
2472.584016,1916.089218,50000000,40,0.00005
2577.537607,2807.760717,50000000,40,0.00005
2453.32019,2771.320629,50000000,40,0.00005
2499.158036,3233.131917,50000000,40,0.00005
2541.26617,2380.112266,50000000,40,0.00005
2548.07985,2692.161473,50000000,40,0.00005
2454.762472,1903.971992,50000000,40,0.00005
2526.906934,3137.647202,50000000,40,0.00005
2540.607737,3443.291016,50000000,40,0.00005
2393.774145,2925.27483,50000000,40,0.00005
2553.515952,2834.943231,50000000,40,0.00005
2551.106343,3312.564566,50000000,40,0.00005
2449.27923,2054.431055,50000000,40,0.00005
2505.452855,2822.679895,50000000,40,0.00005
2468.404273,2478.367484,50000000,40,0.00005
2616.441047,1932.371657,50000000,40,0.00005
2497.725569,2170.290328,50000000,40,0.00005
2504.801265,3007.624517,50000000,40,0.00005
2483.345026,2120.605538,50000000,40,0.00005
2480.901923,2762.280893,50000000,40,0.00005
2495.859656,3304.017206,50000000,40,0.00005
2545.082012,1553.852094,50000000,40,0.00005
2598.558861,1619.527608,50000000,40,0.00005
2456.288098,1982.509252,50000000,40,0.00005
2498.026448,2103.625903,50000000,40,0.00005
2534.534421,1925.531242,50000000,40,0.00005
2541.883779,2792.274436,50000000,40,0.00005
2521.267879,3928.503919,50000000,40,0.00005
2560.238815,2769.398433,50000000,40,0.00005
2472.402414,2422.468954,50000000,40,0.00005
2613.374458,2614.832998,50000000,40,0.00005
2378.730544,3061.761117,50000000,40,0.00005
2573.839533,1914.041544,50000000,40,0.00005
2484.113376,2216.980657,50000000,40,0.00005
2535.769191,1825.090397,50000000,40,0.00005
2479.711612,2378.768142,50000000,40,0.00005
2488.717583,2542.663203,50000000,40,0.00005
2435.604799,2941.694607,50000000,40,0.00005
2522.885366,2833.926992,50000000,40,0.00005
2527.192336,2637.3453,50000000,40,0.00005
2407.76025,3460.771113,50000000,40,0.00005
2530.119879,3249.689469,50000000,40,0.00005
2446.512028,1840.506038,50000000,40,0.00005
2496.869071,2024.000654,50000000,40,0.00005
2445.621362,1968.42582,50000000,40,0.00005
2436.620435,3099.803246,50000000,40,0.00005
2541.177141,3790.459922,50000000,40,0.00005
2535.833132,3921.459889,50000000,40,0.00005
2559.744426,1807.929102,50000000,40,0.00005
2464.43259,2390.325175,50000000,40,0.00005
2526.5741,2044.947337,50000000,40,0.00005
2521.148476,2384.207851,50000000,40,0.00005
2452.673909,2598.530048,50000000,40,0.00005
2458.676564,1907.727733,50000000,40,0.00005
2578.993449,2899.414044,50000000,40,0.00005
2596.219989,2624.70352,50000000,40,0.00005
2531.52527,2594.488373,50000000,40,0.00005
2550.536542,2833.375925,50000000,40,0.00005
2561.670571,2106.383211,50000000,40,0.00005
2539.228653,2196.256326,50000000,40,0.00005
2432.302661,3829.968044,50000000,40,0.00005
2509.195479,2717.136372,50000000,50,0.00005
2516.459256,4321.486665,50000000,50,0.00005
2458.737669,1735.995494,50000000,50,0.00005
2479.525299,2074.939074,50000000,50,0.00005
2473.846775,2267.468381,50000000,50,0.00005
2512.895327,3745.068631,50000000,50,0.00005
2453.03294,2112.973157,50000000,50,0.00005
2487.880167,2033.224782,50000000,50,0.00005
2544.355089,1839.15985,50000000,50,0.00005
2542.424903,3105.669566,50000000,50,0.00005
2454.007643,1874.813148,50000000,50,0.00005
2490.587097,2341.71809,50000000,50,0.00005
2499.387632,2504.412489,50000000,50,0.00005
2484.455389,1893.615944,50000000,50,0.00005
2463.290784,2299.039577,50000000,50,0.00005
2410.485735,2128.032116,50000000,50,0.00005
2491.503172,2736.571567,50000000,50,0.00005
2668.813155,2073.365978,50000000,50,0.00005
2448.242831,2741.684103,50000000,50,0.00005
2425.631931,2201.771565,50000000,50,0.00005
2491.343076,1871.448092,50000000,50,0.00005
2500.77079,1822.949589,50000000,50,0.00005
2565.809294,2823.667833,50000000,50,0.00005
2551.107174,2267.616053,50000000,50,0.00005
2518.411511,1959.658474,50000000,50,0.00005
2487.647481,2515.288273,50000000,50,0.00005
2482.451319,3017.152555,50000000,50,0.00005
2456.250619,3366.754061,50000000,50,0.00005
2525.533029,2031.504144,50000000,50,0.00005
2509.397562,2669.980371,50000000,50,0.00005
2518.551808,3055.899584,50000000,50,0.00005
2478.177939,2419.471184,50000000,50,0.00005
2505.088465,2465.919758,50000000,50,0.00005
2529.822455,2830.811894,50000000,50,0.00005
2450.619769,3953.18624,50000000,50,0.00005
2571.351447,4334.687781,50000000,50,0.00005
2530.674006,2596.943874,50000000,50,0.00005
2487.887823,2727.899087,50000000,50,0.00005
2445.746117,2498.41117,50000000,50,0.00005
2482.941513,2903.821848,50000000,50,0.00005
2378.11311,2721.191583,50000000,50,0.00005
2478.956093,1803.692608,50000000,50,0.00005
2458.668863,2213.997926,50000000,50,0.00005
2451.222925,2680.206474,50000000,50,0.00005
2627.685276,3015.019159,50000000,50,0.00005
2536.080702,3103.332536,50000000,50,0.00005
2493.142616,2866.24981,50000000,50,0.00005
2496.521227,2843.794402,50000000,50,0.00005
2486.894565,2233.792335,50000000,50,0.00005
2447.502443,2879.474119,50000000,50,0.00005
2603.591913,2351.146928,50000000,50,0.00005
2476.611482,2066.181743,50000000,50,0.00005
2478.830121,1855.773865,50000000,50,0.00005
2530.698297,3073.509146,50000000,50,0.00005
2555.980614,2996.74742,50000000,50,0.00005
2489.961262,3444.440553,50000000,50,0.00005
2436.808778,2066.086678,50000000,50,0.00005
2492.161171,2534.504999,50000000,50,0.00005
2363.870271,2199.682597,50000000,50,0.00005
2556.558993,2734.508013,50000000,50,0.00005
2428.844977,1459.172131,50000000,50,0.00005
2530.627594,2004.201899,50000000,50,0.00005
2511.906327,1878.119257,50000000,50,0.00005
2459.520195,1894.432394,50000000,50,0.00005
2507.102091,2556.056454,50000000,50,0.00005
2479.74275,3023.522493,50000000,50,0.00005
2562.192329,2040.589863,50000000,50,0.00005
2537.924847,3090.426947,50000000,50,0.00005
2490.735182,2446.990967,50000000,50,0.00005
2501.550965,2734.848592,50000000,50,0.00005
2464.244798,2950.810133,50000000,50,0.00005
2428.29528,1938.970828,50000000,50,0.00005
2439.289844,2024.868807,50000000,50,0.00005
2485.006787,2615.342456,50000000,50,0.00005
2557.518589,2797.53118,50000000,50,0.00005
2559.194946,2252.503145,50000000,50,0.00005
2461.043118,4204.609663,50000000,50,0.00005
2467.904595,1705.216599,50000000,50,0.00005
2614.107304,1884.291244,50000000,50,0.00005
2495.552294,1853.608913,50000000,50,0.00005
2485.486216,2580.096309,50000000,50,0.00005
2417.407021,3226.922779,50000000,50,0.00005
2531.55726,1668.006555,50000000,50,0.00005
2516.251552,1661.924634,50000000,50,0.00005
2462.20153,2919.859914,50000000,50,0.00005
2426.849861,2731.769652,50000000,50,0.00005
2556.877877,2008.355927,50000000,50,0.00005
2467.917292,2257.368386,50000000,50,0.00005
2443.320067,1958.265903,50000000,50,0.00005
2490.883615,2689.276267,50000000,50,0.00005
2507.04684,2715.810563,50000000,50,0.00005
2461.572254,3124.257619,50000000,50,0.00005
2422.714106,1647.102138,50000000,50,0.00005
2441.109525,2350.873842,50000000,50,0.00005
2419.719353,2468.235325,50000000,50,0.00005
2551.157669,1773.83573,50000000,50,0.00005
2519.23594,2716.073304,50000000,50,0.00005
2460.236624,4361.36548,50000000,50,0.00005
2508.169563,2070.843796,50000000,50,0.00005
2519.752255,2111.030998,50000000,50,0.00005
2493.893308,3212.839677,49999950,70,0.00005
2380.019147,2182.88124,49999950,70,0.00005
2516.422567,2103.535774,49999950,70,0.00005
2516.668427,2304.123699,49999950,70,0.00005
2505.996763,1866.451938,49999950,70,0.00005
2489.405632,1958.785541,49999950,70,0.00005
2555.411807,2582.589312,49999950,70,0.00005
2528.549226,4445.920242,49999950,70,0.00005
2512.906952,1912.9565,49999950,70,0.00005
2394.682022,2356.061246,49999950,70,0.00005
2426.747641,2696.303425,49999950,70,0.00005
2422.026936,1766.896135,49999950,70,0.00005
2458.361679,2315.444323,49999950,70,0.00005
2566.799866,2785.828518,49999950,70,0.00005
2462.943436,2106.683794,49999950,70,0.00005
2567.407642,2541.994763,49999950,70,0.00005
2445.184103,2934.367602,49999950,70,0.00005
2441.241569,1877.719108,49999950,70,0.00005
2395.690842,1716.722169,49999950,70,0.00005
2463.436658,2362.718103,49999950,70,0.00005
2426.198703,2227.179503,49999950,70,0.00005
2423.14116,2235.264896,49999950,70,0.00005
2478.447708,2677.92389,49999950,70,0.00005
2444.314551,2390.317318,49999950,70,0.00005
2494.364694,3316.156329,49999950,70,0.00005
2463.52356,2205.834236,49999950,70,0.00005
2548.739348,2485.452873,49999950,70,0.00005
2557.784755,3202.004287,49999950,70,0.00005
2493.650159,2690.629817,49999950,70,0.00005
2518.654233,2693.331782,49999950,70,0.00005
2552.67573,2507.908707,49999950,70,0.00005
2562.333789,2209.270574,49999950,70,0.00005
2460.067796,2322.220445,49999950,70,0.00005
2419.25648,1873.26748,49999950,70,0.00005
2525.607854,2005.331321,49999950,70,0.00005
2649.801401,2616.709961,49999950,70,0.00005
2411.436478,3095.976024,49999950,70,0.00005
2460.367813,2044.483601,49999950,70,0.00005
2410.702703,1922.056478,49999950,70,0.00005
2526.542582,2243.675916,49999950,70,0.00005
2425.518824,2336.470171,49999950,70,0.00005
2526.321038,2432.665817,49999950,70,0.00005
2555.753212,3698.766782,49999950,70,0.00005
2459.883917,2501.246688,49999950,70,0.00005
2441.088969,2789.865593,49999950,70,0.00005
2531.630006,2370.477353,49999950,70,0.00005
2528.779065,1802.647327,49999950,70,0.00005
2467.671243,2216.34035,49999950,70,0.00005
2539.02561,2241.660547,49999950,70,0.00005
2478.596074,2993.797197,49999950,70,0.00005
2470.288848,2298.725742,49999950,70,0.00005
2463.220896,1889.697014,49999950,70,0.00005
2609.026666,3374.711879,49999950,70,0.00005
2514.633297,2133.272548,49999950,70,0.00005
2504.687907,2648.034033,49999950,70,0.00005
2494.637706,2033.108568,49999950,70,0.00005
2433.213062,1801.896141,49999950,70,0.00005
2481.364877,2217.032952,49999950,70,0.00005
2502.365147,3087.136324,49999950,70,0.00005
2531.944541,2380.545671,49999950,70,0.00005
2614.087805,2531.989334,49999950,70,0.00005
2424.538556,2558.995648,49999950,70,0.00005
2518.831072,2497.200001,49999950,70,0.00005
2490.619375,2583.774579,49999950,70,0.00005
2474.825223,2416.058708,49999950,70,0.00005
2364.24351,2395.30264,49999950,70,0.00005
2439.334509,2573.526645,49999950,70,0.00005
2544.586755,2079.45744,49999950,70,0.00005
2501.272106,2039.351,49999950,70,0.00005
2496.878942,1794.811056,49999950,70,0.00005
2458.920845,2273.869194,49999950,70,0.00005
2452.038523,2584.51733,49999950,70,0.00005
2515.702199,2861.873835,49999950,70,0.00005
2515.86342,1926.103473,49999950,70,0.00005
2497.698641,2242.581193,49999950,70,0.00005
2574.424752,2787.996354,49999950,70,0.00005
2505.435597,2555.145414,49999950,70,0.00005
2541.878703,2616.726798,49999950,70,0.00005
2500.984065,2291.641882,49999950,70,0.00005
2493.744616,2152.430515,49999950,70,0.00005
2544.162578,3804.001458,49999950,70,0.00005
2456.138163,2842.815773,49999950,70,0.00005
2442.893318,2357.295758,49999950,70,0.00005
2443.809959,2239.900573,49999950,70,0.00005
2450.294025,2510.971394,49999950,70,0.00005
2559.141755,2136.560469,49999950,70,0.00005
2539.765483,2736.318806,49999950,70,0.00005
2497.823854,1760.388462,49999950,70,0.00005
2570.349376,2303.598474,49999950,70,0.00005
2531.661035,2437.436836,49999950,70,0.00005
2464.61307,2479.434507,49999950,70,0.00005
2502.875076,2048.900583,49999950,70,0.00005
2493.63808,2438.459078,49999950,70,0.00005
2454.988766,2588.278963,49999950,70,0.00005
2567.457748,3293.489993,49999950,70,0.00005
2503.013158,2225.32546,49999950,70,0.00005
2477.904481,2198.858871,49999950,70,0.00005
2563.085332,2708.01235,49999950,70,0.00005
2486.075074,2787.558177,49999950,70,0.00005
2494.054235,2549.384389,49999950,70,0.00005
2519.263358,2544.496127,50000000,100,0.00005
2576.587115,3022.490446,50000000,100,0.00005
2444.200424,2101.749938,50000000,100,0.00005
2524.217691,2357.699663,50000000,100,0.00005
2583.866781,2632.648969,50000000,100,0.00005
2536.358816,2485.797128,50000000,100,0.00005
2434.091176,2711.527158,50000000,100,0.00005
2537.947542,2379.641371,50000000,100,0.00005
2520.681227,2148.430255,50000000,100,0.00005
2495.76141,2487.819978,50000000,100,0.00005
2520.912691,2169.102534,50000000,100,0.00005
2461.178609,2131.514451,50000000,100,0.00005
2454.692722,2732.350665,50000000,100,0.00005
2504.429683,3004.894259,50000000,100,0.00005
2482.09701,2864.898041,50000000,100,0.00005
2662.081869,2266.015113,50000000,100,0.00005
2511.894046,3226.915134,50000000,100,0.00005
2488.971436,2134.276155,50000000,100,0.00005
2546.772285,2839.020892,50000000,100,0.00005
2544.389558,2398.879457,50000000,100,0.00005
2508.44588,2285.680797,50000000,100,0.00005
2520.337651,2409.92008,50000000,100,0.00005
2436.693282,1980.916647,50000000,100,0.00005
2486.998367,2131.797943,50000000,100,0.00005
2541.425254,2001.789922,50000000,100,0.00005
2534.788961,2550.405916,50000000,100,0.00005
2499.129989,2249.302024,50000000,100,0.00005
2379.7467,2901.956677,50000000,100,0.00005
2460.805382,2985.107676,50000000,100,0.00005
2527.850575,2508.93694,50000000,100,0.00005
2450.086513,2149.678126,50000000,100,0.00005
2515.040941,2101.172573,50000000,100,0.00005
2485.719094,1887.348971,50000000,100,0.00005
2523.853904,2415.931286,50000000,100,0.00005
2542.854451,3041.411501,50000000,100,0.00005
2503.417027,2592.844742,50000000,100,0.00005
2428.969975,2183.865969,50000000,100,0.00005
2459.658944,3112.355767,50000000,100,0.00005
2419.28726,3542.021959,50000000,100,0.00005
2534.455307,2118.74798,50000000,100,0.00005
2522.574509,2570.690673,50000000,100,0.00005
2529.862818,2392.352257,50000000,100,0.00005
2469.417794,2565.930153,50000000,100,0.00005
2535.191519,2265.639477,50000000,100,0.00005
2558.263347,2434.04318,50000000,100,0.00005
2427.012087,3179.121057,50000000,100,0.00005
2447.295398,3131.045121,50000000,100,0.00005
2452.288743,1888.024806,50000000,100,0.00005
2525.512564,2693.055555,50000000,100,0.00005
2470.990359,2021.533066,50000000,100,0.00005
2561.61519,2622.23636,50000000,100,0.00005
2526.306837,2607.909242,50000000,100,0.00005
2541.140312,2589.043085,50000000,100,0.00005
2502.957933,2143.175466,50000000,100,0.00005
2474.167886,2208.197165,50000000,100,0.00005
2520.773028,2574.599274,50000000,100,0.00005
2479.385994,2068.21121,50000000,100,0.00005
2411.15848,2578.545339,50000000,100,0.00005
2520.244365,2868.406251,50000000,100,0.00005
2485.367851,2974.066723,50000000,100,0.00005
2451.054199,3026.754918,50000000,100,0.00005
2501.61689,2007.664603,50000000,100,0.00005
2519.328389,2432.385059,50000000,100,0.00005
2515.01322,2898.821763,50000000,100,0.00005
2545.742832,3045.726389,50000000,100,0.00005
2408.179512,2155.858859,50000000,100,0.00005
2561.994021,2652.270308,50000000,100,0.00005
2597.865353,2697.637217,50000000,100,0.00005
2522.206098,1798.673059,50000000,100,0.00005
2504.982644,2473.613942,50000000,100,0.00005
2466.65544,2492.026654,50000000,100,0.00005
2545.4457,2511.242074,50000000,100,0.00005
2539.361368,3248.235876,50000000,100,0.00005
2487.838034,3310.129951,50000000,100,0.00005
2452.190378,1844.724051,50000000,100,0.00005
2557.383189,2533.852191,50000000,100,0.00005
2484.341657,2313.276937,50000000,100,0.00005
2544.157451,2911.126701,50000000,100,0.00005
2493.795551,1956.098748,50000000,100,0.00005
2594.993625,2389.365014,50000000,100,0.00005
2459.375465,2346.354507,50000000,100,0.00005
2480.54932,2438.684987,50000000,100,0.00005
2568.862925,2610.063146,50000000,100,0.00005
2460.517942,2003.797934,50000000,100,0.00005
2548.22431,2698.864498,50000000,100,0.00005
2452.60524,2222.916608,50000000,100,0.00005
2570.235046,2916.055081,50000000,100,0.00005
2535.245251,1967.439589,50000000,100,0.00005
2556.161663,2521.962084,50000000,100,0.00005
2516.346737,2012.139217,50000000,100,0.00005
2524.624149,2290.821573,50000000,100,0.00005
2471.420973,2777.636708,50000000,100,0.00005
2513.972416,1948.798881,50000000,100,0.00005
2469.694583,2833.786832,50000000,100,0.00005
2596.571617,2189.430795,50000000,100,0.00005
2629.182502,2523.873512,50000000,100,0.00005
2483.692617,3470.170609,50000000,100,0.00005
2493.940654,1883.417148,50000000,100,0.00005
2533.406643,2751.432134,50000000,100,0.00005
2629.793073,2342.132544,50000000,100,0.00005
2514.242201,2439.798676,49999880,140,0.00005
2505.393232,2803.58233,49999880,140,0.00005
2537.750227,3103.774531,49999880,140,0.00005
2461.293893,2453.066835,49999880,140,0.00005
2560.067099,2592.131034,49999880,140,0.00005
2487.575403,3154.160457,49999880,140,0.00005
2382.05425,2189.589455,49999880,140,0.00005
2474.677636,2261.843748,49999880,140,0.00005
2548.861016,2468.243028,49999880,140,0.00005
2533.093179,2149.216196,49999880,140,0.00005
2609.854893,2938.850067,49999880,140,0.00005
2511.132363,2132.575014,49999880,140,0.00005
2540.605942,2751.969247,49999880,140,0.00005
2476.880853,2140.451531,49999880,140,0.00005
2497.302852,2577.669533,49999880,140,0.00005
2544.184308,2360.392446,49999880,140,0.00005
2474.49758,2458.193853,49999880,140,0.00005
2595.808185,2658.301792,49999880,140,0.00005
2488.975352,3143.764242,49999880,140,0.00005
2509.39019,2710.786489,49999880,140,0.00005
2501.21464,2290.841402,49999880,140,0.00005
2613.905053,2517.767596,49999880,140,0.00005
2398.175594,2560.725639,49999880,140,0.00005
2451.740562,2456.907074,49999880,140,0.00005
2520.639671,2765.294947,49999880,140,0.00005
2479.743607,2623.765431,49999880,140,0.00005
2509.043267,3052.413945,49999880,140,0.00005
2482.687404,2527.273349,49999880,140,0.00005
2576.153033,2541.231528,49999880,140,0.00005
2554.087316,2481.834236,49999880,140,0.00005
2532.200349,2447.182693,49999880,140,0.00005
2464.065493,2629.268868,49999880,140,0.00005
2514.160666,2359.924519,49999880,140,0.00005
2546.730624,2700.179204,49999880,140,0.00005
2560.789656,2105.333484,49999880,140,0.00005
2629.336377,2755.53623,49999880,140,0.00005
2505.845991,3050.777526,49999880,140,0.00005
2486.133429,2646.640932,49999880,140,0.00005
2573.97639,2554.885841,49999880,140,0.00005
2624.875798,3014.601816,49999880,140,0.00005
2491.796194,2300.395118,49999880,140,0.00005
2527.234358,2876.81503,49999880,140,0.00005
2552.538925,3280.134601,49999880,140,0.00005
2404.567085,2444.452018,49999880,140,0.00005
2579.824152,2549.661233,49999880,140,0.00005
2503.512853,2205.94748,49999880,140,0.00005
2397.378808,2550.064979,49999880,140,0.00005
2481.564006,2685.871883,49999880,140,0.00005
2548.859886,3203.174614,49999880,140,0.00005
2537.110068,2292.428267,49999880,140,0.00005
2516.781585,2459.840282,49999880,140,0.00005
2492.06759,2958.86066,49999880,140,0.00005
2448.202824,2876.025424,49999880,140,0.00005
2496.239095,2596.655679,49999880,140,0.00005
2601.867691,1921.942858,49999880,140,0.00005
2502.378894,2250.292811,49999880,140,0.00005
2541.908476,2802.943189,49999880,140,0.00005
2625.702723,2740.313057,49999880,140,0.00005
2513.003875,2224.520952,49999880,140,0.00005
2502.457936,2442.923696,49999880,140,0.00005
2440.030616,2104.877329,49999880,140,0.00005
2597.495331,2222.026664,49999880,140,0.00005
2524.822791,3464.932551,49999880,140,0.00005
2486.458808,2885.404748,49999880,140,0.00005
2507.714421,2840.961912,49999880,140,0.00005
2467.65388,2824.268262,49999880,140,0.00005
2486.765949,2256.620989,49999880,140,0.00005
2503.827706,2043.020558,49999880,140,0.00005
2398.319815,2469.465557,49999880,140,0.00005
2483.020571,2404.478216,49999880,140,0.00005
2498.179029,2109.893695,49999880,140,0.00005
2469.37794,2723.96634,49999880,140,0.00005
2474.709154,2477.256768,49999880,140,0.00005
2455.937704,2732.042384,49999880,140,0.00005
2583.287774,2495.273407,49999880,140,0.00005
2488.870235,2278.339718,49999880,140,0.00005
2521.679607,2411.813116,49999880,140,0.00005
2546.822442,2444.940326,49999880,140,0.00005
2514.195656,2572.385237,49999880,140,0.00005
2451.307601,2563.772242,49999880,140,0.00005
2411.17148,2355.616658,49999880,140,0.00005
2478.789802,2558.602259,49999880,140,0.00005
2530.18247,2709.043691,49999880,140,0.00005
2548.462269,2277.716446,49999880,140,0.00005
2568.035333,2922.270255,49999880,140,0.00005
2397.02881,2247.55714,49999880,140,0.00005
2521.478696,2565.520273,49999880,140,0.00005
2440.177097,2243.338127,49999880,140,0.00005
2521.383299,3476.879773,49999880,140,0.00005
2496.56065,2274.303305,49999880,140,0.00005
2547.197329,3225.66799,49999880,140,0.00005
2522.864073,2558.413219,49999880,140,0.00005
2534.053789,2192.115719,49999880,140,0.00005
2528.681837,2306.788818,49999880,140,0.00005
2453.94917,2934.399156,49999880,140,0.00005
2545.435594,2097.593111,49999880,140,0.00005
2530.340051,2410.711066,49999880,140,0.00005
2445.254215,2584.519145,49999880,140,0.00005
2542.469745,1912.847288,49999880,140,0.00005
2516.475362,2259.981211,49999880,140,0.00005
2567.270358,2855.815709,49999950,210,0.00005
2516.715453,2375.566577,49999950,210,0.00005
2477.401626,2647.077861,49999950,210,0.00005
2493.707727,2572.468646,49999950,210,0.00005
2487.232788,2877.801611,49999950,210,0.00005
2481.342862,2275.201776,49999950,210,0.00005
2498.804775,2483.172932,49999950,210,0.00005
2546.222165,2724.107957,49999950,210,0.00005
2448.395934,2345.435146,49999950,210,0.00005
2434.076123,2231.999682,49999950,210,0.00005
2487.07602,2501.189975,49999950,210,0.00005
2477.551887,2514.51284,49999950,210,0.00005
2582.367842,2362.30918,49999950,210,0.00005
2566.676378,2935.318826,49999950,210,0.00005
2530.626952,2582.484323,49999950,210,0.00005
2591.948466,2406.396906,49999950,210,0.00005
2526.528117,2827.998078,49999950,210,0.00005
2467.129273,2547.695459,49999950,210,0.00005
2551.264598,2611.068881,49999950,210,0.00005
2577.085928,2199.716633,49999950,210,0.00005
2526.148311,2567.693454,49999950,210,0.00005
2526.673321,2358.398234,49999950,210,0.00005
2519.332194,2571.982147,49999950,210,0.00005
2445.538783,2705.415053,49999950,210,0.00005
2462.161395,2579.389649,49999950,210,0.00005
2505.998331,2395.691571,49999950,210,0.00005
2547.167863,2506.860491,49999950,210,0.00005
2494.928631,2367.602635,49999950,210,0.00005
2543.630034,2669.140994,49999950,210,0.00005
2540.818794,2638.354924,49999950,210,0.00005
2466.352808,2389.653236,49999950,210,0.00005
2443.565027,2318.677997,49999950,210,0.00005
2442.336743,2396.176573,49999950,210,0.00005
2542.005765,2276.151116,49999950,210,0.00005
2455.211908,2354.540933,49999950,210,0.00005
2502.75507,2666.258025,49999950,210,0.00005
2510.165622,2398.679188,49999950,210,0.00005
2526.413874,2495.930769,49999950,210,0.00005
2448.863661,2581.126038,49999950,210,0.00005
2539.455386,2441.167078,49999950,210,0.00005
2557.298323,2586.173041,49999950,210,0.00005
2463.804063,2362.751931,49999950,210,0.00005
2497.633068,2396.485121,49999950,210,0.00005
2484.465638,2262.571888,49999950,210,0.00005
2557.545048,2517.467668,49999950,210,0.00005
2482.464101,2444.696249,49999950,210,0.00005
2507.337316,2535.974244,49999950,210,0.00005
2510.772097,2646.199071,49999950,210,0.00005
2403.226109,2344.119007,49999950,210,0.00005
2417.343267,2556.373931,49999950,210,0.00005
2400.402809,2262.729694,49999950,210,0.00005
2568.868004,2516.600647,49999950,210,0.00005
2538.681188,2536.866162,49999950,210,0.00005
2600.985787,2462.580355,49999950,210,0.00005
2554.233511,2653.372039,49999950,210,0.00005
2424.393449,2246.990512,49999950,210,0.00005
2493.769671,2369.400004,49999950,210,0.00005
2503.790074,2488.954229,49999950,210,0.00005
2506.628012,2293.781425,49999950,210,0.00005
2450.904334,2463.423365,49999950,210,0.00005
2495.345484,2327.529016,49999950,210,0.00005
2480.421282,2470.833367,49999950,210,0.00005
2578.083564,2554.031087,49999950,210,0.00005
2497.172723,2334.280074,49999950,210,0.00005
2449.526905,2491.896937,49999950,210,0.00005
2475.341268,2008.896038,49999950,210,0.00005
2445.535819,2551.213739,49999950,210,0.00005
2579.83746,2662.872384,49999950,210,0.00005
2486.462311,2381.927822,49999950,210,0.00005
2493.901632,2345.246495,49999950,210,0.00005
2534.441179,2510.71539,49999950,210,0.00005
2504.618576,2076.06493,49999950,210,0.00005
2486.772956,2238.805746,49999950,210,0.00005
2512.207791,2642.597736,49999950,210,0.00005
2542.467621,2659.511225,49999950,210,0.00005
2523.756216,2419.367041,49999950,210,0.00005
2578.177757,2881.276158,49999950,210,0.00005
2567.895957,2771.002445,49999950,210,0.00005
2557.120596,2481.216251,49999950,210,0.00005
2462.861393,2055.350701,49999950,210,0.00005
2509.373644,2421.031793,49999950,210,0.00005
2520.089007,2704.583301,49999950,210,0.00005
2446.627341,2503.017372,49999950,210,0.00005
2464.640079,2320.094391,49999950,210,0.00005
2529.836754,2374.325672,49999950,210,0.00005
2522.869012,3062.370957,49999950,210,0.00005
2476.577159,2503.779317,49999950,210,0.00005
2450.479421,2165.752992,49999950,210,0.00005
2577.682064,2380.69213,49999950,210,0.00005
2529.012733,2487.061209,49999950,210,0.00005
2483.502201,2716.656708,49999950,210,0.00005
2505.373267,2717.594326,49999950,210,0.00005
2490.890129,2713.39624,49999950,210,0.00005
2549.780181,2607.034745,49999950,210,0.00005
2530.452568,2822.635305,49999950,210,0.00005
2488.104324,2837.098901,49999950,210,0.00005
2566.028536,2965.258065,49999950,210,0.00005
2457.826302,2797.788537,49999950,210,0.00005
2425.716941,2416.820651,49999950,210,0.00005
2509.623238,2985.432195,49999950,210,0.00005
2532.310559,2378.688714,49999950,350,0.00005
2504.277791,2436.272028,49999950,350,0.00005
2511.088777,2450.369054,49999950,350,0.00005
2588.747851,2637.791022,49999950,350,0.00005
2607.141432,2514.320083,49999950,350,0.00005
2500.849564,2778.446085,49999950,350,0.00005
2572.885555,2407.097095,49999950,350,0.00005
2533.939919,2421.373745,49999950,350,0.00005
2471.216113,2273.235747,49999950,350,0.00005
2457.31167,2308.66682,49999950,350,0.00005
2412.292022,2354.62566,49999950,350,0.00005
2440.122449,2368.804083,49999950,350,0.00005
2537.97215,2170.781412,49999950,350,0.00005
2566.937809,2481.983321,49999950,350,0.00005
2528.691805,2776.490674,49999950,350,0.00005
2461.996748,2162.457867,49999950,350,0.00005
2490.287897,2525.955868,49999950,350,0.00005
2546.664088,2858.860216,49999950,350,0.00005
2460.161845,2434.175313,49999950,350,0.00005
2528.066442,2558.203546,49999950,350,0.00005
2506.834858,2543.04166,49999950,350,0.00005
2607.556812,2712.420792,49999950,350,0.00005
2517.511956,2602.905313,49999950,350,0.00005
2578.893898,2170.829978,49999950,350,0.00005
2505.650001,2380.421499,49999950,350,0.00005
2469.898562,2340.460164,49999950,350,0.00005
2522.267648,2435.658545,49999950,350,0.00005
2488.626548,2458.206752,49999950,350,0.00005
2497.448411,2724.507751,49999950,350,0.00005
2520.789392,2509.931794,49999950,350,0.00005
2522.996621,2495.575652,49999950,350,0.00005
2445.310064,2571.196649,49999950,350,0.00005
2537.885504,2461.127326,49999950,350,0.00005
2556.258103,2641.860491,49999950,350,0.00005
2561.912137,2442.211539,49999950,350,0.00005
2424.49339,2126.424623,49999950,350,0.00005
2526.271246,2246.506141,49999950,350,0.00005
2529.886742,2634.362894,49999950,350,0.00005
2461.836052,2289.576619,49999950,350,0.00005
2492.777607,2605.093439,49999950,350,0.00005
2510.226717,2342.914198,49999950,350,0.00005
2598.831437,2625.036132,49999950,350,0.00005
2429.457009,2295.056175,49999950,350,0.00005
2436.360304,2543.222795,49999950,350,0.00005
2406.603008,2306.949403,49999950,350,0.00005
2501.248339,2602.257643,49999950,350,0.00005
2471.695562,2365.979997,49999950,350,0.00005
2577.795225,2538.543272,49999950,350,0.00005
2496.165731,2720.511361,49999950,350,0.00005
2473.102517,2470.6419,49999950,350,0.00005
2480.466718,2781.088643,49999950,350,0.00005
2522.494216,3004.172281,49999950,350,0.00005
2478.323567,2295.630507,49999950,350,0.00005
2498.304113,2589.252215,49999950,350,0.00005
2531.041792,2326.630224,49999950,350,0.00005
2411.908471,2475.61484,49999950,350,0.00005
2499.207326,2601.903037,49999950,350,0.00005
2531.34985,2212.912209,49999950,350,0.00005
2405.981803,2615.247812,49999950,350,0.00005
2434.474603,2570.033534,49999950,350,0.00005
2463.854884,2681.669442,49999950,350,0.00005
2499.380206,2500.114051,49999950,350,0.00005
2515.253647,2770.023603,49999950,350,0.00005
2504.655483,2589.653155,49999950,350,0.00005
2472.191801,2505.581768,49999950,350,0.00005
2498.641872,2377.034585,49999950,350,0.00005
2420.145219,2375.001969,49999950,350,0.00005
2451.954306,2165.981296,49999950,350,0.00005
2574.499883,2782.52206,49999950,350,0.00005
2510.469034,2600.23008,49999950,350,0.00005
2428.858074,2471.408993,49999950,350,0.00005
2454.268338,2501.422933,49999950,350,0.00005
2488.641213,2423.955302,49999950,350,0.00005
2470.13108,2462.817851,49999950,350,0.00005
2507.367436,2680.219758,49999950,350,0.00005
2432.028819,2569.620129,49999950,350,0.00005
2506.431652,2860.044576,49999950,350,0.00005
2462.322824,2486.797146,49999950,350,0.00005
2545.038778,2462.47921,49999950,350,0.00005
2513.309949,2410.983715,49999950,350,0.00005
2480.683313,2186.330472,49999950,350,0.00005
2556.069501,2657.413052,49999950,350,0.00005
2473.433206,2551.761545,49999950,350,0.00005
2431.726559,2687.877598,49999950,350,0.00005
2503.380859,2132.416432,49999950,350,0.00005
2493.594705,2447.139912,49999950,350,0.00005
2461.8946,2347.94114,49999950,350,0.00005
2406.02933,2463.235896,49999950,350,0.00005
2453.759527,2513.907283,49999950,350,0.00005
2482.378238,2645.753923,49999950,350,0.00005
2441.583941,2537.479558,49999950,350,0.00005
2393.667696,2618.532129,49999950,350,0.00005
2478.732172,2577.287959,49999950,350,0.00005
2590.131033,2544.734157,49999950,350,0.00005
2458.176284,2325.567138,49999950,350,0.00005
2577.291821,2304.744596,49999950,350,0.00005
2512.533082,2556.461453,49999950,350,0.00005
2484.483534,2201.346863,49999950,350,0.00005
2470.966146,2681.914976,49999950,350,0.00005
2436.838018,2283.516402,49999950,350,0.00005
2351.676411,2780.519723,50000000,500,0.00005
2428.862838,2222.819518,50000000,500,0.00005
2436.508677,2462.215237,50000000,500,0.00005
2485.234215,2477.077441,50000000,500,0.00005
2513.936761,2619.335417,50000000,500,0.00005
2341.114654,2373.585804,50000000,500,0.00005
2545.312294,2574.674866,50000000,500,0.00005
2539.174761,2632.182506,50000000,500,0.00005
2536.889112,2529.404184,50000000,500,0.00005
2439.458739,2485.726225,50000000,500,0.00005
2480.212304,2537.304741,50000000,500,0.00005
2479.346922,2552.945091,50000000,500,0.00005
2527.740307,2460.410994,50000000,500,0.00005
2414.813468,2462.969095,50000000,500,0.00005
2514.310452,2367.595029,50000000,500,0.00005
2538.104583,2349.542317,50000000,500,0.00005
2479.696958,2306.184325,50000000,500,0.00005
2507.269055,2411.35189,50000000,500,0.00005
2427.971619,2228.752789,50000000,500,0.00005
2545.259128,2479.021453,50000000,500,0.00005
2500.333861,2589.80893,50000000,500,0.00005
2480.511892,2460.780584,50000000,500,0.00005
2524.021855,2237.208421,50000000,500,0.00005
2540.75008,2542.00148,50000000,500,0.00005
2491.771822,2620.733216,50000000,500,0.00005
2460.408727,2635.894609,50000000,500,0.00005
2429.424001,2412.59263,50000000,500,0.00005
2630.083866,2603.800526,50000000,500,0.00005
2516.779599,2399.335112,50000000,500,0.00005
2527.560332,2261.766886,50000000,500,0.00005
2585.845019,2743.380012,50000000,500,0.00005
2534.481433,2373.526831,50000000,500,0.00005
2461.108853,2370.206435,50000000,500,0.00005
2528.650901,2286.561082,50000000,500,0.00005
2514.400395,2519.94661,50000000,500,0.00005
2549.813423,2640.560685,50000000,500,0.00005
2595.68986,2316.727539,50000000,500,0.00005
2467.498183,2126.481099,50000000,500,0.00005
2547.49738,2282.154064,50000000,500,0.00005
2535.912461,2359.956935,50000000,500,0.00005
2509.312906,2665.320926,50000000,500,0.00005
2491.803393,2577.867899,50000000,500,0.00005
2533.685909,2354.584519,50000000,500,0.00005
2560.739007,2515.707904,50000000,500,0.00005
2515.978787,2639.972465,50000000,500,0.00005
2479.609649,2225.582138,50000000,500,0.00005
2525.240379,2358.456468,50000000,500,0.00005
2427.424421,2655.950143,50000000,500,0.00005
2566.829923,2502.108324,50000000,500,0.00005
2505.675985,2586.199688,50000000,500,0.00005
2337.348337,2444.133841,50000000,500,0.00005
2515.624146,2527.161757,50000000,500,0.00005
2496.12524,2501.585261,50000000,500,0.00005
2510.269783,2367.660574,50000000,500,0.00005
2461.450305,2622.630008,50000000,500,0.00005
2488.520727,2458.009507,50000000,500,0.00005
2496.769846,2426.601186,50000000,500,0.00005
2483.032869,2459.281028,50000000,500,0.00005
2492.778528,2647.72927,50000000,500,0.00005
2461.864849,2558.007074,50000000,500,0.00005
2472.377534,2690.063558,50000000,500,0.00005
2547.703069,2587.515224,50000000,500,0.00005
2468.492302,2223.41755,50000000,500,0.00005
2522.372533,2757.492692,50000000,500,0.00005
2464.03166,2290.180615,50000000,500,0.00005
2557.977639,2539.465633,50000000,500,0.00005
2541.704151,2530.19926,50000000,500,0.00005
2468.87243,2450.969282,50000000,500,0.00005
2537.277571,2332.737119,50000000,500,0.00005
2489.404667,2356.610248,50000000,500,0.00005
2539.382977,2489.760649,50000000,500,0.00005
2574.298505,2681.243232,50000000,500,0.00005
2553.228016,2831.030413,50000000,500,0.00005
2542.6345,2654.228601,50000000,500,0.00005
2500.957537,2489.251023,50000000,500,0.00005
2408.666153,2159.545978,50000000,500,0.00005
2509.346643,2350.287729,50000000,500,0.00005
2449.933838,2659.759721,50000000,500,0.00005
2524.346771,2565.17147,50000000,500,0.00005
2493.666559,2451.539869,50000000,500,0.00005
2573.602985,2487.746723,50000000,500,0.00005
2519.229698,2405.230052,50000000,500,0.00005
2525.51425,2324.197247,50000000,500,0.00005
2442.346634,2433.059619,50000000,500,0.00005
2421.448837,2619.704691,50000000,500,0.00005
2545.289234,2533.878612,50000000,500,0.00005
2454.143535,2379.813933,50000000,500,0.00005
2423.111368,2533.635723,50000000,500,0.00005
2445.048449,2523.423706,50000000,500,0.00005
2549.676487,2366.27348,50000000,500,0.00005
2507.021218,2430.351218,50000000,500,0.00005
2460.422522,2401.358832,50000000,500,0.00005
2531.144408,2432.298914,50000000,500,0.00005
2457.084261,2364.423844,50000000,500,0.00005
2573.822594,2559.603841,50000000,500,0.00005
2460.679361,2663.973374,50000000,500,0.00005
2405.832106,2325.151928,50000000,500,0.00005
2610.319559,2756.989158,50000000,500,0.00005
2566.10922,2422.753071,50000000,500,0.00005
2533.025709,2562.877491,50000000,500,0.00005
4967.739128,6278.503243,50000000,10,0.0001
4960.52871,3213.792904,50000000,10,0.0001
5015.498644,4948.249149,50000000,10,0.0001
4946.274096,4858.220188,50000000,10,0.0001
4999.505036,3686.093813,50000000,10,0.0001
5069.22072,2713.233667,50000000,10,0.0001
5039.44524,3099.245861,50000000,10,0.0001
4988.289214,8029.692322,50000000,10,0.0001
4905.409116,3368.727796,50000000,10,0.0001
5091.562141,2997.897842,50000000,10,0.0001
5109.437784,3617.451243,50000000,10,0.0001
5032.85086,5216.485647,50000000,10,0.0001
4920.227714,7821.682862,50000000,10,0.0001
4944.245079,4130.868301,50000000,10,0.0001
5022.992695,5010.109532,50000000,10,0.0001
4805.297933,5613.564878,50000000,10,0.0001
5014.998464,4108.024604,50000000,10,0.0001
5123.520074,2982.642423,50000000,10,0.0001
4979.604854,2729.654848,50000000,10,0.0001
4924.410103,3047.193512,50000000,10,0.0001
5006.676258,3364.897661,50000000,10,0.0001
5123.257346,2624.05042,50000000,10,0.0001
5115.621507,5352.127626,50000000,10,0.0001
4935.968185,8954.807818,50000000,10,0.0001
4838.492057,6287.609409,50000000,10,0.0001
4942.659431,10213.39606,50000000,10,0.0001
4927.788747,2786.090166,50000000,10,0.0001
4943.731657,3811.748215,50000000,10,0.0001
5006.817898,2891.032729,50000000,10,0.0001
5057.48983,5343.330476,50000000,10,0.0001
5152.265805,3163.601465,50000000,10,0.0001
5108.561371,3793.120603,50000000,10,0.0001
5009.122728,5758.361322,50000000,10,0.0001
4961.702714,4346.001483,50000000,10,0.0001
5097.59168,3912.448205,50000000,10,0.0001
5051.982156,10415.04592,50000000,10,0.0001
4908.975809,4545.876067,50000000,10,0.0001
4969.714622,10475.36901,50000000,10,0.0001
4892.246057,5940.433487,50000000,10,0.0001
5005.770098,2297.719988,50000000,10,0.0001
5028.915225,3083.268055,50000000,10,0.0001
5007.524772,3428.603327,50000000,10,0.0001
4974.415646,2506.961092,50000000,10,0.0001
5062.652177,4004.787975,50000000,10,0.0001
4997.782829,3355.127049,50000000,10,0.0001
5030.994412,7777.756396,50000000,10,0.0001
5079.984066,3180.949222,50000000,10,0.0001
5072.17193,1801.692474,50000000,10,0.0001
5168.086061,9638.260494,50000000,10,0.0001
5102.030196,3894.510162,50000000,10,0.0001
4969.790283,3237.47344,50000000,10,0.0001
5080.43284,4666.782568,50000000,10,0.0001
5011.728192,2266.24679,50000000,10,0.0001
4975.627737,5000.074007,50000000,10,0.0001
4992.788804,4495.932594,50000000,10,0.0001
5087.10423,5386.520586,50000000,10,0.0001
5064.813434,11772.28021,50000000,10,0.0001
4910.447506,2676.12615,50000000,10,0.0001
4977.454374,6232.565866,50000000,10,0.0001
4911.907199,6224.330609,50000000,10,0.0001
4918.367475,3369.515404,50000000,10,0.0001
4948.114364,13059.16633,50000000,10,0.0001
5004.300575,3565.851481,50000000,10,0.0001
4999.906727,2505.877684,50000000,10,0.0001
5085.367646,3049.840995,50000000,10,0.0001
4800.084416,9708.654737,50000000,10,0.0001
5024.599826,7941.492111,50000000,10,0.0001
5005.526383,2892.406739,50000000,10,0.0001
5033.921481,2902.553475,50000000,10,0.0001
5007.855571,5727.28082,50000000,10,0.0001
5159.569166,4080.539382,50000000,10,0.0001
5037.408756,2093.217927,50000000,10,0.0001
5075.202512,2399.702746,50000000,10,0.0001
5050.293288,2681.521911,50000000,10,0.0001
4975.165026,2033.894997,50000000,10,0.0001
5002.125699,4099.3767,50000000,10,0.0001
5056.703935,10733.74431,50000000,10,0.0001
4999.203289,2103.247399,50000000,10,0.0001
5063.261308,7630.346577,50000000,10,0.0001
4946.065904,2872.228563,50000000,10,0.0001
5189.495204,3444.427271,50000000,10,0.0001
5028.730931,1973.733568,50000000,10,0.0001
4923.994117,3528.508951,50000000,10,0.0001
5019.182255,5772.370253,50000000,10,0.0001
5113.373955,2880.336533,50000000,10,0.0001
5047.030219,2547.99357,50000000,10,0.0001
4950.583791,3276.177138,50000000,10,0.0001
5010.300865,4959.849504,50000000,10,0.0001
4948.73113,4969.97957,50000000,10,0.0001
5230.230684,4624.379406,50000000,10,0.0001
5142.467103,4631.574695,50000000,10,0.0001
4868.78121,1935.099391,50000000,10,0.0001
5003.558317,4783.813457,50000000,10,0.0001
4993.322353,1571.00175,50000000,10,0.0001
5004.912486,3078.949621,50000000,10,0.0001
4986.046484,7584.809759,50000000,10,0.0001
4985.274775,4238.850476,50000000,10,0.0001
4913.777374,4009.528101,50000000,10,0.0001
4988.430549,12299.91365,50000000,10,0.0001
5076.657348,3119.257682,50000000,10,0.0001
5099.867245,2631.616617,50000000,20,0.0001
5083.557422,2890.734803,50000000,20,0.0001
4993.876949,3816.694053,50000000,20,0.0001
4964.846189,4512.759421,50000000,20,0.0001
5007.989996,3562.665187,50000000,20,0.0001
5015.866341,2628.24191,50000000,20,0.0001
4975.20288,3442.780275,50000000,20,0.0001
5027.039032,4509.332595,50000000,20,0.0001
5054.249841,5613.121019,50000000,20,0.0001
4983.240856,6206.970211,50000000,20,0.0001
4949.545796,4043.907902,50000000,20,0.0001
5135.384421,9756.185167,50000000,20,0.0001
4826.907559,6324.399754,50000000,20,0.0001
5047.848849,2972.278321,50000000,20,0.0001
4938.367116,2515.473572,50000000,20,0.0001
5057.234537,3734.531914,50000000,20,0.0001
5069.176324,8006.775802,50000000,20,0.0001
5003.622861,4842.856589,50000000,20,0.0001
5009.39872,4935.790381,50000000,20,0.0001
4999.07658,4058.425252,50000000,20,0.0001
5047.731267,4932.943415,50000000,20,0.0001
5103.088435,3321.192634,50000000,20,0.0001
4994.062399,4944.860853,50000000,20,0.0001
4978.162662,2438.421074,50000000,20,0.0001
5064.047844,6145.431034,50000000,20,0.0001
5125.940484,5006.977689,50000000,20,0.0001
5173.975479,4272.653542,50000000,20,0.0001
4977.705336,5749.969889,50000000,20,0.0001
4880.51366,4198.759649,50000000,20,0.0001
5029.085199,5243.606719,50000000,20,0.0001
5089.9274,5138.410358,50000000,20,0.0001
4915.966672,2672.619003,50000000,20,0.0001
5037.397399,3264.340942,50000000,20,0.0001
5146.047039,3289.867858,50000000,20,0.0001
5050.506861,3151.200319,50000000,20,0.0001
4849.911162,3368.758347,50000000,20,0.0001
4945.479033,6490.071573,50000000,20,0.0001
5029.684902,5248.007872,50000000,20,0.0001
5058.74826,8161.056493,50000000,20,0.0001
4955.379411,4764.946218,50000000,20,0.0001
5093.222426,6644.934436,50000000,20,0.0001
5068.884371,6589.170892,50000000,20,0.0001
4964.518853,4732.075505,50000000,20,0.0001
4870.465746,12502.98672,50000000,20,0.0001
5055.892842,3989.250806,50000000,20,0.0001
4900.634474,2889.227007,50000000,20,0.0001
4912.609477,2485.120145,50000000,20,0.0001
4919.598221,3084.435588,50000000,20,0.0001
4953.154136,4430.497094,50000000,20,0.0001
5005.456542,3805.988672,50000000,20,0.0001
5085.461529,5745.459225,50000000,20,0.0001
4954.327596,3502.17779,50000000,20,0.0001
4920.844202,4981.764716,50000000,20,0.0001
5042.850622,5660.686107,50000000,20,0.0001
4930.235768,2436.889966,50000000,20,0.0001
4893.426814,4140.222587,50000000,20,0.0001
4982.362983,5137.632266,50000000,20,0.0001
5036.81267,3034.844422,50000000,20,0.0001
5046.026713,4702.740473,50000000,20,0.0001
4985.49577,5640.690465,50000000,20,0.0001
4911.833548,5151.827261,50000000,20,0.0001
4992.651816,6809.3141,50000000,20,0.0001
4948.423972,4811.432594,50000000,20,0.0001
5050.185904,2712.584176,50000000,20,0.0001
4851.310101,3611.300393,50000000,20,0.0001
4938.025652,3203.469242,50000000,20,0.0001
5133.782256,3258.720344,50000000,20,0.0001
4980.265906,3315.546223,50000000,20,0.0001
4994.020757,4230.531978,50000000,20,0.0001
5045.065807,4028.550701,50000000,20,0.0001
5086.346855,6253.424427,50000000,20,0.0001
5088.54824,2998.016559,50000000,20,0.0001
5072.318943,2592.624,50000000,20,0.0001
5019.298245,3651.468918,50000000,20,0.0001
5065.10405,4499.823031,50000000,20,0.0001
4740.685021,2425.137356,50000000,20,0.0001
4902.476683,4725.326303,50000000,20,0.0001
5017.56404,4539.0803,50000000,20,0.0001
4962.51133,3088.945029,50000000,20,0.0001
4978.636648,5208.939298,50000000,20,0.0001
5080.287443,5613.341065,50000000,20,0.0001
5017.820138,3733.610001,50000000,20,0.0001
5066.296148,4816.667161,50000000,20,0.0001
5010.683342,5598.840825,50000000,20,0.0001
4993.819012,7434.967499,50000000,20,0.0001
4874.173799,2941.507957,50000000,20,0.0001
5022.566306,7022.334482,50000000,20,0.0001
5007.757498,3791.791409,50000000,20,0.0001
4991.149678,5999.49871,50000000,20,0.0001
5109.549645,4524.992826,50000000,20,0.0001
4885.669524,5150.240473,50000000,20,0.0001
5144.502032,4194.834805,50000000,20,0.0001
5212.553868,4124.994791,50000000,20,0.0001
5013.864384,2974.069994,50000000,20,0.0001
5048.664879,4486.967423,50000000,20,0.0001
5021.49138,3592.993923,50000000,20,0.0001
4970.978956,4380.300476,50000000,20,0.0001
4938.338725,3115.226184,50000000,20,0.0001
5100.11098,7839.36598,50000000,20,0.0001
5040.950864,5924.09431,50000000,20,0.0001
4916.501284,2284.135687,49999980,30,0.0001
5025.995237,4899.9803,49999980,30,0.0001
5105.234549,2681.512942,49999980,30,0.0001
5114.79444,4157.185636,49999980,30,0.0001
4874.518579,4004.390467,49999980,30,0.0001
5066.564608,4816.622163,49999980,30,0.0001
5042.764672,4823.42581,49999980,30,0.0001
4944.842229,4474.88134,49999980,30,0.0001
4999.726104,4470.608681,49999980,30,0.0001
4949.088654,3525.865379,49999980,30,0.0001
5094.085905,3295.908867,49999980,30,0.0001
5003.519125,4232.439565,49999980,30,0.0001
4985.302597,5809.383524,49999980,30,0.0001
4880.461409,3619.097147,49999980,30,0.0001
5071.311348,3446.542133,49999980,30,0.0001
5117.677064,4465.686436,49999980,30,0.0001
5128.853089,5443.045564,49999980,30,0.0001
4917.712025,3754.499728,49999980,30,0.0001
5026.11881,5249.239679,49999980,30,0.0001
4997.633665,5788.279573,49999980,30,0.0001
5122.905454,5257.984702,49999980,30,0.0001
4843.039461,4741.518493,49999980,30,0.0001
5169.749499,3362.688296,49999980,30,0.0001
4941.555248,4344.860248,49999980,30,0.0001
4964.137465,3916.697076,49999980,30,0.0001
5233.424194,4613.233344,49999980,30,0.0001
4982.543011,8904.897968,49999980,30,0.0001
5034.914593,4124.447009,49999980,30,0.0001
5102.735265,4492.170015,49999980,30,0.0001
4980.834742,5147.647324,49999980,30,0.0001
4984.18294,5055.168875,49999980,30,0.0001
4977.209373,6205.012495,49999980,30,0.0001
5048.551777,3844.951862,49999980,30,0.0001
4873.591838,3360.438826,49999980,30,0.0001
5018.149423,5350.812954,49999980,30,0.0001
5071.153203,3918.873873,49999980,30,0.0001
4896.294613,3548.263369,49999980,30,0.0001
5009.160613,3508.841689,49999980,30,0.0001
4949.25024,3692.793707,49999980,30,0.0001
5062.647764,4345.660784,49999980,30,0.0001
4858.897994,4584.288264,49999980,30,0.0001
4935.310139,3336.020029,49999980,30,0.0001
4883.635458,5730.900769,49999980,30,0.0001
5022.583143,3551.484567,49999980,30,0.0001
4978.568221,4465.167964,49999980,30,0.0001
5116.722221,3334.815548,49999980,30,0.0001
4883.134793,5244.704599,49999980,30,0.0001
4911.042565,6016.774348,49999980,30,0.0001
5032.542733,6866.41789,49999980,30,0.0001
5119.124514,4263.793731,49999980,30,0.0001
5080.411863,8832.429958,49999980,30,0.0001
4884.838381,6454.742261,49999980,30,0.0001
5019.770677,4989.201642,49999980,30,0.0001
4983.472118,6586.250968,49999980,30,0.0001
5024.065632,2933.999671,49999980,30,0.0001
5099.633249,4297.727813,49999980,30,0.0001
4993.9862,5995.430732,49999980,30,0.0001
5054.820955,4398.063103,49999980,30,0.0001
5099.805305,5154.200811,49999980,30,0.0001
5009.575665,5003.971057,49999980,30,0.0001
5012.447532,4655.226723,49999980,30,0.0001
5088.575493,2959.400992,49999980,30,0.0001
5003.820196,5379.75074,49999980,30,0.0001
5007.106925,7647.932013,49999980,30,0.0001
5041.163114,5583.624103,49999980,30,0.0001
5046.073749,6224.103785,49999980,30,0.0001
4986.282034,4825.633966,49999980,30,0.0001
4980.423393,4810.791832,49999980,30,0.0001
4826.380722,4801.677203,49999980,30,0.0001
5140.39066,2317.251633,49999980,30,0.0001
5002.7819,3624.11292,49999980,30,0.0001
5044.071812,3956.329109,49999980,30,0.0001
4938.556861,4654.063111,49999980,30,0.0001
4999.977249,5168.660854,49999980,30,0.0001
5005.40815,5399.29375,49999980,30,0.0001
4907.719022,3705.057246,49999980,30,0.0001
5061.841848,5202.381723,49999980,30,0.0001
5065.295303,4788.524516,49999980,30,0.0001
5029.585755,3642.990544,49999980,30,0.0001
5035.829583,3419.457016,49999980,30,0.0001
4987.010446,4525.865067,49999980,30,0.0001
4915.318819,4276.223499,49999980,30,0.0001
4973.188437,3609.5015,49999980,30,0.0001
5020.235045,5343.260896,49999980,30,0.0001
5004.75809,3451.500376,49999980,30,0.0001
5091.288183,3340.910085,49999980,30,0.0001
4859.992513,3997.794363,49999980,30,0.0001
5022.62534,2565.700795,49999980,30,0.0001
4991.974778,6058.863392,49999980,30,0.0001
4968.783546,4044.175715,49999980,30,0.0001
5003.040389,3740.649229,49999980,30,0.0001
4963.699945,7860.217754,49999980,30,0.0001
4964.173389,6601.150233,49999980,30,0.0001
4983.61072,4262.767488,49999980,30,0.0001
5176.34077,6302.197747,49999980,30,0.0001
4999.315994,3818.037745,49999980,30,0.0001
4965.771517,3919.410481,49999980,30,0.0001
4968.776046,5019.320361,49999980,30,0.0001
5053.611387,5469.949695,49999980,30,0.0001
4978.329407,5573.299922,49999980,30,0.0001
4937.442523,4733.594344,50000000,40,0.0001
4956.304457,5144.848626,50000000,40,0.0001
5064.78755,7086.998401,50000000,40,0.0001
4990.251331,4042.286811,50000000,40,0.0001
5171.725461,5135.872937,50000000,40,0.0001
5134.423733,4654.366919,50000000,40,0.0001
4941.32016,4468.185533,50000000,40,0.0001
4941.795336,6785.38944,50000000,40,0.0001
4969.55061,4156.305749,50000000,40,0.0001
4936.281397,4400.71182,50000000,40,0.0001
4924.391059,4923.262278,50000000,40,0.0001
4983.570929,6260.819369,50000000,40,0.0001
5050.262154,4499.312521,50000000,40,0.0001
5070.813668,7145.049703,50000000,40,0.0001
4962.474739,3318.086938,50000000,40,0.0001
4959.041967,3928.95217,50000000,40,0.0001
5020.788805,6076.474736,50000000,40,0.0001
4882.665314,4332.042662,50000000,40,0.0001
4982.294433,5959.545681,50000000,40,0.0001
4995.248172,3603.32447,50000000,40,0.0001
4982.982238,5610.872116,50000000,40,0.0001
4998.235559,6204.259261,50000000,40,0.0001
5055.406494,4675.014129,50000000,40,0.0001
4998.425381,4829.972607,50000000,40,0.0001
4886.375095,3765.552662,50000000,40,0.0001
4930.375047,5534.774876,50000000,40,0.0001
5094.953221,4459.907919,50000000,40,0.0001
5081.313397,4988.117842,50000000,40,0.0001
5000.60236,5175.536297,50000000,40,0.0001
4914.421112,4350.605309,50000000,40,0.0001
5149.467438,3957.165012,50000000,40,0.0001
5011.729821,4597.555924,50000000,40,0.0001
4970.72458,3870.265591,50000000,40,0.0001
5071.033885,3733.072915,50000000,40,0.0001
4968.802343,4160.29683,50000000,40,0.0001
5005.354951,8337.270846,50000000,40,0.0001
4983.728628,3971.461789,50000000,40,0.0001
4965.670107,3650.351385,50000000,40,0.0001
5014.140411,3734.996084,50000000,40,0.0001
5058.624045,6237.756578,50000000,40,0.0001
4906.679252,4387.626745,50000000,40,0.0001
4986.111091,6052.394498,50000000,40,0.0001
4967.049499,4118.375167,50000000,40,0.0001
5010.388794,4593.869575,50000000,40,0.0001
4917.642514,4888.965612,50000000,40,0.0001
5109.091879,5707.611943,50000000,40,0.0001
5027.320234,4396.237144,50000000,40,0.0001
5023.676576,4475.213628,50000000,40,0.0001
4998.223081,5996.100533,50000000,40,0.0001
5009.799642,5633.954138,50000000,40,0.0001
4991.995932,4343.159711,50000000,40,0.0001
4975.646759,7889.869344,50000000,40,0.0001
5007.883162,5006.796242,50000000,40,0.0001
5013.056344,5095.704633,50000000,40,0.0001
4852.218737,6904.087341,50000000,40,0.0001
5005.015572,5928.199718,50000000,40,0.0001
5040.864194,3627.704365,50000000,40,0.0001
5028.555497,4978.338361,50000000,40,0.0001
4873.596575,4962.622749,50000000,40,0.0001
4999.585473,6243.654436,50000000,40,0.0001
5097.943074,4155.009,50000000,40,0.0001
4962.903689,5268.281131,50000000,40,0.0001
4977.338684,4732.548113,50000000,40,0.0001
5063.290419,6003.420649,50000000,40,0.0001
4996.212407,3893.314576,50000000,40,0.0001
4933.693039,3771.222705,50000000,40,0.0001
4900.116393,4127.53018,50000000,40,0.0001
4921.217586,5571.665123,50000000,40,0.0001
5049.929623,3979.6746,50000000,40,0.0001
5022.040776,3388.240238,50000000,40,0.0001
4914.781385,3972.355515,50000000,40,0.0001
4842.201515,5084.708727,50000000,40,0.0001
5017.862038,5168.713687,50000000,40,0.0001
5153.889264,4908.640352,50000000,40,0.0001
5053.43632,8496.709731,50000000,40,0.0001
4927.900672,2844.74405,50000000,40,0.0001
5099.942335,7870.063098,50000000,40,0.0001
4937.448012,3910.048596,50000000,40,0.0001
4901.108026,3634.113444,50000000,40,0.0001
4903.342939,4831.140825,50000000,40,0.0001
4948.215742,3246.410611,50000000,40,0.0001
5013.185337,4667.164135,50000000,40,0.0001
4975.091867,3543.644407,50000000,40,0.0001
4957.999089,7665.835464,50000000,40,0.0001
4862.263176,3011.940612,50000000,40,0.0001
5042.840991,3955.555616,50000000,40,0.0001
4925.128312,3589.65564,50000000,40,0.0001
4980.287476,3720.718751,50000000,40,0.0001
5010.099925,4833.028235,50000000,40,0.0001
4978.174321,3757.779645,50000000,40,0.0001
5006.964706,4817.369474,50000000,40,0.0001
5066.584443,5419.548573,50000000,40,0.0001
5021.669805,5104.9892,50000000,40,0.0001
5041.825864,5995.929175,50000000,40,0.0001
5120.019288,4433.210684,50000000,40,0.0001
5018.26517,4935.676711,50000000,40,0.0001
5018.770851,4203.657744,50000000,40,0.0001
5069.561362,4785.900122,50000000,40,0.0001
5087.301176,2880.504187,50000000,40,0.0001
4969.708555,4723.555498,50000000,40,0.0001
5133.082139,6624.051781,50000000,50,0.0001
5099.270189,5408.158074,50000000,50,0.0001
4822.534399,5034.816089,50000000,50,0.0001
4973.124978,7612.979973,50000000,50,0.0001
5022.369676,4567.298162,50000000,50,0.0001
5053.716461,5454.798391,50000000,50,0.0001
4958.616586,3149.051022,50000000,50,0.0001
5054.599973,4546.925298,50000000,50,0.0001
4975.136904,4216.662189,50000000,50,0.0001
5026.941084,4996.403986,50000000,50,0.0001
5037.306824,4645.002608,50000000,50,0.0001
4996.518919,6431.491409,50000000,50,0.0001
5051.766411,3962.080547,50000000,50,0.0001
4883.00195,3047.679168,50000000,50,0.0001
5030.954981,3424.575502,50000000,50,0.0001
5102.057283,5801.621972,50000000,50,0.0001
5002.931758,4874.141092,50000000,50,0.0001
4911.470677,5001.141176,50000000,50,0.0001
5080.263489,7899.698204,50000000,50,0.0001
5102.758149,5297.946673,50000000,50,0.0001
4895.27025,6072.462034,50000000,50,0.0001
4833.835465,3922.866594,50000000,50,0.0001
4958.975531,4542.433158,50000000,50,0.0001
4962.174938,6523.102232,50000000,50,0.0001
5000.650861,5010.382028,50000000,50,0.0001
4994.225478,3079.338727,50000000,50,0.0001
5013.139208,5282.444934,50000000,50,0.0001
4862.327198,5837.312288,50000000,50,0.0001
5048.024489,6142.903602,50000000,50,0.0001
4995.181143,2973.691605,50000000,50,0.0001
5014.306575,3984.983754,50000000,50,0.0001
4959.107914,4273.610569,50000000,50,0.0001
5161.051094,5353.076677,50000000,50,0.0001
5101.689345,3532.054105,50000000,50,0.0001
4877.248131,4548.197754,50000000,50,0.0001
4888.441277,4893.812752,50000000,50,0.0001
5092.135354,3838.496088,50000000,50,0.0001
4993.701074,4349.794484,50000000,50,0.0001
5028.700697,5636.030589,50000000,50,0.0001
5013.629236,4355.652187,50000000,50,0.0001
5006.910377,5066.466328,50000000,50,0.0001
5002.087692,4423.857979,50000000,50,0.0001
5029.496625,4681.220802,50000000,50,0.0001
4999.596418,6815.194608,50000000,50,0.0001
5003.888538,3573.637273,50000000,50,0.0001
4882.403885,4496.140756,50000000,50,0.0001
5027.138052,4262.230458,50000000,50,0.0001
5014.055484,3849.90835,50000000,50,0.0001
4954.199745,4297.564021,50000000,50,0.0001
4931.354434,5656.492747,50000000,50,0.0001
4984.902834,3349.929286,50000000,50,0.0001
5060.274978,4074.392958,50000000,50,0.0001
5067.641772,5094.584125,50000000,50,0.0001
5186.281295,4852.866309,50000000,50,0.0001
5216.34585,5020.521889,50000000,50,0.0001
5126.728546,4499.291088,50000000,50,0.0001
5036.426624,4052.343448,50000000,50,0.0001
5067.883006,5380.124381,50000000,50,0.0001
4957.186667,5038.45284,50000000,50,0.0001
5031.116605,3993.999837,50000000,50,0.0001
4968.386458,6675.931161,50000000,50,0.0001
4959.948878,5265.491545,50000000,50,0.0001
5070.920379,4100.054683,50000000,50,0.0001
5070.468647,5001.800518,50000000,50,0.0001
4906.777691,3692.327116,50000000,50,0.0001
4974.839062,3346.40426,50000000,50,0.0001
4743.388866,6488.158824,50000000,50,0.0001
5058.084188,4731.222961,50000000,50,0.0001
4968.388565,4484.851885,50000000,50,0.0001
4993.36337,5440.878524,50000000,50,0.0001
4975.220012,4466.724392,50000000,50,0.0001
4961.963917,4479.4801,50000000,50,0.0001
5131.054748,4909.832893,50000000,50,0.0001
5017.126879,3397.877732,50000000,50,0.0001
5079.739618,7130.549324,50000000,50,0.0001
5010.844782,4437.201895,50000000,50,0.0001
4966.15676,5140.955067,50000000,50,0.0001
4923.756978,5565.86906,50000000,50,0.0001
5074.548126,5067.748909,50000000,50,0.0001
5062.719505,4984.598792,50000000,50,0.0001
4996.410615,9181.211546,50000000,50,0.0001
5052.365753,3462.715992,50000000,50,0.0001
4881.972673,5588.770334,50000000,50,0.0001
4932.920362,3492.873227,50000000,50,0.0001
5146.687331,4436.745468,50000000,50,0.0001
5115.296427,3653.331069,50000000,50,0.0001
5044.469161,4881.750507,50000000,50,0.0001
5101.245086,5201.018805,50000000,50,0.0001
4978.493792,5339.990301,50000000,50,0.0001
4912.738592,4713.280778,50000000,50,0.0001
5036.789918,5362.643557,50000000,50,0.0001
4973.161682,5474.974206,50000000,50,0.0001
5076.656696,4806.817149,50000000,50,0.0001
5050.661517,4131.114756,50000000,50,0.0001
5173.062055,5230.117124,50000000,50,0.0001
4977.647519,3367.674237,50000000,50,0.0001
5008.88988,3988.681685,50000000,50,0.0001
5043.311811,5915.255187,50000000,50,0.0001
4955.492549,5143.103223,50000000,50,0.0001
4956.948745,4836.183822,50000000,50,0.0001
5071.669436,4306.677204,49999950,70,0.0001
5077.40374,5137.574453,49999950,70,0.0001
4947.313961,4413.124906,49999950,70,0.0001
4961.83595,3785.899144,49999950,70,0.0001
5007.338701,6424.270266,49999950,70,0.0001
4920.858963,3806.678664,49999950,70,0.0001
5077.43091,4445.051531,49999950,70,0.0001
4988.890703,4597.981099,49999950,70,0.0001
4864.937689,4988.555342,49999950,70,0.0001
5196.346029,5238.40434,49999950,70,0.0001
5128.372273,3479.191247,49999950,70,0.0001
4913.02587,5315.338861,49999950,70,0.0001
5014.301319,5087.139643,49999950,70,0.0001
5066.902158,6027.289097,49999950,70,0.0001
4950.652354,4699.669973,49999950,70,0.0001
4965.797736,4329.264595,49999950,70,0.0001
5003.271874,5507.906368,49999950,70,0.0001
4926.644038,4680.574915,49999950,70,0.0001
5079.464724,5495.68954,49999950,70,0.0001
4996.098634,5028.543935,49999950,70,0.0001
4887.078831,4697.658384,49999950,70,0.0001
4974.78726,4329.000349,49999950,70,0.0001
5062.87249,7070.807052,49999950,70,0.0001
4918.52138,5605.66798,49999950,70,0.0001
4871.692936,3836.534133,49999950,70,0.0001
5071.689829,5690.279553,49999950,70,0.0001
5069.022163,5541.267891,49999950,70,0.0001
4944.546241,5198.138966,49999950,70,0.0001
5089.999021,4199.371585,49999950,70,0.0001
4987.27405,6203.508553,49999950,70,0.0001
5062.390868,5106.461853,49999950,70,0.0001
4942.379263,3529.606758,49999950,70,0.0001
5005.810939,4213.750009,49999950,70,0.0001
4982.920683,3927.554864,49999950,70,0.0001
5105.106349,3913.824126,49999950,70,0.0001
4929.592146,5506.935176,49999950,70,0.0001
5047.109473,4988.561492,49999950,70,0.0001
4955.920647,4746.599865,49999950,70,0.0001
5057.585479,5542.848358,49999950,70,0.0001
4987.224801,5336.952078,49999950,70,0.0001
5047.715702,5179.0236,49999950,70,0.0001
4959.763289,3464.888771,49999950,70,0.0001
5012.952134,3935.468695,49999950,70,0.0001
4926.363959,5016.734002,49999950,70,0.0001
5004.996964,5622.4611,49999950,70,0.0001
5011.595877,4888.165902,49999950,70,0.0001
4885.844138,5132.666049,49999950,70,0.0001
4796.833536,4176.698771,49999950,70,0.0001
4992.457703,4799.894786,49999950,70,0.0001
4980.092603,4524.547791,49999950,70,0.0001
5160.65028,4189.209025,49999950,70,0.0001
4917.731504,4104.630606,49999950,70,0.0001
4956.978057,4296.450003,49999950,70,0.0001
5066.234027,4211.019281,49999950,70,0.0001
5023.200252,4070.35179,49999950,70,0.0001
4910.631232,5204.343238,49999950,70,0.0001
5055.955983,4863.490874,49999950,70,0.0001
4880.735128,3827.396882,49999950,70,0.0001
4962.129026,3990.814636,49999950,70,0.0001
4997.592405,4109.342785,49999950,70,0.0001
4966.582939,4230.781364,49999950,70,0.0001
5060.91927,4517.428955,49999950,70,0.0001
4923.995634,4813.358206,49999950,70,0.0001
5035.339842,4520.924787,49999950,70,0.0001
5037.360205,4426.727392,49999950,70,0.0001
5120.731015,5615.353594,49999950,70,0.0001
4956.28948,4129.967871,49999950,70,0.0001
5101.940997,4301.61686,49999950,70,0.0001
5000.319474,4735.183881,49999950,70,0.0001
4982.258022,3732.456532,49999950,70,0.0001
5014.57109,3532.381375,49999950,70,0.0001
5012.759614,4373.328661,49999950,70,0.0001
4897.981649,5648.898786,49999950,70,0.0001
5063.682513,4584.258156,49999950,70,0.0001
5001.935135,4057.301782,49999950,70,0.0001
4943.457082,5018.956691,49999950,70,0.0001
4929.578143,5290.121988,49999950,70,0.0001
5012.63909,5219.025921,49999950,70,0.0001
4972.49928,5885.30416,49999950,70,0.0001
4946.63839,5458.518211,49999950,70,0.0001
5059.871349,3949.394052,49999950,70,0.0001
5086.231873,5207.23643,49999950,70,0.0001
5015.34158,4046.498861,49999950,70,0.0001
5012.740717,5907.309702,49999950,70,0.0001
5042.784138,6343.013421,49999950,70,0.0001
5101.320232,5579.474158,49999950,70,0.0001
5003.252798,5199.631679,49999950,70,0.0001
5039.600284,5088.176343,49999950,70,0.0001
4895.161322,4920.236365,49999950,70,0.0001
4875.439169,3320.899539,49999950,70,0.0001
4954.957541,5006.505769,49999950,70,0.0001
4873.588704,5556.839092,49999950,70,0.0001
4940.740444,3945.154735,49999950,70,0.0001
4984.730971,3221.360903,49999950,70,0.0001
5055.162693,4902.425528,49999950,70,0.0001
5167.76808,5219.027866,49999950,70,0.0001
4968.80484,4766.462642,49999950,70,0.0001
4971.741043,5595.930142,49999950,70,0.0001
4938.892109,4499.415384,49999950,70,0.0001
4987.638032,4709.903986,49999950,70,0.0001
4987.459157,4862.672413,50000000,100,0.0001
5070.638426,4814.934298,50000000,100,0.0001
5067.826047,4275.980066,50000000,100,0.0001
5008.30099,5031.300555,50000000,100,0.0001
5047.757264,5377.92077,50000000,100,0.0001
5069.34843,7767.738702,50000000,100,0.0001
4988.621099,6170.804457,50000000,100,0.0001
5042.60845,4930.577324,50000000,100,0.0001
4948.161781,4587.683618,50000000,100,0.0001
4758.869972,3433.557774,50000000,100,0.0001
5018.013567,5433.844075,50000000,100,0.0001
4903.433644,3865.916169,50000000,100,0.0001
5064.764792,3508.294886,50000000,100,0.0001
5064.914517,4677.139476,50000000,100,0.0001
4996.228288,5744.70821,50000000,100,0.0001
4968.222327,6062.333004,50000000,100,0.0001
5033.171382,5180.564863,50000000,100,0.0001
5073.61291,4296.724412,50000000,100,0.0001
5055.627503,5944.808229,50000000,100,0.0001
5110.378648,5401.011665,50000000,100,0.0001
5090.521246,4207.461558,50000000,100,0.0001
4957.391753,3495.042746,50000000,100,0.0001
5018.338303,5551.331443,50000000,100,0.0001
5041.910758,5055.333434,50000000,100,0.0001
5047.586882,4340.194999,50000000,100,0.0001
5088.488753,5433.791647,50000000,100,0.0001
5031.975238,4594.803827,50000000,100,0.0001
4948.33381,4380.841402,50000000,100,0.0001
4843.462193,4632.37221,50000000,100,0.0001
4916.278103,4206.694014,50000000,100,0.0001
4996.98615,4778.458918,50000000,100,0.0001
5031.678958,6003.701509,50000000,100,0.0001
4915.947084,4709.83584,50000000,100,0.0001
4912.748317,5056.254656,50000000,100,0.0001
4863.459787,4460.121306,50000000,100,0.0001
4822.912192,3874.546214,50000000,100,0.0001
4806.152171,5161.197297,50000000,100,0.0001
4945.294369,5199.175338,50000000,100,0.0001
4978.455593,4679.007281,50000000,100,0.0001
4998.567067,4839.706385,50000000,100,0.0001
4932.862711,3835.511034,50000000,100,0.0001
4981.452541,5031.300466,50000000,100,0.0001
4927.939822,5137.728087,50000000,100,0.0001
4994.226248,5947.593828,50000000,100,0.0001
5016.702841,5240.267908,50000000,100,0.0001
4987.025283,3843.152176,50000000,100,0.0001
4999.131657,5303.022261,50000000,100,0.0001
4984.966094,5605.076071,50000000,100,0.0001
4984.117559,4778.926886,50000000,100,0.0001
5173.786905,4103.275588,50000000,100,0.0001
5067.152232,4672.222793,50000000,100,0.0001
4972.227141,5607.438243,50000000,100,0.0001
4904.749041,4419.72552,50000000,100,0.0001
5025.190812,4426.73242,50000000,100,0.0001
4900.232539,4094.67157,50000000,100,0.0001
5125.134293,4949.745092,50000000,100,0.0001
5038.378877,4814.500647,50000000,100,0.0001
4991.780063,5379.836238,50000000,100,0.0001
4966.554385,5277.052905,50000000,100,0.0001
5007.400464,5588.845026,50000000,100,0.0001
4957.838234,4146.688966,50000000,100,0.0001
4945.730718,4629.368567,50000000,100,0.0001
4949.188127,4193.960641,50000000,100,0.0001
5027.153596,5630.659048,50000000,100,0.0001
5160.600377,6129.306365,50000000,100,0.0001
5060.204588,5394.453963,50000000,100,0.0001
4913.607757,4496.64552,50000000,100,0.0001
5019.341631,4130.079801,50000000,100,0.0001
5023.567998,4041.712838,50000000,100,0.0001
4999.84439,5917.607767,50000000,100,0.0001
5090.772274,4979.040634,50000000,100,0.0001
4910.082748,4397.945109,50000000,100,0.0001
5032.193595,5355.17963,50000000,100,0.0001
5056.590635,3963.806431,50000000,100,0.0001
5149.625407,3914.312166,50000000,100,0.0001
5022.297345,4921.81819,50000000,100,0.0001
5077.547936,4870.556314,50000000,100,0.0001
5058.534414,6559.739765,50000000,100,0.0001
5034.287569,4899.508307,50000000,100,0.0001
5025.781693,5817.990136,50000000,100,0.0001
4998.520069,5532.681633,50000000,100,0.0001
4983.128335,5494.335345,50000000,100,0.0001
4870.840681,5236.173026,50000000,100,0.0001
4968.966431,5539.072894,50000000,100,0.0001
4935.815535,5496.12447,50000000,100,0.0001
4972.315819,4119.896636,50000000,100,0.0001
4975.85906,5750.906406,50000000,100,0.0001
5014.825976,5875.091183,50000000,100,0.0001
5033.38605,4532.492289,50000000,100,0.0001
4995.401316,4334.401258,50000000,100,0.0001
4945.490272,5351.635226,50000000,100,0.0001
5031.654646,7060.913853,50000000,100,0.0001
5000.996353,5252.922236,50000000,100,0.0001
5032.314189,4797.721571,50000000,100,0.0001
5065.360956,4886.204462,50000000,100,0.0001
4959.391281,3772.501531,50000000,100,0.0001
4935.963712,5121.798379,50000000,100,0.0001
4935.31646,6047.298681,50000000,100,0.0001
4963.537607,4135.118486,50000000,100,0.0001
5022.810567,4449.757156,50000000,100,0.0001
4909.006347,5281.384411,49999880,140,0.0001
4998.82865,4963.248142,49999880,140,0.0001
4904.602743,5662.130494,49999880,140,0.0001
4973.385814,4508.317907,49999880,140,0.0001
4899.179936,4757.587598,49999880,140,0.0001
5095.560078,5914.166124,49999880,140,0.0001
4958.350194,4727.644718,49999880,140,0.0001
5097.541359,5417.820729,49999880,140,0.0001
4945.365665,5405.588704,49999880,140,0.0001
4939.342087,3930.213125,49999880,140,0.0001
4920.829551,4074.640897,49999880,140,0.0001
5085.400589,5590.231783,49999880,140,0.0001
5002.276629,5950.201512,49999880,140,0.0001
5043.438044,4500.412299,49999880,140,0.0001
4968.734174,4375.925553,49999880,140,0.0001
5013.164042,4154.755051,49999880,140,0.0001
5068.919397,4648.239775,49999880,140,0.0001
4944.142111,4837.809006,49999880,140,0.0001
4931.185175,5123.811695,49999880,140,0.0001
4877.096884,4833.70831,49999880,140,0.0001
5032.80762,6230.83891,49999880,140,0.0001
4984.263836,4867.725638,49999880,140,0.0001
4951.096813,5481.542532,49999880,140,0.0001
4883.999535,4019.440307,49999880,140,0.0001
4994.880703,6155.035213,49999880,140,0.0001
5124.534678,5598.468928,49999880,140,0.0001
4943.102921,4784.047079,49999880,140,0.0001
4927.081583,4766.659744,49999880,140,0.0001
4933.160605,5296.645857,49999880,140,0.0001
4967.4963,5299.037302,49999880,140,0.0001
5099.614647,5478.206302,49999880,140,0.0001
5047.967251,5273.683867,49999880,140,0.0001
4923.671918,6944.542669,49999880,140,0.0001
5131.585264,4206.866089,49999880,140,0.0001
5074.833484,5437.998086,49999880,140,0.0001
4981.487104,4914.198479,49999880,140,0.0001
5093.631202,4498.461266,49999880,140,0.0001
5097.87983,4535.590568,49999880,140,0.0001
4923.631717,4729.604641,49999880,140,0.0001
5274.679649,4713.51542,49999880,140,0.0001
5083.006426,5051.404932,49999880,140,0.0001
5097.534689,4869.410968,49999880,140,0.0001
4928.389802,4672.580973,49999880,140,0.0001
4944.15811,4645.069366,49999880,140,0.0001
4960.541514,5406.962154,49999880,140,0.0001
5010.653354,3984.398989,49999880,140,0.0001
4957.8929,5501.488972,49999880,140,0.0001
5009.511303,4117.470644,49999880,140,0.0001
4950.076916,3762.623912,49999880,140,0.0001
5078.943001,4688.372831,49999880,140,0.0001
5022.918775,5035.355554,49999880,140,0.0001
5068.71638,5119.444031,49999880,140,0.0001
5095.207749,4461.200527,49999880,140,0.0001
5212.552771,5138.896325,49999880,140,0.0001
5053.593865,5511.646724,49999880,140,0.0001
5025.052828,5566.610004,49999880,140,0.0001
4963.326268,4706.717644,49999880,140,0.0001
5026.977088,4793.301967,49999880,140,0.0001
5122.749,4867.453284,49999880,140,0.0001
5046.039582,5310.958696,49999880,140,0.0001
4960.370173,5086.728267,49999880,140,0.0001
4969.56919,4271.156724,49999880,140,0.0001
5159.64913,4695.8795,49999880,140,0.0001
5048.334407,4554.647841,49999880,140,0.0001
5029.099614,5143.706568,49999880,140,0.0001
4876.429924,4395.145517,49999880,140,0.0001
4900.105698,4627.662021,49999880,140,0.0001
5006.644387,5118.579426,49999880,140,0.0001
5124.159504,4995.187391,49999880,140,0.0001
4960.639571,4556.521523,49999880,140,0.0001
5008.134358,4666.497659,49999880,140,0.0001
4944.721785,4570.207167,49999880,140,0.0001
5096.030454,4483.478969,49999880,140,0.0001
4994.020603,4348.764646,49999880,140,0.0001
5001.984494,5218.259768,49999880,140,0.0001
4957.005532,5776.115875,49999880,140,0.0001
4995.026752,4358.750006,49999880,140,0.0001
4963.452547,4780.724894,49999880,140,0.0001
4919.527656,5317.59752,49999880,140,0.0001
5000.343061,4422.232124,49999880,140,0.0001
4985.826077,4576.712917,49999880,140,0.0001
5048.323036,5815.315984,49999880,140,0.0001
4896.819822,5075.763759,49999880,140,0.0001
5089.423559,5324.971856,49999880,140,0.0001
5005.37275,4204.138219,49999880,140,0.0001
5051.724258,4178.713906,49999880,140,0.0001
5032.012809,5378.596616,49999880,140,0.0001
4874.212546,4986.933324,49999880,140,0.0001
5157.160771,4237.145549,49999880,140,0.0001
4981.331961,5078.283151,49999880,140,0.0001
4960.706634,5323.840736,49999880,140,0.0001
4978.485688,4470.174765,49999880,140,0.0001
4950.509281,4550.477928,49999880,140,0.0001
5012.776228,5017.682368,49999880,140,0.0001
4977.021604,3755.443324,49999880,140,0.0001
4881.830493,3813.164998,49999880,140,0.0001
4986.08291,4281.486468,49999880,140,0.0001
4947.032957,5980.777703,49999880,140,0.0001
5006.239608,4747.159859,49999880,140,0.0001
5104.917011,4818.684145,49999880,140,0.0001
4888.249186,4702.271209,49999950,210,0.0001
4885.332542,4366.348769,49999950,210,0.0001
5046.809494,4334.889282,49999950,210,0.0001
5135.675126,5264.745955,49999950,210,0.0001
5056.536239,4328.195114,49999950,210,0.0001
5032.668394,4855.267393,49999950,210,0.0001
5144.062646,4268.972459,49999950,210,0.0001
4992.364792,5078.310225,49999950,210,0.0001
5011.316962,5469.215135,49999950,210,0.0001
4921.576466,4567.739981,49999950,210,0.0001
5099.868985,4682.90984,49999950,210,0.0001
5020.043626,5280.308234,49999950,210,0.0001
5032.299932,4704.765187,49999950,210,0.0001
4979.573521,5832.601667,49999950,210,0.0001
4933.149587,4561.784398,49999950,210,0.0001
5050.09849,5279.564442,49999950,210,0.0001
4882.016114,5751.629065,49999950,210,0.0001
5070.367146,4012.144673,49999950,210,0.0001
5065.107003,5420.155971,49999950,210,0.0001
5005.20144,4863.843766,49999950,210,0.0001
4995.096159,5406.038061,49999950,210,0.0001
4997.364298,4641.892191,49999950,210,0.0001
4942.60109,5767.87608,49999950,210,0.0001
5034.735363,6365.802398,49999950,210,0.0001
4888.986443,4894.203465,49999950,210,0.0001
4951.856774,4785.278166,49999950,210,0.0001
5042.431665,5638.820855,49999950,210,0.0001
4990.250314,5349.571685,49999950,210,0.0001
4989.697285,4569.870009,49999950,210,0.0001
5032.67224,4981.830558,49999950,210,0.0001
4978.676105,4739.969961,49999950,210,0.0001
5077.470501,5884.642268,49999950,210,0.0001
4944.237395,5021.518606,49999950,210,0.0001
4997.258108,4145.791873,49999950,210,0.0001
4994.532301,4560.011546,49999950,210,0.0001
4969.931923,4323.560846,49999950,210,0.0001
5090.589457,5064.351494,49999950,210,0.0001
4981.26509,5189.911978,49999950,210,0.0001
5128.823284,4960.85028,49999950,210,0.0001
5067.408073,5109.327239,49999950,210,0.0001
4995.39288,5040.430665,49999950,210,0.0001
5041.599477,5094.569816,49999950,210,0.0001
4922.213811,4039.568618,49999950,210,0.0001
5005.490673,4356.923796,49999950,210,0.0001
5109.273114,4486.771341,49999950,210,0.0001
5095.466236,4810.07148,49999950,210,0.0001
4950.289916,5060.267004,49999950,210,0.0001
4981.590793,4858.59273,49999950,210,0.0001
4962.85685,4795.250661,49999950,210,0.0001
5064.937941,4692.227251,49999950,210,0.0001
4955.734182,4869.46656,49999950,210,0.0001
4949.505514,4290.194759,49999950,210,0.0001
4913.750264,4917.79787,49999950,210,0.0001
5090.60502,5068.021502,49999950,210,0.0001
5061.359491,5506.293609,49999950,210,0.0001
4957.915338,4585.181693,49999950,210,0.0001
4874.132727,5026.254167,49999950,210,0.0001
4961.234559,4911.222783,49999950,210,0.0001
4954.12044,5017.057862,49999950,210,0.0001
4830.054068,4475.334724,49999950,210,0.0001
4944.180472,4447.826869,49999950,210,0.0001
4906.120538,4815.462669,49999950,210,0.0001
5014.498088,5470.404323,49999950,210,0.0001
4901.565611,5142.225608,49999950,210,0.0001
4848.58408,4813.899379,49999950,210,0.0001
5103.408644,4763.30322,49999950,210,0.0001
4943.067002,4388.080594,49999950,210,0.0001
4903.907759,4784.581291,49999950,210,0.0001
5049.437525,6215.552558,49999950,210,0.0001
4919.741878,5796.090854,49999950,210,0.0001
4919.26625,4438.012415,49999950,210,0.0001
4891.313402,5134.621893,49999950,210,0.0001
4978.003022,4842.752973,49999950,210,0.0001
5030.049256,5026.396859,49999950,210,0.0001
4917.329384,4574.976483,49999950,210,0.0001
5087.345517,4887.380483,49999950,210,0.0001
5045.182109,5233.141746,49999950,210,0.0001
5038.846745,4574.966197,49999950,210,0.0001
4966.211889,4211.01452,49999950,210,0.0001
4968.892824,4424.548257,49999950,210,0.0001
5148.777007,5240.679406,49999950,210,0.0001
4866.778629,5585.749326,49999950,210,0.0001
5122.41071,4851.8389,49999950,210,0.0001
5101.448715,4950.027368,49999950,210,0.0001
5092.586234,4903.597908,49999950,210,0.0001
4967.775164,4791.768952,49999950,210,0.0001
4920.75228,4466.340026,49999950,210,0.0001
4997.89537,3928.817984,49999950,210,0.0001
5124.785131,5667.136619,49999950,210,0.0001
4978.959538,4940.33531,49999950,210,0.0001
5026.077206,4627.40524,49999950,210,0.0001
4928.873185,5043.783913,49999950,210,0.0001
4971.590206,4916.886762,49999950,210,0.0001
5080.10276,5331.935556,49999950,210,0.0001
4968.120293,4762.140359,49999950,210,0.0001
4961.255039,5328.927642,49999950,210,0.0001
4996.268011,5186.560248,49999950,210,0.0001
5049.286062,4867.647721,49999950,210,0.0001
5167.697844,5458.837665,49999950,210,0.0001
5168.715832,5003.310495,49999950,210,0.0001
5022.898026,5118.217003,49999950,350,0.0001
5006.630546,5328.596821,49999950,350,0.0001
5008.082404,5394.910988,49999950,350,0.0001
5015.316194,4504.175103,49999950,350,0.0001
4909.548993,4703.847668,49999950,350,0.0001
4937.464723,4500.341332,49999950,350,0.0001
4983.950973,4919.554581,49999950,350,0.0001
5062.860826,4547.363272,49999950,350,0.0001
4987.379305,5094.366915,49999950,350,0.0001
4977.895223,4552.996024,49999950,350,0.0001
4958.750513,4489.159613,49999950,350,0.0001
4951.176489,5088.822885,49999950,350,0.0001
4867.668554,5466.015324,49999950,350,0.0001
4962.227213,4860.285522,49999950,350,0.0001
4936.785617,4740.788141,49999950,350,0.0001
5045.54634,5075.303805,49999950,350,0.0001
5011.169971,5179.245591,49999950,350,0.0001
4948.645432,5237.151176,49999950,350,0.0001
4966.797909,4688.303315,49999950,350,0.0001
4909.926493,4936.740174,49999950,350,0.0001
4984.284476,5154.40467,49999950,350,0.0001
4995.336857,5089.834328,49999950,350,0.0001
4985.307967,4550.697777,49999950,350,0.0001
4975.988125,4819.229438,49999950,350,0.0001
4968.736691,4350.198175,49999950,350,0.0001
4986.492375,5320.190887,49999950,350,0.0001
4985.011507,4995.863062,49999950,350,0.0001
5077.167926,5091.687776,49999950,350,0.0001
5001.296088,4792.503009,49999950,350,0.0001
4875.919329,5240.830232,49999950,350,0.0001
5025.218388,4914.959603,49999950,350,0.0001
4948.53011,4742.356298,49999950,350,0.0001
5074.252907,5549.538757,49999950,350,0.0001
4994.865569,5135.228345,49999950,350,0.0001
4993.468799,5167.931452,49999950,350,0.0001
4948.471819,4332.996513,49999950,350,0.0001
4869.491724,4040.018739,49999950,350,0.0001
5040.989531,4890.414778,49999950,350,0.0001
4826.259363,4523.739261,49999950,350,0.0001
5055.523271,5254.616215,49999950,350,0.0001
5005.48581,4904.077861,49999950,350,0.0001
5029.035778,4999.536918,49999950,350,0.0001
4855.689679,5318.67684,49999950,350,0.0001
4948.072566,5137.706369,49999950,350,0.0001
5056.871817,5073.143989,49999950,350,0.0001
4913.656232,4713.208318,49999950,350,0.0001
4972.671941,4964.813881,49999950,350,0.0001
5015.362436,4800.382728,49999950,350,0.0001
4879.193561,5846.134555,49999950,350,0.0001
5042.683213,4611.161383,49999950,350,0.0001
5129.52648,4475.990981,49999950,350,0.0001
4843.743307,4389.239206,49999950,350,0.0001
4965.52713,5416.931871,49999950,350,0.0001
4973.849936,5040.100198,49999950,350,0.0001
4968.730259,5188.384787,49999950,350,0.0001
5168.454041,5168.445972,49999950,350,0.0001
4944.605024,4435.317751,49999950,350,0.0001
4923.426631,4753.90352,49999950,350,0.0001
5140.096549,5087.12791,49999950,350,0.0001
5020.719162,5798.599017,49999950,350,0.0001
5070.424033,4985.125019,49999950,350,0.0001
4977.382026,5406.848112,49999950,350,0.0001
4980.314969,4419.649094,49999950,350,0.0001
5069.966552,5483.220457,49999950,350,0.0001
5108.076414,4556.020446,49999950,350,0.0001
4982.363588,4306.166724,49999950,350,0.0001
5185.139626,4898.815951,49999950,350,0.0001
4971.797616,4669.718287,49999950,350,0.0001
5059.59291,4676.581024,49999950,350,0.0001
5074.84593,5932.809544,49999950,350,0.0001
4883.778016,5069.224817,49999950,350,0.0001
5042.026924,5276.194673,49999950,350,0.0001
5227.34254,5237.288879,49999950,350,0.0001
5056.604637,5006.123297,49999950,350,0.0001
4880.765054,4595.502828,49999950,350,0.0001
5033.034514,4506.515247,49999950,350,0.0001
4985.28695,5361.255612,49999950,350,0.0001
4995.764754,4519.865519,49999950,350,0.0001
4986.79243,5742.701374,49999950,350,0.0001
4889.204008,4417.855801,49999950,350,0.0001
5072.261629,5719.766521,49999950,350,0.0001
4975.003657,5235.518963,49999950,350,0.0001
5032.928727,5534.95738,49999950,350,0.0001
5035.645909,5488.377671,49999950,350,0.0001
5122.39435,5270.716901,49999950,350,0.0001
4875.739719,5029.363017,49999950,350,0.0001
4894.11545,4596.25164,49999950,350,0.0001
5182.438987,5360.282131,49999950,350,0.0001
5033.878324,4764.075387,49999950,350,0.0001
4952.555309,4484.814979,49999950,350,0.0001
4821.792257,4661.548169,49999950,350,0.0001
4955.677497,4820.631873,49999950,350,0.0001
5079.448474,4671.828489,49999950,350,0.0001
5067.456179,4663.261473,49999950,350,0.0001
5006.613579,4890.682751,49999950,350,0.0001
4921.010323,5284.407247,49999950,350,0.0001
4930.169082,4444.320921,49999950,350,0.0001
5040.777303,5039.708234,49999950,350,0.0001
5102.841072,4879.767801,49999950,350,0.0001
5034.419296,4998.766056,49999950,350,0.0001
4968.063358,5473.437803,50000000,500,0.0001
5048.498702,4709.360263,50000000,500,0.0001
5020.239516,4455.670071,50000000,500,0.0001
5003.740754,4374.438006,50000000,500,0.0001
4901.222889,4823.244559,50000000,500,0.0001
4935.404764,4709.369065,50000000,500,0.0001
5008.43722,4954.281475,50000000,500,0.0001
4976.333458,4926.559261,50000000,500,0.0001
5161.920015,5121.412038,50000000,500,0.0001
4935.504002,5243.704909,50000000,500,0.0001
4955.484975,4976.862716,50000000,500,0.0001
4890.225649,4376.571041,50000000,500,0.0001
4899.44105,4954.831525,50000000,500,0.0001
5066.474235,4943.351483,50000000,500,0.0001
4882.515225,5126.797127,50000000,500,0.0001
5034.041461,5117.231945,50000000,500,0.0001
4902.677347,5010.58212,50000000,500,0.0001
5035.745445,4776.57643,50000000,500,0.0001
4985.932925,5297.870228,50000000,500,0.0001
4994.59078,5080.52531,50000000,500,0.0001
4915.339463,4639.164986,50000000,500,0.0001
5021.261295,5204.227011,50000000,500,0.0001
5004.624811,4787.127591,50000000,500,0.0001
4906.958719,5535.153579,50000000,500,0.0001
4913.538216,4777.768256,50000000,500,0.0001
4974.174632,4873.743083,50000000,500,0.0001
4982.131973,4789.583645,50000000,500,0.0001
5054.584658,5225.953973,50000000,500,0.0001
4989.505459,4835.394432,50000000,500,0.0001
5050.238598,4817.384411,50000000,500,0.0001
5039.083446,4969.978124,50000000,500,0.0001
4888.973502,4988.933116,50000000,500,0.0001
5061.278764,5544.285109,50000000,500,0.0001
4981.189077,5185.286753,50000000,500,0.0001
4982.182802,4955.848902,50000000,500,0.0001
5089.765397,4926.848994,50000000,500,0.0001
5156.309189,5248.569342,50000000,500,0.0001
4974.06757,4869.10356,50000000,500,0.0001
5031.478378,5290.56768,50000000,500,0.0001
5005.350766,5633.809034,50000000,500,0.0001
5023.319851,4875.342721,50000000,500,0.0001
5122.942672,5108.706123,50000000,500,0.0001
4966.311204,4866.026963,50000000,500,0.0001
4866.959395,4763.985609,50000000,500,0.0001
4850.993147,4761.568195,50000000,500,0.0001
5017.96797,5628.134448,50000000,500,0.0001
4934.833019,4595.704055,50000000,500,0.0001
4961.114856,5462.739597,50000000,500,0.0001
5002.410643,4765.639909,50000000,500,0.0001
4973.69034,5752.671619,50000000,500,0.0001
4986.250328,4673.344591,50000000,500,0.0001
5095.360148,5611.5894,50000000,500,0.0001
4949.793289,4943.694756,50000000,500,0.0001
4993.079224,4901.452834,50000000,500,0.0001
4864.322965,4951.989433,50000000,500,0.0001
4943.112501,4861.330559,50000000,500,0.0001
5041.565364,4815.888815,50000000,500,0.0001
4932.845461,5054.638871,50000000,500,0.0001
5028.883634,4824.004022,50000000,500,0.0001
5094.885258,4751.123874,50000000,500,0.0001
5062.4645,4683.92226,50000000,500,0.0001
4932.986766,5074.635535,50000000,500,0.0001
4998.040347,4424.54089,50000000,500,0.0001
4933.704524,4421.505209,50000000,500,0.0001
5001.108468,5084.783365,50000000,500,0.0001
4934.568181,4707.050305,50000000,500,0.0001
5023.629892,5009.885865,50000000,500,0.0001
5005.049754,4896.111194,50000000,500,0.0001
5093.57803,5334.096013,50000000,500,0.0001
5084.126504,5622.931256,50000000,500,0.0001
5048.623519,5593.680653,50000000,500,0.0001
4939.764244,4775.337509,50000000,500,0.0001
5016.326336,5202.708202,50000000,500,0.0001
5164.402579,5261.13571,50000000,500,0.0001
4943.167124,5048.412321,50000000,500,0.0001
4966.115403,5160.408774,50000000,500,0.0001
4963.089732,5445.094242,50000000,500,0.0001
5045.897033,5255.361854,50000000,500,0.0001
5078.865728,4680.576444,50000000,500,0.0001
5166.490192,4746.138992,50000000,500,0.0001
4960.932465,5113.200309,50000000,500,0.0001
5148.29528,5180.859852,50000000,500,0.0001
5046.927423,5122.060872,50000000,500,0.0001
4984.22137,4952.491946,50000000,500,0.0001
4927.149356,4621.381394,50000000,500,0.0001
4926.632004,4702.324986,50000000,500,0.0001
5009.943661,4762.810886,50000000,500,0.0001
5060.541911,5187.967468,50000000,500,0.0001
4944.914025,4922.199477,50000000,500,0.0001
5031.038604,4773.282021,50000000,500,0.0001
4949.772334,4729.201633,50000000,500,0.0001
5038.813169,5126.477662,50000000,500,0.0001
4945.110661,5000.323994,50000000,500,0.0001
5019.916573,5294.46306,50000000,500,0.0001
5008.780626,5346.541279,50000000,500,0.0001
4808.005889,4338.461637,50000000,500,0.0001
4977.153253,5025.372212,50000000,500,0.0001
5038.867829,4681.555634,50000000,500,0.0001
4946.109686,4489.883871,50000000,500,0.0001
5187.965173,5421.147976,50000000,500,0.0001
24873.29429,6011.746882,50000000,10,0.0005
24998.28779,14784.67784,50000000,10,0.0005
25272.29875,7664.997547,50000000,10,0.0005
25336.81022,8348.731408,50000000,10,0.0005
24493.80833,6006.201688,50000000,10,0.0005
25523.60149,28125.43018,50000000,10,0.0005
24774.23104,9580.962354,50000000,10,0.0005
24891.40947,4919.133483,50000000,10,0.0005
25000.77409,12991.67811,50000000,10,0.0005
25178.19833,4971.587509,50000000,10,0.0005
24457.13071,7998.656526,50000000,10,0.0005
24933.97413,18924.58088,50000000,10,0.0005
25190.84382,4431.628828,50000000,10,0.0005
24621.08382,7644.626505,50000000,10,0.0005
24948.00041,9329.410262,50000000,10,0.0005
24586.79359,7702.250011,50000000,10,0.0005
24735.52981,9984.626844,50000000,10,0.0005
24859.49105,7372.664426,50000000,10,0.0005
25088.6627,6365.111682,50000000,10,0.0005
24904.13872,14241.93431,50000000,10,0.0005
24709.97846,10368.79645,50000000,10,0.0005
24881.26108,5764.686054,50000000,10,0.0005
25248.55799,8319.681779,50000000,10,0.0005
24756.01646,7388.439518,50000000,10,0.0005
25168.58393,7170.615079,50000000,10,0.0005
24946.05564,7213.718241,50000000,10,0.0005
25328.08749,4160.988949,50000000,10,0.0005
25415.20794,11340.21847,50000000,10,0.0005
25224.95907,10472.04775,50000000,10,0.0005
24856.98264,9053.9705,50000000,10,0.0005
25060.45397,4048.934729,50000000,10,0.0005
25143.11465,10004.84656,50000000,10,0.0005
25257.03958,9157.512576,50000000,10,0.0005
25522.01892,35948.93924,50000000,10,0.0005
25106.77813,6564.302718,50000000,10,0.0005
25151.97742,6323.735585,50000000,10,0.0005
24862.23658,5154.644041,50000000,10,0.0005
25043.07118,7210.558563,50000000,10,0.0005
25112.28249,6925.85875,50000000,10,0.0005
24699.23032,8135.509447,50000000,10,0.0005
25096.00842,12349.72532,50000000,10,0.0005
24825.8519,19331.43345,50000000,10,0.0005
24964.76681,9942.550317,50000000,10,0.0005
24937.23871,5483.31659,50000000,10,0.0005
25186.22969,6551.701258,50000000,10,0.0005
25345.76499,6410.426113,50000000,10,0.0005
24953.24797,16120.96209,50000000,10,0.0005
24569.60408,11006.10492,50000000,10,0.0005
25088.26349,10253.221,50000000,10,0.0005
25976.95145,6570.982769,50000000,10,0.0005
25001.63744,21640.2649,50000000,10,0.0005
25026.81472,18221.12266,50000000,10,0.0005
24975.1265,10118.87932,50000000,10,0.0005
25321.3511,5112.449044,50000000,10,0.0005
25198.01177,10267.21725,50000000,10,0.0005
24737.07323,7067.585235,50000000,10,0.0005
24889.47232,6651.222092,50000000,10,0.0005
24921.24383,33053.71114,50000000,10,0.0005
25046.56252,14725.92789,50000000,10,0.0005
25189.57405,7656.824966,50000000,10,0.0005
25333.56463,15906.17205,50000000,10,0.0005
25551.00984,8510.914937,50000000,10,0.0005
25413.13488,18724.83531,50000000,10,0.0005
25005.3191,9390.633156,50000000,10,0.0005
24645.9939,12494.06915,50000000,10,0.0005
25096.10446,7914.635512,50000000,10,0.0005
25369.95027,9311.920575,50000000,10,0.0005
25199.01756,9639.583382,50000000,10,0.0005
25189.80933,12531.91803,50000000,10,0.0005
24996.0424,4837.610819,50000000,10,0.0005
25110.91105,11055.32161,50000000,10,0.0005
25111.64481,11794.22235,50000000,10,0.0005
24922.61686,7769.499652,50000000,10,0.0005
24654.37476,10312.94076,50000000,10,0.0005
24618.70368,18103.05557,50000000,10,0.0005
24880.95652,7803.556685,50000000,10,0.0005
24806.9149,8070.271002,50000000,10,0.0005
25167.11932,6710.132323,50000000,10,0.0005
24893.49903,8562.980693,50000000,10,0.0005
24958.48703,8954.631765,50000000,10,0.0005
24806.24255,4450.060543,50000000,10,0.0005
24820.24865,7464.335344,50000000,10,0.0005
25318.7831,4850.995386,50000000,10,0.0005
24821.5125,5251.069226,50000000,10,0.0005
24884.87936,20070.38488,50000000,10,0.0005
24961.47553,5681.096158,50000000,10,0.0005
25202.22906,7350.765909,50000000,10,0.0005
25113.30577,6550.734648,50000000,10,0.0005
24717.00118,12656.89043,50000000,10,0.0005
24974.83968,11199.29812,50000000,10,0.0005
25256.53394,18328.94846,50000000,10,0.0005
25497.67993,7688.12233,50000000,10,0.0005
24783.43849,7600.540765,50000000,10,0.0005
24816.58207,6255.982494,50000000,10,0.0005
24351.84383,13225.05869,50000000,10,0.0005
24526.10062,5597.823947,50000000,10,0.0005
24507.77961,6671.131891,50000000,10,0.0005
24891.35451,7652.642559,50000000,10,0.0005
25025.51834,14335.43997,50000000,10,0.0005
25424.48026,8781.594626,50000000,10,0.0005
25061.32076,12606.45862,50000000,20,0.0005
24964.6735,14176.88802,50000000,20,0.0005
24558.53084,13809.36833,50000000,20,0.0005
24642.80137,19231.32286,50000000,20,0.0005
25474.93371,11889.28598,50000000,20,0.0005
24730.17585,12676.51218,50000000,20,0.0005
25039.02192,15852.01843,50000000,20,0.0005
25062.41816,15575.36994,50000000,20,0.0005
24777.23002,14432.74447,50000000,20,0.0005
25088.60968,10161.88222,50000000,20,0.0005
25549.23379,18415.08365,50000000,20,0.0005
25314.71626,12663.89432,50000000,20,0.0005
24623.37489,14428.93285,50000000,20,0.0005
24783.05497,10852.30228,50000000,20,0.0005
25016.30943,14504.54278,50000000,20,0.0005
25095.57846,20041.03892,50000000,20,0.0005
25699.90688,12001.88162,50000000,20,0.0005
25198.51411,10775.15047,50000000,20,0.0005
24876.55756,10575.66425,50000000,20,0.0005
25031.6009,18831.04339,50000000,20,0.0005
25068.92125,10090.02947,50000000,20,0.0005
24790.35431,12213.15345,50000000,20,0.0005
25044.11829,8021.759761,50000000,20,0.0005
25005.03038,9586.2443,50000000,20,0.0005
24825.2249,16549.8553,50000000,20,0.0005
25212.58781,12385.96195,50000000,20,0.0005
24783.09229,9341.583093,50000000,20,0.0005
25436.48717,18167.93242,50000000,20,0.0005
25003.84742,12795.63239,50000000,20,0.0005
25160.04233,10518.86057,50000000,20,0.0005
24931.68737,14568.455,50000000,20,0.0005
24799.2421,16434.58147,50000000,20,0.0005
24850.06782,16981.26038,50000000,20,0.0005
24980.15985,9938.858854,50000000,20,0.0005
24949.82893,19566.97474,50000000,20,0.0005
24983.86585,15377.08013,50000000,20,0.0005
24870.43395,19251.12528,50000000,20,0.0005
24571.6987,12890.80762,50000000,20,0.0005
24997.61992,15742.46363,50000000,20,0.0005
25210.65493,10795.02414,50000000,20,0.0005
25053.1178,11072.84147,50000000,20,0.0005
25045.73123,16900.83798,50000000,20,0.0005
25251.12604,16309.78164,50000000,20,0.0005
24903.5218,12934.12327,50000000,20,0.0005
24947.82927,23261.26633,50000000,20,0.0005
25370.08892,17580.21332,50000000,20,0.0005
24581.15077,13716.83482,50000000,20,0.0005
25075.53688,18588.55778,50000000,20,0.0005
25227.00294,20477.11896,50000000,20,0.0005
25063.88032,14726.92439,50000000,20,0.0005
24973.26275,18817.83598,50000000,20,0.0005
25241.41809,7352.210469,50000000,20,0.0005
24726.57946,15227.92174,50000000,20,0.0005
25002.05049,16613.62176,50000000,20,0.0005
24555.10234,10316.75421,50000000,20,0.0005
25373.00208,13563.3264,50000000,20,0.0005
24967.91937,12397.08837,50000000,20,0.0005
24866.63217,15314.09842,50000000,20,0.0005
24754.65986,10802.42873,50000000,20,0.0005
24941.51704,19237.83139,50000000,20,0.0005
25261.43704,13492.2521,50000000,20,0.0005
25217.09737,8216.442579,50000000,20,0.0005
25294.14719,15164.04503,50000000,20,0.0005
25224.33353,9153.218309,50000000,20,0.0005
24700.9851,13962.01765,50000000,20,0.0005
24869.11672,14396.18238,50000000,20,0.0005
25095.23758,12205.70121,50000000,20,0.0005
25066.2262,11212.77243,50000000,20,0.0005
24724.18786,7212.48482,50000000,20,0.0005
25160.02893,8834.644923,50000000,20,0.0005
24491.20323,10653.66225,50000000,20,0.0005
24831.35309,14541.19638,50000000,20,0.0005
24905.98113,26822.43274,50000000,20,0.0005
25097.44289,8779.106131,50000000,20,0.0005
25044.41925,9304.701884,50000000,20,0.0005
25468.94766,12471.71003,50000000,20,0.0005
24837.06159,13063.09266,50000000,20,0.0005
24880.69639,11940.6467,50000000,20,0.0005
25307.92236,19591.70368,50000000,20,0.0005
24797.67165,11356.06572,50000000,20,0.0005
25303.3415,14221.76307,50000000,20,0.0005
24970.23309,12833.30929,50000000,20,0.0005
24648.38146,13681.39663,50000000,20,0.0005
25176.01492,13098.02847,50000000,20,0.0005
24854.87718,15962.10594,50000000,20,0.0005
25001.1299,16473.0518,50000000,20,0.0005
25048.75921,7786.184266,50000000,20,0.0005
24675.85925,9682.350373,50000000,20,0.0005
25031.50005,16229.69821,50000000,20,0.0005
24981.03762,17880.4575,50000000,20,0.0005
25381.99927,7026.324965,50000000,20,0.0005
25082.57594,12955.66137,50000000,20,0.0005
25290.34123,21554.93027,50000000,20,0.0005
24690.34656,10492.1147,50000000,20,0.0005
24578.0166,12016.97063,50000000,20,0.0005
25331.50144,9325.515092,50000000,20,0.0005
24846.64449,16751.74711,50000000,20,0.0005
25327.54358,12511.32711,50000000,20,0.0005
25173.92229,12442.93679,50000000,20,0.0005
24435.56403,10556.2882,50000000,20,0.0005
24878.9306,11595.74579,49999980,30,0.0005
25183.9985,18086.12721,49999980,30,0.0005
25316.6127,13084.64749,49999980,30,0.0005
24756.4118,15261.0156,49999980,30,0.0005
24959.70555,13858.20152,49999980,30,0.0005
25038.63854,12254.44131,49999980,30,0.0005
25283.19913,12614.12397,49999980,30,0.0005
24908.22207,14201.51437,49999980,30,0.0005
24975.0913,14962.40233,49999980,30,0.0005
24833.01327,17159.60377,49999980,30,0.0005
24987.51523,19913.51337,49999980,30,0.0005
25024.93675,24968.84498,49999980,30,0.0005
24812.76051,17864.40727,49999980,30,0.0005
25132.88962,23139.81925,49999980,30,0.0005
24951.12237,12792.4045,49999980,30,0.0005
24663.56553,16031.91068,49999980,30,0.0005
25160.33673,15424.3074,49999980,30,0.0005
25059.88138,14784.05445,49999980,30,0.0005
25000.34364,14482.05766,49999980,30,0.0005
25195.04728,14470.97929,49999980,30,0.0005
24482.06669,13628.23233,49999980,30,0.0005
24976.72235,12211.49408,49999980,30,0.0005
25279.6132,11954.14316,49999980,30,0.0005
24942.94364,15701.15677,49999980,30,0.0005
24696.23231,12725.27637,49999980,30,0.0005
25057.78638,14908.19941,49999980,30,0.0005
24999.25076,14090.13451,49999980,30,0.0005
25350.91487,20997.67685,49999980,30,0.0005
25189.75063,14179.21391,49999980,30,0.0005
25044.71239,8853.721337,49999980,30,0.0005
25285.92759,14325.66817,49999980,30,0.0005
25184.19842,10585.53644,49999980,30,0.0005
25001.60364,15194.51605,49999980,30,0.0005
25204.95426,11908.49618,49999980,30,0.0005
25018.54098,20286.90347,49999980,30,0.0005
25125.71272,12903.86439,49999980,30,0.0005
24849.09417,17593.14115,49999980,30,0.0005
24800.11655,15669.56997,49999980,30,0.0005
24723.20082,15833.54235,49999980,30,0.0005
25308.62719,19490.92778,49999980,30,0.0005
25036.05292,22222.11174,49999980,30,0.0005
24803.74884,16465.23512,49999980,30,0.0005
24889.64571,18224.75535,49999980,30,0.0005
24864.81703,17014.81084,49999980,30,0.0005
25181.16336,14042.45179,49999980,30,0.0005
25009.10508,17144.73659,49999980,30,0.0005
24717.61478,29419.42041,49999980,30,0.0005
25248.09668,13976.76508,49999980,30,0.0005
24926.01629,16624.43616,49999980,30,0.0005
25209.83438,19539.66167,49999980,30,0.0005
25240.09586,16149.30468,49999980,30,0.0005
24871.71205,17771.1584,49999980,30,0.0005
25168.25521,20215.1837,49999980,30,0.0005
24780.57315,16262.96168,49999980,30,0.0005
25223.88406,20091.5449,49999980,30,0.0005
25089.81973,14745.19253,49999980,30,0.0005
24921.61326,15207.57349,49999980,30,0.0005
25056.07965,14252.38555,49999980,30,0.0005
24816.48314,10373.99661,49999980,30,0.0005
25135.04961,13319.52531,49999980,30,0.0005
25072.31544,11500.93254,49999980,30,0.0005
25028.02339,17136.94281,49999980,30,0.0005
25435.69011,16211.0497,49999980,30,0.0005
25044.57138,28951.44702,49999980,30,0.0005
24860.90485,16823.90033,49999980,30,0.0005
25121.40951,23350.22493,49999980,30,0.0005
25118.04898,11152.6131,49999980,30,0.0005
24596.51684,12767.45384,49999980,30,0.0005
25009.66962,18811.31862,49999980,30,0.0005
25062.25179,9866.927114,49999980,30,0.0005
24826.64573,20459.55277,49999980,30,0.0005
25291.56281,8852.57898,49999980,30,0.0005
24943.25978,28547.18411,49999980,30,0.0005
25324.92589,12466.80189,49999980,30,0.0005
24737.39091,13481.09345,49999980,30,0.0005
24950.60885,13276.36669,49999980,30,0.0005
24931.8614,14026.42247,49999980,30,0.0005
24983.40372,29012.46789,49999980,30,0.0005
25172.2758,14494.03845,49999980,30,0.0005
24876.34606,9496.693034,49999980,30,0.0005
24978.47205,25661.26814,49999980,30,0.0005
25002.96006,18505.49705,49999980,30,0.0005
25314.95246,11803.04964,49999980,30,0.0005
25000.28358,11832.87883,49999980,30,0.0005
25082.04471,16474.17557,49999980,30,0.0005
25599.1788,14230.00166,49999980,30,0.0005
25252.83436,14332.52243,49999980,30,0.0005
24920.67112,12905.42485,49999980,30,0.0005
24692.30132,15574.93473,49999980,30,0.0005
25217.94138,14552.08392,49999980,30,0.0005
25011.97347,10205.93352,49999980,30,0.0005
25053.56405,18373.85969,49999980,30,0.0005
25181.16964,15594.79027,49999980,30,0.0005
25416.19862,13856.87398,49999980,30,0.0005
25246.42836,15285.45136,49999980,30,0.0005
24757.52596,9950.639928,49999980,30,0.0005
24999.96972,21002.37034,49999980,30,0.0005
25304.87804,18357.15377,49999980,30,0.0005
24913.09162,16011.86974,49999980,30,0.0005
25360.46483,12550.16628,49999980,30,0.0005
24672.58218,19558.2644,50000000,40,0.0005
24938.54568,13827.09439,50000000,40,0.0005
25240.19018,22265.7775,50000000,40,0.0005
24868.89678,17022.18476,50000000,40,0.0005
25350.67249,18684.35279,50000000,40,0.0005
24973.11191,18651.546,50000000,40,0.0005
25076.81806,14950.58363,50000000,40,0.0005
24785.8911,28166.28761,50000000,40,0.0005
24861.66695,18306.53653,50000000,40,0.0005
25058.36811,17291.36981,50000000,40,0.0005
24590.42427,22619.12321,50000000,40,0.0005
24997.43481,13895.56696,50000000,40,0.0005
24960.59163,16724.96648,50000000,40,0.0005
24705.19107,14522.11651,50000000,40,0.0005
24791.5902,22854.46572,50000000,40,0.0005
24898.93178,17848.19828,50000000,40,0.0005
25039.98612,12761.67548,50000000,40,0.0005
24939.75956,16717.86046,50000000,40,0.0005
25024.56205,19550.94132,50000000,40,0.0005
25445.54373,14990.4175,50000000,40,0.0005
25265.82144,29090.77649,50000000,40,0.0005
25092.49066,22818.39688,50000000,40,0.0005
25075.51,17003.52333,50000000,40,0.0005
24959.97472,18357.73426,50000000,40,0.0005
25183.20582,22452.18543,50000000,40,0.0005
24734.84969,15438.94568,50000000,40,0.0005
24650.67359,19825.1413,50000000,40,0.0005
25104.89475,16780.62068,50000000,40,0.0005
24923.83709,17566.20293,50000000,40,0.0005
24781.16596,13648.27918,50000000,40,0.0005
25110.21676,14206.50302,50000000,40,0.0005
24923.16009,18561.90687,50000000,40,0.0005
25070.74741,15577.10555,50000000,40,0.0005
25079.81247,12787.65058,50000000,40,0.0005
24957.09586,13682.05988,50000000,40,0.0005
24869.59482,15850.92577,50000000,40,0.0005
24994.30342,19238.29912,50000000,40,0.0005
25079.55375,15208.69577,50000000,40,0.0005
24965.83141,14937.69424,50000000,40,0.0005
25202.2496,14938.86864,50000000,40,0.0005
25142.54329,17710.65587,50000000,40,0.0005
25130.02075,11093.90632,50000000,40,0.0005
24851.171,13183.90435,50000000,40,0.0005
24804.22878,10588.16029,50000000,40,0.0005
25566.86356,16723.63214,50000000,40,0.0005
24862.64764,15687.31765,50000000,40,0.0005
24887.49405,16331.0716,50000000,40,0.0005
24690.09027,17855.09837,50000000,40,0.0005
24870.87464,16039.9944,50000000,40,0.0005
24904.96364,14743.35528,50000000,40,0.0005
25065.77196,18509.24751,50000000,40,0.0005
24994.35795,14282.97111,50000000,40,0.0005
24978.43998,18489.19559,50000000,40,0.0005
24890.88329,20377.64095,50000000,40,0.0005
25198.61826,21275.91248,50000000,40,0.0005
24800.7549,21700.87321,50000000,40,0.0005
25089.94667,14588.77883,50000000,40,0.0005
25077.99052,14006.19848,50000000,40,0.0005
24745.37966,21827.92302,50000000,40,0.0005
25014.78449,17158.33601,50000000,40,0.0005
25060.61476,15490.63647,50000000,40,0.0005
24994.71046,21831.22663,50000000,40,0.0005
24866.48293,20675.21029,50000000,40,0.0005
25136.35252,16886.97958,50000000,40,0.0005
24689.72028,12749.69151,50000000,40,0.0005
24824.03163,26409.33222,50000000,40,0.0005
24961.09984,17218.74476,50000000,40,0.0005
24795.94011,12668.58274,50000000,40,0.0005
25129.8968,13453.00759,50000000,40,0.0005
25191.82193,21319.75445,50000000,40,0.0005
24842.57144,15528.25751,50000000,40,0.0005
25041.33192,28372.34099,50000000,40,0.0005
24593.67878,20134.39245,50000000,40,0.0005
24767.42069,13325.16597,50000000,40,0.0005
24890.8144,22917.64156,50000000,40,0.0005
25181.141,15934.87385,50000000,40,0.0005
25101.70092,21985.42021,50000000,40,0.0005
25196.11908,16317.00342,50000000,40,0.0005
25266.75971,19049.66252,50000000,40,0.0005
24981.67911,14301.94064,50000000,40,0.0005
24705.34745,14666.30162,50000000,40,0.0005
25151.40844,17758.72062,50000000,40,0.0005
24688.38968,20875.95658,50000000,40,0.0005
25000.98848,15538.57778,50000000,40,0.0005
24891.59845,16853.56268,50000000,40,0.0005
25186.34613,16010.55921,50000000,40,0.0005
24859.85319,15428.53252,50000000,40,0.0005
24789.27212,15696.76031,50000000,40,0.0005
24899.32607,15373.33105,50000000,40,0.0005
25112.20515,14105.68632,50000000,40,0.0005
24997.9049,11668.63207,50000000,40,0.0005
24617.2864,26104.76042,50000000,40,0.0005
24990.1658,17106.05105,50000000,40,0.0005
24929.91078,16400.69885,50000000,40,0.0005
24602.08158,14808.68102,50000000,40,0.0005
25006.99492,16191.8565,50000000,40,0.0005
25168.09228,14260.61293,50000000,40,0.0005
25216.35646,21667.83442,50000000,40,0.0005
24624.12657,22923.70723,50000000,40,0.0005
25097.73419,13426.3432,50000000,40,0.0005
25315.06885,18980.2793,50000000,50,0.0005
25048.05121,13174.71398,50000000,50,0.0005
25007.34234,14540.71106,50000000,50,0.0005
24873.10531,17341.20177,50000000,50,0.0005
24862.29999,16909.42014,50000000,50,0.0005
25196.57824,16093.03693,50000000,50,0.0005
24966.77324,17708.94649,50000000,50,0.0005
24896.143,19621.38927,50000000,50,0.0005
25148.56683,15364.61623,50000000,50,0.0005
25054.73495,20486.70594,50000000,50,0.0005
25112.83554,18432.39518,50000000,50,0.0005
24796.27525,14168.81277,50000000,50,0.0005
25014.68787,15374.48512,50000000,50,0.0005
24914.24328,22702.18,50000000,50,0.0005
25128.08572,16894.98911,50000000,50,0.0005
24955.82008,17975.80397,50000000,50,0.0005
24881.06405,15807.84234,50000000,50,0.0005
24974.97734,22443.68373,50000000,50,0.0005
24678.50661,20992.73329,50000000,50,0.0005
24810.36729,17995.82432,50000000,50,0.0005
25129.61663,16320.93922,50000000,50,0.0005
24900.6025,16184.14085,50000000,50,0.0005
25248.624,14867.45912,50000000,50,0.0005
24918.76882,12951.61266,50000000,50,0.0005
24866.88365,20553.39098,50000000,50,0.0005
25259.9491,13991.78838,50000000,50,0.0005
24928.3306,19842.22952,50000000,50,0.0005
24923.31684,17990.31916,50000000,50,0.0005
24927.46111,12907.53295,50000000,50,0.0005
25139.73145,15068.6619,50000000,50,0.0005
24897.7654,20360.40241,50000000,50,0.0005
24867.53138,10199.97785,50000000,50,0.0005
24935.41449,21311.45475,50000000,50,0.0005
24838.565,14428.40715,50000000,50,0.0005
24649.41447,17567.16978,50000000,50,0.0005
24944.32977,15897.6579,50000000,50,0.0005
25108.6224,16044.07296,50000000,50,0.0005
25451.62999,14655.5483,50000000,50,0.0005
24960.26196,18501.37157,50000000,50,0.0005
24612.09946,16297.96365,50000000,50,0.0005
25091.56579,16170.92063,50000000,50,0.0005
24768.18392,19303.78577,50000000,50,0.0005
24923.0558,18433.09379,50000000,50,0.0005
25317.32506,15230.09856,50000000,50,0.0005
24827.74943,16693.4148,50000000,50,0.0005
25231.55284,20290.48578,50000000,50,0.0005
24883.63785,18673.02333,50000000,50,0.0005
24944.55332,16057.67712,50000000,50,0.0005
24883.52849,18975.56483,50000000,50,0.0005
24947.37513,20552.2272,50000000,50,0.0005
25005.39061,18292.78906,50000000,50,0.0005
24985.57765,22495.04988,50000000,50,0.0005
25000.06445,16034.93631,50000000,50,0.0005
24882.36151,20726.67691,50000000,50,0.0005
25018.14666,16003.18023,50000000,50,0.0005
24912.21371,18336.03159,50000000,50,0.0005
24929.51363,14950.02391,50000000,50,0.0005
24942.2011,16623.39728,50000000,50,0.0005
25411.26008,14394.88929,50000000,50,0.0005
25432.9106,14635.91636,50000000,50,0.0005
25062.27187,16166.93244,50000000,50,0.0005
25065.14867,38143.0979,50000000,50,0.0005
25019.29686,28671.67194,50000000,50,0.0005
24742.61127,18440.66974,50000000,50,0.0005
25063.60043,14064.98047,50000000,50,0.0005
25151.79093,18412.63488,50000000,50,0.0005
25319.59455,18699.06383,50000000,50,0.0005
25385.25476,15044.81392,50000000,50,0.0005
25309.1101,15811.02596,50000000,50,0.0005
25052.3311,20217.76095,50000000,50,0.0005
24779.23948,20266.27427,50000000,50,0.0005
25252.40426,12617.34764,50000000,50,0.0005
24827.85828,24464.11981,50000000,50,0.0005
25075.87039,12019.03231,50000000,50,0.0005
25090.06667,15905.80355,50000000,50,0.0005
24791.46359,18646.38095,50000000,50,0.0005
24700.65544,16175.49456,50000000,50,0.0005
24715.89516,20968.45552,50000000,50,0.0005
24628.12198,27263.44908,50000000,50,0.0005
25021.30728,21636.52876,50000000,50,0.0005
24948.7304,15693.2975,50000000,50,0.0005
25073.45715,15940.47011,50000000,50,0.0005
24853.61372,16226.71867,50000000,50,0.0005
24747.42262,22919.3176,50000000,50,0.0005
25161.64348,16524.56314,50000000,50,0.0005
25138.90258,14634.31245,50000000,50,0.0005
24941.34306,18571.48281,50000000,50,0.0005
25096.20289,26417.59798,50000000,50,0.0005
24940.44796,16630.18777,50000000,50,0.0005
24878.54684,20121.2874,50000000,50,0.0005
25041.84609,13093.6426,50000000,50,0.0005
25418.31713,25716.7172,50000000,50,0.0005
25000.47953,16146.96842,50000000,50,0.0005
24693.34233,14211.34584,50000000,50,0.0005
24751.54564,21851.2565,50000000,50,0.0005
25007.578,17931.62404,50000000,50,0.0005
25115.50613,17235.65879,50000000,50,0.0005
24894.88534,21032.12958,50000000,50,0.0005
24793.44257,21635.9194,50000000,50,0.0005
25054.3799,20350.10966,50000000,50,0.0005
24890.89949,24259.78402,49999950,70,0.0005
25216.49611,15072.78019,49999950,70,0.0005
25298.97937,20949.1877,49999950,70,0.0005
25201.71902,30331.83644,49999950,70,0.0005
24989.3687,16577.77646,49999950,70,0.0005
25042.32938,24667.39698,49999950,70,0.0005
24767.09585,19860.90144,49999950,70,0.0005
25036.44458,22622.97187,49999950,70,0.0005
24858.59294,22778.64568,49999950,70,0.0005
25175.8446,23622.50685,49999950,70,0.0005
25234.42781,24015.84984,49999950,70,0.0005
24977.83305,19169.09302,49999950,70,0.0005
24925.71531,20119.27752,49999950,70,0.0005
24908.26373,24089.3605,49999950,70,0.0005
24487.94153,20052.79066,49999950,70,0.0005
25155.18317,20534.21663,49999950,70,0.0005
25123.02752,21729.11294,49999950,70,0.0005
24909.9236,17380.24971,49999950,70,0.0005
24994.81155,20090.79594,49999950,70,0.0005
24953.49061,15114.97813,49999950,70,0.0005
25191.82575,18284.33894,49999950,70,0.0005
25398.0228,22245.26838,49999950,70,0.0005
25041.42199,19050.28955,49999950,70,0.0005
25018.38812,22468.78802,49999950,70,0.0005
25300.66704,15890.68938,49999950,70,0.0005
24603.20775,25821.26403,49999950,70,0.0005
24596.42491,25037.94075,49999950,70,0.0005
25059.07702,17271.49267,49999950,70,0.0005
24972.92897,13807.85804,49999950,70,0.0005
25279.27632,14745.79065,49999950,70,0.0005
25061.52044,18142.97742,49999950,70,0.0005
24714.99918,19729.5027,49999950,70,0.0005
25045.0579,17587.49654,49999950,70,0.0005
25447.45242,17515.20822,49999950,70,0.0005
25158.82744,23323.16477,49999950,70,0.0005
25127.71335,20706.58012,49999950,70,0.0005
25026.78099,20063.13779,49999950,70,0.0005
24986.66435,15731.64116,49999950,70,0.0005
24965.47441,19367.71714,49999950,70,0.0005
24993.5785,17176.26804,49999950,70,0.0005
24912.2207,22461.33499,49999950,70,0.0005
24848.37427,17223.52562,49999950,70,0.0005
24717.47631,15891.62498,49999950,70,0.0005
24688.72382,13777.29195,49999950,70,0.0005
25066.75024,22022.15251,49999950,70,0.0005
24984.76391,16037.34597,49999950,70,0.0005
25113.26694,17241.18872,49999950,70,0.0005
25193.31695,23045.81934,49999950,70,0.0005
24687.09218,18941.47667,49999950,70,0.0005
25236.19164,26179.01593,49999950,70,0.0005
24936.17192,16581.4546,49999950,70,0.0005
24670.71899,20328.02353,49999950,70,0.0005
24972.72576,20940.31337,49999950,70,0.0005
24971.40024,21131.5799,49999950,70,0.0005
25141.68474,12972.25248,49999950,70,0.0005
24804.14029,18408.49594,49999950,70,0.0005
25026.07823,26748.58545,49999950,70,0.0005
25031.46251,16814.75668,49999950,70,0.0005
25020.93694,21658.21899,49999950,70,0.0005
25052.34231,19805.28023,49999950,70,0.0005
25170.33184,21371.97629,49999950,70,0.0005
25175.24736,20300.08546,49999950,70,0.0005
24925.49572,24425.9524,49999950,70,0.0005
24903.77997,16685.87004,49999950,70,0.0005
24907.64158,26291.31147,49999950,70,0.0005
24999.84624,17631.69434,49999950,70,0.0005
25266.99753,22633.04809,49999950,70,0.0005
25386.04981,13703.57055,49999950,70,0.0005
24982.43586,15962.03318,49999950,70,0.0005
24639.11945,19070.39211,49999950,70,0.0005
24904.70248,17079.76469,49999950,70,0.0005
24875.00511,15175.16386,49999950,70,0.0005
25021.51447,18173.27152,49999950,70,0.0005
25025.76089,22938.97352,49999950,70,0.0005
24639.52072,15403.13364,49999950,70,0.0005
25023.21928,25328.62655,49999950,70,0.0005
25088.54157,17170.70149,49999950,70,0.0005
24886.56231,18278.70354,49999950,70,0.0005
25406.35006,19733.94659,49999950,70,0.0005
25003.50384,22589.45612,49999950,70,0.0005
24857.88499,23535.86842,49999950,70,0.0005
25114.48182,18989.49685,49999950,70,0.0005
25124.75678,26217.59452,49999950,70,0.0005
25201.3263,17233.35481,49999950,70,0.0005
24808.34314,15147.69192,49999950,70,0.0005
25191.74967,23139.62917,49999950,70,0.0005
25220.34136,18349.27445,49999950,70,0.0005
25022.3727,23035.80044,49999950,70,0.0005
24934.99571,16113.6507,49999950,70,0.0005
24754.04731,21765.20817,49999950,70,0.0005
24643.45431,17880.57691,49999950,70,0.0005
24626.7402,21713.19898,49999950,70,0.0005
24999.04496,21320.56936,49999950,70,0.0005
25249.99371,21313.68186,49999950,70,0.0005
25052.99389,16886.69838,49999950,70,0.0005
25129.51031,15604.33901,49999950,70,0.0005
24925.09364,20937.93453,49999950,70,0.0005
24885.30386,20230.14363,49999950,70,0.0005
24833.8652,17826.0858,49999950,70,0.0005
25328.87021,18960.98538,49999950,70,0.0005
24791.90016,23743.89346,50000000,100,0.0005
25355.6476,20022.76399,50000000,100,0.0005
25358.05302,22054.09538,50000000,100,0.0005
25045.41757,21446.24439,50000000,100,0.0005
25164.96942,14493.12384,50000000,100,0.0005
25114.14945,21872.9691,50000000,100,0.0005
25005.45198,17848.58195,50000000,100,0.0005
24571.73657,21464.18467,50000000,100,0.0005
25135.79708,19504.30287,50000000,100,0.0005
25145.09885,22829.26028,50000000,100,0.0005
25265.0167,18926.32796,50000000,100,0.0005
25123.11142,22904.04858,50000000,100,0.0005
25199.57961,17653.79372,50000000,100,0.0005
24892.4551,16366.31144,50000000,100,0.0005
24774.59855,20254.69469,50000000,100,0.0005
25126.98229,16089.10208,50000000,100,0.0005
25074.31336,23240.90118,50000000,100,0.0005
25123.32814,20738.91956,50000000,100,0.0005
25085.53898,19499.43131,50000000,100,0.0005
25069.19802,19801.71898,50000000,100,0.0005
24911.37982,19430.19044,50000000,100,0.0005
25009.11692,17018.27055,50000000,100,0.0005
24906.24946,22487.53408,50000000,100,0.0005
25052.96354,20707.64582,50000000,100,0.0005
24866.22943,22348.16479,50000000,100,0.0005
24874.14899,18122.83198,50000000,100,0.0005
25135.95588,18884.97026,50000000,100,0.0005
24916.8215,21544.22704,50000000,100,0.0005
25046.06612,19020.78131,50000000,100,0.0005
24979.37006,15753.61274,50000000,100,0.0005
24920.57301,21508.82991,50000000,100,0.0005
24952.59939,22678.74784,50000000,100,0.0005
24770.84121,22305.96989,50000000,100,0.0005
24859.18443,23979.28712,50000000,100,0.0005
25236.44431,22677.74862,50000000,100,0.0005
24979.33292,16308.41334,50000000,100,0.0005
24963.87979,22820.98896,50000000,100,0.0005
24951.26141,19142.9841,50000000,100,0.0005
25116.55578,16635.70573,50000000,100,0.0005
25195.63131,20224.35624,50000000,100,0.0005
25006.65924,27956.79553,50000000,100,0.0005
25084.13083,18213.95118,50000000,100,0.0005
25378.51011,18705.34627,50000000,100,0.0005
24659.83054,22479.85596,50000000,100,0.0005
24996.68164,22387.06642,50000000,100,0.0005
25107.44434,18323.82789,50000000,100,0.0005
24664.41726,17353.92646,50000000,100,0.0005
25438.62034,26315.35534,50000000,100,0.0005
25200.34442,18983.95464,50000000,100,0.0005
24932.55308,18562.9949,50000000,100,0.0005
25026.21327,22021.65853,50000000,100,0.0005
25166.02155,19541.75094,50000000,100,0.0005
24585.44248,20572.85671,50000000,100,0.0005
24915.38924,21301.58521,50000000,100,0.0005
24857.49289,18822.95688,50000000,100,0.0005
24977.37295,20326.51956,50000000,100,0.0005
25061.59485,21347.58799,50000000,100,0.0005
25133.54715,19367.66492,50000000,100,0.0005
25376.78224,22803.1513,50000000,100,0.0005
25445.43887,19721.40664,50000000,100,0.0005
25036.59649,20037.26044,50000000,100,0.0005
24937.54752,16610.02353,50000000,100,0.0005
25134.44595,19593.45795,50000000,100,0.0005
24802.35701,24499.75081,50000000,100,0.0005
24829.62568,22506.5755,50000000,100,0.0005
24913.85503,16881.39037,50000000,100,0.0005
25119.95624,24628.09223,50000000,100,0.0005
24707.23678,17069.0776,50000000,100,0.0005
25082.8577,18113.56779,50000000,100,0.0005
24997.98569,22255.7863,50000000,100,0.0005
25053.75509,23294.63532,50000000,100,0.0005
25280.25606,17731.77428,50000000,100,0.0005
24941.2736,19228.10518,50000000,100,0.0005
25005.768,18816.33375,50000000,100,0.0005
24693.85264,18079.93559,50000000,100,0.0005
24657.90234,20336.66144,50000000,100,0.0005
25190.7217,17339.10468,50000000,100,0.0005
24973.02756,21704.18915,50000000,100,0.0005
24639.42486,18174.70571,50000000,100,0.0005
25203.3663,20800.26563,50000000,100,0.0005
24962.2529,22328.99291,50000000,100,0.0005
24944.50108,26223.31662,50000000,100,0.0005
24914.24443,21754.40779,50000000,100,0.0005
24949.46142,19015.58554,50000000,100,0.0005
25099.92445,20762.46316,50000000,100,0.0005
24620.49254,20834.40559,50000000,100,0.0005
24814.97337,28307.12073,50000000,100,0.0005
24892.59795,19345.73635,50000000,100,0.0005
24917.66015,27044.92735,50000000,100,0.0005
25300.21978,18375.39106,50000000,100,0.0005
24928.66698,24564.3395,50000000,100,0.0005
25156.30198,22632.29413,50000000,100,0.0005
24822.76001,20970.34485,50000000,100,0.0005
24708.02256,22690.04911,50000000,100,0.0005
24925.02367,18439.22344,50000000,100,0.0005
25066.4278,21367.39006,50000000,100,0.0005
25174.81208,24801.64727,50000000,100,0.0005
24966.52399,22813.49123,50000000,100,0.0005
24925.06151,24042.07137,50000000,100,0.0005
24953.20745,19569.50589,50000000,100,0.0005
24901.0073,19629.50165,49999880,140,0.0005
24609.92669,22385.14665,49999880,140,0.0005
25049.70542,20231.67806,49999880,140,0.0005
25241.64942,23748.25093,49999880,140,0.0005
24948.29073,24780.25638,49999880,140,0.0005
25142.65255,23021.80031,49999880,140,0.0005
25058.34455,26917.29547,49999880,140,0.0005
24781.344,19132.86124,49999880,140,0.0005
25265.53713,20484.06251,49999880,140,0.0005
24905.91082,26503.98959,49999880,140,0.0005
25041.88471,18516.94927,49999880,140,0.0005
24948.06951,25261.20039,49999880,140,0.0005
25050.61213,22452.55464,49999880,140,0.0005
24730.64362,23823.77596,49999880,140,0.0005
25225.13523,24229.34098,49999880,140,0.0005
25041.1087,21276.62222,49999880,140,0.0005
25439.44754,23002.07979,49999880,140,0.0005
25154.84976,23778.74901,49999880,140,0.0005
24734.09813,28166.56195,49999880,140,0.0005
25205.28304,29053.71301,49999880,140,0.0005
24830.21359,28279.77964,49999880,140,0.0005
24874.26271,23254.08024,49999880,140,0.0005
24865.32301,19505.24455,49999880,140,0.0005
24787.18942,18594.97441,49999880,140,0.0005
25180.0819,16922.29572,49999880,140,0.0005
25199.07278,23164.86357,49999880,140,0.0005
25256.89209,19051.40824,49999880,140,0.0005
25165.35937,22229.69923,49999880,140,0.0005
25064.47947,25089.59658,49999880,140,0.0005
25046.26749,21350.64409,49999880,140,0.0005
25082.45805,22119.53419,49999880,140,0.0005
25119.1782,19056.57154,49999880,140,0.0005
25034.35995,18556.83111,49999880,140,0.0005
25043.99871,22391.02446,49999880,140,0.0005
24995.53398,20333.22539,49999880,140,0.0005
24859.05121,25876.20089,49999880,140,0.0005
25207.26051,18134.23845,49999880,140,0.0005
24997.08378,18405.02485,49999880,140,0.0005
25179.25121,25339.03476,49999880,140,0.0005
24975.97108,27450.70553,49999880,140,0.0005
24890.57886,18108.66971,49999880,140,0.0005
24963.67526,22191.77066,49999880,140,0.0005
25079.37927,25932.32792,49999880,140,0.0005
24844.42807,20043.90431,49999880,140,0.0005
24912.61403,22674.25796,49999880,140,0.0005
25009.15064,18050.9649,49999880,140,0.0005
24955.72455,23814.91221,49999880,140,0.0005
25031.66566,27213.67552,49999880,140,0.0005
24804.11951,18344.83203,49999880,140,0.0005
25353.43627,19849.55282,49999880,140,0.0005
24881.37468,26569.4817,49999880,140,0.0005
24616.68411,19649.95439,49999880,140,0.0005
24907.78713,20979.90109,49999880,140,0.0005
25212.9629,18846.55821,49999880,140,0.0005
24887.42483,20103.92,49999880,140,0.0005
24823.98451,22805.79305,49999880,140,0.0005
25018.78154,20239.01081,49999880,140,0.0005
25351.7927,19649.71892,49999880,140,0.0005
24875.37898,25100.08521,49999880,140,0.0005
25008.10451,24386.42037,49999880,140,0.0005
24952.19709,23038.72871,49999880,140,0.0005
25111.07086,20779.25927,49999880,140,0.0005
24902.70849,19077.03568,49999880,140,0.0005
24936.11282,19749.27467,49999880,140,0.0005
24889.87736,22967.38239,49999880,140,0.0005
24729.15064,21382.11188,49999880,140,0.0005
24756.3825,22079.05072,49999880,140,0.0005
24806.9735,19592.12659,49999880,140,0.0005
24644.30877,23888.75818,49999880,140,0.0005
24929.78768,23848.40254,49999880,140,0.0005
25198.06644,21289.68367,49999880,140,0.0005
25113.81475,24785.35721,49999880,140,0.0005
25180.56684,20260.73195,49999880,140,0.0005
25212.28828,20349.17281,49999880,140,0.0005
24514.68175,20002.84129,49999880,140,0.0005
24830.28665,20905.10488,49999880,140,0.0005
25040.2547,25659.3517,49999880,140,0.0005
24993.45168,24226.0599,49999880,140,0.0005
25001.9854,21665.31497,49999880,140,0.0005
24775.36757,24021.93101,49999880,140,0.0005
25107.10652,19609.87197,49999880,140,0.0005
24926.3931,22580.21367,49999880,140,0.0005
25204.36333,22612.13819,49999880,140,0.0005
25144.4961,17580.70087,49999880,140,0.0005
25051.01639,22666.84196,49999880,140,0.0005
24855.90723,20516.0498,49999880,140,0.0005
25177.74134,19163.69424,49999880,140,0.0005
25022.46441,24880.25919,49999880,140,0.0005
24913.72753,23865.50114,49999880,140,0.0005
24889.49182,24079.98445,49999880,140,0.0005
24705.56633,17625.78136,49999880,140,0.0005
24816.58812,19745.24322,49999880,140,0.0005
25189.78012,23220.97143,49999880,140,0.0005
25032.35646,23736.94761,49999880,140,0.0005
25064.89291,19210.40599,49999880,140,0.0005
25037.57962,21324.94912,49999880,140,0.0005
25102.50277,17168.58025,49999880,140,0.0005
25113.98588,22288.59656,49999880,140,0.0005
24678.36646,21153.11347,49999880,140,0.0005
25021.62489,20297.45013,49999880,140,0.0005
24936.52484,20112.17786,49999950,210,0.0005
25072.22926,22785.95492,49999950,210,0.0005
24896.37264,21409.18323,49999950,210,0.0005
25101.68138,22875.90397,49999950,210,0.0005
24813.25993,20200.21843,49999950,210,0.0005
24536.09161,22122.48696,49999950,210,0.0005
24981.28206,21695.77903,49999950,210,0.0005
25004.64345,18257.30142,49999950,210,0.0005
25066.35021,24019.80884,49999950,210,0.0005
24693.29846,21052.57875,49999950,210,0.0005
25165.62183,24104.54052,49999950,210,0.0005
24781.52889,24467.81148,49999950,210,0.0005
24898.98425,20665.33103,49999950,210,0.0005
24870.3876,22654.00158,49999950,210,0.0005
24847.42353,23124.4265,49999950,210,0.0005
24856.47388,22177.70103,49999950,210,0.0005
24904.41995,23774.40076,49999950,210,0.0005
25422.00054,24518.90484,49999950,210,0.0005
24915.07552,20917.42347,49999950,210,0.0005
24777.25304,22791.01887,49999950,210,0.0005
24957.38623,25050.51525,49999950,210,0.0005
24878.74532,27927.02424,49999950,210,0.0005
25195.33662,23863.36427,49999950,210,0.0005
24497.09973,22381.66893,49999950,210,0.0005
25024.52016,22040.71104,49999950,210,0.0005
25033.06034,24076.13617,49999950,210,0.0005
25059.10775,22326.24427,49999950,210,0.0005
25122.71351,19791.86976,49999950,210,0.0005
25179.78063,25087.83083,49999950,210,0.0005
24712.28193,23593.90115,49999950,210,0.0005
25154.10121,27188.41308,49999950,210,0.0005
24967.56929,21901.36528,49999950,210,0.0005
24922.08835,20863.39433,49999950,210,0.0005
25105.05771,21243.13555,49999950,210,0.0005
24997.26871,24269.84248,49999950,210,0.0005
25153.59421,22873.73974,49999950,210,0.0005
25192.72825,24159.94407,49999950,210,0.0005
24882.38098,22997.00015,49999950,210,0.0005
24973.88684,26993.94474,49999950,210,0.0005
25040.18636,27126.75455,49999950,210,0.0005
24988.84379,25460.56331,49999950,210,0.0005
25055.32409,22005.17373,49999950,210,0.0005
24995.89485,24500.4706,49999950,210,0.0005
25073.90434,23752.97155,49999950,210,0.0005
24745.98773,22001.89484,49999950,210,0.0005
24960.49515,26931.2838,49999950,210,0.0005
25444.03062,23443.73525,49999950,210,0.0005
24957.68615,19891.18093,49999950,210,0.0005
24939.06787,20384.96269,49999950,210,0.0005
25225.02076,20825.32339,49999950,210,0.0005
24946.42492,22982.4188,49999950,210,0.0005
24781.04616,20862.45673,49999950,210,0.0005
25034.39589,23706.89549,49999950,210,0.0005
24884.44541,22236.25896,49999950,210,0.0005
25037.90309,22820.32064,49999950,210,0.0005
24814.29044,22500.14199,49999950,210,0.0005
24855.31384,23417.75535,49999950,210,0.0005
25107.90274,22237.30982,49999950,210,0.0005
24929.42509,25421.10072,49999950,210,0.0005
25364.15625,25231.18695,49999950,210,0.0005
24897.99252,26378.93065,49999950,210,0.0005
24769.75619,23556.59611,49999950,210,0.0005
24713.80334,24907.72794,49999950,210,0.0005
24823.29274,22865.73063,49999950,210,0.0005
25301.52091,20552.86797,49999950,210,0.0005
25214.92091,28667.81591,49999950,210,0.0005
24898.39922,22817.85765,49999950,210,0.0005
25112.19359,29385.53562,49999950,210,0.0005
24766.78301,21460.42668,49999950,210,0.0005
25109.28877,21593.66203,49999950,210,0.0005
25035.50861,18691.16836,49999950,210,0.0005
24879.63374,18641.97883,49999950,210,0.0005
25003.36686,26118.21742,49999950,210,0.0005
25143.82048,23889.70093,49999950,210,0.0005
24780.38986,19034.88926,49999950,210,0.0005
25474.78197,29691.75713,49999950,210,0.0005
25085.34177,23332.56823,49999950,210,0.0005
25452.25466,22091.0143,49999950,210,0.0005
24953.45517,20684.02953,49999950,210,0.0005
25171.5783,25352.85627,49999950,210,0.0005
24937.07351,22782.46027,49999950,210,0.0005
25245.18409,24889.36353,49999950,210,0.0005
24949.02363,22696.59532,49999950,210,0.0005
25157.82413,18696.1987,49999950,210,0.0005
25049.00832,23607.3798,49999950,210,0.0005
24882.06739,21683.48089,49999950,210,0.0005
24900.62433,23008.47117,49999950,210,0.0005
24944.42059,23428.95214,49999950,210,0.0005
25106.3792,22744.82826,49999950,210,0.0005
25121.13474,22616.85856,49999950,210,0.0005
24828.60538,29719.84344,49999950,210,0.0005
25038.07603,24628.00266,49999950,210,0.0005
24854.26289,26438.36149,49999950,210,0.0005
24844.68287,18988.01412,49999950,210,0.0005
25062.07533,24040.80673,49999950,210,0.0005
24837.48109,22256.07816,49999950,210,0.0005
24914.00507,24734.51462,49999950,210,0.0005
25053.05387,29013.68564,49999950,210,0.0005
24788.38497,24619.08239,49999950,210,0.0005
25296.01577,23622.42117,49999950,210,0.0005
24576.28333,21261.96884,49999950,350,0.0005
25142.33631,23764.44743,49999950,350,0.0005
24939.73451,25490.4165,49999950,350,0.0005
24885.41537,22386.033,49999950,350,0.0005
25028.30526,24534.74807,49999950,350,0.0005
25083.45874,26675.41605,49999950,350,0.0005
25009.79749,23984.05453,49999950,350,0.0005
24795.72227,22285.28175,49999950,350,0.0005
25060.20364,24271.16826,49999950,350,0.0005
25107.64237,20172.21299,49999950,350,0.0005
25104.75757,23387.26678,49999950,350,0.0005
24978.88803,28734.85498,49999950,350,0.0005
24909.3058,23739.80147,49999950,350,0.0005
25233.41432,21926.89219,49999950,350,0.0005
25176.50253,26473.31958,49999950,350,0.0005
24731.45701,20238.63531,49999950,350,0.0005
24919.42756,23316.74459,49999950,350,0.0005
24918.60992,23391.94596,49999950,350,0.0005
24565.8114,22585.44607,49999950,350,0.0005
25203.58826,25721.63687,49999950,350,0.0005
25135.52788,23847.21678,49999950,350,0.0005
25036.03421,26678.86585,49999950,350,0.0005
24783.6184,22352.01762,49999950,350,0.0005
25016.07237,23696.83995,49999950,350,0.0005
25146.76316,23828.19148,49999950,350,0.0005
24932.79003,24551.67283,49999950,350,0.0005
24826.46974,25015.30858,49999950,350,0.0005
25127.27291,24056.55093,49999950,350,0.0005
25105.94383,23585.68669,49999950,350,0.0005
25326.24849,21492.27679,49999950,350,0.0005
25219.10754,24579.5035,49999950,350,0.0005
24801.53092,22405.61382,49999950,350,0.0005
25040.52706,22144.64417,49999950,350,0.0005
25007.42915,26069.20643,49999950,350,0.0005
25075.35407,22687.34752,49999950,350,0.0005
24889.10727,22863.79385,49999950,350,0.0005
25168.93833,22793.7441,49999950,350,0.0005
25114.49049,23730.95954,49999950,350,0.0005
25042.34881,24874.96548,49999950,350,0.0005
25032.98905,23560.43304,49999950,350,0.0005
24613.43082,21881.26051,49999950,350,0.0005
25159.49445,22244.30204,49999950,350,0.0005
24862.36238,24053.8443,49999950,350,0.0005
24885.16596,23677.6478,49999950,350,0.0005
25042.20085,25467.885,49999950,350,0.0005
24946.62706,25380.16399,49999950,350,0.0005
25047.71364,25949.20985,49999950,350,0.0005
24822.86395,24670.70152,49999950,350,0.0005
24902.42728,23560.15802,49999950,350,0.0005
25027.51646,26615.23788,49999950,350,0.0005
24819.80323,22827.47255,49999950,350,0.0005
25070.10688,25165.6083,49999950,350,0.0005
24557.11459,21840.69473,49999950,350,0.0005
24893.7492,20726.02192,49999950,350,0.0005
25258.98883,23240.11642,49999950,350,0.0005
25261.97175,23409.75046,49999950,350,0.0005
25234.99643,24174.81272,49999950,350,0.0005
25056.28508,25686.53555,49999950,350,0.0005
25291.45979,23871.83708,49999950,350,0.0005
25093.80418,23743.43323,49999950,350,0.0005
25254.87141,22922.65723,49999950,350,0.0005
25033.91234,21756.12272,49999950,350,0.0005
25175.31906,25849.98981,49999950,350,0.0005
24946.94149,26436.05526,49999950,350,0.0005
25003.66008,22917.3621,49999950,350,0.0005
24714.6556,24794.47224,49999950,350,0.0005
25008.81479,24691.52991,49999950,350,0.0005
25030.99154,22309.41493,49999950,350,0.0005
24782.2793,23521.49075,49999950,350,0.0005
25204.67388,25614.54407,49999950,350,0.0005
24693.98879,24208.01419,49999950,350,0.0005
24952.76324,23243.67691,49999950,350,0.0005
24895.01884,22998.9694,49999950,350,0.0005
24935.04449,24105.9793,49999950,350,0.0005
25062.19045,23421.32963,49999950,350,0.0005
25276.34133,23370.53732,49999950,350,0.0005
25015.01313,27368.50701,49999950,350,0.0005
24834.92153,23153.36301,49999950,350,0.0005
24794.4495,24846.34697,49999950,350,0.0005
25015.14843,23397.66453,49999950,350,0.0005
24895.32964,26653.71651,49999950,350,0.0005
25188.82552,25932.55654,49999950,350,0.0005
25232.75563,25816.46782,49999950,350,0.0005
24937.55951,21307.43825,49999950,350,0.0005
24894.9205,26217.81039,49999950,350,0.0005
25165.3375,24001.88133,49999950,350,0.0005
25274.29838,26473.35521,49999950,350,0.0005
24776.43796,25897.44443,49999950,350,0.0005
25079.25858,22705.90922,49999950,350,0.0005
24938.04609,22000.64839,49999950,350,0.0005
25012.5804,18753.65753,49999950,350,0.0005
25090.0451,23528.82504,49999950,350,0.0005
25031.23677,25633.25576,49999950,350,0.0005
24866.76281,23633.61387,49999950,350,0.0005
25042.24123,25899.73397,49999950,350,0.0005
24641.77457,28276.96851,49999950,350,0.0005
25031.45581,24969.16258,49999950,350,0.0005
25084.36343,26140.15359,49999950,350,0.0005
25111.77682,23142.89726,49999950,350,0.0005
24798.61226,25250.22226,49999950,350,0.0005
25022.77184,22766.57864,50000000,500,0.0005
25202.14301,25159.62023,50000000,500,0.0005
25113.46009,23952.30757,50000000,500,0.0005
24902.21808,24618.99719,50000000,500,0.0005
25153.53013,23591.71094,50000000,500,0.0005
24844.02213,22896.52802,50000000,500,0.0005
25002.84637,22708.14595,50000000,500,0.0005
25054.63096,24902.96319,50000000,500,0.0005
24788.8365,23990.75422,50000000,500,0.0005
25129.31487,27725.98647,50000000,500,0.0005
25122.96081,21905.02922,50000000,500,0.0005
25219.90221,24138.82914,50000000,500,0.0005
25091.93129,25012.72969,50000000,500,0.0005
24851.93431,21959.93894,50000000,500,0.0005
25302.33333,28167.74126,50000000,500,0.0005
25028.11383,23437.71534,50000000,500,0.0005
25016.4206,24620.09184,50000000,500,0.0005
25219.07728,24356.60025,50000000,500,0.0005
25030.49323,24999.78936,50000000,500,0.0005
25047.53034,25561.78779,50000000,500,0.0005
25020.33561,24775.76372,50000000,500,0.0005
24969.1572,24217.54642,50000000,500,0.0005
24870.09671,22581.06049,50000000,500,0.0005
25110.09433,21881.60637,50000000,500,0.0005
24915.82271,23052.53158,50000000,500,0.0005
24944.99019,24654.71668,50000000,500,0.0005
24970.71974,25684.26204,50000000,500,0.0005
25144.17001,22965.00413,50000000,500,0.0005
24922.87212,25253.86631,50000000,500,0.0005
24892.82142,24653.72998,50000000,500,0.0005
24882.86536,22717.27081,50000000,500,0.0005
25022.64217,24313.04409,50000000,500,0.0005
24820.4725,24836.71662,50000000,500,0.0005
25108.43592,21921.96131,50000000,500,0.0005
24981.40438,25973.83674,50000000,500,0.0005
25079.03916,25145.99015,50000000,500,0.0005
25049.94499,25899.05171,50000000,500,0.0005
24960.19373,21640.77062,50000000,500,0.0005
24969.00649,24866.26254,50000000,500,0.0005
24920.37836,23651.72929,50000000,500,0.0005
25039.92623,25925.15268,50000000,500,0.0005
24938.38697,25645.25279,50000000,500,0.0005
25266.25881,27078.82054,50000000,500,0.0005
25282.03559,23290.55314,50000000,500,0.0005
24807.43796,25284.164,50000000,500,0.0005
25004.85505,22023.09463,50000000,500,0.0005
25150.97995,23648.11065,50000000,500,0.0005
24993.63103,22489.86573,50000000,500,0.0005
24944.6589,23080.91191,50000000,500,0.0005
25053.51472,22417.42786,50000000,500,0.0005
25131.93771,27250.90236,50000000,500,0.0005
25005.55618,22965.28452,50000000,500,0.0005
24904.23223,23413.47684,50000000,500,0.0005
25132.49223,22476.20703,50000000,500,0.0005
25011.3884,22302.71551,50000000,500,0.0005
25188.66806,23627.8937,50000000,500,0.0005
24991.96882,25754.65206,50000000,500,0.0005
24763.99102,24052.2151,50000000,500,0.0005
24899.33145,26260.20972,50000000,500,0.0005
25226.13856,23431.36175,50000000,500,0.0005
24912.82083,21655.41759,50000000,500,0.0005
24975.85777,27494.57781,50000000,500,0.0005
25068.16318,23095.0368,50000000,500,0.0005
25371.58781,24156.92722,50000000,500,0.0005
24953.60701,23369.55514,50000000,500,0.0005
24776.84826,22285.61917,50000000,500,0.0005
24806.19403,23302.00489,50000000,500,0.0005
24925.2573,24780.23807,50000000,500,0.0005
25074.62464,25879.20028,50000000,500,0.0005
24718.388,23667.31097,50000000,500,0.0005
24902.6735,21792.86582,50000000,500,0.0005
24880.30786,25007.80087,50000000,500,0.0005
25352.99302,23246.12298,50000000,500,0.0005
24923.55597,25124.55335,50000000,500,0.0005
24731.0748,23430.30778,50000000,500,0.0005
25294.92689,22066.83354,50000000,500,0.0005
25001.48321,25256.17229,50000000,500,0.0005
25004.22866,24045.7887,50000000,500,0.0005
24878.98474,23619.54059,50000000,500,0.0005
25048.2548,24598.79687,50000000,500,0.0005
24880.76716,23573.47176,50000000,500,0.0005
24935.57855,23926.04435,50000000,500,0.0005
24900.40284,21882.53382,50000000,500,0.0005
24658.87895,21336.44354,50000000,500,0.0005
25099.54234,23384.93839,50000000,500,0.0005
25129.42509,26111.31654,50000000,500,0.0005
24982.19467,22623.48315,50000000,500,0.0005
24843.29618,22232.64186,50000000,500,0.0005
25142.76303,23774.77815,50000000,500,0.0005
25101.46475,24493.42068,50000000,500,0.0005
25212.18616,25757.40288,50000000,500,0.0005
24973.99546,22286.8667,50000000,500,0.0005
25180.21461,22946.20429,50000000,500,0.0005
24854.46918,24730.21704,50000000,500,0.0005
25469.33611,23917.46214,50000000,500,0.0005
25209.04856,24197.31983,50000000,500,0.0005
25059.47375,24728.34206,50000000,500,0.0005
25241.09787,23378.36945,50000000,500,0.0005
24928.16724,25660.53812,50000000,500,0.0005
24949.7282,22726.98726,50000000,500,0.0005
49589.17705,24354.70244,50000000,10,0.001
49992.12763,16653.9141,50000000,10,0.001
49538.05594,12795.07379,50000000,10,0.001
49593.46672,9751.553385,50000000,10,0.001
50057.79949,7141.100708,50000000,10,0.001
50154.8721,9897.285653,50000000,10,0.001
50207.08751,10297.40862,50000000,10,0.001
49894.38555,9854.165196,50000000,10,0.001
49768.05689,11529.34846,50000000,10,0.001
50008.25705,12866.79792,50000000,10,0.001
49527.29752,25844.80815,50000000,10,0.001
50248.18865,12891.76834,50000000,10,0.001
49512.62434,13596.10719,50000000,10,0.001
50718.01661,6823.530687,50000000,10,0.001
50292.80729,13269.21804,50000000,10,0.001
50158.66385,15216.33518,50000000,10,0.001
50304.06356,18126.60655,50000000,10,0.001
50117.38855,10923.66407,50000000,10,0.001
49584.92099,10300.05896,50000000,10,0.001
49731.26057,8344.684144,50000000,10,0.001
50419.41403,41067.38145,50000000,10,0.001
51073.90543,10417.92751,50000000,10,0.001
50428.20193,7086.460849,50000000,10,0.001
50902.72902,27564.89903,50000000,10,0.001
50848.55868,13938.22249,50000000,10,0.001
49483.44069,13448.26386,50000000,10,0.001
49930.63378,8341.457058,50000000,10,0.001
49433.62719,8257.030286,50000000,10,0.001
50379.6813,20555.1704,50000000,10,0.001
50971.55656,31664.52875,50000000,10,0.001
49848.78363,8711.565015,50000000,10,0.001
50918.17242,5432.547013,50000000,10,0.001
50334.58518,5498.997878,50000000,10,0.001
50007.5273,13836.2583,50000000,10,0.001
50529.47778,14020.9099,50000000,10,0.001
50125.18439,15329.48983,50000000,10,0.001
49494.51392,12225.58052,50000000,10,0.001
50334.75616,6128.551196,50000000,10,0.001
50983.48434,15963.63648,50000000,10,0.001
50306.79245,13643.38513,50000000,10,0.001
50148.57449,13070.91845,50000000,10,0.001
49876.55765,19152.12683,50000000,10,0.001
50525.99075,7652.317849,50000000,10,0.001
50269.11194,11872.82073,50000000,10,0.001
49436.51498,9632.075208,50000000,10,0.001
49902.57313,12537.7152,50000000,10,0.001
49825.54472,15794.12583,50000000,10,0.001
50528.13478,12532.62477,50000000,10,0.001
49964.45438,9014.041371,50000000,10,0.001
50253.68507,24861.2626,50000000,10,0.001
51670.21001,22653.25182,50000000,10,0.001
49419.56863,15448.61881,50000000,10,0.001
49921.35919,21489.77493,50000000,10,0.001
50589.54065,9572.050217,50000000,10,0.001
49295.44278,7944.370903,50000000,10,0.001
49926.41801,17892.02562,50000000,10,0.001
50086.36909,6538.795969,50000000,10,0.001
49943.84985,11646.07805,50000000,10,0.001
51363.14838,13653.8258,50000000,10,0.001
49505.66292,11072.57473,50000000,10,0.001
49621.67674,9678.742637,50000000,10,0.001
49205.44781,6964.026643,50000000,10,0.001
49255.24067,9816.14927,50000000,10,0.001
49624.34585,7977.33279,50000000,10,0.001
51478.24222,16732.10606,50000000,10,0.001
50358.98855,12720.33477,50000000,10,0.001
50918.74993,55355.23273,50000000,10,0.001
50597.01318,13513.92975,50000000,10,0.001
49614.75881,5274.425994,50000000,10,0.001
49932.69446,12085.40336,50000000,10,0.001
49356.89511,8425.392719,50000000,10,0.001
49933.70798,7909.11187,50000000,10,0.001
50425.1033,18534.09163,50000000,10,0.001
49833.41404,16776.02949,50000000,10,0.001
49017.43702,10333.35323,50000000,10,0.001
48989.90125,12024.84541,50000000,10,0.001
50315.70203,9213.214473,50000000,10,0.001
49916.48534,9825.062243,50000000,10,0.001
49752.87321,12487.15801,50000000,10,0.001
49994.53419,8952.149372,50000000,10,0.001
50421.36142,16550.11578,50000000,10,0.001
49141.82512,16935.71249,50000000,10,0.001
50313.74909,13441.61272,50000000,10,0.001
51429.22608,40135.3423,50000000,10,0.001
50082.7277,6216.702516,50000000,10,0.001
50224.69588,7223.55875,50000000,10,0.001
50631.77828,5928.728709,50000000,10,0.001
49635.78565,6209.163884,50000000,10,0.001
50216.82407,10600.2498,50000000,10,0.001
50155.31491,7984.795049,50000000,10,0.001
49679.24303,7474.220343,50000000,10,0.001
49136.87279,14554.81175,50000000,10,0.001
50453.26389,6391.043651,50000000,10,0.001
50666.37179,8981.119669,50000000,10,0.001
49501.90987,5366.744545,50000000,10,0.001
50288.3117,5878.574531,50000000,10,0.001
49664.53546,11145.87878,50000000,10,0.001
49521.05115,8440.560684,50000000,10,0.001
49968.18114,8050.714977,50000000,10,0.001
51137.97008,13268.03729,50000000,10,0.001
50261.13105,17667.72113,50000000,20,0.001
49449.64605,24140.09888,50000000,20,0.001
49529.23687,27668.22616,50000000,20,0.001
49681.6688,12683.53362,50000000,20,0.001
49735.4655,17459.55643,50000000,20,0.001
49881.06228,21472.89286,50000000,20,0.001
49882.1122,10517.46695,50000000,20,0.001
49930.25667,15836.55731,50000000,20,0.001
49876.07001,12752.79095,50000000,20,0.001
50772.51837,29563.96544,50000000,20,0.001
49858.93912,18451.85005,50000000,20,0.001
50003.18609,14111.05573,50000000,20,0.001
50306.30528,14388.48046,50000000,20,0.001
49454.50451,16750.29681,50000000,20,0.001
50988.81716,18202.71771,50000000,20,0.001
49770.40097,13330.9479,50000000,20,0.001
49793.01218,19572.80085,50000000,20,0.001
50214.00179,10256.09033,50000000,20,0.001
49470.6348,11874.56976,50000000,20,0.001
49999.75523,19995.16601,50000000,20,0.001
50239.50339,16068.66766,50000000,20,0.001
50219.48337,13258.36217,50000000,20,0.001
50350.08406,16704.06359,50000000,20,0.001
49475.72072,13682.20216,50000000,20,0.001
50303.27635,15038.02778,50000000,20,0.001
50407.89812,16056.88342,50000000,20,0.001
49508.69606,22355.72599,50000000,20,0.001
49955.94175,26697.56112,50000000,20,0.001
50137.00789,20389.20658,50000000,20,0.001
50010.92591,15734.59715,50000000,20,0.001
50383.28525,15855.49001,50000000,20,0.001
50848.9976,21219.72732,50000000,20,0.001
49853.75825,21892.57577,50000000,20,0.001
49922.07152,11014.37728,50000000,20,0.001
49341.98509,22204.36736,50000000,20,0.001
50443.72989,19834.6263,50000000,20,0.001
49303.82193,23914.81399,50000000,20,0.001
49988.4507,15956.59003,50000000,20,0.001
49622.31032,16693.64776,50000000,20,0.001
49643.38583,16238.01641,50000000,20,0.001
50100.74256,12102.85207,50000000,20,0.001
49027.32312,19273.28711,50000000,20,0.001
50016.17398,17992.42723,50000000,20,0.001
50162.29582,16571.34506,50000000,20,0.001
50121.90869,10369.10424,50000000,20,0.001
50438.81232,42822.82418,50000000,20,0.001
49926.87023,12581.40376,50000000,20,0.001
49119.61652,16104.69976,50000000,20,0.001
50183.67008,18720.85248,50000000,20,0.001
49723.61283,13381.75571,50000000,20,0.001
49887.75184,17270.96199,50000000,20,0.001
49939.1272,20298.48009,50000000,20,0.001
49300.36245,14982.61822,50000000,20,0.001
49892.93928,17436.4177,50000000,20,0.001
50414.83102,29289.00512,50000000,20,0.001
49860.46862,13709.16779,50000000,20,0.001
50232.52567,10802.54002,50000000,20,0.001
50864.04152,24164.8611,50000000,20,0.001
49823.21051,14614.66328,50000000,20,0.001
49910.45111,11712.3854,50000000,20,0.001
50119.81488,15305.43239,50000000,20,0.001
49624.58312,18159.52998,50000000,20,0.001
49537.65854,15022.55209,50000000,20,0.001
50289.118,13582.53924,50000000,20,0.001
49582.42199,10945.11852,50000000,20,0.001
50302.1609,17815.1697,50000000,20,0.001
49843.66974,22619.60618,50000000,20,0.001
49799.56011,12248.48634,50000000,20,0.001
50322.51922,19549.31395,50000000,20,0.001
49849.61021,20263.32245,50000000,20,0.001
49665.2016,17007.73873,50000000,20,0.001
50241.68145,18033.03846,50000000,20,0.001
50049.90723,12732.17533,50000000,20,0.001
50909.86198,23955.02341,50000000,20,0.001
49795.09974,23683.18412,50000000,20,0.001
50099.42399,21079.9742,50000000,20,0.001
49511.5971,15536.77814,50000000,20,0.001
51067.55085,19183.14143,50000000,20,0.001
49200.99708,22994.30966,50000000,20,0.001
49998.65774,14269.26722,50000000,20,0.001
49741.48114,10827.43594,50000000,20,0.001
50686.91365,10926.04878,50000000,20,0.001
49684.5218,23834.45505,50000000,20,0.001
49786.9151,15368.72782,50000000,20,0.001
49328.10192,11683.6147,50000000,20,0.001
50427.64229,15224.69781,50000000,20,0.001
49633.59874,16858.94698,50000000,20,0.001
49306.41492,9396.428963,50000000,20,0.001
50238.02523,15879.85657,50000000,20,0.001
49847.62652,18155.44235,50000000,20,0.001
50007.82638,10640.00021,50000000,20,0.001
50954.96604,21062.48524,50000000,20,0.001
49288.14732,25124.00669,50000000,20,0.001
50753.31049,17526.44865,50000000,20,0.001
50574.55797,15235.06187,50000000,20,0.001
50209.60876,17388.99308,50000000,20,0.001
49569.38011,27792.74686,50000000,20,0.001
50058.036,13023.36252,50000000,20,0.001
49501.01012,12630.7771,50000000,20,0.001
50681.18591,13261.77308,50000000,20,0.001
50681.63332,20589.58049,49999980,30,0.001
49630.07458,21451.74085,49999980,30,0.001
50298.55681,38184.90209,49999980,30,0.001
49811.29731,19519.81474,49999980,30,0.001
50307.70139,29247.56267,49999980,30,0.001
49558.08766,23158.83775,49999980,30,0.001
49928.4065,26921.27275,49999980,30,0.001
50200.6709,25812.55863,49999980,30,0.001
49568.54957,19091.89283,49999980,30,0.001
50111.32822,27230.4886,49999980,30,0.001
50502.34123,16678.96189,49999980,30,0.001
50311.53505,50460.42235,49999980,30,0.001
49549.95372,19728.51741,49999980,30,0.001
50286.39866,24699.20383,49999980,30,0.001
50537.09419,19936.69807,49999980,30,0.001
49992.36655,19604.00519,49999980,30,0.001
50241.56599,40399.44081,49999980,30,0.001
50251.7713,23097.1735,49999980,30,0.001
50198.54202,17075.92186,49999980,30,0.001
50036.59942,21562.84831,49999980,30,0.001
50199.26058,19247.19959,49999980,30,0.001
49774.38796,19243.86276,49999980,30,0.001
50251.40132,22415.65758,49999980,30,0.001
49922.2848,21220.6014,49999980,30,0.001
49903.03304,19082.89796,49999980,30,0.001
50398.01371,28508.1052,49999980,30,0.001
49874.49932,17315.62976,49999980,30,0.001
50717.18584,21392.38713,49999980,30,0.001
49323.06797,22049.24285,49999980,30,0.001
50017.68127,32203.53942,49999980,30,0.001
49423.85359,20107.36273,49999980,30,0.001
50277.99492,17107.10695,49999980,30,0.001
49812.82058,26899.61393,49999980,30,0.001
49895.57627,20897.91206,49999980,30,0.001
50142.92815,10846.06058,49999980,30,0.001
49802.51654,24203.44892,49999980,30,0.001
50082.93068,33721.99884,49999980,30,0.001
49472.94164,16591.78835,49999980,30,0.001
50075.79028,21049.83798,49999980,30,0.001
50395.31893,23955.16285,49999980,30,0.001
49919.22038,21577.18274,49999980,30,0.001
50136.91317,18524.98141,49999980,30,0.001
50714.57252,18030.78289,49999980,30,0.001
50079.64739,33375.12478,49999980,30,0.001
50139.8812,30964.82933,49999980,30,0.001
50205.44049,34127.31725,49999980,30,0.001
49571.05724,28820.94718,49999980,30,0.001
49910.58125,28018.07909,49999980,30,0.001
50648.81377,20692.33413,49999980,30,0.001
49730.00579,20935.51535,49999980,30,0.001
50206.33119,27170.20842,49999980,30,0.001
49689.70106,21879.34811,49999980,30,0.001
49471.28722,14216.42246,49999980,30,0.001
50301.17428,34054.82219,49999980,30,0.001
50080.6166,19744.51799,49999980,30,0.001
49745.79215,24392.98779,49999980,30,0.001
49694.91676,23963.38522,49999980,30,0.001
50555.1181,16764.07371,49999980,30,0.001
50231.85021,25958.61937,49999980,30,0.001
50133.07327,25549.56356,49999980,30,0.001
50173.96295,27598.87466,49999980,30,0.001
49943.21912,19803.44926,49999980,30,0.001
50282.10929,18879.72467,49999980,30,0.001
49506.74538,20786.55493,49999980,30,0.001
50103.45322,21245.45955,49999980,30,0.001
50201.00813,17386.43038,49999980,30,0.001
49853.01805,23361.69226,49999980,30,0.001
49772.33685,29731.80917,49999980,30,0.001
49886.60959,23346.7405,49999980,30,0.001
50419.76437,20870.68763,49999980,30,0.001
49858.77085,17094.04612,49999980,30,0.001
49923.21993,25072.70211,49999980,30,0.001
50092.71699,16111.56085,49999980,30,0.001
50032.03665,25446.80983,49999980,30,0.001
49575.85341,16392.1218,49999980,30,0.001
50060.1826,23063.06657,49999980,30,0.001
49749.28586,13600.9941,49999980,30,0.001
49899.25065,16622.04153,49999980,30,0.001
50038.3389,23082.17757,49999980,30,0.001
50003.94463,23352.97171,49999980,30,0.001
49581.86845,21636.00357,49999980,30,0.001
49796.26272,21135.00224,49999980,30,0.001
50118.00576,16725.19745,49999980,30,0.001
49778.25327,18017.85194,49999980,30,0.001
49806.28645,14545.92563,49999980,30,0.001
49554.6783,16625.42068,49999980,30,0.001
50030.38678,22064.35252,49999980,30,0.001
50370.27252,16774.12433,49999980,30,0.001
49597.95583,21795.80528,49999980,30,0.001
49667.81395,17563.32589,49999980,30,0.001
50279.89082,14960.59227,49999980,30,0.001
50860.55467,23434.66745,49999980,30,0.001
49907.80004,20117.79809,49999980,30,0.001
49544.72523,17490.60412,49999980,30,0.001
50289.88893,15693.13586,49999980,30,0.001
49836.41591,20153.44167,49999980,30,0.001
50135.28555,12236.38447,49999980,30,0.001
49757.6316,29021.88374,49999980,30,0.001
50328.89734,34165.77925,49999980,30,0.001
50243.50388,23051.53092,49999980,30,0.001
50115.63949,24858.40328,50000000,40,0.001
49828.33446,25087.23562,50000000,40,0.001
50221.88869,20081.80504,50000000,40,0.001
49887.85822,22967.51249,50000000,40,0.001
49827.12545,35678.83684,50000000,40,0.001
49694.61882,34675.19986,50000000,40,0.001
50104.86469,33224.83309,50000000,40,0.001
49552.71085,26154.28723,50000000,40,0.001
50227.14135,22247.96005,50000000,40,0.001
49421.36416,20539.0041,50000000,40,0.001
50445.69794,20972.39389,50000000,40,0.001
49673.30892,20658.71292,50000000,40,0.001
49493.87385,24096.93255,50000000,40,0.001
49995.24318,26945.34532,50000000,40,0.001
49982.004,40637.81399,50000000,40,0.001
49795.79875,24910.83418,50000000,40,0.001
50113.51457,22731.96216,50000000,40,0.001
49428.35937,31182.04409,50000000,40,0.001
49918.64738,16242.54201,50000000,40,0.001
50176.97545,33897.83545,50000000,40,0.001
50496.1171,29584.58303,50000000,40,0.001
49580.95352,18702.25122,50000000,40,0.001
50211.38657,26879.85752,50000000,40,0.001
49889.62067,24848.65701,50000000,40,0.001
49862.55773,29146.30237,50000000,40,0.001
49768.43881,21726.99676,50000000,40,0.001
49801.47434,26005.60512,50000000,40,0.001
50186.7621,19250.16743,50000000,40,0.001
49948.44739,38855.74519,50000000,40,0.001
50076.88166,17135.64209,50000000,40,0.001
49895.87638,20881.90781,50000000,40,0.001
49984.18184,20606.20624,50000000,40,0.001
49951.42466,28842.89792,50000000,40,0.001
50232.74628,24321.90859,50000000,40,0.001
49291.71131,26435.13536,50000000,40,0.001
49660.76046,24091.13333,50000000,40,0.001
49668.45722,22529.1121,50000000,40,0.001
50095.55921,30993.44642,50000000,40,0.001
49780.71451,31456.12296,50000000,40,0.001
49957.35895,19932.01661,50000000,40,0.001
50062.00197,24618.95369,50000000,40,0.001
49860.40245,17757.01743,50000000,40,0.001
50023.34029,26770.52479,50000000,40,0.001
50298.87995,20750.32783,50000000,40,0.001
50116.53169,19168.7248,50000000,40,0.001
49799.85225,22603.69226,50000000,40,0.001
49868.65431,20848.22144,50000000,40,0.001
49730.21343,27677.54761,50000000,40,0.001
50436.89045,25817.5183,50000000,40,0.001
50007.32289,19376.12597,50000000,40,0.001
50182.70939,21021.42043,50000000,40,0.001
50088.38109,20236.98663,50000000,40,0.001
50175.89122,21085.8242,50000000,40,0.001
49772.186,25929.29958,50000000,40,0.001
50156.25645,24751.55079,50000000,40,0.001
49906.29899,24445.51376,50000000,40,0.001
50143.03206,24699.49141,50000000,40,0.001
49554.43436,37922.89652,50000000,40,0.001
49846.16014,36779.84948,50000000,40,0.001
49684.86979,27296.61115,50000000,40,0.001
50582.47559,25973.12926,50000000,40,0.001
49992.89997,18579.23247,50000000,40,0.001
50019.76047,24702.58491,50000000,40,0.001
49813.36096,24049.73814,50000000,40,0.001
49535.20853,20135.14616,50000000,40,0.001
49392.91577,30558.02824,50000000,40,0.001
50025.0379,19248.062,50000000,40,0.001
49702.38363,32791.53318,50000000,40,0.001
49994.29513,24604.53675,50000000,40,0.001
50352.48826,18480.49853,50000000,40,0.001
50097.11018,23461.26159,50000000,40,0.001
50205.85703,17565.07334,50000000,40,0.001
50728.20733,20258.03028,50000000,40,0.001
49988.59807,26447.94851,50000000,40,0.001
50156.87002,24599.79097,50000000,40,0.001
50188.01624,32168.62449,50000000,40,0.001
49472.3932,25111.32254,50000000,40,0.001
49804.44411,23432.5096,50000000,40,0.001
50031.35126,27630.36688,50000000,40,0.001
49689.88862,20466.94732,50000000,40,0.001
49719.62607,31512.52205,50000000,40,0.001
50166.2343,18164.58715,50000000,40,0.001
49811.01946,22267.99424,50000000,40,0.001
50115.31325,21695.09385,50000000,40,0.001
49664.9934,16226.99249,50000000,40,0.001
50062.22017,20698.81301,50000000,40,0.001
50006.5938,26482.34944,50000000,40,0.001
49870.10901,31064.86828,50000000,40,0.001
49797.34637,24672.05625,50000000,40,0.001
50492.29278,21032.78658,50000000,40,0.001
49950.33572,24758.25374,50000000,40,0.001
50424.76357,32144.86866,50000000,40,0.001
49717.56595,24320.66384,50000000,40,0.001
50233.60207,17718.96815,50000000,40,0.001
50393.01053,39467.88445,50000000,40,0.001
49596.42504,27926.52288,50000000,40,0.001
49389.65288,18903.14361,50000000,40,0.001
49428.01091,22142.6538,50000000,40,0.001
50498.47439,20383.60375,50000000,40,0.001
49635.35084,17592.5545,50000000,40,0.001
50236.03848,26445.54269,50000000,50,0.001
49922.45303,27329.52936,50000000,50,0.001
50595.34023,34011.0406,50000000,50,0.001
50098.29111,29534.74783,50000000,50,0.001
49589.27349,25448.75445,50000000,50,0.001
49805.43207,26676.6154,50000000,50,0.001
50261.47893,23384.94687,50000000,50,0.001
50597.30409,32958.39228,50000000,50,0.001
50050.02851,23425.94004,50000000,50,0.001
49781.32865,26567.08354,50000000,50,0.001
49932.84198,30481.47574,50000000,50,0.001
50492.24299,31122.31381,50000000,50,0.001
50424.62643,47762.37246,50000000,50,0.001
49980.91019,22916.83185,50000000,50,0.001
50170.78844,24953.73403,50000000,50,0.001
49975.78334,25276.69628,50000000,50,0.001
49985.80935,32788.87376,50000000,50,0.001
50408.73915,25089.75586,50000000,50,0.001
50321.39757,26703.21419,50000000,50,0.001
50073.98946,22587.0505,50000000,50,0.001
50006.07297,35380.12781,50000000,50,0.001
50034.03064,39819.19874,50000000,50,0.001
50136.08616,40638.60087,50000000,50,0.001
50068.40634,35610.8183,50000000,50,0.001
49572.17556,28105.35246,50000000,50,0.001
50012.41201,29625.76509,50000000,50,0.001
49803.00484,33753.83307,50000000,50,0.001
49747.10908,33499.15554,50000000,50,0.001
49977.20095,25988.13289,50000000,50,0.001
50029.93578,27604.01309,50000000,50,0.001
49341.42771,23143.56566,50000000,50,0.001
49622.50185,32351.82513,50000000,50,0.001
49751.10193,30801.3035,50000000,50,0.001
50042.84659,28607.32707,50000000,50,0.001
49800.93583,29484.90559,50000000,50,0.001
49811.50313,51595.92348,50000000,50,0.001
50046.55815,23399.3077,50000000,50,0.001
49845.93962,27287.43107,50000000,50,0.001
49998.60516,36275.54994,50000000,50,0.001
49327.33891,25968.34988,50000000,50,0.001
49618.62819,31195.05991,50000000,50,0.001
50295.46628,34230.72764,50000000,50,0.001
49989.76137,29392.10916,50000000,50,0.001
50231.74963,21456.93147,50000000,50,0.001
50385.81816,27181.65499,50000000,50,0.001
49725.17452,28673.14278,50000000,50,0.001
50019.94833,34464.89558,50000000,50,0.001
50327.01483,27501.16784,50000000,50,0.001
49815.80243,36898.99575,50000000,50,0.001
50010.06372,23415.17444,50000000,50,0.001
49908.34317,21374.60402,50000000,50,0.001
49623.73599,34869.77708,50000000,50,0.001
50101.88232,24231.42359,50000000,50,0.001
50327.70432,41632.99736,50000000,50,0.001
50182.67988,35465.32695,50000000,50,0.001
49786.50345,26675.01861,50000000,50,0.001
49964.99749,25860.82112,50000000,50,0.001
50124.38755,28417.81923,50000000,50,0.001
49587.2234,24814.26674,50000000,50,0.001
49963.99362,26745.37146,50000000,50,0.001
49572.61424,38103.45538,50000000,50,0.001
50191.14858,22339.73724,50000000,50,0.001
49869.08362,17146.97933,50000000,50,0.001
50387.50792,22561.33043,50000000,50,0.001
49815.17751,35976.05111,50000000,50,0.001
49868.62584,35829.76187,50000000,50,0.001
50045.33281,31825.48313,50000000,50,0.001
49601.06213,27185.64683,50000000,50,0.001
50416.30937,24113.46073,50000000,50,0.001
50119.30528,27291.18886,50000000,50,0.001
50264.41964,19952.69165,50000000,50,0.001
50159.15816,27092.80574,50000000,50,0.001
49564.35626,27736.42822,50000000,50,0.001
50412.65849,23677.63258,50000000,50,0.001
49866.30078,38708.77495,50000000,50,0.001
49502.70671,41887.47937,50000000,50,0.001
50441.71475,21941.92502,50000000,50,0.001
49642.31911,28260.77111,50000000,50,0.001
50116.1274,23998.02854,50000000,50,0.001
50050.65187,34369.93375,50000000,50,0.001
49354.9728,27364.34449,50000000,50,0.001
50103.29398,28885.08421,50000000,50,0.001
49936.2188,23641.7759,50000000,50,0.001
49864.38983,24770.54196,50000000,50,0.001
49781.08468,24857.91947,50000000,50,0.001
49987.90728,22795.82986,50000000,50,0.001
50017.8548,32885.16221,50000000,50,0.001
49984.50654,25734.49478,50000000,50,0.001
50052.56331,33317.71527,50000000,50,0.001
49946.02936,26367.66348,50000000,50,0.001
49860.82043,23823.40625,50000000,50,0.001
49844.67494,43961.97074,50000000,50,0.001
49905.02393,22189.56103,50000000,50,0.001
49864.2446,25561.61432,50000000,50,0.001
50062.71192,22806.77635,50000000,50,0.001
50156.82205,35227.76117,50000000,50,0.001
50015.71669,26088.13551,50000000,50,0.001
49960.47863,46117.37037,50000000,50,0.001
50224.59899,31817.9251,50000000,50,0.001
49629.88029,27233.5198,50000000,50,0.001
49943.14632,32809.49199,49999950,70,0.001
50497.12531,33252.53926,49999950,70,0.001
50139.70676,35268.78687,49999950,70,0.001
50457.1449,31835.478,49999950,70,0.001
49995.68507,31284.06512,49999950,70,0.001
50126.34624,24879.45894,49999950,70,0.001
49983.72501,25752.42158,49999950,70,0.001
50477.39544,25215.48448,49999950,70,0.001
49817.92788,37685.1847,49999950,70,0.001
49682.26383,33637.69849,49999950,70,0.001
50101.54118,32834.9104,49999950,70,0.001
49965.83857,36683.34866,49999950,70,0.001
49545.53817,37451.91809,49999950,70,0.001
49996.18423,37496.02922,49999950,70,0.001
49888.55918,26459.64265,49999950,70,0.001
49823.30152,26913.96677,49999950,70,0.001
50627.4034,28425.40624,49999950,70,0.001
49829.67837,31957.18249,49999950,70,0.001
50526.20145,29963.23784,49999950,70,0.001
49823.22884,27684.56381,49999950,70,0.001
50097.89651,32973.53055,49999950,70,0.001
49578.8037,35160.51614,49999950,70,0.001
49918.83042,32798.59912,49999950,70,0.001
49556.00145,30307.80953,49999950,70,0.001
49454.1134,25141.46306,49999950,70,0.001
49833.73505,34473.26766,49999950,70,0.001
50134.35103,35701.6405,49999950,70,0.001
50048.20178,24980.09055,49999950,70,0.001
50043.88095,33421.26201,49999950,70,0.001
49954.15721,35395.59395,49999950,70,0.001
50003.76871,39077.53366,49999950,70,0.001
50367.81683,29125.0008,49999950,70,0.001
50417.75885,30585.68254,49999950,70,0.001
49869.37091,33569.44121,49999950,70,0.001
49744.13009,41754.80954,49999950,70,0.001
49915.06318,36359.20723,49999950,70,0.001
49756.98738,29365.44368,49999950,70,0.001
50257.67742,31109.33854,49999950,70,0.001
49919.39167,30970.9975,49999950,70,0.001
49843.41592,31105.33175,49999950,70,0.001
50147.76623,42412.00645,49999950,70,0.001
50149.71991,29759.01486,49999950,70,0.001
50163.29009,32124.1436,49999950,70,0.001
49721.4832,25540.43162,49999950,70,0.001
49850.38957,37180.4649,49999950,70,0.001
49797.16109,25909.70309,49999950,70,0.001
50027.23286,27181.75937,49999950,70,0.001
49719.11415,28590.27498,49999950,70,0.001
49865.82679,27932.80147,49999950,70,0.001
50539.93476,31953.33758,49999950,70,0.001
50119.75075,38489.78372,49999950,70,0.001
49715.00387,28342.16566,49999950,70,0.001
50403.19607,28606.12934,49999950,70,0.001
49634.81878,39122.01609,49999950,70,0.001
50266.89445,25705.98268,49999950,70,0.001
50356.44596,39832.23645,49999950,70,0.001
50218.81792,23576.92005,49999950,70,0.001
49973.77959,35843.75279,49999950,70,0.001
50097.36342,34876.85158,49999950,70,0.001
49715.37653,32229.99883,49999950,70,0.001
50147.20972,35564.56766,49999950,70,0.001
50209.73472,35844.27829,49999950,70,0.001
49899.70345,31935.67896,49999950,70,0.001
49744.66692,28891.64817,49999950,70,0.001
50107.45184,25394.09617,49999950,70,0.001
50070.90678,27682.72041,49999950,70,0.001
50046.6416,39775.49532,49999950,70,0.001
49683.61286,33447.74662,49999950,70,0.001
50487.75015,31057.01632,49999950,70,0.001
50097.81831,29417.82727,49999950,70,0.001
49682.71241,27745.52183,49999950,70,0.001
50264.83652,26835.59391,49999950,70,0.001
50595.27971,33464.50905,49999950,70,0.001
49966.10527,22454.1035,49999950,70,0.001
50029.37077,26597.16535,49999950,70,0.001
50215.75439,28665.58552,49999950,70,0.001
50019.25868,42062.9684,49999950,70,0.001
50142.5989,27834.14703,49999950,70,0.001
49885.76998,28238.53076,49999950,70,0.001
49891.78004,35963.90024,49999950,70,0.001
49572.83796,41253.86375,49999950,70,0.001
49785.69843,35846.59607,49999950,70,0.001
50011.80088,27720.44983,49999950,70,0.001
49698.87895,30907.12704,49999950,70,0.001
50011.1018,35038.19358,49999950,70,0.001
50121.91674,36045.75779,49999950,70,0.001
49747.00068,33897.15081,49999950,70,0.001
50052.81744,42979.90176,49999950,70,0.001
50044.25824,43647.55411,49999950,70,0.001
50028.42879,36302.50754,49999950,70,0.001
50094.06247,32287.07146,49999950,70,0.001
50520.96801,29978.47853,49999950,70,0.001
50081.40048,31312.30323,49999950,70,0.001
50055.8018,30321.54099,49999950,70,0.001
50126.34918,25349.37502,49999950,70,0.001
50035.07092,34196.5804,49999950,70,0.001
50092.08956,27577.12624,49999950,70,0.001
50272.99651,42874.85276,49999950,70,0.001
49964.38336,40419.16635,49999950,70,0.001
49509.82796,29590.31337,49999950,70,0.001
50087.05242,36385.49045,50000000,100,0.001
49924.85315,37441.20832,50000000,100,0.001
49974.73332,37060.94102,50000000,100,0.001
50062.45112,35500.59703,50000000,100,0.001
49839.7462,33907.60167,50000000,100,0.001
49436.6665,30447.39376,50000000,100,0.001
50342.96511,40131.75265,50000000,100,0.001
49643.30886,33039.29352,50000000,100,0.001
50436.06141,32329.56074,50000000,100,0.001
49958.23986,33111.686,50000000,100,0.001
50063.10393,35274.9406,50000000,100,0.001
49492.14195,43528.50452,50000000,100,0.001
49906.17478,39610.31985,50000000,100,0.001
50368.27082,29682.62492,50000000,100,0.001
49994.59898,34858.07038,50000000,100,0.001
49907.64721,34885.52409,50000000,100,0.001
50279.94601,32721.1774,50000000,100,0.001
49587.84886,43044.28485,50000000,100,0.001
50254.70195,34006.59559,50000000,100,0.001
49863.59901,32654.77079,50000000,100,0.001
49499.27365,36867.00186,50000000,100,0.001
49920.37886,29945.53449,50000000,100,0.001
50198.9625,37746.37257,50000000,100,0.001
50352.83057,27704.8645,50000000,100,0.001
50216.6153,34518.26123,50000000,100,0.001
49657.63017,36663.22103,50000000,100,0.001
49851.38813,31270.85379,50000000,100,0.001
50178.05423,38247.1253,50000000,100,0.001
49769.86765,36796.58209,50000000,100,0.001
49438.01192,35855.37736,50000000,100,0.001
49761.26298,37139.32968,50000000,100,0.001
49354.76559,37601.01577,50000000,100,0.001
49759.14339,36099.57836,50000000,100,0.001
49912.8738,35692.21178,50000000,100,0.001
49862.80686,34048.50289,50000000,100,0.001
49593.64291,38863.75824,50000000,100,0.001
49876.42177,36748.66151,50000000,100,0.001
50566.55845,36745.13263,50000000,100,0.001
50471.84904,30280.59562,50000000,100,0.001
50209.73566,33422.90921,50000000,100,0.001
49791.58482,28202.02249,50000000,100,0.001
50054.02902,34698.00685,50000000,100,0.001
49789.26073,42085.98619,50000000,100,0.001
50385.46619,47703.44999,50000000,100,0.001
49583.69747,36379.67533,50000000,100,0.001
49504.66582,44601.65715,50000000,100,0.001
50245.40645,30650.40247,50000000,100,0.001
50057.0606,28120.34918,50000000,100,0.001
49862.1542,36212.50154,50000000,100,0.001
49951.77269,37015.46803,50000000,100,0.001
50293.86713,42645.81419,50000000,100,0.001
50070.12526,31427.54317,50000000,100,0.001
50307.13903,25640.82604,50000000,100,0.001
50003.02682,30645.42923,50000000,100,0.001
49877.62203,35361.98822,50000000,100,0.001
49769.01566,39268.96527,50000000,100,0.001
49908.25763,41512.917,50000000,100,0.001
49765.32333,44407.90118,50000000,100,0.001
50033.25467,44045.61682,50000000,100,0.001
50327.22478,41985.10588,50000000,100,0.001
50306.41812,33975.29328,50000000,100,0.001
49863.73484,27765.4148,50000000,100,0.001
49599.20149,34459.99182,50000000,100,0.001
50014.45357,37066.0269,50000000,100,0.001
50431.4472,39049.69956,50000000,100,0.001
49427.55826,29348.44906,50000000,100,0.001
49968.40199,33186.77245,50000000,100,0.001
49858.94097,34717.55362,50000000,100,0.001
50493.04122,33127.43461,50000000,100,0.001
49900.861,37164.64945,50000000,100,0.001
49904.91836,33729.07775,50000000,100,0.001
49791.04457,35381.39797,50000000,100,0.001
50477.34557,32847.81062,50000000,100,0.001
50207.91217,52402.03257,50000000,100,0.001
50542.71211,39104.52108,50000000,100,0.001
49777.11589,40789.77209,50000000,100,0.001
49855.37358,27406.92263,50000000,100,0.001
50233.07729,32617.62516,50000000,100,0.001
50062.46032,37187.16038,50000000,100,0.001
49820.29124,33122.54322,50000000,100,0.001
50166.98364,31904.04796,50000000,100,0.001
50000.00742,32311.45377,50000000,100,0.001
50095.72631,33266.5585,50000000,100,0.001
50032.59407,49035.48164,50000000,100,0.001
50080.36529,36219.76886,50000000,100,0.001
50344.88049,29393.3638,50000000,100,0.001
50312.81094,45362.2614,50000000,100,0.001
49781.77279,49548.59114,50000000,100,0.001
49965.16573,39983.61598,50000000,100,0.001
49854.3462,45511.74407,50000000,100,0.001
50101.26181,31405.22925,50000000,100,0.001
50131.61316,41216.85072,50000000,100,0.001
49982.05059,30810.24161,50000000,100,0.001
49796.13812,26477.39462,50000000,100,0.001
49461.91721,40809.94804,50000000,100,0.001
50494.8618,30885.71128,50000000,100,0.001
49818.34453,30813.29938,50000000,100,0.001
49554.3806,31518.46803,50000000,100,0.001
50115.32126,34105.22808,50000000,100,0.001
50301.21139,35587.39781,50000000,100,0.001
50327.61593,34736.75653,49999880,140,0.001
50148.50012,45755.55024,49999880,140,0.001
49946.60475,41896.50703,49999880,140,0.001
49969.30998,40372.01403,49999880,140,0.001
50508.7168,37228.90821,49999880,140,0.001
50320.04896,35518.28053,49999880,140,0.001
49832.63038,32262.24165,49999880,140,0.001
50511.44875,36865.16787,49999880,140,0.001
50413.73317,37800.11588,49999880,140,0.001
49862.60815,31719.36908,49999880,140,0.001
50161.58203,42772.54843,49999880,140,0.001
49756.49265,36495.17376,49999880,140,0.001
49986.70717,30655.07066,49999880,140,0.001
49950.80716,41516.58897,49999880,140,0.001
50111.59224,42162.95241,49999880,140,0.001
49841.57631,33602.87648,49999880,140,0.001
50056.33265,42504.78782,49999880,140,0.001
50125.10975,50526.0737,49999880,140,0.001
50148.76543,44221.75162,49999880,140,0.001
50047.93261,31921.0951,49999880,140,0.001
50441.99233,39349.72532,49999880,140,0.001
50142.19093,40005.50071,49999880,140,0.001
50118.7944,32604.52552,49999880,140,0.001
50073.97248,36610.04461,49999880,140,0.001
50213.43001,43846.62075,49999880,140,0.001
50306.36019,36676.6898,49999880,140,0.001
49819.84146,34110.39378,49999880,140,0.001
49782.5009,49378.47822,49999880,140,0.001
50051.67529,49202.84063,49999880,140,0.001
49761.4241,36575.16414,49999880,140,0.001
49664.57296,41180.15322,49999880,140,0.001
49445.76172,43245.05334,49999880,140,0.001
49887.27599,37724.9154,49999880,140,0.001
50364.06142,37495.91278,49999880,140,0.001
50297.59084,38272.98043,49999880,140,0.001
50165.50811,34304.44837,49999880,140,0.001
50488.13339,32232.48024,49999880,140,0.001
50423.94313,38421.70081,49999880,140,0.001
50210.30574,42830.1665,49999880,140,0.001
49627.90802,40045.5962,49999880,140,0.001
50012.33509,42436.06933,49999880,140,0.001
49806.11593,49403.23081,49999880,140,0.001
50001.76232,38855.67503,49999880,140,0.001
50173.66978,45476.21718,49999880,140,0.001
49883.2011,40671.12907,49999880,140,0.001
50009.74137,36283.40404,49999880,140,0.001
50211.98344,38293.01617,49999880,140,0.001
50142.02571,43061.78146,49999880,140,0.001
49973.85072,40281.9775,49999880,140,0.001
50351.70267,45114.32711,49999880,140,0.001
50125.7565,35110.46217,49999880,140,0.001
49434.10613,38008.22,49999880,140,0.001
50131.74449,34303.44602,49999880,140,0.001
50354.9269,41378.98263,49999880,140,0.001
49949.17923,43707.85738,49999880,140,0.001
49978.62858,43655.95036,49999880,140,0.001
50246.27196,48385.07869,49999880,140,0.001
50014.17765,41307.78316,49999880,140,0.001
50292.72895,40025.84027,49999880,140,0.001
50326.29181,36478.89502,49999880,140,0.001
50122.56103,45325.72449,49999880,140,0.001
50207.46366,37064.1417,49999880,140,0.001
49692.82556,46194.34874,49999880,140,0.001
49785.10011,29558.84556,49999880,140,0.001
50290.41326,30983.10522,49999880,140,0.001
49813.41463,39701.08832,49999880,140,0.001
50022.55178,29573.79786,49999880,140,0.001
49790.09533,39730.59371,49999880,140,0.001
50188.8569,36734.89039,49999880,140,0.001
49791.63711,43536.10722,49999880,140,0.001
50067.54916,40680.5748,49999880,140,0.001
49986.35179,40923.92063,49999880,140,0.001
49995.60564,38053.58672,49999880,140,0.001
50464.11813,42301.64639,49999880,140,0.001
49943.57848,36257.72133,49999880,140,0.001
49934.87123,35092.41609,49999880,140,0.001
50012.43378,38510.83493,49999880,140,0.001
50252.96322,35145.60893,49999880,140,0.001
49550.34298,38772.28366,49999880,140,0.001
49327.38716,35160.05544,49999880,140,0.001
50607.01833,33960.82321,49999880,140,0.001
49780.72086,40716.09496,49999880,140,0.001
49974.55314,42261.50147,49999880,140,0.001
50113.66397,42883.68975,49999880,140,0.001
49875.87244,39858.32674,49999880,140,0.001
50037.18426,33217.55978,49999880,140,0.001
49812.44114,45218.98342,49999880,140,0.001
50392.81882,49464.50544,49999880,140,0.001
50440.50997,43249.47133,49999880,140,0.001
49966.83885,43530.80862,49999880,140,0.001
49678.04826,43783.52945,49999880,140,0.001
49959.26684,40141.94886,49999880,140,0.001
49876.61714,32087.72905,49999880,140,0.001
49582.28242,35322.23214,49999880,140,0.001
50117.91096,42183.03296,49999880,140,0.001
50080.73225,39500.15263,49999880,140,0.001
49612.99653,40038.12883,49999880,140,0.001
50224.72299,38048.45092,49999880,140,0.001
49769.60944,37784.9227,49999880,140,0.001
49625.05801,36287.88305,49999880,140,0.001
49928.52474,38645.98392,49999950,210,0.001
49940.99823,37559.2428,49999950,210,0.001
49932.0805,43774.55875,49999950,210,0.001
49789.82138,44203.75902,49999950,210,0.001
49724.86824,45973.21096,49999950,210,0.001
49909.06642,45851.92598,49999950,210,0.001
49868.94591,48449.16109,49999950,210,0.001
49844.96485,42481.75248,49999950,210,0.001
50185.36109,42067.1817,49999950,210,0.001
50091.846,45323.91881,49999950,210,0.001
50033.75378,54589.30144,49999950,210,0.001
50376.31201,42141.56084,49999950,210,0.001
49845.42028,39794.29018,49999950,210,0.001
49804.47836,38572.34746,49999950,210,0.001
49995.27002,42970.57798,49999950,210,0.001
50097.50402,36492.29985,49999950,210,0.001
49878.07963,45476.41805,49999950,210,0.001
49844.91183,52000.90213,49999950,210,0.001
50218.22536,40336.84495,49999950,210,0.001
49815.23542,39272.68681,49999950,210,0.001
49791.37837,37665.252,49999950,210,0.001
50530.05215,45449.48558,49999950,210,0.001
49426.22669,35368.8521,49999950,210,0.001
50168.21799,38006.78766,49999950,210,0.001
49646.30799,45095.54147,49999950,210,0.001
49799.33751,37181.477,49999950,210,0.001
49968.01479,45411.00359,49999950,210,0.001
49703.3133,41720.55427,49999950,210,0.001
49960.51953,47797.88029,49999950,210,0.001
49809.08156,44341.00748,49999950,210,0.001
50067.36635,41885.48463,49999950,210,0.001
49914.19797,41047.38901,49999950,210,0.001
49934.28796,44564.25578,49999950,210,0.001
50101.23238,47637.74794,49999950,210,0.001
50173.91409,38197.50618,49999950,210,0.001
50119.09065,48643.74329,49999950,210,0.001
49879.14341,46546.51318,49999950,210,0.001
50085.51377,44095.48321,49999950,210,0.001
50067.36053,37464.14545,49999950,210,0.001
50038.35216,44752.36031,49999950,210,0.001
49879.1787,44264.28127,49999950,210,0.001
50356.46785,41734.20865,49999950,210,0.001
49902.16591,38043.75526,49999950,210,0.001
50393.82377,38767.652,49999950,210,0.001
50108.86352,43634.46438,49999950,210,0.001
50042.74099,40486.69797,49999950,210,0.001
50099.08667,39191.4312,49999950,210,0.001
49725.55869,41187.45338,49999950,210,0.001
50343.7744,40721.10975,49999950,210,0.001
50269.31242,38479.21386,49999950,210,0.001
50066.31479,41534.32434,49999950,210,0.001
50021.72337,42748.2258,49999950,210,0.001
50379.73658,37886.73286,49999950,210,0.001
49809.3298,44000.7222,49999950,210,0.001
50336.38635,42227.93504,49999950,210,0.001
49745.73908,45257.70469,49999950,210,0.001
49824.94582,43056.87515,49999950,210,0.001
50287.32486,37789.52725,49999950,210,0.001
50017.16259,42052.54628,49999950,210,0.001
50143.55698,41839.36098,49999950,210,0.001
50152.037,39356.20276,49999950,210,0.001
49903.85956,38833.24424,49999950,210,0.001
49642.60377,43647.78415,49999950,210,0.001
49525.97117,37584.50406,49999950,210,0.001
49666.68599,44607.50031,49999950,210,0.001
50398.03495,39189.76443,49999950,210,0.001
49962.25127,44470.08773,49999950,210,0.001
50050.725,46431.14227,49999950,210,0.001
49719.49005,42573.09933,49999950,210,0.001
49770.1825,45452.81943,49999950,210,0.001
50105.21791,39166.80402,49999950,210,0.001
50213.83675,39587.95078,49999950,210,0.001
50120.5322,43036.34208,49999950,210,0.001
50241.95931,38062.79865,49999950,210,0.001
49994.40182,40074.87119,49999950,210,0.001
49888.73557,42784.08167,49999950,210,0.001
50078.49369,40274.21629,49999950,210,0.001
49826.88387,47150.14073,49999950,210,0.001
50084.69161,35481.51423,49999950,210,0.001
49909.45814,40365.93869,49999950,210,0.001
49639.83742,52320.88423,49999950,210,0.001
49850.35682,40598.61663,49999950,210,0.001
50018.04083,40882.51211,49999950,210,0.001
50298.61096,45876.94484,49999950,210,0.001
50368.8263,36390.81475,49999950,210,0.001
49917.38149,44261.89774,49999950,210,0.001
50111.69352,43495.65715,49999950,210,0.001
50296.83836,44136.10014,49999950,210,0.001
50039.78319,40199.28729,49999950,210,0.001
50201.46947,37505.09705,49999950,210,0.001
50132.28381,37180.87172,49999950,210,0.001
49931.81381,47831.10187,49999950,210,0.001
50019.3391,38424.2073,49999950,210,0.001
50264.12118,36633.94533,49999950,210,0.001
49622.15987,41842.64741,49999950,210,0.001
49745.29217,42607.39802,49999950,210,0.001
50256.71488,41497.12651,49999950,210,0.001
49926.49127,36423.39934,49999950,210,0.001
49980.74094,43279.26833,49999950,210,0.001
50028.48062,46528.45743,49999950,210,0.001
50226.95587,41908.9558,49999950,350,0.001
49606.44348,44051.753,49999950,350,0.001
50173.23912,44543.70182,49999950,350,0.001
49551.34859,42811.41807,49999950,350,0.001
49698.04787,39877.90697,49999950,350,0.001
50125.58942,44037.24542,49999950,350,0.001
49978.4573,43689.72244,49999950,350,0.001
50040.65377,43394.38718,49999950,350,0.001
49894.6775,45694.78827,49999950,350,0.001
50009.82684,45974.47315,49999950,350,0.001
50071.8487,49301.0046,49999950,350,0.001
49806.74077,49896.79842,49999950,350,0.001
50055.87178,40505.04102,49999950,350,0.001
49934.08934,46003.12362,49999950,350,0.001
50445.34484,50360.58816,49999950,350,0.001
49501.85946,46112.42234,49999950,350,0.001
50019.67187,44134.2971,49999950,350,0.001
50053.71151,39526.70509,49999950,350,0.001
50116.51717,45182.48139,49999950,350,0.001
49996.4293,45641.87847,49999950,350,0.001
49658.78662,52358.70693,49999950,350,0.001
50048.31911,44836.095,49999950,350,0.001
50390.678,49670.72532,49999950,350,0.001
50396.41926,46808.48996,49999950,350,0.001
49956.0683,40324.2479,49999950,350,0.001
49906.22313,47806.38032,49999950,350,0.001
50035.58038,41205.37251,49999950,350,0.001
50015.99257,44343.02903,49999950,350,0.001
50188.39674,49938.3132,49999950,350,0.001
49966.49078,47039.48331,49999950,350,0.001
49958.49777,42065.50322,49999950,350,0.001
49858.57201,44338.25967,49999950,350,0.001
50133.00922,43864.25363,49999950,350,0.001
50136.16727,43330.02709,49999950,350,0.001
50263.4078,46870.03116,49999950,350,0.001
50001.68359,52403.56533,49999950,350,0.001
49894.84589,53738.79454,49999950,350,0.001
50386.25079,42162.5816,49999950,350,0.001
49679.043,36874.65332,49999950,350,0.001
49662.62924,46946.01059,49999950,350,0.001
49755.14728,46352.24767,49999950,350,0.001
50095.92426,42541.8248,49999950,350,0.001
49762.84975,41589.41849,49999950,350,0.001
49904.86205,48671.65322,49999950,350,0.001
50176.46231,44619.6398,49999950,350,0.001
50458.04969,46231.43421,49999950,350,0.001
50028.63511,48604.19067,49999950,350,0.001
50006.84329,43236.85404,49999950,350,0.001
50376.95968,44890.0415,49999950,350,0.001
50248.57434,42750.0643,49999950,350,0.001
49738.35731,40694.86213,49999950,350,0.001
49919.45797,39014.5047,49999950,350,0.001
49952.53564,44635.47846,49999950,350,0.001
50149.85145,47529.47348,49999950,350,0.001
49430.79638,41825.71554,49999950,350,0.001
49969.70671,44415.87379,49999950,350,0.001
49922.21381,43703.00689,49999950,350,0.001
50019.69194,43140.89118,49999950,350,0.001
50092.56269,43842.57863,49999950,350,0.001
49299.04362,44432.34936,49999950,350,0.001
50281.00715,39425.6651,49999950,350,0.001
49913.42483,42526.0163,49999950,350,0.001
50356.24753,49989.26745,49999950,350,0.001
49514.71083,43388.01036,49999950,350,0.001
50556.84007,43086.97345,49999950,350,0.001
50495.42779,48670.47732,49999950,350,0.001
50208.00581,42109.69819,49999950,350,0.001
50281.51076,48065.64892,49999950,350,0.001
49910.66047,42574.61087,49999950,350,0.001
50102.12697,50966.57645,49999950,350,0.001
49751.4127,43556.62904,49999950,350,0.001
50105.81068,47842.88927,49999950,350,0.001
49646.70854,43552.07963,49999950,350,0.001
50209.17903,47731.97983,49999950,350,0.001
49811.65508,47593.44528,49999950,350,0.001
49813.39196,42570.65103,49999950,350,0.001
49859.65917,40656.78235,49999950,350,0.001
49673.69848,44476.937,49999950,350,0.001
50151.35086,49637.45288,49999950,350,0.001
50081.34667,45222.90518,49999950,350,0.001
49961.79735,43911.87831,49999950,350,0.001
49900.52513,44701.56846,49999950,350,0.001
50019.59895,46740.20254,49999950,350,0.001
49966.35825,41767.699,49999950,350,0.001
50200.73529,48459.05531,49999950,350,0.001
49799.63556,47062.87244,49999950,350,0.001
50209.20254,42401.2647,49999950,350,0.001
49707.86202,45518.83742,49999950,350,0.001
50051.76624,46402.64776,49999950,350,0.001
49973.11645,45592.81162,49999950,350,0.001
50225.35278,48139.94886,49999950,350,0.001
49884.0609,49610.81048,49999950,350,0.001
49651.72879,44146.663,49999950,350,0.001
49952.09912,41684.58586,49999950,350,0.001
50103.71238,44741.22407,49999950,350,0.001
50165.8689,45087.83247,49999950,350,0.001
49940.70434,51377.92778,49999950,350,0.001
50060.18026,47966.18139,49999950,350,0.001
50071.7968,47786.55515,49999950,350,0.001
49946.9667,41795.36284,49999950,350,0.001
50035.0141,43985.41608,50000000,500,0.001
50072.48137,46056.94223,50000000,500,0.001
49704.33818,45746.45822,50000000,500,0.001
50095.43768,44181.46608,50000000,500,0.001
49793.5247,44633.8237,50000000,500,0.001
49718.22305,48076.77112,50000000,500,0.001
50286.61913,50645.36634,50000000,500,0.001
50038.27269,43800.76546,50000000,500,0.001
50139.79143,44067.85914,50000000,500,0.001
50194.0739,46847.128,50000000,500,0.001
49793.6673,41747.00547,50000000,500,0.001
50028.85085,42411.21782,50000000,500,0.001
50225.07806,44144.84453,50000000,500,0.001
50358.26798,47437.41132,50000000,500,0.001
49537.22237,46373.31768,50000000,500,0.001
50264.52472,48535.46617,50000000,500,0.001
49968.84069,46139.09899,50000000,500,0.001
49875.60046,41828.52349,50000000,500,0.001
50115.06699,50073.02921,50000000,500,0.001
50066.88262,47399.84489,50000000,500,0.001
49984.62528,44111.13397,50000000,500,0.001
49782.16695,44442.59794,50000000,500,0.001
50145.07496,47616.96051,50000000,500,0.001
49993.72084,47803.37529,50000000,500,0.001
50057.08756,51255.32753,50000000,500,0.001
50068.2475,45046.83219,50000000,500,0.001
50313.60744,47248.31152,50000000,500,0.001
50250.91787,48231.715,50000000,500,0.001
49865.38599,49932.38052,50000000,500,0.001
49877.88194,46817.56438,50000000,500,0.001
49676.47008,45148.09704,50000000,500,0.001
50111.41474,48775.01507,50000000,500,0.001
50005.92141,44212.7923,50000000,500,0.001
50042.04573,47427.11031,50000000,500,0.001
50001.85476,55105.87501,50000000,500,0.001
50178.37622,45087.36343,50000000,500,0.001
49902.1869,48392.96403,50000000,500,0.001
49975.7994,44370.46986,50000000,500,0.001
49892.39653,39829.33156,50000000,500,0.001
50211.04647,43220.19776,50000000,500,0.001
49655.38413,43512.52166,50000000,500,0.001
50593.25554,49610.48758,50000000,500,0.001
49816.11825,47209.86477,50000000,500,0.001
49493.18625,43651.01892,50000000,500,0.001
49788.82373,43997.35054,50000000,500,0.001
49772.21563,44292.60139,50000000,500,0.001
49859.21414,44877.95852,50000000,500,0.001
50470.81443,42838.02325,50000000,500,0.001
49853.76793,47221.92417,50000000,500,0.001
49615.98241,45390.62835,50000000,500,0.001
50142.14298,51471.76443,50000000,500,0.001
50078.73314,44832.56098,50000000,500,0.001
50036.06412,45925.54599,50000000,500,0.001
50174.74795,45649.86284,50000000,500,0.001
49934.97452,45759.66091,50000000,500,0.001
50266.23236,47884.92909,50000000,500,0.001
49945.62314,56868.34683,50000000,500,0.001
50116.0591,49663.85215,50000000,500,0.001
50075.40433,43512.48601,50000000,500,0.001
49925.55969,47270.14794,50000000,500,0.001
49981.85795,46339.78537,50000000,500,0.001
50025.09092,47576.92583,50000000,500,0.001
50102.33868,45365.01685,50000000,500,0.001
50041.88609,48874.41151,50000000,500,0.001
49921.13971,44811.23222,50000000,500,0.001
49992.52724,47697.04427,50000000,500,0.001
50005.13007,47187.84372,50000000,500,0.001
50187.75734,44983.48319,50000000,500,0.001
49894.67763,45161.48087,50000000,500,0.001
50134.70581,50246.27276,50000000,500,0.001
50168.40341,44661.73839,50000000,500,0.001
49981.99974,42922.13997,50000000,500,0.001
49787.53131,43706.56262,50000000,500,0.001
49666.31065,48151.75276,50000000,500,0.001
50315.2876,43301.93457,50000000,500,0.001
49680.94017,43434.62986,50000000,500,0.001
50225.69119,47338.24961,50000000,500,0.001
50042.44757,47513.35507,50000000,500,0.001
49592.42441,49912.9173,50000000,500,0.001
49727.15983,49422.78169,50000000,500,0.001
50124.62202,42364.60326,50000000,500,0.001
49798.8877,47190.95544,50000000,500,0.001
49746.88638,47940.94906,50000000,500,0.001
49863.27455,42206.64862,50000000,500,0.001
50058.00646,49084.71769,50000000,500,0.001
49725.50325,48123.89909,50000000,500,0.001
50165.5388,48333.79442,50000000,500,0.001
49874.89876,46302.28434,50000000,500,0.001
50335.47982,44599.70703,50000000,500,0.001
49639.20345,47500.18439,50000000,500,0.001
49968.92076,46326.14409,50000000,500,0.001
49649.02529,48612.60142,50000000,500,0.001
49699.05993,48889.69515,50000000,500,0.001
50205.75488,45112.05819,50000000,500,0.001
50009.66734,45780.66202,50000000,500,0.001
50226.30031,48999.17725,50000000,500,0.001
50112.93127,54577.23461,50000000,500,0.001
50313.38955,43538.20228,50000000,500,0.001
50020.81327,51077.06208,50000000,500,0.001
49849.93522,40959.96171,50000000,500,0.001
252242.2248,12126.54477,50000000,10,0.005
247836.3608,8081.468789,50000000,10,0.005
249954.2584,10461.48352,50000000,10,0.005
246023.5304,13205.08123,50000000,10,0.005
247793.2811,10547.00074,50000000,10,0.005
248071.0588,12181.96575,50000000,10,0.005
249520.5485,5264.742938,50000000,10,0.005
249109.718,8196.825035,50000000,10,0.005
251637.0848,11479.96495,50000000,10,0.005
250729.8571,11397.6836,50000000,10,0.005
251104.2324,11925.09302,50000000,10,0.005
248233.5517,18210.34091,50000000,10,0.005
249352.6219,8807.423038,50000000,10,0.005
250062.1336,9719.879316,50000000,10,0.005
248178.2628,7867.723743,50000000,10,0.005
248692.4042,6343.88477,50000000,10,0.005
247648.334,14983.47596,50000000,10,0.005
250565.2416,7956.526809,50000000,10,0.005
250663.878,12194.12471,50000000,10,0.005
248878.1208,9922.952383,50000000,10,0.005
249858.2111,9124.307223,50000000,10,0.005
250204.0112,10128.69265,50000000,10,0.005
251196.02,16163.60589,50000000,10,0.005
251166.1907,8503.057612,50000000,10,0.005
248170.6714,13007.71377,50000000,10,0.005
252191.9257,9320.02138,50000000,10,0.005
248883.8492,16352.97451,50000000,10,0.005
247642.7858,10278.45632,50000000,10,0.005
247872.5505,8061.348086,50000000,10,0.005
249000.5932,13965.56898,50000000,10,0.005
250318.1768,10662.22726,50000000,10,0.005
248767.7853,12209.24785,50000000,10,0.005
249668.0569,9470.892693,50000000,10,0.005
253235.4798,10060.1628,50000000,10,0.005
248051.9214,8014.524313,50000000,10,0.005
256554.5978,22441.50031,50000000,10,0.005
252088.6946,13066.42218,50000000,10,0.005
250238.3102,6805.402859,50000000,10,0.005
248584.3813,15491.58098,50000000,10,0.005
250580.4919,10011.4884,50000000,10,0.005
247363.2288,9405.035737,50000000,10,0.005
252446.3723,13305.01761,50000000,10,0.005
250621.6903,17311.40203,50000000,10,0.005
247523.2027,9873.282882,50000000,10,0.005
251095.1464,7584.80044,50000000,10,0.005
251772.2429,9906.203733,50000000,10,0.005
251596.5782,6622.924497,50000000,10,0.005
249074.3785,16315.24159,50000000,10,0.005
246053.9155,13100.63576,50000000,10,0.005
252005.0295,12305.07891,50000000,10,0.005
250782.3082,12713.05231,50000000,10,0.005
245152.988,9496.052736,50000000,10,0.005
245939.6118,12171.31024,50000000,10,0.005
251392.3268,8648.578527,50000000,10,0.005
248897.3827,27733.24508,50000000,10,0.005
252999.2164,11146.68766,50000000,10,0.005
246624.3146,16650.84681,50000000,10,0.005
250894.7202,13749.39386,50000000,10,0.005
251385.3502,9409.380726,50000000,10,0.005
247535.5526,10393.85866,50000000,10,0.005
248193.4574,7347.917762,50000000,10,0.005
251900.2297,5866.479802,50000000,10,0.005
242453.1965,19727.99961,50000000,10,0.005
247578.3921,10093.10797,50000000,10,0.005
249970.431,18142.46795,50000000,10,0.005
251073.0245,10884.26922,50000000,10,0.005
251837.876,13781.71813,50000000,10,0.005
251814.7362,10139.16204,50000000,10,0.005
247668.804,56208.73741,50000000,10,0.005
255421.9726,13444.87256,50000000,10,0.005
248456.4115,10299.43429,50000000,10,0.005
249693.7202,10639.15101,50000000,10,0.005
250111.3096,11293.39734,50000000,10,0.005
246765.9047,10676.15109,50000000,10,0.005
250595.7381,8955.965865,50000000,10,0.005
251208.2318,10750.3047,50000000,10,0.005
250178.8784,12464.77099,50000000,10,0.005
252828.0704,8208.117532,50000000,10,0.005
249817.2038,8763.585305,50000000,10,0.005
247597.0188,9725.077256,50000000,10,0.005
249452.4056,17676.84603,50000000,10,0.005
251781.6206,8963.599106,50000000,10,0.005
253085.9494,12357.25344,50000000,10,0.005
251629.2609,16008.44222,50000000,10,0.005
245547.4944,10805.35581,50000000,10,0.005
252475.9389,11072.82505,50000000,10,0.005
253318.0923,11664.64967,50000000,10,0.005
252354.3422,16226.92692,50000000,10,0.005
251011.0705,8643.19856,50000000,10,0.005
248790.1831,8505.363818,50000000,10,0.005
249800.2571,10280.54108,50000000,10,0.005
248152.9059,19955.26708,50000000,10,0.005
249780.1687,14925.14329,50000000,10,0.005
248635.6922,16263.58397,50000000,10,0.005
253678.4417,10135.11201,50000000,10,0.005
251292.7217,11941.45003,50000000,10,0.005
253713.3859,14392.98865,50000000,10,0.005
249484.8576,11511.44995,50000000,10,0.005
248571.3936,22633.02164,50000000,10,0.005
249210.7011,16719.31054,50000000,10,0.005
249115.0531,24688.32952,50000000,20,0.005
252510.2546,29389.32313,50000000,20,0.005
251982.8927,23697.47497,50000000,20,0.005
247617.2714,25209.90101,50000000,20,0.005
248292.4993,33826.34728,50000000,20,0.005
250655.9334,24668.00748,50000000,20,0.005
248759.3442,25665.68959,50000000,20,0.005
250847.1543,26615.45323,50000000,20,0.005
253100.7346,26816.22481,50000000,20,0.005
249275.1239,24496.14416,50000000,20,0.005
244800.3842,23685.60076,50000000,20,0.005
250295.6134,15237.53025,50000000,20,0.005
249044.9032,16697.06948,50000000,20,0.005
251800.7159,20216.71858,50000000,20,0.005
248080.7296,17291.26908,50000000,20,0.005
249170.2874,21329.47415,50000000,20,0.005
252698.7602,18299.31353,50000000,20,0.005
247180.1205,19580.97319,50000000,20,0.005
253247.9736,17670.36725,50000000,20,0.005
250757.6735,15641.81603,50000000,20,0.005
249818.2561,17065.48411,50000000,20,0.005
252700.9239,16575.81531,50000000,20,0.005
250594.976,19364.33729,50000000,20,0.005
252639.7503,18808.28049,50000000,20,0.005
249518.8706,17173.0226,50000000,20,0.005
249712.3893,19778.22049,50000000,20,0.005
249581.6485,28471.4229,50000000,20,0.005
251076.8646,17931.59548,50000000,20,0.005
249353.3717,21767.66725,50000000,20,0.005
251249.6648,19979.93609,50000000,20,0.005
250188.9873,16053.33604,50000000,20,0.005
250294.316,18146.82791,50000000,20,0.005
248593.8716,18219.81773,50000000,20,0.005
251338.8106,20349.76997,50000000,20,0.005
250265.2363,15537.5099,50000000,20,0.005
250974.8011,22963.56406,50000000,20,0.005
250528.9356,14071.14256,50000000,20,0.005
248821.8152,18685.33132,50000000,20,0.005
248639.3995,15427.05421,50000000,20,0.005
248545.0787,26902.60381,50000000,20,0.005
248034.9658,18900.17085,50000000,20,0.005
252403.8966,24109.62606,50000000,20,0.005
251511.0619,18093.36726,50000000,20,0.005
250702.1701,23596.22497,50000000,20,0.005
248665.153,18413.9088,50000000,20,0.005
247806.0818,35830.06805,50000000,20,0.005
251950.7373,36135.23857,50000000,20,0.005
245151.8047,25698.68077,50000000,20,0.005
249433.3934,20639.94788,50000000,20,0.005
252990.458,26418.45766,50000000,20,0.005
250052.2988,29253.96639,50000000,20,0.005
250635.1826,23068.14002,50000000,20,0.005
248296.466,28094.0403,50000000,20,0.005
248499.428,18175.02581,50000000,20,0.005
249502.8169,23171.54058,50000000,20,0.005
250553.4918,27746.41218,50000000,20,0.005
248221.0367,35861.40092,50000000,20,0.005
249034.7239,20745.7601,50000000,20,0.005
252095.0019,21573.26596,50000000,20,0.005
248247.2204,20127.05045,50000000,20,0.005
249733.0546,19240.63774,50000000,20,0.005
245609.7452,23949.89202,50000000,20,0.005
251196.2558,17628.53523,50000000,20,0.005
250851.2601,22511.50846,50000000,20,0.005
251953.6635,15780.53137,50000000,20,0.005
252731.8447,21293.07813,50000000,20,0.005
248254.3788,28168.32975,50000000,20,0.005
249991.7203,22834.70831,50000000,20,0.005
251114.2957,32820.82282,50000000,20,0.005
252194.5096,39793.49538,50000000,20,0.005
250541.2092,31188.65777,50000000,20,0.005
251489.7673,33564.33835,50000000,20,0.005
248604.4391,22396.82572,50000000,20,0.005
247944.2042,15658.13017,50000000,20,0.005
253163.1209,25264.08774,50000000,20,0.005
252746.7403,18713.25614,50000000,20,0.005
251348.5078,43617.87495,50000000,20,0.005
252353.5956,19860.35506,50000000,20,0.005
251093.6184,18876.14357,50000000,20,0.005
250104.3024,26860.00365,50000000,20,0.005
250217.3772,21644.16916,50000000,20,0.005
251443.24,19737.02501,50000000,20,0.005
247855.939,20134.00972,50000000,20,0.005
251752.8411,21349.57973,50000000,20,0.005
250329.1564,26217.22145,50000000,20,0.005
249754.7739,31144.73642,50000000,20,0.005
251957.4945,15160.45648,50000000,20,0.005
250033.9128,29005.13943,50000000,20,0.005
249151.6039,20015.19375,50000000,20,0.005
247930.2076,36375.77053,50000000,20,0.005
247943.6055,21237.02322,50000000,20,0.005
250114.2447,20508.36356,50000000,20,0.005
248471.5415,30861.26543,50000000,20,0.005
250251.6984,15644.89478,50000000,20,0.005
250483.6384,24597.4962,50000000,20,0.005
248416.7183,22397.80575,50000000,20,0.005
252198.182,24130.10997,50000000,20,0.005
246976.503,19544.86857,50000000,20,0.005
251497.7369,15918.17521,50000000,20,0.005
248509.2969,20850.8124,50000000,20,0.005
252146.8881,48174.32804,49999980,30,0.005
249522.89,26336.35554,49999980,30,0.005
247807.793,29388.38712,49999980,30,0.005
249215.2493,43851.5721,49999980,30,0.005
250120.0911,33065.13032,49999980,30,0.005
251055.5862,27283.36709,49999980,30,0.005
250163.8997,36366.40088,49999980,30,0.005
249379.0164,30304.16242,49999980,30,0.005
250610.8116,26986.84235,49999980,30,0.005
249985.819,22469.30639,49999980,30,0.005
247165.164,31856.23917,49999980,30,0.005
253132.0402,26340.3917,49999980,30,0.005
248961.4216,35586.53091,49999980,30,0.005
251827.5468,23385.23444,49999980,30,0.005
250602.681,26228.63466,49999980,30,0.005
250465.7461,27256.21343,49999980,30,0.005
250826.748,22840.25495,49999980,30,0.005
246579.843,32439.23399,49999980,30,0.005
251928.4944,34469.21309,49999980,30,0.005
250468.0342,42027.30913,49999980,30,0.005
251696.8758,50253.70065,49999980,30,0.005
251605.5908,38211.23835,49999980,30,0.005
250352.4308,32354.45142,49999980,30,0.005
246934.2362,46181.23922,49999980,30,0.005
251316.3259,30139.51114,49999980,30,0.005
251674.6925,40869.19101,49999980,30,0.005
251517.6525,35689.31026,49999980,30,0.005
250534.7232,37304.64243,49999980,30,0.005
247041.2219,33069.09418,49999980,30,0.005
251834.2283,27797.22248,49999980,30,0.005
247956.9806,35691.00218,49999980,30,0.005
248665.8172,37770.8873,49999980,30,0.005
249061.4712,30031.41667,49999980,30,0.005
250373.4546,36689.49168,49999980,30,0.005
250635.0468,33681.94576,49999980,30,0.005
251279.2578,34247.69326,49999980,30,0.005
249985.7641,38633.80158,49999980,30,0.005
249052.8753,25093.90995,49999980,30,0.005
251538.4769,38643.69604,49999980,30,0.005
251999.7655,27357.77302,49999980,30,0.005
252780.1481,41837.26748,49999980,30,0.005
252662.1498,28256.89894,49999980,30,0.005
249061.421,51052.29993,49999980,30,0.005
249706.8536,24258.07384,49999980,30,0.005
247090.7149,26858.72247,49999980,30,0.005
248892.1222,33742.21605,49999980,30,0.005
250889.0701,40069.02898,49999980,30,0.005
252219.32,29865.37147,49999980,30,0.005
249557.2243,30080.01705,49999980,30,0.005
251141.6929,29562.59659,49999980,30,0.005
249672.1681,40372.97448,49999980,30,0.005
249099.9651,37103.00051,49999980,30,0.005
248947.2771,44501.02201,49999980,30,0.005
250753.5347,25781.53604,49999980,30,0.005
249084.6083,28781.58875,49999980,30,0.005
249565.6461,33469.46334,49999980,30,0.005
252260.3956,44554.98054,49999980,30,0.005
251718.6949,40598.90246,49999980,30,0.005
250252.4473,33636.06176,49999980,30,0.005
248792.4059,27698.8406,49999980,30,0.005
252696.2864,25472.07427,49999980,30,0.005
249178.2276,33539.13664,49999980,30,0.005
248167.3639,37152.63686,49999980,30,0.005
250255.798,34466.69009,49999980,30,0.005
251322.337,31463.92721,49999980,30,0.005
249545.205,41277.9748,49999980,30,0.005
248777.9444,28451.07446,49999980,30,0.005
249501.9399,36670.92671,49999980,30,0.005
248883.7919,40028.91616,49999980,30,0.005
249792.5597,35559.17667,49999980,30,0.005
249530.5918,36817.22416,49999980,30,0.005
250381.4577,24985.76877,49999980,30,0.005
248760.6529,31370.76696,49999980,30,0.005
248951.7534,31292.89214,49999980,30,0.005
249904.0757,31444.4507,49999980,30,0.005
248784.7842,30831.61111,49999980,30,0.005
251763.1323,34849.92028,49999980,30,0.005
250333.4806,35946.64542,49999980,30,0.005
248566.2963,27879.09074,49999980,30,0.005
249179.841,25094.15648,49999980,30,0.005
249353.7767,33560.27362,49999980,30,0.005
249827.486,41102.53881,49999980,30,0.005
252401.7208,30144.86054,49999980,30,0.005
248678.1141,23729.34296,49999980,30,0.005
249425.494,27119.20257,49999980,30,0.005
251805.4329,29935.64566,49999980,30,0.005
249721.1717,26521.76867,49999980,30,0.005
251794.0907,30346.26722,49999980,30,0.005
250743.8078,27059.95442,49999980,30,0.005
250118.2655,23858.22884,49999980,30,0.005
250417.4442,29164.9975,49999980,30,0.005
251146.7266,40484.26445,49999980,30,0.005
249366.2265,34909.75136,49999980,30,0.005
250443.5438,36982.72952,49999980,30,0.005
249757.2844,30020.17394,49999980,30,0.005
248454.9558,33675.41275,49999980,30,0.005
249202.9675,31505.28264,49999980,30,0.005
249431.8253,34736.45223,49999980,30,0.005
248267.529,34703.11585,49999980,30,0.005
250835.2977,24766.32272,49999980,30,0.005
251142.8467,53251.76859,50000000,40,0.005
249832.9917,33144.99034,50000000,40,0.005
250207.5252,41311.13042,50000000,40,0.005
250132.9416,37008.41641,50000000,40,0.005
250233.5242,44342.44377,50000000,40,0.005
250751.0012,45329.3236,50000000,40,0.005
246827.1269,50592.16587,50000000,40,0.005
248813.2096,29743.92294,50000000,40,0.005
250030.3531,52104.24768,50000000,40,0.005
249717.1017,40011.51723,50000000,40,0.005
248004.6429,34740.41969,50000000,40,0.005
249915.1859,48068.65108,50000000,40,0.005
250185.879,46942.6581,50000000,40,0.005
250639.8262,50042.8313,50000000,40,0.005
250487.279,32496.91486,50000000,40,0.005
248393.4225,43106.06495,50000000,40,0.005
248716.2262,76022.67206,50000000,40,0.005
249867.7116,40172.01699,50000000,40,0.005
249608.6467,46814.98078,50000000,40,0.005
249670.0504,37860.60086,50000000,40,0.005
252201.636,48550.32509,50000000,40,0.005
251376.664,31028.02329,50000000,40,0.005
251295.7132,40540.68003,50000000,40,0.005
251533.2716,40934.05935,50000000,40,0.005
245798.3097,45208.74276,50000000,40,0.005
248009.6665,30875.59712,50000000,40,0.005
251496.0472,36288.37299,50000000,40,0.005
248864.7934,32888.62724,50000000,40,0.005
249965.192,37317.38616,50000000,40,0.005
252027.3545,35699.73518,50000000,40,0.005
250556.9803,52440.26102,50000000,40,0.005
247746.8464,48596.37369,50000000,40,0.005
251279.7409,45559.27645,50000000,40,0.005
248937.4143,32472.2998,50000000,40,0.005
250314.8378,43965.76382,50000000,40,0.005
252308.9534,34127.36182,50000000,40,0.005
249017.7816,36460.19609,50000000,40,0.005
250032.4142,38583.89279,50000000,40,0.005
248976.5709,38795.78292,50000000,40,0.005
250046.3991,42440.96262,50000000,40,0.005
248479.4691,39934.06299,50000000,40,0.005
251207.4933,38986.89006,50000000,40,0.005
252707.4627,42556.82316,50000000,40,0.005
252524.4353,43309.51437,50000000,40,0.005
250944.5691,50924.01705,50000000,40,0.005
249323.7025,46287.32141,50000000,40,0.005
250514.9341,33554.97978,50000000,40,0.005
248369.7204,40117.79209,50000000,40,0.005
250096.8381,35442.29808,50000000,40,0.005
248615.4226,42233.62305,50000000,40,0.005
250792.4731,36085.76746,50000000,40,0.005
249394.3698,53288.56757,50000000,40,0.005
250078.5546,38374.6031,50000000,40,0.005
248561.0979,37730.12062,50000000,40,0.005
248357.2845,36097.08384,50000000,40,0.005
250028.1215,35017.22636,50000000,40,0.005
249983.466,32284.69794,50000000,40,0.005
249727.3182,34301.48894,50000000,40,0.005
249619.0943,39508.72201,50000000,40,0.005
248545.3561,40129.60828,50000000,40,0.005
246784.8641,40775.71947,50000000,40,0.005
248491.8443,40906.79933,50000000,40,0.005
252435.4871,45708.76043,50000000,40,0.005
248792.1084,49821.5948,50000000,40,0.005
251395.8755,35496.19489,50000000,40,0.005
250947.0012,41381.78844,50000000,40,0.005
251188.4493,41480.08041,50000000,40,0.005
250046.3229,39981.26158,50000000,40,0.005
250169.9061,41741.9247,50000000,40,0.005
251701.4342,36086.77354,50000000,40,0.005
249871.5254,36486.45312,50000000,40,0.005
250708.3173,37177.86437,50000000,40,0.005
247735.289,44880.32653,50000000,40,0.005
248755.7907,57440.36676,50000000,40,0.005
248747.0999,40024.07187,50000000,40,0.005
251123.1866,43765.69778,50000000,40,0.005
251756.1227,30993.84764,50000000,40,0.005
250933.5561,39814.20974,50000000,40,0.005
249650.7772,40872.77964,50000000,40,0.005
249977.0753,35081.43199,50000000,40,0.005
249857.0695,36351.04065,50000000,40,0.005
250506.2603,39001.03003,50000000,40,0.005
249825.3281,49732.46372,50000000,40,0.005
249176.7874,51017.42935,50000000,40,0.005
252814.3739,39199.63268,50000000,40,0.005
251869.0623,39038.72626,50000000,40,0.005
248470.8058,51833.94469,50000000,40,0.005
250330.1078,36390.43627,50000000,40,0.005
251910.5012,48137.48185,50000000,40,0.005
249890.4204,57583.5823,50000000,40,0.005
248384.6382,33349.02466,50000000,40,0.005
248493.5627,35983.05336,50000000,40,0.005
252416.1075,38935.581,50000000,40,0.005
250804.5094,36102.70879,50000000,40,0.005
248223.4246,37430.38973,50000000,40,0.005
250100.8897,36360.03919,50000000,40,0.005
250971.5017,33704.83837,50000000,40,0.005
249458.5349,40369.24541,50000000,40,0.005
250813.7616,50291.20036,50000000,40,0.005
250412.8,61289.01257,50000000,40,0.005
251341.3765,40772.12442,50000000,50,0.005
248567.6967,60352.61154,50000000,50,0.005
249277.7598,51185.1667,50000000,50,0.005
252096.5378,55197.5936,50000000,50,0.005
251661.87,56612.88958,50000000,50,0.005
250563.5617,52960.73487,50000000,50,0.005
247352.6177,40109.0256,50000000,50,0.005
251570.9083,48803.94375,50000000,50,0.005
249036.9706,39688.1714,50000000,50,0.005
248643.8694,50727.70901,50000000,50,0.005
250655.3235,49090.08377,50000000,50,0.005
250023.6396,63368.24947,50000000,50,0.005
247970.3923,43575.85891,50000000,50,0.005
250488.6706,47429.73897,50000000,50,0.005
249570.7918,48825.77679,50000000,50,0.005
249014.1732,52344.68646,50000000,50,0.005
248758.1716,47530.28118,50000000,50,0.005
249755.7844,48060.56982,50000000,50,0.005
250337.1799,53775.16929,50000000,50,0.005
251259.0056,38139.94519,50000000,50,0.005
251490.7515,49679.93023,50000000,50,0.005
248606.0163,60068.02475,50000000,50,0.005
248337.8407,53386.49883,50000000,50,0.005
251409.6588,50769.75053,50000000,50,0.005
251121.1146,63676.8119,50000000,50,0.005
251001.5334,71430.79697,50000000,50,0.005
251177.6517,43457.43444,50000000,50,0.005
250135.3023,52194.80777,50000000,50,0.005
250481.2819,43935.6219,50000000,50,0.005
249978.0636,43687.23006,50000000,50,0.005
248622.3294,47510.0405,50000000,50,0.005
249725.4939,55393.6694,50000000,50,0.005
250366.8774,44655.1505,50000000,50,0.005
248807.2714,43264.18282,50000000,50,0.005
250162.8198,51948.05944,50000000,50,0.005
250436.2337,46673.6904,50000000,50,0.005
249180.3372,59952.24469,50000000,50,0.005
249424.3313,72930.60549,50000000,50,0.005
249653.7786,63695.82835,50000000,50,0.005
249939.3815,47853.85184,50000000,50,0.005
251250.8247,42798.11133,50000000,50,0.005
250975.8753,44448.70798,50000000,50,0.005
249991.9792,58868.77176,50000000,50,0.005
250494.8111,67488.14401,50000000,50,0.005
250899.4811,54357.6362,50000000,50,0.005
248624.182,40446.13547,50000000,50,0.005
250438.9523,59213.10866,50000000,50,0.005
248836.4806,60204.24075,50000000,50,0.005
251981.7482,51970.51885,50000000,50,0.005
249916.554,51769.75391,50000000,50,0.005
248958.4047,44050.54637,50000000,50,0.005
251069.0653,52476.62676,50000000,50,0.005
249920.0896,62502.55125,50000000,50,0.005
248362.9637,39408.16758,50000000,50,0.005
249869.7478,63991.86511,50000000,50,0.005
249522.9358,57894.61467,50000000,50,0.005
251172.5648,39884.44328,50000000,50,0.005
249750.8155,60749.80147,50000000,50,0.005
251061.9032,53721.88848,50000000,50,0.005
248137.3479,56442.87211,50000000,50,0.005
248221.2356,66355.70377,50000000,50,0.005
250480.0473,41248.88219,50000000,50,0.005
249781.1385,52545.41863,50000000,50,0.005
249689.1467,51429.65426,50000000,50,0.005
252452.5493,48741.69344,50000000,50,0.005
249943.7188,64084.36014,50000000,50,0.005
250476.8319,50399.65663,50000000,50,0.005
248975.106,43221.89389,50000000,50,0.005
248209.6952,42778.46002,50000000,50,0.005
249206.3884,57776.99642,50000000,50,0.005
250367.1611,49424.98092,50000000,50,0.005
248912.7725,49569.37207,50000000,50,0.005
249140.0818,43459.42547,50000000,50,0.005
249539.8553,43532.55233,50000000,50,0.005
249383.6755,52759.37435,50000000,50,0.005
248977.4846,47428.70407,50000000,50,0.005
251394.7931,43780.07655,50000000,50,0.005
250754.3933,61452.095,50000000,50,0.005
250288.6698,39154.03021,50000000,50,0.005
250403.5265,43053.3071,50000000,50,0.005
250319.4347,60562.57723,50000000,50,0.005
251339.2581,53546.3037,50000000,50,0.005
249088.0464,54346.26155,50000000,50,0.005
250328.913,39442.82008,50000000,50,0.005
249108.2069,50675.87304,50000000,50,0.005
251195.8414,57851.41248,50000000,50,0.005
249164.5772,63209.38923,50000000,50,0.005
249695.6827,47949.85216,50000000,50,0.005
251469.8605,46173.51264,50000000,50,0.005
250635.9399,43316.82595,50000000,50,0.005
250279.5266,61543.21907,50000000,50,0.005
250384.7468,45808.09166,50000000,50,0.005
247229.4468,46195.35303,50000000,50,0.005
251177.7778,50036.6545,50000000,50,0.005
249391.9209,48745.64414,50000000,50,0.005
250927.912,58241.27887,50000000,50,0.005
250515.6988,63568.64033,50000000,50,0.005
249386.8521,68211.22658,50000000,50,0.005
249673.1386,49165.87934,50000000,50,0.005
250144.5525,58551.5476,50000000,50,0.005
250018.6242,75870.29389,49999950,70,0.005
250286.697,56426.90787,49999950,70,0.005
248591.0262,71403.98439,49999950,70,0.005
247686.8377,51535.13184,49999950,70,0.005
249569.5303,61596.13803,49999950,70,0.005
250718.4602,62358.23986,49999950,70,0.005
250145.7638,63303.01905,49999950,70,0.005
251207.1483,64670.86282,49999950,70,0.005
249820.7342,69330.98457,49999950,70,0.005
248207.8522,54065.88136,49999950,70,0.005
249051.8049,44529.48909,49999950,70,0.005
249917.7125,52295.4416,49999950,70,0.005
248392.3719,68529.67775,49999950,70,0.005
250630.1141,66621.61248,49999950,70,0.005
250258.6978,80513.81687,49999950,70,0.005
249771.9234,67228.85931,49999950,70,0.005
250245.4152,86635.38226,49999950,70,0.005
248758.5947,52579.12587,49999950,70,0.005
250127.4772,67477.48003,49999950,70,0.005
249828.0099,62440.781,49999950,70,0.005
249410.9307,69456.60487,49999950,70,0.005
251063.2699,72138.01407,49999950,70,0.005
249268.0862,57313.04637,49999950,70,0.005
249987.1674,63280.53267,49999950,70,0.005
249505.4744,70742.00491,49999950,70,0.005
252066.9357,59434.20873,49999950,70,0.005
248254.1,62418.15878,49999950,70,0.005
249847.7714,57474.06453,49999950,70,0.005
249650.1438,64079.77562,49999950,70,0.005
251501.0033,53460.74122,49999950,70,0.005
249369.8185,64194.37921,49999950,70,0.005
249313.7847,70764.83739,49999950,70,0.005
248618.2268,88578.10674,49999950,70,0.005
249390.8205,69550.35097,49999950,70,0.005
248770.0081,72250.93075,49999950,70,0.005
249781.0227,67202.7801,49999950,70,0.005
249623.3076,95437.8041,49999950,70,0.005
249186.5382,64134.54536,49999950,70,0.005
250070.5211,64963.31737,49999950,70,0.005
250696.701,65790.25038,49999950,70,0.005
249609.2486,63003.85919,49999950,70,0.005
249753.5995,67927.9535,49999950,70,0.005
251142.9415,71390.37759,49999950,70,0.005
249425.4437,58663.60137,49999950,70,0.005
249793.3313,59547.41061,49999950,70,0.005
249249.5291,57391.89808,49999950,70,0.005
249329.8584,60511.60985,49999950,70,0.005
250872.1276,64915.60791,49999950,70,0.005
251096.9663,57189.8672,49999950,70,0.005
249833.5087,64938.53119,49999950,70,0.005
250158.3072,59639.56126,49999950,70,0.005
249179.1016,78732.96872,49999950,70,0.005
249732.1261,82393.56283,49999950,70,0.005
252074.1937,62017.42194,49999950,70,0.005
250130.1321,76752.96146,49999950,70,0.005
250094.0921,55719.79316,49999950,70,0.005
251776.5136,71908.05235,49999950,70,0.005
249216.0291,70104.21799,49999950,70,0.005
247679.9604,48387.02468,49999950,70,0.005
250785.8013,69545.57511,49999950,70,0.005
250897.6509,67337.20275,49999950,70,0.005
250667.3258,69378.08146,49999950,70,0.005
250132.3469,67653.27346,49999950,70,0.005
249178.3721,61480.61706,49999950,70,0.005
249296.118,51593.29452,49999950,70,0.005
249961.3006,49497.59444,49999950,70,0.005
249974.4647,68073.56384,49999950,70,0.005
250172.7765,66907.73431,49999950,70,0.005
251454.1246,62345.72001,49999950,70,0.005
249671.0348,63821.307,49999950,70,0.005
249937.8289,86566.4308,49999950,70,0.005
249426.6071,60670.90519,49999950,70,0.005
249951.4725,65271.04685,49999950,70,0.005
248387.7465,56003.85119,49999950,70,0.005
249914.1963,55950.64636,49999950,70,0.005
250091.6812,63146.53989,49999950,70,0.005
250069.2546,64550.58541,49999950,70,0.005
249218.7186,68346.31694,49999950,70,0.005
248707.3585,67278.74657,49999950,70,0.005
250902.2226,48357.25146,49999950,70,0.005
249911.847,52904.88747,49999950,70,0.005
251573.8306,61823.58502,49999950,70,0.005
249488.0828,71861.32212,49999950,70,0.005
248909.2575,64616.64448,49999950,70,0.005
248854.7508,56214.27019,49999950,70,0.005
249410.3757,70417.77149,49999950,70,0.005
249349.5854,86353.36772,49999950,70,0.005
250264.869,55098.0512,49999950,70,0.005
249789.812,52481.86001,49999950,70,0.005
248998.8493,64634.77941,49999950,70,0.005
250463.0953,61372.6395,49999950,70,0.005
250581.5878,87602.40904,49999950,70,0.005
249549.3379,51794.17013,49999950,70,0.005
249958.2484,50757.1282,49999950,70,0.005
251292.2685,84988.88991,49999950,70,0.005
250578.6469,68171.66908,49999950,70,0.005
249745.9949,61860.91101,49999950,70,0.005
250432.7564,66828.09493,49999950,70,0.005
249416.5719,59913.67699,49999950,70,0.005
249800.1398,66023.32901,49999950,70,0.005
250817.2884,82579.20959,50000000,100,0.005
249866.5686,90121.07241,50000000,100,0.005
250185.1654,79249.75156,50000000,100,0.005
250546.4697,79491.0174,50000000,100,0.005
250734.5553,67490.10676,50000000,100,0.005
251183.5579,78858.91447,50000000,100,0.005
250076.2978,86282.91387,50000000,100,0.005
249703.1771,101515.5665,50000000,100,0.005
250865.2603,75984.70401,50000000,100,0.005
250638.8809,82726.99987,50000000,100,0.005
249146.5847,79062.40739,50000000,100,0.005
249458.5981,84111.12719,50000000,100,0.005
250180.3498,74649.04513,50000000,100,0.005
249902.8836,79440.14618,50000000,100,0.005
251316.6915,72425.18331,50000000,100,0.005
249647.7068,74648.35491,50000000,100,0.005
248075.3255,80202.67601,50000000,100,0.005
249969.5014,69135.56213,50000000,100,0.005
249543.6511,76887.04415,50000000,100,0.005
250102.6327,88099.80246,50000000,100,0.005
250207.8179,101882.1227,50000000,100,0.005
248813.1551,88862.86121,50000000,100,0.005
250703.8394,78688.10733,50000000,100,0.005
250763.3045,76619.32901,50000000,100,0.005
248239.916,88007.23136,50000000,100,0.005
250590.569,96790.58906,50000000,100,0.005
250447.8372,102043.4228,50000000,100,0.005
249394.7838,99449.87551,50000000,100,0.005
249656.5939,80193.94253,50000000,100,0.005
249826.9826,78452.2031,50000000,100,0.005
249628.9716,91487.27717,50000000,100,0.005
249090.6301,88824.88886,50000000,100,0.005
250903.9956,93943.69874,50000000,100,0.005
250230.4168,91973.06814,50000000,100,0.005
250238.4234,87104.81538,50000000,100,0.005
249004.2142,81206.19706,50000000,100,0.005
250709.7501,81764.27933,50000000,100,0.005
250774.9654,96639.95056,50000000,100,0.005
251029.4103,81699.98571,50000000,100,0.005
248724.4583,93631.76626,50000000,100,0.005
249485.9871,84724.5603,50000000,100,0.005
251145.3531,96935.22131,50000000,100,0.005
249705.6129,79233.82332,50000000,100,0.005
249724.992,88624.56342,50000000,100,0.005
250577.327,97682.15997,50000000,100,0.005
249537.1706,67592.30938,50000000,100,0.005
249718.9201,67949.32394,50000000,100,0.005
249707.6438,72277.50877,50000000,100,0.005
249155.8415,83956.36963,50000000,100,0.005
250877.5372,106168.0749,50000000,100,0.005
251480.1427,80905.86445,50000000,100,0.005
249888.6391,81251.24364,50000000,100,0.005
251654.0504,79434.69872,50000000,100,0.005
249952.9552,69025.48702,50000000,100,0.005
250143.6788,96247.33124,50000000,100,0.005
250777.7993,76069.50918,50000000,100,0.005
250963.1448,93025.8483,50000000,100,0.005
249614.4008,61043.04162,50000000,100,0.005
251064.6187,72808.10314,50000000,100,0.005
249746.3475,87537.32537,50000000,100,0.005
249921.1515,78078.92491,50000000,100,0.005
249809.4953,71571.27544,50000000,100,0.005
249679.4113,94683.79824,50000000,100,0.005
250317.6377,88384.59107,50000000,100,0.005
250533.4726,81487.4947,50000000,100,0.005
250553.0116,75750.65719,50000000,100,0.005
250515.1666,69744.30347,50000000,100,0.005
251082.7797,77049.09326,50000000,100,0.005
249854.0927,82501.53613,50000000,100,0.005
249951.7343,79866.5485,50000000,100,0.005
251487.9691,79515.56105,50000000,100,0.005
250477.6404,83231.0587,50000000,100,0.005
249993.9107,66339.21145,50000000,100,0.005
251601.8228,86432.22912,50000000,100,0.005
249623.5118,90473.87534,50000000,100,0.005
249481.1411,73437.56611,50000000,100,0.005
250156.2177,73557.80007,50000000,100,0.005
248610.936,85708.40856,50000000,100,0.005
251259.8959,64754.633,50000000,100,0.005
250056.2937,75676.82995,50000000,100,0.005
250123.7854,69118.06153,50000000,100,0.005
249146.965,67318.66302,50000000,100,0.005
249604.7165,67827.67237,50000000,100,0.005
251433.1377,94153.32308,50000000,100,0.005
250139.1983,79810.06528,50000000,100,0.005
250196.1277,78309.04959,50000000,100,0.005
250119.6925,77738.29697,50000000,100,0.005
250134.8719,79145.69326,50000000,100,0.005
250270.8195,70940.11037,50000000,100,0.005
249117.7403,79206.647,50000000,100,0.005
249794.2664,79390.62363,50000000,100,0.005
250229.3019,84161.98008,50000000,100,0.005
249584.4663,82597.39724,50000000,100,0.005
250547.7389,99710.08078,50000000,100,0.005
250294.1075,90929.17364,50000000,100,0.005
249500.3411,76732.99705,50000000,100,0.005
249350.3325,73972.841,50000000,100,0.005
248553.5442,62691.83746,50000000,100,0.005
249721.1277,91521.51581,50000000,100,0.005
250947.4256,80467.34183,50000000,100,0.005
249183.8887,95662.12493,49999880,140,0.005
250148.6579,100818.7867,49999880,140,0.005
249606.4892,85862.49338,49999880,140,0.005
250635.5003,94049.18991,49999880,140,0.005
250881.6323,88767.73569,49999880,140,0.005
250514.5857,93602.21489,49999880,140,0.005
248959.7846,98862.3939,49999880,140,0.005
249928.7253,105233.4414,49999880,140,0.005
249284.0623,77659.78639,49999880,140,0.005
250123.2067,91905.07417,49999880,140,0.005
250272.4779,81134.39404,49999880,140,0.005
250730.1699,100207.7307,49999880,140,0.005
248850.0444,101119.6052,49999880,140,0.005
250098.678,86565.20854,49999880,140,0.005
250079.2415,108011.692,49999880,140,0.005
248469.413,103490.9246,49999880,140,0.005
250953.0897,114595.4335,49999880,140,0.005
250050.909,96496.59914,49999880,140,0.005
250083.7982,104325.0354,49999880,140,0.005
249325.2567,124685.9737,49999880,140,0.005
251360.8995,105178.0201,49999880,140,0.005
251249.1084,98340.8943,49999880,140,0.005
250083.2404,99921.11569,49999880,140,0.005
249906.1498,115742.6292,49999880,140,0.005
249277.6678,117109.1767,49999880,140,0.005
248836.2713,108372.0583,49999880,140,0.005
251581.4917,120423.4062,49999880,140,0.005
250125.166,99815.50554,49999880,140,0.005
249250.859,98625.01062,49999880,140,0.005
250813.5756,103824.7932,49999880,140,0.005
249855.9899,102691.3736,49999880,140,0.005
251016.5072,97569.40033,49999880,140,0.005
250456.4464,85255.34758,49999880,140,0.005
250138.7073,112136.121,49999880,140,0.005
250126.9684,95966.82759,49999880,140,0.005
251270.6801,102404.2211,49999880,140,0.005
249250.058,95041.47812,49999880,140,0.005
249250.4247,107913.9087,49999880,140,0.005
249996.2997,105092.448,49999880,140,0.005
251441.1634,103936.0037,49999880,140,0.005
249894.1091,121088.6479,49999880,140,0.005
249298.6609,93737.28411,49999880,140,0.005
249888.0628,109479.532,49999880,140,0.005
251082.155,104288.0781,49999880,140,0.005
249893.1823,94617.44135,49999880,140,0.005
250655.6133,105718.0046,49999880,140,0.005
249491.8833,89222.11696,49999880,140,0.005
250514.5896,94093.17121,49999880,140,0.005
249645.2862,89458.17947,49999880,140,0.005
250131.8569,102545.9865,49999880,140,0.005
249397.3346,98742.50954,49999880,140,0.005
250329.0765,93445.87744,49999880,140,0.005
249846.8011,95972.19307,49999880,140,0.005
249953.7625,93252.1946,49999880,140,0.005
249282.9912,112953.1756,49999880,140,0.005
251523.5417,101870.3323,49999880,140,0.005
248993.0533,89994.27229,49999880,140,0.005
249280.944,109761.4189,49999880,140,0.005
249563.1248,114807.9909,49999880,140,0.005
250754.2275,94944.35951,49999880,140,0.005
249398.8278,104714.8753,49999880,140,0.005
248242.9629,102522.8516,49999880,140,0.005
249619.8765,109201.6585,49999880,140,0.005
250637.0992,110339.9268,49999880,140,0.005
250381.8464,101397.5771,49999880,140,0.005
250427.5717,95873.14389,49999880,140,0.005
249846.8339,94459.32642,49999880,140,0.005
249952.309,101785.8566,49999880,140,0.005
248307.4778,123626.0575,49999880,140,0.005
250462.547,93529.42221,49999880,140,0.005
250287.9425,100103.6372,49999880,140,0.005
249235.4141,117700.3687,49999880,140,0.005
249339.4157,90992.8234,49999880,140,0.005
249621.3854,99177.86793,49999880,140,0.005
248927.1299,115865.2714,49999880,140,0.005
249897.5501,103754.552,49999880,140,0.005
251517.0983,85774.76902,49999880,140,0.005
249230.3534,128069.1252,49999880,140,0.005
250353.5396,85692.28952,49999880,140,0.005
250186.207,85643.76276,49999880,140,0.005
250988.1042,89821.00198,49999880,140,0.005
249435.1863,95989.71407,49999880,140,0.005
249354.7751,117053.5342,49999880,140,0.005
249922.0331,93760.79425,49999880,140,0.005
249690.574,105423.4008,49999880,140,0.005
249464.3723,101147.854,49999880,140,0.005
249580.9365,89884.60413,49999880,140,0.005
249469.54,127965.2998,49999880,140,0.005
249837.8529,106530.7197,49999880,140,0.005
249408.1166,112293.3482,49999880,140,0.005
250929.6081,107310.6253,49999880,140,0.005
251785.5706,93890.57623,49999880,140,0.005
250585.8306,103296.3196,49999880,140,0.005
251219.5337,94324.07294,49999880,140,0.005
249231.1442,100339.7725,49999880,140,0.005
249471.4058,123345.1369,49999880,140,0.005
250018.5197,109327.2516,49999880,140,0.005
250631.2741,122230.1113,49999880,140,0.005
251110.7033,85409.03456,49999880,140,0.005
249563.5692,112950.8959,49999880,140,0.005
249423.9218,123164.5262,49999950,210,0.005
250723.0502,134450.373,49999950,210,0.005
250189.9608,130799.8461,49999950,210,0.005
248221.3113,129082.4946,49999950,210,0.005
250251.6039,130710.013,49999950,210,0.005
250034.6796,108101.2757,49999950,210,0.005
251337.5504,142688.4777,49999950,210,0.005
251175.4036,126163.6334,49999950,210,0.005
251009.6182,119960.8177,49999950,210,0.005
250127.2428,131571.0587,49999950,210,0.005
249754.3176,126588.4808,49999950,210,0.005
251805.2141,143112.3787,49999950,210,0.005
249669.1873,119624.1901,49999950,210,0.005
250613.9188,123493.1926,49999950,210,0.005
249432.9435,115419.9325,49999950,210,0.005
250339.9833,142019.4993,49999950,210,0.005
250222.6175,149491.4503,49999950,210,0.005
250638.9626,146467.3332,49999950,210,0.005
249684.6062,125162.6665,49999950,210,0.005
249965.8428,123508.0546,49999950,210,0.005
249475.1936,126908.7568,49999950,210,0.005
249162.6311,139192.4475,49999950,210,0.005
250673.0998,148799.431,49999950,210,0.005
251872.4261,136229.7918,49999950,210,0.005
250252.2179,121004.7243,49999950,210,0.005
250136.1115,142620.7073,49999950,210,0.005
249255.8434,127843.3813,49999950,210,0.005
250059.1224,124156.1638,49999950,210,0.005
249675.215,129393.1951,49999950,210,0.005
248275.5944,141122.0874,49999950,210,0.005
249591.2232,126729.8779,49999950,210,0.005
250914.5133,107965.4396,49999950,210,0.005
250248.3452,147138.1515,49999950,210,0.005
250956.0139,101640.9019,49999950,210,0.005
250129.4998,117516.9662,49999950,210,0.005
249609.7474,113654.2426,49999950,210,0.005
249586.5496,130617.1657,49999950,210,0.005
250302.6138,110077.9028,49999950,210,0.005
249737.8912,118289.0924,49999950,210,0.005
249663.0621,125700.8992,49999950,210,0.005
250168.7505,119534.2775,49999950,210,0.005
250150.3527,140869.8859,49999950,210,0.005
250633.3394,115769.3731,49999950,210,0.005
249181.9559,121875.8186,49999950,210,0.005
251751.8802,134049.0121,49999950,210,0.005
248696.763,127646.7468,49999950,210,0.005
250004.8669,134705.5156,49999950,210,0.005
250413.7775,125138.4782,49999950,210,0.005
251147.2675,128985.9183,49999950,210,0.005
249904.0256,116988.3444,49999950,210,0.005
249393.6512,113750.915,49999950,210,0.005
249798.864,128499.4512,49999950,210,0.005
249835.1446,122610.4658,49999950,210,0.005
250144.8321,135426.8306,49999950,210,0.005
248819.7706,126111.1805,49999950,210,0.005
249512.987,144295.5962,49999950,210,0.005
249747.8072,118845.4029,49999950,210,0.005
250414.4496,116389.6663,49999950,210,0.005
250633.5411,110134.0987,49999950,210,0.005
249966.2247,121830.3321,49999950,210,0.005
250248.1169,136511.7365,49999950,210,0.005
249699.1772,120992.8326,49999950,210,0.005
249520.3608,107644.4354,49999950,210,0.005
249231.8462,137243.6795,49999950,210,0.005
249054.563,125874.6985,49999950,210,0.005
250096.2455,129671.039,49999950,210,0.005
250403.7458,153624.5693,49999950,210,0.005
249086.9866,132005.091,49999950,210,0.005
250292.3747,106417.8432,49999950,210,0.005
250200.7418,123207.0008,49999950,210,0.005
249715.5643,136283.1792,49999950,210,0.005
249388.9619,112317.7972,49999950,210,0.005
249689.4117,128913.5349,49999950,210,0.005
249848.8075,144726.0357,49999950,210,0.005
250950.58,100608.0644,49999950,210,0.005
249812.6802,129798.3701,49999950,210,0.005
249227.6278,143320.6994,49999950,210,0.005
250995.2339,130078.1586,49999950,210,0.005
249940.1325,136175.3943,49999950,210,0.005
250174.18,127390.667,49999950,210,0.005
248457.4196,117996.1064,49999950,210,0.005
249417.9137,111638.0982,49999950,210,0.005
250090.5587,132638.8798,49999950,210,0.005
251218.8895,124824.123,49999950,210,0.005
250572.2385,123962.5946,49999950,210,0.005
248819.6428,153944.0343,49999950,210,0.005
250675.4355,125625.7892,49999950,210,0.005
249293.6753,121668.714,49999950,210,0.005
250745.5115,141376.552,49999950,210,0.005
248471.5931,132329.3467,49999950,210,0.005
250249.5983,118927.8637,49999950,210,0.005
249687.1318,147401.057,49999950,210,0.005
250459.3118,128675.8471,49999950,210,0.005
249639.204,130124.3893,49999950,210,0.005
250023.9447,142706.5089,49999950,210,0.005
250668.6946,117371.885,49999950,210,0.005
249488.592,129982.5824,49999950,210,0.005
249171.0843,128157.8293,49999950,210,0.005
250329.4649,125902.0746,49999950,210,0.005
250712.9616,136507.7493,49999950,210,0.005
249570.0771,174847.928,49999950,350,0.005
250350.0488,159674.6248,49999950,350,0.005
250535.2921,152469.2459,49999950,350,0.005
250815.5636,168359.9412,49999950,350,0.005
249915.5766,148945.6727,49999950,350,0.005
250874.7404,156240.6517,49999950,350,0.005
250366.3108,165122.7356,49999950,350,0.005
250582.5719,153942.6693,49999950,350,0.005
248883.5169,159686.7912,49999950,350,0.005
250029.37,148079.3632,49999950,350,0.005
250215.805,141522.1213,49999950,350,0.005
249569.9474,163776.0367,49999950,350,0.005
248814.9772,148264.1087,49999950,350,0.005
250361.3058,149858.3957,49999950,350,0.005
250618.1696,149473.1026,49999950,350,0.005
250012.0652,136451.1835,49999950,350,0.005
249972.0308,169086.6999,49999950,350,0.005
249648.1145,145957.3113,49999950,350,0.005
250707.4561,173800.3721,49999950,350,0.005
250202.4746,156102.7568,49999950,350,0.005
249818.4922,129653.9049,49999950,350,0.005
248855.0021,170938.1115,49999950,350,0.005
249991.0379,143496.2847,49999950,350,0.005
248683.7369,139405.5601,49999950,350,0.005
250862.2641,158964.512,49999950,350,0.005
250011.3957,153283.5982,49999950,350,0.005
251189.7671,177501.2827,49999950,350,0.005
249269.5701,167531.8828,49999950,350,0.005
251318.1366,144929.4508,49999950,350,0.005
249519.2919,158136.2617,49999950,350,0.005
250090.5985,165813.661,49999950,350,0.005
249669.3224,166408.555,49999950,350,0.005
250644.8464,149806.6732,49999950,350,0.005
249106.179,160256.6716,49999950,350,0.005
249685.3923,173306.4698,49999950,350,0.005
249859.6518,172440.0637,49999950,350,0.005
250222.1434,156069.3911,49999950,350,0.005
251460.1449,176887.1352,49999950,350,0.005
249577.5183,149746.7464,49999950,350,0.005
249241.2247,156175.4398,49999950,350,0.005
250401.8021,179284.2591,49999950,350,0.005
250173.9615,173671.7603,49999950,350,0.005
250693.607,164374.4898,49999950,350,0.005
250569.8994,163636.4393,49999950,350,0.005
249700.7649,184046.7084,49999950,350,0.005
249178.0331,152671.2678,49999950,350,0.005
249517.7462,166471.8356,49999950,350,0.005
250238.1498,156933.7181,49999950,350,0.005
249425.1309,142875.8861,49999950,350,0.005
249720.936,142495.874,49999950,350,0.005
249310.9024,162859.6839,49999950,350,0.005
249865.6775,166439.1095,49999950,350,0.005
249091.7794,161543.6163,49999950,350,0.005
249703.7815,168297.0279,49999950,350,0.005
250655.1136,158827.6639,49999950,350,0.005
248789.3555,170928.2361,49999950,350,0.005
250030.0235,156670.3548,49999950,350,0.005
250293.8755,160795.2379,49999950,350,0.005
249563.1719,183770.8781,49999950,350,0.005
249117.1843,160000.3004,49999950,350,0.005
249816.959,167040.0109,49999950,350,0.005
249366.4231,158610.2706,49999950,350,0.005
251040.6476,156906.0662,49999950,350,0.005
249555.4682,151339.6434,49999950,350,0.005
250038.9368,151374.5954,49999950,350,0.005
249816.303,156418.0299,49999950,350,0.005
250558.9972,152631.7243,49999950,350,0.005
249875.0399,146687.4868,49999950,350,0.005
249109.3481,165084.9133,49999950,350,0.005
248711.3803,149163.1257,49999950,350,0.005
249422.4753,163159.0212,49999950,350,0.005
249525.5882,178848.1074,49999950,350,0.005
249159.9097,152534.0192,49999950,350,0.005
250543.4638,156571.7797,49999950,350,0.005
249613.1881,160239.9254,49999950,350,0.005
249613.0626,158145.6726,49999950,350,0.005
250169.0269,152685.4805,49999950,350,0.005
249574.8196,172521.8988,49999950,350,0.005
250090.5663,143876.7887,49999950,350,0.005
248843.8308,155303.5226,49999950,350,0.005
250340.2449,150592.6248,49999950,350,0.005
250387.3346,138764.6273,49999950,350,0.005
250762.3186,166471.2114,49999950,350,0.005
250524.5758,165787.5338,49999950,350,0.005
249950.4606,153768.9315,49999950,350,0.005
250526.0351,150515.0051,49999950,350,0.005
250693.9907,152192.7702,49999950,350,0.005
251403.6951,149293.5146,49999950,350,0.005
249957.3442,150754.1863,49999950,350,0.005
250216.9929,164223.0766,49999950,350,0.005
249870.0402,164335.9423,49999950,350,0.005
250252.4215,144126.7118,49999950,350,0.005
249738.6835,162654.9895,49999950,350,0.005
248840.1031,161644.8751,49999950,350,0.005
249961.2616,151910.6642,49999950,350,0.005
249585.4952,159032.9965,49999950,350,0.005
250048.5613,160339.4433,49999950,350,0.005
250001.2049,165881.6245,49999950,350,0.005
249087.0427,137581.5679,49999950,350,0.005
248782.9676,152732.1265,49999950,350,0.005
249337.2497,186732.2629,50000000,500,0.005
250871.5878,185376.9484,50000000,500,0.005
250348.6131,173138.7113,50000000,500,0.005
249841.1973,173551.907,50000000,500,0.005
249771.0977,182020.7357,50000000,500,0.005
248952.1418,165609.8413,50000000,500,0.005
249595.2829,164669.4204,50000000,500,0.005
250202.19,181088.1708,50000000,500,0.005
249815.6042,185343.9201,50000000,500,0.005
249534.4195,174452.121,50000000,500,0.005
249443.9828,168524.7541,50000000,500,0.005
249820.7847,184258.0728,50000000,500,0.005
249661.0341,180035.2787,50000000,500,0.005
249978.874,179540.7199,50000000,500,0.005
250124.6048,177317.0676,50000000,500,0.005
249697.6556,188433.0341,50000000,500,0.005
250427.4535,183690.4017,50000000,500,0.005
251476.8954,166309.8502,50000000,500,0.005
249774.4225,184415.5707,50000000,500,0.005
250638.2977,184255.8295,50000000,500,0.005
249685.9734,176037.6528,50000000,500,0.005
250018.8837,177379.9105,50000000,500,0.005
250118.1792,173173.7006,50000000,500,0.005
250554.2466,162326.4287,50000000,500,0.005
250590.5675,204016.3003,50000000,500,0.005
250899.0999,161807.3701,50000000,500,0.005
250742.2854,186275.5146,50000000,500,0.005
250117.4118,161424.8294,50000000,500,0.005
249629.1638,189626.8453,50000000,500,0.005
250941.6203,166697.8745,50000000,500,0.005
249680.5327,172098.5733,50000000,500,0.005
249410.5369,170708.289,50000000,500,0.005
249983.8164,182733.9885,50000000,500,0.005
249594.2171,180638.9189,50000000,500,0.005
249819.4645,175900.0363,50000000,500,0.005
250202.4727,170883.8049,50000000,500,0.005
248279.1976,198530.7811,50000000,500,0.005
248996.26,168360.1671,50000000,500,0.005
249389.539,183819.1331,50000000,500,0.005
249334.4543,148997.0097,50000000,500,0.005
250325.0079,178213.8141,50000000,500,0.005
249190.0477,160837.2205,50000000,500,0.005
250151.123,153957.337,50000000,500,0.005
250495.0922,186887.9995,50000000,500,0.005
250002.0986,183088.2148,50000000,500,0.005
250084.7891,172015.31,50000000,500,0.005
250210.6893,175636.3816,50000000,500,0.005
250508.09,194098.9866,50000000,500,0.005
250818.0472,188158.4072,50000000,500,0.005
250258.39,187922.2556,50000000,500,0.005
251103.3171,189715.0032,50000000,500,0.005
250411.5193,176349.9707,50000000,500,0.005
250931.5209,181460.35,50000000,500,0.005
249490.3182,162367.1187,50000000,500,0.005
249679.2366,186646.391,50000000,500,0.005
251010.6632,184653.0467,50000000,500,0.005
249491.2123,197851.0872,50000000,500,0.005
250206.7665,192420.3672,50000000,500,0.005
249500.8586,192376.8317,50000000,500,0.005
250085.1868,155570.5482,50000000,500,0.005
250062.0863,158577.5656,50000000,500,0.005
249687.7169,170390.3451,50000000,500,0.005
250974.2136,180810.6647,50000000,500,0.005
249574.7206,159439.0848,50000000,500,0.005
250076.2062,170604.5605,50000000,500,0.005
249730.4193,193119.3256,50000000,500,0.005
249949.9448,186106.619,50000000,500,0.005
250725.6771,157560.3124,50000000,500,0.005
250395.4272,186095.4392,50000000,500,0.005
250600.1908,174527.504,50000000,500,0.005
249876.3438,165283.2683,50000000,500,0.005
250515.6783,172619.815,50000000,500,0.005
250157.1337,184159.7406,50000000,500,0.005
249816.2053,193951.4828,50000000,500,0.005
249176.6635,179096.195,50000000,500,0.005
250635.2601,196944.4515,50000000,500,0.005
249866.3719,162860.5547,50000000,500,0.005
249857.1192,202373.8864,50000000,500,0.005
249765.8416,192784.4864,50000000,500,0.005
250668.0151,165482.3114,50000000,500,0.005
249360.6869,184784.2833,50000000,500,0.005
250538.0665,178907.8402,50000000,500,0.005
248888.1728,185455.5437,50000000,500,0.005
250170.0437,157515.3588,50000000,500,0.005
249623.9657,165999.0385,50000000,500,0.005
249596.9398,171186.5883,50000000,500,0.005
249511.7666,179953.2653,50000000,500,0.005
249067.5874,185892.1851,50000000,500,0.005
250263.3798,182447.3384,50000000,500,0.005
250622.9249,157314.7023,50000000,500,0.005
250140.8527,181697.9679,50000000,500,0.005
249349.2986,173111.7031,50000000,500,0.005
249365.1644,167853.893,50000000,500,0.005
251378.0328,197811.7948,50000000,500,0.005
249933.7052,179566.0071,50000000,500,0.005
251670.3254,181896.7589,50000000,500,0.005
250083.2176,189153.5303,50000000,500,0.005
251011.4151,161731.9964,50000000,500,0.005
249615.5506,205911.2914,50000000,500,0.005
250125.8646,188961.9927,50000000,500,0.005
490989.5582,14784.00617,50000000,10,0.01
497581.5919,9844.441578,50000000,10,0.01
508125.3154,11308.63889,50000000,10,0.01
498065.1965,6650.146931,50000000,10,0.01
501037.5642,11957.61398,50000000,10,0.01
499388.0481,16500.03826,50000000,10,0.01
504825.6585,7786.238248,50000000,10,0.01
494915.2565,12444.57275,50000000,10,0.01
500010.2788,15705.09526,50000000,10,0.01
504453.0029,14208.74373,50000000,10,0.01
505107.2686,13018.70551,50000000,10,0.01
494563.3602,5733.931889,50000000,10,0.01
495300.3511,16816.2185,50000000,10,0.01
503929.1117,18091.47248,50000000,10,0.01
494833.283,19330.5456,50000000,10,0.01
502575.0195,9665.679723,50000000,10,0.01
506175.7849,9411.504284,50000000,10,0.01
499539.171,14663.79865,50000000,10,0.01
489380.1752,21678.86358,50000000,10,0.01
498050.2073,12651.6825,50000000,10,0.01
502132.3929,12974.82028,50000000,10,0.01
490218.498,13186.30342,50000000,10,0.01
507071.2864,9779.091341,50000000,10,0.01
501197.7543,15900.65906,50000000,10,0.01
494172.6572,9063.142026,50000000,10,0.01
496453.3968,11125.83317,50000000,10,0.01
497433.3639,13436.27654,50000000,10,0.01
500804.3868,10637.0472,50000000,10,0.01
502339.3077,10759.7458,50000000,10,0.01
497420.2777,15566.11476,50000000,10,0.01
495455.3923,16476.71709,50000000,10,0.01
503974.0908,8759.745843,50000000,10,0.01
506998.5048,8790.791887,50000000,10,0.01
498079.1487,14382.04584,50000000,10,0.01
489252.595,20156.77564,50000000,10,0.01
496021.1315,9056.695916,50000000,10,0.01
505109.4374,13536.17564,50000000,10,0.01
503431.3988,13684.42884,50000000,10,0.01
507140.4104,19832.93162,50000000,10,0.01
499778.0652,15093.49632,50000000,10,0.01
493079.1823,7597.326395,50000000,10,0.01
504120.789,12773.60191,50000000,10,0.01
499390.8787,10011.66043,50000000,10,0.01
505843.5095,17204.5505,50000000,10,0.01
505522.1769,8412.414468,50000000,10,0.01
499701.9102,12408.62426,50000000,10,0.01
499542.7015,11058.49588,50000000,10,0.01
500029.9586,9919.951033,50000000,10,0.01
507802.3882,8102.349424,50000000,10,0.01
499606.9197,10925.43538,50000000,10,0.01
509222.8804,12136.59037,50000000,10,0.01
490234.897,8046.141555,50000000,10,0.01
502065.0544,12156.85516,50000000,10,0.01
502998.3999,12079.49066,50000000,10,0.01
502181.0488,10091.529,50000000,10,0.01
494705.6062,8681.735439,50000000,10,0.01
497040.2182,6226.49911,50000000,10,0.01
506316.552,11908.12011,50000000,10,0.01
509337.3556,41184.52874,50000000,10,0.01
506188.8149,11725.15061,50000000,10,0.01
498748.765,9056.693779,50000000,10,0.01
508271.3157,27220.55409,50000000,10,0.01
494389.1446,14984.1768,50000000,10,0.01
502673.2116,10349.4374,50000000,10,0.01
505657.5838,21866.38067,50000000,10,0.01
501714.3355,13061.9481,50000000,10,0.01
496252.3062,12403.34388,50000000,10,0.01
508389.7559,10367.93619,50000000,10,0.01
494212.2788,6925.452313,50000000,10,0.01
495719.5659,7296.58973,50000000,10,0.01
503527.4578,16958.0324,50000000,10,0.01
500290.0163,8363.730256,50000000,10,0.01
498293.3612,23410.61559,50000000,10,0.01
504289.6973,14983.18385,50000000,10,0.01
497360.7588,14010.53353,50000000,10,0.01
501983.1093,14269.91699,50000000,10,0.01
510749.3031,9679.38702,50000000,10,0.01
500029.2902,14531.62101,50000000,10,0.01
501642.3343,19051.24922,50000000,10,0.01
501998.7081,9283.446388,50000000,10,0.01
493199.5525,12607.00095,50000000,10,0.01
498997.2086,7367.710295,50000000,10,0.01
500365.6092,12054.75752,50000000,10,0.01
498753.9236,12530.98114,50000000,10,0.01
496101.233,12717.73931,50000000,10,0.01
501077.735,14379.61902,50000000,10,0.01
501529.4187,12315.92038,50000000,10,0.01
500571.6477,10556.66856,50000000,10,0.01
502091.6283,14656.70747,50000000,10,0.01
499229.0937,9622.677658,50000000,10,0.01
499538.2584,10612.09897,50000000,10,0.01
499185.249,17680.36042,50000000,10,0.01
497747.5202,14767.21888,50000000,10,0.01
503547.9852,13076.73286,50000000,10,0.01
506907.955,10792.44598,50000000,10,0.01
500713.2093,6910.642596,50000000,10,0.01
501896.2236,18873.21183,50000000,10,0.01
500150.5599,14782.45739,50000000,10,0.01
494861.6968,10962.98539,50000000,10,0.01
500359.7685,12848.29772,50000000,10,0.01
501104.0875,20648.51283,50000000,20,0.01
499956.8475,23798.77883,50000000,20,0.01
503866.4153,28425.03661,50000000,20,0.01
500274.9692,29126.99797,50000000,20,0.01
499123.3098,25074.42927,50000000,20,0.01
499164.5206,27616.06631,50000000,20,0.01
494248.0037,18886.70576,50000000,20,0.01
503609.6864,19207.27925,50000000,20,0.01
500637.3163,23130.34188,50000000,20,0.01
497929.855,19652.48395,50000000,20,0.01
501183.0602,18438.78466,50000000,20,0.01
500744.5324,22951.30017,50000000,20,0.01
500775.6987,19537.60649,50000000,20,0.01
496692.1999,26213.40751,50000000,20,0.01
500690.3462,18606.26927,50000000,20,0.01
502233.1822,25737.04089,50000000,20,0.01
502179.1452,18449.4054,50000000,20,0.01
504641.5188,27626.01179,50000000,20,0.01
497029.785,24954.15382,50000000,20,0.01
506356.7573,20005.6722,50000000,20,0.01
492969.2012,23459.86039,50000000,20,0.01
502861.6611,27535.28019,50000000,20,0.01
502292.9931,35451.78147,50000000,20,0.01
503894.5789,25792.06495,50000000,20,0.01
499325.8561,23870.6199,50000000,20,0.01
503223.5868,26388.12964,50000000,20,0.01
505384.6498,19585.17151,50000000,20,0.01
498806.3922,21232.61948,50000000,20,0.01
504586.3582,17798.54594,50000000,20,0.01
497729.5895,18176.72557,50000000,20,0.01
499439.2504,16259.23946,50000000,20,0.01
502301.0146,26365.492,50000000,20,0.01
503056.1364,27816.30893,50000000,20,0.01
499295.4564,22672.80771,50000000,20,0.01
496503.5735,24037.34059,50000000,20,0.01
495069.7778,17831.35331,50000000,20,0.01
495835.8229,21669.70619,50000000,20,0.01
501606.0052,24720.32698,50000000,20,0.01
498072.5556,22764.60383,50000000,20,0.01
496809.5446,19887.42036,50000000,20,0.01
497998.7499,17791.23279,50000000,20,0.01
500319.8664,21159.83498,50000000,20,0.01
498658.5614,26787.07765,50000000,20,0.01
500529.4947,33740.01701,50000000,20,0.01
497070.2622,17499.3151,50000000,20,0.01
501486.8352,21118.66348,50000000,20,0.01
507378.4073,25574.58473,50000000,20,0.01
500401.0026,15297.26525,50000000,20,0.01
499052.379,21836.07843,50000000,20,0.01
506019.0501,33845.57468,50000000,20,0.01
496563.6095,19973.50207,50000000,20,0.01
505841.5083,28962.97324,50000000,20,0.01
499067.2304,21355.15611,50000000,20,0.01
496533.9633,37089.48828,50000000,20,0.01
504217.9541,20897.34242,50000000,20,0.01
496047.3985,32429.69058,50000000,20,0.01
501799.5508,27675.9264,50000000,20,0.01
502356.7945,15872.80828,50000000,20,0.01
500299.9449,22129.19336,50000000,20,0.01
497682.5162,29828.91241,50000000,20,0.01
495373.9001,19239.31381,50000000,20,0.01
501209.4844,18580.65311,50000000,20,0.01
501430.905,23406.06779,50000000,20,0.01
501337.9588,31668.61044,50000000,20,0.01
498241.3117,27078.1266,50000000,20,0.01
505344.2746,19309.84681,50000000,20,0.01
499326.9499,21377.0825,50000000,20,0.01
499531.1605,20265.26073,50000000,20,0.01
500840.1335,23287.09914,50000000,20,0.01
501443.4762,27485.25672,50000000,20,0.01
498525.3866,15135.26158,50000000,20,0.01
500315.2353,29967.20962,50000000,20,0.01
500057.4912,22384.46352,50000000,20,0.01
497259.6403,17506.65811,50000000,20,0.01
501485.5201,57965.4958,50000000,20,0.01
497593.6151,26735.79488,50000000,20,0.01
503474.11,25249.26254,50000000,20,0.01
500489.2499,20044.35466,50000000,20,0.01
501828.5464,17280.15762,50000000,20,0.01
503711.5145,26125.61893,50000000,20,0.01
505597.0856,30391.6187,50000000,20,0.01
493076.5775,31282.29161,50000000,20,0.01
499035.3766,22358.60922,50000000,20,0.01
495551.3552,23688.13068,50000000,20,0.01
505543.67,27155.90279,50000000,20,0.01
496126.7586,19348.59278,50000000,20,0.01
495535.1665,28577.74535,50000000,20,0.01
494755.0342,21976.70133,50000000,20,0.01
496522.929,23902.46816,50000000,20,0.01
505709.3036,21482.98326,50000000,20,0.01
497169.0815,17533.19352,50000000,20,0.01
502133.5728,38762.2136,50000000,20,0.01
502740.0828,35496.88702,50000000,20,0.01
499306.0487,18934.15058,50000000,20,0.01
495830.1747,34825.36854,50000000,20,0.01
500563.6142,33794.56615,50000000,20,0.01
496424.5524,18385.09526,50000000,20,0.01
495090.6269,21132.35145,50000000,20,0.01
498612.7441,16967.35413,50000000,20,0.01
498162.0004,24464.49175,50000000,20,0.01
500202.1645,46971.39457,49999980,30,0.01
501000.934,35043.84691,49999980,30,0.01
498063.7488,32713.41849,49999980,30,0.01
498641.5532,38371.15545,49999980,30,0.01
498868.9149,30014.877,49999980,30,0.01
501707.8982,26389.73179,49999980,30,0.01
499917.0332,31688.00736,49999980,30,0.01
496617.1489,40808.56314,49999980,30,0.01
498593.1021,52885.94444,49999980,30,0.01
499069.0462,29110.1075,49999980,30,0.01
499611.7232,26177.7504,49999980,30,0.01
504398.9587,33911.93267,49999980,30,0.01
501881.2565,28372.93369,49999980,30,0.01
503978.0925,40587.9531,49999980,30,0.01
499913.715,34341.94893,49999980,30,0.01
499533.6819,49717.27756,49999980,30,0.01
501980.8121,31618.57747,49999980,30,0.01
500028.5233,33309.56271,49999980,30,0.01
496146.1621,29810.63956,49999980,30,0.01
503708.0692,28453.57421,49999980,30,0.01
497175.7877,33413.25914,49999980,30,0.01
503824.8926,37298.65001,49999980,30,0.01
504392.8709,57220.57158,49999980,30,0.01
502956.0187,36804.20112,49999980,30,0.01
495543.3852,32459.66171,49999980,30,0.01
499413.3903,29326.1793,49999980,30,0.01
492025.0481,37119.2585,49999980,30,0.01
501500.1687,29274.28763,49999980,30,0.01
496660.4885,51207.09075,49999980,30,0.01
500172.6175,23764.32022,49999980,30,0.01
498583.4912,30199.21104,49999980,30,0.01
502199.4068,34275.63929,49999980,30,0.01
500137.4785,30296.63621,49999980,30,0.01
502618.8326,39354.8285,49999980,30,0.01
497555.003,40814.88477,49999980,30,0.01
498069.5271,39758.50944,49999980,30,0.01
501711.8691,34033.97126,49999980,30,0.01
500601.3821,44885.19013,49999980,30,0.01
499075.3019,36370.11192,49999980,30,0.01
496721.3756,27394.18177,49999980,30,0.01
499231.7452,30609.68503,49999980,30,0.01
498669.3766,33591.10441,49999980,30,0.01
505014.0466,81780.43232,49999980,30,0.01
500884.0618,38762.1048,49999980,30,0.01
500929.567,28520.21489,49999980,30,0.01
506093.1639,55842.87175,49999980,30,0.01
497371.1651,30153.91381,49999980,30,0.01
499161.5368,30619.5227,49999980,30,0.01
499566.6344,29363.30392,49999980,30,0.01
499586.769,34047.15978,49999980,30,0.01
501730.0358,38454.71164,49999980,30,0.01
499638.2761,37457.26055,49999980,30,0.01
504889.6628,36617.72031,49999980,30,0.01
497838.2076,41683.04009,49999980,30,0.01
496922.092,36311.5177,49999980,30,0.01
501722.5328,31315.22548,49999980,30,0.01
496616.7442,37980.52363,49999980,30,0.01
505586.5535,26733.61516,49999980,30,0.01
498102.393,34911.46616,49999980,30,0.01
505227.0685,43746.74191,49999980,30,0.01
504430.6086,39315.36932,49999980,30,0.01
497714.021,32035.18979,49999980,30,0.01
500912.7002,29698.27846,49999980,30,0.01
500949.4452,29448.45698,49999980,30,0.01
500498.992,32904.95432,49999980,30,0.01
501480.8828,36927.71895,49999980,30,0.01
495467.1166,25667.476,49999980,30,0.01
500276.326,31581.57186,49999980,30,0.01
500038.6746,49549.46814,49999980,30,0.01
496317.2572,31661.83377,49999980,30,0.01
499043.268,39740.18848,49999980,30,0.01
502850.3784,45209.01799,49999980,30,0.01
499709.602,24617.08738,49999980,30,0.01
494872.0464,31057.42555,49999980,30,0.01
494520.5364,39425.69749,49999980,30,0.01
500077.3305,36500.41082,49999980,30,0.01
500959.8164,32626.33783,49999980,30,0.01
500287.9359,34701.22017,49999980,30,0.01
498535.106,32457.97619,49999980,30,0.01
503594.0524,35140.46758,49999980,30,0.01
499552.8991,35649.33526,49999980,30,0.01
500122.3968,31305.34606,49999980,30,0.01
501538.3778,32962.67856,49999980,30,0.01
504358.8286,33090.49409,49999980,30,0.01
503331.7457,29528.0154,49999980,30,0.01
499932.945,29496.09953,49999980,30,0.01
495983.3194,35898.40898,49999980,30,0.01
501979.1271,38264.38115,49999980,30,0.01
498076.6428,32229.78015,49999980,30,0.01
497796.8565,48348.0532,49999980,30,0.01
503172.4701,32821.58707,49999980,30,0.01
500945.2454,33358.94211,49999980,30,0.01
501770.2908,47486.84909,49999980,30,0.01
503172.2863,42111.84396,49999980,30,0.01
496478.7063,29556.40513,49999980,30,0.01
495333.7592,38612.27175,49999980,30,0.01
499821.0317,40608.61707,49999980,30,0.01
499176.7533,32456.03368,49999980,30,0.01
504599.666,34954.99814,49999980,30,0.01
502163.7222,29664.36761,49999980,30,0.01
501593.1476,36584.11377,50000000,40,0.01
497693.242,36527.61793,50000000,40,0.01
495896.4269,38382.6506,50000000,40,0.01
497160.3778,44880.10158,50000000,40,0.01
500257.1539,55198.32467,50000000,40,0.01
498870.1275,44622.1004,50000000,40,0.01
498951.0705,48065.43118,50000000,40,0.01
498544.5645,34692.04872,50000000,40,0.01
497499.8795,53114.02954,50000000,40,0.01
502040.0124,45893.82075,50000000,40,0.01
496554.3978,56572.46897,50000000,40,0.01
499168.5595,38971.27581,50000000,40,0.01
499991.7943,53925.72322,50000000,40,0.01
499800.9724,40265.01152,50000000,40,0.01
498186.1029,47510.13365,50000000,40,0.01
498204.8131,42004.83289,50000000,40,0.01
503496.1808,53411.42048,50000000,40,0.01
499321.1077,34254.46253,50000000,40,0.01
498616.9502,52340.5182,50000000,40,0.01
502559.8189,39904.48728,50000000,40,0.01
499333.5905,44845.33051,50000000,40,0.01
500770.8869,53146.95259,50000000,40,0.01
499394.3433,34677.5666,50000000,40,0.01
502534.2924,52653.29844,50000000,40,0.01
497667.2972,49363.01899,50000000,40,0.01
502559.9144,45001.86704,50000000,40,0.01
496943.3144,41557.87447,50000000,40,0.01
501715.9154,35851.87831,50000000,40,0.01
502078.1246,51285.39959,50000000,40,0.01
500397.6534,50777.03775,50000000,40,0.01
502941.5211,40649.45109,50000000,40,0.01
503513.3517,34261.52819,50000000,40,0.01
504858.7418,36144.96967,50000000,40,0.01
499121.5806,38790.43111,50000000,40,0.01
500396.1867,35259.04244,50000000,40,0.01
498931.494,57769.97104,50000000,40,0.01
499383.052,41583.06312,50000000,40,0.01
497941.5382,35685.26868,50000000,40,0.01
501966.3456,39158.7028,50000000,40,0.01
501482.4246,47980.73417,50000000,40,0.01
496094.2724,41995.52739,50000000,40,0.01
496511.0955,41463.47145,50000000,40,0.01
500984.7143,57856.84964,50000000,40,0.01
497985.708,44193.54803,50000000,40,0.01
499584.6657,48684.18412,50000000,40,0.01
500532.163,44246.56574,50000000,40,0.01
499959.9092,36136.36021,50000000,40,0.01
502162.7268,44370.16328,50000000,40,0.01
497816.124,42215.66862,50000000,40,0.01
498365.2689,40139.58745,50000000,40,0.01
499340.4373,41822.87201,50000000,40,0.01
501965.5351,30962.94545,50000000,40,0.01
495222.3124,51962.74393,50000000,40,0.01
497885.4142,38624.67007,50000000,40,0.01
501373.4244,43351.02103,50000000,40,0.01
502472.274,48045.80892,50000000,40,0.01
501420.257,40535.2004,50000000,40,0.01
502205.1492,62432.65333,50000000,40,0.01
496468.202,49849.17743,50000000,40,0.01
499258.1337,38240.3448,50000000,40,0.01
498081.5834,36343.93583,50000000,40,0.01
495767.4561,41077.47789,50000000,40,0.01
501400.1959,43203.86885,50000000,40,0.01
499311.1212,50623.64606,50000000,40,0.01
503230.8489,46019.53007,50000000,40,0.01
502712.568,46267.94516,50000000,40,0.01
496007.5903,64476.56028,50000000,40,0.01
496050.7431,55455.18479,50000000,40,0.01
498085.7957,47188.44112,50000000,40,0.01
501623.3701,47669.8329,50000000,40,0.01
502729.4813,29241.81573,50000000,40,0.01
497501.0861,36405.14103,50000000,40,0.01
498064.9369,31049.99603,50000000,40,0.01
497782.8762,46197.35397,50000000,40,0.01
502825.7756,45746.29607,50000000,40,0.01
501444.7986,39990.16373,50000000,40,0.01
498685.0366,60699.21404,50000000,40,0.01
501980.0325,45099.18928,50000000,40,0.01
496133.9773,51065.58058,50000000,40,0.01
504500.71,43148.78528,50000000,40,0.01
499082.1231,49659.2644,50000000,40,0.01
502003.5732,37538.88697,50000000,40,0.01
494141.4845,37265.37514,50000000,40,0.01
504585.7195,41659.25193,50000000,40,0.01
501603.6984,49579.52,50000000,40,0.01
500559.481,41763.39604,50000000,40,0.01
502264.9254,47996.43184,50000000,40,0.01
495983.1323,47170.84627,50000000,40,0.01
497085.8006,45883.9608,50000000,40,0.01
498125.6213,59401.57385,50000000,40,0.01
501889.0091,47419.09627,50000000,40,0.01
498929.7575,39822.90105,50000000,40,0.01
497284.7865,39841.12385,50000000,40,0.01
497914.1086,31842.38829,50000000,40,0.01
501940.0189,63018.23462,50000000,40,0.01
500670.723,44034.30002,50000000,40,0.01
501862.2455,38773.09087,50000000,40,0.01
499824.1422,38688.79404,50000000,40,0.01
503826.2003,41991.89719,50000000,40,0.01
499415.5239,52995.84628,50000000,40,0.01
499253.2014,55321.73849,50000000,50,0.01
500826.5742,72979.66099,50000000,50,0.01
499184.0901,61114.60331,50000000,50,0.01
498262.8299,46459.47413,50000000,50,0.01
501695.6511,50436.16267,50000000,50,0.01
499888.6844,63671.46201,50000000,50,0.01
498157.6633,42169.4721,50000000,50,0.01
503753.5525,57484.64354,50000000,50,0.01
501110.3693,60320.7594,50000000,50,0.01
498139.7249,48426.69048,50000000,50,0.01
502056.9577,55164.47111,50000000,50,0.01
500892.0698,63093.52088,50000000,50,0.01
497085.8272,54324.20716,50000000,50,0.01
502249.0157,51692.27403,50000000,50,0.01
502910.1399,51416.65452,50000000,50,0.01
500451.4596,58914.10523,50000000,50,0.01
501482.4192,59914.09948,50000000,50,0.01
500904.7277,51439.42521,50000000,50,0.01
498790.2481,54642.03241,50000000,50,0.01
498782.25,52033.76053,50000000,50,0.01
496910.0886,56442.74306,50000000,50,0.01
499407.3949,60349.62821,50000000,50,0.01
497323.1077,59809.55048,50000000,50,0.01
500876.5127,53153.96986,50000000,50,0.01
500420.4747,59480.55023,50000000,50,0.01
497884.4941,53464.75424,50000000,50,0.01
499398.124,75865.91663,50000000,50,0.01
497997.8152,64320.53151,50000000,50,0.01
499937.2882,55195.36666,50000000,50,0.01
497659.672,60506.69013,50000000,50,0.01
501332.1732,54602.00442,50000000,50,0.01
499849.4014,53616.25461,50000000,50,0.01
500414.4041,67823.36736,50000000,50,0.01
499874.5789,51702.14249,50000000,50,0.01
502486.1258,47347.60561,50000000,50,0.01
498075.7841,52727.31352,50000000,50,0.01
501295.9206,60257.5588,50000000,50,0.01
497849.3483,53126.25033,50000000,50,0.01
498816.8811,45823.69122,50000000,50,0.01
502586.614,55362.63768,50000000,50,0.01
503266.9985,60787.17208,50000000,50,0.01
503248.085,50256.26248,50000000,50,0.01
502049.9453,51922.44825,50000000,50,0.01
497437.3479,45201.98909,50000000,50,0.01
503013.6111,53922.00889,50000000,50,0.01
499056.4906,48245.79298,50000000,50,0.01
499030.826,43759.66498,50000000,50,0.01
500785.511,57667.74073,50000000,50,0.01
501250.0057,55177.87653,50000000,50,0.01
501650.2476,49542.64866,50000000,50,0.01
498577.3417,51902.97405,50000000,50,0.01
501251.0375,71430.83342,50000000,50,0.01
499830.8085,51833.1766,50000000,50,0.01
503684.0574,48079.43871,50000000,50,0.01
498096.2278,47004.75011,50000000,50,0.01
503395.7016,41495.63473,50000000,50,0.01
500609.1835,53494.42386,50000000,50,0.01
502122.605,55494.94705,50000000,50,0.01
504445.3413,53319.01024,50000000,50,0.01
500678.8372,66763.84838,50000000,50,0.01
503546.0932,45994.47362,50000000,50,0.01
500228.7192,47701.04469,50000000,50,0.01
500382.69,47091.89888,50000000,50,0.01
500206.0928,61789.70131,50000000,50,0.01
497158.7413,56489.79093,50000000,50,0.01
501354.9391,54099.47119,50000000,50,0.01
501784.9117,54314.49223,50000000,50,0.01
498340.2083,46416.04622,50000000,50,0.01
498911.5268,59125.27638,50000000,50,0.01
496512.7335,68281.08426,50000000,50,0.01
499708.8463,46748.12588,50000000,50,0.01
495375.9311,55101.70605,50000000,50,0.01
498534.3375,57064.13673,50000000,50,0.01
496641.423,60648.88417,50000000,50,0.01
498594.955,51058.27406,50000000,50,0.01
499051.0409,51966.04077,50000000,50,0.01
502353.478,65765.19962,50000000,50,0.01
499216.822,56415.17736,50000000,50,0.01
499852.5442,45996.37085,50000000,50,0.01
496873.3564,42923.85321,50000000,50,0.01
499099.2133,63029.37168,50000000,50,0.01
499334.1642,69589.80329,50000000,50,0.01
496588.7772,49469.31808,50000000,50,0.01
499972.4141,54204.31143,50000000,50,0.01
499284.5418,45496.12392,50000000,50,0.01
498037.7845,38600.1885,50000000,50,0.01
501127.394,43772.08556,50000000,50,0.01
497311.3864,56457.16684,50000000,50,0.01
497515.634,80815.87513,50000000,50,0.01
502294.0122,55169.20867,50000000,50,0.01
497609.332,56121.20727,50000000,50,0.01
501822.9633,57965.76343,50000000,50,0.01
501762.3867,59917.97458,50000000,50,0.01
495823.7429,63642.90441,50000000,50,0.01
497794.9924,63697.19307,50000000,50,0.01
498363.8088,43718.6825,50000000,50,0.01
503358.0435,53278.3263,50000000,50,0.01
503730.8179,57702.2504,50000000,50,0.01
501946.2945,57357.8141,50000000,50,0.01
506443.5685,64163.40863,50000000,50,0.01
500013.6702,69594.12324,49999950,70,0.01
497657.8851,68434.69183,49999950,70,0.01
500767.1905,70786.2839,49999950,70,0.01
498764.1438,59439.71652,49999950,70,0.01
497954.0953,74553.06528,49999950,70,0.01
501445.9962,71176.99408,49999950,70,0.01
500152.6563,69901.10612,49999950,70,0.01
502268.9848,73564.72027,49999950,70,0.01
501264.792,62065.38662,49999950,70,0.01
498891.0618,66403.7113,49999950,70,0.01
499924.7228,76591.82864,49999950,70,0.01
496603.912,71364.29361,49999950,70,0.01
501998.723,70884.93172,49999950,70,0.01
499779.7409,65815.65696,49999950,70,0.01
501911.088,76190.46028,49999950,70,0.01
499369.4901,57498.60915,49999950,70,0.01
499219.1218,87424.31468,49999950,70,0.01
500584.1077,77859.00041,49999950,70,0.01
498073.3067,85215.93234,49999950,70,0.01
502073.4785,76864.78082,49999950,70,0.01
500067.8552,69259.15295,49999950,70,0.01
500492.5472,70401.39479,49999950,70,0.01
500727.9605,61114.67051,49999950,70,0.01
500371.9117,75698.11259,49999950,70,0.01
498135.6821,57320.37368,49999950,70,0.01
502137.1544,65934.3944,49999950,70,0.01
498080.9071,82453.52319,49999950,70,0.01
500281.395,67860.9697,49999950,70,0.01
502887.9135,71221.73641,49999950,70,0.01
500118.4437,68523.18744,49999950,70,0.01
501697.3974,92845.3449,49999950,70,0.01
501162.6924,77065.64945,49999950,70,0.01
500578.0988,83095.97489,49999950,70,0.01
498567.7344,84805.33908,49999950,70,0.01
501061.1875,77063.18994,49999950,70,0.01
501955.4236,78137.43502,49999950,70,0.01
503510.8035,79310.83854,49999950,70,0.01
500698.3919,68479.37071,49999950,70,0.01
500284.379,84218.51475,49999950,70,0.01
497166.1186,62051.36545,49999950,70,0.01
500682.0499,69371.21677,49999950,70,0.01
501509.1293,72653.18244,49999950,70,0.01
500204.7023,96257.14977,49999950,70,0.01
501084.5085,78334.24219,49999950,70,0.01
501341.1921,70297.6305,49999950,70,0.01
498295.5542,77641.05608,49999950,70,0.01
499893.1128,59492.99955,49999950,70,0.01
500524.4515,69882.40211,49999950,70,0.01
501242.3372,88774.2784,49999950,70,0.01
500049.7881,73456.07529,49999950,70,0.01
500394.9612,78005.40118,49999950,70,0.01
499088.0985,68328.85754,49999950,70,0.01
499130.1427,67916.75414,49999950,70,0.01
498721.4918,66474.58787,49999950,70,0.01
500988.7389,95869.43416,49999950,70,0.01
496276.8514,75293.82722,49999950,70,0.01
502041.0315,70895.40991,49999950,70,0.01
497578.8832,88117.50238,49999950,70,0.01
498111.9344,93297.36621,49999950,70,0.01
497381.6801,73743.70256,49999950,70,0.01
498578.3405,64653.11108,49999950,70,0.01
498946.7585,84395.09126,49999950,70,0.01
502913.47,58956.19979,49999950,70,0.01
498438.6727,72647.02489,49999950,70,0.01
501695.6588,70942.02834,49999950,70,0.01
499858.7661,68456.53705,49999950,70,0.01
500748.6287,67027.18918,49999950,70,0.01
499267.157,58183.24411,49999950,70,0.01
495784.1912,85138.08792,49999950,70,0.01
499783.4709,76470.23665,49999950,70,0.01
500634.5416,72847.24266,49999950,70,0.01
499747.005,67407.4798,49999950,70,0.01
500655.5677,87458.3337,49999950,70,0.01
499699.6355,100294.0703,49999950,70,0.01
499046.4652,79247.19239,49999950,70,0.01
500251.0999,62054.72099,49999950,70,0.01
502271.7089,80432.1338,49999950,70,0.01
500120.7818,80222.93074,49999950,70,0.01
498562.6783,86592.84916,49999950,70,0.01
499116.8875,68330.36207,49999950,70,0.01
502032.5536,63940.56114,49999950,70,0.01
497582.1789,77209.22134,49999950,70,0.01
501025.8336,65920.6039,49999950,70,0.01
500158.3628,82156.81925,49999950,70,0.01
498511.9831,73018.50219,49999950,70,0.01
500235.4545,75101.87136,49999950,70,0.01
493666.5136,71047.65892,49999950,70,0.01
500475.4637,76702.23856,49999950,70,0.01
498460.2757,77426.18988,49999950,70,0.01
499506.5162,86770.23215,49999950,70,0.01
496477.5412,71439.44875,49999950,70,0.01
503042.9675,78819.16211,49999950,70,0.01
503834.5693,88956.91727,49999950,70,0.01
504299.1258,84282.3017,49999950,70,0.01
498191.0487,60520.96909,49999950,70,0.01
498732.0789,62595.47963,49999950,70,0.01
500150.6606,80104.61896,49999950,70,0.01
501506.2174,90822.59576,49999950,70,0.01
498722.6548,78453.96907,49999950,70,0.01
496885.7104,84862.9029,49999950,70,0.01
499575.8441,88006.94367,50000000,100,0.01
498180.4442,100746.4032,50000000,100,0.01
499079.6047,86633.48848,50000000,100,0.01
496855.0784,98103.0548,50000000,100,0.01
501261.0153,87926.08434,50000000,100,0.01
500116.7016,101303.0045,50000000,100,0.01
502092.9507,98020.1875,50000000,100,0.01
498773.7806,108459.2585,50000000,100,0.01
503724.0227,104802.7362,50000000,100,0.01
501101.9724,110199.201,50000000,100,0.01
501575.6634,106472.8102,50000000,100,0.01
496936.6008,102989.4735,50000000,100,0.01
500240.7451,105813.1678,50000000,100,0.01
499253.8613,86672.81957,50000000,100,0.01
499181.2392,96666.74214,50000000,100,0.01
499627.2635,99048.97647,50000000,100,0.01
499818.9755,100805.5861,50000000,100,0.01
501313.4258,78958.21629,50000000,100,0.01
496588.5111,94837.56992,50000000,100,0.01
499990.7986,88182.00061,50000000,100,0.01
499277.3399,87076.66789,50000000,100,0.01
500977.3738,110567.4566,50000000,100,0.01
504569.8968,89532.83613,50000000,100,0.01
502540.9343,94343.15772,50000000,100,0.01
499612.4423,86184.8814,50000000,100,0.01
499721.745,85552.75918,50000000,100,0.01
503088.6018,101697.3654,50000000,100,0.01
501717.2242,86898.68872,50000000,100,0.01
499386.9012,106822.7831,50000000,100,0.01
497498.9634,100099.0516,50000000,100,0.01
498882.9693,77968.76618,50000000,100,0.01
501562.8747,102761.6563,50000000,100,0.01
502166.0974,105566.7246,50000000,100,0.01
501070.2044,96006.38454,50000000,100,0.01
501008.3584,97091.6932,50000000,100,0.01
498532.9297,100338.5513,50000000,100,0.01
501437.7217,104096.2792,50000000,100,0.01
499794.9032,99983.44387,50000000,100,0.01
500004.4496,97036.54742,50000000,100,0.01
498995.0446,110023.688,50000000,100,0.01
501887.9753,99344.46482,50000000,100,0.01
498217.5056,95597.27231,50000000,100,0.01
499882.5281,100468.695,50000000,100,0.01
497456.4254,84870.79833,50000000,100,0.01
501011.5485,86070.2011,50000000,100,0.01
499984.0608,97358.06223,50000000,100,0.01
500680.5148,88190.61566,50000000,100,0.01
499228.1209,97862.99132,50000000,100,0.01
499124.455,83177.37732,50000000,100,0.01
500257.2159,109389.1941,50000000,100,0.01
499693.9777,96084.82156,50000000,100,0.01
501533.3811,86599.29908,50000000,100,0.01
499195.1263,89152.76906,50000000,100,0.01
499299.3398,104084.9067,50000000,100,0.01
502195.2723,77945.00856,50000000,100,0.01
499019.5965,101232.4733,50000000,100,0.01
499279.6874,90243.25857,50000000,100,0.01
500408.1441,110322.7539,50000000,100,0.01
499370.0375,90984.46529,50000000,100,0.01
499935.4447,97127.8603,50000000,100,0.01
501968.772,89489.75497,50000000,100,0.01
499962.8566,117454.7063,50000000,100,0.01
498484.1976,93751.80817,50000000,100,0.01
498818.5163,88082.64981,50000000,100,0.01
496261.3282,89446.48938,50000000,100,0.01
500020.1638,102349.4122,50000000,100,0.01
500150.8001,85419.83835,50000000,100,0.01
498564.003,108881.7251,50000000,100,0.01
496658.5855,101295.1547,50000000,100,0.01
500713.0423,100895.5296,50000000,100,0.01
499903.018,119280.9893,50000000,100,0.01
501156.7856,108089.598,50000000,100,0.01
498560.7449,92085.19973,50000000,100,0.01
498688.731,102023.4289,50000000,100,0.01
501739.3066,100591.6642,50000000,100,0.01
496813.6663,109930.4242,50000000,100,0.01
500770.8536,103101.1261,50000000,100,0.01
498184.4561,110793.972,50000000,100,0.01
499078.6505,96249.84875,50000000,100,0.01
499073.7019,78108.95724,50000000,100,0.01
498623.3479,92124.56599,50000000,100,0.01
501631.5418,106747.7777,50000000,100,0.01
499596.932,101639.3101,50000000,100,0.01
499480.3356,98846.7476,50000000,100,0.01
499579.3801,91473.57756,50000000,100,0.01
500381.3277,95358.30952,50000000,100,0.01
501858.4089,90661.40559,50000000,100,0.01
499436.8415,97695.92244,50000000,100,0.01
502986.6794,105890.627,50000000,100,0.01
499110.2963,93283.06156,50000000,100,0.01
498316.6617,86090.11188,50000000,100,0.01
497359.3741,92119.07112,50000000,100,0.01
499576.9016,94124.78734,50000000,100,0.01
498041.3774,91277.96217,50000000,100,0.01
499383.7753,94466.80479,50000000,100,0.01
500037.2616,96314.3791,50000000,100,0.01
500093.2392,92953.40549,50000000,100,0.01
499148.0775,81990.71295,50000000,100,0.01
497343.5787,82185.22129,50000000,100,0.01
500865.0099,113141.4529,50000000,100,0.01
500779.9211,111139.2222,49999880,140,0.01
501168.3955,151819.3216,49999880,140,0.01
501761.6879,131939.1912,49999880,140,0.01
500154.2578,122478.3466,49999880,140,0.01
500809.171,130117.2137,49999880,140,0.01
500616.2437,112152.4218,49999880,140,0.01
500060.447,133456.767,49999880,140,0.01
502163.4975,117790.763,49999880,140,0.01
499231.0103,125619.0026,49999880,140,0.01
502103.5777,137112.271,49999880,140,0.01
499389.9822,118462.7132,49999880,140,0.01
501412.0697,127966.3211,49999880,140,0.01
501633.0109,102596.3457,49999880,140,0.01
500469.1588,139071.1432,49999880,140,0.01
498834.4824,144380.7057,49999880,140,0.01
500483.929,127300.5443,49999880,140,0.01
497776.8039,125843.4594,49999880,140,0.01
498366.1908,138682.4981,49999880,140,0.01
500970.0698,132837.771,49999880,140,0.01
501937.4244,124019.4754,49999880,140,0.01
500696.9179,114126.2572,49999880,140,0.01
500401.674,126675.5907,49999880,140,0.01
499351.2939,143048.5782,49999880,140,0.01
502769.1653,130802.5727,49999880,140,0.01
499039.8736,137503.5708,49999880,140,0.01
500657.3609,110366.0959,49999880,140,0.01
499192.0159,161917.9899,49999880,140,0.01
499555.5265,137138.3739,49999880,140,0.01
501809.1611,126429.2129,49999880,140,0.01
499905.4911,109750.8296,49999880,140,0.01
499186.0385,126605.4062,49999880,140,0.01
497395.1343,123245.6511,49999880,140,0.01
500541.0061,110690.5527,49999880,140,0.01
500287.4877,118046.3095,49999880,140,0.01
499225.4646,112036.4977,49999880,140,0.01
499674.6248,120843.9368,49999880,140,0.01
498641.8055,127958.396,49999880,140,0.01
501800.9053,114555.8551,49999880,140,0.01
499995.6362,145209.3215,49999880,140,0.01
502603.8846,140097.5491,49999880,140,0.01
500030.6475,121332.4309,49999880,140,0.01
501777.016,139346.0162,49999880,140,0.01
502607.877,139229.3631,49999880,140,0.01
502183.2932,128790.1108,49999880,140,0.01
500745.9457,118312.9714,49999880,140,0.01
498216.2867,119693.6413,49999880,140,0.01
497845.1299,117907.2771,49999880,140,0.01
501329.924,120282.7676,49999880,140,0.01
498991.3399,123325.6585,49999880,140,0.01
501792.4697,143833.5998,49999880,140,0.01
501420.6977,120115.7163,49999880,140,0.01
499614.7927,118986.0287,49999880,140,0.01
499358.8468,133565.4656,49999880,140,0.01
499645.1191,131996.4287,49999880,140,0.01
503599.0571,134251.7496,49999880,140,0.01
499127.0245,127616.8591,49999880,140,0.01
500209.7056,136081.3196,49999880,140,0.01
500467.2418,118947.9116,49999880,140,0.01
498357.1805,121140.9102,49999880,140,0.01
498909.3839,119894.3229,49999880,140,0.01
500963.7833,113745.7626,49999880,140,0.01
501445.1314,139767.8854,49999880,140,0.01
499507.2772,163785.5811,49999880,140,0.01
499162.3099,135270.5145,49999880,140,0.01
499425.3553,126801.537,49999880,140,0.01
502253.7282,137450.6881,49999880,140,0.01
498388.4185,108426.974,49999880,140,0.01
501562.739,141961.1796,49999880,140,0.01
499877.0679,122701.1121,49999880,140,0.01
500422.4223,123261.1248,49999880,140,0.01
500468.2768,142085.8776,49999880,140,0.01
501551.6501,131319.3225,49999880,140,0.01
502089.5522,150069.7431,49999880,140,0.01
501511.3176,125645.456,49999880,140,0.01
497004.7872,120507.2271,49999880,140,0.01
499350.1162,129448.1005,49999880,140,0.01
500439.1279,127643.2352,49999880,140,0.01
502013.6201,118088.211,49999880,140,0.01
500150.0921,129213.976,49999880,140,0.01
499218.8281,123238.1796,49999880,140,0.01
500399.6744,103654.3864,49999880,140,0.01
499286.8272,160051.5005,49999880,140,0.01
499852.0503,145111.6162,49999880,140,0.01
498747.3347,123661.4069,49999880,140,0.01
499109.7239,132756.4681,49999880,140,0.01
500230.6194,117567.374,49999880,140,0.01
501203.0871,146629.1148,49999880,140,0.01
502086.853,133750.9359,49999880,140,0.01
498502.9806,131890.7303,49999880,140,0.01
500865.8766,111567.1729,49999880,140,0.01
498467.3775,123429.2965,49999880,140,0.01
501815.8651,137877.8003,49999880,140,0.01
495691.0941,133858.3388,49999880,140,0.01
498991.7876,145142.4452,49999880,140,0.01
499407.2945,122068.5974,49999880,140,0.01
499987.3048,108267.8075,49999880,140,0.01
500444.6477,101778.8655,49999880,140,0.01
503248.8754,123155.3573,49999880,140,0.01
499453.8946,130202.5788,49999880,140,0.01
501659.6031,119469.8353,49999880,140,0.01
499781.1675,173281.8108,49999950,210,0.01
499443.7717,179745.2762,49999950,210,0.01
501645.9883,179437.4537,49999950,210,0.01
499659.6102,166145.3041,49999950,210,0.01
500737.1717,192115.7192,49999950,210,0.01
499952.9095,177583.7222,49999950,210,0.01
502240.7263,153659.7654,49999950,210,0.01
501371.2265,146239.5344,49999950,210,0.01
500303.674,144139.6193,49999950,210,0.01
501094.3997,174038.5924,49999950,210,0.01
500734.8824,167311.8606,49999950,210,0.01
499475.8822,185291.1124,49999950,210,0.01
498304.8596,168617.1048,49999950,210,0.01
499135.1127,139080.7872,49999950,210,0.01
503180.7129,155062.6186,49999950,210,0.01
499714.6576,167836.9822,49999950,210,0.01
502995.5269,169864.8945,49999950,210,0.01
499590.549,184242.9525,49999950,210,0.01
500780.761,163442.8577,49999950,210,0.01
499627.4581,174381.5947,49999950,210,0.01
499101.6712,159821.9772,49999950,210,0.01
499721.904,174365.5087,49999950,210,0.01
499185.4007,183328.6163,49999950,210,0.01
501822.7467,184991.4548,49999950,210,0.01
498171.1914,178692.3988,49999950,210,0.01
500923.1562,158704.0874,49999950,210,0.01
500550.1229,181170.8667,49999950,210,0.01
501743.9712,160490.2124,49999950,210,0.01
501279.3617,184936.0903,49999950,210,0.01
500004.3684,174507.8275,49999950,210,0.01
500174.2437,183176.5296,49999950,210,0.01
500145.85,165292.9771,49999950,210,0.01
500851.1909,141407.6971,49999950,210,0.01
498545.4249,185786.0527,49999950,210,0.01
499232.9246,137550.6019,49999950,210,0.01
498570.2562,178849.9586,49999950,210,0.01
500524.9904,150524.4926,49999950,210,0.01
500904.301,176555.2277,49999950,210,0.01
500846.4769,151279.9215,49999950,210,0.01
501192.1707,179338.6174,49999950,210,0.01
499822.8336,159171.465,49999950,210,0.01
499430.6139,176965.9884,49999950,210,0.01
499366.4057,190754.716,49999950,210,0.01
500438.7386,159349.6407,49999950,210,0.01
500606.5398,155639.1445,49999950,210,0.01
500164.1532,183538.7071,49999950,210,0.01
501484.2586,166462.8165,49999950,210,0.01
500588.4705,152162.5909,49999950,210,0.01
499090.2639,171408.9991,49999950,210,0.01
499091.582,163532.1784,49999950,210,0.01
499313.0341,171262.1905,49999950,210,0.01
498275.1876,157553.4166,49999950,210,0.01
500421.3997,172567.5002,49999950,210,0.01
499239.025,198320.2049,49999950,210,0.01
499356.027,157655.8993,49999950,210,0.01
500103.6547,159920.8324,49999950,210,0.01
499516.8494,144983.2857,49999950,210,0.01
500629.284,168900.4503,49999950,210,0.01
499476.7312,154895.4333,49999950,210,0.01
500428.1609,151773.5764,49999950,210,0.01
499441.2917,170552.6702,49999950,210,0.01
500317.9973,194970.2512,49999950,210,0.01
502170.2817,211280.187,49999950,210,0.01
499047.9478,161078.0376,49999950,210,0.01
499473.854,161350.5315,49999950,210,0.01
500561.7807,162662.4579,49999950,210,0.01
499217.3672,161441.7764,49999950,210,0.01
500787.799,144875.1542,49999950,210,0.01
499160.3053,168191.3511,49999950,210,0.01
499275.4237,153562.151,49999950,210,0.01
498218.942,171753.3003,49999950,210,0.01
497095.6803,181078.1523,49999950,210,0.01
499024.0298,174983.422,49999950,210,0.01
499842.8323,153166.4081,49999950,210,0.01
498437.4434,185283.5449,49999950,210,0.01
498653.5019,181902.4864,49999950,210,0.01
497858.1022,198505.6723,49999950,210,0.01
501556.6022,166222.6554,49999950,210,0.01
500181.2892,157198.4862,49999950,210,0.01
499838.203,150398.745,49999950,210,0.01
500227.5295,175098.2944,49999950,210,0.01
497973.0725,148009.5918,49999950,210,0.01
502007.7222,168789.2694,49999950,210,0.01
499011.3141,174254.4733,49999950,210,0.01
498654.8168,163820.9546,49999950,210,0.01
498365.1076,153927.4278,49999950,210,0.01
499365.7344,148255.6552,49999950,210,0.01
500228.0915,147025.7272,49999950,210,0.01
498896.7841,166349.1772,49999950,210,0.01
500087.1425,168039.7053,49999950,210,0.01
499614.6034,160002.3767,49999950,210,0.01
499222.8806,185548.787,49999950,210,0.01
501015.2155,161593.9875,49999950,210,0.01
500914.0747,147149.1381,49999950,210,0.01
498483.6028,150083.6249,49999950,210,0.01
499055.2405,163451.7993,49999950,210,0.01
499530.8568,152888.5142,49999950,210,0.01
499932.1276,156483.0786,49999950,210,0.01
500990.5557,164149.5634,49999950,210,0.01
499329.7272,174281.631,49999950,210,0.01
500111.5611,234150.755,49999950,350,0.01
498873.4805,242063.2088,49999950,350,0.01
498471.6281,237498.8507,49999950,350,0.01
498847.0294,246813.7907,49999950,350,0.01
498347.3594,244017.5402,49999950,350,0.01
500815.4367,217653.3279,49999950,350,0.01
500692.4604,252881.6743,49999950,350,0.01
500733.3134,239801.6232,49999950,350,0.01
500497.7381,227508.243,49999950,350,0.01
500562.0223,247164.4036,49999950,350,0.01
498973.3549,244567.0094,49999950,350,0.01
499155.355,226310.5606,49999950,350,0.01
499977.5325,217756.631,49999950,350,0.01
500898.6602,246744.4309,49999950,350,0.01
500384.761,252519.2799,49999950,350,0.01
499564.518,235355.8637,49999950,350,0.01
500429.8173,233835.1693,49999950,350,0.01
499309.35,258397.8982,49999950,350,0.01
498285.824,247825.2909,49999950,350,0.01
500154.1592,227567.4002,49999950,350,0.01
501147.3419,208264.763,49999950,350,0.01
501650.1655,240185.4653,49999950,350,0.01
500994.582,229780.9489,49999950,350,0.01
499646.5161,249847.6375,49999950,350,0.01
499777.9962,228731.3592,49999950,350,0.01
499889.3575,245097.6797,49999950,350,0.01
499320.4328,225107.7362,49999950,350,0.01
499664.5385,226192.7617,49999950,350,0.01
499602.0487,206384.6887,49999950,350,0.01
501923.9819,226235.8895,49999950,350,0.01
500175.9475,232715.0375,49999950,350,0.01
498485.7588,244965.3971,49999950,350,0.01
501289.1542,237135.3313,49999950,350,0.01
500143.0794,240890.6727,49999950,350,0.01
499226.2142,221135.748,49999950,350,0.01
500806.8521,221336.2439,49999950,350,0.01
499968.3474,236140.996,49999950,350,0.01
500522.1802,245536.4675,49999950,350,0.01
500766.1484,231398.013,49999950,350,0.01
499370.8424,237651.8639,49999950,350,0.01
499763.2133,225628.6507,49999950,350,0.01
499530.0758,245724.4965,49999950,350,0.01
499814.9572,234737.7733,49999950,350,0.01
499938.8549,265554.8135,49999950,350,0.01
499910.083,259152.8143,49999950,350,0.01
499878.3354,226012.7798,49999950,350,0.01
499126.6506,269027.0971,49999950,350,0.01
500065.3795,221606.4005,49999950,350,0.01
497339.757,215638.243,49999950,350,0.01
501923.7171,222137.5245,49999950,350,0.01
500835.0921,231410.2674,49999950,350,0.01
499550.3062,209535.1014,49999950,350,0.01
499916.9773,222157.0947,49999950,350,0.01
501429.6432,234671.7788,49999950,350,0.01
499779.0831,194017.6047,49999950,350,0.01
499317.6846,228204.3321,49999950,350,0.01
499418.5774,224146.7907,49999950,350,0.01
500755.7873,205817.0365,49999950,350,0.01
499626.0693,230749.6516,49999950,350,0.01
499509.4231,238009.7731,49999950,350,0.01
497866.0867,228573.1506,49999950,350,0.01
501294.152,216623.5686,49999950,350,0.01
498301.606,242040.0254,49999950,350,0.01
499382.7536,223763.9352,49999950,350,0.01
500403.0507,253974.0378,49999950,350,0.01
501372.6616,223303.735,49999950,350,0.01
500673.0339,242445.3369,49999950,350,0.01
500337.9557,220095.8661,49999950,350,0.01
501670.7775,251581.7298,49999950,350,0.01
499844.6587,214394.7525,49999950,350,0.01
500196.7922,216018.0075,49999950,350,0.01
499769.9359,224069.3,49999950,350,0.01
500765.8886,208429.0637,49999950,350,0.01
500144.1298,222541.8018,49999950,350,0.01
499624.3639,214936.8587,49999950,350,0.01
500734.5153,232337.5732,49999950,350,0.01
500738.4317,258673.7896,49999950,350,0.01
500866.143,227378.11,49999950,350,0.01
501378.3669,217842.7321,49999950,350,0.01
500517.1956,246475.0967,49999950,350,0.01
499432.5432,218306.7321,49999950,350,0.01
500200.9452,217836.4697,49999950,350,0.01
499467.9572,227720.8272,49999950,350,0.01
498413.6463,224996.4343,49999950,350,0.01
500850.0802,226451.8585,49999950,350,0.01
499268.5434,211292.4277,49999950,350,0.01
501569.5845,244554.3838,49999950,350,0.01
499304.4828,217345.2875,49999950,350,0.01
500142.6894,246401.9734,49999950,350,0.01
499500.8077,216843.2951,49999950,350,0.01
499869.0409,237876.0195,49999950,350,0.01
498021.6449,223219.8218,49999950,350,0.01
500173.3336,209405.1299,49999950,350,0.01
498911.9937,203391.5437,49999950,350,0.01
500457.6222,240665.082,49999950,350,0.01
501196.6741,247616.0287,49999950,350,0.01
501476.6475,245410.634,49999950,350,0.01
502463.9054,219785.9302,49999950,350,0.01
499128.3112,225838.594,49999950,350,0.01
500005.9176,228455.0854,49999950,350,0.01
501727.444,277179.9057,50000000,500,0.01
502029.5361,269996.806,50000000,500,0.01
499195.9179,265749.5409,50000000,500,0.01
499118.2548,293831.2974,50000000,500,0.01
500677.2085,256919.2011,50000000,500,0.01
499979.1695,278656.4665,50000000,500,0.01
500309.9045,261250.9855,50000000,500,0.01
500641.2029,272339.3542,50000000,500,0.01
500469.7271,294692.2081,50000000,500,0.01
500608.6792,286239.1012,50000000,500,0.01
500420.7544,269260.6661,50000000,500,0.01
498571.2765,272999.8014,50000000,500,0.01
500030.4738,272464.7139,50000000,500,0.01
499270.0853,262634.0879,50000000,500,0.01
501317.5242,277261.3489,50000000,500,0.01
500183.9536,270589.1801,50000000,500,0.01
500497.0566,282789.0503,50000000,500,0.01
501627.22,276209.7916,50000000,500,0.01
501213.6299,281193.1275,50000000,500,0.01
499042.8572,256101.4947,50000000,500,0.01
499476.9932,271157.3631,50000000,500,0.01
498640.4882,282457.4428,50000000,500,0.01
499111.219,273019.4749,50000000,500,0.01
500313.3358,270929.5505,50000000,500,0.01
501226.1045,265837.5442,50000000,500,0.01
498957.5934,253114.9663,50000000,500,0.01
499394.3405,290342.2618,50000000,500,0.01
499105.3593,266707.7243,50000000,500,0.01
499346.8106,283951.9972,50000000,500,0.01
499290.0221,263588.4772,50000000,500,0.01
499958.0162,268537.3651,50000000,500,0.01
498760.9329,292531.5916,50000000,500,0.01
499438.7629,286554.7602,50000000,500,0.01
499277.913,263184.2758,50000000,500,0.01
501615.7577,270116.7756,50000000,500,0.01
498124.4376,271927.0542,50000000,500,0.01
499920.1803,276307.4642,50000000,500,0.01
501206.379,268463.182,50000000,500,0.01
500785.4491,253076.2395,50000000,500,0.01
500026.5158,298641.7619,50000000,500,0.01
500250.5666,264658.1786,50000000,500,0.01
499372.0306,255390.0671,50000000,500,0.01
500720.3844,274312.1967,50000000,500,0.01
499377.7683,282276.2537,50000000,500,0.01
501668.1181,283570.5627,50000000,500,0.01
498719.8364,276252.3735,50000000,500,0.01
499906.9983,249087.7476,50000000,500,0.01
499333.3117,296141.9797,50000000,500,0.01
499992.5621,281324.5384,50000000,500,0.01
500621.8594,306932.128,50000000,500,0.01
499952.2149,261640.2597,50000000,500,0.01
501427.5458,309944.7109,50000000,500,0.01
500896.3256,246436.4753,50000000,500,0.01
499333.0615,269257.5588,50000000,500,0.01
500813.2125,277805.0054,50000000,500,0.01
501464.7648,245954.2785,50000000,500,0.01
500316.4941,273040.3928,50000000,500,0.01
499346.3859,270892.7795,50000000,500,0.01
500115.7212,271340.9996,50000000,500,0.01
501947.7857,264932.7154,50000000,500,0.01
499885.5351,286055.564,50000000,500,0.01
500988.3214,285799.7708,50000000,500,0.01
499735.4029,270449.0878,50000000,500,0.01
498401.7193,308897.465,50000000,500,0.01
499702.7066,228638.8694,50000000,500,0.01
499957.3786,283945.071,50000000,500,0.01
500380.8983,270568.1023,50000000,500,0.01
501095.9879,261815.518,50000000,500,0.01
501452.8786,262687.3409,50000000,500,0.01
499997.9145,295835.3303,50000000,500,0.01
499240.9274,271750.4933,50000000,500,0.01
498522.3148,296282.6868,50000000,500,0.01
502441.357,292104.1914,50000000,500,0.01
500145.1813,272156.1769,50000000,500,0.01
500020.6699,293371.4841,50000000,500,0.01
501845.6244,282870.7884,50000000,500,0.01
498618.8725,248429.128,50000000,500,0.01
499834.1146,275091.6763,50000000,500,0.01
500274.1826,294122.6877,50000000,500,0.01
500283.233,258683.455,50000000,500,0.01
498884.3297,274582.0987,50000000,500,0.01
501055.1802,302129.321,50000000,500,0.01
500210.0361,239911.814,50000000,500,0.01
500481.3761,280057.1738,50000000,500,0.01
501579.1185,286853.8377,50000000,500,0.01
501139.6704,279399.1443,50000000,500,0.01
499236.7615,276261.4317,50000000,500,0.01
499640.3475,275030.1861,50000000,500,0.01
501537.5434,280269.3634,50000000,500,0.01
501247.7576,285441.7664,50000000,500,0.01
500296.3748,271028.818,50000000,500,0.01
500163.3538,261735.2677,50000000,500,0.01
500432.2003,278647.3182,50000000,500,0.01
500239.6018,274178.2022,50000000,500,0.01
499513.9062,273915.603,50000000,500,0.01
499226.2296,255550.8441,50000000,500,0.01
499303.5265,267302.4578,50000000,500,0.01
499866.9062,247765.8644,50000000,500,0.01
500936.1168,293513.337,50000000,500,0.01
500843.3497,275336.5101,50000000,500,0.01
2534018.289,18645.77422,50000000,10,0.05
2525068.719,9093.001676,50000000,10,0.05
2481935.021,11072.54737,50000000,10,0.05
2500752.095,15150.3199,50000000,10,0.05
2505888.633,15860.03218,50000000,10,0.05
2510287.319,18758.77947,50000000,10,0.05
2509849.075,9684.872936,50000000,10,0.05
2525602.359,12046.55507,50000000,10,0.05
2469409.491,31331.94492,50000000,10,0.05
2490596.092,8666.616966,50000000,10,0.05
2502108.987,9228.690087,50000000,10,0.05
2538630.506,19773.85289,50000000,10,0.05
2483486.012,20289.5392,50000000,10,0.05
2503642.887,19296.61846,50000000,10,0.05
2492567.194,10080.10844,50000000,10,0.05
2500689.521,12578.00143,50000000,10,0.05
2485945.637,14365.48035,50000000,10,0.05
2498768.693,9564.300447,50000000,10,0.05
2499510.16,7531.214159,50000000,10,0.05
2507604.588,16810.09273,50000000,10,0.05
2484723.051,16087.11869,50000000,10,0.05
2475605,9725.684932,50000000,10,0.05
2488289.684,10642.57546,50000000,10,0.05
2469997.401,17534.78904,50000000,10,0.05
2496307.828,9567.221007,50000000,10,0.05
2536199.877,13578.19091,50000000,10,0.05
2528576.057,14668.52529,50000000,10,0.05
2503666.012,11151.55004,50000000,10,0.05
2476768.006,15680.92521,50000000,10,0.05
2448881.685,26541.8855,50000000,10,0.05
2530635.943,11512.58755,50000000,10,0.05
2499021.816,16118.93316,50000000,10,0.05
2509856.859,9566.255874,50000000,10,0.05
2505993.682,12598.33051,50000000,10,0.05
2478336.527,6776.705394,50000000,10,0.05
2510662.077,11357.19401,50000000,10,0.05
2532770.47,14125.46744,50000000,10,0.05
2527585.625,16475.00346,50000000,10,0.05
2532159.506,12113.47448,50000000,10,0.05
2451277.807,12437.28193,50000000,10,0.05
2482198.775,7711.370746,50000000,10,0.05
2517476.259,8756.65472,50000000,10,0.05
2499292.887,12879.36727,50000000,10,0.05
2466839.768,9148.643769,50000000,10,0.05
2460260.476,10843.59526,50000000,10,0.05
2531496.95,20876.70801,50000000,10,0.05
2472488.808,13014.89176,50000000,10,0.05
2497958.212,9025.126112,50000000,10,0.05
2507590.821,13918.26207,50000000,10,0.05
2470731.268,18882.3164,50000000,10,0.05
2472544.149,9560.067377,50000000,10,0.05
2530149.859,18901.69722,50000000,10,0.05
2468243.201,18516.54188,50000000,10,0.05
2496760.416,10401.98559,50000000,10,0.05
2497380.411,10128.95271,50000000,10,0.05
2486895.464,15721.038,50000000,10,0.05
2467234.054,14256.45537,50000000,10,0.05
2448275.877,37414.35144,50000000,10,0.05
2510987.257,18138.64842,50000000,10,0.05
2478888.2,13639.48529,50000000,10,0.05
2475498.592,8402.662826,50000000,10,0.05
2494925.262,8972.633768,50000000,10,0.05
2521258.571,10709.34065,50000000,10,0.05
2490691.584,12263.85478,50000000,10,0.05
2487511.826,14534.05059,50000000,10,0.05
2462164.582,22741.52168,50000000,10,0.05
2512557.958,9348.659854,50000000,10,0.05
2503060.046,7145.500779,50000000,10,0.05
2482926.717,15133.23742,50000000,10,0.05
2460095.665,18090.26483,50000000,10,0.05
2494020.134,10441.09853,50000000,10,0.05
2511155.391,6531.934158,50000000,10,0.05
2496669.444,9536.372996,50000000,10,0.05
2517908.283,9307.967319,50000000,10,0.05
2459085.296,8225.650474,50000000,10,0.05
2493079.249,11262.42117,50000000,10,0.05
2475354.59,13659.19846,50000000,10,0.05
2481411.756,16177.84642,50000000,10,0.05
2446718.001,27148.11813,50000000,10,0.05
2479241.278,15496.71897,50000000,10,0.05
2495876.662,6727.244252,50000000,10,0.05
2479925.682,6275.068618,50000000,10,0.05
2489654.232,7691.532587,50000000,10,0.05
2501933.427,12042.73608,50000000,10,0.05
2463687.477,18669.50762,50000000,10,0.05
2554717.601,32798.79579,50000000,10,0.05
2496559.518,11944.79528,50000000,10,0.05
2516144.186,9374.96568,50000000,10,0.05
2476286.831,17617.37741,50000000,10,0.05
2463032.387,24288.25481,50000000,10,0.05
2530896.859,16938.99289,50000000,10,0.05
2542563.973,12731.13185,50000000,10,0.05
2523607.622,13754.88806,50000000,10,0.05
2514037.535,8309.185101,50000000,10,0.05
2481719.659,18456.81437,50000000,10,0.05
2512289.125,11750.77659,50000000,10,0.05
2477397.014,19400.75953,50000000,10,0.05
2499309.207,9090.194433,50000000,10,0.05
2513633.764,7870.092811,50000000,10,0.05
2499783.727,9247.373531,50000000,10,0.05
2484912.878,17498.78705,50000000,20,0.05
2527774.915,24587.72819,50000000,20,0.05
2489269.368,22344.22595,50000000,20,0.05
2529297.012,30654.09055,50000000,20,0.05
2506772.898,16532.75262,50000000,20,0.05
2505312.111,24317.59863,50000000,20,0.05
2497919.753,17563.93127,50000000,20,0.05
2475527.304,22284.48981,50000000,20,0.05
2512779.197,23406.35455,50000000,20,0.05
2509875.976,37543.08752,50000000,20,0.05
2507777.038,35896.07562,50000000,20,0.05
2482002.502,21572.20691,50000000,20,0.05
2475738.735,16566.00735,50000000,20,0.05
2500248.129,24314.40154,50000000,20,0.05
2505569.069,20924.76016,50000000,20,0.05
2490900.255,20261.99474,50000000,20,0.05
2506287.723,28779.55641,50000000,20,0.05
2499073.774,22764.81152,50000000,20,0.05
2519282.062,20666.57947,50000000,20,0.05
2501675.562,23599.7615,50000000,20,0.05
2463956.003,27573.96843,50000000,20,0.05
2516960.883,28143.85613,50000000,20,0.05
2497489.089,18892.99892,50000000,20,0.05
2501824.432,18759.22038,50000000,20,0.05
2491047.417,23776.65277,50000000,20,0.05
2529355.523,33912.86783,50000000,20,0.05
2481501.333,19616.39663,50000000,20,0.05
2498259.284,21303.27883,50000000,20,0.05
2498962.212,28160.50992,50000000,20,0.05
2508147.909,25011.04595,50000000,20,0.05
2513513.555,22658.99306,50000000,20,0.05
2494140.128,28294.2583,50000000,20,0.05
2503221.869,40773.4307,50000000,20,0.05
2488952.203,31925.31707,50000000,20,0.05
2504358.315,19825.31568,50000000,20,0.05
2504367.308,33275.60975,50000000,20,0.05
2481336.705,20212.40344,50000000,20,0.05
2509934.11,17756.32517,50000000,20,0.05
2508837.81,33351.62833,50000000,20,0.05
2509055.784,25829.64642,50000000,20,0.05
2517136.295,22551.441,50000000,20,0.05
2472902.567,25726.78984,50000000,20,0.05
2530542.877,20622.0057,50000000,20,0.05
2483836.754,32209.9573,50000000,20,0.05
2466934.8,32286.84549,50000000,20,0.05
2493833.38,24604.37027,50000000,20,0.05
2509769.065,18914.36953,50000000,20,0.05
2502191.236,19102.14513,50000000,20,0.05
2497291.606,25594.88025,50000000,20,0.05
2485766.556,23980.86984,50000000,20,0.05
2501766.227,28655.27075,50000000,20,0.05
2526204.287,32839.63202,50000000,20,0.05
2479159.745,22075.30731,50000000,20,0.05
2498673.468,25347.95765,50000000,20,0.05
2525492.365,23308.21322,50000000,20,0.05
2494890.646,26137.00803,50000000,20,0.05
2506772.694,23375.89241,50000000,20,0.05
2487456.101,17293.94942,50000000,20,0.05
2498765.339,22747.75253,50000000,20,0.05
2479304.102,24671.63456,50000000,20,0.05
2513828.078,22337.19723,50000000,20,0.05
2518495.485,21136.95324,50000000,20,0.05
2483649.562,32137.2238,50000000,20,0.05
2514076.142,25051.46541,50000000,20,0.05
2513835.825,22865.56021,50000000,20,0.05
2514466.682,19819.48302,50000000,20,0.05
2505909.575,23371.51495,50000000,20,0.05
2496893.463,25996.74693,50000000,20,0.05
2496006.352,25885.66585,50000000,20,0.05
2507763.112,23617.84228,50000000,20,0.05
2489468.531,27322.67608,50000000,20,0.05
2513498.718,28207.28434,50000000,20,0.05
2491186.126,17960.90948,50000000,20,0.05
2507274.159,29875.43376,50000000,20,0.05
2503584.457,26315.25528,50000000,20,0.05
2485214.208,23146.41985,50000000,20,0.05
2495882.037,22365.20565,50000000,20,0.05
2510130.646,28892.12291,50000000,20,0.05
2491415.35,28371.3145,50000000,20,0.05
2486308.493,19739.48841,50000000,20,0.05
2511007.554,25552.01379,50000000,20,0.05
2516161.287,31124.54128,50000000,20,0.05
2502661.534,26940.55376,50000000,20,0.05
2480468.883,23553.48258,50000000,20,0.05
2494663.586,18020.2738,50000000,20,0.05
2470602.412,35748.64048,50000000,20,0.05
2493227.228,15057.98909,50000000,20,0.05
2481157.415,22140.48138,50000000,20,0.05
2497595.11,25970.6194,50000000,20,0.05
2499390.934,27404.5705,50000000,20,0.05
2519425.295,18833.02733,50000000,20,0.05
2479314.312,24192.83708,50000000,20,0.05
2501352.376,15561.49444,50000000,20,0.05
2504677.002,23400.06594,50000000,20,0.05
2509821.957,22536.01825,50000000,20,0.05
2525065.43,22381.16833,50000000,20,0.05
2488545.556,33129.0057,50000000,20,0.05
2532930.681,31522.75953,50000000,20,0.05
2486518.605,26241.69102,50000000,20,0.05
2502897.731,22714.85961,50000000,20,0.05
2519785.281,33825.93969,49999980,30,0.05
2501393.274,30656.40545,49999980,30,0.05
2495289.526,37950.5371,49999980,30,0.05
2492285.438,38558.07983,49999980,30,0.05
2485251.633,32240.23003,49999980,30,0.05
2514201.434,40364.14888,49999980,30,0.05
2526757.548,32650.97363,49999980,30,0.05
2500496.379,39767.2462,49999980,30,0.05
2502922.262,32955.9595,49999980,30,0.05
2511993.062,33797.29185,49999980,30,0.05
2496666.282,28015.74058,49999980,30,0.05
2485341.434,41138.12719,49999980,30,0.05
2490025.045,47605.04345,49999980,30,0.05
2488418.811,31040.48881,49999980,30,0.05
2489322.274,29636.33712,49999980,30,0.05
2504303.268,36745.81,49999980,30,0.05
2490993.607,47178.36146,49999980,30,0.05
2502542.555,32526.09793,49999980,30,0.05
2505590.532,39832.87542,49999980,30,0.05
2491198.154,51762.13102,49999980,30,0.05
2513105.217,41204.45082,49999980,30,0.05
2495510.06,29648.79453,49999980,30,0.05
2510705.455,35640.41142,49999980,30,0.05
2506935.194,27566.52951,49999980,30,0.05
2492070.999,32658.87865,49999980,30,0.05
2500366.133,29382.63804,49999980,30,0.05
2507545.441,33293.84213,49999980,30,0.05
2509392.337,50490.1884,49999980,30,0.05
2513300.351,35032.95802,49999980,30,0.05
2495017.365,37161.49793,49999980,30,0.05
2501459.469,29422.54949,49999980,30,0.05
2481221.18,37470.152,49999980,30,0.05
2506145.288,37344.04812,49999980,30,0.05
2496742.96,37900.7021,49999980,30,0.05
2492796.661,52134.5843,49999980,30,0.05
2506454.332,36233.05556,49999980,30,0.05
2505154.779,28194.1803,49999980,30,0.05
2485261.489,63089.0074,49999980,30,0.05
2501340.451,28899.25825,49999980,30,0.05
2491493.239,27871.74179,49999980,30,0.05
2499755.705,29643.27253,49999980,30,0.05
2496737.551,30014.87965,49999980,30,0.05
2509630.518,34293.5691,49999980,30,0.05
2533134.675,34451.34856,49999980,30,0.05
2506473.173,51120.59379,49999980,30,0.05
2480141.866,30471.26826,49999980,30,0.05
2492164.089,35480.97988,49999980,30,0.05
2503818.544,36133.53391,49999980,30,0.05
2495581.84,36707.56373,49999980,30,0.05
2513980.014,33665.97556,49999980,30,0.05
2501695.903,28576.65797,49999980,30,0.05
2501210.524,36399.07386,49999980,30,0.05
2475218.639,24888.46961,49999980,30,0.05
2478277.061,45757.67079,49999980,30,0.05
2499544.77,34194.55845,49999980,30,0.05
2507498.178,33807.73397,49999980,30,0.05
2493623.556,49072.72073,49999980,30,0.05
2491766.536,28975.11146,49999980,30,0.05
2478871.449,34971.18626,49999980,30,0.05
2531799.572,42689.98867,49999980,30,0.05
2495219.277,42000.71481,49999980,30,0.05
2503208.61,33629.09607,49999980,30,0.05
2497066.363,28222.30404,49999980,30,0.05
2492855.586,36775.68809,49999980,30,0.05
2485208.751,30045.76588,49999980,30,0.05
2485852.219,32149.39527,49999980,30,0.05
2484871.505,37250.08129,49999980,30,0.05
2491297.574,33884.04396,49999980,30,0.05
2491398.017,33141.50353,49999980,30,0.05
2503726.872,36176.37047,49999980,30,0.05
2513283.004,40075.77865,49999980,30,0.05
2502883.62,33744.50487,49999980,30,0.05
2508547.407,33258.17672,49999980,30,0.05
2515499.924,33956.30333,49999980,30,0.05
2488465.371,30794.50568,49999980,30,0.05
2489984.779,36119.18656,49999980,30,0.05
2496821.341,47767.11282,49999980,30,0.05
2484906.735,37887.00703,49999980,30,0.05
2520872.159,39810.30502,49999980,30,0.05
2525213.099,37785.4647,49999980,30,0.05
2496535.136,27631.54875,49999980,30,0.05
2507354.238,35391.09998,49999980,30,0.05
2498057.037,30269.99514,49999980,30,0.05
2505350.061,40461.70376,49999980,30,0.05
2504024.615,29425.45828,49999980,30,0.05
2495693.592,31450.67385,49999980,30,0.05
2519967.874,47035.71365,49999980,30,0.05
2495115.482,35124.92213,49999980,30,0.05
2509018.481,34635.39258,49999980,30,0.05
2485986.739,31176.77206,49999980,30,0.05
2509555.778,37642.00453,49999980,30,0.05
2499088.928,44128.02734,49999980,30,0.05
2508464.826,51920.51413,49999980,30,0.05
2487631.539,29666.46294,49999980,30,0.05
2502830.078,40011.58525,49999980,30,0.05
2506300.455,40811.36907,49999980,30,0.05
2502453.947,40676.23247,49999980,30,0.05
2487670.093,38438.70251,49999980,30,0.05
2484891.008,33622.22697,49999980,30,0.05
2504525.992,34465.12287,49999980,30,0.05
2505744.94,42106.17057,50000000,40,0.05
2480487.83,41367.82733,50000000,40,0.05
2502762.573,50939.81389,50000000,40,0.05
2495444.038,41158.36708,50000000,40,0.05
2483084.827,38162.39584,50000000,40,0.05
2507173.655,39404.06746,50000000,40,0.05
2496534.614,52843.78855,50000000,40,0.05
2525675.871,50011.16731,50000000,40,0.05
2498739.438,44239.48282,50000000,40,0.05
2503644.78,42177.82648,50000000,40,0.05
2517461.115,60949.77904,50000000,40,0.05
2506670.293,56476.9363,50000000,40,0.05
2490531.253,49358.76926,50000000,40,0.05
2495926.891,43859.35781,50000000,40,0.05
2500034.449,55623.94541,50000000,40,0.05
2489436.067,63898.47636,50000000,40,0.05
2486463.689,48972.21778,50000000,40,0.05
2494837.177,38916.89945,50000000,40,0.05
2519462.876,48375.80012,50000000,40,0.05
2486400.277,39011.60879,50000000,40,0.05
2504164.208,52902.42852,50000000,40,0.05
2506772.174,46956.84395,50000000,40,0.05
2520536.975,54650.48842,50000000,40,0.05
2524312.398,51440.44625,50000000,40,0.05
2502498.769,57221.54907,50000000,40,0.05
2493980.089,46898.42996,50000000,40,0.05
2495803.507,59923.03266,50000000,40,0.05
2497276.417,46931.58784,50000000,40,0.05
2520481.146,59382.62865,50000000,40,0.05
2492861.852,48538.00793,50000000,40,0.05
2504400.988,46538.51568,50000000,40,0.05
2499085.108,56488.9737,50000000,40,0.05
2499869.269,41309.32759,50000000,40,0.05
2502934.755,44478.76273,50000000,40,0.05
2490545.542,47875.81141,50000000,40,0.05
2505578.743,63642.78129,50000000,40,0.05
2498605.508,54707.65712,50000000,40,0.05
2494092.46,41821.92307,50000000,40,0.05
2484773.023,37238.56296,50000000,40,0.05
2498460.676,61591.29991,50000000,40,0.05
2481472.141,38785.42759,50000000,40,0.05
2513268.709,58179.8477,50000000,40,0.05
2504299.373,41626.88536,50000000,40,0.05
2509613.265,38946.71036,50000000,40,0.05
2474564.799,43344.66512,50000000,40,0.05
2499946.318,57415.84452,50000000,40,0.05
2492387.275,37533.09862,50000000,40,0.05
2501455.275,49893.25712,50000000,40,0.05
2493498.839,46280.4025,50000000,40,0.05
2496325.593,34822.36624,50000000,40,0.05
2482728.136,44721.77447,50000000,40,0.05
2513087.953,44785.14982,50000000,40,0.05
2521659.818,52873.99795,50000000,40,0.05
2484031.121,48144.92417,50000000,40,0.05
2492945.064,48053.04186,50000000,40,0.05
2496426.353,35767.77599,50000000,40,0.05
2485495.825,53413.73799,50000000,40,0.05
2513504.389,38322.68675,50000000,40,0.05
2485979.049,53392.23609,50000000,40,0.05
2501666.613,36285.81354,50000000,40,0.05
2499826.928,52446.34278,50000000,40,0.05
2502186.341,50591.45373,50000000,40,0.05
2492706.362,45182.85634,50000000,40,0.05
2489175.68,42016.72856,50000000,40,0.05
2482102.531,47703.38072,50000000,40,0.05
2487489.856,46910.80632,50000000,40,0.05
2500239.5,46985.94486,50000000,40,0.05
2500605.435,35600.36024,50000000,40,0.05
2515151.693,46913.15339,50000000,40,0.05
2524384.352,71877.18302,50000000,40,0.05
2504422.21,57422.84163,50000000,40,0.05
2499597.455,41120.94067,50000000,40,0.05
2502694.693,58712.0483,50000000,40,0.05
2500960.104,64702.49506,50000000,40,0.05
2510637.356,44396.99729,50000000,40,0.05
2506710.64,60548.64887,50000000,40,0.05
2505707.764,51143.08511,50000000,40,0.05
2511260.156,39114.43781,50000000,40,0.05
2508135.884,47859.96384,50000000,40,0.05
2511869.677,67735.82925,50000000,40,0.05
2497488.796,53737.69243,50000000,40,0.05
2472422.84,51191.48137,50000000,40,0.05
2504172.694,53898.06161,50000000,40,0.05
2506543.444,50006.10867,50000000,40,0.05
2509993.993,64213.17383,50000000,40,0.05
2496517.756,43192.41535,50000000,40,0.05
2506822.238,45318.8445,50000000,40,0.05
2484778.802,49365.53403,50000000,40,0.05
2498454.578,49356.89972,50000000,40,0.05
2501169.823,48482.34185,50000000,40,0.05
2483866.052,35257.33702,50000000,40,0.05
2493690.281,48616.06151,50000000,40,0.05
2485643.154,35007.32499,50000000,40,0.05
2513988.347,52080.64638,50000000,40,0.05
2491859.857,50498.72447,50000000,40,0.05
2487890.573,41560.41223,50000000,40,0.05
2509438.512,50998.08683,50000000,40,0.05
2523933.514,60018.74066,50000000,40,0.05
2514252.085,41957.26277,50000000,40,0.05
2515436.803,40007.14672,50000000,40,0.05
2495513.919,59270.52613,50000000,50,0.05
2508606.275,65505.60117,50000000,50,0.05
2488864.534,50184.76246,50000000,50,0.05
2491826.353,73851.10054,50000000,50,0.05
2488417.4,61917.80474,50000000,50,0.05
2506116.858,105071.7032,50000000,50,0.05
2505942.766,54871.66229,50000000,50,0.05
2511735.428,63543.29791,50000000,50,0.05
2505969.8,49097.05119,50000000,50,0.05
2487874.606,59911.38193,50000000,50,0.05
2489853.59,56431.22868,50000000,50,0.05
2515829.706,48345.02198,50000000,50,0.05
2484608.295,71031.57595,50000000,50,0.05
2499591.257,55178.60215,50000000,50,0.05
2494219.7,60092.32324,50000000,50,0.05
2495240.519,49304.78997,50000000,50,0.05
2500473.421,56806.64482,50000000,50,0.05
2481296.995,71688.17291,50000000,50,0.05
2496099.147,46237.5835,50000000,50,0.05
2523745.315,79166.4816,50000000,50,0.05
2476140.256,63693.11362,50000000,50,0.05
2506749.578,55151.75031,50000000,50,0.05
2482843.477,52140.51413,50000000,50,0.05
2490105.067,50782.50771,50000000,50,0.05
2498810.121,67232.37889,50000000,50,0.05
2491126.595,42114.1846,50000000,50,0.05
2496781.805,51326.44173,50000000,50,0.05
2500734.218,57640.90478,50000000,50,0.05
2467466.523,72814.61802,50000000,50,0.05
2516664.071,63540.06844,50000000,50,0.05
2506429.678,67789.92912,50000000,50,0.05
2500682.388,60262.96078,50000000,50,0.05
2510471.867,66665.90779,50000000,50,0.05
2497687.715,59915.6662,50000000,50,0.05
2495540.621,51285.11568,50000000,50,0.05
2502868.052,69080.60691,50000000,50,0.05
2513621.078,60462.94359,50000000,50,0.05
2504691.509,54151.64124,50000000,50,0.05
2500745.854,48995.06921,50000000,50,0.05
2505073.127,67844.57776,50000000,50,0.05
2497951.514,81993.74259,50000000,50,0.05
2489965.931,48606.9251,50000000,50,0.05
2486694.703,56194.201,50000000,50,0.05
2502847.572,53722.64618,50000000,50,0.05
2504563.248,55313.28271,50000000,50,0.05
2503457.37,70340.72793,50000000,50,0.05
2496417.464,69536.1254,50000000,50,0.05
2499824.827,66580.86726,50000000,50,0.05
2491827.963,50461.32065,50000000,50,0.05
2502354.462,48278.08609,50000000,50,0.05
2494433.689,54513.13522,50000000,50,0.05
2505963.12,55138.61942,50000000,50,0.05
2496573.963,87643.83814,50000000,50,0.05
2495736.3,65399.17865,50000000,50,0.05
2512694.9,82184.7506,50000000,50,0.05
2487502.56,52195.45869,50000000,50,0.05
2489034.927,51085.416,50000000,50,0.05
2491383.077,54980.30493,50000000,50,0.05
2505720.28,67356.03383,50000000,50,0.05
2500451.991,57635.51791,50000000,50,0.05
2486561.87,55950.80053,50000000,50,0.05
2513772.597,71322.06054,50000000,50,0.05
2489073.177,79801.61128,50000000,50,0.05
2495011.961,56169.81375,50000000,50,0.05
2507122.56,61720.7738,50000000,50,0.05
2495972.741,56850.80341,50000000,50,0.05
2507498.889,63345.28706,50000000,50,0.05
2504752.529,64024.07842,50000000,50,0.05
2499320.554,50482.04862,50000000,50,0.05
2495633.804,57584.97827,50000000,50,0.05
2506370.351,63650.55888,50000000,50,0.05
2504062.22,49857.79814,50000000,50,0.05
2524018.62,64493.29813,50000000,50,0.05
2499175.523,60253.16536,50000000,50,0.05
2505593.263,53920.87973,50000000,50,0.05
2501087.047,57313.76711,50000000,50,0.05
2515403.467,62115.67982,50000000,50,0.05
2511200.895,62237.87755,50000000,50,0.05
2502321.298,52077.93238,50000000,50,0.05
2487702.935,57601.90033,50000000,50,0.05
2484321.161,67069.9127,50000000,50,0.05
2505494.706,53402.23682,50000000,50,0.05
2509796.85,50287.65288,50000000,50,0.05
2507232.388,56715.13557,50000000,50,0.05
2510979.657,46617.84059,50000000,50,0.05
2499702.043,51289.48813,50000000,50,0.05
2518505.924,55910.74533,50000000,50,0.05
2511765.87,85814.8339,50000000,50,0.05
2509931.135,60824.14415,50000000,50,0.05
2489519.199,55935.63359,50000000,50,0.05
2498750.693,62273.2759,50000000,50,0.05
2504856.009,63368.36834,50000000,50,0.05
2495447.148,48306.40988,50000000,50,0.05
2492975.818,53952.25207,50000000,50,0.05
2497694.847,63147.43228,50000000,50,0.05
2496386.096,45540.9701,50000000,50,0.05
2490240.642,68731.43842,50000000,50,0.05
2502485.647,55071.2965,50000000,50,0.05
2477657.983,55692.34156,50000000,50,0.05
2482325.561,52457.03662,50000000,50,0.05
2498023.876,77772.05361,49999950,70,0.05
2498306.795,78854.09914,49999950,70,0.05
2517868.568,79772.96127,49999950,70,0.05
2491892.148,70025.03526,49999950,70,0.05
2490531.756,86627.4992,49999950,70,0.05
2504666.046,82143.35088,49999950,70,0.05
2499635.375,63179.00934,49999950,70,0.05
2501639.655,75114.1632,49999950,70,0.05
2512703.33,79632.99803,49999950,70,0.05
2498207.868,103051.1033,49999950,70,0.05
2501354.734,70691.59041,49999950,70,0.05
2519786.798,81890.78724,49999950,70,0.05
2495363.084,76931.41127,49999950,70,0.05
2485928.836,82469.98779,49999950,70,0.05
2502125.968,73644.25495,49999950,70,0.05
2497817.027,84648.58919,49999950,70,0.05
2493600.313,78456.50911,49999950,70,0.05
2504834.503,76805.50944,49999950,70,0.05
2502716.464,81165.14962,49999950,70,0.05
2503708.575,93341.70719,49999950,70,0.05
2500068.637,77568.63802,49999950,70,0.05
2507878.098,83023.84358,49999950,70,0.05
2502870.688,92972.65156,49999950,70,0.05
2499878.734,81863.28442,49999950,70,0.05
2465949.029,79325.80959,49999950,70,0.05
2495735.158,73336.82664,49999950,70,0.05
2500796.945,89254.78591,49999950,70,0.05
2497293.37,99685.62263,49999950,70,0.05
2515095.475,74151.33157,49999950,70,0.05
2494082.158,79538.71276,49999950,70,0.05
2511882.032,91869.70042,49999950,70,0.05
2505158.559,84384.77293,49999950,70,0.05
2507476.326,74576.25575,49999950,70,0.05
2506934.808,83935.21391,49999950,70,0.05
2499365.917,75010.73871,49999950,70,0.05
2506805.622,83608.40413,49999950,70,0.05
2500997.824,76194.59487,49999950,70,0.05
2501580.113,71964.75129,49999950,70,0.05
2501249.713,77497.6436,49999950,70,0.05
2505790.863,69655.55868,49999950,70,0.05
2499188.71,83867.67209,49999950,70,0.05
2507271.395,77300.28607,49999950,70,0.05
2504806.511,81440.88352,49999950,70,0.05
2509355.914,83683.49255,49999950,70,0.05
2518152.438,81686.38863,49999950,70,0.05
2509162.401,76260.27096,49999950,70,0.05
2515435.401,92154.38171,49999950,70,0.05
2498011.576,91575.78411,49999950,70,0.05
2511298.129,88541.35572,49999950,70,0.05
2505928.448,85316.04802,49999950,70,0.05
2497820.537,68088.29807,49999950,70,0.05
2509461.002,74235.34684,49999950,70,0.05
2517985.085,79447.19523,49999950,70,0.05
2496550.433,62477.28178,49999950,70,0.05
2474744.779,82266.7838,49999950,70,0.05
2505439.695,82677.65357,49999950,70,0.05
2497734.072,80596.0613,49999950,70,0.05
2506816.703,74915.50836,49999950,70,0.05
2504534.471,74692.8714,49999950,70,0.05
2497727.356,72265.36125,49999950,70,0.05
2511378.504,92834.51681,49999950,70,0.05
2504727.342,84050.69469,49999950,70,0.05
2507243.569,75228.52104,49999950,70,0.05
2487501.02,61825.04853,49999950,70,0.05
2494031.969,72182.01148,49999950,70,0.05
2498994.102,71440.86825,49999950,70,0.05
2493903.738,84873.03081,49999950,70,0.05
2500912.522,75477.08656,49999950,70,0.05
2519103.439,89289.17659,49999950,70,0.05
2497691.113,85482.44436,49999950,70,0.05
2497883.027,88642.75396,49999950,70,0.05
2486138.057,69141.64352,49999950,70,0.05
2493932.395,70195.47752,49999950,70,0.05
2500020.557,88981.55223,49999950,70,0.05
2501326.533,75712.3857,49999950,70,0.05
2520132.985,77245.44512,49999950,70,0.05
2503608.038,85246.12222,49999950,70,0.05
2509810.904,80146.97479,49999950,70,0.05
2495924.6,91422.23274,49999950,70,0.05
2508368.517,62164.10673,49999950,70,0.05
2494974.346,102395.4764,49999950,70,0.05
2493696.108,72524.04653,49999950,70,0.05
2509104.921,92783.09084,49999950,70,0.05
2497019.638,70934.05394,49999950,70,0.05
2504820.465,86431.12389,49999950,70,0.05
2495091.724,79496.07959,49999950,70,0.05
2494500.553,83702.92763,49999950,70,0.05
2492749.948,103664.7619,49999950,70,0.05
2502225.503,79822.16259,49999950,70,0.05
2498326.553,82678.18127,49999950,70,0.05
2497323.379,70348.37677,49999950,70,0.05
2503839.615,91783.24241,49999950,70,0.05
2507328.762,67897.19809,49999950,70,0.05
2488771.586,87438.36537,49999950,70,0.05
2488781.33,91610.6494,49999950,70,0.05
2516070.509,81299.44565,49999950,70,0.05
2483515.136,89085.30113,49999950,70,0.05
2476224.391,98403.37052,49999950,70,0.05
2503867.687,70694.20699,49999950,70,0.05
2512154.589,75693.54886,49999950,70,0.05
2499940.465,127233.0828,50000000,100,0.05
2498893.204,112587.2355,50000000,100,0.05
2484465.07,119645.4088,50000000,100,0.05
2488714.224,101300.9948,50000000,100,0.05
2497441.863,92786.3677,50000000,100,0.05
2500954.26,115947.3378,50000000,100,0.05
2496620.239,115053.0453,50000000,100,0.05
2502515.516,122248.4437,50000000,100,0.05
2503652.158,130902.2977,50000000,100,0.05
2503143.172,123673.865,50000000,100,0.05
2493169.686,115410.0788,50000000,100,0.05
2514631.516,118057.5161,50000000,100,0.05
2509805.136,106540.4932,50000000,100,0.05
2499368.678,121772.7027,50000000,100,0.05
2492411.905,125189.5063,50000000,100,0.05
2496364.218,111369.5309,50000000,100,0.05
2495111.867,109762.3221,50000000,100,0.05
2491682.901,106069.6047,50000000,100,0.05
2491506.153,121227.1048,50000000,100,0.05
2500396.52,96820.3017,50000000,100,0.05
2491733.13,106982.3551,50000000,100,0.05
2494148.842,117005.4075,50000000,100,0.05
2497076.664,128295.527,50000000,100,0.05
2486318.844,109657.741,50000000,100,0.05
2494279.973,122246.1461,50000000,100,0.05
2505079.798,129446.7144,50000000,100,0.05
2516871.571,123069.5968,50000000,100,0.05
2503138.564,114635.1868,50000000,100,0.05
2509428.615,114896.5171,50000000,100,0.05
2516314.845,141405.2314,50000000,100,0.05
2494099.408,115606.514,50000000,100,0.05
2509628.207,122631.6189,50000000,100,0.05
2502492.143,110388.4326,50000000,100,0.05
2497996.848,121292.1371,50000000,100,0.05
2509860.017,117955.4567,50000000,100,0.05
2497008.1,120483.4771,50000000,100,0.05
2505087.346,110621.6819,50000000,100,0.05
2494394.898,123313.3057,50000000,100,0.05
2493256.627,104315.3343,50000000,100,0.05
2505812.283,136143.6734,50000000,100,0.05
2510529.805,107077.0055,50000000,100,0.05
2511727.265,109415.0915,50000000,100,0.05
2497166.846,117054.8765,50000000,100,0.05
2494251.653,104091.6092,50000000,100,0.05
2505141.248,105982.9061,50000000,100,0.05
2508216.808,126083.5012,50000000,100,0.05
2504186.432,109311.9698,50000000,100,0.05
2497289.711,109923.761,50000000,100,0.05
2498346.199,126362.0274,50000000,100,0.05
2496100.831,117355.4686,50000000,100,0.05
2512578.389,109922.7723,50000000,100,0.05
2508088.11,111322.7267,50000000,100,0.05
2503973.009,124459.8339,50000000,100,0.05
2501428.245,127598.5554,50000000,100,0.05
2496443.027,118820.2616,50000000,100,0.05
2500893.684,120720.3492,50000000,100,0.05
2491120.594,127427.9307,50000000,100,0.05
2497543.889,109130.7536,50000000,100,0.05
2494686.082,129333.166,50000000,100,0.05
2495801.482,130255.2693,50000000,100,0.05
2484219.363,103472.1424,50000000,100,0.05
2492547.937,101995.6413,50000000,100,0.05
2489896.904,115255.5967,50000000,100,0.05
2492219.742,106131.8485,50000000,100,0.05
2499492.454,131939.748,50000000,100,0.05
2491061.494,111124.5498,50000000,100,0.05
2492559.247,120813.4025,50000000,100,0.05
2499482.515,96177.40975,50000000,100,0.05
2495242.841,125057.2912,50000000,100,0.05
2496238.672,127680.5204,50000000,100,0.05
2502288.472,123062.2583,50000000,100,0.05
2492512.648,119109.5393,50000000,100,0.05
2512411.075,110493.8362,50000000,100,0.05
2495009.923,117981.9865,50000000,100,0.05
2489970.827,124506.6845,50000000,100,0.05
2495456.955,92173.5114,50000000,100,0.05
2504812.738,112797.8455,50000000,100,0.05
2504584.107,115905.4373,50000000,100,0.05
2509241.193,113819.9091,50000000,100,0.05
2497987.487,112738.1854,50000000,100,0.05
2499095.226,101287.5698,50000000,100,0.05
2511692.106,122579.7141,50000000,100,0.05
2503968.762,130451.4011,50000000,100,0.05
2506437.466,116440.219,50000000,100,0.05
2486033.703,136741.5983,50000000,100,0.05
2505981.031,118216.4292,50000000,100,0.05
2487963.1,120800.911,50000000,100,0.05
2500117.972,140146.9033,50000000,100,0.05
2502070.647,130855.0602,50000000,100,0.05
2502776.351,114527.4114,50000000,100,0.05
2498744.707,115084.5722,50000000,100,0.05
2493483.186,101628.6093,50000000,100,0.05
2494491.012,122822.398,50000000,100,0.05
2495071.663,108095.5548,50000000,100,0.05
2486091.348,117833.6275,50000000,100,0.05
2495259.149,113612.4719,50000000,100,0.05
2496484.394,114002.0741,50000000,100,0.05
2504101.621,128174.0349,50000000,100,0.05
2497415.536,124982.4552,50000000,100,0.05
2493559.223,114518.0412,50000000,100,0.05
2488462.143,143503.6607,49999880,140,0.05
2491581.802,155459.5073,49999880,140,0.05
2502037.634,150484.5969,49999880,140,0.05
2498512.712,140072.6177,49999880,140,0.05
2502317.674,196372.2299,49999880,140,0.05
2496069.349,135132.4252,49999880,140,0.05
2500365.481,164188.3601,49999880,140,0.05
2506881.82,181471.1639,49999880,140,0.05
2498433.775,147578.0282,49999880,140,0.05
2501879.975,150194.7589,49999880,140,0.05
2502594.325,184748.295,49999880,140,0.05
2493075.481,148349.965,49999880,140,0.05
2480306.246,158075.2092,49999880,140,0.05
2484018.901,135146.8766,49999880,140,0.05
2508980.263,149049.6898,49999880,140,0.05
2502240.14,166486.0152,49999880,140,0.05
2493120.809,131724.927,49999880,140,0.05
2503567.473,130770.6021,49999880,140,0.05
2504058.335,140873.5413,49999880,140,0.05
2503457.778,162712.4288,49999880,140,0.05
2500135.775,166566.452,49999880,140,0.05
2499169.365,152119.4291,49999880,140,0.05
2494866.171,160347.8019,49999880,140,0.05
2505691.871,162007.2636,49999880,140,0.05
2503071.532,153349.1296,49999880,140,0.05
2502719.722,141074.5033,49999880,140,0.05
2499227.371,194327.2748,49999880,140,0.05
2504561.798,141760.8715,49999880,140,0.05
2499745.554,155218.3461,49999880,140,0.05
2492293.729,142511.1197,49999880,140,0.05
2504419.329,164338.6401,49999880,140,0.05
2493337.323,160365.9347,49999880,140,0.05
2498714.354,154544.4269,49999880,140,0.05
2497797.959,173650.4475,49999880,140,0.05
2503321.275,150743.0366,49999880,140,0.05
2507303.781,173645.5545,49999880,140,0.05
2501620.389,156538.545,49999880,140,0.05
2496733.077,164405.1098,49999880,140,0.05
2498672.892,168627.383,49999880,140,0.05
2486190.083,143619.6533,49999880,140,0.05
2493890.244,155299.2245,49999880,140,0.05
2493441.69,174869.1495,49999880,140,0.05
2498541.502,138312.7344,49999880,140,0.05
2503856.331,171746.8844,49999880,140,0.05
2491012.078,151200.6549,49999880,140,0.05
2500721.349,146690.1613,49999880,140,0.05
2498910.934,143453.7808,49999880,140,0.05
2492952.151,172245.6796,49999880,140,0.05
2503794.539,162405.0103,49999880,140,0.05
2505805.419,153004.5952,49999880,140,0.05
2505093.234,172151.9043,49999880,140,0.05
2492702.047,146299.9004,49999880,140,0.05
2503543.943,163529.5765,49999880,140,0.05
2506377.005,168130.9815,49999880,140,0.05
2500274.034,162428.6929,49999880,140,0.05
2500073.443,156700.3658,49999880,140,0.05
2498229.844,168992.4942,49999880,140,0.05
2505860.925,136343.5567,49999880,140,0.05
2493919.037,171127.578,49999880,140,0.05
2503031.344,155415.8103,49999880,140,0.05
2510481.383,179438.7269,49999880,140,0.05
2499564.673,169826.9985,49999880,140,0.05
2510465.964,154230.8807,49999880,140,0.05
2500620.624,157448.9109,49999880,140,0.05
2500009.549,194389.2906,49999880,140,0.05
2510383.333,148402.9252,49999880,140,0.05
2498249.639,152417.2799,49999880,140,0.05
2507476.833,166202.6512,49999880,140,0.05
2498775.091,141614.7223,49999880,140,0.05
2495207.929,136912.7294,49999880,140,0.05
2506124.573,164070.7946,49999880,140,0.05
2485810.646,151010.1211,49999880,140,0.05
2487542.778,169678.7189,49999880,140,0.05
2499761.583,152374.2089,49999880,140,0.05
2499461.022,147881.4636,49999880,140,0.05
2501875.051,148421.5183,49999880,140,0.05
2502322.038,161886.7009,49999880,140,0.05
2497619.664,157841.4363,49999880,140,0.05
2486423.538,150117.9489,49999880,140,0.05
2500645.239,164054.6684,49999880,140,0.05
2501464.086,170435.8173,49999880,140,0.05
2489947.075,144383.9045,49999880,140,0.05
2487356.229,138309.1511,49999880,140,0.05
2512681.055,161261.0912,49999880,140,0.05
2492742.634,150316.7605,49999880,140,0.05
2510306.489,167994.9032,49999880,140,0.05
2498146.238,155554.5018,49999880,140,0.05
2503898.483,151366.5586,49999880,140,0.05
2503542.689,163803.3785,49999880,140,0.05
2487635.365,160730.9877,49999880,140,0.05
2499060.705,154875.2571,49999880,140,0.05
2500074.025,197528.3027,49999880,140,0.05
2505834.58,146448.9101,49999880,140,0.05
2497480.518,166593.6914,49999880,140,0.05
2506112.963,162897.2424,49999880,140,0.05
2497272.684,148540.5973,49999880,140,0.05
2494398.395,166291.4111,49999880,140,0.05
2501725.73,157750.7653,49999880,140,0.05
2505416.113,171719.7453,49999880,140,0.05
2498190.165,160446.4668,49999880,140,0.05
2501390.865,226463.5842,49999950,210,0.05
2502276.487,216145.0818,49999950,210,0.05
2507228.854,202968.7104,49999950,210,0.05
2495931.648,215987.6892,49999950,210,0.05
2497839.11,251866.0655,49999950,210,0.05
2500553.34,218515.1414,49999950,210,0.05
2497757.41,202068.2671,49999950,210,0.05
2509120.353,210381.2007,49999950,210,0.05
2498626.594,253881.7418,49999950,210,0.05
2494078.291,245956.9367,49999950,210,0.05
2479628.842,235129.8555,49999950,210,0.05
2495493.509,216447.4628,49999950,210,0.05
2506357.797,238529.3508,49999950,210,0.05
2505582.341,263201.6403,49999950,210,0.05
2499319.931,211048.265,49999950,210,0.05
2488149.47,223743.1531,49999950,210,0.05
2498514.828,223280.9851,49999950,210,0.05
2504661.393,227441.0337,49999950,210,0.05
2489420.718,234132.7535,49999950,210,0.05
2498748.634,222796.8424,49999950,210,0.05
2497293.123,226281.8826,49999950,210,0.05
2496826.542,253748.878,49999950,210,0.05
2504075.9,216492.6647,49999950,210,0.05
2506242.913,260193.5162,49999950,210,0.05
2502054.612,238749.4591,49999950,210,0.05
2505805.816,245182.9413,49999950,210,0.05
2498948.333,231520.8084,49999950,210,0.05
2494071.455,252903.5584,49999950,210,0.05
2504366.829,237324.144,49999950,210,0.05
2498903.439,228082.5408,49999950,210,0.05
2497226.69,243739.3509,49999950,210,0.05
2495443.223,215306.8048,49999950,210,0.05
2497783.285,242884.2709,49999950,210,0.05
2503852.989,243745.4446,49999950,210,0.05
2500427.82,214282.1616,49999950,210,0.05
2501209.355,236736.8366,49999950,210,0.05
2497718.721,241860.6908,49999950,210,0.05
2494867.999,221930.8422,49999950,210,0.05
2502590.032,225799.5401,49999950,210,0.05
2502741.408,228309.4589,49999950,210,0.05
2496178.811,229472.6679,49999950,210,0.05
2505213.089,243645.8916,49999950,210,0.05
2496240.636,254554.0446,49999950,210,0.05
2499933.191,248438.7329,49999950,210,0.05
2495112.468,255961.1624,49999950,210,0.05
2501424.481,226667.7733,49999950,210,0.05
2498309.67,223206.6385,49999950,210,0.05
2499652.016,235128.5543,49999950,210,0.05
2499389.103,245754.7482,49999950,210,0.05
2498358.075,226493.6115,49999950,210,0.05
2492543.062,233791.0895,49999950,210,0.05
2493412.554,257852.9794,49999950,210,0.05
2496324.99,207639.3939,49999950,210,0.05
2498539.363,242179.3303,49999950,210,0.05
2499551.13,237315.7058,49999950,210,0.05
2502678.961,229349.965,49999950,210,0.05
2495913.411,231968.9989,49999950,210,0.05
2496747.056,237523.5902,49999950,210,0.05
2502172.625,220272.3832,49999950,210,0.05
2500189.898,207279.1991,49999950,210,0.05
2490363.498,267533.0665,49999950,210,0.05
2500752.101,210920.2982,49999950,210,0.05
2497234.23,224332.8684,49999950,210,0.05
2497333.58,224552.0261,49999950,210,0.05
2495268.399,239326.478,49999950,210,0.05
2497824.674,225809.5008,49999950,210,0.05
2513443.579,226689.8505,49999950,210,0.05
2498639.526,235147.923,49999950,210,0.05
2502302.153,236946.2172,49999950,210,0.05
2492390.896,238602.5208,49999950,210,0.05
2498290.969,213797.0383,49999950,210,0.05
2492228.07,227527.5696,49999950,210,0.05
2504739.674,262083.7118,49999950,210,0.05
2497870.276,232395.3762,49999950,210,0.05
2498966.158,229060.3687,49999950,210,0.05
2498352.964,262485.7783,49999950,210,0.05
2508548.013,220005.1238,49999950,210,0.05
2495489.728,242070.5436,49999950,210,0.05
2505837.664,224234.1887,49999950,210,0.05
2498892.167,210502.9455,49999950,210,0.05
2498573.932,246037.1686,49999950,210,0.05
2495696.83,245917.666,49999950,210,0.05
2501952.479,201092.2744,49999950,210,0.05
2503811.316,209661.9858,49999950,210,0.05
2499257.792,265765.5906,49999950,210,0.05
2498131.297,228331.1712,49999950,210,0.05
2491532.023,212150.3513,49999950,210,0.05
2508367.63,235097.4858,49999950,210,0.05
2491722.409,229729.6177,49999950,210,0.05
2510251.863,228536.9057,49999950,210,0.05
2511033.46,255422.2037,49999950,210,0.05
2502221.223,211339.3838,49999950,210,0.05
2503028.677,257464.8339,49999950,210,0.05
2491923.981,224243.4537,49999950,210,0.05
2490398.834,231216.2388,49999950,210,0.05
2505408.75,234774.6342,49999950,210,0.05
2496488.863,234403.4216,49999950,210,0.05
2508873.388,233777.7071,49999950,210,0.05
2497327.271,236020.2712,49999950,210,0.05
2501555.623,237523.7953,49999950,210,0.05
2495187.474,360883.0301,49999950,350,0.05
2498847.137,359027.1745,49999950,350,0.05
2498064.253,357222.0813,49999950,350,0.05
2497560.835,378491.6133,49999950,350,0.05
2499368.304,356670.2049,49999950,350,0.05
2496777.079,363333.2236,49999950,350,0.05
2493763.662,384547.7203,49999950,350,0.05
2505782.551,365702.6283,49999950,350,0.05
2503336.446,367511.3572,49999950,350,0.05
2499086,414438.5044,49999950,350,0.05
2499733.157,363914.0017,49999950,350,0.05
2495151.696,344335.4883,49999950,350,0.05
2503109.822,368758.8673,49999950,350,0.05
2500023.412,340469.2674,49999950,350,0.05
2507014.905,382634.1848,49999950,350,0.05
2498739.408,333334.8142,49999950,350,0.05
2503430.41,385703.3091,49999950,350,0.05
2507511.184,373510.008,49999950,350,0.05
2498503.296,342362.26,49999950,350,0.05
2501242.993,386679.105,49999950,350,0.05
2504286.78,379668.2189,49999950,350,0.05
2500096.467,323701.6484,49999950,350,0.05
2501236.397,323146.6352,49999950,350,0.05
2495672.329,374749.6666,49999950,350,0.05
2499923.715,372934.8714,49999950,350,0.05
2494838.275,355960.9801,49999950,350,0.05
2498389.153,372449.941,49999950,350,0.05
2501293.241,394667.5824,49999950,350,0.05
2501877.154,327263.9835,49999950,350,0.05
2502389.435,380443.9995,49999950,350,0.05
2497916.129,327880.978,49999950,350,0.05
2492664.349,369064.6786,49999950,350,0.05
2503776.919,403316.1337,49999950,350,0.05
2500981.125,376845.0825,49999950,350,0.05
2498219.492,352714.6809,49999950,350,0.05
2498417.789,393988.8942,49999950,350,0.05
2495788.541,339659.287,49999950,350,0.05
2502586.376,382662.3593,49999950,350,0.05
2502732.531,346386.0652,49999950,350,0.05
2502737.497,378197.9248,49999950,350,0.05
2495511.718,352313.2189,49999950,350,0.05
2500479.833,337126.4067,49999950,350,0.05
2501174.264,365756.706,49999950,350,0.05
2501041.166,380819.6274,49999950,350,0.05
2497012.542,350202.5499,49999950,350,0.05
2496912.819,334229.3678,49999950,350,0.05
2494386.638,373751.4233,49999950,350,0.05
2490930.431,360564.7093,49999950,350,0.05
2509370.23,399946.1391,49999950,350,0.05
2497745.191,384473.914,49999950,350,0.05
2503419.665,366711.2509,49999950,350,0.05
2499212.741,378021.8056,49999950,350,0.05
2500942.738,356327.2665,49999950,350,0.05
2493395.737,391047.6231,49999950,350,0.05
2504530.032,370158.3701,49999950,350,0.05
2498197.291,380867.5703,49999950,350,0.05
2500306.251,367042.803,49999950,350,0.05
2495859.525,349627.6349,49999950,350,0.05
2502057.455,385072.2068,49999950,350,0.05
2493500.1,397561.9431,49999950,350,0.05
2501737.566,377324.2718,49999950,350,0.05
2492302.014,363634.7876,49999950,350,0.05
2499376.463,383334.7513,49999950,350,0.05
2505309.402,347922.6617,49999950,350,0.05
2509574.182,420690.5277,49999950,350,0.05
2497380.742,354370.3317,49999950,350,0.05
2502059.115,364366.6221,49999950,350,0.05
2493110.95,357374.1409,49999950,350,0.05
2496441.681,364080.7098,49999950,350,0.05
2496393.445,348625.102,49999950,350,0.05
2497356.215,348701.305,49999950,350,0.05
2503241.945,306700.8937,49999950,350,0.05
2502543.866,383085.8466,49999950,350,0.05
2501297.115,374644.639,49999950,350,0.05
2498030.42,349784.9818,49999950,350,0.05
2504198.082,346997.776,49999950,350,0.05
2506030.179,383067.7811,49999950,350,0.05
2501647.447,410543.1426,49999950,350,0.05
2500371.967,382274.6299,49999950,350,0.05
2496523.049,375514.4909,49999950,350,0.05
2501039.833,341522.8324,49999950,350,0.05
2497341.36,348382.3875,49999950,350,0.05
2490977.543,347708.3979,49999950,350,0.05
2500139.197,334431.022,49999950,350,0.05
2503604.05,359428.7217,49999950,350,0.05
2506504.738,357699.3297,49999950,350,0.05
2489574.55,347476.5066,49999950,350,0.05
2511134.936,332507.8043,49999950,350,0.05
2509645.29,346001.5663,49999950,350,0.05
2500703.331,344422.1181,49999950,350,0.05
2498218.78,369057.8705,49999950,350,0.05
2505189.33,315317.2999,49999950,350,0.05
2493892.155,337514.3173,49999950,350,0.05
2498110.996,364284.7957,49999950,350,0.05
2496650.827,380124.184,49999950,350,0.05
2495884.992,347562.3542,49999950,350,0.05
2502980.15,361522.2018,49999950,350,0.05
2500719.257,384345.178,49999950,350,0.05
2505508.768,329747.0369,49999950,350,0.05
2504950.126,334447.7802,49999950,350,0.05
2501115.356,497341.3578,50000000,500,0.05
2496281.244,501990.47,50000000,500,0.05
2501208.439,488723.9944,50000000,500,0.05
2491884.963,502370.6184,50000000,500,0.05
2502513.626,533010.3011,50000000,500,0.05
2496555.872,504533.5853,50000000,500,0.05
2502718.34,485245.9541,50000000,500,0.05
2498511.141,437009.4017,50000000,500,0.05
2503558.506,478049.0862,50000000,500,0.05
2503995.718,523326.5669,50000000,500,0.05
2496354.769,489502.5254,50000000,500,0.05
2503103.543,472311.3658,50000000,500,0.05
2505217.972,529664.1577,50000000,500,0.05
2503287.867,492556.2396,50000000,500,0.05
2498821.593,477508.116,50000000,500,0.05
2499083.864,512980.6647,50000000,500,0.05
2498434.093,482007.2047,50000000,500,0.05
2498539.153,475893.317,50000000,500,0.05
2499588.631,491103.371,50000000,500,0.05
2500154.264,514498.7633,50000000,500,0.05
2507228.842,479524.0736,50000000,500,0.05
2498189.685,496495.8871,50000000,500,0.05
2503168.684,520436.9606,50000000,500,0.05
2500608.789,470588.517,50000000,500,0.05
2495908.2,485726.0764,50000000,500,0.05
2505352.373,453473.2552,50000000,500,0.05
2505359.695,477585.3733,50000000,500,0.05
2500199.656,477136.6368,50000000,500,0.05
2492404.96,555998.0993,50000000,500,0.05
2493906.118,473862.078,50000000,500,0.05
2498800.855,514383.3668,50000000,500,0.05
2497088.797,441475.1614,50000000,500,0.05
2498470.05,526225.7667,50000000,500,0.05
2498249.509,480348.46,50000000,500,0.05
2499437.024,473665.7894,50000000,500,0.05
2498843.9,516706.2605,50000000,500,0.05
2503442.852,477639.9334,50000000,500,0.05
2509088.468,448761.636,50000000,500,0.05
2499620.554,531168.0931,50000000,500,0.05
2500057.842,499507.2733,50000000,500,0.05
2501280.049,501214.7653,50000000,500,0.05
2507383.606,481277.8999,50000000,500,0.05
2507877.327,509536.8903,50000000,500,0.05
2498431.666,480624.5391,50000000,500,0.05
2494058.632,455023.3433,50000000,500,0.05
2500732.029,510560.1388,50000000,500,0.05
2508514.522,516712.3996,50000000,500,0.05
2496674.623,459077.1153,50000000,500,0.05
2505231.346,468259.3306,50000000,500,0.05
2499032.21,480547.4832,50000000,500,0.05
2501495.579,473849.835,50000000,500,0.05
2503625.639,468028.3499,50000000,500,0.05
2491602.959,496739.0823,50000000,500,0.05
2500496.949,507564.6559,50000000,500,0.05
2503136.081,443605.4281,50000000,500,0.05
2495024.02,462686.5696,50000000,500,0.05
2505338.923,492352.5169,50000000,500,0.05
2499432.2,467842.1906,50000000,500,0.05
2502901.84,478911.3978,50000000,500,0.05
2503463.181,485578.1586,50000000,500,0.05
2502610.75,498552.229,50000000,500,0.05
2500627.467,445275.5539,50000000,500,0.05
2499401.326,456681.9792,50000000,500,0.05
2497422.304,506497.8049,50000000,500,0.05
2500450.901,520091.1481,50000000,500,0.05
2499999.096,457347.384,50000000,500,0.05
2503048.558,441551.5689,50000000,500,0.05
2507650.393,449371.5319,50000000,500,0.05
2504523.131,521342.8613,50000000,500,0.05
2496566.385,481212.3146,50000000,500,0.05
2497185.873,507457.6363,50000000,500,0.05
2496391.728,469597.9488,50000000,500,0.05
2495164.528,479647.8517,50000000,500,0.05
2504117.909,513901.2679,50000000,500,0.05
2501910.591,458590.357,50000000,500,0.05
2504703.284,475385.2396,50000000,500,0.05
2504534.442,498811.9438,50000000,500,0.05
2500848.406,473102.0001,50000000,500,0.05
2498939.99,501307.6085,50000000,500,0.05
2504223.618,557642.6881,50000000,500,0.05
2499802.182,502003.6439,50000000,500,0.05
2500035.194,535747.9187,50000000,500,0.05
2497205.334,443473.4097,50000000,500,0.05
2500425.252,484542.3219,50000000,500,0.05
2502206.066,503156.0558,50000000,500,0.05
2500091.154,452623.9928,50000000,500,0.05
2496743.71,468334.7088,50000000,500,0.05
2497990.934,537235.0582,50000000,500,0.05
2493663.008,454531.0187,50000000,500,0.05
2499459.933,510470.0766,50000000,500,0.05
2501752.471,485115.4039,50000000,500,0.05
2505440.641,485119.1395,50000000,500,0.05
2499632.553,498441.4177,50000000,500,0.05
2502287.313,470197.1463,50000000,500,0.05
2504278.634,516734.2578,50000000,500,0.05
2496575.238,471262.0747,50000000,500,0.05
2502249.44,479994.3678,50000000,500,0.05
2498413.546,486880.7811,50000000,500,0.05
2499742.434,523482.4119,50000000,500,0.05
2499490.6,476537.522,50000000,500,0.05
5032592.752,13171.39035,50000000,10,0.1
5023593.461,11330.94236,50000000,10,0.1
4977718.396,8998.924879,50000000,10,0.1
5044203.216,15999.91119,50000000,10,0.1
5031178.872,9292.289679,50000000,10,0.1
5003473.431,7473.509315,50000000,10,0.1
4992778.85,14503.01181,50000000,10,0.1
5008369.23,11336.81861,50000000,10,0.1
4998958.789,14733.64061,50000000,10,0.1
4965838.453,7844.070561,50000000,10,0.1
4996070.419,8167.349066,50000000,10,0.1
4966477.182,12250.25621,50000000,10,0.1
5032448.988,12578.39846,50000000,10,0.1
5007638.031,26492.49214,50000000,10,0.1
5028819.589,13065.65069,50000000,10,0.1
4977078.121,7058.095145,50000000,10,0.1
5018224.97,10374.1063,50000000,10,0.1
4997812.66,13768.67334,50000000,10,0.1
5048241.259,12310.38983,50000000,10,0.1
4912271.353,21266.57524,50000000,10,0.1
4916496.611,34544.70922,50000000,10,0.1
4915769.355,11930.569,50000000,10,0.1
4987711.228,9056.800219,50000000,10,0.1
5007208.863,12460.1523,50000000,10,0.1
4963563.068,7541.792558,50000000,10,0.1
4957791.744,10025.88317,50000000,10,0.1
4983432.292,9598.096769,50000000,10,0.1
4990638.331,29820.8999,50000000,10,0.1
5040057.151,8878.810623,50000000,10,0.1
4984251.702,8689.463279,50000000,10,0.1
5064528.357,12133.01837,50000000,10,0.1
5025957.443,11295.70435,50000000,10,0.1
5088081.709,20910.67953,50000000,10,0.1
4966780.79,9547.249674,50000000,10,0.1
4919944.23,15246.29951,50000000,10,0.1
5004571.887,11258.72707,50000000,10,0.1
5029390.912,13080.63683,50000000,10,0.1
4921534.099,21912.69205,50000000,10,0.1
5038748.098,12820.01874,50000000,10,0.1
4953227.488,13937.23217,50000000,10,0.1
4968972.866,11136.43185,50000000,10,0.1
5014173.006,15384.24401,50000000,10,0.1
4974716.629,8512.49233,50000000,10,0.1
5020033.071,15347.99562,50000000,10,0.1
5069784.971,15599.42702,50000000,10,0.1
5012449.344,9829.077657,50000000,10,0.1
5040152.977,13868.75409,50000000,10,0.1
4960384.54,13437.26803,50000000,10,0.1
5008504.475,18281.23745,50000000,10,0.1
5003864.724,17859.88946,50000000,10,0.1
4910733.724,13768.35043,50000000,10,0.1
4976584.274,8590.466431,50000000,10,0.1
4975205.657,16539.00047,50000000,10,0.1
4969153.278,24145.56004,50000000,10,0.1
5017915.593,12897.1321,50000000,10,0.1
4980944.457,13308.53992,50000000,10,0.1
4962414.072,10691.52563,50000000,10,0.1
5024434.811,8994.132585,50000000,10,0.1
4977485.955,11019.66157,50000000,10,0.1
5007620.783,18887.34349,50000000,10,0.1
5043829.166,7949.367047,50000000,10,0.1
4953443.311,12077.65453,50000000,10,0.1
5005606.942,10330.29015,50000000,10,0.1
4905220.054,14766.06122,50000000,10,0.1
4997766.394,8857.993652,50000000,10,0.1
4987634.342,24037.59415,50000000,10,0.1
5013513.764,18181.92234,50000000,10,0.1
5031445.877,12206.78599,50000000,10,0.1
5036268.263,11752.70075,50000000,10,0.1
5025365.26,13542.10766,50000000,10,0.1
4998083.643,19211.8305,50000000,10,0.1
5067622.654,14477.69452,50000000,10,0.1
5000088.076,7283.226009,50000000,10,0.1
5047097.78,14902.46631,50000000,10,0.1
4964613.15,8929.962127,50000000,10,0.1
4944672.597,13682.19443,50000000,10,0.1
5007372.988,7398.154579,50000000,10,0.1
5001138.03,11337.88186,50000000,10,0.1
4951170.598,10135.13186,50000000,10,0.1
5077787.03,14092.22887,50000000,10,0.1
5000666.191,8831.094291,50000000,10,0.1
4965952.752,7501.527216,50000000,10,0.1
5005467.176,9257.194414,50000000,10,0.1
4943178.397,14026.41597,50000000,10,0.1
5035393.231,13343.85947,50000000,10,0.1
5039999.468,16628.87651,50000000,10,0.1
5019839.374,12789.94458,50000000,10,0.1
4998757.711,9528.705372,50000000,10,0.1
4974653.665,15466.03709,50000000,10,0.1
5079446.192,15449.01299,50000000,10,0.1
4948739.502,14195.27107,50000000,10,0.1
5069041.729,12479.46123,50000000,10,0.1
5018853.849,11217.18852,50000000,10,0.1
4980251.235,8844.468807,50000000,10,0.1
4932661.943,10325.8581,50000000,10,0.1
5082881.242,8296.905399,50000000,10,0.1
5011367.968,8210.867551,50000000,10,0.1
5026032.207,14675.48328,50000000,10,0.1
4900581.192,9412.813671,50000000,10,0.1
5026990.263,13122.69785,50000000,10,0.1
4991649.075,27225.42288,50000000,20,0.1
4944279.725,16659.67946,50000000,20,0.1
5069683.641,29077.74076,50000000,20,0.1
5001684.132,20166.8901,50000000,20,0.1
4966412.836,17925.76318,50000000,20,0.1
4959138.476,34783.92468,50000000,20,0.1
4973282.368,25949.53017,50000000,20,0.1
5004327.599,25700.96969,50000000,20,0.1
5051061.975,41324.90634,50000000,20,0.1
5049192.188,26410.18842,50000000,20,0.1
5007023.608,30886.0419,50000000,20,0.1
4965724.072,25078.56332,50000000,20,0.1
5040723.308,26503.43119,50000000,20,0.1
5023348.205,32916.85145,50000000,20,0.1
4995784.666,24661.8307,50000000,20,0.1
5047696.472,20157.93427,50000000,20,0.1
5009554.003,31381.10773,50000000,20,0.1
5018728.265,28733.22966,50000000,20,0.1
4956967.112,35068.74971,50000000,20,0.1
4974779.684,37700.47752,50000000,20,0.1
5001580.712,25706.60838,50000000,20,0.1
5005089.469,17679.79761,50000000,20,0.1
4990615.958,26535.60744,50000000,20,0.1
5066165.161,24691.62641,50000000,20,0.1
5040526.372,27636.65007,50000000,20,0.1
5024872.065,18676.40987,50000000,20,0.1
5065751.785,39492.57184,50000000,20,0.1
5008084.753,25342.90762,50000000,20,0.1
4997700.932,22025.94911,50000000,20,0.1
5023362.228,23561.2602,50000000,20,0.1
4980779.532,22988.2355,50000000,20,0.1
5012291.905,25935.19384,50000000,20,0.1
4931863.607,22242.91579,50000000,20,0.1
4978892.417,20906.42775,50000000,20,0.1
5033477.03,24775.11511,50000000,20,0.1
4963851.079,32980.4316,50000000,20,0.1
4989583.813,18863.88779,50000000,20,0.1
4967156.673,36717.2417,50000000,20,0.1
5035725.712,31163.60991,50000000,20,0.1
5023295.027,27015.56217,50000000,20,0.1
5013486.04,29016.17235,50000000,20,0.1
5047107.378,41904.03301,50000000,20,0.1
4982117.191,24147.34033,50000000,20,0.1
5017470.387,24878.48752,50000000,20,0.1
4979984.341,21699.55076,50000000,20,0.1
5008905.678,22638.99691,50000000,20,0.1
4976031.518,26557.04298,50000000,20,0.1
5009173.924,26979.77535,50000000,20,0.1
4981806.912,21423.10605,50000000,20,0.1
5007657.066,21241.11337,50000000,20,0.1
5078150.9,42853.66326,50000000,20,0.1
5009309.17,37655.85046,50000000,20,0.1
4996029.343,26987.64977,50000000,20,0.1
5003288.235,21217.13725,50000000,20,0.1
4985477.245,20739.16516,50000000,20,0.1
4974864.459,18566.52661,50000000,20,0.1
5056678.663,28356.46019,50000000,20,0.1
4975204.79,31412.73403,50000000,20,0.1
5009489.645,31528.80585,50000000,20,0.1
4955044.685,29637.21768,50000000,20,0.1
4980007.327,25578.39537,50000000,20,0.1
4963587.021,32693.98686,50000000,20,0.1
4958460.227,26309.52245,50000000,20,0.1
4972331.938,29853.10089,50000000,20,0.1
4994522.227,23496.15849,50000000,20,0.1
4983362.11,25649.41877,50000000,20,0.1
4995175.523,22371.78206,50000000,20,0.1
4975618.43,25689.97072,50000000,20,0.1
4986889.38,25453.31631,50000000,20,0.1
5036608.129,23415.56357,50000000,20,0.1
5013922.741,26645.35143,50000000,20,0.1
4988373.635,24337.40824,50000000,20,0.1
4997037.878,19895.21058,50000000,20,0.1
4933596.213,50675.71902,50000000,20,0.1
4998655.56,22693.62121,50000000,20,0.1
5031280.225,26867.57932,50000000,20,0.1
5045868.182,24613.43987,50000000,20,0.1
5046368.81,19914.62801,50000000,20,0.1
5016173.86,24260.30072,50000000,20,0.1
4992133.245,29858.31877,50000000,20,0.1
5047323.267,35556.561,50000000,20,0.1
4991933.555,23119.93664,50000000,20,0.1
4994215.644,45746.48646,50000000,20,0.1
4962108.67,32892.61714,50000000,20,0.1
4971660.3,27260.22448,50000000,20,0.1
4974334.992,23079.59197,50000000,20,0.1
5058219.166,23896.18763,50000000,20,0.1
4969905.667,24510.61567,50000000,20,0.1
4951108.109,24009.55013,50000000,20,0.1
4987559.873,23527.28672,50000000,20,0.1
5016610.571,29204.02143,50000000,20,0.1
4984294.418,22624.76718,50000000,20,0.1
5018370.595,23771.54727,50000000,20,0.1
5016968.9,27736.8169,50000000,20,0.1
5006942.57,22431.99026,50000000,20,0.1
5011148.007,21106.40882,50000000,20,0.1
5095530.465,26503.26304,50000000,20,0.1
4971849.43,25539.07493,50000000,20,0.1
5006687.144,18227.60975,50000000,20,0.1
4980586.419,21900.07198,50000000,20,0.1
4998477.045,35152.25432,49999980,30,0.1
5018949.937,40322.92907,49999980,30,0.1
4974638.665,34330.67373,49999980,30,0.1
5060941.531,45378.85308,49999980,30,0.1
5013809.349,32628.24178,49999980,30,0.1
5002838.695,29708.31826,49999980,30,0.1
5015920.637,36675.25542,49999980,30,0.1
4997401.708,35362.56721,49999980,30,0.1
4976626.897,39116.02158,49999980,30,0.1
4975380.721,40097.41934,49999980,30,0.1
5019178.062,36230.87302,49999980,30,0.1
4958095.068,32771.27892,49999980,30,0.1
4982753.008,27799.82405,49999980,30,0.1
4970815.241,33996.1384,49999980,30,0.1
4968549.044,36788.25099,49999980,30,0.1
5046616.657,31482.3493,49999980,30,0.1
4975674.595,32986.20993,49999980,30,0.1
4955274.292,34939.90149,49999980,30,0.1
5001327.665,30788.99481,49999980,30,0.1
4991624.314,31767.59649,49999980,30,0.1
5024642.152,41958.48259,49999980,30,0.1
4990183.162,37720.80356,49999980,30,0.1
5004394.84,38775.09039,49999980,30,0.1
4986193.207,32560.57974,49999980,30,0.1
4977787.297,41748.72592,49999980,30,0.1
5007222.922,35425.31647,49999980,30,0.1
4988805.714,31192.81842,49999980,30,0.1
4977097.078,44415.73326,49999980,30,0.1
5000689.732,42308.42072,49999980,30,0.1
4954232.281,50808.73488,49999980,30,0.1
5036221.29,50161.81193,49999980,30,0.1
5012463.648,35086.11297,49999980,30,0.1
4982978.435,43120.36106,49999980,30,0.1
5022675.192,30455.38578,49999980,30,0.1
5015579.998,36987.11992,49999980,30,0.1
4951351.882,33216.02032,49999980,30,0.1
4978756.936,47355.30748,49999980,30,0.1
5003094.114,39578.83309,49999980,30,0.1
5011521.044,50580.54505,49999980,30,0.1
5056047.013,32705.65377,49999980,30,0.1
4983985.8,40313.73412,49999980,30,0.1
4961433.601,33116.62188,49999980,30,0.1
4979865.431,37065.79407,49999980,30,0.1
4969350.265,42610.03828,49999980,30,0.1
5005141.031,28695.52573,49999980,30,0.1
5035490.166,47020.30476,49999980,30,0.1
5027394.681,33257.95768,49999980,30,0.1
4933161.704,43468.76923,49999980,30,0.1
4986628.814,43998.31293,49999980,30,0.1
4933855.213,35566.35632,49999980,30,0.1
5017643.128,31910.52014,49999980,30,0.1
4960317.069,33136.475,49999980,30,0.1
4973053.59,37459.52473,49999980,30,0.1
4978368.721,32343.49601,49999980,30,0.1
5026829.255,39879.53893,49999980,30,0.1
5053714.26,44973.64056,49999980,30,0.1
4993624.189,42688.57201,49999980,30,0.1
5024117.326,29922.23025,49999980,30,0.1
4997234.082,36809.55301,49999980,30,0.1
4974961.852,40740.55723,49999980,30,0.1
5038371.526,35798.14231,49999980,30,0.1
5023919.046,42619.26133,49999980,30,0.1
5031384.671,32168.99322,49999980,30,0.1
5004231.989,33075.78722,49999980,30,0.1
5004550.414,34318.75095,49999980,30,0.1
5002656.807,36957.49442,49999980,30,0.1
4984483.528,44237.09176,49999980,30,0.1
5018924.785,57829.67724,49999980,30,0.1
4967475.373,33653.13075,49999980,30,0.1
5027551.821,37767.26735,49999980,30,0.1
4977296.826,42359.12775,49999980,30,0.1
4979374.094,36512.29075,49999980,30,0.1
5026094.785,37629.6339,49999980,30,0.1
5020441.022,41461.80788,49999980,30,0.1
5007096.209,34320.60643,49999980,30,0.1
4977757.446,35869.97754,49999980,30,0.1
4967753.925,43395.96875,49999980,30,0.1
4997552.483,54262.48055,49999980,30,0.1
5026117.488,30642.85566,49999980,30,0.1
5042709.016,39373.87824,49999980,30,0.1
4985351.814,36186.71527,49999980,30,0.1
5006000.255,30322.73904,49999980,30,0.1
4999137.627,35553.16268,49999980,30,0.1
5010855.558,25261.3029,49999980,30,0.1
4993610.504,37418.6537,49999980,30,0.1
4994000.728,32885.24308,49999980,30,0.1
5005896.901,41401.61367,49999980,30,0.1
5018676.089,38498.6453,49999980,30,0.1
5019957.427,40197.00597,49999980,30,0.1
4993995.439,34850.98188,49999980,30,0.1
4994323.132,42512.29341,49999980,30,0.1
4964785.42,46729.63048,49999980,30,0.1
5006588.682,38074.04263,49999980,30,0.1
5048431.134,35267.80683,49999980,30,0.1
5000922.974,37604.01641,49999980,30,0.1
5005101.352,37546.83161,49999980,30,0.1
4983671.994,39407.08502,49999980,30,0.1
5001771.731,47977.25108,49999980,30,0.1
5013627.172,44310.14019,49999980,30,0.1
4999405.487,33159.65849,49999980,30,0.1
4953970.25,43859.36921,50000000,40,0.1
5000033.768,51904.29591,50000000,40,0.1
5023333.378,37154.25649,50000000,40,0.1
5014947.936,42639.13752,50000000,40,0.1
5064274.095,59002.48001,50000000,40,0.1
4998576.76,52239.37365,50000000,40,0.1
5026886.715,45700.6739,50000000,40,0.1
5018898.51,63302.98349,50000000,40,0.1
4986002.413,48594.02835,50000000,40,0.1
5012699.492,63839.30051,50000000,40,0.1
5036730.612,65492.82718,50000000,40,0.1
5004117.356,38843.57952,50000000,40,0.1
4974803.265,62264.34316,50000000,40,0.1
5023527.604,48820.36851,50000000,40,0.1
4988225.214,48466.23138,50000000,40,0.1
5039641.867,47736.87929,50000000,40,0.1
5001781.442,47435.07788,50000000,40,0.1
5002267.317,55600.19223,50000000,40,0.1
5021163.294,46682.48725,50000000,40,0.1
5004287.218,43806.05657,50000000,40,0.1
4967101.136,45893.48889,50000000,40,0.1
4997125.46,41137.75379,50000000,40,0.1
4984010.336,44061.4271,50000000,40,0.1
5003989.774,37760.68182,50000000,40,0.1
5031775.627,68539.3467,50000000,40,0.1
4997950.652,53452.06566,50000000,40,0.1
4978867.005,54357.54232,50000000,40,0.1
4989878.708,50553.75139,50000000,40,0.1
4975107.681,48428.7556,50000000,40,0.1
4999052.236,55442.61833,50000000,40,0.1
5028272.459,47564.87834,50000000,40,0.1
4990442.954,63099.30059,50000000,40,0.1
5026811.837,60786.91016,50000000,40,0.1
5037715.074,49604.51747,50000000,40,0.1
4965358.798,62300.33779,50000000,40,0.1
4995219.945,46658.27195,50000000,40,0.1
4994795.852,38243.79819,50000000,40,0.1
4957799.334,40685.46277,50000000,40,0.1
5035440.791,52992.72612,50000000,40,0.1
5026761.359,51489.70803,50000000,40,0.1
5007395.673,67379.51236,50000000,40,0.1
4988732.614,42408.68536,50000000,40,0.1
4983202.787,32154.54671,50000000,40,0.1
5040629.935,51789.46115,50000000,40,0.1
5047253.792,50597.75725,50000000,40,0.1
5030835.322,69432.30436,50000000,40,0.1
5000561.663,50881.90316,50000000,40,0.1
5002501.754,58213.74857,50000000,40,0.1
5055419.401,58641.40452,50000000,40,0.1
4990729.319,46405.23715,50000000,40,0.1
5007093.857,39646.25272,50000000,40,0.1
4988356.979,46172.75834,50000000,40,0.1
4988309.902,51324.52684,50000000,40,0.1
5040946.133,55499.2203,50000000,40,0.1
4982459.916,41998.55683,50000000,40,0.1
5006320.855,46143.58315,50000000,40,0.1
5020381.74,48965.48335,50000000,40,0.1
5006194.922,45072.54554,50000000,40,0.1
4990093.845,74976.57204,50000000,40,0.1
4988848.417,45747.24878,50000000,40,0.1
5010639.602,42322.40831,50000000,40,0.1
5030959.757,54703.35038,50000000,40,0.1
5032732.804,43935.86378,50000000,40,0.1
4992506.787,48672.89369,50000000,40,0.1
4964129.976,45829.37194,50000000,40,0.1
5012711.872,60659.60858,50000000,40,0.1
4960186.022,41156.81109,50000000,40,0.1
5011022.461,51860.81004,50000000,40,0.1
5005506.537,48761.06533,50000000,40,0.1
4996154.397,47439.9794,50000000,40,0.1
5011540.861,56707.26008,50000000,40,0.1
4991929.744,53697.43049,50000000,40,0.1
5006494.786,44228.88968,50000000,40,0.1
4996638.504,45476.18731,50000000,40,0.1
4999184.142,58850.45375,50000000,40,0.1
4951432.582,49351.13426,50000000,40,0.1
5002177.785,53673.2186,50000000,40,0.1
4959187.422,48114.71581,50000000,40,0.1
4986035.923,59398.79638,50000000,40,0.1
5007757.397,59217.0719,50000000,40,0.1
5017687.678,34566.47744,50000000,40,0.1
4989773.688,46347.99945,50000000,40,0.1
5020232.899,49707.58606,50000000,40,0.1
5019733.564,41085.27843,50000000,40,0.1
4983952.47,45618.59673,50000000,40,0.1
4990642.647,38012.89189,50000000,40,0.1
4956075.275,39427.02811,50000000,40,0.1
5004752.629,46375.67518,50000000,40,0.1
5030072.268,53761.49771,50000000,40,0.1
4995137.471,48675.08571,50000000,40,0.1
5040895.876,46700.05891,50000000,40,0.1
4977283.364,48044.33844,50000000,40,0.1
4992158.841,51452.22263,50000000,40,0.1
4978634.109,42977.91572,50000000,40,0.1
4996045.337,46182.84861,50000000,40,0.1
4985100.749,53654.41687,50000000,40,0.1
4985223.181,62189.15456,50000000,40,0.1
5009107.12,41391.72287,50000000,40,0.1
5041389.959,51356.28344,50000000,40,0.1
5005921.832,47285.61793,50000000,40,0.1
4971899.934,75850.17647,50000000,50,0.1
4982702.367,73116.13933,50000000,50,0.1
4975705.402,53936.93315,50000000,50,0.1
5017065.121,54985.93458,50000000,50,0.1
5009135.494,45852.1534,50000000,50,0.1
4991619.815,52347.77998,50000000,50,0.1
5048672.036,86370.35782,50000000,50,0.1
4963605.799,61538.41779,50000000,50,0.1
5031391.505,64024.60791,50000000,50,0.1
4994258.945,50131.83833,50000000,50,0.1
5017868.341,49358.58322,50000000,50,0.1
4996697.741,57373.29674,50000000,50,0.1
4991836.346,51269.46534,50000000,50,0.1
4983128.169,47519.80098,50000000,50,0.1
4996882.753,49344.81756,50000000,50,0.1
5012907.717,58563.65782,50000000,50,0.1
5008408.397,65388.98675,50000000,50,0.1
5017401.607,59297.7042,50000000,50,0.1
4990972.581,57186.3931,50000000,50,0.1
5012493.311,71557.81591,50000000,50,0.1
4994726.966,77508.37391,50000000,50,0.1
4985322.013,44990.46061,50000000,50,0.1
5000097.7,54003.25277,50000000,50,0.1
4980352.266,69207.61922,50000000,50,0.1
4984945.006,76909.70531,50000000,50,0.1
5037306.924,63264.17059,50000000,50,0.1
4975782.996,63610.35806,50000000,50,0.1
5011251.166,67540.80062,50000000,50,0.1
5010755.729,54542.03231,50000000,50,0.1
4997185.372,74747.39046,50000000,50,0.1
4981732.084,56220.20963,50000000,50,0.1
5004052.716,60752.77763,50000000,50,0.1
5045773.649,70479.45814,50000000,50,0.1
4990107.101,70346.64475,50000000,50,0.1
5008319.82,60973.94696,50000000,50,0.1
4995023.621,72152.70525,50000000,50,0.1
5019131.984,54211.45979,50000000,50,0.1
5001913.5,65836.89893,50000000,50,0.1
5000937.845,57513.07178,50000000,50,0.1
5006296.169,70058.51226,50000000,50,0.1
5015326.576,53715.03563,50000000,50,0.1
5000026.901,55279.21749,50000000,50,0.1
5021082.254,56999.20427,50000000,50,0.1
5016366.176,66207.50126,50000000,50,0.1
5000179.747,47200.07912,50000000,50,0.1
5031610.722,50238.38957,50000000,50,0.1
4980550.37,75891.4002,50000000,50,0.1
4992054.913,57685.48234,50000000,50,0.1
4958219.023,45794.18411,50000000,50,0.1
4997495.504,55117.74812,50000000,50,0.1
4979621.079,54290.3925,50000000,50,0.1
4999795.065,52418.23362,50000000,50,0.1
4965963.19,61471.66988,50000000,50,0.1
4989718.74,71579.56178,50000000,50,0.1
5000049.032,71786.51182,50000000,50,0.1
5000804.573,64237.56805,50000000,50,0.1
4972433.325,51847.54915,50000000,50,0.1
5016345.319,73128.75331,50000000,50,0.1
4982424.267,46679.83432,50000000,50,0.1
4963834.681,56626.72273,50000000,50,0.1
4960128.6,78774.50323,50000000,50,0.1
5016543.128,64704.0554,50000000,50,0.1
4977247.528,53008.63319,50000000,50,0.1
4983489.401,66640.15778,50000000,50,0.1
5047482.756,63677.07071,50000000,50,0.1
4994835.691,53753.21969,50000000,50,0.1
5044475.813,53845.96354,50000000,50,0.1
4985763.761,60146.22077,50000000,50,0.1
5030046.783,51713.74132,50000000,50,0.1
4992555.344,69367.5918,50000000,50,0.1
5001320.57,65135.64529,50000000,50,0.1
5016826.327,61287.09047,50000000,50,0.1
4974872.088,65639.78519,50000000,50,0.1
5002308.156,64395.844,50000000,50,0.1
4982984.453,69375.60871,50000000,50,0.1
5023820.006,67186.96559,50000000,50,0.1
5030384.88,69058.11529,50000000,50,0.1
4999347.527,54373.54315,50000000,50,0.1
4988181.559,51383.51481,50000000,50,0.1
4991376.589,62968.55851,50000000,50,0.1
4957014.003,64894.9293,50000000,50,0.1
4997300.748,58902.30227,50000000,50,0.1
5036595.181,66769.05584,50000000,50,0.1
4988444.008,57411.41963,50000000,50,0.1
4998145.503,55928.01385,50000000,50,0.1
4969409.218,57330.93237,50000000,50,0.1
4967276.297,68997.33432,50000000,50,0.1
4968667.752,59177.6034,50000000,50,0.1
5007813.477,61489.87103,50000000,50,0.1
4982991.612,54193.09133,50000000,50,0.1
4994482.006,66427.89614,50000000,50,0.1
4949837.033,59314.50326,50000000,50,0.1
5034163.813,58786.32054,50000000,50,0.1
4959341.925,59259.74839,50000000,50,0.1
4998188.509,81258.1971,50000000,50,0.1
5003338.545,60406.09037,50000000,50,0.1
5025543.602,56426.31891,50000000,50,0.1
4990138.981,64665.16011,50000000,50,0.1
4965100.155,68178.84843,50000000,50,0.1
4997748.109,49236.23488,50000000,50,0.1
5003549.286,87572.41137,49999950,70,0.1
4997976.329,73837.73269,49999950,70,0.1
5018275.467,81277.58939,49999950,70,0.1
5014791.985,80696.98238,49999950,70,0.1
4968301.345,100130.2564,49999950,70,0.1
4984739.422,65705.43948,49999950,70,0.1
5005320.553,93246.60313,49999950,70,0.1
4993822.84,79328.88335,49999950,70,0.1
5001687.281,83109.01844,49999950,70,0.1
5034963.756,89882.71878,49999950,70,0.1
4992535.738,96973.80875,49999950,70,0.1
5006278.994,86904.16268,49999950,70,0.1
4982414.062,90876.74057,49999950,70,0.1
5012931.567,97693.13598,49999950,70,0.1
4996331.949,83158.5351,49999950,70,0.1
4990833.028,94713.02966,49999950,70,0.1
4992591.22,86365.44221,49999950,70,0.1
5015612.021,95056.68834,49999950,70,0.1
5011373.72,97109.47221,49999950,70,0.1
4996631.109,88658.78125,49999950,70,0.1
4991393.996,84464.57775,49999950,70,0.1
5006138.215,81128.63892,49999950,70,0.1
4983345.094,95275.10362,49999950,70,0.1
5007466.49,82915.33785,49999950,70,0.1
5001665.551,92084.035,49999950,70,0.1
4995774.198,70854.65656,49999950,70,0.1
4989387.397,71342.10309,49999950,70,0.1
5011554.149,97378.93278,49999950,70,0.1
5022813.419,105638.4072,49999950,70,0.1
4998955.989,75017.08946,49999950,70,0.1
5001341.663,77931.97433,49999950,70,0.1
5001879.199,76431.10888,49999950,70,0.1
5026460.672,77423.93802,49999950,70,0.1
5021787.49,86289.69174,49999950,70,0.1
5014226.649,84388.07788,49999950,70,0.1
4979028.043,77198.81604,49999950,70,0.1
4989232.511,98611.37192,49999950,70,0.1
4991899.138,68053.9902,49999950,70,0.1
5010369.755,72853.54769,49999950,70,0.1
4989817.138,86887.15712,49999950,70,0.1
5019308.437,80834.3679,49999950,70,0.1
5009751.741,86063.1912,49999950,70,0.1
4987275.757,76989.11184,49999950,70,0.1
4968743.194,81897.16854,49999950,70,0.1
5020556.746,91719.39443,49999950,70,0.1
5010581.446,86759.72747,49999950,70,0.1
4999813.92,96097.08975,49999950,70,0.1
4986372.493,87089.03933,49999950,70,0.1
4981651.542,94295.56425,49999950,70,0.1
5023335.451,93637.08053,49999950,70,0.1
4997244.873,71531.46653,49999950,70,0.1
5024014.998,94864.06028,49999950,70,0.1
4999304.72,88001.46049,49999950,70,0.1
4987004.278,82704.85959,49999950,70,0.1
5006211.205,82273.01375,49999950,70,0.1
4999182.778,99008.68912,49999950,70,0.1
5016508.086,75297.28682,49999950,70,0.1
4990398.959,74789.52318,49999950,70,0.1
4976921.943,65080.56889,49999950,70,0.1
5047590.832,92833.62506,49999950,70,0.1
4987852.41,84961.19761,49999950,70,0.1
4974087.013,94731.97108,49999950,70,0.1
5002253.848,84666.93157,49999950,70,0.1
4995518.225,77828.16968,49999950,70,0.1
5007288.671,94508.86129,49999950,70,0.1
5029353.302,84379.00112,49999950,70,0.1
4988028.738,84123.57514,49999950,70,0.1
5008180.65,88569.68856,49999950,70,0.1
5022513.426,96212.32474,49999950,70,0.1
4997001.859,65927.77133,49999950,70,0.1
5012012.385,89961.79789,49999950,70,0.1
5017606.245,75204.24911,49999950,70,0.1
4992807.907,81964.71544,49999950,70,0.1
4983725.625,101523.405,49999950,70,0.1
5040554.646,107162.857,49999950,70,0.1
5041712.012,76496.40512,49999950,70,0.1
5000967.934,90407.51716,49999950,70,0.1
5004029.484,90882.43512,49999950,70,0.1
5009858.784,83221.23637,49999950,70,0.1
4969558.731,80852.51387,49999950,70,0.1
5011103.566,80406.66894,49999950,70,0.1
4985055.477,85101.52195,49999950,70,0.1
5024957.956,112811.3749,49999950,70,0.1
5038039.478,79401.23463,49999950,70,0.1
4993713.271,71877.51429,49999950,70,0.1
5003270.356,92222.29986,49999950,70,0.1
5016936.41,75726.93006,49999950,70,0.1
4986933.099,100921.6547,49999950,70,0.1
4986650.952,69613.79308,49999950,70,0.1
5008355.035,81560.73267,49999950,70,0.1
4997432.276,73902.66492,49999950,70,0.1
5018031.377,80537.33726,49999950,70,0.1
4998605.337,112142.3715,49999950,70,0.1
4987457.859,97739.59046,49999950,70,0.1
5011678.897,80035.03503,49999950,70,0.1
4986519.161,80806.20305,49999950,70,0.1
4997440.565,79030.80022,49999950,70,0.1
4984935.362,76836.81471,49999950,70,0.1
4995046.68,84610.36306,49999950,70,0.1
5011291.301,81344.19007,49999950,70,0.1
5006018.092,111872.1273,50000000,100,0.1
5025243.937,106616.3957,50000000,100,0.1
4993526.66,119185.6143,50000000,100,0.1
4997510.202,108384.9042,50000000,100,0.1
4981271.154,101721.242,50000000,100,0.1
4989770.444,112290.2513,50000000,100,0.1
4983648.862,127743.6602,50000000,100,0.1
5001833.952,118902.2257,50000000,100,0.1
5008608.844,101777.5246,50000000,100,0.1
5017868.92,129284.2344,50000000,100,0.1
4990329.898,110900.2606,50000000,100,0.1
4997025.037,109209.0217,50000000,100,0.1
5005470.969,144354.2357,50000000,100,0.1
5002164.379,109933.6308,50000000,100,0.1
4982424.733,126122.6556,50000000,100,0.1
4976589.804,129982.4645,50000000,100,0.1
5011902.811,121471.0454,50000000,100,0.1
4998845.71,129489.4428,50000000,100,0.1
4998990.502,109267.6905,50000000,100,0.1
5005015.526,120296.3123,50000000,100,0.1
4972093.083,121570.0607,50000000,100,0.1
4992294.907,110464.4615,50000000,100,0.1
4987157.702,132495.0462,50000000,100,0.1
5010574.887,121440.6331,50000000,100,0.1
5005801.465,135764.7087,50000000,100,0.1
5015152.709,122997.232,50000000,100,0.1
4996718.828,121174.1176,50000000,100,0.1
5002758.509,111001.2611,50000000,100,0.1
5003626.93,131995.0698,50000000,100,0.1
5014682.504,127136.3575,50000000,100,0.1
5015382.987,132390.3625,50000000,100,0.1
4998505.86,128955.0027,50000000,100,0.1
4990895.532,111980.1416,50000000,100,0.1
5015802.878,123927.0437,50000000,100,0.1
5008070.884,116378.6354,50000000,100,0.1
4998841.35,119177.1511,50000000,100,0.1
4987431.584,103600.0287,50000000,100,0.1
5000296.129,120219.3527,50000000,100,0.1
4994339.042,119881.0772,50000000,100,0.1
4979054.048,98182.32157,50000000,100,0.1
5035122.479,136682.3021,50000000,100,0.1
5001856.228,118239.2695,50000000,100,0.1
5001819.428,108345.9105,50000000,100,0.1
4982255.962,128496.1914,50000000,100,0.1
4970420.303,102946.8963,50000000,100,0.1
5014366.221,111525.0117,50000000,100,0.1
4993861.568,116162.3268,50000000,100,0.1
5002977.318,156572.3152,50000000,100,0.1
4985498.461,117986.6383,50000000,100,0.1
5014804.556,130463.1571,50000000,100,0.1
5010331.831,125173.5444,50000000,100,0.1
4977054.055,133538.738,50000000,100,0.1
4997707.08,104845.4564,50000000,100,0.1
4991110.729,111132.9808,50000000,100,0.1
4982061.314,118165.3882,50000000,100,0.1
5007663.2,124951.8699,50000000,100,0.1
5008347.654,132983.9695,50000000,100,0.1
5002673.945,112938.1082,50000000,100,0.1
4993186.455,104737.162,50000000,100,0.1
5018366.021,119957.1388,50000000,100,0.1
5006492.566,140323.7584,50000000,100,0.1
4982407.822,118533.3473,50000000,100,0.1
5014590.899,121056.0519,50000000,100,0.1
4989161.53,114793.7423,50000000,100,0.1
5002664.228,131603.9683,50000000,100,0.1
4974764.529,107123.9564,50000000,100,0.1
4978707.756,113991.4329,50000000,100,0.1
5006523.235,129832.5964,50000000,100,0.1
4995142.165,118276.1617,50000000,100,0.1
4989965.001,101003.4663,50000000,100,0.1
4995998.464,112072.97,50000000,100,0.1
4972900.744,99029.47015,50000000,100,0.1
4994196.531,110491.1519,50000000,100,0.1
4991024.043,120706.0074,50000000,100,0.1
4984329.726,121224.7948,50000000,100,0.1
4992773.522,110785.4012,50000000,100,0.1
5005225.732,113892.1838,50000000,100,0.1
5019942.666,123639.466,50000000,100,0.1
4997039.944,110542.4197,50000000,100,0.1
4998660.949,118008.3537,50000000,100,0.1
5002499.475,109401.2717,50000000,100,0.1
5003795.495,110733.0612,50000000,100,0.1
5023624.27,131155.3822,50000000,100,0.1
4975734.275,109211.1597,50000000,100,0.1
5009395.459,116986.6524,50000000,100,0.1
5003259.115,117354.1791,50000000,100,0.1
4988981.374,103134.2319,50000000,100,0.1
4999130.434,119220.2976,50000000,100,0.1
5014111.388,125906.605,50000000,100,0.1
5020992.84,115713.0832,50000000,100,0.1
5013510.369,122309.6529,50000000,100,0.1
5008870.839,152471.3305,50000000,100,0.1
4995090.728,157669.0445,50000000,100,0.1
5013447.796,116278.1614,50000000,100,0.1
4983544.387,120658.3591,50000000,100,0.1
5027531.868,112669.5655,50000000,100,0.1
4993873.868,109038.8949,50000000,100,0.1
4958654.049,149878.3913,50000000,100,0.1
5016711.379,114584.8061,50000000,100,0.1
4997465.866,111513.8471,50000000,100,0.1
5000864.171,158111.1401,49999880,140,0.1
4989329.745,168441.5041,49999880,140,0.1
5001444.456,180790.7204,49999880,140,0.1
5004522.82,198819.9573,49999880,140,0.1
5021136.544,145505.7008,49999880,140,0.1
5013568.677,159662.5944,49999880,140,0.1
5014530.593,170864.2049,49999880,140,0.1
5002995.947,164885.7248,49999880,140,0.1
5011581.791,164480.7959,49999880,140,0.1
4990834.534,169771.97,49999880,140,0.1
4995986.805,161196.7622,49999880,140,0.1
5005780.579,178272.7003,49999880,140,0.1
4997842.514,175707.4952,49999880,140,0.1
4998334.044,183679.2987,49999880,140,0.1
4995592.35,170410.1583,49999880,140,0.1
4996962.874,158915.6914,49999880,140,0.1
4994036.247,163366.9221,49999880,140,0.1
5000874.372,174233.9955,49999880,140,0.1
5001723.606,140250.2979,49999880,140,0.1
5015720.526,150562.0243,49999880,140,0.1
4996492.454,148898.7495,49999880,140,0.1
4989902.426,163991.6119,49999880,140,0.1
4998576.239,194268.4462,49999880,140,0.1
4990656.085,167063.7911,49999880,140,0.1
5002924.715,167501.626,49999880,140,0.1
4978629.021,158567.1163,49999880,140,0.1
4980985.734,158543.8835,49999880,140,0.1
4993760.522,147328.1793,49999880,140,0.1
5003106.773,138401.2011,49999880,140,0.1
5016363.541,155700.8349,49999880,140,0.1
5010903.439,153610.6499,49999880,140,0.1
4967953.449,168217.5575,49999880,140,0.1
4991751.824,185590.7835,49999880,140,0.1
5006969.112,176595.9496,49999880,140,0.1
5000516.307,175195.3932,49999880,140,0.1
4977605.985,150699.1864,49999880,140,0.1
4990618.11,175492.1186,49999880,140,0.1
4985488.35,139065.745,49999880,140,0.1
4997369.738,158526.9963,49999880,140,0.1
5006726.472,159231.3942,49999880,140,0.1
4998697.759,169691.5795,49999880,140,0.1
5002450.817,196252.9292,49999880,140,0.1
4970192.117,179373.2263,49999880,140,0.1
5015700.229,185031.489,49999880,140,0.1
5019583.778,205802.6013,49999880,140,0.1
4980684.807,163741.6587,49999880,140,0.1
5008623.299,173912.7481,49999880,140,0.1
5007697.783,168854.8545,49999880,140,0.1
4991461.149,175934.8235,49999880,140,0.1
4995720.106,153439.1091,49999880,140,0.1
4990609.728,165518.9124,49999880,140,0.1
4998770.038,157838.4143,49999880,140,0.1
4997334.745,147996.3881,49999880,140,0.1
4976721.395,162505.7964,49999880,140,0.1
5001671.253,163758.2154,49999880,140,0.1
4998533.692,153020.7153,49999880,140,0.1
5008372.653,190123.0297,49999880,140,0.1
4996621.454,145427.601,49999880,140,0.1
4993169.577,165116.1505,49999880,140,0.1
5002088.397,160592.719,49999880,140,0.1
4989752.608,178689.9273,49999880,140,0.1
4998727.277,147126.2336,49999880,140,0.1
4978998.57,161518.5333,49999880,140,0.1
4989205.046,159594.6793,49999880,140,0.1
5011203.435,144013.164,49999880,140,0.1
4998658.89,167389.0615,49999880,140,0.1
4989770.706,174978.239,49999880,140,0.1
4985193.826,161580.06,49999880,140,0.1
4994341.049,167425.1019,49999880,140,0.1
5005881.039,160748.9844,49999880,140,0.1
4990748.24,177926.4539,49999880,140,0.1
4991101.979,147985.7416,49999880,140,0.1
4994488.043,161073.7296,49999880,140,0.1
5012701.809,166754.3543,49999880,140,0.1
4993471.655,175163.4307,49999880,140,0.1
5006009.471,153789.8569,49999880,140,0.1
4983809.301,160659.9339,49999880,140,0.1
4990343.217,160033.1087,49999880,140,0.1
5000786.78,143317.5029,49999880,140,0.1
5001236.014,166094.1028,49999880,140,0.1
4985783.216,176766.4129,49999880,140,0.1
4991660.191,169311.2566,49999880,140,0.1
5010322.224,160668.5192,49999880,140,0.1
5002534.492,134847.6723,49999880,140,0.1
5009515.613,159425.3641,49999880,140,0.1
4985315.005,155702.2785,49999880,140,0.1
4983545.105,178753.6292,49999880,140,0.1
4988833.35,179903.4474,49999880,140,0.1
5000173.293,161445.7085,49999880,140,0.1
5010350.403,172711.7898,49999880,140,0.1
4993283.847,170577.3814,49999880,140,0.1
5020144.78,175442.249,49999880,140,0.1
5004492.816,159776.7506,49999880,140,0.1
5032963.098,191740.0308,49999880,140,0.1
5012727.982,201007.9803,49999880,140,0.1
5014749.608,161656.8372,49999880,140,0.1
5010541.219,171285.6587,49999880,140,0.1
4982648.286,154639.109,49999880,140,0.1
4991480.27,155753.8714,49999880,140,0.1
4997925.168,148251.4096,49999880,140,0.1
5009472.933,264561.2163,49999950,210,0.1
5002764.134,233602.8298,49999950,210,0.1
4990567.972,243128.6647,49999950,210,0.1
4995014.918,234082.4923,49999950,210,0.1
4997685.674,250508.3607,49999950,210,0.1
5006114.476,246608.9486,49999950,210,0.1
5000035.919,250288.0039,49999950,210,0.1
4992811.473,229731.8513,49999950,210,0.1
4985621.766,231809.3791,49999950,210,0.1
5011105.413,258878.3129,49999950,210,0.1
5009721.108,266530.8419,49999950,210,0.1
5005328.277,254758.1737,49999950,210,0.1
4981970.814,244676.571,49999950,210,0.1
5006022.499,243648.8169,49999950,210,0.1
4996136.487,228227.8323,49999950,210,0.1
4991432.737,255519.4777,49999950,210,0.1
5010744.819,266598.7606,49999950,210,0.1
4998199.555,247493.1124,49999950,210,0.1
4999616.731,241960.8029,49999950,210,0.1
4986033.386,239176.5571,49999950,210,0.1
4986646.777,215456.2182,49999950,210,0.1
5008866.389,261013.4445,49999950,210,0.1
5009086.248,229610.1416,49999950,210,0.1
5022854.323,265866.7922,49999950,210,0.1
4993597.177,274517.6824,49999950,210,0.1
4996149.365,221377.0764,49999950,210,0.1
4998758.497,230581.3778,49999950,210,0.1
5013963.352,255918.0311,49999950,210,0.1
5016945.434,259298.7164,49999950,210,0.1
4978281.823,255455.8463,49999950,210,0.1
4990585.671,245518.0911,49999950,210,0.1
5010456.506,221948.4743,49999950,210,0.1
5004567.497,226922.9515,49999950,210,0.1
5005302.781,274003.8217,49999950,210,0.1
5000670.771,250658.4773,49999950,210,0.1
5012316.046,226604.5517,49999950,210,0.1
5004204.846,236260.7313,49999950,210,0.1
4992837.54,222906.2693,49999950,210,0.1
4993423.478,258232.7224,49999950,210,0.1
4989782.54,238489.0147,49999950,210,0.1
5008244.515,235837.3728,49999950,210,0.1
5004211.405,262408.4671,49999950,210,0.1
4996525.718,250777.0575,49999950,210,0.1
5015660.731,237561.6076,49999950,210,0.1
4988480.449,224410.4543,49999950,210,0.1
5001482.852,239385.3415,49999950,210,0.1
5006819.322,275480.2751,49999950,210,0.1
4980962.395,270785.4335,49999950,210,0.1
4998210.066,238859.1163,49999950,210,0.1
5004255.535,242661.2168,49999950,210,0.1
4993172.302,253703.4529,49999950,210,0.1
5019321.552,234489.2999,49999950,210,0.1
5014661.911,248197.3779,49999950,210,0.1
5011900.595,225380.4954,49999950,210,0.1
4987459.335,217726.9953,49999950,210,0.1
5003334.086,225363.197,49999950,210,0.1
5001515.442,228715.4102,49999950,210,0.1
4996962.47,230180.035,49999950,210,0.1
4996804.532,231429.1828,49999950,210,0.1
4990812.86,236428.8858,49999950,210,0.1
5001958.044,212511.7475,49999950,210,0.1
4985361.621,254124.9855,49999950,210,0.1
5011941.655,224862.0936,49999950,210,0.1
4992082.05,228161.474,49999950,210,0.1
4979687.392,233015.5114,49999950,210,0.1
5006708.117,227574.9092,49999950,210,0.1
4997509.141,245314.9392,49999950,210,0.1
5012958.594,254026.9981,49999950,210,0.1
4993907.064,235418.1593,49999950,210,0.1
4974787.655,228902.2524,49999950,210,0.1
5005089.794,227038.5228,49999950,210,0.1
4998366.52,246837.8959,49999950,210,0.1
5010833.418,238592.0676,49999950,210,0.1
5016031.09,222753.5363,49999950,210,0.1
5008371.079,239611.0435,49999950,210,0.1
5018337.861,275898.4977,49999950,210,0.1
4995485.96,244690.1882,49999950,210,0.1
4972158.238,245890.784,49999950,210,0.1
4987607.499,231575.8113,49999950,210,0.1
4989135.327,251838.6311,49999950,210,0.1
5005072.79,225348.0448,49999950,210,0.1
4998887.315,250231.9288,49999950,210,0.1
5010083.144,254885.6889,49999950,210,0.1
4998679.944,223612.9372,49999950,210,0.1
4980478.857,273927.5153,49999950,210,0.1
4981517.776,246348.9619,49999950,210,0.1
4984574.607,262296.1311,49999950,210,0.1
4985520.103,262374.6938,49999950,210,0.1
4986828.856,264171.1598,49999950,210,0.1
4997367.922,245622.4647,49999950,210,0.1
4993513.123,234312.7105,49999950,210,0.1
4998020.262,218895.443,49999950,210,0.1
5014312.659,240346.9862,49999950,210,0.1
5013380.628,252525.4921,49999950,210,0.1
4993243.496,267700.5083,49999950,210,0.1
5012058.753,219711.1484,49999950,210,0.1
5004429.016,282580.8438,49999950,210,0.1
5003604.841,253613.489,49999950,210,0.1
4998573.924,223302.1717,49999950,210,0.1
5006294.73,261619.7219,49999950,210,0.1
5008364.824,367579.4223,49999950,350,0.1
4984196.365,379853.4537,49999950,350,0.1
4995875.051,357117.788,49999950,350,0.1
5000867.896,386646.4902,49999950,350,0.1
5003849.36,404293.3743,49999950,350,0.1
4984251.514,424559.0711,49999950,350,0.1
5001202.26,399420.2056,49999950,350,0.1
4988839.763,407942.3773,49999950,350,0.1
4998279.006,380364.8694,49999950,350,0.1
5003811.571,376746.6333,49999950,350,0.1
5008532.273,421171.0809,49999950,350,0.1
5000343.172,360087.348,49999950,350,0.1
5011277.761,406782.454,49999950,350,0.1
4994631.016,378503.5213,49999950,350,0.1
4995238.952,430661.2451,49999950,350,0.1
5000550.972,392791.6323,49999950,350,0.1
4990549.668,379309.8503,49999950,350,0.1
4985115.32,377394.105,49999950,350,0.1
5002496.1,389468.7214,49999950,350,0.1
4997556.487,393851.9392,49999950,350,0.1
5011037.484,379053.4391,49999950,350,0.1
5001095.541,390761.9762,49999950,350,0.1
5008549.727,423877.6593,49999950,350,0.1
4995034.564,408890.276,49999950,350,0.1
4998703.647,381368.1521,49999950,350,0.1
4997307.891,384299.1935,49999950,350,0.1
5007410.383,401199.4264,49999950,350,0.1
4992947.425,401680.1186,49999950,350,0.1
5008897.876,393434.9586,49999950,350,0.1
5000461.803,395634.6691,49999950,350,0.1
5006528.218,387491.7868,49999950,350,0.1
4991864.398,388790.0182,49999950,350,0.1
5000320.911,417152.5768,49999950,350,0.1
5002433.458,409945.3541,49999950,350,0.1
4991113.976,389678.9621,49999950,350,0.1
5007763.055,412714.8353,49999950,350,0.1
4992111.689,410479.6548,49999950,350,0.1
4999947.043,396066.4751,49999950,350,0.1
5004591.859,380709.3085,49999950,350,0.1
4993385.249,405246.1978,49999950,350,0.1
4990729.31,387000.7833,49999950,350,0.1
5009164.315,430923.3677,49999950,350,0.1
4991293.128,406551.3624,49999950,350,0.1
4986258.701,402926.5011,49999950,350,0.1
5005625.1,374901.4072,49999950,350,0.1
5003454.31,415525.688,49999950,350,0.1
4997897.428,411207.8457,49999950,350,0.1
5000670.428,396073.9749,49999950,350,0.1
4992060.738,396752.9156,49999950,350,0.1
4996012.464,413102.0249,49999950,350,0.1
5005518.461,399838.8923,49999950,350,0.1
5015952.989,399612.8202,49999950,350,0.1
5006477.059,392584.1596,49999950,350,0.1
5008791.477,386675.4549,49999950,350,0.1
4989696.7,372855.3742,49999950,350,0.1
5004195.46,411419.268,49999950,350,0.1
5000899.618,401620.3006,49999950,350,0.1
5000313.788,371724.6566,49999950,350,0.1
4999467.694,397240.9752,49999950,350,0.1
5008753.588,381728.2504,49999950,350,0.1
4999999.953,378687.2422,49999950,350,0.1
4997296.137,394449.2673,49999950,350,0.1
5007362.703,357387.0402,49999950,350,0.1
5000781.167,384155.296,49999950,350,0.1
5010353.768,390154.3086,49999950,350,0.1
4998908.09,385172.5594,49999950,350,0.1
4998036.233,403286.5431,49999950,350,0.1
5003473.188,413050.987,49999950,350,0.1
4981917.318,369748.1675,49999950,350,0.1
4999457.517,383843.9856,49999950,350,0.1
5002283.358,392470.9073,49999950,350,0.1
5001636.42,391536.5053,49999950,350,0.1
5010891.826,413472.424,49999950,350,0.1
5001500.761,406681.5461,49999950,350,0.1
4999482.531,429616.9099,49999950,350,0.1
5007317.017,358373.5883,49999950,350,0.1
4993395.446,391941.4915,49999950,350,0.1
5000899.758,386130.4885,49999950,350,0.1
4994491.675,404590.3529,49999950,350,0.1
4993951.264,356532.3538,49999950,350,0.1
5006199.113,409857.7214,49999950,350,0.1
5008759.385,359665.8145,49999950,350,0.1
4995105.57,392037.3953,49999950,350,0.1
5000993.349,391178.5568,49999950,350,0.1
5003598.681,393019.8574,49999950,350,0.1
4992033.371,364366.0349,49999950,350,0.1
5002427.614,373555.8957,49999950,350,0.1
4998601.689,421076.9401,49999950,350,0.1
5002585.049,408147.1193,49999950,350,0.1
5001778.037,391991.2632,49999950,350,0.1
4997892.79,372647.3,49999950,350,0.1
5004746.711,370909.0285,49999950,350,0.1
4991737.791,420840.3464,49999950,350,0.1
5000177.093,383286.9347,49999950,350,0.1
5005520.733,393989.2123,49999950,350,0.1
4994714.995,394248.9359,49999950,350,0.1
5010021.59,365990.0796,49999950,350,0.1
5008291.338,396446.5933,49999950,350,0.1
5000206.686,369075.3883,49999950,350,0.1
4987964.297,385157.5501,49999950,350,0.1
4994287.725,581224.9179,50000000,500,0.1
4990464.398,546607.5563,50000000,500,0.1
5000585.708,521238.8083,50000000,500,0.1
4994363.915,542332.7867,50000000,500,0.1
5003257.354,535524.0381,50000000,500,0.1
5000004.416,553811.7087,50000000,500,0.1
5003842.231,540579.6404,50000000,500,0.1
4998622.776,545682.1889,50000000,500,0.1
4999996.515,568630.9923,50000000,500,0.1
4988629.153,502987.5785,50000000,500,0.1
4995163.178,525292.7863,50000000,500,0.1
5001509.677,514136.5994,50000000,500,0.1
5005481.164,479967.5934,50000000,500,0.1
4997542.846,542830.7454,50000000,500,0.1
5003982.142,541542.2851,50000000,500,0.1
4994244.49,553978.0655,50000000,500,0.1
5014085.401,574615.9645,50000000,500,0.1
5007189.16,543862.8859,50000000,500,0.1
4999533.423,541725.927,50000000,500,0.1
5000310.087,528777.2248,50000000,500,0.1
4993280.399,594942.7383,50000000,500,0.1
5010005.831,524086.9501,50000000,500,0.1
5009742.964,527784.2806,50000000,500,0.1
5001255.063,536951.1523,50000000,500,0.1
5002366.936,574505.8088,50000000,500,0.1
4998694.69,515069.7265,50000000,500,0.1
5000991.465,543377.1282,50000000,500,0.1
4988240.024,512299.0161,50000000,500,0.1
5011319.375,549601.9314,50000000,500,0.1
5000856.2,517019.0595,50000000,500,0.1
4994516.633,552647.3496,50000000,500,0.1
4993309.905,531236.4471,50000000,500,0.1
5001246.83,516748.9372,50000000,500,0.1
4991945.839,547099.112,50000000,500,0.1
5014011.461,533842.5379,50000000,500,0.1
4995978.68,544739.2787,50000000,500,0.1
4993925.399,540784.6576,50000000,500,0.1
4996592.062,525539.8846,50000000,500,0.1
5003405.304,612861.7756,50000000,500,0.1
5000416.705,512898.6472,50000000,500,0.1
4997386.277,544296.5257,50000000,500,0.1
5002211.248,523647.2386,50000000,500,0.1
4991286.764,540045.4307,50000000,500,0.1
4993391.203,528349.3292,50000000,500,0.1
4998134.528,535029.9108,50000000,500,0.1
5012166.372,526001.4196,50000000,500,0.1
5003121.605,516282.8022,50000000,500,0.1
4994576.216,532278.7898,50000000,500,0.1
5000022.269,503590.1446,50000000,500,0.1
5006287.943,519995.5316,50000000,500,0.1
4990374.087,500507.6315,50000000,500,0.1
5012162.588,551783.8108,50000000,500,0.1
5000991.394,532066.1863,50000000,500,0.1
5002987.396,570294.244,50000000,500,0.1
4996808.602,511771.8633,50000000,500,0.1
4994509.341,551239.5219,50000000,500,0.1
5002457.541,530662.7642,50000000,500,0.1
4994937.555,518847.048,50000000,500,0.1
4999135.13,487560.768,50000000,500,0.1
5000369.057,559727.0763,50000000,500,0.1
5004249.172,524023.007,50000000,500,0.1
4988555.174,602099.4871,50000000,500,0.1
5014727.176,513016.9817,50000000,500,0.1
4997161.876,515743.5908,50000000,500,0.1
5004574.814,528495.9176,50000000,500,0.1
4997821.265,563530.8107,50000000,500,0.1
4995253.441,507800.2739,50000000,500,0.1
5003559.492,533467.6868,50000000,500,0.1
4986800.126,540101.9683,50000000,500,0.1
4994242.649,520295.6514,50000000,500,0.1
5001693.198,533908.378,50000000,500,0.1
5002171.68,523670.0916,50000000,500,0.1
4994136.842,498979.2594,50000000,500,0.1
5007375.408,548719.9346,50000000,500,0.1
4991170.698,560224.6199,50000000,500,0.1
4994883.846,602958.0635,50000000,500,0.1
5001796.008,524453.2795,50000000,500,0.1
4992345.791,555203.9316,50000000,500,0.1
4999066.233,505849.449,50000000,500,0.1
4996506.899,555398.8839,50000000,500,0.1
5004529.815,520921.4478,50000000,500,0.1
4998401.846,588145.7988,50000000,500,0.1
4993131.814,544159.9263,50000000,500,0.1
5009581.76,514351.0023,50000000,500,0.1
4988194.728,535050.1854,50000000,500,0.1
4997777.414,569891.5198,50000000,500,0.1
4994604.731,523180.0974,50000000,500,0.1
4995386.372,522587.3825,50000000,500,0.1
4988587.543,552040.2316,50000000,500,0.1
4989039.521,573097.8932,50000000,500,0.1
5003798.244,554050.7273,50000000,500,0.1
4999925.943,548536.4404,50000000,500,0.1
4990198.73,502388.5702,50000000,500,0.1
5006224.106,537209.5903,50000000,500,0.1
5004667.497,522476.1649,50000000,500,0.1
4997263.351,520571.3058,50000000,500,0.1
5006296.519,533841.473,50000000,500,0.1
5003499.736,524427.1214,50000000,500,0.1
4996223.487,578859.1366,50000000,500,0.1
5012223.104,568028.431,50000000,500,0.1
25170441.03,12548.4023,50000000,10,0.5
24882740.32,9908.918634,50000000,10,0.5
25130737.63,11902.9568,50000000,10,0.5
24980130.72,15774.67366,50000000,10,0.5
25342643.15,11486.66361,50000000,10,0.5
25156969.46,10192.57434,50000000,10,0.5
25227238.52,8928.055944,50000000,10,0.5
25024061.61,14818.29079,50000000,10,0.5
25046059.54,11787.40175,50000000,10,0.5
25288813.26,17177.01873,50000000,10,0.5
25141180.34,26912.11589,50000000,10,0.5
24780080.2,10734.12988,50000000,10,0.5
25341008.55,13379.61789,50000000,10,0.5
25191196.19,22589.55288,50000000,10,0.5
24961940.47,19059.04305,50000000,10,0.5
25075253.18,18406.14503,50000000,10,0.5
24959931.51,7228.525604,50000000,10,0.5
24847279.89,8048.9915,50000000,10,0.5
24578353.37,9138.282601,50000000,10,0.5
24595253.61,26307.95664,50000000,10,0.5
25141905.29,15900.7212,50000000,10,0.5
25215167.73,10962.11194,50000000,10,0.5
24984650.26,10887.74161,50000000,10,0.5
25006448.57,13781.24698,50000000,10,0.5
24932378.63,10973.13618,50000000,10,0.5
24931774.96,9584.637188,50000000,10,0.5
24905197.16,9004.496114,50000000,10,0.5
25207721.23,36645.51502,50000000,10,0.5
25069835.52,7055.686153,50000000,10,0.5
24949833.44,24632.0284,50000000,10,0.5
25019997.05,15596.80463,50000000,10,0.5
24865232.1,18640.74954,50000000,10,0.5
24569322.69,19903.21545,50000000,10,0.5
25004850.11,14887.95717,50000000,10,0.5
24728671.16,11962.8182,50000000,10,0.5
24663995.54,18737.70963,50000000,10,0.5
24928397.49,26654.24054,50000000,10,0.5
25199831.21,9870.609489,50000000,10,0.5
24602278.22,9618.982657,50000000,10,0.5
25069578.97,12056.72554,50000000,10,0.5
25290878.01,15810.38846,50000000,10,0.5
25070170.56,13378.28291,50000000,10,0.5
24915940.6,6999.335096,50000000,10,0.5
25258554.52,22248.28529,50000000,10,0.5
25151210.88,13134.13103,50000000,10,0.5
24817988.96,7940.863695,50000000,10,0.5
25123435.35,8847.778449,50000000,10,0.5
25269555.92,18499.33603,50000000,10,0.5
24875329.34,12464.95256,50000000,10,0.5
24955269.15,11809.73165,50000000,10,0.5
24793876.78,9263.22642,50000000,10,0.5
25152826.99,20535.35566,50000000,10,0.5
25332905.32,20013.00987,50000000,10,0.5
24749704.92,11834.49464,50000000,10,0.5
24885723.04,34488.23751,50000000,10,0.5
24889662.62,10429.34471,50000000,10,0.5
24818908.56,11579.40911,50000000,10,0.5
24794351.31,11438.57076,50000000,10,0.5
24958661.29,16718.82131,50000000,10,0.5
25067572.5,10916.15068,50000000,10,0.5
25005534.43,12093.02768,50000000,10,0.5
24842610.39,12978.76858,50000000,10,0.5
25394074.38,18308.17826,50000000,10,0.5
25422467.29,10959.65101,50000000,10,0.5
25128632.38,8773.553483,50000000,10,0.5
24999145.18,9196.903472,50000000,10,0.5
25065688.59,7011.416983,50000000,10,0.5
25542868.88,11748.6096,50000000,10,0.5
25081560.59,15638.32545,50000000,10,0.5
25215013.89,14435.26599,50000000,10,0.5
25136385.63,14727.45605,50000000,10,0.5
24997248.85,11714.1812,50000000,10,0.5
24893589.63,8245.478277,50000000,10,0.5
25154854.13,12863.07548,50000000,10,0.5
24965509.45,8492.256061,50000000,10,0.5
25260917.66,10677.40021,50000000,10,0.5
25210822.66,12279.23051,50000000,10,0.5
25266569.48,14958.50594,50000000,10,0.5
25222737.73,17143.06647,50000000,10,0.5
24711963.89,11433.0342,50000000,10,0.5
25186771.73,9798.008271,50000000,10,0.5
24977445.02,10490.14093,50000000,10,0.5
25218296.1,16814.42659,50000000,10,0.5
24947369.02,11637.24176,50000000,10,0.5
25402493.9,14680.07382,50000000,10,0.5
25105156.25,14738.92372,50000000,10,0.5
24873297.86,17899.95364,50000000,10,0.5
24898900.75,10546.88719,50000000,10,0.5
24880838.28,9447.286975,50000000,10,0.5
24828003.71,17530.44164,50000000,10,0.5
24938650.19,8459.179046,50000000,10,0.5
25019967.88,10351.02461,50000000,10,0.5
25376592.7,12548.93505,50000000,10,0.5
25306836.63,10773.17536,50000000,10,0.5
24872388.08,13763.48402,50000000,10,0.5
25308319.43,12248.93782,50000000,10,0.5
25421975.02,19314.79964,50000000,10,0.5
24912186.17,27483.22879,50000000,10,0.5
25205307.23,12384.08469,50000000,10,0.5
25251135.16,12898.97749,50000000,10,0.5
24888388.69,27564.14501,50000000,20,0.5
24958669.87,23514.4263,50000000,20,0.5
25108856.52,29240.3444,50000000,20,0.5
25019848.26,23539.46004,50000000,20,0.5
24929723.01,24262.16163,50000000,20,0.5
24914116.28,21041.73822,50000000,20,0.5
25233218.47,31440.9428,50000000,20,0.5
25025730.88,17090.57953,50000000,20,0.5
24937819.02,20366.52802,50000000,20,0.5
24652871.9,30140.28049,50000000,20,0.5
25294728.58,19761.35292,50000000,20,0.5
24880809.33,21792.88552,50000000,20,0.5
25173910.05,18017.80039,50000000,20,0.5
24905989.29,28274.60883,50000000,20,0.5
24963960.65,27942.25725,50000000,20,0.5
24914594.9,18319.60683,50000000,20,0.5
25112315.42,28227.90569,50000000,20,0.5
25075241.53,21850.67727,50000000,20,0.5
24860688.1,23660.68517,50000000,20,0.5
24956379.62,30476.41072,50000000,20,0.5
24762536.68,24304.55154,50000000,20,0.5
25234098.64,31360.99517,50000000,20,0.5
24942826.28,30957.76135,50000000,20,0.5
24740932.72,18446.38754,50000000,20,0.5
24973714.53,21426.95295,50000000,20,0.5
25320718.91,21375.78579,50000000,20,0.5
24902938.15,25994.67703,50000000,20,0.5
25058884.61,25013.63457,50000000,20,0.5
24835586.14,33981.06864,50000000,20,0.5
24878892.13,21098.65168,50000000,20,0.5
25044511.25,27560.52645,50000000,20,0.5
24928739.18,27511.05566,50000000,20,0.5
24713306.55,42597.09557,50000000,20,0.5
25015754.01,18070.64222,50000000,20,0.5
24839579.57,19871.36584,50000000,20,0.5
25111097.24,40007.40327,50000000,20,0.5
25040548.76,26530.99814,50000000,20,0.5
24955897.31,27229.50651,50000000,20,0.5
25220934.5,27241.65422,50000000,20,0.5
25051526.91,20494.14682,50000000,20,0.5
24859693.74,23459.50193,50000000,20,0.5
24936945.06,19142.18441,50000000,20,0.5
24999636.3,23370.35037,50000000,20,0.5
24987141.32,20690.18634,50000000,20,0.5
24898989.48,30620.30846,50000000,20,0.5
24808961.65,22832.40579,50000000,20,0.5
25005956.54,26259.70478,50000000,20,0.5
24964768.04,20877.06283,50000000,20,0.5
25052087.28,25787.74065,50000000,20,0.5
25235416.86,28061.83169,50000000,20,0.5
24892092.68,21862.39414,50000000,20,0.5
25164657.62,25254.61523,50000000,20,0.5
24982513.2,18544.11189,50000000,20,0.5
24834304.96,22486.26779,50000000,20,0.5
25201972.94,17931.067,50000000,20,0.5
24884239.34,33636.56395,50000000,20,0.5
25038457.33,22594.52768,50000000,20,0.5
25224922.92,21003.59179,50000000,20,0.5
24900327.36,29678.05648,50000000,20,0.5
24984579.84,21167.91267,50000000,20,0.5
24789234.31,25956.23583,50000000,20,0.5
25031107.67,20737.0382,50000000,20,0.5
24980242.2,19629.5016,50000000,20,0.5
25229946.14,25028.85322,50000000,20,0.5
24741740.5,35266.91461,50000000,20,0.5
24794213.11,31009.52349,50000000,20,0.5
25111542.52,21530.37112,50000000,20,0.5
25012648.29,20723.03214,50000000,20,0.5
25049768.15,19618.96904,50000000,20,0.5
24994970.14,17164.27855,50000000,20,0.5
24810750.71,30454.23596,50000000,20,0.5
25144779.75,24174.33549,50000000,20,0.5
25229669.17,31703.31189,50000000,20,0.5
25123768.23,21499.92483,50000000,20,0.5
25029020.13,27571.44789,50000000,20,0.5
24892028.39,21904.21458,50000000,20,0.5
25103571.26,22282.65187,50000000,20,0.5
24995843.17,16961.95773,50000000,20,0.5
25036739.96,38992.33576,50000000,20,0.5
25335907.8,30253.65653,50000000,20,0.5
24645839.05,19727.89208,50000000,20,0.5
24908715.5,24582.57222,50000000,20,0.5
25158020.37,33411.93989,50000000,20,0.5
25150526.61,24869.18455,50000000,20,0.5
25100654.42,26101.04106,50000000,20,0.5
25093121.29,24158.92562,50000000,20,0.5
24996686.96,23010.99227,50000000,20,0.5
24892824.97,24522.52786,50000000,20,0.5
25040552.8,27987.81382,50000000,20,0.5
24999359.08,24575.0969,50000000,20,0.5
25339862.72,22859.16829,50000000,20,0.5
25099134.01,26176.95905,50000000,20,0.5
24823472.86,28019.17021,50000000,20,0.5
25009737.44,29538.17884,50000000,20,0.5
24923623.02,27622.46569,50000000,20,0.5
24945592.61,25612.81864,50000000,20,0.5
25027292.77,22047.17972,50000000,20,0.5
25097350.84,28792.67935,50000000,20,0.5
24930051.54,18345.76652,50000000,20,0.5
24906521.94,23594.80137,50000000,20,0.5
25127253.5,40024.36115,49999980,30,0.5
24930470.04,32289.89084,49999980,30,0.5
24816341.82,33871.42824,49999980,30,0.5
24778994.64,31412.82164,49999980,30,0.5
24904166.53,27272.67638,49999980,30,0.5
25015701.91,30436.6175,49999980,30,0.5
24783532.4,35362.45938,49999980,30,0.5
24773186.49,49889.25656,49999980,30,0.5
25081287.39,27749.14126,49999980,30,0.5
25064116.83,27001.43455,49999980,30,0.5
25202414.67,42744.71552,49999980,30,0.5
25058783.04,33978.91531,49999980,30,0.5
25115872.48,34761.5486,49999980,30,0.5
25172700.41,50498.77978,49999980,30,0.5
24769396.49,36070.53363,49999980,30,0.5
24769177.34,44546.59258,49999980,30,0.5
25092970.75,40367.95981,49999980,30,0.5
24831120.25,43646.859,49999980,30,0.5
25024976.03,41114.4572,49999980,30,0.5
25041454.91,35829.03502,49999980,30,0.5
24905407.65,34369.31399,49999980,30,0.5
25038678.91,40024.33437,49999980,30,0.5
25041858.61,31223.06237,49999980,30,0.5
25184722.2,30068.18367,49999980,30,0.5
24896151.51,35959.4392,49999980,30,0.5
25407472.5,39235.15055,49999980,30,0.5
24982224.92,41757.10519,49999980,30,0.5
24740587.81,43064.97172,49999980,30,0.5
24814176.6,51081.62486,49999980,30,0.5
24656635.5,32954.04135,49999980,30,0.5
25097892.44,33111.62846,49999980,30,0.5
25025035.85,36212.04461,49999980,30,0.5
24709302.32,43428.05171,49999980,30,0.5
25126405.34,45814.79072,49999980,30,0.5
25121533.2,42837.6378,49999980,30,0.5
25058565.4,38127.60709,49999980,30,0.5
24997849.35,41040.00009,49999980,30,0.5
24988074.19,37115.9695,49999980,30,0.5
24817878.41,38357.53042,49999980,30,0.5
24947118.31,44217.17142,49999980,30,0.5
24906824.52,50081.34348,49999980,30,0.5
25154650.19,39411.53433,49999980,30,0.5
24849301.45,44695.38149,49999980,30,0.5
25143300.76,47967.26937,49999980,30,0.5
25057544.61,56444.62655,49999980,30,0.5
25011990.41,40417.56421,49999980,30,0.5
24947279.48,32034.42664,49999980,30,0.5
24857437.29,39756.86358,49999980,30,0.5
24697661.21,42905.35104,49999980,30,0.5
24926184.16,35268.16776,49999980,30,0.5
25037203.91,47133.48494,49999980,30,0.5
24923473.8,27776.93202,49999980,30,0.5
25107212.93,38233.73249,49999980,30,0.5
24903642.03,26436.86707,49999980,30,0.5
24978200.93,26402.03626,49999980,30,0.5
25095133.77,37184.67672,49999980,30,0.5
24859600.09,35398.63828,49999980,30,0.5
24994356.15,37698.51793,49999980,30,0.5
25004492.9,46301.94251,49999980,30,0.5
25014033.98,38353.73641,49999980,30,0.5
24980912.18,49616.13577,49999980,30,0.5
24920172.13,31690.22596,49999980,30,0.5
24991682.15,39190.13503,49999980,30,0.5
24808631.48,24238.27046,49999980,30,0.5
25121491.28,29242.19573,49999980,30,0.5
25032487.14,57798.93821,49999980,30,0.5
24873019.13,40435.80489,49999980,30,0.5
24959571.72,40634.48299,49999980,30,0.5
24953500.55,36564.33947,49999980,30,0.5
24916402.31,46985.67751,49999980,30,0.5
25028072.63,39093.46139,49999980,30,0.5
24975461.36,36032.03237,49999980,30,0.5
24973059.42,37897.72268,49999980,30,0.5
25261865.05,35666.00553,49999980,30,0.5
24992073.54,32933.67512,49999980,30,0.5
25203583.32,34882.11199,49999980,30,0.5
25203320.24,29716.68675,49999980,30,0.5
24794615.25,33495.18027,49999980,30,0.5
24820897.86,38328.00559,49999980,30,0.5
24900438.21,36379.21524,49999980,30,0.5
24967370.54,43900.02086,49999980,30,0.5
25072458.35,34748.6498,49999980,30,0.5
24999065.6,33376.69038,49999980,30,0.5
24918907.74,30334.18758,49999980,30,0.5
25004820.6,35022.41059,49999980,30,0.5
25056327.02,33457.05177,49999980,30,0.5
25070221.09,41766.66731,49999980,30,0.5
24814580.4,32571.707,49999980,30,0.5
24922571.5,29984.1273,49999980,30,0.5
24891443.31,23865.42834,49999980,30,0.5
25049040.18,31444.05218,49999980,30,0.5
24963455.27,52400.14815,49999980,30,0.5
25027635.36,29133.09819,49999980,30,0.5
24976522.29,33231.84705,49999980,30,0.5
24767058.73,39460.4934,49999980,30,0.5
24875869.95,31499.69114,49999980,30,0.5
25030973.11,36800.68088,49999980,30,0.5
24890077.1,39747.65209,49999980,30,0.5
24998852.08,30095.24331,49999980,30,0.5
24799012.61,34670.29509,49999980,30,0.5
24709529.62,45923.3878,50000000,40,0.5
24894348.1,47719.65186,50000000,40,0.5
25106139.41,50543.94458,50000000,40,0.5
25017963.78,37841.84772,50000000,40,0.5
25133354.3,46164.40046,50000000,40,0.5
25138733.88,56877.0634,50000000,40,0.5
24958060.11,56609.05175,50000000,40,0.5
24881795.3,46780.47108,50000000,40,0.5
24954326.27,52433.66398,50000000,40,0.5
25061711.15,39266.7873,50000000,40,0.5
24895507.46,56049.37061,50000000,40,0.5
24900958.21,54036.33299,50000000,40,0.5
25084031.09,46269.44091,50000000,40,0.5
24938887.71,45782.84962,50000000,40,0.5
25202608.11,42781.79791,50000000,40,0.5
25001063.92,37724.81058,50000000,40,0.5
25093598.9,51697.84508,50000000,40,0.5
25093606.92,43633.96597,50000000,40,0.5
25037202.31,43684.69606,50000000,40,0.5
25238248.93,36532.40154,50000000,40,0.5
24943420.28,42102.02524,50000000,40,0.5
25099442.32,45652.66612,50000000,40,0.5
25082920.41,45100.71751,50000000,40,0.5
25109137.09,42691.59007,50000000,40,0.5
25104062.2,49992.12373,50000000,40,0.5
25078111.07,67952.85528,50000000,40,0.5
24990704.92,55552.53878,50000000,40,0.5
24969548.66,59712.64852,50000000,40,0.5
25218803.11,45957.65812,50000000,40,0.5
25031418.49,51153.07263,50000000,40,0.5
24926679.16,48871.91643,50000000,40,0.5
25101922.46,78400.66287,50000000,40,0.5
25096862.81,49545.20772,50000000,40,0.5
25119931.56,61864.61012,50000000,40,0.5
25025008.72,39009.03867,50000000,40,0.5
25059837.38,44677.48724,50000000,40,0.5
25052182.46,53270.1636,50000000,40,0.5
24911634.39,45487.09188,50000000,40,0.5
25225658.39,55289.53735,50000000,40,0.5
25002499.87,40913.64732,50000000,40,0.5
24853181.06,43465.03638,50000000,40,0.5
25153526.26,54833.61731,50000000,40,0.5
24916350.5,44921.46804,50000000,40,0.5
24916878.1,51512.00073,50000000,40,0.5
25137181.17,49018.23151,50000000,40,0.5
24819792.19,40926.12565,50000000,40,0.5
24982369.93,47929.74302,50000000,40,0.5
24764672.83,43950.04655,50000000,40,0.5
24948384.47,44027.94739,50000000,40,0.5
25082295.6,55769.94806,50000000,40,0.5
25036138.46,55461.00485,50000000,40,0.5
24934159.09,55680.85346,50000000,40,0.5
24900842.12,60842.82445,50000000,40,0.5
25048799.54,47434.96357,50000000,40,0.5
24848899.11,43674.91987,50000000,40,0.5
24962811.37,61437.8148,50000000,40,0.5
24986984.61,41547.64364,50000000,40,0.5
24964802.3,54318.59128,50000000,40,0.5
25022550.72,45464.1331,50000000,40,0.5
25032156.77,48559.60534,50000000,40,0.5
24815893.19,81274.02356,50000000,40,0.5
24863925.59,43329.32276,50000000,40,0.5
25074879.05,62384.0533,50000000,40,0.5
24968847.62,52991.74156,50000000,40,0.5
25018673.52,54242.33808,50000000,40,0.5
25086530.05,40379.12353,50000000,40,0.5
24939900.46,47793.94527,50000000,40,0.5
25063858.02,36852.73035,50000000,40,0.5
25019178,41683.77957,50000000,40,0.5
25077954.07,56463.02855,50000000,40,0.5
25058287.14,44307.77118,50000000,40,0.5
25114642.44,46640.12098,50000000,40,0.5
25171370.04,45282.30463,50000000,40,0.5
24983103.93,42434.74441,50000000,40,0.5
25089406.45,44087.06181,50000000,40,0.5
25024549.77,56338.26376,50000000,40,0.5
24863913.64,59925.49216,50000000,40,0.5
24873975.57,55893.42608,50000000,40,0.5
25067767.86,56966.88424,50000000,40,0.5
25037185.54,42074.10834,50000000,40,0.5
25122364.23,41766.22429,50000000,40,0.5
24820254.94,50625.58095,50000000,40,0.5
25244058.63,54499.85781,50000000,40,0.5
24933284.94,39418.1984,50000000,40,0.5
25081811.11,62335.20666,50000000,40,0.5
25044700.78,44260.32509,50000000,40,0.5
25122513.41,65130.1644,50000000,40,0.5
24878442.98,54751.93264,50000000,40,0.5
24928802.77,50793.70132,50000000,40,0.5
25041336.36,49307.31877,50000000,40,0.5
25194859.52,49952.35575,50000000,40,0.5
25042399.48,68835.65004,50000000,40,0.5
25057719.69,55982.82133,50000000,40,0.5
25040780.93,58596.47968,50000000,40,0.5
25125802.66,38407.42691,50000000,40,0.5
25043023.84,45525.33042,50000000,40,0.5
24765112.5,52681.37861,50000000,40,0.5
25041750.76,39419.93455,50000000,40,0.5
25028559.24,50839.6965,50000000,40,0.5
25103282.06,57386.84863,50000000,40,0.5
24819053.25,61171.31633,50000000,50,0.5
25070566.3,60966.15569,50000000,50,0.5
24888302.97,81032.72499,50000000,50,0.5
25007713.48,60999.6878,50000000,50,0.5
24910322.89,66373.26122,50000000,50,0.5
25025937.75,53716.27824,50000000,50,0.5
25001879.04,52462.72853,50000000,50,0.5
25015993.46,62773.30433,50000000,50,0.5
24948690.62,56158.56419,50000000,50,0.5
24961556.47,62234.79832,50000000,50,0.5
24951729.69,69793.81325,50000000,50,0.5
25137073.34,63056.53194,50000000,50,0.5
25035680.38,59440.98799,50000000,50,0.5
25066167.5,63234.42947,50000000,50,0.5
24900947.21,60839.07843,50000000,50,0.5
24863867.91,54992.33458,50000000,50,0.5
24889790.24,79653.14215,50000000,50,0.5
24961455.68,51970.28638,50000000,50,0.5
25135932.64,52896.4006,50000000,50,0.5
24903241.22,96459.65561,50000000,50,0.5
25110755.25,66225.71537,50000000,50,0.5
24912460.02,66004.77487,50000000,50,0.5
24972371.29,55104.63008,50000000,50,0.5
24878400.96,77276.54804,50000000,50,0.5
24926057.15,58371.98945,50000000,50,0.5
25033358.25,63196.0646,50000000,50,0.5
24932590.58,58727.93531,50000000,50,0.5
25122952.88,62738.60462,50000000,50,0.5
24946425.77,55956.98713,50000000,50,0.5
25195012.89,59622.38579,50000000,50,0.5
24939517.7,53815.06817,50000000,50,0.5
24862925.8,66585.55931,50000000,50,0.5
24879768.05,62482.81049,50000000,50,0.5
24923730.74,59983.7086,50000000,50,0.5
25099649.74,50074.38772,50000000,50,0.5
24883512.64,70159.49041,50000000,50,0.5
25006911.32,61397.88458,50000000,50,0.5
24885814.62,59490.83186,50000000,50,0.5
25063846.04,58483.16521,50000000,50,0.5
25123651.34,56566.71543,50000000,50,0.5
25128964.08,68074.69204,50000000,50,0.5
24926021.7,72943.61348,50000000,50,0.5
25183492.54,67397.53735,50000000,50,0.5
25019308.93,58939.27649,50000000,50,0.5
25089546.37,61922.65015,50000000,50,0.5
25010213.72,74535.97049,50000000,50,0.5
24994578.65,49329.01221,50000000,50,0.5
24985669.37,72047.54467,50000000,50,0.5
24900205.72,62832.88541,50000000,50,0.5
24877381.6,65970.53556,50000000,50,0.5
25070530.76,70739.5733,50000000,50,0.5
25003901.16,50244.48604,50000000,50,0.5
25126153.14,74027.1234,50000000,50,0.5
25109132.15,50175.26401,50000000,50,0.5
25047987.37,69511.00656,50000000,50,0.5
24973437.86,58560.27592,50000000,50,0.5
24994274.29,59754.15711,50000000,50,0.5
24971395.74,64840.93176,50000000,50,0.5
25049987.57,49045.28262,50000000,50,0.5
24934718.81,55001.95486,50000000,50,0.5
24950610.6,55595.0066,50000000,50,0.5
25046890.55,65875.45408,50000000,50,0.5
24929900.75,69405.69864,50000000,50,0.5
24879816.69,66788.06539,50000000,50,0.5
25021986.04,45981.26514,50000000,50,0.5
25228329.64,66644.09205,50000000,50,0.5
25002336.31,57110.60239,50000000,50,0.5
25141239.16,60759.72669,50000000,50,0.5
25008148.2,67773.93625,50000000,50,0.5
25106005.95,69912.21503,50000000,50,0.5
25003637.47,66468.59231,50000000,50,0.5
24917609.37,57120.16908,50000000,50,0.5
24874182.67,57048.50568,50000000,50,0.5
25030314.2,63342.30077,50000000,50,0.5
24980482.45,65218.17947,50000000,50,0.5
25157639.81,70657.62393,50000000,50,0.5
25121212.35,58593.96151,50000000,50,0.5
25155876.98,58496.68916,50000000,50,0.5
25109507.72,59411.37794,50000000,50,0.5
24999704.89,63085.6538,50000000,50,0.5
25062538.42,65894.97288,50000000,50,0.5
25124937.68,67787.05983,50000000,50,0.5
24863610.28,58827.97459,50000000,50,0.5
24876508.94,58008.11939,50000000,50,0.5
25054399.43,62477.45248,50000000,50,0.5
24839189.47,56000.71728,50000000,50,0.5
25103477.86,54824.48933,50000000,50,0.5
24913414.45,63834.37691,50000000,50,0.5
25143413.35,66692.73932,50000000,50,0.5
24840290.18,63403.01056,50000000,50,0.5
24951682.56,64255.52099,50000000,50,0.5
24979467.05,64431.58564,50000000,50,0.5
25176316.23,61267.37063,50000000,50,0.5
25130846.68,53499.17079,50000000,50,0.5
25030641,57356.79358,50000000,50,0.5
25095716.35,51818.4277,50000000,50,0.5
25089785.74,63899.49604,50000000,50,0.5
24739435.96,55230.8587,50000000,50,0.5
24945240.1,53009.06063,50000000,50,0.5
25060460.3,56800.69196,50000000,50,0.5
25053203.44,91667.44021,49999950,70,0.5
25053794.12,84846.70353,49999950,70,0.5
25143501.19,82318.60232,49999950,70,0.5
25074770.69,86984.91448,49999950,70,0.5
24947016.77,82441.63888,49999950,70,0.5
24991182.53,85955.0539,49999950,70,0.5
24927371.47,83291.20902,49999950,70,0.5
24909152.32,86639.1464,49999950,70,0.5
24957859.64,71712.83898,49999950,70,0.5
25076310.44,84844.54166,49999950,70,0.5
25038782.19,81806.44918,49999950,70,0.5
24994810.55,93990.03752,49999950,70,0.5
24930615.72,101753.5606,49999950,70,0.5
25127589.92,91938.22841,49999950,70,0.5
25150077.95,77134.02831,49999950,70,0.5
24875588.02,89429.51198,49999950,70,0.5
24974293.11,75439.98756,49999950,70,0.5
25030188.9,97870.85225,49999950,70,0.5
25012246.84,77921.63371,49999950,70,0.5
24967332.05,80884.87459,49999950,70,0.5
25008126.14,78922.17467,49999950,70,0.5
25073393.36,92839.06061,49999950,70,0.5
25063599.19,81570.16952,49999950,70,0.5
25060057.25,88826.08895,49999950,70,0.5
25043440.74,74890.89349,49999950,70,0.5
24957152.16,81559.78677,49999950,70,0.5
24959336.14,83910.25327,49999950,70,0.5
24954938.86,76749.41762,49999950,70,0.5
25022802.16,79950.95596,49999950,70,0.5
24960481.98,90323.33105,49999950,70,0.5
24967852.45,83120.6716,49999950,70,0.5
25142661.23,89324.72963,49999950,70,0.5
24937371.72,80871.12351,49999950,70,0.5
25115852.12,106009.9433,49999950,70,0.5
25007327.18,91794.78805,49999950,70,0.5
24933339.12,73975.46244,49999950,70,0.5
25033424.92,100924.0449,49999950,70,0.5
24874911.56,80481.71008,49999950,70,0.5
25090811.68,78997.09128,49999950,70,0.5
24992542.8,76307.39155,49999950,70,0.5
24914957.12,93718.02206,49999950,70,0.5
25099174.21,74825.77727,49999950,70,0.5
25057456.02,81431.57108,49999950,70,0.5
25039117.82,78839.01076,49999950,70,0.5
25009187.43,76682.95876,49999950,70,0.5
24879049.11,83110.66047,49999950,70,0.5
24934934.81,78449.43703,49999950,70,0.5
24896058.08,75730.86229,49999950,70,0.5
24978718.55,95113.55253,49999950,70,0.5
24959752.98,70125.07146,49999950,70,0.5
24904551.16,84486.91813,49999950,70,0.5
24957667.62,74474.33004,49999950,70,0.5
25151788.69,79300.24247,49999950,70,0.5
24909055.1,76111.34805,49999950,70,0.5
24907808.96,75772.17044,49999950,70,0.5
24952371.39,81627.8886,49999950,70,0.5
24916721.58,78802.79898,49999950,70,0.5
24822759.92,81331.45295,49999950,70,0.5
25126617.72,87825.21409,49999950,70,0.5
25026515.48,86195.49174,49999950,70,0.5
25083107.3,79766.68311,49999950,70,0.5
24932631.27,84796.4843,49999950,70,0.5
24967234.34,99020.73996,49999950,70,0.5
25058877.96,76191.85754,49999950,70,0.5
25019612,81551.59005,49999950,70,0.5
24955979.88,90571.80086,49999950,70,0.5
24890273.18,65684.69732,49999950,70,0.5
24901187.04,96533.77506,49999950,70,0.5
24864894.24,77715.31667,49999950,70,0.5
24851836.49,98006.71549,49999950,70,0.5
24886111.18,89387.79308,49999950,70,0.5
25005639.26,68825.64652,49999950,70,0.5
25010421.47,86368.28394,49999950,70,0.5
24906459.4,84151.60019,49999950,70,0.5
24976675.37,76271.00463,49999950,70,0.5
24887147.29,86152.68082,49999950,70,0.5
25057778.16,73527.31421,49999950,70,0.5
24967958.71,98251.98823,49999950,70,0.5
24951870.45,92928.18818,49999950,70,0.5
24944618.84,86826.14198,49999950,70,0.5
25132525.4,78631.5356,49999950,70,0.5
25097134.64,84912.95269,49999950,70,0.5
25009403.14,78766.79014,49999950,70,0.5
24854543.36,80062.90662,49999950,70,0.5
24971571.01,77987.13349,49999950,70,0.5
24877540.38,81111.57063,49999950,70,0.5
25068162.59,80080.06446,49999950,70,0.5
25207097.97,95972.34575,49999950,70,0.5
24867109.76,91218.10011,49999950,70,0.5
24913817.93,85112.57563,49999950,70,0.5
24970090,73335.61912,49999950,70,0.5
24943187.93,96875.70825,49999950,70,0.5
24887948.69,81691.39427,49999950,70,0.5
24980794.16,80949.97449,49999950,70,0.5
24899492.81,90921.47747,49999950,70,0.5
25021887.92,115892.3846,49999950,70,0.5
24933925.36,76759.74319,49999950,70,0.5
24894198.56,75532.82701,49999950,70,0.5
25076104.16,76386.69587,49999950,70,0.5
25054476.3,80357.15794,49999950,70,0.5
25032743.99,122103.0041,50000000,100,0.5
25005464.57,116232.4143,50000000,100,0.5
24986507.96,118888.9006,50000000,100,0.5
24976089.99,132503.7158,50000000,100,0.5
25008079.32,108524.9962,50000000,100,0.5
25019673.42,109661.3068,50000000,100,0.5
24973210.52,117479.3529,50000000,100,0.5
25022043.33,121941.9646,50000000,100,0.5
25019961.73,123115.0858,50000000,100,0.5
24991263.4,105292.9051,50000000,100,0.5
25050892.43,127805.3524,50000000,100,0.5
25031749.96,111658.3233,50000000,100,0.5
25046980.85,125246.4442,50000000,100,0.5
25035216.25,116318.5284,50000000,100,0.5
25080312.44,118536.6834,50000000,100,0.5
25045582.31,121709.6701,50000000,100,0.5
24987872.65,109375.4754,50000000,100,0.5
24985048.49,141950.1878,50000000,100,0.5
25114295.3,116984.8683,50000000,100,0.5
25012922.54,114584.9598,50000000,100,0.5
24945156.84,140275.7291,50000000,100,0.5
24983870.7,141058.9874,50000000,100,0.5
25078145.37,123527.9107,50000000,100,0.5
25047934.87,118183.8629,50000000,100,0.5
24908122.1,140596.3266,50000000,100,0.5
24899157.39,124242.3702,50000000,100,0.5
25165842.63,120362.7198,50000000,100,0.5
25060569.42,147313.5816,50000000,100,0.5
25041354.73,143459.6277,50000000,100,0.5
24863830.87,121690.8723,50000000,100,0.5
24986880.24,115856.0343,50000000,100,0.5
24997642.92,120252.1156,50000000,100,0.5
25015515.87,141024.9273,50000000,100,0.5
25146408.39,111320.237,50000000,100,0.5
24930346.54,115358.271,50000000,100,0.5
24980004.67,119308.7102,50000000,100,0.5
24977933.83,116802.8517,50000000,100,0.5
24982265.76,131376.7951,50000000,100,0.5
24971021.1,106906.4171,50000000,100,0.5
25058506.92,120028.2279,50000000,100,0.5
24892981.34,145192.0785,50000000,100,0.5
24987632.26,103500.0667,50000000,100,0.5
24952317.89,110390.767,50000000,100,0.5
24933908.38,125624.8083,50000000,100,0.5
24980132.98,137733.987,50000000,100,0.5
25032060.66,114274.7767,50000000,100,0.5
24946279.1,126925.2662,50000000,100,0.5
24925252.3,126591.4089,50000000,100,0.5
24978485.81,119963.3901,50000000,100,0.5
24861108.25,111043.106,50000000,100,0.5
24982915.23,131544.3653,50000000,100,0.5
25005625.81,122308.4342,50000000,100,0.5
25010387.29,110517.6653,50000000,100,0.5
25029471.71,121603.0029,50000000,100,0.5
24995881.65,117265.0822,50000000,100,0.5
24976780.26,127941.5832,50000000,100,0.5
25034456.89,117636.256,50000000,100,0.5
24983753.38,114865.7804,50000000,100,0.5
24982930.8,123563.4161,50000000,100,0.5
25011050.84,100924.2598,50000000,100,0.5
24967168.58,110252.1848,50000000,100,0.5
24995056.69,144373.3375,50000000,100,0.5
25127396.91,137511.0706,50000000,100,0.5
25116383.78,119723.1324,50000000,100,0.5
24984670.37,117570.899,50000000,100,0.5
25015333.65,126110.4073,50000000,100,0.5
24965054.49,109437.4694,50000000,100,0.5
25093092.64,118300.1392,50000000,100,0.5
25047157.96,126346.0265,50000000,100,0.5
24975878.13,131620.9099,50000000,100,0.5
25107956.94,108243.707,50000000,100,0.5
24861905.76,120474.1394,50000000,100,0.5
24916000.16,123579.5373,50000000,100,0.5
25093147.75,122995.8693,50000000,100,0.5
25165294.13,129015.4068,50000000,100,0.5
25110545.31,104356.0792,50000000,100,0.5
24934281.2,133227.8686,50000000,100,0.5
25036464.95,128895.8177,50000000,100,0.5
25047163.95,125720.1948,50000000,100,0.5
24855674.35,112654.519,50000000,100,0.5
24975000.59,122766.4856,50000000,100,0.5
25033035.48,116077.8978,50000000,100,0.5
25019024.61,115444.526,50000000,100,0.5
24928236.17,121375.4041,50000000,100,0.5
24951569.04,140618.8315,50000000,100,0.5
24854783.18,122007.4963,50000000,100,0.5
25025079.4,133087.5741,50000000,100,0.5
24991592.61,111109.8158,50000000,100,0.5
24994527.86,114988.5764,50000000,100,0.5
25054304.03,127964.857,50000000,100,0.5
24991985.45,114659.0995,50000000,100,0.5
24962023.85,123267.0229,50000000,100,0.5
24983681.21,136900.6319,50000000,100,0.5
25008988.48,101110.5007,50000000,100,0.5
24977552.64,123413.2957,50000000,100,0.5
25179579.66,125472.2961,50000000,100,0.5
25007634.98,133306.781,50000000,100,0.5
25038065.58,96792.12413,50000000,100,0.5
24870871.28,121430.843,50000000,100,0.5
24954563.95,122722.1958,50000000,100,0.5
25049616.55,173295.4981,49999880,140,0.5
25058903.66,172080.0097,49999880,140,0.5
25110418.79,159754.7461,49999880,140,0.5
25045126.09,148353.5054,49999880,140,0.5
25079607.68,198548.923,49999880,140,0.5
24994586.73,173517.3612,49999880,140,0.5
24956634.74,153016.8096,49999880,140,0.5
24992908.62,164143.3278,49999880,140,0.5
24999551.41,163400.1006,49999880,140,0.5
25019466.83,168821.8312,49999880,140,0.5
24931145.44,182848.2753,49999880,140,0.5
25047696.91,167644.0217,49999880,140,0.5
25107737.56,170999.146,49999880,140,0.5
24961031.53,152767.344,49999880,140,0.5
24881113.8,157540.8044,49999880,140,0.5
25035319.06,165260.3346,49999880,140,0.5
25018760.25,173923.8618,49999880,140,0.5
25045207.55,195278.8273,49999880,140,0.5
24956683.92,148103.1985,49999880,140,0.5
24937465.86,159424.3269,49999880,140,0.5
25011530.11,171517.7675,49999880,140,0.5
25028592.89,173590.041,49999880,140,0.5
25062351.61,179583.7917,49999880,140,0.5
24956343.95,173680.7903,49999880,140,0.5
25101241.75,162897.568,49999880,140,0.5
24938440.31,205474.2085,49999880,140,0.5
24947367.38,150085.5861,49999880,140,0.5
25045656.75,202358.2121,49999880,140,0.5
25039854.85,164796.6113,49999880,140,0.5
24889913.75,176069.6379,49999880,140,0.5
24992273.46,179628.1412,49999880,140,0.5
25068489.41,154535.1788,49999880,140,0.5
24927578.77,169098.9555,49999880,140,0.5
24990424.44,178912.2387,49999880,140,0.5
25005762.42,161706.1742,49999880,140,0.5
25067818.48,164610.4924,49999880,140,0.5
24984837.01,154671.9462,49999880,140,0.5
24984890.99,150670.6647,49999880,140,0.5
24970979.38,153599.8516,49999880,140,0.5
25038787.11,170350.963,49999880,140,0.5
24975152.55,170133.4869,49999880,140,0.5
24970085.08,166925.5031,49999880,140,0.5
25010756.1,162331.6273,49999880,140,0.5
25055529.28,160778.2435,49999880,140,0.5
25002672.79,176815.0137,49999880,140,0.5
25023685.79,201635.4486,49999880,140,0.5
24899666.02,172375.9244,49999880,140,0.5
24940061.11,177557.223,49999880,140,0.5
24943056.44,149215.2475,49999880,140,0.5
25035509.24,181674.0286,49999880,140,0.5
25047505.3,168069.3745,49999880,140,0.5
24921333.85,183310.4151,49999880,140,0.5
25085015.05,167482.335,49999880,140,0.5
24968529.33,167291.4756,49999880,140,0.5
24881526.87,172657.6337,49999880,140,0.5
25028752.16,165160.7035,49999880,140,0.5
24995113.85,175719.2284,49999880,140,0.5
24931255.03,158515.9706,49999880,140,0.5
24972150.61,177804.7727,49999880,140,0.5
24936012.92,157976.3413,49999880,140,0.5
24998791.18,175822.0995,49999880,140,0.5
25047261.91,187081.8516,49999880,140,0.5
25024097.28,180039.4564,49999880,140,0.5
25061423.94,148657.4297,49999880,140,0.5
25018671.14,167252.7614,49999880,140,0.5
25039481.75,182569.7184,49999880,140,0.5
24858984.03,179117.3142,49999880,140,0.5
24981545.34,158455.7061,49999880,140,0.5
25011754.24,167798.1582,49999880,140,0.5
25114313.46,167539.7878,49999880,140,0.5
24969251.83,191205.1705,49999880,140,0.5
25076453.42,202484.9037,49999880,140,0.5
25022079.28,190222.1989,49999880,140,0.5
24931938.79,168486.0129,49999880,140,0.5
24975486.81,163006.414,49999880,140,0.5
25026849.13,162101.1572,49999880,140,0.5
25050696.08,166365.7405,49999880,140,0.5
25048897.57,172523.019,49999880,140,0.5
25024745.96,172034.5053,49999880,140,0.5
24941274.45,170163.7958,49999880,140,0.5
25008363.1,180310.3758,49999880,140,0.5
25060646.73,161965.0196,49999880,140,0.5
24962205.82,156747.4908,49999880,140,0.5
25076313.2,161661.36,49999880,140,0.5
25053344.09,167731.1004,49999880,140,0.5
24969172.46,165735.0951,49999880,140,0.5
25005545.96,146097.3101,49999880,140,0.5
24939578.42,165325.9543,49999880,140,0.5
25090088.94,140129.276,49999880,140,0.5
25028007.06,173125.5709,49999880,140,0.5
24938669.09,165413.013,49999880,140,0.5
25038090.48,169688.6716,49999880,140,0.5
24978506.68,155123.367,49999880,140,0.5
24937447.91,144653.294,49999880,140,0.5
25059113.96,171872.2165,49999880,140,0.5
24965030.58,162111.1605,49999880,140,0.5
25022783.36,156013.9147,49999880,140,0.5
25034907.49,158320.0365,49999880,140,0.5
24987240.92,182210.8591,49999880,140,0.5
24931329.13,162391.0307,49999880,140,0.5
24971787.94,232118.692,49999950,210,0.5
25005533.54,254626.568,49999950,210,0.5
24961242.28,243491.9533,49999950,210,0.5
25058236.78,277947.033,49999950,210,0.5
25066940.32,204113.4049,49999950,210,0.5
25040437.72,255402.4629,49999950,210,0.5
25003422.42,254230.7062,49999950,210,0.5
24959489.86,256924.8021,49999950,210,0.5
25044651.13,241757.5361,49999950,210,0.5
24915726.69,247287.5333,49999950,210,0.5
25025120.48,257219.8916,49999950,210,0.5
25055387.72,270799.952,49999950,210,0.5
25038327.08,244953.6375,49999950,210,0.5
24886943.23,269444.9694,49999950,210,0.5
24944298.49,252529.3468,49999950,210,0.5
25071448.31,253900.4002,49999950,210,0.5
25013087.45,244074.0769,49999950,210,0.5
24934868.39,270787.3013,49999950,210,0.5
25028717.45,234844.4113,49999950,210,0.5
24985589.65,242648.8344,49999950,210,0.5
25015777.27,238952.3459,49999950,210,0.5
24990749.43,259937.6595,49999950,210,0.5
24988800.82,251347.1834,49999950,210,0.5
24983595.8,251167.5323,49999950,210,0.5
24990999.68,283728.4434,49999950,210,0.5
25018377.84,289061.0193,49999950,210,0.5
25018433.6,247969.8755,49999950,210,0.5
24997019.27,238583.001,49999950,210,0.5
24977467.16,240731.7617,49999950,210,0.5
24993884.27,246580.2878,49999950,210,0.5
25049116.45,237532.7276,49999950,210,0.5
24959536.39,244609.1238,49999950,210,0.5
25043763.67,270868.7185,49999950,210,0.5
25102619.99,257888.3975,49999950,210,0.5
24955437.59,261939.8471,49999950,210,0.5
25000605.17,252784.0082,49999950,210,0.5
25020738.4,271402.5599,49999950,210,0.5
24999581.32,255406.236,49999950,210,0.5
25048352.17,276479.4473,49999950,210,0.5
24988807.21,228864.9848,49999950,210,0.5
24984707.07,240448.7128,49999950,210,0.5
25028992.05,250498.9491,49999950,210,0.5
24960652.82,266470.6187,49999950,210,0.5
24932395.18,246108.7476,49999950,210,0.5
25058166.13,255340.1825,49999950,210,0.5
24957949.29,241350.755,49999950,210,0.5
24992330.01,248616.2894,49999950,210,0.5
25041521.43,252590.3306,49999950,210,0.5
24919967.31,247069.973,49999950,210,0.5
25037307.73,249935.6704,49999950,210,0.5
25101434.83,254947.2199,49999950,210,0.5
24958875.24,263409.3823,49999950,210,0.5
25058202.51,264216.6628,49999950,210,0.5
24996751.7,247732.2092,49999950,210,0.5
25039589.5,242384.264,49999950,210,0.5
25091759.49,242367.3683,49999950,210,0.5
24989414.93,273918.9937,49999950,210,0.5
25039706.19,230087.84,49999950,210,0.5
25062211.71,234035.5558,49999950,210,0.5
25059053.76,236073.4297,49999950,210,0.5
25008586.79,250957.9262,49999950,210,0.5
24999665.22,244985.6642,49999950,210,0.5
24927861.64,234426.6923,49999950,210,0.5
24994836.69,291271.419,49999950,210,0.5
24960454.29,269486.4978,49999950,210,0.5
25053778.89,254999.2096,49999950,210,0.5
25008832.01,241204.1854,49999950,210,0.5
24966473.58,249282.2987,49999950,210,0.5
24957522.51,231471.7876,49999950,210,0.5
25020585.26,255364.3709,49999950,210,0.5
25019173.61,281546.4102,49999950,210,0.5
24914601.92,222188.2658,49999950,210,0.5
24945871.81,261163.1719,49999950,210,0.5
25010069.58,239347.8464,49999950,210,0.5
25035537.59,288564.7794,49999950,210,0.5
25028808.68,243769.8865,49999950,210,0.5
24969313.09,253982.7177,49999950,210,0.5
25111620.19,273521.3418,49999950,210,0.5
25017111.96,286144.3356,49999950,210,0.5
24985712.29,243177.5096,49999950,210,0.5
24897878.02,270814.5868,49999950,210,0.5
25023566.34,244675.138,49999950,210,0.5
25004134.43,259533.8465,49999950,210,0.5
24912264.59,259387.4187,49999950,210,0.5
25051133.06,280251.0316,49999950,210,0.5
25005359.32,276293.9809,49999950,210,0.5
24981958.23,260251.0112,49999950,210,0.5
25041306.32,240653.9512,49999950,210,0.5
24972264.79,276298.6689,49999950,210,0.5
24951264.41,243956.0305,49999950,210,0.5
24941682.43,235334.8178,49999950,210,0.5
25075562.12,246522.8284,49999950,210,0.5
25028626.22,247322.4959,49999950,210,0.5
24925213.54,245818.4763,49999950,210,0.5
24979337.96,255424.3633,49999950,210,0.5
24974678.18,247030.3891,49999950,210,0.5
25023909.74,231308.2346,49999950,210,0.5
24939577.48,240395.8241,49999950,210,0.5
25043348.09,231850.771,49999950,210,0.5
25069184.68,242066.228,49999950,210,0.5
25010871.39,424725.8679,49999950,350,0.5
24993388.26,416994.4634,49999950,350,0.5
24961088.06,393633.4259,49999950,350,0.5
24991466.15,387714.0932,49999950,350,0.5
25056675.56,440795.204,49999950,350,0.5
25052765.32,403935.1334,49999950,350,0.5
25017885.12,394106.6962,49999950,350,0.5
24985480.19,412060.1308,49999950,350,0.5
24981028.76,391867.9598,49999950,350,0.5
24950755.29,409129.9842,49999950,350,0.5
25002548.64,445650.7822,49999950,350,0.5
25014093.28,391475.0693,49999950,350,0.5
24912503.21,426839.3019,49999950,350,0.5
24968978.5,418818.5313,49999950,350,0.5
25030803.41,426234.8992,49999950,350,0.5
25008105.96,435900.5992,49999950,350,0.5
25002673.21,430146.0143,49999950,350,0.5
25034463.03,441372.6402,49999950,350,0.5
24970236.92,412109.1833,49999950,350,0.5
24971657.72,357536.4718,49999950,350,0.5
24967575.36,400607.3134,49999950,350,0.5
24975284.96,417674.5472,49999950,350,0.5
24965764.45,412304.093,49999950,350,0.5
25056526.99,416880.6134,49999950,350,0.5
25065800.14,424846.5543,49999950,350,0.5
25015884.25,448558.3761,49999950,350,0.5
25007639.26,440722.9971,49999950,350,0.5
25003341.78,388720.8071,49999950,350,0.5
25106914.48,425426.8909,49999950,350,0.5
25091316.5,436241.7693,49999950,350,0.5
25015914.31,407614.3948,49999950,350,0.5
24990480.93,422345.4689,49999950,350,0.5
25029723.31,394235.7511,49999950,350,0.5
24938247.6,417348.1446,49999950,350,0.5
25016644.85,458023.8934,49999950,350,0.5
24981465.12,423795.1313,49999950,350,0.5
25004523.37,431281.5232,49999950,350,0.5
25013372.58,424594.7671,49999950,350,0.5
24979475.16,406739.275,49999950,350,0.5
24980185.25,409053.5278,49999950,350,0.5
24972669.39,424031.8426,49999950,350,0.5
24983150.94,439725.5479,49999950,350,0.5
25020618.44,415120.439,49999950,350,0.5
24986292.89,403249.0275,49999950,350,0.5
25010085.68,402999.4891,49999950,350,0.5
25009466.48,446160.6306,49999950,350,0.5
25092540.83,434965.172,49999950,350,0.5
24938935.08,414571.6017,49999950,350,0.5
25032386.86,473660.2286,49999950,350,0.5
25032437.16,423599.7622,49999950,350,0.5
25037372.5,410659.5482,49999950,350,0.5
24999505.29,398641.9412,49999950,350,0.5
25018847.52,421482.3011,49999950,350,0.5
25005198.72,388436.5582,49999950,350,0.5
24938161.84,465645.1799,49999950,350,0.5
24999923.85,445899.7218,49999950,350,0.5
24949695.44,386984.8558,49999950,350,0.5
24983351.15,420548.1691,49999950,350,0.5
25053313.41,417411.8396,49999950,350,0.5
25001627.04,403239.6289,49999950,350,0.5
25015348.11,455122.8911,49999950,350,0.5
25039318.64,436437.8866,49999950,350,0.5
25024963.54,386601.7022,49999950,350,0.5
24991873.33,391775.4408,49999950,350,0.5
25051710.85,421546.1667,49999950,350,0.5
24975490.52,409432.6125,49999950,350,0.5
25050415.56,439068.0919,49999950,350,0.5
25033901.43,414758.083,49999950,350,0.5
25004890.7,406261.7659,49999950,350,0.5
25015776.94,416239.0937,49999950,350,0.5
25026364.43,410698.0803,49999950,350,0.5
25013984.29,415317.0608,49999950,350,0.5
24988365.53,437392.7923,49999950,350,0.5
25065451.98,394572.449,49999950,350,0.5
25004380.41,381434.494,49999950,350,0.5
24999329.62,396267.8818,49999950,350,0.5
25023232.75,421048.5086,49999950,350,0.5
24994470.91,430606.2042,49999950,350,0.5
25048022.17,426488.3775,49999950,350,0.5
24979324.15,416388.9885,49999950,350,0.5
25011515.17,411495.9977,49999950,350,0.5
24966728.18,405203.3911,49999950,350,0.5
24986422.29,406504.1537,49999950,350,0.5
24973814.06,411694.2733,49999950,350,0.5
25014723.78,426312.3361,49999950,350,0.5
25035680.04,377539.1878,49999950,350,0.5
25014860.43,402710.0785,49999950,350,0.5
24994202.1,411625.6056,49999950,350,0.5
25021403.95,408809.5108,49999950,350,0.5
25037849.76,403138.2607,49999950,350,0.5
24989678.92,413024.3922,49999950,350,0.5
25006323.9,425408.3286,49999950,350,0.5
25012406.42,428473.4999,49999950,350,0.5
25024275.32,420333.3502,49999950,350,0.5
25038834.82,405019.5343,49999950,350,0.5
25002978.76,404390.2786,49999950,350,0.5
24956967.75,426908.4328,49999950,350,0.5
25090031.41,419691.3818,49999950,350,0.5
24969973.64,453158.9047,49999950,350,0.5
24998705.83,414458.2596,49999950,350,0.5
25014755.8,614458.847,50000000,500,0.5
25010019.6,558811.6871,50000000,500,0.5
24989521.11,619502.7846,50000000,500,0.5
25039121.15,578314.7714,50000000,500,0.5
24940495.62,595539.6973,50000000,500,0.5
25015210.59,581337.1092,50000000,500,0.5
25034099.39,574895.7906,50000000,500,0.5
25003563.1,598332.5221,50000000,500,0.5
24970887.82,599079.1375,50000000,500,0.5
24985842.55,628436.9147,50000000,500,0.5
25023529.26,595741.2162,50000000,500,0.5
25021471.77,588455.7316,50000000,500,0.5
25026560.56,603210.7557,50000000,500,0.5
24930679.06,637080.3013,50000000,500,0.5
24992769.33,581223.9011,50000000,500,0.5
25013674.79,580612.4769,50000000,500,0.5
24985193.56,598674.5078,50000000,500,0.5
24986893.89,558850.0546,50000000,500,0.5
25052009.15,597078.2582,50000000,500,0.5
25014381.71,594394.5685,50000000,500,0.5
24968402.8,625083.4865,50000000,500,0.5
24962949.66,559819.0934,50000000,500,0.5
25044193.54,600564.9671,50000000,500,0.5
24981299.24,652670.6025,50000000,500,0.5
25033822.84,561305.6042,50000000,500,0.5
24993123.49,588292.3719,50000000,500,0.5
25066686.72,616853.7379,50000000,500,0.5
24952938.72,636190.9253,50000000,500,0.5
25021223.79,557910.2715,50000000,500,0.5
24989012.84,598231.206,50000000,500,0.5
24944532.5,586356.1732,50000000,500,0.5
25059004.32,614496.2242,50000000,500,0.5
24979946.76,581654.1277,50000000,500,0.5
24987237.96,627913.043,50000000,500,0.5
24985796.68,647876.8698,50000000,500,0.5
25053085.28,593574.8869,50000000,500,0.5
24971740.51,579286.5715,50000000,500,0.5
24959450.2,595249.892,50000000,500,0.5
25034427.7,595763.1673,50000000,500,0.5
24946166,576234.1243,50000000,500,0.5
25035569.8,570846.3265,50000000,500,0.5
24944015.37,601524.8405,50000000,500,0.5
25043456.85,587076.5448,50000000,500,0.5
25037846.13,639764.0493,50000000,500,0.5
25003411.86,584953.145,50000000,500,0.5
24997436.15,568031.3794,50000000,500,0.5
24992646.27,593769.6656,50000000,500,0.5
25037530.16,669483.6238,50000000,500,0.5
25017045.86,544252.1134,50000000,500,0.5
25026021.08,589647.2119,50000000,500,0.5
24993316.53,589260.9966,50000000,500,0.5
24965720.75,558956.3181,50000000,500,0.5
25045672.94,600255.1689,50000000,500,0.5
24942654.83,620000.8138,50000000,500,0.5
25044773.19,567662.9672,50000000,500,0.5
25016364.94,577497.0266,50000000,500,0.5
25052189.05,628847.5296,50000000,500,0.5
25052993.13,593308.8032,50000000,500,0.5
24965403.61,654427.5732,50000000,500,0.5
24979565.65,585362.4989,50000000,500,0.5
25001888.79,558591.3704,50000000,500,0.5
25051119.07,594620.1177,50000000,500,0.5
24982572.64,627836.3279,50000000,500,0.5
24966973.93,606181.1586,50000000,500,0.5
25042512.47,580133.9296,50000000,500,0.5
24979186.2,606163.2986,50000000,500,0.5
25065535.89,616122.3993,50000000,500,0.5
25009002.37,624785.0743,50000000,500,0.5
24948029.98,600058.4182,50000000,500,0.5
24984393.33,589094.8123,50000000,500,0.5
25006850.56,615578.5407,50000000,500,0.5
24986601.56,631528.0027,50000000,500,0.5
25006021.52,579974.9501,50000000,500,0.5
24975260.34,606769.482,50000000,500,0.5
25074913.73,608512.1104,50000000,500,0.5
25028576.32,597866.6576,50000000,500,0.5
24972667.44,588450.9494,50000000,500,0.5
24980714.16,605428.5698,50000000,500,0.5
25027959.71,576506.7636,50000000,500,0.5
24983694.53,591760.5004,50000000,500,0.5
24954785.57,579323.1566,50000000,500,0.5
24979657.52,585407.0196,50000000,500,0.5
25017880.82,617660.9213,50000000,500,0.5
25019985.55,590740.1732,50000000,500,0.5
24977524.24,600507.6535,50000000,500,0.5
24945516.99,570426.0796,50000000,500,0.5
24992468.18,592884.1403,50000000,500,0.5
24964442.18,564170.6821,50000000,500,0.5
24990070.72,616496.8751,50000000,500,0.5
24963918.78,577618.8043,50000000,500,0.5
24970415.73,615272.0218,50000000,500,0.5
25043321.22,590033.577,50000000,500,0.5
24990226.49,569946.8642,50000000,500,0.5
25027942.17,611571.3136,50000000,500,0.5
24976844.21,620819.5175,50000000,500,0.5
25044286.71,614782.3646,50000000,500,0.5
25019394.22,589927.9619,50000000,500,0.5
25033406.42,606439.472,50000000,500,0.5
24964047.44,634817.1787,50000000,500,0.5
24979029.79,575931.8085,50000000,500,0.5
